ordinal,local_exact,counter,event,no_placement_expected,f1_blank_mean,f1_blank_noise,f1_active_top_line,f1_top_line,f1_top_valid,f1_top_status,f1_bottom_line,f1_bottom_valid,f1_bottom_censored,f1_visible_height,f1_height_valid,f1_line21_lines,f1_line21_bytes,f1_line21_unique_line,f1_line21_implied_top,f1_gap_line,f1_gap_valid,f1_gap_implied_top,f1_body_shift,f1_body_mad,f1_body_second_mad,f1_body_ratio,f1_body_unique,f1_static_fraction,f1_band_shifts,f1_band_mads,f1_repeated,f2_blank_mean,f2_blank_noise,f2_active_top_line,f2_top_line,f2_top_valid,f2_top_status,f2_bottom_line,f2_bottom_valid,f2_bottom_censored,f2_visible_height,f2_height_valid,f2_line21_lines,f2_line21_bytes,f2_line21_unique_line,f2_line21_implied_top,f2_gap_line,f2_gap_valid,f2_gap_implied_top,f2_body_shift,f2_body_mad,f2_body_second_mad,f2_body_ratio,f2_body_unique,f2_static_fraction,f2_band_shifts,f2_band_mads,f2_repeated,comb_best_shift,comb_best_energy,comb_second_energy,comb_ratio,comb_static_fraction,comb_valid
77887,0,16854,Program,0,1.0,0.25,23,24,0,vbi_ambiguous,262,0,1,239,0,21 24,8080 942c,24,26,23,1,24,-128,nan,nan,nan,0,0.0,-128 -128 -128,nan nan nan,0,1.0,0.25,286,286,1,measured,525,0,1,240,0,284,8080,-1,-1,-1,0,-1,-128,nan,nan,nan,0,0.0,-128 -128 -128,nan nan nan,0,-128,nan,nan,nan,0.0,0
77888,1,16855,Program,0,1.0,0.25,23,24,0,vbi_ambiguous,262,0,1,239,0,21 24,8080 942f,24,26,23,1,24,0,2.250380754470825,6.348211288452148,0.354490525317648,1,0.664453125,0 0 0,1.942 2.523 2.251,0,1.0,0.25,286,286,1,measured,525,0,1,240,0,284,8080,-1,-1,-1,0,-1,0,1.9027050733566284,6.1244988441467285,0.3106711457991491,1,0.715,0 0 0,2.001 1.708 2.181,0,-1,2.4297192096710205,3.3411645889282227,0.7272072790794256,0.3604602510460251,1
77889,2,16856,Program,0,1.0,0.25,23,24,0,vbi_ambiguous,262,0,1,239,0,21 24,8080 942f,24,26,23,1,24,0,3.420351505279541,6.430778503417969,0.5318720748135889,1,0.631875,0 0 0,2.979 3.651 6.330,0,1.0,0.25,286,286,1,measured,525,0,1,240,0,284,8080,-1,-1,-1,0,-1,0,7.613290786743164,9.637312889099121,0.7899806589609275,1,0.8390625,0 0 0,7.437 7.430 9.645,0,-1,3.660810947418213,4.8933000564575195,0.7481272158217984,0.36731171548117153,1
77890,3,16857,Program,0,1.0,0.25,23,25,0,vbi_ambiguous,262,0,1,238,0,21 24,8080 8080,24,26,24,1,25,0,11.364531517028809,13.3929443359375,0.8485461622157408,1,0.854765625,0 0 0,11.052 12.103 10.179,0,1.0,0.25,286,286,1,measured,525,0,1,240,0,284,8080,-1,-1,-1,0,-1,0,11.06063461303711,12.919290542602539,0.856133281975791,1,0.893046875,0 0 0,11.009 11.369 10.582,0,-1,4.494605541229248,6.419867038726807,0.700108820652557,0.6756276150627615,1
77891,4,16858,Program,0,1.0,0.25,23,25,0,vbi_ambiguous,262,0,1,238,0,21 24,8080 8080,24,26,24,1,25,0,10.372666358947754,12.118356704711914,0.8559466115496177,1,0.891015625,0 0 0,9.322 11.589 13.162,0,1.0,0.25,286,286,1,measured,525,0,1,240,0,284,8080,-1,-1,-1,0,-1,0,9.649658203125,11.221599578857422,0.8599182438576661,1,0.931171875,0 0 0,7.630 11.238 13.195,0,-1,4.297431945800781,5.592808723449707,0.7683852887337933,0.7970188284518829,1
77892,5,16859,Program,0,1.0,0.25,23,25,0,vbi_ambiguous,262,0,1,238,0,21 24,8080 8080,24,26,24,1,25,0,10.61172866821289,11.893366813659668,0.8922392485217221,1,0.956171875,0 0 0,9.491 11.837 10.479,0,1.0,0.25,286,286,1,measured,525,0,1,240,0,284,8080,-1,-1,-1,0,-1,0,10.8466215133667,11.98708724975586,0.9048588107663613,1,0.952734375,0 0 0,10.483 11.399 9.702,0,-1,4.0031514167785645,5.289170742034912,0.7568580429752633,0.7851464435146444,1
77893,6,16860,Program,0,1.0,0.25,23,25,0,vbi_ambiguous,262,0,1,238,0,21 24,8080 8080,24,26,24,1,25,0,9.820068359375,10.800413131713867,0.9092308080826811,1,0.9140625,0 0 0,8.439 11.146 9.596,0,1.0,0.25,286,286,1,measured,525,0,1,240,0,284,8080,-1,-1,-1,0,-1,0,11.1751070022583,11.935829162597656,0.9362656628227246,1,0.94953125,0 0 0,10.182 11.991 10.710,0,-1,4.748624801635742,5.552004814147949,0.855299114571193,0.732060669456067,1
77894,7,16861,Program,0,1.0,0.25,23,25,0,vbi_ambiguous,262,0,1,238,0,21 24,8080 8080,24,26,24,1,25,0,11.579785346984863,12.11517333984375,0.9558084743948211,1,0.87390625,0 0 0,11.295 12.147 11.004,0,1.0,0.25,286,286,1,measured,525,0,1,240,0,284,8080,-1,-1,-1,0,-1,0,11.735947608947754,12.131967544555664,0.9673573198944446,1,0.86484375,0 0 0,11.113 12.340 11.719,0,-1,4.478395462036133,4.981836318969727,0.8989447214440581,0.6896443514644351,1
77895,8,16862,Program,0,1.0,0.25,23,25,0,vbi_ambiguous,262,0,1,238,0,21 24,8080 8080,24,26,24,1,25,0,10.860713005065918,11.10282039642334,0.9781940639663581,1,0.855390625,0 0 0,10.038 11.891 10.806,0,1.0,0.25,286,286,1,measured,525,0,1,240,0,284,8080,-1,-1,-1,0,-1,0,10.528281211853027,10.69713020324707,0.9842154869403394,1,0.908203125,0 1 -1,9.416 11.118 11.522,0,-1,4.595441818237305,4.684405326843262,0.9810085800867475,0.7660564853556485,1
77896,9,16863,Program,0,1.0,0.25,23,25,0,vbi_ambiguous,262,0,1,238,0,21 24,8080 8080,24,26,24,1,25,0,11.1500883102417,11.225973129272461,0.9932402457981226,1,0.9415625,0 0 0,10.401 12.036 11.465,0,1.0,0.25,286,286,1,measured,525,0,1,240,0,284,8080,-1,-1,-1,0,-1,0,10.723163604736328,10.75560188293457,0.9969840573729574,1,0.9178125,0 3 -3,9.725 11.401 10.720,0,-1,3.976229190826416,3.9915342330932617,0.9961656242003504,0.7451882845188285,1
77897,10,16864,Program,0,1.0,0.25,23,23,0,vbi_ambiguous,262,0,1,240,0,21 24,8080 8080,24,26,-1,0,-1,0,10.551894187927246,10.56094741821289,0.9991427634352168,1,0.89421875,0 3 -1,9.009 11.914 11.365,0,1.0,0.25,286,286,1,measured,525,0,1,240,0,284,8080,-1,-1,-1,0,-1,-3,10.599303245544434,10.61552619934082,0.9984717711122606,1,0.9034235668789808,-3 3 -3,10.047 10.913 10.636,0,0,3.738114833831787,3.7938497066497803,0.9853091510925427,0.7390167364016736,1
77898,11,16865,Program,0,1.0,0.25,23,23,0,vbi_ambiguous,262,0,1,240,0,21 24,8080 8080,24,26,-1,0,-1,-3,6.363495349884033,6.368809223175049,0.9991656410005689,1,0.9230891719745223,-3 3 -1,6.266 6.569 5.698,0,1.0,0.25,286,287,1,measured,525,0,1,239,0,284,8080,-1,-1,286,1,287,0,2.3443262577056885,2.3616838455200195,0.9926503338508846,1,0.703828125,-3 0 0,2.290 2.330 2.546,0,0,1.6460129022598267,1.7733768224716187,0.9281800017921288,0.3763075313807531,1
77899,12,16866,Program,0,1.0,0.25,23,23,0,vbi_ambiguous,262,0,1,240,0,21 24,8080 8080,24,26,-1,0,-1,-3,51.95425796508789,52.10635757446289,0.9970809778987595,1,0.8921178343949044,-3 -3 0,33.120 67.792 72.024,0,1.0,0.25,286,288,1,measured,525,0,1,238,0,284,8080,-1,-1,287,1,288,3,67.10400390625,67.19290924072266,0.9986768643376618,1,1.0,3 -3 0,62.014 70.098 77.622,0,-1,20.2033634185791,20.860816955566406,0.9684838068236885,1.0,1
77900,13,16867,Program,0,1.0,0.25,23,26,1,measured,262,0,1,237,0,21,8080,-1,-1,25,1,26,1,24.97137451171875,25.009061813354492,0.9984930541610474,1,0.7123427672955975,0 1 3,41.902 9.440 11.696,0,1.0,0.25,286,286,1,measured,525,0,1,240,0,284,8080,-1,-1,-1,0,-1,0,12.222558975219727,12.318002700805664,0.9922516882075618,1,0.898125,0 1 3,12.495 11.427 12.374,0,-1,5.445986747741699,6.234571933746338,0.8735141410854201,0.6605648535564853,1
77901,14,16868,Program,0,1.0,0.25,23,23,1,measured,262,0,1,240,0,21,8080,-1,-1,-1,0,-1,0,11.561698913574219,13.635711669921875,0.8478984590938085,1,0.917421875,0 0 0,12.519 10.768 10.759,0,1.0,0.25,286,286,1,measured,525,0,1,240,0,284,8080,-1,-1,-1,0,-1,1,13.903969764709473,14.401176452636719,0.9654745784441651,1,0.8472484276729559,1 2 2,15.082 12.742 11.381,0,-1,6.283541202545166,6.833906173706055,0.9194655359363204,0.7917364016736401,1
77902,15,16869,Program,0,1.0,0.25,23,23,1,measured,262,0,1,240,0,21,8080,-1,-1,-1,0,-1,1,12.247464179992676,12.566864967346191,0.9745838927860331,1,0.8536949685534592,0 2 3,12.279 11.470 12.170,0,1.0,0.25,286,286,1,measured,525,0,1,240,0,284,8080,-1,-1,-1,0,-1,0,12.173320770263672,12.957006454467773,0.9395164549035263,1,0.8640625,0 1 2,11.805 11.814 12.200,0,-1,6.1978020668029785,6.958987236022949,0.8906183984244542,0.765010460251046,1
77903,16,16870,Program,0,1.0,0.25,23,23,1,measured,262,0,1,240,0,21,8080,-1,-1,-1,0,-1,0,11.525918006896973,12.532567024230957,0.9196773481930964,1,0.8834375,0 1 3,10.759 11.396 12.072,0,1.0,0.25,286,286,1,measured,525,0,1,240,0,284,8080,-1,-1,-1,0,-1,0,3.688906192779541,8.246560096740723,0.44732666099620166,1,0.8040625,0 0 0,4.063 3.276 4.420,0,-1,3.2288410663604736,5.36497163772583,0.6018374903709938,0.2542887029288703,1
77904,17,16871,Program,0,1.0,0.25,23,23,1,measured,262,0,1,240,0,21,8080,-1,-1,-1,0,-1,0,9.4664945602417,9.65287971496582,0.9806912382389734,1,0.544296875,0 2 3,10.901 7.431 4.426,0,1.0,0.25,286,286,1,measured,525,0,1,240,0,284,8080,-1,-1,-1,0,-1,0,9.163583755493164,9.218809127807617,0.9940094895610897,1,0.55234375,0 1 3,10.656 7.117 4.156,0,-1,2.6592350006103516,3.1197023391723633,0.8524002329388353,0.3920502092050209,1
77905,18,16872,Program,0,1.0,0.25,23,26,1,measured,262,0,1,237,0,21,8080,-1,-1,25,1,26,0,7.38623046875,7.683077812194824,0.9613634860011884,1,0.57140625,0 2 3,7.650 5.810 3.828,0,1.0,0.25,286,288,1,measured,525,0,1,238,0,284,8080,-1,-1,287,1,288,0,7.112197399139404,7.379539966583252,0.9637724616094697,1,0.575,0 2 3,7.420 5.892 3.902,0,-1,2.589942455291748,3.280761480331421,0.7894333284570609,0.411663179916318,1
77906,19,16873,Program,0,1.0,0.25,23,26,1,measured,262,0,1,237,0,21,8080,-1,-1,25,1,26,0,4.532217025756836,8.70513916015625,0.5206369412795793,1,0.7053125,0 0 0,6.194 3.196 2.727,0,1.0,0.25,286,286,1,measured,525,0,1,240,0,284,8080,-1,-1,-1,0,-1,0,8.318085670471191,8.362205505371094,0.9947238997090464,1,0.586875,0 1 2,9.868 6.012 3.895,0,-1,2.3066108226776123,2.7183828353881836,0.8485231707064651,0.40130753138075315,1
77907,20,16874,Program,0,1.0,0.25,23,23,1,measured,262,0,1,240,0,21,8080,-1,-1,-1,0,-1,0,6.37060546875,7.027967929840088,0.9064647893028952,1,0.604453125,0 1 3,5.897 5.561 3.765,0,1.0,0.25,286,288,1,measured,525,0,1,238,0,284,8080,-1,-1,287,1,288,1,6.768877983093262,7.200810432434082,0.9400161338235904,1,0.5671383647798742,0 2 2,6.886 5.525 3.529,0,-1,1.8998527526855469,2.4238674640655518,0.783810493292783,0.40852510460251046,1
77908,21,16875,Program,0,1.0,0.25,23,26,1,measured,262,0,1,237,0,21,8080,-1,-1,25,1,26,1,8.363030433654785,8.97739315032959,0.931565577402361,1,0.5930817610062893,1 2 2,9.509 6.268 3.482,0,1.0,0.25,286,288,1,measured,525,0,1,238,0,284,8080,-1,-1,287,1,288,0,3.9039063453674316,8.088768005371094,0.4826329971109524,1,0.630546875,0 0 0,5.512 2.744 1.624,0,-1,2.293755531311035,2.659101963043213,0.8626053318714952,0.3583682008368201,1
77909,22,16876,Program,0,1.0,0.25,23,26,1,measured,262,0,1,237,0,21,8080,-1,-1,25,1,26,1,7.730365753173828,7.938955307006836,0.9737258183518291,1,0.6359276729559749,0 2 2,8.368 5.839 3.715,0,1.0,0.25,286,288,1,measured,525,0,1,238,0,284,8080,-1,-1,287,1,288,1,7.561320781707764,7.736650466918945,0.9773377786729707,1,0.5628144654088051,0 2 2,8.480 5.631 3.516,0,-1,2.056520462036133,2.76982045173645,0.7424742859223468,0.3782949790794979,1
77910,23,16877,Program,0,1.0,0.25,23,26,1,measured,262,0,1,237,0,21,8080,-1,-1,25,1,26,1,9.570695877075195,9.68645191192627,0.988049697050728,1,0.5925314465408805,1 3 3,10.934 7.234 3.636,0,1.0,0.25,286,288,1,measured,525,0,1,238,0,284,8080,-1,-1,287,1,288,1,9.396845817565918,9.538677215576172,0.9851309154503467,1,0.571619496855346,1 2 3,10.817 7.405 3.528,0,-1,2.116354465484619,2.691434383392334,0.786329578957495,0.3977510460251046,1
77911,24,16878,Program,0,1.0,0.25,23,26,1,measured,262,0,1,237,0,21,8080,-1,-1,25,1,26,0,3.313183546066284,8.066136360168457,0.4107522360305213,1,0.683203125,0 0 0,5.111 1.715 1.475,0,1.0,0.25,286,288,1,measured,525,0,1,238,0,284,8080,-1,-1,287,1,288,1,8.194575309753418,8.615771293640137,0.9511133745857865,1,0.5531446540880504,0 2 1,10.147 6.179 3.547,0,-1,2.1922686100006104,2.857358694076538,0.7672360542431386,0.38661087866108784,1
77912,25,16879,Program,0,1.0,0.25,23,26,1,measured,262,0,1,237,0,21,8080,-1,-1,25,1,26,1,8.639022827148438,9.299120903015137,0.9290150023049308,1,0.5944968553459119,1 2 2,10.197 6.353 3.698,0,1.0,0.25,286,288,1,measured,525,0,1,238,0,284,8080,-1,-1,287,1,288,2,9.105122566223145,9.420695304870605,0.9665021817992239,1,0.5651898734177215,1 3 3,10.654 7.159 3.628,0,-1,1.9400230646133423,2.2699379920959473,0.8546590573701187,0.38478033472803347,1
77913,26,16880,Program,0,1.0,0.25,23,26,1,measured,262,0,1,237,0,21,8080,-1,-1,25,1,26,1,8.719074249267578,8.821222305297852,0.9884201925203806,1,0.5882861635220126,1 3 3,9.602 6.637 3.715,0,1.0,0.25,286,288,1,measured,525,0,1,238,0,284,8080,-1,-1,287,1,288,0,2.5899219512939453,7.123987674713135,0.3635494711040801,1,0.694609375,0 0 0,3.670 1.681 1.545,0,-1,2.0158870220184326,2.325191020965576,0.866976951072734,0.3493723849372385,1
77914,27,16881,Program,0,1.0,0.25,23,26,1,measured,262,0,1,237,0,21,8080,-1,-1,25,1,26,1,9.359807014465332,9.65527057647705,0.9693987279101685,1,0.5952044025157233,1 3 3,10.238 7.184 3.601,0,1.0,0.25,286,288,1,measured,525,0,1,238,0,284,8080,-1,-1,287,1,288,1,9.073899269104004,9.474287986755371,0.9577394398174203,1,0.5738207547169811,1 3 3,9.942 7.589 3.620,0,-1,2.0896012783050537,2.5953054428100586,0.8051465711267282,0.40261506276150627,1
77915,28,16882,Program,0,1.0,0.25,23,26,1,measured,262,0,1,237,0,21,8080,-1,-1,25,1,26,2,9.374723434448242,9.608657836914062,0.9756537899011137,1,0.5899525316455696,0 3 3,9.937 7.826 3.703,0,1.0,0.25,286,288,1,measured,525,0,1,238,0,284,8080,-1,-1,287,1,288,2,9.175761222839355,9.582891464233398,0.9575148854692145,1,0.5677215189873418,0 3 3,10.142 8.198 3.481,0,-1,2.103698968887329,2.7582387924194336,0.7626964622022576,0.42400627615062764,1
77916,29,16883,Program,0,1.0,0.25,23,26,1,measured,262,0,1,237,0,21,8080,-1,-1,25,1,26,0,2.732724666595459,7.200167179107666,0.37953628000817224,1,0.678125,0 0 0,3.709 1.926 1.403,0,1.0,0.25,286,288,1,measured,525,0,1,238,0,284,8080,-1,-1,287,1,288,2,10.43109130859375,10.737971305847168,0.9714210451385438,1,0.5848101265822785,0 3 3,11.378 9.780 3.393,0,-1,2.6249654293060303,3.2485241889953613,0.8080486019461739,0.37860878661087866,1
77917,30,16884,Program,0,1.0,0.25,23,26,1,measured,262,0,1,237,0,21,8080,-1,-1,25,1,26,2,11.327165603637695,11.362709045410156,0.9968719218603227,1,0.5659810126582279,0 3 3,12.095 9.963 3.417,0,1.0,0.25,286,288,1,measured,525,0,1,238,0,284,8080,-1,-1,287,1,288,2,12.085027694702148,12.110469818115234,0.9978991629726017,1,0.5525316455696202,0 3 3,12.208 11.667 3.353,0,-1,2.3346357345581055,2.8223371505737305,0.8271994485433874,0.35972803347280335,1
77918,31,16885,Program,0,1.0,0.25,23,26,1,measured,262,0,1,237,0,21,8080,-1,-1,25,1,26,0,11.021797180175781,11.368435859680176,0.9695086743873184,1,0.569609375,0 3 3,10.603 10.763 3.399,0,1.0,0.25,286,288,1,measured,525,0,1,238,0,284,8080,-1,-1,287,1,288,0,2.432119131088257,6.639484882354736,0.36631141936205297,1,0.675390625,0 0 0,3.079 1.895 1.880,0,-1,1.8179374933242798,2.6587703227996826,0.6837512355749455,0.3174163179916318,1
77919,32,16886,Program,0,1.0,0.25,23,26,1,measured,262,0,1,237,0,21,8080,-1,-1,25,1,26,3,13.193560600280762,13.415831565856934,0.9834321887178542,1,0.5619426751592357,1 3 3,13.753 12.134 3.469,0,1.0,0.25,286,288,1,measured,525,0,1,238,0,284,8080,-1,-1,287,1,288,3,12.996427536010742,13.206976890563965,0.9840577176519741,1,0.5375,1 3 3,13.608 11.674 4.631,0,-1,2.1070597171783447,2.4563887119293213,0.857787575291126,0.4383891213389121,1
77920,33,16887,Program,0,1.0,0.25,23,26,1,measured,262,0,1,237,0,21,8080,-1,-1,25,1,26,0,13.177041053771973,13.23764705657959,0.9954216937082112,1,0.546484375,0 3 3,11.681 12.280 5.503,0,1.0,0.25,286,288,1,measured,525,0,1,238,0,284,8080,-1,-1,287,1,288,0,13.084463119506836,13.125078201293945,0.9969055360155412,1,0.557109375,0 3 3,11.034 12.269 5.743,0,-1,2.0603525638580322,2.6430835723876953,0.7795260752942297,0.3668410041841004,1
77921,34,16888,Program,0,1.0,0.25,23,26,1,measured,262,0,1,237,0,21,8080,-1,-1,25,1,26,0,3.4022557735443115,7.4395341873168945,0.4573210752018,1,0.623359375,0 0 0,4.073 2.869 1.597,0,1.0,0.25,286,288,1,measured,525,0,1,238,0,284,8080,-1,-1,287,1,288,3,14.12073040008545,14.25365924835205,0.9906740545743038,1,0.5359872611464969,0 3 3,12.357 13.540 8.035,0,-1,2.2723114490509033,2.6572344303131104,0.8551415046895767,0.39660041841004184,1
77922,35,16889,Program,0,1.0,0.25,23,26,1,measured,262,0,1,237,0,21,8080,-1,-1,25,1,26,1,13.680954933166504,13.789170265197754,0.992152150568162,1,0.5492924528301887,0 3 3,11.472 13.710 7.570,0,1.0,0.25,286,288,1,measured,525,0,1,238,0,284,8080,-1,-1,287,1,288,0,39.89653396606445,40.70369338989258,0.9801698726428458,1,0.596015625,0 0 0,38.758 38.606 42.885,0,-1,7.2104363441467285,9.446548461914062,0.7632879218496856,0.19482217573221758,1
77923,36,16890,Program,0,1.0,0.25,23,26,1,measured,262,0,1,237,0,21,8080,-1,-1,25,1,26,0,40.6110725402832,41.199195861816406,0.9857248834781681,1,0.603203125,0 0 1,39.360 40.780 42.935,0,1.0,0.25,286,288,1,measured,525,0,1,238,0,284,8080,-1,-1,287,1,288,0,3.740859270095825,6.8440937995910645,0.5465821158557678,1,0.625546875,0 0 0,4.619 3.097 2.845,0,-1,3.72422194480896,5.69846773147583,0.6535479571531125,0.06302301255230125,1
77924,37,16891,Program,0,1.0,0.25,23,26,1,measured,262,0,1,237,0,21,8080,-1,-1,25,1,26,-1,11.091754913330078,11.268096923828125,0.9843503289250961,1,0.5658018867924528,-3 0 -1,15.362 5.256 8.597,0,1.0,0.25,286,288,1,measured,525,0,1,238,0,284,8080,-1,-1,287,1,288,-1,11.184355735778809,11.323882102966309,0.9876785747220954,1,0.5543238993710692,-3 0 -1,15.530 4.981 8.872,0,-1,2.2693324089050293,3.0380239486694336,0.7469764713010018,0.41527196652719667,1
77925,38,16892,Program,0,1.0,0.25,23,26,1,measured,262,0,1,237,0,21,8080,-1,-1,25,1,26,1,10.543818473815918,11.03857421875,0.9551793795892866,1,0.5569968553459119,1 0 1,15.382 5.606 8.828,0,1.0,0.25,286,288,1,measured,525,0,1,238,0,284,8080,-1,-1,287,1,288,1,10.467089653015137,11.1044921875,0.9425995782857708,1,0.5438679245283019,1 0 1,15.583 5.285 8.931,0,-1,2.6251511573791504,3.159351348876953,0.8309145984387923,0.4110878661087866,1
77926,39,16893,Program,0,1.0,0.25,23,26,1,measured,262,0,1,237,0,21,8080,-1,-1,25,1,26,0,2.4166016578674316,6.395469665527344,0.3778614838708908,1,0.660078125,0 0 0,3.022 1.762 2.322,0,1.0,0.25,286,288,1,measured,525,0,1,238,0,284,8080,-1,-1,287,1,288,0,13.998642921447754,14.017334938049316,0.9986665071010878,1,0.546328125,0 0 -3,14.683 9.234 19.911,0,-1,2.533561944961548,3.6015143394470215,0.7034712918429064,0.35842050209205023,1
77927,40,16894,Program,0,1.0,0.25,23,26,1,measured,262,0,1,237,0,21,8080,-1,-1,25,1,26,-1,14.207222938537598,14.386981964111328,0.9875054388736885,1,0.515251572327044,0 -3 -3,14.983 11.050 19.657,0,1.0,0.25,286,288,1,measured,525,0,1,238,0,284,8080,-1,-1,287,1,288,3,16.184722900390625,16.641860961914062,0.9725308327854904,1,0.4929936305732484,0 3 3,23.773 7.055 19.519,0,-1,2.954878807067871,3.6263558864593506,0.8148342025947468,0.32803347280334727,1
77928,41,16895,Program,0,1.0,0.25,23,26,1,measured,262,0,1,237,0,21,8080,-1,-1,25,1,26,3,16.143421173095703,16.438884735107422,0.9820265445756964,1,0.5064490445859873,0 3 3,22.783 8.235 19.386,0,1.0,0.25,286,288,1,measured,525,0,1,238,0,284,8080,-1,-1,287,1,288,0,2.0593652725219727,4.447327136993408,0.46305684495118915,1,0.7134375,0 0 0,2.800 1.309 2.155,0,-1,1.978113055229187,2.728811740875244,0.724899056097847,0.2450836820083682,1
77929,42,16896,Program,0,1.0,0.25,23,26,1,measured,262,0,1,237,0,21,8080,-1,-1,25,1,26,-1,9.11563491821289,9.392582893371582,0.9705141835528398,1,0.5437106918238994,-1 -3 -3,11.003 5.513 9.863,0,1.0,0.25,286,288,1,measured,525,0,1,238,0,284,8080,-1,-1,287,1,288,-1,9.16482925415039,9.359582901000977,0.979192059207066,1,0.53812893081761,-1 -3 -3,11.032 5.319 9.985,0,-1,2.1326711177825928,2.8151638507843018,0.7575655382149188,0.4014121338912134,1
77930,43,16897,Program,0,1.0,0.25,23,26,1,measured,262,0,1,237,0,21,8080,-1,-1,25,1,26,0,11.65576171875,12.329205513000488,0.9453781678356827,1,0.50625,0 0 1,20.316 3.058 9.602,0,1.0,0.25,286,288,1,measured,525,0,1,238,0,284,8080,-1,-1,287,1,288,0,11.714433670043945,12.236281394958496,0.9573524252940474,1,0.593515625,0 0 1,20.596 2.858 9.906,0,-1,2.050776958465576,2.9842824935913086,0.6871926377176363,0.42243723849372383,1
77931,44,16898,Program,0,1.0,0.25,23,26,1,measured,262,0,1,237,0,21,8080,-1,-1,25,1,26,0,2.6377344131469727,5.601650714874268,0.47088519927579564,1,0.67921875,0 0 0,3.652 1.632 2.113,0,1.0,0.25,286,288,1,measured,525,0,1,238,0,284,8080,-1,-1,287,1,288,0,6.953906059265137,7.38228178024292,0.9419724505607144,1,0.561015625,0 0 -1,10.242 2.677 6.668,0,-1,1.7876588106155396,2.436622381210327,0.7336626407115113,0.34173640167364017,1
77932,45,16899,Program,0,1.0,0.25,23,26,1,measured,262,0,1,237,0,21,8080,-1,-1,25,1,26,0,7.530966758728027,8.003705024719238,0.9409350713786714,1,0.57875,0 0 -1,10.534 4.064 6.569,0,1.0,0.25,286,288,1,measured,525,0,1,238,0,284,8080,-1,-1,287,1,288,1,8.820921897888184,9.008252143859863,0.9792045956329757,1,0.5530660377358491,2 0 0,11.992 4.021 8.933,0,-1,2.161165952682495,2.6349074840545654,0.8202056298982148,0.37635983263598327,1
77933,46,16900,Program,0,1.0,0.25,23,26,1,measured,262,0,1,237,0,21,8080,-1,-1,25,1,26,1,9.046344757080078,9.1979398727417,0.9835185794037558,1,0.567688679245283,2 0 0,12.106 4.346 8.742,0,1.0,0.25,286,288,1,measured,525,0,1,238,0,284,8080,-1,-1,287,1,288,0,2.953476667404175,5.8184356689453125,0.5076066550271822,1,0.673671875,0 0 0,4.447 1.534 2.300,0,-1,2.3365676403045654,3.0133650302886963,0.7754014587740503,0.3106171548117155,1
77934,47,16901,Program,0,1.0,0.25,23,26,1,measured,262,0,1,237,0,21,8080,-1,-1,25,1,26,-1,15.749616622924805,15.781625747680664,0.9979717473175688,1,0.4801100628930818,0 -3 -3,24.016 6.276 7.460,0,1.0,0.25,286,288,1,measured,525,0,1,238,0,284,8080,-1,-1,287,1,288,-2,16.179935455322266,16.203792572021484,0.9985276831585458,1,0.49517405063291137,0 -3 -3,24.817 6.741 7.563,0,-1,2.071061849594116,2.6583173274993896,0.7790875183220923,0.3909518828451883,1
77935,48,16902,Program,0,1.0,0.25,23,26,1,measured,262,0,1,237,0,21,8080,-1,-1,25,1,26,3,20.079429626464844,20.392425537109375,0.9846513642982315,1,0.508359872611465,0 3 3,23.315 14.852 25.281,0,1.0,0.25,286,288,1,measured,525,0,1,238,0,284,8080,-1,-1,287,1,288,3,20.443540573120117,20.720975875854492,0.986610895915493,1,0.5365445859872612,0 3 3,23.426 14.603 25.818,0,-1,2.8883566856384277,3.9522244930267334,0.7308179711791717,0.45789748953974896,1
77936,49,16903,Program,0,1.0,0.25,23,26,1,measured,262,0,1,237,0,21,8080,-1,-1,25,1,26,0,5.337265491485596,7.0447916984558105,0.757618637986912,1,0.62671875,0 0 0,7.161 3.791 3.270,0,1.0,0.25,286,288,1,measured,525,0,1,238,0,284,8080,-1,-1,287,1,288,-1,12.29213809967041,12.428369522094727,0.9890386729987285,1,0.5216981132075472,-1 0 -3,12.942 9.198 15.855,0,-1,2.7149770259857178,3.6411657333374023,0.745634015262809,0.33702928870292886,1
77937,50,16904,Program,0,1.0,0.25,23,26,1,measured,262,0,1,237,0,21,8080,-1,-1,25,1,26,-1,11.528380393981934,11.62540054321289,0.9916544682593669,1,0.5290094339622642,0 -1 -3,11.660 9.584 16.248,0,1.0,0.25,286,288,1,measured,525,0,1,238,0,284,8080,-1,-1,287,1,288,3,15.226363182067871,15.66678237915039,0.9718883439864054,1,0.5771496815286624,3 3 -1,14.967 12.842 14.870,0,-1,3.8665432929992676,4.4521164894104,0.8684730739180005,0.3672071129707113,1
77938,51,16905,Program,0,1.0,0.25,23,26,1,measured,262,0,1,237,0,21,8080,-1,-1,25,1,26,3,15.34035587310791,15.855923652648926,0.9674842165719634,1,0.5561305732484076,3 3 -1,15.578 13.766 13.992,0,1.0,0.25,286,288,1,measured,525,0,1,238,0,284,8080,-1,-1,287,1,288,0,4.927099704742432,7.4919514656066895,0.6576523790044922,1,0.60203125,0 0 0,6.901 3.477 2.676,0,-1,2.4604737758636475,3.394528865814209,0.7248351312144403,0.261663179916318,1
77939,52,16906,Program,0,1.0,0.25,23,26,1,measured,262,0,1,237,0,21,8080,-1,-1,25,1,26,3,17.708717346191406,18.182466506958008,0.973944725233768,1,0.5445859872611465,3 3 0,20.663 14.704 10.527,0,1.0,0.25,286,288,1,measured,525,0,1,238,0,284,8080,-1,-1,287,1,288,3,17.927825927734375,18.418195724487305,0.973375796191536,1,0.561624203821656,3 3 0,21.021 14.393 10.911,0,-1,2.43308424949646,3.277618169784546,0.7423330368150841,0.46119246861924684,1
77940,53,16907,Program,0,1.0,0.25,23,26,1,measured,262,0,1,237,0,21,8080,-1,-1,25,1,26,3,19.68164825439453,20.34986114501953,0.9671637616658363,1,0.5386942675159235,3 3 0,21.830 16.933 13.121,0,1.0,0.25,286,288,1,measured,525,0,1,238,0,284,8080,-1,-1,287,1,288,3,19.856260299682617,20.375207901000977,0.9745304389609264,1,0.5343152866242038,3 3 0,22.131 16.669 13.255,0,-1,2.738649845123291,3.593292474746704,0.7621561184819341,0.4213389121338912,1
77941,54,16908,Program,0,1.0,0.25,23,26,1,measured,262,0,1,237,0,21,8080,-1,-1,25,1,26,0,9.541796684265137,12.26717758178711,0.7778314629138243,1,0.600078125,0 0 0,15.258 4.776 2.226,0,1.0,0.25,286,288,1,measured,525,0,1,238,0,284,8080,-1,-1,287,1,288,1,20.312116622924805,20.605703353881836,0.9857521616265662,1,0.5117138364779874,3 3 0,22.778 19.088 4.804,0,-1,2.9184718132019043,3.844923257827759,0.7590455303003197,0.35251046025104604,1
77942,55,16909,Program,0,1.0,0.25,23,26,1,measured,262,0,1,237,0,21,8080,-1,-1,25,1,26,1,20.083253860473633,20.295194625854492,0.9895570961851795,1,0.5547169811320755,3 1 0,21.129 19.683 4.796,0,1.0,0.25,286,288,1,measured,525,0,1,238,0,284,8080,-1,-1,287,1,288,3,39.59162902832031,39.715049743652344,0.9968923439318679,1,0.7007165605095541,-2 3 -2,28.562 48.325 38.536,0,-1,8.149113655090332,9.72422981262207,0.8380215001205304,0.22055439330543933,1
77943,56,16910,Program,0,1.0,0.25,23,26,1,measured,262,0,1,237,0,21,8080,-1,-1,25,1,26,3,37.11638259887695,37.29637908935547,0.9951738883271409,1,0.7139331210191083,3 3 -2,26.862 46.188 38.805,0,1.0,0.25,286,288,1,measured,525,0,1,238,0,284,8080,-1,-1,287,1,288,0,6.953066349029541,8.86073112487793,0.784705714577851,1,0.617109375,0 0 0,10.359 4.528 2.565,0,-1,2.8733744621276855,3.565077304840088,0.8059781644080145,0.09853556485355648,1
77944,57,16911,Program,0,1.0,0.25,23,26,1,measured,262,0,1,237,0,21,8080,-1,-1,25,1,26,0,9.813340187072754,9.93181037902832,0.9880716417818725,1,0.589375,-3 0 0,10.635 8.442 2.000,0,1.0,0.25,286,288,1,measured,525,0,1,238,0,284,8080,-1,-1,287,1,288,0,9.523222923278809,9.679805755615234,0.9838237629669797,1,0.563046875,-3 0 0,10.383 8.544 2.009,0,-1,2.612173557281494,3.308844804763794,0.7894518212279731,0.3364016736401674,1
77945,58,16912,Program,0,1.0,0.25,23,26,1,measured,262,0,1,237,0,21,8080,-1,-1,25,1,26,0,6.031445503234863,7.143553256988525,0.8443200864127822,1,0.593359375,0 0 0,5.949 6.571 1.938,0,1.0,0.25,286,288,1,measured,525,0,1,238,0,284,8080,-1,-1,287,1,288,0,5.807636737823486,6.99811315536499,0.8298860862761493,1,0.608046875,0 0 0,6.113 6.175 2.141,0,-1,2.4035797119140625,3.268181562423706,0.7354486481257642,0.40397489539748954,1
77946,59,16913,Program,0,1.0,0.25,23,26,1,measured,262,0,1,237,0,21,8080,-1,-1,25,1,26,0,2.0747363567352295,5.655414581298828,0.366858402140121,1,0.7125,0 0 0,2.079 2.140 1.615,0,1.0,0.25,286,288,1,measured,525,0,1,238,0,284,8080,-1,-1,287,1,288,0,6.129540920257568,7.34394645690918,0.8346385633695491,1,0.61984375,0 0 0,6.462 6.443 2.019,0,-1,2.1027917861938477,3.0278942584991455,0.6944733226041226,0.2805439330543933,1
77947,60,16914,Program,0,1.0,0.25,23,26,1,measured,262,0,1,237,0,21,8080,-1,-1,25,1,26,-2,8.434494018554688,8.627240180969238,0.9776584216538068,1,0.5638449367088607,-3 0 0,7.418 8.168 2.083,0,1.0,0.25,286,288,1,measured,525,0,1,238,0,284,8080,-1,-1,287,1,288,-2,8.577254295349121,8.73493480682373,0.9819482898313758,1,0.5893987341772152,-3 0 0,7.738 8.452 2.312,0,-1,2.1193408966064453,2.70593523979187,0.783219371048014,0.38122384937238496,1
77948,61,16915,Program,0,1.0,0.25,23,26,1,measured,262,0,1,237,0,21,8080,-1,-1,25,1,26,0,6.479101657867432,7.722651481628418,0.838973722079872,1,0.60484375,0 0 0,6.613 6.713 1.996,0,1.0,0.25,286,288,1,measured,525,0,1,238,0,284,8080,-1,-1,287,1,288,0,2.066171884536743,5.7190446853637695,0.3612791992733522,1,0.694296875,0 0 0,2.112 2.022 1.877,0,-1,2.0694580078125,2.8951637744903564,0.71479825288184,0.43080543933054394,1
77949,62,16916,Program,0,1.0,0.25,23,26,1,measured,262,0,1,237,0,21,8080,-1,-1,25,1,26,0,6.697422027587891,7.744162559509277,0.864834896752514,1,0.576953125,0 0 0,7.055 6.729 2.206,0,1.0,0.25,286,288,1,measured,525,0,1,238,0,284,8080,-1,-1,287,1,288,0,6.894306659698486,7.915104389190674,0.8710316782573015,1,0.604140625,0 0 0,7.619 6.800 2.340,0,-1,2.4056169986724854,3.21486234664917,0.7482799383867381,0.39759414225941425,1
77950,63,16917,Program,0,1.0,0.25,23,26,1,measured,262,0,1,237,0,21,8080,-1,-1,25,1,26,0,6.915370941162109,8.118337631225586,0.8518210568828153,1,0.606640625,0 0 0,7.182 7.005 2.230,0,1.0,0.25,286,288,1,measured,525,0,1,238,0,284,8080,-1,-1,287,1,288,0,6.70407247543335,7.833215236663818,0.8558519423868949,1,0.64,0 0 0,7.246 6.705 2.456,0,-1,2.4840023517608643,3.3281407356262207,0.7463633749530956,0.3661610878661088,1
77951,64,16918,Program,0,1.0,0.25,23,26,1,measured,262,0,1,237,0,21,8080,-1,-1,25,1,26,0,5.238486289978027,8.097631454467773,0.6469158690949999,1,0.635859375,0 0 0,6.480 4.437 1.818,0,1.0,0.25,286,288,1,measured,525,0,1,238,0,284,8080,-1,-1,287,1,288,-1,9.65131664276123,9.710702896118164,0.9938844536804156,1,0.5672169811320755,-3 0 0,10.088 8.592 2.584,0,-1,2.495788812637329,3.323875665664673,0.7508670791806673,0.41605648535564854,1
77952,65,16919,Program,0,1.0,0.25,23,26,1,measured,262,0,1,237,0,21,8080,-1,-1,25,1,26,0,6.734687328338623,7.692344665527344,0.875505144552299,1,0.5728125,0 0 0,7.437 6.356 2.269,0,1.0,0.25,286,288,1,measured,525,0,1,238,0,284,8080,-1,-1,287,1,288,0,6.763095855712891,7.820135593414307,0.8648310217802876,1,0.641328125,0 0 0,7.721 6.297 2.793,0,-1,1.9700140953063965,2.7546586990356445,0.7151572338148687,0.3904811715481172,1
77953,66,16920,Program,0,1.0,0.25,23,26,1,measured,262,0,1,237,0,21,8080,-1,-1,25,1,26,0,6.902880668640137,7.911124229431152,0.8725536938176088,1,0.57078125,0 0 0,7.936 6.177 2.498,0,1.0,0.25,286,288,1,measured,525,0,1,238,0,284,8080,-1,-1,287,1,288,0,2.2053418159484863,6.473801136016846,0.3406564041145962,1,0.67140625,0 0 0,2.498 1.966 1.772,0,-1,2.2734880447387695,3.0829885005950928,0.7374299463977664,0.3956589958158996,1
77954,67,16921,Program,0,1.0,0.25,23,26,1,measured,262,0,1,237,0,21,8080,-1,-1,25,1,26,-1,10.152613639831543,10.185742378234863,0.996747538159407,1,0.5706761006289308,-3 0 0,10.606 8.389 2.751,0,1.0,0.25,286,288,1,measured,525,0,1,238,0,284,8080,-1,-1,287,1,288,-1,10.050098419189453,10.137812614440918,0.9913478184508442,1,0.5270440251572327,-3 0 0,10.580 8.751 2.897,0,-1,2.0649049282073975,2.9326529502868652,0.704108178912003,0.362918410041841,1
77955,68,16922,Program,0,1.0,0.25,23,26,1,measured,262,0,1,237,0,21,8080,-1,-1,25,1,26,0,7.399804592132568,8.724204063415527,0.8481925157119197,1,0.59578125,0 0 0,8.408 6.748 2.964,0,1.0,0.25,286,288,1,measured,525,0,1,238,0,284,8080,-1,-1,287,1,288,0,7.610830307006836,8.797975540161133,0.8650660907460815,1,0.6375,0 0 0,8.619 7.157 3.557,0,-1,2.0833210945129395,2.9366848468780518,0.7094125529771057,0.44790794979079496,1
77956,69,16923,Program,0,1.0,0.25,23,26,1,measured,262,0,1,237,0,21,8080,-1,-1,25,1,26,0,2.2365429401397705,6.63629150390625,0.3370169828771533,1,0.66609375,0 0 0,2.294 2.180 1.841,0,1.0,0.25,286,288,1,measured,525,0,1,238,0,284,8080,-1,-1,287,1,288,0,7.120556831359863,8.289877891540527,0.8589459247193608,1,0.606328125,0 0 0,8.042 6.693 3.250,0,-1,2.0520386695861816,2.913978338241577,0.7042051900854116,0.39089958158995813,1
77957,70,16924,Program,0,1.0,0.25,23,26,1,measured,262,0,1,237,0,21,8080,-1,-1,25,1,26,0,7.265097618103027,8.702780723571777,0.8348018695249052,1,0.58609375,0 0 0,8.285 6.607 2.874,0,1.0,0.25,286,288,1,measured,525,0,1,238,0,284,8080,-1,-1,287,1,288,0,7.147040843963623,8.423044204711914,0.8485104280902995,1,0.594140625,0 0 0,8.052 6.746 2.858,0,-1,1.8389246463775635,2.578070878982544,0.7132948366040694,0.36344142259414225,1
77958,71,16925,Program,0,1.0,0.25,23,26,1,measured,262,0,1,237,0,21,8080,-1,-1,25,1,26,0,10.502197265625,10.696796417236328,0.9818077166264696,1,0.55484375,-2 0 0,11.787 8.946 2.477,0,1.0,0.25,286,288,1,measured,525,0,1,238,0,284,8080,-1,-1,287,1,288,0,5.335156440734863,8.824538230895996,0.6045819397161998,1,0.61671875,0 0 0,7.002 4.384 2.050,0,-1,2.050182580947876,2.8675520420074463,0.7149591536314834,0.329602510460251,1
77959,72,16926,Program,0,1.0,0.25,23,26,1,measured,262,0,1,237,0,21,8080,-1,-1,25,1,26,0,6.899335861206055,8.473270416259766,0.8142470996755382,1,0.574921875,0 0 0,7.373 6.690 2.849,0,1.0,0.25,286,288,1,measured,525,0,1,238,0,284,8080,-1,-1,287,1,288,0,6.628261566162109,8.118121147155762,0.8164772914831858,1,0.592734375,0 0 0,7.181 6.493 2.908,0,-1,2.2732760906219482,2.9495692253112793,0.7707146084635599,0.34926778242677825,1
77960,73,16927,Program,0,1.0,0.25,23,26,1,measured,262,0,1,237,0,21,8080,-1,-1,25,1,26,0,6.639443397521973,8.43885612487793,0.7867705408495768,1,0.563359375,0 0 0,6.294 7.180 3.209,0,1.0,0.25,286,288,1,measured,525,0,1,238,0,284,8080,-1,-1,287,1,288,0,6.518466949462891,8.304520606994629,0.7849299505588073,1,0.564609375,0 0 0,6.133 7.205 3.280,0,-1,1.911505937576294,2.7448439598083496,0.6963987627587249,0.37222803347280337,1
77961,74,16928,Program,0,1.0,0.25,23,26,1,measured,262,0,1,237,0,21,8080,-1,-1,25,1,26,0,5.401982307434082,8.953597068786621,0.603330959158982,1,0.619140625,0 0 0,7.043 4.222 1.687,0,1.0,0.25,286,288,1,measured,525,0,1,238,0,284,8080,-1,-1,287,1,288,0,9.23788070678711,10.0242919921875,0.9215494434905442,1,0.557265625,-1 0 0,10.135 9.092 3.553,0,-1,2.117112159729004,2.685309648513794,0.7884052257812192,0.3800209205020921,1
77962,75,16929,Program,0,1.0,0.25,23,26,1,measured,262,0,1,237,0,21,8080,-1,-1,25,1,26,0,6.882548809051514,8.346580505371094,0.8245950308180142,1,0.5753125,0 0 0,6.242 7.777 3.437,0,1.0,0.25,286,288,1,measured,525,0,1,238,0,284,8080,-1,-1,287,1,288,0,6.675214767456055,8.149636268615723,0.8190813120288976,1,0.5765625,0 0 0,5.120 8.331 4.030,0,-1,2.2079358100891113,2.867471694946289,0.7699939336734999,0.3536610878661088,1
77963,76,16930,Program,0,1.0,0.25,23,26,1,measured,262,0,1,237,0,21,8080,-1,-1,25,1,26,0,6.468027114868164,8.067541122436523,0.8017346322388151,1,0.5946875,0 0 0,5.086 7.861 4.145,0,1.0,0.25,286,288,1,measured,525,0,1,238,0,284,8080,-1,-1,287,1,288,0,2.5277440547943115,6.533382415771484,0.38689669361652185,1,0.636015625,0 0 0,2.771 2.276 2.231,0,-1,2.0639822483062744,2.691460132598877,0.7668633925902855,0.3264121338912134,1
77964,77,16931,Program,0,1.0,0.25,23,26,1,measured,262,0,1,237,0,21,8080,-1,-1,25,1,26,0,41.663330078125,42.522464752197266,0.9797957461055248,1,0.722421875,0 0 -3,37.428 44.033 33.748,0,1.0,0.25,286,288,1,measured,525,0,1,238,0,284,8080,-1,-1,287,1,288,0,41.36741256713867,42.179500579833984,0.9807468556637303,1,0.71703125,0 0 -3,37.006 42.504 34.626,0,-1,4.142867088317871,7.2011308670043945,0.5753078460635261,0.5117154811715481,1
77965,78,16932,Program,0,1.0,0.25,23,26,1,measured,262,0,1,237,0,21,8080,-1,-1,25,1,26,1,22.20494270324707,22.84945297241211,0.9717931860363044,1,0.5231132075471698,1 1 1,22.606 23.211 5.336,0,1.0,0.25,286,288,1,measured,525,0,1,238,0,284,8080,-1,-1,287,1,288,1,21.48367691040039,22.219560623168945,0.9668812662298448,1,0.5010220125786163,1 1 1,22.243 22.591 5.858,0,-1,2.7903387546539307,3.584003210067749,0.7785536427020066,0.4110878661087866,1
77966,79,16933,Program,0,1.0,0.25,23,26,1,measured,262,0,1,237,0,21,8080,-1,-1,25,1,26,0,10.117021560668945,16.52122688293457,0.6123650278732761,1,0.601484375,0 0 0,15.082 6.163 1.959,0,1.0,0.25,286,288,1,measured,525,0,1,238,0,284,8080,-1,-1,287,1,288,1,24.901493072509766,25.435596466064453,0.979001735057903,1,0.4944968553459119,1 1 1,28.880 23.134 6.428,0,-1,2.9232215881347656,3.6408016681671143,0.802906023059037,0.3804916317991632,1
77967,80,16934,Program,0,1.0,0.25,23,26,1,measured,262,0,1,237,0,21,8080,-1,-1,25,1,26,0,21.602041244506836,21.90071678161621,0.9863622939793419,1,0.50421875,0 1 1,20.757 23.051 5.638,0,1.0,0.25,286,288,1,measured,525,0,1,238,0,284,8080,-1,-1,287,1,288,0,20.684833526611328,21.306121826171875,0.9708399161222587,1,0.5084375,0 1 1,18.436 23.517 7.410,0,-1,3.0800585746765137,4.455653667449951,0.6912697450381697,0.38331589958158996,1
77968,81,16935,Program,0,1.0,0.25,23,26,1,measured,262,0,1,237,0,21,8080,-1,-1,25,1,26,1,22.113767623901367,22.229999542236328,0.994771393579468,1,0.5577830188679245,-2 1 2,20.198 23.962 6.239,0,1.0,0.25,286,288,1,measured,525,0,1,238,0,284,8080,-1,-1,287,1,288,0,7.557304859161377,12.682321548461914,0.5958928600164621,1,0.616640625,0 0 0,9.690 6.569 1.666,0,-1,2.513728141784668,3.5326476097106934,0.7115705894000931,0.28002092050209204,1
77969,82,16936,Program,0,1.0,0.25,23,26,1,measured,262,0,1,237,0,21,8080,-1,-1,25,1,26,0,19.124130249023438,20.180660247802734,0.9476464106820127,1,0.523046875,0 0 2,15.742 22.692 8.166,0,1.0,0.25,286,288,1,measured,525,0,1,238,0,284,8080,-1,-1,287,1,288,0,19.353944778442383,20.371973037719727,0.9500279988888453,1,0.53515625,0 0 2,16.095 22.781 8.608,0,-1,2.8577635288238525,4.311197280883789,0.6628700434321149,0.4341004184100418,1
77970,83,16937,Program,0,1.0,0.25,23,26,1,measured,262,0,1,237,0,21,8080,-1,-1,25,1,26,0,25.924823760986328,25.98417854309082,0.9977157337490558,1,0.551640625,-3 1 2,23.356 27.266 12.210,0,1.0,0.25,286,288,1,measured,525,0,1,238,0,284,8080,-1,-1,287,1,288,0,25.965742111206055,26.012245178222656,0.9982122624672347,1,0.5465625,-2 1 3,23.454 27.620 11.764,0,-1,2.5043907165527344,3.266148805618286,0.7667717748330362,0.43106694560669456,1
77971,84,16938,Program,0,1.0,0.25,23,26,1,measured,262,0,1,237,0,21,8080,-1,-1,25,1,26,0,3.508115291595459,9.856849670410156,0.35590634014909167,1,0.611953125,0 0 0,4.652 2.506 1.963,0,1.0,0.25,286,288,1,measured,525,0,1,238,0,284,8080,-1,-1,287,1,288,1,22.472415924072266,22.729677200317383,0.9886817012851584,1,0.5286949685534591,-2 2 3,19.984 22.949 15.362,0,-1,2.7773561477661133,3.695955276489258,0.7514582672126622,0.31019874476987447,1
77972,85,16939,Program,0,1.0,0.25,23,26,1,measured,262,0,1,237,0,21,8080,-1,-1,25,1,26,1,22.236448287963867,22.426067352294922,0.9915447028071264,1,0.5166666666666667,-1 1 3,20.041 23.281 13.988,0,1.0,0.25,286,288,1,measured,525,0,1,238,0,284,8080,-1,-1,287,1,288,3,19.55479621887207,20.153362274169922,0.9702994444721008,1,0.5097929936305733,3 3 3,16.692 21.395 14.595,0,-1,3.3003458976745605,3.9153475761413574,0.8429253938489691,0.3402196652719665,1
77973,86,16940,Program,0,1.0,0.25,23,26,1,measured,262,0,1,237,0,21,8080,-1,-1,25,1,26,3,19.77190399169922,20.395648956298828,0.9694177436601262,1,0.5069267515923567,3 3 3,16.883 22.124 14.540,0,1.0,0.25,286,288,1,measured,525,0,1,238,0,284,8080,-1,-1,287,1,288,0,2.374619245529175,8.48533821105957,0.27984968736239146,1,0.659921875,0 0 0,2.516 2.098 2.301,0,-1,2.8395116329193115,3.4690701961517334,0.8185223914088576,0.2811192468619247,1
77974,87,16941,Program,0,1.0,0.25,23,25,1,measured,262,0,1,238,0,21,8080,-1,-1,24,1,25,3,19.650806427001953,20.074979782104492,0.978870546336457,1,0.5249203821656051,3 3 3,13.430 25.322 14.577,0,1.0,0.25,286,288,1,measured,525,0,1,238,0,284,8080,-1,-1,287,1,288,3,19.719615936279297,20.342266082763672,0.9693913085223108,1,0.5105891719745222,3 3 3,13.349 25.140 16.072,0,0,1.689400553703308,2.045111656188965,0.8260676372318375,0.39042887029288703,1
77975,88,16942,Program,0,1.0,0.25,23,26,1,measured,262,0,1,237,0,21,8080,-1,-1,25,1,26,3,19.419387817382812,20.613439559936523,0.9420741143620484,1,0.5118630573248407,3 3 3,12.392 25.933 16.899,0,1.0,0.25,286,288,1,measured,525,0,1,238,0,284,8080,-1,-1,287,1,288,3,18.39164924621582,19.416574478149414,0.9472139005215878,1,0.5085987261146497,3 3 3,11.172 23.868 16.072,0,-1,1.5686224699020386,1.6653066873550415,0.9419420949983911,0.37693514644351467,1
77976,89,16943,Program,0,1.0,0.25,23,26,1,measured,262,0,1,237,0,21,8080,-1,-1,25,1,26,0,2.454648494720459,7.982065677642822,0.3075204582186975,1,0.627890625,0 0 0,1.954 2.913 2.147,0,1.0,0.25,286,288,1,measured,525,0,1,238,0,284,8080,-1,-1,287,1,288,3,18.3328914642334,19.29126739501953,0.9503207378156212,1,0.4911624203821656,3 3 3,10.998 23.637 16.028,0,-1,2.6138668060302734,3.3176681995391846,0.7878626338804262,0.3391213389121339,1
77977,90,16944,Program,0,1.0,0.25,23,26,1,measured,262,0,1,237,0,21,8080,-1,-1,25,1,26,3,18.507593154907227,19.50945472717285,0.9486473821910446,1,0.5074044585987261,3 3 3,11.324 24.136 15.372,0,1.0,0.25,286,288,1,measured,525,0,1,238,0,284,8080,-1,-1,287,1,288,3,18.43321990966797,19.243186950683594,0.957908892997225,1,0.4801751592356688,3 3 3,11.994 22.780 16.136,0,-1,2.694999933242798,2.8625237941741943,0.9414768669268913,0.32426778242677823,1
77978,91,16945,Program,0,1.0,0.25,23,26,1,measured,262,0,1,237,0,21,8080,-1,-1,25,1,26,3,18.380523681640625,19.153064727783203,0.9596648861619551,1,0.49848726114649683,3 3 3,12.195 23.565 15.452,0,1.0,0.25,286,288,1,measured,525,0,1,238,0,284,8080,-1,-1,287,1,288,0,2.3494434356689453,7.136075019836426,0.3292346884159858,1,0.733984375,0 0 0,1.938 2.412 3.066,0,-1,2.280625581741333,2.6318044662475586,0.8665634590221141,0.28530334728033474,1
77979,92,16946,Program,0,1.0,0.25,23,26,1,measured,262,0,1,237,0,21,8080,-1,-1,25,1,26,3,17.73603630065918,18.442346572875977,0.9617017135305547,1,0.5161624203821656,3 3 3,11.162 22.651 18.509,0,1.0,0.25,286,288,1,measured,525,0,1,238,0,284,8080,-1,-1,287,1,288,3,17.86384391784668,18.619571685791016,0.9594121830137989,1,0.5135350318471338,3 3 3,11.200 22.163 18.830,0,-1,2.4652605056762695,2.906477451324463,0.8481952972154889,0.41919456066945604,1
77980,93,16947,Program,0,1.0,0.25,23,26,1,measured,262,0,1,237,0,21,8080,-1,-1,25,1,26,3,20.372182846069336,20.75662612915039,0.9814785273536749,1,0.45652866242038215,3 3 3,14.514 25.410 22.347,0,1.0,0.25,286,288,1,measured,525,0,1,238,0,284,8080,-1,-1,287,1,288,3,20.553234100341797,20.9597110748291,0.9806067472477972,1,0.46894904458598724,3 3 3,14.679 24.991 22.337,0,-1,2.056100368499756,2.4407620429992676,0.8424009929182485,0.3800209205020921,1
77981,94,16948,Program,0,1.0,0.25,23,26,1,measured,262,0,1,237,0,21,8080,-1,-1,25,1,26,0,2.4546778202056885,6.965477466583252,0.35240625384002167,1,0.63140625,0 0 0,1.837 2.917 2.816,0,1.0,0.25,286,288,1,measured,525,0,1,238,0,284,8080,-1,-1,287,1,288,3,20.647293090820312,20.782367706298828,0.993500518449706,1,0.44745222929936307,3 3 3,14.320 26.061 23.152,0,-1,2.110741138458252,2.4117789268493652,0.8751801895937557,0.3385983263598326,1
77982,95,16949,Program,0,1.0,0.25,23,26,1,measured,262,0,1,237,0,21,8080,-1,-1,25,1,26,3,20.663972854614258,20.697696685791016,0.998370648111782,1,0.44713375796178345,3 2 3,14.101 26.567 23.239,0,1.0,0.25,286,288,1,measured,525,0,1,238,0,284,8080,-1,-1,287,1,288,1,17.640771865844727,17.666582107543945,0.9985390359299778,1,0.4808176100628931,0 0 3,10.410 23.207 21.016,0,-1,2.1778435707092285,2.465419292449951,0.8833562621086853,0.33174686192468616,1
77983,96,16950,Program,0,1.0,0.25,23,26,1,measured,262,0,1,237,0,21,8080,-1,-1,25,1,26,2,17.706239700317383,17.73649787902832,0.9982940161627558,1,0.4923259493670886,0 1 3,10.581 23.870 21.010,0,1.0,0.25,286,288,1,measured,525,0,1,238,0,284,8080,-1,-1,287,1,288,0,1.9453027248382568,6.845892429351807,0.28415619218580757,1,0.69234375,0 0 0,1.651 1.991 2.770,0,-1,2.026357412338257,2.3549964427948,0.8604503070643582,0.25622384937238496,1
77984,97,16951,Program,0,1.0,0.25,23,26,1,measured,262,0,1,237,0,21,8080,-1,-1,25,1,26,1,16.483823776245117,16.597091674804688,0.9931754369513114,1,0.4804245283018868,3 1 3,9.422 22.100 20.839,0,1.0,0.25,286,288,1,measured,525,0,1,238,0,284,8080,-1,-1,287,1,288,1,16.914976119995117,17.082256317138672,0.9902073710850643,1,0.4640723270440252,3 1 3,9.679 21.784 21.296,0,-1,2.121112823486328,2.476975440979004,0.856331794169092,0.4053347280334728,1
77985,98,16952,Program,0,1.0,0.25,23,26,1,measured,262,0,1,237,0,21,8080,-1,-1,25,1,26,2,17.73346519470215,17.74868392944336,0.9991425429174517,1,0.48481012658227846,3 1 2,10.594 22.884 20.683,0,1.0,0.25,286,288,1,measured,525,0,1,238,0,284,8080,-1,-1,287,1,288,2,17.94436264038086,17.981761932373047,0.9979201542021944,1,0.4927215189873418,2 1 2,10.923 22.549 20.354,0,-1,3.292095184326172,3.6841092109680176,0.8935932665962304,0.4120292887029289,1
77986,99,16953,Program,0,1.0,0.25,23,26,1,measured,262,0,1,237,0,21,8080,-1,-1,25,1,26,0,2.2149219512939453,7.1762285232543945,0.3086470761231397,1,0.666171875,0 0 0,1.671 2.594 2.904,0,1.0,0.25,286,288,1,measured,525,0,1,238,0,284,8080,-1,-1,287,1,288,0,17.958271026611328,17.978233337402344,0.9988896400209978,1,0.500546875,3 0 1,9.695 23.558 18.962,0,-1,2.4375815391540527,3.055509090423584,0.7977660897144089,0.3610878661087866,1
77987,100,16954,Program,0,1.0,0.25,23,26,1,measured,262,0,1,237,0,21,8080,-1,-1,25,1,26,0,17.857030868530273,17.981712341308594,0.9930662069100118,1,0.484140625,3 0 1,9.335 24.335 19.047,0,1.0,0.25,286,288,1,measured,525,0,1,238,0,284,8080,-1,-1,287,1,288,0,15.399648666381836,15.643828392028809,0.9843913063012509,1,0.504375,2 -1 0,7.724 21.132 17.154,0,-1,2.295154333114624,2.6327905654907227,0.8717572765560382,0.35428870292887027,1
77988,101,16955,Program,0,1.0,0.25,23,26,1,measured,262,0,1,237,0,21,8080,-1,-1,25,1,26,0,15.513525009155273,15.796982765197754,0.982056209071332,1,0.50296875,2 -1 0,7.783 22.076 16.967,0,1.0,0.25,286,288,1,measured,525,0,1,238,0,284,8080,-1,-1,287,1,288,0,2.108027458190918,7.914475440979004,0.26635087491410037,1,0.6771875,0 0 0,1.627 2.322 3.023,0,-1,1.7983064651489258,2.181018829345703,0.8245258779762165,0.3088389121338912,1
77989,102,16956,Program,0,1.0,0.25,23,26,1,measured,262,0,1,237,0,21,8080,-1,-1,25,1,26,0,13.658398628234863,13.789032936096191,0.990526216851701,1,0.532109375,1 -1 0,8.283 18.458 15.515,0,1.0,0.25,286,288,1,measured,525,0,1,238,0,284,8080,-1,-1,287,1,288,0,13.830937385559082,13.99499797821045,0.9882771978311964,1,0.5159375,2 -1 0,8.175 18.241 16.027,0,-1,1.9332497119903564,2.182530403137207,0.885783634084304,0.40915271966527195,1
77990,103,16957,Program,0,1.0,0.25,23,26,1,measured,262,0,1,237,0,21,8080,-1,-1,25,1,26,-1,12.175402641296387,12.516982078552246,0.9727107193161878,1,0.5336477987421384,-1 -1 -1,8.073 15.553 16.334,0,1.0,0.25,286,288,1,measured,525,0,1,238,0,284,8080,-1,-1,287,1,288,-1,12.39920425415039,12.7858304977417,0.969761350765631,1,0.5519654088050314,-1 -1 -1,8.256 15.460 16.335,0,-1,2.0646109580993652,2.375652313232422,0.8690711795659023,0.4087866108786611,1
77991,104,16958,Program,0,1.0,0.25,23,26,1,measured,262,0,1,237,0,21,8080,-1,-1,25,1,26,0,2.303525447845459,8.033058166503906,0.2867557286527136,1,0.653984375,0 0 0,1.696 2.779 2.993,0,1.0,0.25,286,288,1,measured,525,0,1,238,0,284,8080,-1,-1,287,1,288,-1,12.115555763244629,12.816230773925781,0.9453290891026515,1,0.5417452830188679,-2 -1 -1,7.529 15.504 15.724,0,-1,2.1063010692596436,2.520827054977417,0.8355595299965999,0.35277196652719667,1
77992,105,16959,Program,0,1.0,0.25,23,26,1,measured,262,0,1,237,0,21,8080,-1,-1,25,1,26,-1,12.219261169433594,12.879980087280273,0.9487018680642855,1,0.5361635220125787,-2 -1 -1,7.753 15.766 16.156,0,1.0,0.25,286,288,1,measured,525,0,1,238,0,284,8080,-1,-1,287,1,288,-1,14.233392715454102,14.805527687072754,0.9613566646382888,1,0.522562893081761,-1 -1 -1,11.083 17.070 15.653,0,-1,2.860598564147949,3.2022392749786377,0.8933119353384461,0.3713389121338912,1
77993,106,16960,Program,0,1.0,0.25,23,26,1,measured,262,0,1,237,0,21,8080,-1,-1,25,1,26,-1,14.333333015441895,14.757353782653809,0.9712671544331803,1,0.5415880503144654,-1 -1 -1,11.151 17.158 15.820,0,1.0,0.25,286,288,1,measured,525,0,1,238,0,284,8080,-1,-1,287,1,288,0,2.3491992950439453,7.9127655029296875,0.2968872632677107,1,0.648671875,0 0 0,1.770 2.679 3.103,0,-1,2.491919994354248,2.7750062942504883,0.8979871503416895,0.30706066945606697,1
77994,107,16961,Program,0,1.0,0.25,23,26,1,measured,262,0,1,237,0,21,8080,-1,-1,25,1,26,0,14.179560661315918,14.186821937561035,0.9994881675207403,1,0.519921875,-2 0 -1,10.581 17.339 15.238,0,1.0,0.25,286,288,1,measured,525,0,1,238,0,284,8080,-1,-1,287,1,288,-1,14.108304023742676,14.252079963684082,0.9899119328331188,1,0.519496855345912,-3 0 -1,10.528 17.590 15.325,0,-1,1.9152448177337646,2.111283540725708,0.9071471362275864,0.40156903765690377,1
77995,108,16962,Program,0,1.0,0.25,23,26,1,measured,262,0,1,237,0,21,8080,-1,-1,25,1,26,-1,10.963423728942871,11.811445236206055,0.9282034086172866,1,0.5520440251572327,-1 -1 -1,6.734 14.542 14.809,0,1.0,0.25,286,288,1,measured,525,0,1,238,0,284,8080,-1,-1,287,1,288,-1,11.078773498535156,11.962021827697754,0.9261622874556659,1,0.5390723270440252,-1 -1 -1,6.882 14.742 14.714,0,-1,1.8726578950881958,1.9835094213485718,0.9441134359800475,0.3851987447698745,1
77996,109,16963,Program,0,1.0,0.25,23,26,1,measured,262,0,1,237,0,21,8080,-1,-1,25,1,26,0,2.406923770904541,8.009885787963867,0.30049414368945543,1,0.6478125,0 0 0,1.729 2.941 3.151,0,1.0,0.25,286,288,1,measured,525,0,1,238,0,284,8080,-1,-1,287,1,288,-1,11.436203002929688,12.487373352050781,0.9158213405264718,1,0.5782232704402516,-1 -1 0,7.614 15.296 13.870,0,-1,1.959614872932434,2.4691696166992188,0.7936331549195246,0.36731171548117153,1
77997,110,16964,Program,0,1.0,0.25,23,26,1,measured,262,0,1,237,0,21,8080,-1,-1,25,1,26,-1,11.469889640808105,12.463671684265137,0.9202657075192666,1,0.5507075471698113,-1 -1 0,7.554 15.197 14.161,0,1.0,0.25,286,288,1,measured,525,0,1,238,0,284,8080,-1,-1,287,1,288,-1,9.070008277893066,10.052460670471191,0.9022674721360462,1,0.5992138364779874,-1 -1 0,4.618 13.118 12.922,0,-1,2.0733261108398438,2.327693223953247,0.8907213757827598,0.37531380753138077,1
77998,111,16965,Program,0,1.0,0.25,23,26,1,measured,262,0,1,237,0,21,8080,-1,-1,25,1,26,-1,9.156083106994629,10.067421913146973,0.9094764465009425,1,0.5894654088050314,-1 -1 0,4.570 13.347 13.072,0,1.0,0.25,286,288,1,measured,525,0,1,238,0,284,8080,-1,-1,287,1,288,0,2.1107420921325684,7.805994510650635,0.2704001507114353,1,0.687265625,0 0 0,1.583 2.423 3.033,0,-1,1.5933784246444702,1.9186501502990723,0.830468454291211,0.33865062761506276,1
77999,112,16966,Program,0,1.0,0.25,23,26,1,measured,262,0,1,237,0,21,8080,-1,-1,25,1,26,-1,9.03625202178955,9.996464729309082,0.9039447711245115,1,0.6047955974842767,-1 -1 0,5.078 12.848 10.974,0,1.0,0.25,286,288,1,measured,525,0,1,238,0,284,8080,-1,-1,287,1,288,-1,9.060121536254883,9.931709289550781,0.9122419184970605,1,0.5955188679245284,-1 -1 0,4.866 12.985 11.210,0,-1,1.7810600996017456,2.0455753803253174,0.8706890573343209,0.43023012552301254,1
78000,113,16967,Program,0,1.0,0.25,23,26,1,measured,262,0,1,237,0,21,8080,-1,-1,25,1,26,-1,7.2124409675598145,8.661113739013672,0.8327382811140831,1,0.5856132075471698,-1 -1 0,3.843 10.448 8.106,0,1.0,0.25,286,288,1,measured,525,0,1,238,0,284,8080,-1,-1,287,1,288,-1,7.317315101623535,8.699414253234863,0.8411273320962505,1,0.579874213836478,-1 -1 0,3.786 10.521 8.161,0,-1,1.8424171209335327,2.090320110321045,0.8814042939339862,0.3752092050209205,1
78001,114,16968,Program,0,1.0,0.25,23,26,1,measured,262,0,1,237,0,21,8080,-1,-1,25,1,26,0,2.1821093559265137,7.808618545532227,0.27944883505354834,1,0.669140625,0 0 0,1.594 2.685 2.697,0,1.0,0.25,286,288,1,measured,525,0,1,238,0,284,8080,-1,-1,287,1,288,-1,8.676189422607422,9.5916109085083,0.9045601938367988,1,0.619182389937107,-1 -1 -1,5.841 11.826 9.975,0,-1,1.8640369176864624,2.391281843185425,0.779513683424025,0.4058054393305439,1
78002,115,16969,Program,0,1.0,0.25,23,26,1,measured,262,0,1,237,0,21,8080,-1,-1,25,1,26,-1,8.53049373626709,9.643359184265137,0.8845977395704719,1,0.5845911949685535,-1 -1 -1,5.672 11.550 9.689,0,1.0,0.25,286,288,1,measured,525,0,1,238,0,284,8080,-1,-1,287,1,288,-1,7.451110363006592,8.525595664978027,0.8739694744866598,1,0.5859276729559748,-1 -1 -1,5.103 9.782 9.012,0,-1,1.5226675271987915,1.8323583602905273,0.8309878461532857,0.3778242677824268,1
78003,116,16970,Program,0,1.0,0.25,23,26,1,measured,262,0,1,237,0,21,8080,-1,-1,25,1,26,-1,7.655896186828613,8.528818130493164,0.8976503039098015,1,0.6235849056603774,-1 -1 -1,5.156 10.294 8.867,0,1.0,0.25,286,288,1,measured,525,0,1,238,0,284,8080,-1,-1,287,1,288,0,2.130380868911743,7.8836774826049805,0.27022679119133725,1,0.676875,0 0 0,1.901 2.239 2.795,0,-1,1.6858365535736084,2.011749029159546,0.8379954602378534,0.3576359832635983,1
78004,117,16971,Program,0,1.0,0.25,23,26,1,measured,262,0,1,237,0,21,8080,-1,-1,25,1,26,-1,7.44613790512085,7.72265625,0.9641938814926341,1,0.5904874213836478,0 -1 -1,4.548 10.111 8.280,0,1.0,0.25,286,288,1,measured,525,0,1,238,0,284,8080,-1,-1,287,1,288,-1,7.28737211227417,7.88278341293335,0.9244668704607203,1,0.5902515723270441,0 -1 -1,4.733 9.808 8.139,0,-1,1.807562232017517,2.095728635787964,0.8624982267028573,0.38661087866108784,1
78005,118,16972,Program,0,1.0,0.25,23,26,1,measured,262,0,1,237,0,21,8080,-1,-1,25,1,26,-1,7.142384052276611,7.585566520690918,0.9415755610071507,1,0.5933962264150944,0 -1 -1,3.825 10.317 8.358,0,1.0,0.25,286,288,1,measured,525,0,1,238,0,284,8080,-1,-1,287,1,288,-1,7.0930328369140625,7.493984222412109,0.9464969002337996,1,0.6357704402515724,0 -1 -1,3.791 10.288 8.401,0,-1,1.5003372430801392,1.8077199459075928,0.8299611045818673,0.3780857740585774,1
78006,119,16973,Program,0,1.0,0.25,23,26,1,measured,262,0,1,237,0,21,8080,-1,-1,25,1,26,0,2.235048770904541,8.024332046508789,0.27853393378417857,1,0.6778125,0 0 0,1.649 2.778 2.735,0,1.0,0.25,286,288,1,measured,525,0,1,238,0,284,8080,-1,-1,287,1,288,0,6.560254096984863,7.378026962280273,0.8891610359414209,1,0.548125,0 0 -1,3.584 9.055 9.350,0,-1,1.7802739143371582,2.293994188308716,0.7760585983217743,0.3532949790794979,1
78007,120,16974,Program,0,1.0,0.25,23,26,1,measured,262,0,1,237,0,21,8080,-1,-1,25,1,26,0,6.662285327911377,7.442177772521973,0.8952064209632137,1,0.5978125,0 0 -1,3.884 9.181 9.138,0,1.0,0.25,286,288,1,measured,525,0,1,238,0,284,8080,-1,-1,287,1,288,0,6.740136623382568,7.910249710083008,0.852076340243858,1,0.590546875,0 0 -1,3.947 9.288 8.926,0,-1,1.695311427116394,1.9418278932571411,0.8730492712578917,0.388755230125523,1
78008,121,16975,Program,0,1.0,0.25,23,26,1,measured,262,0,1,237,0,21,8080,-1,-1,25,1,26,0,6.857216835021973,7.926375865936279,0.8651137608160832,1,0.57390625,0 0 -1,4.178 9.377 9.026,0,1.0,0.25,286,288,1,measured,525,0,1,238,0,284,8080,-1,-1,287,1,288,0,2.5087597370147705,8.2757568359375,0.3031456562523047,1,0.620078125,0 0 0,2.276 2.661 3.109,0,-1,2.005614757537842,2.489718437194824,0.8055588646391582,0.3592050209205021,1
78009,122,16976,Program,0,1.0,0.25,23,26,1,measured,262,0,1,237,0,21,8080,-1,-1,25,1,26,0,6.5419921875,9.325844764709473,0.7014905729780075,1,0.600390625,0 0 -1,5.142 7.991 7.666,0,1.0,0.25,286,288,1,measured,525,0,1,238,0,284,8080,-1,-1,287,1,288,0,6.898769378662109,9.336832046508789,0.7388768850395766,1,0.62578125,0 0 0,5.874 8.102 7.574,0,-1,1.9968409538269043,2.37544584274292,0.8406173350267411,0.3652719665271967,1
78010,123,16977,Program,0,1.0,0.25,23,26,1,measured,262,0,1,237,0,21,8080,-1,-1,25,1,26,0,6.387451171875,9.251365661621094,0.6904333268733583,1,0.593515625,0 0 0,4.868 7.965 7.069,0,1.0,0.25,286,288,1,measured,525,0,1,238,0,284,8080,-1,-1,287,1,288,0,6.384150505065918,9.246747016906738,0.6904212360728748,1,0.586796875,0 0 0,5.085 7.705 7.017,0,-1,1.9879075288772583,2.2795724868774414,0.8720527819671549,0.39142259414225944,1
78011,124,16978,Program,0,1.0,0.25,23,26,1,measured,262,0,1,237,0,21,8080,-1,-1,25,1,26,0,2.464726448059082,8.201140403747559,0.3005345996677256,1,0.64125,0 0 0,1.742 3.146 2.978,0,1.0,0.25,286,288,1,measured,525,0,1,238,0,284,8080,-1,-1,287,1,288,0,6.759355545043945,9.267354965209961,0.7293726818945481,1,0.588515625,0 0 0,4.863 8.821 5.947,0,-1,1.7811834812164307,2.34789776802063,0.7586290619110041,0.3440376569037657,1
78012,125,16979,Program,0,1.0,0.25,23,26,1,measured,262,0,1,237,0,21,8080,-1,-1,25,1,26,0,6.911181449890137,9.43713665008545,0.7323388127295538,1,0.581015625,0 0 0,5.061 8.894 5.941,0,1.0,0.25,286,288,1,measured,525,0,1,238,0,284,8080,-1,-1,287,1,288,0,6.612421989440918,9.335672378540039,0.7082962770459821,1,0.589921875,0 0 0,4.934 8.321 5.836,0,-1,1.7477389574050903,2.205986499786377,0.7922709216825841,0.3961297071129707,1
78013,126,16980,Program,0,1.0,0.25,23,26,1,measured,262,0,1,237,0,21,8080,-1,-1,25,1,26,0,6.629990100860596,9.03463077545166,0.7338418431968681,1,0.580859375,0 0 0,5.021 8.395 5.524,0,1.0,0.25,286,288,1,measured,525,0,1,238,0,284,8080,-1,-1,287,1,288,0,2.139707088470459,8.183333396911621,0.2614713326085409,1,0.681015625,0 0 0,1.630 2.409 2.809,0,-1,1.679484486579895,2.121690511703491,0.7915784499745196,0.3360355648535565,1
78014,127,16981,Program,0,1.0,0.25,23,26,1,measured,262,0,1,237,0,21,8080,-1,-1,25,1,26,0,6.996181488037109,9.477132797241211,0.738217099804035,1,0.58171875,0 0 0,5.949 8.196 6.910,0,1.0,0.25,286,288,1,measured,525,0,1,238,0,284,8080,-1,-1,287,1,288,0,6.903886795043945,9.556446075439453,0.7224324545489019,1,0.587578125,0 0 0,6.046 7.999 6.949,0,-1,1.666583776473999,2.1096346378326416,0.7899869231319523,0.3941422594142259,1
78015,128,16982,Program,0,1.0,0.25,23,26,1,measured,262,0,1,237,0,21,8080,-1,-1,25,1,26,0,6.316689491271973,9.496963500976562,0.6651272789057717,1,0.58765625,0 0 0,5.020 7.576 6.045,0,1.0,0.25,286,288,1,measured,525,0,1,238,0,284,8080,-1,-1,287,1,288,0,6.331982612609863,9.52979564666748,0.6644405449369866,1,0.589921875,0 0 0,5.036 7.470 6.432,0,-1,1.7022440433502197,2.1718790531158447,0.7837655788926773,0.40261506276150627,1
78016,129,16983,Program,0,1.0,0.25,23,26,1,measured,262,0,1,237,0,21,8080,-1,-1,25,1,26,0,2.1606738567352295,8.384060859680176,0.2577120911807947,1,0.671484375,0 0 0,1.735 2.450 2.453,0,1.0,0.25,286,288,1,measured,525,0,1,238,0,284,8080,-1,-1,287,1,288,0,5.500781059265137,9.185662269592285,0.5988442529042921,1,0.607734375,0 0 0,4.564 6.327 6.094,0,-1,2.022752285003662,2.6486661434173584,0.7636871449543541,0.3571652719665272,1
78017,130,16984,Program,0,1.0,0.25,23,26,1,measured,262,0,1,237,0,21,8080,-1,-1,25,1,26,3,44.250118255615234,44.32294464111328,0.9983569145487122,1,0.5977707006369427,3 3 3,35.538 52.091 54.544,0,1.0,0.25,286,288,1,measured,525,0,1,238,0,284,8080,-1,-1,287,1,288,3,44.16715621948242,44.207496643066406,0.9990874755042183,1,0.5917993630573248,3 3 3,34.738 52.974 53.408,0,-1,2.7543039321899414,4.256877899169922,0.6470244149419982,0.5354602510460251,1
78018,131,16985,Program,0,1.0,0.25,23,26,1,measured,262,0,1,237,0,21,8080,-1,-1,25,1,26,0,4.098720550537109,5.499616622924805,0.7452738675368482,1,0.64,0 0 0,1.878 6.154 6.527,0,1.0,0.25,286,288,1,measured,525,0,1,238,0,284,8080,-1,-1,287,1,288,0,3.9927051067352295,5.321226596832275,0.7503354788747553,1,0.666484375,0 0 0,1.753 5.924 6.598,0,-1,1.6721149682998657,2.1488418579101562,0.7781470572832528,0.3609832635983264,1
78019,132,16986,Program,0,1.0,0.25,23,26,1,measured,262,0,1,237,0,21,8080,-1,-1,25,1,26,0,3.979687452316284,5.364662170410156,0.7418337494329147,1,0.572109375,0 0 0,1.603 6.186 7.470,0,1.0,0.25,286,288,1,measured,525,0,1,238,0,284,8080,-1,-1,287,1,288,0,3.936044931411743,5.339809417724609,0.7371133730628469,1,0.57703125,0 0 0,1.590 5.971 7.668,0,-1,1.5732158422470093,2.1307976245880127,0.7383225061325046,0.42798117154811716,1
78020,133,16987,Program,0,1.0,0.25,23,26,1,measured,262,0,1,237,0,21,8080,-1,-1,25,1,26,0,1.8014647960662842,4.535220146179199,0.39721661529131497,1,0.73796875,0 0 0,1.571 1.932 2.363,0,1.0,0.25,286,288,1,measured,525,0,1,238,0,284,8080,-1,-1,287,1,288,0,4.288583755493164,5.635573863983154,0.7609843928941152,1,0.682578125,0 0 0,1.808 6.350 8.998,0,-1,1.4702321290969849,2.093437433242798,0.7023052639407288,0.41354602510460253,1
78021,134,16988,Program,0,1.0,0.25,23,26,1,measured,262,0,1,237,0,21,8080,-1,-1,25,1,26,0,4.373964786529541,5.757026195526123,0.7597611402096136,1,0.65375,0 0 0,1.914 6.538 8.806,0,1.0,0.25,286,288,1,measured,525,0,1,238,0,284,8080,-1,-1,287,1,288,0,4.465713024139404,5.7288618087768555,0.779511388684179,1,0.65609375,0 0 0,2.053 6.425 9.580,0,-1,1.623854398727417,2.064323663711548,0.7866278080675635,0.37949790794979077,1
78022,135,16989,Program,0,1.0,0.25,23,26,1,measured,262,0,1,237,0,21,8080,-1,-1,25,1,26,0,4.431552886962891,5.563079833984375,0.7966006275680094,1,0.660390625,0 0 0,2.088 6.493 9.558,0,1.0,0.25,286,288,1,measured,525,0,1,238,0,284,8080,-1,-1,287,1,288,0,1.7285937070846558,4.613236904144287,0.3747029998680057,1,0.619375,0 0 0,1.385 1.739 3.687,0,-1,1.5789134502410889,2.288311243057251,0.6899906885619345,0.4010983263598326,1
78023,136,16990,Program,0,1.0,0.25,23,26,1,measured,262,0,1,237,0,21,8080,-1,-1,25,1,26,0,4.802187442779541,6.0643181800842285,0.7918759042938018,1,0.65546875,0 0 0,2.349 6.418 12.579,0,1.0,0.25,286,288,1,measured,525,0,1,238,0,284,8080,-1,-1,287,1,288,0,5.055136680603027,6.245686054229736,0.8093805286898084,1,0.664375,0 0 0,2.127 6.438 16.128,0,-1,1.8823001384735107,2.5196402072906494,0.7470511595373905,0.39717573221757324,1
78024,137,16991,Program,0,1.0,0.25,23,26,1,measured,262,0,1,237,0,21,8080,-1,-1,25,1,26,0,5.696171760559082,6.649665832519531,0.8566102273444357,1,0.6240625,0 0 0,2.685 7.256 18.905,0,1.0,0.25,286,288,1,measured,525,0,1,238,0,284,8080,-1,-1,287,1,288,0,6.035976409912109,6.99874210357666,0.8624373238195853,1,0.638828125,0 0 0,2.443 7.314 20.565,0,-1,1.7079501152038574,2.503505229949951,0.6822235059752609,0.3668410041841004,1
78025,138,16992,Program,0,1.0,0.25,23,26,1,measured,262,0,1,237,0,21,8080,-1,-1,25,1,26,0,3.014209032058716,5.63979959487915,0.5344532161737751,1,0.70640625,0 0 0,1.572 2.102 19.952,0,1.0,0.25,286,288,1,measured,525,0,1,238,0,284,8080,-1,-1,287,1,288,0,6.329668045043945,7.39558744430542,0.8558708950048005,1,0.639453125,0 0 0,2.785 7.087 23.050,0,-1,1.6702563762664795,2.4960527420043945,0.6691590879306584,0.3539225941422594,1
78026,139,16993,Program,0,1.0,0.25,23,26,1,measured,262,0,1,237,0,21,8080,-1,-1,25,1,26,0,6.107675552368164,7.142148017883301,0.8551594754232326,1,0.602421875,0 0 0,2.918 7.525 23.471,0,1.0,0.25,286,288,1,measured,525,0,1,238,0,284,8080,-1,-1,287,1,288,0,6.484619140625,7.468504428863525,0.8682620734030625,1,0.61703125,0 0 0,3.178 7.281 22.950,0,-1,1.705797553062439,2.2813267707824707,0.7477217095371956,0.4082112970711297,1
78027,140,16994,Program,0,1.0,0.25,23,26,1,measured,262,0,1,237,0,21,8080,-1,-1,25,1,26,0,6.290839672088623,7.338865756988525,0.8571950871424638,1,0.596328125,0 0 0,3.149 7.407 24.728,0,1.0,0.25,286,288,1,measured,525,0,1,238,0,284,8080,-1,-1,287,1,288,0,2.899540901184082,5.441647052764893,0.5328425149717915,1,0.7240625,0 0 0,1.636 1.732 17.143,0,-1,1.5527913570404053,2.1917850971221924,0.7084596747551646,0.34780334728033474,1
78028,141,16995,Program,0,1.0,0.25,23,26,1,measured,262,0,1,237,0,21,8080,-1,-1,25,1,26,0,5.239414215087891,6.570273399353027,0.7974423432065725,1,0.602109375,0 0 0,3.237 7.135 7.823,0,1.0,0.25,286,288,1,measured,525,0,1,238,0,284,8080,-1,-1,287,1,288,0,5.353251934051514,6.730483531951904,0.7953740483336447,1,0.57125,0 0 0,3.486 6.948 8.364,0,-1,1.9580415487289429,2.6462793350219727,0.7399224725883614,0.38844142259414227,1
78029,142,16996,Program,0,1.0,0.25,23,26,1,measured,262,0,1,237,0,21,8080,-1,-1,25,1,26,0,5.408857345581055,6.760436534881592,0.8000751604830783,1,0.602890625,0 0 0,3.721 7.005 7.802,0,1.0,0.25,286,288,1,measured,525,0,1,238,0,284,8080,-1,-1,287,1,288,0,5.283837795257568,6.574941158294678,0.8036327121485634,1,0.640390625,0 0 0,3.747 6.749 8.085,0,-1,2.1834545135498047,3.129795789718628,0.6976348171731995,0.44926778242677823,1
78030,143,16997,Program,0,1.0,0.25,23,26,1,measured,262,0,1,237,0,21,8080,-1,-1,25,1,26,0,1.8965624570846558,4.769585132598877,0.3976367764403959,1,0.716953125,0 0 0,1.687 1.919 2.995,0,1.0,0.25,286,288,1,measured,525,0,1,238,0,284,8080,-1,-1,287,1,288,0,5.032382965087891,6.1205878257751465,0.8222058253776565,1,0.6875,0 0 0,4.121 6.060 7.523,0,-1,2.489588975906372,3.4334983825683594,0.7250881458240517,0.3789748953974895,1
78031,144,16998,Program,0,1.0,0.25,23,25,1,measured,262,0,1,238,0,21,8080,-1,-1,24,1,25,-1,4.738394260406494,5.750019550323486,0.8240657651572542,1,0.647877358490566,-1 -1 -1,3.544 5.993 7.394,0,1.0,0.25,286,288,1,measured,525,0,1,238,0,284,8080,-1,-1,287,1,288,0,4.751152515411377,5.396993160247803,0.8803332474842765,1,0.666640625,0 -1 0,3.515 5.488 6.932,0,0,1.8326917886734009,1.954289197921753,0.9377792143672173,0.40423640167364017,1
78032,145,16999,Program,0,1.0,0.25,23,26,1,measured,262,0,1,237,0,21,8080,-1,-1,25,1,26,1,4.954824924468994,5.732158184051514,0.864390821986511,1,0.6949685534591195,1 0 1,3.681 6.178 7.215,0,1.0,0.25,286,288,1,measured,525,0,1,238,0,284,8080,-1,-1,287,1,288,0,2.112246036529541,4.69246244430542,0.45013594921636,1,0.67375,0 0 0,1.952 2.072 3.291,0,-1,1.673971176147461,1.8744056224822998,0.8930677309485442,0.3107217573221757,1
78033,146,17000,Program,0,1.0,0.25,23,26,1,measured,262,0,1,237,0,21,8080,-1,-1,25,1,26,0,18.074766159057617,18.887392044067383,0.9569752201302447,1,0.586484375,0 0 0,13.982 23.222 8.810,0,1.0,0.25,286,288,1,measured,525,0,1,238,0,284,8080,-1,-1,287,1,288,0,18.011024475097656,18.85906982421875,0.9550324932764162,1,0.573515625,0 0 0,13.811 23.889 8.928,0,-1,3.0261425971984863,5.283885955810547,0.5727115654096809,0.5126569037656904,1
78034,147,17001,Program,0,1.0,0.25,23,26,1,measured,262,0,1,237,0,21,8080,-1,-1,25,1,26,0,5.560996055603027,6.107989311218262,0.9104462650891354,1,0.60921875,0 -1 0,5.227 5.986 5.583,0,1.0,0.25,286,288,1,measured,525,0,1,238,0,284,8080,-1,-1,287,1,288,0,5.666152477264404,6.231171607971191,0.9093237730792088,1,0.593203125,0 -1 0,5.376 5.964 5.833,0,-1,1.9499164819717407,2.5875282287597656,0.7535826895718003,0.3993723849372385,1
78035,148,17002,Program,0,1.0,0.25,23,26,1,measured,262,0,1,237,0,21,8080,-1,-1,25,1,26,0,1.969423770904541,5.1759138107299805,0.38049779090637237,1,0.712890625,0 0 0,1.852 1.961 3.043,0,1.0,0.25,286,288,1,measured,525,0,1,238,0,284,8080,-1,-1,287,1,288,0,4.453818321228027,5.367374420166016,0.8297946020859616,1,0.669140625,0 0 0,3.897 4.876 5.660,0,-1,1.7863526344299316,2.5040500164031982,0.7133853648002756,0.36579497907949793,1
78036,149,17003,Program,0,1.0,0.25,23,26,1,measured,262,0,1,237,0,21,8080,-1,-1,25,1,26,0,4.717099666595459,5.612048149108887,0.8405308616862931,1,0.621875,0 0 0,4.310 5.158 5.180,0,1.0,0.25,286,288,1,measured,525,0,1,238,0,284,8080,-1,-1,287,1,288,0,4.174882888793945,5.3616943359375,0.778649924299342,1,0.625546875,0 0 0,3.648 4.409 5.153,0,-1,2.057115077972412,2.908233642578125,0.7073417513143121,0.36119246861924686,1
78037,150,17004,Program,0,1.0,0.25,23,26,1,measured,262,0,1,237,0,21,8080,-1,-1,25,1,26,0,3.7533984184265137,5.083529949188232,0.7383449012680408,1,0.60671875,0 0 0,3.385 4.024 4.516,0,1.0,0.25,286,288,1,measured,525,0,1,238,0,284,8080,-1,-1,287,1,288,0,2.127333879470825,5.242737770080566,0.4057677444046823,1,0.68140625,0 0 0,2.069 1.961 3.393,0,-1,2.196958065032959,3.019212007522583,0.7276594222462949,0.4171548117154812,1
78038,151,17005,Program,0,1.0,0.25,23,26,1,measured,262,0,1,237,0,21,8080,-1,-1,25,1,26,0,3.217597723007202,5.579432010650635,0.5766891176136024,1,0.608984375,0 0 0,3.233 3.136 4.000,0,1.0,0.25,286,288,1,measured,525,0,1,238,0,284,8080,-1,-1,287,1,288,0,3.0356054306030273,5.415487289428711,0.5605415114774018,1,0.659453125,0 0 0,2.975 2.902 4.239,0,-1,1.9685683250427246,2.5174155235290527,0.7819798943175962,0.3327928870292887,1
78039,152,17006,Program,0,1.0,0.25,23,25,1,measured,262,0,1,238,0,21,8080,-1,-1,24,1,25,-1,3.64009428024292,5.63278341293335,0.6462336669798014,1,0.6264150943396226,-1 -1 -1,3.215 4.007 5.095,0,1.0,0.25,286,288,1,measured,525,0,1,238,0,284,8080,-1,-1,287,1,288,0,3.5592479705810547,5.448594570159912,0.6532414781003963,1,0.63953125,0 0 0,3.033 3.848 5.531,0,0,1.8043245077133179,1.8443965911865234,0.9782736079297204,0.396234309623431,1
78040,153,17007,Program,0,1.0,0.25,23,26,1,measured,262,0,1,237,0,21,8080,-1,-1,25,1,26,1,2.127908706665039,5.308466911315918,0.40085183579632616,1,0.6680817610062894,1 1 1,2.034 2.067 2.951,0,1.0,0.25,286,288,1,measured,525,0,1,238,0,284,8080,-1,-1,287,1,288,0,4.313769340515137,6.006643295288086,0.7181663915183835,1,0.615078125,0 0 0,3.294 5.091 6.925,0,-1,1.69005286693573,1.7911851406097412,0.9435389053978057,0.3713389121338912,1
78041,154,17008,Program,0,1.0,0.25,23,25,1,measured,262,0,1,238,0,21,8080,-1,-1,24,1,25,-1,4.236576080322266,6.2523040771484375,0.6776023731485707,1,0.6172169811320755,-1 -1 -1,3.458 4.922 6.289,0,1.0,0.25,286,288,1,measured,525,0,1,238,0,284,8080,-1,-1,287,1,288,0,4.46432638168335,6.080758571624756,0.7341726084169296,1,0.623125,0 0 0,2.978 5.433 7.528,0,0,1.4096410274505615,1.5105514526367188,0.9331963005894207,0.3576359832635983,1
78042,155,17009,Program,0,1.0,0.25,23,26,1,measured,262,0,1,237,0,21,8080,-1,-1,25,1,26,1,4.474793434143066,6.268265247344971,0.7138806763224388,1,0.5910377358490566,1 1 1,2.934 5.833 6.802,0,1.0,0.25,286,288,1,measured,525,0,1,238,0,284,8080,-1,-1,287,1,288,0,1.9094629287719727,4.879225730895996,0.3913454785829982,1,0.71921875,0 0 0,1.797 1.778 3.165,0,-1,1.2910047769546509,1.3494834899902344,0.9566658551443215,0.3786610878661088,1
78043,156,17010,Program,0,1.0,0.25,23,26,1,measured,262,0,1,237,0,21,8080,-1,-1,25,1,26,0,4.46218729019165,5.484689235687256,0.8135715805295792,1,0.635078125,0 0 0,3.074 5.682 6.561,0,1.0,0.25,286,288,1,measured,525,0,1,238,0,284,8080,-1,-1,287,1,288,0,4.370644569396973,5.520145416259766,0.7917625786674204,1,0.630703125,0 0 0,2.959 5.485 6.857,0,-1,1.6430346965789795,2.353844165802002,0.6980218658694275,0.38389121338912136,1
78044,157,17011,Program,0,1.0,0.25,23,26,1,measured,262,0,1,237,0,21,8080,-1,-1,25,1,26,0,4.369853496551514,5.198977947235107,0.8405216450043735,1,0.640703125,0 0 0,3.551 5.231 5.015,0,1.0,0.25,286,288,1,measured,525,0,1,238,0,284,8080,-1,-1,287,1,288,0,4.205605506896973,4.937313079833984,0.8518004507501041,1,0.63015625,0 1 0,3.347 4.567 5.371,0,-1,2.170391798019409,2.875354290008545,0.754825868089097,0.4308577405857741,1
78045,158,17012,Program,0,1.0,0.25,23,25,1,measured,262,0,1,238,0,21,8080,-1,-1,24,1,25,-1,1.9785181283950806,5.141791820526123,0.3847915663362335,1,0.7077044025157233,-1 -1 -1,1.828 1.963 2.841,0,1.0,0.25,286,288,1,measured,525,0,1,238,0,284,8080,-1,-1,287,1,288,0,4.309218883514404,4.875678062438965,0.8838194048765393,1,0.630859375,0 1 0,3.538 4.788 6.028,0,0,1.8461004495620728,1.9357924461364746,0.9536665220729565,0.3956589958158996,1
78046,159,17013,Program,0,1.0,0.25,23,26,1,measured,262,0,1,237,0,21,8080,-1,-1,25,1,26,1,4.317580699920654,4.8464202880859375,0.8908803701021677,1,0.6156446540880504,1 2 1,3.744 4.892 5.559,0,1.0,0.25,286,288,1,measured,525,0,1,238,0,284,8080,-1,-1,287,1,288,0,4.441767692565918,5.400117874145508,0.8225316180285722,1,0.62359375,0 0 0,3.619 4.905 7.414,0,-1,2.066559076309204,2.0930609703063965,0.9873382121337283,0.3664225941422594,1
78047,160,17014,Program,0,1.0,0.25,23,26,1,measured,262,0,1,237,0,21,8080,-1,-1,25,1,26,0,4.65185546875,5.6171875,0.8281467315716272,1,0.645234375,0 0 0,4.122 5.138 6.822,0,1.0,0.25,286,288,1,measured,525,0,1,238,0,284,8080,-1,-1,287,1,288,0,1.9247558116912842,5.0583038330078125,0.38051407650353997,1,0.715859375,0 0 0,1.827 1.769 3.203,0,-1,1.7914332151412964,2.4715209007263184,0.7248302915888103,0.303347280334728,1
78048,161,17015,Program,0,1.0,0.25,23,26,1,measured,262,0,1,237,0,21,8080,-1,-1,25,1,26,0,4.266366958618164,5.111861228942871,0.8346014822277258,1,0.62234375,0 0 0,3.791 4.750 5.373,0,1.0,0.25,286,288,1,measured,525,0,1,238,0,284,8080,-1,-1,287,1,288,0,4.255449295043945,5.153911113739014,0.8256737846525917,1,0.625703125,0 0 0,3.797 4.671 5.587,0,-1,1.7569752931594849,2.312490701675415,0.7597761547263928,0.353347280334728,1
78049,162,17016,Program,0,1.0,0.25,23,26,1,measured,262,0,1,237,0,21,8080,-1,-1,25,1,26,0,3.912216901779175,4.952270030975342,0.7899845681493806,1,0.627421875,0 0 0,3.617 4.259 4.935,0,1.0,0.25,286,288,1,measured,525,0,1,238,0,284,8080,-1,-1,287,1,288,0,3.9032909870147705,4.833067893981934,0.8076217989561231,1,0.6471875,0 0 0,3.699 4.139 5.307,0,-1,1.5628063678741455,2.229001760482788,0.7011238822600352,0.3733786610878661,1
78050,163,17017,Program,0,1.0,0.25,23,26,1,measured,262,0,1,237,0,21,8080,-1,-1,25,1,26,0,2.138359308242798,5.34089994430542,0.40037434337686134,1,0.6709375,0 0 0,2.005 2.163 2.793,0,1.0,0.25,286,288,1,measured,525,0,1,238,0,284,8080,-1,-1,287,1,288,0,34.53733444213867,34.811832427978516,0.9921148079059685,1,0.664453125,-3 3 0,26.252 41.081 32.434,0,-1,4.0625200271606445,5.576310157775879,0.7285319345975884,0.16218619246861923,1
78051,164,17018,Program,0,1.0,0.25,23,26,1,measured,262,0,1,237,0,21,8080,-1,-1,25,1,26,0,34.96934509277344,34.98406982421875,0.999579101816361,1,0.651875,-3 3 -3,26.444 40.918 39.671,0,1.0,0.25,286,288,1,measured,525,0,1,238,0,284,8080,-1,-1,287,1,288,1,4.442973613739014,7.416357040405273,0.599077631987392,1,0.6356918238993711,1 1 1,2.235 4.883 13.647,0,0,2.7242066860198975,2.7685952186584473,0.9839671280440704,0.16893305439330544,1
78052,165,17019,Program,0,1.0,0.25,23,26,1,measured,262,0,1,237,0,21,8080,-1,-1,25,1,26,1,4.084384918212891,6.808999061584473,0.599851003248992,1,0.6778301886792453,1 1 1,2.833 5.240 4.353,0,1.0,0.25,286,288,1,measured,525,0,1,238,0,284,8080,-1,-1,287,1,288,0,2.1518750190734863,6.777525424957275,0.3175015782529582,1,0.66140625,0 0 0,1.658 2.520 2.310,0,-1,1.7586866617202759,2.121725082397461,0.8288946934317396,0.33002092050209203,1
78053,166,17020,Program,0,1.0,0.25,23,26,1,measured,262,0,1,237,0,21,8080,-1,-1,25,1,26,1,5.879893779754639,6.069492340087891,0.9687620397704454,1,0.6134433962264151,1 1 0,3.613 7.939 6.103,0,1.0,0.25,286,288,1,measured,525,0,1,238,0,284,8080,-1,-1,287,1,288,1,5.9860358238220215,6.289306640625,0.951779928355848,1,0.6428459119496855,1 1 0,4.093 7.889 6.217,0,-1,2.148226737976074,2.6310606002807617,0.8164869854182895,0.40883891213389123,1
78054,167,17021,Program,0,1.0,0.25,23,26,1,measured,262,0,1,237,0,21,8080,-1,-1,25,1,26,1,5.155109882354736,7.357841968536377,0.700627970048695,1,0.6275157232704403,1 1 1,3.644 6.678 4.921,0,1.0,0.25,286,288,1,measured,525,0,1,238,0,284,8080,-1,-1,287,1,288,1,4.870744705200195,7.198605537414551,0.6766233654399642,1,0.6226415094339622,1 1 1,3.045 6.603 5.360,0,-1,2.0956366062164307,2.441338539123535,0.8583965609983715,0.4175732217573222,1
78055,168,17022,Program,0,1.0,0.25,23,26,1,measured,262,0,1,237,0,21,8080,-1,-1,25,1,26,0,2.177187442779541,6.4788618087768555,0.33604474165973486,1,0.687734375,0 0 0,1.462 2.863 2.056,0,1.0,0.25,286,288,1,measured,525,0,1,238,0,284,8080,-1,-1,287,1,288,1,4.9116644859313965,6.82790994644165,0.7193510934471389,1,0.6748427672955974,1 1 1,4.414 5.475 4.374,0,-1,2.631057024002075,3.014310598373413,0.8728553140548456,0.35889121338912133,1
78056,169,17023,Program,0,1.0,0.25,23,26,1,measured,262,0,1,237,0,21,8080,-1,-1,25,1,26,1,5.2555718421936035,7.312705039978027,0.7186905274398152,1,0.6882075471698114,1 1 1,4.859 5.680 4.803,0,1.0,0.25,286,288,1,measured,525,0,1,238,0,284,8080,-1,-1,287,1,288,1,5.095155239105225,5.544482231140137,0.9189596118621676,1,0.6898584905660378,1 1 0,3.451 6.616 5.089,0,-1,2.471402883529663,2.791714668273926,0.8852634230910473,0.3856694560669456,1
78057,170,17024,Program,0,1.0,0.25,23,26,1,measured,262,0,1,237,0,21,8080,-1,-1,25,1,26,1,5.588443279266357,5.69894552230835,0.9806100545075516,1,0.7299528301886793,1 1 0,3.912 7.231 4.904,0,1.0,0.25,286,288,1,measured,525,0,1,238,0,284,8080,-1,-1,287,1,288,0,1.9076465368270874,6.020577907562256,0.31685438941516786,1,0.7146875,0 0 0,1.419 2.294 2.269,0,-1,1.7383320331573486,2.1363842487335205,0.8136794840103586,0.30564853556485355,1
78058,171,17025,Program,0,1.0,0.25,23,26,1,measured,262,0,1,237,0,21,8080,-1,-1,25,1,26,1,4.1090803146362305,5.189316272735596,0.7918346268900838,1,0.6661163522012579,1 1 1,2.040 6.092 4.264,0,1.0,0.25,286,288,1,measured,525,0,1,238,0,284,8080,-1,-1,287,1,288,1,4.311821937561035,5.552636623382568,0.7765359467975322,1,0.6835691823899371,1 1 1,2.602 5.982 4.265,0,-1,2.233506441116333,2.342532157897949,0.9534581771208428,0.39142259414225944,1
78059,172,17026,Program,0,1.0,0.25,23,26,1,measured,262,0,1,237,0,21,8080,-1,-1,25,1,26,0,3.537705183029175,6.164200305938721,0.5739114576826575,1,0.65734375,0 0 0,2.238 4.875 4.623,0,1.0,0.25,286,288,1,measured,525,0,1,238,0,284,8080,-1,-1,287,1,288,0,3.417246103286743,5.874420166015625,0.58171632377541,1,0.653046875,0 0 0,1.554 5.160 5.051,0,-1,1.9774876832962036,2.474440097808838,0.7991657122947956,0.3303347280334728,1
78060,173,17027,Program,0,1.0,0.25,23,26,1,measured,262,0,1,237,0,21,8080,-1,-1,25,1,26,0,2.056884765625,6.233343124389648,0.32998099488168386,1,0.68078125,0 0 0,1.481 2.601 1.851,0,1.0,0.25,286,288,1,measured,525,0,1,238,0,284,8080,-1,-1,287,1,288,0,6.057578086853027,7.285789966583252,0.831423649959236,1,0.642109375,0 0 0,3.277 8.906 5.812,0,-1,2.3750598430633545,2.8751118183135986,0.8260756426706387,0.3825313807531381,1
78061,174,17028,Program,0,1.0,0.25,23,26,1,measured,262,0,1,237,0,21,8080,-1,-1,25,1,26,0,6.75491189956665,7.950530529022217,0.8496177550553211,1,0.67859375,0 0 0,4.038 9.628 5.975,0,1.0,0.25,286,288,1,measured,525,0,1,238,0,284,8080,-1,-1,287,1,288,-1,11.743169784545898,12.191238403320312,0.9632466691281846,1,0.6429245283018868,-1 -1 -2,7.697 16.276 9.962,0,-1,2.931128978729248,3.3135452270507812,0.8845900019110642,0.42123430962343095,1
78062,175,17029,Program,0,1.0,0.25,23,26,1,measured,262,0,1,237,0,21,8080,-1,-1,25,1,26,-1,11.335780143737793,11.788301467895508,0.9616126780104733,1,0.6752358490566037,-1 -1 -2,7.013 15.910 9.887,0,1.0,0.25,286,288,1,measured,525,0,1,238,0,284,8080,-1,-1,287,1,288,0,1.7725000381469727,5.75043249130249,0.3082376918306359,1,0.74078125,0 0 0,1.353 2.056 2.280,0,-1,1.9745701551437378,2.54286527633667,0.776513869420705,0.2342050209205021,1
78063,176,17030,Program,0,1.0,0.25,23,26,1,measured,262,0,1,237,0,21,8080,-1,-1,25,1,26,-1,12.240988731384277,12.490555763244629,0.9800195414366797,1,0.5985062893081761,-1 -1 -2,6.765 17.784 11.173,0,1.0,0.25,286,288,1,measured,525,0,1,238,0,284,8080,-1,-1,287,1,288,-1,12.52529525756836,12.774356842041016,0.9805030039827146,1,0.619182389937107,-1 -1 -2,6.579 18.230 11.712,0,-1,2.2716119289398193,2.7232933044433594,0.834141487893878,0.5009414225941422,1
78064,177,17031,Program,0,1.0,0.25,23,25,1,measured,262,0,1,238,0,21,8080,-1,-1,24,1,25,-2,9.254469871520996,9.904190063476562,0.9343994624707856,1,0.6450158227848102,-2 -2 -2,4.157 14.160 9.394,0,1.0,0.25,286,288,1,measured,525,0,1,238,0,284,8080,-1,-1,287,1,288,-1,9.642855644226074,10.179143905639648,0.9473149936394505,1,0.6702830188679245,-1 -1 -2,4.768 14.278 9.696,0,0,1.52279531955719,1.7302491664886475,0.8801017501124058,0.49314853556485355,1
78065,178,17032,Program,0,1.0,0.25,23,26,1,measured,262,0,1,237,0,21,8080,-1,-1,25,1,26,1,1.9749213457107544,6.110849380493164,0.3231827889613886,1,0.7028301886792453,1 1 1,1.520 2.342 2.184,0,1.0,0.25,286,288,1,measured,525,0,1,238,0,284,8080,-1,-1,287,1,288,0,6.460009574890137,6.657291889190674,0.9703659810048496,1,0.605234375,0 0 -1,2.670 9.879 6.852,0,-1,1.3816819190979004,1.4316426515579224,0.965102511855417,0.40261506276150627,1
78066,179,17033,Program,0,1.0,0.25,23,26,1,measured,262,0,1,237,0,21,8080,-1,-1,25,1,26,0,6.098642349243164,6.558942794799805,0.9298209391425726,1,0.623125,0 0 -1,2.634 9.357 6.845,0,1.0,0.25,286,288,1,measured,525,0,1,238,0,284,8080,-1,-1,287,1,288,0,5.37600564956665,7.750579833984375,0.6936262530958259,1,0.587265625,0 0 0,2.164 7.982 5.493,0,-1,1.5106902122497559,1.812243938446045,0.8336020224435878,0.41218619246861926,1
78067,180,17034,Program,0,1.0,0.25,23,26,1,measured,262,0,1,237,0,21,8080,-1,-1,25,1,26,0,5.259902477264404,7.55488395690918,0.6962254492941692,1,0.59609375,0 0 0,2.200 7.903 5.403,0,1.0,0.25,286,288,1,measured,525,0,1,238,0,284,8080,-1,-1,287,1,288,0,1.9894824028015137,6.357370376586914,0.3129410880524486,1,0.70671875,0 0 0,1.374 2.390 2.336,0,-1,1.4994853734970093,2.00933837890625,0.7462582655258042,0.3747907949790795,1
78068,181,17035,Program,0,1.0,0.25,23,26,1,measured,262,0,1,237,0,21,8080,-1,-1,25,1,26,0,5.406503677368164,7.590005874633789,0.7123187737491735,1,0.61734375,0 0 0,2.683 7.783 5.402,0,1.0,0.25,286,288,1,measured,525,0,1,238,0,284,8080,-1,-1,287,1,288,0,5.306386947631836,7.369555950164795,0.7200416122104585,1,0.57828125,0 0 0,2.420 7.530 5.435,0,-1,1.8457340002059937,2.300105333328247,0.8024562933973206,0.35753138075313806,1
78069,182,17036,Program,0,1.0,0.25,23,26,1,measured,262,0,1,237,0,21,8080,-1,-1,25,1,26,0,5.025791168212891,5.235495090484619,0.9599457322282929,1,0.5809375,0 0 0,2.740 7.104 3.659,0,1.0,0.25,286,288,1,measured,525,0,1,238,0,284,8080,-1,-1,287,1,288,1,5.001424789428711,5.118466854095459,0.9771333745039106,1,0.6558962264150944,1 1 0,2.486 6.974 3.889,0,-1,1.6704051494598389,2.1912126541137695,0.7623199630231371,0.37918410041841005,1
78070,183,17037,Program,0,1.0,0.25,23,26,1,measured,262,0,1,237,0,21,8080,-1,-1,25,1,26,0,2.0619237422943115,6.226611614227295,0.3311469977640785,1,0.693828125,0 0 0,1.478 2.591 1.916,0,1.0,0.25,286,288,1,measured,525,0,1,238,0,284,8080,-1,-1,287,1,288,0,9.283164024353027,9.559846878051758,0.9710578153365657,1,0.573984375,0 0 0,3.538 14.843 6.579,0,-1,1.823103904724121,2.2374484539031982,0.8148138123779974,0.39581589958158997,1
78071,184,17038,Program,0,1.0,0.25,23,26,1,measured,262,0,1,237,0,21,8080,-1,-1,25,1,26,0,9.058701515197754,9.31789493560791,0.9721832643315541,1,0.562734375,0 0 0,3.679 14.335 6.577,0,1.0,0.25,286,288,1,measured,525,0,1,238,0,284,8080,-1,-1,287,1,288,1,10.422012329101562,10.694619178771973,0.9745099058588721,1,0.5783805031446541,1 1 0,3.920 16.517 7.498,0,-1,2.2272844314575195,2.350689172744751,0.9475027397420053,0.3774581589958159,1
78072,185,17039,Program,0,1.0,0.25,23,26,1,measured,262,0,1,237,0,21,8080,-1,-1,25,1,26,1,10.365035057067871,10.565673828125,0.9810103194248677,1,0.5746069182389937,0 1 0,4.222 16.361 7.049,0,1.0,0.25,286,288,1,measured,525,0,1,238,0,284,8080,-1,-1,287,1,288,0,1.911533236503601,5.9788126945495605,0.3197178660984319,1,0.711640625,0 0 0,1.395 2.253 2.243,0,-1,2.1666769981384277,2.5366787910461426,0.8541392807738485,0.31820083682008365,1
78073,186,17040,Program,0,1.0,0.25,23,26,1,measured,262,0,1,237,0,21,8080,-1,-1,25,1,26,1,9.749833106994629,10.420624732971191,0.9356284634399935,1,0.6060534591194968,1 1 1,3.556 15.620 6.723,0,1.0,0.25,286,288,1,measured,525,0,1,238,0,284,8080,-1,-1,287,1,288,1,9.936271667480469,10.574209213256836,0.9396704251910784,1,0.629874213836478,1 1 0,3.688 15.956 6.555,0,-1,1.6894164085388184,1.9948091506958008,0.8469062857213886,0.4588389121338912,1
78074,187,17041,Program,0,1.0,0.25,23,26,1,measured,262,0,1,237,0,21,8080,-1,-1,25,1,26,1,9.851866722106934,10.461230278015137,0.941750297076548,1,0.6388364779874214,1 1 0,3.492 15.283 8.174,0,1.0,0.25,286,288,1,measured,525,0,1,238,0,284,8080,-1,-1,287,1,288,1,9.722208976745605,10.367636680603027,0.9377459180195846,1,0.6003144654088051,0 1 0,2.697 15.199 8.671,0,-1,1.9590539932250977,2.235227346420288,0.8764450722932137,0.44602510460251044,1
78075,188,17042,Program,0,1.0,0.25,23,26,1,measured,262,0,1,237,0,21,8080,-1,-1,25,1,26,0,2.011836051940918,6.154569625854492,0.32688492847484807,1,0.70140625,0 0 0,1.488 2.515 1.984,0,1.0,0.25,286,288,1,measured,525,0,1,238,0,284,8080,-1,-1,287,1,288,0,9.9937105178833,10.413227081298828,0.9597131071722291,1,0.571640625,0 0 0,2.547 16.936 10.155,0,-1,1.8354488611221313,2.340363025665283,0.7842581860138461,0.3553870292887029,1
78076,189,17043,Program,0,1.0,0.25,23,26,1,measured,262,0,1,237,0,21,8080,-1,-1,25,1,26,0,9.710829734802246,10.27624797821045,0.9449781433255499,1,0.564765625,0 0 0,2.628 16.361 10.666,0,1.0,0.25,286,288,1,measured,525,0,1,238,0,284,8080,-1,-1,287,1,288,0,8.090781211853027,8.826424598693848,0.916654430271836,1,0.574296875,0 0 0,2.486 13.340 7.727,0,-1,1.977777361869812,2.1414363384246826,0.9235751380425047,0.38980125523012554,1
78077,190,17044,Program,0,1.0,0.25,23,26,1,measured,262,0,1,237,0,21,8080,-1,-1,25,1,26,0,8.214081764221191,8.815792083740234,0.931746312321858,1,0.57453125,0 0 0,2.715 13.302 7.787,0,1.0,0.25,286,288,1,measured,525,0,1,238,0,284,8080,-1,-1,287,1,288,0,2.0513575077056885,6.505866527557373,0.3153088829930039,1,0.688125,0 0 0,1.722 2.168 2.478,0,-1,1.9260034561157227,2.087372064590454,0.9226929347133942,0.4000523012552301,1
78078,191,17045,Program,0,1.0,0.25,23,26,1,measured,262,0,1,237,0,21,8080,-1,-1,25,1,26,3,44.85029983520508,45.11019515991211,0.9942386566099809,1,0.7086783439490446,3 3 -3,29.099 61.296 49.458,0,1.0,0.25,286,288,1,measured,525,0,1,238,0,284,8080,-1,-1,287,1,288,3,44.06284713745117,44.24160385131836,0.9959595335994614,1,0.6914808917197452,3 3 -1,28.291 60.633 49.824,0,-1,7.570671558380127,8.182866096496582,0.9251858052060071,0.6596234309623431,1
78079,192,17046,Program,0,1.0,0.25,23,26,1,measured,262,0,1,237,0,21,8080,-1,-1,25,1,26,0,9.138418197631836,11.726916313171387,0.779268646043614,1,0.565703125,0 0 0,6.233 12.372 5.469,0,1.0,0.25,286,288,1,measured,525,0,1,238,0,284,8080,-1,-1,287,1,288,0,9.371962547302246,11.934630393981934,0.7852746367435125,1,0.5925,2 0 0,6.199 12.900 4.989,0,-1,1.8701289892196655,2.592249631881714,0.7214309016458955,0.36506276150627615,1
78080,193,17047,Program,0,1.0,0.25,23,26,1,measured,262,0,1,237,0,21,8080,-1,-1,25,1,26,0,9.266406059265137,11.976621627807617,0.7737078407612181,1,0.575625,0 0 0,6.285 12.589 4.562,0,1.0,0.25,286,288,1,measured,525,0,1,238,0,284,8080,-1,-1,287,1,288,0,2.0341405868530273,6.712784767150879,0.30302484846633654,1,0.717578125,0 0 0,1.443 2.336 2.426,0,-1,1.573667049407959,2.184910774230957,0.7202431641456192,0.3325313807531381,1
78081,194,17048,Program,0,1.0,0.25,23,26,1,measured,262,0,1,237,0,21,8080,-1,-1,25,1,26,0,9.162392616271973,11.657782554626465,0.7859464330663656,1,0.5665625,0 0 0,5.935 12.659 4.804,0,1.0,0.25,286,288,1,measured,525,0,1,238,0,284,8080,-1,-1,287,1,288,0,9.463115692138672,11.986173629760742,0.7895026373256006,1,0.558515625,0 0 0,6.198 13.190 5.378,0,-1,1.5861623287200928,1.9604219198226929,0.8090923248111562,0.3997907949790795,1
78082,195,17049,Program,0,1.0,0.25,23,26,1,measured,262,0,1,237,0,21,8080,-1,-1,25,1,26,0,8.468496322631836,10.759915351867676,0.7870411658175265,1,0.532421875,0 0 0,5.329 11.839 5.995,0,1.0,0.25,286,288,1,measured,525,0,1,238,0,284,8080,-1,-1,287,1,288,0,8.764501571655273,10.880670547485352,0.8055111615966399,1,0.57890625,1 0 0,5.286 12.628 6.255,0,-1,1.3517366647720337,1.6889398097991943,0.8003462627438143,0.4058054393305439,1
78083,196,17050,Program,0,1.0,0.25,23,26,1,measured,262,0,1,237,0,21,8080,-1,-1,25,1,26,0,1.9935156106948853,6.71589994430542,0.2968352160137879,1,0.71,0 0 0,1.421 2.447 1.907,0,1.0,0.25,286,288,1,measured,525,0,1,238,0,284,8080,-1,-1,287,1,288,0,7.067792892456055,9.949380874633789,0.7103751461033702,1,0.5878125,0 0 0,4.085 10.300 5.669,0,-1,1.517865538597107,2.086092233657837,0.7276119023441362,0.39173640167364016,1
78084,197,17051,Program,0,1.0,0.25,23,26,1,measured,262,0,1,237,0,21,8080,-1,-1,25,1,26,0,7.118330001831055,9.905994415283203,0.7185881299154304,1,0.586484375,0 0 0,4.339 10.011 5.578,0,1.0,0.25,286,288,1,measured,525,0,1,238,0,284,8080,-1,-1,287,1,288,0,6.959579944610596,9.644024848937988,0.721646828334022,1,0.613671875,0 0 0,3.481 10.233 5.754,0,-1,1.3872135877609253,1.814046859741211,0.7647065897508419,0.37201882845188283,1
78085,198,17052,Program,0,1.0,0.25,23,26,1,measured,262,0,1,237,0,21,8080,-1,-1,25,1,26,0,6.774003982543945,9.347681045532227,0.7246721352117182,1,0.604765625,0 0 0,3.387 9.958 5.736,0,1.0,0.25,286,288,1,measured,525,0,1,238,0,284,8080,-1,-1,287,1,288,0,1.9283496141433716,6.413217544555664,0.3006836429212345,1,0.73,0 0 0,1.223 2.402 2.161,0,-1,1.3853894472122192,1.8347505331039429,0.7550832781983084,0.37975941422594145,1
78086,199,17053,Program,0,1.0,0.25,23,26,1,measured,262,0,1,237,0,21,8080,-1,-1,25,1,26,0,7.795371055603027,10.583657264709473,0.7365479494121746,1,0.58015625,0 0 0,3.951 11.484 7.914,0,1.0,0.25,286,288,1,measured,525,0,1,238,0,284,8080,-1,-1,287,1,288,0,7.829208850860596,10.76608657836914,0.7272102814583322,1,0.579375,0 0 0,3.922 11.537 7.663,0,-1,1.3899683952331543,1.8129907846450806,0.7666715170343577,0.36338912133891216,1
78087,200,17054,Program,0,1.0,0.25,23,26,1,measured,262,0,1,237,0,21,8080,-1,-1,25,1,26,0,9.174980163574219,11.96450424194336,0.7668500071578356,1,0.5496875,0 0 0,5.297 12.676 7.538,0,1.0,0.25,286,288,1,measured,525,0,1,238,0,284,8080,-1,-1,287,1,288,0,9.367685317993164,12.00403881072998,0.7803777933156735,1,0.537734375,0 0 0,5.322 12.903 7.539,0,-1,1.6675758361816406,2.275540828704834,0.7328261550599258,0.4326359832635983,1
78088,201,17055,Program,0,1.0,0.25,23,26,1,measured,262,0,1,237,0,21,8080,-1,-1,25,1,26,0,2.0069921016693115,6.328694820404053,0.31712575161606166,1,0.7090625,0 0 0,1.306 2.634 1.918,0,1.0,0.25,286,288,1,measured,525,0,1,238,0,284,8080,-1,-1,287,1,288,0,9.529404640197754,12.091754913330078,0.7880911173358665,1,0.583515625,0 0 0,5.676 13.373 6.272,0,-1,1.634043574333191,2.2600769996643066,0.7230034970383303,0.3694037656903766,1
78089,202,17056,Program,0,1.0,0.25,23,25,1,measured,262,0,1,238,0,21,8080,-1,-1,24,1,25,-1,9.574017524719238,12.224384307861328,0.7831901618605301,1,0.5619496855345912,-1 -1 -1,5.806 13.347 6.167,0,1.0,0.25,286,288,1,measured,525,0,1,238,0,284,8080,-1,-1,287,1,288,0,8.464804649353027,11.077908515930176,0.7641157748487026,1,0.59453125,0 0 0,4.649 12.332 5.670,0,0,1.169458270072937,1.2698017358779907,0.920977060457653,0.351673640167364,1
78090,203,17057,Program,0,1.0,0.25,23,26,1,measured,262,0,1,237,0,21,8080,-1,-1,25,1,26,1,8.38357925415039,11.019728660583496,0.7607791001367976,1,0.5862421383647799,1 1 1,4.739 12.013 5.633,0,1.0,0.25,286,288,1,measured,525,0,1,238,0,284,8080,-1,-1,287,1,288,0,1.9979687929153442,6.0413618087768555,0.3307149705903571,1,0.714921875,0 0 0,1.238 2.481 2.340,0,-1,1.3258625268936157,1.394234299659729,0.9509610595702603,0.28498953974895397,1
78091,204,17058,Program,0,1.0,0.25,23,26,1,measured,262,0,1,237,0,21,8080,-1,-1,25,1,26,0,7.416630744934082,10.239327430725098,0.7243279204724947,1,0.58359375,0 0 0,3.596 11.295 6.347,0,1.0,0.25,286,288,1,measured,525,0,1,238,0,284,8080,-1,-1,287,1,288,0,7.483154296875,10.255817413330078,0.7296497193045492,1,0.596015625,0 0 0,3.406 11.606 6.392,0,-1,1.4477639198303223,1.9899123907089233,0.7275515879945569,0.39586820083682006,1
78092,205,17059,Program,0,1.0,0.25,23,26,1,measured,262,0,1,237,0,21,8080,-1,-1,25,1,26,0,6.395869255065918,9.122858047485352,0.701081746726169,1,0.610703125,0 0 0,2.671 10.104 5.568,0,1.0,0.25,286,288,1,measured,525,0,1,238,0,284,8080,-1,-1,287,1,288,0,6.611884593963623,9.429637908935547,0.7011811755463256,1,0.62609375,0 0 0,2.638 10.366 5.920,0,-1,1.6896451711654663,2.3213508129119873,0.7278715314235136,0.4190376569037657,1
78093,206,17060,Program,0,1.0,0.25,23,26,1,measured,262,0,1,237,0,21,8080,-1,-1,25,1,26,0,1.8389160633087158,5.8130011558532715,0.31634538063992307,1,0.615,0 0 0,1.159 2.444 2.032,0,1.0,0.25,286,288,1,measured,525,0,1,238,0,284,8080,-1,-1,287,1,288,0,5.94387674331665,8.654156684875488,0.6868233335438123,1,0.6465625,0 0 0,2.039 9.546 5.335,0,-1,1.7176164388656616,2.365835189819336,0.7260084921624761,0.472907949790795,1
78094,207,17061,Program,0,1.0,0.25,23,26,1,measured,262,0,1,237,0,21,8080,-1,-1,25,1,26,0,5.879296779632568,8.605345726013184,0.6832144770035194,1,0.64890625,0 0 0,2.171 9.606 4.863,0,1.0,0.25,286,288,1,measured,525,0,1,238,0,284,8080,-1,-1,287,1,288,0,5.566972732543945,8.529569625854492,0.6526674822689247,1,0.659921875,0 0 0,1.755 8.894 5.487,0,-1,1.546850323677063,2.0712902545928955,0.7468051955765566,0.43049163179916317,1
78095,208,17062,Program,0,1.0,0.25,23,26,1,measured,262,0,1,237,0,21,8080,-1,-1,25,1,26,0,5.546269416809082,8.457940101623535,0.6557470672728521,1,0.669609375,0 0 0,1.727 9.155 5.064,0,1.0,0.25,286,288,1,measured,525,0,1,238,0,284,8080,-1,-1,287,1,288,0,1.6588672399520874,5.70269250869751,0.2908919317361145,1,0.650703125,0 0 0,1.042 1.958 2.425,0,-1,1.3963810205459595,1.812711238861084,0.770327336538884,0.28253138075313805,1
78096,209,17063,Program,0,1.0,0.25,23,26,1,measured,262,0,1,237,0,21,8080,-1,-1,25,1,26,0,4.921367168426514,7.783726215362549,0.6322636526851796,1,0.69,0 0 0,1.554 8.125 4.668,0,1.0,0.25,286,288,1,measured,525,0,1,238,0,284,8080,-1,-1,287,1,288,0,4.956357479095459,7.921482086181641,0.6256856261458204,1,0.568125,0 0 0,1.448 7.995 5.020,0,-1,1.483075499534607,1.9681675434112549,0.7535311231502783,0.476673640167364,1
78097,210,17064,Program,0,1.0,0.25,23,26,1,measured,262,0,1,237,0,21,8080,-1,-1,25,1,26,0,4.489336013793945,7.453105449676514,0.6023443575441154,1,0.670546875,0 0 0,1.622 7.035 4.778,0,1.0,0.25,286,288,1,measured,525,0,1,238,0,284,8080,-1,-1,287,1,288,0,4.372783184051514,7.543445587158203,0.579679820518046,1,0.59734375,0 0 0,1.343 6.776 5.022,0,-1,1.5178163051605225,2.1576664447784424,0.7034527087509941,0.4695083682008368,1
78098,211,17065,Program,0,1.0,0.25,23,26,1,measured,262,0,1,237,0,21,8080,-1,-1,25,1,26,0,1.9273828268051147,5.739190101623535,0.3358283647478214,1,0.612734375,0 0 0,1.350 2.429 2.001,0,1.0,0.25,286,288,1,measured,525,0,1,238,0,284,8080,-1,-1,287,1,288,0,3.7589354515075684,7.075776100158691,0.5312400220554273,1,0.60890625,0 0 0,1.292 5.632 4.585,0,-1,1.554352045059204,2.1722731590270996,0.715541707358459,0.47018828451882844,1
78099,212,17066,Program,0,1.0,0.25,23,26,1,measured,262,0,1,237,0,21,8080,-1,-1,25,1,26,0,3.83740234375,7.016371726989746,0.546921185630564,1,0.701328125,0 0 0,1.502 5.864 4.403,0,1.0,0.25,286,288,1,measured,525,0,1,238,0,284,8080,-1,-1,287,1,288,0,3.708125114440918,6.718199729919434,0.5519521990283827,1,0.6959375,0 0 0,1.390 5.344 5.152,0,-1,1.5705196857452393,2.073925018310547,0.7572692705277311,0.4516213389121339,1
78100,213,17067,Program,0,1.0,0.25,23,26,1,measured,262,0,1,237,0,21,8080,-1,-1,25,1,26,0,3.4438183307647705,6.749813079833984,0.5102094369181366,1,0.5971875,0 0 0,1.444 5.170 4.322,0,1.0,0.25,286,288,1,measured,525,0,1,238,0,284,8080,-1,-1,287,1,288,0,2.542656183242798,5.626100540161133,0.4519393432613587,1,0.72015625,0 0 0,1.306 3.412 3.366,0,-1,1.762285828590393,2.348884344100952,0.7502650494547518,0.49461297071129706,1
78101,214,17068,Program,0,1.0,0.25,23,26,1,measured,262,0,1,237,0,21,8080,-1,-1,25,1,26,0,3.355224609375,6.778773784637451,0.49496040375013745,1,0.613203125,0 0 0,1.230 5.225 4.720,0,1.0,0.25,286,288,1,measured,525,0,1,238,0,284,8080,-1,-1,287,1,288,0,3.493896484375,6.863109111785889,0.5090836277650018,1,0.69640625,0 0 0,1.370 5.302 4.689,0,-1,1.818158745765686,2.4781229496002197,0.73368383358824,0.48927824267782427,1
78102,215,17069,Program,0,1.0,0.25,23,26,1,measured,262,0,1,237,0,21,8080,-1,-1,25,1,26,0,2.658447265625,6.227987289428711,0.4268549600506422,1,0.719453125,0 0 0,1.178 3.941 3.811,0,1.0,0.25,286,288,1,measured,525,0,1,238,0,284,8080,-1,-1,287,1,288,0,3.230361223220825,6.619280815124512,0.48802299123489606,1,0.720078125,0 0 0,1.144 4.886 5.141,0,-1,1.6151152849197388,2.174527883529663,0.7427429637269615,0.47620292887029286,1
78103,216,17070,Program,0,1.0,0.25,23,26,1,measured,262,0,1,237,0,21,8080,-1,-1,25,1,26,0,3.1034276485443115,6.609129428863525,0.4695667836358233,1,0.6046875,0 0 0,1.169 4.880 4.568,0,1.0,0.25,286,288,1,measured,525,0,1,238,0,284,8080,-1,-1,287,1,288,0,2.5908203125,6.093809127807617,0.4251561311097555,1,0.7296875,0 0 0,1.171 3.695 3.747,0,-1,1.6039917469024658,2.197124481201172,0.7300413611638248,0.4672594142259414,1
78104,217,17071,Program,0,1.0,0.25,23,26,1,measured,262,0,1,237,0,21,8080,-1,-1,25,1,26,0,2.7245116233825684,5.841106414794922,0.46643759416566366,1,0.606015625,0 0 0,1.115 4.137 3.965,0,1.0,0.25,286,288,1,measured,525,0,1,238,0,284,8080,-1,-1,287,1,288,0,3.096386671066284,6.320538520812988,0.48989285657703846,1,0.611484375,0 0 0,1.159 4.651 4.807,0,-1,1.399501919746399,1.8503590822219849,0.7563407195893141,0.3005753138075314,1
78105,218,17072,Program,0,1.0,0.25,23,26,1,measured,262,0,1,237,0,21,8080,-1,-1,25,1,26,0,3.306699275970459,6.429245471954346,0.5143215157042832,1,0.59421875,0 0 0,1.221 5.062 5.503,0,1.0,0.25,286,288,1,measured,525,0,1,238,0,284,8080,-1,-1,287,1,288,0,2.618955135345459,6.115900039672852,0.42822072276471523,1,0.642421875,0 0 0,1.048 3.758 4.247,0,-1,1.3528679609298706,1.656205654144287,0.8168478096573446,0.2995292887029289,1
78106,219,17073,Program,0,1.0,0.25,23,26,1,measured,262,0,1,237,0,21,8080,-1,-1,25,1,26,0,2.892753839492798,5.470931529998779,0.5287497793805223,1,0.601015625,0 0 0,1.261 4.257 4.460,0,1.0,0.25,286,288,1,measured,525,0,1,238,0,284,8080,-1,-1,287,1,288,0,3.2363085746765137,5.77290678024292,0.5606029506231404,1,0.6109375,0 0 0,1.204 4.761 5.286,0,-1,1.3914339542388916,1.589525818824768,0.8753767556085766,0.29497907949790797,1
78107,220,17074,Program,0,1.0,0.25,23,25,1,measured,262,0,1,238,0,21,8080,-1,-1,24,1,25,-1,2.6794614791870117,6.285215377807617,0.4263117996955023,1,0.6421383647798742,-1 -1 -1,1.044 3.922 5.091,0,1.0,0.25,286,288,1,measured,525,0,1,238,0,284,8080,-1,-1,287,1,288,0,2.440185546875,6.05889368057251,0.4027444077289742,1,0.753828125,0 0 0,1.113 3.236 4.401,0,0,1.1259387731552124,1.2334500551223755,0.9128369393469309,0.42829497907949793,1
78108,221,17075,Program,0,1.0,0.25,23,26,1,measured,262,0,1,237,0,21,8080,-1,-1,25,1,26,1,2.6340408325195312,5.754806041717529,0.45771148730729394,1,0.605503144654088,1 1 1,1.169 3.695 4.326,0,1.0,0.25,286,288,1,measured,525,0,1,238,0,284,8080,-1,-1,287,1,288,0,2.783642530441284,5.965447902679443,0.46662758201123206,1,0.6159375,0 0 0,1.093 3.880 4.528,0,-1,1.3072264194488525,1.3738856315612793,0.951481251000001,0.38802301255230126,1
78109,222,17076,Program,0,1.0,0.25,23,26,1,measured,262,0,1,237,0,21,8080,-1,-1,25,1,26,0,2.302841901779175,5.913168430328369,0.3894429744243382,1,0.6209375,0 0 0,1.185 3.162 4.098,0,1.0,0.25,286,288,1,measured,525,0,1,238,0,284,8080,-1,-1,287,1,288,0,2.259873151779175,6.024380683898926,0.3751212399008963,1,0.611015625,0 0 0,1.142 2.875 4.402,0,-1,1.486428141593933,2.015939712524414,0.7373375961390173,0.5074790794979079,1
78110,223,17077,Program,0,1.0,0.25,23,26,1,measured,262,0,1,237,0,21,8080,-1,-1,25,1,26,0,2.236220598220825,5.855807781219482,0.38188080650337336,1,0.73421875,0 0 0,1.248 2.994 4.651,0,1.0,0.25,286,288,1,measured,525,0,1,238,0,284,8080,-1,-1,287,1,288,0,1.979306697845459,5.7264838218688965,0.3456408433892147,1,0.643515625,0 0 0,1.074 2.429 4.391,0,-1,1.3381441831588745,1.80054771900177,0.7431872918651367,0.49623430962343096,1
78111,224,17078,Program,0,1.0,0.25,23,26,1,measured,262,0,1,237,0,21,8080,-1,-1,25,1,26,0,1.8597558736801147,5.868563175201416,0.3169013978649528,1,0.63171875,0 0 0,1.118 2.413 3.685,0,1.0,0.25,286,288,1,measured,525,0,1,238,0,284,8080,-1,-1,287,1,288,0,1.9550487995147705,5.784463405609131,0.33798274142749024,1,0.73796875,-1 0 0,1.215 2.306 3.881,0,-1,1.6537877321243286,2.276902914047241,0.726332125063992,0.4945083682008368,1
78112,225,17079,Program,0,1.0,0.25,23,26,1,measured,262,0,1,237,0,21,8080,-1,-1,25,1,26,0,2.210878849029541,6.064249038696289,0.3645758666772766,1,0.6921875,0 0 0,1.483 2.744 3.871,0,1.0,0.25,286,288,1,measured,525,0,1,238,0,284,8080,-1,-1,287,1,288,0,2.0330567359924316,5.942354679107666,0.34212981987432056,1,0.763515625,0 0 0,1.177 2.415 4.482,0,-1,1.581024169921875,2.125068426132202,0.7439874172896483,0.43127615062761504,1
78113,226,17080,Program,0,1.0,0.25,23,26,1,measured,262,0,1,237,0,21,8080,-1,-1,25,1,26,0,2.0391602516174316,6.000324249267578,0.33984167636712953,1,0.619765625,0 0 0,1.177 2.599 3.991,0,1.0,0.25,286,288,1,measured,525,0,1,238,0,284,8080,-1,-1,287,1,288,0,2.0617284774780273,6.093739986419678,0.33833548560862986,1,0.75421875,0 0 0,1.171 2.351 4.103,0,-1,1.434185266494751,1.947002649307251,0.7366118721025049,0.49701882845188283,1
78114,227,17081,Program,0,1.0,0.25,23,26,1,measured,262,0,1,237,0,21,8080,-1,-1,25,1,26,0,2.912480354309082,5.194821357727051,0.5606507238168845,1,0.610625,0 0 0,1.161 4.183 5.465,0,1.0,0.25,286,288,1,measured,525,0,1,238,0,284,8080,-1,-1,287,1,288,0,2.4935741424560547,5.422906875610352,0.4598224162157314,1,0.61671875,0 0 0,1.127 3.180 4.755,0,-1,1.1127293109893799,1.3668204545974731,0.8141005698638577,0.2994246861924686,1
78115,228,17082,Program,0,1.0,0.25,23,26,1,measured,262,0,1,237,0,21,8080,-1,-1,25,1,26,0,2.356142520904541,5.606485843658447,0.42025300457497766,1,0.603203125,0 0 0,1.149 3.145 5.149,0,1.0,0.25,286,288,1,measured,525,0,1,238,0,284,8080,-1,-1,287,1,288,0,1.9502246379852295,5.660151481628418,0.34455343541868466,1,0.641640625,0 0 0,0.997 2.335 4.528,0,-1,1.2497429847717285,1.5648865699768066,0.7986157008109867,0.30517782426778245,1
78116,229,17083,Program,0,1.0,0.25,23,26,1,measured,262,0,1,237,0,21,8080,-1,-1,25,1,26,0,1.9982421398162842,5.933696746826172,0.3367617566376489,1,0.605859375,0 0 0,1.188 2.576 4.134,0,1.0,0.25,286,288,1,measured,525,0,1,238,0,284,8080,-1,-1,287,1,288,0,2.0218067169189453,5.972248554229736,0.33853358556000446,1,0.6140625,0 0 0,1.343 2.314 3.985,0,-1,1.5430107116699219,1.9801855087280273,0.7792253326109205,0.48723849372384936,1
78117,230,17084,Program,0,1.0,0.25,23,26,1,measured,262,0,1,237,0,21,8080,-1,-1,25,1,26,0,2.1294825077056885,5.565949440002441,0.38259106207489274,1,0.628125,0 0 0,1.108 2.923 4.447,0,1.0,0.25,286,288,1,measured,525,0,1,238,0,284,8080,-1,-1,287,1,288,0,2.391005754470825,5.879697322845459,0.4066545645437589,1,0.6634375,0 0 0,1.753 2.769 4.377,0,-1,1.650550127029419,2.00897479057312,0.8215882721746599,0.434989539748954,1
78118,231,17085,Program,0,1.0,0.25,23,25,1,measured,262,0,1,238,0,21,8080,-1,-1,24,1,25,-3,46.28597640991211,46.720054626464844,0.9907089531460683,1,0.6294585987261146,-3 -3 3,39.694 50.763 79.362,0,1.0,0.25,286,288,1,measured,525,0,1,238,0,284,8080,-1,-1,287,1,288,-3,45.12712097167969,45.46601104736328,0.9925462984793066,1,0.6179936305732484,-3 -3 3,37.722 48.210 81.544,0,0,2.6600654125213623,4.677098751068115,0.5687426231729402,0.549163179916318,1
78119,232,17086,Program,0,1.0,0.25,23,26,1,measured,262,0,1,237,0,21,8080,-1,-1,25,1,26,0,17.722665786743164,17.858402252197266,0.9923992939828982,1,0.480625,0 -3 -3,10.084 24.698 18.944,0,1.0,0.25,286,288,1,measured,525,0,1,238,0,284,8080,-1,-1,287,1,288,0,17.501747131347656,17.51571273803711,0.9992026812212371,1,0.481875,0 -3 -2,9.651 24.152 19.157,0,0,1.2930948734283447,1.3434436321258545,0.9625226116723347,0.3692468619246862,1
78120,233,17087,Program,0,1.0,0.25,23,25,1,measured,262,0,1,238,0,21,8080,-1,-1,24,1,25,-1,2.1854755878448486,8.213086128234863,0.26609675750649237,1,0.6489779874213837,-1 -1 -1,1.804 2.558 2.366,0,1.0,0.25,286,288,1,measured,525,0,1,238,0,284,8080,-1,-1,287,1,288,0,17.284395217895508,17.314023971557617,0.9982887424835046,1,0.489921875,-1 -3 -2,9.244 23.695 20.107,0,0,1.4053632020950317,1.5698356628417969,0.8952295041832413,0.3557008368200837,1
78121,234,17088,Program,0,1.0,0.25,23,26,1,measured,262,0,1,237,0,21,8080,-1,-1,25,1,26,0,17.2930850982666,17.3101806640625,0.9990123981876521,1,0.48609375,1 1 -1,9.671 24.216 19.167,0,1.0,0.25,286,288,1,measured,525,0,1,238,0,284,8080,-1,-1,287,1,288,0,15.703330039978027,16.1838436126709,0.9703090573418134,1,0.49375,0 0 -3,8.650 21.032 18.690,0,0,1.663172960281372,1.6703057289123535,0.9957296628350631,0.33807531380753136,1
78122,235,17089,Program,0,1.0,0.25,23,25,1,measured,262,0,1,238,0,21,8080,-1,-1,24,1,25,-1,16.23232078552246,16.632862091064453,0.9759186781355463,1,0.5516509433962264,-1 -1 -3,9.703 21.910 18.256,0,1.0,0.25,286,288,1,measured,525,0,1,238,0,284,8080,-1,-1,287,1,288,0,2.0379297733306885,8.624282836914062,0.23630136115293499,1,0.686328125,0 0 0,1.628 2.152 2.564,0,0,1.5276867151260376,1.8095780611038208,0.8442226107638413,0.291265690376569,1
78123,236,17090,Program,0,1.0,0.25,23,25,1,measured,262,0,1,238,0,21,8080,-1,-1,24,1,25,1,12.835613250732422,13.2822847366333,0.9663708846213082,1,0.5477987421383648,0 1 -1,8.056 16.796 18.028,0,1.0,0.25,286,288,1,measured,525,0,1,238,0,284,8080,-1,-1,287,1,288,1,12.870037078857422,13.2741117477417,0.969559193371035,1,0.5092767295597485,0 1 -1,7.661 16.464 18.452,0,0,2.1866614818573,2.769334316253662,0.7895982326956471,0.3937238493723849,1
78124,237,17091,Program,0,1.0,0.25,23,26,1,measured,262,0,1,237,0,21,8080,-1,-1,25,1,26,2,11.193216323852539,13.82369327545166,0.8097124336323083,1,0.5710443037974684,2 2 2,7.445 13.951 20.936,0,1.0,0.25,286,288,1,measured,525,0,1,238,0,284,8080,-1,-1,287,1,288,1,11.08987808227539,13.487841606140137,0.8222129534222059,1,0.5436320754716981,1 1 1,7.153 13.744 20.483,0,-1,1.7445648908615112,1.8005828857421875,0.9688889662762811,0.3782949790794979,1
78125,238,17092,Program,0,1.0,0.25,23,25,1,measured,262,0,1,238,0,21,8080,-1,-1,24,1,25,-1,2.580611228942871,8.736738204956055,0.29537467741438994,1,0.6977201257861635,-1 -1 -1,2.013 3.015 2.955,0,1.0,0.25,286,288,1,measured,525,0,1,238,0,284,8080,-1,-1,287,1,288,1,12.229628562927246,14.598427772521973,0.8377360051023152,1,0.5589622641509434,1 1 1,8.432 14.763 21.357,0,0,1.873939871788025,1.9604980945587158,0.9558488615668999,0.3453451882845188,1
78126,239,17093,Program,0,1.0,0.25,23,25,1,measured,262,0,1,238,0,21,8080,-1,-1,24,1,25,1,12.21391487121582,14.58712387084961,0.8373079559311671,1,0.5549528301886792,1 1 2,8.785 14.626 22.279,0,1.0,0.25,286,288,1,measured,525,0,1,238,0,284,8080,-1,-1,287,1,288,2,13.102729797363281,13.337706565856934,0.9823825207629648,1,0.5636075949367089,1 2 2,10.182 14.023 21.431,0,0,2.873316526412964,3.4419100284576416,0.8348029154325481,0.3223326359832636,1
78127,240,17094,Program,0,1.0,0.25,23,25,1,measured,262,0,1,238,0,21,8080,-1,-1,24,1,25,2,13.012064933776855,13.334610939025879,0.9758113673714288,1,0.5390822784810126,1 2 2,10.622 13.962 22.251,0,1.0,0.25,286,288,1,measured,525,0,1,238,0,284,8080,-1,-1,287,1,288,0,2.527880907058716,8.219094276428223,0.30756197970724075,1,0.624296875,0 0 0,1.920 2.754 2.820,0,0,2.4724321365356445,2.6321184635162354,0.9393316337414135,0.25967573221757323,1
78128,241,17095,Program,0,1.0,0.25,23,25,1,measured,262,0,1,238,0,21,8080,-1,-1,24,1,25,1,12.723928451538086,13.659414291381836,0.9315134734266038,1,0.5286163522012579,1 1 2,9.898 14.193 21.640,0,1.0,0.25,286,288,1,measured,525,0,1,238,0,284,8080,-1,-1,287,1,288,1,12.888364791870117,13.798832893371582,0.9340184703636191,1,0.5584905660377358,1 1 2,10.238 13.897 20.884,0,0,1.9105700254440308,2.2060515880584717,0.8660586342522969,0.41767782426778244,1
78129,242,17096,Program,0,1.0,0.25,23,26,1,measured,262,0,1,237,0,21,8080,-1,-1,25,1,26,2,14.758633613586426,15.177014350891113,0.972433264696747,1,0.5367088607594936,-2 2 3,9.738 17.924 20.585,0,1.0,0.25,286,288,1,measured,525,0,1,238,0,284,8080,-1,-1,287,1,288,1,14.781937599182129,15.231572151184082,0.9704800957157269,1,0.5369496855345912,-3 1 2,9.202 17.658 20.335,0,-1,1.7636629343032837,1.9119133949279785,0.9224596359762,0.37777196652719663,1
78130,243,17097,Program,0,1.0,0.25,23,26,1,measured,262,0,1,237,0,21,8080,-1,-1,25,1,26,0,2.6032910346984863,7.901139736175537,0.32948297607992716,1,0.613203125,0 0 0,2.016 3.084 2.588,0,1.0,0.25,286,288,1,measured,525,0,1,238,0,284,8080,-1,-1,287,1,288,1,16.051326751708984,16.091337203979492,0.9975135408721276,1,0.5275943396226415,-3 1 3,8.197 20.304 20.838,0,-1,2.441314220428467,3.368997812271118,0.7246410821450553,0.30167364016736403,1
78131,244,17098,Program,0,1.0,0.25,23,26,1,measured,262,0,1,237,0,21,8080,-1,-1,25,1,26,-2,16.145183563232422,16.14972496032715,0.9997187941524773,1,0.5547468354430379,-3 1 3,8.699 20.638 21.008,0,1.0,0.25,286,288,1,measured,525,0,1,238,0,284,8080,-1,-1,287,1,288,-1,16.405729293823242,16.497217178344727,0.994454344418671,1,0.5474056603773585,-2 1 3,8.114 22.319 20.247,0,-1,3.0676279067993164,3.352102279663086,0.9151355331280758,0.3219142259414226,1
78132,245,17099,Program,0,1.0,0.25,23,26,1,measured,262,0,1,237,0,21,8080,-1,-1,25,1,26,-1,16.30970001220703,16.369178771972656,0.9963664176074939,1,0.5530660377358491,-2 2 3,8.402 22.556 19.799,0,1.0,0.25,286,288,1,measured,525,0,1,238,0,284,8080,-1,-1,287,1,288,0,2.2188477516174316,7.815556049346924,0.2839014572485653,1,0.6525,0 0 0,1.631 2.521 2.661,0,-1,1.5425790548324585,1.8192083835601807,0.8479397240978188,0.2364539748953975,1
78133,246,17100,Program,0,1.0,0.25,23,26,1,measured,262,0,1,237,0,21,8080,-1,-1,25,1,26,0,15.021903991699219,15.110809326171875,0.9941164412472155,1,0.524453125,-2 2 3,7.069 21.539 19.171,0,1.0,0.25,286,288,1,measured,525,0,1,238,0,284,8080,-1,-1,287,1,288,0,15.310312271118164,15.340811729431152,0.9980118745441302,1,0.53875,-2 2 3,7.201 21.311 19.658,0,-1,1.8265430927276611,2.032982110977173,0.8984550738863685,0.40502092050209204,1
78134,247,17101,Program,0,1.0,0.25,23,26,1,measured,262,0,1,237,0,21,8080,-1,-1,25,1,26,1,14.350412368774414,14.460663795471191,0.9923757700022522,1,0.495440251572327,-1 1 2,7.467 19.884 19.366,0,1.0,0.25,286,288,1,measured,525,0,1,238,0,284,8080,-1,-1,287,1,288,1,14.342167854309082,14.686963081359863,0.9765237220832683,1,0.4921383647798742,-1 1 2,7.606 19.580 19.289,0,-1,1.8260565996170044,2.0183048248291016,0.9047476759471277,0.3792887029288703,1
78135,248,17102,Program,0,1.0,0.25,23,26,1,measured,262,0,1,237,0,21,8080,-1,-1,25,1,26,0,2.162792921066284,7.632429122924805,0.2833688837764779,1,0.66109375,0 0 0,1.669 2.611 2.284,0,1.0,0.25,286,288,1,measured,525,0,1,238,0,284,8080,-1,-1,287,1,288,1,11.169978141784668,11.937373161315918,0.935714917414322,1,0.5126572327044026,-2 1 2,6.432 14.155 16.187,0,-1,1.9627777338027954,2.4172627925872803,0.8119835955866289,0.3319560669456067,1
78136,249,17103,Program,0,1.0,0.25,23,26,1,measured,262,0,1,237,0,21,8080,-1,-1,25,1,26,1,11.297317504882812,12.018967628479004,0.9399573951854037,1,0.5047955974842767,-1 1 2,6.628 14.769 16.343,0,1.0,0.25,286,288,1,measured,525,0,1,238,0,284,8080,-1,-1,287,1,288,1,7.469880104064941,9.762866020202637,0.765131887358411,1,0.582625786163522,-1 1 2,5.584 8.381 10.833,0,-1,1.7229317426681519,1.8055038452148438,0.9542664488001319,0.34042887029288704,1
78137,250,17104,Program,0,1.0,0.25,23,26,1,measured,262,0,1,237,0,21,8080,-1,-1,25,1,26,1,7.461419105529785,9.679094314575195,0.7708798843187281,1,0.5754716981132075,-1 1 2,5.390 8.654 10.312,0,1.0,0.25,286,288,1,measured,525,0,1,238,0,284,8080,-1,-1,287,1,288,0,2.163095712661743,8.338768005371094,0.2594023135394184,1,0.662734375,0 0 0,1.577 2.498 2.791,0,-1,1.6570924520492554,1.744171142578125,0.9500744574869211,0.3375523012552301,1
78138,251,17105,Program,0,1.0,0.25,23,25,1,measured,262,0,1,238,0,21,8080,-1,-1,24,1,25,0,8.488271713256836,10.363630294799805,0.8190442414291859,1,0.570390625,-2 0 0,6.217 10.391 8.482,0,1.0,0.25,286,288,1,measured,525,0,1,238,0,284,8080,-1,-1,287,1,288,1,8.389897346496582,10.362138748168945,0.8096685009143628,1,0.5634433962264151,-2 1 1,5.848 10.328 8.608,0,0,1.8291983604431152,1.970989465713501,0.9280609522592973,0.41265690376569036,1
78139,252,17106,Program,0,1.0,0.25,23,26,1,measured,262,0,1,237,0,21,8080,-1,-1,25,1,26,2,12.190842628479004,12.305886268615723,0.9906513324090992,1,0.540506329113924,0 2 2,6.946 16.617 11.568,0,1.0,0.25,286,288,1,measured,525,0,1,238,0,284,8080,-1,-1,287,1,288,1,11.957222938537598,12.237587928771973,0.9770898487621728,1,0.5143867924528301,-1 1 1,6.587 15.993 12.051,0,-1,1.6643651723861694,1.6906160116195679,0.9844726188247497,0.38064853556485356,1
78140,253,17107,Program,0,1.0,0.25,23,26,1,measured,262,0,1,237,0,21,8080,-1,-1,25,1,26,0,2.198427677154541,8.326581954956055,0.2640252253622529,1,0.673359375,0 0 0,1.510 2.778 2.349,0,1.0,0.25,286,288,1,measured,525,0,1,238,0,284,8080,-1,-1,287,1,288,1,12.566666603088379,12.68741226196289,0.990483034965569,1,0.5093553459119496,0 1 1,6.933 17.419 12.285,0,-1,1.8061662912368774,2.323472261428833,0.7773565112957986,0.3282426778242678,1
78141,254,17108,Program,0,1.0,0.25,23,26,1,measured,262,0,1,237,0,21,8080,-1,-1,25,1,26,1,12.864956855773926,12.961474418640137,0.9925535043507545,1,0.5265723270440251,0 1 1,7.241 17.995 11.808,0,1.0,0.25,286,288,1,measured,525,0,1,238,0,284,8080,-1,-1,287,1,288,0,11.999120712280273,13.050402641296387,0.9194444832154479,1,0.52796875,0 0 0,6.627 16.883 12.077,0,-1,2.024758815765381,2.3420088291168213,0.8645393606517374,0.3686192468619247,1
78142,255,17109,Program,0,1.0,0.25,23,26,1,measured,262,0,1,237,0,21,8080,-1,-1,25,1,26,0,12.004746437072754,12.95119857788086,0.9269216563149193,1,0.5003125,0 0 0,6.489 17.211 11.931,0,1.0,0.25,286,288,1,measured,525,0,1,238,0,284,8080,-1,-1,287,1,288,0,2.327500104904175,8.469880104064941,0.27479729067087266,1,0.6415625,0 0 0,1.663 2.766 2.818,0,-1,1.7245702743530273,2.0006682872772217,0.8619971063269336,0.2844665271966527,1
78143,256,17110,Program,0,1.0,0.25,23,26,1,measured,262,0,1,237,0,21,8080,-1,-1,25,1,26,0,10.73275375366211,11.801464080810547,0.9094425640894688,1,0.52484375,0 0 0,5.723 15.584 10.639,0,1.0,0.25,286,288,1,measured,525,0,1,238,0,284,8080,-1,-1,287,1,288,0,10.714550971984863,11.739288330078125,0.9127087324818742,1,0.519140625,0 0 0,5.946 15.273 10.990,0,-1,1.7880953550338745,1.9336214065551758,0.9247391185120557,0.3667364016736402,1
78144,257,17111,Program,0,1.0,0.25,23,26,1,measured,262,0,1,237,0,21,8080,-1,-1,25,1,26,-1,9.596186637878418,10.1248140335083,0.947788927887428,1,0.5639150943396226,0 -1 -1,4.662 13.576 9.859,0,1.0,0.25,286,288,1,measured,525,0,1,238,0,284,8080,-1,-1,287,1,288,-1,9.413354873657227,10.18521499633789,0.9242175915817008,1,0.5671383647798742,0 -1 -1,4.597 13.217 9.991,0,-1,1.9083976745605469,2.1323001384735107,0.8949948649943562,0.41323221757322176,1
78145,258,17112,Program,0,1.0,0.25,23,26,1,measured,262,0,1,237,0,21,8080,-1,-1,25,1,26,0,2.580810546875,8.585515022277832,0.30060055106516864,1,0.625,0 0 0,1.823 3.227 2.739,0,1.0,0.25,286,288,1,measured,525,0,1,238,0,284,8080,-1,-1,287,1,288,-1,9.063796997070312,10.2394437789917,0.8851845073524927,1,0.5356132075471698,0 -1 -1,3.845 13.787 9.849,0,-1,1.7883185148239136,2.3588449954986572,0.7581331194870925,0.384989539748954,1
78146,259,17113,Program,0,1.0,0.25,23,26,1,measured,262,0,1,237,0,21,8080,-1,-1,25,1,26,-1,9.110003471374512,10.229013442993164,0.8906043111728268,1,0.5420597484276729,0 -1 -1,3.977 13.915 9.780,0,1.0,0.25,286,288,1,measured,525,0,1,238,0,284,8080,-1,-1,287,1,288,-2,10.422715187072754,10.607114791870117,0.9826154794762194,1,0.5503955696202532,0 -2 -2,3.962 15.158 11.630,0,-1,1.7142881155014038,1.9177221059799194,0.8939189417256236,0.3805962343096234,1
78147,260,17114,Program,0,1.0,0.25,23,26,1,measured,262,0,1,237,0,21,8080,-1,-1,25,1,26,-2,10.392217636108398,10.474430084228516,0.9921511292300375,1,0.5685126582278481,0 -2 -2,4.128 15.169 11.040,0,1.0,0.25,286,288,1,measured,525,0,1,238,0,284,8080,-1,-1,287,1,288,0,2.295888662338257,8.189160346984863,0.2803570286889756,1,0.653046875,0 0 0,1.863 2.505 2.895,0,-1,2.0254576206207275,2.2436065673828125,0.9027686271142638,0.32421548117154814,1
78148,261,17115,Program,0,1.0,0.25,23,26,1,measured,262,0,1,237,0,21,8080,-1,-1,25,1,26,0,41.17634582519531,41.238285064697266,0.9984980161176736,1,0.555703125,3 -3 3,34.902 47.407 67.000,0,1.0,0.25,286,288,1,measured,525,0,1,238,0,284,8080,-1,-1,287,1,288,0,41.44065475463867,41.4854850769043,0.9989193733137621,1,0.556875,3 -3 0,35.267 47.796 64.573,0,-1,2.5165364742279053,3.509636640548706,0.7170361869240296,0.49576359832635986,1
78149,262,17116,Program,0,1.0,0.25,23,26,1,measured,262,0,1,237,0,21,8080,-1,-1,25,1,26,3,23.288663864135742,24.05386734008789,0.968187923167063,1,0.526671974522293,3 3 -3,21.268 25.702 13.182,0,1.0,0.25,286,288,1,measured,525,0,1,238,0,284,8080,-1,-1,287,1,288,3,23.160669326782227,23.944026947021484,0.9672837980857392,1,0.5386146496815286,3 3 -3,21.122 26.369 13.002,0,-1,2.1519312858581543,2.6938109397888184,0.798842730227703,0.519979079497908,1
78150,263,17117,Program,0,1.0,0.25,23,26,1,measured,262,0,1,237,0,21,8080,-1,-1,25,1,26,0,1.7620702981948853,3.4915289878845215,0.5046701042177238,1,0.72953125,0 0 0,1.746 1.784 1.676,0,1.0,0.25,286,288,1,measured,525,0,1,238,0,284,8080,-1,-1,287,1,288,3,21.119714736938477,21.90462875366211,0.9641667509844281,1,0.5573248407643312,3 3 3,16.923 25.279 19.508,0,-1,2.7634496688842773,3.7220003604888916,0.7424635683058594,0.29602510460251047,1
78151,264,17118,Program,0,1.0,0.25,23,26,1,measured,262,0,1,237,0,21,8080,-1,-1,25,1,26,3,21.2893009185791,22.074634552001953,0.9644237085070281,1,0.5637738853503185,3 3 3,16.981 25.908 19.876,0,1.0,0.25,286,288,1,measured,525,0,1,238,0,284,8080,-1,-1,287,1,288,0,18.697988510131836,18.80620002746582,0.9942459658423315,1,0.568515625,0 0 0,15.428 22.405 16.593,0,-1,2.92492413520813,3.4047493934631348,0.8590717839097839,0.4140690376569038,1
78152,265,17119,Program,0,1.0,0.25,23,26,1,measured,262,0,1,237,0,21,8080,-1,-1,25,1,26,0,18.69011688232422,18.795263290405273,0.994405696453599,1,0.54125,0 0 0,15.232 22.553 16.912,0,1.0,0.25,286,288,1,measured,525,0,1,238,0,284,8080,-1,-1,287,1,288,0,1.7966699600219727,4.715860843658447,0.3809845157831589,1,0.72890625,0 0 0,1.729 1.710 1.982,0,-1,1.704346776008606,2.353518009185791,0.7241698467385986,0.2662133891213389,1
78153,266,17120,Program,0,1.0,0.25,23,26,1,measured,262,0,1,237,0,21,8080,-1,-1,25,1,26,-3,24.806608200073242,25.43560218811035,0.97527111867117,1,0.48877388535031846,-3 -3 -3,19.250 31.173 12.110,0,1.0,0.25,286,288,1,measured,525,0,1,238,0,284,8080,-1,-1,287,1,288,-3,24.485340118408203,25.119768142700195,0.9747438741994775,1,0.48519108280254775,-3 -3 -3,18.945 31.556 12.240,0,-1,2.117976665496826,2.611581563949585,0.8109938800049334,0.44680962343096237,1
78154,267,17121,Program,0,1.0,0.25,23,26,1,measured,262,0,1,237,0,21,8080,-1,-1,25,1,26,-3,22.86016082763672,23.63943862915039,0.9670348431813975,1,0.5148089171974523,-3 -3 -1,21.736 24.875 11.801,0,1.0,0.25,286,288,1,measured,525,0,1,238,0,284,8080,-1,-1,287,1,288,-3,22.941679000854492,23.745025634765625,0.9661677925192493,1,0.5130573248407644,-3 -3 -3,22.118 25.450 11.742,0,-1,2.442000389099121,3.1942434310913086,0.7645004026085812,0.49680962343096235,1
78155,268,17122,Program,0,1.0,0.25,23,26,1,measured,262,0,1,237,0,21,8080,-1,-1,25,1,26,0,1.9072167873382568,5.0127949714660645,0.38046973758044283,1,0.696484375,0 0 0,1.836 1.941 2.084,0,1.0,0.25,286,288,1,measured,525,0,1,238,0,284,8080,-1,-1,287,1,288,1,15.296491622924805,15.391435623168945,0.9938313746314074,1,0.5238207547169811,3 1 1,15.682 15.331 8.410,0,-1,2.086668014526367,3.093951463699341,0.6744346312502923,0.29309623430962345,1
78156,269,17123,Program,0,1.0,0.25,23,26,1,measured,262,0,1,237,0,21,8080,-1,-1,25,1,26,1,15.40807819366455,15.427927017211914,0.9987134484415684,1,0.5419811320754717,3 1 1,15.563 15.294 8.390,0,1.0,0.25,286,288,1,measured,525,0,1,238,0,284,8080,-1,-1,287,1,288,3,15.505582809448242,16.05373764038086,0.9658550025413513,1,0.5379777070063694,3 3 -1,14.827 16.459 8.700,0,-1,2.5962846279144287,3.106165647506714,0.835848735240002,0.37076359832635986,1
78157,270,17124,Program,0,1.0,0.25,23,26,1,measured,262,0,1,237,0,21,8080,-1,-1,25,1,26,3,15.434006690979004,16.034128189086914,0.9625722402221805,1,0.5417993630573248,3 3 -1,14.846 16.070 8.466,0,1.0,0.25,286,288,1,measured,525,0,1,238,0,284,8080,-1,-1,287,1,288,0,1.8954004049301147,4.137608051300049,0.4580908538049113,1,0.705859375,0 0 0,1.741 1.988 1.885,0,-1,1.6933473348617554,2.166137218475342,0.7817359493290252,0.23870292887029287,1
78158,271,17125,Program,0,1.0,0.25,23,26,1,measured,262,0,1,237,0,21,8080,-1,-1,25,1,26,3,15.568521499633789,15.913646697998047,0.9783126265830902,1,0.5287420382165605,3 3 3,11.349 19.801 9.969,0,1.0,0.25,286,288,1,measured,525,0,1,238,0,284,8080,-1,-1,287,1,288,3,15.543232917785645,15.909395217895508,0.9769845242327005,1,0.5375,3 3 3,11.133 20.214 10.016,0,-1,2.3006885051727295,2.7578611373901367,0.834229277892488,0.4538702928870293,1
78159,272,17126,Program,0,1.0,0.25,23,26,1,measured,262,0,1,237,0,21,8080,-1,-1,25,1,26,-3,46.485538482666016,46.760494232177734,0.9941199135290039,1,0.6175955414012739,3 -3 3,31.536 55.440 71.692,0,1.0,0.25,286,288,1,measured,525,0,1,238,0,284,8080,-1,-1,287,1,288,-3,47.22000503540039,47.48616409301758,0.994395018787034,1,0.6231687898089172,3 -3 3,31.942 53.012 72.970,0,-1,3.2304458618164062,5.518824577331543,0.5853503434563576,0.6004707112970711,1
78160,273,17127,Program,0,1.0,0.25,23,26,1,measured,262,0,1,237,0,21,8080,-1,-1,25,1,26,0,2.426093816757202,5.577633857727051,0.4349682820065681,1,0.61484375,0 0 0,2.166 2.662 2.663,0,1.0,0.25,286,288,1,measured,525,0,1,238,0,284,8080,-1,-1,287,1,288,1,31.904264450073242,32.27427673339844,0.9885353810905917,1,0.595754716981132,1 1 -3,17.952 42.528 41.021,0,-1,3.77356219291687,4.885481834411621,0.7724032799256813,0.1768828451882845,1
78161,274,17128,Program,0,1.0,0.25,23,26,1,measured,262,0,1,237,0,21,8080,-1,-1,25,1,26,1,32.329734802246094,32.68732452392578,0.989060293955293,1,0.6056603773584905,1 1 -3,19.058 43.506 41.186,0,1.0,0.25,286,288,1,measured,525,0,1,238,0,284,8080,-1,-1,287,1,288,1,22.043405532836914,22.42448616027832,0.9830060486239174,1,0.5484276729559748,1 2 0,14.220 24.937 68.496,0,-1,7.329841136932373,7.41920280456543,0.9879553545054641,0.2985878661087866,1
78162,275,17129,Program,0,1.0,0.25,23,26,1,measured,262,0,1,237,0,21,8080,-1,-1,25,1,26,1,21.906269073486328,22.24691390991211,0.9846879959258525,1,0.5587264150943396,1 2 -3,14.277 26.217 70.822,0,1.0,0.25,286,288,1,measured,525,0,1,238,0,284,8080,-1,-1,287,1,288,0,2.1879100799560547,7.018111228942871,0.311751981207288,1,0.659453125,0 0 0,2.660 1.633 2.541,0,-1,1.837762475013733,2.393606662750244,0.7677796455087368,0.14194560669456066,1
78163,276,17130,Program,0,1.0,0.25,23,26,1,measured,262,0,1,237,0,21,8080,-1,-1,25,1,26,0,37.407020568847656,38.12855911254883,0.98107616546507,1,0.497421875,0 0 -3,14.693 54.429 29.561,0,1.0,0.25,286,288,1,measured,525,0,1,238,0,284,8080,-1,-1,287,1,288,0,37.089210510253906,37.74320983886719,0.9826723977264963,1,0.509296875,0 0 -3,15.098 50.567 32.646,0,-1,2.983736991882324,4.021129131317139,0.7420147163751958,0.43415271966527197,1
78164,277,17131,Program,0,1.0,0.25,26,26,1,measured,262,0,1,237,0,21,8080,-1,-1,25,1,26,0,11.402265548706055,11.921246528625488,0.9564658797489635,1,0.59109375,-1 0 1,14.066 8.651 3.614,0,1.0,0.25,286,288,1,measured,525,0,1,238,0,284,8080,-1,-1,287,1,288,0,10.870927810668945,11.330552101135254,0.9594349607712181,1,0.548203125,-1 0 1,13.597 8.196 3.862,0,-1,2.166142702102661,2.9696638584136963,0.7294235325542024,0.3930439330543933,1
78165,278,17132,Program,0,1.0,0.25,23,25,1,measured,262,0,1,238,0,21,8080,-1,-1,24,1,25,-1,2.1242237091064453,7.986352920532227,0.2659816978091776,1,0.6680817610062894,-1 -1 -1,2.288 2.042 1.492,0,1.0,0.25,286,288,1,measured,525,0,1,238,0,284,8080,-1,-1,287,1,288,-1,10.042089462280273,10.534111022949219,0.9532925408136438,1,0.5821540880503144,-1 0 1,12.478 7.910 3.498,0,0,1.6895289421081543,1.8528579473495483,0.9118502281974553,0.3689330543933054,1
78166,279,17133,Program,0,1.0,0.25,23,26,1,measured,262,0,1,237,0,21,8080,-1,-1,25,1,26,0,10.210039138793945,10.707242965698242,0.9535637858880068,1,0.579375,0 1 2,12.151 8.207 3.135,0,1.0,0.25,286,288,1,measured,525,0,1,238,0,284,8080,-1,-1,287,1,288,-1,8.61758041381836,9.91756820678711,0.8689207106154208,1,0.5819182389937106,-1 -1 0,10.762 7.076 3.689,0,-1,2.082486629486084,2.2236764430999756,0.9365061342211,0.3809100418410042,1
78167,280,17134,Program,0,1.0,0.25,23,26,1,measured,262,0,1,237,0,21,8080,-1,-1,25,1,26,-1,8.818641662597656,10.018837928771973,0.8802060403904122,1,0.6150943396226415,-1 -1 0,10.583 7.493 3.064,0,1.0,0.25,286,288,1,measured,525,0,1,238,0,284,8080,-1,-1,287,1,288,0,2.0147461891174316,7.294349670410156,0.276206417316452,1,0.717890625,0 0 0,2.360 1.728 1.531,0,-1,2.103379726409912,3.0230352878570557,0.695784046867987,0.31569037656903765,1
78168,281,17135,Program,0,1.0,0.25,23,26,1,measured,262,0,1,237,0,21,8080,-1,-1,25,1,26,-2,7.8994460105896,9.294536590576172,0.8499020831871199,1,0.6076740506329114,-2 -2 -1,9.396 6.864 3.162,0,1.0,0.25,286,288,1,measured,525,0,1,238,0,284,8080,-1,-1,287,1,288,-2,7.634434223175049,9.143739700317383,0.8349356470536945,1,0.6071993670886076,-2 -2 -1,9.485 6.434 3.509,0,-1,2.183849573135376,2.947873592376709,0.7408219873412746,0.3922071129707113,1
78169,282,17136,Program,0,1.0,0.25,23,26,1,measured,262,0,1,237,0,21,8080,-1,-1,25,1,26,-2,8.099337577819824,8.918268203735352,0.9081738060341665,1,0.635996835443038,-2 -1 -1,9.460 6.870 4.052,0,1.0,0.25,286,288,1,measured,525,0,1,238,0,284,8080,-1,-1,287,1,288,-2,7.734177112579346,8.499557495117188,0.9099505611936226,1,0.6117879746835443,-2 -1 0,9.270 6.548 3.753,0,-1,1.850680947303772,2.6642136573791504,0.6946443436238257,0.42918410041841004,1
78170,283,17137,Program,0,1.0,0.25,23,26,1,measured,262,0,1,237,0,21,8080,-1,-1,25,1,26,0,2.0124804973602295,6.5503830909729,0.30723096182475707,1,0.698046875,0 0 0,2.194 1.895 1.381,0,1.0,0.25,286,288,1,measured,525,0,1,238,0,284,8080,-1,-1,287,1,288,-2,7.685997009277344,7.7793989181518555,0.9879936856488263,1,0.6096518987341772,-3 -2 -1,8.619 6.224 3.341,0,-1,2.210892915725708,3.2010200023651123,0.6906838801669978,0.3299163179916318,1
78171,284,17138,Program,0,1.0,0.25,23,26,1,measured,262,0,1,237,0,21,8080,-1,-1,25,1,26,-2,7.690911769866943,7.762360572814941,0.9907954800246946,1,0.6015822784810126,-3 -2 -1,8.402 6.152 3.198,0,1.0,0.25,286,288,1,measured,525,0,1,238,0,284,8080,-1,-1,287,1,288,-2,7.43283224105835,7.52252197265625,0.98807717253284,1,0.6165348101265823,-3 -2 -1,8.071 6.231 3.138,0,-1,2.306321382522583,2.9046640396118164,0.7940062434314445,0.3618723849372385,1
78172,285,17139,Program,0,1.0,0.25,23,25,1,measured,262,0,1,238,0,21,8080,-1,-1,24,1,25,-3,7.642207622528076,9.134503364562988,0.8366308837517948,1,0.6113853503184713,-3 -3 -2,9.555 6.336 3.184,0,1.0,0.25,286,288,1,measured,525,0,1,238,0,284,8080,-1,-1,287,1,288,0,2.1125683784484863,6.193258762359619,0.3411077204278805,1,0.668203125,0 0 0,2.371 1.972 1.586,0,0,1.6129337549209595,1.802579402923584,0.8947920698000652,0.2969142259414226,1
78173,286,17140,Program,0,1.0,0.25,24,25,1,measured,262,0,1,238,0,21,8080,-1,-1,24,1,25,-3,6.841261863708496,7.534068584442139,0.908043481026402,1,0.6094745222929936,-3 -2 -1,6.918 6.394 2.819,0,1.0,0.25,287,288,1,measured,525,0,1,238,0,284,8080,-1,-1,287,1,288,-3,6.701253890991211,7.430201530456543,0.9018939612233449,1,0.6142515923566879,-3 -2 -1,7.044 6.418 2.708,0,0,2.1001217365264893,2.715559482574463,0.7733661332048919,0.41323221757322176,1
78174,287,17141,Program,0,1.0,0.25,24,26,1,measured,262,0,1,237,0,21,8080,-1,-1,25,1,26,-2,6.623309135437012,7.146580219268799,0.9267802126643832,1,0.6200949367088607,-2 -1 1,5.900 6.479 2.525,0,1.0,0.25,286,288,1,measured,525,0,1,238,0,284,8080,-1,-1,287,1,288,-3,6.394207954406738,6.940852642059326,0.9212424300236404,1,0.6356687898089172,-3 -2 -1,5.853 6.395 2.703,0,-1,1.736920714378357,1.801251769065857,0.9642853621063409,0.4311192468619247,1
78175,288,17142,Program,0,1.0,0.25,26,26,1,measured,262,0,1,237,0,21,8080,-1,-1,25,1,26,0,1.9826171398162842,5.744526386260986,0.3451315228628858,1,0.70015625,0 0 0,2.055 1.947 1.548,0,1.0,0.25,286,288,1,measured,525,0,1,238,0,284,8080,-1,-1,287,1,288,-3,6.079289436340332,7.37955904006958,0.8238011788144746,1,0.600875796178344,-3 -3 -2,5.748 7.093 2.586,0,-1,2.0387368202209473,3.0697977542877197,0.66412740623494,0.32876569037656905,1
78176,289,17143,Program,0,1.0,0.25,24,26,1,measured,262,0,1,237,0,21,8080,-1,-1,25,1,26,-3,6.37623405456543,7.626987934112549,0.8360094587336393,1,0.6420382165605095,-3 -2 -2,5.922 7.225 2.620,0,1.0,0.25,286,288,1,measured,525,0,1,238,0,284,8080,-1,-1,287,1,288,-3,7.407374382019043,9.197211265563965,0.8053935228990121,1,0.6171178343949044,-3 -3 -2,8.133 7.892 2.394,0,-1,2.203007698059082,2.9376511573791504,0.7499214780915353,0.375836820083682,1
78177,290,17144,Program,0,1.0,0.25,24,26,1,measured,262,0,1,237,0,21,8080,-1,-1,25,1,26,-3,8.188843727111816,9.960532188415527,0.8221291364969182,1,0.6601910828025478,-3 -3 -2,8.060 8.956 3.469,0,1.0,0.25,286,288,1,measured,525,0,1,238,0,284,8080,-1,-1,287,1,288,0,1.68310546875,5.174881935119629,0.3252451920356887,1,0.755546875,0 0 0,1.884 1.554 1.262,0,-1,2.829779624938965,3.778315305709839,0.7489527463900552,0.22719665271966527,1
78178,291,17145,Program,0,1.0,0.25,25,26,1,measured,262,0,1,237,0,21,8080,-1,-1,25,1,26,-3,7.248218536376953,8.506239891052246,0.8521060573428441,1,0.6472929936305732,-3 -3 -1,6.373 8.553 2.503,0,1.0,0.25,286,288,1,measured,525,0,1,238,0,284,8080,-1,-1,287,1,288,-3,6.956409454345703,8.20609188079834,0.8477128400942228,1,0.625875796178344,-3 -3 -1,6.627 8.174 2.335,0,-1,2.24843430519104,2.977344036102295,0.7551812212251137,0.4175732217573222,1
78179,292,17146,Program,0,1.0,0.25,26,26,1,measured,262,0,1,237,0,21,8080,-1,-1,25,1,26,-3,6.112569808959961,6.351641654968262,0.9623606212385583,1,0.5988057324840764,-3 -2 -1,4.697 6.509 2.141,0,1.0,0.25,286,288,1,measured,525,0,1,238,0,284,8080,-1,-1,287,1,288,-3,6.02403450012207,6.249980449676514,0.9638485349876353,1,0.6562898089171975,-3 -2 -1,4.814 6.438 2.299,0,-1,2.1950578689575195,2.778926372528076,0.7898942162186927,0.3931485355648536,1
78180,293,17147,Program,0,1.0,0.25,25,26,1,measured,262,0,1,237,0,21,8080,-1,-1,25,1,26,0,1.7352832555770874,4.945420742034912,0.35088688022590037,1,0.74390625,0 0 0,1.669 1.867 1.500,0,1.0,0.25,286,288,1,measured,525,0,1,238,0,284,8080,-1,-1,287,1,288,-3,7.77510929107666,9.322765350341797,0.8339917394565342,1,0.6152070063694267,-3 -3 -3,7.980 8.658 2.475,0,-1,2.2776520252227783,3.2027347087860107,0.7111585043164931,0.3434100418410042,1
78181,294,17148,Program,0,1.0,0.25,24,26,1,measured,262,0,1,237,0,21,8080,-1,-1,25,1,26,-3,8.048337936401367,9.60131549835205,0.8382536682377292,1,0.6109872611464968,-3 -3 -3,8.274 8.605 2.407,0,1.0,0.25,286,288,1,measured,525,0,1,238,0,284,8080,-1,-1,287,1,288,-2,6.353619575500488,6.452667236328125,0.9846501210739639,1,0.608623417721519,-3 -2 -1,4.280 7.639 4.011,0,-1,2.095644474029541,2.762956142425537,0.7584790948544778,0.4097803347280335,1
78182,295,17149,Program,0,1.0,0.25,23,26,1,measured,262,0,1,237,0,21,8080,-1,-1,25,1,26,-2,6.509562969207764,6.611982345581055,0.984510034809494,1,0.6578322784810127,-3 -2 -1,4.404 7.673 2.560,0,1.0,0.25,286,288,1,measured,525,0,1,238,0,284,8080,-1,-1,287,1,288,0,1.6113672256469727,5.309384822845459,0.3034941484583128,1,0.622421875,0 0 0,1.561 1.672 1.777,0,-1,1.630536675453186,2.4398386478424072,0.6682969289363043,0.31114016736401673,1
78183,296,17150,Program,0,1.0,0.25,24,26,1,measured,262,0,1,237,0,21,8080,-1,-1,25,1,26,-3,6.927527904510498,7.418285369873047,0.9338448926007079,1,0.6161624203821656,-3 -2 0,4.912 8.416 2.490,0,1.0,0.25,286,288,1,measured,525,0,1,238,0,284,8080,-1,-1,287,1,288,-3,6.6926751136779785,7.090219497680664,0.9439305956419644,1,0.6162420382165605,-3 -2 0,4.762 8.353 2.829,0,-1,1.752161979675293,2.4169349670410156,0.7249520585241128,0.4173117154811716,1
78184,297,17151,Program,0,1.0,0.25,23,25,1,measured,262,0,1,238,0,21,8080,-1,-1,24,1,25,-3,9.362211227416992,10.319382667541504,0.9072452809473583,1,0.6004777070063694,-3 -3 3,9.442 10.025 3.068,0,1.0,0.25,286,288,1,measured,525,0,1,238,0,284,8080,-1,-1,287,1,288,-3,8.659066200256348,9.056853294372559,0.9560788851064448,1,0.5750796178343949,-3 -2 -2,8.424 10.014 2.981,0,0,1.8308614492416382,1.8680455684661865,0.9800946401671136,0.4407949790794979,1
78185,298,17152,Program,0,1.0,0.25,23,26,1,measured,262,0,1,237,0,21,8080,-1,-1,25,1,26,1,1.9700766801834106,5.232295036315918,0.3765224756076734,1,0.682311320754717,1 1 1,1.996 1.866 2.044,0,1.0,0.25,286,288,1,measured,525,0,1,238,0,284,8080,-1,-1,287,1,288,3,49.94948196411133,50.12994384765625,0.9964001179795186,1,0.7144904458598726,3 3 -3,47.753 50.533 78.021,0,-1,3.7297794818878174,3.731901168823242,0.999431472903637,0.07646443514644352,1
78186,299,17153,Program,0,1.0,0.25,23,26,1,measured,262,0,1,237,0,21,8080,-1,-1,25,1,26,3,49.42866134643555,49.6160888671875,0.9962224446740722,1,0.7273089171974523,3 3 -3,46.811 50.547 80.549,0,1.0,0.25,286,288,1,measured,525,0,1,238,0,284,8080,-1,-1,287,1,288,3,11.835519790649414,12.69505500793457,0.932293698865587,1,0.5831210191082803,3 3 3,11.368 12.797 9.799,0,-1,5.106703281402588,5.499289035797119,0.9286115438124765,0.14131799163179917,1
78187,300,17154,Program,0,1.0,0.25,23,26,1,measured,262,0,1,237,0,21,8080,-1,-1,25,1,26,3,11.758947372436523,12.678876876831055,0.9274439279337447,1,0.5544585987261147,3 3 3,11.330 12.575 9.714,0,1.0,0.25,286,288,1,measured,525,0,1,238,0,284,8080,-1,-1,287,1,288,0,1.7546093463897705,2.9460790157318115,0.5955744353835405,1,0.733046875,0 0 0,1.850 1.590 1.873,0,-1,1.3991745710372925,1.5006598234176636,0.9323729130368503,0.24393305439330543,1
78188,301,17155,Program,0,1.0,0.25,23,26,1,measured,262,0,1,237,0,21,8080,-1,-1,25,1,26,3,14.041460990905762,14.282970428466797,0.983091091676582,1,0.5506369426751593,3 3 3,13.862 14.944 11.460,0,1.0,0.25,286,288,1,measured,525,0,1,238,0,284,8080,-1,-1,287,1,288,3,14.07305908203125,14.333138465881348,0.9818546800151836,1,0.5707006369426751,3 2 3,14.122 15.083 11.170,0,-1,1.593326210975647,1.8215805292129517,0.8746943576873176,0.43964435146443515,1
78189,302,17156,Program,0,1.0,0.25,23,26,1,measured,262,0,1,237,0,21,8080,-1,-1,25,1,26,2,14.045639038085938,14.081876754760742,0.9974266415403363,1,0.5416139240506329,2 3 1,14.456 14.078 11.341,0,1.0,0.25,286,288,1,measured,525,0,1,238,0,284,8080,-1,-1,287,1,288,2,14.114952087402344,14.132195472717285,0.9987798509192553,1,0.5558544303797468,2 3 2,14.758 14.582 11.150,0,-1,1.7684115171432495,2.107736825942993,0.8390096407562976,0.46161087866108785,1
78190,303,17157,Program,0,1.0,0.25,23,26,1,measured,262,0,1,237,0,21,8080,-1,-1,25,1,26,0,1.6654492616653442,3.0588443279266357,0.544470094950608,1,0.74328125,0 0 0,1.705 1.615 1.601,0,1.0,0.25,286,288,1,measured,525,0,1,238,0,284,8080,-1,-1,287,1,288,3,13.136445045471191,13.136886596679688,0.999966388443316,1,0.5821656050955414,0 3 1,14.506 12.477 10.428,0,-1,2.19305419921875,2.7971668243408203,0.7840269590411593,0.33310669456066944,1
78191,304,17158,Program,0,1.0,0.25,23,26,1,measured,262,0,1,237,0,21,8080,-1,-1,25,1,26,3,13.336156845092773,13.369699478149414,0.9974911453236881,1,0.5915605095541401,0 3 1,14.814 12.223 10.509,0,1.0,0.25,286,288,1,measured,525,0,1,238,0,284,8080,-1,-1,287,1,288,3,11.67418384552002,11.798477172851562,0.9894653076400789,1,0.6192675159235669,3 3 3,13.872 10.397 9.337,0,-1,2.4070873260498047,2.609008550643921,0.9226061468659117,0.3532949790794979,1
78192,305,17159,Program,0,1.0,0.25,23,26,1,measured,262,0,1,237,0,21,8080,-1,-1,25,1,26,3,11.694316864013672,11.804757118225098,0.9906444280805304,1,0.5823248407643312,3 3 3,13.771 10.193 9.400,0,1.0,0.25,286,288,1,measured,525,0,1,238,0,284,8080,-1,-1,287,1,288,0,1.5529296398162842,2.9625589847564697,0.524185222237504,1,0.62265625,0 0 0,1.687 1.371 1.877,0,-1,1.5753906965255737,1.7804967164993286,0.8848040448077781,0.27944560669456064,1
78193,306,17160,Program,0,1.0,0.25,23,26,1,measured,262,0,1,237,0,21,8080,-1,-1,25,1,26,0,9.752392768859863,9.83951473236084,0.9911457052638537,1,0.6071875,0 0 1,11.191 8.355 9.311,0,1.0,0.25,286,288,1,measured,525,0,1,238,0,284,8080,-1,-1,287,1,288,1,9.879500389099121,9.887988090515137,0.9991416149232464,1,0.6279874213836478,0 1 1,11.339 8.642 9.029,0,-1,1.6042068004608154,1.9191912412643433,0.8358764702385681,0.46202928870292886,1
78194,307,17161,Program,0,1.0,0.25,23,25,1,measured,262,0,1,238,0,21,8080,-1,-1,24,1,25,-3,9.104040145874023,9.897725105285645,0.9198113757485775,1,0.6165605095541401,-3 -3 -3,10.296 7.719 9.324,0,1.0,0.25,286,288,1,measured,525,0,1,238,0,284,8080,-1,-1,287,1,288,-3,8.504806518554688,9.321014404296875,0.9124335774692156,1,0.6087579617834394,-3 -3 -3,9.888 7.191 8.203,0,0,1.5210460424423218,1.5952578783035278,0.9534797245821306,0.46114016736401675,1
78195,308,17162,Program,0,1.0,0.25,23,25,1,measured,262,0,1,238,0,21,8080,-1,-1,24,1,25,0,1.790136694908142,2.572956085205078,0.6957509711112924,1,0.713828125,0 0 0,1.892 1.662 1.824,0,1.0,0.25,286,288,1,measured,525,0,1,238,0,284,8080,-1,-1,287,1,288,3,52.85150146484375,53.168582916259766,0.9940363004988224,1,0.6692675159235669,3 3 3,42.888 63.934 59.666,0,0,4.513434410095215,5.865530490875244,0.7694844340365415,0.0790794979079498,1
78196,309,17163,Program,0,1.0,0.25,23,26,1,measured,262,0,1,237,0,21,8080,-1,-1,25,1,26,3,53.048038482666016,53.3988037109375,0.9934312156098052,1,0.682484076433121,3 3 0,43.213 62.965 60.923,0,1.0,0.25,286,288,1,measured,525,0,1,238,0,284,8080,-1,-1,287,1,288,-1,16.530670166015625,17.581884384155273,0.9402103781840928,1,0.5781446540880503,-1 -1 0,12.600 20.682 14.231,0,-1,4.151743412017822,4.762421607971191,0.8717714964732994,0.14398535564853557,1
78197,310,17164,Program,0,1.0,0.25,23,26,1,measured,262,0,1,237,0,21,8080,-1,-1,25,1,26,-1,16.498397827148438,17.796630859375,0.927051752520749,1,0.5551100628930817,-1 -1 0,12.531 20.847 13.907,0,1.0,0.25,286,288,1,measured,525,0,1,238,0,284,8080,-1,-1,287,1,288,0,2.3187694549560547,11.788374900817871,0.1966996701805929,1,0.669921875,0 0 0,2.478 2.120 2.279,0,-1,2.4817185401916504,3.611833095550537,0.6871077578996967,0.3070083682008368,1
78198,311,17165,Program,0,1.0,0.25,23,26,1,measured,262,0,1,237,0,21,8080,-1,-1,25,1,26,0,24.595508575439453,24.665103912353516,0.9971783886594856,1,0.53,0 0 -3,22.097 27.843 9.227,0,1.0,0.25,286,288,1,measured,525,0,1,238,0,284,8080,-1,-1,287,1,288,-1,24.378026962280273,24.387845993041992,0.9995973801554873,1,0.5474842767295598,0 0 -3,21.846 28.166 9.923,0,-1,2.8156614303588867,3.7206461429595947,0.7567667878566823,0.40324267782426776,1
78199,312,17166,Program,0,1.0,0.25,23,26,1,measured,262,0,1,237,0,21,8080,-1,-1,25,1,26,-2,26.34002113342285,26.3797664642334,0.998493340308208,1,0.5334651898734177,-3 -1 -3,22.818 29.861 13.408,0,1.0,0.25,286,288,1,measured,525,0,1,238,0,284,8080,-1,-1,287,1,288,-2,26.07122230529785,26.15239715576172,0.996896083751696,1,0.5423259493670886,-2 -2 -3,22.508 30.344 13.535,0,-1,2.2185370922088623,3.08986234664917,0.7180051547004273,0.4069560669456067,1
78200,313,17167,Program,0,1.0,0.25,23,26,1,measured,262,0,1,237,0,21,8080,-1,-1,25,1,26,0,2.6055078506469727,9.779402732849121,0.2664281165039909,1,0.621484375,0 0 0,2.514 2.701 1.973,0,1.0,0.25,286,288,1,measured,525,0,1,238,0,284,8080,-1,-1,287,1,288,-2,23.59404754638672,23.783050537109375,0.9920530383422534,1,0.5287974683544304,-3 -2 -3,19.899 27.796 10.140,0,-1,2.775416135787964,3.627952814102173,0.7650088846248706,0.3440376569037657,1
78201,314,17168,Program,0,1.0,0.25,23,26,1,measured,262,0,1,237,0,21,8080,-1,-1,25,1,26,-2,23.70452880859375,23.916709899902344,0.991128332776681,1,0.5401107594936709,-2 -2 -3,20.370 27.356 9.261,0,1.0,0.25,286,288,1,measured,525,0,1,238,0,284,8080,-1,-1,287,1,288,-1,25.26667594909668,25.28459358215332,0.9992913616349647,1,0.5294811320754716,-2 -1 -3,23.304 28.361 7.360,0,-1,2.8701953887939453,3.5495011806488037,0.8086193644452627,0.33200836820083685,1
78202,315,17169,Program,0,1.0,0.25,23,26,1,measured,262,0,1,237,0,21,8080,-1,-1,25,1,26,-3,25.27016258239746,25.36595916748047,0.9962234195659425,1,0.5449044585987262,-2 -1 -3,23.236 28.374 6.463,0,1.0,0.25,286,288,1,measured,525,0,1,238,0,284,8080,-1,-1,287,1,288,0,2.741396427154541,11.03009033203125,0.2485379851508159,1,0.6140625,0 0 0,2.607 2.857 2.170,0,-1,2.2997190952301025,3.308091640472412,0.6951799844643032,0.27468619246861925,1
78203,316,17170,Program,0,1.0,0.25,23,26,1,measured,262,0,1,237,0,21,8080,-1,-1,25,1,26,-3,25.789470672607422,26.08736228942871,0.9885809989712144,1,0.5339171974522293,-3 -3 -3,26.143 27.340 5.251,0,1.0,0.25,286,288,1,measured,525,0,1,238,0,284,8080,-1,-1,287,1,288,-3,25.53790855407715,25.877887725830078,0.9868621745578725,1,0.5396496815286624,-2 -3 -3,26.257 27.750 5.830,0,-1,2.194309949874878,2.962881565093994,0.7405999536823423,0.38352510460251044,1
78204,317,17171,Program,0,1.0,0.25,23,26,1,measured,262,0,1,237,0,21,8080,-1,-1,25,1,26,-3,21.827089309692383,22.87329864501953,0.9542606708562802,1,0.5375796178343949,-3 -3 -3,20.534 23.609 13.076,0,1.0,0.25,286,288,1,measured,525,0,1,238,0,284,8080,-1,-1,287,1,288,-3,21.76398277282715,22.782724380493164,0.9552844694667739,1,0.5201433121019108,-3 -3 -3,20.280 24.145 13.345,0,-1,2.218919277191162,2.9881415367126465,0.7425750252888853,0.4055439330543933,1
78205,318,17172,Program,0,1.0,0.25,23,26,1,measured,262,0,1,237,0,21,8080,-1,-1,25,1,26,0,2.6735448837280273,7.283019065856934,0.36709294037986334,1,0.605859375,0 0 0,2.671 2.720 2.342,0,1.0,0.25,286,288,1,measured,525,0,1,238,0,284,8080,-1,-1,287,1,288,-3,22.643600463867188,23.736759185791016,0.953946589196633,1,0.5013535031847134,-3 -3 -3,21.397 24.425 15.359,0,-1,2.610882043838501,3.381272077560425,0.7721597031973371,0.3297071129707113,1
