ordinal,local_exact,counter,event,no_placement_expected,f1_blank_mean,f1_blank_noise,f1_active_top_line,f1_top_line,f1_top_valid,f1_top_status,f1_bottom_line,f1_bottom_valid,f1_bottom_censored,f1_visible_height,f1_height_valid,f1_line21_lines,f1_line21_bytes,f1_line21_unique_line,f1_line21_implied_top,f1_gap_line,f1_gap_valid,f1_gap_implied_top,f1_body_shift,f1_body_mad,f1_body_second_mad,f1_body_ratio,f1_body_unique,f1_static_fraction,f1_band_shifts,f1_band_mads,f1_repeated,f2_blank_mean,f2_blank_noise,f2_active_top_line,f2_top_line,f2_top_valid,f2_top_status,f2_bottom_line,f2_bottom_valid,f2_bottom_censored,f2_visible_height,f2_height_valid,f2_line21_lines,f2_line21_bytes,f2_line21_unique_line,f2_line21_implied_top,f2_gap_line,f2_gap_valid,f2_gap_implied_top,f2_body_shift,f2_body_mad,f2_body_second_mad,f2_body_ratio,f2_body_unique,f2_static_fraction,f2_band_shifts,f2_band_mads,f2_repeated,comb_crop_f1_line,comb_crop_f2_line,comb_best_shift,comb_best_energy,comb_second_energy,comb_ratio,comb_static_fraction,comb_valid
8990,0,13500,Program,0,1.0,0.25,23,24,1,measured,262,0,1,239,0,21,8080,-1,-1,23,1,24,-128,nan,nan,nan,0,0.0,-128 -128 -128,nan nan nan,0,1.0,0.25,286,286,1,measured,525,0,1,240,0,284,8080,-1,-1,-1,0,-1,-128,nan,nan,nan,0,0.0,-128 -128 -128,nan nan nan,0,23,286,-128,nan,nan,nan,0.0,0
8991,1,13501,Program,0,1.0,0.25,23,24,1,measured,262,0,1,239,0,21,8080,-1,-1,23,1,24,0,5.341796875,11.855749130249023,0.45056595043587927,1,0.71609375,0 0 0,5.260 5.410 5.236,0,1.0,0.25,286,286,1,measured,525,0,1,240,0,284,8080,-1,-1,-1,0,-1,0,5.319843769073486,11.848309516906738,0.4489960159702469,1,0.671953125,0 0 0,5.265 5.317 5.776,0,23,286,-1,5.691227436065674,9.024338722229004,0.6306531271977728,0.3700836820083682,1
8992,2,13502,Program,0,1.0,0.25,23,24,1,measured,262,0,1,239,0,21,8080,-1,-1,23,1,24,0,5.365908145904541,11.555562019348145,0.4643571759573521,1,0.71609375,0 0 0,5.216 5.487 5.288,0,1.0,0.25,286,286,1,measured,525,0,1,240,0,284,8080,-1,-1,-1,0,-1,0,5.268154144287109,11.693052291870117,0.4505371234805752,1,0.73203125,0 0 0,5.036 5.472 5.698,0,23,286,-1,5.5470194816589355,8.579330444335938,0.646556222265698,0.3731171548117155,1
8993,3,13503,Program,0,1.0,0.25,23,24,1,measured,262,0,1,239,0,21,8080,-1,-1,23,1,24,0,5.2294921875,11.72076416015625,0.4461733139616628,1,0.721328125,0 0 0,5.114 5.309 5.329,0,1.0,0.25,286,286,1,measured,525,0,1,240,0,284,8080,-1,-1,-1,0,-1,0,5.268359184265137,11.698712348937988,0.45033667185973675,1,0.726484375,0 0 0,5.188 5.274 5.769,0,23,286,-1,6.034183502197266,8.959676742553711,0.6734822779418029,0.37552301255230125,1
8994,4,13504,Program,0,1.0,0.25,23,25,1,measured,262,0,1,238,0,21,8080,-1,-1,24,1,25,1,5.509237289428711,11.744218826293945,0.46910206382515346,1,0.7065251572327044,1 1 1,5.388 5.604 5.496,0,1.0,0.25,286,286,1,measured,525,0,1,240,0,284,8080,-1,-1,-1,0,-1,0,5.229043006896973,11.998211860656738,0.4358185259291424,1,0.731640625,0 0 0,5.163 5.287 5.646,0,23,286,-2,3.9282147884368896,4.100882530212402,0.9578949797992459,0.3221234309623431,1
8995,5,13505,Program,0,1.0,0.25,23,24,1,measured,262,0,1,239,0,21,8080,-1,-1,23,1,24,-1,5.326444625854492,11.731803894042969,0.4540175299519871,1,0.7131289308176101,-1 -1 -1,5.105 5.538 5.452,0,1.0,0.25,286,286,1,measured,525,0,1,240,0,284,8080,-1,-1,-1,0,-1,0,5.215683460235596,11.980916023254395,0.43533261147246166,1,0.72140625,0 0 0,5.203 5.255 5.555,0,23,286,-1,3.8546359539031982,3.929145574569702,0.981036686156719,0.3088389121338912,1
8996,6,13506,Program,0,1.0,0.25,23,24,1,measured,262,0,1,239,0,21,8080,-1,-1,23,1,24,0,6.313681602478027,11.968317985534668,0.5275329089775995,1,0.698046875,0 0 0,5.385 6.871 10.202,0,1.0,0.25,286,286,1,measured,525,0,1,240,0,284,8080,-1,-1,-1,0,-1,0,6.446943283081055,12.298142433166504,0.524220899059884,1,0.69390625,0 0 0,5.555 6.944 10.329,0,23,286,-1,5.639507293701172,8.495426177978516,0.6638286503294755,0.3963389121338912,1
8997,7,13507,Program,0,1.0,0.25,23,24,1,measured,262,0,1,239,0,21,8080,-1,-1,23,1,24,0,5.529833793640137,11.518750190734863,0.4800723778251631,1,0.704296875,0 0 0,5.352 5.631 5.689,0,1.0,0.25,286,286,1,measured,525,0,1,240,0,284,8080,-1,-1,-1,0,-1,0,5.596103668212891,11.827613830566406,0.4731388552567329,1,0.69859375,0 0 0,5.496 5.634 5.951,0,23,286,-1,5.4138054847717285,8.57158088684082,0.6315994162853971,0.34806485355648537,1
8998,8,13508,Program,0,1.0,0.25,23,24,1,measured,262,0,1,239,0,21,8080,-1,-1,23,1,24,0,5.168603420257568,11.688836097717285,0.4421828980275415,1,0.735546875,0 0 0,5.037 5.298 5.134,0,1.0,0.25,286,286,1,measured,525,0,1,240,0,284,8080,-1,-1,-1,0,-1,0,6.695986270904541,12.04551887512207,0.5558902310745566,1,0.689140625,0 0 0,5.472 6.925 9.951,0,23,286,-1,5.525853157043457,8.363414764404297,0.6607173400704883,0.3609832635983264,1
8999,9,13509,Program,0,1.0,0.25,23,24,1,measured,262,0,1,239,0,21,8080,-1,-1,23,1,24,0,6.738476753234863,11.942452430725098,0.5642456432062782,1,0.689765625,0 0 0,5.389 7.315 9.905,0,1.0,0.25,286,286,1,measured,525,0,1,240,0,284,8080,-1,-1,-1,0,-1,0,5.517099380493164,11.675019264221191,0.4725559123830015,1,0.715859375,0 0 0,5.443 5.596 5.869,0,23,286,-1,5.1666412353515625,7.723062992095947,0.6689886176817778,0.34069037656903767,1
9000,10,13510,Program,0,1.0,0.25,23,24,1,measured,262,0,1,239,0,21,8080,-1,-1,23,1,24,0,5.302138805389404,11.4383544921875,0.46354034656040893,1,0.72859375,0 0 0,5.148 5.423 5.364,0,1.0,0.25,286,286,1,measured,525,0,1,240,0,284,8080,-1,-1,-1,0,-1,0,5.274111270904541,11.742039680480957,0.4491648311895768,1,0.725703125,0 0 0,5.166 5.360 5.654,0,23,286,-1,5.805977821350098,8.73147964477539,0.6649477588628624,0.3698744769874477,1
9001,11,13511,Program,0,1.0,0.25,24,24,1,measured,262,0,1,239,0,21,8080,-1,-1,23,1,24,0,8.565254211425781,13.704736709594727,0.624984951767021,1,0.673203125,0 0 0,5.340 10.602 9.180,0,1.0,0.25,286,286,1,measured,525,0,1,240,0,284,8080,-1,-1,-1,0,-1,0,8.542510032653809,13.866479873657227,0.6160546952426187,1,0.678125,0 0 0,5.237 10.158 9.663,0,23,286,-1,5.871779441833496,8.804234504699707,0.6669267428870886,0.4131276150627615,1
9002,12,13512,Program,0,1.0,0.25,24,24,1,measured,262,0,1,239,0,21,8080,-1,-1,23,1,24,0,5.020527362823486,11.296521186828613,0.4444312793107725,1,0.69875,0 0 0,4.959 5.063 5.122,0,1.0,0.25,286,286,1,measured,525,0,1,240,0,284,8080,-1,-1,-1,0,-1,0,5.181718826293945,11.546924591064453,0.4487531537448335,1,0.724453125,0 0 0,5.108 5.195 5.767,0,23,286,-1,6.045110702514648,9.15464973449707,0.6603322768030239,0.3872384937238494,1
9003,13,13513,Program,0,1.0,0.25,24,24,1,measured,262,0,1,239,0,21,8080,-1,-1,23,1,24,0,5.012041091918945,11.356328964233398,0.4413434224831193,1,0.68984375,0 0 0,5.019 4.997 5.050,0,1.0,0.25,286,286,1,measured,525,0,1,240,0,284,8080,-1,-1,-1,0,-1,0,6.796806812286377,12.467836380004883,0.5451472577220102,1,0.71109375,0 0 0,5.644 7.565 6.893,0,23,286,-1,5.941965579986572,8.850022315979004,0.6714068471057028,0.3711297071129707,1
9004,14,13514,Program,0,1.0,0.25,24,24,1,measured,262,0,1,239,0,21,8080,-1,-1,23,1,24,0,6.59622049331665,11.947690963745117,0.5520916563152385,1,0.723125,0 0 0,5.292 7.639 6.263,0,1.0,0.25,286,286,1,measured,525,0,1,240,0,284,8080,-1,-1,-1,0,-1,0,5.354091644287109,11.748004913330078,0.45574475698524747,1,0.713046875,0 0 0,5.443 5.275 5.623,0,23,286,-1,5.403066158294678,8.280651092529297,0.6524929136513503,0.35266736401673643,1
9005,15,13515,Program,0,1.0,0.25,24,24,1,measured,262,0,1,239,0,21,8080,-1,-1,23,1,24,0,5.25900411605835,11.36082935333252,0.4629067079962524,1,0.7275,0 0 0,5.138 5.371 5.242,0,1.0,0.25,286,286,1,measured,525,0,1,240,0,284,8080,-1,-1,-1,0,-1,0,5.038583755493164,11.699047088623047,0.43068326140793356,1,0.68625,0 0 0,5.029 4.996 5.424,0,23,286,-1,5.841872692108154,9.072931289672852,0.6438793048898752,0.3787133891213389,1
9006,16,13516,Program,0,1.0,0.25,24,24,1,measured,262,0,1,239,0,21,8080,-1,-1,23,1,24,0,6.723427772521973,12.101218223571777,0.5555992502825469,1,0.68828125,0 0 0,5.430 7.677 6.589,0,1.0,0.25,286,286,1,measured,525,0,1,240,0,284,8080,-1,-1,-1,0,-1,0,6.579345703125,12.26486873626709,0.5364383300466921,1,0.700546875,0 0 0,5.125 7.441 6.762,0,23,286,-1,5.401871681213379,8.276549339294434,0.6526719602294888,0.3646966527196653,1
9007,17,13517,Program,0,1.0,0.25,24,24,1,measured,262,0,1,239,0,21,8080,-1,-1,23,1,24,0,5.429423809051514,11.42111873626709,0.4753845866089018,1,0.716875,0 0 0,5.187 5.496 5.764,0,1.0,0.25,286,286,1,measured,525,0,1,240,0,284,8080,-1,-1,-1,0,-1,0,5.173720836639404,11.346875190734863,0.45595996692234136,1,0.690390625,0 0 0,4.815 5.318 5.900,0,23,286,-1,5.330751895904541,8.184468269348145,0.6513253788115805,0.36427824267782427,1
9008,18,13518,Program,0,1.0,0.25,24,24,1,measured,262,0,1,239,0,21,8080,-1,-1,23,1,24,0,5.135371208190918,11.582399368286133,0.44337714880149287,1,0.683046875,0 0 0,5.149 5.107 5.151,0,1.0,0.25,286,286,1,measured,525,0,1,240,0,284,8080,-1,-1,-1,0,-1,0,8.007499694824219,13.566705703735352,0.5902316943913286,1,0.6896875,0 0 0,5.215 9.733 9.243,0,23,286,-1,5.827574729919434,8.694524765014648,0.6702579942458322,0.35648535564853556,1
9009,19,13519,Program,0,1.0,0.25,23,24,1,measured,262,0,1,239,0,21,8080,-1,-1,23,1,24,0,8.038095474243164,13.406515121459961,0.5995663601927762,1,0.676875,0 0 0,5.344 10.223 8.600,0,1.0,0.25,286,286,1,measured,525,0,1,240,0,284,8080,-1,-1,-1,0,-1,0,5.222861289978027,11.525501251220703,0.4531569756608076,1,0.680546875,0 0 0,5.036 5.251 5.826,0,23,286,-1,5.447823524475098,8.181732177734375,0.6658520966135644,0.350836820083682,1
9010,20,13520,Program,0,1.0,0.25,24,24,1,measured,262,0,1,239,0,21,8080,-1,-1,23,1,24,0,5.182275295257568,11.32387924194336,0.4576413422056421,1,0.68546875,0 0 0,4.981 5.270 5.594,0,1.0,0.25,286,286,1,measured,525,0,1,240,0,284,8080,-1,-1,-1,0,-1,0,5.112421989440918,11.75570011138916,0.43488877234014334,1,0.685859375,0 0 0,4.890 5.252 5.434,0,23,286,-1,5.3766045570373535,8.475204467773438,0.6343923120063518,0.38096234309623433,1
9011,21,13521,Program,0,1.0,0.25,24,24,1,measured,262,0,1,239,0,21,8080,-1,-1,23,1,24,0,8.67471694946289,14.004205703735352,0.6194365559161329,1,0.67328125,0 0 0,5.885 10.481 10.705,0,1.0,0.25,286,286,1,measured,525,0,1,240,0,284,8080,-1,-1,-1,0,-1,0,8.802109718322754,14.23698902130127,0.6182564097754875,1,0.681484375,0 0 0,5.805 10.269 10.961,0,23,286,-1,5.488880157470703,8.059368133544922,0.6810558925363809,0.4059623430962343,1
9012,22,13522,Program,0,1.0,0.25,24,24,1,measured,262,0,1,239,0,21,8080,-1,-1,23,1,24,0,5.27951192855835,11.115801811218262,0.4749555648995265,1,0.732734375,0 0 0,5.075 5.466 5.256,0,1.0,0.25,286,286,1,measured,525,0,1,240,0,284,8080,-1,-1,-1,0,-1,0,5.216552734375,11.525962829589844,0.4525914937867827,1,0.678515625,0 0 0,5.155 5.303 5.238,0,23,286,-1,5.2478742599487305,8.303132057189941,0.6320355046508542,0.3782949790794979,1
9013,23,13523,Program,0,1.0,0.25,24,24,1,measured,262,0,1,239,0,21,8080,-1,-1,23,1,24,0,5.162617206573486,11.275579452514648,0.4578582615922354,1,0.742578125,0 0 0,5.075 5.242 5.060,0,1.0,0.25,286,286,1,measured,525,0,1,240,0,284,8080,-1,-1,-1,0,-1,0,7.219042778015137,12.654540061950684,0.5704705775693225,1,0.6859375,0 0 0,5.513 7.773 9.262,0,23,286,-1,5.7184157371521,8.320367813110352,0.6872792003427574,0.3811715481171548,1
9014,24,13524,Program,0,1.0,0.25,24,24,1,measured,262,0,1,239,0,21,8080,-1,-1,23,1,24,0,7.100761890411377,12.256574630737305,0.5793430957948016,1,0.71828125,0 0 0,5.626 7.841 8.994,0,1.0,0.25,286,286,1,measured,525,0,1,240,0,284,8080,-1,-1,-1,0,-1,0,5.302607536315918,11.56869125366211,0.4583584625129795,1,0.72453125,0 0 0,5.246 5.345 5.527,0,23,286,-1,5.261175632476807,7.8799638748168945,0.6676649431465902,0.36035564853556484,1
9015,25,13525,Program,0,1.0,0.25,23,24,1,measured,262,0,1,239,0,21,8080,-1,-1,23,1,24,0,5.45458984375,11.448653221130371,0.4764394325161896,1,0.71203125,0 0 0,5.395 5.452 5.297,0,1.0,0.25,286,286,1,measured,525,0,1,240,0,284,8080,-1,-1,-1,0,-1,0,4.959218978881836,11.596864700317383,0.4276344604370621,1,0.703359375,0 0 0,4.815 5.118 5.171,0,23,286,-1,5.417784690856934,8.550496101379395,0.6336222631553412,0.3771966527196653,1
9016,26,13526,Program,0,1.0,0.25,24,24,1,measured,262,0,1,239,0,21,8080,-1,-1,23,1,24,0,6.541484355926514,12.129815101623535,0.5392897007186003,1,0.6990625,0 0 0,5.428 7.166 7.131,0,1.0,0.25,286,286,1,measured,525,0,1,240,0,284,8080,-1,-1,-1,0,-1,0,6.355136871337891,12.3116455078125,0.5161890721516603,1,0.715546875,0 0 0,5.037 6.679 7.595,0,23,286,-1,5.785038471221924,8.602926254272461,0.6724500827086489,0.38268828451882847,1
9017,27,13527,Program,0,1.0,0.25,23,24,1,measured,262,0,1,239,0,21,8080,-1,-1,23,1,24,0,5.091855525970459,11.458765983581543,0.4443633401071476,1,0.688984375,0 0 0,5.079 5.103 4.963,0,1.0,0.25,286,286,1,measured,525,0,1,240,0,284,8080,-1,-1,-1,0,-1,0,5.084082126617432,11.739947319030762,0.4330583424659838,1,0.734765625,0 0 0,4.919 5.178 5.535,0,23,286,-1,5.8526530265808105,9.126663208007812,0.641269749216301,0.398744769874477,1
9018,28,13528,Program,0,1.0,0.25,23,24,1,measured,262,0,1,239,0,21,8080,-1,-1,23,1,24,0,5.256875038146973,11.642688751220703,0.45151726980555107,1,0.725078125,0 0 0,5.352 5.235 4.880,0,1.0,0.25,286,286,1,measured,525,0,1,240,0,284,8080,-1,-1,-1,0,-1,0,6.032841682434082,12.102132797241211,0.49849409054652927,1,0.706328125,0 0 0,5.133 6.237 6.580,0,23,286,-1,6.009217262268066,9.051533699035645,0.6638893984240806,0.3752092050209205,1
9019,29,13529,Program,0,1.0,0.25,23,24,1,measured,262,0,1,239,0,21,8080,-1,-1,23,1,24,0,5.931806564331055,11.70236873626709,0.506889391200574,1,0.71359375,0 0 0,5.178 6.420 5.877,0,1.0,0.25,286,286,1,measured,525,0,1,240,0,284,8080,-1,-1,-1,0,-1,0,5.39303731918335,11.786330223083496,0.45756713218683626,1,0.7153125,0 0 0,5.269 5.443 5.465,0,23,286,-1,5.833614826202393,8.670940399169922,0.6727776409074211,0.375418410041841,1
9020,30,13530,Program,0,1.0,0.25,24,24,1,measured,262,0,1,239,0,21,8080,-1,-1,23,1,24,0,5.291982650756836,11.599763870239258,0.4562146876398168,1,0.725390625,0 0 0,5.243 5.325 5.132,0,1.0,0.25,286,286,1,measured,525,0,1,240,0,284,8080,-1,-1,-1,0,-1,0,5.19674825668335,11.863856315612793,0.4380319618204114,1,0.6809375,0 0 0,5.131 5.198 5.364,0,23,286,-1,5.878325462341309,9.044997215270996,0.6498979847574435,0.3813807531380753,1
9021,31,13531,Program,0,1.0,0.25,23,24,1,measured,262,0,1,239,0,21,8080,-1,-1,23,1,24,0,6.27853536605835,11.97087287902832,0.5244843404074291,1,0.70234375,0 0 0,5.267 6.835 6.649,0,1.0,0.25,286,286,1,measured,525,0,1,240,0,284,8080,-1,-1,-1,0,-1,0,6.707421779632568,12.449321746826172,0.5387780889623611,1,0.70296875,0 0 0,5.380 7.458 7.118,0,23,286,-1,5.53816556930542,8.105658531188965,0.6832468389823798,0.4058054393305439,1
9022,32,13532,Program,0,1.0,0.25,23,24,1,measured,262,0,1,239,0,21,8080,-1,-1,23,1,24,0,5.36355447769165,11.899901390075684,0.45072259860613334,1,0.715546875,0 0 0,5.161 5.472 5.225,0,1.0,0.25,286,286,1,measured,525,0,1,240,0,284,8080,-1,-1,-1,0,-1,0,5.119980335235596,11.977348327636719,0.42747194079858847,1,0.691015625,0 0 0,4.914 5.260 5.524,0,23,286,-1,6.071988105773926,8.95468807220459,0.6780792426060508,0.3772489539748954,1
9023,33,13533,Program,0,1.0,0.25,23,24,1,measured,262,0,1,239,0,21,8080,-1,-1,23,1,24,0,5.171679496765137,11.829127311706543,0.43719873499434325,1,0.724375,0 0 0,5.103 5.197 5.142,0,1.0,0.25,286,286,1,measured,525,0,1,240,0,284,8080,-1,-1,-1,0,-1,0,5.389267444610596,12.10871696472168,0.44507336824471466,1,0.715234375,0 0 0,5.112 5.686 5.786,0,23,286,-1,6.262668132781982,9.389448165893555,0.6669900107155009,0.38111924686192467,1
9024,34,13534,Program,0,1.0,0.25,23,24,1,measured,262,0,1,239,0,21,8080,-1,-1,23,1,24,0,5.309208869934082,11.8507080078125,0.4480077364520349,1,0.7159375,0 0 0,5.086 5.491 5.296,0,1.0,0.25,286,286,1,measured,525,0,1,240,0,284,8080,-1,-1,-1,0,-1,0,5.099716663360596,11.822257995605469,0.43136570571004673,1,0.69296875,0 0 0,4.934 5.218 5.363,0,23,286,-1,5.922591686248779,9.077847480773926,0.6524224711631587,0.38305439330543933,1
9025,35,13535,Program,0,1.0,0.25,23,24,1,measured,262,0,1,239,0,21,8080,-1,-1,23,1,24,0,5.174765586853027,11.643327713012695,0.44444043098346014,1,0.72625,0 0 0,5.041 5.276 5.185,0,1.0,0.25,286,286,1,measured,525,0,1,240,0,284,8080,-1,-1,-1,0,-1,0,4.978232383728027,11.821757316589355,0.4211076450319381,1,0.695703125,0 0 0,4.879 5.025 5.289,0,23,286,-1,5.708684921264648,8.656790733337402,0.6594458728545252,0.3997907949790795,1
9026,36,13536,Program,0,1.0,0.25,23,24,1,measured,262,0,1,239,0,21,8080,-1,-1,23,1,24,0,5.09835958480835,11.63754940032959,0.43809563417741176,1,0.731953125,0 0 0,4.910 5.238 5.233,0,1.0,0.25,286,286,1,measured,525,0,1,240,0,284,8080,-1,-1,-1,0,-1,0,5.099003791809082,11.911104202270508,0.4280882532147695,1,0.693125,0 0 0,4.902 5.263 5.304,0,23,286,-1,5.755354404449463,8.810768127441406,0.6532182349146423,0.4010983263598326,1
9027,37,13537,Program,0,1.0,0.25,23,24,1,measured,262,0,1,239,0,21,8080,-1,-1,23,1,24,0,5.133496284484863,11.48159408569336,0.44710658173166534,1,0.68890625,0 0 0,4.938 5.230 5.287,0,1.0,0.25,286,286,1,measured,525,0,1,240,0,284,8080,-1,-1,-1,0,-1,0,5.197372913360596,11.812273979187012,0.43999766027424203,1,0.6859375,0 0 0,4.962 5.354 5.277,0,23,286,-1,5.475847244262695,8.508146286010742,0.6436005047616763,0.39748953974895396,1
9028,38,13538,Program,0,1.0,0.25,23,24,1,measured,262,0,1,239,0,21,8080,-1,-1,23,1,24,0,5.015097618103027,11.658903121948242,0.4301517531835351,1,0.742734375,0 0 0,4.931 5.109 4.968,0,1.0,0.25,286,286,1,measured,525,0,1,240,0,284,8080,-1,-1,-1,0,-1,0,5.179131031036377,11.995676040649414,0.43174982497743347,1,0.728984375,0 0 0,4.937 5.421 5.166,0,23,286,-1,5.881103038787842,8.791153907775879,0.6689796470956944,0.40706066945606695,1
9029,39,13539,Program,0,1.0,0.25,23,25,1,measured,262,0,1,238,0,21 23,8080 8080,23,25,24,1,25,1,5.122562885284424,11.667731285095215,0.4390367553140491,1,0.6886006289308176,1 1 1,5.104 5.128 5.032,0,1.0,0.25,286,286,1,measured,525,0,1,240,0,284,8080,-1,-1,-1,0,-1,0,5.121708869934082,11.75791072845459,0.43559684949294203,1,0.68609375,0 0 0,4.969 5.240 5.362,0,23,286,-2,3.7634873390197754,3.9251034259796143,0.9588250118735397,0.32839958158995813,1
9030,40,13540,Program,0,1.0,0.25,23,25,1,measured,262,0,1,238,0,21 23,8080 8080,23,25,24,1,25,0,5.193642616271973,11.546628952026367,0.4497973077553963,1,0.723515625,0 0 0,5.100 5.240 5.025,0,1.0,0.25,286,286,1,measured,525,0,1,240,0,284,8080,-1,-1,-1,0,-1,0,5.098242282867432,11.996600151062012,0.42497392750196017,1,0.688828125,0 0 0,5.010 5.216 5.270,0,23,286,-2,5.858280658721924,9.161452293395996,0.639448907346802,0.39884937238493723,1
9031,41,13541,Program,0,1.0,0.25,23,25,1,measured,262,0,1,238,0,21 23,8080 8080,23,25,24,1,25,0,5.133701324462891,11.565123558044434,0.4438950694039067,1,0.73375,0 0 0,5.029 5.256 4.957,0,1.0,0.25,286,286,1,measured,525,0,1,240,0,284,8080,-1,-1,-1,0,-1,0,5.015625,11.918749809265137,0.4208180455387245,1,0.688203125,0 0 0,4.884 5.108 5.186,0,23,286,-2,5.702094078063965,8.93294906616211,0.6383215706068918,0.3274581589958159,1
9032,42,13542,Program,0,1.0,0.25,23,24,1,measured,262,0,1,239,0,21,8080,-1,-1,23,1,24,-1,4.986929893493652,11.634987831115723,0.4286149642681179,1,0.6983490566037736,-1 -1 -1,4.900 5.110 4.885,0,1.0,0.25,286,286,1,measured,525,0,1,240,0,284,8080,-1,-1,-1,0,-1,0,4.96365213394165,11.826719284057617,0.4196981440687984,1,0.70296875,0 0 0,4.804 5.087 5.222,0,23,286,-1,3.801884889602661,3.924741744995117,0.9686968306770439,0.33781380753138074,1
9033,43,13543,Program,0,1.0,0.25,23,24,1,measured,262,0,1,239,0,21,8080,-1,-1,23,1,24,0,4.960507869720459,11.747838020324707,0.42224857553690986,1,0.690390625,0 0 0,4.796 5.114 4.854,0,1.0,0.25,286,286,1,measured,525,0,1,240,0,284,8080,-1,-1,-1,0,-1,0,5.099482536315918,11.957674980163574,0.42646104236612725,1,0.73609375,0 0 0,4.878 5.275 5.233,0,23,286,-1,5.922360420227051,9.315333366394043,0.6357647318981126,0.33336820083682006,1
9034,44,13544,Program,0,1.0,0.25,23,24,1,measured,262,0,1,239,0,21,8080,-1,-1,23,1,24,0,5.099228382110596,11.825923919677734,0.43119069738185445,1,0.692734375,0 0 0,4.889 5.303 4.910,0,1.0,0.25,286,286,1,measured,525,0,1,240,0,284,8080,-1,-1,-1,0,-1,0,5.063827991485596,11.902918815612793,0.42542741573969955,1,0.692578125,0 0 0,4.969 5.175 5.131,0,23,286,-1,5.902846813201904,9.240564346313477,0.6387972197344035,0.3270397489539749,1
9035,45,13545,Program,0,1.0,0.25,23,25,1,measured,262,0,1,238,0,21 23,8080 d320,23,25,24,1,25,1,5.130404949188232,11.63778305053711,0.4408404012095287,1,0.7332547169811321,1 1 1,5.076 5.204 4.927,0,1.0,0.25,286,286,1,measured,525,0,1,240,0,284,8080,-1,-1,-1,0,-1,0,4.952939510345459,11.83371639251709,0.4185447196856426,1,0.70171875,0 0 0,4.861 5.088 5.115,0,23,286,-2,3.83927583694458,3.9256551265716553,0.9779962103541908,0.3309623430962343,1
9036,46,13546,Program,0,1.0,0.25,23,24,1,measured,262,0,1,239,0,21,8080,-1,-1,23,1,24,-1,5.028469085693359,11.6359281539917,0.4321502349572643,1,0.6863993710691824,-1 -1 -1,4.936 5.087 5.085,0,1.0,0.25,286,286,1,measured,525,0,1,240,0,284,8080,-1,-1,-1,0,-1,0,5.101933479309082,12.01253890991211,0.4247173322451624,1,0.693046875,0 0 0,4.938 5.250 5.387,0,23,286,-1,3.787343978881836,3.8564493656158447,0.9820805668161617,0.3395397489539749,1
9037,47,13547,Program,0,1.0,0.25,23,24,1,measured,262,0,1,239,0,21,8080,-1,-1,23,1,24,0,8.319921493530273,8.919978141784668,0.9327289104618436,1,0.68140625,1 0 1,6.840 9.186 8.771,0,1.0,0.25,286,286,1,measured,525,0,1,240,0,284,8080,-1,-1,-1,0,-1,0,8.115137100219727,9.260278701782227,0.8763383221563184,1,0.68140625,0 0 1,6.763 8.818 9.365,0,23,286,-1,4.106679916381836,4.940182685852051,0.8312809824103787,0.3680962343096234,1
9038,48,13548,Program,0,1.0,0.25,23,24,1,measured,262,0,1,239,0,21,8080,-1,-1,23,1,24,0,4.975273609161377,11.69839859008789,0.4252952718996043,1,0.6940625,0 0 0,4.769 5.113 4.992,0,1.0,0.25,286,286,1,measured,525,0,1,240,0,284,8080,-1,-1,-1,0,-1,2,43.43778610229492,43.43881607055664,0.9999762892188395,1,0.7009493670886076,3 -3 1,39.785 45.064 41.832,0,23,286,-1,10.572359085083008,12.85119915008545,0.8226749085133204,0.16511506276150628,1
9039,49,13549,Program,0,1.0,0.25,23,23,1,measured,262,0,1,240,0,21,8080,-1,-1,-1,0,-1,1,43.25096130371094,43.27685546875,0.9994016625108596,1,0.7157232704402515,3 -2 1,39.484 45.464 41.442,0,1.0,0.25,286,286,1,measured,525,0,1,240,0,284,8080,-1,-1,-1,0,-1,0,5.133965015411377,8.105984687805176,0.6333548869312606,1,0.692109375,0 0 0,4.963 5.271 5.464,0,23,286,0,4.339054107666016,5.079750061035156,0.8541865358591677,0.10475941422594143,1
9040,50,13550,Program,0,1.0,0.25,23,23,1,measured,262,0,1,240,0,21,8080,-1,-1,-1,0,-1,0,4.898417949676514,7.976975440979004,0.6140695788672677,1,0.701640625,0 0 0,4.697 5.107 4.788,0,1.0,0.25,286,286,1,measured,525,0,1,240,0,284,8080,-1,-1,-1,0,-1,0,4.829668045043945,8.06511402130127,0.5988344408136093,1,0.709609375,0 0 0,4.682 4.959 5.115,0,23,286,0,4.183708190917969,6.138460159301758,0.6815566253335201,0.34827405857740584,1
9041,51,13551,Program,0,1.0,0.25,23,23,1,measured,262,0,1,240,0,21,8080,-1,-1,-1,0,-1,0,4.830322265625,7.9510908126831055,0.6075043512168115,1,0.706796875,0 0 0,4.576 5.100 4.706,0,1.0,0.25,286,286,1,measured,525,0,1,240,0,284,8080,-1,-1,-1,0,-1,0,4.801640510559082,8.094978332519531,0.5931628613840391,1,0.70828125,0 0 0,4.662 4.933 5.015,0,23,286,0,4.26328706741333,6.203717231750488,0.6872149242383132,0.360407949790795,1
9042,52,13552,Program,0,1.0,0.25,23,23,1,measured,262,0,1,240,0,21,8080,-1,-1,-1,0,-1,0,4.932529449462891,8.005572319030762,0.616137017179563,1,0.695859375,0 0 0,4.741 5.138 4.772,0,1.0,0.25,286,286,1,measured,525,0,1,240,0,284,8080,-1,-1,-1,0,-1,0,4.87252950668335,8.108824729919434,0.6008921969548799,1,0.714296875,0 0 0,4.752 4.961 5.116,0,23,286,0,4.1853837966918945,6.095567226409912,0.6866274525786745,0.3521443514644351,1
9043,53,13553,Program,0,1.0,0.25,23,23,1,measured,262,0,1,240,0,21,8502,-1,-1,-1,0,-1,0,6.142373085021973,6.884227752685547,0.8922385060003025,1,0.70875,0 0 0,5.285 6.907 5.427,0,1.0,0.25,286,286,1,measured,525,0,1,240,0,284,8080,-1,-1,-1,0,-1,0,6.214189529418945,7.004599094390869,0.8871584862572839,1,0.7121875,0 0 0,5.286 7.048 5.753,0,23,286,0,3.6282272338867188,4.6048903465271,0.7879074116548818,0.39602510460251045,1
9044,54,13554,Program,0,1.0,0.25,23,23,1,measured,262,0,1,240,0,21,57ce,-1,-1,-1,0,-1,0,5.577470779418945,7.102328777313232,0.7853016882624333,1,0.72,0 0 0,4.977 6.069 5.270,0,1.0,0.25,286,286,1,measured,525,0,1,240,0,284,8080,-1,-1,-1,0,-1,0,5.67703104019165,7.207999229431152,0.7876015048685953,1,0.722109375,0 0 0,5.105 6.157 5.513,0,23,286,0,3.6306262016296387,4.687998294830322,0.7744512632680141,0.3311715481171548,1
9045,55,13555,Program,0,1.0,0.25,23,23,1,measured,262,0,1,240,0,21,4554,-1,-1,-1,0,-1,0,4.813955307006836,8.02624797821045,0.5997765481549657,1,0.704453125,0 0 0,4.637 4.986 4.808,0,1.0,0.25,286,286,1,measured,525,0,1,240,0,284,8080,-1,-1,-1,0,-1,0,7.384081840515137,8.658451080322266,0.8528178737761377,1,0.680390625,0 0 0,7.197 7.921 5.908,0,23,286,0,4.1335883140563965,5.712793350219727,0.7235669243833946,0.3996338912133891,1
9046,56,13556,Program,0,1.0,0.25,23,23,1,measured,262,0,1,240,0,21,8f2c,-1,-1,-1,0,-1,0,7.45578145980835,8.74440860748291,0.8526341568060034,1,0.7015625,0 0 0,7.214 7.890 5.793,0,1.0,0.25,286,286,1,measured,525,0,1,240,0,284,8080,-1,-1,-1,0,-1,0,4.973046779632568,7.76867151260376,0.6401412096732861,1,0.694140625,0 0 0,4.770 5.193 5.126,0,23,286,0,3.8815696239471436,5.007098197937012,0.7752134011564622,0.36621338912133894,1
9047,57,13557,Program,0,1.0,0.25,23,23,1,measured,262,0,1,240,0,21,8080,-1,-1,-1,0,-1,0,5.034033298492432,7.636192798614502,0.6592333943435528,1,0.6915625,0 0 0,4.798 5.275 4.833,0,1.0,0.25,286,286,1,measured,525,0,1,240,0,284,8080,-1,-1,-1,0,-1,0,4.855175971984863,8.056417465209961,0.602647019342155,1,0.700078125,0 0 0,4.776 4.966 5.040,0,23,286,0,3.8478074073791504,5.359909534454346,0.7178866327211003,0.3327405857740586,1
9048,58,13558,Program,0,1.0,0.25,23,23,1,measured,262,0,1,240,0,21,8080,-1,-1,-1,0,-1,0,7.308574199676514,8.272494316101074,0.8834789025423148,1,0.683515625,0 0 0,7.617 7.295 5.079,0,1.0,0.25,286,286,1,measured,525,0,1,240,0,284,8080,-1,-1,-1,0,-1,0,7.44772481918335,8.590517044067383,0.8669704956032598,1,0.68046875,0 0 0,7.912 7.500 5.324,0,23,286,0,3.8450894355773926,5.08797550201416,0.7557209019688184,0.39168410041841006,1
9049,59,13559,Program,0,1.0,0.25,23,23,1,measured,262,0,1,240,0,21,8080,-1,-1,-1,0,-1,0,4.85964822769165,7.793190002441406,0.6235762539049153,1,0.70125,0 0 0,4.636 5.111 4.664,0,1.0,0.25,286,286,1,measured,525,0,1,240,0,284,8080,-1,-1,-1,0,-1,0,4.715781211853027,7.8296284675598145,0.6022994873117843,1,0.716796875,0 0 0,4.587 4.841 4.973,0,23,286,0,4.078500747680664,5.900415897369385,0.6912225881397622,0.36323221757322177,1
9050,60,13560,Program,0,1.0,0.25,23,23,1,measured,262,0,1,240,0,21,8080,-1,-1,-1,0,-1,0,4.883008003234863,7.87195348739624,0.6203044785583441,1,0.7040625,0 0 0,4.765 5.012 4.758,0,1.0,0.25,286,286,1,measured,525,0,1,240,0,284,8080,-1,-1,-1,0,-1,0,7.315341949462891,8.63426685333252,0.8472452929387316,1,0.682890625,0 0 0,7.692 7.376 5.446,0,23,286,0,3.9645156860351562,5.592905044555664,0.7088473082328403,0.3369769874476987,1
9051,61,13561,Program,0,1.0,0.25,23,23,1,measured,262,0,1,240,0,21,8080,-1,-1,-1,0,-1,0,7.69528341293335,8.8179931640625,0.8726796754952448,1,0.699453125,0 0 0,7.935 7.757 5.469,0,1.0,0.25,286,286,1,measured,525,0,1,240,0,284,8080,-1,-1,-1,0,-1,0,4.710439682006836,8.067344665527344,0.5838897279466769,1,0.703828125,0 0 0,4.568 4.846 4.870,0,23,286,0,3.943279266357422,5.352872848510742,0.7366659694624555,0.36595188284518826,1
9052,62,13562,Program,0,1.0,0.25,23,23,1,measured,262,0,1,240,0,21,0704,-1,-1,-1,0,-1,0,5.200146675109863,8.275471687316895,0.628380697994494,1,0.728984375,0 0 0,5.023 5.387 4.842,0,1.0,0.25,286,286,1,measured,525,0,1,240,0,284,8080,-1,-1,-1,0,-1,0,4.849384784698486,8.155218124389648,0.594635816078975,1,0.702578125,0 0 0,4.658 4.991 5.170,0,23,286,0,4.107597827911377,6.028701305389404,0.681340411448044,0.3315376569037657,1
9053,63,13563,Program,0,1.0,0.25,23,24,1,measured,262,0,1,239,0,21,e580,-1,-1,23,1,24,1,7.679667949676514,8.739121437072754,0.8787688791115925,1,0.6790880503144654,1 1 1,8.359 7.338 5.228,0,1.0,0.25,286,286,1,measured,525,0,1,240,0,284,8080,-1,-1,-1,0,-1,0,7.738476753234863,8.721442222595215,0.8872932429898214,1,0.67515625,0 0 0,8.401 7.582 5.473,0,23,286,-1,3.612632989883423,3.7179346084594727,0.9716773882099875,0.4078451882845188,1
9054,64,13564,Program,0,1.0,0.25,23,23,1,measured,262,0,1,240,0,21,8080,-1,-1,-1,0,-1,-1,5.063649654388428,7.978135108947754,0.6346908876874459,1,0.6931603773584906,-1 -1 -1,4.885 5.251 4.947,0,1.0,0.25,286,286,1,measured,525,0,1,240,0,284,8080,-1,-1,-1,0,-1,0,4.971845626831055,7.855719566345215,0.6328949989675039,1,0.70125,0 0 0,4.862 5.097 5.065,0,23,286,0,3.4312024116516113,3.4989116191864014,0.9806484944736803,0.3503661087866109,1
9055,65,13565,Program,0,1.0,0.25,23,23,1,measured,262,0,1,240,0,21,8080,-1,-1,-1,0,-1,0,4.824209213256836,8.002034187316895,0.6028728571171486,1,0.703984375,0 0 0,4.673 4.943 4.748,0,1.0,0.25,286,286,1,measured,525,0,1,240,0,284,8080,-1,-1,-1,0,-1,0,7.86007833480835,9.074538230895996,0.8661684082223836,1,0.69546875,0 0 0,8.382 7.848 5.438,0,23,286,0,4.0506134033203125,5.281237602233887,0.7669818531942137,0.3910564853556485,1
9056,66,13566,Program,0,1.0,0.25,23,24,1,measured,262,0,1,239,0,21,8080,-1,-1,23,1,24,1,7.803508281707764,8.993294715881348,0.8677029418292577,1,0.6755503144654088,1 1 1,8.323 7.626 5.171,0,1.0,0.25,286,286,1,measured,525,0,1,240,0,284,8080,-1,-1,-1,0,-1,0,4.805429458618164,8.041735649108887,0.5975612315919212,1,0.7090625,0 0 0,4.709 4.950 4.969,0,23,286,-1,3.525022029876709,3.648831605911255,0.9660687065322583,0.3579497907949791,1
9057,67,13567,Program,0,1.0,0.25,23,24,1,measured,262,0,1,239,0,21,8080,-1,-1,23,1,24,0,4.844443321228027,8.041047096252441,0.6024642392016081,1,0.70734375,0 0 0,4.716 4.980 4.727,0,1.0,0.25,286,286,1,measured,525,0,1,240,0,284,8080,-1,-1,-1,0,-1,0,4.801806449890137,8.139062881469727,0.5899704326922514,1,0.71015625,0 0 0,4.601 4.990 4.981,0,23,286,-1,4.4796528816223145,6.18595027923584,0.7241656785795719,0.360826359832636,1
9058,68,13568,Program,0,1.0,0.25,23,24,1,measured,262,0,1,239,0,21,8080,-1,-1,23,1,24,0,7.334726333618164,8.414082527160645,0.871720274901236,1,0.68375,0 0 0,7.532 7.410 5.191,0,1.0,0.25,286,286,1,measured,525,0,1,240,0,284,8080,-1,-1,-1,0,-1,0,7.707324028015137,8.798171997070312,0.8760142482531127,1,0.6915625,0 0 0,7.992 7.939 5.648,0,23,286,-1,4.362420558929443,5.40439510345459,0.8071986735649477,0.38744769874476986,1
9059,69,13569,Program,0,1.0,0.25,23,24,1,measured,262,0,1,239,0,21,8080,-1,-1,23,1,24,0,4.907402515411377,7.922150135040283,0.6194533594744128,1,0.706875,0 0 0,4.773 5.026 4.776,0,1.0,0.25,286,286,1,measured,525,0,1,240,0,284,8080,-1,-1,-1,0,-1,0,4.936669826507568,8.150874137878418,0.6056613981518955,1,0.705078125,0 0 0,4.940 4.939 5.036,0,23,286,-1,4.775123119354248,6.229452610015869,0.7665397617242783,0.34544979079497906,1
9060,70,13570,Program,0,1.0,0.25,23,24,1,measured,262,0,1,239,0,21,8080,-1,-1,23,1,24,0,5.199853420257568,8.20126724243164,0.6340304816985618,1,0.723203125,0 0 0,5.125 5.290 4.887,0,1.0,0.25,286,286,1,measured,525,0,1,240,0,284,8080,-1,-1,-1,0,-1,0,7.473183631896973,8.484443664550781,0.8808100952005848,1,0.7215625,0 0 0,7.808 7.651 5.336,0,23,286,-1,4.625513076782227,5.8937201499938965,0.7848206156831211,0.38242677824267785,1
9061,71,13571,Program,0,1.0,0.25,23,24,1,measured,262,0,1,239,0,21,8080,-1,-1,23,1,24,0,7.508291244506836,8.36430835723877,0.8976583506762869,1,0.679921875,0 0 0,7.747 7.584 5.255,0,1.0,0.25,286,286,1,measured,525,0,1,240,0,284,8080,-1,-1,-1,0,-1,0,4.970205307006836,8.17988395690918,0.6076131804790125,1,0.7028125,0 0 0,4.980 5.006 5.033,0,23,286,-1,4.447129249572754,5.535135269165039,0.8034364172356698,0.3798640167364017,1
9062,72,13572,Program,0,1.0,0.25,23,24,1,measured,262,0,1,239,0,21,8080,-1,-1,23,1,24,0,4.930546760559082,8.04329776763916,0.6130006501060172,1,0.69578125,0 0 0,4.748 5.076 5.135,0,1.0,0.25,286,286,1,measured,525,0,1,240,0,284,8080,-1,-1,-1,0,-1,0,4.967392444610596,8.230011940002441,0.6035705027918978,1,0.6909375,0 0 0,4.969 5.024 5.133,0,23,286,-1,4.554683685302734,6.361024856567383,0.7160298517935034,0.33247907949790795,1
9063,73,13573,Program,0,1.0,0.25,23,24,1,measured,262,0,1,239,0,21,8080,-1,-1,23,1,24,0,8.271679878234863,9.38088607788086,0.8817589095062792,1,0.69796875,0 0 0,7.810 9.016 6.142,0,1.0,0.25,286,286,1,measured,525,0,1,240,0,284,8080,-1,-1,-1,0,-1,0,8.85595703125,9.966156005859375,0.8886030909051936,1,0.70265625,0 0 0,8.639 9.642 6.100,0,23,286,-1,4.396866798400879,5.394008636474609,0.8151389986046745,0.4006276150627615,1
9064,74,13574,Program,0,1.0,0.25,23,23,1,measured,262,0,1,240,0,21,8080,-1,-1,-1,0,-1,-1,5.176562309265137,7.977778911590576,0.6488726206418592,1,0.6898584905660378,-1 -1 -1,4.971 5.337 5.359,0,1.0,0.25,286,286,1,measured,525,0,1,240,0,284,8080,-1,-1,-1,0,-1,0,6.558545112609863,6.778822898864746,0.967505009418114,1,0.6996875,0 0 1,5.968 6.900 6.156,0,23,286,0,3.443834066390991,3.623406171798706,0.9504410775680241,0.3922071129707113,1
9065,75,13575,Program,0,1.0,0.25,23,24,1,measured,262,0,1,239,0,21,8080,-1,-1,23,1,24,1,6.687480449676514,6.750692367553711,0.990636231895114,1,0.6982704402515724,2 1 1,5.931 7.266 6.340,0,1.0,0.25,286,286,1,measured,525,0,1,240,0,284,8080,-1,-1,-1,0,-1,-1,5.110770225524902,8.043027877807617,0.6354286349829245,1,0.6930031446540881,-1 -1 -1,4.677 5.584 4.881,0,23,286,-1,3.4774110317230225,3.5854220390319824,0.9698749530367361,0.4059100418410042,1
9066,76,13576,Program,0,1.0,0.25,23,23,1,measured,262,0,1,240,0,21,8080,-1,-1,-1,0,-1,-1,4.858598709106445,7.980637073516846,0.6087983533581982,1,0.7072327044025157,-1 -1 -1,4.698 5.024 5.175,0,1.0,0.25,286,286,1,measured,525,0,1,240,0,284,8080,-1,-1,-1,0,-1,1,6.246796607971191,6.570876121520996,0.9506794059793067,1,0.7189465408805031,1 1 1,5.699 6.651 6.343,0,23,286,0,1.925141453742981,1.991276741027832,0.9667874957195983,0.4157949790794979,1
9067,77,13577,Program,0,1.0,0.25,23,23,1,measured,262,0,1,240,0,21,8080,-1,-1,-1,0,-1,0,0.405029296875,8.059237480163574,0.05025652834674619,1,0.96609375,0 0 0,0.371 0.437 0.399,0,1.0,0.25,286,286,1,measured,525,0,1,240,0,284,8080,-1,-1,-1,0,-1,-2,6.3445611000061035,6.457193374633789,0.9825570850843424,1,0.7192246835443038,-2 -2 -2,5.783 6.781 6.463,0,23,286,0,2.225736141204834,3.5462894439697266,0.6276239366162223,0.15721757322175733,1
9068,78,13578,Program,0,1.0,0.25,23,23,1,measured,262,0,1,240,0,21,8080,-1,-1,-1,0,-1,-1,6.3519062995910645,6.740476608276367,0.9423526953259963,1,0.7125,-1 -1 -1,5.844 6.750 6.263,0,1.0,0.25,286,286,1,measured,525,0,1,240,0,284,8080,-1,-1,-1,0,-1,1,6.453164100646973,6.681747913360596,0.9657898179222604,1,0.6985849056603773,1 1 1,5.908 6.903 6.431,0,23,286,1,3.4614787101745605,3.510488510131836,0.986039037069677,0.34503138075313805,1
9069,79,13579,Program,0,1.0,0.25,23,23,1,measured,262,0,1,240,0,21,8080,-1,-1,-1,0,-1,1,4.72308349609375,7.956523418426514,0.5936114616536615,1,0.7182389937106918,1 1 1,4.624 4.813 4.756,0,1.0,0.25,286,286,1,measured,525,0,1,240,0,284,8080,-1,-1,-1,0,-1,0,4.823339939117432,8.172464370727539,0.590194061462521,1,0.706875,0 0 0,4.728 4.939 5.071,0,23,286,0,3.576754331588745,3.6950623989105225,0.9679821192311502,0.3726464435146444,1
9070,80,13580,Program,0,1.0,0.25,23,23,1,measured,262,0,1,240,0,21,57ce,-1,-1,-1,0,-1,0,4.768652439117432,8.067394256591797,0.5911019453674287,1,0.711328125,0 0 0,4.668 4.904 4.926,0,1.0,0.25,286,286,1,measured,525,0,1,240,0,284,8080,-1,-1,-1,0,-1,0,5.154882907867432,8.418966293334961,0.6122940427910247,1,0.70484375,0 0 0,4.621 5.730 5.075,0,23,286,0,4.054756164550781,5.988850116729736,0.6770508671145231,0.3503661087866109,1
9071,81,13581,Program,0,1.0,0.25,23,23,1,measured,262,0,1,240,0,21,4554,-1,-1,-1,0,-1,0,5.056601524353027,8.180502891540527,0.6181284441060546,1,0.70578125,0 0 0,4.682 5.516 4.868,0,1.0,0.25,286,286,1,measured,525,0,1,240,0,284,8080,-1,-1,-1,0,-1,0,4.761640548706055,8.23950481414795,0.5779037279679602,1,0.710859375,0 0 0,4.639 4.820 5.287,0,23,286,0,4.089159965515137,6.130028247833252,0.6670703298896722,0.3571652719665272,1
9072,82,13582,Program,0,1.0,0.25,23,23,1,measured,262,0,1,240,0,21,8f2c,-1,-1,-1,0,-1,0,4.817373275756836,8.121098518371582,0.5931923205781773,1,0.705625,0 0 0,4.756 4.884 4.844,0,1.0,0.25,286,286,1,measured,525,0,1,240,0,284,8080,-1,-1,-1,0,-1,0,4.974589824676514,8.266971588134766,0.6017427024687411,1,0.701796875,0 0 0,4.862 5.095 5.292,0,23,286,0,4.220576286315918,6.106431484222412,0.6911690235485157,0.35172594142259417,1
9073,83,13583,Program,0,1.0,0.25,23,24,1,measured,262,0,1,239,0,21,8080,-1,-1,23,1,24,1,5.22646427154541,8.289170265197754,0.6305171813744525,1,0.7028301886792453,1 1 1,4.668 5.822 4.934,0,1.0,0.25,286,286,1,measured,525,0,1,240,0,284,8080,-1,-1,-1,0,-1,0,5.209267616271973,8.319093704223633,0.6261821060660983,1,0.70140625,0 0 0,4.656 5.809 5.155,0,23,286,0,3.518867254257202,3.5307254791259766,0.9966414197481844,0.3485878661087866,1
9074,84,13584,Program,0,1.0,0.25,23,24,1,measured,262,0,1,239,0,21,8080,-1,-1,23,1,24,0,5.046318531036377,8.079205513000488,0.6246057886405039,1,0.736328125,0 0 0,4.794 5.315 5.013,0,1.0,0.25,286,286,1,measured,525,0,1,240,0,284,8080,-1,-1,-1,0,-1,0,4.793525218963623,8.168317794799805,0.5868436242790804,1,0.7075,0 0 0,4.615 4.945 5.154,0,23,286,-1,4.4937028884887695,6.232902526855469,0.7209647301761778,0.34001046025104603,1
9075,85,13585,Program,0,1.0,0.25,23,24,1,measured,262,0,1,239,0,21,8080,-1,-1,23,1,24,0,4.857021331787109,8.089190483093262,0.6004335467113158,1,0.7015625,0 0 0,4.629 5.095 4.829,0,1.0,0.25,286,286,1,measured,525,0,1,240,0,284,8080,-1,-1,-1,0,-1,0,5.282998085021973,8.175943374633789,0.6461637321770963,1,0.70265625,0 0 0,4.908 5.803 5.232,0,23,286,-1,4.54220724105835,6.2349162101745605,0.7285113525096082,0.3506799163179916,1
9076,86,13586,Program,0,1.0,0.25,23,25,1,measured,262,0,1,238,0,21 23,8080 8080,23,25,24,1,25,1,5.327702522277832,8.144492149353027,0.6541479105853208,1,0.7008647798742138,1 1 1,4.869 5.855 4.951,0,1.0,0.25,286,286,1,measured,525,0,1,240,0,284,8080,-1,-1,-1,0,-1,0,4.839306831359863,8.26129150390625,0.5857809071464984,1,0.70703125,0 0 0,4.795 4.934 5.177,0,23,286,-2,3.6140520572662354,3.735893964767456,0.9673861440794921,0.35679916317991633,1
9077,87,13587,Program,0,1.0,0.25,23,24,1,measured,262,0,1,239,0,21,8080,-1,-1,23,1,24,-1,4.875697612762451,8.010611534118652,0.6086548563734451,1,0.7111635220125786,-1 -1 -1,4.721 5.034 5.018,0,1.0,0.25,286,287,1,measured,525,0,1,239,0,284,8080,-1,-1,286,1,287,1,6.847385883331299,7.008890628814697,0.9769571599791519,1,0.7116352201257862,1 1 1,6.347 7.352 6.526,0,23,286,0,3.432649612426758,3.4837827682495117,0.9853225188755249,0.3949267782426778,1
9078,88,13588,Program,0,1.0,0.25,23,23,1,measured,262,0,1,240,0,21,8080,-1,-1,-1,0,-1,-1,6.446010112762451,6.65237283706665,0.9689790801931067,1,0.7047169811320755,-1 -1 -1,5.880 6.936 6.427,0,1.0,0.25,286,286,1,measured,525,0,1,240,0,284,8080,-1,-1,-1,0,-1,-1,4.8692708015441895,8.00992202758789,0.6079048940518242,1,0.7042452830188679,-1 -1 -1,4.755 4.952 4.940,0,23,286,0,3.3364923000335693,3.6853792667388916,0.9053321404789786,0.37494769874476985,1
9079,89,13589,Program,0,1.0,0.25,23,23,1,measured,262,0,1,240,0,21,8080,-1,-1,-1,0,-1,0,4.670986175537109,7.921875,0.5896313909948225,1,0.722734375,0 0 0,4.596 4.796 5.086,0,1.0,0.25,286,286,1,measured,525,0,1,240,0,284,8080,-1,-1,-1,0,-1,0,6.262412071228027,6.494162559509277,0.9643140303068173,1,0.71453125,0 0 0,5.681 6.682 6.355,0,23,286,0,2.3101558685302734,2.9620742797851562,0.7799115249391493,0.3583682008368201,1
9080,90,13590,Program,0,1.0,0.25,23,23,1,measured,262,0,1,240,0,21,8080,-1,-1,-1,0,-1,0,0.4017675817012787,7.92896032333374,0.05067090328588693,1,0.9640625,0 0 0,0.354 0.442 0.429,0,1.0,0.25,286,286,1,measured,525,0,1,240,0,284,8080,-1,-1,-1,0,-1,-1,6.3301100730896,6.486806869506836,0.9758437703527392,1,0.7183962264150944,-1 -1 -1,5.784 6.755 6.503,0,23,286,0,2.492600917816162,3.7069482803344727,0.672413189857415,0.17097280334728032,1
9081,91,13591,Program,0,1.0,0.25,23,23,1,measured,262,0,1,240,0,21,8080,-1,-1,-1,0,-1,0,4.77880859375,8.052151679992676,0.5934821875777614,1,0.715390625,0 0 0,4.553 5.052 5.079,0,1.0,0.25,286,286,1,measured,525,0,1,240,0,284,8080,-1,-1,-1,0,-1,0,4.964756011962891,8.038315773010254,0.6176363497230027,1,0.705859375,0 0 0,4.671 5.308 4.863,0,23,286,0,4.2542548179626465,6.1545538902282715,0.691236910723493,0.35648535564853556,1
9082,92,13592,Program,0,1.0,0.25,23,23,1,measured,262,0,1,240,0,21,8080,-1,-1,-1,0,-1,0,4.678066253662109,8.071040153503418,0.5796113220464513,1,0.71203125,0 0 0,4.656 4.744 4.939,0,1.0,0.25,286,286,1,measured,525,0,1,240,0,284,8501,-1,-1,-1,0,-1,0,4.860390663146973,8.024685859680176,0.6056798668677958,1,0.710078125,0 0 0,4.686 5.059 4.861,0,23,286,0,4.181221961975098,5.974353790283203,0.6998617940530258,0.36030334728033475,1
9083,93,13593,Program,0,1.0,0.25,23,23,1,measured,262,0,1,240,0,21,8080,-1,-1,-1,0,-1,0,4.78372049331665,8.160553932189941,0.5862004629914755,1,0.71078125,0 0 0,4.716 4.894 5.068,0,1.0,0.25,286,286,1,measured,525,0,1,240,0,284,d0c2,-1,-1,-1,0,-1,0,5.311191558837891,8.048614501953125,0.6598889234350888,1,0.702734375,0 0 0,4.667 6.067 4.834,0,23,286,0,4.200113296508789,5.990408420562744,0.7011397223086546,0.363336820083682,1
9084,94,13594,Program,0,1.0,0.25,23,23,1,measured,262,0,1,240,0,21,8080,-1,-1,-1,0,-1,0,5.387832164764404,8.240143775939941,0.6538517180362938,1,0.701953125,0 0 0,4.738 6.128 5.105,0,1.0,0.25,286,286,1,measured,525,0,1,240,0,284,d320,-1,-1,-1,0,-1,0,4.84787130355835,7.968101501464844,0.6084098329654968,1,0.704921875,0 0 0,4.700 4.995 4.792,0,23,286,0,4.110202789306641,5.859286308288574,0.7014852275595969,0.34660041841004186,1
9085,95,13595,Program,0,1.0,0.25,23,23,1,measured,262,0,1,240,0,21,8080,-1,-1,-1,0,-1,0,4.833095550537109,8.091666221618652,0.597292994812915,1,0.701953125,0 0 0,4.652 5.047 5.056,0,1.0,0.25,286,286,1,measured,525,0,1,240,0,284,8fe6,-1,-1,-1,0,-1,0,4.761904239654541,7.980443954467773,0.5966966583342316,1,0.711484375,0 0 0,4.571 4.972 4.677,0,23,286,0,4.209156513214111,6.2268385887146,0.6759700694414504,0.3547071129707113,1
9086,96,13596,Program,0,1.0,0.25,23,23,1,measured,262,0,1,240,0,21,8080,-1,-1,-1,0,-1,0,4.946884632110596,8.025992393493652,0.6163580015501678,1,0.708984375,0 0 0,4.694 5.285 5.081,0,1.0,0.25,286,286,1,measured,525,0,1,240,0,284,8080,-1,-1,-1,0,-1,0,4.995214939117432,7.9996657371521,0.6244279577731132,1,0.70609375,0 0 0,4.620 5.436 4.707,0,23,286,0,4.087837219238281,5.802443981170654,0.7045026600004421,0.36239539748953975,1
9087,97,13597,Program,0,1.0,0.25,23,23,1,measured,262,0,1,240,0,21,8080,-1,-1,-1,0,-1,0,4.791269302368164,7.8979363441467285,0.6066482551380704,1,0.708515625,0 0 0,4.752 4.827 5.151,0,1.0,0.25,286,286,1,measured,525,0,1,240,0,284,8080,-1,-1,-1,0,-1,0,4.811152458190918,7.860937595367432,0.6120329031776314,1,0.708203125,0 0 0,4.673 4.878 4.991,0,23,286,0,4.116412162780762,5.869308948516846,0.7013452859422172,0.35360878661087863,1
9088,98,13598,Program,0,1.0,0.25,23,23,1,measured,262,0,1,240,0,21,8080,-1,-1,-1,0,-1,0,4.950527191162109,8.232831954956055,0.6013152240016217,1,0.70234375,0 0 0,4.879 5.015 5.469,0,1.0,0.25,286,286,1,measured,525,0,1,240,0,284,8080,-1,-1,-1,0,-1,0,6.70089864730835,8.860583305358887,0.7562593134535106,1,0.6846875,0 0 0,5.334 8.226 5.738,0,23,286,0,4.3583292961120605,5.786866664886475,0.7531414750848698,0.3805962343096234,1
9089,99,13599,Program,0,1.0,0.25,23,23,1,measured,262,0,1,240,0,21,8080,-1,-1,-1,0,-1,0,6.363515853881836,8.55922794342041,0.743468440839171,1,0.71390625,0 0 0,4.781 8.017 6.009,0,1.0,0.25,286,286,1,measured,525,0,1,240,0,284,8080,-1,-1,-1,0,-1,0,4.839179515838623,8.029687881469727,0.6026609735362312,1,0.707890625,0 0 0,4.776 4.948 4.932,0,23,286,0,3.9896602630615234,5.280740261077881,0.7555115506186952,0.32594142259414227,1
9090,100,13600,Program,0,1.0,0.25,23,23,1,measured,262,0,1,240,0,21,8080,-1,-1,-1,0,-1,0,4.862343788146973,8.096324920654297,0.6005618395752362,1,0.705390625,0 0 0,4.821 4.907 5.226,0,1.0,0.25,286,286,1,measured,525,0,1,240,0,284,8080,-1,-1,-1,0,-1,0,4.704218864440918,8.122936248779297,0.5791278818848125,1,0.712578125,0 0 0,4.651 4.773 4.933,0,23,286,0,3.8818187713623047,5.4793500900268555,0.7084451089240912,0.3557008368200837,1
9091,101,13601,Program,0,1.0,0.25,23,23,1,measured,262,0,1,240,0,21,8080,-1,-1,-1,0,-1,0,6.450419902801514,8.489662170410156,0.759797006444354,1,0.71171875,0 0 0,4.741 8.243 5.673,0,1.0,0.25,286,286,1,measured,525,0,1,240,0,284,8080,-1,-1,-1,0,-1,0,6.475459098815918,8.455188751220703,0.765856243940271,1,0.714921875,0 0 0,4.669 8.374 5.481,0,23,286,0,3.937131881713867,5.375386714935303,0.7324369557960732,0.3994769874476987,1
9092,102,13602,Program,0,1.0,0.25,23,23,1,measured,262,0,1,240,0,21,8080,-1,-1,-1,0,-1,-1,4.791371822357178,8.160037994384766,0.5871751854163306,1,0.7174528301886792,-1 -1 -1,4.742 4.848 5.135,0,1.0,0.25,286,286,1,measured,525,0,1,240,0,284,8502,-1,-1,-1,0,-1,0,4.975830078125,8.118927001953125,0.6128679414075274,1,0.69515625,0 0 0,4.772 5.179 4.919,0,23,286,0,3.4350473880767822,3.4492032527923584,0.9958959030019132,0.35852510460251047,1
9093,103,13603,Program,0,1.0,0.25,23,23,1,measured,262,0,1,240,0,21,8080,-1,-1,-1,0,-1,0,4.781836032867432,8.332880973815918,0.5738514744052154,1,0.706171875,0 0 0,4.680 4.880 5.324,0,1.0,0.25,286,286,1,measured,525,0,1,240,0,284,57ce,-1,-1,-1,0,-1,0,6.507871150970459,9.083549499511719,0.7164458289482857,1,0.71578125,0 0 0,4.633 8.466 5.574,0,23,286,1,4.0826826095581055,5.877776622772217,0.6945964216708416,0.338336820083682,1
9094,104,13604,Program,0,1.0,0.25,23,23,1,measured,262,0,1,240,0,21,8080,-1,-1,-1,0,-1,0,6.601913928985596,9.14660930633545,0.721788119277462,1,0.66609375,0 0 0,4.848 8.398 5.862,0,1.0,0.25,286,286,1,measured,525,0,1,240,0,284,4554,-1,-1,-1,0,-1,0,6.541406154632568,6.7122344970703125,0.974549705837556,1,0.6975,0 0 0,5.942 6.992 6.688,0,23,286,1,3.612440347671509,4.221024036407471,0.8558208426470062,0.3833682008368201,1
9095,105,13605,Program,0,1.0,0.25,23,25,1,measured,262,0,1,238,0,21 23,8080 8080,23,25,24,1,25,3,6.641391277313232,6.700652599334717,0.991155888005988,1,0.6980095541401274,3 2 3,6.077 6.922 6.987,0,1.0,0.25,286,286,1,measured,525,0,1,240,0,284,8080,-1,-1,-1,0,-1,-1,6.524272918701172,9.357229232788086,0.6972441046800342,1,0.7086477987421383,-1 -1 -1,4.900 8.136 6.100,0,23,286,0,3.755887985229492,3.7899985313415527,0.9909998524194714,0.38640167364016736,1
9096,106,13606,Program,0,1.0,0.25,23,24,1,measured,262,0,1,239,0,21,8080,-1,-1,23,1,24,-1,6.601739406585693,9.241069793701172,0.7143912505763695,1,0.7067610062893082,-1 -1 -1,4.885 8.267 5.831,0,1.0,0.25,286,286,1,measured,525,0,1,240,0,284,8080,-1,-1,-1,0,-1,0,4.871767520904541,8.333038330078125,0.5846327987379925,1,0.712265625,0 0 0,4.775 4.986 5.100,0,23,286,-1,3.490107536315918,3.598564386367798,0.9698610783614878,0.351255230125523,1
9097,107,13607,Program,0,1.0,0.25,23,24,1,measured,262,0,1,239,0,21,8080,-1,-1,23,1,24,0,4.801806449890137,8.05200481414795,0.5963491777169605,1,0.70703125,0 0 0,4.761 4.843 4.945,0,1.0,0.25,286,286,1,measured,525,0,1,240,0,284,8080,-1,-1,-1,0,-1,0,4.775068283081055,8.253242492675781,0.5785687609831673,1,0.7,0 0 0,4.723 4.848 5.174,0,23,286,-1,4.540099620819092,6.326276779174805,0.7176574435953306,0.3553347280334728,1
9098,108,13608,Program,0,1.0,0.25,23,23,1,measured,262,0,1,240,0,21,8080,-1,-1,-1,0,-1,-1,7.006859302520752,9.55550765991211,0.733279648962701,1,0.7040094339622641,-1 -1 -1,4.779 8.865 6.705,0,1.0,0.25,286,286,1,measured,525,0,1,240,0,284,8080,-1,-1,-1,0,-1,0,7.166543006896973,9.880670547485352,0.7253093777851819,1,0.6971875,0 0 0,4.829 9.017 7.292,0,23,286,-1,3.624868154525757,3.6505484580993652,0.9929653574337214,0.34722803347280334,1
9099,109,13609,Program,0,1.0,0.25,23,24,1,measured,262,0,1,239,0,21,8080,-1,-1,23,1,24,1,5.007350444793701,8.398536682128906,0.5962170118812187,1,0.6894654088050315,1 1 1,4.977 5.061 4.987,0,1.0,0.25,286,286,1,measured,525,0,1,240,0,284,8080,-1,-1,-1,0,-1,0,4.825918197631836,8.577319145202637,0.5626371265817958,1,0.704609375,0 0 0,4.714 4.914 5.277,0,23,286,-1,3.450253963470459,3.5682146549224854,0.9669412569422372,0.35266736401673643,1
9100,110,13610,Program,0,1.0,0.25,23,25,1,measured,262,0,1,238,0,21 23,8080 0701,23,25,24,1,25,1,4.845233917236328,8.371747970581055,0.5787601268292883,1,0.7052672955974842,1 1 1,4.802 4.921 4.780,0,1.0,0.25,286,286,1,measured,525,0,1,240,0,284,8080,-1,-1,-1,0,-1,0,7.211240291595459,9.848359107971191,0.7322275937073347,1,0.703515625,0 0 0,4.830 9.373 6.942,0,23,286,-2,3.597395658493042,3.649986743927002,0.9855914311136984,0.3474372384937239,1
9101,111,13611,Program,0,1.0,0.25,23,24,1,measured,262,0,1,239,0,21,8080,-1,-1,23,1,24,-1,7.226965427398682,9.6524019241333,0.7487219745097382,1,0.7009433962264151,-1 -1 -1,4.874 9.446 6.743,0,1.0,0.25,286,286,1,measured,525,0,1,240,0,284,8080,-1,-1,-1,0,-1,0,4.889042854309082,8.446147918701172,0.5788488316056992,1,0.70078125,0 0 0,4.798 5.031 5.290,0,23,286,-1,3.4488487243652344,3.5235350131988525,0.9788035911225943,0.34074267782426776,1
9102,112,13612,Program,0,1.0,0.25,23,24,1,measured,262,0,1,239,0,21,8080,-1,-1,23,1,24,0,5.092695236206055,8.579569816589355,0.5935839844043088,1,0.689296875,0 0 0,4.906 5.283 5.073,0,1.0,0.25,286,286,1,measured,525,0,1,240,0,284,8080,-1,-1,-1,0,-1,0,4.984257698059082,8.608254432678223,0.5790091053928533,1,0.6971875,0 0 0,4.920 5.070 5.422,0,23,286,-1,4.642202854156494,6.706321716308594,0.6922129671869863,0.4075836820083682,1
9103,113,13613,Program,0,1.0,0.25,23,24,1,measured,262,0,1,239,0,21,8080,-1,-1,23,1,24,0,10.088769912719727,10.650216102600098,0.9472831175938954,1,0.656171875,0 0 0,7.509 12.904 7.319,0,1.0,0.25,286,286,1,measured,525,0,1,240,0,284,8080,-1,-1,-1,0,-1,0,9.95751953125,10.4670991897583,0.9513160571739965,1,0.677890625,0 0 0,7.411 12.647 8.038,0,23,286,-1,4.624686241149902,5.766101360321045,0.8020473370402925,0.38556485355648534,1
9104,114,13614,Program,0,1.0,0.25,23,24,1,measured,262,0,1,239,0,21,8080,-1,-1,23,1,24,0,4.982597827911377,8.303174018859863,0.6000835122320554,1,0.700546875,0 0 0,4.937 5.018 5.254,0,1.0,0.25,286,286,1,measured,525,0,1,240,0,284,8080,-1,-1,-1,0,-1,0,4.972343921661377,8.480876922607422,0.5863006817616502,1,0.6859375,0 0 0,4.943 5.029 5.277,0,23,286,-1,4.6560564041137695,6.41778039932251,0.7254932569218611,0.32923640167364016,1
9105,115,13615,Program,0,1.0,0.25,23,24,1,measured,262,0,1,239,0,21,8080,-1,-1,23,1,24,0,4.918203353881836,8.341804504394531,0.5895850653525728,1,0.7059375,0 0 0,4.942 4.900 5.000,0,1.0,0.25,286,286,1,measured,525,0,1,240,0,284,8080,-1,-1,-1,0,-1,0,9.547510147094727,9.97706413269043,0.9569458530202042,1,0.658125,0 0 0,7.774 11.102 9.749,0,23,286,-1,4.660246849060059,6.114488124847412,0.7621646741159311,0.3667887029288703,1
9106,116,13616,Program,0,1.0,0.25,23,24,1,measured,262,0,1,239,0,21,8080,-1,-1,23,1,24,0,9.484697341918945,9.913286209106445,0.9567662167572853,1,0.658359375,0 0 0,7.714 11.160 9.504,0,1.0,0.25,286,286,1,measured,525,0,1,240,0,284,8080,-1,-1,-1,0,-1,0,4.82131814956665,7.951758861541748,0.6063209704314217,1,0.702890625,0 0 0,4.857 4.819 5.327,0,23,286,-1,4.43262243270874,5.701735973358154,0.7774162910069048,0.3384414225941423,1
9107,117,13617,Program,0,1.0,0.25,23,24,1,measured,262,0,1,239,0,21,8080,-1,-1,23,1,24,0,4.926962852478027,7.928537845611572,0.6214213702978147,1,0.69640625,0 0 0,4.903 4.913 5.294,0,1.0,0.25,286,286,1,measured,525,0,1,240,0,284,8080,-1,-1,-1,0,-1,0,4.831367015838623,7.95670223236084,0.6072072166014819,1,0.70515625,0 0 0,4.885 4.844 5.317,0,23,286,-1,4.755320072174072,6.446460723876953,0.7376637004179535,0.3385460251046025,1
9108,118,13618,Program,0,1.0,0.25,23,24,1,measured,262,0,1,239,0,21,8080,-1,-1,23,1,24,0,8.4169921875,9.022542953491211,0.9328846901463742,1,0.6753125,0 0 0,8.165 8.447 9.816,0,1.0,0.25,286,286,1,measured,525,0,1,240,0,284,8080,-1,-1,-1,0,-1,0,8.608290672302246,9.181358337402344,0.9375835639955826,1,0.67421875,0 0 0,8.255 8.535 10.094,0,23,286,-1,4.278955459594727,5.032034397125244,0.8503430465497722,0.40460251046025103,1
9109,119,13619,Program,0,1.0,0.25,23,24,1,measured,262,0,1,239,0,21,8080,-1,-1,23,1,24,0,4.791269302368164,7.400039196014404,0.6474653951763795,1,0.709375,0 0 0,4.901 4.684 5.257,0,1.0,0.25,286,286,1,measured,525,0,1,240,0,284,8080,-1,-1,-1,0,-1,0,4.925361156463623,7.562018394470215,0.6513289044715009,1,0.6946875,0 0 0,4.925 4.901 5.432,0,23,286,-1,4.240387439727783,5.75098180770874,0.7373327862111955,0.34278242677824267,1
9110,120,13620,Program,0,1.0,0.25,23,24,1,measured,262,0,1,239,0,21,8080,-1,-1,23,1,24,0,4.67578125,7.463168144226074,0.6265142577040083,1,0.712109375,0 0 0,4.787 4.566 4.939,0,1.0,0.25,286,286,1,measured,525,0,1,240,0,284,8080,-1,-1,-1,0,-1,0,7.730390548706055,8.266430854797363,0.93515456482888,1,0.673359375,0 0 0,8.397 7.310 9.341,0,23,286,-1,4.349428176879883,5.798092365264893,0.7501481354343988,0.3223849372384937,1
9111,121,13621,Program,0,1.0,0.25,23,24,1,measured,262,0,1,239,0,21,8080,-1,-1,23,1,24,0,7.760097503662109,8.184080123901367,0.9481942241741953,1,0.677109375,0 0 0,8.413 7.253 9.567,0,1.0,0.25,286,286,1,measured,525,0,1,240,0,284,8080,-1,-1,-1,0,-1,0,4.75759744644165,7.398742198944092,0.6430278712942085,1,0.711875,0 0 0,4.893 4.723 5.146,0,23,286,-1,4.278868675231934,5.1603875160217285,0.8291758442456314,0.36652719665271966,1
9112,122,13622,Program,0,1.0,0.25,23,24,1,measured,262,0,1,239,0,21,8080,-1,-1,23,1,24,0,4.67825174331665,7.346127986907959,0.636832321959825,1,0.721015625,0 0 0,4.795 4.581 4.830,0,1.0,0.25,286,286,1,measured,525,0,1,240,0,284,8080,-1,-1,-1,0,-1,0,4.678408145904541,7.290054798126221,0.6417521233320554,1,0.72015625,0 0 0,4.800 4.637 4.952,0,23,286,-1,4.389482498168945,6.158482074737549,0.7127539619178007,0.36767782426778245,1
9113,123,13623,Program,0,1.0,0.25,23,24,1,measured,262,0,1,239,0,21,8080,-1,-1,23,1,24,0,4.856015682220459,7.272847652435303,0.667691104542033,1,0.70703125,0 0 0,4.935 4.796 6.996,0,1.0,0.25,286,286,1,measured,525,0,1,240,0,284,8080,-1,-1,-1,0,-1,0,4.704345703125,7.0499114990234375,0.6672914551872958,1,0.70953125,0 0 0,4.766 4.652 7.053,0,23,286,-1,4.167219161987305,5.34153413772583,0.7801539884497504,0.34911087866108786,1
9114,124,13624,Program,0,1.0,0.25,23,24,1,measured,262,0,1,239,0,21,8080,-1,-1,23,1,24,0,4.901347637176514,7.60344934463501,0.6446215940972767,1,0.69703125,0 0 0,5.047 4.779 4.894,0,1.0,0.25,286,286,1,measured,525,0,1,240,0,284,8080,-1,-1,-1,0,-1,0,4.686122894287109,7.258932590484619,0.6455663881532554,1,0.72203125,0 0 0,4.695 4.689 5.010,0,23,286,-1,4.431260108947754,5.997581481933594,0.738841168276906,0.3530857740585774,1
9115,125,13625,Program,0,1.0,0.25,23,24,1,measured,262,0,1,239,0,21,8080,-1,-1,23,1,24,0,4.655947208404541,7.445204257965088,0.6253619171594222,1,0.723203125,0 0 0,4.642 4.688 4.824,0,1.0,0.25,286,286,1,measured,525,0,1,240,0,284,8080,-1,-1,-1,0,-1,0,4.82666015625,7.137106895446777,0.676276848162277,1,0.70671875,0 0 0,4.786 4.975 5.125,0,23,286,-1,4.364617347717285,5.8954386711120605,0.7403380123525201,0.35104602510460253,1
9116,126,13626,Program,0,1.0,0.25,23,24,1,measured,262,0,1,239,0,21,8080,-1,-1,23,1,24,0,4.94137716293335,7.228085517883301,0.6836356806664348,1,0.70875,0 0 0,4.854 5.057 5.128,0,1.0,0.25,286,286,1,measured,525,0,1,240,0,284,8080,-1,-1,-1,0,-1,0,5.777734279632568,5.9981231689453125,0.9632570250551397,1,0.689140625,0 0 1,5.750 5.764 6.394,0,23,286,-1,3.9707040786743164,4.685084342956543,0.8475202980377053,0.34210251046025103,1
9117,127,13627,Program,0,1.0,0.25,23,24,1,measured,262,0,1,239,0,21,8080,-1,-1,23,1,24,0,5.836162090301514,6.137686729431152,0.9508732438748003,1,0.684140625,0 0 1,5.826 5.725 6.227,0,1.0,0.25,286,286,1,measured,525,0,1,240,0,284,8080,-1,-1,-1,0,-1,0,4.680195331573486,7.215123653411865,0.6486646045713063,1,0.709921875,0 0 0,4.676 4.662 5.102,0,23,286,-1,3.9917123317718506,4.3899245262146,0.9092895123675111,0.33802301255230127,1
9118,128,13628,Program,0,1.0,0.25,23,24,1,measured,262,0,1,239,0,21,8080,-1,-1,23,1,24,0,5.661738395690918,6.22371244430542,0.9097043679888043,1,0.691796875,1 0 0,5.910 5.364 5.488,0,1.0,0.25,286,286,1,measured,525,0,1,240,0,284,8080,-1,-1,-1,0,-1,-1,47.930198669433594,47.93406677246094,0.999919303675073,1,0.7184748427672956,-3 1 3,50.645 46.228 42.281,0,23,286,-1,10.180216789245605,11.271523475646973,0.9031801966469553,0.12118200836820084,1
9119,129,13629,Program,0,1.0,0.25,23,24,1,measured,262,0,1,239,0,21,8080,-1,-1,23,1,24,-1,48.17866516113281,48.179874420166016,0.9999749011584659,1,0.7166666666666667,-3 -1 3,50.689 46.360 42.565,0,1.0,0.25,286,286,1,measured,525,0,1,240,0,284,8080,-1,-1,-1,0,-1,0,4.936943531036377,9.783490180969238,0.5046198687498739,1,0.697421875,0 0 0,4.893 5.002 5.184,0,23,286,-1,4.394665241241455,5.629618167877197,0.7806329150913951,0.07463389121338912,1
9120,130,13630,Program,0,1.0,0.25,23,24,1,measured,262,0,1,239,0,21,8080,-1,-1,23,1,24,0,5.341415882110596,9.278183937072754,0.5756962696943256,1,0.676484375,0 0 0,5.040 5.591 5.151,0,1.0,0.25,286,286,1,measured,525,0,1,240,0,284,8080,-1,-1,-1,0,-1,0,5.359414100646973,9.217560768127441,0.581435179595322,1,0.686328125,0 0 0,4.892 5.706 5.620,0,23,286,-1,4.488746643066406,5.735080718994141,0.7826823828651664,0.3262029288702929,1
9121,131,13631,Program,0,1.0,0.25,23,24,1,measured,262,0,1,239,0,21,8080,-1,-1,23,1,24,0,5.083877086639404,9.655896186828613,0.5265049445720227,1,0.696171875,0 0 0,5.052 5.111 5.090,0,1.0,0.25,286,286,1,measured,525,0,1,240,0,284,8080,-1,-1,-1,0,-1,0,4.971601486206055,9.491411209106445,0.5238000310676771,1,0.697890625,0 0 0,4.900 5.052 5.290,0,23,286,-1,4.740760803222656,6.640466213226318,0.7139198741468068,0.33540794979079497,1
9122,132,13632,Program,0,1.0,0.25,23,24,1,measured,262,0,1,239,0,21,8080,-1,-1,23,1,24,0,5.051230430603027,9.784296035766602,0.5162589533409658,1,0.689765625,0 0 0,5.025 5.106 5.142,0,1.0,0.25,286,286,1,measured,525,0,1,240,0,284,8080,-1,-1,-1,0,-1,0,7.61984395980835,9.836949348449707,0.7746145364679782,1,0.686640625,2 0 0,6.981 7.074 9.275,0,23,286,-1,5.213185787200928,6.665948390960693,0.7820621285142602,0.37656903765690375,1
9123,133,13633,Program,0,1.0,0.25,23,24,1,measured,262,0,1,239,0,21,8080,-1,-1,23,1,24,0,7.690742015838623,9.857203483581543,0.78021540578406,1,0.682734375,2 0 0,6.834 7.170 9.355,0,1.0,0.25,286,286,1,measured,525,0,1,240,0,284,8080,-1,-1,-1,0,-1,0,5.196279525756836,9.754058837890625,0.5327299755022354,1,0.68421875,0 0 0,5.050 5.365 5.391,0,23,286,-1,4.572166919708252,5.787689208984375,0.7899814165229817,0.35978033472803345,1
9124,134,13634,Program,0,1.0,0.25,23,24,1,measured,262,0,1,239,0,21,8080,-1,-1,23,1,24,0,4.969824314117432,9.658658027648926,0.5145460476901436,1,0.708984375,0 0 0,4.960 4.987 5.033,0,1.0,0.25,286,286,1,measured,525,0,1,240,0,284,8080,-1,-1,-1,0,-1,0,5.043993949890137,9.835613250732422,0.5128296346457634,1,0.698203125,0 0 0,5.002 5.157 5.207,0,23,286,-1,4.908356666564941,7.290533065795898,0.6732507242293266,0.3428870292887029,1
9125,135,13635,Program,0,1.0,0.25,23,24,1,measured,262,0,1,239,0,21,8080,-1,-1,23,1,24,0,8.384862899780273,10.551513671875,0.7946597199726972,1,0.685546875,2 0 0,7.566 7.698 8.516,0,1.0,0.25,286,286,1,measured,525,0,1,240,0,284,8080,-1,-1,-1,0,-1,0,8.50741195678711,10.680689811706543,0.7965227065636324,1,0.667578125,2 0 0,7.899 7.529 8.603,0,23,286,-1,4.497129917144775,5.626002788543701,0.7993472605990058,0.3678870292887029,1
9126,136,13636,Program,0,1.0,0.25,23,24,1,measured,262,0,1,239,0,21,8080,-1,-1,23,1,24,0,4.985957145690918,9.537686347961426,0.5227637986603125,1,0.7025,0 0 0,5.014 4.983 4.973,0,1.0,0.25,286,286,1,measured,525,0,1,240,0,284,8080,-1,-1,-1,0,-1,0,4.953310489654541,9.674203872680664,0.5120122084301298,1,0.69921875,0 0 0,5.034 4.899 5.187,0,23,286,-1,4.739266395568848,7.005070686340332,0.6765479761410929,0.34231171548117156,1
9127,137,13637,Program,0,1.0,0.25,23,24,1,measured,262,0,1,239,0,21,8080,-1,-1,23,1,24,0,4.919198989868164,9.653302192687988,0.509587174593402,1,0.69765625,0 0 0,4.966 4.915 4.929,0,1.0,0.25,286,286,1,measured,525,0,1,240,0,284,8080,-1,-1,-1,0,-1,-1,10.754972457885742,12.610634803771973,0.852849410457023,1,0.6738207547169811,3 -1 -1,9.756 9.358 10.633,0,23,286,-1,4.523861408233643,5.974559783935547,0.7571874032288445,0.3623430962343096,1
9128,138,13638,Program,0,1.0,0.25,23,24,1,measured,262,0,1,239,0,21,8080,-1,-1,23,1,24,-1,10.855758666992188,12.630790710449219,0.8594678603938406,1,0.682625786163522,3 -1 -1,9.929 9.817 10.083,0,1.0,0.25,286,286,1,measured,525,0,1,240,0,284,8080,-1,-1,-1,0,-1,0,7.121513843536377,7.702083110809326,0.9246217862206445,1,0.70546875,0 0 0,5.209 8.361 6.922,0,23,286,-1,4.387148380279541,4.5853753089904785,0.9567697483077826,0.3438807531380753,1
9129,139,13639,Program,0,1.0,0.25,23,25,1,measured,262,0,1,238,0,21 23,8080 0704,23,25,24,1,25,1,7.118160247802734,7.677590847015381,0.9271346167880095,1,0.6989779874213836,1 1 1,5.367 8.727 6.214,0,1.0,0.25,286,286,1,measured,525,0,1,240,0,284,8080,-1,-1,-1,0,-1,0,4.941943168640137,9.868867874145508,0.5007609010134846,1,0.697578125,0 0 0,4.928 5.023 5.055,0,23,286,-2,3.4834327697753906,3.525965690612793,0.9879372278208384,0.33127615062761506,1
9130,140,13640,Program,0,1.0,0.25,23,24,1,measured,262,0,1,239,0,21,8080,-1,-1,23,1,24,-1,12.443513870239258,14.83358383178711,0.8388744089997904,1,0.6654874213836478,3 -1 -1,11.382 11.142 12.478,0,1.0,0.25,286,286,1,measured,525,0,1,240,0,284,8080,-1,-1,-1,0,-1,0,12.524140357971191,14.989858627319336,0.8355075701078114,1,0.662265625,3 0 0,11.537 11.215 12.630,0,23,286,-2,3.614989995956421,3.620720386505127,0.9984173341387907,0.3899058577405858,1
9131,141,13641,Program,0,1.0,0.25,23,24,1,measured,262,0,1,239,0,21,8080,-1,-1,23,1,24,0,5.704092025756836,9.100422859191895,0.6267941736350646,1,0.726015625,0 0 0,5.197 6.228 5.162,0,1.0,0.25,286,286,1,measured,525,0,1,240,0,284,8080,-1,-1,-1,0,-1,0,5.708027362823486,9.136595726013184,0.6247433435816716,1,0.713125,0 0 0,5.004 6.391 5.507,0,23,286,-1,4.414577007293701,5.390919208526611,0.8188913312429785,0.39628661087866107,1
9132,142,13642,Program,0,1.0,0.25,23,25,1,measured,262,0,1,238,0,21 23,8080 8080,23,25,24,1,25,1,4.898683071136475,9.796621322631836,0.5000380141079553,1,0.7008647798742138,1 1 1,4.845 4.964 4.928,0,1.0,0.25,286,286,1,measured,525,0,1,240,0,284,8080,-1,-1,-1,0,-1,0,11.216777801513672,13.942748069763184,0.8044883078565291,1,0.67234375,-3 0 0,10.854 10.407 8.960,0,23,286,-2,3.6149933338165283,3.71012020111084,0.9743601656717672,0.39330543933054396,1
9133,143,13643,Program,0,1.0,0.25,23,24,1,measured,262,0,1,239,0,21,8080,-1,-1,23,1,24,-1,11.220626831054688,13.791504859924316,0.8135897383946731,1,0.6714622641509433,-3 -1 -1,11.455 10.202 8.555,0,1.0,0.25,286,286,1,measured,525,0,1,240,0,284,8080,-1,-1,-1,0,-1,0,4.981806755065918,9.83922004699707,0.506321307102626,1,0.702109375,0 0 0,4.941 5.001 5.302,0,23,286,-1,3.573115348815918,3.6756417751312256,0.9721065238160628,0.36459205020920504,1
9134,144,13644,Program,0,1.0,0.25,23,25,1,measured,262,0,1,238,0,21 23,8080 8080,23,25,24,1,25,1,4.93561315536499,9.493027687072754,0.5199198104189796,1,0.6967767295597485,1 1 1,4.950 4.929 5.163,0,1.0,0.25,286,286,1,measured,525,0,1,240,0,284,8080,-1,-1,-1,0,-1,0,4.931552886962891,9.843759536743164,0.5009826650636073,1,0.69421875,0 0 0,4.964 4.931 5.329,0,23,286,-2,3.5142688751220703,3.598684310913086,0.9765426949135204,0.36035564853556484,1
9135,145,13645,Program,0,1.0,0.25,23,24,1,measured,262,0,1,239,0,21,8080,-1,-1,23,1,24,-1,10.741096496582031,12.883197784423828,0.8337290691576853,1,0.6849842767295597,-3 -1 -1,10.697 9.768 9.265,0,1.0,0.25,286,286,1,measured,525,0,1,240,0,284,8080,-1,-1,-1,0,-1,0,10.86124038696289,13.106171607971191,0.82871190091522,1,0.67609375,-3 0 0,10.881 9.766 9.632,0,23,286,-2,3.5910892486572266,3.65488862991333,0.9825440970392533,0.38085774058577404,1
9136,146,13646,Program,0,1.0,0.25,23,24,1,measured,262,0,1,239,0,21,8080,-1,-1,23,1,24,0,5.030498027801514,9.648289680480957,0.5213875406310094,1,0.696796875,0 0 0,5.036 5.022 4.914,0,1.0,0.25,286,286,1,measured,525,0,1,240,0,284,8080,-1,-1,-1,0,-1,0,5.062753677368164,9.748064041137695,0.5193599114657941,1,0.696953125,0 0 0,5.001 5.153 5.178,0,23,286,-1,4.91680908203125,6.784407138824463,0.7247219958092296,0.34440376569037656,1
9137,147,13647,Program,0,1.0,0.25,23,25,1,measured,262,0,1,238,0,21 23,8080 d0c2,23,25,24,1,25,1,4.929117679595947,9.69034194946289,0.5086629249310604,1,0.6966981132075472,1 1 1,4.958 4.907 4.949,0,1.0,0.25,286,286,1,measured,525,0,1,240,0,284,8080,-1,-1,-1,0,-1,0,11.6532621383667,14.886330604553223,0.7828162928749118,1,0.677578125,-3 0 0,13.358 9.333 9.293,0,23,286,-2,3.7420544624328613,3.822087049484253,0.9790605012352633,0.38096234309623433,1
9138,148,13648,Program,0,1.0,0.25,23,24,1,measured,262,0,1,239,0,21,8080,-1,-1,23,1,24,-1,11.6399564743042,14.766040802001953,0.7882923141270255,1,0.6812106918238994,-3 -1 -1,13.376 9.541 8.932,0,1.0,0.25,286,286,1,measured,525,0,1,240,0,284,8080,-1,-1,-1,0,-1,0,5.003017425537109,9.784453392028809,0.5113231393807818,1,0.696171875,0 0 0,4.998 5.008 5.339,0,23,286,-1,3.667912483215332,3.76288104057312,0.9747617433732841,0.35946652719665273,1
9139,149,13649,Program,0,1.0,0.25,23,24,1,measured,262,0,1,239,0,21,8080,-1,-1,23,1,24,0,4.875673770904541,9.778036117553711,0.4986352793432253,1,0.7003125,0 0 0,4.964 4.800 5.057,0,1.0,0.25,286,286,1,measured,525,0,1,240,0,284,8080,-1,-1,-1,0,-1,0,4.992441177368164,9.849105834960938,0.5068928348446329,1,0.70015625,0 0 0,5.079 4.922 5.526,0,23,286,-1,5.419854164123535,7.865108966827393,0.6891009631249625,0.3421548117154812,1
9140,150,13650,Program,0,1.0,0.25,23,24,1,measured,262,0,1,239,0,21,8080,-1,-1,23,1,24,0,8.857763290405273,10.993897438049316,0.8056981921396691,1,0.691484375,-2 0 0,8.387 8.313 7.456,0,1.0,0.25,286,286,1,measured,525,0,1,240,0,284,8080,-1,-1,-1,0,-1,0,9.01529312133789,11.205709457397461,0.8045267598283512,1,0.6890625,-2 0 0,8.758 8.180 7.973,0,23,286,-1,4.540233612060547,5.197567939758301,0.873530402042552,0.41663179916317994,1
9141,151,13651,Program,0,1.0,0.25,23,24,1,measured,262,0,1,239,0,21,8080,-1,-1,23,1,24,0,5.246913909912109,9.855158805847168,0.5324027763813467,1,0.726171875,0 0 0,5.163 5.353 5.317,0,1.0,0.25,286,286,1,measured,525,0,1,240,0,284,8080,-1,-1,-1,0,-1,0,5.160898208618164,9.822356224060059,0.5254236448863909,1,0.690078125,0 0 0,5.176 5.051 5.566,0,23,286,-1,5.051020622253418,7.162563800811768,0.7051972956500523,0.39069037656903766,1
9142,152,13652,Program,0,1.0,0.25,23,24,1,measured,262,0,1,239,0,21,8080,-1,-1,23,1,24,0,5.062792778015137,9.870135307312012,0.5129405646814699,1,0.695625,0 0 0,5.070 5.095 5.140,0,1.0,0.25,286,286,1,measured,525,0,1,240,0,284,8080,-1,-1,-1,0,-1,0,9.375713348388672,11.913315773010254,0.7869944461330785,1,0.677734375,-2 0 0,9.249 8.697 8.814,0,23,286,-1,4.777525901794434,6.165449619293213,0.7748868609426921,0.3721757322175732,1
9143,153,13653,Program,0,1.0,0.25,23,24,1,measured,262,0,1,239,0,21,8080,-1,-1,23,1,24,0,9.177724838256836,11.74294376373291,0.7815523111505877,1,0.680625,-2 0 0,8.877 8.625 8.298,0,1.0,0.25,286,286,1,measured,525,0,1,240,0,284,8080,-1,-1,-1,0,-1,0,5.097793102264404,9.712136268615723,0.5248889596759124,1,0.6946875,0 0 0,4.998 5.154 5.415,0,23,286,-1,4.471567630767822,5.18748140335083,0.8619920310228839,0.3480125523012552,1
9144,154,13654,Program,0,1.0,0.25,23,25,1,measured,262,0,1,238,0,21 23,8080 8080,23,25,24,1,25,1,5.277702331542969,9.802597999572754,0.5383983237681477,1,0.7252358490566038,1 1 1,5.356 5.225 5.175,0,1.0,0.25,286,286,1,measured,525,0,1,240,0,284,8080,-1,-1,-1,0,-1,0,5.084531307220459,9.978124618530273,0.5095678297881776,1,0.694140625,0 0 0,5.181 5.035 5.272,0,23,286,-2,3.5675504207611084,3.640075206756592,0.9800760198962744,0.34497907949790796,1
9145,155,13655,Program,0,1.0,0.25,23,24,1,measured,262,0,1,239,0,21,8080,-1,-1,23,1,24,-1,5.09861421585083,9.454697608947754,0.5392678250254767,1,0.6941037735849057,-1 -1 -1,5.059 5.177 5.226,0,1.0,0.25,286,286,1,measured,525,0,1,240,0,284,8080,-1,-1,-1,0,-1,0,5.314433574676514,9.686575889587402,0.5486390273769776,1,0.717890625,0 0 0,5.243 5.341 5.404,0,23,286,-2,3.5967328548431396,3.606489658355713,0.9972946536835429,0.34518828451882844,1
9146,156,13656,Program,0,1.0,0.25,23,24,1,measured,262,0,1,239,0,21,8080,-1,-1,23,1,24,0,5.114628791809082,9.658677101135254,0.5295371962696551,1,0.6896875,0 0 0,5.016 5.255 5.216,0,1.0,0.25,286,295,1,measured,525,0,1,231,0,284,8080,-1,-1,294,1,295,0,5.263105392456055,9.782920837402344,0.5379891629434431,1,0.677578125,0 0 0,5.402 5.166 5.347,0,23,286,-1,4.960877418518066,6.789743423461914,0.7306428401072987,0.3948744769874477,1
9147,157,13657,Program,0,1.0,0.25,23,24,1,measured,262,0,1,239,0,21,8080,-1,-1,23,1,24,0,4.930088043212891,9.765998840332031,0.5048216904196636,1,0.698671875,0 0 0,5.114 4.775 5.106,0,1.0,0.25,286,286,1,measured,525,0,1,240,0,284,8080,-1,-1,-1,0,-1,0,5.608056545257568,9.732439041137695,0.5762231360045592,1,0.717890625,0 0 0,5.286 5.860 5.786,0,23,286,-1,5.127091884613037,7.386444091796875,0.6941218021682456,0.40319037656903767,1
9148,158,13658,Program,0,1.0,0.25,23,24,1,measured,262,0,1,239,0,21,8080,-1,-1,23,1,24,0,5.314599514007568,9.578960418701172,0.5548200725030435,1,0.6946875,0 0 0,5.046 5.520 5.344,0,1.0,0.25,286,295,1,measured,525,0,1,231,0,284,8080,-1,-1,294,1,295,0,5.244140625,9.862048149108887,0.5317496473056511,1,0.7203125,0 0 0,5.296 5.266 5.394,0,23,286,-1,4.527233600616455,6.102983474731445,0.7418066293905,0.3983786610878661,1
9149,159,13659,Program,0,1.0,0.25,23,24,1,measured,262,0,1,239,0,21,8080,-1,-1,23,1,24,0,4.931328296661377,9.674468994140625,0.5097259911265468,1,0.698359375,0 0 0,4.921 4.947 4.970,0,1.0,0.25,286,286,1,measured,525,0,1,240,0,284,8080,-1,-1,-1,0,-1,0,5.003554821014404,9.756819725036621,0.5128264088117733,1,0.6946875,0 0 0,5.172 4.924 5.246,0,23,286,-1,5.053167819976807,7.495941638946533,0.6741204859069541,0.3425732217573222,1
9150,160,13660,Program,0,1.0,0.25,23,24,1,measured,262,0,1,239,0,21,8080,-1,-1,23,1,24,0,5.030048847198486,9.756564140319824,0.5155553507214067,1,0.687265625,0 0 0,5.158 4.927 5.020,0,1.0,0.25,286,286,1,measured,525,0,1,240,0,284,8080,-1,-1,-1,0,-1,0,5.002509593963623,9.713030815124512,0.5150307549909174,1,0.701484375,0 0 0,5.090 4.954 5.394,0,23,286,-1,5.376038551330566,7.8384222984313965,0.685857223131038,0.3335774058577406,1
9151,161,13661,Program,0,1.0,0.25,23,24,1,measured,262,0,1,239,0,21,8080,-1,-1,23,1,24,0,5.007333755493164,9.788905143737793,0.5115315433101811,1,0.68984375,0 0 0,5.100 4.898 5.048,0,1.0,0.25,286,286,1,measured,525,0,1,240,0,284,8080,-1,-1,-1,0,-1,0,4.95999002456665,9.756004333496094,0.5084038357319203,1,0.70796875,0 0 0,5.031 4.940 5.357,0,23,286,-1,5.086479663848877,7.49514102935791,0.67863695211678,0.3369769874476987,1
9152,162,13662,Program,0,1.0,0.25,23,24,1,measured,262,0,1,239,0,21,8080,-1,-1,23,1,24,0,5.037588119506836,9.885828971862793,0.5095767015436845,1,0.697890625,0 0 0,5.221 4.890 4.940,0,1.0,0.25,286,286,1,measured,525,0,1,240,0,284,8080,-1,-1,-1,0,-1,0,5.02462911605835,9.713521957397461,0.517281902290011,1,0.699453125,0 0 0,5.039 4.978 5.523,0,23,286,-1,5.330361366271973,7.742471218109131,0.688457369244668,0.3317991631799163,1
9153,163,13663,Program,0,1.0,0.25,23,24,1,measured,262,0,1,239,0,21,8080,-1,-1,23,1,24,0,4.961923599243164,9.826700210571289,0.5049430116841527,1,0.706484375,0 0 0,5.019 4.924 5.089,0,1.0,0.25,286,286,1,measured,525,0,1,240,0,284,8080,-1,-1,-1,0,-1,0,5.007138729095459,9.856574058532715,0.5079999094371782,1,0.701640625,0 0 0,5.106 4.892 5.511,0,23,286,-1,5.279546737670898,7.816959381103516,0.6753964655916618,0.3406380753138075,1
9154,164,13664,Program,0,1.0,0.25,23,24,1,measured,262,0,1,239,0,21,8080,-1,-1,23,1,24,0,4.874531269073486,9.754284858703613,0.4997323063334581,1,0.7040625,0 0 0,5.006 4.756 5.033,0,1.0,0.25,286,286,1,measured,525,0,1,240,0,284,8080,-1,-1,-1,0,-1,0,4.876201152801514,9.75810718536377,0.4997076851251799,1,0.700078125,0 0 0,4.959 4.797 5.376,0,23,286,-1,5.3786091804504395,7.944968223571777,0.6769830953499278,0.3468619246861925,1
9155,165,13665,Program,0,1.0,0.25,23,24,1,measured,262,0,1,239,0,21,8080,-1,-1,23,1,24,0,5.042734146118164,9.796658515930176,0.5147402186080348,1,0.687734375,0 0 0,5.110 4.977 5.075,0,1.0,0.25,286,286,1,measured,525,0,1,240,0,284,8080,-1,-1,-1,0,-1,0,4.904619216918945,9.644988059997559,0.5085148044154434,1,0.69734375,0 0 0,4.887 4.901 5.351,0,23,286,-1,5.067779064178467,7.261929988861084,0.6978556763769167,0.3399581589958159,1
9156,166,13666,Program,0,1.0,0.25,23,24,1,measured,262,0,1,239,0,21,8080,-1,-1,23,1,24,0,5.000146389007568,9.844801902770996,0.507897105334358,1,0.69515625,0 0 0,5.058 4.946 5.111,0,1.0,0.25,286,286,1,measured,525,0,1,240,0,284,8080,-1,-1,-1,0,-1,0,5.008896350860596,9.778135299682617,0.5122547599666755,1,0.70125,0 0 0,5.063 4.895 5.397,0,23,286,-1,5.354523658752441,7.905081748962402,0.6773520918307088,0.33572175732217574,1
9157,167,13667,Program,0,1.0,0.25,23,24,1,measured,262,0,1,239,0,21,8080,-1,-1,23,1,24,0,4.953632831573486,9.799213409423828,0.5055133126103383,1,0.70640625,0 0 0,5.043 4.900 5.119,0,1.0,0.25,286,286,1,measured,525,0,1,240,0,284,8080,-1,-1,-1,0,-1,0,4.872421741485596,9.739455223083496,0.5002766201889262,1,0.706484375,0 0 0,4.941 4.784 5.475,0,23,286,-1,5.327065944671631,7.863063335418701,0.6774797197265573,0.3411087866108787,1
9158,168,13668,Program,0,1.0,0.25,23,24,1,measured,262,0,1,239,0,21,8080,-1,-1,23,1,24,0,5.052656173706055,9.776778221130371,0.5168017581482867,1,0.695234375,0 0 0,5.117 4.962 5.209,0,1.0,0.25,286,286,1,measured,525,0,1,240,0,284,8080,-1,-1,-1,0,-1,1,7.287657260894775,7.45236349105835,0.9778987927304947,1,0.6994496855345912,0 1 1,5.483 8.265 7.616,0,23,286,-1,4.625514030456543,5.274538993835449,0.8769513384700642,0.3879707112970711,1
9159,169,13669,Program,0,1.0,0.25,23,24,1,measured,262,0,1,239,0,21,8080,-1,-1,23,1,24,0,7.39016580581665,7.502967834472656,0.984965678762778,1,0.68765625,0 0 1,5.638 8.656 6.679,0,1.0,0.25,286,286,1,measured,525,0,1,240,0,284,8080,-1,-1,-1,0,-1,-3,54.480892181396484,54.56558609008789,0.9984478512051245,1,0.6122611464968153,0 -3 -3,56.445 53.254 55.927,0,23,286,0,11.510037422180176,11.681520462036133,0.985320143861986,0.14231171548117155,1
9160,170,13670,Program,0,1.0,0.25,23,24,1,measured,262,0,1,239,0,21,8080,-1,-1,23,1,24,-3,54.65736389160156,54.77656173706055,0.9978239261158602,1,0.6087579617834394,0 -3 -3,56.080 53.839 56.952,0,1.0,0.25,286,286,1,measured,525,0,1,240,0,284,8080,-1,-1,-1,0,-1,0,5.184072494506836,10.746108055114746,0.4824139556310725,1,0.72625,0 0 0,5.191 5.214 5.477,0,23,286,-1,6.226464748382568,8.44359302520752,0.7374188606431016,0.08347280334728034,1
9161,171,13671,Program,0,1.0,0.25,23,24,1,measured,262,0,1,239,0,21,8080,-1,-1,23,1,24,0,5.148271560668945,10.51379680633545,0.48966816227289817,1,0.728984375,0 0 0,5.145 5.127 5.501,0,1.0,0.25,286,286,1,measured,525,0,1,240,0,284,8080,-1,-1,-1,0,-1,0,5.184062480926514,10.648613929748535,0.48682978978550817,1,0.733828125,0 0 0,5.101 5.257 5.596,0,23,286,-1,5.523422718048096,8.81423568725586,0.6266479492979959,0.38127615062761505,1
9162,172,13672,Program,0,1.0,0.25,23,24,1,measured,262,0,1,239,0,21,8080,-1,-1,23,1,24,0,5.092685699462891,10.408686637878418,0.489272650492716,1,0.690859375,0 0 0,5.109 5.095 5.143,0,1.0,0.25,286,286,1,measured,525,0,1,240,0,284,8080,-1,-1,-1,0,-1,0,5.081679821014404,10.558411598205566,0.48129207445162026,1,0.734140625,0 0 0,5.100 4.989 5.672,0,23,286,-1,5.362258434295654,8.410700798034668,0.6375519190444457,0.38404811715481174,1
9163,173,13673,Program,0,1.0,0.25,23,24,1,measured,262,0,1,239,0,21,8080,-1,-1,23,1,24,0,5.191123008728027,10.508627891540527,0.49398675662565755,1,0.680390625,0 0 0,5.197 5.211 5.221,0,1.0,0.25,286,286,1,measured,525,0,1,240,0,284,8080,-1,-1,-1,0,-1,0,5.05783224105835,10.475412368774414,0.4828289391389466,1,0.691015625,0 0 0,5.106 5.006 5.556,0,23,286,-1,5.276493549346924,8.490426063537598,0.6214639300620014,0.38865062761506275,1
9164,174,13674,Program,0,1.0,0.25,23,24,1,measured,262,0,1,239,0,21,8080,-1,-1,23,1,24,0,5.006513595581055,10.382949829101562,0.4821860529026816,1,0.688203125,0 0 0,4.968 5.017 5.236,0,1.0,0.25,286,286,1,measured,525,0,1,240,0,284,8080,-1,-1,-1,0,-1,0,5.008701324462891,10.485652923583984,0.4776718589643078,1,0.702734375,0 0 0,5.033 4.964 5.689,0,23,286,-1,5.378121376037598,8.083649635314941,0.6653085696023074,0.32777196652719665,1
9165,175,13675,Program,0,1.0,0.25,23,24,1,measured,262,0,1,239,0,21,8080,-1,-1,23,1,24,0,5.0791015625,10.232007026672363,0.49639347874371204,1,0.69234375,0 0 0,5.057 5.080 5.316,0,1.0,0.25,286,286,1,measured,525,0,1,240,0,284,8080,-1,-1,-1,0,-1,0,5.072099685668945,10.67998218536377,0.4749164930836619,1,0.691875,0 0 0,5.109 4.932 5.735,0,23,286,-1,5.347293376922607,8.044723510742188,0.6646957312805495,0.3990062761506276,1
9166,176,13676,Program,0,1.0,0.25,23,24,1,measured,262,0,1,239,0,21,8080,-1,-1,23,1,24,0,5.789365291595459,9.857625961303711,0.5872981298257529,1,0.6965625,0 0 0,5.935 5.654 5.276,0,1.0,0.25,286,286,1,measured,525,0,1,240,0,284,8080,-1,-1,-1,0,-1,0,5.570673942565918,10.096943855285645,0.5517188193187514,1,0.71484375,0 0 0,5.772 5.393 5.728,0,23,286,-1,4.821079730987549,6.927803039550781,0.6959031172601238,0.35889121338912133,1
9167,177,13677,Program,0,1.0,0.25,23,24,1,measured,262,0,1,239,0,21,8080,-1,-1,23,1,24,0,5.45217752456665,10.372267723083496,0.5256495175527355,1,0.71359375,0 0 0,5.450 5.414 5.342,0,1.0,0.25,286,286,1,measured,525,0,1,240,0,284,8080,-1,-1,-1,0,-1,0,5.229316234588623,10.263640403747559,0.5094991668530442,1,0.726640625,0 0 0,5.114 5.204 5.860,0,23,286,-1,5.022482872009277,7.476411819458008,0.6717771831318644,0.3719142259414226,1
9168,178,13678,Program,0,1.0,0.25,23,24,1,measured,262,0,1,239,0,21,8080,-1,-1,23,1,24,0,5.226386547088623,10.558815002441406,0.49497851282366245,1,0.71875,0 0 0,5.164 5.260 5.227,0,1.0,0.25,286,286,1,measured,525,0,1,240,0,284,8080,-1,-1,-1,0,-1,-1,7.469270706176758,8.051532745361328,0.9276830812716964,1,0.6936320754716981,0 -1 -1,6.892 7.156 7.669,0,23,286,-1,4.81555700302124,6.767050743103027,0.7116182788978274,0.3528765690376569,1
9169,179,13679,Program,0,1.0,0.25,23,24,1,measured,262,0,1,239,0,21,8080,-1,-1,23,1,24,-1,7.63198709487915,8.090371131896973,0.9433420260276313,1,0.684433962264151,0 -1 -1,6.975 7.112 7.447,0,1.0,0.25,286,286,1,measured,525,0,1,240,0,284,8080,-1,-1,-1,0,-1,0,6.317734241485596,8.935416221618652,0.7070442030669207,1,0.726171875,0 0 0,5.628 6.845 6.400,0,23,286,-1,4.482738971710205,5.531228065490723,0.8104418980077804,0.374581589958159,1
9170,180,13680,Program,0,1.0,0.25,23,24,1,measured,262,0,1,239,0,21,8080,-1,-1,23,1,24,0,6.357548713684082,9.032753944396973,0.7038328236127451,1,0.6859375,0 0 0,5.677 6.916 6.146,0,1.0,0.25,286,286,1,measured,525,0,1,240,0,284,8080,-1,-1,-1,0,-1,0,4.983466625213623,10.366499900817871,0.48072798658112653,1,0.688671875,0 0 0,4.997 4.934 5.474,0,23,286,-1,4.795959949493408,6.231555461883545,0.7696248519055602,0.3563284518828452,1
9171,181,13681,Program,0,1.0,0.25,23,24,1,measured,262,0,1,239,0,21,8080,-1,-1,23,1,24,0,5.447314262390137,10.174449920654297,0.5353915253277723,1,0.708359375,0 0 0,5.355 5.487 5.785,0,1.0,0.25,286,286,1,measured,525,0,1,240,0,284,8080,-1,-1,-1,0,-1,0,5.548994064331055,9.951621055603027,0.5575970018680347,1,0.71390625,0 0 0,5.392 5.674 6.074,0,23,286,-1,4.804488658905029,6.9265522956848145,0.6936334923650525,0.3660041841004184,1
9172,182,13682,Program,0,1.0,0.25,23,24,1,measured,262,0,1,239,0,21,8080,-1,-1,23,1,24,0,5.534716606140137,9.87606143951416,0.5604173931113585,1,0.714765625,0 0 0,5.345 5.670 5.660,0,1.0,0.25,286,286,1,measured,525,0,1,240,0,284,8080,-1,-1,-1,0,-1,0,5.570547103881836,9.967403411865234,0.5588764569567473,1,0.710546875,0 0 0,5.426 5.689 5.816,0,23,286,-1,4.657049179077148,6.708731174468994,0.6941773426248162,0.3680962343096234,1
9173,183,13683,Program,0,1.0,0.25,23,24,1,measured,262,0,1,239,0,21,8080,-1,-1,23,1,24,0,5.119423866271973,10.307488441467285,0.49667034751903305,1,0.73171875,0 0 0,5.136 5.115 5.240,0,1.0,0.25,286,286,1,measured,525,0,1,240,0,284,8080,-1,-1,-1,0,-1,0,5.263329982757568,10.557429313659668,0.49854276324139246,1,0.724453125,0 0 0,5.310 5.266 5.461,0,23,286,-1,5.302540302276611,8.168421745300293,0.6491511417523748,0.3912133891213389,1
9174,184,13684,Program,0,1.0,0.25,23,24,1,measured,262,0,1,239,0,21,8080,-1,-1,23,1,24,0,5.123798847198486,10.32957935333252,0.4960317038994866,1,0.69515625,0 0 0,5.145 5.133 5.210,0,1.0,0.25,286,286,1,measured,525,0,1,240,0,284,8080,-1,-1,-1,0,-1,0,4.940410137176514,10.550500869750977,0.46826308989187565,1,0.7003125,0 0 0,4.938 4.970 5.396,0,23,286,-1,5.316858768463135,8.184420585632324,0.6496316645550733,0.3322175732217573,1
9175,185,13685,Program,0,1.0,0.25,23,24,1,measured,262,0,1,239,0,21,8080,-1,-1,23,1,24,0,5.031396389007568,10.43674373626709,0.4820848835756839,1,0.741015625,0 0 0,5.131 4.909 5.341,0,1.0,0.25,286,286,1,measured,525,0,1,240,0,284,8080,-1,-1,-1,0,-1,0,5.032871246337891,10.592964172363281,0.47511453493522593,1,0.69375,0 0 0,5.049 5.020 5.335,0,23,286,-1,5.4063873291015625,8.581639289855957,0.629994706896182,0.40481171548117156,1
9176,186,13686,Program,0,1.0,0.25,23,24,1,measured,262,0,1,239,0,21,8080,-1,-1,23,1,24,0,5.008994102478027,10.374813079833984,0.4828033106653503,1,0.6915625,0 0 0,4.982 5.008 5.298,0,1.0,0.25,286,286,1,measured,525,0,1,240,0,284,8080,-1,-1,-1,0,-1,0,5.060742378234863,10.435052871704102,0.48497525028911675,1,0.741328125,0 0 0,5.081 4.979 5.532,0,23,286,-1,5.377553462982178,8.30557632446289,0.6474630119457648,0.3264121338912134,1
9177,187,13687,Program,0,1.0,0.25,23,24,1,measured,262,0,1,239,0,21,8080,-1,-1,23,1,24,0,5.066933631896973,10.450992584228516,0.48482798079327216,1,0.7378125,0 0 0,5.066 5.042 5.122,0,1.0,0.25,286,286,1,measured,525,0,1,240,0,284,8080,-1,-1,-1,0,-1,0,5.000497817993164,10.542413711547852,0.4743219109790545,1,0.696796875,0 0 0,5.117 4.876 5.326,0,23,286,-1,5.366384506225586,8.468694686889648,0.6336731579818627,0.326673640167364,1
9178,188,13688,Program,0,1.0,0.25,23,24,1,measured,262,0,1,239,0,21,8080,-1,-1,23,1,24,0,5.099365234375,10.495233535766602,0.48587439402819615,1,0.731953125,0 0 0,5.124 5.048 5.210,0,1.0,0.25,286,286,1,measured,525,0,1,240,0,284,8080,-1,-1,-1,0,-1,0,5.022363185882568,10.614023208618164,0.47318185453039235,1,0.696953125,0 0 0,5.062 5.008 5.329,0,23,286,-1,5.462096214294434,8.436582565307617,0.6474299483247306,0.32055439330543933,1
9179,189,13689,Program,0,1.0,0.25,23,24,1,measured,262,0,1,239,0,21,8080,-1,-1,23,1,24,0,5.095585823059082,10.402329444885254,0.489850456098037,1,0.736796875,0 0 0,5.055 5.090 5.348,0,1.0,0.25,286,286,1,measured,525,0,1,240,0,284,8080,-1,-1,-1,0,-1,0,4.996943473815918,10.544270515441895,0.47390129705966705,1,0.697265625,0 0 0,5.089 4.915 5.491,0,23,286,-1,5.337699890136719,8.366476058959961,0.6379866329050669,0.33661087866108785,1
9180,190,13690,Program,0,1.0,0.25,23,24,1,measured,262,0,1,239,0,21,8080,-1,-1,23,1,24,0,5.005712985992432,10.31432819366455,0.4853164347695596,1,0.699609375,0 0 0,4.986 5.022 5.203,0,1.0,0.25,286,286,1,measured,525,0,1,240,0,284,8080,-1,-1,-1,0,-1,0,4.962744235992432,10.57851791381836,0.46913417138612273,1,0.703125,0 0 0,4.943 4.942 5.346,0,23,286,-1,5.291320323944092,8.031660079956055,0.6588078020320107,0.33028242677824265,1
9181,191,13691,Program,0,1.0,0.25,23,24,1,measured,262,0,1,239,0,21,8080,-1,-1,23,1,24,0,5.186152458190918,10.291430473327637,0.5039292129147548,1,0.689609375,0 0 0,5.030 5.312 5.346,0,1.0,0.25,286,286,1,measured,525,0,1,240,0,284,8080,-1,-1,-1,0,-1,0,5.097490310668945,10.397090911865234,0.49028044035391216,1,0.701875,0 0 0,4.915 5.252 5.571,0,23,286,-1,5.209441661834717,8.053318977355957,0.6468689091395043,0.3922594142259414,1
9182,192,13692,Program,0,1.0,0.25,23,24,1,measured,262,0,1,239,0,21,8080,-1,-1,23,1,24,0,5.04464864730835,10.481740951538086,0.48127965293476366,1,0.682265625,0 0 0,5.024 4.988 5.276,0,1.0,0.25,286,286,1,measured,525,0,1,240,0,284,8080,-1,-1,-1,0,-1,0,5.06173849105835,10.530375480651855,0.4806797725644837,1,0.69828125,0 0 0,5.014 5.122 5.413,0,23,286,-1,5.375129222869873,8.16448974609375,0.658354580632742,0.40486401673640166,1
9183,193,13693,Program,0,1.0,0.25,23,24,1,measured,262,0,1,239,0,21,8080,-1,-1,23,1,24,0,5.067500114440918,10.371687889099121,0.48858972316039084,1,0.739375,0 0 0,5.150 4.934 5.196,0,1.0,0.25,286,286,1,measured,525,0,1,240,0,284,8080,-1,-1,-1,0,-1,0,5.451435565948486,10.7616548538208,0.506561085632013,1,0.71859375,0 0 0,5.281 5.682 5.571,0,23,286,-1,5.515902996063232,8.306340217590332,0.6640593632779702,0.3819037656903766,1
9184,194,13694,Program,0,1.0,0.25,23,24,1,measured,262,0,1,239,0,21,8080,-1,-1,23,1,24,0,5.446093559265137,10.442216873168945,0.5215457239983934,1,0.718125,0 0 0,5.166 5.683 5.472,0,1.0,0.25,286,286,1,measured,525,0,1,240,0,284,8080,-1,-1,-1,0,-1,0,5.024775505065918,10.637421607971191,0.47236780586947724,1,0.6859375,0 0 0,5.107 4.917 5.459,0,23,286,-1,5.289389133453369,8.200897216796875,0.644976884068218,0.3803347280334728,1
9185,195,13695,Program,0,1.0,0.25,23,24,1,measured,262,0,1,239,0,21,8080,-1,-1,23,1,24,0,5.057314395904541,10.3954496383667,0.4864930880179927,1,0.697578125,0 0 0,5.080 4.971 5.390,0,1.0,0.25,286,286,1,measured,525,0,1,240,0,284,8080,-1,-1,-1,0,-1,0,5.07205057144165,10.643013000488281,0.4765615311386874,1,0.6934375,0 0 0,5.110 5.051 5.428,0,23,286,-1,5.463189601898193,8.198101043701172,0.6663969586097884,0.39827405857740583,1
9186,196,13696,Program,0,1.0,0.25,23,24,1,measured,262,0,1,239,0,21,8080,-1,-1,23,1,24,0,5.456161975860596,10.208362579345703,0.5344796419065185,1,0.7190625,0 0 0,5.087 5.821 5.367,0,1.0,0.25,286,286,1,measured,525,0,1,240,0,284,8080,-1,-1,-1,0,-1,0,5.40432596206665,10.487126350402832,0.5153295365664264,1,0.7246875,0 0 0,5.121 5.616 5.735,0,23,286,-1,5.031888008117676,7.492439270019531,0.6715954346473547,0.37918410041841005,1
9187,197,13697,Program,0,1.0,0.25,23,24,1,measured,262,0,1,239,0,21,8080,-1,-1,23,1,24,0,5.07156229019165,10.445588111877441,0.4855219482017381,1,0.691171875,0 0 0,5.076 5.059 5.161,0,1.0,0.25,286,286,1,measured,525,0,1,240,0,284,8080,-1,-1,-1,0,-1,0,5.08590841293335,10.693897247314453,0.4755897962466928,1,0.692109375,0 0 0,5.048 5.021 5.501,0,23,286,-1,5.418620586395264,8.26245403289795,0.6558124940629476,0.39701882845188285,1
9188,198,13698,Program,0,1.0,0.25,23,24,1,measured,262,0,1,239,0,21,8080,-1,-1,23,1,24,0,5.050488471984863,10.464259147644043,0.48264176189882935,1,0.69140625,0 0 0,4.930 5.141 5.297,0,1.0,0.25,286,286,1,measured,525,0,1,240,0,284,8080,-1,-1,-1,0,-1,0,5.303290843963623,10.706908226013184,0.4953148688693255,1,0.6875,0 0 0,5.103 5.485 5.522,0,23,286,-1,5.1711907386779785,7.932297706604004,0.651915867248997,0.3188807531380753,1
9189,199,13699,Program,0,1.0,0.25,23,24,1,measured,262,0,1,239,0,21,8080,-1,-1,23,1,24,0,5.326064586639404,10.554726600646973,0.5046141684345412,1,0.682578125,0 0 0,5.157 5.501 5.451,0,1.0,0.25,286,286,1,measured,525,0,1,240,0,284,8080,-1,-1,-1,0,-1,0,4.942626953125,10.635396957397461,0.46473365995870525,1,0.693671875,0 0 0,4.817 5.024 5.496,0,23,286,-1,5.285953521728516,7.968907833099365,0.6633222058075476,0.3940376569037657,1
9190,200,13700,Program,0,1.0,0.25,23,24,1,measured,262,0,1,239,0,21,8080,-1,-1,23,1,24,0,4.98562479019165,10.411684036254883,0.4788490289208773,1,0.69109375,0 0 0,5.011 4.920 5.073,0,1.0,0.25,286,286,1,measured,525,0,1,240,0,284,8080,-1,-1,-1,0,-1,0,4.970332145690918,10.668975830078125,0.4658677857042743,1,0.695234375,0 0 0,4.981 4.939 5.476,0,23,286,-1,5.442332744598389,8.180624961853027,0.6652710239103325,0.3287133891213389,1
9191,201,13701,Program,0,1.0,0.25,23,24,1,measured,262,0,1,239,0,21,8080,-1,-1,23,1,24,0,5.524355411529541,10.189780235290527,0.5421466689141047,1,0.718515625,0 0 0,5.311 5.779 5.239,0,1.0,0.25,286,286,1,measured,525,0,1,240,0,284,8080,-1,-1,-1,0,-1,0,5.552499771118164,10.18478775024414,0.5451757962246258,1,0.724765625,0 0 0,5.343 5.790 5.600,0,23,286,-1,4.842918395996094,7.4334716796875,0.6515015600624025,0.38331589958158996,1
9192,202,13702,Program,0,1.0,0.25,23,24,1,measured,262,0,1,239,0,21,8080,-1,-1,23,1,24,0,5.013584136962891,10.404471397399902,0.4818682223698356,1,0.6996875,0 0 0,4.992 4.973 5.308,0,1.0,0.25,286,286,1,measured,525,0,1,240,0,284,8080,-1,-1,-1,0,-1,0,4.993671894073486,10.601788520812988,0.47102164736356683,1,0.704140625,0 0 0,4.920 5.007 5.474,0,23,286,-1,5.245563507080078,8.047972679138184,0.6517869426517237,0.32860878661087867,1
9193,203,13703,Program,0,1.0,0.25,23,24,1,measured,262,0,1,239,0,21,8080,-1,-1,23,1,24,0,5.022822380065918,10.571285247802734,0.4751382885169921,1,0.691328125,0 0 0,5.013 4.987 5.318,0,1.0,0.25,286,286,1,measured,525,0,1,240,0,284,8080,-1,-1,-1,0,-1,0,5.07861328125,10.386832237243652,0.48894727143467454,1,0.68953125,0 0 0,5.061 5.075 5.514,0,23,286,-1,5.1103901863098145,7.809046268463135,0.6544192479622186,0.32285564853556487,1
9194,204,13704,Program,0,1.0,0.25,23,24,1,measured,262,0,1,239,0,21,8080,-1,-1,23,1,24,0,5.285361289978027,10.314828872680664,0.5124041663916082,1,0.6778125,0 0 0,5.114 5.398 5.400,0,1.0,0.25,286,286,1,measured,525,0,1,240,0,284,8080,-1,-1,-1,0,-1,0,4.912480354309082,10.448535919189453,0.4701596847924861,1,0.704375,0 0 0,4.885 4.835 5.461,0,23,286,-1,5.079967021942139,7.458014011383057,0.6811420592920125,0.38906903765690376,1
9195,205,13705,Program,0,1.0,0.25,23,24,1,measured,262,0,1,239,0,21,8080,-1,-1,23,1,24,0,5.12912130355835,10.289583206176758,0.49847707149881226,1,0.735703125,0 0 0,5.054 5.149 5.300,0,1.0,0.25,286,286,1,measured,525,0,1,240,0,284,8080,-1,-1,-1,0,-1,0,5.059433460235596,10.668582916259766,0.47423669103462823,1,0.695390625,0 0 0,5.136 4.895 5.474,0,23,286,-1,5.366607189178467,8.415116310119629,0.637734166873586,0.40193514644351463,1
9196,206,13706,Program,0,1.0,0.25,23,24,1,measured,262,0,1,239,0,21,8080,-1,-1,23,1,24,0,4.950322151184082,10.458677291870117,0.47332200937418106,1,0.708203125,0 0 0,4.891 5.019 5.027,0,1.0,0.25,286,286,1,measured,525,0,1,240,0,284,8080,-1,-1,-1,0,-1,0,4.914560317993164,10.653754234313965,0.4612984502837681,1,0.701484375,0 0 0,4.898 4.855 5.393,0,23,286,-1,5.411209583282471,8.516889572143555,0.6353504454233005,0.3440376569037657,1
9197,207,13707,Program,0,1.0,0.25,23,24,1,measured,262,0,1,239,0,21,8080,-1,-1,23,1,24,0,4.952900409698486,10.531102180480957,0.47031168483755864,1,0.710234375,0 0 0,4.916 4.954 5.279,0,1.0,0.25,286,286,1,measured,525,0,1,240,0,284,8080,-1,-1,-1,0,-1,0,5.010800838470459,10.7196044921875,0.46744269736092925,1,0.702421875,0 0 0,4.823 5.085 5.544,0,23,286,-1,5.37992000579834,8.293752670288086,0.648671381903105,0.33352510460251045,1
9198,208,13708,Program,0,1.0,0.25,23,24,1,measured,262,0,1,239,0,21,8080,-1,-1,23,1,24,0,5.127295017242432,10.582222938537598,0.48451965593828195,1,0.6875,0 0 0,5.218 4.956 5.328,0,1.0,0.25,286,286,1,measured,525,0,1,240,0,284,8080,-1,-1,-1,0,-1,0,5.228798866271973,10.071157455444336,0.5191854947561516,1,0.729453125,0 0 0,5.116 5.238 5.683,0,23,286,-1,5.162993431091309,8.136935234069824,0.634513275892077,0.3909518828451883,1
9199,209,13709,Program,0,1.0,0.25,23,24,1,measured,262,0,1,239,0,21,8080,-1,-1,23,1,24,0,5.450204849243164,10.151611328125,0.5368807643515067,1,0.715703125,0 0 0,5.436 5.397 5.285,0,1.0,0.25,286,286,1,measured,525,0,1,240,0,284,8080,-1,-1,-1,0,-1,0,4.992910385131836,10.558618545532227,0.47287534478121057,1,0.701015625,0 0 0,4.931 5.021 5.492,0,23,286,-1,5.032235145568848,7.71337890625,0.6524034676283471,0.38331589958158996,1
9200,210,13710,Program,0,1.0,0.25,23,24,1,measured,262,0,1,239,0,21,8080,-1,-1,23,1,24,0,4.998827934265137,10.394417762756348,0.4809146648094283,1,0.702421875,0 0 0,4.946 4.987 5.371,0,1.0,0.25,286,286,1,measured,525,0,1,240,0,284,8080,-1,-1,-1,0,-1,0,5.004921913146973,10.535053253173828,0.47507324290355835,1,0.70421875,0 0 0,4.852 5.084 5.351,0,23,286,-1,5.188748836517334,8.095724105834961,0.6409246126331756,0.32981171548117155,1
9201,211,13711,Program,0,1.0,0.25,23,24,1,measured,262,0,1,239,0,21,8080,-1,-1,23,1,24,0,5.209951400756836,10.526651382446289,0.49492960405667913,1,0.740078125,0 0 0,5.173 5.228 5.229,0,1.0,0.25,286,286,1,measured,525,0,1,240,0,284,8080,-1,-1,-1,0,-1,0,5.011396408081055,10.524823188781738,0.4761501754654303,1,0.689140625,0 0 0,4.973 4.972 5.404,0,23,286,-1,5.228400707244873,8.252874374389648,0.633524814514282,0.3954497907949791,1
9202,212,13712,Program,0,1.0,0.25,23,24,1,measured,262,0,1,239,0,21,8080,-1,-1,23,1,24,0,5.137948989868164,10.544005393981934,0.4872862634156736,1,0.68734375,0 0 0,5.037 5.154 5.176,0,1.0,0.25,286,286,1,measured,525,0,1,240,0,284,8080,-1,-1,-1,0,-1,0,4.895517349243164,10.469094276428223,0.46761612991352147,1,0.7115625,0 0 0,4.816 4.852 5.305,0,23,286,-1,5.2557291984558105,8.080879211425781,0.650390763300185,0.327510460251046,1
9203,213,13713,Program,0,1.0,0.25,23,24,1,measured,262,0,1,239,0,21,8080,-1,-1,23,1,24,0,5.063056468963623,10.548909187316895,0.4799601910547309,1,0.695703125,0 0 0,5.038 5.008 5.314,0,1.0,0.25,286,286,1,measured,525,0,1,240,0,284,8080,-1,-1,-1,0,-1,0,5.445878982543945,10.020096778869629,0.5434956470708158,1,0.721015625,0 0 0,5.212 5.511 6.038,0,23,286,-1,5.1432061195373535,7.983680725097656,0.6442149049584447,0.3894351464435146,1
9204,214,13714,Program,0,1.0,0.25,23,24,1,measured,262,0,1,239,0,21,8080,-1,-1,23,1,24,0,5.516689300537109,10.013826370239258,0.5509072253272252,1,0.707890625,0 0 0,5.220 5.763 5.611,0,1.0,0.25,286,286,1,measured,525,0,1,240,0,284,8080,-1,-1,-1,0,-1,0,5.212578296661377,10.63472843170166,0.4901468175833159,1,0.736015625,0 0 0,5.314 5.063 5.371,0,23,286,-1,4.787281036376953,7.412410736083984,0.6458467031612577,0.37343096234309625,1
9205,215,13715,Program,0,1.0,0.25,23,24,1,measured,262,0,1,239,0,21,8080,-1,-1,23,1,24,0,5.025341987609863,10.553439140319824,0.47618050578510934,1,0.698046875,0 0 0,5.064 4.979 5.087,0,1.0,0.25,286,286,1,measured,525,0,1,240,0,284,8080,-1,-1,-1,0,-1,0,4.985283374786377,10.379570007324219,0.48029767815705005,1,0.701953125,0 0 0,4.987 4.896 5.378,0,23,286,-1,5.360092639923096,8.249737739562988,0.6497288531025515,0.32672594142259415,1
9206,216,13716,Program,0,1.0,0.25,23,24,1,measured,262,0,1,239,0,21,8080,-1,-1,23,1,24,0,5.829902172088623,9.679215431213379,0.6023114387234784,1,0.702734375,0 0 0,5.670 5.877 6.024,0,1.0,0.25,286,286,1,measured,525,0,1,240,0,284,8080,-1,-1,-1,0,-1,0,5.7060546875,9.53396224975586,0.5984977219357165,1,0.711484375,0 0 0,5.532 5.755 6.066,0,23,286,-1,4.346853256225586,5.892417907714844,0.7377028113593783,0.37024058577405855,1
9207,217,13717,Program,0,1.0,0.25,23,24,1,measured,262,0,1,239,0,21,8080,-1,-1,23,1,24,0,5.126220703125,10.362971305847168,0.4946670748989335,1,0.689453125,0 0 0,5.089 5.144 5.217,0,1.0,0.25,286,286,1,measured,525,0,1,240,0,284,8080,-1,-1,-1,0,-1,0,4.942802906036377,10.619664192199707,0.46543871977297885,1,0.708203125,0 0 0,4.820 5.020 5.379,0,23,286,-1,5.39975643157959,8.459851264953613,0.638280303336893,0.4024581589958159,1
9208,218,13718,Program,0,1.0,0.25,23,24,1,measured,262,0,1,239,0,21,8080,-1,-1,23,1,24,0,5.041367053985596,10.379412651062012,0.48570831736512254,1,0.695,0 0 0,5.004 5.042 5.120,0,1.0,0.25,286,286,1,measured,525,0,1,240,0,284,8080,-1,-1,-1,0,-1,0,5.029521465301514,10.59249210357666,0.4748194679893361,1,0.691796875,0 0 0,4.919 5.069 5.555,0,23,286,-1,5.40981912612915,8.448266983032227,0.64034661037517,0.40067991631799166,1
9209,219,13719,Program,0,1.0,0.25,23,24,1,measured,262,0,1,239,0,21,8080,-1,-1,23,1,24,0,5.081230640411377,10.428203582763672,0.4872584812987276,1,0.696015625,0 0 0,4.971 5.156 5.119,0,1.0,0.25,286,286,1,measured,525,0,1,240,0,284,8080,-1,-1,-1,0,-1,0,4.998388767242432,10.745331764221191,0.4651683984188932,1,0.70125,0 0 0,5.000 4.915 5.537,0,23,286,-1,5.336899757385254,8.500401496887207,0.627840903672561,0.4051255230125523,1
9210,220,13720,Program,0,1.0,0.25,23,24,1,measured,262,0,1,239,0,21,8080,-1,-1,23,1,24,0,5.065224647521973,10.580748558044434,0.4787208220415497,1,0.6953125,0 0 0,5.029 5.045 5.188,0,1.0,0.25,286,286,1,measured,525,0,1,240,0,284,8080,-1,-1,-1,0,-1,0,5.227715015411377,10.73109245300293,0.4871559012566779,1,0.733828125,0 0 0,5.287 5.086 5.504,0,23,286,-1,5.305591106414795,8.448912620544434,0.6279614128703004,0.39790794979079497,1
9211,221,13721,Program,0,1.0,0.25,23,24,1,measured,262,0,1,239,0,21,8080,-1,-1,23,1,24,0,5.596718788146973,10.174616813659668,0.5500667878355127,1,0.710546875,0 0 0,5.362 5.822 5.421,0,1.0,0.25,286,286,1,measured,525,0,1,240,0,284,8080,-1,-1,-1,0,-1,0,5.762490272521973,10.57464599609375,0.5449345798101065,1,0.703359375,0 0 0,5.657 5.895 5.628,0,23,286,-1,4.920968532562256,7.106472015380859,0.6924629439068473,0.3705543933054393,1
9212,222,13722,Program,0,1.0,0.25,23,24,1,measured,262,0,1,239,0,21,8080,-1,-1,23,1,24,0,5.179804801940918,10.54726791381836,0.4911039374618205,1,0.73015625,0 0 0,4.999 5.365 5.322,0,1.0,0.25,286,286,1,measured,525,0,1,240,0,284,8080,-1,-1,-1,0,-1,0,5.039160251617432,10.45871639251709,0.4818144084318804,1,0.740390625,0 0 0,4.983 5.081 5.333,0,23,286,-1,5.418456077575684,8.465252876281738,0.6400820101614821,0.39273012552301256,1
9213,223,13723,Program,0,1.0,0.25,23,24,1,measured,262,0,1,239,0,21,8080,-1,-1,23,1,24,0,5.037128925323486,10.481073379516602,0.4805928498857437,1,0.686484375,0 0 0,5.028 5.050 5.269,0,1.0,0.25,286,288,1,measured,525,0,1,238,0,284,8080,-1,-1,287,1,288,0,5.899062633514404,10.103606224060059,0.5838571399850053,1,0.694140625,0 0 0,5.722 6.089 5.893,0,23,286,-1,5.274449825286865,7.249680042266846,0.727542428705259,0.37902719665271967,1
9214,224,13724,Program,0,1.0,0.25,23,24,1,measured,262,0,1,239,0,21,8080,-1,-1,23,1,24,0,5.896835803985596,10.076061248779297,0.5852322309672334,1,0.69890625,0 0 0,5.584 6.224 5.667,0,1.0,0.25,286,286,1,measured,525,0,1,240,0,284,8080,-1,-1,-1,0,-1,0,5.033144474029541,10.674223899841309,0.4715232246631409,1,0.68625,0 0 0,5.058 5.006 5.407,0,23,286,-1,4.76055908203125,6.676856994628906,0.7129940158761536,0.3479602510460251,1
9215,225,13725,Program,0,1.0,0.25,23,24,1,measured,262,0,1,239,0,21,8080,-1,-1,23,1,24,0,5.273457050323486,10.647494316101074,0.49527681290695763,1,0.715390625,0 0 0,5.318 5.267 5.134,0,1.0,0.25,286,286,1,measured,525,0,1,240,0,284,8080,-1,-1,-1,0,-1,0,4.959433555603027,10.631102561950684,0.46650227732287336,1,0.6971875,0 0 0,4.914 4.973 5.339,0,23,286,-1,5.453852653503418,8.255809783935547,0.6606078381451717,0.3672071129707113,1
9216,226,13726,Program,0,1.0,0.25,23,24,1,measured,262,0,1,239,0,21,8080,-1,-1,23,1,24,0,5.919384956359863,10.442776679992676,0.5668401362734126,1,0.6996875,0 0 0,5.639 6.197 5.538,0,1.0,0.25,286,286,1,measured,525,0,1,240,0,284,8080,-1,-1,-1,0,-1,0,5.599413871765137,10.275343894958496,0.5449368827949824,1,0.708125,0 0 0,5.321 5.870 5.665,0,23,286,-1,4.794364929199219,6.737124919891357,0.7116336695856506,0.36302301255230124,1
9217,227,13727,Program,0,1.0,0.25,23,24,1,measured,262,0,1,239,0,21,8080,-1,-1,23,1,24,0,5.068368911743164,10.643730163574219,0.4761835215522957,1,0.6925,0 0 0,4.999 5.136 5.040,0,1.0,0.25,286,286,1,measured,525,0,1,240,0,284,8080,-1,-1,-1,0,-1,0,5.049726486206055,10.599596977233887,0.47640740464491244,1,0.6846875,0 0 0,4.895 5.133 5.496,0,23,286,-1,5.314121246337891,8.078028678894043,0.6578487719686387,0.401255230125523,1
9218,228,13728,Program,0,1.0,0.25,23,24,1,measured,262,0,1,239,0,21,8080,-1,-1,23,1,24,0,5.09005880355835,10.596786499023438,0.48033984680425823,1,0.733515625,0 0 0,5.089 5.045 5.139,0,1.0,0.25,286,286,1,measured,525,0,1,240,0,284,8080,-1,-1,-1,0,-1,0,6.087929725646973,10.244073867797852,0.5942879565505986,1,0.68015625,0 0 0,5.694 6.475 5.854,0,23,286,-1,5.100414276123047,7.141859531402588,0.7141577419293457,0.3740062761506276,1
9219,229,13729,Program,0,1.0,0.25,23,24,1,measured,262,0,1,239,0,21,8080,-1,-1,23,1,24,0,6.117138862609863,9.764455795288086,0.6264700246338087,1,0.72265625,0 0 0,5.790 6.394 5.824,0,1.0,0.25,286,286,1,measured,525,0,1,240,0,284,8080,-1,-1,-1,0,-1,0,5.132997989654541,10.58922004699707,0.48473806067616615,1,0.68828125,0 0 0,5.029 5.212 5.367,0,23,286,-1,4.613719940185547,6.452807903289795,0.7149941559291363,0.3590481171548117,1
9220,230,13730,Program,0,1.0,0.25,23,23,1,measured,262,0,1,240,0,21,8080,-1,-1,-1,0,-1,-1,5.04329776763916,10.393037796020508,0.4852573296298641,1,0.6960691823899371,-1 -1 -1,5.012 5.073 5.001,0,1.0,0.25,286,286,1,measured,525,0,1,240,0,284,8080,-1,-1,-1,0,-1,0,4.986406326293945,10.640378952026367,0.46863052047073267,1,0.68953125,0 0 0,4.916 5.012 5.351,0,23,286,0,3.8514668941497803,3.943324565887451,0.9767055259583994,0.32447698744769876,1
9221,231,13731,Program,0,1.0,0.25,23,23,1,measured,262,0,1,240,0,21,8080,-1,-1,-1,0,-1,0,5.322256088256836,10.166254043579102,0.5235218464384447,1,0.72171875,0 0 0,5.120 5.456 5.502,0,1.0,0.25,286,286,1,measured,525,0,1,240,0,284,8080,-1,-1,-1,0,-1,0,5.426425933837891,10.220852851867676,0.5309171370025457,1,0.712109375,0 0 0,5.234 5.561 5.851,0,23,286,0,4.342978000640869,6.76881742477417,0.6416154740332304,0.3768828451882845,1
9222,232,13732,Program,0,1.0,0.25,23,23,1,measured,262,0,1,240,0,21,8080,-1,-1,-1,0,-1,0,5.080820083618164,10.343523979187012,0.4912078411421163,1,0.695,0 0 0,5.107 5.055 5.332,0,1.0,0.25,286,286,1,measured,525,0,1,240,0,284,8080,-1,-1,-1,0,-1,0,5.030048847198486,10.604658126831055,0.47432447015636087,1,0.698984375,0 0 0,5.106 4.957 5.398,0,23,286,0,4.887436389923096,7.8891167640686035,0.6195162951806191,0.4000523012552301,1
9223,233,13733,Program,0,1.0,0.25,23,23,1,measured,262,0,1,240,0,21,8080,-1,-1,-1,0,-1,0,4.954814434051514,10.532163619995117,0.470446017819633,1,0.694296875,0 0 0,4.955 4.976 5.123,0,1.0,0.25,286,286,1,measured,525,0,1,240,0,284,8080,-1,-1,-1,0,-1,0,5.207392692565918,10.688011169433594,0.4872181185081865,1,0.729453125,0 0 0,4.977 5.383 5.376,0,23,286,0,4.852006435394287,8.018903732299805,0.6050710417997177,0.3248430962343096,1
9224,234,13734,Program,0,1.0,0.25,23,23,1,measured,262,0,1,240,0,21,8080,-1,-1,-1,0,-1,0,4.935146331787109,10.523161888122559,0.4689794174275115,1,0.6984375,0 0 0,4.889 4.967 5.002,0,1.0,0.25,286,286,1,measured,525,0,1,240,0,284,8080,-1,-1,-1,0,-1,0,5.035048961639404,10.711380004882812,0.4700653846044266,1,0.687734375,0 0 0,4.951 5.006 5.441,0,23,286,0,4.799956798553467,7.784643650054932,0.6165930021112266,0.3346234309623431,1
9225,235,13735,Program,0,1.0,0.25,23,23,1,measured,262,0,1,240,0,21,8080,-1,-1,-1,0,-1,0,5.125097751617432,10.664790153503418,0.48056245625553357,1,0.68703125,0 0 0,5.162 5.052 5.047,0,1.0,0.25,286,286,1,measured,525,0,1,240,0,284,8080,-1,-1,-1,0,-1,0,5.002060413360596,10.58448314666748,0.4725842862658336,1,0.704375,0 0 0,5.046 4.911 5.401,0,23,286,0,5.078405380249023,8.198932647705078,0.6193983532320508,0.40219665271966526,1
9226,236,13736,Program,0,1.0,0.25,23,23,1,measured,262,0,1,240,0,21,8502,-1,-1,-1,0,-1,0,5.358945369720459,10.439298629760742,0.5133434304142788,1,0.711171875,0 0 0,5.317 5.342 5.209,0,1.0,0.25,286,286,1,measured,525,0,1,240,0,284,8080,-1,-1,-1,0,-1,0,5.148993968963623,10.52641487121582,0.4891498227989664,1,0.69078125,0 0 0,5.077 5.198 5.340,0,23,286,0,4.520716190338135,7.539883136749268,0.5995737743340129,0.3815376569037657,1
9227,237,13737,Program,0,1.0,0.25,23,23,1,measured,262,0,1,240,0,21,57ce,-1,-1,-1,0,-1,0,5.048954963684082,10.64340591430664,0.4743739930934499,1,0.681953125,0 0 0,5.065 5.018 5.144,0,1.0,0.25,286,286,1,measured,525,0,1,240,0,284,8080,-1,-1,-1,0,-1,0,4.987431526184082,10.665861129760742,0.4676070188339271,1,0.6946875,0 0 0,4.878 4.999 5.372,0,23,286,0,4.68162202835083,7.842872142791748,0.5969269858177696,0.3225418410041841,1
9228,238,13738,Program,0,1.0,0.25,23,23,1,measured,262,0,1,240,0,21,4554,-1,-1,-1,0,-1,0,5.105244159698486,10.671550750732422,0.47839758990492526,1,0.734765625,0 0 0,5.135 5.073 5.065,0,1.0,0.25,286,286,1,measured,525,0,1,240,0,284,8080,-1,-1,-1,0,-1,0,6.011250019073486,9.51175308227539,0.6319812937822269,1,0.701640625,0 0 0,5.645 6.142 6.521,0,23,286,0,4.487868785858154,6.8654069900512695,0.6536930428686267,0.377510460251046,1
9229,239,13739,Program,0,1.0,0.25,23,23,1,measured,262,0,1,240,0,21,8f2c,-1,-1,-1,0,-1,0,6.097470760345459,9.660927772521973,0.6311475361287917,1,0.687578125,0 0 0,5.934 6.198 5.859,0,1.0,0.25,286,286,1,measured,525,0,1,240,0,284,8080,-1,-1,-1,0,-1,0,5.043017387390137,10.56134033203125,0.4774978581170501,1,0.694375,0 0 0,4.959 5.054 5.593,0,23,286,0,4.089476585388184,6.347289562225342,0.6442870685663857,0.3641213389121339,1
9230,240,13740,Program,0,1.0,0.25,23,23,1,measured,262,0,1,240,0,21,8080,-1,-1,-1,0,-1,0,5.033261775970459,10.587942123413086,0.4753767745708037,1,0.685859375,0 0 0,5.008 5.078 5.127,0,1.0,0.25,286,286,1,measured,525,0,1,240,0,284,8080,-1,-1,-1,0,-1,0,5.018857479095459,10.532222747802734,0.4765240537798642,1,0.70125,0 0 0,4.862 5.092 5.568,0,23,286,0,4.6626715660095215,7.778316497802734,0.5994448242529937,0.32426778242677823,1
9231,241,13741,Program,0,1.0,0.25,23,23,1,measured,262,0,1,240,0,21,8080,-1,-1,-1,0,-1,0,5.293984413146973,10.374734878540039,0.5102765974384067,1,0.688984375,0 0 0,4.953 5.645 5.153,0,1.0,0.25,286,286,1,measured,525,0,1,240,0,284,8080,-1,-1,-1,0,-1,0,5.280478477478027,10.37258243560791,0.5090804059894225,1,0.72984375,0 0 0,4.860 5.632 5.575,0,23,286,0,4.7208251953125,7.539709091186523,0.6261282946355141,0.4024581589958159,1
9232,242,13742,Program,0,1.0,0.25,23,23,1,measured,262,0,1,240,0,21,8080,-1,-1,-1,0,-1,0,5.138427734375,10.496993064880371,0.48951425447412733,1,0.7321875,0 0 0,5.005 5.207 5.321,0,1.0,0.25,286,286,1,measured,525,0,1,240,0,284,8080,-1,-1,-1,0,-1,0,5.131093978881836,10.415153503417969,0.4926565870774685,1,0.69125,0 0 0,4.921 5.166 5.594,0,23,286,0,4.6326904296875,7.511205196380615,0.6167705858867802,0.3948744769874477,1
9233,243,13743,Program,0,1.0,0.25,23,23,1,measured,262,0,1,240,0,21,8080,-1,-1,-1,0,-1,0,4.986904144287109,10.5383939743042,0.47321291616603955,1,0.701484375,0 0 0,4.964 4.972 5.041,0,1.0,0.25,286,286,1,measured,525,0,1,240,0,284,8080,-1,-1,-1,0,-1,0,5.990429878234863,10.066244125366211,0.5951007946587954,1,0.6984375,0 0 0,5.735 6.291 5.568,0,23,286,0,4.616919994354248,6.997781276702881,0.6597691199244777,0.3879707112970711,1
9234,244,13744,Program,0,1.0,0.25,23,23,1,measured,262,0,1,240,0,,,-1,-1,-1,0,-1,0,5.904238224029541,10.072690963745117,0.5861629474467955,1,0.697734375,0 0 0,5.551 6.256 5.249,0,1.0,0.25,286,286,1,measured,525,0,1,240,0,284,8080,-1,-1,-1,0,-1,0,5.155253887176514,10.450658798217773,0.49329463211024327,1,0.725234375,0 0 0,5.016 5.295 5.348,0,23,286,0,4.313843727111816,6.427328586578369,0.6711721159114287,0.3698221757322176,1
9235,245,13745,Program,0,1.0,0.25,23,24,1,measured,262,0,1,239,0,21,8080,-1,-1,23,1,24,1,5.1590704917907715,10.336200714111328,0.4991263844893642,1,0.6878930817610063,1 1 1,5.089 5.217 5.067,0,1.0,0.25,286,286,1,measured,525,0,1,240,0,284,8080,-1,-1,-1,0,-1,0,5.052587985992432,10.701218605041504,0.472150712220016,1,0.689609375,0 0 0,4.808 5.224 5.530,0,23,286,-1,3.782443046569824,3.9320147037506104,0.9619605549699204,0.3356171548117155,1
9236,246,13746,Program,0,1.0,0.25,23,24,1,measured,262,0,1,239,0,21,8080,-1,-1,23,1,24,0,5.738613128662109,10.243956565856934,0.5601949883103647,1,0.71421875,0 0 0,5.220 6.034 6.496,0,1.0,0.25,286,286,1,measured,525,0,1,240,0,284,8080,-1,-1,-1,0,-1,0,5.820332050323486,10.160318374633789,0.5728493769304025,1,0.70578125,0 0 0,5.183 6.141 6.811,0,23,286,-1,4.809034824371338,6.8387370109558105,0.703205111801661,0.3612970711297071,1
9237,247,13747,Program,0,1.0,0.25,23,24,1,measured,262,0,1,239,0,21,8080,-1,-1,23,1,24,0,5.683613300323486,9.921363830566406,0.5728661298372133,1,0.70859375,0 0 0,5.790 5.570 5.582,0,1.0,0.25,286,286,1,measured,525,0,1,240,0,284,8080,-1,-1,-1,0,-1,0,5.625420093536377,10.123113632202148,0.5557005776998911,1,0.713046875,0 0 0,5.758 5.424 5.962,0,23,286,-1,4.886238098144531,6.783966064453125,0.72026275658241,0.3647489539748954,1
9238,248,13748,Program,0,1.0,0.25,23,24,1,measured,262,0,1,239,0,21,8080,-1,-1,23,1,24,0,4.993574142456055,10.592413902282715,0.47142928783966004,1,0.699375,0 0 0,4.863 5.075 5.133,0,1.0,0.25,286,286,1,measured,525,0,1,240,0,284,8080,-1,-1,-1,0,-1,0,5.289843559265137,10.451611518859863,0.5061270742525829,1,0.734140625,0 0 0,5.062 5.510 5.597,0,23,286,-1,5.615810394287109,8.663143157958984,0.6482416707067531,0.4023012552301255,1
9239,249,13749,Program,0,1.0,0.25,23,24,1,measured,262,0,1,239,0,21,8080,-1,-1,23,1,24,0,5.365185737609863,10.57938289642334,0.5071359823287723,1,0.67859375,0 0 0,5.112 5.608 5.292,0,1.0,0.25,286,286,1,measured,525,0,1,240,0,284,8080,-1,-1,-1,0,-1,0,5.057685375213623,10.570597648620605,0.4784673055712813,1,0.696171875,0 0 0,4.936 5.133 5.483,0,23,286,-1,5.283374786376953,8.065214157104492,0.6550817725928493,0.38687238493723847,1
9240,250,13750,Program,0,1.0,0.25,23,24,1,measured,262,0,1,239,0,21,8080,-1,-1,23,1,24,0,5.106845855712891,10.746413230895996,0.4752139849815826,1,0.731640625,0 0 0,4.984 5.197 5.163,0,1.0,0.25,286,286,1,measured,525,0,1,240,0,284,8080,-1,-1,-1,0,-1,0,5.142636775970459,10.646973609924316,0.48301394972716716,1,0.68765625,0 0 0,5.143 5.168 5.283,0,23,286,-1,5.446396827697754,8.472957611083984,0.6427976012264001,0.3946129707112971,1
9241,251,13751,Program,0,1.0,0.25,23,24,1,measured,262,0,1,239,0,21,8080,-1,-1,23,1,24,0,5.302929878234863,10.613875389099121,0.4996223984013593,1,0.726015625,0 0 0,5.150 5.417 5.250,0,1.0,0.25,286,286,1,measured,525,0,1,240,0,284,8080,-1,-1,-1,0,-1,0,5.03640604019165,10.627378463745117,0.4739085991313052,1,0.696328125,0 0 0,4.954 5.080 5.418,0,23,286,-1,5.207149505615234,7.964529514312744,0.6537924803037857,0.39027196652719665,1
9242,252,13752,Program,0,1.0,0.25,23,24,1,measured,262,0,1,239,0,21,8080,-1,-1,23,1,24,0,5.284423828125,10.815290451049805,0.4886067417275935,1,0.718984375,0 0 0,5.167 5.402 5.101,0,1.0,0.25,286,286,1,measured,525,0,1,240,0,284,8080,-1,-1,-1,0,-1,0,5.074384689331055,10.705718994140625,0.47398821995125495,1,0.736484375,0 0 0,5.073 5.062 5.366,0,23,286,-1,5.329988479614258,8.177841186523438,0.651759841998123,0.3850418410041841,1
9243,253,13753,Program,0,1.0,0.25,23,24,1,measured,262,0,1,239,0,21,8080,-1,-1,23,1,24,0,5.146552562713623,10.77413558959961,0.47767660986944016,1,0.68671875,0 0 0,5.168 5.116 5.035,0,1.0,0.25,286,286,1,measured,525,0,1,240,0,284,8080,-1,-1,-1,0,-1,0,5.309736251831055,10.342373847961426,0.5133962792185908,1,0.728515625,0 0 0,5.197 5.383 5.645,0,23,286,-1,5.275683403015137,7.790297508239746,0.6772120573617479,0.38640167364016736,1
9244,254,13754,Program,0,1.0,0.25,23,24,1,measured,262,0,1,239,0,21,8080,-1,-1,23,1,24,0,5.491064548492432,10.311969757080078,0.5324942448286692,1,0.71125,0 0 0,5.255 5.667 5.585,0,1.0,0.25,286,286,1,measured,525,0,1,240,0,284,8080,-1,-1,-1,0,-1,0,4.992871284484863,10.527152061462402,0.474285092049033,1,0.6990625,0 0 0,4.818 5.121 5.422,0,23,286,-1,4.7635087966918945,7.539244651794434,0.6318283882136814,0.36417364016736403,1
9245,255,13755,Program,0,1.0,0.25,23,24,1,measured,262,0,1,239,0,21,8080,-1,-1,23,1,24,0,5.326035022735596,10.469467163085938,0.5087207342809713,1,0.724375,0 0 0,5.064 5.563 5.289,0,1.0,0.25,286,286,1,measured,525,0,1,240,0,284,8080,-1,-1,-1,0,-1,0,5.044492244720459,10.608048439025879,0.4755344278182507,1,0.689453125,0 0 0,4.918 5.133 5.384,0,23,286,-1,5.113771438598633,8.053067207336426,0.635009159483971,0.3810669456066946,1
9246,256,13756,Program,0,1.0,0.25,23,24,1,measured,262,0,1,239,0,21,8080,-1,-1,23,1,24,0,5.219863414764404,10.60503101348877,0.4922063318933388,1,0.685390625,0 0 0,4.994 5.426 5.179,0,1.0,0.25,286,286,1,measured,525,0,1,240,0,284,8080,-1,-1,-1,0,-1,0,5.025800704956055,10.570322036743164,0.47546334799318574,1,0.6953125,0 0 0,4.894 5.072 5.447,0,23,286,-1,5.198233127593994,8.218487739562988,0.6325048223373521,0.39440376569037655,1
9247,257,13757,Program,0,1.0,0.25,23,24,1,measured,262,0,1,239,0,21,8080,-1,-1,23,1,24,0,5.134394645690918,10.741971015930176,0.47797509768707164,1,0.731953125,0 0 0,5.101 5.154 5.230,0,1.0,0.25,286,286,1,measured,525,0,1,240,0,284,8080,-1,-1,-1,0,-1,0,4.934941291809082,10.63464069366455,0.4640440080640439,1,0.697578125,0 0 0,4.863 4.967 5.454,0,23,286,-1,5.244837760925293,8.163090705871582,0.642506367980545,0.39764644351464434,1
9248,258,13758,Program,0,1.0,0.25,23,24,1,measured,262,0,1,239,0,21,8080,-1,-1,23,1,24,0,5.23019552230835,10.758068084716797,0.48616493975702824,1,0.7340625,0 0 0,5.148 5.295 5.314,0,1.0,0.25,286,287,1,measured,525,0,1,239,0,284,8080,-1,-1,286,1,287,1,9.295076370239258,9.940990447998047,0.9350251787145751,1,0.6825471698113208,1 1 1,7.104 10.749 9.445,0,23,286,0,3.948294162750244,5.132354736328125,0.7692948686502911,0.35219665271966527,1
9249,259,13759,Program,0,1.0,0.25,23,23,1,measured,262,0,1,240,0,21,8080,-1,-1,-1,0,-1,-1,9.329038619995117,9.859492301940918,0.9461986818691084,1,0.6759433962264151,-1 -1 -1,7.406 10.695 9.356,0,1.0,0.25,286,286,1,measured,525,0,1,240,0,284,8080,-1,-1,-1,0,-1,-1,5.402348518371582,11.228486061096191,0.4811288439934326,1,0.7147012578616352,-1 -1 -1,5.263 5.466 5.538,0,23,286,0,3.9675493240356445,4.480546951293945,0.8855055793779482,0.4206589958158996,1
9250,260,13760,Program,0,1.0,0.25,23,23,1,measured,262,0,1,240,0,21,942f,-1,-1,-1,0,-1,0,4.957021713256836,10.820282936096191,0.45812311401953604,1,0.703984375,0 0 0,4.874 5.048 5.231,0,1.0,0.25,286,286,1,measured,525,0,1,240,0,284,57ce,-1,-1,-1,0,-1,0,8.11629867553711,8.489681243896484,0.956019247645156,1,0.687265625,0 0 0,7.686 8.347 7.712,0,23,286,0,2.903534412384033,3.8152308464050293,0.7610376748552297,0.36956066945606697,1
9251,261,13761,Program,0,1.0,0.25,23,23,1,measured,262,0,1,240,0,21,8080,-1,-1,-1,0,-1,0,0.395751953125,10.836684226989746,0.0365196535061291,1,0.969609375,0 0 0,0.395 0.389 0.425,0,1.0,0.25,286,286,1,measured,525,0,1,240,0,284,8080,-1,-1,-1,0,-1,0,9.335859298706055,9.342570304870605,0.9992816745343568,1,0.674296875,-1 0 0,7.556 10.623 8.300,0,23,286,0,3.009535074234009,4.731698513031006,0.6360369465522386,0.14398535564853557,1
9252,262,13762,Program,0,1.0,0.25,23,23,1,measured,262,0,1,240,0,21,8080,-1,-1,-1,0,-1,0,6.754238128662109,11.764474868774414,0.5741215144748526,1,0.70140625,0 0 0,5.141 8.398 5.578,0,1.0,0.25,286,286,1,measured,525,0,1,240,0,284,4554,-1,-1,-1,0,-1,0,5.283818244934082,10.839259147644043,0.4874704232975684,1,0.718203125,0 0 0,5.146 5.330 5.352,0,23,286,0,4.857418060302734,7.7176618576049805,0.6293898527720849,0.37332635983263596,1
9253,263,13763,Program,0,1.0,0.25,23,23,1,measured,262,0,1,240,0,21,8080,-1,-1,-1,0,-1,0,5.54177713394165,10.914603233337402,0.5077396782518789,1,0.708359375,0 0 0,5.322 5.812 5.445,0,1.0,0.25,286,286,1,measured,525,0,1,240,0,284,8f2c,-1,-1,-1,0,-1,0,5.112451076507568,10.997504234313965,0.4648737538609812,1,0.682578125,0 0 0,5.091 5.127 5.139,0,23,286,0,4.836797714233398,7.562400817871094,0.6395849454056066,0.3620292887029289,1
9254,264,13764,Program,0,1.0,0.25,23,23,1,measured,262,0,1,240,0,21,8080,-1,-1,-1,0,-1,0,6.928671836853027,11.295538902282715,0.6133989619081222,1,0.719921875,0 0 0,5.360 8.619 5.913,0,1.0,0.25,286,286,1,measured,525,0,1,240,0,284,8080,-1,-1,-1,0,-1,0,6.958105564117432,11.53164291381836,0.6033923887618423,1,0.688359375,0 0 0,5.447 8.692 5.593,0,23,286,0,4.490773677825928,6.699054718017578,0.6703593069254498,0.3606694560669456,1
9255,265,13765,Program,0,1.0,0.25,23,23,1,measured,262,0,1,240,0,21,8080,-1,-1,-1,0,-1,0,5.178964614868164,10.96412181854248,0.4723556250633333,1,0.732578125,0 0 0,5.116 5.268 5.349,0,1.0,0.25,286,286,1,measured,525,0,1,240,0,284,8080,-1,-1,-1,0,-1,0,5.24856424331665,11.298663139343262,0.46452966856233974,1,0.729765625,0 0 0,5.193 5.299 5.184,0,23,286,0,5.213160991668701,8.42459487915039,0.61880257347098,0.3787133891213389,1
9256,266,13766,Program,0,1.0,0.25,23,23,1,measured,262,0,1,240,0,21,8080,-1,-1,-1,0,-1,0,5.235234260559082,11.041470527648926,0.4741428460502196,1,0.674140625,0 0 0,4.985 5.474 5.461,0,1.0,0.25,286,286,1,measured,525,0,1,240,0,284,8080,-1,-1,-1,0,-1,0,6.515439510345459,11.680856704711914,0.5577878125768987,1,0.701796875,0 0 0,5.153 7.994 5.308,0,23,286,0,5.141116619110107,8.107117652893066,0.6341485148270265,0.3723849372384937,1
9257,267,13767,Program,0,1.0,0.25,23,23,1,measured,262,0,1,240,0,21,8002,-1,-1,-1,0,-1,0,6.507431507110596,11.584561347961426,0.5617330955958665,1,0.70421875,0 0 0,5.101 8.028 5.495,0,1.0,0.25,286,286,1,measured,525,0,1,240,0,284,8080,-1,-1,-1,0,-1,0,5.354902267456055,10.86129093170166,0.49302631714120665,1,0.72328125,0 0 0,5.234 5.389 5.152,0,23,286,0,4.856420993804932,7.593933582305908,0.6395132300235727,0.37510460251046024,1
9258,268,13768,Program,0,1.0,0.25,23,23,1,measured,262,0,1,240,0,21,8080,-1,-1,-1,0,-1,0,5.177294731140137,10.618386268615723,0.4875783005222205,1,0.684921875,0 0 0,5.129 5.232 5.275,0,1.0,0.25,286,286,1,measured,525,0,1,240,0,284,8080,-1,-1,-1,0,-1,0,5.183203220367432,11.038708686828613,0.4695479668334784,1,0.67921875,0 0 0,5.128 5.142 5.117,0,23,286,0,4.827275276184082,7.54770040512085,0.6395690100403224,0.38671548117154814,1
9259,269,13769,Program,0,1.0,0.25,23,23,1,measured,262,0,1,240,0,21,8080,-1,-1,-1,0,-1,0,7.456240177154541,12.208549499511719,0.6107392346201941,1,0.689609375,0 0 0,5.143 9.933 5.806,0,1.0,0.25,286,286,1,measured,525,0,1,240,0,284,0701,-1,-1,-1,0,-1,0,7.748125076293945,12.454333305358887,0.6221228295664819,1,0.69578125,0 0 0,5.375 10.402 5.876,0,23,286,0,4.608819484710693,7.144233703613281,0.6451104031464884,0.4149581589958159,1
9260,270,13770,Program,0,1.0,0.25,23,23,1,measured,262,0,1,240,0,21,9420,-1,-1,-1,0,-1,0,5.177343845367432,10.974076271057129,0.4717794662154922,1,0.68765625,0 0 0,4.943 5.371 5.258,0,1.0,0.25,286,286,1,measured,525,0,1,240,0,284,e573,-1,-1,-1,0,-1,0,5.142324447631836,10.939543724060059,0.47006754370586623,1,0.686640625,0 0 0,5.075 5.201 5.236,0,23,286,0,4.959070205688477,8.217727661132812,0.6034600330141471,0.3282426778242678,1
9261,271,13771,Program,0,1.0,0.25,23,23,1,measured,262,0,1,240,0,21,9420,-1,-1,-1,0,-1,0,5.039247989654541,11.028154373168945,0.456943910933531,1,0.69625,0 0 0,4.918 5.210 5.222,0,1.0,0.25,286,286,1,measured,525,0,1,240,0,284,5ec7,-1,-1,-1,0,-1,0,8.231025695800781,12.264416694641113,0.6711306294246586,1,0.68671875,0 0 0,5.429 11.259 5.882,0,23,286,0,5.0611982345581055,7.98708438873291,0.6336728132856282,0.36914225941422596,1
9262,272,13772,Program,0,1.0,0.25,23,23,1,measured,262,0,1,240,0,21,94d0,-1,-1,-1,0,-1,0,8.030448913574219,12.199410438537598,0.6582653279871833,1,0.701328125,0 0 0,5.104 11.087 5.845,0,1.0,0.25,286,286,1,measured,525,0,1,240,0,284,45c8,-1,-1,-1,0,-1,0,5.456621170043945,11.219535827636719,0.4863499928938974,1,0.711171875,0 0 0,5.374 5.534 5.215,0,23,286,0,4.676191329956055,7.080631732940674,0.660420073565099,0.35177824267782426,1
9263,273,13773,Program,0,1.0,0.25,23,23,1,measured,262,0,1,240,0,21,94d0,-1,-1,-1,0,-1,0,5.31228494644165,10.94320011138916,0.4854416342905836,1,0.723203125,0 0 0,5.055 5.505 5.505,0,1.0,0.25,286,286,1,measured,525,0,1,240,0,284,8fdf,-1,-1,-1,0,-1,0,5.122451305389404,11.294890403747559,0.4535193456759717,1,0.690625,0 0 0,4.977 5.158 5.208,0,23,286,0,4.967191696166992,8.149727821350098,0.6094917284420572,0.3776150627615063,1
9264,274,13774,Program,0,1.0,0.25,23,23,1,measured,262,0,1,240,0,21,5745,-1,-1,-1,0,-1,0,8.069580078125,12.565261840820312,0.6422134437270258,1,0.68828125,0 0 0,4.995 11.123 6.277,0,1.0,0.25,286,286,1,measured,525,0,1,240,0,284,8080,-1,-1,-1,0,-1,0,8.257959365844727,12.724754333496094,0.6489680782368293,1,0.67453125,0 0 0,5.151 11.207 6.255,0,23,286,0,4.93831205368042,7.935519218444824,0.622304844552845,0.37034518828451884,1
9265,275,13775,Program,0,1.0,0.25,23,23,1,measured,262,0,1,240,0,21,a7d6,-1,-1,-1,0,-1,0,5.210000038146973,10.949047088623047,0.47584049972354103,1,0.68265625,0 0 0,4.959 5.400 5.467,0,1.0,0.25,286,286,1,measured,525,0,1,240,0,284,8080,-1,-1,-1,0,-1,0,5.127129077911377,10.966578483581543,0.4675231281650321,1,0.6890625,0 0 0,5.008 5.201 5.024,0,23,286,0,4.948977470397949,8.15995979309082,0.6064953254534825,0.32097280334728034,1
9266,276,13776,Program,0,1.0,0.25,23,23,1,measured,262,0,1,240,0,21,4520,-1,-1,-1,0,-1,0,5.261005878448486,10.974380493164062,0.4793897825690995,1,0.71765625,0 0 0,4.905 5.635 5.326,0,1.0,0.25,286,286,1,measured,525,0,1,240,0,284,8080,-1,-1,-1,0,-1,0,8.076807022094727,12.709610939025879,0.6354881404980103,1,0.684921875,0 0 0,4.919 11.122 6.192,0,23,286,0,5.068034648895264,8.003792762756348,0.6332041319807902,0.37384937238493726,1
9267,277,13777,Program,0,1.0,0.25,23,23,1,measured,262,0,1,240,0,21,c74f,-1,-1,-1,0,-1,0,8.295663833618164,12.486655235290527,0.6643623674474863,1,0.681796875,0 0 0,5.038 11.573 6.152,0,1.0,0.25,286,286,1,measured,525,0,1,240,0,284,8080,-1,-1,-1,0,-1,0,5.293740272521973,10.641047477722168,0.4974830047140392,1,0.6759375,0 0 0,5.091 5.379 5.418,0,23,286,0,4.584061145782471,6.916618347167969,0.6627604583183961,0.3623430962343096,1
9268,278,13778,Program,0,1.0,0.25,23,23,1,measured,262,0,1,240,0,21,5420,-1,-1,-1,0,-1,0,5.105351448059082,10.795587539672852,0.47291093970544507,1,0.733984375,0 0 0,4.860 5.270 5.314,0,1.0,0.25,286,286,1,measured,525,0,1,240,0,284,8080,-1,-1,-1,0,-1,0,5.082861423492432,10.920331954956055,0.4654493512155223,1,0.693359375,0 0 0,5.027 5.168 5.027,0,23,286,0,4.686638832092285,7.382850170135498,0.6348007509417289,0.3263598326359833,1
9269,279,13779,Program,0,1.0,0.25,23,23,1,measured,262,0,1,240,0,21,54c8,-1,-1,-1,0,-1,-1,9.358824729919434,13.320253372192383,0.7026011043796732,1,0.6909591194968554,-1 -1 -1,7.071 11.714 6.779,0,1.0,0.25,286,286,1,measured,525,0,1,240,0,284,8501,-1,-1,-1,0,-1,1,11.170243263244629,11.540575981140137,0.9679103782600874,1,0.6700471698113207,1 1 0,8.810 13.263 8.780,0,23,286,1,3.724946975708008,3.9894354343414307,0.9337027850214891,0.3829497907949791,1
9270,280,13780,Program,0,1.0,0.25,25,25,1,measured,262,0,1,238,0,21 23,8080 d320,23,25,24,1,25,3,7.887082099914551,8.53562068939209,0.9240197505163824,1,0.6663216560509554,3 3 3,7.233 8.451 7.670,0,1.0,0.25,286,286,1,measured,525,0,1,240,0,284,d343,-1,-1,-1,0,-1,-1,5.0573506355285645,11.176064491271973,0.4525162358787513,1,0.685377358490566,-1 -1 -1,4.816 5.269 5.130,0,23,286,-2,4.009673118591309,4.046388149261475,0.9909264684168109,0.37949790794979077,1
9271,281,13781,Program,0,1.0,0.25,25,25,1,measured,262,0,1,238,0,21 23,8080 8fe6,23,25,24,1,25,0,8.456913948059082,12.592049598693848,0.6716074203627902,1,0.69703125,0 0 0,6.074 10.881 6.211,0,1.0,0.25,286,286,1,measured,525,0,1,240,0,284,8080,-1,-1,-1,0,-1,0,8.201874732971191,12.444408416748047,0.6590811277081576,1,0.684609375,0 0 0,5.856 10.682 6.407,0,23,286,-2,5.460115432739258,8.14576244354248,0.6703013340473416,0.3992154811715481,1
9272,282,13782,Program,0,1.0,0.25,25,25,1,measured,262,0,1,238,0,21 23,8080 8080,23,25,24,1,25,0,5.065517425537109,11.021442413330078,0.459605670071871,1,0.683828125,0 0 0,4.867 5.290 4.930,0,1.0,0.25,286,286,1,measured,525,0,1,240,0,284,8080,-1,-1,-1,0,-1,0,4.958945274353027,11.101778984069824,0.44668023759694025,1,0.703046875,0 0 0,4.769 5.108 5.149,0,23,286,-2,5.293374538421631,8.520455360412598,0.6212548877393922,0.33174686192468616,1
9273,283,13783,Program,0,1.0,0.25,25,25,1,measured,262,0,1,238,0,21 23,8080 8080,23,25,24,1,25,0,5.360400199890137,11.376631736755371,0.4711763836542123,1,0.717734375,0 0 0,5.252 5.445 5.296,0,1.0,0.25,286,286,1,measured,525,0,1,240,0,284,8080,-1,-1,-1,0,-1,0,8.102958679199219,12.549213409423828,0.6456945479239603,1,0.683359375,0 0 0,5.558 10.540 6.507,0,23,286,-2,5.4347052574157715,8.09982967376709,0.6709653753605642,0.35324267782426777,1
9274,284,13784,Program,0,1.0,0.25,23,24,1,measured,262,0,1,239,0,21,8080,-1,-1,23,1,24,-1,8.243946075439453,12.373101234436035,0.6662796916665825,1,0.6764937106918238,-1 -1 -1,5.771 10.820 6.083,0,1.0,0.25,286,286,1,measured,525,0,1,240,0,284,8080,-1,-1,-1,0,-1,0,5.099423885345459,11.15569019317627,0.4571141540363574,1,0.6928125,0 0 0,4.833 5.288 5.381,0,23,286,-1,3.948941230773926,4.133182525634766,0.9554238667859111,0.3142782426778243,1
9275,285,13785,Program,0,1.0,0.25,23,24,1,measured,262,0,1,239,0,21,8080,-1,-1,23,1,24,0,5.21212911605835,10.952722549438477,0.4758752075140956,1,0.7259375,0 0 0,4.994 5.420 4.944,0,1.0,0.25,286,286,1,measured,525,0,1,240,0,284,8080,-1,-1,-1,0,-1,0,5.013691425323486,11.146255493164062,0.44980948340887716,1,0.698203125,0 0 0,4.845 5.108 5.449,0,23,286,-1,5.542470455169678,8.548853874206543,0.6483290668813892,0.4040794979079498,1
9276,286,13786,Program,0,1.0,0.25,24,24,1,measured,262,0,1,239,0,21,8080,-1,-1,23,1,24,0,7.963876724243164,11.080660820007324,0.7187185722591137,1,0.671484375,0 0 0,6.324 9.547 6.221,0,1.0,0.25,286,286,1,measured,525,0,1,240,0,284,8080,-1,-1,-1,0,-1,0,7.756757736206055,10.988423347473145,0.7059027024099658,1,0.678203125,0 0 0,6.019 9.273 6.728,0,23,286,-1,4.754019737243652,6.609282493591309,0.7192943775445199,0.37813807531380755,1
9277,287,13787,Program,0,1.0,0.25,23,24,1,measured,262,0,1,239,0,21,8080,-1,-1,23,1,24,0,5.098574161529541,11.095430374145508,0.45952017989407623,1,0.732421875,0 0 0,4.979 5.212 5.052,0,1.0,0.25,286,286,1,measured,525,0,1,240,0,284,8080,-1,-1,-1,0,-1,0,5.052607536315918,10.899165153503418,0.4635774818672063,1,0.69640625,0 0 0,4.857 5.268 5.095,0,23,286,-1,5.424656867980957,8.448479652404785,0.6420867530215186,0.323744769874477,1
9278,288,13788,Program,0,1.0,0.25,24,24,1,measured,262,0,1,239,0,21,8080,-1,-1,23,1,24,0,5.101318359375,11.018033027648926,0.4629971925636477,1,0.735,0 0 0,5.008 5.227 5.016,0,1.0,0.25,286,286,1,measured,525,0,1,240,0,284,8080,-1,-1,-1,0,-1,0,6.553662300109863,11.273319244384766,0.5813427401494231,1,0.692109375,0 0 0,5.443 7.374 5.932,0,23,286,-1,5.32220458984375,8.269381523132324,0.6436037054229147,0.3755753138075314,1
9279,289,13789,Program,0,1.0,0.25,24,24,1,measured,262,0,1,239,0,21,8080,-1,-1,23,1,24,0,6.289179801940918,11.083303451538086,0.5674463240531538,1,0.70078125,0 0 0,5.100 7.200 5.549,0,1.0,0.25,286,286,1,measured,525,0,1,240,0,284,8080,-1,-1,-1,0,-1,0,5.156474590301514,10.824332237243652,0.4763780783224164,1,0.69015625,0 0 0,4.958 5.288 5.178,0,23,286,-1,5.17561149597168,7.933707237243652,0.652357257610353,0.38274058577405856,1
9280,290,13790,Program,0,1.0,0.25,24,24,1,measured,262,0,1,239,0,21,8080,-1,-1,23,1,24,0,5.012812614440918,10.9147310256958,0.45927037529734793,1,0.686171875,0 0 0,4.850 5.211 4.878,0,1.0,0.25,286,286,1,measured,525,0,1,240,0,284,8080,-1,-1,-1,0,-1,0,4.990458965301514,10.632399559020996,0.46936337725075317,1,0.699921875,0 0 0,4.873 5.050 5.280,0,23,286,-1,5.544642925262451,8.448186874389648,0.6563115858706703,0.3298640167364017,1
9281,291,13791,Program,0,1.0,0.25,23,24,1,measured,262,0,1,239,0,21,8080,-1,-1,23,1,24,0,5.464423656463623,10.408756256103516,0.5249833430636229,1,0.71328125,0 0 0,5.124 5.783 5.234,0,1.0,0.25,286,286,1,measured,525,0,1,240,0,284,8080,-1,-1,-1,0,-1,0,5.396708965301514,10.220352172851562,0.5280355191318018,1,0.7190625,0 0 0,4.955 5.705 5.693,0,23,286,-1,4.903526782989502,7.148282527923584,0.6859727163601446,0.38111924686192467,1
9282,292,13792,Program,0,1.0,0.25,23,24,1,measured,262,0,1,239,0,21,8080,-1,-1,23,1,24,0,5.117167949676514,10.670165061950684,0.47957720616001515,1,0.688671875,0 0 0,5.119 5.124 4.930,0,1.0,0.25,286,286,1,measured,525,0,1,240,0,284,8080,-1,-1,-1,0,-1,0,5.016523361206055,10.799636840820312,0.4645085233092905,1,0.69015625,0 0 0,4.804 5.128 5.516,0,23,286,-1,5.254703044891357,8.126638412475586,0.6466022946000175,0.40172594142259416,1
9283,293,13793,Program,0,1.0,0.25,23,24,1,measured,262,0,1,239,0,21,8080,-1,-1,23,1,24,0,5.009384632110596,10.842727661132812,0.462004099767939,1,0.689609375,0 0 0,4.949 5.097 4.958,0,1.0,0.25,286,286,1,measured,525,0,1,240,0,284,8080,-1,-1,-1,0,-1,0,5.326308727264404,10.63890552520752,0.5006444238690155,1,0.71671875,0 0 0,4.978 5.584 5.888,0,23,286,-1,5.3307061195373535,8.100295066833496,0.6580878937810337,0.39320083682008367,1
9284,294,13794,Program,0,1.0,0.25,23,24,1,measured,262,0,1,239,0,21,8080,-1,-1,23,1,24,0,5.336992263793945,10.55488395690918,0.5056419649502991,1,0.716484375,0 0 0,4.936 5.700 5.142,0,1.0,0.25,286,286,1,measured,525,0,1,240,0,284,8080,-1,-1,-1,0,-1,1,5.500452041625977,10.26449203491211,0.5358718213154203,1,0.7067610062893082,1 1 1,5.202 5.737 5.909,0,23,286,-1,4.9096150398254395,4.93001127243042,0.9958628426026042,0.38274058577405856,1
9285,295,13795,Program,0,1.0,0.25,23,24,1,measured,262,0,1,239,0,21,8080,-1,-1,23,1,24,1,5.61675500869751,10.140214920043945,0.5539088720491506,1,0.7116352201257862,1 1 1,5.156 6.090 5.091,0,1.0,0.25,286,286,1,measured,525,0,1,240,0,284,8080,-1,-1,-1,0,-1,0,5.107822418212891,10.838423728942871,0.47126985860250026,1,0.734765625,0 0 0,5.053 5.139 5.322,0,23,286,-1,4.603497505187988,4.895423412322998,0.9403675877350752,0.3403765690376569,1
9286,296,13796,Program,0,1.0,0.25,24,24,1,measured,262,0,1,239,0,21,8080,-1,-1,23,1,24,0,5.399814605712891,10.408628463745117,0.5187825297560856,1,0.729921875,0 0 0,5.398 5.410 4.999,0,1.0,0.25,286,286,1,measured,525,0,1,240,0,284,8080,-1,-1,-1,0,-1,0,5.466230392456055,10.652466773986816,0.5131422147032195,1,0.721640625,0 0 0,5.626 5.379 5.399,0,23,286,-1,5.123227119445801,7.672937870025635,0.6677008476061965,0.38718619246861924,1
9287,297,13797,Program,0,1.0,0.25,23,24,1,measured,262,0,1,239,0,21,8080,-1,-1,23,1,24,0,7.64596700668335,12.111979484558105,0.6312731140629327,1,0.688515625,0 0 0,5.841 9.177 10.897,0,1.0,0.25,286,286,1,measured,525,0,1,240,0,284,8080,-1,-1,-1,0,-1,0,44.173095703125,44.227210998535156,0.9987764253230449,1,0.725390625,3 -3 -3,45.681 42.801 51.155,0,23,286,-1,10.202595710754395,11.896133422851562,0.8576396504729838,0.2176255230125523,1
9288,298,13798,Program,0,1.0,0.25,23,24,1,measured,262,0,1,239,0,21,8080,-1,-1,23,1,24,-1,44.25566101074219,44.28205871582031,0.9994038735812277,1,0.7213836477987421,3 -3 -3,45.939 42.300 51.432,0,1.0,0.25,286,286,1,measured,525,0,1,240,0,284,8080,-1,-1,-1,0,-1,0,5.023300647735596,9.487441062927246,0.5294684430098279,1,0.692734375,0 0 0,4.997 5.015 5.297,0,23,286,-1,5.574487209320068,6.20341157913208,0.8986163723316897,0.12243723849372384,1
9289,299,13799,Program,0,1.0,0.25,23,24,1,measured,262,0,1,239,0,21,8080,-1,-1,23,1,24,0,8.9402437210083,11.276729583740234,0.7928046562275572,1,0.68328125,0 0 0,9.933 8.022 12.241,0,1.0,0.25,286,286,1,measured,525,0,1,240,0,284,8080,-1,-1,-1,0,-1,0,8.918281555175781,11.353763580322266,0.7854912154972532,1,0.686015625,0 0 0,10.197 7.734 12.001,0,23,286,-1,4.542602062225342,5.48119592666626,0.8287611176468592,0.4450313807531381,1
9290,300,13800,Program,0,1.0,0.25,23,23,1,measured,262,0,1,240,0,21,8080,-1,-1,-1,0,-1,0,4.93118143081665,9.214622497558594,0.5351474172841223,1,0.69421875,0 0 0,4.964 4.929 4.764,0,1.0,0.25,286,286,1,measured,525,0,1,240,0,284,8080,-1,-1,-1,0,-1,0,4.902949333190918,9.34712028503418,0.5245411617352466,1,0.700859375,0 0 0,4.894 4.920 5.045,0,23,286,-1,4.9475836753845215,7.268399715423584,0.6806977971898989,0.3368200836820084,1
9291,301,13801,Program,0,1.0,0.25,23,24,1,measured,262,0,1,239,0,21,8080,-1,-1,23,1,24,0,4.924091815948486,9.280464172363281,0.5305868030407536,1,0.71046875,0 0 0,4.842 5.037 4.755,0,1.0,0.25,286,286,1,measured,525,0,1,240,0,284,8080,-1,-1,-1,0,-1,0,7.650058746337891,9.83073902130127,0.7781773811472082,1,0.713828125,0 0 0,8.085 7.270 9.220,0,23,286,-1,5.027080535888672,6.586582183837891,0.7632305185873315,0.38023012552301255,1
9292,302,13802,Program,0,1.0,0.25,23,24,1,measured,262,0,1,239,0,21,8080,-1,-1,23,1,24,0,7.596875190734863,9.785603523254395,0.7763317993296721,1,0.6790625,0 0 0,7.984 7.233 9.025,0,1.0,0.25,286,286,1,measured,525,0,1,240,0,284,8080,-1,-1,-1,0,-1,0,5.147216796875,9.026651382446289,0.5702243920580066,1,0.73609375,0 0 0,5.220 5.070 5.163,0,23,286,-1,4.785431861877441,6.215331077575684,0.7699399761893327,0.3619246861924686,1
9293,303,13803,Program,0,1.0,0.25,23,24,1,measured,262,0,1,239,0,21,8080,-1,-1,23,1,24,0,5.272109508514404,8.999655723571777,0.5858123544332664,1,0.72484375,0 0 0,5.425 5.162 5.102,0,1.0,0.25,286,286,1,measured,525,0,1,240,0,284,8080,-1,-1,-1,0,-1,0,4.955175876617432,9.472651481628418,0.5231033661723613,1,0.693984375,0 0 0,4.925 4.972 5.163,0,23,286,-1,4.534740447998047,6.2497453689575195,0.7255880328376415,0.3821129707112971,1
9294,304,13804,Program,0,1.0,0.25,23,24,1,measured,262,0,1,239,0,21,8080,-1,-1,23,1,24,0,6.589257717132568,9.199125289916992,0.7162917679091667,1,0.702109375,0 0 0,6.788 6.314 8.133,0,1.0,0.25,286,286,1,measured,525,0,1,240,0,284,8080,-1,-1,-1,0,-1,0,6.665869235992432,9.359679222106934,0.7121899242281825,1,0.694609375,0 0 0,7.024 6.283 8.226,0,23,286,-1,4.817142963409424,6.299210548400879,0.7647216943133146,0.3836820083682008,1
9295,305,13805,Program,0,1.0,0.25,23,24,1,measured,262,0,1,239,0,21,8080,-1,-1,23,1,24,0,4.991415977478027,9.071433067321777,0.550234559461031,1,0.700078125,0 0 0,5.034 4.922 4.988,0,1.0,0.25,286,286,1,measured,525,0,1,240,0,284,8080,-1,-1,-1,0,-1,0,5.116562366485596,9.21123218536377,0.5554699158073099,1,0.733203125,0 0 0,5.195 5.034 5.156,0,23,286,-1,4.9106292724609375,6.507671356201172,0.7545908518846131,0.3403765690376569,1
9296,306,13806,Program,0,1.0,0.25,23,23,1,measured,262,0,1,240,0,21,8080,-1,-1,-1,0,-1,0,4.983593940734863,9.26949691772461,0.5376337016958834,1,0.6990625,0 0 0,4.947 5.015 4.905,0,1.0,0.25,286,286,1,measured,525,0,1,240,0,284,8080,-1,-1,-1,0,-1,0,10.001669883728027,10.539151191711426,0.94900146148334,1,0.678046875,0 -1 -1,10.715 9.021 9.778,0,23,286,-1,4.776637554168701,5.810417652130127,0.8220816196263556,0.35930962343096234,1
9297,307,13807,Program,0,1.0,0.25,23,23,1,measured,262,0,1,240,0,21,8080,-1,-1,-1,0,-1,0,9.824902534484863,10.381731986999512,0.9463644935920195,1,0.65765625,0 0 -1,10.677 9.036 9.737,0,1.0,0.25,286,286,1,measured,525,0,1,240,0,284,8080,-1,-1,-1,0,-1,0,5.715009689331055,9.000520706176758,0.634964339941914,1,0.704765625,0 0 0,5.246 6.112 5.735,0,23,286,-1,4.489712715148926,4.926020622253418,0.9114279170628193,0.3323744769874477,1
9298,308,13808,Program,0,1.0,0.25,23,25,1,measured,262,0,1,238,0,21 23,8080 8080,23,25,24,1,25,1,5.462637424468994,8.835007667541504,0.6182945878516786,1,0.7169811320754716,1 1 1,5.270 5.627 5.372,0,1.0,0.25,286,286,1,measured,525,0,1,240,0,284,8080,-1,-1,-1,0,-1,0,5.032675743103027,9.607940673828125,0.5238037904222238,1,0.70140625,0 0 0,4.871 5.198 5.240,0,23,286,-2,3.6082918643951416,3.708204507827759,0.9730563286836773,0.33572175732217574,1
9299,309,13809,Program,0,1.0,0.25,23,24,1,measured,262,0,1,239,0,21,8080,-1,-1,23,1,24,-1,9.71593952178955,12.206298828125,0.7959775242764566,1,0.6866352201257861,-1 -1 -1,9.929 8.735 12.757,0,1.0,0.25,286,286,1,measured,525,0,1,240,0,284,8080,-1,-1,-1,0,-1,0,9.828232765197754,12.423663139343262,0.7910897659542702,1,0.6853125,0 0 0,9.861 8.826 12.975,0,23,286,-1,3.853402853012085,3.959752321243286,0.9731423938662382,0.4023012552301255,1
9300,310,13810,Program,0,1.0,0.25,23,24,1,measured,262,0,1,239,0,21,8080,-1,-1,23,1,24,0,5.511123180389404,9.24006462097168,0.596437731385677,1,0.720078125,0 0 0,5.505 5.482 5.384,0,1.0,0.25,286,286,1,measured,525,0,1,240,0,284,8080,-1,-1,-1,0,-1,0,5.581650257110596,9.306436538696289,0.5997623509172408,1,0.721328125,0 0 0,5.533 5.541 5.702,0,23,286,-1,4.584353923797607,5.516487121582031,0.8310277578392852,0.37902719665271967,1
9301,311,13811,Program,0,1.0,0.25,23,24,1,measured,262,0,1,239,0,21,8080,-1,-1,23,1,24,0,4.945918083190918,9.692757606506348,0.5102694490029265,1,0.69703125,0 0 0,4.802 5.092 4.857,0,1.0,0.25,286,286,1,measured,525,0,1,240,0,284,8080,-1,-1,-1,0,-1,0,9.941044807434082,12.565752983093262,0.7911220935832,1,0.653125,0 0 0,9.358 9.701 13.740,0,23,286,-1,5.129552841186523,6.88992166519165,0.7445008942701585,0.3611401673640167,1
9302,312,13812,Program,0,1.0,0.25,23,23,1,measured,262,0,1,240,0,21,8080,-1,-1,-1,0,-1,0,9.845684051513672,12.54908561706543,0.784573820910472,1,0.668359375,0 0 0,9.172 10.045 13.189,0,1.0,0.25,286,286,1,measured,525,0,1,240,0,284,8080,-1,-1,-1,0,-1,0,5.161298751831055,9.5460205078125,0.5406754309407809,1,0.690390625,0 0 0,5.033 5.301 5.340,0,23,286,-1,4.62713098526001,5.78319787979126,0.8000990250444314,0.3481694560669456,1
9303,313,13813,Program,0,1.0,0.25,23,24,1,measured,262,0,1,239,0,21,8080,-1,-1,23,1,24,0,4.992919921875,9.476640701293945,0.5268660149997313,1,0.694453125,0 0 0,4.947 5.030 4.929,0,1.0,0.25,286,286,1,measured,525,0,1,240,0,284,8080,-1,-1,-1,0,-1,0,4.891230583190918,9.775078773498535,0.5003776129612026,1,0.699375,0 0 0,4.812 4.986 5.093,0,23,286,-1,4.739700794219971,6.391690254211426,0.7415410643682281,0.34309623430962344,1
9304,314,13814,Program,0,1.0,0.25,23,24,1,measured,262,0,1,239,0,21,8080,-1,-1,23,1,24,0,8.597626686096191,10.936262130737305,0.7861577002559058,1,0.6853125,0 0 0,6.851 10.264 13.540,0,1.0,0.25,286,286,1,measured,525,0,1,240,0,284,8080,-1,-1,-1,0,-1,0,8.512900352478027,11.000107765197754,0.7738924503459159,1,0.683671875,0 0 0,6.799 10.027 13.672,0,23,286,-1,5.14572811126709,6.55950403213501,0.7844690827321956,0.41490585774058575,1
9305,315,13815,Program,0,1.0,0.25,23,24,1,measured,262,0,1,239,0,21,8080,-1,-1,23,1,24,0,4.996894359588623,9.457635879516602,0.5283449715389154,1,0.68859375,0 0 0,4.926 5.086 4.969,0,1.0,0.25,286,286,1,measured,525,0,1,240,0,284,8080,-1,-1,-1,0,-1,0,5.100634574890137,9.667747497558594,0.5275928623682202,1,0.688125,0 0 0,4.915 5.316 5.125,0,23,286,-1,5.098757266998291,6.7744269371032715,0.7526477611076734,0.3335774058577406,1
9306,316,13816,Program,0,1.0,0.25,23,24,1,measured,262,0,1,239,0,21,8080,-1,-1,23,1,24,0,5.041191577911377,9.645931243896484,0.5226236275633023,1,0.73609375,0 0 0,4.967 5.138 4.863,0,1.0,0.25,286,286,1,measured,525,0,1,240,0,284,8080,-1,-1,-1,0,-1,0,8.204092025756836,10.459846496582031,0.7843415320136573,1,0.687890625,0 0 0,7.763 8.662 10.452,0,23,286,-1,5.243802547454834,7.162106513977051,0.7321592519214015,0.37343096234309625,1
9307,317,13817,Program,0,1.0,0.25,23,23,1,measured,262,0,1,240,0,21,8080,-1,-1,-1,0,-1,0,7.977363109588623,10.260760307312012,0.7774631577646155,1,0.6996875,0 0 0,7.490 8.436 10.354,0,1.0,0.25,286,286,1,measured,525,0,1,240,0,284,8080,-1,-1,-1,0,-1,0,5.188818454742432,9.776385307312012,0.5307501997554843,1,0.735625,0 0 0,5.142 5.305 5.074,0,23,286,-1,5.090847969055176,6.705627918243408,0.75919034445752,0.3638075313807531,1
9308,318,13818,Program,0,1.0,0.25,23,23,1,measured,262,0,1,240,0,21,8080,-1,-1,-1,0,-1,0,5.142617225646973,9.431888580322266,0.5452372747888484,1,0.689453125,0 0 0,5.012 5.297 5.158,0,1.0,0.25,286,286,1,measured,525,0,1,240,0,284,8080,-1,-1,-1,0,-1,0,5.019267559051514,9.817138671875,0.5112760170568998,1,0.696015625,0 0 0,4.984 5.018 5.085,0,23,286,-1,4.919860363006592,7.075399398803711,0.6953473699079699,0.39748953974895396,1
9309,319,13819,Program,0,1.0,0.25,23,25,1,measured,262,0,1,238,0,21 23,8080 8080,23,25,24,1,25,1,8.576385498046875,10.0896577835083,0.8500174814714834,1,0.6797169811320755,1 1 1,7.241 9.389 10.920,0,1.0,0.25,286,286,1,measured,525,0,1,240,0,284,8080,-1,-1,-1,0,-1,0,8.8892183303833,10.326061248779297,0.8608527604302315,1,0.676328125,0 0 0,7.497 9.343 11.074,0,23,286,-2,3.776700735092163,3.9278979301452637,0.9615068421476245,0.3786610878661088,1
9310,320,13820,Program,0,1.0,0.25,23,25,1,measured,262,0,1,238,0,21 23,8080 8080,23,25,24,1,25,0,4.960312366485596,9.521875381469727,0.5209385932669031,1,0.70296875,0 0 0,4.951 5.004 4.820,0,1.0,0.25,286,286,1,measured,525,0,1,240,0,284,8080,-1,-1,-1,0,-1,0,5.226113319396973,9.997759819030762,0.5227284325683692,1,0.72234375,0 0 0,5.157 5.283 5.184,0,23,286,-2,5.023983001708984,6.952210903167725,0.7226453673060814,0.4050732217573222,1
9311,321,13821,Program,0,1.0,0.25,23,24,1,measured,262,0,1,239,0,21,8080,-1,-1,23,1,24,-1,4.946265697479248,9.685798645019531,0.5106719516642682,1,0.7020440251572327,-1 -1 -1,4.850 5.052 4.845,0,1.0,0.25,286,286,1,measured,525,0,1,240,0,284,8080,-1,-1,-1,0,-1,0,7.26589822769165,9.71934986114502,0.7475703963223388,1,0.667734375,0 0 1,5.750 8.120 8.025,0,23,286,-1,3.7552614212036133,3.8522157669067383,0.9748315381147569,0.384571129707113,1
9312,322,13822,Program,0,1.0,0.25,23,23,1,measured,262,0,1,240,0,21,8080,-1,-1,-1,0,-1,0,6.965195178985596,9.334620475769043,0.7461680094081983,1,0.68609375,0 0 1,5.645 7.895 7.590,0,1.0,0.25,286,286,1,measured,525,0,1,240,0,284,8080,-1,-1,-1,0,-1,0,5.038261890411377,9.957350730895996,0.5059841745634701,1,0.700703125,0 0 0,4.772 5.244 5.215,0,23,286,-1,4.255257606506348,5.283728122711182,0.8053513556490287,0.3705543933054393,1
9313,323,13823,Program,0,1.0,0.25,23,24,1,measured,262,0,1,239,0,21,8080,-1,-1,23,1,24,0,4.995771408081055,9.755532264709473,0.5120962416528723,1,0.7034375,0 0 0,4.746 5.253 4.875,0,1.0,0.25,286,286,1,measured,525,0,1,240,0,284,8080,-1,-1,-1,0,-1,0,4.984775543212891,10.0664701461792,0.4951860454386683,1,0.700703125,0 0 0,4.909 5.048 5.121,0,23,286,-1,4.930478096008301,7.04807186126709,0.699549918482515,0.3379707112970711,1
9314,324,13824,Program,0,1.0,0.25,23,25,1,measured,262,0,1,238,0,21 23,8080 8080,23,25,24,1,25,1,8.244536399841309,10.687737464904785,0.7714014707896605,1,0.6883647798742139,1 1 1,7.798 8.517 6.635,0,1.0,0.25,286,286,1,measured,525,0,1,240,0,284,8080,-1,-1,-1,0,-1,0,8.389033317565918,10.869938850402832,0.7717645363989354,1,0.681875,0 0 0,8.068 8.312 7.234,0,23,286,-2,3.7187674045562744,3.8058595657348633,0.9771162966803342,0.37343096234309625,1
9315,325,13825,Program,0,1.0,0.25,23,25,1,measured,262,0,1,238,0,21 23,8080 8080,23,25,24,1,25,0,4.975888729095459,9.83130931854248,0.5061267597094736,1,0.69046875,0 0 0,4.907 5.042 4.623,0,1.0,0.25,286,286,1,measured,525,0,1,240,0,284,8080,-1,-1,-1,0,-1,0,5.021708965301514,10.051758766174316,0.4995851056633314,1,0.694921875,0 0 0,4.967 5.089 5.014,0,23,286,-2,5.333829402923584,7.924980640411377,0.6730400545996427,0.33838912133891214,1
9316,326,13826,Program,0,1.0,0.25,23,24,1,measured,262,0,1,239,0,21,8080,-1,-1,23,1,24,-1,4.797887325286865,9.754143714904785,0.4918819596594082,1,0.6783018867924528,-1 -1 -1,4.622 4.985 4.722,0,1.0,0.25,286,286,1,measured,525,0,1,240,0,284,8080,-1,-1,-1,0,-1,0,7.835322380065918,10.510967254638672,0.7454425639665136,1,0.69265625,0 0 0,7.570 7.855 6.797,0,23,286,-2,3.8596551418304443,3.8647098541259766,0.9986920849206479,0.38514644351464433,1
9317,327,13827,Program,0,1.0,0.25,23,24,1,measured,262,0,1,239,0,21,8080,-1,-1,23,1,24,0,7.502480506896973,10.072759628295898,0.7448287047197448,1,0.6846875,0 0 0,7.025 7.764 6.446,0,1.0,0.25,286,286,1,measured,525,0,1,240,0,284,8080,-1,-1,-1,0,-1,0,5.18801736831665,10.367413520812988,0.5004157843131753,1,0.7240625,0 0 0,5.096 5.310 5.135,0,23,286,-1,5.243945598602295,6.989203453063965,0.7502923092478336,0.36767782426778245,1
9318,328,13828,Program,0,1.0,0.25,23,24,1,measured,262,0,1,239,0,21,8080,-1,-1,23,1,24,0,4.874921798706055,9.80756664276123,0.4970572188060672,1,0.7040625,0 0 0,4.592 5.142 4.740,0,1.0,0.25,286,286,1,measured,525,0,1,240,0,284,8080,-1,-1,-1,0,-1,0,5.028496265411377,10.094987869262695,0.4981181087618921,1,0.69921875,0 0 0,4.871 5.240 5.083,0,23,286,-1,5.198963165283203,7.708979606628418,0.6744035437339819,0.34989539748953974,1
9319,329,13829,Program,0,1.0,0.25,23,24,1,measured,262,0,1,239,0,21,8080,-1,-1,23,1,24,0,7.986767768859863,10.409001350402832,0.7672943349700663,1,0.6678125,0 0 0,7.542 8.169 7.168,0,1.0,0.25,286,286,1,measured,525,0,1,240,0,284,8080,-1,-1,-1,0,-1,0,8.182626724243164,10.546884536743164,0.7758335360301505,1,0.692109375,0 0 0,7.618 8.237 7.670,0,23,286,-1,4.756101608276367,6.3247599601745605,0.7519813618578974,0.3680439330543933,1
9320,330,13830,Program,0,1.0,0.25,23,24,1,measured,262,0,1,239,0,21,8080,-1,-1,23,1,24,0,4.915605545043945,9.873132705688477,0.4978769851044121,1,0.696875,0 0 0,4.830 5.013 4.737,0,1.0,0.25,286,286,1,measured,525,0,1,240,0,284,8080,-1,-1,-1,0,-1,0,5.054042816162109,10.099026679992676,0.5004485062084988,1,0.696015625,0 0 0,4.860 5.252 5.194,0,23,286,-1,5.085446357727051,7.155081272125244,0.7107461347139307,0.34189330543933055,1
9321,331,13831,Program,0,1.0,0.25,23,24,1,measured,262,0,1,239,0,21,8080,-1,-1,23,1,24,0,5.037197113037109,9.967069625854492,0.5053839595913591,1,0.69125,0 0 0,5.051 5.053 4.706,0,1.0,0.25,286,286,1,measured,525,0,1,240,0,284,8080,-1,-1,-1,0,-1,0,6.764657974243164,10.76301097869873,0.6285098089773596,1,0.70328125,0 0 0,7.041 6.764 5.675,0,23,286,-1,5.231497287750244,7.348802089691162,0.7118843620906521,0.3805439330543933,1
9322,332,13832,Program,0,1.0,0.25,23,24,1,measured,262,0,1,239,0,21,8080,-1,-1,23,1,24,0,6.809609413146973,10.720882415771484,0.6351724745277832,1,0.703203125,0 0 0,7.275 6.491 5.178,0,1.0,0.25,286,286,1,measured,525,0,1,240,0,284,8080,-1,-1,-1,0,-1,0,5.054072380065918,10.060564041137695,0.5023647142843872,1,0.691640625,0 0 0,4.990 5.187 5.046,0,23,286,-1,4.754478454589844,6.665014266967773,0.7133485787349827,0.36569037656903763,1
9323,333,13833,Program,0,1.0,0.25,23,24,1,measured,262,0,1,239,0,21,8080,-1,-1,23,1,24,0,4.864384651184082,9.771177291870117,0.4978299447325944,1,0.7028125,0 0 0,4.843 4.920 4.691,0,1.0,0.25,286,286,1,measured,525,0,1,240,0,284,8080,-1,-1,-1,0,-1,0,5.040878772735596,10.161340713500977,0.49608402226272924,1,0.741796875,0 0 0,4.905 5.222 5.417,0,23,286,-1,5.2278008460998535,7.878748416900635,0.6635318923099186,0.3358786610878661,1
9324,334,13834,Program,0,1.0,0.25,23,24,1,measured,262,0,1,239,0,21,8080,-1,-1,23,1,24,0,6.358017444610596,10.375609397888184,0.6127849652768044,1,0.699375,0 0 0,6.608 6.244 5.019,0,1.0,0.25,286,286,1,measured,525,0,1,240,0,284,8080,-1,-1,-1,0,-1,0,6.844404220581055,10.850334167480469,0.6308012375410902,1,0.703046875,0 0 0,7.029 6.884 6.016,0,23,286,-1,5.141058444976807,7.211880683898926,0.712859609069048,0.36579497907949793,1
9325,335,13835,Program,0,1.0,0.25,23,23,1,measured,262,0,1,240,0,21,8080,-1,-1,-1,0,-1,0,5.381240367889404,10.191499710083008,0.5280126106038593,1,0.71703125,0 0 0,5.447 5.346 4.897,0,1.0,0.25,286,286,1,measured,525,0,1,240,0,284,8080,-1,-1,-1,0,-1,0,4.953935623168945,10.073004722595215,0.4918031669395078,1,0.702265625,0 0 0,4.896 5.065 5.029,0,23,286,-1,5.320028781890869,7.634734153747559,0.696819126214041,0.3877092050209205,1
9326,336,13836,Program,0,1.0,0.25,23,24,1,measured,262,0,1,239,0,21,8080,-1,-1,23,1,24,0,4.875546932220459,9.899538040161133,0.4925024695537309,1,0.700546875,0 0 0,4.891 4.930 4.679,0,1.0,0.25,286,286,1,measured,525,0,1,240,0,284,8080,-1,-1,-1,0,-1,0,6.806523323059082,10.074007034301758,0.6756520319951167,1,0.69578125,0 0 0,7.709 6.307 5.060,0,23,286,-1,5.205845832824707,7.631396770477295,0.6821616002150436,0.4042887029288703,1
9327,337,13837,Program,0,1.0,0.25,23,24,1,measured,262,0,1,239,0,21,8080,-1,-1,23,1,24,0,6.674355506896973,9.855345726013184,0.6772320010326996,1,0.70296875,0 0 0,7.506 6.080 4.867,0,1.0,0.25,286,286,1,measured,525,0,1,240,0,284,8080,-1,-1,-1,0,-1,0,4.936122894287109,9.871747016906738,0.5000252625835441,1,0.706171875,0 0 0,4.837 5.084 4.963,0,23,286,-1,5.108894348144531,7.344427585601807,0.6956150480889935,0.401255230125523,1
9328,338,13838,Program,0,1.0,0.25,23,24,1,measured,262,0,1,239,0,21,8080,-1,-1,23,1,24,0,4.757666110992432,9.563424110412598,0.49748563444052574,1,0.71375,0 0 0,4.650 4.906 4.778,0,1.0,0.25,286,286,1,measured,525,0,1,240,0,284,8080,-1,-1,-1,0,-1,0,4.901699066162109,9.914347648620605,0.49440459825353095,1,0.69875,0 0 0,4.841 4.972 4.930,0,23,286,-1,5.052541255950928,7.2391486167907715,0.6979468889797152,0.34367154811715483,1
9329,339,13839,Program,0,1.0,0.25,23,24,1,measured,262,0,1,239,0,21,8080,-1,-1,23,1,24,0,6.252939224243164,9.416313171386719,0.6640538722993968,1,0.714609375,0 0 0,6.721 6.006 4.765,0,1.0,0.25,286,286,1,measured,525,0,1,240,0,284,8080,-1,-1,-1,0,-1,0,6.304833889007568,9.7960205078125,0.64361174866665,1,0.706640625,0 0 0,6.803 6.125 4.957,0,23,286,-1,5.071282863616943,7.023324012756348,0.7220630650680584,0.4108786610878661,1
9330,340,13840,Program,0,1.0,0.25,23,24,1,measured,262,0,1,239,0,21,8080,-1,-1,23,1,24,0,4.91183614730835,9.630926132202148,0.510006626557444,1,0.70796875,0 0 0,4.842 5.011 4.781,0,1.0,0.25,286,286,1,measured,525,0,1,240,0,284,8080,-1,-1,-1,0,-1,0,4.819843769073486,9.851916313171387,0.4892290612162084,1,0.706953125,0 0 0,4.694 4.957 4.757,0,23,286,-1,5.054393768310547,7.303662300109863,0.6920355241827812,0.350418410041841,1
9331,341,13841,Program,0,1.0,0.25,23,24,1,measured,262,0,1,239,0,21,8080,-1,-1,23,1,24,0,4.860342025756836,9.707154273986816,0.5006968972133837,1,0.7059375,0 0 0,4.750 4.990 4.698,0,1.0,0.25,286,286,1,measured,525,0,1,240,0,284,8080,-1,-1,-1,0,-1,0,7.04684591293335,10.368995666503906,0.6796073737109893,1,0.683046875,0 0 0,7.961 6.664 4.974,0,23,286,-1,5.155368328094482,7.3036041259765625,0.7058663420376936,0.33002092050209203,1
9332,342,13842,Program,0,1.0,0.25,23,25,1,measured,262,0,1,238,0,21 23,8080 8080,23,25,24,1,25,1,6.92293643951416,10.10775375366211,0.6849134444936327,1,0.696619496855346,1 1 1,7.793 6.344 4.705,0,1.0,0.25,286,286,1,measured,525,0,1,240,0,284,8080,-1,-1,-1,0,-1,0,4.823398590087891,9.90807819366455,0.48681474810847586,1,0.7071875,0 0 0,4.760 4.904 4.842,0,23,286,-2,3.57507586479187,3.867443084716797,0.9244029676660811,0.3449267782426778,1
9333,343,13843,Program,0,1.0,0.25,23,24,1,measured,262,0,1,239,0,21,8080,-1,-1,23,1,24,-1,4.798702716827393,9.652373313903809,0.4971526235848211,1,0.7070754716981132,-1 -1 -1,4.781 4.877 4.708,0,1.0,0.25,286,286,1,measured,525,0,1,240,0,284,8080,-1,-1,-1,0,-1,0,4.833974838256836,9.91703987121582,0.48744130315412304,1,0.70625,0 0 0,4.767 4.936 4.816,0,23,286,-1,3.650808095932007,3.7315094470977783,0.9783730009772486,0.3429916317991632,1
9334,344,13844,Program,0,1.0,0.25,23,25,1,measured,262,0,1,238,0,21 23,8080 8080,23,25,24,1,25,1,6.758402347564697,9.933148384094238,0.6803887434508478,1,0.6937106918238993,1 1 1,7.572 6.234 4.688,0,1.0,0.25,286,286,1,measured,525,0,1,240,0,284,8080,-1,-1,-1,0,-1,0,7.017929553985596,10.329540252685547,0.6794038633191855,1,0.685703125,0 0 0,7.821 6.678 4.967,0,23,286,-2,3.6625940799713135,3.747593879699707,0.9773188337752317,0.3895397489539749,1
9335,345,13845,Program,0,1.0,0.25,23,25,1,measured,262,0,1,238,0,21 23,8080 8080,23,25,24,1,25,0,4.870254039764404,9.646265983581543,0.5048849003390364,1,0.712265625,0 0 0,4.802 4.962 4.713,0,1.0,0.25,286,286,1,measured,525,0,1,240,0,284,8080,-1,-1,-1,0,-1,0,4.90426778793335,9.89304256439209,0.4957289687184024,1,0.699140625,0 0 0,4.816 5.005 4.983,0,23,286,-2,5.251819133758545,7.574329376220703,0.6933708415488791,0.34680962343096233,1
9336,346,13846,Program,0,1.0,0.25,23,25,1,measured,262,0,1,238,0,21 23,8080 0701,23,25,24,1,25,0,5.045302867889404,9.87162971496582,0.5110911788192891,1,0.693984375,0 0 0,4.889 5.185 5.012,0,1.0,0.25,286,286,1,measured,525,0,1,240,0,284,8080,-1,-1,-1,0,-1,0,6.530371189117432,9.875943183898926,0.6612402549828466,1,0.702734375,0 0 0,7.268 6.109 4.980,0,23,286,-2,5.3652496337890625,7.442734241485596,0.7208707794352388,0.3875523012552301,1
9337,347,13847,Program,0,1.0,0.25,23,25,1,measured,262,0,1,238,0,21 23,8080 e573,23,25,24,1,25,0,6.375048637390137,9.262834548950195,0.688239502033711,1,0.723359375,0 0 0,7.040 5.929 4.764,0,1.0,0.25,286,286,1,measured,525,0,1,240,0,284,8080,-1,-1,-1,0,-1,0,4.921367168426514,9.93799114227295,0.4952074416219426,1,0.6971875,0 0 0,4.860 4.997 5.016,0,23,286,-2,5.207149982452393,6.926548004150391,0.7517669666524026,0.33702928870292886,1
9338,348,13848,Program,0,1.0,0.25,23,25,1,measured,262,0,1,238,0,21 23,8080 5ec7,23,25,24,1,25,0,4.826298713684082,9.630188941955566,0.501163449935804,1,0.71296875,0 0 0,4.774 4.909 4.657,0,1.0,0.25,286,286,1,measured,525,0,1,240,0,284,8080,-1,-1,-1,0,-1,0,5.055322170257568,10.019988059997559,0.5045237718834966,1,0.69390625,0 0 0,5.159 5.016 4.981,0,23,286,-2,5.154698848724365,7.468209266662598,0.6902188549716287,0.3550732217573222,1
9339,349,13849,Program,0,1.0,0.25,23,25,1,measured,262,0,1,238,0,21 23,8080 45c8,23,25,24,1,25,0,7.980449199676514,9.923142433166504,0.8042260053632959,1,0.670546875,0 0 0,7.526 8.207 7.111,0,1.0,0.25,286,286,1,measured,525,0,1,240,0,284,8080,-1,-1,-1,0,-1,0,8.097304344177246,10.09421157836914,0.8021730356364769,1,0.698828125,0 0 0,7.360 8.310 7.397,0,23,286,-2,4.951228618621826,6.417553424835205,0.7715134243310126,0.3804916317991632,1
9340,350,13850,Program,0,1.0,0.25,23,24,1,measured,262,0,1,239,0,21,8080,-1,-1,23,1,24,-1,4.9358296394348145,9.98542308807373,0.49430350581038585,1,0.7107704402515723,-1 -1 -1,4.926 4.960 4.837,0,1.0,0.25,286,286,1,measured,525,0,1,240,0,284,8080,-1,-1,-1,0,-1,0,4.873115062713623,10.043514251708984,0.4852001939345507,1,0.696015625,0 0 0,4.757 5.000 4.957,0,23,286,-1,3.6393139362335205,3.6696550846099854,0.9917318800604146,0.3452928870292887,1
9341,351,13851,Program,0,1.0,0.25,23,24,1,measured,262,0,1,239,0,21,8080,-1,-1,23,1,24,0,4.829502105712891,9.989249229431152,0.4834699780523858,1,0.701796875,0 0 0,4.748 4.923 4.856,0,1.0,0.25,286,286,1,measured,525,0,1,240,0,284,8080,-1,-1,-1,0,-1,0,7.854677677154541,11.096875190734863,0.7078278832686757,1,0.706171875,0 0 0,7.274 8.169 7.010,0,23,286,-1,5.424664497375488,7.14100980758667,0.7596494954554296,0.372071129707113,1
9342,352,13852,Program,0,1.0,0.25,23,24,1,measured,262,0,1,239,0,21,8080,-1,-1,23,1,24,0,7.418066501617432,10.76784610748291,0.6889090378494903,1,0.67984375,0 0 0,7.068 7.626 6.210,0,1.0,0.25,286,286,1,measured,525,0,1,240,0,284,8080,-1,-1,-1,0,-1,0,4.90109395980835,9.89651107788086,0.49523452469653795,1,0.69828125,0 0 0,4.877 4.922 5.083,0,23,286,-1,4.86417818069458,6.302720069885254,0.7717585624555806,0.35251046025104604,1
9343,353,13853,Program,0,1.0,0.25,23,24,1,measured,262,0,1,239,0,21,8080,-1,-1,23,1,24,0,4.846240043640137,9.50278091430664,0.5099812452104434,1,0.70609375,0 0 0,4.872 4.838 4.781,0,1.0,0.25,286,286,1,measured,525,0,1,240,0,284,8080,-1,-1,-1,0,-1,0,4.785136699676514,9.888964653015137,0.48388652074082694,1,0.709140625,0 0 0,4.711 4.909 4.954,0,23,286,-1,5.082698822021484,6.99686336517334,0.7264253361471159,0.3605648535564854,1
9344,354,13854,Program,0,1.0,0.25,23,24,1,measured,262,0,1,239,0,21,8080,-1,-1,23,1,24,0,5.983788967132568,9.96083927154541,0.6007314046544385,1,0.7265625,0 0 0,4.941 6.623 6.313,0,1.0,0.25,286,286,1,measured,525,0,1,240,0,284,8080,-1,-1,-1,0,-1,0,6.257021427154541,10.269349098205566,0.6092909460296635,1,0.70859375,0 0 0,5.032 6.734 6.886,0,23,286,-1,4.63803768157959,6.15583610534668,0.7534374863475005,0.4099372384937239,1
9345,355,13855,Program,0,1.0,0.25,23,24,1,measured,262,0,1,239,0,21,8080,-1,-1,23,1,24,0,4.767519474029541,9.703753471374512,0.49130673899470306,1,0.71109375,0 0 0,4.694 4.819 4.718,0,1.0,0.25,286,286,1,measured,525,0,1,240,0,284,8080,-1,-1,-1,0,-1,0,4.849062442779541,9.969025611877441,0.4864128784063109,1,0.701953125,0 0 0,4.763 4.927 5.087,0,23,286,-1,5.132452487945557,7.321156978607178,0.701043906440316,0.35747907949790797,1
9346,356,13856,Program,0,1.0,0.25,23,24,1,measured,262,0,1,239,0,21,8080,-1,-1,23,1,24,0,4.89578104019165,9.859030723571777,0.49657833284629255,1,0.698828125,0 0 0,4.855 4.951 4.667,0,1.0,0.25,286,286,1,measured,525,0,1,240,0,284,8080,-1,-1,-1,0,-1,0,6.361318588256836,9.878154754638672,0.6439784298043753,1,0.67875,0 0 0,4.706 7.445 7.495,0,23,286,-1,4.969144821166992,7.042735576629639,0.7055702669934711,0.3355125523012552,1
9347,357,13857,Program,0,1.0,0.25,23,24,1,measured,262,0,1,239,0,21,8080,-1,-1,23,1,24,0,6.147578239440918,9.781937599182129,0.6284622220402345,1,0.69296875,0 0 0,4.603 7.391 7.150,0,1.0,0.25,286,286,1,measured,525,0,1,240,0,284,8080,-1,-1,-1,0,-1,0,4.826298713684082,9.913119316101074,0.48685974210409405,1,0.704765625,0 0 0,4.698 4.993 4.875,0,23,286,-1,5.14907693862915,7.276566505432129,0.7076245279673102,0.3456589958158996,1
9348,358,13858,Program,0,1.0,0.25,23,24,1,measured,262,0,1,239,0,21,8080,-1,-1,23,1,24,0,4.904931545257568,9.648791313171387,0.5083467333946726,1,0.711171875,0 0 0,4.757 5.019 5.040,0,1.0,0.25,286,286,1,measured,525,0,1,240,0,284,8080,-1,-1,-1,0,-1,0,4.903564453125,9.958175659179688,0.4924159425330859,1,0.6940625,0 0 0,4.883 4.956 4.954,0,23,286,-1,5.153843402862549,7.600648403167725,0.6780794386850706,0.3415794979079498,1
9349,359,13859,Program,0,1.0,0.25,23,24,1,measured,262,0,1,239,0,21,8080,-1,-1,23,1,24,0,4.796269416809082,9.513344764709473,0.5041622621100871,1,0.7175,0 0 0,4.701 4.926 4.662,0,1.0,0.25,286,286,1,measured,525,0,1,240,0,284,8080,-1,-1,-1,0,-1,0,4.877245903015137,9.926238059997559,0.4913488749247604,1,0.70375,0 0 0,4.864 4.966 4.930,0,23,286,-1,4.97703742980957,7.4216227531433105,0.670613098422663,0.3571652719665272,1
9350,360,13860,Program,0,1.0,0.25,23,24,1,measured,262,0,1,239,0,21,8080,-1,-1,23,1,24,0,4.821845531463623,9.671786308288574,0.49854756688858753,1,0.7053125,0 0 0,4.699 4.959 4.633,0,1.0,0.25,286,286,1,measured,525,0,1,240,0,284,8080,-1,-1,-1,0,-1,0,4.902285099029541,9.969889640808105,0.49170906355510957,1,0.7034375,0 0 0,4.785 5.081 5.051,0,23,286,-1,5.233132362365723,7.61662483215332,0.6870671035645912,0.3563807531380753,1
9351,361,13861,Program,0,1.0,0.25,23,24,1,measured,262,0,1,239,0,21,8080,-1,-1,23,1,24,0,4.919579982757568,9.778999328613281,0.5030760119149321,1,0.692890625,0 0 0,4.942 4.915 4.876,0,1.0,0.25,286,286,1,measured,525,0,1,240,0,284,8080,-1,-1,-1,0,-1,0,4.827470779418945,9.962008476257324,0.48458810198007396,1,0.710546875,0 0 0,4.717 4.941 5.027,0,23,286,-1,5.312337398529053,7.663741111755371,0.6931780864022777,0.34131799163179916,1
9352,362,13862,Program,0,1.0,0.25,23,24,1,measured,262,0,1,239,0,21,8080,-1,-1,23,1,24,0,4.661211013793945,9.543366432189941,0.4884241894004614,1,0.706796875,0 0 0,4.641 4.687 4.773,0,1.0,0.25,286,286,1,measured,525,0,1,240,0,284,8080,-1,-1,-1,0,-1,0,4.813173770904541,9.88502311706543,0.48691578298841953,1,0.7096875,0 0 0,4.750 4.836 5.121,0,23,286,-1,5.184767723083496,7.583317756652832,0.6837070381937916,0.35292887029288705,1
9353,363,13863,Program,0,1.0,0.25,23,24,1,measured,262,0,1,239,0,21,8080,-1,-1,23,1,24,0,4.742363452911377,9.581721305847168,0.4949385712165713,1,0.71640625,0 0 0,4.678 4.826 4.671,0,1.0,0.25,286,286,1,measured,525,0,1,240,0,284,8080,-1,-1,-1,0,-1,0,4.846689224243164,9.889799118041992,0.49006953188779473,1,0.705078125,0 0 0,4.859 4.875 5.077,0,23,286,-1,5.275185585021973,7.4981842041015625,0.7035284065355992,0.36302301255230124,1
9354,364,13864,Program,0,1.0,0.25,23,24,1,measured,262,0,1,239,0,21,8080,-1,-1,23,1,24,0,4.835029125213623,9.521206855773926,0.5078168344049291,1,0.71484375,0 0 0,4.833 4.858 4.676,0,1.0,0.25,286,286,1,measured,525,0,1,240,0,284,8080,-1,-1,-1,0,-1,0,5.046640396118164,9.821540832519531,0.5138338761886044,1,0.68984375,0 0 0,5.060 5.081 4.906,0,23,286,-1,5.038640022277832,7.33771276473999,0.6866771954457085,0.3596234309623431,1
9355,365,13865,Program,0,1.0,0.25,23,24,1,measured,262,0,1,239,0,21,8080,-1,-1,23,1,24,0,4.722460746765137,9.63870906829834,0.48994743106183003,1,0.715625,0 0 0,4.703 4.737 4.665,0,1.0,0.25,286,286,1,measured,525,0,1,240,0,284,8080,-1,-1,-1,0,-1,0,4.880488395690918,9.820931434631348,0.49694760911179486,1,0.70265625,0 0 0,4.849 4.925 5.018,0,23,286,-1,5.243513107299805,7.589375972747803,0.6909017455622696,0.3673640167364017,1
9356,366,13866,Program,0,1.0,0.25,23,24,1,measured,262,0,1,239,0,21,8080,-1,-1,23,1,24,0,4.652812480926514,9.578645706176758,0.4857484683796336,1,0.719609375,0 0 0,4.629 4.726 4.634,0,1.0,0.25,286,286,1,measured,525,0,1,240,0,284,8080,-1,-1,-1,0,-1,0,5.057470798492432,9.852742195129395,0.5133059100026531,1,0.70328125,0 0 0,5.081 5.095 4.992,0,23,286,-1,5.142765998840332,7.218613147735596,0.7124313068991049,0.3595188284518828,1
9357,367,13867,Program,0,1.0,0.25,23,24,1,measured,262,0,1,239,0,21,8080,-1,-1,23,1,24,0,4.848584175109863,9.498408317565918,0.5104628073466915,1,0.721328125,0 0 0,4.794 5.002 4.512,0,1.0,0.25,286,286,1,measured,525,0,1,240,0,284,8080,-1,-1,-1,0,-1,0,4.842958927154541,9.869595527648926,0.49069477199824024,1,0.7015625,0 0 0,4.780 4.927 5.163,0,23,286,-1,5.220639228820801,7.4035749435424805,0.7051511288305832,0.3590481171548117,1
9358,368,13868,Program,0,1.0,0.25,23,24,1,measured,262,0,1,239,0,21,8080,-1,-1,23,1,24,0,4.639492034912109,9.42767333984375,0.49211421181771686,1,0.6753125,0 0 0,4.615 4.700 4.655,0,1.0,0.25,286,286,1,measured,525,0,1,240,0,284,8080,-1,-1,-1,0,-1,0,4.822422027587891,9.889081954956055,0.48765113380125896,1,0.703671875,0 0 0,4.757 4.866 5.016,0,23,286,-1,5.210399627685547,7.57070255279541,0.6882319826132459,0.35857740585774056,1
9359,369,13869,Program,0,1.0,0.25,23,24,1,measured,262,0,1,239,0,21,8080,-1,-1,23,1,24,0,4.76559591293335,9.494251251220703,0.5019454180044607,1,0.719296875,0 0 0,4.890 4.695 4.777,0,1.0,0.25,286,286,1,measured,525,0,1,240,0,284,8080,-1,-1,-1,0,-1,0,4.90744161605835,9.82918643951416,0.49927241143071815,1,0.709375,0 0 0,4.984 4.860 4.929,0,23,286,-1,5.1487555503845215,7.259391784667969,0.7092543980418349,0.3698744769874477,1
9360,370,13870,Program,0,1.0,0.25,23,24,1,measured,262,0,1,239,0,21,8080,-1,-1,23,1,24,0,4.648202896118164,9.525117874145508,0.487994265009046,1,0.71140625,0 0 0,4.598 4.754 4.625,0,1.0,0.25,286,286,1,measured,525,0,1,240,0,284,8080,-1,-1,-1,0,-1,0,4.763828277587891,9.821157455444336,0.4850577235117103,1,0.71390625,0 0 0,4.750 4.837 4.903,0,23,286,-1,5.087301731109619,7.429175853729248,0.6847733626544766,0.3594142259414226,1
9361,371,13871,Program,0,1.0,0.25,23,24,1,measured,262,0,1,239,0,21,8080,-1,-1,23,1,24,0,4.73874044418335,9.545548439025879,0.49643459194126066,1,0.7059375,0 0 0,4.692 4.822 4.688,0,1.0,0.25,286,286,1,measured,525,0,1,240,0,284,8080,-1,-1,-1,0,-1,0,4.917040824890137,9.678507804870605,0.5080370780313561,1,0.706015625,0 0 0,5.013 4.865 4.992,0,23,286,-1,4.943589687347412,7.123766899108887,0.6939572500562597,0.3531903765690377,1
9362,372,13872,Program,0,1.0,0.25,23,24,1,measured,262,0,1,239,0,21,8080,-1,-1,23,1,24,0,4.890478610992432,9.427123069763184,0.5187668151568201,1,0.7109375,0 0 0,5.032 4.806 4.675,0,1.0,0.25,286,286,1,measured,525,0,1,240,0,284,8080,-1,-1,-1,0,-1,0,4.712080001831055,9.793582916259766,0.4811395423025253,1,0.717109375,0 0 0,4.699 4.790 4.865,0,23,286,-1,4.622631072998047,6.466658592224121,0.7148407492173101,0.3684623430962343,1
9363,373,13873,Program,0,1.0,0.25,23,24,1,measured,262,0,1,239,0,21,8080,-1,-1,23,1,24,0,4.700400352478027,9.548477172851562,0.492267014665156,1,0.716875,0 0 0,4.646 4.784 4.525,0,1.0,0.25,286,286,1,measured,525,0,1,240,0,284,8080,-1,-1,-1,0,-1,0,4.732666015625,9.794182777404785,0.48321193540958596,1,0.717734375,0 0 0,4.679 4.830 4.992,0,23,286,-1,4.75045919418335,7.101916790008545,0.6688981770198457,0.362918410041841,1
9364,374,13874,Program,0,1.0,0.25,23,24,1,measured,262,0,1,239,0,21,8080,-1,-1,23,1,24,0,4.811259746551514,9.566136360168457,0.5029470169989076,1,0.709140625,0 0 0,4.963 4.708 4.677,0,1.0,0.25,286,286,1,measured,525,0,1,240,0,284,8080,-1,-1,-1,0,-1,0,4.799697399139404,9.799459457397461,0.4897920563890069,1,0.708671875,0 0 0,4.809 4.867 4.897,0,23,286,-1,4.873829364776611,6.9036054611206055,0.7059831840369225,0.3630753138075314,1
9365,375,13875,Program,0,1.0,0.25,23,24,1,measured,262,0,1,239,0,21,8080,-1,-1,23,1,24,0,4.694248199462891,9.521924018859863,0.49299366285270685,1,0.707578125,0 0 0,4.646 4.731 4.757,0,1.0,0.25,286,286,1,measured,525,0,1,240,0,284,8080,-1,-1,-1,0,-1,0,4.787373065948486,9.723870277404785,0.49233205805643404,1,0.708359375,0 0 0,4.743 4.813 5.002,0,23,286,-1,4.918308258056641,7.037196636199951,0.6989016382967665,0.3558054393305439,1
9366,376,13876,Program,0,1.0,0.25,23,24,1,measured,262,0,1,239,0,21,8080,-1,-1,23,1,24,0,4.812099456787109,9.552555084228516,0.503749982528967,1,0.71140625,0 0 0,4.768 4.843 4.974,0,1.0,0.25,286,286,1,measured,525,0,1,240,0,284,8080,-1,-1,-1,0,-1,0,4.800624847412109,9.812155723571777,0.48925281891720807,1,0.708515625,0 0 0,4.781 4.873 4.848,0,23,286,-1,5.16455602645874,7.419330596923828,0.6960946084003922,0.3561715481171548,1
9367,377,13877,Program,0,1.0,0.25,23,23,1,measured,262,0,1,240,0,21,8080,-1,-1,-1,0,-1,-1,4.824459552764893,9.698456764221191,0.49744610612308154,1,0.7066037735849057,-1 -1 -1,4.754 4.890 4.878,0,1.0,0.25,286,286,1,measured,525,0,1,240,0,284,8080,-1,-1,-1,0,-1,0,5.005673885345459,9.919614791870117,0.504623817595013,1,0.696015625,0 0 0,4.973 5.070 5.314,0,23,286,-1,3.563941478729248,3.592024564743042,0.9921818223935774,0.3356171548117155,1
9368,378,13878,Program,0,1.0,0.25,23,23,1,measured,262,0,1,240,0,21,8080,-1,-1,-1,0,-1,0,4.868085861206055,9.689504623413086,0.5024081261536457,1,0.697890625,0 0 0,4.874 4.922 4.728,0,1.0,0.25,286,286,1,measured,525,0,1,240,0,284,8080,-1,-1,-1,0,-1,0,4.837597846984863,9.873496055603027,0.4899579459739203,1,0.706015625,0 0 0,4.835 4.923 5.033,0,23,286,0,4.471415996551514,6.9213480949401855,0.6460325264987493,0.3463912133891213,1
9369,379,13879,Program,0,1.0,0.25,23,23,1,measured,262,0,1,240,0,21,8080,-1,-1,-1,0,-1,0,10.174433708190918,12.572484016418457,0.8092620117793814,1,0.656328125,0 0 0,9.355 10.702 9.019,0,1.0,0.25,286,286,1,measured,525,0,1,240,0,284,8080,-1,-1,-1,0,-1,0,10.378437042236328,12.81028938293457,0.8101641369680631,1,0.678125,0 0 0,9.491 10.732 9.406,0,23,286,0,4.412093639373779,6.0924506187438965,0.7241902996800058,0.39743723849372387,1
9370,380,13880,Program,0,1.0,0.25,23,23,1,measured,262,0,1,240,0,21,8080,-1,-1,-1,0,-1,0,4.834355354309082,9.461910247802734,0.5109280502245016,1,0.705234375,0 0 0,4.787 4.885 5.025,0,1.0,0.25,286,286,1,measured,525,0,1,240,0,284,8080,-1,-1,-1,0,-1,0,4.833632946014404,9.589101791381836,0.5040756737360543,1,0.7084375,0 0 0,4.794 4.923 5.059,0,23,286,0,4.286342620849609,6.497353553771973,0.6597059226307943,0.3344142259414226,1
9371,381,13881,Program,0,1.0,0.25,23,23,1,measured,262,0,1,240,0,21,8080,-1,-1,-1,0,-1,0,4.740380764007568,9.471786499023438,0.5004737769898332,1,0.71765625,0 0 0,4.753 4.765 4.847,0,1.0,0.25,286,286,1,measured,525,0,1,240,0,284,8080,-1,-1,-1,0,-1,0,10.073290824890137,12.616411209106445,0.7984275922791181,1,0.673359375,0 0 0,8.556 11.131 8.289,0,23,286,0,4.483007431030273,6.199981689453125,0.7230678501287157,0.39435146443514646,1
9372,382,13882,Program,0,1.0,0.25,23,23,1,measured,262,0,1,240,0,21,8501,-1,-1,-1,0,-1,0,10.154746055603027,12.44262981414795,0.8161253856525191,1,0.6721875,0 0 0,8.665 11.317 8.088,0,1.0,0.25,286,286,1,measured,525,0,1,240,0,284,8080,-1,-1,-1,0,-1,0,4.668046951293945,9.841175079345703,0.47433837053575756,1,0.709296875,0 0 0,4.630 4.746 4.758,0,23,286,0,4.230074405670166,5.878358364105225,0.7196013144588281,0.3684623430962343,1
9373,383,13883,Program,0,1.0,0.25,23,23,1,measured,262,0,1,240,0,21,d0c2,-1,-1,-1,0,-1,0,4.734365463256836,9.817374229431152,0.48224355643526884,1,0.71921875,0 0 0,4.679 4.758 4.779,0,1.0,0.25,286,286,1,measured,525,0,1,240,0,284,8080,-1,-1,-1,0,-1,0,4.728183746337891,9.80034351348877,0.48245081816063107,1,0.7153125,0 0 0,4.659 4.846 4.818,0,23,286,0,4.499586582183838,6.867349147796631,0.655214477281604,0.3557008368200837,1
9374,384,13884,Program,0,1.0,0.25,23,23,1,measured,262,0,1,240,0,21,d320,-1,-1,-1,0,-1,0,12.415996551513672,15.128351211547852,0.8207104910438772,1,0.656640625,0 0 0,10.500 13.773 10.776,0,1.0,0.25,286,286,1,measured,525,0,1,240,0,284,8080,-1,-1,-1,0,-1,0,12.474687576293945,15.31054401397705,0.8147775523133441,1,0.653515625,0 0 0,10.463 13.913 10.935,0,23,286,0,4.53285026550293,6.190577507019043,0.7322176744194645,0.42588912133891216,1
9375,385,13885,Program,0,1.0,0.25,23,23,1,measured,262,0,1,240,0,21,8fe6,-1,-1,-1,0,-1,0,4.718955039978027,9.577446937561035,0.49271534165030234,1,0.72015625,0 0 0,4.707 4.728 4.871,0,1.0,0.25,286,286,1,measured,525,0,1,240,0,284,8080,-1,-1,-1,0,-1,0,4.737832069396973,9.70533561706543,0.48816777248446513,1,0.715625,0 0 0,4.714 4.753 5.057,0,23,286,0,4.515333652496338,6.758442401885986,0.6681027053269412,0.35601464435146446,1
9376,386,13886,Program,0,1.0,0.25,23,23,1,measured,262,0,1,240,0,21,8080,-1,-1,-1,0,-1,0,4.97265625,9.90201473236084,0.5021863110088929,1,0.691171875,0 0 0,4.998 4.969 4.924,0,1.0,0.25,286,286,1,measured,525,0,1,240,0,284,8080,-1,-1,-1,0,-1,0,12.464014053344727,15.299155235290527,0.8146864229858922,1,0.653984375,0 0 0,11.060 13.493 11.625,0,23,286,0,4.500270843505859,6.416468143463135,0.7013626099103402,0.36223849372384936,1
9377,387,13887,Program,0,1.0,0.25,23,23,1,measured,262,0,1,240,0,21,8080,-1,-1,-1,0,-1,0,12.502236366271973,15.192305564880371,0.8229321292202708,1,0.659609375,0 0 0,11.058 13.637 11.497,0,1.0,0.25,286,286,1,measured,525,0,1,240,0,284,8080,-1,-1,-1,0,-1,0,4.791611194610596,9.860416412353516,0.4859441015703432,1,0.70984375,0 0 0,4.804 4.837 5.088,0,23,286,0,4.476205348968506,6.225147724151611,0.7190520686926416,0.3569037656903766,1
9378,388,13888,Program,0,1.0,0.25,23,23,1,measured,262,0,1,240,0,21,8080,-1,-1,-1,0,-1,0,4.774580001831055,9.760465621948242,0.4891754335053969,1,0.711796875,0 0 0,4.777 4.785 4.982,0,1.0,0.25,286,286,1,measured,525,0,1,240,0,284,8080,-1,-1,-1,0,-1,0,4.775634765625,9.829599380493164,0.48584225874985765,1,0.708125,0 0 0,4.781 4.825 4.965,0,23,286,0,4.583065986633301,7.145364284515381,0.6414041053953259,0.35444560669456066,1
9379,389,13889,Program,0,1.0,0.25,23,23,1,measured,262,0,1,240,0,21,8080,-1,-1,-1,0,-1,0,9.065869331359863,11.696540832519531,0.7750897860463417,1,0.693671875,0 0 0,8.429 9.408 12.253,0,1.0,0.25,286,286,1,measured,525,0,1,240,0,284,8080,-1,-1,-1,0,-1,0,9.112021446228027,11.817748069763184,0.7710454980456038,1,0.69625,0 0 0,8.468 9.410 11.933,0,23,286,0,4.137247085571289,5.643212795257568,0.7331368204027572,0.4342573221757322,1
9380,390,13890,Program,0,1.0,0.25,23,23,1,measured,262,0,1,240,0,21,8080,-1,-1,-1,0,-1,0,4.682763576507568,9.39883041381836,0.49822832951883783,1,0.716640625,0 0 0,4.670 4.698 4.890,0,1.0,0.25,286,286,1,measured,525,0,1,240,0,284,8080,-1,-1,-1,0,-1,0,4.783379077911377,9.607596397399902,0.497874689990714,1,0.70921875,0 0 0,4.747 4.867 5.118,0,23,286,0,4.50706148147583,6.852929592132568,0.6576839030493051,0.36338912133891216,1
9381,391,13891,Program,0,1.0,0.25,23,23,1,measured,262,0,1,240,0,21,8080,-1,-1,-1,0,-1,0,4.67892599105835,9.496442794799805,0.4927030143982441,1,0.72078125,0 0 0,4.749 4.647 4.849,0,1.0,0.25,286,286,1,measured,525,0,1,240,0,284,8080,-1,-1,-1,0,-1,0,8.495234489440918,11.367452621459961,0.7473296588369546,1,0.67171875,0 0 0,7.386 9.667 12.694,0,23,286,0,4.46816873550415,6.4086384773254395,0.6972102969005175,0.3907426778242678,1
9382,392,13892,Program,0,1.0,0.25,23,23,1,measured,262,0,1,240,0,21,8080,-1,-1,-1,0,-1,0,8.510234832763672,11.258981704711914,0.7558618582000285,1,0.676875,0 0 0,7.593 9.428 12.970,0,1.0,0.25,286,286,1,measured,525,0,1,240,0,284,8080,-1,-1,-1,0,-1,0,4.835390567779541,9.720322608947754,0.4974516548790743,1,0.70828125,0 0 0,4.845 4.829 5.267,0,23,286,0,4.544686317443848,6.419432640075684,0.7079576299425532,0.36589958158995817,1
9383,393,13893,Program,0,1.0,0.25,23,23,1,measured,262,0,1,240,0,21,57ce,-1,-1,-1,0,-1,0,4.743340015411377,9.454156875610352,0.5017200452478372,1,0.711796875,0 0 0,4.694 4.782 5.219,0,1.0,0.25,286,286,1,measured,525,0,1,240,0,284,8080,-1,-1,-1,0,-1,0,4.81374979019165,9.721658706665039,0.4951572499548259,1,0.709765625,0 0 0,4.815 4.839 5.273,0,23,286,0,4.487209796905518,6.724087238311768,0.6673336674364939,0.34911087866108786,1
9384,394,13894,Program,0,1.0,0.25,23,23,1,measured,262,0,1,240,0,21,4554,-1,-1,-1,0,-1,0,8.529033660888672,11.482026100158691,0.742816083719823,1,0.68140625,0 0 0,6.345 10.070 11.776,0,1.0,0.25,286,286,1,measured,525,0,1,240,0,284,8080,-1,-1,-1,0,-1,0,8.607099533081055,11.597907066345215,0.74212523723846,1,0.680234375,0 0 0,6.375 9.667 12.224,0,23,286,0,4.484910011291504,6.3022871017456055,0.711632132729922,0.3834205020920502,1
9385,395,13895,Program,0,1.0,0.25,23,24,1,measured,262,0,1,239,0,21,8f2c,-1,-1,23,1,24,1,4.736802101135254,9.937539100646973,0.47665745544858984,1,0.7175314465408805,1 1 1,4.768 4.754 4.833,0,1.0,0.25,286,286,1,measured,525,0,1,240,0,284,8080,-1,-1,-1,0,-1,0,4.828251838684082,9.98255729675293,0.483668833060902,1,0.70609375,0 0 0,4.760 4.921 5.215,0,23,286,-1,3.5639264583587646,3.648602247238159,0.9767922664238091,0.35292887029288705,1
9386,396,13896,Program,0,1.0,0.25,23,24,1,measured,262,0,1,239,0,21,8080,-1,-1,23,1,24,0,4.67068338394165,9.922415733337402,0.47072038800481375,1,0.72453125,0 0 0,4.617 4.773 5.046,0,1.0,0.25,286,286,1,measured,525,0,1,240,0,284,8080,-1,-1,-1,0,-1,0,8.292158126831055,11.607537269592285,0.7143770409037262,1,0.678515625,0 0 0,6.553 8.848 13.723,0,23,286,-1,5.327023983001709,7.0069098472595215,0.7602529644483961,0.3911610878661088,1
9387,397,13897,Program,0,1.0,0.25,23,24,1,measured,262,0,1,239,0,21,8080,-1,-1,23,1,24,0,8.183886528015137,11.459277153015137,0.714171270904449,1,0.68046875,0 0 0,6.436 9.330 13.398,0,1.0,0.25,286,286,1,measured,525,0,1,240,0,284,8080,-1,-1,-1,0,-1,0,4.814394474029541,9.809168815612793,0.49080554780204166,1,0.71,0 0 0,4.841 4.805 5.199,0,23,286,-1,5.057502269744873,6.888858318328857,0.7341568132252941,0.375418410041841,1
9388,398,13898,Program,0,1.0,0.25,23,24,1,measured,262,0,1,239,0,21,8080,-1,-1,23,1,24,0,4.738867282867432,9.655777931213379,0.49078047534093705,1,0.71609375,0 0 0,4.739 4.762 4.937,0,1.0,0.25,286,286,1,measured,525,0,1,240,0,284,8080,-1,-1,-1,0,-1,0,4.815283298492432,9.853813171386719,0.4886720718914119,1,0.710546875,0 0 0,4.891 4.762 5.318,0,23,286,-1,5.037650108337402,7.38392972946167,0.6822451313746014,0.3531903765690377,1
9389,399,13899,Program,0,1.0,0.25,23,24,1,measured,262,0,1,239,0,21,8080,-1,-1,23,1,24,0,8.716630935668945,11.567865371704102,0.7535211255994129,1,0.69203125,0 0 0,7.284 9.154 16.523,0,1.0,0.25,286,286,1,measured,525,0,1,240,0,284,8080,-1,-1,-1,0,-1,0,8.9362211227417,11.735525131225586,0.7614675119193798,1,0.682109375,0 0 0,7.510 8.996 15.981,0,23,286,-1,4.871886730194092,6.557504177093506,0.7429483228104427,0.4252092050209205,1
9390,400,13900,Program,0,1.0,0.25,23,24,1,measured,262,0,1,239,0,21,8080,-1,-1,23,1,24,0,4.768193244934082,9.48195743560791,0.502870138082241,1,0.708984375,0 0 0,4.669 4.843 4.958,0,1.0,0.25,286,286,1,measured,525,0,1,240,0,284,8080,-1,-1,-1,0,-1,0,4.70950174331665,9.523496627807617,0.49451392984855963,1,0.71578125,0 0 0,4.728 4.744 5.116,0,23,286,-1,5.125829219818115,7.465320587158203,0.6866187674023717,0.3627092050209205,1
9391,401,13901,Program,0,1.0,0.25,23,24,1,measured,262,0,1,239,0,21,8080,-1,-1,23,1,24,0,4.696025371551514,9.490015983581543,0.4948385102486654,1,0.71796875,0 0 0,4.639 4.776 4.785,0,1.0,0.25,286,286,1,measured,525,0,1,240,0,284,8080,-1,-1,-1,0,-1,0,8.484111785888672,11.464642524719238,0.7400241017193375,1,0.66421875,0 0 0,7.164 9.012 12.521,0,23,286,-1,5.049261093139648,7.014781951904297,0.7198029999733534,0.3229602510460251,1
9392,402,13902,Program,0,1.0,0.25,23,24,1,measured,262,0,1,239,0,21,8080,-1,-1,23,1,24,0,8.424267768859863,11.13416862487793,0.7566139918194587,1,0.699765625,0 0 0,7.147 9.269 12.415,0,1.0,0.25,286,286,1,measured,525,0,1,240,0,284,8080,-1,-1,-1,0,-1,0,4.705507755279541,9.71633243560791,0.484288468561969,1,0.72140625,0 0 0,4.729 4.694 5.113,0,23,286,-1,4.930984973907471,6.740250110626221,0.7315729969921464,0.3728033472803347,1
9393,403,13903,Program,0,1.0,0.25,23,24,1,measured,262,0,1,239,0,21,8080,-1,-1,23,1,24,0,4.679081916809082,9.522385597229004,0.4913770681761392,1,0.7225,0 0 0,4.750 4.657 4.952,0,1.0,0.25,286,286,1,measured,525,0,1,240,0,284,8080,-1,-1,-1,0,-1,0,4.801581859588623,9.787961959838867,0.49055992241184276,1,0.7065625,0 0 0,4.860 4.791 5.107,0,23,286,-1,4.973155498504639,7.362564563751221,0.6754651121145239,0.36506276150627615,1
9394,404,13904,Program,0,1.0,0.25,23,24,1,measured,262,0,1,239,0,21,8080,-1,-1,23,1,24,0,7.022480487823486,10.123241424560547,0.693698805877124,1,0.698359375,0 0 0,6.336 7.542 9.573,0,1.0,0.25,286,286,1,measured,525,0,1,240,0,284,8080,-1,-1,-1,0,-1,0,7.081289291381836,10.25851058959961,0.690284347764973,1,0.690703125,0 0 0,6.341 7.473 9.765,0,23,286,-1,4.997622489929199,6.643038272857666,0.7523097541600268,0.39320083682008367,1
9395,405,13905,Program,0,1.0,0.25,23,24,1,measured,262,0,1,239,0,21,8080,-1,-1,23,1,24,0,4.741406440734863,9.46865177154541,0.5007477891396784,1,0.71171875,0 0 0,4.767 4.683 4.896,0,1.0,0.25,286,286,1,measured,525,0,1,240,0,284,8080,-1,-1,-1,0,-1,0,4.657763481140137,9.594535827636719,0.4854600123253086,1,0.715625,0 0 0,4.640 4.729 5.001,0,23,286,-1,5.089097023010254,7.1251678466796875,0.7142424055851206,0.3487970711297071,1
9396,406,13906,Program,0,1.0,0.25,23,24,1,measured,262,0,1,239,0,21,8080,-1,-1,23,1,24,0,4.706503868103027,9.431672096252441,0.4990105487205284,1,0.717109375,0 0 0,4.785 4.674 4.799,0,1.0,0.25,286,286,1,measured,525,0,1,240,0,284,8080,-1,-1,-1,0,-1,0,6.21164083480835,10.001562118530273,0.6210670654436877,1,0.700390625,0 0 0,5.523 6.573 8.839,0,23,286,-1,4.959678649902344,6.5766401290893555,0.7541356304361286,0.41385983263598325,1
9397,407,13907,Program,0,1.0,0.25,23,24,1,measured,262,0,1,239,0,21,8080,-1,-1,23,1,24,0,6.002187728881836,9.801749229431152,0.6123588339578623,1,0.713515625,0 0 0,5.374 6.500 8.657,0,1.0,0.25,286,286,1,measured,525,0,1,240,0,284,8080,-1,-1,-1,0,-1,0,4.841640472412109,9.681859016418457,0.5000734326126496,1,0.702421875,0 0 0,4.751 4.912 5.307,0,23,286,-1,4.982742786407471,6.83483362197876,0.7290218112090505,0.39398535564853554,1
9398,408,13908,Program,0,1.0,0.25,23,24,1,measured,262,0,1,239,0,21,8080,-1,-1,23,1,24,0,4.649121284484863,9.444005966186523,0.4922827559756585,1,0.71546875,0 0 0,4.605 4.703 4.930,0,1.0,0.25,286,286,1,measured,525,0,1,240,0,284,8080,-1,-1,-1,0,-1,0,4.994804859161377,9.758520126342773,0.5118404014639557,1,0.699296875,0 0 0,5.118 4.936 5.091,0,23,286,-1,5.267696857452393,7.608757972717285,0.6923202021066733,0.3581589958158996,1
9399,409,13909,Program,0,1.0,0.25,23,24,1,measured,262,0,1,239,0,21,8080,-1,-1,23,1,24,0,6.669296741485596,10.121885299682617,0.6588986679877432,1,0.698515625,0 0 0,6.224 7.022 7.892,0,1.0,0.25,286,286,1,measured,525,0,1,240,0,284,8080,-1,-1,-1,0,-1,0,6.635820388793945,10.080985069274902,0.6582511870807921,1,0.702890625,0 0 0,6.179 7.015 8.096,0,23,286,-1,4.9668049812316895,6.890855312347412,0.7207820736464886,0.39743723849372387,1
9400,410,13910,Program,0,1.0,0.25,23,24,1,measured,262,0,1,239,0,21,8080,-1,-1,23,1,24,0,4.581611156463623,9.046727180480957,0.5064385235744501,1,0.724375,0 0 0,4.593 4.602 4.711,0,1.0,0.25,286,286,1,measured,525,0,1,240,0,284,8080,-1,-1,-1,0,-1,0,4.757470607757568,9.395440101623535,0.5063595272067645,1,0.710703125,0 0 0,4.793 4.767 5.363,0,23,286,-1,5.098811626434326,7.204120635986328,0.707763221088293,0.37358786610878664,1
9401,411,13911,Program,0,1.0,0.25,23,24,1,measured,262,0,1,239,0,21,8080,-1,-1,23,1,24,0,4.638408184051514,9.183009147644043,0.505107651476262,1,0.71265625,0 0 0,4.728 4.571 4.915,0,1.0,0.25,286,286,1,measured,525,0,1,240,0,284,8080,-1,-1,-1,0,-1,0,4.778213024139404,9.292295455932617,0.5142123436345084,1,0.704296875,0 0 0,4.715 4.910 5.148,0,23,286,-1,5.19003963470459,7.233367919921875,0.717513569358248,0.35910041841004187,1
9402,412,13912,Program,0,1.0,0.25,23,24,1,measured,262,0,1,239,0,21,8080,-1,-1,23,1,24,0,4.734961032867432,9.062952041625977,0.5224523986356587,1,0.726328125,0 0 0,4.732 4.750 4.964,0,1.0,0.25,286,286,1,measured,525,0,1,240,0,284,8080,-1,-1,-1,0,-1,0,4.70559549331665,9.343799591064453,0.5036062093858099,1,0.71625,0 0 0,4.863 4.631 5.138,0,23,286,-1,5.004314422607422,7.465267658233643,0.6703462825057626,0.3507845188284519,1
9403,413,13913,Program,0,1.0,0.25,23,24,1,measured,262,0,1,239,0,21,8080,-1,-1,23,1,24,0,4.712705135345459,8.973320007324219,0.5251908024564873,1,0.7190625,0 0 0,4.770 4.648 4.942,0,1.0,0.25,286,286,1,measured,525,0,1,240,0,284,8080,-1,-1,-1,0,-1,0,4.661952972412109,9.38794231414795,0.496589435300043,1,0.711875,0 0 0,4.806 4.579 4.992,0,23,286,-1,4.863179683685303,6.875518798828125,0.7073182149562577,0.3655857740585774,1
9404,414,13914,Program,0,1.0,0.25,23,24,1,measured,262,0,1,239,0,21,8080,-1,-1,23,1,24,0,4.583681583404541,9.146471977233887,0.5011420354004907,1,0.681484375,0 0 0,4.643 4.533 4.697,0,1.0,0.25,286,286,1,measured,525,0,1,240,0,284,8080,-1,-1,-1,0,-1,0,4.645849704742432,9.291007995605469,0.5000372087657078,1,0.7146875,0 0 0,4.693 4.636 5.092,0,23,286,-1,4.86737060546875,7.009678363800049,0.6943785938318113,0.35946652719665273,1
9405,415,13915,Program,0,1.0,0.25,23,24,1,measured,262,0,1,239,0,21,8080,-1,-1,23,1,24,0,4.654541015625,9.200501441955566,0.505900797363027,1,0.72515625,0 0 0,4.743 4.587 4.827,0,1.0,0.25,286,286,1,measured,525,0,1,240,0,284,8080,-1,-1,-1,0,-1,0,4.78488302230835,9.427063941955566,0.5075687458756926,1,0.7121875,0 0 0,4.890 4.738 5.080,0,23,286,-1,4.851171493530273,6.8923420906066895,0.7038494940844202,0.3638075313807531,1
9406,416,13916,Program,0,1.0,0.25,23,24,1,measured,262,0,1,239,0,21,8080,-1,-1,23,1,24,0,4.718447208404541,9.292914390563965,0.5077467638349985,1,0.71796875,0 0 0,4.794 4.687 4.707,0,1.0,0.25,286,286,1,measured,525,0,1,240,0,284,8080,-1,-1,-1,0,-1,0,6.674130916595459,9.845489501953125,0.6778871599295759,1,0.6890625,0 0 0,6.008 7.232 8.338,0,23,286,-1,5.133192539215088,7.168126106262207,0.7161135927464553,0.41056485355648537,1
9407,417,13917,Program,0,1.0,0.25,23,24,1,measured,262,0,1,239,0,21,8080,-1,-1,23,1,24,0,6.532675743103027,9.723359107971191,0.6718537977012031,1,0.657109375,0 0 0,5.812 7.199 8.180,0,1.0,0.25,286,286,1,measured,525,0,1,240,0,284,8080,-1,-1,-1,0,-1,0,4.766171932220459,9.492197036743164,0.5021147278939928,1,0.7103125,0 0 0,4.871 4.667 5.007,0,23,286,-1,4.729194164276123,6.328207015991211,0.7473197625054894,0.31814853556485356,1
9408,418,13918,Program,0,1.0,0.25,23,24,1,measured,262,0,1,239,0,21,8080,-1,-1,23,1,24,0,4.686152458190918,9.343690872192383,0.501531196000641,1,0.719375,0 0 0,4.671 4.747 4.759,0,1.0,0.25,286,286,1,measured,525,0,1,240,0,284,8080,-1,-1,-1,0,-1,0,4.772626876831055,9.584492683410645,0.4979529991286627,1,0.708359375,0 0 0,4.754 4.840 5.062,0,23,286,-1,4.978916168212891,7.1364006996154785,0.6976788969376626,0.35256276150627613,1
9409,419,13919,Program,0,1.0,0.25,23,24,1,measured,262,0,1,239,0,21,8080,-1,-1,23,1,24,0,6.255273342132568,9.574606895446777,0.6533190772675247,1,0.678515625,0 0 0,5.545 6.724 8.804,0,1.0,0.25,286,286,1,measured,525,0,1,240,0,284,8080,-1,-1,-1,0,-1,0,6.273701190948486,9.673633575439453,0.6485361619316333,1,0.679296875,0 0 0,5.659 6.625 8.795,0,23,286,-1,4.956026077270508,6.8568243980407715,0.7227873705919337,0.4089958158995816,1
9410,420,13920,Program,0,1.0,0.25,23,24,1,measured,262,0,1,239,0,21,8080,-1,-1,23,1,24,0,4.648945331573486,9.571874618530273,0.48568807227933736,1,0.72703125,0 0 0,4.620 4.619 4.990,0,1.0,0.25,286,286,1,measured,525,0,1,240,0,284,8080,-1,-1,-1,0,-1,0,4.721738338470459,9.79435920715332,0.48208751982691556,1,0.66375,0 0 0,4.684 4.736 5.072,0,23,286,-1,5.109100818634033,7.4401726722717285,0.6866911621117063,0.35486401673640167,1
9411,421,13921,Program,0,1.0,0.25,23,24,1,measured,262,0,1,239,0,21,8080,-1,-1,23,1,24,0,4.737051010131836,9.654461860656738,0.49065924942289857,1,0.71359375,0 0 0,4.785 4.694 5.082,0,1.0,0.25,286,286,1,measured,525,0,1,240,0,284,8080,-1,-1,-1,0,-1,0,7.497177600860596,10.585387229919434,0.7082572831790167,1,0.675234375,0 0 0,6.777 8.064 10.814,0,23,286,-1,5.083554267883301,7.275926113128662,0.698681403417573,0.38985355648535563,1
9412,422,13922,Program,0,1.0,0.25,23,24,1,measured,262,0,1,239,0,21,8080,-1,-1,23,1,24,0,7.297480583190918,10.178242683410645,0.716968617292351,1,0.688359375,0 0 0,6.544 7.882 10.982,0,1.0,0.25,286,286,1,measured,525,0,1,240,0,284,8080,-1,-1,-1,0,-1,0,4.76339864730835,9.677377700805664,0.49221997885974683,1,0.7128125,0 0 0,4.817 4.757 5.358,0,23,286,-1,4.868479251861572,6.631187438964844,0.734179103919518,0.3814853556485356,1
9413,423,13923,Program,0,1.0,0.25,23,24,1,measured,262,0,1,239,0,21,8080,-1,-1,23,1,24,0,4.570752143859863,9.420744895935059,0.48517948361303037,1,0.72046875,0 0 0,4.647 4.518 5.277,0,1.0,0.25,286,286,1,measured,525,0,1,240,0,284,8080,-1,-1,-1,0,-1,0,4.819209098815918,9.772031784057617,0.4931634695128723,1,0.708203125,0 0 0,4.841 4.821 5.524,0,23,286,-1,5.082363605499268,7.411501407623291,0.6857400850348179,0.36286610878661085,1
9414,424,13924,Program,0,1.0,0.25,23,24,1,measured,262,0,1,239,0,21,8080,-1,-1,23,1,24,0,7.875888824462891,10.616843223571777,0.7418296247397388,1,0.672734375,0 0 0,6.119 9.252 11.691,0,1.0,0.25,286,286,1,measured,525,0,1,240,0,284,8080,-1,-1,-1,0,-1,0,7.946220874786377,10.720656394958496,0.7412065625499548,1,0.681796875,0 0 0,6.153 9.038 11.595,0,23,286,-1,5.171863079071045,6.946563243865967,0.7445211246925538,0.4149581589958159,1
9415,425,13925,Program,0,1.0,0.25,23,24,1,measured,262,0,1,239,0,21,8080,-1,-1,23,1,24,0,4.582959175109863,9.768730163574219,0.4691458458130891,1,0.7175,0 0 0,4.648 4.523 5.190,0,1.0,0.25,286,286,1,measured,525,0,1,240,0,284,8080,-1,-1,-1,0,-1,0,4.793036937713623,9.939308166503906,0.4822304387207209,1,0.716171875,0 0 0,4.883 4.643 5.396,0,23,286,-1,5.019040107727051,7.427160263061523,0.675768386564769,0.3670502092050209,1
9416,426,13926,Program,0,1.0,0.25,23,24,1,measured,262,0,1,239,0,21,8080,-1,-1,23,1,24,0,4.61520528793335,9.736841201782227,0.4739941005804413,1,0.7271875,0 0 0,4.632 4.582 4.893,0,1.0,0.25,286,286,1,measured,525,0,1,240,0,284,8080,-1,-1,-1,0,-1,0,8.682988166809082,11.87277889251709,0.7313357930283366,1,0.655390625,0 0 0,6.171 10.907 8.138,0,23,286,-1,5.087759494781494,7.126608848571777,0.7139103047308563,0.3877092050209205,1
9417,427,13927,Program,0,1.0,0.25,23,24,1,measured,262,0,1,239,0,21,8080,-1,-1,23,1,24,0,8.338232040405273,11.691420555114746,0.7131923790695799,1,0.671015625,0 0 0,5.860 10.666 7.686,0,1.0,0.25,286,286,1,measured,525,0,1,240,0,284,8080,-1,-1,-1,0,-1,0,4.733457088470459,9.628616333007812,0.49160304292567125,1,0.71703125,0 0 0,4.844 4.610 5.149,0,23,286,-1,4.903106212615967,6.7219438552856445,0.7294179062148106,0.3737970711297071,1
9418,428,13928,Program,0,1.0,0.25,23,24,1,measured,262,0,1,239,0,21,8080,-1,-1,23,1,24,0,4.652060508728027,9.354352951049805,0.4973150503377087,1,0.71421875,0 0 0,4.701 4.603 4.793,0,1.0,0.25,286,286,1,measured,525,0,1,240,0,284,8080,-1,-1,-1,0,-1,0,5.030615329742432,9.88367748260498,0.5089821413736118,1,0.68,0 0 0,4.954 5.179 5.146,0,23,286,-1,4.903713226318359,7.156833648681641,0.6851791542229952,0.34084728033472805,1
9419,429,13929,Program,0,1.0,0.25,23,23,1,measured,262,0,1,240,0,21,8080,-1,-1,-1,0,-1,0,9.800673484802246,12.47076416015625,0.7858919757391556,1,0.67015625,0 0 0,7.557 11.925 13.555,0,1.0,0.25,286,286,1,measured,525,0,1,240,0,284,8080,-1,-1,-1,0,-1,0,9.942890167236328,12.78724479675293,0.7775631361777895,1,0.66375,0 0 0,7.652 12.195 13.655,0,23,286,-1,4.998798370361328,6.691533088684082,0.747033348578175,0.4270397489539749,1
9420,430,13930,Program,0,1.0,0.25,23,24,1,measured,262,0,1,239,0,21,8080,-1,-1,23,1,24,0,4.718408107757568,9.828390121459961,0.4800794483579851,1,0.719375,0 0 0,4.742 4.679 4.985,0,1.0,0.25,286,286,1,measured,525,0,1,240,0,284,8080,-1,-1,-1,0,-1,0,4.766455173492432,10.02873420715332,0.4752798384159591,1,0.711171875,0 0 0,4.741 4.817 5.204,0,23,286,-1,5.173618316650391,7.558786392211914,0.684450922171971,0.35957112970711297,1
9421,431,13931,Program,0,1.0,0.25,23,24,1,measured,262,0,1,239,0,21,8080,-1,-1,23,1,24,0,4.678564548492432,9.758657455444336,0.4794270697433149,1,0.719921875,0 0 0,4.800 4.577 4.803,0,1.0,0.25,286,286,1,measured,525,0,1,240,0,284,8080,-1,-1,-1,0,-1,0,9.57730484008789,12.789210319519043,0.7488581859875192,1,0.67359375,0 0 0,7.648 11.595 12.414,0,23,286,-1,5.1272735595703125,6.853970527648926,0.7480734763721093,0.38242677824267785,1
9422,432,13932,Program,0,1.0,0.25,23,24,1,measured,262,0,1,239,0,21,8080,-1,-1,23,1,24,0,9.399619102478027,12.453449249267578,0.7547803756482041,1,0.68015625,0 0 0,7.502 11.253 12.721,0,1.0,0.25,286,286,1,measured,525,0,1,240,0,284,8080,-1,-1,-1,0,-1,0,4.797372817993164,9.844663619995117,0.48730693126471125,1,0.708046875,0 0 0,4.845 4.761 5.269,0,23,286,-1,5.186423301696777,7.09332799911499,0.731169248390018,0.35826359832635984,1
9423,433,13933,Program,0,1.0,0.25,23,24,1,measured,262,0,1,239,0,21,8080,-1,-1,23,1,24,0,4.773349761962891,9.757075309753418,0.4892193214078537,1,0.700546875,0 0 0,4.804 4.731 5.024,0,1.0,0.25,286,286,1,measured,525,0,1,240,0,284,8080,-1,-1,-1,0,-1,0,4.818740367889404,9.83382511138916,0.4900168869495679,1,0.70546875,0 0 0,4.997 4.669 5.209,0,23,286,-1,5.315279006958008,7.6112751960754395,0.698342770433356,0.338755230125523,1
9424,434,13934,Program,0,1.0,0.25,23,24,1,measured,262,0,1,239,0,21,8080,-1,-1,23,1,24,0,11.316201210021973,14.30505084991455,0.7910633334162226,1,0.667734375,0 0 0,8.503 13.920 13.938,0,1.0,0.25,286,286,1,measured,525,0,1,240,0,284,8080,-1,-1,-1,0,-1,0,11.4697265625,14.524558067321777,0.7896781788015484,1,0.641328125,0 0 0,8.604 13.868 14.108,0,23,286,-1,5.188460826873779,7.174723148345947,0.7231583323281152,0.4151150627615063,1
9425,435,13935,Program,0,1.0,0.25,23,24,1,measured,262,0,1,239,0,21,8080,-1,-1,23,1,24,0,4.703818321228027,9.415811538696289,0.4995658952918377,1,0.720078125,0 0 0,4.762 4.645 5.021,0,1.0,0.25,286,286,1,measured,525,0,1,240,0,284,8080,-1,-1,-1,0,-1,0,4.749121189117432,9.745597839355469,0.4873093746941971,1,0.71625,0 0 0,4.857 4.677 5.160,0,23,286,-1,5.092833042144775,7.267954349517822,0.7007244125690812,0.3600418410041841,1
9426,436,13936,Program,0,1.0,0.25,23,24,1,measured,262,0,1,239,0,21,8080,-1,-1,23,1,24,0,4.558349609375,9.482203483581543,0.4807268286604261,1,0.72328125,0 0 0,4.665 4.441 4.866,0,1.0,0.25,286,286,1,measured,525,0,1,240,0,284,8080,-1,-1,-1,0,-1,0,11.253144264221191,14.27072525024414,0.7885474681133445,1,0.678984375,0 0 0,9.513 12.853 13.225,0,23,286,-1,4.899670600891113,6.629854679107666,0.7390313721854573,0.3711297071129707,1
9427,437,13937,Program,0,1.0,0.25,23,24,1,measured,262,0,1,239,0,21,8080,-1,-1,23,1,24,0,10.972822189331055,13.85192584991455,0.792151380842018,1,0.65734375,0 0 0,9.394 12.382 13.065,0,1.0,0.25,286,286,1,measured,525,0,1,240,0,284,8080,-1,-1,-1,0,-1,0,4.881113052368164,9.972562789916992,0.4894542310932687,1,0.713203125,0 0 0,5.040 4.734 5.237,0,23,286,-1,4.485890865325928,5.912253379821777,0.7587446912603656,0.3526150627615063,1
9428,438,13938,Program,0,1.0,0.25,23,24,1,measured,262,0,1,239,0,21,8080,-1,-1,23,1,24,0,4.682802677154541,9.52161979675293,0.49180735810848847,1,0.708515625,0 0 0,4.774 4.589 4.983,0,1.0,0.25,286,286,1,measured,525,0,1,240,0,284,8080,-1,-1,-1,0,-1,0,4.710702896118164,9.918848037719727,0.4749243942647519,1,0.711640625,0 0 0,4.850 4.585 5.226,0,23,286,-1,4.977743625640869,7.207988262176514,0.6905870881839917,0.3598326359832636,1
9429,439,13939,Program,0,1.0,0.25,23,24,1,measured,262,0,1,239,0,21,8080,-1,-1,23,1,24,0,9.83975601196289,12.465723037719727,0.7893449888296903,1,0.677890625,0 0 0,8.040 10.920 12.072,0,1.0,0.25,286,287,1,measured,525,0,1,239,0,284,8080,-1,-1,286,1,287,1,10.973427772521973,11.808050155639648,0.9293175103326393,1,0.6731132075471699,1 1 1,9.898 11.109 12.808,0,23,286,0,3.581059694290161,4.353830814361572,0.8225077746424266,0.43802301255230125,1
9430,440,13940,Program,0,1.0,0.25,23,23,1,measured,262,0,1,240,0,21,8080,-1,-1,-1,0,-1,0,7.367578029632568,7.590221881866455,0.9706670166301992,1,0.686484375,0 0 -1,8.334 6.400 6.678,0,1.0,0.25,286,286,1,measured,525,0,1,240,0,284,8080,-1,-1,-1,0,-1,-1,4.68147611618042,9.753662109375,0.479971118917549,1,0.7223270440251572,-1 -1 -1,4.799 4.513 5.064,0,23,286,0,3.5721633434295654,3.8191802501678467,0.9353220087668224,0.4194560669456067,1
9431,441,13941,Program,0,1.0,0.25,23,23,1,measured,262,0,1,240,0,21,8080,-1,-1,-1,0,-1,0,9.431279182434082,12.322002410888672,0.7654015043934642,1,0.6775,0 0 0,7.757 9.939 13.791,0,1.0,0.25,286,286,1,measured,525,0,1,240,0,284,8080,-1,-1,-1,0,-1,1,10.726188659667969,11.294482231140137,0.9496839642719239,1,0.6724056603773585,1 1 1,9.847 9.707 14.512,0,23,286,0,2.2724530696868896,2.74869704246521,0.8267382816582821,0.41506276150627613,1
9432,442,13942,Program,0,1.0,0.25,23,23,1,measured,262,0,1,240,0,21,9420,-1,-1,-1,0,-1,0,0.36781251430511475,9.619938850402832,0.038234392133346326,1,0.956328125,0 0 0,0.374 0.371 0.335,0,1.0,0.25,286,286,1,measured,525,0,1,240,0,284,9420,-1,-1,-1,0,-1,-1,7.0335493087768555,7.339941501617432,0.958256861751138,1,0.6998427672955975,-1 -1 -1,8.097 6.106 6.626,0,23,286,0,2.574549436569214,4.348938941955566,0.591994845393605,0.1247907949790795,1
9433,443,13943,Program,0,1.0,0.25,23,23,1,measured,262,0,1,240,0,21,9420,-1,-1,-1,0,-1,0,4.748925685882568,9.504303932189941,0.499660545344991,1,0.710546875,0 0 0,4.771 4.701 5.158,0,1.0,0.25,286,286,1,measured,525,0,1,240,0,284,8080,-1,-1,-1,0,-1,0,4.577324390411377,9.364897727966309,0.48877462662962723,1,0.702421875,0 0 0,4.592 4.549 4.947,0,23,286,0,4.484294414520264,6.751458168029785,0.6641964302992747,0.3450836820083682,1
9434,444,13944,Program,0,1.0,0.25,23,23,1,measured,262,0,1,240,0,21,9420,-1,-1,-1,0,-1,0,4.788808822631836,9.623397827148438,0.4976214127947815,1,0.710546875,0 0 0,4.891 4.603 5.184,0,1.0,0.25,286,286,1,measured,525,0,1,240,0,284,8080,-1,-1,-1,0,-1,0,6.426982402801514,9.783156394958496,0.6569436430673333,1,0.70953125,0 0 0,6.191 6.172 7.930,0,23,286,0,4.5043864250183105,6.559042453765869,0.6867445144271205,0.33906903765690377,1
9435,445,13945,Program,0,1.0,0.25,23,23,1,measured,262,0,1,240,0,21,9470,-1,-1,-1,0,-1,0,6.370830059051514,9.93442440032959,0.6412882923383212,1,0.704296875,0 0 0,6.242 6.290 8.033,0,1.0,0.25,286,287,1,measured,525,0,1,239,0,284,8080,-1,-1,286,1,287,0,4.73800802230835,9.621668815612793,0.4924310026780517,1,0.717421875,0 0 0,4.898 4.482 5.015,0,23,286,0,4.404180526733398,6.351661682128906,0.6933902885799226,0.3262029288702929,1
9436,446,13946,Program,0,1.0,0.25,23,24,1,measured,262,0,1,239,0,21,9470,-1,-1,23,1,24,0,4.756787300109863,9.619536399841309,0.4944923645372697,1,0.715,0 0 0,4.799 4.650 5.350,0,1.0,0.25,286,286,1,measured,525,0,1,240,0,284,8080,-1,-1,-1,0,-1,0,4.642070293426514,9.649606704711914,0.48106315992752174,1,0.676484375,0 0 0,4.713 4.527 5.001,0,23,286,0,4.7567973136901855,7.11240291595459,0.6688031274240251,0.3558577405857741,1
9437,447,13947,Program,0,1.0,0.25,23,23,1,measured,262,0,1,240,0,21,464f,-1,-1,-1,0,-1,0,6.588886737823486,9.957202911376953,0.6617206454932361,1,0.70640625,0 0 0,5.993 6.711 9.202,0,1.0,0.25,286,286,1,measured,525,0,1,240,0,284,8080,-1,-1,-1,0,-1,0,6.480331897735596,9.904815673828125,0.6542607264119842,1,0.72015625,0 0 0,5.681 6.550 8.818,0,23,286,0,4.295146942138672,6.010157585144043,0.7146479740823188,0.3844665271966527,1
9438,448,13948,Program,0,1.0,0.25,23,23,1,measured,262,0,1,240,0,21,5220,-1,-1,-1,0,-1,0,4.769726753234863,9.659846305847168,0.49376838949784496,1,0.711640625,0 0 0,4.878 4.593 5.397,0,1.0,0.25,286,286,1,measured,525,0,1,240,0,284,8080,-1,-1,-1,0,-1,0,4.655722618103027,9.527358055114746,0.4886687989650615,1,0.7265625,0 0 0,4.761 4.478 4.996,0,23,286,0,4.506494998931885,6.80181884765625,0.662542637471846,0.3573221757322176,1
9439,449,13949,Program,0,1.0,0.25,23,23,1,measured,262,0,1,240,0,21,d94f,-1,-1,-1,0,-1,0,4.699697494506836,9.73764705657959,0.48263173507929896,1,0.711953125,0 0 0,4.866 4.511 5.204,0,1.0,0.25,286,287,1,measured,525,0,1,239,0,284,8080,-1,-1,286,1,287,0,7.234619140625,10.25307559967041,0.7056047788097417,1,0.694296875,0 0 0,7.359 6.647 8.133,0,23,286,0,4.239626884460449,5.903555870056152,0.7181480073669776,0.3384414225941423,1
9440,450,13950,Program,0,1.0,0.25,23,23,1,measured,262,0,1,240,0,21,d552,-1,-1,-1,0,-1,0,7.432109355926514,10.41184139251709,0.7138131552088292,1,0.684296875,0 0 0,7.516 6.991 8.204,0,1.0,0.25,286,287,1,measured,525,0,1,239,0,284,8080,-1,-1,286,1,287,1,7.076100826263428,7.363183498382568,0.9610110664521395,1,0.6995283018867925,1 1 1,8.054 6.132 6.508,0,23,286,0,3.7597343921661377,4.1740288734436035,0.9007447016206982,0.37609832635983265,1
9441,451,13951,Program,0,1.0,0.25,23,24,1,measured,262,0,1,239,0,21,204f,-1,-1,23,1,24,0,7.114706993103027,7.213325500488281,0.9863282881968132,1,0.701875,0 0 1,7.981 6.200 6.581,0,1.0,0.25,286,286,1,measured,525,0,1,240,0,284,57ce,-1,-1,-1,0,-1,-1,7.602830410003662,10.55859375,0.7200608897376757,1,0.6766509433962264,-1 -1 -1,7.086 7.506 8.354,0,23,286,0,3.6122021675109863,3.786975383758545,0.9538488639252528,0.41710251046025104,1
9442,452,13952,Program,0,1.0,0.25,23,24,1,measured,262,0,1,239,0,21,8080,-1,-1,23,1,24,0,7.287549018859863,10.018346786499023,0.7274203193565577,1,0.698515625,0 0 0,6.875 7.331 7.924,0,1.0,0.25,286,286,1,measured,525,0,1,240,0,284,8080,-1,-1,-1,0,-1,0,4.797099590301514,10.111557006835938,0.47441749940770006,1,0.709609375,0 0 0,4.859 4.632 5.335,0,23,286,-1,4.4845075607299805,5.878714561462402,0.7628381194297014,0.39476987447698747,1
9443,453,13953,Program,0,1.0,0.25,23,24,1,measured,262,0,1,239,0,21,8080,-1,-1,23,1,24,0,4.691738128662109,9.629019737243652,0.4872498194717731,1,0.710703125,0 0 0,4.760 4.591 4.997,0,1.0,0.25,286,286,1,measured,525,0,1,240,0,284,8080,-1,-1,-1,0,-1,0,5.050410270690918,10.193268775939941,0.49546523119373054,1,0.69328125,0 0 0,5.069 4.954 5.296,0,23,286,-1,5.010740280151367,7.030826568603516,0.7126815362687314,0.3518305439330544,1
9444,454,13954,Program,0,1.0,0.25,23,23,1,measured,262,0,1,240,0,21,8080,-1,-1,-1,0,-1,-1,7.774921417236328,10.870078086853027,0.7152590216108768,1,0.6730345911949686,-1 -1 -1,7.673 7.621 7.907,0,1.0,0.25,286,286,1,measured,525,0,1,240,0,284,8080,-1,-1,-1,0,-1,0,7.907422065734863,11.002593994140625,0.7186870723345713,1,0.686015625,0 0 0,7.846 7.537 8.320,0,23,286,0,3.5520920753479004,3.6090633869171143,0.9842143776760099,0.3731171548117155,1
9445,455,13955,Program,0,1.0,0.25,23,23,1,measured,262,0,1,240,0,21,8080,-1,-1,-1,0,-1,0,4.661542892456055,9.60751724243164,0.48519745266428776,1,0.718046875,0 0 0,4.731 4.506 4.959,0,1.0,0.25,286,286,1,measured,525,0,1,240,0,284,8080,-1,-1,-1,0,-1,0,4.826298713684082,9.925835609436035,0.4862360111118445,1,0.7053125,0 0 0,4.951 4.622 5.160,0,23,286,0,4.468234062194824,6.711493492126465,0.6657585330950104,0.36119246861924686,1
9446,456,13956,Program,0,1.0,0.25,23,23,1,measured,262,0,1,240,0,21,8080,-1,-1,-1,0,-1,0,4.686933517456055,9.642305374145508,0.4860801785041377,1,0.7075,0 0 0,4.767 4.564 4.829,0,1.0,0.25,286,286,1,measured,525,0,1,240,0,284,8080,-1,-1,-1,0,-1,0,7.737314224243164,10.82736873626709,0.7146070677658225,1,0.684453125,0 0 0,7.744 7.304 8.318,0,23,286,0,4.261050224304199,5.957993507385254,0.7151820858855247,0.3327928870292887,1
9447,457,13957,Program,0,1.0,0.25,23,23,1,measured,262,0,1,240,0,21,8080,-1,-1,-1,0,-1,0,7.812275409698486,10.75387191772461,0.7264616381400487,1,0.68546875,0 0 0,7.721 7.619 8.243,0,1.0,0.25,286,286,1,measured,525,0,1,240,0,284,8080,-1,-1,-1,0,-1,0,4.81591796875,9.826061248779297,0.4901168277725001,1,0.705234375,0 0 0,4.916 4.657 5.100,0,23,286,0,4.218136310577393,5.6916656494140625,0.7411075369495106,0.372907949790795,1
9448,458,13958,Program,0,1.0,0.25,23,23,1,measured,262,0,1,240,0,21,8080,-1,-1,-1,0,-1,0,4.856493949890137,9.787283897399902,0.4962044629338193,1,0.708046875,0 0 0,4.900 4.753 5.000,0,1.0,0.25,286,286,1,measured,525,0,1,240,0,284,8080,-1,-1,-1,0,-1,0,5.008457183837891,9.923870086669922,0.5046879030153185,1,0.70109375,0 0 0,5.082 4.963 5.142,0,23,286,0,4.608715057373047,6.975042819976807,0.6607436221285264,0.34926778242677825,1
9449,459,13959,Program,0,1.0,0.25,23,23,1,measured,262,0,1,240,0,21,8080,-1,-1,-1,0,-1,0,7.278847694396973,10.307576179504395,0.7061648216454852,1,0.6971875,0 0 0,6.859 7.310 8.140,0,1.0,0.25,286,286,1,measured,525,0,1,240,0,284,8080,-1,-1,-1,0,-1,0,7.586621284484863,10.595891952514648,0.7159964747172024,1,0.715625,0 0 0,7.192 7.327 8.566,0,23,286,0,4.297446250915527,5.903604030609131,0.727936058826784,0.39042887029288703,1
9450,460,13960,Program,0,1.0,0.25,23,24,1,measured,262,0,1,239,0,21,8080,-1,-1,23,1,24,0,4.65457010269165,9.559374809265137,0.486911560176545,1,0.71765625,0 0 0,4.740 4.506 4.945,0,1.0,0.25,286,286,1,measured,525,0,1,240,0,284,8080,-1,-1,-1,0,-1,0,4.971171855926514,9.801886558532715,0.5071648020246695,1,0.700703125,0 0 0,5.106 4.781 5.281,0,23,286,0,4.404573917388916,6.815412521362305,0.6462666645024304,0.36563807531380754,1
9451,461,13961,Program,0,1.0,0.25,23,24,1,measured,262,0,1,239,0,21,8080,-1,-1,23,1,24,0,4.680849552154541,9.71229362487793,0.4819509925198923,1,0.720390625,0 0 0,4.784 4.533 4.998,0,1.0,0.25,286,286,1,measured,525,0,1,240,0,284,8080,-1,-1,-1,0,-1,0,7.641181468963623,10.592453002929688,0.7213797849138632,1,0.684140625,0 0 1,7.137 7.295 8.867,0,23,286,0,4.381168365478516,6.246667385101318,0.701360917011184,0.33174686192468616,1
9452,462,13962,Program,0,1.0,0.25,23,23,1,measured,262,0,1,240,0,21,8080,-1,-1,-1,0,-1,0,7.460400581359863,10.37460708618164,0.7191019880932814,1,0.68421875,0 0 0,6.989 7.494 8.314,0,1.0,0.25,286,286,1,measured,525,0,1,240,0,284,8080,-1,-1,-1,0,-1,0,4.765468597412109,9.690752983093262,0.49175421205411685,1,0.712265625,0 0 0,4.878 4.514 5.406,0,23,286,0,4.275826930999756,6.07272481918335,0.7041035216172964,0.3170502092050209,1
9453,463,13963,Program,0,1.0,0.25,23,23,1,measured,262,0,1,240,0,21,8080,-1,-1,-1,0,-1,1,4.774764060974121,9.534433364868164,0.5007915917235154,1,0.7143867924528302,1 1 1,4.947 4.596 4.869,0,1.0,0.25,286,286,1,measured,525,0,1,240,0,284,8080,-1,-1,-1,0,-1,0,4.817001819610596,9.671501159667969,0.4980614425916036,1,0.693046875,0 0 0,4.922 4.599 5.383,0,23,286,-1,3.5815420150756836,3.648519277572632,0.9816426178947015,0.349163179916318,1
9454,464,13964,Program,0,1.0,0.25,23,24,1,measured,262,0,1,239,0,21,8080,-1,-1,23,1,24,0,7.473711013793945,10.14410400390625,0.7367541786752185,1,0.693671875,0 0 0,7.700 6.937 8.336,0,1.0,0.25,286,286,1,measured,525,0,1,240,0,284,8080,-1,-1,-1,0,-1,0,7.655146598815918,10.401140213012695,0.7359910973259153,1,0.67796875,0 0 0,7.949 6.775 8.905,0,23,286,-1,4.653242588043213,5.974738597869873,0.7788194431974308,0.3853033472803347,1
9455,465,13965,Program,0,1.0,0.25,23,23,1,measured,262,0,1,240,0,21,8080,-1,-1,-1,0,-1,1,4.759129524230957,9.54546070098877,0.4985751524531426,1,0.7037735849056603,1 1 1,4.904 4.513 5.158,0,1.0,0.25,286,286,1,measured,525,0,1,240,0,284,8080,-1,-1,-1,0,-1,0,4.914814472198486,9.892354965209961,0.49682957086388496,1,0.698828125,0 0 0,5.010 4.752 5.180,0,23,286,-2,3.5778584480285645,3.628779172897339,0.9859675327589258,0.3433054393305439,1
9456,466,13966,Program,0,1.0,0.25,23,24,1,measured,262,0,1,239,0,21,8080,-1,-1,23,1,24,-1,4.823466777801514,9.472548484802246,0.5092047600009947,1,0.7084905660377359,-1 -1 -1,4.861 4.736 5.058,0,1.0,0.25,286,286,1,measured,525,0,1,240,0,284,8080,-1,-1,-1,0,-1,0,6.982705116271973,9.560308456420898,0.7303849188654834,1,0.68421875,0 0 0,6.630 6.789 8.136,0,23,286,-1,3.6569712162017822,3.6723644733428955,0.9958083525606322,0.392102510460251,1
9457,467,13967,Program,0,1.0,0.25,23,23,1,measured,262,0,1,240,0,21,8080,-1,-1,-1,0,-1,0,6.861445426940918,9.579264640808105,0.71628101782582,1,0.676875,0 0 0,6.485 6.817 7.887,0,1.0,0.25,286,286,1,measured,525,0,1,240,0,284,8080,-1,-1,-1,0,-1,1,7.242030143737793,7.5455498695373535,0.9597750023460954,1,0.6925314465408805,1 1 2,8.233 6.181 6.633,0,23,286,0,3.4423365592956543,4.212618827819824,0.8171488330638218,0.3663179916317992,1
9458,468,13968,Program,0,1.0,0.25,23,23,1,measured,262,0,1,240,0,21,8080,-1,-1,-1,0,-1,-1,7.47189474105835,7.585791110992432,0.9849855646869795,1,0.7196540880503145,0 -1 0,8.301 6.409 6.731,0,1.0,0.25,286,287,1,measured,525,0,1,239,0,284,8080,-1,-1,286,1,287,-1,4.973486423492432,9.95749568939209,0.4994716120028836,1,0.7017295597484277,-1 -1 -1,4.836 4.970 5.170,0,23,286,0,3.59999680519104,3.851121664047241,0.9347917617870614,0.4115585774058577,1
9459,469,13969,Program,0,1.0,0.25,23,23,1,measured,262,0,1,240,0,21,8080,-1,-1,-1,0,-1,0,4.971250057220459,9.948143005371094,0.4997163847098333,1,0.69546875,0 0 0,4.995 4.879 5.464,0,1.0,0.25,286,286,1,measured,525,0,1,240,0,284,8080,-1,-1,-1,0,-1,0,7.384716987609863,7.660269260406494,0.9640283828897669,1,0.68765625,0 0 0,8.165 6.609 6.697,0,23,286,0,2.445868492126465,3.067863702774048,0.7972546139891555,0.40193514644351463,1
9460,470,13970,Program,0,1.0,0.25,23,23,1,measured,262,0,1,240,0,21,8080,-1,-1,-1,0,-1,0,0.3825976550579071,10.078803062438965,0.03796062416218325,1,0.972578125,0 0 0,0.345 0.416 0.426,0,1.0,0.25,286,286,1,measured,525,0,1,240,0,284,8080,-1,-1,-1,0,-1,-1,7.282458782196045,7.768750190734863,0.9374041645567678,1,0.691745283018868,-1 -1 -1,8.393 6.175 6.773,0,23,286,0,2.5682947635650635,4.339913368225098,0.5917847997540614,0.11846234309623431,1
9461,471,13971,Program,0,1.0,0.25,23,23,1,measured,262,0,1,240,0,21,8080,-1,-1,-1,0,-1,0,4.87576150894165,9.930267333984375,0.4910000249696523,1,0.702421875,0 0 0,4.904 4.809 5.268,0,1.0,0.25,286,287,1,measured,525,0,1,239,0,284,8080,-1,-1,286,1,287,0,4.790673732757568,10.063718795776367,0.4760341410541163,1,0.70734375,0 0 0,5.004 4.576 4.915,0,23,286,0,4.387178897857666,6.626786708831787,0.6620371366428159,0.34623430962343094,1
9462,472,13972,Program,0,1.0,0.25,23,23,1,measured,262,0,1,240,0,21,8080,-1,-1,-1,0,-1,0,5.084218978881836,9.655473709106445,0.5265633910935633,1,0.695078125,0 0 0,5.195 4.951 5.440,0,1.0,0.25,286,286,1,measured,525,0,1,240,0,284,8080,-1,-1,-1,0,-1,0,4.990595817565918,9.778046607971191,0.5103878123773228,1,0.697734375,0 0 0,5.094 4.879 5.039,0,23,286,0,4.15399169921875,6.173519611358643,0.6728725201708003,0.34084728033472805,1
9463,473,13973,Program,0,1.0,0.25,23,23,1,measured,262,0,1,240,0,21,8080,-1,-1,-1,0,-1,-1,4.816676616668701,9.943967819213867,0.4843817582918817,1,0.7046383647798742,-1 -1 -1,4.943 4.613 5.349,0,1.0,0.25,286,286,1,measured,525,0,1,240,0,284,8080,-1,-1,-1,0,-1,0,7.502890586853027,7.529068470001221,0.9965230913688066,1,0.71078125,0 1 0,8.532 6.448 6.598,0,23,286,1,3.543640613555908,3.7042605876922607,0.9566391266667289,0.4002092050209205,1
9464,474,13974,Program,0,1.0,0.25,23,23,0,vbi_ambiguous,262,0,1,240,0,21 23,8080 8501,23,25,-1,0,-1,3,7.3902268409729,7.531042098999023,0.9813020221936033,1,0.6879777070063694,3 3 3,8.271 6.487 6.630,0,1.0,0.25,286,286,1,measured,525,0,1,240,0,284,8080,-1,-1,-1,0,-1,-1,4.872671127319336,9.864853858947754,0.49394255576322194,1,0.7125,-1 -1 -1,4.864 4.813 5.316,0,23,286,-1,3.652735710144043,3.661545515060425,0.9975939654771063,0.4139121338912134,1
9465,475,13975,Program,0,1.0,0.25,23,25,1,measured,262,0,1,238,0,21 23,8080 d0c2,23,25,24,1,25,0,4.761347770690918,9.88145637512207,0.48184676326439774,1,0.7134375,0 0 0,4.830 4.658 4.883,0,1.0,0.25,286,286,1,measured,525,0,1,240,0,284,8080,-1,-1,-1,0,-1,0,4.838906288146973,10.101414680480957,0.4790325356603001,1,0.7196875,0 0 0,4.809 4.735 5.336,0,23,286,-2,5.098663330078125,7.521705627441406,0.6778599938126658,0.362918410041841,1
9466,476,13976,Program,0,1.0,0.25,23,25,1,measured,262,0,1,238,0,21 23,8080 d320,23,25,24,1,25,0,4.685507774353027,9.9000883102417,0.4732793918116712,1,0.719765625,0 0 0,4.772 4.555 4.782,0,1.0,0.25,286,286,1,measured,525,0,1,240,0,284,8080,-1,-1,-1,0,-1,0,4.83816385269165,9.900019645690918,0.4887024496761993,1,0.715625,0 0 0,4.764 4.831 5.344,0,23,286,-2,5.1059041023254395,7.46576452255249,0.6839090741345494,0.35177824267782426,1
9467,477,13977,Program,0,1.0,0.25,23,23,0,vbi_ambiguous,262,0,1,240,0,21 23,8080 8fe6,23,25,-1,0,-1,0,5.100566387176514,10.023771286010742,0.5088470438561289,1,0.741015625,0 0 0,4.988 5.004 5.419,0,1.0,0.25,286,286,1,measured,525,0,1,240,0,284,8080,-1,-1,-1,0,-1,0,4.714404106140137,9.955188751220703,0.4735625033289356,1,0.7190625,0 0 0,4.703 4.642 5.306,0,23,286,-2,5.358687877655029,7.657087326049805,0.6998337160690982,0.33765690376569035,1
9468,478,13978,Program,0,1.0,0.25,23,23,0,vbi_ambiguous,262,0,1,240,0,21 23,8080 8080,23,25,-1,0,-1,0,4.751953125,9.963679313659668,0.4769275460808266,1,0.70609375,0 0 0,4.768 4.678 5.104,0,1.0,0.25,286,286,1,measured,525,0,1,240,0,284,8080,-1,-1,-1,0,-1,0,4.89962911605835,10.159050941467285,0.48229201175269326,1,0.701171875,0 0 0,5.036 4.659 5.364,0,23,286,-2,5.2791290283203125,7.685354232788086,0.6869077037201388,0.3552824267782427,1
9469,479,13979,Program,0,1.0,0.25,23,25,1,measured,262,0,1,238,0,21 23,8080 8080,23,25,24,1,25,0,4.705712795257568,9.978704452514648,0.4715755254252191,1,0.716328125,0 0 0,4.731 4.669 5.057,0,1.0,0.25,286,286,1,measured,525,0,1,240,0,284,8080,-1,-1,-1,0,-1,0,4.971581935882568,10.14717960357666,0.4899471705546824,1,0.69140625,0 0 0,5.153 4.710 5.396,0,23,286,-2,5.319680690765381,7.735767364501953,0.6876733024801702,0.349163179916318,1
9470,480,13980,Program,0,1.0,0.25,23,23,0,vbi_ambiguous,262,0,1,240,0,21 23,8080 8080,23,25,-1,0,-1,0,4.711709022521973,9.933077812194824,0.4743453249442398,1,0.70921875,0 0 0,4.762 4.622 4.856,0,1.0,0.25,286,286,1,measured,525,0,1,240,0,284,8080,-1,-1,-1,0,-1,0,4.765146255493164,10.048014640808105,0.4742375907913616,1,0.715859375,0 0 0,4.963 4.506 5.332,0,23,286,-2,5.2018280029296875,7.50143575668335,0.6934443180820627,0.36799163179916317,1
9471,481,13981,Program,0,1.0,0.25,23,25,1,measured,262,0,1,238,0,21 23,8080 8080,23,25,24,1,25,0,4.778427600860596,9.91369915008545,0.4820024824759191,1,0.7065625,0 0 0,4.816 4.654 4.935,0,1.0,0.25,286,286,1,measured,525,0,1,240,0,284,8080,-1,-1,-1,0,-1,0,6.782148361206055,10.032163619995117,0.6760404453221384,1,0.703125,0 0 0,6.614 6.400 7.883,0,23,286,-2,5.044589519500732,7.194478988647461,0.7011750993311469,0.4130230125523013,1
9472,482,13982,Program,0,1.0,0.25,23,23,0,vbi_ambiguous,262,0,1,240,0,21 23,8080 8080,23,25,-1,0,-1,0,6.637861251831055,9.959305763244629,0.666498389509081,1,0.697578125,0 0 0,6.490 6.446 7.540,0,1.0,0.25,286,286,1,measured,525,0,1,240,0,284,8080,-1,-1,-1,0,-1,0,4.861318588256836,9.729706764221191,0.49963670088529716,1,0.70109375,0 0 0,4.969 4.686 5.325,0,23,286,-2,4.930285453796387,6.800316333770752,0.7250082513532956,0.3157949790794979,1
9473,483,13983,Program,0,1.0,0.25,23,23,0,vbi_ambiguous,262,0,1,240,0,21 23,8080 8502,23,25,-1,0,-1,0,4.740243911743164,9.544074058532715,0.4966688106852263,1,0.721328125,0 0 0,4.847 4.601 4.909,0,1.0,0.25,286,286,1,measured,525,0,1,240,0,284,8080,-1,-1,-1,0,-1,0,4.801367282867432,9.79117488861084,0.49037703212230577,1,0.710625,0 0 0,4.933 4.618 5.108,0,23,286,-2,5.023559093475342,7.418529510498047,0.6771637271734844,0.3665794979079498,1
9474,484,13984,Program,0,1.0,0.25,23,25,1,measured,262,0,1,238,0,21 23,8080 57ce,23,25,24,1,25,0,7.271543025970459,9.93961238861084,0.7315720917148087,1,0.693828125,0 0 0,7.315 6.841 8.107,0,1.0,0.25,286,286,1,measured,525,0,1,240,0,284,8080,-1,-1,-1,0,-1,0,7.349081993103027,10.135869026184082,0.7250569215247432,1,0.68609375,0 0 0,7.430 6.695 8.712,0,23,286,-2,4.902653217315674,6.680010795593262,0.733928936245119,0.3885460251046025,1
9475,485,13985,Program,0,1.0,0.25,23,25,1,measured,262,0,1,238,0,21 23,8080 4554,23,25,24,1,25,0,4.722548961639404,9.435023307800293,0.5005338945729041,1,0.7059375,0 0 0,4.743 4.634 5.089,0,1.0,0.25,286,286,1,measured,525,0,1,240,0,284,8080,-1,-1,-1,0,-1,0,4.818681716918945,9.64648151397705,0.4995273882956211,1,0.706640625,0 0 0,4.935 4.656 5.193,0,23,286,-2,5.103687763214111,7.471670627593994,0.683071834612922,0.35706066945606696,1
9476,486,13986,Program,0,1.0,0.25,23,23,0,vbi_ambiguous,262,0,1,240,0,21 23,8080 8f2c,23,25,-1,0,-1,0,4.687636852264404,9.4561128616333,0.495725560899739,1,0.721953125,0 0 0,4.756 4.571 4.822,0,1.0,0.25,286,286,1,measured,525,0,1,240,0,284,8080,-1,-1,-1,0,-1,0,7.806836128234863,10.815388679504395,0.7218266822929016,1,0.71125,0 0 0,7.532 7.405 8.524,0,23,286,-2,4.948790550231934,6.816987991333008,0.7259497239138069,0.40706066945606695,1
9477,487,13987,Program,0,1.0,0.25,23,23,0,vbi_ambiguous,262,0,1,240,0,21 23,8080 8080,23,25,-1,0,-1,0,7.513740062713623,10.522385597229004,0.7140719177495561,1,0.686015625,0 0 0,7.271 7.352 8.254,0,1.0,0.25,286,286,1,measured,525,0,1,240,0,284,8080,-1,-1,-1,0,-1,0,4.900400161743164,9.856603622436523,0.4971692430228618,1,0.71234375,0 0 0,4.952 4.844 5.273,0,23,286,-2,4.967514514923096,6.578908920288086,0.7550666189653787,0.3757322175732218,1
9478,488,13988,Program,0,1.0,0.25,23,23,1,measured,262,0,1,240,0,21,8080,-1,-1,-1,0,-1,-1,4.710554122924805,9.688340187072754,0.4862085797947251,1,0.7232704402515723,-1 -1 -1,4.716 4.668 4.990,0,1.0,0.25,286,286,1,measured,525,0,1,240,0,284,8080,-1,-1,-1,0,-1,0,4.861142635345459,9.93836498260498,0.48912901104496237,1,0.703828125,0 0 0,4.896 4.767 5.238,0,23,286,-1,3.6059789657592773,3.662205934524536,0.984646693886001,0.3595188284518828,1
9479,489,13989,Program,0,1.0,0.25,23,23,1,measured,262,0,1,240,0,21,8080,-1,-1,-1,0,-1,0,7.441474437713623,10.412843704223633,0.7146438234442365,1,0.68578125,0 0 0,6.775 7.622 8.329,0,1.0,0.25,286,286,1,measured,525,0,1,240,0,284,8080,-1,-1,-1,0,-1,0,7.407031059265137,10.585102081298828,0.6997600025371006,1,0.696171875,0 0 0,6.786 7.236 8.638,0,23,286,-1,4.710394382476807,6.226492881774902,0.7565084345096172,0.3912133891213389,1
9480,490,13990,Program,0,1.0,0.25,23,23,1,measured,262,0,1,240,0,21,8080,-1,-1,-1,0,-1,0,4.854052543640137,9.668701171875,0.5020377046877762,1,0.701484375,0 0 0,4.955 4.775 5.047,0,1.0,0.25,286,286,1,measured,525,0,1,240,0,284,8080,-1,-1,-1,0,-1,0,5.021064281463623,9.84087085723877,0.5102256044514818,1,0.688203125,0 0 0,5.166 4.828 5.310,0,23,286,-1,4.8361687660217285,6.8670735359191895,0.7042546931710387,0.3358786610878661,1
9481,491,13991,Program,0,1.0,0.25,23,24,1,measured,262,0,1,239,0,21,8080,-1,-1,23,1,24,0,4.968418121337891,9.915133476257324,0.5010944263367925,1,0.70234375,0 0 0,5.062 4.904 5.008,0,1.0,0.25,286,286,1,measured,525,0,1,240,0,284,8080,-1,-1,-1,0,-1,0,8.01611328125,11.017059326171875,0.7276091599331869,1,0.705,0 0 0,7.877 7.670 8.480,0,23,286,-1,4.956042766571045,6.765506267547607,0.7325457357631766,0.372489539748954,1
9482,492,13992,Program,0,1.0,0.25,23,24,1,measured,262,0,1,239,0,21,8080,-1,-1,23,1,24,0,7.947001934051514,10.832723617553711,0.7336106979757079,1,0.696640625,0 0 0,7.817 7.796 8.201,0,1.0,0.25,286,286,1,measured,525,0,1,240,0,284,8080,-1,-1,-1,0,-1,0,5.019550800323486,9.684267044067383,0.5183201555143485,1,0.689453125,0 0 0,5.257 4.816 5.143,0,23,286,-1,4.740033149719238,6.166764736175537,0.7686418004424926,0.35747907949790797,1
9483,493,13993,Program,0,1.0,0.25,23,24,1,measured,262,0,1,239,0,21,8080,-1,-1,23,1,24,0,4.857978343963623,9.631780624389648,0.504369704150261,1,0.7103125,0 0 0,4.918 4.804 4.898,0,1.0,0.25,286,286,1,measured,525,0,1,240,0,284,8080,-1,-1,-1,0,-1,0,4.79052734375,9.71043586730957,0.49333803437984,1,0.713984375,0 0 0,4.891 4.642 5.042,0,23,286,-1,4.820119857788086,6.654289722442627,0.7243627883426058,0.362918410041841,1
9484,494,13994,Program,0,1.0,0.25,23,24,1,measured,262,0,1,239,0,21,8080,-1,-1,23,1,24,0,5.178408145904541,9.489927291870117,0.5456741644733999,1,0.693515625,0 0 0,4.893 5.482 4.997,0,1.0,0.25,286,286,1,measured,525,0,1,240,0,284,8080,-1,-1,-1,0,-1,0,5.119326114654541,9.47974681854248,0.540027725702662,1,0.695,0 0 0,4.909 5.267 5.319,0,23,286,-1,4.7789530754089355,6.540132999420166,0.73071190996156,0.3479602510460251,1
9485,495,13995,Program,0,1.0,0.25,23,24,1,measured,262,0,1,239,0,21,8080,-1,-1,23,1,24,0,4.944199085235596,9.598496437072754,0.515101413815123,1,0.701328125,0 0 0,5.059 4.792 4.943,0,1.0,0.25,286,286,1,measured,525,0,1,240,0,284,8080,-1,-1,-1,0,-1,0,4.862216949462891,9.767364501953125,0.49780234458237127,1,0.70421875,0 0 0,5.038 4.674 5.098,0,23,286,-1,4.727880477905273,6.538445949554443,0.7230893264824573,0.3506799163179916,1
9486,496,13996,Program,0,1.0,0.25,23,24,1,measured,262,0,1,239,0,21,8080,-1,-1,23,1,24,0,4.642168045043945,9.67912769317627,0.47960603395248597,1,0.7159375,0 0 0,4.650 4.637 4.715,0,1.0,0.25,286,286,1,measured,525,0,1,240,0,284,8080,-1,-1,-1,0,-1,0,5.018203258514404,9.82369327545166,0.5108265412820194,1,0.69984375,0 0 0,4.952 5.064 5.120,0,23,286,-1,4.976063251495361,7.0013747215271,0.7107266000483418,0.3676255230125523,1
9487,497,13997,Program,0,1.0,0.25,23,24,1,measured,262,0,1,239,0,21,8080,-1,-1,23,1,24,0,4.890937328338623,9.667914390563965,0.505893735789826,1,0.710859375,0 0 0,4.833 4.944 4.853,0,1.0,0.25,286,286,1,measured,525,0,1,240,0,284,8080,-1,-1,-1,0,-1,0,4.80001974105835,9.809493064880371,0.4893239344083156,1,0.71140625,0 0 0,4.818 4.714 5.110,0,23,286,-1,4.927102565765381,7.087071418762207,0.6952240600710532,0.3640690376569038,1
9488,498,13998,Program,0,1.0,0.25,23,24,1,measured,262,0,1,239,0,21,8080,-1,-1,23,1,24,0,4.770410060882568,9.755168914794922,0.4890135786011507,1,0.7109375,0 0 0,4.869 4.623 4.873,0,1.0,0.25,286,286,1,measured,525,0,1,240,0,284,8080,-1,-1,-1,0,-1,0,4.787128925323486,9.858952522277832,0.48556161666325365,1,0.709296875,0 0 0,4.827 4.601 5.254,0,23,286,-1,5.059597969055176,7.4532976150512695,0.6788401899902359,0.3548117154811716,1
9489,499,13999,Program,0,1.0,0.25,23,24,1,measured,262,0,1,239,0,21,8080,-1,-1,23,1,24,0,4.694209098815918,9.701709747314453,0.48385379701916253,1,0.717578125,0 0 0,4.712 4.630 5.003,0,1.0,0.25,286,286,1,measured,525,0,1,240,0,284,8080,-1,-1,-1,0,-1,0,4.903613090515137,9.925540924072266,0.4940398843777348,1,0.696953125,0 0 0,4.962 4.811 5.184,0,23,286,-1,5.179907321929932,7.635410308837891,0.6784058894561639,0.35517782426778244,1
9490,500,14000,Program,0,1.0,0.25,23,24,1,measured,262,0,1,239,0,21,8080,-1,-1,23,1,24,0,4.73486328125,9.715683937072754,0.4873422511391999,1,0.71625,0 0 0,4.712 4.744 4.746,0,1.0,0.25,286,286,1,measured,525,0,1,240,0,284,8080,-1,-1,-1,0,-1,0,4.831708908081055,9.868799209594727,0.4895944081407118,1,0.70671875,0 0 0,4.967 4.653 5.245,0,23,286,-1,5.1985697746276855,7.556859970092773,0.6879272336925233,0.3587866108786611,1
9491,501,14001,Program,0,1.0,0.25,23,24,1,measured,262,0,1,239,0,21,8080,-1,-1,23,1,24,0,4.842363357543945,9.693081855773926,0.49956901526210373,1,0.706015625,0 0 0,4.821 4.861 5.061,0,1.0,0.25,286,286,1,measured,525,0,1,240,0,284,8080,-1,-1,-1,0,-1,0,4.950966835021973,10.063905715942383,0.4919528237609651,1,0.689140625,0 0 0,5.057 4.843 5.106,0,23,286,-1,5.254631996154785,7.475886821746826,0.7028774139369569,0.33943514644351463,1
9492,502,14002,Program,0,1.0,0.25,23,24,1,measured,262,0,1,239,0,21,8080,-1,-1,23,1,24,0,4.796523571014404,9.515841484069824,0.5040566910497738,1,0.709375,0 0 0,4.839 4.773 4.716,0,1.0,0.25,286,286,1,measured,525,0,1,240,0,284,8080,-1,-1,-1,0,-1,0,4.807744026184082,9.924636840820312,0.48442518384246513,1,0.71046875,0 0 0,4.867 4.712 5.286,0,23,286,-1,5.03753662109375,7.153588771820068,0.7041971214417547,0.3561715481171548,1
9493,503,14003,Program,0,1.0,0.25,23,24,1,measured,262,0,1,239,0,21,8080,-1,-1,23,1,24,0,4.752997875213623,9.69127368927002,0.49044099130912433,1,0.707734375,0 0 0,4.785 4.699 4.839,0,1.0,0.25,286,286,1,measured,525,0,1,240,0,284,8080,-1,-1,-1,0,-1,0,4.804550647735596,9.88936710357666,0.48582994214037695,1,0.710625,0 0 0,4.779 4.757 5.181,0,23,286,-1,4.990419387817383,7.177114009857178,0.6953239674001905,0.3544979079497908,1
9494,504,14004,Program,0,1.0,0.25,23,24,1,measured,262,0,1,239,0,21,8080,-1,-1,23,1,24,0,4.818163871765137,9.713079452514648,0.4960490537856918,1,0.70828125,0 0 0,4.824 4.811 4.730,0,1.0,0.25,286,286,1,measured,525,0,1,240,0,284,8080,-1,-1,-1,0,-1,0,5.142382621765137,9.926061630249023,0.5180687782648923,1,0.700859375,0 0 0,5.056 5.210 5.095,0,23,286,-1,4.869818687438965,6.851132392883301,0.7108049309479919,0.36338912133891216,1
9495,505,14005,Program,0,1.0,0.25,23,24,1,measured,262,0,1,239,0,21,8080,-1,-1,23,1,24,0,4.739990234375,9.59189224243164,0.4941663349184337,1,0.716953125,0 0 0,4.880 4.595 4.722,0,1.0,0.25,286,286,1,measured,525,0,1,240,0,284,8080,-1,-1,-1,0,-1,0,4.935126781463623,9.914199829101562,0.49778367054669814,1,0.71125,0 0 0,4.994 4.815 5.108,0,23,286,-1,4.829381942749023,6.622737884521484,0.7292123026695874,0.3648012552301255,1
9496,506,14006,Program,0,1.0,0.25,23,24,1,measured,262,0,1,239,0,21,8080,-1,-1,23,1,24,0,4.909755706787109,9.831643104553223,0.4993830283071715,1,0.708828125,0 0 0,4.881 4.909 4.813,0,1.0,0.25,286,286,1,measured,525,0,1,240,0,284,8080,-1,-1,-1,0,-1,0,7.783994197845459,10.876248359680176,0.7156874264384997,1,0.681640625,0 0 0,7.842 7.225 8.317,0,23,286,-1,4.969723701477051,6.985664367675781,0.7114174744027304,0.39450836820083685,1
9497,507,14007,Program,0,1.0,0.25,23,23,1,measured,262,0,1,240,0,21,8080,-1,-1,-1,0,-1,0,7.715449333190918,10.642108917236328,0.7249925172908829,1,0.68796875,0 0 0,7.657 7.508 7.968,0,1.0,0.25,286,286,1,measured,525,0,1,240,0,284,8080,-1,-1,-1,0,-1,0,4.74069356918335,9.512421607971191,0.49836873979710455,1,0.712421875,0 0 0,4.702 4.729 5.064,0,23,286,-1,4.779024124145508,6.479781150817871,0.737528631432607,0.3847280334728033,1
9498,508,14008,Program,0,1.0,0.25,23,24,1,measured,262,0,1,239,0,21,8080,-1,-1,23,1,24,0,4.877138614654541,9.523496627807617,0.5121163796513357,1,0.7021875,0 0 0,4.893 4.797 5.283,0,1.0,0.25,286,286,1,measured,525,0,1,240,0,284,8080,-1,-1,-1,0,-1,0,4.931836128234863,9.917983055114746,0.49726200385989716,1,0.70578125,0 0 0,4.932 4.901 5.261,0,23,286,-1,4.955499172210693,7.07229471206665,0.7006918368030803,0.3356171548117155,1
9499,509,14009,Program,0,1.0,0.25,23,24,1,measured,262,0,1,239,0,21,8080,-1,-1,23,1,24,0,7.40500020980835,10.428340911865234,0.7100842092132829,1,0.69875,0 0 0,6.799 7.542 8.360,0,1.0,0.25,286,286,1,measured,525,0,1,240,0,284,8080,-1,-1,-1,0,-1,0,7.417841911315918,10.519752502441406,0.705134641674735,1,0.695625,0 0 0,6.778 7.292 8.615,0,23,286,-1,4.902921199798584,6.377653121948242,0.7687657365568421,0.3878661087866109,1
9500,510,14010,Program,0,1.0,0.25,23,24,1,measured,262,0,1,239,0,21,8080,-1,-1,23,1,24,0,4.758691310882568,9.700471878051758,0.49056286855998843,1,0.716171875,0 0 0,4.784 4.655 4.921,0,1.0,0.25,286,286,1,measured,525,0,1,240,0,284,8080,-1,-1,-1,0,-1,0,4.825380802154541,9.7023286819458,0.4973425411915453,1,0.70859375,0 0 0,4.927 4.691 5.277,0,23,286,-1,4.837271213531494,6.800527095794678,0.7113082773426158,0.35972803347280335,1
9501,511,14011,Program,0,1.0,0.25,23,24,1,measured,262,0,1,239,0,21,8080,-1,-1,23,1,24,0,4.745761871337891,9.742589950561523,0.48711501719975026,1,0.717734375,0 0 0,4.750 4.674 4.827,0,1.0,0.25,286,286,1,measured,525,0,1,240,0,284,8080,-1,-1,-1,0,-1,0,7.875370979309082,10.741539001464844,0.7331697048472386,1,0.683828125,0 0 0,7.461 7.482 8.946,0,23,286,-1,4.851686954498291,6.334390163421631,0.765928026112867,0.410407949790795,1
9502,512,14012,Program,0,1.0,0.25,23,24,1,measured,262,0,1,239,0,21,8080,-1,-1,23,1,24,0,7.65380859375,10.53048324584961,0.7268240606874906,1,0.68125,0 0 0,7.318 7.593 8.239,0,1.0,0.25,286,286,1,measured,525,0,1,240,0,284,8080,-1,-1,-1,0,-1,0,4.936103343963623,9.82514762878418,0.5023948270764502,1,0.706875,0 0 0,4.934 4.811 5.480,0,23,286,-1,4.558936595916748,5.948580265045166,0.7663907004341536,0.3733786610878661,1
9503,513,14013,Program,0,1.0,0.25,23,24,1,measured,262,0,1,239,0,21,8080,-1,-1,23,1,24,0,4.776679515838623,9.634286880493164,0.495800008354548,1,0.712421875,0 0 0,4.829 4.716 4.908,0,1.0,0.25,286,286,1,measured,525,0,1,240,0,284,8080,-1,-1,-1,0,-1,0,4.985761642456055,9.905866622924805,0.5033140291751637,1,0.68921875,0 0 0,5.048 4.846 5.381,0,23,286,-1,5.0594682693481445,7.2398905754089355,0.6988321462389461,0.34932008368200834,1
9504,514,14014,Program,0,1.0,0.25,23,24,1,measured,262,0,1,239,0,21,8080,-1,-1,23,1,24,0,7.455459117889404,10.295430183410645,0.7241522680521523,1,0.68234375,0 0 0,7.573 6.979 8.285,0,1.0,0.25,286,286,1,measured,525,0,1,240,0,284,8080,-1,-1,-1,0,-1,0,7.602734565734863,10.452397346496582,0.7273675419814705,1,0.71,0 0 0,7.710 6.919 8.975,0,23,286,-1,4.882697582244873,6.5808820724487305,0.7419518430039322,0.3804916317991632,1
9505,515,14015,Program,0,1.0,0.25,23,24,1,measured,262,0,1,239,0,21,8080,-1,-1,23,1,24,0,4.870703220367432,9.916548728942871,0.4911691913691288,1,0.7053125,0 0 0,4.899 4.826 4.909,0,1.0,0.25,286,286,1,measured,525,0,1,240,0,284,8080,-1,-1,-1,0,-1,0,4.951503753662109,9.915016174316406,0.49939442020158803,1,0.703828125,0 0 0,4.884 4.980 5.301,0,23,286,-1,5.094034671783447,7.512189865112305,0.6781024925156485,0.35015690376569036,1
9506,516,14016,Program,0,1.0,0.25,23,24,1,measured,262,0,1,239,0,21,8080,-1,-1,23,1,24,0,4.82373046875,9.847740173339844,0.4898312083628056,1,0.702421875,0 0 0,4.887 4.734 4.938,0,1.0,0.25,286,286,1,measured,525,0,1,240,0,284,8080,-1,-1,-1,0,-1,0,7.06759786605835,10.279254913330078,0.6875593538295397,1,0.684453125,0 0 0,6.802 6.890 7.942,0,23,286,-1,5.118044376373291,6.876352310180664,0.7442964155277296,0.39006276150627617,1
9507,517,14017,Program,0,1.0,0.25,23,24,1,measured,262,0,1,239,0,21,8080,-1,-1,23,1,24,0,6.917910099029541,10.234306335449219,0.6759530028007404,1,0.69671875,0 0 0,6.633 6.805 7.776,0,1.0,0.25,286,286,1,measured,525,0,1,240,0,284,8080,-1,-1,-1,0,-1,0,5.124736309051514,10.449773788452148,0.49041600447990225,1,0.68453125,0 0 0,5.209 5.038 5.424,0,23,286,-1,4.945830821990967,6.831304550170898,0.7239950708781147,0.3688284518828452,1
9508,518,14018,Program,0,1.0,0.25,23,24,1,measured,262,0,1,239,0,21,8080,-1,-1,23,1,24,0,4.916748046875,10.218523979187012,0.48116029838452046,1,0.701171875,0 0 0,4.917 4.915 4.961,0,1.0,0.25,286,286,1,measured,525,0,1,240,0,284,8080,-1,-1,-1,0,-1,0,4.924375057220459,10.30458927154541,0.477881740596725,1,0.71109375,0 0 0,4.934 4.870 5.234,0,23,286,-1,5.226951599121094,7.732761383056641,0.6759489062437565,0.34633891213389123,1
9509,519,14019,Program,0,1.0,0.25,23,25,1,measured,262,0,1,238,0,21 23,8080 8080,23,25,24,1,25,1,5.072032451629639,10.115029335021973,0.5014352686124584,1,0.6891509433962264,1 1 1,4.887 5.250 5.028,0,1.0,0.25,286,286,1,measured,525,0,1,240,0,284,8080,-1,-1,-1,0,-1,0,5.002861499786377,10.253684997558594,0.48790863976975696,1,0.6959375,0 0 0,4.963 4.977 5.377,0,23,286,-1,3.626206159591675,3.6612229347229004,0.9904357708460941,0.34691422594142257,1
9510,520,14020,Program,0,1.0,0.25,23,24,1,measured,262,0,1,239,0,21,8080,-1,-1,23,1,24,-1,7.079451560974121,8.06698226928711,0.8775836272663262,1,0.6871855345911949,-1 -1 -1,7.655 6.496 6.525,0,1.0,0.25,286,286,1,measured,525,0,1,240,0,284,8080,-1,-1,-1,0,-1,0,6.981201171875,8.170430183410645,0.8544471974131458,1,0.694375,0 0 0,7.705 6.199 6.930,0,23,286,-1,3.7000792026519775,3.8311967849731445,0.9657763383923684,0.40486401673640166,1
9511,521,14021,Program,0,1.0,0.25,23,24,1,measured,262,0,1,239,0,21,8080,-1,-1,23,1,24,0,4.939355373382568,10.121098518371582,0.4880256193946503,1,0.69671875,0 0 0,4.969 4.888 4.992,0,1.0,0.25,286,286,1,measured,525,0,1,240,0,284,8080,-1,-1,-1,0,-1,0,6.837197303771973,8.434699058532715,0.8106035860112073,1,0.68828125,0 0 0,8.244 5.539 6.118,0,23,286,-1,4.615373611450195,5.800788879394531,0.7956458522124208,0.3935669456066946,1
9512,522,14022,Program,0,1.0,0.25,23,23,1,measured,262,0,1,240,0,21,8080,-1,-1,-1,0,-1,0,6.60500955581665,8.351768493652344,0.7908516095527198,1,0.706484375,0 0 0,7.933 5.346 5.719,0,1.0,0.25,286,286,1,measured,525,0,1,240,0,284,8080,-1,-1,-1,0,-1,-3,40.58601760864258,40.62187576293945,0.9991172698546434,1,0.7099522292993631,0 -3 -3,45.677 33.518 44.422,0,23,286,-1,8.930817604064941,9.645468711853027,0.9259080995296919,0.18687238493723848,1
9513,523,14023,Program,0,1.0,0.25,23,24,1,measured,262,0,1,239,0,21,8080,-1,-1,23,1,24,-2,40.317138671875,40.354835510253906,0.9990658656415703,1,0.714240506329114,0 -3 3,44.558 34.292 43.852,0,1.0,0.25,286,286,1,measured,525,0,1,240,0,284,8080,-1,-1,-1,0,-1,0,5.321123123168945,13.035848617553711,0.4081915400585175,1,0.72484375,0 0 0,5.274 5.327 5.653,0,23,286,-1,5.487813949584961,6.733017444610596,0.8150601115667165,0.12902719665271967,1
9514,524,14024,Program,0,1.0,0.25,23,24,1,measured,262,0,1,239,0,21,8080,-1,-1,23,1,24,0,5.210126876831055,13.176739692687988,0.39540333939527156,1,0.68359375,0 0 0,5.042 5.309 5.297,0,1.0,0.25,286,286,1,measured,525,0,1,240,0,284,8080,-1,-1,-1,0,-1,0,7.802617073059082,14.75377368927002,0.5288556837993044,1,0.69875,0 0 0,7.078 7.751 11.962,0,23,286,-1,6.103690147399902,9.42579174041748,0.6475519845433761,0.3637029288702929,1
9515,525,14025,Program,0,1.0,0.25,23,24,1,measured,262,0,1,239,0,21,8080,-1,-1,23,1,24,0,7.606191635131836,14.604982376098633,0.5207943042491808,1,0.68171875,0 0 0,6.891 7.842 11.808,0,1.0,0.25,286,286,1,measured,525,0,1,240,0,284,8080,-1,-1,-1,0,-1,0,5.308330059051514,13.251346588134766,0.40058797222952297,1,0.718515625,0 0 0,5.095 5.391 6.033,0,23,286,-1,5.785376071929932,8.685306549072266,0.6661107514446805,0.35094142259414224,1
9516,526,14026,Program,0,1.0,0.25,23,24,1,measured,262,0,1,239,0,21,8080,-1,-1,23,1,24,0,5.289999961853027,13.19222640991211,0.40099372141447887,1,0.726640625,0 0 0,5.128 5.363 5.549,0,1.0,0.25,286,286,1,measured,525,0,1,240,0,284,8080,-1,-1,-1,0,-1,0,5.191142559051514,13.234296798706055,0.3922492171672516,1,0.70015625,0 0 0,5.128 5.207 5.720,0,23,286,-1,5.91713285446167,9.64163875579834,0.6137061348521478,0.3762029288702929,1
9517,527,14027,Program,0,1.0,0.25,23,24,1,measured,262,0,1,239,0,21,8080,-1,-1,23,1,24,0,7.808144569396973,14.502054214477539,0.5384164514846475,1,0.678203125,0 0 0,6.762 8.096 9.977,0,1.0,0.25,286,286,1,measured,525,0,1,240,0,284,8080,-1,-1,-1,0,-1,0,7.717480659484863,14.389917373657227,0.5363116728948563,1,0.68125,0 0 0,6.489 7.832 9.966,0,23,286,-1,6.178186416625977,9.809995651245117,0.6297848272584933,0.41134937238493724,1
9518,528,14028,Program,0,1.0,0.25,23,24,1,measured,262,0,1,239,0,21,8080,-1,-1,23,1,24,0,5.447929859161377,12.653576850891113,0.4305446533703008,1,0.71703125,0 0 0,5.089 5.740 5.419,0,1.0,0.25,286,286,1,measured,525,0,1,240,0,284,8080,-1,-1,-1,0,-1,0,5.368027210235596,12.704923629760742,0.42251550396267007,1,0.718203125,0 0 0,5.040 5.561 5.834,0,23,286,-1,5.3018717765808105,7.900222301483154,0.6711041252073957,0.3810669456066946,1
9519,529,14029,Program,0,1.0,0.25,23,24,1,measured,262,0,1,239,0,21,8080,-1,-1,23,1,24,0,5.033505916595459,13.035996437072754,0.38612360327752115,1,0.700859375,0 0 0,5.039 5.002 5.114,0,1.0,0.25,286,286,1,measured,525,0,1,240,0,284,8080,-1,-1,-1,0,-1,0,9.489004135131836,16.34672737121582,0.5804834154046378,1,0.6896875,0 0 0,7.547 10.492 9.446,0,23,286,-1,6.352237701416016,9.649127006530762,0.6583225298119372,0.363755230125523,1
9520,530,14030,Program,0,1.0,0.25,23,24,1,measured,262,0,1,239,0,21,8080,-1,-1,23,1,24,0,9.649794578552246,16.3172664642334,0.591385487250827,1,0.683828125,0 0 0,7.921 10.975 8.856,0,1.0,0.25,286,286,1,measured,525,0,1,240,0,284,8080,-1,-1,-1,0,-1,0,5.509355545043945,13.041420936584473,0.42245055748402494,1,0.7146875,0 0 0,5.171 5.743 5.892,0,23,286,-1,5.786073207855225,8.918244361877441,0.6487906109176356,0.3862970711297071,1
9521,531,14031,Program,0,1.0,0.25,23,24,1,measured,262,0,1,239,0,21,8080,-1,-1,23,1,24,0,5.495254039764404,12.810111999511719,0.428977829387742,1,0.706953125,0 0 0,5.124 5.829 5.446,0,1.0,0.25,286,286,1,measured,525,0,1,240,0,284,8080,-1,-1,-1,0,-1,0,5.093623161315918,13.426445007324219,0.37937243689877037,1,0.73453125,0 0 0,4.885 5.132 5.886,0,23,286,-1,5.412538051605225,8.571932792663574,0.6314256285627474,0.3776673640167364,1
9522,532,14032,Program,0,1.0,0.25,23,24,1,measured,262,0,1,239,0,21,8080,-1,-1,23,1,24,-1,14.532272338867188,14.885546684265137,0.9762672911589213,1,0.6479559748427673,0 -1 -1,9.268 18.031 9.869,0,1.0,0.25,286,286,1,measured,525,0,1,240,0,284,8080,-1,-1,-1,0,-1,-1,14.763541221618652,14.7817964553833,0.9987650192708478,1,0.6613207547169812,0 -1 -1,9.413 17.970 11.224,0,23,286,-1,4.709262371063232,5.668733596801758,0.8307432851880975,0.4432531380753138,1
9523,533,14033,Program,0,1.0,0.25,23,24,1,measured,262,0,1,239,0,21,8080,-1,-1,23,1,24,0,6.97628927230835,11.748693466186523,0.593792772991018,1,0.718671875,0 0 0,5.185 8.511 7.011,0,1.0,0.25,286,286,1,measured,525,0,1,240,0,284,8080,-1,-1,-1,0,-1,0,7.099472522735596,11.65578842163086,0.6090941484113048,1,0.704609375,0 0 0,5.376 8.362 7.362,0,23,286,-1,4.6975555419921875,6.359142303466797,0.7387089827241692,0.3546548117154812,1
9524,534,14034,Program,0,1.0,0.25,23,24,1,measured,262,0,1,239,0,21,8080,-1,-1,23,1,24,0,5.042831897735596,13.103066444396973,0.3848589121588383,1,0.684765625,0 0 0,4.965 5.084 5.410,0,1.0,0.25,286,286,1,measured,525,0,1,240,0,284,8080,-1,-1,-1,0,-1,0,11.604775428771973,16.258176803588867,0.7137808604843261,1,0.670859375,0 0 0,9.607 13.975 7.928,0,23,286,-1,5.760862827301025,7.961904048919678,0.7235534103281107,0.384571129707113,1
9525,535,14035,Program,0,1.0,0.25,23,24,1,measured,262,0,1,239,0,21,8080,-1,-1,23,1,24,0,11.590195655822754,16.02149200439453,0.7234155004192919,1,0.67546875,0 0 0,9.463 14.025 6.955,0,1.0,0.25,286,286,1,measured,525,0,1,240,0,284,8080,-1,-1,-1,0,-1,0,5.109697341918945,13.031682014465332,0.3920980680964373,1,0.681640625,0 0 0,4.904 5.205 5.764,0,23,286,-1,5.139277458190918,6.869934558868408,0.7480824473875981,0.32144351464435145,1
9526,536,14036,Program,0,1.0,0.25,23,24,1,measured,262,0,1,239,0,21,8080,-1,-1,23,1,24,0,5.116816520690918,12.91386604309082,0.3962265446781925,1,0.732890625,0 0 0,5.090 5.096 5.349,0,1.0,0.25,286,286,1,measured,525,0,1,240,0,284,8080,-1,-1,-1,0,-1,0,5.220761775970459,13.121845245361328,0.3978679582291247,1,0.6809375,0 0 0,5.119 5.293 5.721,0,23,286,-1,6.00054931640625,9.568970680236816,0.6270840947187171,0.38070083682008365,1
9527,537,14037,Program,0,1.0,0.25,23,24,1,measured,262,0,1,239,0,21,8080,-1,-1,23,1,24,0,12.086816787719727,16.779226303100586,0.720344107015604,1,0.645859375,0 0 0,9.582 14.994 7.786,0,1.0,0.25,286,286,1,measured,525,0,1,240,0,284,8080,-1,-1,-1,0,-1,0,12.05948257446289,16.986270904541016,0.7099546829456826,1,0.648359375,0 0 0,9.626 15.133 8.493,0,23,286,-1,4.9056715965271,6.078936576843262,0.8069950285736608,0.40413179916317993,1
9528,538,14038,Program,0,1.0,0.25,23,24,1,measured,262,0,1,239,0,21,8080,-1,-1,23,1,24,0,5.675986289978027,12.101738929748535,0.46902237132428126,1,0.701953125,0 0 0,5.329 5.973 5.649,0,1.0,0.25,286,286,1,measured,525,0,1,240,0,284,8080,-1,-1,-1,0,-1,0,5.491445541381836,12.409984588623047,0.4425022047502108,1,0.718984375,0 0 0,5.193 5.645 6.135,0,23,286,-1,4.929296016693115,7.123281955718994,0.6919978806588701,0.36935146443514644,1
9529,539,14039,Program,0,1.0,0.25,23,24,1,measured,262,0,1,239,0,21,8080,-1,-1,23,1,24,0,5.058340072631836,12.542806625366211,0.403286140312647,1,0.6840625,0 0 0,4.851 5.213 5.063,0,1.0,0.25,286,286,1,measured,525,0,1,240,0,284,8080,-1,-1,-1,0,-1,0,8.211230278015137,14.392708778381348,0.570513195566693,1,0.693125,0 0 0,8.548 8.217 6.493,0,23,286,-1,6.069322109222412,9.01129150390625,0.6735241121199396,0.3651150627615063,1
9530,540,14040,Program,0,1.0,0.25,23,24,1,measured,262,0,1,239,0,21,8080,-1,-1,23,1,24,0,8.243085861206055,14.123791694641113,0.583631225907535,1,0.682265625,0 0 0,8.548 8.165 5.927,0,1.0,0.25,286,286,1,measured,525,0,1,240,0,284,8080,-1,-1,-1,0,-1,0,5.042548656463623,12.913747787475586,0.3904791033129937,1,0.6928125,0 0 0,4.927 5.043 5.610,0,23,286,-1,5.900335788726807,8.710775375366211,0.6773605717595202,0.3545502092050209,1
9531,541,14041,Program,0,1.0,0.25,24,24,1,measured,262,0,1,239,0,21,8080,-1,-1,23,1,24,0,5.1298828125,12.737696647644043,0.4027323741807606,1,0.7325,0 0 0,5.017 5.248 4.925,0,1.0,0.25,286,286,1,measured,525,0,1,240,0,284,8080,-1,-1,-1,0,-1,0,5.147070407867432,13.024665832519531,0.39517869203341904,1,0.68828125,0 0 0,4.932 5.349 5.483,0,23,286,-1,5.8294758796691895,9.421377182006836,0.6187498671428268,0.39628661087866107,1
9532,542,14042,Program,0,1.0,0.25,24,24,1,measured,262,0,1,239,0,21,8080,-1,-1,23,1,24,0,7.680898666381836,13.817855834960938,0.5558676221637935,1,0.686171875,0 0 0,7.730 7.721 5.907,0,1.0,0.25,286,286,1,measured,525,0,1,240,0,284,8080,-1,-1,-1,0,-1,0,7.769130706787109,14.012205123901367,0.554454537175943,1,0.6915625,0 0 0,7.861 7.905 6.403,0,23,286,-1,6.037693023681641,9.00221061706543,0.6706900427586117,0.4101987447698745,1
9533,543,14043,Program,0,1.0,0.25,24,24,1,measured,262,0,1,239,0,21,8080,-1,-1,23,1,24,0,5.206230640411377,12.649263381958008,0.41158370121671806,1,0.726484375,0 0 0,5.009 5.323 5.233,0,1.0,0.25,286,286,1,measured,525,0,1,240,0,284,8080,-1,-1,-1,0,-1,0,5.467304706573486,13.22559928894043,0.4133880504867088,1,0.711953125,0 0 0,5.526 5.459 5.593,0,23,286,-1,5.741566181182861,9.231447219848633,0.62195732093207,0.38023012552301255,1
9534,544,14044,Program,0,1.0,0.25,23,24,1,measured,262,0,1,239,0,21,8080,-1,-1,23,1,24,0,4.928427696228027,12.789436340332031,0.3853514388813228,1,0.696484375,0 0 0,4.857 5.002 5.025,0,1.0,0.25,286,286,1,measured,525,0,1,240,0,284,8080,-1,-1,-1,0,-1,0,6.550380706787109,13.519948959350586,0.4844974434801231,1,0.68828125,0 0 0,6.561 6.646 6.034,0,23,286,-1,6.310196876525879,9.953932762145996,0.6339400744721774,0.3903242677824268,1
9535,545,14045,Program,0,1.0,0.25,24,24,1,measured,262,0,1,239,0,21,8080,-1,-1,23,1,24,0,6.452919960021973,13.199705123901367,0.4888684936103116,1,0.69015625,0 0 0,6.455 6.498 5.772,0,1.0,0.25,286,286,1,measured,525,0,1,240,0,284,8080,-1,-1,-1,0,-1,0,5.119619369506836,13.066872596740723,0.3918014300364286,1,0.6809375,0 0 0,5.126 5.117 5.553,0,23,286,-1,6.0034589767456055,9.143003463745117,0.6566178171703869,0.3695083682008368,1
9536,546,14046,Program,0,1.0,0.25,24,24,1,measured,262,0,1,239,0,21,8080,-1,-1,23,1,24,0,5.470576286315918,13.03760814666748,0.4195996861367736,1,0.708984375,0 0 0,5.308 5.620 5.181,0,1.0,0.25,286,286,1,measured,525,0,1,240,0,284,8080,-1,-1,-1,0,-1,0,5.121777534484863,13.104991912841797,0.39082645518200965,1,0.690703125,0 0 0,5.088 5.109 5.500,0,23,286,-1,5.992740631103516,9.964006423950195,0.601438856632904,0.36338912133891216,1
9537,547,14047,Program,0,1.0,0.25,24,24,1,measured,262,0,1,239,0,21,8080,-1,-1,23,1,24,0,8.398603439331055,13.267433166503906,0.6330239869257367,1,0.6775,0 0 0,7.464 9.390 6.328,0,1.0,0.25,286,286,1,measured,525,0,1,240,0,284,8080,-1,-1,-1,0,-1,0,8.10611343383789,13.326837539672852,0.6082548398828069,1,0.67140625,0 0 0,7.208 9.060 7.004,0,23,286,-1,4.8162407875061035,6.436929702758789,0.7482201934630297,0.37923640167364014,1
9538,548,14048,Program,0,1.0,0.25,24,24,1,measured,262,0,1,239,0,21,8080,-1,-1,23,1,24,0,5.512431621551514,12.576051712036133,0.43832768405967537,1,0.7153125,0 0 0,5.098 5.897 5.514,0,1.0,0.25,286,286,1,measured,525,0,1,240,0,284,8080,-1,-1,-1,0,-1,0,5.686044692993164,12.732331275939941,0.44658315667123594,1,0.70328125,0 0 0,5.197 6.004 6.079,0,23,286,-1,5.063409805297852,7.5268964767456055,0.672708841013197,0.36647489539748956,1
9539,549,14049,Program,0,1.0,0.25,24,24,1,measured,262,0,1,239,0,21,8080,-1,-1,23,1,24,0,5.250722885131836,13.087313652038574,0.4012070792170512,1,0.726328125,0 0 0,5.091 5.426 4.974,0,1.0,0.25,286,286,1,measured,525,0,1,240,0,284,8080,-1,-1,-1,0,-1,0,6.341015815734863,13.399263381958008,0.47323615000157293,1,0.690625,0 0 0,6.762 6.136 5.620,0,23,286,-1,6.3284592628479,10.200581550598145,0.6204018105690072,0.37625523012552303,1
9540,550,14050,Program,0,1.0,0.25,24,24,1,measured,262,0,1,239,0,21,8080,-1,-1,23,1,24,0,6.199336051940918,13.0554838180542,0.47484537059959164,1,0.71015625,0 0 0,6.506 6.010 5.220,0,1.0,0.25,286,286,1,measured,525,0,1,240,0,284,8080,-1,-1,-1,0,-1,0,5.435351371765137,13.059089660644531,0.4162121183795345,1,0.705390625,0 0 0,5.380 5.489 5.520,0,23,286,-1,5.830383777618408,9.25150203704834,0.6302094248339561,0.3708682008368201,1
9541,551,14051,Program,0,1.0,0.25,24,24,1,measured,262,0,1,239,0,21,8080,-1,-1,23,1,24,0,5.337001800537109,12.691125869750977,0.420530207903598,1,0.72671875,0 0 0,5.238 5.427 5.177,0,1.0,0.25,286,286,1,measured,525,0,1,240,0,284,8080,-1,-1,-1,0,-1,0,5.141582012176514,13.141352653503418,0.39125211443175095,1,0.68734375,0 0 0,5.088 5.222 5.494,0,23,286,-1,5.759125232696533,8.929781913757324,0.6449345894801707,0.3897489539748954,1
9542,552,14052,Program,0,1.0,0.25,24,24,1,measured,262,0,1,239,0,21,8080,-1,-1,23,1,24,0,6.71902322769165,13.514602661132812,0.49716764866607277,1,0.691640625,0 0 0,7.056 6.470 5.555,0,1.0,0.25,286,286,1,measured,525,0,1,240,0,284,8080,-1,-1,-1,0,-1,0,6.741455078125,13.777329444885254,0.48931508135110485,1,0.689765625,0 0 0,7.190 6.508 5.999,0,23,286,-1,5.102759838104248,7.367873668670654,0.6925688560326404,0.3609832635983264,1
9543,553,14053,Program,0,1.0,0.25,24,24,1,measured,262,0,1,239,0,21,8080,-1,-1,23,1,24,0,5.286230564117432,12.828567504882812,0.4120670965098313,1,0.73125,0 0 0,5.091 5.404 5.524,0,1.0,0.25,286,286,1,measured,525,0,1,240,0,284,8080,-1,-1,-1,0,-1,0,5.853583812713623,13.519231796264648,0.43298198454818737,1,0.722890625,0 0 0,5.726 5.916 6.166,0,23,286,-1,5.759575843811035,8.95458984375,0.6431981748255085,0.3666317991631799,1
9544,554,14054,Program,0,1.0,0.25,24,24,1,measured,262,0,1,239,0,21,8080,-1,-1,23,1,24,0,4.996240139007568,12.950019836425781,0.3858094583727322,1,0.689375,0 0 0,4.936 5.000 4.940,0,1.0,0.25,286,286,1,measured,525,0,1,240,0,284,8080,-1,-1,-1,0,-1,0,6.829179763793945,13.746167182922363,0.4968061040519149,1,0.72046875,0 0 0,7.295 6.658 5.594,0,23,286,-1,6.12807559967041,9.719423294067383,0.6304978612682619,0.3804916317991632,1
9545,555,14055,Program,0,1.0,0.25,24,24,1,measured,262,0,1,239,0,21,8080,-1,-1,23,1,24,0,6.434218883514404,13.277220726013184,0.4846058536112353,1,0.703515625,0 0 0,7.060 5.938 4.944,0,1.0,0.25,286,286,1,measured,525,0,1,240,0,284,8080,-1,-1,-1,0,-1,0,5.582841873168945,12.58265495300293,0.4436934728021422,1,0.715703125,0 0 0,5.251 5.935 5.547,0,23,286,-1,5.573838233947754,8.614171981811523,0.6470544407189325,0.37536610878661086,1
9546,556,14056,Program,0,1.0,0.25,24,24,1,measured,262,0,1,239,0,21,8080,-1,-1,23,1,24,0,5.643330097198486,12.389229774475098,0.4555029004971038,1,0.71203125,0 0 0,5.272 6.041 5.185,0,1.0,0.25,286,286,1,measured,525,0,1,240,0,284,8080,-1,-1,-1,0,-1,0,5.021386623382568,13.200864791870117,0.3803831569031022,1,0.689765625,0 0 0,4.878 5.162 5.234,0,23,286,-1,5.171657085418701,7.987172603607178,0.6474953456099184,0.30784518828451884,1
9547,557,14057,Program,0,1.0,0.25,24,24,1,measured,262,0,1,239,0,21,8080,-1,-1,23,1,24,0,5.882021427154541,13.021766662597656,0.451706867398372,1,0.713828125,0 0 0,5.749 6.045 5.285,0,1.0,0.25,286,286,1,measured,525,0,1,240,0,284,8080,-1,-1,-1,0,-1,0,5.760390758514404,13.186595916748047,0.43683682998113565,1,0.72203125,0 0 0,5.711 5.898 5.557,0,23,286,-1,5.475392818450928,8.314896583557129,0.6585040190732647,0.384571129707113,1
9548,558,14058,Program,0,1.0,0.25,24,24,1,measured,262,0,1,239,0,21,8080,-1,-1,23,1,24,0,5.146162033081055,12.796000480651855,0.40216957172378115,1,0.68546875,0 0 0,4.931 5.308 5.153,0,1.0,0.25,286,286,1,measured,525,0,1,240,0,284,8080,-1,-1,-1,0,-1,0,5.112705230712891,13.166598320007324,0.3883087420494838,1,0.7340625,0 0 0,4.907 5.352 5.274,0,23,286,-1,5.7076802253723145,8.90115737915039,0.6412289977864776,0.39701882845188285,1
9549,559,14059,Program,0,1.0,0.25,23,24,1,measured,262,0,1,239,0,21,8080,-1,-1,23,1,24,0,4.867578029632568,12.848270416259766,0.37885083921276613,1,0.703515625,0 0 0,4.743 4.967 4.918,0,1.0,0.25,286,286,1,measured,525,0,1,240,0,284,8080,-1,-1,-1,0,-1,0,10.658622741699219,16.654470443725586,0.6399856889904748,1,0.6728125,0 0 0,11.854 9.581 8.647,0,23,286,-1,6.7374267578125,10.017525672912598,0.6725639621798535,0.4188284518828452,1
9550,560,14060,Program,0,1.0,0.25,23,24,1,measured,262,0,1,239,0,21,8080,-1,-1,23,1,24,0,10.412217140197754,16.08238983154297,0.6474297196661593,1,0.657109375,0 0 0,11.691 9.252 8.152,0,1.0,0.25,286,286,1,measured,525,0,1,240,0,284,8080,-1,-1,-1,0,-1,0,5.422431468963623,12.81180191040039,0.4232372235291736,1,0.719609375,0 0 0,5.208 5.643 5.637,0,23,286,-1,5.826147079467773,8.868974685668945,0.6569132606593221,0.34252092050209204,1
9551,561,14061,Program,0,1.0,0.25,24,24,1,measured,262,0,1,239,0,21,8080,-1,-1,23,1,24,0,5.536396503448486,12.569830894470215,0.44045115244025174,1,0.71265625,0 0 0,5.173 5.882 5.362,0,1.0,0.25,286,286,1,measured,525,0,1,240,0,284,8080,-1,-1,-1,0,-1,0,5.06494140625,13.147316932678223,0.3852452505849973,1,0.691953125,0 0 0,4.886 5.218 5.330,0,23,286,-1,5.232412338256836,8.175403594970703,0.6400188415744613,0.3776673640167364,1
9552,562,14062,Program,0,1.0,0.25,23,24,1,measured,262,0,1,239,0,21,8080,-1,-1,23,1,24,0,9.320517539978027,13.6344633102417,0.6835998841976275,1,0.6815625,0 0 0,7.992 10.369 8.450,0,1.0,0.25,286,286,1,measured,525,0,1,240,0,284,8080,-1,-1,-1,0,-1,0,9.211103439331055,13.837224960327148,0.6656756297408118,1,0.6809375,0 0 0,8.014 9.833 9.038,0,23,286,-1,4.809443473815918,6.488369941711426,0.741240637790659,0.3807531380753138,1
9553,563,14063,Program,0,1.0,0.25,24,24,1,measured,262,0,1,239,0,21,8080,-1,-1,23,1,24,0,5.309472560882568,13.010308265686035,0.40809736806052527,1,0.716953125,0 0 0,5.262 5.334 5.217,0,1.0,0.25,286,286,1,measured,525,0,1,240,0,284,8080,-1,-1,-1,0,-1,0,5.258535385131836,12.961978912353516,0.40568924087047753,1,0.7253125,0 0 0,4.996 5.496 5.723,0,23,286,-1,5.6936540603637695,8.674018859863281,0.6564032373401494,0.37819037656903765,1
9554,564,14064,Program,0,1.0,0.25,23,24,1,measured,262,0,1,239,0,21,8080,-1,-1,23,1,24,0,5.41604471206665,13.40847110748291,0.4039270897219669,1,0.7125,0 0 0,5.346 5.464 5.188,0,1.0,0.25,286,286,1,measured,525,0,1,240,0,284,8080,-1,-1,-1,0,-1,0,10.562519073486328,16.270587921142578,0.6491786974557334,1,0.6765625,0 0 0,8.429 12.026 8.636,0,23,286,-1,5.9989776611328125,8.907114028930664,0.6735040824275845,0.3356694560669456,1
9555,565,14065,Program,0,1.0,0.25,23,24,1,measured,262,0,1,239,0,21,8080,-1,-1,23,1,24,0,10.790946960449219,16.369369506835938,0.6592157966709018,1,0.666875,0 0 0,8.818 12.319 8.092,0,1.0,0.25,286,286,1,measured,525,0,1,240,0,284,8080,-1,-1,-1,0,-1,0,5.154130935668945,12.788532257080078,0.403027558758002,1,0.6934375,0 0 0,4.909 5.395 5.372,0,23,286,-1,5.67875337600708,8.411270141601562,0.6751362493900127,0.3797071129707113,1
9556,566,14066,Program,0,1.0,0.25,23,24,1,measured,262,0,1,239,0,21,8080,-1,-1,23,1,24,0,5.393661975860596,12.791028022766113,0.4216754092212671,1,0.717265625,0 0 0,5.179 5.638 5.400,0,1.0,0.25,286,286,1,measured,525,0,1,240,0,284,8080,-1,-1,-1,0,-1,0,5.144511699676514,13.148850440979004,0.3912518225656749,1,0.687421875,0 0 0,4.902 5.346 5.614,0,23,286,-1,5.804137706756592,9.141260147094727,0.6349384672748059,0.3678347280334728,1
9557,567,14067,Program,0,1.0,0.25,23,24,1,measured,262,0,1,239,0,21,8080,-1,-1,23,1,24,0,11.02676773071289,15.93684196472168,0.6919041899971217,1,0.676796875,0 0 0,8.448 14.085 6.706,0,1.0,0.25,286,286,1,measured,525,0,1,240,0,284,8080,-1,-1,-1,0,-1,0,11.304160118103027,16.308244705200195,0.6931561503058928,1,0.6771875,0 0 0,8.820 14.133 7.709,0,23,286,-1,5.391277313232422,7.710382461547852,0.6992230722819589,0.39581589958158997,1
9558,568,14068,Program,0,1.0,0.25,23,24,1,measured,262,0,1,239,0,21,8080,-1,-1,23,1,24,0,5.156123161315918,13.055002212524414,0.3949538328204458,1,0.734375,0 0 0,4.950 5.292 5.396,0,1.0,0.25,286,286,1,measured,525,0,1,240,0,284,8080,-1,-1,-1,0,-1,0,5.243203163146973,13.239612579345703,0.39602391170619056,1,0.735625,0 0 0,5.110 5.296 5.696,0,23,286,-1,5.7193989753723145,9.013919830322266,0.6345074155344285,0.38776150627615064,1
9559,569,14069,Program,0,1.0,0.25,23,24,1,measured,262,0,1,239,0,21,8080,-1,-1,23,1,24,0,5.01220703125,13.19617748260498,0.37982264469063276,1,0.695078125,0 0 0,4.810 5.133 4.973,0,1.0,0.25,286,286,1,measured,525,0,1,240,0,284,8080,-1,-1,-1,0,-1,0,10.924189567565918,16.681859970092773,0.6548544099489384,1,0.667890625,0 0 0,8.541 13.962 7.173,0,23,286,-1,6.327783107757568,9.53441047668457,0.6636784857576163,0.35591004184100417,1
9560,570,14070,Program,0,1.0,0.25,23,24,1,measured,262,0,1,239,0,21,8080,-1,-1,23,1,24,0,10.961718559265137,16.521472930908203,0.6634831292044225,1,0.6709375,0 0 0,8.525 13.852 6.403,0,1.0,0.25,286,286,1,measured,525,0,1,240,0,284,8080,-1,-1,-1,0,-1,0,5.825302600860596,12.72847843170166,0.45765899138046584,1,0.705703125,0 0 0,5.225 6.272 6.110,0,23,286,-1,5.3816070556640625,7.737061977386475,0.6955620972654961,0.3705543933054393,1
9561,571,14071,Program,0,1.0,0.25,23,24,1,measured,262,0,1,239,0,21,8080,-1,-1,23,1,24,0,5.963964939117432,12.426385879516602,0.4799436454768646,1,0.719921875,0 0 0,5.533 6.372 5.381,0,1.0,0.25,286,286,1,measured,525,0,1,240,0,284,8080,-1,-1,-1,0,-1,0,5.101386547088623,13.405070304870605,0.3805564932572627,1,0.729375,0 0 0,4.986 5.203 5.460,0,23,286,-1,5.434386730194092,8.282919883728027,0.6560955323098151,0.3674686192468619,1
9562,572,14072,Program,0,1.0,0.25,23,24,1,measured,262,0,1,239,0,21,8080,-1,-1,23,1,24,0,13.771484375,18.12957000732422,0.7596145065457381,1,0.64375,0 0 0,12.028 15.910 7.632,0,1.0,0.25,286,286,1,measured,525,0,1,240,0,284,8080,-1,-1,-1,0,-1,0,13.947118759155273,18.41655921936035,0.7573140342357441,1,0.636484375,0 0 0,12.244 16.243 8.323,0,23,286,-1,4.957928657531738,6.596202373504639,0.7516338002979635,0.4497907949790795,1
9563,573,14073,Program,0,1.0,0.25,23,24,1,measured,262,0,1,239,0,21,8080,-1,-1,23,1,24,0,12.225332260131836,14.32091236114502,0.8536699305067437,1,0.664140625,0 0 0,8.369 15.821 9.995,0,1.0,0.25,286,286,1,measured,525,0,1,240,0,284,8080,-1,-1,-1,0,-1,0,12.344286918640137,14.382920265197754,0.8582601231899698,1,0.658203125,0 0 0,8.574 15.608 10.506,0,23,286,-1,4.748329162597656,5.5522356033325195,0.8552103155974957,0.4362970711297071,1
9564,574,14074,Program,0,1.0,0.25,23,24,1,measured,262,0,1,239,0,21,8080,-1,-1,23,1,24,0,5.130663871765137,12.741853713989258,0.4026622803032333,1,0.686484375,0 0 0,5.065 5.164 5.256,0,1.0,0.25,286,286,1,measured,525,0,1,240,0,284,8080,-1,-1,-1,0,-1,0,13.163427352905273,14.29610824584961,0.9207699834482457,1,0.63921875,0 0 0,9.449 16.472 11.956,0,23,286,-1,5.513842582702637,7.786964416503906,0.7080862692805489,0.35209205020920503,1
9565,575,14075,Program,0,1.0,0.25,23,24,1,measured,262,0,1,239,0,21,8080,-1,-1,23,1,24,0,12.628808975219727,13.888138771057129,0.9093233573917158,1,0.6484375,0 0 0,9.214 15.891 11.017,0,1.0,0.25,286,286,1,measured,525,0,1,240,0,284,8080,-1,-1,-1,0,-1,-1,16.4865665435791,17.158241271972656,0.9608541039989507,1,0.6316037735849057,-1 -1 0,11.656 20.652 15.107,0,23,286,-1,5.296786308288574,6.045278072357178,0.8761857179918356,0.42311715481171547,1
9566,576,14076,Program,0,1.0,0.25,23,24,1,measured,262,0,1,239,0,21,8080,-1,-1,23,1,24,-1,16.539947509765625,17.224550247192383,0.9602542459685791,1,0.6282232704402516,-1 -1 0,12.041 20.757 14.538,0,1.0,0.25,286,286,1,measured,525,0,1,240,0,284,8080,-1,-1,-1,0,-1,0,5.190224647521973,12.757184028625488,0.40684720357374893,1,0.73421875,0 0 0,4.996 5.335 5.500,0,23,286,-1,4.763976573944092,6.300628185272217,0.756111364431873,0.3112970711297071,1
9567,577,14077,Program,0,1.0,0.25,23,24,1,measured,262,0,1,239,0,21,8080,-1,-1,23,1,24,-2,19.749279022216797,20.850677490234375,0.9471768498393671,1,0.600632911392405,-2 -2 -1,14.347 24.339 20.022,0,1.0,0.25,286,286,1,measured,525,0,1,240,0,284,8080,-1,-1,-1,0,-1,-2,20.159631729125977,20.79098892211914,0.9696331331155934,1,0.5994462025316456,-2 -2 -1,14.529 24.229 20.208,0,23,286,-1,4.88477087020874,5.346913814544678,0.9135682824961914,0.45967573221757324,1
9568,578,14078,Program,0,1.0,0.25,23,24,1,measured,262,0,1,239,0,21,8080,-1,-1,23,1,24,-2,20.683652877807617,21.11834716796875,0.9794162731247995,1,0.598259493670886,-2 -1 -1,14.506 25.751 20.062,0,1.0,0.25,286,286,1,measured,525,0,1,240,0,284,8080,-1,-1,-1,0,-1,-2,20.591524124145508,20.904008865356445,0.9850514442840288,1,0.5949367088607594,-2 -2 -1,14.367 25.374 20.261,0,23,286,-1,4.845333576202393,5.347034454345703,0.9061721254226139,0.4603556485355649,1
9569,579,14079,Program,0,1.0,0.25,23,24,1,measured,262,0,1,239,0,21,8080,-1,-1,23,1,24,0,5.321845531463623,13.605719566345215,0.3911476717944131,1,0.7221875,0 0 0,5.091 5.511 5.531,0,1.0,0.25,286,286,1,measured,525,0,1,240,0,284,8080,-1,-1,-1,0,-1,-2,20.764211654663086,21.50017738342285,0.9657693182881731,1,0.5935917721518987,-2 -2 -1,14.351 25.544 20.327,0,23,286,-1,5.79774808883667,7.3104987144470215,0.7930714873636663,0.3631799163179916,1
9570,580,14080,Program,0,1.0,0.25,23,24,1,measured,262,0,1,239,0,21,8080,-1,-1,23,1,24,-2,20.615842819213867,21.307350158691406,0.9675460658257653,1,0.6039556962025316,-2 -2 -1,14.497 25.860 19.324,0,1.0,0.25,286,286,1,measured,525,0,1,240,0,284,8080,-1,-1,-1,0,-1,-1,19.903949737548828,19.984067916870117,0.9959908973661136,1,0.5990566037735849,-2 -1 -1,14.583 23.447 18.325,0,23,286,-1,5.420538425445557,6.09181022644043,0.8898074995702696,0.37656903765690375,1
9571,581,14081,Program,0,1.0,0.25,23,25,1,measured,262,0,1,238,0,21 23,8080 8080,23,25,24,1,25,0,19.74609375,19.7938289642334,0.9975883789680282,1,0.601796875,-1 0 0,14.799 23.233 17.998,0,1.0,0.25,286,286,1,measured,525,0,1,240,0,284,8080,-1,-1,-1,0,-1,0,5.317587852478027,14.038443565368652,0.37878756485483556,1,0.72484375,0 0 0,5.085 5.544 5.620,0,23,286,-2,4.009786605834961,5.220458030700684,0.7680909572022309,0.30962343096234307,1
9572,582,14082,Program,0,1.0,0.25,23,24,1,measured,262,0,1,239,0,21,8080,-1,-1,23,1,24,-2,18.328184127807617,19.470909118652344,0.9413111640611561,1,0.5978639240506329,-2 -2 -2,14.606 21.635 17.187,0,1.0,0.25,286,286,1,measured,525,0,1,240,0,284,8080,-1,-1,-1,0,-1,-1,18.362009048461914,19.504281997680664,0.9414347603590544,1,0.6086477987421384,-2 -1 -1,14.583 21.356 17.199,0,23,286,-1,4.0605387687683105,4.202164173126221,0.9662970320713226,0.43002092050209206,1
9573,583,14083,Program,0,1.0,0.25,23,24,1,measured,262,0,1,239,0,21,8080,-1,-1,23,1,24,-2,19.229825973510742,21.417531967163086,0.8978544307996603,1,0.5924841772151899,-2 -2 -1,15.202 22.761 18.531,0,1.0,0.25,286,286,1,measured,525,0,1,240,0,284,8080,-1,-1,-1,0,-1,-2,19.311738967895508,21.388336181640625,0.9029098291653171,1,0.5997626582278481,-2 -2 -1,15.095 22.253 19.436,0,23,286,-1,5.007032871246338,5.462656497955322,0.9165930299883354,0.46014644351464434,1
9574,584,14084,Program,0,1.0,0.25,23,24,1,measured,262,0,1,239,0,21,8080,-1,-1,23,1,24,0,5.535986423492432,14.846855163574219,0.3728726630993619,1,0.70140625,0 0 0,5.362 5.738 5.018,0,1.0,0.25,286,286,1,measured,525,0,1,240,0,284,8080,-1,-1,-1,0,-1,-2,20.733179092407227,21.96074104309082,0.9441019796064758,1,0.5848892405063291,-2 -2 -1,16.322 24.190 18.435,0,23,286,-1,5.8464741706848145,7.669160842895508,0.762335578878988,0.35397489539748955,1
9575,585,14085,Program,0,1.0,0.25,23,25,1,measured,262,0,1,238,0,21 23,8080 8080,23,25,24,1,25,-1,20.48665428161621,21.954364776611328,0.9331472119585662,1,0.5855345911949685,-1 -1 0,16.249 24.113 17.850,0,1.0,0.25,286,298,1,measured,525,0,1,228,0,284,8080,-1,-1,297,1,298,-1,20.679855346679688,20.850671768188477,0.9918076298256538,1,0.5869496855345911,-2 -1 -1,15.871 23.825 17.712,0,23,286,-2,4.733925819396973,5.401854991912842,0.8763518877282284,0.38556485355648534,1
9576,586,14086,Program,0,1.0,0.25,23,24,1,measured,262,0,1,239,0,21,8080,-1,-1,23,1,24,-2,20.70808982849121,20.8961181640625,0.9910017576424953,1,0.5850474683544303,-3 -2 -2,15.719 24.230 17.017,0,1.0,0.25,286,298,1,measured,525,0,1,228,0,284,8080,-1,-1,297,1,298,0,5.390751838684082,15.330100059509277,0.35164492193514374,1,0.7121875,0 0 0,5.262 5.580 5.248,0,23,286,-1,3.965195894241333,4.159136772155762,0.9533699206015999,0.2924686192468619,1
9577,587,14087,Program,0,1.0,0.25,23,24,1,measured,262,0,1,239,0,21,8080,-1,-1,23,1,24,-1,17.849342346191406,18.027803421020508,0.9901007865095193,1,0.6212264150943396,-1 0 0,13.320 21.957 13.249,0,1.0,0.25,286,297,1,measured,525,0,1,229,0,284,8080,-1,-1,296,1,297,-1,18.283550262451172,18.438936233520508,0.9915729427608271,1,0.6187106918238994,-1 -1 0,13.883 22.312 13.876,0,23,286,-1,4.987239360809326,5.791613578796387,0.8611139698732757,0.44623430962343097,1
9578,588,14088,Program,0,1.0,0.25,23,23,1,measured,262,0,1,240,0,21,8080,-1,-1,-1,0,-1,0,17.8445987701416,18.70332145690918,0.9540871556559619,1,0.61640625,-1 0 0,13.363 22.642 10.773,0,1.0,0.25,286,297,1,measured,525,0,1,229,0,284,8080,-1,-1,296,1,297,0,17.4320011138916,18.343650817871094,0.9503016213603822,1,0.597578125,-1 0 0,12.672 22.527 10.948,0,23,286,-1,4.896920204162598,5.839548587799072,0.8385785528686299,0.4360355648535565,1
9579,589,14089,Program,0,1.0,0.25,23,23,1,measured,262,0,1,240,0,21,8080,-1,-1,-1,0,-1,0,5.360175609588623,15.099822998046875,0.3549826782924507,1,0.712421875,0 0 0,5.127 5.575 5.041,0,1.0,0.25,286,286,1,measured,525,0,1,240,0,284,8080,-1,-1,-1,0,-1,0,15.092255592346191,18.010377883911133,0.8379755099879536,1,0.6259375,0 0 0,10.685 20.229 9.251,0,23,286,-1,5.877505302429199,8.836211204528809,0.6651612513988814,0.35360878661087863,1
9580,590,14090,Program,0,1.0,0.25,23,23,1,measured,262,0,1,240,0,21,8080,-1,-1,-1,0,-1,0,14.918749809265137,17.71382713317871,0.8422092920463087,1,0.64265625,0 0 0,10.634 19.659 8.664,0,1.0,0.25,286,296,1,measured,525,0,1,230,0,284,8080,-1,-1,295,1,296,0,11.447558403015137,17.44196128845215,0.6563228878735247,1,0.673046875,0 0 0,8.809 14.975 6.602,0,23,286,-1,5.178282737731934,6.640500545501709,0.7798030739173292,0.40925732217573224,1
9581,591,14091,Program,0,1.0,0.25,23,23,1,measured,262,0,1,240,0,21,8080,-1,-1,-1,0,-1,0,11.63321304321289,17.735279083251953,0.655936283190409,1,0.6690625,0 0 0,9.507 14.310 6.423,0,1.0,0.25,286,296,1,measured,525,0,1,230,0,284,8080,-1,-1,295,1,296,0,5.10153341293335,14.574999809265137,0.3500194497217332,1,0.73421875,0 0 0,4.875 5.336 5.250,0,23,286,-1,5.3879618644714355,8.277503967285156,0.6509162527455208,0.3568514644351464,1
9582,592,14092,Program,0,1.0,0.25,23,23,1,measured,262,0,1,240,0,21,8080,-1,-1,-1,0,-1,0,11.703134536743164,18.953025817871094,0.6174810634040345,1,0.659765625,0 0 0,11.191 12.795 5.682,0,1.0,0.25,286,296,1,measured,525,0,1,230,0,284,8080,-1,-1,295,1,296,0,11.548593521118164,18.799144744873047,0.6143148360122993,1,0.664765625,0 0 0,10.884 13.308 5.824,0,23,286,-1,6.694475173950195,10.695539474487305,0.6259128106552192,0.3786610878661088,1
9583,593,14093,Program,0,1.0,0.25,23,23,1,measured,262,0,1,240,0,21,8080,-1,-1,-1,0,-1,0,5.143867015838623,14.556859016418457,0.35336379984424765,1,0.68578125,0 0 0,5.009 5.319 4.913,0,1.0,0.25,286,297,1,measured,525,0,1,229,0,284,8080,-1,-1,296,1,297,0,5.461601734161377,14.724902153015137,0.370909203837598,1,0.705625,0 0 0,5.244 5.775 5.254,0,23,286,-1,6.431328296661377,10.542434692382812,0.6100420333936886,0.3877092050209205,1
9584,594,14094,Program,0,1.0,0.25,23,23,1,measured,262,0,1,240,0,21,8080,-1,-1,-1,0,-1,0,5.636796951293945,14.73841381072998,0.38245614648098686,1,0.744609375,0 0 0,5.463 5.833 5.219,0,1.0,0.25,286,297,1,measured,525,0,1,229,0,284,8080,-1,-1,296,1,297,0,14.439228057861328,21.76650047302246,0.6633692942858407,1,0.66203125,0 0 0,18.373 12.384 5.535,0,23,286,-1,6.541846752166748,10.506532669067383,0.6226456394531382,0.3755753138075314,1
9585,595,14095,Program,0,1.0,0.25,23,23,1,measured,262,0,1,240,0,21,8080,-1,-1,-1,0,-1,0,14.677724838256836,21.918729782104492,0.6696430397276232,1,0.6428125,0 0 0,18.177 12.245 5.249,0,1.0,0.25,286,286,1,measured,525,0,1,240,0,284,8080,-1,-1,-1,0,-1,0,5.055361270904541,14.415261268615723,0.35069508465384897,1,0.697109375,0 0 0,4.989 5.179 5.278,0,23,286,-1,6.1328125,9.7927827835083,0.6262584022927645,0.3397489539748954,1
9586,596,14096,Program,0,1.0,0.25,23,23,1,measured,262,0,1,240,0,21,8080,-1,-1,-1,0,-1,0,5.173808574676514,14.438728332519531,0.3583285491301777,1,0.739140625,0 0 0,5.062 5.300 4.992,0,1.0,0.25,286,286,1,measured,525,0,1,240,0,284,8080,-1,-1,-1,0,-1,0,5.095498085021973,14.56760025024414,0.3497829427970867,1,0.69109375,0 0 0,4.993 5.272 5.208,0,23,286,-1,6.136155605316162,10.29256534576416,0.5961735873594874,0.40115062761506276,1
9587,597,14097,Program,0,1.0,0.25,23,23,1,measured,262,0,1,240,0,21,8080,-1,-1,-1,0,-1,0,9.115888595581055,16.90202522277832,0.5393370602296736,1,0.668515625,0 0 0,10.952 7.612 5.378,0,1.0,0.25,286,286,1,measured,525,0,1,240,0,284,8080,-1,-1,-1,0,-1,0,8.9483003616333,16.653310775756836,0.5373286118373438,1,0.667421875,0 0 0,10.686 7.741 5.723,0,23,286,-1,5.375416278839111,7.999133586883545,0.6719998135364769,0.4004707112970711,1
9588,598,14098,Program,0,1.0,0.25,23,23,1,measured,262,0,1,240,0,21,8080,-1,-1,-1,0,-1,0,5.498359203338623,14.219860076904297,0.3866676024660034,1,0.712109375,0 0 0,5.225 5.720 5.071,0,1.0,0.25,286,286,1,measured,525,0,1,240,0,284,8080,-1,-1,-1,0,-1,0,5.486894607543945,14.13320541381836,0.38822718887105984,1,0.714296875,0 0 0,5.128 5.844 5.448,0,23,286,-1,5.256701946258545,7.943855285644531,0.6617318363991368,0.3819037656903766,1
9589,599,14099,Program,0,1.0,0.25,23,23,1,measured,262,0,1,240,0,21,8080,-1,-1,-1,0,-1,0,5.012333869934082,14.641273498535156,0.34234275252323926,1,0.691328125,0 0 0,4.780 5.328 4.677,0,1.0,0.25,286,286,1,measured,525,0,1,240,0,284,8080,-1,-1,-1,0,-1,0,7.246503829956055,15.039190292358398,0.48184135509197557,1,0.6634375,0 0 0,7.566 7.201 5.409,0,23,286,-1,5.998102188110352,9.127028465270996,0.6571801776376138,0.3926778242677824,1
9590,600,14100,Program,0,1.0,0.25,23,23,1,measured,262,0,1,240,0,21,8080,-1,-1,-1,0,-1,0,7.157382965087891,15.120597839355469,0.4733531730113775,1,0.7009375,0 0 0,7.339 7.100 5.036,0,1.0,0.25,286,296,1,measured,525,0,1,230,0,284,8080,-1,-1,295,1,296,0,5.279922008514404,14.242226600646973,0.3707230727725226,1,0.72265625,0 0 0,5.024 5.631 5.023,0,23,286,-1,5.341221332550049,8.10544490814209,0.658967076216221,0.3780857740585774,1
9591,601,14101,Program,0,1.0,0.25,23,23,0,vbi_ambiguous,262,0,1,240,0,21 23,8080 d0c2,23,25,-1,0,-1,1,5.192000865936279,14.3301362991333,0.36231343216535183,1,0.6910377358490566,1 1 1,5.066 5.333 4.804,0,1.0,0.25,286,286,1,measured,525,0,1,240,0,284,8080,-1,-1,-1,0,-1,0,5.036074161529541,14.740035057067871,0.3416595782867379,1,0.743671875,0 0 0,4.811 5.318 5.110,0,23,286,-2,3.7798829078674316,3.927769660949707,0.962348415042618,0.3371338912133891,1
9592,602,14102,Program,0,1.0,0.25,23,23,1,measured,262,0,1,240,0,21,8080,-1,-1,-1,0,-1,-1,7.507684707641602,15.84708023071289,0.47375823169564807,1,0.692688679245283,-1 -1 -1,7.719 7.347 5.549,0,1.0,0.25,286,286,1,measured,525,0,1,240,0,284,8080,-1,-1,-1,0,-1,0,7.510127067565918,15.76976203918457,0.47623591585623287,1,0.696953125,0 0 0,7.863 7.458 5.719,0,23,286,-1,3.9523682594299316,3.994988203048706,0.9893316471907853,0.3563807531380753,1
9593,603,14103,Program,0,1.0,0.25,23,23,1,measured,262,0,1,240,0,21,8080,-1,-1,-1,0,-1,0,5.146816253662109,14.653361320495605,0.35123792699107714,1,0.68515625,0 0 0,4.864 5.440 5.172,0,1.0,0.25,286,297,1,measured,525,0,1,229,0,284,8080,-1,-1,296,1,297,0,5.221503734588623,14.540329933166504,0.35910490054825844,1,0.723359375,0 0 0,4.923 5.467 5.368,0,23,286,-1,6.115898132324219,10.100385665893555,0.6055113472524182,0.38247907949790794,1
9594,604,14104,Program,0,1.0,0.25,23,23,1,measured,262,0,1,240,0,21,8080,-1,-1,-1,0,-1,0,4.917001724243164,14.721186637878418,0.33400851746498816,1,0.6996875,0 0 0,4.812 5.051 4.879,0,1.0,0.25,286,286,1,measured,525,0,1,240,0,284,8080,-1,-1,-1,0,-1,0,6.534277439117432,15.801886558532715,0.4135124888356478,1,0.686953125,0 0 0,6.178 7.132 5.271,0,23,286,-1,6.544956207275391,10.39542293548584,0.629599800594309,0.3888598326359833,1
9595,605,14105,Program,0,1.0,0.25,23,23,1,measured,262,0,1,240,0,21,8080,-1,-1,-1,0,-1,0,6.39306640625,15.595115661621094,0.40994030085862465,1,0.69171875,0 0 0,6.003 6.909 5.030,0,1.0,0.25,286,286,1,measured,525,0,1,240,0,284,8080,-1,-1,-1,0,-1,0,5.105830192565918,14.694929122924805,0.34745524458505717,1,0.69484375,0 0 0,5.050 5.176 5.194,0,23,286,-1,6.4614033699035645,10.228585243225098,0.6317005936068504,0.39042887029288703,1
9596,606,14106,Program,0,1.0,0.25,23,23,1,measured,262,0,1,240,0,21,8080,-1,-1,-1,0,-1,0,5.089775562286377,14.581122398376465,0.34906610226748375,1,0.693671875,0 0 0,4.993 5.215 4.885,0,1.0,0.25,286,286,1,measured,525,0,1,240,0,284,8080,-1,-1,-1,0,-1,0,5.12234354019165,14.712067604064941,0.3481729202207002,1,0.68625,0 0 0,4.932 5.267 5.455,0,23,286,-1,6.088848114013672,10.139053344726562,0.6005341827282674,0.4024581589958159,1
9597,607,14107,Program,0,1.0,0.25,23,23,1,measured,262,0,1,240,0,21,8080,-1,-1,-1,0,-1,0,7.082529067993164,13.973909378051758,0.5068394875322005,1,0.7075,0 0 0,7.117 7.104 5.014,0,1.0,0.25,286,286,1,measured,525,0,1,240,0,284,8080,-1,-1,-1,0,-1,0,7.140498161315918,13.883588790893555,0.5143121327534185,1,0.669296875,0 0 0,7.055 7.449 5.516,0,23,286,-1,6.013260841369629,9.387809753417969,0.6405392737299864,0.37468619246861923,1
