ordinal,local_exact,counter,event,no_placement_expected,f1_blank_mean,f1_blank_noise,f1_active_top_line,f1_top_line,f1_top_valid,f1_top_status,f1_bottom_line,f1_bottom_valid,f1_height,f1_height_valid,f1_bottom_h_shift_px,f1_bottom_h_mad,f1_bottom_h_second_mad,f1_bottom_h_ratio,f1_cc_waveform_lines,f1_cc_waveform_scores,f1_cc_start_scores,f1_cc_cell_ratios,f1_cc_parity_lines,f1_line21_lines,f1_line21_bytes,f1_line21_unique_line,f1_line21_implied_top,f1_gap_line,f1_gap_valid,f1_gap_implied_top,f1_body_shift,f1_body_mad,f1_body_second_mad,f1_body_ratio,f1_body_unique,f1_static_fraction,f1_band_shifts,f1_band_mads,f1_repeated,f2_blank_mean,f2_blank_noise,f2_active_top_line,f2_top_line,f2_top_valid,f2_top_status,f2_bottom_line,f2_bottom_valid,f2_height,f2_height_valid,f2_bottom_h_shift_px,f2_bottom_h_mad,f2_bottom_h_second_mad,f2_bottom_h_ratio,f2_cc_waveform_lines,f2_cc_waveform_scores,f2_cc_start_scores,f2_cc_cell_ratios,f2_cc_parity_lines,f2_line21_lines,f2_line21_bytes,f2_line21_unique_line,f2_line21_implied_top,f2_gap_line,f2_gap_valid,f2_gap_implied_top,f2_body_shift,f2_body_mad,f2_body_second_mad,f2_body_ratio,f2_body_unique,f2_static_fraction,f2_band_shifts,f2_band_mads,f2_repeated,comb_crop_f1_line,comb_crop_f2_line,comb_best_shift,comb_best_energy,comb_second_energy,comb_ratio,comb_static_fraction,comb_valid
66420,0,5387,Program,0,1.0,0.25,24,25,1,measured,262,1,238,1,-3,13.93134880065918,13.932052612304688,0.9999494825590246,21 23,0.141106 0.113095,0.355392 0.200980,1.577982 15.825708,21 23,21 23,8080 8080,23,25,24,1,25,-128,nan,nan,nan,0,0.0,-128 -128 -128,nan nan nan,0,1.0,0.25,286,288,1,measured,525,1,238,1,14,1.152261734008789,1.153463363647461,0.9989582420417134,284,0.140257,0.347087,1.904255,284,284,8080,-1,-1,287,1,288,-128,nan,nan,nan,0,0.0,-128 -128 -128,nan nan nan,0,23,286,-128,nan,nan,nan,0.0,0
66421,1,5388,Program,0,1.0,0.25,24,25,1,measured,262,1,238,1,0,13.436808586120605,13.444026947021484,0.9994630804498292,21 23,0.141807 0.118697,0.345588 0.247549,1.893204 15.386189,21,21,8080,-1,-1,24,1,25,0,2.4446778297424316,4.177112579345703,0.5852554326235954,1,0.628046875,0 0 0,2.208 2.572 2.694,0,1.0,0.25,286,288,1,measured,525,1,238,1,16,1.4246352910995483,1.4250807762145996,0.9996873965865748,284,0.142332,0.340686,2.277778,284,284,8080,-1,-1,287,1,288,0,2.794482469558716,4.408716678619385,0.6338539473654324,1,0.602890625,0 0 0,2.237 3.089 3.463,0,23,286,0,1.8131604194641113,2.4809296131134033,0.730839121706768,0.34644351464435147,1
66422,2,5389,Program,0,1.0,0.25,24,25,1,measured,262,1,238,1,-1,13.294897079467773,13.295023918151855,0.9999904596874092,21 23,0.141457 0.114671,0.355392 0.188725,0.969925 13.067031,21 23,21 23,8080 8080,23,25,24,1,25,0,2.455204963684082,4.186595916748047,0.5864442168546257,1,0.638359375,0 0 0,1.932 2.843 3.271,0,1.0,0.25,286,288,1,measured,525,1,238,1,23,1.4184426069259644,1.4187806844711304,0.9997617126107887,284,0.141123,0.347087,2.425000,284,284,8080,-1,-1,287,1,288,0,1.9169628620147705,3.838797092437744,0.49936550847949224,1,0.7328125,0 0 0,1.489 2.170 2.406,0,23,286,0,1.575495719909668,2.29431414604187,0.6866957267502791,0.37981171548117154,1
66423,3,5390,Program,0,1.0,0.25,24,25,1,measured,262,1,238,1,-1,13.785996437072754,13.78672981262207,0.9999468056921922,21 23,0.142157 0.110994,0.355392 0.191176,1.826923 13.008664,21,21,8080,-1,-1,24,1,25,0,2.084287166595459,3.9246561527252197,0.5310751019928619,1,0.699296875,0 0 0,1.681 2.343 2.636,0,1.0,0.25,286,288,1,measured,525,1,238,1,-13,1.4622983932495117,1.462761640548706,0.9996833063662918,284,0.140950,0.349515,2.096774,284,284,8080,-1,-1,287,1,288,0,1.7079004049301147,3.77486252784729,0.4524404246064261,1,0.61015625,0 0 0,1.510 1.763 2.052,0,23,286,0,1.562818169593811,2.329136848449707,0.6709859794773484,0.43153765690376567,1
66424,4,5391,Program,0,1.0,0.25,24,25,1,measured,262,1,238,1,0,12.506911277770996,12.516613960266113,0.999224815710869,21 23,0.141106 0.110469,0.355392 0.178922,1.906250 23.138998,21 23,21 23,8080 9420,23,25,24,1,25,0,1.8628612756729126,3.8703322410583496,0.48131818139817106,1,0.741875,0 0 0,1.808 1.860 2.392,0,1.0,0.25,286,288,1,measured,525,1,238,1,12,1.496779441833496,1.4969757795333862,0.9998688437698362,284,0.144272,0.353960,2.170455,284,284,8080,-1,-1,287,1,288,0,2.267148494720459,3.9183175563812256,0.5786025410391421,1,0.6540625,0 0 0,2.116 2.371 2.173,0,23,286,0,1.5930678844451904,2.2980077266693115,0.6932386980065348,0.3953451882845188,1
66425,5,5392,Program,0,1.0,0.25,24,25,1,measured,262,1,238,1,-32,15.757071495056152,15.763912200927734,0.999566052780275,21 23,0.178131 0.146825,0.444444 0.259259,0.859504 20.915033,21,21,8080,-1,-1,24,1,25,0,20.557147979736328,20.5976505279541,0.9980336326144186,1,0.8059375,-1 0 0,22.190 18.911 17.251,0,1.0,0.25,286,288,1,measured,525,1,238,1,13,1.342137098312378,1.3427938222885132,0.9995109271689856,284,0.178351,0.444444,2.102273,284,284,8080,-1,-1,287,1,288,0,23.7296199798584,23.73295021057129,0.9998596790250119,1,0.79625,-3 0 0,25.727 21.856 19.644,0,23,286,0,3.504704236984253,4.193653106689453,0.8357162950349346,0.7219665271966528,1
66426,6,5393,Program,0,1.0,0.25,24,25,1,measured,262,1,238,1,-32,15.377703666687012,15.3951416015625,0.9988673092247675,21 23,0.181920 0.156473,0.450000 0.362500,0.705882 24.787616,21 23,21 23,8080 9454,23,25,24,1,25,0,5.05496072769165,5.4820756912231445,0.9220888240898772,1,0.7484375,0 0 0,5.084 4.957 4.764,0,1.0,0.25,286,288,1,measured,525,1,238,1,15,1.51011323928833,1.510146141052246,0.9999782128609798,284,0.181696,0.443750,1.978495,284,284,8080,-1,-1,287,1,288,0,2.4100584983825684,2.722562789916992,0.885216865266879,1,0.710390625,0 0 1,1.529 2.831 3.203,0,23,286,0,1.6861611604690552,2.148085117340088,0.7849601241858517,0.2856694560669456,1
66427,7,5394,Program,0,1.0,0.25,25,26,1,measured,262,1,237,1,11,39.21664047241211,39.21809768676758,0.9999628433187375,21 24,0.184448 0.162975,0.455696 0.300633,0.758865 37.700190,21 24,21 24,8080 9454,24,26,25,1,26,1,1.8772504329681396,2.7350573539733887,0.6863660208956645,1,0.6304245283018868,1 1 1,1.309 2.232 3.027,0,1.0,0.25,286,288,1,measured,525,1,238,1,30,1.0246683359146118,1.0247093439102173,0.9999599808513027,284,0.184901,0.452532,1.950000,284,284,8080,-1,-1,287,1,288,0,2.260058641433716,2.4811811447143555,0.9108801452277293,1,0.734375,0 0 1,1.460 2.527 3.199,0,23,286,0,1.0438575744628906,1.0687568187713623,0.9767026101062956,0.3859309623430962,1
66428,8,5395,Program,0,1.0,0.25,25,26,1,measured,262,1,237,1,10,40.29072952270508,40.29206848144531,0.9999667686770449,21 24,0.180804 0.156696,0.446875 0.015625,0.952000 14.954890,21 24,21 24,8080 4920,24,26,25,1,26,0,2.0763378143310547,2.3334808349609375,0.8898028144147208,1,0.63390625,0 0 1,1.354 2.473 3.028,0,1.0,0.25,286,288,1,measured,525,1,238,1,1,1.543314814567566,1.5437294244766235,0.9997314231998926,284,0.182366,0.440625,1.770642,284,284,8080,-1,-1,287,1,288,0,1.9443066120147705,2.4564268589019775,0.7915182188179929,1,0.66125,0 0 1,1.164 2.290 3.267,0,23,286,-1,1.2317858934402466,1.4915539026260376,0.8258406828419395,0.505020920502092,1
66429,9,5396,Program,0,1.0,0.25,25,26,1,measured,262,1,237,1,10,41.418540954589844,41.42081832885742,0.9999450186075636,21 24,0.179911 0.160714,0.446875 0.284375,0.754967 19.534800,21 24,21 24,8080 c8c1,24,26,25,1,26,0,2.1350879669189453,2.396904468536377,0.8907689042036353,1,0.64390625,0 0 1,1.210 2.701 3.080,0,1.0,0.25,286,288,1,measured,525,1,238,1,12,1.1173510551452637,1.117576241493225,0.9997985047108191,284,0.180357,0.440625,2.031250,284,284,8080,-1,-1,287,1,288,0,1.880517601966858,2.4553165435791016,0.7658961965147018,1,0.62171875,0 0 0,1.268 2.222 3.001,0,23,286,-1,1.2393851280212402,1.5192768573760986,0.8157730580861663,0.5195083682008368,1
66430,10,5397,Program,0,1.0,0.25,25,26,1,measured,262,1,237,1,10,41.066612243652344,41.06871032714844,0.9999489128468028,21 24,0.181920 0.158482,0.446875 0.321875,0.717241 30.192443,21 24,21 24,8080 5445,24,26,25,1,26,0,1.7936913967132568,2.5686516761779785,0.6983007518489923,1,0.674609375,0 0 0,1.220 2.206 2.727,0,1.0,0.25,286,288,1,measured,525,1,238,1,7,1.2132587432861328,1.2133173942565918,0.9999516606530685,284,0.183705,0.443750,2.168421,284,284,8080,-1,-1,287,1,288,0,1.702480435371399,2.6977593898773193,0.631072008037314,1,0.644765625,0 0 0,1.212 1.966 2.655,0,23,286,-1,1.1427314281463623,1.574041485786438,0.7259855845384022,0.3157949790794979,1
66431,11,5398,Program,0,1.0,0.25,25,26,1,measured,262,1,237,1,9,40.60757064819336,40.60814666748047,0.9999858151791111,21 24,0.183770 0.152125,0.449367 0.294304,2.313953 22.655462,21 24,21 24,8080 2049,24,26,25,1,26,0,2.059999942779541,2.852240562438965,0.7222392002650804,1,0.620234375,0 0 0,1.263 2.722 2.849,0,1.0,0.25,286,288,1,measured,525,1,238,1,-4,1.0564388036727905,1.0565476417541504,0.9998969870576029,284,0.181250,0.446875,1.934783,284,284,8080,-1,-1,287,1,288,0,2.128769636154175,2.6157429218292236,0.8138298371712683,1,0.7590625,0 0 0,1.345 2.575 3.278,0,23,286,-1,1.2484198808670044,1.5524466037750244,0.8041628471029342,0.4902719665271967,1
66432,12,5399,Program,0,1.0,0.25,25,26,1,measured,262,1,237,1,10,40.7624397277832,40.76382064819336,0.9999661238718992,21 24,0.185127 0.153029,0.443038 0.221519,2.377778 21.380058,21 24,21 24,8080 5480,24,26,25,1,26,0,1.6513574123382568,2.6092963218688965,0.6328746177649458,1,0.66,0 0 0,1.248 1.907 2.598,0,1.0,0.25,286,288,1,measured,525,1,238,1,-10,1.1169743537902832,1.1169872283935547,0.9999884738133578,284,0.184448,0.452532,0.757353,284,284,8080,-1,-1,287,1,288,0,1.8391406536102295,2.628380537033081,0.6997238899380428,1,0.63609375,0 0 0,1.402 1.903 3.162,0,23,286,-1,1.3543328046798706,1.5327143669128418,0.883617217869326,0.30177824267782427,1
66433,13,5400,Program,0,1.0,0.25,24,25,1,measured,262,1,238,1,-32,15.204034805297852,15.222176551818848,0.9988082028572433,21 23,0.184675 0.159358,0.455696 0.313291,0.794118 37.402715,21 23,21 23,8080 94f4,23,25,24,1,25,-1,1.6705090999603271,2.5663182735443115,0.6509360577685507,1,0.6764150943396227,-1 -1 -1,1.262 1.906 2.928,0,1.0,0.25,286,288,1,measured,525,1,238,1,32,1.4272046089172363,1.4285714626312256,0.9990432024230194,284,0.182366,0.446875,1.926316,284,284,8080,-1,-1,287,1,288,0,2.150380849838257,2.526876926422119,0.8510033976538167,1,0.6265625,0 0 0,1.572 2.450 3.057,0,23,286,0,1.058089256286621,1.1805893182754517,0.8962382090939356,0.4098326359832636,1
66434,14,5401,Program,0,1.0,0.25,24,25,1,measured,262,1,238,1,-32,15.542013168334961,15.55834674835205,0.998950172516317,21 23,0.184448 0.159358,0.452532 0.354430,2.294118 29.276292,21 23,21 23,8080 94f4,23,25,24,1,25,0,2.1213183403015137,2.604825019836426,0.8143803611172029,1,0.62625,0 0 0,1.477 2.587 2.846,0,1.0,0.25,286,288,1,measured,525,1,238,1,-19,1.442589521408081,1.442886233329773,0.999794362220085,284,0.181027,0.453125,0.967213,284,284,8080,-1,-1,287,1,288,0,2.4252636432647705,3.1728675365448,0.7643759518261649,1,0.611796875,0 0 0,2.169 2.462 2.900,0,23,286,0,1.4411288499832153,1.589890480041504,0.9064327814237839,0.29456066945606696,1
66435,15,5402,Program,0,1.0,0.25,25,26,1,measured,262,1,237,1,12,36.74577331542969,36.74718475341797,0.9999615905817615,21 24,0.182414 0.154611,0.452532 0.012658,1.884615 22.602179,21 24,21 24,8080 57c8,24,26,25,1,26,1,2.671187162399292,3.390674352645874,0.7878041016574953,1,0.6549528301886792,1 1 1,2.452 2.793 3.073,0,1.0,0.25,286,288,1,measured,525,1,238,1,17,1.2495942115783691,1.2495955228805542,0.9999989506186914,284,0.182366,0.443750,2.084211,284,284,8080,-1,-1,287,1,288,0,1.981748104095459,3.146953582763672,0.6297354098102321,1,0.6246875,0 0 0,1.852 1.938 2.494,0,23,286,0,1.1125686168670654,1.1218470335006714,0.9917293388879828,0.40941422594142257,1
66436,16,5403,Program,0,1.0,0.25,24,25,1,measured,262,1,238,1,-32,13.504575729370117,13.525955200195312,0.9984193744169072,21 23,0.183092 0.152125,0.455696 0.009494,1.967742 19.794303,21 23,21 23,8080 45ce,23,25,24,1,25,-1,2.5417354106903076,3.6268749237060547,0.7008059180858331,1,0.7156446540880503,-1 -1 -1,2.528 2.577 2.128,0,1.0,0.25,286,288,1,measured,525,1,238,1,13,1.3554435968399048,1.356078863143921,0.9995315417699652,284,0.181473,0.450000,1.679245,284,284,8080,-1,-1,287,1,288,0,1.9710742235183716,3.2509729862213135,0.6063028612887368,1,0.657265625,0 0 0,1.850 2.046 2.061,0,23,286,0,1.0105654001235962,1.1611438989639282,0.8703188304441069,0.3919979079497908,1
66437,17,5404,Program,0,1.0,0.25,25,26,1,measured,262,1,237,1,11,39.572147369384766,39.57326889038086,0.9999716596321825,21 24,0.180357 0.156027,0.446875 0.296875,0.757143 21.038062,21 24,21 24,8080 2054,24,26,25,1,26,1,2.1011006832122803,2.8932812213897705,0.7261999516946469,1,0.752751572327044,1 1 1,2.056 2.023 2.885,0,1.0,0.25,286,288,1,measured,525,1,238,1,20,0.7257341146469116,0.7269951105117798,0.9982654685751868,284,0.183036,0.440625,0.891473,284,284,8080,-1,-1,287,1,288,0,2.4227538108825684,3.1623330116271973,0.7661286151631216,1,0.689609375,-1 0 0,2.501 2.099 3.162,0,23,286,0,1.1256579160690308,1.1534286737442017,0.9759232986769586,0.39252092050209203,1
66438,18,5405,Program,0,1.0,0.25,24,25,1,measured,262,1,238,1,-32,16.220050811767578,16.237333297729492,0.9989356327393778,21 23,0.180804 0.157589,0.440625 0.278125,0.900763 20.141176,21 23,21 23,8080 c849,23,25,24,1,25,-1,1.8364877700805664,2.8136866092681885,0.652698052452337,1,0.6178459119496855,-1 -1 -1,1.470 2.049 2.809,0,1.0,0.25,286,288,1,measured,525,1,238,1,7,1.2478035688400269,1.2480063438415527,0.9998375208567436,284,0.183036,0.453125,0.920000,284,284,8080,-1,-1,287,1,288,0,2.0454981327056885,2.581230401992798,0.7924508138159593,1,0.628515625,0 0 0,1.553 2.198 3.103,0,23,286,0,1.0947057008743286,1.2080023288726807,0.9062115814759384,0.3865062761506276,1
66439,19,5406,Program,0,1.0,0.25,24,25,1,measured,262,1,238,1,-32,16.828203201293945,16.843231201171875,0.999107772154972,21 23,0.181250 0.145536,0.456250 0.015625,1.930000 16.567119,21 23,21 23,8080 d320,23,25,24,1,25,0,1.8256542682647705,2.6734766960144043,0.6828764473565226,1,0.625625,0 0 0,1.383 2.162 2.663,0,1.0,0.25,286,288,1,measured,525,1,238,1,10,1.10092294216156,1.1010851860046387,0.9998526509618504,284,0.179894,0.435185,2.031579,284,284,8080,-1,-1,287,1,288,0,2.278867244720459,2.9588444232940674,0.770188262275516,1,0.7403125,0 0 0,1.990 2.339 2.977,0,23,286,0,1.5372459888458252,1.850353479385376,0.8307850397084375,0.49419456066945605,1
66440,20,5407,Program,0,1.0,0.25,24,25,1,measured,262,1,238,1,-32,16.06343650817871,16.079734802246094,0.9989864077817312,21 23,0.178571 0.151235,0.447531 0.339506,0.975207 15.225614,21 23,21 23,8080 c8c1,23,25,24,1,25,0,2.1085643768310547,2.8237617015838623,0.7467217845076481,1,0.632421875,0 0 0,1.608 2.476 3.063,0,1.0,0.25,286,288,1,measured,525,1,238,1,32,1.2042429447174072,1.2080564498901367,0.9968432723710251,284,0.181696,0.440625,2.204819,284,284,8080,-1,-1,287,1,288,0,1.9175878763198853,3.0671284198760986,0.6252062560841026,1,0.6596875,0 0 0,1.491 2.114 2.754,0,23,286,0,1.3707561492919922,1.6160467863082886,0.8482156339194606,0.30502092050209206,1
66441,21,5408,Program,0,1.0,0.25,24,25,1,measured,262,1,238,1,-32,16.806779861450195,16.8228816986084,0.999042860941028,21 23,0.179894 0.154982,0.444444 0.314815,0.838235 19.908580,21 23,21 23,8080 d0d0,23,25,24,1,25,0,2.0812108516693115,3.2456858158111572,0.6412237566343674,1,0.6334375,0 0 0,1.620 2.458 2.583,0,1.0,0.25,286,288,1,measured,525,1,238,1,8,1.332200050354004,1.3325320482254028,0.9997508518674346,284,0.182366,0.440625,1.940000,284,284,8080,-1,-1,287,1,288,0,1.6091406345367432,3.099400520324707,0.5191780229707654,1,0.663203125,0 0 0,1.410 1.618 2.224,0,23,286,0,1.3188440799713135,1.6735965013504028,0.7880298978320973,0.29884937238493725,1
66442,22,5409,Program,0,1.0,0.25,24,25,1,measured,262,1,238,1,-32,16.32529067993164,16.339078903198242,0.9991561199166556,21 23,0.181920 0.153348,0.450000 0.018750,1.792453 19.628632,21 23,21 23,8080 45ce,23,25,24,1,25,0,1.6905077695846558,3.106898546218872,0.5441142491253927,1,0.675703125,0 0 0,1.626 1.660 2.343,0,1.0,0.25,286,288,1,measured,525,1,238,1,10,1.303170084953308,1.303485631942749,0.9997579206232058,284,0.181027,0.446875,0.879699,284,284,8080,-1,-1,287,1,288,0,1.6180957555770874,3.1266608238220215,0.5175156010683409,1,0.66078125,0 0 0,1.442 1.577 2.461,0,23,286,0,1.1703026294708252,1.5642884969711304,0.7481373363908485,0.30507322175732215,1
66443,23,5410,Program,0,1.0,0.25,25,26,1,measured,262,1,237,1,11,40.07134246826172,40.07283401489258,0.9999627791079038,21 24,0.180556 0.148369,0.435185 0.015432,0.860656 13.935484,21 24,21 24,8080 d320,24,26,25,1,26,1,2.0012283325195312,3.0439279079437256,0.657449319774274,1,0.6312893081761006,1 1 1,1.479 2.383 3.002,0,1.0,0.25,286,288,1,measured,525,1,238,1,20,1.2130913734436035,1.2131990194320679,0.9999112709565865,284,0.179012,0.438272,0.774648,284,284,8080,-1,-1,287,1,288,0,2.1130566596984863,3.101621389389038,0.6812748541544973,1,0.76265625,0 0 0,1.671 2.303 3.101,0,23,286,-1,1.058599829673767,1.074020266532898,0.9856423222730141,0.4023012552301255,1
66444,24,5411,Program,0,1.0,0.25,24,25,1,measured,262,1,238,1,-32,13.959234237670898,13.97549819946289,0.9988362517342947,21 23,0.180580 0.159375,0.440625 0.006250,1.979167 16.810458,21 23,21 23,8080 a180,23,25,24,1,25,-1,1.9472779035568237,3.0686328411102295,0.6345750711747906,1,0.7340408805031446,-1 -1 -1,1.653 2.101 2.629,0,1.0,0.25,286,288,1,measured,525,1,238,1,7,1.034345030784607,1.034489631652832,0.9998602200894038,284,0.180556,0.447531,0.959016,284,284,8080,-1,-1,287,1,288,0,2.009345769882202,3.058500289916992,0.6569709267337476,1,0.6271875,0 0 0,1.700 2.036 3.177,0,23,286,0,1.0169081687927246,1.167612075805664,0.8709298146741483,0.37447698744769875,1
66445,25,5412,Program,0,1.0,0.25,25,26,1,measured,262,1,237,1,11,39.95136642456055,39.953250885009766,0.999952833363807,21 24,0.180115 0.160053,0.438272 0.240741,0.896825 20.330387,21 24,21 24,8080 942c,24,26,25,1,26,1,1.8215900659561157,2.9474189281463623,0.6180288959132516,1,0.755188679245283,1 1 1,1.495 1.995 2.647,0,1.0,0.25,286,288,1,measured,525,1,238,1,16,1.2315640449523926,1.2316235303878784,0.9999517016084719,284,0.182366,0.450000,2.460526,284,284,8080,-1,-1,287,1,288,0,2.3191699981689453,3.094231605529785,0.7495140292744389,1,0.725859375,0 0 0,1.984 2.446 3.091,0,23,286,0,1.0837931632995605,1.1850438117980957,0.9145595736710316,0.36014644351464437,1
66446,26,5413,Program,0,1.0,0.25,25,26,1,measured,262,1,237,1,12,37.395328521728516,37.39610290527344,0.9999792923998824,21 24,0.179453 0.147707,0.444444 0.296296,1.836538 24.905882,21 24,21 24,8080 942c,24,26,25,1,26,0,2.099257707595825,3.0674331188201904,0.6843695123182509,1,0.593125,0 0 0,1.774 2.336 2.938,0,1.0,0.25,286,288,1,measured,525,1,238,1,10,0.8280497789382935,0.8289262652397156,0.9989426245274438,284,0.160322,0.392857,0.895522,284,284,8080,-1,-1,287,1,288,0,17.659990310668945,17.723840713500977,0.9963974849546355,1,0.81015625,3 0 0,18.796 16.543 15.673,0,23,286,-1,3.949080228805542,4.0385260581970215,0.9778518627582133,0.13718619246861924,1
66447,27,5414,Program,0,1.0,0.25,25,26,1,measured,262,1,237,1,0,47.69352340698242,47.72626495361328,0.9993139721563654,21 24,0.140777 0.121879,0.349515 0.271845,0.844961 18.015287,21 24,21 24,8080 942f,24,26,25,1,26,3,25.29789924621582,25.32221031188965,0.9990399311365638,1,0.7887738853503184,3 0 0,26.903 23.466 22.364,0,1.0,0.25,286,288,1,measured,525,1,238,1,-22,0.6912847757339478,0.6913807392120361,0.9998612002437358,284,0.140110,0.346154,0.854839,284,284,8080,-1,-1,287,1,288,0,8.73153305053711,9.050943374633789,0.9647097202053146,1,0.771328125,0 0 0,9.092 8.571 7.818,0,23,286,-1,2.947192430496216,3.8923275470733643,0.7571799636215626,0.35277196652719667,1
66448,28,5415,Program,0,1.0,0.25,25,26,1,measured,262,1,237,1,32,44.26435089111328,44.28467559814453,0.9995410442380637,21 24,0.139423 0.123283,0.346154 0.221154,1.989474 23.327233,21 24,21 24,8080 942f,24,26,25,1,26,0,3.1457910537719727,3.7821836471557617,0.8317393726075776,1,0.618515625,0 0 0,2.868 3.156 6.212,0,1.0,0.25,286,288,1,measured,525,1,238,1,10,0.841292142868042,0.8417468070983887,0.9994598563053492,284,0.138605,0.345238,0.875912,284,284,8080,-1,-1,287,1,288,0,2.4566991329193115,3.3314366340637207,0.7374293443854595,1,0.658125,0 0 0,2.321 2.464 4.193,0,23,286,-1,1.6460973024368286,2.1324105262756348,0.7719420262438034,0.3385460251046025,1
66449,29,5416,Program,0,1.0,0.25,25,26,1,measured,262,1,237,1,32,43.89350891113281,43.91984939575195,0.9994002601333672,21 24,0.139116 0.118027,0.335714 0.185714,0.678571 13.162423,21 24,21 24,8080 8080,24,26,25,1,26,0,3.1025586128234863,3.3791961669921875,0.9181351006281072,1,0.607421875,0 0 0,2.910 3.093 5.026,0,1.0,0.25,286,288,1,measured,525,1,238,1,15,1.0869741439819336,1.0885332822799683,0.998567670531149,284,0.139626,0.335714,1.784314,284,284,8080,-1,-1,287,1,288,0,3.2262401580810547,3.3220224380493164,0.9711674795235565,1,0.66765625,0 0 -1,2.935 3.274 4.644,0,23,286,-1,1.4908725023269653,2.0956063270568848,0.7114277539048945,0.41077405857740584,1
66450,30,5417,Program,0,1.0,0.25,25,26,1,measured,262,1,237,1,32,45.1796989440918,45.204734802246094,0.9994461673480927,21 24,0.140110 0.115728,0.341346 0.252404,0.872180 13.722497,21 24,21 24,8080 8080,24,26,25,1,26,0,3.1868066787719727,3.654294490814209,0.8720716643890197,1,0.61515625,0 0 0,2.607 3.709 3.239,0,1.0,0.25,286,288,1,measured,525,1,238,1,9,1.0388622283935547,1.0393370389938354,0.999543160127594,284,0.137298,0.334906,0.939655,284,284,8080,-1,-1,287,1,288,0,4.793466567993164,4.929825305938721,0.9723400466581865,1,0.598515625,0 -1 0,3.693 5.523 4.639,0,23,286,-1,1.7335833311080933,2.260852813720703,0.7667829239423691,0.4149581589958159,1
66451,31,5418,Program,0,1.0,0.25,25,26,1,measured,262,1,237,1,32,46.39829635620117,46.412376403808594,0.9996966316164266,21 24,0.138605 0.123129,0.340476 0.254762,1.939394 15.144385,21 24,21 24,8080 8080,24,26,25,1,26,0,2.7118847370147705,3.555208444595337,0.7627920498268967,1,0.61140625,0 0 0,2.210 3.119 3.340,0,1.0,0.25,286,288,1,measured,525,1,238,1,14,1.2386914491653442,1.23988676071167,0.9990359510366579,284,0.136961,0.337264,2.282609,284,284,8080,-1,-1,287,1,288,0,3.8298046588897705,4.099184513092041,0.9342845257777685,1,0.66109375,0 0 0,4.101 3.460 4.839,0,23,286,-1,1.8254728317260742,2.208296537399292,0.8266429806007536,0.41752092050209205,1
66452,32,5419,Program,0,1.0,0.25,24,25,1,measured,262,1,238,1,-17,13.511972427368164,13.512357711791992,0.9999714865138974,21 23,0.138265 0.112075,0.302381 0.221429,0.550562 12.439898,21 23,21 23,8080 8080,23,25,24,1,25,-1,3.014720916748047,3.577197313308716,0.8427605895632275,1,0.6352201257861635,-1 -1 -1,3.023 2.993 4.013,0,1.0,0.25,286,288,1,measured,525,1,238,1,14,1.000403881072998,1.0010113716125488,0.9993931232383783,284,0.137635,0.339623,0.992000,284,284,8080,-1,-1,287,1,288,0,2.610166072845459,3.553321599960327,0.7345707387911642,1,0.6596875,0 0 0,3.054 2.156 2.870,0,23,286,0,1.4007452726364136,1.7446423768997192,0.8028838982609027,0.36668410041841004,1
66453,33,5420,Program,0,1.0,0.25,24,25,1,measured,262,1,238,1,-19,14.625814437866211,14.626016616821289,0.9999861767588282,21 23,0.138776 0.113946,0.340476 0.261905,2.166667 14.667873,21 23,21 23,8080 8080,23,25,24,1,25,0,2.6217284202575684,3.632488250732422,0.7217445010947928,1,0.6596875,0 0 0,2.866 2.349 3.133,0,1.0,0.25,286,288,1,measured,525,1,238,1,1,0.5777294039726257,0.5791864395141602,0.997484341065104,284,0.139766,0.341346,1.835052,284,284,8080,-1,-1,287,1,288,0,2.523124933242798,3.7438580989837646,0.6739371168815603,1,0.729921875,0 0 0,2.177 2.665 2.973,0,23,286,0,1.4776272773742676,2.0860912799835205,0.7083234044226197,0.35957112970711297,1
66454,34,5421,Program,0,1.0,0.25,25,26,1,measured,262,1,237,1,0,46.014217376708984,46.032833099365234,0.9995955990235043,21 24,0.140110 0.116758,0.338942 0.257212,2.109890 12.920415,21 24,21 24,8080 8080,24,26,25,1,26,1,3.2230148315429688,4.381704807281494,0.7355618357007938,1,0.5948899371069183,1 1 1,2.527 3.802 4.050,0,1.0,0.25,286,288,1,measured,525,1,238,1,19,0.8682817816734314,0.8683035969734192,0.9999748759534525,284,0.140282,0.343750,0.785714,284,284,8080,-1,-1,287,1,288,0,2.841054677963257,3.9732115268707275,0.7150524603961498,1,0.698671875,0 0 0,2.588 2.895 3.268,0,23,286,-1,1.3552768230438232,1.474738359451294,0.9189947588724018,0.3385983263598326,1
66455,35,5422,Program,0,1.0,0.25,25,26,1,measured,262,1,237,1,32,44.903079986572266,44.913414001464844,0.9997699125055993,21 24,0.142682 0.115196,0.350490 0.186275,0.906977 12.388819,21 24,21 24,8080 8080,24,26,25,1,26,0,4.978105545043945,5.282714366912842,0.9423385781035695,1,0.649609375,0 0 0,4.725 5.258 3.362,0,1.0,0.25,286,288,1,measured,525,1,238,1,2,1.0487321615219116,1.0490506887435913,0.9996963662241515,284,0.140110,0.343750,1.000000,284,284,8080,-1,-1,287,1,288,0,4.692724704742432,4.976513385772705,0.9429743961220735,1,0.608125,0 0 0,4.361 4.846 3.621,0,23,286,-1,1.6565779447555542,2.3080718517303467,0.7177323979379707,0.363755230125523,1
66456,36,5423,Program,0,1.0,0.25,25,26,1,measured,262,1,237,1,0,45.762245178222656,45.78006362915039,0.9996107814293996,21 24,0.141470 0.124307,0.344660 0.279126,1.564103 13.079585,21 24,21 24,8080 8080,24,26,25,1,26,0,2.4732227325439453,3.419713020324707,0.7232252290892845,1,0.659375,0 0 0,2.460 2.401 2.966,0,1.0,0.25,286,288,1,measured,525,1,238,1,-1,1.1776107549667358,1.1783175468444824,0.9994001685881371,284,0.141655,0.346154,0.734848,284,284,8080,-1,-1,287,1,288,0,3.533583879470825,3.8413915634155273,0.9198707867023536,1,0.616171875,0 0 -1,3.584 3.265 3.748,0,23,286,-1,1.3875913619995117,1.977138876914978,0.7018178531619566,0.37228033472803346,1
66457,37,5424,Program,0,1.0,0.25,25,26,1,measured,262,1,237,1,32,45.090057373046875,45.093021392822266,0.9999342687696713,21 24,0.141817 0.124480,0.347087 0.266990,0.969925 12.357776,21 24,21 24,8080 8080,24,26,25,1,26,0,2.3684277534484863,3.24271821975708,0.730383460091673,1,0.669140625,0 0 0,2.264 2.375 2.881,0,1.0,0.25,286,288,1,measured,525,1,238,1,18,1.1219512224197388,1.1227569580078125,0.9992823597464019,284,0.139251,0.177885,0.331104,284,284,8080,-1,-1,287,1,288,0,2.157363176345825,3.0040488243103027,0.7181518352455981,1,0.692109375,0 0 0,2.152 1.852 3.866,0,23,286,-1,1.5142735242843628,2.1253490447998047,0.7124822757887274,0.37672594142259413,1
66458,38,5425,Program,0,1.0,0.25,25,26,1,measured,262,1,237,1,32,44.81114959716797,44.81810760498047,0.9998447500757098,21 24,0.140950 0.139216,0.347087 0.252427,1.762376 17.154273,21 24,21 24,8080 8080,24,26,25,1,26,0,1.9379589557647705,2.980955123901367,0.6501134284867862,1,0.728203125,0 0 0,1.955 1.739 3.374,0,1.0,0.25,286,288,1,measured,525,1,238,1,27,1.2846534252166748,1.2854200601577759,0.9994035918958609,284,0.140625,0.346154,1.793814,284,284,8080,-1,-1,287,1,288,0,2.8429198265075684,3.7138659954071045,0.765487992841792,1,0.66421875,0 0 0,2.260 2.960 3.998,0,23,286,-1,1.5059181451797485,1.955451488494873,0.7701127611909544,0.3860878661087866,1
66459,39,5426,Program,0,1.0,0.25,24,25,1,measured,262,1,238,1,-11,13.573954582214355,13.57483959197998,0.9999348051400808,21 23,0.142682 0.119923,0.350490 0.257353,1.969072 11.657606,21 23,21 23,8080 8080,23,25,24,1,25,-1,3.0796186923980713,3.918808698654175,0.7858558376313944,1,0.6504716981132076,-1 -1 -2,2.454 3.354 4.159,0,1.0,0.25,286,288,1,measured,525,1,238,1,8,1.0121999979019165,1.0127795934677124,0.9994277179659482,284,0.143557,0.301471,0.546875,284,284,8080,-1,-1,287,1,288,0,2.8604493141174316,3.721648931503296,0.7685972983384014,1,0.71796875,0 0 0,2.836 2.725 3.106,0,23,286,0,1.2098392248153687,1.5128648281097412,0.7997008075909928,0.3798640167364017,1
66460,40,5427,Program,0,1.0,0.25,25,26,1,measured,262,1,237,1,32,47.34941864013672,47.36254119873047,0.9997229338151707,21 24,0.139080 0.116415,0.348558 0.237981,1.750000 12.127731,21 24,21 24,8080 8080,24,26,25,1,26,1,4.850648403167725,5.159560680389404,0.9401281821539959,1,0.6363207547169811,1 1 1,4.965 4.591 3.902,0,1.0,0.25,286,288,1,measured,525,1,238,1,7,1.1112220287322998,1.1114041805267334,0.9998361066139347,284,0.140110,0.341346,1.654206,284,284,8080,-1,-1,287,1,288,0,3.684277296066284,4.177299499511719,0.8819758546153889,1,0.597890625,0 0 0,3.722 3.536 3.097,0,23,286,-1,1.3195686340332031,1.3481937646865845,0.9787677918388564,0.36255230125523014,1
66461,41,5428,Program,0,1.0,0.25,25,26,1,measured,262,1,237,1,32,46.889766693115234,46.89617919921875,0.9998632616513112,21 24,0.141123 0.123440,0.349515 0.262136,1.771429 12.557615,21 24,21 24,8080 8080,24,26,25,1,26,0,2.807324171066284,3.7255699634552,0.7535287750877966,1,0.645703125,0 0 1,2.808 2.590 4.343,0,1.0,0.25,286,288,1,measured,525,1,238,1,24,1.1884236335754395,1.189029335975647,0.9994905908694754,284,0.139116,0.335714,0.702128,284,284,8080,-1,-1,287,1,288,0,2.7150585651397705,3.616401433944702,0.7507624954617486,1,0.65578125,0 0 0,2.737 2.466 4.144,0,23,286,-1,1.5416139364242554,1.9956084489822388,0.7725032118452291,0.35120292887029286,1
66462,42,5429,Program,0,1.0,0.25,25,26,1,measured,262,1,237,1,30,48.197139739990234,48.19763946533203,0.9999896317465473,21 24,0.140625 0.117788,0.343750 0.228365,1.918367 12.379562,21 24,21 24,8080 8080,24,26,25,1,26,0,2.2892870903015137,3.2907626628875732,0.6956706772322236,1,0.6765625,0 0 0,2.234 2.139 3.169,0,1.0,0.25,286,288,1,measured,525,1,238,1,5,1.3274283409118652,1.3275518417358398,0.9999069709972206,284,0.140306,0.338095,0.792593,284,284,8080,-1,-1,287,1,288,0,2.7450292110443115,3.3233489990234375,0.8259828299257572,1,0.65453125,0 0 -1,2.802 2.019 4.465,0,23,286,-1,1.4130326509475708,2.0504400730133057,0.6891362832521082,0.3694037656903766,1
66463,43,5430,Program,0,1.0,0.25,24,25,1,measured,262,1,238,1,-10,13.082664489746094,13.082732200622559,0.9999948244085848,21 23,0.140625 0.121566,0.346154 0.245192,1.849462 15.863102,21 23,21 23,8080 8080,23,25,24,1,25,-1,2.475196599960327,3.146766185760498,0.786584211804771,1,0.6728773584905661,-1 -1 -1,2.361 2.412 2.992,0,1.0,0.25,286,288,1,measured,525,1,238,1,7,1.0291533470153809,1.0296000242233276,0.9995661643381528,284,0.140797,0.338942,2.125000,284,284,8080,-1,-1,287,1,288,0,4.094423770904541,4.56535005569458,0.8968477161564796,1,0.616328125,0 0 0,3.287 4.203 5.272,0,23,286,0,1.2819266319274902,1.5077340602874756,0.8502339143834614,0.3429916317991632,1
66464,44,5431,Program,0,1.0,0.25,25,26,1,measured,262,1,237,1,32,50.27994918823242,50.283843994140625,0.9999225435925572,21 24,0.139251 0.126717,0.298077 0.204327,0.455000 11.164087,21 24,21 24,8080 8080,24,26,25,1,26,1,3.363060235977173,3.973261833190918,0.8464230088950132,1,0.6406446540880503,1 1 1,2.975 3.614 3.931,0,1.0,0.25,286,288,1,measured,525,1,238,1,19,1.193403959274292,1.1949187517166138,0.9987323050708296,284,0.141484,0.343750,1.834951,284,284,8080,-1,-1,287,1,288,0,2.406425714492798,3.4915192127227783,0.6892202413562559,1,0.692734375,0 0 0,2.904 1.915 3.118,0,23,286,-1,1.228447675704956,1.3739360570907593,0.8941083315814073,0.35915271966527196,1
66465,45,5432,Program,0,1.0,0.25,25,26,1,measured,262,1,237,1,32,50.266845703125,50.2715950012207,0.9999055272048641,21 24,0.142857 0.124653,0.349515 0.216019,1.700000 23.766502,21 24,21 24,8080 9420,24,26,25,1,26,0,2.472900390625,3.5985848903656006,0.6871868987294514,1,0.67796875,0 0 0,2.892 2.060 3.474,0,1.0,0.25,286,288,1,measured,525,1,238,1,6,1.2944577932357788,1.294912576675415,0.9996487921672644,284,0.140777,0.349515,2.218750,284,284,8080,-1,-1,287,1,288,0,1.7517578601837158,3.2743513584136963,0.534993856319799,1,0.631796875,0 0 0,1.695 1.742 2.783,0,23,286,-1,1.4138996601104736,2.0695338249206543,0.6831971737232574,0.38394351464435145,1
66466,46,5433,Program,0,1.0,0.25,24,25,1,measured,262,1,238,1,-32,13.91430950164795,13.936046600341797,0.9984402248846301,21 23,0.143732 0.122374,0.352941 0.232843,0.851562 24.876136,21 23,21 23,8080 9420,23,25,24,1,25,-1,2.1488404273986816,3.297329902648926,0.6516910624176248,1,0.7197327044025157,-1 -1 -1,2.021 2.136 4.996,0,1.0,0.25,286,288,1,measured,525,1,238,1,10,1.2688603401184082,1.269323706626892,0.999634950087149,284,0.141123,0.344660,0.808824,284,284,8080,-1,-1,287,1,288,0,2.060292959213257,3.266725540161133,0.6306905596702292,1,0.707421875,0 0 0,1.878 2.149 3.624,0,23,286,0,1.0873849391937256,1.270930528640747,0.8555817290475173,0.2726987447698745,1
66467,47,5434,Program,0,1.0,0.25,24,25,1,measured,262,1,238,1,-32,14.457986831665039,14.464700698852539,0.999535844721071,21 23,0.142857 0.118697,0.350490 0.269608,0.925000 26.881547,21 23,21 23,8080 94d0,23,25,24,1,25,0,3.2970995903015137,4.204834938049316,0.7841210508565375,1,0.61953125,0 0 1,3.462 2.898 6.450,0,1.0,0.25,286,288,1,measured,525,1,238,1,32,1.3115640878677368,1.314368724822998,0.9978661718722508,284,0.143382,0.350490,0.795276,284,284,8080,-1,-1,287,1,288,0,3.3527441024780273,4.181977272033691,0.8017126551353999,1,0.61453125,0 0 1,3.485 2.862 6.292,0,23,286,0,1.3097584247589111,1.8675267696380615,0.7013331460907254,0.36961297071129706,1
66468,48,5435,Program,0,1.0,0.25,24,25,1,measured,262,1,238,1,-32,14.774542808532715,14.782599449157715,0.9994549916168188,21 23,0.146607 0.134643,0.352500 0.272500,2.142857 25.052632,21 23,21 23,8080 94d0,23,25,24,1,25,0,3.765625,4.366008281707764,0.8624869118496212,1,0.598515625,0 0 0,3.843 3.764 5.153,0,1.0,0.25,286,288,1,measured,525,1,238,1,30,1.3150912523269653,1.3153878450393677,0.9997745207137797,284,0.145332,0.349010,1.850000,284,284,8080,-1,-1,287,1,288,0,5.557939529418945,5.783746242523193,0.9609583989968172,1,0.58109375,0 1 2,5.423 5.243 8.330,0,23,286,0,1.4798805713653564,2.047797441482544,0.7226694112353063,0.40601464435146445,1
66469,49,5436,Program,0,1.0,0.25,24,25,1,measured,262,1,238,1,-32,14.45569896697998,14.463455200195312,0.9994637358011641,21 23,0.145357 0.130714,0.352500 0.010000,1.948980 18.011675,21 23,21 23,8080 a743,23,25,24,1,25,0,4.225742340087891,4.5382466316223145,0.9311398615145975,1,0.602109375,0 1 0,3.995 4.297 5.919,0,1.0,0.25,286,288,1,measured,525,1,238,1,16,1.1809157133102417,1.1810275316238403,0.9999053211626279,284,0.146645,0.358586,1.008197,284,284,8080,-1,-1,287,1,288,0,7.167421817779541,7.2434844970703125,0.9894991589584355,1,0.592109375,0 2 2,6.542 6.678 9.216,0,23,286,0,1.6498626470565796,2.108395576477051,0.7825204460983358,0.4234832635983264,1
66470,50,5437,Program,0,1.0,0.25,25,26,1,measured,262,1,237,1,31,41.55274200439453,41.553688049316406,0.9999772331899698,21 24,0.147186 0.130231,0.356061 0.010101,2.441860 16.000000,21 24,21 24,8080 4fd3,24,26,25,1,26,1,5.564848899841309,5.734958648681641,0.9703381036793636,1,0.6132075471698113,1 2 2,5.190 5.358 6.880,0,1.0,0.25,286,288,1,measured,525,1,238,1,12,1.0942028760910034,1.0943548679351807,0.9998611128358537,284,0.149300,0.371134,2.244681,284,284,8080,-1,-1,287,1,288,1,6.815418720245361,6.926962852478027,0.9838971083564043,1,0.591745283018868,0 3 2,6.023 6.796 10.377,0,23,286,-1,1.5316468477249146,1.6002967357635498,0.9571017758741598,0.35831589958158994,1
66471,51,5438,Program,0,1.0,0.25,24,25,1,measured,262,1,238,1,-32,12.210066795349121,12.219892501831055,0.9991959252930858,21 23,0.148870 0.122996,0.367347 0.201531,2.333333 18.370812,21 23,21 23,8080 2052,23,25,24,1,25,0,7.871054649353027,7.911733627319336,0.9948583989448477,1,0.5671875,-1 3 3,7.111 7.564 12.297,0,1.0,0.25,286,288,1,measured,525,1,238,1,17,0.9661120176315308,0.9667075276374817,0.9993839812053535,284,0.151228,0.369792,1.905263,284,284,8080,-1,-1,287,1,288,0,4.824131011962891,4.83279275894165,0.9982077139635807,1,0.54640625,0 1 0,4.443 4.628 7.424,0,23,286,0,1.464830994606018,1.731601357460022,0.8459400821645735,0.35115062761506277,1
66472,52,5439,Program,0,1.0,0.25,25,26,1,measured,262,1,237,1,32,27.341930389404297,27.383512496948242,0.9984814910961997,21 24,0.147777 0.131560,0.362245 0.012755,1.666667 20.072622,21 24,21 24,8080 45c1,24,26,25,1,26,3,8.719416618347168,8.755132675170898,0.9959205579002796,1,0.6005573248407643,2 3 3,8.052 8.383 15.253,0,1.0,0.25,286,288,1,measured,525,1,238,1,5,1.1867038011550903,1.186706304550171,0.9999978904678681,284,0.150405,0.365979,0.789062,284,284,8080,-1,-1,287,1,288,1,5.805532455444336,5.829306602478027,0.9959216166424348,1,0.6005503144654089,0 2 1,5.322 5.504 9.217,0,23,286,-1,1.3771989345550537,1.5379698276519775,0.8954655090065238,0.41773012552301253,1
66473,53,5440,Program,0,1.0,0.25,25,26,1,measured,262,1,237,1,32,23.258943557739258,23.27886199951172,0.9991443550044294,21 24,0.151414 0.143229,0.375000 0.255208,2.072289 15.870819,21 24,21 24,8080 4c20,24,26,25,1,26,2,7.375277042388916,7.41555643081665,0.9945682581201397,1,0.6056962025316456,1 3 3,6.863 7.732 11.760,0,1.0,0.25,286,288,1,measured,525,1,238,1,12,1.5026167631149292,1.5028226375579834,0.9998630081568449,284,0.149853,0.371134,2.032258,284,284,8080,-1,-1,287,1,288,2,7.40625,7.496208190917969,0.9879995074006939,1,0.6083860759493671,1 3 3,6.873 7.852 11.303,0,23,286,-1,1.7128409147262573,2.030877113342285,0.8433995850725677,0.4544456066945607,1
66474,54,5441,Program,0,1.0,0.25,25,26,1,measured,262,1,237,1,28,31.947521209716797,31.94843292236328,0.9999714629932335,21 24,0.149669 0.123895,0.365979 0.015464,0.807407 12.737679,21,21,8080,-1,-1,25,1,26,0,4.393359184265137,4.444398403167725,0.988516056781451,1,0.63734375,0 1 1,3.599 4.976 6.715,0,1.0,0.25,286,288,1,measured,525,1,238,1,13,1.2683467864990234,1.2697899341583252,0.9988634752721848,284,0.148324,0.362245,1.651786,284,284,8080,-1,-1,287,1,288,1,6.252181529998779,6.329015254974365,0.9878600821960103,1,0.6471698113207547,1 3 3,5.031 6.743 10.153,0,23,286,-1,1.9701474905014038,2.194253444671631,0.8978668782704067,0.49121338912133894,1
66475,55,5442,Program,0,1.0,0.25,24,25,1,measured,262,1,238,1,-32,14.85898494720459,14.887042999267578,0.9981152703015388,21 23,0.145382 0.126082,0.358586 0.207071,0.796748 18.495905,21,21,8080,-1,-1,24,1,25,-1,4.244192123413086,4.485244274139404,0.9462566281805087,1,0.6738207547169811,-1 -1 0,3.665 4.831 5.571,0,1.0,0.25,286,288,1,measured,525,1,238,1,15,1.3685275316238403,1.3693456649780273,0.9994025370108429,284,0.145179,0.350000,0.868852,284,284,8080,-1,-1,287,1,288,0,3.6924023628234863,4.306819915771484,0.857338462029022,1,0.6815625,0 0 0,2.685 4.482 6.534,0,23,286,0,1.6041855812072754,1.9266310930252075,0.8326376476611169,0.40423640167364017,1
66476,56,5443,Program,0,1.0,0.25,25,26,1,measured,262,1,237,1,13,39.990928649902344,39.991519927978516,0.9999852149136308,21 24,0.146645 0.115801,0.366162 0.007576,2.233333 19.833995,21 24,21 24,8080 45ce,24,26,25,1,26,1,2.8847386837005615,3.7668018341064453,0.7658323455141023,1,0.6077830188679245,1 1 1,2.273 3.451 4.722,0,1.0,0.25,286,288,1,measured,525,1,238,1,15,1.0896035432815552,1.0899193286895752,0.9997102671732598,284,0.145179,0.362500,0.796992,284,284,8080,-1,-1,287,1,288,0,2.8515918254852295,3.5194575786590576,0.8102361689984369,1,0.642109375,0 0 -1,2.588 3.154 4.069,0,23,286,-1,1.459900140762329,1.493915319442749,0.9772308522191819,0.31155857740585774,1
66477,57,5444,Program,0,1.0,0.25,25,26,1,measured,262,1,237,1,19,41.20154571533203,41.20187759399414,0.9999919450597524,21 24,0.144095 0.115983,0.356436 0.277228,0.937984 15.949467,21 24,21 24,8080 20c8,24,26,25,1,26,0,3.7305078506469727,4.230503082275391,0.88181187392978,1,0.69140625,0 -1 -2,3.464 3.960 5.008,0,1.0,0.25,286,288,1,measured,525,1,238,1,19,1.0301302671432495,1.0310975313186646,0.9990619081648096,284,0.143388,0.353960,0.662069,284,284,8080,-1,-1,287,1,288,0,3.4505858421325684,4.141047477722168,0.8332640136815345,1,0.63546875,0 0 0,3.105 3.834 4.413,0,23,286,-1,1.7896137237548828,2.2995386123657227,0.7782490427128603,0.4092050209205021,1
66478,58,5445,Program,0,1.0,0.25,25,26,1,measured,262,1,237,1,32,37.733360290527344,37.759342193603516,0.999311907952661,21 24,0.143564 0.117397,0.351485 0.007426,0.816176 13.558824,21 24,21 24,8080 4fce,24,26,25,1,26,0,5.831835746765137,6.024803638458252,0.967971090300547,1,0.59546875,0 -1 -3,5.216 6.092 8.117,0,1.0,0.25,286,288,1,measured,525,1,238,1,0,1.6804897785186768,1.6813687086105347,0.9994772532120071,284,0.143918,0.358911,0.821138,284,284,8080,-1,-1,287,1,288,0,4.415302753448486,4.658480644226074,0.9477988835095852,1,0.636484375,0 -1 -1,3.982 4.603 5.708,0,23,286,-1,1.6955565214157104,2.1516289710998535,0.7880338776759399,0.43373430962343096,1
66479,59,5446,Program,0,1.0,0.25,24,25,1,measured,262,1,238,1,-32,16.45736312866211,16.49460220336914,0.9977423478148855,21 23,0.143207 0.113620,0.348039 0.012255,2.069767 19.532889,21 23,21 23,8080 45d9,23,25,24,1,25,-1,6.537686824798584,6.81315279006958,0.9595685031939255,1,0.5813679245283019,-1 -2 -3,5.752 6.828 10.399,0,1.0,0.25,286,288,1,measured,525,1,238,1,13,1.1114919185638428,1.11247980594635,0.9991119952225407,284,0.140777,0.347087,0.854015,284,284,8080,-1,-1,287,1,288,0,5.955156326293945,6.290153503417969,0.9467426070060149,1,0.5909375,0 -1 -3,5.208 6.166 9.226,0,23,286,0,1.3200113773345947,1.6623122692108154,0.7940814742113836,0.4003661087866109,1
66480,60,5447,Program,0,1.0,0.25,24,25,1,measured,262,1,238,1,-32,17.088394165039062,17.130813598632812,0.9975237934059865,21 23,0.140603 0.111824,0.351942 0.220874,0.885246 15.819370,21,21,8080,-1,-1,24,1,25,0,5.033974647521973,5.492393970489502,0.9165356080735276,1,0.61765625,0 -1 0,4.481 5.440 8.155,0,1.0,0.25,286,288,1,measured,525,1,238,1,15,1.4308252334594727,1.4310897588729858,0.9998151580556893,284,0.139423,0.343750,1.957447,284,284,8080,-1,-1,287,1,288,0,6.579824447631836,6.9325079917907715,0.9491261251228891,1,0.5665625,0 -1 -1,5.905 6.746 11.399,0,23,286,0,1.6426267623901367,2.111198663711548,0.7780540934515143,0.4621338912133891,1
66481,61,5448,Program,0,1.0,0.25,25,26,1,measured,262,1,237,1,-1,43.7588996887207,43.75911331176758,0.9999951182043989,21 24,0.139251 0.120536,0.346154 0.237981,0.834586 23.410893,21,21,8080,-1,-1,25,1,26,1,3.381761074066162,4.080732345581055,0.8287142570691276,1,0.6436320754716981,1 1 0,3.209 3.549 5.534,0,1.0,0.25,286,288,1,measured,525,1,238,1,13,1.608669400215149,1.6088448762893677,0.999890930395587,284,0.138095,0.340476,1.826923,284,284,8080,-1,-1,287,1,288,0,5.472538948059082,5.908480644226074,0.92621763150007,1,0.615078125,0 -1 -3,5.038 5.577 10.106,0,23,286,-1,1.3833351135253906,1.5871729850769043,0.871571735741434,0.3643305439330544,1
66482,62,5449,Program,0,1.0,0.25,25,26,1,measured,262,1,237,1,0,45.86947250366211,45.87262725830078,0.9999312279494935,21 24,0.139080 0.122940,0.346154 0.012019,0.757812 15.761650,21 24,21 24,8080 cdc1,24,26,25,1,26,0,4.420019626617432,4.946285247802734,0.8936038673832887,1,0.585859375,0 -1 -2,3.962 4.691 7.964,0,1.0,0.25,286,288,1,measured,525,1,238,1,-4,1.345389485359192,1.3459395170211792,0.9995913399859121,284,0.138565,0.348558,1.800000,284,284,8080,-1,-1,287,1,288,0,4.026445388793945,4.435593605041504,0.9077579569547309,1,0.63375,0 -1 -3,3.755 3.746 7.600,0,23,286,-1,1.710986852645874,2.1757659912109375,0.7863836734085602,0.4061192468619247,1
66483,63,5450,Program,0,1.0,0.25,24,25,1,measured,262,1,238,1,-32,15.54430103302002,15.593853950500488,0.9968222789800543,21 23,0.136905 0.122109,0.342857 0.009524,0.878788 20.528648,21 23,21 23,8080 cb45,23,25,24,1,25,-1,4.560387134552002,4.946133136749268,0.9220105905902104,1,0.6010220125786163,-1 -2 -3,4.240 4.315 9.336,0,1.0,0.25,286,288,1,measured,525,1,238,1,4,1.5596184730529785,1.559713363647461,0.9999391615173057,284,0.138908,0.343750,2.114943,284,284,8080,-1,-1,287,1,288,0,2.8524999618530273,3.649292469024658,0.7816583587271128,1,0.648515625,0 0 -1,2.345 2.914 4.939,0,23,286,0,1.251063346862793,1.6143457889556885,0.774966153733457,0.36888075313807533,1
66484,64,5451,Program,0,1.0,0.25,24,25,1,measured,262,1,238,1,-32,15.331114768981934,15.373754501342773,0.9972264593949959,21 23,0.138393 0.121909,0.338942 0.012019,0.809160 15.695667,21,21,8080,-1,-1,24,1,25,0,4.211767673492432,4.692128658294678,0.8976240807137564,1,0.645703125,0 -1 -3,3.014 4.755 7.995,0,1.0,0.25,286,288,1,measured,525,1,238,1,19,1.6671416759490967,1.6682300567626953,0.9993475835007369,284,0.140777,0.344660,1.978723,284,284,8080,-1,-1,287,1,288,0,3.2577147483825684,3.925943374633789,0.8297915781035551,1,0.62015625,0 0 -1,2.528 3.504 5.632,0,23,286,0,1.444741129875183,2.0365898609161377,0.7093922824624503,0.4198221757322176,1
66485,65,5452,Program,0,1.0,0.25,25,26,1,measured,262,1,237,1,0,48.30845260620117,48.32337951660156,0.9996911037566141,21 24,0.140257 0.121359,0.347087 0.009709,1.764151 25.566479,21 24,21 24,8080 45d6,24,26,25,1,26,1,4.172337055206299,5.005488395690918,0.8335524379195733,1,0.585062893081761,1 1 -1,3.069 4.759 6.649,0,1.0,0.25,286,288,1,measured,525,1,238,1,15,1.7010518312454224,1.7017366886138916,0.9995975538559805,284,0.140430,0.342233,1.920792,284,284,8080,-1,-1,287,1,288,0,3.652480363845825,4.598073959350586,0.7943500683407205,1,0.59796875,0 0 -2,2.675 4.123 5.831,0,23,286,-1,1.258779764175415,1.3028331995010376,0.9661864348080059,0.34513598326359834,1
66486,66,5453,Program,0,1.0,0.25,24,25,1,measured,262,1,238,1,-32,15.611064910888672,15.64700984954834,0.9977027598879727,21 23,0.139080 0.117445,0.343750 0.016827,0.886525 25.670127,21 23,21 23,8080 4552,23,25,24,1,25,-1,2.635652542114258,3.391181707382202,0.7772077020752836,1,0.6290094339622642,-1 -1 -2,2.452 2.717 4.667,0,1.0,0.25,286,288,1,measured,525,1,238,1,7,1.2779552936553955,1.27839994430542,0.9996521818918993,284,0.138736,0.341346,2.362500,284,284,8080,-1,-1,287,1,288,0,2.7895312309265137,3.319732666015625,0.8402879121813552,1,0.64046875,0 0 -1,2.385 2.940 5.730,0,23,286,0,1.1739799976348877,1.5587748289108276,0.7531427733248618,0.35251046025104604,1
66487,67,5454,Program,0,1.0,0.25,24,25,1,measured,262,1,238,1,-32,15.739601135253906,15.76764965057373,0.9982211353028887,21 23,0.139595 0.112294,0.346154 0.012019,1.789474 15.207130,21,21,8080,-1,-1,24,1,25,0,2.3466014862060547,3.64601993560791,0.6436063235114483,1,0.65,0 0 -1,2.269 2.379 3.738,0,1.0,0.25,286,288,1,measured,525,1,238,1,9,1.1995192766189575,1.1998000144958496,0.9997660127742122,284,0.137755,0.342857,0.785714,284,284,8080,-1,-1,287,1,288,0,4.814267635345459,5.252132415771484,0.9166310470179363,1,0.612109375,0 0 -2,4.544 4.824 6.892,0,23,286,0,1.6036261320114136,2.211998701095581,0.7249670314983248,0.399163179916318,1
66488,68,5455,Program,0,1.0,0.25,24,25,1,measured,262,1,238,1,-32,16.17200469970703,16.188953399658203,0.9989530700637183,21 23,0.137755 0.113265,0.342857 0.009524,0.803030 15.663420,21 23,21 23,8080 a74f,23,25,24,1,25,0,4.048515796661377,4.472081184387207,0.9052867400519095,1,0.6365625,0 0 -1,3.842 4.203 5.341,0,1.0,0.25,286,288,1,measured,525,1,238,1,16,1.386142611503601,1.3861607313156128,0.9999869280584839,284,0.139080,0.341346,1.016949,284,284,8080,-1,-1,287,1,288,0,5.205126762390137,5.313983917236328,0.9795149634357935,1,0.62609375,0 -1 0,4.081 6.030 6.715,0,23,286,0,1.907507300376892,2.461604356765747,0.7749040966449734,0.42897489539748956,1
66489,69,5456,Program,0,1.0,0.25,25,26,1,measured,262,1,237,1,12,51.94243240356445,51.94274139404297,0.9999940513251665,21 24,0.137925 0.119558,0.342857 0.011905,2.211111 22.604747,21 24,21 24,8080 a7ae,24,26,25,1,26,0,6.025048732757568,6.030758857727051,0.9990531664249572,1,0.631328125,1 0 1,4.740 6.938 8.124,0,1.0,0.25,286,288,1,measured,525,1,238,1,13,1.396774172782898,1.3970826864242554,0.9997791729549329,284,0.137755,0.335714,0.858209,284,284,8080,-1,-1,287,1,288,0,2.886914014816284,3.714789628982544,0.7771406467523144,1,0.617890625,0 0 0,2.549 3.115 3.541,0,23,286,-1,1.4325205087661743,1.6710572242736816,0.8572540113872005,0.37615062761506274,1
66490,70,5457,Program,0,1.0,0.25,25,26,1,measured,262,1,237,1,6,51.058013916015625,51.05812072753906,0.9999979080404465,21 24,0.138435 0.108844,0.333333 0.280952,2.932432 21.167756,21 24,21 24,8080 aeae,24,26,25,1,26,0,4.587197303771973,5.277584552764893,0.8691849951259937,1,0.652890625,0 0 0,4.212 4.845 5.524,0,1.0,0.25,286,288,1,measured,525,1,238,1,24,1.5125205516815186,1.5127466917037964,0.9998505103177432,284,0.138946,0.342857,0.875912,284,284,8080,-1,-1,287,1,288,0,3.6707324981689453,4.351346492767334,0.8435854290781755,1,0.697265625,0 0 0,3.361 3.748 4.090,0,23,286,-1,1.7446131706237793,2.4387824535369873,0.7153623596453024,0.4714958158995816,1
66491,71,5458,Program,0,1.0,0.25,25,26,1,measured,262,1,237,1,7,50.561702728271484,50.56180191040039,0.9999980383980562,21 24,0.138605 0.115986,0.333333 0.202381,0.836066 29.021849,21 24,21 24,8080 942c,24,26,25,1,26,0,4.011865139007568,4.602673053741455,0.8716380877295583,1,0.573828125,0 0 0,3.928 4.070 3.552,0,1.0,0.25,286,288,1,measured,525,1,238,1,-16,1.2226499319076538,1.2230987548828125,0.9996330443691754,284,0.136287,0.341981,2.148936,284,284,8080,-1,-1,287,1,288,0,3.720693349838257,4.328174114227295,0.8596450262035055,1,0.65609375,0 0 0,3.780 3.690 3.236,0,23,286,-1,1.553250789642334,2.101638078689575,0.739066733417214,0.4195083682008368,1
66492,72,5459,Program,0,1.0,0.25,24,25,1,measured,262,1,238,1,-32,16.278493881225586,16.30585479736328,0.9983220189019395,21 23,0.137245 0.127891,0.342857 0.259524,1.907407 30.175123,21 23,21 23,8080 942c,23,25,24,1,25,-1,2.4340310096740723,3.637925148010254,0.6690712179730675,1,0.6385220125786164,-1 -1 -1,2.440 2.438 3.456,0,1.0,0.25,286,288,1,measured,525,1,238,1,10,1.4877607822418213,1.4879807233810425,0.9998521881797491,284,0.139595,0.343750,2.409091,284,284,8080,-1,-1,287,1,288,0,2.470644474029541,3.6332645416259766,0.6800067668411136,1,0.63625,0 0 0,2.141 2.702 4.055,0,23,286,0,1.3356125354766846,1.578570008277893,0.8460901502453745,0.32939330543933054,1
66493,73,5460,Program,0,1.0,0.25,25,26,1,measured,262,1,237,1,32,41.80823516845703,41.827449798583984,0.9995406215243942,21 24,0.158385 0.135870,0.391304 0.239130,0.849624 19.050319,21,21,8080,-1,-1,25,1,26,1,10.92782974243164,11.389389038085938,0.9594746220266206,1,0.6156446540880504,1 1 2,8.799 12.404 14.360,0,1.0,0.25,286,288,1,measured,525,1,238,1,18,1.3684959411621094,1.3691152334213257,0.9995476697329058,284,0.113421,0.279297,2.087912,284,284,8080,-1,-1,287,1,288,-3,37.891937255859375,38.0546989440918,0.9957229542540451,1,0.6078821656050956,-3 -3 3,32.180 40.040 50.321,0,23,286,-1,8.977588653564453,9.117925643920898,0.9846086713319481,0.3873953974895398,1
66494,74,5461,Program,0,1.0,0.25,25,26,1,measured,262,1,237,1,32,24.960691452026367,25.05647850036621,0.9961771544098488,21 24,0.114736 0.093082,0.283465 0.165354,0.912000 25.538749,21 24,21 24,8080 942f,24,26,25,1,26,-1,27.64082145690918,27.660364151000977,0.9992934766156688,1,0.6253930817610063,-1 -1 3,24.018 29.670 35.574,0,1.0,0.25,286,288,1,measured,525,1,238,1,7,0.8344648480415344,0.8349920511245728,0.9993686130516712,284,0.113611,0.279528,2.229885,284,284,8080,-1,-1,287,1,288,0,3.6867871284484863,3.886350154876709,0.9486502712119738,1,0.64765625,0 1 0,3.791 3.317 2.511,0,23,286,0,3.6263418197631836,3.8049659729003906,0.9530549932878774,0.08038702928870294,1
66495,75,5462,Program,0,1.0,0.25,24,25,1,measured,262,1,238,1,0,6.4415483474731445,6.446993827819824,0.9991553458104486,21 23,0.113839 0.098772,0.281250 0.216797,0.838462 11.717051,21 23,21 23,8080 8080,23,25,24,1,25,-1,3.9192512035369873,4.131816387176514,0.9485540586219555,1,0.6518081761006289,-1 1 -1,4.136 3.555 2.002,0,1.0,0.25,286,288,1,measured,525,1,238,1,31,1.047134518623352,1.0474709272384644,0.9996788372771365,284,0.115439,0.281496,0.725352,284,284,8080,-1,-1,287,1,288,0,2.8492772579193115,3.2361929416656494,0.880441095224936,1,0.696953125,0 0 0,2.902 2.532 2.169,0,23,286,0,1.07857346534729,1.2337430715560913,0.8742285895773344,0.3680962343096234,1
66496,76,5463,Program,0,1.0,0.25,24,25,1,measured,262,1,238,1,0,7.845181465148926,7.852452754974365,0.9990740103694564,21 23,0.112680 0.092608,0.236434 0.143411,0.586387 12.749894,21 23,21 23,8080 8080,23,25,24,1,25,0,4.361748218536377,4.427977561950684,0.9850429812509867,1,0.55796875,0 2 0,4.205 3.836 2.109,0,1.0,0.25,286,288,1,measured,525,1,238,1,15,0.7380663156509399,0.7386914491653442,0.999153728508553,284,0.113979,0.277344,0.848485,284,284,8080,-1,-1,287,1,288,0,3.364248037338257,3.474341630935669,0.9683123868369378,1,0.672734375,0 1 0,3.173 2.949 2.912,0,23,286,0,1.1208035945892334,1.466135859489441,0.7644609381422101,0.47594142259414224,1
66497,77,5464,Program,0,1.0,0.25,24,25,1,measured,262,1,238,1,0,8.978870391845703,8.98734188079834,0.9990573977194819,21 23,0.111573 0.095930,0.275194 0.170543,0.777778 12.583878,21 23,21 23,8080 8080,23,25,24,1,25,0,4.697343826293945,4.705709457397461,0.9982222380749911,1,0.6415625,0 1 0,4.452 4.084 2.795,0,1.0,0.25,286,288,1,measured,525,1,238,1,21,0.7340686321258545,0.7357259392738342,0.9977473851885452,284,0.114118,0.275391,0.765625,284,284,8080,-1,-1,287,1,288,0,4.321279525756836,4.353567123413086,0.9925836453783817,1,0.643125,0 1 0,4.065 3.676 3.268,0,23,286,0,1.1803423166275024,1.4549291133880615,0.8112713573232893,0.4598849372384937,1
66498,78,5465,Program,0,1.0,0.25,24,25,1,measured,262,1,238,1,0,9.896919250488281,9.91040325164795,0.9986394094349869,21 23,0.112680 0.096761,0.275194 0.180233,1.932039 12.957592,21 23,21 23,8080 8080,23,25,24,1,25,0,4.294326305389404,4.361969470977783,0.9844925174193813,1,0.630390625,0 1 0,4.000 3.720 3.387,0,1.0,0.25,286,288,1,measured,525,1,238,1,23,0.9038934707641602,0.9042553305625916,0.9995998256397269,284,0.112403,0.275194,0.818841,284,284,8080,-1,-1,287,1,288,1,5.312224864959717,5.425957202911377,0.9790392121245196,1,0.6388364779874214,0 1 1,4.906 4.680 3.874,0,23,286,0,1.200397253036499,1.4133799076080322,0.8493096913115317,0.42782426778242677,1
66499,79,5466,Program,0,1.0,0.25,24,25,1,measured,262,1,238,1,0,10.50434398651123,10.514833450317383,0.9990024127480749,21 23,0.114118 0.101842,0.275391 0.183594,1.956044 11.650903,21 23,21 23,8080 8080,23,25,24,1,25,0,3.476015567779541,3.734325885772705,0.9308281264425012,1,0.64,0 0 0,3.158 3.026 2.984,0,1.0,0.25,286,288,1,measured,525,1,238,1,-5,0.9627786874771118,0.9634340405464172,0.9993197738073135,284,0.113142,0.273438,0.868217,284,284,8080,-1,-1,287,1,288,2,6.846004962921143,6.998801231384277,0.9781682228982358,1,0.6084651898734177,0 2 0,7.264 5.762 4.468,0,23,286,0,1.1848219633102417,1.5336686372756958,0.7725410395135148,0.4040271966527197,1
66500,80,5467,Program,0,1.0,0.25,24,25,1,measured,262,1,238,1,0,10.537124633789062,10.55102825164795,0.9986822499639583,21 23,0.113839 0.103376,0.275391 0.187500,0.801471 13.759844,21,21,8080,-1,-1,24,1,25,1,5.412735939025879,5.609622001647949,0.9649020802891477,1,0.6639150943396226,0 1 0,5.639 4.433 3.539,0,1.0,0.25,286,288,1,measured,525,1,238,1,17,0.5836039185523987,0.5838761925697327,0.9995336785078774,284,0.115439,0.281496,1.811321,284,284,8080,-1,-1,287,1,288,2,6.226750373840332,6.272641658782959,0.992683898198079,1,0.6156645569620253,0 2 0,6.250 5.518 4.146,0,23,286,0,1.272860050201416,1.5470221042633057,0.8227807777882747,0.41610878661087863,1
66501,81,5468,Program,0,1.0,0.25,25,26,1,measured,262,1,237,1,32,40.39059829711914,40.46470260620117,0.9981686678930225,21 24,0.114676 0.095982,0.281250 0.171875,0.764706 11.434683,21 24,21 24,8080 8080,24,26,25,1,26,3,6.998337745666504,7.103392124176025,0.985210674467488,1,0.6006369426751592,1 3 1,7.229 6.116 4.618,0,1.0,0.25,286,288,1,measured,525,1,238,1,1,0.4990110695362091,0.500792384147644,0.9964430077856181,284,0.116286,0.282000,1.810000,284,284,8080,-1,-1,287,1,288,0,4.669775485992432,4.709758281707764,0.9915106480367323,1,0.6509375,0 1 1,4.518 4.366 3.559,0,23,286,0,1.2435017824172974,1.2531001567840576,0.9923402975294542,0.43713389121338914,1
66502,82,5469,Program,0,1.0,0.25,24,25,1,measured,262,1,238,1,0,9.87164306640625,9.884493827819824,0.998699906981842,21 23,0.115363 0.101616,0.281746 0.200397,1.846939 15.983193,21,21,8080,-1,-1,24,1,25,0,7.954570293426514,7.977122783660889,0.9971728540670619,1,0.584453125,-1 1 -1,8.000 7.509 5.082,0,1.0,0.25,286,288,1,measured,525,1,238,1,10,0.5,0.5,1.0,284,0.116000,0.240000,0.512077,284,284,8080,-1,-1,287,1,288,0,5.470829963684082,5.538610458374023,0.987762184179705,1,0.590234375,0 1 1,5.272 5.352 3.990,0,23,286,0,1.0674620866775513,1.2045667171478271,0.8861792970713053,0.34189330543933055,1
66503,83,5470,Program,0,1.0,0.25,24,25,1,measured,262,1,238,1,0,8.861572265625,8.873022079467773,0.9987095925446564,21 23,0.116286 0.098286,0.288000 0.214000,0.719424 13.393091,21 23,21 23,8080 8080,23,25,24,1,25,1,8.455218315124512,8.51578140258789,0.99288813502834,1,0.6125,0 2 1,8.562 7.951 5.399,0,1.0,0.25,286,288,1,measured,525,1,238,1,17,0.6659902334213257,0.6678861975669861,0.9971612467025563,284,0.116791,0.288306,0.770370,284,284,8080,-1,-1,287,1,288,1,7.1479363441467285,7.256435394287109,0.9850478858771621,1,0.5960691823899371,0 2 1,7.293 6.953 5.083,0,23,286,0,1.3130040168762207,1.4774123430252075,0.8887187270871598,0.37615062761506274,1
66504,84,5471,Program,0,1.0,0.25,24,25,1,measured,262,1,238,1,0,8.282188415527344,8.293710708618164,0.9986107191948657,21 23,0.120720 0.097993,0.295455 0.179752,0.746479 13.934003,21,21,8080,-1,-1,24,1,25,1,6.825628757476807,6.933837890625,0.9843940491752051,1,0.6025157232704402,0 2 1,6.908 6.445 4.435,0,1.0,0.25,286,288,1,measured,525,1,238,1,15,0.7528316974639893,0.7536348700523376,0.998934268277299,284,0.117886,0.286585,0.819549,284,284,8080,-1,-1,287,1,288,2,8.751641273498535,8.879992485046387,0.9855460225035111,1,0.6022943037974684,0 2 1,9.011 8.406 5.744,0,23,286,0,1.270668864250183,1.495975375175476,0.8493915644173857,0.3710251046025105,1
66505,85,5472,Program,0,1.0,0.25,24,25,1,measured,262,1,238,1,0,7.984399795532227,7.995253086090088,0.9986425332080177,21 23,0.121280 0.104167,0.293750 0.202083,1.740385 13.233512,21 23,21 23,8080 8080,23,25,24,1,25,0,4.644277572631836,4.934709072113037,0.941145162716383,1,0.61828125,0 1 1,4.387 4.608 3.916,0,1.0,0.25,286,288,1,measured,525,1,238,1,11,1.05506432056427,1.0553542375564575,0.9997252894034341,284,0.119877,0.293033,2.352941,284,284,8080,-1,-1,287,1,288,2,9.182377815246582,9.307635307312012,0.9865425010832742,1,0.5926424050632911,0 3 2,8.999 9.258 5.946,0,23,286,0,1.3185733556747437,1.5772404670715332,0.8360002061847567,0.4478033472803347,1
66506,86,5473,Program,0,1.0,0.25,24,25,1,measured,262,1,238,1,0,8.03100299835205,8.041337013244629,0.998714888472457,21 23,0.119292 0.103776,0.293033 0.215164,0.800000 12.722570,21,21,8080,-1,-1,24,1,25,1,6.950619220733643,7.075722694396973,0.9823193362619489,1,0.5810534591194969,0 2 1,6.760 6.896 4.691,0,1.0,0.25,286,288,1,measured,525,1,238,1,26,0.9143328070640564,0.9146039485931396,0.9997035421402889,284,0.123049,0.298319,1.685714,284,284,8080,-1,-1,287,1,288,1,7.590673923492432,7.647695541381836,0.9925439477054415,1,0.5953616352201258,0 1 1,7.065 7.939 5.022,0,23,286,0,1.3143060207366943,1.5445307493209839,0.8509419584650533,0.43802301255230125,1
66507,87,5474,Program,0,1.0,0.25,24,25,1,measured,262,1,238,1,0,6.956161022186279,6.961036205291748,0.9992996469258754,21 23,0.122173 0.098363,0.295833 0.202083,1.956989 12.048348,21,21,8080,-1,-1,24,1,25,1,8.476080894470215,8.589547157287598,0.9867901926912276,1,0.5772798742138365,0 2 1,7.960 8.520 6.079,0,1.0,0.25,286,288,1,measured,525,1,238,1,18,0.867682933807373,0.8689123392105103,0.9985851214815821,284,0.126847,0.301724,0.804511,284,284,8080,-1,-1,287,1,288,0,6.057548999786377,6.189937114715576,0.978612365121696,1,0.59875,0 1 1,5.447 6.449 4.407,0,23,286,0,1.2176493406295776,1.50642728805542,0.808302763953106,0.3667887029288703,1
66508,88,5475,Program,0,1.0,0.25,24,25,1,measured,262,1,238,1,0,6.700236797332764,6.704707145690918,0.9993332522568078,21 23,0.123649 0.099940,0.298319 0.207983,2.344444 14.011385,21 23,21 23,8080 8080,23,25,24,1,25,1,8.976680755615234,8.986738204956055,0.9988808565342124,1,0.6087264150943397,0 1 1,8.432 9.191 5.505,0,1.0,0.25,286,288,1,measured,525,1,238,1,11,0.8731912970542908,0.8735954761505127,0.9995373383822878,284,0.125305,0.305556,2.218391,284,284,8080,-1,-1,287,1,288,0,4.846513748168945,5.261821746826172,0.921071442812039,1,0.611171875,0 0 1,4.418 5.103 4.073,0,23,286,0,1.362128496170044,1.6466985940933228,0.8271875017419542,0.4469665271966527,1
66509,89,5476,Program,0,1.0,0.25,25,26,1,measured,262,1,237,1,32,41.99126434326172,42.06956100463867,0.9981388761967751,21 24,0.124847 0.106074,0.256410 0.190171,0.443439 12.445907,21,21,8080,-1,-1,25,1,26,1,8.435171127319336,8.473654747009277,0.9954584390279149,1,0.5706761006289308,1 2 3,8.211 8.436 5.170,0,1.0,0.25,286,288,1,measured,525,1,238,1,10,0.7979534268379211,0.8006430864334106,0.9966406259654711,284,0.125153,0.307692,0.830882,284,284,8080,-1,-1,287,1,288,0,7.2060546875,7.242590427398682,0.9949554320011709,1,0.58984375,0 1 1,7.036 7.430 4.213,0,23,286,0,1.130143642425537,1.1381601095199585,0.9929566437732539,0.3832112970711297,1
66510,90,5477,Program,0,1.0,0.25,24,25,1,measured,262,1,238,1,0,5.717614650726318,5.719738960266113,0.9996286002640065,21 23,0.128793 0.106195,0.311947 0.172566,1.640777 15.456017,21 23,21 23,8080 8080,23,25,24,1,25,-1,6.156023979187012,6.365703105926514,0.9670611206255773,1,0.6187106918238994,-1 0 0,6.016 6.306 4.069,0,1.0,0.25,286,288,1,measured,525,1,238,1,11,0.8557074069976807,0.8566827774047852,0.9988614567342426,284,0.127329,0.310870,0.802817,284,284,8080,-1,-1,287,1,288,0,7.819599628448486,7.875795841217041,0.9928646940700953,1,0.583125,0 1 1,7.645 8.268 4.961,0,23,286,0,1.092736005783081,1.210562825202942,0.9026677368850244,0.41103556485355647,1
66511,91,5478,Program,0,1.0,0.25,24,25,1,measured,262,1,238,1,0,5.766390323638916,5.7707672119140625,0.9992415413558685,21 23,0.130102 0.117028,0.312500 0.198661,1.562500 14.521008,21 23,21 23,8080 8080,23,25,24,1,25,0,4.197041034698486,4.8061418533325195,0.8732661587564898,1,0.5921875,0 0 1,4.187 4.195 3.342,0,1.0,0.25,286,288,1,measured,525,1,238,1,19,0.7713761925697327,0.7727272510528564,0.9982515713257389,284,0.127350,0.311404,1.705357,284,284,8080,-1,-1,287,1,288,0,7.388769626617432,7.560917854309082,0.9772318346781746,1,0.601796875,0 1 1,7.221 7.983 3.959,0,23,286,0,1.3821110725402832,1.6552469730377197,0.8349878266225277,0.4555439330543933,1
66512,92,5479,Program,0,1.0,0.25,25,26,1,measured,262,1,237,1,32,39.145381927490234,39.230690002441406,0.9978254760508708,21 24,0.129583 0.123578,0.316372 0.261062,1.747573 15.777090,21 24,21 24,8080 8080,24,26,25,1,26,1,5.580621242523193,6.008405685424805,0.9288023370426982,1,0.5680817610062893,1 1 2,5.526 5.736 3.509,0,1.0,0.25,286,288,1,measured,525,1,238,1,22,0.905278205871582,0.9053278565406799,0.999945157250228,284,0.132653,0.319196,1.824742,284,284,8080,-1,-1,287,1,288,0,5.854599475860596,6.423398017883301,0.911448965105522,1,0.576875,0 0 1,5.610 6.584 3.206,0,23,286,-1,1.1518739461898804,1.1940948963165283,0.9646418804260125,0.3861924686192469,1
66513,93,5480,Program,0,1.0,0.25,24,25,1,measured,262,1,238,1,-32,5.545548915863037,5.55066442489624,0.9990783969914919,21 23,0.129464 0.121652,0.319196 0.234375,2.177778 15.596639,21 23,21 23,8080 8080,23,25,24,1,25,-1,6.432036399841309,6.85546875,0.9382343694355413,1,0.5720911949685534,-1 -1 0,6.141 6.990 3.531,0,1.0,0.25,287,288,1,measured,525,1,238,1,14,1.1490306854248047,1.1502015590667725,0.9989820274257689,284,0.131981,0.325000,2.120879,284,284,8080,-1,-1,287,1,288,0,4.042705059051514,4.7975921630859375,0.842652922888539,1,0.632734375,0 0 1,3.853 4.414 3.072,0,23,286,0,1.036209225654602,1.142609715461731,0.906879410907046,0.3434100418410042,1
66514,94,5481,Program,0,1.0,0.25,25,26,1,measured,262,1,237,1,32,39.50395202636719,39.587833404541016,0.9978811323843703,21 24,0.131113 0.114221,0.319820 0.234234,0.748201 16.161345,21 24,21 24,8080 8080,24,26,25,1,26,1,5.2024664878845215,5.767840385437012,0.901978234526049,1,0.6091194968553459,1 1 2,5.006 5.520 3.637,0,1.0,0.25,286,288,1,measured,525,1,238,1,25,1.0032894611358643,1.0051313638687134,0.9981675004889314,284,0.131274,0.319820,1.869565,284,284,8080,-1,-1,287,1,288,0,3.3320116996765137,4.311487674713135,0.7728218079385347,1,0.646953125,0 0 0,3.241 3.581 2.808,0,23,286,0,0.9882409572601318,1.034427285194397,0.9553508220487577,0.34497907949790796,1
66515,95,5482,Program,0,1.0,0.25,24,25,1,measured,262,1,238,1,-32,5.804492473602295,5.809593200683594,0.9991220164811714,21 23,0.131757 0.111165,0.317568 0.211712,0.816176 18.148338,21 23,21 23,8080 8080,23,25,24,1,25,-1,5.297228813171387,6.043788909912109,0.876474822686754,1,0.6050314465408805,-1 -1 -1,5.058 5.858 3.324,0,1.0,0.25,286,288,1,measured,525,1,238,1,11,0.76487135887146,0.7650481462478638,0.9997689199336397,284,0.132239,0.319820,2.518519,284,284,8080,-1,-1,287,1,288,0,4.645664215087891,5.546039581298828,0.8376543562280026,1,0.61859375,0 0 0,4.450 5.358 2.642,0,23,286,0,1.066210389137268,1.2117247581481934,0.8799113676332683,0.34623430962343094,1
66516,96,5483,Program,0,1.0,0.25,25,26,1,measured,262,1,237,1,32,41.15370178222656,41.24106979370117,0.9978815289731414,21 24,0.133763 0.114749,0.326389 0.224537,1.629630 14.750651,21,21,8080,-1,-1,25,1,26,1,3.6277711391448975,5.069116115570068,0.7156614795234221,1,0.6519654088050314,1 1 1,3.707 3.733 2.387,0,1.0,0.25,286,288,1,measured,525,1,238,1,20,0.8807096481323242,0.8811274766921997,0.9995258023714751,284,0.132864,0.323394,2.432099,284,284,8080,-1,-1,287,1,288,0,4.553476333618164,5.925412654876709,0.7684656915616807,1,0.613984375,0 0 0,4.512 5.089 2.424,0,23,286,0,1.0680265426635742,1.0746402740478516,0.993845632306925,0.35606694560669455,1
66517,97,5484,Program,0,1.0,0.25,25,26,1,measured,262,1,237,1,32,39.83985137939453,39.92296600341797,0.997918125020663,21 24,0.135514 0.129506,0.334112 0.189252,0.762590 13.739634,21 24,21 24,8080 8080,24,26,25,1,26,0,2.8428614139556885,4.574370861053467,0.6214759363216528,1,0.67046875,0 0 0,2.698 3.131 1.981,0,1.0,0.25,286,288,1,measured,525,1,238,1,17,0.9320210814476013,0.9327390789985657,0.999230226794255,284,0.132630,0.325000,1.669725,284,284,8080,-1,-1,287,1,288,0,3.9891600608825684,5.567777156829834,0.7164726512068068,1,0.662109375,0 0 0,3.553 4.916 1.987,0,23,286,-1,1.5529437065124512,1.8794931173324585,0.8262566604747801,0.44639121338912136,1
66518,98,5485,Program,0,1.0,0.25,25,26,1,measured,262,1,237,1,32,40.71547317504883,40.79817199707031,0.9979729772689957,21 24,0.133028 0.121232,0.323394 0.279817,1.757009 16.043980,21 24,21 24,8080 8080,24,26,25,1,26,0,3.3680663108825684,5.0823211669921875,0.6627023755910831,1,0.656015625,0 0 0,2.954 3.956 2.149,0,1.0,0.25,286,288,1,measured,525,1,238,1,10,0.9363964796066284,0.9370980858802795,0.9992512990003687,284,0.132372,0.327982,2.292135,284,284,8080,-1,-1,287,1,288,0,3.005986213684082,4.753547668457031,0.6323669022256391,1,0.70859375,0 0 0,2.732 3.588 1.720,0,23,286,-1,1.5355168581008911,1.9307682514190674,0.7952880191459145,0.4209728033472803,1
66519,99,5486,Program,0,1.0,0.25,24,25,1,measured,262,1,238,1,-32,6.400998115539551,6.404900550842285,0.9993907110232615,21 23,0.133847 0.117464,0.327982 0.252294,2.107527 14.172549,21 23,21 23,8080 8080,23,25,24,1,25,-1,3.3333137035369873,4.957417011260986,0.672389209131534,1,0.6816037735849056,-1 -1 -1,2.980 3.929 1.916,0,1.0,0.25,286,288,1,measured,525,1,238,1,21,1.0200163125991821,1.0205254554748535,0.9995010973288907,284,0.133191,0.323394,2.042105,284,284,8080,-1,-1,287,1,288,0,2.8191308975219727,4.694369316101074,0.6005345356729224,1,0.68328125,0 0 0,2.409 3.490 1.755,0,23,286,0,1.2458593845367432,1.3677136898040771,0.9109065689875566,0.33394351464435146,1
66520,100,5487,Program,0,1.0,0.25,24,25,1,measured,262,1,238,1,-32,6.206114768981934,6.213870525360107,0.9987518638590037,21 23,0.132536 0.121068,0.330275 0.194954,2.000000 14.588235,21 23,21 23,8080 8080,23,25,24,1,25,0,3.4798243045806885,5.34133243560791,0.6514899318721474,1,0.68015625,0 0 0,2.693 4.513 2.150,0,1.0,0.25,286,288,1,measured,525,1,238,1,14,0.9262924194335938,0.9269822239875793,0.9992558599980286,284,0.133683,0.327982,2.010204,284,284,8080,-1,-1,287,1,288,0,2.5209081172943115,4.526061534881592,0.5569761033662708,1,0.691015625,0 0 0,2.187 3.027 1.865,0,23,286,0,1.4026694297790527,1.9871454238891602,0.7058715547017215,0.43226987447698745,1
66521,101,5488,Program,0,1.0,0.25,25,26,1,measured,262,1,237,1,32,41.294925689697266,41.379154205322266,0.9979644698582513,21 24,0.131169 0.114123,0.325000 0.175000,0.847826 11.388235,21 24,21 24,8080 8080,24,26,25,1,26,1,3.4235260486602783,4.991297245025635,0.6858990520094131,1,0.685377358490566,1 1 1,3.185 3.910 1.998,0,1.0,0.25,286,288,1,measured,525,1,238,1,16,0.9027552604675293,0.903114914894104,0.9996017622778195,284,0.132864,0.323394,0.769231,284,284,8080,-1,-1,287,1,288,0,3.0179102420806885,4.685367584228516,0.6441138689394019,1,0.70921875,0 0 0,2.845 3.411 1.870,0,23,286,0,1.1763783693313599,1.2051953077316284,0.976089403754395,0.34623430962343094,1
66522,102,5489,Program,0,1.0,0.25,25,26,1,measured,262,1,237,1,32,41.2662239074707,41.35049819946289,0.9979619521973914,21 24,0.132864 0.117955,0.327982 0.245413,2.326087 14.457088,21 24,21 24,8080 8080,24,26,25,1,26,0,2.7909178733825684,4.523889541625977,0.6169288281029639,1,0.711484375,0 0 0,2.811 2.910 1.831,0,1.0,0.25,286,288,1,measured,525,1,238,1,16,1.0654375553131104,1.065746784210205,0.9997098476845756,284,0.133355,0.323394,1.809524,284,284,8080,-1,-1,287,1,288,0,3.1721973419189453,5.036802291870117,0.6298038235566992,1,0.727265625,0 0 0,3.245 3.288 1.896,0,23,286,-1,1.4310566186904907,2.053457498550415,0.6969010167976245,0.47839958158995816,1
66523,103,5490,Program,0,1.0,0.25,25,26,1,measured,262,1,237,1,32,40.85170364379883,40.936668395996094,0.997924482975132,21 24,0.131818 0.107955,0.322727 0.247727,0.734848 23.667820,21 24,21 24,8080 9420,24,26,25,1,26,0,2.1457715034484863,4.188502311706543,0.5123004223851613,1,0.601484375,0 0 0,2.112 2.251 1.713,0,1.0,0.25,286,288,1,measured,525,1,238,1,26,1.0428335666656494,1.042904257774353,0.9999322170676966,284,0.131981,0.327273,1.752688,284,284,8080,-1,-1,287,1,288,0,2.5447559356689453,4.49850606918335,0.5656891191281455,1,0.710390625,0 0 0,2.569 2.646 1.723,0,23,286,-1,1.5430035591125488,2.241990566253662,0.6882292826463084,0.4759937238493724,1
66524,104,5491,Program,0,1.0,0.25,24,25,1,measured,262,1,238,1,-32,6.1846923828125,6.191652774810791,0.9988758426463112,21 23,0.131331 0.112662,0.327273 0.202273,0.684211 29.457944,21 23,21 23,8080 9420,23,25,24,1,25,-1,2.3521816730499268,4.340039253234863,0.5419724421378723,1,0.6117924528301887,-1 -1 -1,2.446 2.383 1.564,0,1.0,0.25,286,288,1,measured,525,1,238,1,-14,0.9141761064529419,0.9154530763626099,0.9986050951789448,284,0.132700,0.325688,1.989691,284,284,8080,-1,-1,287,1,288,0,2.3514647483825684,4.35513973236084,0.5399286573769433,1,0.7321875,0 0 0,2.345 2.478 1.705,0,23,286,0,1.2191689014434814,1.3629984855651855,0.8944756097347656,0.33556485355648535,1
66525,105,5492,Program,0,1.0,0.25,24,25,1,measured,262,1,238,1,-32,6.131031513214111,6.137873649597168,0.9988852594931624,21 23,0.133683 0.128604,0.327982 0.199541,1.544643 27.946218,21 23,21 23,8080 94d0,23,25,24,1,25,0,2.5445897579193115,4.461104393005371,0.5703945780576241,1,0.7159375,0 0 0,2.305 2.916 1.773,0,1.0,0.25,286,288,1,measured,525,1,238,1,10,1.040128469467163,1.0407958030700684,0.9993588236991955,284,0.131981,0.318182,2.039216,284,284,8080,-1,-1,287,1,288,0,1.9367480278015137,4.008421897888184,0.4831697054698457,1,0.760390625,0 0 0,1.889 2.023 1.935,0,23,286,0,1.46235990524292,2.1070117950439453,0.6940444798091032,0.4667887029288703,1
66526,106,5493,Program,0,1.0,0.25,25,26,1,measured,262,1,237,1,32,41.17637252807617,41.261837005615234,0.9979287282452444,21 24,0.132864 0.124836,0.323394 0.222477,1.836538 24.506104,21 24,21 24,8080 94d0,24,26,25,1,26,1,2.2800216674804688,4.379044532775879,0.5206664719701222,1,0.7264937106918239,1 1 1,2.414 2.243 1.540,0,1.0,0.25,286,288,1,measured,525,1,238,1,23,0.8680328130722046,0.8682487607002258,0.9997512836898873,284,0.133683,0.327982,2.151163,284,284,8080,-1,-1,287,1,288,0,1.9241992235183716,4.050845146179199,0.47501179484318157,1,0.748984375,0 0 0,2.031 1.915 1.717,0,23,286,-1,1.1098852157592773,1.1299594640731812,0.9822345411918213,0.3267782426778243,1
66527,107,5494,Program,0,1.0,0.25,25,26,1,measured,262,1,237,1,32,41.91077423095703,41.99542999267578,0.9979841672835945,21 24,0.132372 0.115990,0.327982 0.204128,1.712766 23.237528,21 24,21 24,8080 54c8,24,26,25,1,26,0,2.171318292617798,4.277692794799805,0.5075909834519604,1,0.615078125,0 0 0,2.105 2.284 1.758,0,1.0,0.25,286,288,1,measured,525,1,238,1,-24,0.78407222032547,0.7842212915420532,0.9998099117963373,284,0.132305,0.327273,1.989583,284,284,8080,-1,-1,287,1,288,0,1.9440624713897705,4.152918815612793,0.46811954620473606,1,0.642890625,0 0 0,1.939 2.048 1.573,0,23,286,-1,1.2953275442123413,1.8832240104675293,0.6878244632675234,0.2925732217573222,1
66528,108,5495,Program,0,1.0,0.25,24,25,1,measured,262,1,238,1,-32,6.653702259063721,6.658638000488281,0.9992587460942916,21 23,0.131656 0.112987,0.325000 0.011364,2.153846 15.744862,21 23,21 23,8080 4520,23,25,24,1,25,-1,1.9857114553451538,4.180587291717529,0.47498385197677695,1,0.6176100628930817,-1 -1 -1,1.892 2.137 1.762,0,1.0,0.25,286,288,1,measured,525,1,238,1,-19,0.381718248128891,0.3827487826347351,0.9973075433480149,284,0.132536,0.282110,0.515152,284,284,8080,-1,-1,287,1,288,0,2.219003915786743,4.21441650390625,0.5265269613788759,1,0.731875,0 0 0,2.254 2.306 1.640,0,23,286,0,1.1550978422164917,1.2825803756713867,0.9006046436753234,0.3475418410041841,1
66529,109,5496,Program,0,1.0,0.25,25,26,1,measured,262,1,237,1,32,40.14476013183594,40.22736740112305,0.9979464907941055,21 24,0.132864 0.121068,0.325688 0.016055,1.777778 22.509804,21 24,21 24,8080 4952,24,26,25,1,26,1,1.9520145654678345,4.127126216888428,0.47297186053580903,1,0.747877358490566,1 1 1,1.845 2.081 1.866,0,1.0,0.25,286,288,1,measured,525,1,238,1,16,0.8241491317749023,0.8248782753944397,0.9991160591310413,284,0.132372,0.325688,2.375000,284,284,8080,-1,-1,287,1,288,0,2.167353630065918,4.25539493560791,0.50931903216083,1,0.7396875,0 0 0,2.011 2.464 1.765,0,23,286,-1,1.0601296424865723,1.1038916110992432,0.9603566435575199,0.35993723849372383,1
66530,110,5497,Program,0,1.0,0.25,25,26,1,measured,262,1,237,1,32,40.655574798583984,40.738372802734375,0.9979675672233813,21 24,0.132045 0.111402,0.325688 0.190367,0.838235 28.871056,21 24,21 24,8080 5245,24,26,25,1,26,0,1.9067871570587158,4.072739601135254,0.4681829293793321,1,0.6065625,0 0 0,1.821 2.058 1.626,0,1.0,0.25,286,288,1,measured,525,1,238,1,14,0.9818255305290222,0.9822580814361572,0.999559636194082,284,0.132468,0.322727,0.816176,284,284,8080,-1,-1,287,1,288,0,4.773701190948486,6.506328582763672,0.7337012157047834,1,0.673125,0 0 0,4.048 6.072 2.068,0,23,286,-1,1.400431513786316,2.1072402000427246,0.6645808644680953,0.4772489539748954,1
66531,111,5498,Program,0,1.0,0.25,24,25,1,measured,262,1,238,1,-32,6.268095016479492,6.2786545753479,0.9983181812693012,21 23,0.132468 0.104870,0.320455 0.015909,2.325843 21.146001,21 23,21 23,8080 d349,23,25,24,1,25,-1,4.779245376586914,6.429052829742432,0.7433825017702314,1,0.6690251572327044,-1 -1 -1,4.052 5.844 2.073,0,1.0,0.25,286,288,1,measured,525,1,238,1,10,1.0611958503723145,1.0615853071212769,0.999633136643518,284,0.134094,0.331019,2.435294,284,284,8080,-1,-1,287,1,288,0,4.204550743103027,6.0641703605651855,0.6933431109463686,1,0.665703125,0 0 0,3.833 5.083 2.138,0,23,286,0,1.054531455039978,1.1896799802780151,0.8863992607436713,0.32735355648535563,1
66532,112,5499,Program,0,1.0,0.25,25,26,1,measured,262,1,237,1,32,40.586936950683594,40.66964340209961,0.9979663836587329,21 24,0.132792 0.118506,0.325000 0.009091,0.907692 18.858388,21 24,21 24,8080 d354,24,26,25,1,26,1,6.590762615203857,8.231586456298828,0.8006673622629076,1,0.6336477987421384,1 1 1,5.876 7.803 2.712,0,1.0,0.25,286,288,1,measured,525,1,238,1,11,0.681471049785614,0.6817817091941833,0.9995443418261594,284,0.134425,0.331019,1.989474,284,284,8080,-1,-1,287,1,288,0,3.9427247047424316,5.7253241539001465,0.6886465462495446,1,0.6365625,0 0 0,3.749 4.434 2.296,0,23,286,-1,1.1315380334854126,1.1354780197143555,0.9965301078836083,0.40747907949790796,1
66533,113,5500,Program,0,1.0,0.25,24,25,1,measured,262,1,238,1,-32,6.7414727210998535,6.746677875518799,0.9992284862987407,21 23,0.132305 0.106169,0.322727 0.009091,1.718750 23.384615,21 23,21 23,8080 49c2,23,25,24,1,25,-1,9.82802677154541,11.0881929397583,0.8863506276397496,1,0.5812106918238994,-1 -1 -1,8.392 12.123 3.852,0,1.0,0.25,286,288,1,measured,525,1,238,1,15,0.8810679316520691,0.881865918636322,0.9990951152920311,284,0.132305,0.327273,0.821429,284,284,8080,-1,-1,287,1,288,0,8.474238395690918,9.897562980651855,0.8561944402128778,1,0.603671875,0 0 0,7.335 10.487 3.813,0,23,286,0,1.184564471244812,1.3600414991378784,0.8709767106339769,0.34853556485355647,1
66534,114,5501,Program,0,1.0,0.25,24,25,1,measured,262,1,238,1,-32,5.995840072631836,5.999377250671387,0.9994104091321887,21 23,0.132955 0.111688,0.325000 0.247727,2.310345 25.282584,21,21,8080,-1,-1,24,1,25,0,4.724140644073486,6.443130970001221,0.7332057451678018,1,0.641171875,0 0 0,4.895 4.609 2.607,0,1.0,0.25,286,288,1,measured,525,1,238,1,14,0.8529887199401855,0.854975700378418,0.9976759802210133,284,0.129109,0.316372,0.812030,284,284,8080,-1,-1,287,1,288,0,6.24880838394165,7.7751078605651855,0.8036941089441574,1,0.6728125,0 0 0,6.417 6.183 3.117,0,23,286,0,1.4341464042663574,2.0969204902648926,0.6839297965394908,0.3996338912133891,1
66535,115,5502,Program,0,1.0,0.25,24,25,1,measured,262,1,238,1,-32,5.965682029724121,5.9698920249938965,0.999294795407999,21 23,0.130470 0.122104,0.326577 0.245495,0.973684 16.921569,21 23,21 23,8080 20d0,23,25,24,1,25,0,3.325634717941284,4.934139251708984,0.6740050388301101,1,0.674609375,0 0 0,3.212 3.522 2.065,0,1.0,0.25,286,288,1,measured,525,1,238,1,24,0.9805008172988892,0.9807376861572266,0.9997584788861683,284,0.129624,0.319196,1.852632,284,284,8080,-1,-1,287,1,288,0,4.591562271118164,6.09060525894165,0.7538761873259258,1,0.656796875,0 0 0,3.479 5.578 2.933,0,23,286,0,1.465993881225586,2.1284093856811523,0.6887743923175877,0.45188284518828453,1
66536,116,5503,Program,0,1.0,0.25,24,25,1,measured,262,1,238,1,-29,5.764693737030029,5.764718055725098,0.9999957814597639,21 23,0.130631 0.117761,0.324324 0.009009,0.868217 23.029864,21 23,21 23,8080 c152,23,25,24,1,25,0,3.296621084213257,4.971295356750488,0.6631312057805613,1,0.67921875,0 0 0,2.729 3.919 2.239,0,1.0,0.25,286,288,1,measured,525,1,238,1,16,0.8480551242828369,0.8484172224998474,0.9995732073708457,284,0.129305,0.321429,0.923664,284,284,8080,-1,-1,287,1,288,0,4.374990463256836,5.68730354309082,0.76925566397309,1,0.6509375,0 0 0,3.359 5.456 2.677,0,23,286,0,1.4553459882736206,2.0663974285125732,0.7042914243854835,0.41872384937238494,1
66537,117,5504,Program,0,1.0,0.25,25,26,1,measured,262,1,237,1,32,39.89392852783203,39.97321319580078,0.9980165550469914,21 24,0.128986 0.122927,0.314732 0.220982,1.757282 23.102262,21 24,21 24,8080 5480,24,26,25,1,26,1,4.403547763824463,5.675703048706055,0.7758594355686707,1,0.6625786163522013,1 1 1,3.401 5.583 2.342,0,1.0,0.25,286,288,1,measured,525,1,238,1,18,0.7260162830352783,0.7262580990791321,0.9996670384204178,284,0.130102,0.314732,2.051546,284,284,8080,-1,-1,287,1,288,0,2.4922657012939453,4.166656970977783,0.5981451601735981,1,0.711796875,0 0 0,2.060 2.939 1.939,0,23,286,-1,1.0504041910171509,1.1025317907333374,0.9527200937385085,0.34131799163179916,1
66538,118,5505,Program,0,1.0,0.25,24,25,1,measured,262,1,238,1,-32,5.693427562713623,5.6941447257995605,0.9998740525363382,21 23,0.130421 0.103476,0.314732 0.245536,1.938776 20.780186,21,21,8080,-1,-1,24,1,25,-1,3.1160378456115723,4.7483978271484375,0.656229313347751,1,0.7013364779874214,-1 -1 -1,2.443 3.878 1.812,0,1.0,0.25,286,288,1,measured,525,1,238,1,17,0.8697240352630615,0.8697325587272644,0.9999901999021223,284,0.129943,0.316964,1.922222,284,284,8080,-1,-1,287,1,288,0,2.3007616996765137,4.301680564880371,0.534851824763631,1,0.7265625,0 0 0,2.041 2.571 1.989,0,23,286,0,1.053376317024231,1.207122564315796,0.8726341037467813,0.3278242677824268,1
66539,119,5506,Program,0,1.0,0.25,25,26,1,measured,262,1,237,1,32,40.415557861328125,40.49439239501953,0.9980531987510176,21 24,0.128827 0.104592,0.312500 0.245536,2.344828 20.965309,21 24,21 24,8080 9470,24,26,25,1,26,1,2.8822524547576904,4.5615234375,0.6318618098205684,1,0.707625786163522,1 1 1,2.403 3.421 1.898,0,1.0,0.25,286,288,1,measured,525,1,238,1,-18,0.7953252196311951,0.7959142327308655,0.9992599540560426,284,0.129783,0.316964,0.895522,284,284,8080,-1,-1,287,1,288,0,3.017832040786743,4.6524176597595215,0.6486588826469917,1,0.69515625,0 0 0,2.880 3.220 2.084,0,23,286,0,1.0369313955307007,1.0554418563842773,0.9824618848100363,0.3403242677824268,1
66540,120,5507,Program,0,1.0,0.25,24,25,1,measured,262,1,238,1,-32,5.5806989669799805,5.584925174713135,0.9992432830161648,21 23,0.130470 0.117600,0.322072 0.013514,0.866142 18.266063,21 23,21 23,8080 4f46,23,25,24,1,25,-1,2.887676954269409,4.554470062255859,0.6340313834095385,1,0.6929245283018868,-1 -1 -1,2.789 3.126 1.719,0,1.0,0.25,286,288,1,measured,525,1,238,1,31,0.8529900312423706,0.8534411191940308,0.9994714480688648,284,0.128827,0.316964,0.750000,284,284,8080,-1,-1,287,1,288,0,3.180224657058716,4.88503360748291,0.6510138747433052,1,0.70640625,0 0 0,2.860 3.727 1.902,0,23,286,0,1.0618782043457031,1.2068760395050049,0.8798568946494522,0.3312238493723849,1
66541,121,5508,Program,0,1.0,0.25,24,25,1,measured,262,1,238,1,-32,6.131863594055176,6.1362128257751465,0.9992912188929136,21 23,0.130631 0.112452,0.326577 0.231982,0.884615 23.365419,21 23,21 23,8080 2054,23,25,24,1,25,0,2.684941291809082,4.427781105041504,0.6063852815018314,1,0.703984375,0 0 0,2.732 2.750 1.804,0,1.0,0.25,286,288,1,measured,525,1,238,1,15,0.7971278429031372,0.797406792640686,0.9996501788796844,284,0.129624,0.321429,2.179775,284,284,8080,-1,-1,287,1,288,0,2.929677724838257,4.627466678619385,0.633106174135074,1,0.723125,0 0 0,2.442 3.554 1.905,0,23,286,0,1.562206745147705,2.2537224292755127,0.693167323914816,0.4682008368200837,1
66542,122,5509,Program,0,1.0,0.25,25,26,1,measured,262,1,237,1,32,39.95777893066406,40.0388298034668,0.9979756932657479,21 24,0.130148 0.101512,0.317568 0.213964,1.737864 14.368627,21 24,21 24,8080 c849,24,26,25,1,26,1,2.4738306999206543,4.306435585021973,0.5744497162629758,1,0.7094339622641509,1 1 1,2.294 2.714 1.680,0,1.0,0.25,286,288,1,measured,525,1,238,1,13,1.107862949371338,1.1078904867172241,0.9999751443430408,284,0.129624,0.316964,1.784314,284,284,8080,-1,-1,287,1,288,0,5.213515758514404,7.057222843170166,0.7387489206975995,1,0.656640625,0 0 0,4.774 6.174 2.603,0,23,286,0,1.0708986520767212,1.0984941720962524,0.974878774307131,0.33043933054393304,1
66543,123,5510,Program,0,1.0,0.25,25,26,1,measured,262,1,237,1,32,39.82529067993164,39.90593719482422,0.9979790848038763,21 24,0.129305 0.102838,0.319196 0.006696,2.010638 18.314263,21,21,8080,-1,-1,25,1,26,0,5.304238319396973,7.023368835449219,0.7552270774424893,1,0.64625,0 0 0,4.766 6.152 2.928,0,1.0,0.25,286,288,1,measured,525,1,238,1,22,1.0932897329330444,1.0941585302352905,0.9992059676196472,284,0.134590,0.324074,2.151163,284,284,8080,-1,-1,287,1,288,0,4.678213119506836,6.630463600158691,0.7055635022858536,1,0.664921875,0 0 0,6.026 3.842 2.086,0,23,286,-1,1.5066057443618774,2.1588568687438965,0.6978719924301776,0.39142259414225944,1
66544,124,5511,Program,0,1.0,0.25,24,25,1,measured,262,1,238,1,-32,5.824459075927734,5.831810474395752,0.9987394311765971,21 23,0.133683 0.104849,0.279817 0.011468,0.557789 10.735617,21 23,21 23,8080 c74f,23,25,24,1,25,-1,7.272435188293457,8.980947494506836,0.8097625771380599,1,0.6312893081761006,-1 -1 -1,9.566 5.505 2.379,0,1.0,0.25,286,288,1,measured,525,1,238,1,32,1.7514559030532837,1.754568099975586,0.9982262319015457,284,0.133028,0.327982,0.727941,284,284,8080,-1,-1,287,1,288,0,4.1416015625,6.062018394470215,0.6832050470645185,1,0.654609375,0 0 0,5.406 3.273 1.900,0,23,286,0,1.051562786102295,1.2021130323410034,0.8747619881089502,0.30036610878661085,1
66545,125,5512,Program,0,1.0,0.25,24,25,1,measured,262,1,238,1,-32,6.34234619140625,6.349667549133301,0.9988469699129288,21 23,0.134502 0.121723,0.332569 0.004587,2.067416 13.601518,21 23,21 23,8080 4fc4,23,25,24,1,25,0,4.20730447769165,5.736468315124512,0.7334311368196461,1,0.6478125,0 0 0,4.374 4.281 1.870,0,1.0,0.25,286,288,1,measured,525,1,238,1,13,1.3346774578094482,1.3347423076629639,0.9999514139522339,284,0.133683,0.321101,0.770370,284,284,8080,-1,-1,287,1,288,0,3.684199333190918,5.324174404144287,0.6919757043126108,1,0.711015625,0 0 0,3.662 3.996 2.102,0,23,286,0,1.3931660652160645,2.1485421657562256,0.6484238882627233,0.4293410041841004,1
66546,126,5513,Program,0,1.0,0.25,25,26,1,measured,262,1,237,1,32,38.66617965698242,38.74231719970703,0.9980347705499354,21 24,0.133847 0.110747,0.325688 0.236239,0.866667 17.519826,21 24,21 24,8080 20c2,24,26,25,1,26,1,2.64035964012146,4.2361650466918945,0.623290077468386,1,0.7131289308176101,1 1 1,2.617 2.759 1.737,0,1.0,0.25,286,288,1,measured,525,1,238,1,17,1.0442370176315308,1.0457316637039185,0.9985707173988653,284,0.134425,0.331019,0.719424,284,284,8080,-1,-1,287,1,288,0,2.8234570026397705,4.383117198944092,0.6441664401125188,1,0.6003125,0 0 0,2.845 2.996 1.827,0,23,286,0,1.1027047634124756,1.1427803039550781,0.9649315442312892,0.3391213389121339,1
66547,127,5514,Program,0,1.0,0.25,24,25,1,measured,262,1,238,1,-32,5.787229537963867,5.796719074249268,0.9983629470112575,21 23,0.135251 0.112599,0.326389 0.240741,1.810000 31.592824,21 23,21 23,8080 5245,23,25,24,1,25,-1,2.442718267440796,4.162089824676514,0.5868970566080104,1,0.7174528301886792,-1 -1 -1,2.443 2.517 1.838,0,1.0,0.25,286,288,1,measured,525,1,238,1,19,0.9881922006607056,0.9888211488723755,0.9993639413837506,284,0.134830,0.325688,1.700935,284,284,8080,-1,-1,287,1,288,0,2.837656259536743,4.5488600730896,0.6238170033683622,1,0.61484375,0 0 0,2.788 3.107 1.821,0,23,286,0,1.0434848070144653,1.2134684324264526,0.8599192027829782,0.3266213389121339,1
66548,128,5515,Program,0,1.0,0.25,25,26,1,measured,262,1,237,1,32,38.20736312866211,38.28675079345703,0.9979264977270286,21 24,0.134174 0.108453,0.288991 0.011468,0.560847 15.218646,21 24,21 24,8080 c1cb,24,26,25,1,26,1,2.351346254348755,4.348684787750244,0.5407028490481152,1,0.7272798742138364,1 1 1,2.385 2.390 1.622,0,1.0,0.25,286,288,1,measured,525,1,238,1,24,1.1196633577346802,1.1198601722717285,0.9998242507931601,284,0.133028,0.325688,0.875969,284,284,8080,-1,-1,287,1,288,0,4.069648265838623,5.696098804473877,0.7144623724999655,1,0.68828125,0 0 0,2.833 5.562 2.313,0,23,286,0,1.0869832038879395,1.0956710577011108,0.9920707462772633,0.3301778242677824,1
66549,129,5516,Program,0,1.0,0.25,25,26,1,measured,262,1,237,1,32,38.62479019165039,38.706809997558594,0.9978809980488349,21 24,0.133519 0.112713,0.332569 0.190367,0.828358 18.289813,21 24,21 24,8080 46c1,24,26,25,1,26,0,3.960556745529175,5.6493611335754395,0.7010627665472976,1,0.566953125,0 0 0,2.749 5.356 2.049,0,1.0,0.25,286,288,1,measured,525,1,238,1,19,0.9185667634010315,0.9185855388641357,0.9999795604630055,284,0.137129,0.334906,1.857143,284,284,8080,-1,-1,287,1,288,0,5.707841873168945,7.519516468048096,0.7590703335011882,1,0.62171875,0 0 0,5.571 6.486 2.333,0,23,286,-1,1.6255083084106445,2.2351129055023193,0.7272600432886533,0.4115585774058577,1
66550,130,5517,Program,0,1.0,0.25,24,25,1,measured,262,1,238,1,-32,6.066763877868652,6.07433557510376,0.9987534937539274,21 23,0.134921 0.112269,0.328704 0.009259,1.024793 28.228322,21 23,21 23,8080 d354,23,25,24,1,25,-1,9.414976119995117,10.944293975830078,0.8602634524243974,1,0.6171383647798742,-1 -1 -1,9.037 10.489 3.073,0,1.0,0.25,286,288,1,measured,525,1,238,1,11,0.9831189513206482,0.9842995405197144,0.9988005793455488,284,0.137635,0.334906,1.870000,284,284,8080,-1,-1,287,1,288,0,4.553554534912109,6.509217739105225,0.6995548032685804,1,0.641796875,0 0 0,4.193 5.377 2.369,0,23,286,0,1.2772090435028076,1.471186876296997,0.8681487471649862,0.32761506276150626,1
66551,131,5518,Program,0,1.0,0.25,24,25,1,measured,262,1,238,1,-28,5.478305816650391,5.478341579437256,0.9999934719684148,21 23,0.137129 0.109838,0.337264 0.193396,0.765517 27.046440,21,21,8080,-1,-1,24,1,25,0,7.70041036605835,9.451070785522461,0.8147659181491006,1,0.612578125,0 0 0,7.736 8.321 3.768,0,1.0,0.25,286,288,1,measured,525,1,238,1,18,1.0461381673812866,1.0464692115783691,0.9996836560565568,284,0.136182,0.331776,1.735294,284,284,8080,-1,-1,287,1,288,0,6.64303731918335,8.324419975280762,0.7980180407655726,1,0.62546875,0 0 0,6.352 7.895 3.139,0,23,286,0,1.5870442390441895,2.246432304382324,0.70647320907387,0.401673640167364,1
66552,132,5519,Program,0,1.0,0.25,24,25,1,measured,262,1,238,1,-32,5.652870178222656,5.654069900512695,0.9997878126179639,21 23,0.138776 0.134524,0.338095 0.176190,2.181818 23.679538,21 23,21 23,8080 942c,23,25,24,1,25,0,4.839765548706055,6.546521186828613,0.7392881517657813,1,0.676171875,0 0 0,5.485 4.635 2.322,0,1.0,0.25,286,288,1,measured,525,1,238,1,14,1.0874394178390503,1.0883064270019531,0.9992033409512326,284,0.135848,0.329439,0.837037,284,284,8080,-1,-1,287,1,288,0,5.44723653793335,7.217570781707764,0.7547188247517911,1,0.6825,0 0 0,6.528 5.186 2.651,0,23,286,0,1.44831383228302,2.1583189964294434,0.6710378932303329,0.4280334728033473,1
66553,133,5520,Program,0,1.0,0.25,25,26,1,measured,262,1,237,1,32,37.841514587402344,37.88309860229492,0.9989023069277111,21 24,0.181696 0.150223,0.453125 0.343750,1.976744 26.396572,21 24,21 24,8080 942c,24,26,25,1,26,1,13.300992965698242,13.736777305603027,0.9682760861437977,1,0.6265723270440252,1 1 1,12.001 15.104 13.508,0,1.0,0.25,286,288,1,measured,525,1,238,1,10,1.51023268699646,1.5104501247406006,0.9998560444065123,284,0.176850,0.436747,0.790323,284,284,8080,-1,-1,287,1,288,0,31.642343521118164,31.734195709228516,0.9971055769318382,1,0.63265625,3 0 0,28.464 36.508 31.592,0,23,286,-1,4.9274139404296875,5.317434787750244,0.926652443727369,0.43817991631799164,1
66554,134,5521,Program,0,1.0,0.25,25,26,1,measured,262,1,237,1,0,35.552921295166016,35.57120132446289,0.9994861003110316,21 24,0.174745 0.139031,0.425595 0.351190,2.279570 20.117647,21 24,21 24,8080 942f,24,26,25,1,26,0,18.790145874023438,19.269733428955078,0.975111873929143,1,0.63203125,0 0 0,17.439 20.871 19.415,0,1.0,0.25,286,288,1,measured,525,1,238,1,32,1.4188852310180664,1.4210963249206543,0.9984440928712476,284,0.170588,0.420588,1.848485,284,284,8080,-1,-1,287,1,288,0,5.163476467132568,7.406387805938721,0.6971652852139741,1,0.615859375,0 0 0,4.716 6.135 2.761,0,23,286,-1,2.4562361240386963,2.866720676422119,0.8568104120643738,0.14236401673640167,1
66555,135,5522,Program,0,1.0,0.25,25,26,1,measured,262,1,237,1,0,36.162322998046875,36.17800521850586,0.9995665261154044,21 24,0.171429 0.152731,0.370588 0.344118,0.571429 21.120743,21 24,21 24,8080 942f,24,26,25,1,26,0,4.944004058837891,7.5205583572387695,0.6573985366497601,1,0.638203125,0 0 0,4.461 5.704 2.333,0,1.0,0.25,286,288,1,measured,525,1,238,1,28,1.7456611394882202,1.7460613250732422,0.9997708066840063,284,0.172059,0.420588,1.614679,284,284,8080,-1,-1,287,1,288,0,3.6480956077575684,6.492226600646973,0.5619174794967913,1,0.680390625,0 0 0,3.956 3.564 2.378,0,23,286,-1,1.7340638637542725,2.573824167251587,0.6737305080191093,0.3809100418410042,1
66556,136,5523,Program,0,1.0,0.25,24,25,1,measured,262,1,238,1,-32,9.242512702941895,9.267026901245117,0.9973546857514863,21 23,0.171008 0.153361,0.423529 0.341176,0.785714 12.100840,21 23,21 23,8080 8080,23,25,24,1,25,-1,5.413974285125732,8.007387161254883,0.6761224574380738,1,0.6432389937106918,-1 -1 -1,5.862 5.365 2.156,0,1.0,0.25,286,288,1,measured,525,1,238,1,12,1.19021737575531,1.1905242204666138,0.9997422608410407,284,0.171849,0.417647,0.775194,284,284,8080,-1,-1,287,1,288,0,3.085927724838257,6.064101696014404,0.5088845602418681,1,0.6996875,0 0 0,3.658 2.824 2.076,0,23,286,0,1.3155893087387085,1.529776930809021,0.8599876767934789,0.3618723849372385,1
66557,137,5524,Program,0,1.0,0.25,25,26,1,measured,262,1,237,1,0,36.33866500854492,36.35818862915039,0.9994630199869249,21 24,0.170168 0.150000,0.367647 0.323529,0.526596 12.470588,21 24,21 24,8080 8080,24,26,25,1,26,1,4.497857570648193,7.169579982757568,0.6273530083303742,1,0.6691037735849057,1 1 1,5.326 3.903 2.137,0,1.0,0.25,286,288,1,measured,525,1,238,1,6,1.4876395463943481,1.4892172813415527,0.9989405609463629,284,0.169020,0.418605,2.258427,284,284,8080,-1,-1,287,1,288,0,3.5950098037719727,6.521442413330078,0.5512599170428363,1,0.56484375,0 0 0,4.207 3.298 2.050,0,23,286,0,1.233870267868042,1.2419734001159668,0.9934755991978829,0.297907949790795,1
66558,138,5525,Program,0,1.0,0.25,24,25,1,measured,262,1,238,1,-32,9.65827751159668,9.679817199707031,0.9977747835867186,21 23,0.174320 0.145196,0.422619 0.345238,2.091837 16.057792,21 23,21 23,8080 8080,23,25,24,1,25,-1,3.606672525405884,6.371360778808594,0.5660757019759145,1,0.6849056603773584,-1 -1 -1,4.637 2.764 2.182,0,1.0,0.25,286,288,1,measured,525,1,238,1,15,1.5252832174301147,1.525526762008667,0.9998403537816462,284,0.168397,0.412791,1.877551,284,284,8080,-1,-1,287,1,288,0,3.923535108566284,6.6741251945495605,0.5878725666953997,1,0.686484375,0 0 0,5.343 2.823 2.097,0,23,286,0,1.2502011060714722,1.3886502981185913,0.900299454632533,0.2926255230125523,1
66559,139,5526,Program,0,1.0,0.25,25,26,1,measured,262,1,237,1,0,35.76303482055664,35.777095794677734,0.9996069839150223,21 24,0.175170 0.146684,0.425595 0.288690,1.827957 13.272811,21 24,21 24,8080 8080,24,26,25,1,26,1,2.326110363006592,5.4482421875,0.4269469459972665,1,0.7145440251572327,1 1 1,2.855 1.797 2.226,0,1.0,0.25,286,288,1,measured,525,1,238,1,31,1.4213039875030518,1.4213809967041016,0.9999458208592711,284,0.171639,0.417647,1.675676,284,284,8080,-1,-1,287,1,288,0,3.3556249141693115,6.138423919677734,0.5466590379025958,1,0.660703125,0 0 0,4.227 2.684 2.122,0,23,286,0,1.3631579875946045,1.3719162940979004,0.9936160051885272,0.2801778242677824,1
66560,140,5527,Program,0,1.0,0.25,24,25,1,measured,262,1,238,1,-32,9.495424270629883,9.51868724822998,0.9975560729128459,21 23,0.171429 0.149790,0.414706 0.250000,0.868613 11.719581,21 23,21 23,8080 8080,23,25,24,1,25,-1,3.0088050365448,5.835472583770752,0.5156060616089087,1,0.6328616352201258,-1 -1 -1,3.326 2.696 2.223,0,1.0,0.25,286,288,1,measured,525,1,238,1,22,1.3964811563491821,1.3979507684707642,0.998948738285548,284,0.171218,0.358824,0.549505,284,284,8080,-1,-1,287,1,288,0,3.6290624141693115,6.480257511138916,0.5600182412398451,1,0.680703125,0 0 0,5.134 2.394 2.078,0,23,286,0,1.2724493741989136,1.548539161682129,0.8217095219062411,0.2555439330543933,1
66561,141,5528,Program,0,1.0,0.25,25,26,1,measured,262,1,237,1,0,35.42259216308594,35.43769836425781,0.999573725104362,21 24,0.170473 0.163414,0.409884 0.244186,2.108434 12.248644,21 24,21 24,8080 8080,24,26,25,1,26,1,3.7229461669921875,6.485488414764404,0.5740425283185753,1,0.6772012578616352,1 1 1,5.479 2.115 2.150,0,1.0,0.25,286,288,1,measured,525,1,238,1,23,1.225000023841858,1.2255301475524902,0.9995674331539774,284,0.171218,0.417647,1.923077,284,284,8080,-1,-1,287,1,288,0,2.6874217987060547,5.812608242034912,0.46234352751859054,1,0.700703125,0 0 0,3.652 1.836 2.140,0,23,286,-1,1.2283793687820435,1.2848314046859741,0.9560626898610654,0.27955020920502094,1
66562,142,5529,Program,0,1.0,0.25,24,25,1,measured,262,1,238,1,-32,9.817387580871582,9.839700698852539,0.9977323377342606,21 23,0.170681 0.148463,0.415698 0.270349,0.748031 12.687921,21 23,21 23,8080 8080,23,25,24,1,25,-1,3.4719929695129395,6.33517599105835,0.5480499633180531,1,0.5888364779874213,-1 -1 -1,5.023 2.062 2.018,0,1.0,0.25,286,288,1,measured,525,1,238,1,21,1.4209558963775635,1.4210097789764404,0.9999620814721516,284,0.170473,0.354651,0.564356,284,284,8080,-1,-1,287,1,288,0,2.6323437690734863,5.78347110748291,0.45514946303918485,1,0.699765625,0 0 0,3.399 1.938 2.213,0,23,286,0,1.2104934453964233,1.4176905155181885,0.8538488705018731,0.2723849372384937,1
66563,143,5530,Program,0,1.0,0.25,25,26,1,measured,262,1,237,1,0,35.82958221435547,35.84355163574219,0.9996102668192962,21 24,0.170681 0.153239,0.418605 0.215116,2.506024 15.694530,21 24,21 24,8080 8080,24,26,25,1,26,1,3.273742198944092,6.296826362609863,0.5199035213013583,1,0.7014937106918239,1 1 1,4.697 2.013 1.989,0,1.0,0.25,286,288,1,measured,525,1,238,1,8,1.5266000032424927,1.526714563369751,0.9999249629694987,284,0.170058,0.406977,0.875000,284,284,8080,-1,-1,287,1,288,0,2.9425292015075684,6.059826850891113,0.4855797490442919,1,0.696015625,0 0 0,4.124 1.765 2.319,0,23,286,-1,1.104669213294983,1.1170318126678467,0.9889326344758814,0.2688284518828452,1
66564,144,5531,Program,0,1.0,0.25,25,26,1,measured,262,1,237,1,0,35.77922439575195,35.794898986816406,0.999562099865955,21 24,0.169435 0.145141,0.412791 0.281977,1.805556 13.354724,21 24,21 24,8080 8080,24,26,25,1,26,0,3.3995020389556885,6.357527732849121,0.5347207565278216,1,0.678203125,0 0 0,4.887 2.081 2.012,0,1.0,0.25,286,288,1,measured,525,1,238,1,11,0.6915193200111389,0.6933467984199524,0.9973642650215188,284,0.170058,0.412791,0.801471,284,284,8080,-1,-1,287,1,288,0,3.822890520095825,6.607193470001221,0.5785952140576744,1,0.6571875,0 0 0,5.592 2.305 2.449,0,23,286,-1,1.6195604801177979,2.65029239654541,0.6110874717932461,0.3936192468619247,1
66565,145,5532,Program,0,1.0,0.25,25,26,1,measured,262,1,237,1,0,34.9674186706543,34.981605529785156,0.9995944480272988,21 24,0.171429 0.156513,0.420588 0.300000,0.878788 15.776670,21 24,21 24,8080 8080,24,26,25,1,26,0,2.6173925399780273,5.694005489349365,0.45967509951893426,1,0.648125,0 0 0,3.033 2.273 2.044,0,1.0,0.25,286,288,1,measured,525,1,238,1,7,0.8057108521461487,0.8060207366943359,0.9996155377472568,284,0.168812,0.415698,1.761062,284,284,8080,-1,-1,287,1,288,0,3.086855411529541,6.172769069671631,0.5000762828948258,1,0.704296875,0 0 0,4.482 1.876 2.112,0,23,286,-1,1.678758144378662,2.6634364128112793,0.6302978123689159,0.38776150627615064,1
66566,146,5533,Program,0,1.0,0.25,25,26,1,measured,262,1,237,1,0,34.72294616699219,34.73377990722656,0.9996880921033268,21 24,0.167982 0.142027,0.409884 0.348837,2.022472 13.373461,21 24,21 24,8080 8080,24,26,25,1,26,0,2.5733301639556885,5.724596977233887,0.44952162993998507,1,0.709296875,0 0 0,3.355 1.853 1.982,0,1.0,0.25,286,288,1,measured,525,1,238,1,-8,0.9340000152587891,0.9341054558753967,0.9998871212924146,284,0.170168,0.414706,0.892086,284,284,8080,-1,-1,287,1,288,0,3.4942286014556885,6.533834457397461,0.5347898885775414,1,0.67296875,0 0 0,5.124 2.054 2.172,0,23,286,-1,1.7438808679580688,2.6115479469299316,0.6677575535261109,0.43964435146443515,1
66567,147,5534,Program,0,1.0,0.25,25,26,1,measured,262,1,237,1,0,35.037715911865234,35.05300521850586,0.9995638232286984,21 24,0.171849 0.147899,0.423529 0.291176,1.931373 17.037215,21 24,21 24,8080 8080,24,26,25,1,26,0,3.690498113632202,6.5969438552856445,0.559425424043177,1,0.647890625,0 0 0,5.216 2.322 2.015,0,1.0,0.25,286,288,1,measured,525,1,238,1,15,1.0277103185653687,1.0281604528427124,0.9995621945231417,284,0.170798,0.411765,0.959016,284,284,8080,-1,-1,287,1,288,0,2.8099803924560547,5.71190071105957,0.4919518973807227,1,0.67984375,0 0 0,3.568 2.105 2.172,0,23,286,-1,1.8447966575622559,2.7046759128570557,0.6820767873861547,0.396652719665272,1
66568,148,5535,Program,0,1.0,0.25,25,26,1,measured,262,1,237,1,0,34.89632797241211,34.91080093383789,0.9995854302668905,21 24,0.170378 0.153151,0.420588 0.288235,0.761538 14.176934,21 24,21 24,8080 8080,24,26,25,1,26,0,3.505625009536743,6.448172092437744,0.5436618252865882,1,0.66921875,0 0 0,4.975 2.136 2.233,0,1.0,0.25,286,288,1,measured,525,1,238,1,14,1.054321527481079,1.0558252334594727,0.9985758003022275,284,0.170168,0.423529,2.224719,284,284,8080,-1,-1,287,1,288,0,2.4332032203674316,5.758500576019287,0.42254110913876936,1,0.619609375,0 0 0,3.240 1.764 2.141,0,23,286,-1,1.7067949771881104,2.6269161701202393,0.6497333248019053,0.42709205020920504,1
66569,149,5536,Program,0,1.0,0.25,25,26,1,measured,262,1,237,1,0,34.82503890991211,34.83900451660156,0.9995991387560228,21 24,0.168397 0.151993,0.415698 0.264535,0.825397 12.526926,21 24,21 24,8080 8080,24,26,25,1,26,0,4.126367092132568,7.0993218421936035,0.5812339803512234,1,0.662890625,0 0 0,5.835 2.679 2.122,0,1.0,0.25,286,288,1,measured,525,1,238,1,0,1.1755529642105103,1.1758307218551636,0.999763777523847,284,0.167774,0.415698,0.906250,284,284,8080,-1,-1,287,1,288,0,3.300585985183716,6.407586574554443,0.515105952417541,1,0.683203125,0 0 0,4.578 2.226 2.074,0,23,286,-1,1.6584149599075317,2.636953353881836,0.6289132712439504,0.3978556485355649,1
66570,150,5537,Program,0,1.0,0.25,24,25,1,measured,262,1,238,1,-32,9.519342422485352,9.54049015045166,0.9977833709135681,21 23,0.168189 0.146595,0.418605 0.273256,0.755725 9.120205,21 23,21 23,8080 8080,23,25,24,1,25,-1,3.4996559619903564,6.406982421875,0.5462253103803871,1,0.6925314465408805,-1 -1 -1,4.780 2.317 2.288,0,1.0,0.25,286,288,1,measured,525,1,238,1,-11,1.4129823446273804,1.4131219387054443,0.99990121582983,284,0.166736,0.412791,1.820000,284,284,8080,-1,-1,287,1,288,0,3.5682129859924316,6.598506450653076,0.5407607028465167,1,0.703359375,0 0 0,5.224 2.186 2.070,0,23,286,0,1.1674085855484009,1.3102695941925049,0.8909682333488426,0.2717050209205021,1
66571,151,5538,Program,0,1.0,0.25,25,26,1,measured,262,1,237,1,0,36.525672912597656,36.543514251708984,0.9995117782326999,21 24,0.166872 0.148810,0.410920 0.295977,0.840909 14.219790,21 24,21 24,8080 8080,24,26,25,1,26,1,2.38307785987854,5.5084452629089355,0.43262259061099734,1,0.6731132075471699,1 1 1,2.718 2.039 2.081,0,1.0,0.25,286,288,1,measured,525,1,238,1,10,1.0794543027877808,1.0797275304794312,0.9997469475548807,284,0.168812,0.418605,1.898990,284,284,8080,-1,-1,287,1,288,0,2.7859668731689453,5.820823669433594,0.47862072988031934,1,0.71296875,0 0 0,3.705 1.975 2.196,0,23,286,0,1.2487342357635498,1.3014461994171143,0.9594973932251883,0.2685669456066946,1
66572,152,5539,Program,0,1.0,0.25,25,26,1,measured,262,1,237,1,0,36.41133499145508,36.4276123046875,0.9995531600288189,21 24,0.169020 0.153447,0.412791 0.296512,1.058824 11.467631,21 24,21 24,8080 8080,24,26,25,1,26,0,2.577343702316284,5.626906394958496,0.4580391997680094,1,0.691328125,0 0 0,3.158 2.042 1.961,0,1.0,0.25,286,288,1,measured,525,1,238,1,19,0.9749592542648315,0.9766260385513306,0.9982933239329033,284,0.166051,0.408046,0.898438,284,284,8080,-1,-1,287,1,288,0,2.8235254287719727,5.88407039642334,0.4798592196463635,1,0.6865625,0 0 0,3.827 1.925 2.091,0,23,286,-1,1.8508657217025757,2.9113099575042725,0.6357501429663075,0.40930962343096233,1
66573,153,5540,Program,0,1.0,0.25,25,26,1,measured,262,1,237,1,0,36.21820831298828,36.234771728515625,0.9995428861632841,21 24,0.169020 0.141196,0.409884 0.313953,1.870000 13.738258,21 24,21 24,8080 8080,24,26,25,1,26,0,2.865537166595459,5.840909957885742,0.49059773002094165,1,0.693046875,0 0 0,3.789 2.019 2.058,0,1.0,0.25,286,288,1,measured,525,1,238,1,9,1.0298477411270142,1.0307999849319458,0.9990762089456234,284,0.170588,0.426471,0.909091,284,284,8080,-1,-1,287,1,288,0,2.724668025970459,5.815576076507568,0.468512145680107,1,0.658125,0 0 0,3.554 1.985 2.089,0,23,286,-1,1.6621451377868652,2.676939010620117,0.6209125912815723,0.39424686192468616,1
66574,154,5541,Program,0,1.0,0.25,25,26,1,measured,262,1,237,1,0,36.369667053222656,36.385284423828125,0.9995707778336002,21 24,0.167359 0.138704,0.412791 0.281977,1.834951 12.507911,21 24,21 24,8080 8080,24,26,25,1,26,0,2.9805078506469727,5.996255874633789,0.4970614851937088,1,0.69734375,0 0 0,3.903 2.118 2.158,0,1.0,0.25,286,288,1,measured,525,1,238,1,2,0.9847464561462402,0.9853174686431885,0.9994204786628471,284,0.167774,0.421512,1.820000,284,284,8080,-1,-1,287,1,288,0,2.5194432735443115,5.705876350402832,0.44155237842937833,1,0.686015625,0 0 0,3.271 1.848 2.025,0,23,286,-1,1.7103668451309204,2.7070751190185547,0.6318135884426476,0.41956066945606696,1
66575,155,5542,Program,0,1.0,0.25,24,25,1,measured,262,1,238,1,-32,10.170341491699219,10.193313598632812,0.9977463553228977,21 23,0.165640 0.139984,0.416667 0.287356,1.898990 13.912713,21 23,21 23,8080 8080,23,25,24,1,25,-1,3.0274763107299805,6.08544921875,0.4974943018835754,1,0.6960691823899371,-1 -1 -1,3.833 2.338 2.043,0,1.0,0.25,286,288,1,measured,525,1,238,1,16,0.9570502638816833,0.9573220014572144,0.9997161481976624,284,0.167359,0.415698,2.224719,284,284,8080,-1,-1,287,1,288,0,2.6243457794189453,5.807380199432373,0.4518983929578875,1,0.721875,0 0 0,3.225 2.091 2.132,0,23,286,0,1.103501319885254,1.3382837772369385,0.8245645196144994,0.28661087866108786,1
66576,156,5543,Program,0,1.0,0.25,25,26,1,measured,262,1,237,1,0,36.152252197265625,36.16495132446289,0.9996488554046892,21 24,0.169228 0.145972,0.415698 0.340116,0.869231 12.995207,21 24,21 24,8080 8080,24,26,25,1,26,1,3.1902613639831543,6.139609336853027,0.5196196026404479,1,0.6886006289308176,1 1 1,4.284 2.242 1.954,0,1.0,0.25,286,288,1,measured,525,1,238,1,19,1.322475552558899,1.3234578371047974,0.9992577893164717,284,0.166256,0.410920,1.730000,284,284,8080,-1,-1,287,1,288,0,3.5108203887939453,6.459935188293457,0.5434761009918755,1,0.653125,0 0 0,4.695 2.548 2.032,0,23,286,0,1.1019706726074219,1.1094183921813965,0.9932868252171928,0.28132845188284517,1
66577,157,5544,Program,0,1.0,0.25,25,26,1,measured,262,1,237,1,0,36.192142486572266,36.20905685424805,0.9995328691453117,21 24,0.170058 0.147010,0.415698 0.281977,1.669643 13.023094,21 24,21 24,8080 8080,24,26,25,1,26,0,2.137500047683716,5.33371639251709,0.40075247545642106,1,0.583515625,0 0 0,2.542 1.693 1.944,0,1.0,0.25,286,288,1,measured,525,1,238,1,32,1.055740475654602,1.0568937063217163,0.9989088489597239,284,0.168812,0.409884,0.905512,284,284,8080,-1,-1,287,1,288,0,2.8222851753234863,5.794064521789551,0.4870993694857573,1,0.6803125,0 0 0,3.594 2.098 2.365,0,23,286,-1,1.6245859861373901,2.5983400344848633,0.6252399472648213,0.4422071129707113,1
66578,158,5545,Program,0,1.0,0.25,25,26,1,measured,262,1,237,1,0,35.569313049316406,35.58405685424805,0.9995856626187387,21 24,0.168397 0.144518,0.412791 0.316860,0.755725 11.276580,21 24,21 24,8080 8080,24,26,25,1,26,0,2.437304735183716,5.560898303985596,0.43829334793568436,1,0.692265625,0 0 0,2.890 2.006 2.032,0,1.0,0.25,286,288,1,measured,525,1,238,1,21,0.9121732115745544,0.9128478169441223,0.9992609881329111,284,0.171849,0.417647,0.889706,284,284,8080,-1,-1,287,1,288,0,3.0113768577575684,5.775393009185791,0.5214150540003007,1,0.62984375,0 0 0,3.609 2.408 2.462,0,23,286,-1,1.7787264585494995,2.652893304824829,0.6704854866626266,0.40543933054393305,1
66579,159,5546,Program,0,1.0,0.25,25,26,1,measured,262,1,237,1,0,36.107818603515625,36.12025451660156,0.9996557080438007,21 24,0.168812 0.138912,0.415698 0.343023,1.905660 14.045249,21 24,21 24,8080 8080,24,26,25,1,26,0,2.7889647483825684,5.720283031463623,0.4875571248908935,1,0.663828125,0 0 0,3.407 2.245 1.991,0,1.0,0.25,286,288,1,measured,525,1,238,1,12,1.1739130020141602,1.1747983694076538,0.999246366511438,284,0.167982,0.412791,1.900000,284,284,8080,-1,-1,287,1,288,0,2.1405858993530273,5.309610843658447,0.4031530675943311,1,0.716015625,0 0 0,2.564 1.581 2.160,0,23,286,-1,1.7411421537399292,2.7570667266845703,0.6315197731299339,0.38969665271966525,1
66580,160,5547,Program,0,1.0,0.25,25,26,1,measured,262,1,237,1,0,35.217811584472656,35.23200225830078,0.9995972220447737,21 24,0.171429 0.148529,0.417647 0.323529,0.864662 16.379773,21 24,21 24,8080 8080,24,26,25,1,26,0,2.510556697845459,5.4467668533325195,0.4609260439171201,1,0.6965625,0 0 0,3.149 1.902 2.159,0,1.0,0.25,286,288,1,measured,525,1,238,1,-27,1.1780115365982056,1.178512454032898,0.9995749578776378,284,0.168189,0.412791,0.825758,284,284,8080,-1,-1,287,1,288,0,2.3198633193969727,5.385731220245361,0.4307424980059226,1,0.6834375,0 0 0,2.652 1.853 2.429,0,23,286,-1,1.648288607597351,2.7058537006378174,0.6091565878853024,0.4309100418410042,1
66581,161,5548,Program,0,1.0,0.25,25,26,1,measured,262,1,237,1,0,34.98202896118164,34.995845794677734,0.9996051864676408,21 24,0.170798 0.142437,0.417647 0.302941,0.729927 15.242273,21 24,21 24,8080 8080,24,26,25,1,26,0,2.608388662338257,5.576199054718018,0.4677717988082404,1,0.563046875,0 0 0,3.173 2.028 2.088,0,1.0,0.25,286,288,1,measured,525,1,238,1,13,1.1195564270019531,1.1195652484893799,0.999992120613391,284,0.169228,0.418605,2.567901,284,284,8080,-1,-1,287,1,288,0,2.4806346893310547,5.373673439025879,0.4616273611484541,1,0.688515625,0 0 0,3.001 1.954 2.470,0,23,286,-1,1.636412262916565,2.5328543186187744,0.6460743718608102,0.4213389121338912,1
66582,162,5549,Program,0,1.0,0.25,23,26,1,measured,262,1,237,1,0,35.16014862060547,35.174842834472656,0.9995822521813008,21,0.170798,0.420588,0.785185,21,21,8080,-1,-1,25,1,26,0,3.4007129669189453,6.3237714767456055,0.5377665811334869,1,0.5784375,0 0 0,4.298 2.625 2.065,0,1.0,0.25,286,288,1,measured,525,1,238,1,28,1.1462810039520264,1.1467301845550537,0.9996082944278635,284,0.170473,0.412791,0.765152,284,284,8080,-1,-1,287,1,288,0,3.8039355278015137,6.636232376098633,0.5732071018944345,1,0.68859375,0 0 0,4.794 3.053 2.561,0,23,286,-1,1.5806840658187866,2.514251232147217,0.6286897846993807,0.44419456066945606,1
66583,163,5550,Program,0,1.0,0.25,25,26,1,measured,262,1,237,1,0,35.16311264038086,35.176029205322266,0.9996328020747876,21 24,0.171849 0.155042,0.420588 0.247059,2.666667 14.545455,21 24,21 24,8080 8080,24,26,25,1,26,0,2.367382764816284,5.485063076019287,0.4316053857550862,1,0.578828125,0 0 0,2.758 2.024 1.867,0,1.0,0.25,286,288,1,measured,525,1,238,1,21,1.2154819965362549,1.216448426246643,0.9992055317023426,284,0.167488,0.408046,0.903226,284,284,8080,-1,-1,287,1,288,0,3.592470645904541,6.443681240081787,0.5575183675378305,1,0.65515625,0 0 0,4.886 2.534 2.323,0,23,286,-1,1.4543274641036987,2.3590147495269775,0.6164978257958396,0.2603033472803347,1
66584,164,5551,Program,0,1.0,0.25,25,26,1,measured,262,1,237,1,0,35.85702896118164,35.8740119934082,0.9995265923357085,21 24,0.168812 0.145764,0.415698 0.273256,2.133333 16.350802,21 24,21 24,8080 8080,24,26,25,1,26,0,2.7050487995147705,5.706692218780518,0.4740134382247833,1,0.695390625,0 0 0,3.358 2.106 1.891,0,1.0,0.25,286,288,1,measured,525,1,238,1,14,1.3770194053649902,1.3772177696228027,0.9998559673987747,284,0.171639,0.417647,1.968421,284,284,8080,-1,-1,287,1,288,0,3.390331983566284,6.3342671394348145,0.5352366594170501,1,0.694765625,0 0 0,4.543 2.472 2.205,0,23,286,-1,1.536869764328003,2.596400499343872,0.59192322783653,0.26349372384937236,1
66585,165,5552,Program,0,1.0,0.25,25,26,1,measured,262,1,237,1,0,35.68601989746094,35.701541900634766,0.9995652287731149,21 24,0.172269 0.156092,0.414706 0.285294,2.219780 13.297479,21 24,21 24,8080 8080,24,26,25,1,26,0,3.192558526992798,6.098250865936279,0.5235203662784438,1,0.693359375,0 0 0,3.993 2.470 2.131,0,1.0,0.25,286,288,1,measured,525,1,238,1,18,1.3298780918121338,1.3307629823684692,0.9993350502170112,284,0.170168,0.420588,1.695238,284,284,8080,-1,-1,287,1,288,0,2.783310651779175,5.910809516906738,0.47088484983622764,1,0.581875,0 0 0,3.695 1.954 2.187,0,23,286,-1,1.4585341215133667,2.2040698528289795,0.6617458696426074,0.2550209205020921,1
66586,166,5553,Program,0,1.0,0.25,25,26,1,measured,262,1,237,1,0,35.60150146484375,35.61570358276367,0.9996012400011439,21 24,0.174745 0.152636,0.425595 0.306548,0.929134 14.973963,21 24,21 24,8080 8080,24,26,25,1,26,0,3.4397754669189453,6.407812595367432,0.5368096235220351,1,0.668203125,0 0 0,4.691 2.367 1.935,0,1.0,0.25,286,288,1,measured,525,1,238,1,8,0.9297999739646912,0.9298878312110901,0.9999055184470105,284,0.171008,0.411765,2.452381,284,284,8080,-1,-1,287,1,288,0,2.3319921493530273,5.365340232849121,0.43464012497762605,1,0.706875,0 0 0,2.772 1.838 2.349,0,23,286,-1,1.620540738105774,2.518010377883911,0.6435798487326514,0.4229602510460251,1
66587,167,5554,Program,0,1.0,0.25,25,26,1,measured,262,1,237,1,0,36.166072845458984,36.184730529785156,0.9994843768613721,21 24,0.170588 0.147479,0.420588 0.317647,2.010870 12.235294,21 24,21 24,8080 8080,24,26,25,1,26,0,3.414746046066284,6.315399169921875,0.5407015382859048,1,0.674140625,0 0 0,4.643 2.331 1.917,0,1.0,0.25,286,288,1,measured,525,1,238,1,26,1.2600905895233154,1.2607260942459106,0.9994959216553891,284,0.170378,0.423529,2.506024,284,284,8080,-1,-1,287,1,288,0,2.9099414348602295,5.788119316101074,0.5027438578823891,1,0.6959375,0 0 0,3.809 2.080 2.221,0,23,286,-1,1.647039771080017,2.4874300956726074,0.66214514890102,0.4127615062761506,1
66588,168,5555,Program,0,1.0,0.25,25,26,1,measured,262,1,237,1,0,35.49940872192383,35.51443862915039,0.9995767944586282,21 24,0.172832 0.147109,0.425595 0.264881,0.934426 11.584206,21 24,21 24,8080 8080,24,26,25,1,26,0,3.0505175590515137,5.936301231384277,0.5138751286615838,1,0.682734375,0 0 0,3.934 2.276 1.868,0,1.0,0.25,286,288,1,measured,525,1,238,1,7,1.1461660861968994,1.1462339162826538,0.9999408235223275,284,0.170889,0.415698,0.887097,284,284,8080,-1,-1,287,1,288,0,3.3862597942352295,6.356878757476807,0.5326922100334842,1,0.661015625,0 0 0,4.683 2.260 2.367,0,23,286,-1,1.6979916095733643,2.704324245452881,0.6278801857537647,0.41469665271966527,1
66589,169,5556,Program,0,1.0,0.25,25,26,1,measured,262,1,237,1,0,35.8807258605957,35.89675521850586,0.9995534594195886,21 24,0.170798 0.155042,0.423529 0.355882,1.968421 12.722336,21 24,21 24,8080 8080,24,26,25,1,26,0,2.3718457221984863,5.397494316101074,0.4394345937749517,1,0.7,0 0 0,2.874 1.872 2.033,0,1.0,0.25,286,288,1,measured,525,1,238,1,24,1.3694580793380737,1.369654655456543,0.9998564776035432,284,0.169643,0.412791,0.762963,284,284,8080,-1,-1,287,1,288,0,3.1181249618530273,6.170066833496094,0.5053632393291646,1,0.693046875,0 0 0,4.500 1.925 2.276,0,23,286,-1,1.6836047172546387,2.595980405807495,0.6485429217756147,0.43049163179916317,1
66590,170,5557,Program,0,1.0,0.25,24,25,1,measured,262,1,238,1,-32,7.9328203201293945,7.95867919921875,0.9967508579700142,21 23,0.169748 0.156723,0.420588 0.338235,2.043011 13.711384,21 23,21 23,8080 8080,23,25,24,1,25,-1,2.672297477722168,5.550227642059326,0.48147529255766763,1,0.6682389937106918,-1 -1 -1,3.399 1.990 1.966,0,1.0,0.25,286,288,1,measured,525,1,238,1,32,1.0089434385299683,1.0132890939712524,0.995711337004277,284,0.169850,0.415698,1.712871,284,284,8080,-1,-1,287,1,288,0,2.982421875,5.936320781707764,0.5024024113033216,1,0.705234375,0 0 0,4.431 1.625 2.155,0,23,286,0,1.1273130178451538,1.334635853767395,0.8446596235692211,0.27839958158995814,1
66591,171,5558,Program,0,1.0,0.25,25,26,1,measured,262,1,237,1,0,35.580570220947266,35.59889221191406,0.9994853213168059,21 24,0.171429 0.150420,0.417647 0.314706,1.873684 13.100902,21 24,21 24,8080 8080,24,26,25,1,26,1,2.9657037258148193,5.760195255279541,0.5148616660340787,1,0.6820754716981132,1 1 1,4.264 1.757 2.151,0,1.0,0.25,286,288,1,measured,525,1,238,1,16,0.9076175093650818,0.908117949962616,0.999448925552507,284,0.169748,0.417647,1.663551,284,284,8080,-1,-1,287,1,288,0,2.538144588470459,5.507753372192383,0.46083119866715105,1,0.695859375,0 0 0,3.394 1.617 2.546,0,23,286,0,1.3132524490356445,1.3221074342727661,0.993302370890916,0.38232217573221755,1
66592,172,5559,Program,0,1.0,0.25,25,26,1,measured,262,1,237,1,0,36.21879959106445,36.23872756958008,0.9994500916601621,21 24,0.170588 0.157773,0.420588 0.320588,0.906250 14.183824,21 24,21 24,8080 8080,24,26,25,1,26,0,2.897392511367798,5.833156585693359,0.4967109092312149,1,0.676015625,0 0 0,3.847 2.036 2.249,0,1.0,0.25,286,288,1,measured,525,1,238,1,14,1.4396203756332397,1.4401293992996216,0.9996465431046478,284,0.168309,0.410920,1.666667,284,284,8080,-1,-1,287,1,288,0,2.4121973514556885,5.336969375610352,0.4519788632251281,1,0.666640625,0 0 0,2.682 2.035 2.574,0,23,286,-1,1.7415616512298584,2.718480348587036,0.6406379402871375,0.4067468619246862,1
66593,173,5560,Program,0,1.0,0.25,25,26,1,measured,262,1,237,1,0,36.154422760009766,36.17207336425781,0.9995120378068931,21 24,0.170798 0.145378,0.420588 0.373529,2.279570 13.806228,21 24,21 24,8080 8080,24,26,25,1,26,0,2.678945302963257,5.672346591949463,0.47228166677356737,1,0.696484375,0 0 0,3.724 1.708 1.946,0,1.0,0.25,286,288,1,measured,525,1,238,1,22,1.3876841068267822,1.388319730758667,0.999542163150316,284,0.169850,0.415698,2.021978,284,284,8080,-1,-1,287,1,288,0,2.6675195693969727,5.788079738616943,0.4608643435921935,1,0.6853125,0 0 0,3.785 1.600 2.315,0,23,286,-1,1.7659809589385986,2.680384874343872,0.658853501167772,0.4201359832635983,1
66594,174,5561,Program,0,1.0,0.25,25,26,1,measured,262,1,237,1,0,36.17219543457031,36.18512725830078,0.9996426204711633,21 24,0.170681 0.146179,0.421512 0.238372,1.813725 13.349481,21 24,21 24,8080 8080,24,26,25,1,26,0,2.548447370529175,5.647975444793701,0.45121431483529756,1,0.700390625,0 0 0,3.321 1.779 2.041,0,1.0,0.25,286,288,1,measured,525,1,238,1,19,1.3328583240509033,1.3331973552703857,0.9997457006510385,284,0.168397,0.415698,0.746269,284,284,8080,-1,-1,287,1,288,0,2.753281354904175,5.982370376586914,0.4602325134665079,1,0.70421875,0 0 0,4.019 1.524 2.144,0,23,286,-1,1.621336579322815,2.6660666465759277,0.6081380528896844,0.4407949790794979,1
66595,175,5562,Program,0,1.0,0.25,25,26,1,measured,262,1,237,1,0,37.109004974365234,37.1259880065918,0.9995425567604141,21 24,0.169435 0.149917,0.412791 0.255814,0.702899 13.996205,21 24,21 24,8080 8080,24,26,25,1,26,0,2.1077442169189453,5.398123264312744,0.39045870457485565,1,0.720546875,0 0 0,2.468 1.700 1.959,0,1.0,0.25,286,288,1,measured,525,1,238,1,27,1.3908828496932983,1.391062617301941,0.9998707695783018,284,0.169850,0.418605,0.793651,284,284,8080,-1,-1,287,1,288,0,2.602841854095459,5.805227756500244,0.4483617117659162,1,0.669609375,0 0 0,3.438 1.839 2.222,0,23,286,-1,1.7421361207962036,2.6981842517852783,0.6456698128170837,0.4372907949790795,1
66596,176,5563,Program,0,1.0,0.25,25,26,1,measured,262,1,237,1,0,35.748619079589844,35.76799774169922,0.9994582122754168,21 24,0.170058 0.147425,0.415698 0.293605,0.920000 12.578151,21 24,21 24,8080 8080,24,26,25,1,26,0,2.3601269721984863,5.470794200897217,0.4314048172039487,1,0.676953125,0 0 0,2.732 2.015 2.024,0,1.0,0.25,286,288,1,measured,525,1,238,1,14,1.2487883567810059,1.249193549156189,0.999675636833494,284,0.167774,0.415698,0.991228,284,284,8080,-1,-1,287,1,288,0,2.3636717796325684,5.677692413330078,0.4163085295151148,1,0.690078125,0 0 0,3.134 1.632 2.077,0,23,286,-1,1.7254472970962524,2.714324474334717,0.6356820319056221,0.3975418410041841,1
66597,177,5564,Program,0,1.0,0.25,25,26,1,measured,262,1,237,1,0,36.10979461669922,36.1259880065918,0.9995517523316007,21 24,0.169748 0.146218,0.423529 0.270588,0.681159 11.902262,21,21,8080,-1,-1,25,1,26,0,2.4068360328674316,5.512853622436523,0.4365862396694072,1,0.69703125,0 0 0,2.915 1.916 2.044,0,1.0,0.25,286,288,1,measured,525,1,238,1,15,1.3329287767410278,1.3329967260360718,0.9999490251598396,284,0.171639,0.414706,0.871795,284,284,8080,-1,-1,287,1,288,0,2.561210870742798,5.553272247314453,0.4612075109376084,1,0.696796875,0 0 0,3.320 1.766 2.143,0,23,286,-1,1.6852312088012695,2.776609182357788,0.6069385707967143,0.3890167364016736,1
66598,178,5565,Program,0,1.0,0.25,25,26,1,measured,262,1,237,1,0,35.48420333862305,35.49762725830078,0.9996218361418905,21 24,0.171008 0.148529,0.417647 0.267647,0.858268 13.154062,21 24,21 24,8080 8080,24,26,25,1,26,0,3.0600390434265137,5.90813684463501,0.517936385682271,1,0.669921875,0 0 0,4.209 1.977 1.959,0,1.0,0.25,286,288,1,measured,525,1,238,1,15,1.181229829788208,1.1818729639053345,0.9994558348174737,284,0.171218,0.417647,0.848739,284,284,8080,-1,-1,287,1,288,0,2.1453516483306885,5.38387393951416,0.398477318085996,1,0.725,0 0 0,2.550 1.702 2.111,0,23,286,-1,1.6791223287582397,2.6672840118408203,0.6295251354202048,0.4280334728033473,1
66599,179,5566,Program,0,1.0,0.25,25,26,1,measured,262,1,237,1,0,35.59083557128906,35.60620880126953,0.999568242997555,21 24,0.170378 0.145588,0.420588 0.226471,2.086957 14.644068,21 24,21 24,8080 8080,24,26,25,1,26,0,3.139042854309082,6.026434898376465,0.5208789121997729,1,0.69671875,0 0 0,4.453 1.989 1.935,0,1.0,0.25,286,288,1,measured,525,1,238,1,32,1.2219218015670776,1.222383737564087,0.9996221023048542,284,0.170473,0.412791,0.828358,284,284,8080,-1,-1,287,1,288,0,2.820371150970459,5.869997978210449,0.4804722525356454,1,0.5596875,0 0 0,3.807 1.956 1.948,0,23,286,-1,1.6345124244689941,2.5753519535064697,0.6346753585441105,0.44947698744769876,1
66600,180,5567,Program,0,1.0,0.25,25,26,1,measured,262,1,237,1,0,34.682857513427734,34.695213317871094,0.9996438758185414,21 24,0.171218 0.155672,0.423529 0.335294,0.810606 13.129412,21 24,21 24,8080 8080,24,26,25,1,26,0,3.821152448654175,6.616489887237549,0.5775195781716134,1,0.651328125,0 0 0,5.819 2.028 2.062,0,1.0,0.25,286,288,1,measured,525,1,238,1,19,1.0427523851394653,1.0439023971557617,0.9988983529308585,284,0.171429,0.420588,2.213483,284,284,8080,-1,-1,287,1,288,0,4.530361175537109,7.293602466583252,0.6211417740812785,1,0.6321875,0 0 0,6.930 2.576 2.295,0,23,286,-1,1.7290573120117188,2.640033483505249,0.6549376448498673,0.3785041841004184,1
66601,181,5568,Program,0,1.0,0.25,24,25,1,measured,262,1,238,1,-32,9.622088432312012,9.64617919921875,0.9975025586391045,21 23,0.170798 0.153361,0.426471 0.252941,0.786260 14.959350,21 23,21 23,8080 8080,23,25,24,1,25,-1,3.1214523315429688,6.103471279144287,0.5114224658038531,1,0.6507861635220126,-1 -1 -1,4.355 2.011 2.049,0,1.0,0.25,286,288,1,measured,525,1,238,1,24,1.0116995573043823,1.011924386024475,0.9997778206324526,284,0.171218,0.426471,2.062500,284,284,8080,-1,-1,287,1,288,0,4.849238395690918,7.425746917724609,0.6530303886490137,1,0.64875,0 0 0,7.454 2.793 2.219,0,23,286,0,1.1980538368225098,1.3532553911209106,0.8853124433741614,0.3335774058577406,1
66602,182,5569,Program,0,1.0,0.25,25,26,1,measured,262,1,237,1,0,36.32978057861328,36.34632110595703,0.9995449188022213,21 24,0.170798 0.144328,0.414706 0.288235,2.255814 15.201186,21 24,21 24,8080 8080,24,26,25,1,26,1,3.5356132984161377,6.364345550537109,0.5555344646737095,1,0.6474842767295598,1 1 1,5.144 2.071 1.947,0,1.0,0.25,286,288,1,measured,525,1,238,1,7,0.9806309938430786,0.9813195466995239,0.9992983398132024,284,0.169850,0.412791,0.957983,284,284,8080,-1,-1,287,1,288,0,3.4768359661102295,6.245813846588135,0.5566666012643814,1,0.677421875,0 0 0,5.206 1.915 2.331,0,23,286,-1,1.2070472240447998,1.2383619546890259,0.9747127804389875,0.37024058577405855,1
66603,183,5570,Program,0,1.0,0.25,25,26,1,measured,262,1,237,1,0,35.664100646972656,35.67938995361328,0.9995714807158838,21 24,0.171849 0.153571,0.417647 0.350000,0.693878 14.347712,21 24,21 24,8080 8080,24,26,25,1,26,0,3.137685537338257,6.057114601135254,0.5180165382293042,1,0.6915625,0 0 0,4.570 1.824 2.080,0,1.0,0.25,286,288,1,measured,525,1,238,1,31,1.2225914001464844,1.2227537631988525,0.9998672152503187,284,0.169020,0.363372,0.553922,284,284,8080,-1,-1,287,1,288,0,2.865917921066284,5.822150230407715,0.49224389746906083,1,0.6840625,0 0 0,4.113 1.779 2.003,0,23,286,-1,1.679619312286377,2.6552047729492188,0.6325761874933553,0.4251569037656904,1
66604,184,5571,Program,0,1.0,0.25,25,26,1,measured,262,1,237,1,0,36.72492218017578,36.743473052978516,0.9994951246776268,21 24,0.171849 0.143277,0.414706 0.267647,0.786260 13.912713,21 24,21 24,8080 8080,24,26,25,1,26,0,3.2650487422943115,6.034836769104004,0.5410334806419421,1,0.6696875,0 0 0,4.631 2.021 2.162,0,1.0,0.25,286,288,1,measured,525,1,238,1,13,1.6260080337524414,1.6262116432189941,0.9998747952227487,284,0.169850,0.412791,1.978947,284,284,8080,-1,-1,287,1,288,0,2.50927734375,5.506230354309082,0.4557160130044836,1,0.669453125,0 0 0,3.301 1.733 2.105,0,23,286,-1,1.6500564813613892,2.502660036087036,0.6593210654137781,0.3937238493723849,1
66605,185,5572,Program,0,1.0,0.25,24,25,1,measured,262,1,238,1,-32,8.943219184875488,8.966154098510742,0.9974420567187148,21 23,0.169958 0.151050,0.420588 0.267647,0.851852 12.913495,21 23,21 23,8080 8080,23,25,24,1,25,-1,3.1941921710968018,6.07367467880249,0.5259076819252001,1,0.6738993710691824,-1 -1 -1,4.451 2.058 2.270,0,1.0,0.25,286,288,1,measured,525,1,238,1,19,1.4350570440292358,1.4361745119094849,0.9992219135829369,284,0.168189,0.412791,1.644231,284,284,8080,-1,-1,287,1,288,0,2.808418035507202,5.692983627319336,0.49331215744767676,1,0.695625,0 0 0,3.812 1.908 2.342,0,23,286,0,1.3027771711349487,1.479475498199463,0.8805669122066855,0.3745292887029289,1
66606,186,5573,Program,0,1.0,0.25,25,26,1,measured,262,1,237,1,0,36.775672912597656,36.793907165527344,0.9995044219455234,21 24,0.168605 0.148671,0.415698 0.328488,1.898990 12.596806,21 24,21 24,8080 8080,24,26,25,1,26,1,2.8961968421936035,5.895888805389404,0.49122311118659556,1,0.6870283018867924,1 1 1,3.871 2.032 2.507,0,1.0,0.25,286,288,1,measured,525,1,238,1,-1,1.1633702516555786,1.1637046337127686,0.999712657277884,284,0.169850,0.412791,0.788321,284,284,8080,-1,-1,287,1,288,0,3.169628858566284,6.024852752685547,0.526092335975089,1,0.654453125,0 0 0,4.347 2.151 2.405,0,23,286,-1,1.3573973178863525,1.398301362991333,0.9707473323079111,0.35784518828451883,1
66607,187,5574,Program,0,1.0,0.25,25,26,1,measured,262,1,237,1,0,36.18720245361328,36.20055389404297,0.9996311813220106,21 24,0.171849 0.139916,0.417647 0.320588,2.120879 13.183824,21 24,21 24,8080 8080,24,26,25,1,26,0,2.5537109375,5.6440253257751465,0.45246269995240945,1,0.676953125,0 0 0,3.234 1.874 2.156,0,1.0,0.25,286,288,1,measured,525,1,238,1,17,1.2378246784210205,1.2384146451950073,0.9995236112748861,284,0.169020,0.418605,2.157895,284,284,8080,-1,-1,287,1,288,0,3.085683584213257,6.118710517883301,0.5043029205573063,1,0.6875,0 0 0,4.466 1.881 2.371,0,23,286,-1,1.7670371532440186,2.745248317718506,0.6436711542045678,0.3917887029288703,1
66608,188,5575,Program,0,1.0,0.25,25,26,1,measured,262,1,237,1,0,36.01026916503906,36.02531814575195,0.9995822665423243,21 24,0.169850 0.146387,0.412791 0.281977,2.464286 12.530700,21 24,21 24,8080 8080,24,26,25,1,26,0,2.5378222465515137,5.579520225524902,0.45484596237174924,1,0.6784375,0 0 0,2.989 2.017 2.222,0,1.0,0.25,286,288,1,measured,525,1,238,1,5,1.2683120965957642,1.2696740627288818,0.9989273104231251,284,0.171639,0.414706,1.737374,284,284,8080,-1,-1,287,1,288,0,3.095634698867798,6.010740756988525,0.5150171707652816,1,0.685234375,0 0 0,4.424 1.904 2.123,0,23,286,-1,1.6218336820602417,2.5847222805023193,0.6274692234033947,0.38817991631799165,1
66609,189,5576,Program,0,1.0,0.25,25,26,1,measured,262,1,237,1,0,35.11670684814453,35.13093185424805,0.9995950860010622,21 24,0.172059 0.158193,0.423529 0.352941,1.783505 13.573109,21 24,21 24,8080 8080,24,26,25,1,26,0,2.859726667404175,5.844771862030029,0.48927943381025707,1,0.699296875,0 0 0,3.969 1.861 1.880,0,1.0,0.25,286,288,1,measured,525,1,238,1,-16,1.387155532836914,1.387378215789795,0.9998394936936832,284,0.170378,0.420588,1.854167,284,284,8080,-1,-1,287,1,288,0,2.470078229904175,5.482449054718018,0.45054285142485834,1,0.703828125,0 0 0,3.267 1.696 2.273,0,23,286,-1,1.5698846578598022,2.560340404510498,0.6131546629870659,0.4422071129707113,1
66610,190,5577,Program,0,1.0,0.25,25,26,1,measured,262,1,237,1,0,34.86986541748047,34.88508605957031,0.9995636920011075,21 24,0.169435 0.147425,0.418605 0.337209,0.802721 16.524727,21 24,21 24,8080 8080,24,26,25,1,26,0,2.691650390625,5.69845724105835,0.4723472120192818,1,0.5940625,0 0 0,3.843 1.587 1.994,0,1.0,0.25,286,288,1,measured,525,1,238,1,-1,1.1924445629119873,1.1929304599761963,0.9995926861786909,284,0.171218,0.420588,1.850000,284,284,8080,-1,-1,287,1,288,0,2.191767692565918,5.186615467071533,0.42258149008363516,1,0.71609375,0 0 0,2.585 1.783 2.234,0,23,286,-1,1.6429179906845093,2.4670608043670654,0.6659414262414204,0.460826359832636,1
66611,191,5578,Program,0,1.0,0.25,25,26,1,measured,262,1,237,1,0,35.213863372802734,35.22686004638672,0.9996310578471408,21 24,0.172059 0.150840,0.417647 0.355882,2.108696 13.526050,21 24,21 24,8080 8080,24,26,25,1,26,0,2.766308546066284,5.801591873168945,0.47681888118670285,1,0.681328125,0 0 0,3.701 1.855 1.945,0,1.0,0.25,286,288,1,measured,525,1,238,1,11,1.0385851860046387,1.038848638534546,0.9997463995040905,284,0.170681,0.418605,0.853846,284,284,8080,-1,-1,287,1,288,0,2.651298761367798,5.7505011558532715,0.46105525231815947,1,0.65359375,0 0 0,3.333 2.002 2.230,0,23,286,-1,1.731363296508789,2.6189072132110596,0.6611014272574983,0.40972803347280334,1
66612,192,5579,Program,0,1.0,0.25,25,26,1,measured,262,1,237,1,0,36.22966003417969,36.24485778808594,0.9995806921358305,21 24,0.172269 0.144538,0.417647 0.344118,0.886364 12.813445,21 24,21 24,8080 8080,24,26,25,1,26,0,2.6692676544189453,5.699832916259766,0.46830629838365867,1,0.686953125,0 0 0,3.541 1.867 1.995,0,1.0,0.25,286,288,1,measured,525,1,238,1,23,1.2217212915420532,1.2219934463500977,0.9997772861966999,284,0.170266,0.418605,1.583333,284,284,8080,-1,-1,287,1,288,0,2.631230354309082,5.763286113739014,0.4565503607458478,1,0.573984375,0 0 0,3.640 1.642 2.253,0,23,286,-1,1.7922667264938354,2.796924352645874,0.6407991423859432,0.4321652719665272,1
66613,193,5580,Program,0,1.0,0.25,25,26,1,measured,262,1,237,1,0,36.15620040893555,36.17068862915039,0.9995994485932135,21 24,0.171639 0.149160,0.417647 0.323529,0.890511 14.657666,21 24,21 24,8080 8080,24,26,25,1,26,0,2.307626962661743,5.604923248291016,0.41171428411002,1,0.700546875,0 0 0,2.828 1.792 2.053,0,1.0,0.25,286,288,1,measured,525,1,238,1,32,1.2766222953796387,1.2771825790405273,0.9995613127910736,284,0.167488,0.413793,0.772059,284,284,8080,-1,-1,287,1,288,0,2.918994188308716,6.219261169433594,0.46934742066388524,1,0.68078125,0 0 0,4.418 1.595 2.044,0,23,286,-1,1.8689630031585693,2.862710952758789,0.6528647264780446,0.42505230125523014,1
66614,194,5581,Program,0,1.0,0.25,25,26,1,measured,262,1,237,1,0,35.71247863769531,35.72923278808594,0.9995310800405373,21 24,0.169643 0.156146,0.415698 0.299419,0.874074 15.397986,21 24,21 24,8080 8080,24,26,25,1,26,0,2.1949024200439453,5.627388000488281,0.3900392899607236,1,0.7090625,0 0 0,2.696 1.652 1.982,0,1.0,0.25,286,288,1,measured,525,1,238,1,-13,1.543548345565796,1.544022560119629,0.9996928707092232,284,0.169435,0.412791,0.814286,284,284,8080,-1,-1,287,1,288,0,2.949843645095825,6.106888771057129,0.4830354302629937,1,0.705078125,0 0 0,4.414 1.551 2.386,0,23,286,-1,1.731752634048462,2.72884464263916,0.6346101961941021,0.4259937238493724,1
66615,195,5582,Program,0,1.0,0.25,25,26,1,measured,262,1,237,1,0,36.35169982910156,36.36530685424805,0.999625823997553,21 24,0.170889 0.158638,0.415698 0.331395,0.794326 12.826106,21 24,21 24,8080 8080,24,26,25,1,26,0,2.6565723419189453,5.87794828414917,0.4519557188148148,1,0.69890625,0 0 0,3.564 1.828 2.059,0,1.0,0.25,286,288,1,measured,525,1,238,1,32,1.1181364059448242,1.1183555126190186,0.9998040813750887,284,0.170266,0.418605,1.776596,284,284,8080,-1,-1,287,1,288,0,2.173213005065918,5.584374904632568,0.3891595822592623,1,0.725234375,0 0 0,2.731 1.538 2.211,0,23,286,-1,1.6538509130477905,2.7461774349212646,0.6022374563336284,0.4251046025104602,1
66616,196,5583,Program,0,1.0,0.25,25,26,1,measured,262,1,237,1,0,36.00849151611328,36.023338317871094,0.9995878560274786,21 24,0.171429 0.151681,0.414706 0.317647,1.892473 13.240642,21 24,21 24,8080 8080,24,26,25,1,26,0,2.6952245235443115,5.933559417724609,0.4542340160095458,1,0.660859375,0 0 0,3.420 2.023 1.982,0,1.0,0.25,286,288,1,measured,525,1,238,1,9,1.0869390964508057,1.0878812074661255,0.9991339945861238,284,0.170681,0.424419,1.796296,284,284,8080,-1,-1,287,1,288,0,2.1600780487060547,5.412529468536377,0.39908845970499074,1,0.710703125,0 0 0,2.527 1.725 2.405,0,23,286,-1,1.717639684677124,2.757314920425415,0.6229392485977323,0.3930439330543933,1
66617,197,5584,Program,0,1.0,0.25,25,26,1,measured,262,1,237,1,0,36.49012756347656,36.50731658935547,0.9995291621657035,21 24,0.172689 0.147689,0.423529 0.347059,0.755725 13.688581,21 24,21 24,8080 8080,24,26,25,1,26,0,2.9235448837280273,6.058323383331299,0.482566660566814,1,0.664609375,0 0 0,3.961 1.935 2.081,0,1.0,0.25,286,288,1,measured,525,1,238,1,13,1.1403225660324097,1.1405744552612305,0.9997791558212978,284,0.169850,0.412791,1.989796,284,284,8080,-1,-1,287,1,288,0,2.5332422256469727,5.716342449188232,0.44315788428783054,1,0.687734375,0 0 0,3.290 1.768 2.147,0,23,286,-1,1.6751680374145508,2.675551414489746,0.6261019797050029,0.4007845188284519,1
66618,198,5585,Program,0,1.0,0.25,25,26,1,measured,262,1,237,1,0,36.61038589477539,36.6259880065918,0.9995740152644184,21 24,0.169850 0.148048,0.421512 0.296512,1.989691 13.914932,21 24,21 24,8080 8080,24,26,25,1,26,0,2.767578125,5.809591293334961,0.4763808648940756,1,0.703671875,0 0 0,3.813 1.806 1.820,0,1.0,0.25,286,288,1,measured,525,1,238,1,6,1.3141945600509644,1.3144904375076294,0.9997749109097925,284,0.168605,0.418605,1.726415,284,284,8080,-1,-1,287,1,288,0,2.9663379192352295,5.966008186340332,0.4972064781987569,1,0.700625,0 0 0,4.194 1.827 2.392,0,23,286,-1,1.597471833229065,2.599583148956299,0.6145107664166967,0.4408995815899582,1
66619,199,5586,Program,0,1.0,0.25,25,26,1,measured,262,1,237,1,0,35.81180953979492,35.8291130065918,0.9995170556749844,21 24,0.170168 0.155042,0.426471 0.258824,0.914729 12.907563,21 24,21 24,8080 8080,24,26,25,1,26,0,2.692880868911743,5.775333881378174,0.4662727600207831,1,0.688984375,0 0 0,3.607 1.840 2.061,0,1.0,0.25,286,288,1,measured,525,1,238,1,11,1.3325964212417603,1.332729458808899,0.9999001766140462,284,0.169643,0.412791,0.899225,284,284,8080,-1,-1,287,1,288,0,3.2628612518310547,6.326975345611572,0.5157063325834191,1,0.7128125,0 0 0,4.972 1.794 2.330,0,23,286,-1,1.7257627248764038,2.767836093902588,0.6235061131973015,0.41997907949790797,1
66620,200,5587,Program,0,1.0,0.25,25,26,1,measured,262,1,237,1,0,36.617496490478516,36.63311004638672,0.9995737856849055,21 24,0.172479 0.147899,0.364706 0.370588,0.497653 14.724858,21 24,21 24,8080 8080,24,26,25,1,26,0,2.5904881954193115,5.691037654876709,0.45518732303580794,1,0.67578125,0 0 0,3.339 1.871 2.012,0,1.0,0.25,286,288,1,measured,525,1,238,1,6,1.1706539392471313,1.170926570892334,0.9997671658906887,284,0.171849,0.420588,0.880000,284,284,8080,-1,-1,287,1,288,0,3.169863224029541,6.0260515213012695,0.5260265719309746,1,0.673125,0 0 0,4.495 1.966 2.079,0,23,286,-1,1.7530378103256226,2.744523525238037,0.6387403110977447,0.4067468619246862,1
66621,201,5588,Program,0,1.0,0.25,25,26,1,measured,262,1,237,1,0,36.927528381347656,36.94481658935547,0.9995320532187242,21 24,0.171849 0.156933,0.420588 0.264706,1.989362 22.874074,21 24,21 24,8080 9420,24,26,25,1,26,0,2.920966863632202,5.883274555206299,0.4964865800878432,1,0.676015625,0 0 0,4.037 1.876 1.989,0,1.0,0.25,286,288,1,measured,525,1,238,1,13,1.0993951559066772,1.1002415418624878,0.9992307271416259,284,0.170058,0.412791,0.914062,284,284,8080,-1,-1,287,1,288,0,2.6854686737060547,5.678537845611572,0.47291551922673375,1,0.60359375,0 0 0,3.846 1.654 2.207,0,23,286,-1,1.6421235799789429,2.603647470474243,0.630701198453659,0.41061715481171546,1
66622,202,5589,Program,0,1.0,0.25,25,26,1,measured,262,1,237,1,0,37.540283203125,37.55656814575195,0.9995663889585504,21 24,0.168397 0.140365,0.375000 0.267442,0.535135 22.979820,21 24,21 24,8080 9420,24,26,25,1,26,0,3.3191211223602295,6.171963214874268,0.5377739637788566,1,0.693203125,0 0 0,4.778 1.962 2.195,0,1.0,0.25,286,288,1,measured,525,1,238,1,24,1.343185544013977,1.3432377576828003,0.9999611284982688,284,0.169643,0.418605,0.792593,284,284,8080,-1,-1,287,1,288,0,2.2128515243530273,5.312549114227295,0.4165329066656327,1,0.717734375,0 0 0,2.795 1.576 2.195,0,23,286,-1,1.8364531993865967,2.7402119636535645,0.6701865489770459,0.4215481171548117,1
66623,203,5590,Program,0,1.0,0.25,25,26,1,measured,262,1,237,1,0,36.97472381591797,36.99149703979492,0.9995465654212667,21 24,0.168605 0.153654,0.412791 0.302326,1.801887 32.638420,21 24,21 24,8080 9452,24,26,25,1,26,0,3.0116796493530273,5.851768970489502,0.5146614065833668,1,0.688203125,0 0 0,4.296 1.796 1.974,0,1.0,0.25,286,288,1,measured,525,1,238,1,-27,1.111592411994934,1.1117576360702515,0.9998513848073026,284,0.172059,0.423529,0.785185,284,284,8080,-1,-1,287,1,288,0,2.811894416809082,5.764730930328369,0.48777548350360067,1,0.65234375,0 0 0,3.751 1.946 2.421,0,23,286,-1,1.7494721412658691,2.7047979831695557,0.6468032556042467,0.3963389121338912,1
66624,204,5591,Program,0,1.0,0.25,25,26,1,measured,262,1,237,1,0,35.03712463378906,35.05241394042969,0.999563815871095,21 24,0.171639 0.147479,0.426471 0.317647,1.946809 34.930481,21 24,21 24,8080 9452,24,26,25,1,26,0,3.1743457317352295,6.234502792358398,0.5091578009438075,1,0.64625,0 0 0,4.313 2.022 2.274,0,1.0,0.25,286,288,1,measured,525,1,238,1,25,1.148231863975525,1.148398995399475,0.9998544657173859,284,0.168189,0.412791,0.830882,284,284,8080,-1,-1,287,1,288,0,3.20947265625,6.069988250732422,0.5287444594085888,1,0.671953125,0 0 0,4.641 1.967 2.356,0,23,286,-1,1.7184491157531738,2.630512237548828,0.653275469022134,0.38023012552301255,1
66625,205,5592,Program,0,1.0,0.25,25,26,1,measured,262,1,237,1,0,36.13526916503906,36.15249252319336,0.999523591405399,21 24,0.171008 0.150840,0.423529 0.017647,0.771429 17.111195,21 24,21 24,8080 d34f,24,26,25,1,26,0,2.867929697036743,5.877348899841309,0.4879631524196528,1,0.63625,0 0 0,3.611 2.125 2.051,0,1.0,0.25,286,288,1,measured,525,1,238,1,11,1.3906751871109009,1.3910514116287231,0.9997295394586591,284,0.170588,0.411765,2.021277,284,284,8080,-1,-1,287,1,288,0,3.189384698867798,6.054657936096191,0.5267654642970945,1,0.6503125,0 0 0,4.492 2.046 2.446,0,23,286,-1,1.7045470476150513,2.6191160678863525,0.6508100456161281,0.37468619246861923,1
66626,206,5593,Program,0,1.0,0.25,25,26,1,measured,262,1,237,1,0,35.85841369628906,35.875396728515625,0.9995266106085159,21 24,0.168605 0.144518,0.409884 0.267442,1.654867 30.105263,21 24,21 24,8080 5252,24,26,25,1,26,0,2.3698437213897705,5.491096496582031,0.4315793253432889,1,0.6790625,0 0 0,2.859 1.830 2.066,0,1.0,0.25,286,288,1,measured,525,1,238,1,14,1.3313812017440796,1.3321197032928467,0.9994456192285561,284,0.167982,0.409884,0.854015,284,284,8080,-1,-1,287,1,288,0,2.892939567565918,5.782458782196045,0.5002957524700671,1,0.673359375,0 0 0,3.973 1.869 2.416,0,23,286,-1,1.7841287851333618,2.6971495151519775,0.6614867937837813,0.40026150627615065,1
66627,207,5594,Program,0,1.0,0.25,25,26,1,measured,262,1,237,1,0,35.91804885864258,35.93394088745117,0.999557743225037,21 24,0.168189 0.149917,0.409884 0.020349,1.730769 13.817103,21 24,21 24,8080 d92c,24,26,25,1,26,0,2.8274903297424316,5.786409378051758,0.4886433269770531,1,0.682109375,0 0 0,3.859 1.859 1.999,0,1.0,0.25,286,288,1,measured,525,1,238,1,9,1.2620192766189575,1.262057900428772,0.9999693961665298,284,0.171008,0.423529,0.727941,284,284,8080,-1,-1,287,1,288,0,2.7207226753234863,5.800766468048096,0.46902813452495085,1,0.692890625,0 0 0,3.715 1.758 2.332,0,23,286,-1,1.7781912088394165,2.8152060508728027,0.6316380317128549,0.4146443514644351,1
66628,208,5595,Program,0,1.0,0.25,25,26,1,measured,262,1,237,1,0,37.47472381591797,37.48833084106445,0.9996370330489194,21 24,0.167774 0.138912,0.418605 0.188953,0.930769 22.300120,21 24,21 24,8080 2052,24,26,25,1,26,0,3.282890558242798,6.179097652435303,0.5312896385362913,1,0.68234375,0 0 0,4.708 1.947 2.054,0,1.0,0.25,286,288,1,measured,525,1,238,1,6,1.4411882162094116,1.441281795501709,0.9999350721749283,284,0.167774,0.415698,1.828571,284,284,8080,-1,-1,287,1,288,0,2.391894578933716,5.5438385009765625,0.43145098446002295,1,0.6959375,0 0 0,2.932 1.857 2.334,0,23,286,-1,1.7916102409362793,2.8631210327148438,0.6257542801945241,0.425,1
66629,209,5596,Program,0,1.0,0.25,25,26,1,measured,262,1,237,1,0,35.852684020996094,35.86946105957031,0.9995322751421786,21 24,0.168189 0.143895,0.415698 0.014535,2.125000 19.684848,21 24,21 24,8080 45c4,24,26,25,1,26,0,2.869267463684082,5.924655914306641,0.4842926754202688,1,0.688984375,0 0 0,3.709 2.077 1.983,0,1.0,0.25,286,288,1,measured,525,1,238,1,30,1.4071309566497803,1.407491683959961,0.9997437091001733,284,0.168812,0.415698,2.148936,284,284,8080,-1,-1,287,1,288,0,2.3872950077056885,5.516558647155762,0.43275077097866704,1,0.707109375,0 0 0,3.054 1.685 2.245,0,23,286,-1,1.6867471933364868,2.644486904144287,0.6378353361073992,0.4385460251046025,1
66630,210,5597,Program,0,1.0,0.25,25,26,1,measured,262,1,237,1,0,36.082149505615234,36.096519470214844,0.9996019016567105,21 24,0.170378 0.156513,0.423529 0.235294,2.212766 19.405021,21 24,21 24,8080 ae80,24,26,25,1,26,0,2.8228516578674316,5.906996726989746,0.4778827191438076,1,0.671796875,0 0 0,3.694 2.063 2.016,0,1.0,0.25,286,288,1,measured,525,1,238,1,15,1.3531553745269775,1.3539303541183472,0.9994276074917647,284,0.166667,0.410920,2.440476,284,284,8080,-1,-1,287,1,288,0,2.612666130065918,5.8852105140686035,0.4439375828307817,1,0.575234375,0 0 0,3.776 1.526 2.245,0,23,286,-1,1.7431029081344604,2.7123866081237793,0.6426454484451998,0.41469665271966527,1
66631,211,5598,Program,0,1.0,0.25,25,26,1,measured,262,1,237,1,0,37.32365798950195,37.33979415893555,0.9995678559617948,21 24,0.169228 0.148256,0.409884 0.302326,0.857143 23.975798,21 24,21 24,8080 94f2,24,26,25,1,26,0,2.1574902534484863,5.507989406585693,0.3917019613125721,1,0.586953125,0 0 0,2.670 1.634 1.949,0,1.0,0.25,286,288,1,measured,525,1,238,1,11,1.13243567943573,1.1334270238876343,0.999125356612282,284,0.168812,0.415698,0.804688,284,284,8080,-1,-1,287,1,288,0,2.450000047683716,5.723388195037842,0.4280681240192405,1,0.57828125,0 0 0,3.344 1.557 2.104,0,23,286,-1,1.5745558738708496,2.304840326309204,0.6831518244008788,0.27086820083682006,1
66632,212,5599,Program,0,1.0,0.25,25,26,1,measured,262,1,237,1,0,36.18108367919922,36.197784423828125,0.9995386252254181,21 24,0.168605 0.152824,0.418605 0.279070,1.790476 25.966817,21 24,21 24,8080 94f2,24,26,25,1,26,0,2.201240301132202,5.428753852844238,0.40547800854498606,1,0.617890625,0 0 0,2.489 1.603 3.480,0,1.0,0.25,286,288,1,measured,525,1,238,1,11,1.0880224704742432,1.0888844728469849,0.9992083619573636,284,0.169020,0.412791,1.808081,284,284,8080,-1,-1,287,1,288,0,2.357597589492798,5.648427486419678,0.4173900780635123,1,0.59671875,0 0 0,3.380 1.354 2.217,0,23,286,-1,1.5657615661621094,2.428138017654419,0.64484043113605,0.45700836820083685,1
66633,213,5600,Program,0,1.0,0.25,25,26,1,measured,262,1,237,1,0,36.17930603027344,36.19442367553711,0.9995823211498215,21 24,0.169228 0.157184,0.415698 0.293605,1.673684 14.378517,21 24,21 24,8080 ce4f,24,26,25,1,26,0,2.472216844558716,5.556613445281982,0.44491431137032383,1,0.725703125,0 0 0,2.904 1.678 3.556,0,1.0,0.25,286,288,1,measured,525,1,238,1,32,0.9430116415023804,0.945182740688324,0.9977029847324946,284,0.167982,0.418605,1.794118,284,284,8080,-1,-1,287,1,288,0,2.0765721797943115,5.485888481140137,0.37852978363182765,1,0.60828125,0 0 0,2.594 1.515 2.121,0,23,286,-1,1.3886961936950684,2.178746461868286,0.6373831090489778,0.2809100418410042,1
66634,214,5601,Program,0,1.0,0.25,25,26,1,measured,262,1,237,1,0,36.52488327026367,36.54054641723633,0.9995713488574087,21 24,0.168397 0.145349,0.409884 0.319767,2.157303 24.833954,21 24,21 24,8080 54c8,24,26,25,1,26,0,2.749755859375,5.8000688552856445,0.474090209613482,1,0.67921875,0 0 0,3.582 1.897 2.047,0,1.0,0.25,286,288,1,measured,525,1,238,1,18,1.2833333015441895,1.2837947607040405,0.9996405506752513,284,0.167151,0.412791,0.897638,284,284,8080,-1,-1,287,1,288,0,2.4084277153015137,5.580355644226074,0.43159036248764615,1,0.699140625,0 0 0,3.181 1.613 2.228,0,23,286,-1,1.5990036725997925,2.4117588996887207,0.6630031189295794,0.43242677824267783,1
66635,215,5602,Program,0,1.0,0.25,25,26,1,measured,262,1,237,1,0,36.00315856933594,36.017601013183594,0.9995990170516251,21 24,0.170058 0.149502,0.415698 0.014535,0.819549 18.969188,21 24,21 24,8080 49ce,24,26,25,1,26,0,3.023876905441284,6.070371627807617,0.4981370319387499,1,0.638828125,0 0 0,3.945 2.140 2.101,0,1.0,0.25,286,288,1,measured,525,1,238,1,6,1.4609249830245972,1.462181568145752,0.9991406093822204,284,0.171639,0.420588,0.858268,284,284,8080,-1,-1,287,1,288,0,2.793408155441284,5.901788711547852,0.4733155136468215,1,0.657109375,0 0 0,3.481 2.238 2.306,0,23,286,-1,1.7317637205123901,2.5589599609375,0.6767451413651433,0.36459205020920504,1
66636,216,5603,Program,0,1.0,0.25,25,26,1,measured,262,1,237,1,0,35.65185546875,35.6661376953125,0.999599557802291,21 24,0.172059 0.138655,0.423529 0.014706,1.918367 11.416600,21 24,21 24,8080 c720,24,26,25,1,26,0,2.8320605754852295,5.693966388702393,0.4973792225230596,1,0.66234375,0 0 0,3.395 2.265 2.109,0,1.0,0.25,286,288,1,measured,525,1,238,1,19,1.3756107091903687,1.3758156299591064,0.9998510550656095,284,0.170168,0.420588,0.897638,284,284,8080,-1,-1,287,1,288,0,2.473750114440918,5.519811153411865,0.448158468775125,1,0.7065625,0 0 0,3.195 1.772 2.038,0,23,286,-1,1.6881871223449707,2.670712947845459,0.6321110337623067,0.41385983263598325,1
66637,217,5604,Program,0,1.0,0.25,25,26,1,measured,262,1,237,1,0,35.14908981323242,35.16436004638672,0.9995657468774022,21 24,0.170378 0.149580,0.420588 0.344118,2.021739 20.843007,21 24,21 24,8080 d045,24,26,25,1,26,0,2.289746046066284,5.433834552764893,0.4213867801516325,1,0.70140625,0 0 0,2.694 1.837 2.166,0,1.0,0.25,286,288,1,measured,525,1,238,1,11,1.3384244441986084,1.3393720388412476,0.9992925082686817,284,0.171218,0.420588,0.778571,284,284,8080,-1,-1,287,1,288,0,2.375117301940918,5.54085111618042,0.4286556798115526,1,0.6015625,0 0 0,3.193 1.543 2.315,0,23,286,-1,1.6014881134033203,2.609468698501587,0.6137219098749601,0.428347280334728,1
66638,218,5605,Program,0,1.0,0.25,25,26,1,measured,262,1,237,1,0,35.67535400390625,35.69066619873047,0.9995709748106422,21 24,0.172479 0.150210,0.426471 0.261765,0.918699 24.358665,21 24,21 24,8080 52d3,24,26,25,1,26,0,2.184150457382202,5.346354007720947,0.4085308332048265,1,0.716328125,0 0 0,2.562 1.793 2.013,0,1.0,0.25,286,288,1,measured,525,1,238,1,-12,0.9543075561523438,0.9546371102333069,0.9996547860150936,284,0.171218,0.420588,2.295455,284,284,8080,-1,-1,287,1,288,0,2.484560489654541,5.464219570159912,0.45469631257549,1,0.71875,0 0 0,3.294 1.700 2.038,0,23,286,-1,1.6335850954055786,2.5031869411468506,0.6526021163473877,0.4649058577405858,1
66639,219,5606,Program,0,1.0,0.25,25,26,1,measured,262,1,237,1,0,35.455570220947266,35.46894836425781,0.9996228209764452,21 24,0.173044 0.156888,0.428571 0.020833,1.911765 11.811765,21 24,21 24,8080 4fce,24,26,25,1,26,0,2.4740428924560547,5.461242198944092,0.4530183431407603,1,0.708671875,0 0 0,3.129 1.760 2.152,0,1.0,0.25,286,288,1,measured,525,1,238,1,-19,1.0399023294448853,1.0404471158981323,0.9994763919809833,284,0.172194,0.422619,2.666667,284,284,8080,-1,-1,287,1,288,0,2.183603525161743,5.302515506744385,0.41180521252306956,1,0.728671875,0 0 0,2.789 1.540 2.163,0,23,286,-1,1.7191704511642456,2.5870041847229004,0.6645410399088278,0.45094142259414227,1
66640,220,5607,Program,0,1.0,0.25,25,26,1,measured,262,1,237,1,0,34.95023727416992,34.96637725830078,0.9995384141739468,21 24,0.172619 0.142007,0.431548 0.014881,2.282609 18.644912,21 24,21 24,8080 c14c,24,26,25,1,26,0,2.334120988845825,5.455758571624756,0.4278270305041579,1,0.6003125,0 0 0,2.980 1.690 2.035,0,1.0,0.25,286,288,1,measured,525,1,238,1,24,0.9956896305084229,0.9963768124580383,0.9993103192075293,284,0.173895,0.360119,0.526042,284,284,8080,-1,-1,287,1,288,0,2.1240527629852295,5.097720146179199,0.4166671967226824,1,0.715,0 0 0,2.430 1.738 2.316,0,23,286,-1,1.5364301204681396,2.429149866104126,0.6324970484148302,0.44361924686192467,1
66641,221,5608,Program,0,1.0,0.25,25,26,1,measured,262,1,237,1,0,35.45576477050781,35.4697380065918,0.9996060518946774,21 24,0.172194 0.166667,0.422619 0.279762,1.969697 22.080000,21 24,21 24,8080 ae80,24,26,25,1,26,0,2.3657422065734863,5.522592544555664,0.4283752943000847,1,0.571953125,0 0 0,3.018 1.711 2.017,0,1.0,0.25,286,288,1,measured,525,1,238,1,10,1.0690208673477173,1.0695111751556396,0.9995415589670197,284,0.173257,0.416667,1.794118,284,284,8080,-1,-1,287,1,288,0,2.0873827934265137,5.279205799102783,0.39539712465486204,1,0.72390625,0 0 0,2.551 1.541 2.114,0,23,286,-1,1.3475615978240967,2.1602373123168945,0.6238025749026674,0.2589958158995816,1
66642,222,5609,Program,0,1.0,0.25,25,26,1,measured,262,1,237,1,0,35.490718841552734,35.502967834472656,0.9996549867893572,21 24,0.172194 0.172194,0.419643 0.285714,2.032258 25.687843,21 24,21 24,8080 942c,24,26,25,1,26,0,2.323427677154541,5.510200500488281,0.4216593710063096,1,0.720234375,0 0 0,2.897 1.700 2.114,0,1.0,0.25,286,288,1,measured,525,1,238,1,19,1.2274023294448853,1.227475643157959,0.9999402727756902,284,0.172832,0.428571,0.681159,284,284,8080,-1,-1,287,1,288,0,2.341904401779175,5.409522533416748,0.43292257076522195,1,0.708046875,0 0 0,3.141 1.541 2.505,0,23,286,-1,1.5886708498001099,2.468953847885132,0.643459111704717,0.4427824267782427,1
66643,223,5610,Program,0,1.0,0.25,25,26,1,measured,262,1,237,1,-10,40.81842041015625,40.81850814819336,0.9999978505329791,21 24,0.198386 0.192759,0.486301 0.397260,2.333333 23.675142,21 24,21 24,8080 942c,24,26,25,1,26,0,13.027617454528809,13.815801620483398,0.9429505295743373,1,0.65890625,0 0 0,13.096 12.829 12.977,0,1.0,0.25,286,288,1,measured,525,1,238,1,10,1.158707857131958,1.1591639518737793,0.9996065312925889,284,0.182414,0.446203,0.692913,284,284,8080,-1,-1,287,1,288,0,22.519550323486328,22.608747482299805,0.9960547500969124,1,0.645,0 -3 0,22.868 22.190 21.615,0,23,286,-1,3.908328056335449,4.246244430541992,0.9204199429086066,0.5057008368200837,1
66644,224,5611,Program,0,1.0,0.25,25,26,1,measured,262,1,237,1,-32,44.820091247558594,44.844478607177734,0.9994561792136605,21 24,0.183996 0.160714,0.446203 0.325949,0.765101 21.130930,21 24,21 24,8080 942f,24,26,25,1,26,0,10.228144645690918,10.427358627319336,0.9808950676054735,1,0.684296875,0 0 0,10.202 10.115 10.321,0,1.0,0.25,286,288,1,measured,525,1,238,1,-12,0.9277375340461731,0.9284273982048035,0.9992569541140597,284,0.181920,0.446875,2.061224,284,284,8080,-1,-1,287,1,288,0,4.01584005355835,4.599272727966309,0.873146754081283,1,0.663359375,0 0 0,5.149 3.136 2.913,0,23,286,-1,2.238075017929077,2.5430171489715576,0.8800864826390161,0.22395397489539748,1
66645,225,5612,Program,0,1.0,0.25,25,26,1,measured,262,1,237,1,-32,44.02641296386719,44.05004119873047,0.9994636047045522,21 24,0.181473 0.166071,0.446875 0.278125,0.785185 25.085688,21 24,21 24,8080 942f,24,26,25,1,26,0,3.659072160720825,4.224793434143066,0.8660949269494903,1,0.626875,0 0 0,4.540 2.932 2.767,0,1.0,0.25,286,288,1,measured,525,1,238,1,17,1.1000405550003052,1.1002495288848877,0.9998100668265731,284,0.181473,0.450000,1.826923,284,284,8080,-1,-1,287,1,288,0,2.693779230117798,3.410632848739624,0.7898180043370149,1,0.664453125,0 0 0,3.173 2.352 2.469,0,23,286,-1,1.5571006536483765,1.951884388923645,0.7977422548612269,0.38080543933054395,1
66646,226,5613,Program,0,1.0,0.25,25,26,1,measured,262,1,237,1,-32,43.625,43.647010803222656,0.9994957088053088,21 24,0.179453 0.166005,0.438272 0.219136,0.845528 13.742592,21 24,21 24,8080 8080,24,26,25,1,26,0,3.066025495529175,3.754274845123291,0.8166758220996699,1,0.662109375,0 0 0,3.455 2.828 2.473,0,1.0,0.25,286,288,1,measured,525,1,238,1,16,1.3415721654891968,1.3420307636260986,0.9996582804587409,284,0.182366,0.446875,0.758065,284,284,8080,-1,-1,287,1,288,0,2.2557811737060547,3.102673053741455,0.7270444338264551,1,0.698984375,0 0 0,2.384 2.114 2.795,0,23,286,-1,1.362341046333313,1.9194117784500122,0.7097700772855775,0.39895397489539747,1
66647,227,5614,Program,0,1.0,0.25,25,26,1,measured,262,1,237,1,-32,44.75166320800781,44.77678680419922,0.9994389147148662,21 24,0.177700 0.143510,0.442073 0.216463,1.644860 10.916520,21 24,21 24,8080 8080,24,26,25,1,26,0,2.9433398246765137,3.5471599102020264,0.8297736496770672,1,0.711875,0 0 0,2.829 3.127 4.627,0,1.0,0.25,286,288,1,measured,525,1,238,1,0,1.2727093696594238,1.2741297483444214,0.9988852166062027,284,0.180578,0.443196,2.103448,284,284,8080,-1,-1,287,1,288,0,2.219775438308716,3.0225138664245605,0.7344136491703072,1,0.695390625,0 0 0,2.120 2.314 3.004,0,23,286,-1,1.4732500314712524,1.9254440069198608,0.765148207985552,0.3653765690376569,1
66648,228,5615,Program,0,1.0,0.25,25,26,1,measured,262,1,237,1,-32,45.23169708251953,45.25457000732422,0.9994945720443044,21 24,0.179233 0.158951,0.444444 0.246914,0.796875 14.696833,21 24,21 24,8080 8080,24,26,25,1,26,0,2.968867301940918,3.4645144939422607,0.8569360316234823,1,0.641328125,0 0 0,2.598 3.281 4.898,0,1.0,0.25,286,288,1,measured,525,1,238,1,1,1.4210838079452515,1.4214060306549072,0.9997733070616653,284,0.181696,0.443750,2.216867,284,284,8080,-1,-1,287,1,288,0,2.701953172683716,3.189711093902588,0.8470839813200437,1,0.669765625,-1 0 0,2.203 2.941 3.643,0,23,286,-1,1.3540321588516235,1.772477388381958,0.763920695252242,0.36448744769874475,1
66649,229,5616,Program,0,1.0,0.25,25,26,1,measured,262,1,237,1,-32,44.56114959716797,44.58492660522461,0.9994667029898429,21 24,0.179674 0.151014,0.435185 0.330247,1.851485 12.216471,21 24,21 24,8080 8080,24,26,25,1,26,0,2.207939386367798,2.9741549491882324,0.7423753718582934,1,0.7015625,0 0 0,1.915 2.389 2.722,0,1.0,0.25,286,288,1,measured,525,1,238,1,20,1.5891109704971313,1.5891693830490112,0.9999632433442885,284,0.181027,0.443750,1.742574,284,284,8080,-1,-1,287,1,288,0,2.448046922683716,3.028144598007202,0.8084313160919581,1,0.694765625,0 0 0,2.063 2.748 2.883,0,23,286,-1,1.4459463357925415,1.8883428573608398,0.7657223528853259,0.40868200836820084,1
66650,230,5617,Program,0,1.0,0.25,25,26,1,measured,262,1,237,1,-32,44.99750518798828,45.0215950012207,0.9994649275923749,21 24,0.180115 0.162478,0.438272 0.416667,2.225806 13.263348,21 24,21 24,8080 8080,24,26,25,1,26,0,2.174941301345825,2.997788906097412,0.7255151611649707,1,0.702890625,0 0 0,1.933 2.397 2.427,0,1.0,0.25,286,288,1,measured,525,1,238,1,14,1.0345314741134644,1.0345873832702637,0.9999459599472182,284,0.182589,0.443750,1.699029,284,284,8080,-1,-1,287,1,288,0,2.190927743911743,2.992511749267578,0.7321367224198789,1,0.71921875,0 0 0,1.862 2.359 2.920,0,23,286,-1,1.4127676486968994,1.8572267293930054,0.7606866874884103,0.4127615062761506,1
66651,231,5618,Program,0,1.0,0.25,25,26,1,measured,262,1,237,1,-32,45.64954376220703,45.674625396728516,0.999450862830212,21 24,0.182589 0.160938,0.450000 0.346875,0.820312 12.761826,21 24,21 24,8080 8080,24,26,25,1,26,0,2.3462793827056885,3.189622640609741,0.7355977954361285,1,0.68765625,0 0 0,1.957 2.653 2.987,0,1.0,0.25,286,288,1,measured,525,1,238,1,-15,0.9743123054504395,0.9743537902832031,0.9999574232345814,284,0.181696,0.443750,2.127907,284,284,8080,-1,-1,287,1,288,0,1.8844823837280273,2.9896817207336426,0.6303287639814686,1,0.741328125,0 0 0,1.615 2.041 2.524,0,23,286,-1,1.4381481409072876,1.926740288734436,0.7464151496265871,0.41354602510460253,1
66652,232,5619,Program,0,1.0,0.25,25,26,1,measured,262,1,237,1,-32,44.8055305480957,44.83139419555664,0.999423090717453,21 24,0.178792 0.155423,0.441358 0.305556,2.392857 12.255039,21 24,21 24,8080 8080,24,26,25,1,26,0,2.0739550590515137,3.1076159477233887,0.6673781747615481,1,0.7034375,0 0 0,1.759 2.308 2.669,0,1.0,0.25,286,288,1,measured,525,1,238,1,15,0.5048543810844421,0.507067859172821,0.9956347497709878,284,0.182366,0.443750,0.897638,284,284,8080,-1,-1,287,1,288,0,1.8005175590515137,2.9561221599578857,0.6090809045175469,1,0.750234375,0 0 0,1.574 1.880 2.559,0,23,286,-1,1.3259682655334473,1.7992489337921143,0.7369565381588549,0.43007322175732215,1
66653,233,5620,Program,0,1.0,0.25,25,26,1,measured,262,1,237,1,-32,46.237728118896484,46.261627197265625,0.9994833930447965,21 24,0.181920 0.161830,0.443750 0.293750,1.892157 10.763961,21 24,21 24,8080 8080,24,26,25,1,26,0,1.941015601158142,3.094437837600708,0.6272595227387475,1,0.727109375,0 0 0,1.769 2.028 2.426,0,1.0,0.25,286,288,1,measured,525,1,238,1,12,1.0638083219528198,1.0638126134872437,0.9999959658925177,284,0.182812,0.443750,0.757353,284,284,8080,-1,-1,287,1,288,0,1.6705859899520874,2.9453518390655518,0.5671940335936575,1,0.625703125,0 0 0,1.491 1.676 2.390,0,23,286,-1,1.378180742263794,1.8641846179962158,0.7392941283600869,0.45732217573221756,1
66654,234,5621,Program,0,1.0,0.25,25,26,1,measured,262,1,237,1,-32,45.55116653442383,45.57329559326172,0.999514429260605,21 24,0.177690 0.162478,0.441358 0.280864,1.827957 14.526519,21 24,21 24,8080 8080,24,26,25,1,26,0,2.290283203125,3.1743218898773193,0.7215031375452332,1,0.692265625,0 0 0,2.031 2.548 2.322,0,1.0,0.25,286,288,1,measured,525,1,238,1,11,0.9752813577651978,0.9758453965187073,0.9994219998828485,284,0.180134,0.446875,1.862385,284,284,8080,-1,-1,287,1,288,0,2.351621150970459,3.1686222553253174,0.7421588821508236,1,0.685234375,0 0 0,2.289 2.461 2.223,0,23,286,-1,1.4150081872940063,1.9539337158203125,0.7241843343186024,0.4178347280334728,1
66655,235,5622,Program,0,1.0,0.25,25,26,1,measured,262,1,237,1,-32,45.10857009887695,45.13164520263672,0.9994887156527054,21 24,0.182143 0.177902,0.443750 0.312500,2.298851 12.481947,21 24,21 24,8080 8080,24,26,25,1,26,0,2.044365167617798,2.9562795162200928,0.6915331099109765,1,0.713203125,0 0 0,1.979 2.119 1.881,0,1.0,0.25,286,288,1,measured,525,1,238,1,21,1.5978349447250366,1.59795081615448,0.999927487486929,284,0.180357,0.371875,0.526829,284,284,8080,-1,-1,287,1,288,0,2.372685432434082,2.977663040161133,0.7968280495249345,1,0.6946875,-1 0 0,2.256 2.530 2.171,0,23,286,-1,1.4441922903060913,2.0789682865142822,0.6946677828970191,0.4205543933054393,1
66656,236,5623,Program,0,1.0,0.25,25,26,1,measured,262,1,237,1,-32,45.80719757080078,45.83139419555664,0.9994720513049938,21 24,0.181920 0.158929,0.446875 0.328125,1.886598 16.761497,21 24,21 24,8080 8080,24,26,25,1,26,0,1.8879883289337158,2.860691785812378,0.6599761422384641,1,0.739609375,0 0 0,1.722 2.045 2.006,0,1.0,0.25,286,288,1,measured,525,1,238,1,10,1.3134028911590576,1.3139067888259888,0.9996164890301074,284,0.182143,0.446875,1.978495,284,284,8080,-1,-1,287,1,288,0,2.2576563358306885,3.0550315380096436,0.7389960816252503,1,0.70875,0 0 0,1.996 2.571 2.146,0,23,286,-1,1.3523448705673218,1.9917136430740356,0.678985593772454,0.4407949790794979,1
66657,237,5624,Program,0,1.0,0.25,25,26,1,measured,262,1,237,1,-32,45.11418533325195,45.13621139526367,0.9995120090647654,21 24,0.183259 0.152455,0.446875 0.343750,1.632075 14.362205,21 24,21 24,8080 8080,24,26,25,1,26,0,1.911230444908142,2.7452142238616943,0.6962044813463093,1,0.60953125,0 0 0,1.657 2.166 1.871,0,1.0,0.25,286,288,1,measured,525,1,238,1,17,1.4928977489471436,1.4937195777893066,0.99944981049028,284,0.181027,0.443750,1.772277,284,284,8080,-1,-1,287,1,288,0,2.1782422065734863,2.7034590244293213,0.8057241433623341,1,0.714765625,-1 0 0,1.932 2.306 2.392,0,23,286,-1,1.471345067024231,2.0517327785491943,0.7171231470331323,0.462918410041841,1
66658,238,5625,Program,0,1.0,0.25,25,26,1,measured,262,1,237,1,-32,46.31821823120117,46.341156005859375,0.9995050236844479,21 24,0.181920 0.163393,0.440625 0.281250,0.795455 11.583710,21 24,21 24,8080 8080,24,26,25,1,26,0,2.1128320693969727,2.817305326461792,0.7499478489434598,1,0.713984375,0 0 0,1.763 2.454 2.227,0,1.0,0.25,286,288,1,measured,525,1,238,1,17,1.4665178060531616,1.4666261672973633,0.9999261152933052,284,0.181473,0.446875,2.468354,284,284,8080,-1,-1,287,1,288,0,1.6738574504852295,2.7626473903656006,0.6058889224598859,1,0.61578125,0 0 0,1.539 1.701 2.321,0,23,286,-1,1.3793983459472656,1.959108591079712,0.704094888985733,0.43922594142259413,1
66659,239,5626,Program,0,1.0,0.25,25,26,1,measured,262,1,237,1,-32,46.751041412353516,46.77657699584961,0.9994540946530064,21 24,0.182812 0.156920,0.443750 0.293750,2.032258 15.195576,21 24,21 24,8080 8080,24,26,25,1,26,0,2.0670604705810547,2.8260810375213623,0.7314229291860601,1,0.7021875,0 0 0,1.774 2.361 2.022,0,1.0,0.25,286,288,1,measured,525,1,238,1,16,1.150526762008667,1.1506097316741943,0.9999278906972161,284,0.181250,0.443750,0.925620,284,284,8080,-1,-1,287,1,288,0,1.7595605850219727,2.7550413608551025,0.6386693898765443,1,0.753046875,0 0 0,1.649 1.828 2.103,0,23,286,-1,1.5285696983337402,2.151862621307373,0.7103472513524359,0.43844142259414226,1
66660,240,5627,Program,0,1.0,0.25,25,26,1,measured,262,1,237,1,-32,46.256446838378906,46.280521392822266,0.9994798123763772,21 24,0.180580 0.162500,0.446875 0.271875,1.926316 13.155709,21 24,21 24,8080 8080,24,26,25,1,26,0,2.22119140625,3.095970869064331,0.7174458353095847,1,0.728984375,0 0 0,1.778 2.309 2.366,0,1.0,0.25,286,288,1,measured,525,1,238,1,8,1.2252000570297241,1.2257611751556396,0.9995422288311226,284,0.182812,0.456250,1.875000,284,284,8080,-1,-1,287,1,288,0,2.0898144245147705,3.1251964569091797,0.6686985772989125,1,0.606640625,0 0 0,1.864 2.334 2.098,0,23,286,-1,1.4157055616378784,1.9276962280273438,0.7344028281295143,0.4648012552301255,1
66661,241,5628,Program,0,1.0,0.25,25,26,1,measured,262,1,237,1,-32,46.25249481201172,46.275123596191406,0.9995109946247329,21 24,0.181250 0.164732,0.443750 0.353125,0.750000 14.688282,21 24,21 24,8080 8080,24,26,25,1,26,0,1.9198827743530273,3.094703197479248,0.6203770286975643,1,0.7446875,0 0 0,1.509 1.942 2.436,0,1.0,0.25,286,288,1,measured,525,1,238,1,16,1.4031604528427124,1.4036120176315308,0.9996782837542384,284,0.181920,0.443750,0.775194,284,284,8080,-1,-1,287,1,288,0,1.9491894245147705,3.017266035079956,0.6460117874435682,1,0.738125,0 0 0,1.608 2.233 2.233,0,23,286,-1,1.5254461765289307,2.072920083999634,0.7358924197336303,0.4747907949790795,1
66662,242,5629,Program,0,1.0,0.25,25,26,1,measured,262,1,237,1,-32,45.47046661376953,45.49086380004883,0.9995516201589631,21 24,0.181473 0.167187,0.443750 0.240625,1.880000 15.254902,21 24,21 24,8080 8080,24,26,25,1,26,0,1.8412011861801147,2.861055374145508,0.6435391648894646,1,0.735078125,0 0 0,1.592 1.986 2.454,0,1.0,0.25,286,288,1,measured,525,1,238,1,14,1.4648627042770386,1.4650081396102905,0.9999007272865456,284,0.181920,0.446875,1.862745,284,284,8080,-1,-1,287,1,288,0,2.034228563308716,3.108991861343384,0.6543048853237374,1,0.7278125,0 0 0,1.830 2.133 2.661,0,23,286,-1,1.4709875583648682,1.9259743690490723,0.7637627904109395,0.43242677824267783,1
66663,243,5630,Program,0,1.0,0.25,25,26,1,measured,262,1,237,1,-32,46.311771392822266,46.33305740356445,0.9995405869602607,21 24,0.181920 0.169643,0.446875 0.325000,1.893204 12.163895,21 24,21 24,8080 8080,24,26,25,1,26,0,1.9229198694229126,3.0158214569091797,0.6376106466838566,1,0.74015625,0 0 0,1.597 2.187 2.440,0,1.0,0.25,286,288,1,measured,525,1,238,1,22,1.2297463417053223,1.2299432754516602,0.9998398838789817,284,0.182366,0.453125,1.718447,284,284,8080,-1,-1,287,1,288,0,1.9587304592132568,3.2339720726013184,0.6056732758479599,1,0.734375,0 0 0,1.698 2.133 2.374,0,23,286,-1,1.393359661102295,1.8963632583618164,0.7347535631469448,0.439592050209205,1
66664,244,5631,Program,0,1.0,0.25,25,26,1,measured,262,1,237,1,-32,45.4346923828125,45.45930099487305,0.9994586671699303,21 24,0.182414 0.167948,0.446203 0.300633,0.742857 14.856587,21 24,21 24,8080 8080,24,26,25,1,26,0,2.089794874191284,3.4089131355285645,0.6130384644920716,1,0.70546875,0 0 0,1.798 2.393 1.995,0,1.0,0.25,286,288,1,measured,525,1,238,1,18,1.3298780918121338,1.3303571939468384,0.9996398695501595,284,0.180580,0.446875,2.206522,284,284,8080,-1,-1,287,1,288,0,1.7365039587020874,3.2206761837005615,0.5391737199443758,1,0.766796875,0 0 0,1.859 1.581 1.903,0,23,286,-1,1.5149197578430176,2.09358286857605,0.7236015256818519,0.449581589958159,1
66665,245,5632,Program,0,1.0,0.25,25,26,1,measured,262,1,237,1,-32,44.6087760925293,44.632266998291016,0.999473678857437,21 24,0.183092 0.164783,0.452532 0.373418,0.820144 13.981141,21 24,21 24,8080 8080,24,26,25,1,26,0,1.8587597608566284,3.3095028400421143,0.5616431985998764,1,0.750234375,0 0 0,2.002 1.721 1.924,0,1.0,0.25,286,288,1,measured,525,1,238,1,19,1.071254014968872,1.0713415145874023,0.9999183270531956,284,0.181696,0.443750,0.843750,284,284,8080,-1,-1,287,1,288,0,1.6481738090515137,3.1539602279663086,0.5225727941770101,1,0.639296875,0 0 0,1.733 1.521 2.078,0,23,286,-1,1.4598679542541504,2.0536489486694336,0.7108653868033307,0.4764121338912134,1
66666,246,5633,Program,0,1.0,0.25,25,26,1,measured,262,1,237,1,-32,45.68448257446289,45.70660400390625,0.999516012402902,21 24,0.184448 0.159810,0.446203 0.367089,1.927083 13.239216,21 24,21 24,8080 8080,24,26,25,1,26,0,1.851709008216858,2.949587345123291,0.6277857854517808,1,0.633671875,0 0 0,1.930 1.723 2.000,0,1.0,0.25,286,288,1,measured,525,1,238,1,13,1.1598790884017944,1.1599353551864624,0.9999514914478498,284,0.180804,0.450000,1.653465,284,284,8080,-1,-1,287,1,288,0,1.8106738328933716,2.937775135040283,0.6163418742627976,1,0.615390625,0 0 0,2.035 1.546 2.305,0,23,286,-1,1.4148712158203125,1.8945167064666748,0.7468243541958972,0.4830543933054393,1
66667,247,5634,Program,0,1.0,0.25,25,26,1,measured,262,1,237,1,-32,45.77974319458008,45.80025100708008,0.9995522336221077,21 24,0.185127 0.170660,0.449367 0.344937,0.784615 11.399381,21 24,21 24,8080 8080,24,26,25,1,26,0,1.5236523151397705,2.769270896911621,0.5501998077685343,1,0.6484375,0 0 0,1.396 1.592 2.018,0,1.0,0.25,286,288,1,measured,525,1,238,1,10,1.206260085105896,1.2065916061401367,0.9997252417201035,284,0.182414,0.401899,0.553299,284,284,8080,-1,-1,287,1,288,0,1.6608984470367432,2.7890920639038086,0.595497892856227,1,0.763671875,0 0 0,1.474 1.770 2.354,0,23,286,-1,1.39445960521698,1.9134489297866821,0.7287676109403344,0.49890167364016735,1
66668,248,5635,Program,0,1.0,0.25,25,26,1,measured,262,1,237,1,-32,46.71880340576172,46.73878860473633,0.9995724065691214,21 24,0.184675 0.175633,0.443038 0.325949,2.308511 13.806228,21 24,21 24,8080 8080,24,26,25,1,26,0,1.7269824743270874,2.7839131355285645,0.6203435201648976,1,0.7546875,0 0 0,1.641 1.793 2.103,0,1.0,0.25,286,288,1,measured,525,1,238,1,20,1.1447798013687134,1.1451547145843506,0.9996726091148537,284,0.183996,0.449367,0.896825,284,284,8080,-1,-1,287,1,288,0,1.7485742568969727,2.8699193000793457,0.6092764548636016,1,0.641953125,0 0 0,1.856 1.602 2.132,0,23,286,-1,1.4335330724716187,1.8990012407302856,0.754887907245566,0.48122384937238494,1
66669,249,5636,Program,0,1.0,0.25,25,26,1,measured,262,1,237,1,-32,46.769134521484375,46.79194259643555,0.9995125640508691,21 24,0.183770 0.163427,0.455696 0.275316,0.813433 15.214322,21 24,21 24,8080 8080,24,26,25,1,26,0,1.7647558450698853,2.841106414794922,0.6211509135595928,1,0.62484375,0 0 0,1.809 1.679 1.989,0,1.0,0.25,286,288,1,measured,525,1,238,1,-15,0.6881067752838135,0.6886142492294312,0.9992630504724734,284,0.182366,0.446875,0.841270,284,284,8080,-1,-1,287,1,288,0,1.802919864654541,2.7296383380889893,0.6604977075156261,1,0.760078125,0 0 0,1.790 1.747 2.345,0,23,286,-1,1.458972692489624,1.8989214897155762,0.7683164893289778,0.4976464435146444,1
66670,250,5637,Program,0,1.0,0.25,25,26,1,measured,262,1,237,1,-32,45.61376953125,45.63185119628906,0.9996037490357057,21 24,0.183770 0.155515,0.449367 0.319620,0.964912 11.241176,21 24,21 24,8080 8080,24,26,25,1,26,0,1.878476619720459,3.1277220249176025,0.6005893761514648,1,0.73546875,0 0 0,1.815 1.919 2.056,0,1.0,0.25,286,288,1,measured,525,1,238,1,-18,0.7993902564048767,0.8003246784210205,0.9988324463291731,284,0.181250,0.443750,2.202247,284,284,8080,-1,-1,287,1,288,0,1.6246875524520874,3.0380895137786865,0.5347727725215538,1,0.7678125,0 0 0,1.540 1.618 2.093,0,23,286,-1,1.391923427581787,1.9669817686080933,0.7076442953341464,0.4506276150627615,1
66671,251,5638,Program,0,1.0,0.25,25,26,1,measured,262,1,237,1,-32,46.47046661376953,46.491695404052734,0.9995433853272352,21 24,0.183544 0.153707,0.452532 0.382911,0.828358 15.043137,21 24,21 24,8080 8080,24,26,25,1,26,0,1.6904199123382568,3.048830509185791,0.5544486344010293,1,0.76171875,0 0 0,1.597 1.737 1.873,0,1.0,0.25,286,288,1,measured,525,1,238,1,19,1.4682410955429077,1.4683932065963745,0.9998964098629826,284,0.182812,0.450000,0.766423,284,284,8080,-1,-1,287,1,288,0,1.5011523962020874,3.0320262908935547,0.4950987399781714,1,0.6371875,0 0 0,1.465 1.434 2.025,0,23,286,-1,1.424514889717102,2.0493218898773193,0.6951152460496965,0.4918933054393305,1
66672,252,5639,Program,0,1.0,0.25,25,26,1,measured,262,1,237,1,-32,46.225250244140625,46.246055603027344,0.9995501160344288,21 24,0.184222 0.157550,0.449367 0.335443,0.876923 10.869440,21 24,21 24,8080 8080,24,26,25,1,26,0,1.6291308403015137,3.159886121749878,0.5155663139529014,1,0.770703125,0 0 0,1.602 1.626 1.923,0,1.0,0.25,286,288,1,measured,525,1,238,1,15,1.131270170211792,1.1316964626312256,0.9996233155854862,284,0.182812,0.450000,1.796117,284,284,8080,-1,-1,287,1,288,0,1.7510156631469727,3.2427279949188232,0.5399822821681985,1,0.73171875,0 0 0,1.558 1.870 2.236,0,23,286,-1,1.4516092538833618,2.0730597972869873,0.700225461794726,0.45502092050209203,1
66673,253,5640,Program,0,1.0,0.25,25,26,1,measured,262,1,237,1,-32,46.08402633666992,46.10506820678711,0.9995436104763404,21 24,0.181696 0.160268,0.443750 0.318750,0.838462 12.856070,21 24,21 24,8080 8080,24,26,25,1,26,0,1.6159765720367432,3.0840113162994385,0.5239852926271954,1,0.621875,0 0 0,1.463 1.712 1.787,0,1.0,0.25,286,288,1,measured,525,1,238,1,29,1.7135761976242065,1.7136363983154297,0.9999648696238699,284,0.183259,0.440625,0.850394,284,284,8080,-1,-1,287,1,288,0,1.7542773485183716,2.9127652645111084,0.6022721329083198,1,0.73734375,0 0 0,1.667 1.776 1.960,0,23,286,-1,1.4131684303283691,2.0804128646850586,0.6792730684936907,0.4880753138075314,1
66674,254,5641,Program,0,1.0,0.25,25,26,1,measured,262,1,237,1,-32,46.804283142089844,46.82454299926758,0.9995673239741378,21 24,0.181696 0.158482,0.443750 0.315625,0.856000 13.038062,21 24,21 24,8080 8080,24,26,25,1,26,0,1.572509765625,3.0765624046325684,0.5111255871999137,1,0.63015625,0 0 0,1.652 1.477 1.783,0,1.0,0.25,286,288,1,measured,525,1,238,1,0,1.5590442419052124,1.5599287748336792,0.9994329658233524,284,0.182589,0.443750,0.750000,284,284,8080,-1,-1,287,1,288,0,1.6206543445587158,3.2180817127227783,0.5036088232786049,1,0.617578125,0 0 0,1.637 1.547 2.250,0,23,286,-1,1.4962841272354126,2.1920642852783203,0.6825913534034124,0.497907949790795,1
66675,255,5642,Program,0,1.0,0.25,25,26,1,measured,262,1,237,1,-32,46.3974609375,46.4173583984375,0.9995713357755798,21 24,0.182812 0.150223,0.443750 0.325000,1.777778 15.140665,21 24,21 24,8080 8080,24,26,25,1,26,0,1.6113770008087158,3.090005874633789,0.5214802386094776,1,0.6328125,0 0 0,1.465 1.698 2.494,0,1.0,0.25,286,288,1,measured,525,1,238,1,7,1.401158094406128,1.4013999700546265,0.9998274042716805,284,0.183259,0.443750,0.826087,284,284,8080,-1,-1,287,1,288,0,1.9229687452316284,3.3936123847961426,0.5666436019171773,1,0.622734375,0 0 0,1.636 2.228 2.163,0,23,286,-1,1.3780758380889893,1.9989515542984009,0.6893993179202741,0.28268828451882844,1
66676,256,5643,Program,0,1.0,0.25,25,26,1,measured,262,1,237,1,-32,46.01871871948242,46.03965759277344,0.999545199195958,21 24,0.184598 0.170313,0.443750 0.300000,0.888000 13.401229,21 24,21 24,8080 8080,24,26,25,1,26,0,2.011357307434082,3.4662933349609375,0.5802617127487707,1,0.743515625,0 0 0,1.610 2.431 2.559,0,1.0,0.25,286,288,1,measured,525,1,238,1,5,1.3073248863220215,1.3086124658584595,0.9990160726952931,284,0.181696,0.443750,1.762887,284,284,8080,-1,-1,287,1,288,0,1.5529687404632568,3.145744800567627,0.49367283073408713,1,0.631796875,0 0 0,1.403 1.603 2.306,0,23,286,-1,1.4500672817230225,2.022948980331421,0.7168086273166697,0.46663179916317993,1
66677,257,5644,Program,0,1.0,0.25,25,26,1,measured,262,1,237,1,-32,47.254783630371094,47.27678680419922,0.9995345882130431,21 24,0.181920 0.172991,0.446875 0.293750,2.313953 19.650806,21 24,21 24,8080 9420,24,26,25,1,26,0,1.610292911529541,3.192099094390869,0.5044620683484216,1,0.626484375,0 0 0,1.467 1.708 2.057,0,1.0,0.25,286,288,1,measured,525,1,238,1,18,1.0611788034439087,1.0613784790039062,0.9998118714822775,284,0.182812,0.453125,1.684685,284,284,8080,-1,-1,287,1,288,0,1.5735156536102295,3.124616861343384,0.5035867510916904,1,0.6371875,0 0 0,1.374 1.646 2.178,0,23,286,-1,1.4465354681015015,2.036607503890991,0.7102671797770842,0.2796548117154812,1
66678,258,5645,Program,0,1.0,0.25,25,26,1,measured,262,1,237,1,-32,46.88581466674805,46.908843994140625,0.9995090621419821,21 24,0.182143 0.163839,0.443750 0.278125,0.814286 24.286599,21 24,21 24,8080 9420,24,26,25,1,26,0,2.107597589492798,3.457822322845459,0.6095158723362181,1,0.72765625,0 0 0,1.712 2.468 2.195,0,1.0,0.25,286,288,1,measured,525,1,238,1,13,1.2629032135009766,1.262973666191101,0.9999442168178082,284,0.182366,0.437500,2.094737,284,284,8080,-1,-1,287,1,288,0,1.8926562070846558,3.457291603088379,0.5474389853010827,1,0.762734375,0 0 0,1.623 2.154 2.281,0,23,286,-1,1.4561792612075806,2.0464935302734375,0.7115484313370961,0.46689330543933055,1
66679,259,5646,Program,0,1.0,0.25,25,26,1,measured,262,1,237,1,-32,47.204036712646484,47.224876403808594,0.9995587136960632,21 24,0.184821 0.162500,0.446875 0.337500,0.888889 26.935194,21 24,21 24,8080 9470,24,26,25,1,26,0,1.5460156202316284,3.193828582763672,0.484063430509422,1,0.650859375,0 0 0,1.320 1.729 1.865,0,1.0,0.25,286,288,1,measured,525,1,238,1,32,1.5272462368011475,1.5288621187210083,0.9989430819822963,284,0.183036,0.450000,2.211111,284,284,8080,-1,-1,287,1,288,0,1.600039005279541,3.178154468536377,0.5034490995072372,1,0.644609375,0 0 0,1.332 1.833 1.923,0,23,286,-1,1.3942431211471558,1.9931269884109497,0.699525483952599,0.2843619246861925,1
66680,260,5647,Program,0,1.0,0.25,25,26,1,measured,262,1,237,1,-32,47.57550048828125,47.60008239746094,0.9994835742305144,21 24,0.182589 0.162723,0.446875 0.321875,1.927835 19.952941,21 24,21 24,8080 9470,24,26,25,1,26,0,1.5624706745147705,3.09358286857605,0.5050683110467193,1,0.641015625,0 0 0,1.365 1.726 1.747,0,1.0,0.25,286,288,1,measured,525,1,238,1,12,1.5785024166107178,1.579180121421814,0.9995708502140427,284,0.182366,0.446875,0.917355,284,284,8080,-1,-1,287,1,288,0,1.5514647960662842,3.0597288608551025,0.5070595685503637,1,0.637421875,0 0 0,1.469 1.562 1.998,0,23,286,-1,1.4455355405807495,1.9677053689956665,0.7346300738705425,0.28028242677824267,1
66681,261,5648,Program,0,1.0,0.25,25,26,1,measured,262,1,237,1,-32,46.32154846191406,46.34136199951172,0.9995724437793204,21 24,0.181920 0.163616,0.446875 0.309375,0.924242 15.938885,21 24,21 24,8080 c84f,24,26,25,1,26,0,1.5545800924301147,3.0389444828033447,0.5115526463965069,1,0.6371875,0 0 0,1.442 1.623 1.912,0,1.0,0.25,286,288,1,measured,525,1,238,1,11,1.1947346925735474,1.1952495574951172,0.9995692406507568,284,0.181878,0.438272,0.775362,284,284,8080,-1,-1,287,1,288,0,1.454287052154541,3.0386006832122803,0.4786042010025253,1,0.657421875,0 0 0,1.330 1.480 2.001,0,23,286,-1,1.3492796421051025,1.9057787656784058,0.7079938481866731,0.2704497907949791,1
66682,262,5649,Program,0,1.0,0.25,25,26,1,measured,262,1,237,1,-32,47.033485412597656,47.054195404052734,0.9995598693957629,21 24,0.181878 0.154541,0.447531 0.330247,1.697248 21.065930,21 24,21 24,8080 ce45,24,26,25,1,26,0,1.5886328220367432,3.0630404949188232,0.5186457131964379,1,0.62359375,0 0 0,1.422 1.689 1.883,0,1.0,0.25,286,288,1,measured,525,1,238,1,9,0.6492387652397156,0.6499999761581421,0.9988289062363883,284,0.181473,0.446875,1.715686,284,284,8080,-1,-1,287,1,288,0,1.5426465272903442,3.058746099472046,0.5043395159724477,1,0.78578125,0 0 0,1.512 1.511 2.128,0,23,286,-1,1.44992995262146,2.0045201778411865,0.7233301857719362,0.4857217573221757,1
66683,263,5650,Program,0,1.0,0.25,25,26,1,measured,262,1,237,1,-32,45.9781608581543,46.001869201660156,0.9994846221704181,21 24,0.182589 0.154688,0.446875 0.018750,1.750000 16.778039,21 24,21 24,8080 d920,24,26,25,1,26,0,1.472412109375,3.078596591949463,0.4782738060664918,1,0.657578125,0 0 0,1.389 1.503 2.011,0,1.0,0.25,286,288,1,measured,525,1,238,1,10,1.3336677551269531,1.334003210067749,0.9997485351322514,284,0.180776,0.438272,1.988889,284,284,8080,-1,-1,287,1,288,0,1.559912085533142,3.06259822845459,0.5093427113749378,1,0.6165625,0 0 0,1.507 1.529 2.141,0,23,286,-1,1.328479528427124,2.0009961128234863,0.6639091000294777,0.2673640167364017,1
66684,264,5651,Program,0,1.0,0.25,25,26,1,measured,262,1,237,1,-32,45.760398864746094,45.783016204833984,0.9995059884218483,21 24,0.183036 0.163616,0.446875 0.384375,1.875000 27.771152,21 24,21 24,8080 ced5,24,26,25,1,26,0,1.734462857246399,3.3225629329681396,0.5220255845378237,1,0.6440625,0 0 0,1.357 2.096 1.977,0,1.0,0.25,286,288,1,measured,525,1,238,1,8,0.7111999988555908,0.7119390964508057,0.9989618527779982,284,0.182812,0.387500,0.524038,284,284,8080,-1,-1,287,1,288,0,1.8821581602096558,3.2063090801239014,0.5870170695262241,1,0.750234375,0 0 0,1.696 2.098 1.977,0,23,286,-1,1.381111979484558,1.912246584892273,0.7222457555401327,0.4973849372384937,1
66685,265,5652,Program,0,1.0,0.25,24,25,1,measured,262,1,238,1,-32,23.716930389404297,23.774917602539062,0.9975609920461481,21 23,0.185353 0.171564,0.449367 0.329114,0.944444 19.746835,21 23,21 23,8080 5420,23,25,24,1,25,-1,1.6368612051010132,3.055966854095459,0.5356279316012119,1,0.6197327044025157,-1 -1 -1,1.548 1.700 1.700,0,1.0,0.25,286,288,1,measured,525,1,238,1,12,0.7087358832359314,0.7111293077468872,0.9966343329055878,284,0.181250,0.437500,1.008772,284,284,8080,-1,-1,287,1,288,0,1.5272656679153442,3.0661752223968506,0.49810123595006744,1,0.64140625,0 0 0,1.665 1.344 1.942,0,23,286,0,1.147994875907898,1.3350962400436401,0.8598592681755838,0.34984309623430965,1
66686,266,5653,Program,0,1.0,0.25,25,26,1,measured,262,1,237,1,-32,46.28639602661133,46.3089714050293,0.9995125052936176,21 24,0.183482 0.160714,0.446875 0.015625,1.871287 18.057606,21 24,21 24,8080 43c8,24,26,25,1,26,1,1.540300726890564,3.057199478149414,0.5038273550350532,1,0.6351415094339623,1 1 1,1.462 1.568 1.826,0,1.0,0.25,286,288,1,measured,525,1,238,1,-16,0.8130064606666565,0.813511312007904,0.9993794169376681,284,0.183482,0.443750,1.715686,284,284,8080,-1,-1,287,1,288,0,1.5364258289337158,2.929992198944092,0.5243788121645552,1,0.6303125,0 0 0,1.471 1.512 1.981,0,23,286,0,1.1177222728729248,1.1432173252105713,0.9776988576227617,0.3323744769874477,1
66687,267,5654,Program,0,1.0,0.25,25,26,1,measured,262,1,237,1,-32,46.31239700317383,46.33534240722656,0.9995047969247518,21 24,0.181920 0.163393,0.450000 0.012500,1.871287 30.378281,21 24,21 24,8080 4545,24,26,25,1,26,0,1.5467578172683716,2.9858391284942627,0.5180311968275365,1,0.639765625,0 0 0,1.427 1.638 1.814,0,1.0,0.25,286,288,1,measured,525,1,238,1,-1,1.1795885562896729,1.1798732280731201,0.9997587268049872,284,0.183259,0.443750,1.892473,284,284,8080,-1,-1,287,1,288,0,1.662011742591858,2.959768056869507,0.5615344549497361,1,0.768671875,0 0 0,1.569 1.651 2.218,0,23,286,-1,1.477393627166748,2.087639093399048,0.7076863198424247,0.49654811715481173,1
66688,268,5655,Program,0,1.0,0.25,25,26,1,measured,262,1,237,1,-32,46.46568298339844,46.48775100708008,0.9995252937988272,21 24,0.182589 0.154911,0.440625 0.246875,0.761538 31.993641,21 24,21 24,8080 5249,24,26,25,1,26,0,1.5787793397903442,2.9671382904052734,0.5320882228157633,1,0.63734375,0 0 0,1.469 1.633 2.378,0,1.0,0.25,286,288,1,measured,525,1,238,1,10,0.8200240731239319,0.8205385804176331,0.9993729639215266,284,0.183544,0.392405,0.541463,284,284,8080,-1,-1,287,1,288,0,1.9039160013198853,3.125383138656616,0.6091784324843595,1,0.70484375,0 0 0,1.681 2.098 2.211,0,23,286,-1,1.50906240940094,2.187180519104004,0.6899578686898417,0.4292364016736402,1
66689,269,5656,Program,0,1.0,0.25,25,26,1,measured,262,1,237,1,-32,46.56904983520508,46.593021392822266,0.9994855118448944,21 24,0.182589 0.145313,0.443750 0.015625,0.759398 16.258824,21 24,21 24,8080 4fd3,24,26,25,1,26,0,1.7289648056030273,3.112745761871338,0.5554468427140669,1,0.733671875,0 0 0,1.543 1.891 2.485,0,1.0,0.25,286,288,1,measured,525,1,238,1,18,1.2678861618041992,1.2690746784210205,0.9990634777944667,284,0.185118,0.445638,2.077778,284,284,8080,-1,-1,287,1,288,0,1.739804744720459,3.122415542602539,0.5571983360261935,1,0.72796875,0 0 0,1.601 1.768 2.135,0,23,286,-1,1.5675591230392456,2.1805078983306885,0.7188963288045448,0.4180439330543933,1
66690,270,5657,Program,0,1.0,0.25,25,26,1,measured,262,1,237,1,-32,46.57258605957031,46.59468460083008,0.9995257282788996,21 24,0.180804 0.170313,0.443750 0.318750,0.838235 21.767075,21 24,21 24,8080 ae80,24,26,25,1,26,0,1.9831249713897705,3.404186248779297,0.5825547800449805,1,0.708359375,0 0 0,1.896 2.084 1.882,0,1.0,0.25,286,288,1,measured,525,1,238,1,16,1.146474838256836,1.1467126607894897,0.9997926049473544,284,0.183764,0.445638,0.688406,284,284,8080,-1,-1,287,1,288,0,1.7046093940734863,3.1780757904052734,0.5363652431511433,1,0.770390625,0 0 0,1.444 1.876 2.136,0,23,286,-1,1.4293556213378906,2.2041547298431396,0.6484824327372025,0.42102510460251047,1
66691,271,5658,Program,0,1.0,0.25,25,26,1,measured,262,1,237,1,-32,46.91035842895508,46.93189239501953,0.9995411656132848,21 24,0.185805 0.162071,0.449367 0.329114,1.878788 27.254902,21 24,21 24,8080 942c,24,26,25,1,26,0,1.491396427154541,3.0631682872772217,0.48688034325407836,1,0.6590625,0 0 0,1.301 1.655 1.888,0,1.0,0.25,286,288,1,measured,525,1,238,1,10,1.1061396598815918,1.1069399118423462,0.9992770592584177,284,0.184448,0.443038,0.822222,284,284,8080,-1,-1,287,1,288,0,1.6025879383087158,3.2437009811401367,0.4940615511807806,1,0.771953125,0 0 0,1.572 1.534 2.057,0,23,286,-1,1.4115654230117798,2.115635633468628,0.6672062999324176,0.27981171548117156,1
66692,272,5659,Program,0,1.0,0.25,25,26,1,measured,262,1,237,1,-32,46.45174789428711,46.47279739379883,0.9995470576188183,21 24,0.185353 0.163879,0.439873 0.338608,0.697842 25.742111,21 24,21 24,8080 942c,24,26,25,1,26,0,1.5040332078933716,3.0163424015045166,0.49862814219737694,1,0.6378125,0 0 0,1.431 1.521 1.937,0,1.0,0.25,286,288,1,measured,525,1,238,1,4,1.2152225971221924,1.2152777910232544,0.9999545833047639,284,0.185353,0.458861,1.989247,284,284,8080,-1,-1,287,1,288,0,1.5293262004852295,3.0199291706085205,0.5064112812212307,1,0.63375,0 0 0,1.446 1.529 2.049,0,23,286,-1,1.5095080137252808,2.0007455348968506,0.7544727639755069,0.2691945606694561,1
66693,273,5660,Program,0,1.0,0.25,25,26,1,measured,262,1,237,1,-32,47.41826248168945,47.4381217956543,0.9995813638227418,21 24,0.183770 0.165687,0.452532 0.329114,0.786207 21.333333,21 24,21 24,8080 942f,24,26,25,1,26,0,1.8555761575698853,3.169496774673462,0.5854481924062082,1,0.71953125,0 0 0,1.594 2.011 2.240,0,1.0,0.25,286,288,1,measured,525,1,238,1,16,1.089343547821045,1.0894886255264282,0.9998668387149859,284,0.176205,0.427711,0.791045,284,284,8080,-1,-1,287,1,288,0,17.903759002685547,17.939916610717773,0.9979845163822766,1,0.64078125,1 0 3,13.857 20.442 24.021,0,23,286,-1,3.0735673904418945,3.608773946762085,0.8516929671362774,0.17248953974895398,1
66694,274,5661,Program,0,1.0,0.25,25,26,1,measured,262,1,237,1,32,71.77183532714844,71.78010559082031,0.9998847833448585,21 24,0.164125 0.145265,0.401685 0.213483,1.723810 19.221289,21 24,21 24,8080 942f,24,26,25,1,26,0,21.2509765625,21.296846389770508,0.997846168093106,1,0.656953125,3 -3 3,16.269 24.747 28.073,0,1.0,0.25,286,288,1,measured,525,1,238,1,15,1.2756876945495605,1.2757903337478638,0.9999195485374139,284,0.164326,0.401685,0.755725,284,284,8080,-1,-1,287,1,288,0,4.625693321228027,5.947936534881592,0.7776971549882404,1,0.67546875,0 0 0,3.792 5.093 5.498,0,23,286,-1,2.2653989791870117,2.7616026401519775,0.8203203988327378,0.2710774058577406,1
66695,275,5662,Program,0,1.0,0.25,25,26,1,measured,262,1,237,1,32,73.87832641601562,73.88579559326172,0.999898909158572,21 24,0.161508 0.132738,0.391667 0.325000,0.693333 10.352941,21 24,21 24,8080 8080,24,26,25,1,26,0,2.544296979904175,3.887450933456421,0.6544897989598502,1,0.70640625,0 0 0,2.024 2.988 2.385,0,1.0,0.25,286,288,1,measured,525,1,238,1,-2,1.2900158166885376,1.29054594039917,0.9995892252309373,284,0.161111,0.388889,0.726619,284,284,8080,-1,-1,287,1,288,0,2.0180273056030273,3.6079697608947754,0.5593248944255446,1,0.63578125,0 0 0,1.530 2.294 2.157,0,23,286,-1,1.317353367805481,1.74884831905365,0.7532690819740944,0.2532426778242678,1
66696,276,5663,Program,0,1.0,0.25,25,26,1,measured,262,1,237,1,32,73.1466293334961,73.15676879882812,0.9998614008587515,21 24,0.160119 0.153175,0.394444 0.327778,1.801980 13.815896,21 24,21 24,8080 8080,24,26,25,1,26,0,2.3814356327056885,3.618769645690918,0.6580788129306335,1,0.62734375,0 0 0,1.853 2.848 2.104,0,1.0,0.25,286,288,1,measured,525,1,238,1,14,1.22294020652771,1.2237902879714966,0.9993053700032253,284,0.163724,0.398876,1.777778,284,284,8080,-1,-1,287,1,288,0,2.2898828983306885,3.5397210121154785,0.6469105589093201,1,0.6221875,0 0 0,1.705 2.719 2.109,0,23,286,-1,1.497408390045166,1.9887381792068481,0.7529439549666437,0.31406903765690375,1
66697,277,5664,Program,0,1.0,0.25,25,26,1,measured,262,1,237,1,32,74.02620697021484,74.03591918945312,0.9998688174693499,21 24,0.162103 0.144048,0.397222 0.338889,0.738806 14.153570,21 24,21 24,8080 8080,24,26,25,1,26,0,2.398505926132202,3.6647799015045166,0.654474754445017,1,0.644765625,0 0 0,1.866 2.844 2.259,0,1.0,0.25,286,288,1,measured,525,1,238,1,0,1.3333333730697632,1.3342562913894653,0.9993082900746595,284,0.160714,0.391667,0.669065,284,284,8080,-1,-1,287,1,288,0,2.8200292587280273,4.010485649108887,0.7031640318559989,1,0.5946875,0 0 0,2.080 3.435 2.673,0,23,286,-1,1.2898396253585815,1.7937991619110107,0.7190546482274305,0.3196652719665272,1
66698,278,5665,Program,0,1.0,0.25,25,26,1,measured,262,1,237,1,32,73.92096710205078,73.93106079101562,0.9998634716064284,21 24,0.160317 0.140873,0.394444 0.208333,0.813793 11.824714,21 24,21 24,8080 8080,24,26,25,1,26,0,2.1871678829193115,3.5381486415863037,0.618167325479777,1,0.6121875,0 0 0,1.821 2.411 2.213,0,1.0,0.25,286,288,1,measured,525,1,238,1,25,1.3406661748886108,1.340815544128418,0.9998885982188518,284,0.160913,0.397222,2.295455,284,284,8080,-1,-1,287,1,288,0,3.2351953983306885,4.119339466094971,0.7853675146121355,1,0.59375,0 0 0,2.755 3.588 3.180,0,23,286,-1,1.3552567958831787,1.8801010847091675,0.7208425158122937,0.2968619246861925,1
66699,279,5666,Program,0,1.0,0.25,25,26,1,measured,262,1,237,1,32,73.7059097290039,73.71698760986328,0.9998497241786656,21 24,0.157967 0.143053,0.387363 0.274725,0.753425 14.067355,21 24,21 24,8080 8080,24,26,25,1,26,0,2.9419336318969727,3.932704448699951,0.748068834124949,1,0.71703125,0 0 0,2.460 3.348 2.700,0,1.0,0.25,286,288,1,measured,525,1,238,1,-3,1.2996032238006592,1.2996820211410522,0.9999393718316394,284,0.161111,0.400000,2.202247,284,284,8080,-1,-1,287,1,288,0,2.9424219131469727,3.94547963142395,0.745770397523262,1,0.707890625,0 0 0,2.088 3.578 2.478,0,23,286,-1,1.4200153350830078,1.9476642608642578,0.7290863028173497,0.2821129707112971,1
66700,280,5667,Program,0,1.0,0.25,25,26,1,measured,262,1,237,1,32,74.1025390625,74.11378479003906,0.9998482640230705,21 24,0.159144 0.136774,0.387363 0.233516,1.927083 11.331765,21 24,21 24,8080 8080,24,26,25,1,26,0,3.225351572036743,4.202014446258545,0.7675726995438061,1,0.669375,0 0 0,2.342 4.049 2.412,0,1.0,0.25,286,288,1,measured,525,1,238,1,10,1.4801363945007324,1.480506420135498,0.9997500681998179,284,0.161111,0.391667,1.666667,284,284,8080,-1,-1,287,1,288,0,2.6171092987060547,3.843740224838257,0.6808756954474419,1,0.6809375,0 0 0,2.212 2.739 2.421,0,23,286,-1,1.5735517740249634,2.1014819145202637,0.7487819729270339,0.4469142259414226,1
66701,281,5668,Program,0,1.0,0.25,25,26,1,measured,262,1,237,1,32,73.66764068603516,73.67649841308594,0.999879775406791,21 24,0.158752 0.138932,0.390110 0.247253,0.903704 13.803922,21 24,21 24,8080 8080,24,26,25,1,26,0,3.7489256858825684,4.414200305938721,0.8492876231372841,1,0.656640625,0 0 0,2.821 4.472 2.937,0,1.0,0.25,286,288,1,measured,525,1,238,1,15,1.0459142923355103,1.0460419654846191,0.9998779464368337,284,0.159144,0.340659,0.549223,284,284,8080,-1,-1,287,1,288,0,2.8801465034484863,3.853842258453369,0.7473441594893798,1,0.697890625,0 0 0,2.198 3.189 2.679,0,23,286,-1,1.4608678817749023,2.064239978790283,0.7077025427203585,0.44623430962343097,1
66702,282,5669,Program,0,1.0,0.25,25,26,1,measured,262,1,237,1,32,74.23731231689453,74.245849609375,0.9998850132024162,21 24,0.158556 0.139717,0.392857 0.266484,1.881188 14.066176,21 24,21 24,8080 8080,24,26,25,1,26,0,3.401484489440918,4.607036113739014,0.7383238171928102,1,0.6428125,0 0 0,2.538 3.909 2.681,0,1.0,0.25,286,288,1,measured,525,1,238,1,19,1.284609079360962,1.284959316253662,0.9997274334772549,284,0.159537,0.392857,2.098039,284,284,8080,-1,-1,287,1,288,0,3.135624885559082,4.3726806640625,0.7170944156360793,1,0.6790625,0 0 0,2.155 3.641 2.669,0,23,286,-1,1.5196490287780762,2.1044816970825195,0.7221013282675695,0.42505230125523014,1
66703,283,5670,Program,0,1.0,0.25,25,26,1,measured,262,1,237,1,32,74.44654846191406,74.45743560791016,0.9998537802718129,21 24,0.159929 0.140502,0.390110 0.291209,2.041667 13.355088,21 24,21 24,8080 8080,24,26,25,1,26,0,2.888242244720459,3.877319097518921,0.744907027788513,1,0.695234375,0 0 0,1.943 3.547 2.377,0,1.0,0.25,286,288,1,measured,525,1,238,1,13,1.1844757795333862,1.1857891082763672,0.9988924432398524,284,0.159341,0.387363,0.731034,284,284,8080,-1,-1,287,1,288,0,3.3271191120147705,4.227230548858643,0.7870682882231481,1,0.68078125,0 0 0,2.204 3.941 2.844,0,23,286,-1,1.416060447692871,1.995665431022644,0.7095680596958758,0.2965481171548117,1
66704,284,5671,Program,0,1.0,0.25,25,26,1,measured,262,1,237,1,32,73.90161895751953,73.91008758544922,0.9998854198634267,21 24,0.161905 0.150000,0.400000 0.261111,0.943548 11.876751,21 24,21 24,8080 8080,24,26,25,1,26,0,2.3562793731689453,3.8566627502441406,0.6109632928157341,1,0.69609375,0 0 0,1.851 2.621 2.265,0,1.0,0.25,286,288,1,measured,525,1,238,1,15,0.9807847738265991,0.9808158278465271,0.9999683385819781,284,0.160714,0.400000,1.888889,284,284,8080,-1,-1,287,1,288,0,3.174999952316284,4.635485649108887,0.6849336170260041,1,0.6709375,0 0 0,2.164 3.557 2.866,0,23,286,-1,1.5283735990524292,2.1727120876312256,0.7034404639957248,0.44377615062761505,1
66705,285,5672,Program,0,1.0,0.25,25,26,1,measured,262,1,237,1,32,74.32383728027344,74.33430480957031,0.9998591830605843,21 24,0.158556 0.145997,0.392857 0.307692,0.780303 13.345747,21 24,21 24,8080 8080,24,26,25,1,26,0,2.9137401580810547,4.4629716873168945,0.6528699624874326,1,0.66453125,0 0 0,2.057 3.399 2.523,0,1.0,0.25,286,288,1,measured,525,1,238,1,19,1.06392502784729,1.0644309520721436,0.999524699818369,284,0.160913,0.397222,1.812500,284,284,8080,-1,-1,287,1,288,0,3.1119141578674316,4.104313850402832,0.7582057004636724,1,0.693984375,0 0 0,1.895 3.811 2.742,0,23,286,-1,1.6960780620574951,2.224520683288574,0.7624465237833317,0.45690376569037655,1
66706,286,5673,Program,0,1.0,0.25,25,26,1,measured,262,1,237,1,32,73.7845230102539,73.7952651977539,0.9998544325645933,21 24,0.162698 0.157738,0.400000 0.311111,1.826923 15.288379,21 24,21 24,8080 8080,24,26,25,1,26,0,3.355781316757202,4.325442314147949,0.7758238517667628,1,0.6790625,0 0 0,1.855 4.510 2.702,0,1.0,0.25,286,288,1,measured,525,1,238,1,11,1.247186541557312,1.247987151145935,0.9993584793017397,284,0.161706,0.386111,0.866142,284,284,8080,-1,-1,287,1,288,0,2.3614258766174316,3.9967570304870605,0.5908354845202234,1,0.588671875,0 0 0,1.626 2.715 2.310,0,23,286,-1,1.4552607536315918,2.012911558151245,0.7229630868472797,0.46527196652719666,1
66707,287,5674,Program,0,1.0,0.25,25,26,1,measured,262,1,237,1,32,74.3209228515625,74.33077239990234,0.9998674903001565,21 24,0.159341 0.146782,0.392857 0.304945,2.176471 24.789031,21 24,21 24,8080 9420,24,26,25,1,26,0,2.9251465797424316,4.462381839752197,0.6555123888512574,1,0.706328125,0 0 0,1.720 4.030 2.169,0,1.0,0.25,286,288,1,measured,525,1,238,1,13,0.5330645442008972,0.533117949962616,0.9998998237412143,284,0.160913,0.336111,0.439614,284,284,8080,-1,-1,287,1,288,0,2.305556535720825,3.9670400619506836,0.5811780319120676,1,0.713671875,0 0 0,1.657 2.693 2.223,0,23,286,-1,1.3876837491989136,1.8540972471237183,0.7484417289069615,0.5017782426778242,1
66708,288,5675,Program,0,1.0,0.25,25,26,1,measured,262,1,237,1,32,74.37998962402344,74.38973999023438,0.9998689286155292,21 24,0.157609 0.130435,0.388587 0.307065,2.011364 33.517407,21 24,21 24,8080 9420,24,26,25,1,26,0,2.919541120529175,4.118298053741455,0.7089193357136414,1,0.686796875,0 0 0,1.778 3.951 2.226,0,1.0,0.25,286,288,1,measured,525,1,238,1,10,1.0539727210998535,1.0543478727340698,0.9996441860946298,284,0.158163,0.387363,0.791367,284,284,8080,-1,-1,287,1,288,0,2.82373046875,4.091076850891113,0.6902169212819697,1,0.675546875,0 0 0,1.735 3.863 2.314,0,23,286,-1,1.526090383529663,2.123030424118042,0.7188264314034208,0.44126569037656904,1
66709,289,5676,Program,0,1.0,0.25,24,25,1,measured,262,1,238,1,0,28.006912231445312,28.042524337768555,0.9987300677394696,21 23,0.159733 0.143250,0.395604 0.266484,2.197802 26.170946,21 23,21 23,8080 9452,23,25,24,1,25,-1,2.5749213695526123,4.308257579803467,0.597671174913844,1,0.6989779874213836,-1 -1 -1,1.620 3.509 1.815,0,1.0,0.25,286,288,1,measured,525,1,238,1,19,0.9961318969726562,0.9963295459747314,0.9998016228637666,284,0.160126,0.390110,0.905983,284,284,8080,-1,-1,287,1,288,0,2.926337957382202,4.60788106918335,0.635072371323341,1,0.688125,0 0 0,1.619 4.096 2.286,0,23,286,0,1.052907109260559,1.2532089948654175,0.8401688094918527,0.3247384937238494,1
66710,290,5677,Program,0,1.0,0.25,25,26,1,measured,262,1,237,1,32,74.76289367675781,74.77491760253906,0.9998391984081458,21 24,0.161905 0.158730,0.397222 0.261111,2.437500 32.568627,21 24,21 24,8080 9452,24,26,25,1,26,1,2.2420401573181152,3.943222761154175,0.5685806491596417,1,0.6970125786163522,1 1 1,1.562 2.776 2.090,0,1.0,0.25,286,288,1,measured,525,1,238,1,14,1.3663166761398315,1.366909384727478,0.9995663877984386,284,0.160126,0.384615,0.846774,284,284,8080,-1,-1,287,1,288,0,3.0596094131469727,4.179530143737793,0.7320462606858328,1,0.665625,0 0 0,1.854 4.065 2.567,0,23,286,0,1.1775343418121338,1.1830774545669556,0.9953146662262694,0.3309623430962343,1
66711,291,5678,Program,0,1.0,0.25,25,26,1,measured,262,1,237,1,32,73.6950912475586,73.70867919921875,0.9998156533015138,21 24,0.160516 0.142262,0.391667 0.252778,0.838462 16.621176,21 24,21 24,8080 ce4f,24,26,25,1,26,0,2.458867073059082,3.9281938076019287,0.6259536045040923,1,0.72515625,0 0 0,1.597 3.272 2.009,0,1.0,0.25,286,288,1,measured,525,1,238,1,-20,1.0261011123657227,1.0266128778457642,0.999501501012616,284,0.159733,0.384615,1.929293,284,284,8080,-1,-1,287,1,288,0,4.128915786743164,5.2022013664245605,0.7936862677772393,1,0.55984375,0 0 0,2.550 5.809 2.551,0,23,286,-1,1.4280451536178589,1.9661047458648682,0.7263321837869209,0.27243723849372387,1
66712,292,5679,Program,0,1.0,0.25,25,26,1,measured,262,1,237,1,32,73.91118621826172,73.92276000976562,0.9998434339910688,21 24,0.159144 0.132261,0.395604 0.005495,1.796117 17.359477,21 24,21 24,8080 5720,24,26,25,1,26,0,4.685244083404541,5.608362674713135,0.8354031925448169,1,0.648046875,0 0 0,2.799 6.692 2.426,0,1.0,0.25,286,288,1,measured,525,1,238,1,13,0.8794354796409607,0.8798231482505798,0.999559378938381,284,0.160714,0.391667,2.385542,284,284,8080,-1,-1,287,1,288,0,3.5057616233825684,4.837136268615723,0.724759739792453,1,0.658125,0 0 0,2.861 4.204 2.283,0,23,286,-1,1.5155375003814697,2.0595762729644775,0.7358491745489286,0.43885983263598327,1
66713,293,5680,Program,0,1.0,0.25,25,26,1,measured,262,1,237,1,32,73.75520324707031,73.77055358886719,0.9997919177632525,21 24,0.159537 0.131868,0.398352 0.013736,1.978947 15.717647,21 24,21 24,8080 4920,24,26,25,1,26,0,5.085156440734863,6.269309997558594,0.8111189975794999,1,0.63859375,0 0 0,3.839 6.518 2.699,0,1.0,0.25,286,288,1,measured,525,1,238,1,14,0.9418416619300842,0.9421371221542358,0.9996863936074655,284,0.160516,0.402778,1.730435,284,284,8080,-1,-1,287,1,288,0,2.9183690547943115,4.463079929351807,0.653891281579212,1,0.591875,0 0 0,2.223 3.624 2.052,0,23,286,-1,1.3625068664550781,1.9792859554290771,0.6883830316270337,0.2838912133891213,1
66714,294,5681,Program,0,1.0,0.25,25,26,1,measured,262,1,237,1,32,74.08444213867188,74.09676361083984,0.9998337110614887,21 24,0.161310 0.135516,0.397222 0.272222,2.432099 27.652030,21 24,21 24,8080 4645,24,26,25,1,26,0,3.8162012100219727,4.858932971954346,0.7853990232112692,1,0.64515625,0 0 0,1.988 5.336 2.982,0,1.0,0.25,286,288,1,measured,525,1,238,1,12,1.05978262424469,1.060192584991455,0.9996133148330136,284,0.161310,0.391667,0.698529,284,284,8080,-1,-1,287,1,288,0,3.468623161315918,4.442511558532715,0.7807797718958652,1,0.68875,0 0 0,1.736 4.713 3.003,0,23,286,-1,1.5577771663665771,2.1409153938293457,0.727622011993786,0.45957112970711295,1
66715,295,5682,Program,0,1.0,0.25,25,26,1,measured,262,1,237,1,32,73.26455688476562,73.2763671875,0.9998388252148998,21 24,0.161706 0.142262,0.347222 0.008333,0.446602 18.920892,21 24,21 24,8080 454c,24,26,25,1,26,0,2.864365339279175,4.109198093414307,0.6970618778076946,1,0.58359375,0 0 0,1.621 3.815 2.600,0,1.0,0.25,286,288,1,measured,525,1,238,1,-15,0.9435679316520691,0.9448707699775696,0.9986211465452239,284,0.160714,0.387363,1.570093,284,284,8080,-1,-1,287,1,288,0,3.2874512672424316,4.445587635040283,0.7394863260214738,1,0.57640625,0 0 0,1.721 4.400 3.152,0,23,286,-1,1.3394070863723755,1.818824291229248,0.7364136782377919,0.28865062761506277,1
66716,296,5683,Program,0,1.0,0.25,25,26,1,measured,262,1,237,1,32,74.0977554321289,74.11004638671875,0.9998341526528575,21 24,0.161111 0.140079,0.402778 0.280556,0.909910 22.718053,21 24,21 24,8080 204a,24,26,25,1,26,0,2.1667089462280273,3.77280855178833,0.574296022839801,1,0.620703125,0 0 0,1.357 2.751 2.413,0,1.0,0.25,286,288,1,measured,525,1,238,1,16,0.7433144450187683,0.7445210814476013,0.9983793119376997,284,0.159537,0.387363,0.776224,284,284,8080,-1,-1,287,1,288,0,3.3857421875,4.3969831466674805,0.770014820290155,1,0.655625,0 0 0,1.925 4.332 3.466,0,23,286,-1,1.574658989906311,2.035914182662964,0.7734407487876853,0.4640167364016736,1
66717,297,5684,Program,0,1.0,0.25,25,26,1,measured,262,1,237,1,32,73.92200469970703,73.93646240234375,0.9998044577442988,21 24,0.158948 0.135400,0.387363 0.019231,1.938776 20.256793,21 24,21 24,8080 d5d3,24,26,25,1,26,0,2.8218555450439453,4.112755298614502,0.6861228884671469,1,0.69796875,0 0 0,1.617 3.699 2.792,0,1.0,0.25,286,288,1,measured,525,1,238,1,-17,1.2400568723678589,1.240243911743164,0.9998491914586041,284,0.160714,0.390110,1.847826,284,284,8080,-1,-1,287,1,288,0,2.786757707595825,4.122828006744385,0.6759335347089593,1,0.696015625,0 0 0,1.791 3.458 3.051,0,23,286,-1,1.6869592666625977,2.1752893924713135,0.7755102711856047,0.45339958158995813,1
66718,298,5685,Program,0,1.0,0.25,25,26,1,measured,262,1,237,1,32,74.0384750366211,74.05232238769531,0.9998130058500837,21 24,0.159537 0.134812,0.390110 0.335165,2.043956 18.190669,21 24,21 24,8080 5420,24,26,25,1,26,0,2.952343702316284,4.344791889190674,0.6795132603845456,1,0.6571875,0 0 0,1.895 3.776 3.111,0,1.0,0.25,286,288,1,measured,525,1,238,1,-14,0.9048869013786316,0.9051864147186279,0.9996691141900429,284,0.158556,0.387363,2.267442,284,284,8080,-1,-1,287,1,288,0,2.349111318588257,3.7374114990234375,0.6285396508257293,1,0.69703125,0 0 0,1.583 2.880 2.560,0,23,286,-1,1.5605851411819458,2.0644261837005615,0.7559413620614607,0.4028765690376569,1
66719,299,5686,Program,0,1.0,0.25,25,26,1,measured,262,1,237,1,32,72.84587860107422,72.85942840576172,0.9998140281225919,21 24,0.159722 0.148016,0.405556 0.013889,1.893617 13.147211,21 24,21 24,8080 c157,24,26,25,1,26,0,2.798203229904175,4.390733242034912,0.6372974798640535,1,0.67953125,0 0 0,1.677 3.789 2.453,0,1.0,0.25,286,288,1,measured,525,1,238,1,4,1.183426022529602,1.1845142841339111,0.9990812591972205,284,0.159537,0.395604,1.924731,284,284,8080,-1,-1,287,1,288,0,2.2653613090515137,3.8130600452423096,0.5941058578078479,1,0.698984375,0 0 0,1.611 2.660 2.401,0,23,286,-1,1.5642343759536743,2.1258761882781982,0.7358069037974352,0.4315899581589958,1
66720,300,5687,Program,0,1.0,0.25,25,26,1,measured,262,1,237,1,32,73.53660583496094,73.54920959472656,0.9998286350072955,21 24,0.162500 0.141270,0.394444 0.250000,0.807692 28.922411,21 24,21 24,8080 46d5,24,26,25,1,26,0,2.535390615463257,4.1605544090271,0.6093876839976551,1,0.57609375,0 0 0,1.542 3.411 2.395,0,1.0,0.25,286,288,1,measured,525,1,238,1,15,1.079894781112671,1.0808346271514893,0.9991304441815532,284,0.160317,0.394444,1.921569,284,284,8080,-1,-1,287,1,288,0,2.389961004257202,4.027918815612793,0.5933488517676596,1,0.609296875,0 0 0,1.357 3.203 2.434,0,23,286,-1,1.4433355331420898,2.074343204498291,0.6958036307647465,0.27839958158995814,1
66721,301,5688,Program,0,1.0,0.25,25,26,1,measured,262,1,237,1,32,73.44488525390625,73.45597839355469,0.9998489824805137,21 24,0.161706 0.142460,0.391667 0.283333,0.892308 21.113725,21 24,21 24,8080 4c80,24,26,25,1,26,0,2.4969043731689453,4.022100925445557,0.6207960514795748,1,0.729921875,0 0 0,1.474 3.408 2.095,0,1.0,0.25,286,288,1,measured,525,1,238,1,9,0.8651843070983887,0.8655999898910522,0.9995197749566564,284,0.160322,0.392857,0.800000,284,284,8080,-1,-1,287,1,288,0,2.858271598815918,4.346108436584473,0.6576622835168332,1,0.601953125,0 0 0,1.467 4.089 2.356,0,23,286,-1,1.5064018964767456,2.010725498199463,0.749183266351214,0.301255230125523,1
66722,302,5689,Program,0,1.0,0.25,25,26,1,measured,262,1,237,1,32,74.59192657470703,74.60382080078125,0.999840568137844,21 24,0.159733 0.138148,0.392857 0.321429,2.325843 26.359093,21 24,21 24,8080 94f2,24,26,25,1,26,0,2.093193292617798,3.7306604385375977,0.5610784811705674,1,0.72890625,0 0 0,1.449 2.516 2.288,0,1.0,0.25,286,288,1,measured,525,1,238,1,19,1.1064739227294922,1.1069105863571167,0.9996055113818528,284,0.159144,0.390110,1.886598,284,284,8080,-1,-1,287,1,288,0,2.4283690452575684,3.892688751220703,0.6238282073017164,1,0.610625,0 0 0,1.525 3.010 2.444,0,23,286,-1,1.5333645343780518,1.9922326803207397,0.769671409130377,0.2728556485355649,1
66723,303,5690,Program,0,1.0,0.25,25,26,1,measured,262,1,237,1,32,74.13269805908203,74.14493560791016,0.9998349509817792,21 24,0.160322 0.151688,0.395604 0.337912,0.744526 28.936170,21 24,21 24,8080 94f2,24,26,25,1,26,0,2.280039072036743,3.7937302589416504,0.6010018942867101,1,0.59953125,0 0 0,1.416 2.914 2.309,0,1.0,0.25,286,288,1,measured,525,1,238,1,11,1.1674035787582397,1.1674717664718628,0.999941593693671,284,0.160518,0.390110,0.778626,284,284,8080,-1,-1,287,1,288,0,2.2352051734924316,3.741283416748047,0.5974434236888927,1,0.615390625,0 0 0,1.378 2.946 2.177,0,23,286,-1,1.5556528568267822,2.1080384254455566,0.7379622866684596,0.28739539748953974,1
66724,304,5691,Program,0,1.0,0.25,25,26,1,measured,262,1,237,1,32,73.6578598022461,73.66943359375,0.9998428956089478,21 24,0.159341 0.150314,0.390110 0.010989,1.936842 17.216487,21 24,21 24,8080 c1c2,24,26,25,1,26,0,2.438339948654175,3.841430902481079,0.6347478350005763,1,0.728828125,0 0 0,1.559 3.230 2.063,0,1.0,0.25,286,288,1,measured,525,1,238,1,14,0.9610258340835571,0.9612902998924255,0.9997248845547511,284,0.157609,0.385870,0.751773,284,284,8080,-1,-1,287,1,288,0,1.9375683069229126,3.5673348903656006,0.5431416916185123,1,0.63765625,0 0 0,1.405 2.227 2.163,0,23,286,-1,1.4037061929702759,1.975380778312683,0.7106003097637124,0.29105648535564854,1
66725,305,5692,Program,0,1.0,0.25,25,26,1,measured,262,1,237,1,32,76.22566223144531,76.23442840576172,0.9998850102965323,21 24,0.158579 0.136452,0.388587 0.010870,0.875000 28.448894,21 24,21 24,8080 4fd5,24,26,25,1,26,0,2.2069530487060547,3.770695686340332,0.585290681690631,1,0.634453125,0 0 0,1.384 2.907 2.309,0,1.0,0.25,286,288,1,measured,525,1,238,1,-4,1.1305643320083618,1.1305732727050781,0.9999920918909617,284,0.158948,0.392857,0.852713,284,284,8080,-1,-1,287,1,288,0,1.7930761575698853,3.5090999603271484,0.5109789341545914,1,0.6453125,0 0 0,1.239 2.094 2.064,0,23,286,-1,1.2603671550750732,1.7467559576034546,0.7215473630353574,0.2970188284518828,1
66726,306,5693,Program,0,1.0,0.25,25,26,1,measured,262,1,237,1,32,75.9134750366211,75.91985321044922,0.9999159880642755,21 24,0.157997 0.137811,0.385870 0.228261,1.902913 25.732620,21 24,21 24,8080 5420,24,26,25,1,26,0,2.3825879096984863,3.7900943756103516,0.6286355097199388,1,0.60109375,0 0 0,1.431 3.193 2.109,0,1.0,0.25,286,288,1,measured,525,1,238,1,11,1.174638271331787,1.1752827167510986,0.9994516677475757,284,0.157803,0.380435,1.886598,284,284,8080,-1,-1,287,1,288,0,2.2245702743530273,3.664435863494873,0.607070326025953,1,0.618515625,0 0 0,1.386 2.827 2.191,0,23,286,-1,1.5062119960784912,2.009556531906128,0.7495245703039772,0.3009937238493724,1
66727,307,5694,Program,0,1.0,0.25,25,26,1,measured,262,1,237,1,32,76.335693359375,76.34198760986328,0.9999175519175575,21 24,0.157220 0.149845,0.388587 0.315217,2.081395 27.689017,21 24,21 24,8080 54c8,24,26,25,1,26,0,2.1131932735443115,3.511713743209839,0.6017555609794017,1,0.60265625,0 0 0,1.632 2.463 2.009,0,1.0,0.25,286,288,1,measured,525,1,238,1,14,0.9139741659164429,0.915725827217102,0.9980871334534895,284,0.158191,0.383152,0.899281,284,284,8080,-1,-1,287,1,288,0,2.2345311641693115,3.568091630935669,0.626253862091357,1,0.74109375,0 0 0,1.506 2.743 2.298,0,23,286,-1,1.4940404891967773,2.015030860900879,0.7414479441415713,0.4837866108786611,1
66728,308,5695,Program,0,1.0,0.25,25,26,1,measured,262,1,237,1,32,75.58610534667969,75.59468078613281,0.9998865602795866,21 24,0.160518 0.147763,0.390110 0.010989,1.800000 26.434077,21 24,21 24,8080 c154,24,26,25,1,26,0,2.013076066970825,3.512460708618164,0.5731241525439835,1,0.73625,0 0 0,1.557 2.332 1.965,0,1.0,0.25,286,288,1,measured,525,1,238,1,17,0.9995941519737244,0.9997967481613159,0.9997973626259896,284,0.157415,0.334239,0.502347,284,284,8080,-1,-1,287,1,288,0,2.2835352420806885,3.7627062797546387,0.6068863930111481,1,0.608515625,0 0 0,1.656 2.803 1.879,0,23,286,-1,1.4299492835998535,1.9459168910980225,0.7348460204757131,0.2731694560669456,1
66729,309,5696,Program,0,1.0,0.25,25,26,1,measured,262,1,237,1,32,76.35690307617188,76.36565399169922,0.9998854077052978,21 24,0.157803 0.141693,0.383152 0.228261,1.898990 17.389047,21 24,21 24,8080 20c7,24,26,25,1,26,0,2.026972770690918,3.739396572113037,0.5420587871870267,1,0.610234375,0 0 0,1.555 2.413 1.856,0,1.0,0.25,286,288,1,measured,525,1,238,1,8,1.128999948501587,1.1296073198318481,0.9994623164000463,284,0.158773,0.383152,2.076087,284,284,8080,-1,-1,287,1,288,0,2.318066358566284,3.580768585205078,0.647365587417184,1,0.70734375,0 0 0,1.685 2.767 2.236,0,23,286,-1,1.5518420934677124,2.1675658226013184,0.7159377017696886,0.47201882845188287,1
66730,310,5697,Program,0,1.0,0.25,25,26,1,measured,262,1,237,1,32,77.25831604003906,77.26702880859375,0.9998872382089873,21 24,0.159929 0.149725,0.392857 0.266484,1.909091 26.201139,21 24,21 24,8080 52c1,24,26,25,1,26,0,2.5808985233306885,3.931318759918213,0.6564968858908763,1,0.67703125,0 0 0,2.001 3.132 1.895,0,1.0,0.25,286,288,1,measured,525,1,238,1,-25,0.8949424624443054,0.8963464498519897,0.9984336554153629,284,0.158579,0.394022,0.854962,284,284,8080,-1,-1,287,1,288,0,3.125663995742798,4.504942893981934,0.6938298818212129,1,0.688359375,0 0 0,2.372 3.831 2.370,0,23,286,-1,1.7002447843551636,2.323502540588379,0.7317593825073295,0.4139644351464435,1
66731,311,5698,Program,0,1.0,0.25,25,26,1,measured,262,1,237,1,32,78.24063873291016,78.24833679199219,0.9999016201570841,21 24,0.158579 0.137034,0.385870 0.274457,1.752381 20.554829,21 24,21 24,8080 cec4,24,26,25,1,26,0,4.5595703125,5.608156681060791,0.8130247729878957,1,0.641875,0 0 0,3.467 5.779 2.760,0,1.0,0.25,286,288,1,measured,525,1,238,1,3,1.110515832901001,1.11089026927948,0.9996629402661688,284,0.159929,0.384615,0.696552,284,284,8080,-1,-1,287,1,288,0,2.8281543254852295,4.2497639656066895,0.6654850359628118,1,0.691796875,0 0 0,2.397 3.223 2.400,0,23,286,-1,1.510915756225586,2.0369632244110107,0.7417491578241272,0.40606694560669454,1
66732,312,5699,Program,0,1.0,0.25,25,26,1,measured,262,1,237,1,32,76.95112609863281,76.9568099975586,0.9999261417030415,21 24,0.156874 0.134985,0.381720 0.013441,0.784615 16.941176,21 24,21 24,8080 cdc1,24,26,25,1,26,0,4.211904525756836,5.2055230140686035,0.8091222561832145,1,0.645859375,0 0 0,3.638 4.909 2.709,0,1.0,0.25,286,288,1,measured,525,1,238,1,11,1.2126206159591675,1.212761640548706,0.999883716152603,284,0.158218,0.387097,0.923077,284,284,8080,-1,-1,287,1,288,0,3.8125293254852295,4.7915191650390625,0.7956827874764743,1,0.684765625,0 0 0,3.048 4.689 2.542,0,23,286,-1,1.660521149635315,2.1751909255981445,0.7633909879330233,0.40868200836820084,1
66733,313,5700,Program,0,1.0,0.25,25,26,1,measured,262,1,237,1,32,77.4935531616211,77.50270080566406,0.9998819699965565,21 24,0.155722 0.139785,0.384409 0.201613,0.774194 23.358909,21 24,21 24,8080 2054,24,26,25,1,26,0,2.4109864234924316,3.6526827812194824,0.6600590765474305,1,0.714609375,0 0 0,1.713 3.022 1.899,0,1.0,0.25,286,288,1,measured,525,1,238,1,19,1.2569217681884766,1.2571022510528564,0.9998564294477806,284,0.155914,0.387097,1.979167,284,284,8080,-1,-1,287,1,288,0,2.666494131088257,3.8054049015045166,0.7007123289387743,1,0.70578125,0 0 0,1.798 3.528 2.133,0,23,286,-1,1.5140527486801147,2.0264296531677246,0.7471528786174937,0.47871338912133893,1
66734,314,5701,Program,0,1.0,0.25,25,26,1,measured,262,1,237,1,32,76.34629821777344,76.3519515991211,0.9999259562954286,21 24,0.157415 0.138781,0.334239 0.328804,0.514706 22.747218,21 24,21 24,8080 c849,24,26,25,1,26,0,2.0753612518310547,3.5607409477233887,0.5828453353670581,1,0.611875,0 0 0,1.542 2.496 1.873,0,1.0,0.25,286,288,1,measured,525,1,238,1,-7,1.1194089651107788,1.119476318359375,0.9999398350393915,284,0.156874,0.379032,2.032258,284,284,8080,-1,-1,287,1,288,0,2.4977831840515137,3.737018585205078,0.6683892860314586,1,0.700390625,0 0 0,1.699 3.245 2.111,0,23,286,-1,1.4638551473617554,2.0518856048583984,0.713419473237533,0.485826359832636,1
66735,315,5702,Program,0,1.0,0.25,25,26,1,measured,262,1,237,1,32,76.91888427734375,76.92483520507812,0.9999226397077289,21 24,0.157450 0.145737,0.381720 0.306452,1.831683 14.371873,21 24,21 24,8080 cec7,24,26,25,1,26,0,2.0420215129852295,3.690821647644043,0.5532701679824357,1,0.61453125,0 0 0,1.380 2.626 1.711,0,1.0,0.25,286,288,1,measured,525,1,238,1,10,0.7845104336738586,0.7851999998092651,0.9991217955481737,284,0.159744,0.391304,0.798561,284,284,8080,-1,-1,287,1,288,0,2.812753915786743,3.9423153400421143,0.7134776579685519,1,0.6909375,0 0 0,1.836 3.789 2.188,0,23,286,-1,1.68715500831604,2.2166786193847656,0.7611184560368549,0.49267782426778245,1
66736,316,5703,Program,0,1.0,0.25,25,26,1,measured,262,1,237,1,32,76.80615997314453,76.81436920166016,0.999893128999158,21 24,0.156490 0.139977,0.384409 0.311828,0.750000 23.515870,21 24,21 24,8080 ae80,24,26,25,1,26,0,2.940068244934082,4.109364986419678,0.7154556128867111,1,0.675546875,0 0 0,2.095 3.799 1.969,0,1.0,0.25,286,288,1,measured,525,1,238,1,14,1.2160743474960327,1.2167338132858276,0.9994580032357168,284,0.156682,0.387097,0.756944,284,284,8080,-1,-1,287,1,288,0,2.0072362422943115,3.661163568496704,0.548250905686384,1,0.728515625,0 0 0,1.619 2.270 2.129,0,23,286,-1,1.6716629266738892,2.322359800338745,0.7198122041339401,0.400836820083682,1
66737,317,5704,Program,0,1.0,0.25,25,26,1,measured,262,1,237,1,32,76.57965850830078,76.5859603881836,0.999917714946044,21 24,0.156106 0.138249,0.387097 0.287634,1.934066 24.831669,21 24,21 24,8080 942c,24,26,25,1,26,0,2.188095808029175,3.687175750732422,0.5934340958915589,1,0.7396875,0 0 0,1.583 2.751 1.903,0,1.0,0.25,286,288,1,measured,525,1,238,1,12,0.9533011317253113,0.9535771608352661,0.9997105330105505,284,0.156298,0.381720,1.811881,284,284,8080,-1,-1,287,1,288,0,1.7864258289337158,3.7060632705688477,0.48202788201711283,1,0.62203125,0 0 0,1.358 2.117 1.902,0,23,286,-1,1.299473524093628,1.8837254047393799,0.6898423309598114,0.2682531380753138,1
66738,318,5705,Program,0,1.0,0.25,25,26,1,measured,262,1,237,1,32,76.4178466796875,76.42317199707031,0.9999303180273253,21 24,0.157997 0.139946,0.391304 0.282609,0.854015 26.304676,21 24,21 24,8080 942c,24,26,25,1,26,0,2.322578191757202,3.942452907562256,0.589120084935479,1,0.71296875,0 0 0,1.595 3.001 1.997,0,1.0,0.25,286,288,1,measured,525,1,238,1,22,1.2189034223556519,1.2191585302352905,0.9997907508553547,284,0.158191,0.388587,1.522523,284,284,8080,-1,-1,287,1,288,0,2.3253612518310547,3.9833922386169434,0.5837640665380303,1,0.7078125,0 0 0,1.703 2.850 2.215,0,23,286,-1,1.6173127889633179,2.1278891563415527,0.760054998233056,0.4498953974895398,1
66739,319,5706,Program,0,1.0,0.25,25,26,1,measured,262,1,237,1,32,44.35857009887695,44.37167739868164,0.9997046021116822,21 24,0.189703 0.171614,0.464286 0.347403,0.741259 22.526316,21 24,21 24,8080 942f,24,26,25,1,26,0,18.790809631347656,19.016578674316406,0.9881277780385558,1,0.60359375,0 0 1,15.856 22.198 18.195,0,1.0,0.25,286,288,1,measured,525,1,238,1,27,1.346122145652771,1.3462334871292114,0.9999172940819665,284,0.162302,0.397222,1.831579,284,284,8080,-1,-1,287,1,288,0,27.44499969482422,27.586841583251953,0.99485834984046,1,0.6103125,0 0 3,23.289 32.604 25.786,0,23,286,-1,3.71593976020813,3.960453987121582,0.9382610610529621,0.5420502092050209,1
66740,320,5707,Program,0,1.0,0.25,25,26,1,measured,262,1,237,1,32,30.115224838256836,30.1333065032959,0.9993999442100028,21 24,0.162721 0.147873,0.410112 0.306180,0.905983 16.857843,21 24,21 24,8080 942f,24,26,25,1,26,0,9.158184051513672,9.843012809753418,0.9304248839784958,1,0.655,0 0 0,7.757 10.774 8.308,0,1.0,0.25,286,288,1,measured,525,1,238,1,-11,1.1963424682617188,1.1974637508392334,0.9990636187719847,284,0.162897,0.391667,0.819549,284,284,8080,-1,-1,287,1,288,0,3.030810594558716,4.354559898376465,0.6960084750903782,1,0.65015625,0 0 0,3.420 2.572 2.578,0,23,286,-1,2.082350254058838,2.446229934692383,0.8512487826785983,0.2094665271966527,1
66741,321,5708,Program,0,1.0,0.25,25,26,1,measured,262,1,237,1,32,30.328203201293945,30.34717559814453,0.9993748216604466,21 24,0.164125 0.148074,0.404494 0.275281,0.838462 11.020321,21 24,21 24,8080 8080,24,26,25,1,26,0,2.3566112518310547,4.09017276763916,0.576164232101933,1,0.695859375,0 0 0,2.457 2.193 2.071,0,1.0,0.25,286,288,1,measured,525,1,238,1,0,1.0308057069778442,1.0320411920547485,0.9988028723209734,284,0.162103,0.397222,1.601942,284,284,8080,-1,-1,287,1,288,0,2.6856446266174316,4.2926788330078125,0.6256337198969164,1,0.700390625,0 0 0,3.064 2.320 2.167,0,23,286,-1,1.5080039501190186,2.132103204727173,0.7072846880843111,0.43535564853556485,1
66742,322,5709,Program,0,1.0,0.25,25,26,1,measured,262,1,237,1,32,29.531198501586914,29.54900360107422,0.999397438244359,21 24,0.164326 0.148274,0.404494 0.210674,1.902913 11.333101,21 24,21 24,8080 8080,24,26,25,1,26,0,2.8430371284484863,4.368936538696289,0.6507389391599773,1,0.66640625,0 0 0,3.256 2.461 1.897,0,1.0,0.25,286,288,1,measured,525,1,238,1,0,0.8811216354370117,0.8811313509941101,0.999988973769816,284,0.162897,0.397222,2.646341,284,284,8080,-1,-1,287,1,288,0,2.174247980117798,3.8967275619506836,0.5579676653169409,1,0.600078125,0 0 0,2.288 1.959 1.909,0,23,286,-1,1.6148391962051392,2.2147116661071777,0.7291419560016854,0.4706589958158996,1
66743,323,5710,Program,0,1.0,0.25,25,26,1,measured,262,1,237,1,32,29.322795867919922,29.34198570251465,0.9993459940036341,21 24,0.163492 0.147421,0.397222 0.263889,0.812950 13.391385,21 24,21 24,8080 8080,24,26,25,1,26,0,3.011660099029541,4.3836870193481445,0.6870153105678096,1,0.64828125,0 0 0,3.364 2.625 2.045,0,1.0,0.25,286,288,1,measured,525,1,238,1,14,1.02705979347229,1.0271738767623901,0.9998889347824346,284,0.163492,0.400000,0.761905,284,284,8080,-1,-1,287,1,288,0,2.124521493911743,3.930375337600708,0.5405390863277333,1,0.72328125,0 0 0,2.203 1.929 2.029,0,23,286,-1,1.3911916017532349,1.975691556930542,0.704154247596526,0.24952928870292887,1
66744,324,5711,Program,0,1.0,0.25,25,26,1,measured,262,1,237,1,32,29.78972625732422,29.80917739868164,0.9993474780904795,21 24,0.162500 0.143651,0.394444 0.258333,0.895161 14.226544,21 24,21 24,8080 8080,24,26,25,1,26,0,2.3963282108306885,4.120174884796143,0.5816083729050869,1,0.712890625,0 0 0,2.288 2.430 1.968,0,1.0,0.25,286,288,1,measured,525,1,238,1,10,0.6863964796066284,0.6868970990180969,0.999271187180461,284,0.162302,0.402778,2.096774,284,284,8080,-1,-1,287,1,288,0,2.383046865463257,4.055601596832275,0.5875939262191318,1,0.7046875,0 0 0,2.369 2.332 2.253,0,23,286,-1,1.5022900104522705,2.105266809463501,0.7135865172524659,0.4739016736401674,1
66745,325,5712,Program,0,1.0,0.25,25,26,1,measured,262,1,237,1,32,29.384151458740234,29.400747299194336,0.9994355299787038,21 24,0.161310 0.147817,0.397222 0.252778,1.847826 11.350967,21 24,21 24,8080 8080,24,26,25,1,26,0,1.950283169746399,4.164013385772705,0.46836621044734944,1,0.6275,0 0 0,1.730 2.092 1.950,0,1.0,0.25,286,288,1,measured,525,1,238,1,-6,0.8634369969367981,0.8640175461769104,0.9993280816544975,284,0.159341,0.390110,0.864000,284,284,8080,-1,-1,287,1,288,0,2.091191291809082,4.223388195037842,0.49514541293316866,1,0.71078125,0 0 0,1.936 2.053 2.557,0,23,286,-1,1.4860512018203735,2.1533143520355225,0.6901227405165499,0.4665794979079498,1
66746,326,5713,Program,0,1.0,0.25,25,26,1,measured,262,1,237,1,32,29.755199432373047,29.770971298217773,0.9994702266954364,21 24,0.159537 0.133438,0.392857 0.214286,2.107527 11.369412,21 24,21 24,8080 8080,24,26,25,1,26,0,1.967441439628601,4.155051231384277,0.4735059401356978,1,0.738046875,0 0 0,1.759 2.061 2.427,0,1.0,0.25,286,288,1,measured,525,1,238,1,22,1.0290507078170776,1.0293033123016357,0.9997545869312388,284,0.161297,0.383152,0.984962,284,284,8080,-1,-1,287,1,288,0,2.4093260765075684,4.320440292358398,0.5576575333696812,1,0.69109375,0 0 0,2.394 2.205 2.572,0,23,286,-1,1.8145406246185303,2.4874207973480225,0.7294867947365853,0.4309100418410042,1
66747,327,5714,Program,0,1.0,0.25,25,26,1,measured,262,1,237,1,32,29.802204132080078,29.819353103637695,0.9994249046416931,21 24,0.161695 0.152276,0.392857 0.302198,2.031915 14.870588,21 24,21 24,8080 8080,24,26,25,1,26,0,2.0712499618530273,4.060308456420898,0.5101213329193229,1,0.722890625,0 0 0,2.024 2.023 2.074,0,1.0,0.25,286,288,1,measured,525,1,238,1,-16,0.9975689053535461,0.9977678656578064,0.9998005945960896,284,0.158385,0.385870,2.231579,284,284,8080,-1,-1,287,1,288,0,2.719179630279541,4.173005104064941,0.6516118630266656,1,0.69078125,0 0 0,2.589 2.567 3.292,0,23,286,-1,1.6819956302642822,2.3969876766204834,0.7017122560411868,0.4489539748953975,1
66748,328,5715,Program,0,1.0,0.25,25,26,1,measured,262,1,237,1,32,29.33922576904297,29.356311798095703,0.9994179776679629,21 24,0.160518 0.139325,0.392857 0.282967,0.807692 14.480778,21 24,21 24,8080 8080,24,26,25,1,26,0,2.528515577316284,4.107213020324707,0.6156280584434808,1,0.70671875,0 0 0,2.348 2.588 2.977,0,1.0,0.25,286,288,1,measured,525,1,238,1,-23,0.9430328011512756,0.9437397718429565,0.9992508838635673,284,0.158579,0.391304,1.950000,284,284,8080,-1,-1,287,1,288,0,2.1575586795806885,4.089023113250732,0.527646486660588,1,0.71171875,0 0 0,1.912 2.142 2.626,0,23,286,-1,1.6569000482559204,2.326500415802002,0.7121855801107804,0.46009414225941425,1
