ordinal,local_exact,counter,event,no_placement_expected,f1_blank_mean,f1_blank_noise,f1_active_top_line,f1_top_line,f1_top_valid,f1_top_status,f1_bottom_line,f1_bottom_valid,f1_bottom_censored,f1_visible_height,f1_height_valid,f1_line21_lines,f1_line21_bytes,f1_line21_unique_line,f1_line21_implied_top,f1_gap_line,f1_gap_valid,f1_gap_implied_top,f1_body_shift,f1_body_mad,f1_body_second_mad,f1_body_ratio,f1_body_unique,f1_static_fraction,f1_band_shifts,f1_band_mads,f1_repeated,f2_blank_mean,f2_blank_noise,f2_active_top_line,f2_top_line,f2_top_valid,f2_top_status,f2_bottom_line,f2_bottom_valid,f2_bottom_censored,f2_visible_height,f2_height_valid,f2_line21_lines,f2_line21_bytes,f2_line21_unique_line,f2_line21_implied_top,f2_gap_line,f2_gap_valid,f2_gap_implied_top,f2_body_shift,f2_body_mad,f2_body_second_mad,f2_body_ratio,f2_body_unique,f2_static_fraction,f2_band_shifts,f2_band_mads,f2_repeated,comb_best_shift,comb_best_energy,comb_second_energy,comb_ratio,comb_static_fraction,comb_valid
62900,0,1910,Program,0,1.0,0.25,23,26,1,measured,262,0,1,237,0,21 24,8080 8080,24,26,25,1,26,-128,nan,nan,nan,0,0.0,-128 -128 -128,nan nan nan,0,1.0,0.25,286,288,1,measured,525,0,1,238,0,284,8080,-1,-1,287,1,288,-128,nan,nan,nan,0,0.0,-128 -128 -128,nan nan nan,0,-128,nan,nan,nan,0.0,0
62901,1,1911,Program,0,1.0,0.25,23,23,0,vbi_ambiguous,262,0,1,240,0,21 24,8080 8080,24,26,-1,0,-1,-3,13.384952545166016,15.968255996704102,0.8382225678200996,1,0.6120222929936305,-3 -3 -3,15.194 11.898 4.633,0,1.0,0.25,286,288,1,measured,525,0,1,238,0,284,8080,-1,-1,287,1,288,-3,13.348875045776367,15.921904563903809,0.8383968759641546,1,0.6452229299363057,-3 -3 -3,15.209 12.228 4.887,0,-1,2.268878698348999,2.3948137760162354,0.9474134152189784,0.4827405857740586,1
62902,2,1912,Program,0,1.0,0.25,23,26,1,measured,262,0,1,237,0,21 24,8080 8080,24,26,25,1,26,-3,12.47672176361084,15.081843376159668,0.8272676921796692,1,0.5991242038216561,-3 -3 -3,14.612 10.818 4.020,0,1.0,0.25,286,288,1,measured,525,0,1,238,0,284,8080,-1,-1,287,1,288,-3,12.606419563293457,15.217177391052246,0.828433502438243,1,0.6488853503184714,-3 -3 -3,14.852 11.401 4.014,0,-1,2.0181069374084473,2.1523756980895996,0.9376183438605415,0.47839958158995816,1
62903,3,1913,Program,0,1.0,0.25,23,26,1,measured,262,0,1,237,0,21 24,8080 8080,24,26,25,1,26,-3,12.164161682128906,14.5511474609375,0.8359589314027331,1,0.595859872611465,-3 -3 -3,14.963 9.888 2.804,0,1.0,0.25,286,288,1,measured,525,0,1,238,0,284,8080,-1,-1,287,1,288,-3,11.97684097290039,14.298526763916016,0.8376276221075679,1,0.6414808917197452,-3 -3 -3,14.901 10.060 3.146,0,-1,2.21305251121521,2.262150764465332,0.9782957643578072,0.4532426778242678,1
62904,4,1914,Program,0,1.0,0.25,23,25,1,measured,262,0,1,238,0,21 23,8080 8080,23,25,24,1,25,-3,14.067038536071777,15.980152130126953,0.880281891031035,1,0.5913216560509554,-3 -3 -3,18.563 10.879 2.285,0,1.0,0.25,286,287,1,measured,525,0,1,239,0,284,8080,-1,-1,286,1,287,-3,12.149442672729492,14.371865272521973,0.8453629673218827,1,0.6445063694267515,-3 -3 -3,15.751 10.206 2.453,0,0,1.4180891513824463,1.5565730333328247,0.9110328401013947,0.42588912133891216,1
62905,5,1915,Program,0,1.0,0.25,23,26,1,measured,262,0,1,237,0,21 24,8080 8080,24,26,25,1,26,-3,9.97488021850586,12.103866577148438,0.8241069211170908,1,0.6011146496815286,-3 -3 1,12.352 8.535 1.864,0,1.0,0.25,286,287,1,measured,525,0,1,239,0,284,8080,-1,-1,286,1,287,-3,12.030384063720703,14.010393142700195,0.8586756946209513,1,0.6188694267515924,-3 -3 -3,15.736 10.233 2.072,0,-1,1.5596345663070679,1.6182132959365845,0.9638003656399248,0.43577405857740587,1
62906,6,1916,Program,0,1.0,0.25,23,25,1,measured,262,0,1,238,0,21 23,8080 8080,23,25,24,1,25,-3,13.750368118286133,15.266623497009277,0.9006816812492836,1,0.5554936305732484,-3 -3 -3,18.341 10.595 1.731,0,1.0,0.25,286,287,1,measured,525,0,1,239,0,284,8080,-1,-1,286,1,287,-3,12.136265754699707,13.85202693939209,0.8761364533725285,1,0.6253184713375797,-3 -3 -3,16.104 10.179 1.984,0,0,1.3041889667510986,1.3362865447998047,0.9759800185270033,0.4196652719665272,1
62907,7,1917,Program,0,1.0,0.25,23,25,1,measured,262,0,1,238,0,21 23,8080 8080,23,25,24,1,25,-3,12.28798770904541,13.734207153320312,0.894699458939989,1,0.5597133757961783,-3 -3 -3,16.477 9.571 1.809,0,1.0,0.25,286,287,1,measured,525,0,1,239,0,284,8080,-1,-1,286,1,287,-3,12.403512954711914,13.906586647033691,0.8919164184230365,1,0.5923566878980892,-3 -3 -3,16.981 10.180 1.784,0,0,1.3465092182159424,1.4062845706939697,0.9574941276298512,0.43300209205020923,1
62908,8,1918,Program,0,1.0,0.25,23,25,1,measured,262,0,1,238,0,21 23,8080 8080,23,25,24,1,25,-3,11.02554702758789,12.32052993774414,0.894892271947731,1,0.5343152866242038,-3 -3 -3,14.308 8.790 1.996,0,1.0,0.25,286,287,1,measured,525,0,1,239,0,284,8080,-1,-1,286,1,287,-3,10.946845054626465,12.246806144714355,0.8938530524018341,1,0.5548566878980892,-3 -3 -3,14.118 9.672 1.914,0,1,1.2173482179641724,1.228561520576477,0.9908728196150542,0.40925732217573224,1
62909,9,1919,Program,0,1.0,0.25,23,26,1,measured,262,0,1,237,0,21 24,8080 8080,24,26,25,1,26,-3,8.46002197265625,9.51338005065918,0.8892761487091075,1,0.5878980891719745,-3 -3 -3,10.841 6.686 2.445,0,1.0,0.25,286,287,1,measured,525,0,1,239,0,284,8080,-1,-1,286,1,287,-3,9.489012718200684,10.564477920532227,0.8981998722112562,1,0.5214171974522293,-3 -3 -3,12.391 8.066 2.319,0,-1,1.060702919960022,1.1369603872299194,0.932928650701991,0.4292887029288703,1
62910,10,1920,Program,0,1.0,0.25,23,26,1,measured,262,0,1,237,0,21 24,8080 8080,24,26,25,1,26,-3,9.259474754333496,10.2371244430542,0.904499579529481,1,0.5290605095541401,-3 -3 -3,13.833 5.366 3.362,0,1.0,0.25,286,288,1,measured,525,0,1,238,0,284,8080,-1,-1,287,1,288,-3,9.432494163513184,10.471816062927246,0.9007505581487902,1,0.549124203821656,-3 -3 -3,13.861 6.270 3.640,0,-1,2.0879440307617188,2.1441755294799805,0.9737747689285964,0.47123430962343094,1
62911,11,1921,Program,0,1.0,0.25,23,26,1,measured,262,0,1,237,0,21 24,8080 8080,24,26,25,1,26,-3,9.255931854248047,10.188735961914062,0.9084475138866217,1,0.5520700636942675,-3 -3 -3,15.577 3.911 4.524,0,1.0,0.25,286,288,1,measured,525,0,1,238,0,284,8080,-1,-1,287,1,288,-3,8.86030101776123,9.674921035766602,0.9158008613203298,1,0.5488057324840764,-3 -3 -3,15.393 3.881 4.695,0,-1,1.2099146842956543,1.3279014825820923,0.9111479278891882,0.4334205020920502,1
62912,12,1922,Program,0,1.0,0.25,23,26,1,measured,262,0,1,237,0,21 24,8080 8080,24,26,25,1,26,-3,8.52878189086914,9.340466499328613,0.9131002066633592,1,0.5576433121019109,-3 -3 -3,15.840 2.256 5.370,0,1.0,0.25,286,288,1,measured,525,0,1,238,0,284,8080,-1,-1,287,1,288,-3,8.71396255493164,9.580429077148438,0.9095586935366473,1,0.5486464968152867,-3 -3 -3,16.624 2.513 5.054,0,-1,1.2281036376953125,1.3131568431854248,0.9352299720086809,0.4663702928870293,1
62913,13,1923,Program,0,1.0,0.25,23,26,1,measured,262,0,1,237,0,21 24,8080 8080,24,26,25,1,26,-3,8.702776908874512,9.527848243713379,0.9134042321273051,1,0.5777866242038217,-3 -3 -3,16.672 1.598 6.532,0,1.0,0.25,286,288,1,measured,525,0,1,238,0,284,8080,-1,-1,287,1,288,-3,8.724920272827148,9.569986343383789,0.9116962093534358,1,0.5481687898089171,-3 -3 -3,17.120 1.802 6.271,0,-1,1.307911992073059,1.3466953039169312,0.9712011234233394,0.4659518828451883,1
62914,14,1924,Program,0,1.0,0.25,23,26,1,measured,262,0,1,237,0,21 24,8080 8080,24,26,25,1,26,-3,8.566879272460938,9.311698913574219,0.9200124866550922,1,0.5728503184713376,-3 -3 -3,16.176 1.657 8.030,0,1.0,0.25,286,288,1,measured,525,0,1,238,0,284,8080,-1,-1,287,1,288,-3,8.649870872497559,9.4238920211792,0.9178660847405605,1,0.5594745222929937,-3 -3 -3,16.862 1.543 7.463,0,-1,1.3509248495101929,1.4832581281661987,0.9107820303539386,0.4524058577405858,1
62915,15,1925,Program,0,1.0,0.25,23,23,0,vbi_ambiguous,262,0,1,240,0,21 24,8080 8080,24,26,-1,0,-1,-3,8.409972190856934,9.142849922180176,0.9198414348303683,1,0.5989649681528663,-3 -3 -3,14.873 2.295 9.030,0,1.0,0.25,286,288,1,measured,525,0,1,238,0,284,8080,-1,-1,287,1,288,-3,8.048795700073242,8.757427215576172,0.9190822260854717,1,0.5992038216560509,-3 -3 -3,14.898 1.846 8.807,0,-1,1.5360102653503418,1.6890541315078735,0.909390786652347,0.4528765690376569,1
62916,16,1926,Program,0,1.0,0.25,23,23,0,vbi_ambiguous,262,0,1,240,0,21 24,8080 8080,24,26,-1,0,-1,-3,6.852866172790527,7.460324287414551,0.918574837872826,1,0.652547770700637,-3 -3 -3,11.096 2.653 9.861,0,1.0,0.25,286,287,1,measured,525,0,1,239,0,284,8080,-1,-1,286,1,287,-3,6.950557231903076,7.625118732452393,0.9115342955017353,1,0.6078025477707006,-3 -3 -3,11.446 2.505 9.570,0,-1,1.4819844961166382,1.6640571355819702,0.89058510337648,0.4628661087866109,1
62917,17,1927,Program,0,1.0,0.25,23,26,1,measured,262,0,1,237,0,21 24,8080 8080,24,26,25,1,26,-3,5.573109149932861,6.167870044708252,0.9035711046983442,1,0.6212579617834395,-3 -3 -3,7.197 3.700 9.126,0,1.0,0.25,286,287,1,measured,525,0,1,239,0,284,8080,-1,-1,286,1,287,-3,5.254398822784424,5.866594314575195,0.8956472087613406,1,0.6451433121019108,-3 -3 -3,6.616 3.359 8.645,0,-1,1.753801703453064,1.9209249019622803,0.9129985777484091,0.48666317991631797,1
62918,18,1928,Program,0,1.0,0.25,23,26,1,measured,262,0,1,237,0,21 24,8080 8080,24,26,25,1,26,-3,4.643152713775635,5.143136978149414,0.9027861271247568,1,0.7113853503184714,-3 -3 -3,4.255 4.875 8.050,0,1.0,0.25,286,288,1,measured,525,0,1,238,0,284,8080,-1,-1,287,1,288,-3,4.576990604400635,5.081190586090088,0.9007712910691216,1,0.6359076433121019,-3 -3 -3,4.313 4.356 8.208,0,-1,1.6323134899139404,1.7489217519760132,0.9333256265294183,0.5461820083682009,1
62919,19,1929,Program,0,1.0,0.25,23,24,0,vbi_ambiguous,262,0,1,239,0,21 24,8080 8080,24,26,23,1,24,-3,3.472452163696289,3.9219937324523926,0.8853793250518509,1,0.634156050955414,-3 -3 -3,2.680 4.043 7.319,0,1.0,0.25,286,288,1,measured,525,0,1,238,0,284,8080,-1,-1,287,1,288,-3,3.509643793106079,3.9770865440368652,0.8824660349341261,1,0.6222929936305732,-3 -3 -3,2.718 3.937 7.220,0,-1,1.281045913696289,1.367052674293518,0.9370859936749134,0.4805439330543933,1
62920,20,1930,Program,0,1.0,0.25,23,26,1,measured,262,0,1,237,0,21 24,8080 8080,24,26,25,1,26,-3,3.2069764137268066,3.555617094039917,0.9019465057422754,1,0.7087579617834395,-3 -3 -3,2.324 3.797 7.660,0,1.0,0.25,286,288,1,measured,525,0,1,238,0,284,8080,-1,-1,287,1,288,-3,3.247502088546753,3.5831587314605713,0.9063238142461533,1,0.6788216560509555,-3 -3 -3,2.440 3.598 7.369,0,-1,1.5038069486618042,1.6685683727264404,0.9012558150101958,0.5452405857740585,1
62921,21,1931,Program,0,1.0,0.25,23,26,1,measured,262,0,1,237,0,21 24,8080 8080,24,26,25,1,26,-2,3.4105618000030518,3.4317476749420166,0.9938265056333657,1,0.6581487341772152,-3 -2 -3,2.092 4.124 9.111,0,1.0,0.25,286,288,1,measured,525,0,1,238,0,284,8080,-1,-1,287,1,288,-2,3.2594046592712402,3.291510820388794,0.9902457677129066,1,0.6291139240506329,-3 -2 -3,1.883 3.985 8.557,0,-1,1.4772264957427979,1.6154003143310547,0.9144646578544988,0.4369246861924686,1
62922,22,1932,Program,0,1.0,0.25,23,25,1,measured,262,0,1,238,0,21 23,8080 8080,23,25,24,1,25,-3,3.80389142036438,4.136985778808594,0.9194838038480903,1,0.6642515923566878,-3 -3 -3,2.141 5.242 10.324,0,1.0,0.25,286,288,1,measured,525,0,1,238,0,284,8080,-1,-1,287,1,288,-3,3.8894009590148926,3.902759075164795,0.9965772634455181,1,0.6547770700636942,-3 -2 -3,1.831 5.216 9.832,0,0,1.237465500831604,1.301241159439087,0.9509885941242636,0.4545502092050209,1
62923,23,1933,Program,0,1.0,0.25,23,23,0,vbi_ambiguous,262,0,1,240,0,21 24,8080 8080,24,26,-1,0,-1,-1,4.3351216316223145,4.421904563903809,0.980374309072632,1,0.6745283018867925,-3 -1 -3,1.546 6.565 10.340,0,1.0,0.25,286,288,1,measured,525,0,1,238,0,284,8080,-1,-1,287,1,288,-2,4.555903911590576,4.636066913604736,0.982708834124262,1,0.6533227848101266,-3 -2 -3,1.973 6.447 10.453,0,-1,1.1031239032745361,1.2105587720870972,0.9112518356896171,0.4514121338912134,1
62924,24,1934,Program,0,1.0,0.25,23,25,1,measured,262,0,1,238,0,21 23,8080 8080,23,25,24,1,25,-3,6.800368309020996,7.23177433013916,0.9403457572894337,1,0.7107484076433122,-3 -3 -3,3.304 10.066 12.195,0,1.0,0.25,286,288,1,measured,525,0,1,238,0,284,8080,-1,-1,287,1,288,-2,6.425000190734863,6.492724895477295,0.989569139947758,1,0.6355221518987342,-3 -2 -3,2.072 10.362 11.040,0,0,1.5206331014633179,1.6430355310440063,0.9255022625695061,0.4950836820083682,1
62925,25,1935,Program,0,1.0,0.25,23,23,0,vbi_ambiguous,262,0,1,240,0,21 23,8080 8080,23,25,-1,0,-1,-3,6.427418231964111,6.514062404632568,0.9866989034973263,1,0.575875796178344,-3 -2 -3,2.649 9.429 12.030,0,1.0,0.25,286,288,1,measured,525,0,1,238,0,284,8080,-1,-1,287,1,288,-3,6.358727931976318,6.387569427490234,0.995484746453042,1,0.611703821656051,-3 -2 -3,2.704 9.029 11.369,0,0,1.6225937604904175,1.788533329963684,0.9072203091252228,0.46867154811715483,1
62926,26,1936,Program,0,1.0,0.25,23,23,0,vbi_ambiguous,262,0,1,240,0,21 23,8080 8080,23,25,-1,0,-1,-2,7.598427772521973,7.738166809082031,0.9819415838392045,1,0.6220727848101266,-3 -2 -3,4.261 9.804 11.662,0,1.0,0.25,286,288,1,measured,525,0,1,238,0,284,8080,-1,-1,287,1,288,-2,7.66351842880249,7.78938102722168,0.9838417715118396,1,0.6146360759493671,-3 -2 -3,4.131 9.742 11.526,0,0,1.7986750602722168,1.8781037330627441,0.9577080480741083,0.5279811715481172,1
62927,27,1937,Program,0,1.0,0.25,23,23,0,vbi_ambiguous,262,0,1,240,0,21 24,8080 8080,24,26,-1,0,-1,-2,9.187628746032715,9.519515991210938,0.9651361218905832,1,0.5724683544303798,-3 -2 -3,6.981 10.542 10.064,0,1.0,0.25,286,288,1,measured,525,0,1,238,0,284,8080,-1,-1,287,1,288,-3,9.247740745544434,9.633880615234375,0.9599185535806489,1,0.5797770700636943,-3 -3 -3,6.693 10.251 10.719,0,-1,1.4122241735458374,1.5112684965133667,0.9344627885805643,0.48122384937238494,1
62928,28,1938,Program,0,1.0,0.25,23,23,0,vbi_ambiguous,262,0,1,240,0,21 23,8080 8080,23,25,-1,0,-1,-3,11.074254035949707,12.390862464904785,0.8937436007635329,1,0.5895700636942676,-3 -3 -3,11.013 10.679 10.082,0,1.0,0.25,286,288,1,measured,525,0,1,238,0,284,8080,-1,-1,287,1,288,-3,10.602109909057617,11.372132301330566,0.9322886533616167,1,0.5680732484076433,-3 -3 -3,10.584 9.627 9.690,0,0,1.638134479522705,1.8101074695587158,0.9049929394093181,0.44921548117154814,1
62929,29,1939,Program,0,1.0,0.25,23,23,0,vbi_ambiguous,262,0,1,240,0,21 23,8080 8080,23,25,-1,0,-1,-3,11.512331008911133,12.73542308807373,0.903961409785594,1,0.5677547770700637,-3 -3 -3,12.458 10.518 7.738,0,1.0,0.25,286,286,1,measured,525,0,1,240,0,284,8080,-1,-1,-1,0,-1,-3,11.425338745117188,12.697754859924316,0.8997920397075052,1,0.6007165605095541,-3 -3 -3,12.986 9.618 8.283,0,0,2.0946595668792725,2.3564581871032715,0.8889016483904513,0.4797594142259414,1
62930,30,1940,Program,0,1.0,0.25,23,23,0,vbi_ambiguous,262,0,1,240,0,21 24,8080 8080,24,26,-1,0,-1,-3,11.12348747253418,11.213637351989746,0.9919606924474359,1,0.5690286624203822,-2 -3 -3,12.541 10.201 6.182,0,1.0,0.25,286,288,1,measured,525,0,1,238,0,284,8080,-1,-1,287,1,288,-3,11.369108200073242,12.827749252319336,0.8862901804864667,1,0.5894904458598726,-3 -3 -3,13.196 10.081 7.221,0,-1,1.5495229959487915,1.616358757019043,0.9586504166973966,0.47280334728033474,1
62931,31,1941,Program,0,1.0,0.25,23,23,0,vbi_ambiguous,262,0,1,240,0,21 23,8080 8080,23,25,-1,0,-1,-3,12.573368072509766,14.642969131469727,0.8586624720452284,1,0.5963375796178344,-3 -3 -3,14.846 11.111 8.130,0,1.0,0.25,286,288,1,measured,525,0,1,238,0,284,8080,-1,-1,287,1,288,-3,11.055135726928711,12.567642211914062,0.8796507364323674,1,0.5807324840764331,-3 -3 -3,13.269 9.856 7.429,0,0,1.5898046493530273,1.9076879024505615,0.8333672647977741,0.4436715481171548,1
62932,32,1942,Program,0,1.0,0.25,23,23,0,vbi_ambiguous,262,0,1,240,0,21 23,8080 8080,23,25,-1,0,-1,-3,9.789042472839355,10.991336822509766,0.8906143657422848,1,0.5648089171974522,-3 -3 -3,10.467 9.895 7.239,0,1.0,0.25,286,288,1,measured,525,0,1,238,0,284,8080,-1,-1,287,1,288,-3,9.90947437286377,11.138073921203613,0.8896937157149809,1,0.5640127388535032,-3 -3 -3,10.805 10.043 7.258,0,0,2.156625986099243,2.360379695892334,0.9136775705418605,0.44764644351464433,1
62933,33,1943,Program,0,1.0,0.25,23,23,0,vbi_ambiguous,262,0,1,240,0,21 23,8080 8080,23,25,-1,0,-1,-3,7.79802942276001,8.777986526489258,0.8883619722162891,1,0.5811305732484077,-3 -3 -3,6.815 9.079 7.200,0,1.0,0.25,286,288,1,measured,525,0,1,238,0,284,8080,-1,-1,287,1,288,-3,7.852856159210205,8.864309310913086,0.8858959997641718,1,0.5790605095541401,-3 -3 -3,6.847 9.420 6.926,0,0,2.1745851039886475,2.4467179775238037,0.8887763624434689,0.4490062761506276,1
62934,34,1944,Program,0,1.0,0.25,23,23,0,vbi_ambiguous,262,0,1,240,0,21 23,8080 8080,23,25,-1,0,-1,-3,7.335569381713867,7.793878555297852,0.941196264435959,1,0.5831210191082803,-3 -3 -3,6.254 8.420 6.946,0,1.0,0.25,286,286,1,measured,525,0,1,240,0,284,8080,-1,-1,-1,0,-1,-3,7.319227695465088,7.785472869873047,0.9401134417650907,1,0.5928343949044586,-3 -3 -3,6.178 8.684 6.957,0,0,1.9256709814071655,2.2138757705688477,0.8698188972511186,0.4501569037656904,1
62935,35,1945,Program,0,1.0,0.25,23,23,0,vbi_ambiguous,262,0,1,240,0,21 24,8080 8080,24,26,-1,0,-1,-2,6.937925338745117,7.094732761383057,0.9778980508622609,1,0.5967563291139241,-2 -2 -3,6.762 7.137 6.331,0,1.0,0.25,286,286,1,measured,525,0,1,240,0,284,8080,-1,-1,-1,0,-1,-3,6.981657981872559,6.994135856628418,0.9982159519043322,1,0.5920382165605096,-2 -3 -3,6.498 7.393 6.605,0,-1,1.537861943244934,1.6085169315338135,0.9560744516245124,0.4461820083682008,1
62936,36,1946,Program,0,1.0,0.25,23,23,0,vbi_ambiguous,262,0,1,240,0,21 24,8080 8080,24,26,-1,0,-1,-3,6.9926252365112305,6.995718002319336,0.9995579058779842,1,0.6023089171974523,-2 -3 -3,7.312 6.383 6.814,0,1.0,0.25,286,286,1,measured,525,0,1,240,0,284,8080,-1,-1,-1,0,-1,-2,6.986520767211914,6.997531890869141,0.9984264275134502,1,0.6245253164556962,-2 -3 -3,7.467 6.523 6.481,0,-1,1.946900486946106,2.203050136566162,0.8837295414350805,0.4562238493723849,1
62937,37,1947,Program,0,1.0,0.25,23,23,0,vbi_ambiguous,262,0,1,240,0,21 24,8080 8080,24,26,-1,0,-1,-2,6.907100677490234,6.994685649871826,0.9874783547444771,1,0.6196993670886076,-2 -3 -3,7.461 6.130 6.665,0,1.0,0.25,286,286,1,measured,525,0,1,240,0,284,8080,-1,-1,-1,0,-1,-2,6.9601263999938965,6.977945804595947,0.9974463251648767,1,0.617879746835443,-2 -2 -3,7.745 6.006 6.377,0,-1,1.8159929513931274,2.218703031539917,0.8184930229859181,0.464173640167364,1
62938,38,1948,Program,0,1.0,0.25,23,26,1,measured,262,0,1,237,0,21 24,8080 8080,24,26,25,1,26,-2,7.170263290405273,7.311972618103027,0.9806195489098374,1,0.6080696202531646,-2 -2 -3,7.885 5.696 6.412,0,1.0,0.25,286,286,1,measured,525,0,1,240,0,284,8080,-1,-1,-1,0,-1,-2,7.165506362915039,7.3120622634887695,0.9799569676388662,1,0.5690664556962025,-2 -2 -3,7.720 5.701 6.459,0,-1,1.9812599420547485,2.3186845779418945,0.8544758355245325,0.4252615062761506,1
62939,39,1949,Program,0,1.0,0.25,23,26,1,measured,262,0,1,237,0,21 24,8080 8080,24,26,25,1,26,-2,7.128006458282471,7.255244731903076,0.982462580061413,1,0.6090981012658228,-2 -3 -3,7.634 5.783 5.731,0,1.0,0.25,286,287,1,measured,525,0,1,239,0,284,8080,-1,-1,286,1,287,-2,7.017840385437012,7.288763999938965,0.9628299647918054,1,0.6148734177215189,-2 -2 -3,7.615 5.397 6.049,0,-1,1.8531978130340576,2.2273716926574707,0.8320110285782669,0.46898535564853555,1
62940,40,1950,Program,0,1.0,0.25,23,26,1,measured,262,0,1,237,0,21 24,8080 8080,24,26,25,1,26,-2,6.634078502655029,6.955264568328857,0.9538211576973844,1,0.6219145569620254,-2 -2 -3,7.492 5.705 5.017,0,1.0,0.25,286,288,1,measured,525,0,1,238,0,284,8080,-1,-1,287,1,288,-2,6.441247940063477,6.7719645500183105,0.9511638598353354,1,0.6338607594936709,-2 -2 -3,7.345 5.129 4.875,0,-1,1.978100061416626,2.2984108924865723,0.8606381338876214,0.45256276150627617,1
62941,41,1951,Program,0,1.0,0.25,23,25,1,measured,262,0,1,238,0,21 23,8080 8080,23,25,24,1,25,-3,6.304568290710449,6.7244954109191895,0.9375526200037455,1,0.6220541401273886,-3 -3 -3,7.211 5.759 4.810,0,1.0,0.25,286,288,1,measured,525,0,1,238,0,284,8080,-1,-1,287,1,288,-2,6.124841690063477,6.435001850128174,0.9518010767846913,1,0.6276107594936708,-2 -2 -3,7.290 5.319 4.046,0,0,1.308331847190857,1.4897936582565308,0.8781966817619333,0.452510460251046,1
62942,42,1952,Program,0,1.0,0.25,23,25,1,measured,262,0,1,238,0,21 23,8080 8080,23,25,24,1,25,-2,6.118483066558838,6.412559509277344,0.9541405514766682,1,0.6338607594936709,-2 -3 -3,7.406 5.220 4.235,0,1.0,0.25,286,288,1,measured,525,0,1,238,0,284,8080,-1,-1,287,1,288,-2,6.143186092376709,6.431448936462402,0.9551791754962994,1,0.6347310126582278,-2 -3 -3,7.631 5.210 4.153,0,0,1.5876421928405762,1.9276597499847412,0.8236112171004989,0.4276150627615063,1
62943,43,1953,Program,0,1.0,0.25,23,26,1,measured,262,0,1,237,0,21 24,8080 8080,24,26,25,1,26,-1,6.324027061462402,6.568295001983643,0.9628110582049877,1,0.6266509433962264,-1 -2 -1,7.811 5.141 4.373,0,1.0,0.25,286,288,1,measured,525,0,1,238,0,284,8080,-1,-1,287,1,288,-2,6.206279754638672,6.4991044998168945,0.9549438318484534,1,0.6243670886075949,-2 -2 -2,7.891 5.167 4.199,0,-1,1.184687852859497,1.3404202461242676,0.8838182325915622,0.4486924686192469,1
62944,44,1954,Program,0,1.0,0.25,23,26,1,measured,262,0,1,237,0,21 24,8080 8080,24,26,25,1,26,-2,6.221637725830078,6.524303436279297,0.9536094981778125,1,0.6284810126582279,-2 -2 -2,7.497 5.284 4.373,0,1.0,0.25,286,288,1,measured,525,0,1,238,0,284,8080,-1,-1,287,1,288,-2,6.154153347015381,6.432931900024414,0.9566638420332142,1,0.620253164556962,-2 -2 -2,7.617 5.196 4.021,0,-1,1.727681279182434,2.2174649238586426,0.7791245131291957,0.4357217573221757,1
62945,45,1955,Program,0,1.0,0.25,23,23,0,vbi_ambiguous,262,0,1,240,0,21 24,8080 8080,24,26,-1,0,-1,-2,6.045411586761475,6.286803245544434,0.9616034335170204,1,0.6306170886075949,-2 -3 -2,7.250 4.906 3.876,0,1.0,0.25,286,288,1,measured,525,0,1,238,0,284,8080,-1,-1,287,1,288,-2,6.11422061920166,6.356810092926025,0.961837860471194,1,0.6257911392405063,-1 -3 -2,7.485 5.032 4.059,0,-1,1.5748776197433472,1.937003493309021,0.8130484148239469,0.4434100418410042,1
62946,46,1956,Program,0,1.0,0.25,23,23,0,vbi_ambiguous,262,0,1,240,0,21 24,8080 8080,24,26,-1,0,-1,-2,6.035136699676514,6.184610843658447,0.9758312773817934,1,0.6325949367088608,-1 -3 -2,6.959 4.833 3.996,0,1.0,0.25,286,287,1,measured,525,0,1,239,0,284,8080,-1,-1,286,1,287,-2,5.890842437744141,6.075933456420898,0.9695370234048304,1,0.6276107594936708,-1 -2 -2,7.108 4.724 3.769,0,-1,2.1440908908843994,2.5557305812835693,0.8389346305069326,0.4439853556485356,1
62947,47,1957,Program,0,1.0,0.25,23,26,1,measured,262,0,1,237,0,21 24,8080 8080,24,26,25,1,26,-2,5.875207901000977,5.951552867889404,0.9871722609908526,1,0.6198575949367089,-1 -2 -1,6.957 4.711 3.953,0,1.0,0.25,286,287,1,measured,525,0,1,239,0,284,8080,-1,-1,286,1,287,-2,5.775959491729736,5.80637788772583,0.9947612097276005,1,0.6231012658227848,-1 -2 -1,7.109 4.416 3.865,0,-1,1.6205004453659058,2.1035144329071045,0.7703776213821065,0.37777196652719663,1
62948,48,1958,Program,0,1.0,0.25,23,26,1,measured,262,0,1,237,0,21 24,8080 9420,24,26,25,1,26,-2,5.443097114562988,5.530974864959717,0.9841117067890764,1,0.6287183544303797,-1 -2 -1,6.781 3.920 3.227,0,1.0,0.25,286,288,1,measured,525,0,1,238,0,284,8080,-1,-1,287,1,288,-2,5.3078718185424805,5.375560283660889,0.987408109751062,1,0.6456487341772152,-1 -2 -1,6.766 3.723 3.016,0,-1,1.725352168083191,2.108959674835205,0.8181058123920794,0.4493200836820084,1
62949,49,1959,Program,0,1.0,0.25,23,23,0,vbi_ambiguous,262,0,1,240,0,21 24,8080 9420,24,26,-1,0,-1,-2,4.81239128112793,5.0339131355285645,0.9559941046981585,1,0.6470727848101265,-1 -2 -1,6.160 3.427 2.961,0,1.0,0.25,286,288,1,measured,525,0,1,238,0,284,8080,-1,-1,287,1,288,-2,4.682278633117676,4.815261363983154,0.9723830710706269,1,0.603006329113924,-1 -2 -1,6.215 3.196 2.863,0,-1,1.7992256879806519,2.444349527359009,0.736075453957119,0.36223849372384936,1
62950,50,1960,Program,0,1.0,0.25,23,23,0,vbi_ambiguous,262,0,1,240,0,21 24,8080 94f2,24,26,-1,0,-1,-1,4.486055374145508,4.717345714569092,0.9509702374135386,1,0.6363993710691824,-1 -2 0,5.636 3.378 3.357,0,1.0,0.25,286,288,1,measured,525,0,1,238,0,284,8080,-1,-1,287,1,288,-1,4.501582145690918,4.677600860595703,0.9623698729005346,1,0.6184748427672956,-1 -2 0,5.665 3.247 3.255,0,-1,1.549687385559082,2.1333117485046387,0.726423311850857,0.3951882845188284,1
62951,51,1961,Program,0,1.0,0.25,23,25,1,measured,262,0,1,238,0,21 23,8080 94f2,23,25,24,1,25,-2,4.108247756958008,4.543386459350586,0.9042259102795374,1,0.6893987341772152,-2 -2 -1,5.133 3.153 2.649,0,1.0,0.25,286,288,1,measured,525,0,1,238,0,284,8080,-1,-1,287,1,288,-1,3.9390034675598145,4.461796760559082,0.8828289765189217,1,0.6359276729559749,-1 -1 0,5.023 2.993 2.582,0,0,1.1335959434509277,1.510109305381775,0.7506714510075416,0.39168410041841006,1
62952,52,1962,Program,0,1.0,0.25,23,23,0,vbi_ambiguous,262,0,1,240,0,21 24,8080 4fd6,24,26,-1,0,-1,0,3.829150438308716,3.9951257705688477,0.9584555426307645,1,0.632578125,0 0 1,4.607 2.990 2.582,0,1.0,0.25,286,288,1,measured,525,0,1,238,0,284,8080,-1,-1,287,1,288,-1,3.809394598007202,4.004111289978027,0.9513708091835046,1,0.642059748427673,-1 -1 0,4.694 2.836 2.599,0,-1,1.2737106084823608,1.2848658561706543,0.9913179670588026,0.39497907949790795,1
62953,53,1963,Program,0,1.0,0.25,23,23,0,vbi_ambiguous,262,0,1,240,0,21 24,8080 4552,24,26,-1,0,-1,0,3.551826238632202,4.147395610809326,0.8563991892587011,1,0.61,0 0 0,4.167 3.079 2.722,0,1.0,0.25,286,288,1,measured,525,0,1,238,0,284,8080,-1,-1,287,1,288,0,3.432734489440918,4.170115947723389,0.8231748307418087,1,0.616953125,0 0 0,4.014 3.040 2.679,0,-1,1.5122300386428833,1.8566739559173584,0.8144833581702879,0.35360878661087863,1
62954,54,1964,Program,0,1.0,0.25,23,23,0,vbi_ambiguous,262,0,1,240,0,21 24,8080 2054,24,26,-1,0,-1,0,3.0109472274780273,4.472533226013184,0.6732084649401221,1,0.629453125,0 0 0,3.441 2.671 2.620,0,1.0,0.25,286,288,1,measured,525,0,1,238,0,284,8080,-1,-1,287,1,288,0,3.0311717987060547,4.375363826751709,0.6927816562757505,1,0.6446875,0 0 0,3.557 2.690 2.573,0,-1,1.3070322275161743,1.7668384313583374,0.73975763958866,0.3748430962343096,1
62955,55,1965,Program,0,1.0,0.25,23,25,1,measured,262,0,1,238,0,21 23,8080 c845,23,25,24,1,25,-1,2.6621463298797607,4.746034622192383,0.5609201242299428,1,0.644811320754717,-1 -1 -1,3.057 2.340 2.563,0,1.0,0.25,286,288,1,measured,525,0,1,238,0,284,8080,-1,-1,287,1,288,0,2.7120800018310547,4.990094184875488,0.5434927481030553,1,0.626875,0 0 0,3.052 2.430 2.468,0,0,1.1533697843551636,1.5905697345733643,0.7251299702773044,0.423326359832636,1
62956,56,1966,Program,0,1.0,0.25,23,23,0,vbi_ambiguous,262,0,1,240,0,21 24,8080 20ce,24,26,-1,0,-1,1,2.4369399547576904,4.895097732543945,0.4978327477623682,1,0.6547955974842767,1 1 1,2.666 2.226 2.303,0,1.0,0.25,286,288,1,measured,525,0,1,238,0,284,8080,-1,-1,287,1,288,0,2.553212881088257,4.749882221221924,0.5375318296695436,1,0.653359375,0 0 0,3.092 2.106 2.100,0,-1,1.3547898530960083,1.4146755933761597,0.9576682169675151,0.36715481171548114,1
62957,57,1967,Program,0,1.0,0.25,23,25,1,measured,262,0,1,238,0,21 23,8080 4558,23,25,24,1,25,-1,2.5405266284942627,4.365476608276367,0.5819585938629839,1,0.6616352201257861,-1 -1 -1,2.722 2.451 2.073,0,1.0,0.25,286,288,1,measured,525,0,1,238,0,284,8080,-1,-1,287,1,288,0,2.285038948059082,4.32663106918335,0.5281335319607878,1,0.5946875,0 0 0,2.533 2.116 1.907,0,0,1.306524634361267,1.5584464073181152,0.83835069863559,0.31893305439330544,1
62958,58,1968,Program,0,1.0,0.25,23,25,1,measured,262,0,1,238,0,21 23,8080 5420,23,25,24,1,25,0,2.370351552963257,4.242403507232666,0.5587284540289863,1,0.697421875,0 0 0,2.674 2.128 1.962,0,1.0,0.25,286,288,1,measured,525,0,1,238,0,284,8080,-1,-1,287,1,288,0,2.3404200077056885,4.056819915771484,0.5769100074191021,1,0.6009375,0 0 0,2.782 1.999 1.840,0,0,1.6587802171707153,2.313655138015747,0.7169522328177785,0.44184100418410044,1
62959,59,1969,Program,0,1.0,0.25,23,23,0,vbi_ambiguous,262,0,1,240,0,21 24,8080 4645,24,26,-1,0,-1,1,2.4315645694732666,4.189248085021973,0.580429833737219,1,0.7025157232704402,1 1 1,2.797 2.137 2.131,0,1.0,0.25,286,288,1,measured,525,0,1,238,0,284,8080,-1,-1,287,1,288,0,2.4603710174560547,4.150088310241699,0.592847870582485,1,0.706796875,0 0 0,2.907 2.067 2.026,0,-1,1.398781418800354,1.4891788959503174,0.9392971003042073,0.2993723849372385,1
62960,60,1970,Program,0,1.0,0.25,23,23,0,vbi_ambiguous,262,0,1,240,0,21 24,8080 5720,24,26,-1,0,-1,0,2.503037214279175,4.273221492767334,0.5857494675891959,1,0.590234375,0 0 0,2.815 2.278 2.106,0,1.0,0.25,286,288,1,measured,525,0,1,238,0,284,8080,-1,-1,287,1,288,0,2.574160099029541,4.253999710083008,0.6051152502263127,1,0.702421875,0 0 0,2.911 2.269 2.352,0,-1,1.756835699081421,2.4375,0.7207531073154547,0.42416317991631797,1
62961,61,1971,Program,0,1.0,0.25,23,23,0,vbi_ambiguous,262,0,1,240,0,21 24,8080 c4c1,24,26,-1,0,-1,0,2.510859489440918,4.28485631942749,0.5859845236949275,1,0.6725,0 0 0,2.688 2.391 2.335,0,1.0,0.25,286,288,1,measured,525,0,1,238,0,284,8080,-1,-1,287,1,288,0,2.722890615463257,4.58530855178833,0.5938293104400344,1,0.61609375,0 0 0,2.840 2.656 2.332,0,-1,1.919404149055481,2.611058473587036,0.7351057697373702,0.3677824267782427,1
62962,62,1972,Program,0,1.0,0.25,23,23,0,vbi_ambiguous,262,0,1,240,0,21 24,8080 d9d3,24,26,-1,0,-1,0,2.504589796066284,4.481151580810547,0.5589165532341256,1,0.6690625,0 0 0,2.613 2.395 2.360,0,1.0,0.25,286,288,1,measured,525,0,1,238,0,284,8080,-1,-1,287,1,288,0,2.875859260559082,4.352790832519531,0.6606931900043643,1,0.71484375,0 0 0,3.290 2.545 2.474,0,-1,1.9669445753097534,2.5850462913513184,0.7608933665483972,0.37567991631799164,1
62963,63,1973,Program,0,1.0,0.25,23,23,0,vbi_ambiguous,262,0,1,240,0,21 24,8080 ae80,24,26,-1,0,-1,0,2.85546875,4.050373554229736,0.7049889872547885,1,0.646328125,0 0 0,3.083 2.722 2.572,0,1.0,0.25,286,288,1,measured,525,0,1,238,0,284,8080,-1,-1,287,1,288,0,2.7125585079193115,4.121531009674072,0.6581434184414443,1,0.663359375,0 0 0,2.943 2.524 2.380,0,-1,1.7796918153762817,2.4442474842071533,0.7281144102122559,0.3954497907949791,1
62964,64,1974,Program,0,1.0,0.25,23,25,1,measured,262,0,1,238,0,21 23,8080 942c,23,25,24,1,25,-1,3.1467080116271973,4.021271705627441,0.7825156423087841,1,0.6285377358490566,-1 -1 -1,3.556 2.873 2.895,0,1.0,0.25,286,287,1,measured,525,0,1,239,0,284,8080,-1,-1,286,1,287,0,3.053701162338257,3.740860939025879,0.8163097244490038,1,0.64265625,0 0 0,3.607 2.684 2.499,0,0,1.4018255472183228,1.5507776737213135,0.9039500445311682,0.3402196652719665,1
62965,65,1975,Program,0,1.0,0.25,23,25,1,measured,262,0,1,238,0,21 23,8080 942c,23,25,24,1,25,0,3.0182909965515137,3.838256597518921,0.7863703011681294,1,0.640625,0 0 0,3.431 2.728 2.531,0,1.0,0.25,286,287,1,measured,525,0,1,239,0,284,8080,-1,-1,286,1,287,0,2.8940038681030273,3.673732280731201,0.7877557881074065,1,0.66234375,0 0 0,3.273 2.609 2.529,0,0,1.5849809646606445,2.264808177947998,0.6998301136905543,0.4053870292887029,1
62966,66,1976,Program,0,1.0,0.25,23,26,1,measured,262,0,1,237,0,21 24,8080 942f,24,26,25,1,26,1,2.512726068496704,3.9370410442352295,0.6382270441848547,1,0.6797955974842768,1 1 1,2.728 2.372 2.334,0,1.0,0.25,286,287,1,measured,525,0,1,239,0,284,8080,-1,-1,286,1,287,0,2.686406135559082,4.015006065368652,0.6690914264689709,1,0.67625,0 0 0,3.000 2.429 2.358,0,0,1.708516240119934,1.722171425819397,0.9920709486322096,0.321652719665272,1
62967,67,1977,Program,0,1.0,0.25,23,26,1,measured,262,0,1,237,0,21 24,8080 942f,24,26,25,1,26,0,2.1355371475219727,4.421383857727051,0.48300197771559505,1,0.680234375,0 0 0,2.181 2.031 2.600,0,1.0,0.25,286,287,1,measured,525,0,1,239,0,284,8080,-1,-1,286,1,287,0,2.007519483566284,4.2294416427612305,0.47465354841866464,1,0.7071875,0 0 0,2.117 1.842 2.080,0,-1,1.7644953727722168,2.5824756622314453,0.683257309479372,0.39644351464435146,1
62968,68,1978,Program,0,1.0,0.25,23,26,1,measured,262,0,1,237,0,21 24,8080 8080,24,26,25,1,26,0,1.835205078125,4.510357856750488,0.4068868006511535,1,0.61734375,0 0 0,1.932 1.732 1.929,0,1.0,0.25,286,287,1,measured,525,0,1,239,0,284,8080,-1,-1,286,1,287,0,1.8345409631729126,4.546393394470215,0.4035156670349441,1,0.73953125,0 0 0,1.926 1.735 1.879,0,-1,1.6551015377044678,2.541851043701172,0.6511402553685781,0.4710774058577406,1
62969,69,1979,Program,0,1.0,0.25,23,26,1,measured,262,0,1,237,0,21 24,8080 8080,24,26,25,1,26,0,2.1094727516174316,4.039996147155762,0.5221472186557758,1,0.590078125,0 0 0,2.252 1.963 2.256,0,1.0,0.25,286,287,1,measured,525,0,1,239,0,284,8080,-1,-1,286,1,287,0,2.3125293254852295,3.6682684421539307,0.6304144208506618,1,0.700703125,0 0 0,2.594 2.063 2.290,0,-1,1.6337127685546875,2.2352898120880127,0.7308729095081481,0.4393305439330544,1
62970,70,1980,Program,0,1.0,0.25,23,26,1,measured,262,0,1,237,0,21 24,8080 8080,24,26,25,1,26,0,2.6617188453674316,3.5779383182525635,0.7439253023980005,1,0.666640625,0 0 0,2.870 2.468 2.767,0,1.0,0.25,286,288,1,measured,525,0,1,238,0,284,8080,-1,-1,287,1,288,0,2.4427928924560547,3.5704598426818848,0.6841675862740403,1,0.699921875,0 0 0,2.631 2.254 2.547,0,-1,1.7191680669784546,2.1710333824157715,0.7918662517595592,0.39482217573221756,1
62971,71,1981,Program,0,1.0,0.25,23,25,1,measured,262,0,1,238,0,21 23,8080 8080,23,25,24,1,25,-1,3.0355541706085205,3.281630754470825,0.9250139329273852,1,0.6527515723270441,-1 0 -1,3.346 2.776 3.034,0,1.0,0.25,286,288,1,measured,525,0,1,238,0,284,8080,-1,-1,287,1,288,0,3.129833936691284,3.1533706188201904,0.9925360241550952,1,0.6471875,0 1 0,3.449 2.480 3.043,0,0,1.2142541408538818,1.5497386455535889,0.783521882439818,0.34027196652719666,1
62972,72,1982,Program,0,1.0,0.25,23,25,1,measured,262,0,1,238,0,21 23,8080 8080,23,25,24,1,25,1,3.292393922805786,3.565869092941284,0.9233075687840453,1,0.6716194968553459,0 1 1,3.896 2.725 3.259,0,1.0,0.25,286,288,1,measured,525,0,1,238,0,284,8080,-1,-1,287,1,288,1,3.115330219268799,3.4497852325439453,0.9030504826445349,1,0.6258647798742139,1 1 1,3.874 2.446 3.401,0,0,1.6259136199951172,1.884841799736023,0.862626041200291,0.34707112970711296,1
62973,73,1983,Program,0,1.0,0.25,23,23,0,vbi_ambiguous,262,0,1,240,0,21 24,8080 8080,24,26,-1,0,-1,2,3.26953125,3.614494800567627,0.9045610605074177,1,0.6790348101265823,2 2 2,3.945 2.659 3.282,0,1.0,0.25,286,288,1,measured,525,0,1,238,0,284,8080,-1,-1,287,1,288,1,3.208451271057129,3.7677929401397705,0.8515466008963082,1,0.6789308176100629,1 1 1,4.093 2.493 3.035,0,-1,1.4239023923873901,1.5101873874664307,0.9428647095088003,0.36155857740585773,1
62974,74,1984,Program,0,1.0,0.25,23,26,1,measured,262,0,1,237,0,21 24,8080 8080,24,26,25,1,26,1,3.441352128982544,3.8775391578674316,0.8875093168305277,1,0.6769654088050314,1 1 1,4.200 2.800 3.303,0,1.0,0.25,286,288,1,measured,525,0,1,238,0,284,8080,-1,-1,287,1,288,1,3.561537027359009,4.087714672088623,0.871278284582235,1,0.6557389937106918,1 1 1,4.435 2.850 3.083,0,-1,1.861046552658081,2.2102108001708984,0.8420221964864983,0.4561192468619247,1
62975,75,1985,Program,0,1.0,0.25,23,23,0,vbi_ambiguous,262,0,1,240,0,21 24,8080 8080,24,26,-1,0,-1,0,3.7761621475219727,4.026464462280273,0.937835707454239,1,0.604296875,0 1 0,4.110 3.336 3.263,0,1.0,0.25,286,288,1,measured,525,0,1,238,0,284,8080,-1,-1,287,1,288,0,3.7542285919189453,3.9494595527648926,0.9505676768586547,1,0.62640625,0 1 0,4.233 3.139 2.880,0,-1,1.5306426286697388,2.098134756088257,0.7295254150040652,0.3713389121338912,1
62976,76,1986,Program,0,1.0,0.25,23,25,1,measured,262,0,1,238,0,21 23,8080 8080,23,25,24,1,25,-1,3.4302966594696045,4.204140663146973,0.8159328943341981,1,0.6394654088050314,-1 -1 -1,3.818 3.198 2.552,0,1.0,0.25,286,287,1,measured,525,0,1,239,0,284,8080,-1,-1,286,1,287,0,3.3990819454193115,4.292000770568848,0.7919574406247855,1,0.629296875,0 0 0,3.825 3.192 2.422,0,0,1.3230773210525513,1.6334669589996338,0.8099810735460661,0.42400627615062764,1
62977,77,1987,Program,0,1.0,0.25,23,26,1,measured,262,0,1,237,0,21 24,8080 8080,24,26,25,1,26,1,3.0525059700012207,4.744462013244629,0.6433829507918606,1,0.6586477987421384,1 1 1,3.449 2.745 2.214,0,1.0,0.25,286,287,1,measured,525,0,1,239,0,284,8080,-1,-1,286,1,287,0,2.9942967891693115,4.444526195526123,0.6737043854490906,1,0.66265625,0 0 0,3.421 2.757 2.129,0,-1,1.368022084236145,1.4139156341552734,0.9675415217071653,0.38038702928870294,1
62978,78,1988,Program,0,1.0,0.25,23,26,1,measured,262,0,1,237,0,21 24,8080 8080,24,26,25,1,26,0,2.7937891483306885,4.959453582763672,0.5633259998723167,1,0.6465625,0 0 0,3.047 2.577 2.224,0,1.0,0.25,286,288,1,measured,525,0,1,238,0,284,8080,-1,-1,287,1,288,0,2.7914061546325684,4.981829643249512,0.5603174645714722,1,0.663203125,0 0 0,3.089 2.610 2.265,0,-1,1.5706477165222168,2.2409286499023438,0.700891443639075,0.38394351464435145,1
62979,79,1989,Program,0,1.0,0.25,23,23,0,vbi_ambiguous,262,0,1,240,0,21 24,8080 8080,24,26,-1,0,-1,0,2.544667959213257,4.992944240570068,0.5096527893375232,1,0.67390625,0 0 0,2.865 2.317 2.248,0,1.0,0.25,286,288,1,measured,525,0,1,238,0,284,8080,-1,-1,287,1,288,0,2.655029296875,4.55710506439209,0.5826131413165425,1,0.6665625,0 0 0,3.082 2.345 2.087,0,-1,1.7543843984603882,2.474968433380127,0.7088512220191758,0.41527196652719667,1
62980,80,1990,Program,0,1.0,0.25,23,26,1,measured,262,0,1,237,0,21 24,8080 8080,24,26,25,1,26,0,2.707871198654175,4.8018574714660645,0.5639216104903316,1,0.660234375,0 0 0,2.733 2.758 2.407,0,1.0,0.25,286,288,1,measured,525,0,1,238,0,284,8080,-1,-1,287,1,288,0,2.5303614139556885,4.775589466094971,0.5298532111942154,1,0.6840625,0 0 0,2.645 2.451 2.159,0,-1,1.6061660051345825,2.3521876335144043,0.6828392353780083,0.4049163179916318,1
62981,81,1991,Program,0,1.0,0.25,23,26,1,measured,262,0,1,237,0,21 24,8080 8080,24,26,25,1,26,0,2.9403514862060547,4.702171802520752,0.6253177488389055,1,0.650703125,0 0 0,2.656 3.288 2.611,0,1.0,0.25,286,288,1,measured,525,0,1,238,0,284,8080,-1,-1,287,1,288,0,2.8627147674560547,4.401719570159912,0.6503628233981416,1,0.67546875,0 0 0,2.799 3.014 2.470,0,-1,1.7721906900405884,2.5710716247558594,0.689280949226325,0.40376569037656906,1
62982,82,1992,Program,0,1.0,0.25,23,26,1,measured,262,0,1,237,0,21 24,8080 8080,24,26,25,1,26,0,3.1284961700439453,3.955296754837036,0.7909637036002483,1,0.64125,0 0 0,3.047 3.317 2.745,0,1.0,0.25,286,288,1,measured,525,0,1,238,0,284,8080,-1,-1,287,1,288,0,3.0541210174560547,3.7471108436584473,0.8150602277017778,1,0.658046875,0 1 0,3.189 3.003 2.454,0,-1,1.765886664390564,2.1696577072143555,0.8139010400206413,0.3810669456066946,1
62983,83,1993,Program,0,1.0,0.25,23,23,0,vbi_ambiguous,262,0,1,240,0,21 24,8080 8080,24,26,-1,0,-1,0,3.262578010559082,3.581770896911621,0.910884058322166,1,0.648515625,0 1 0,3.530 2.983 2.561,0,1.0,0.25,286,288,1,measured,525,0,1,238,0,284,8080,-1,-1,287,1,288,0,3.077441453933716,3.369880199432373,0.9132198392251701,1,0.685234375,0 1 0,3.318 2.772 2.493,0,-1,1.514319658279419,1.9165997505187988,0.7901074065513742,0.4106694560669456,1
62984,84,1994,Program,0,1.0,0.25,23,26,1,measured,262,0,1,237,0,21 24,8080 8080,24,26,25,1,26,0,3.156074285507202,3.662686824798584,0.8616828127752252,1,0.6571875,0 0 0,3.305 3.052 2.710,0,1.0,0.25,286,288,1,measured,525,0,1,238,0,284,8080,-1,-1,287,1,288,0,3.0250487327575684,3.5881388187408447,0.8430690353889717,1,0.661171875,0 0 0,3.210 2.952 2.516,0,-1,1.6719614267349243,2.0650622844696045,0.8096421300747134,0.41631799163179917,1
62985,85,1995,Program,0,1.0,0.25,23,26,1,measured,262,0,1,237,0,21 24,8080 8080,24,26,25,1,26,0,3.0684375762939453,3.6572916507720947,0.8389917647519755,1,0.643671875,0 0 0,3.170 3.025 2.687,0,1.0,0.25,286,288,1,measured,525,0,1,238,0,284,8080,-1,-1,287,1,288,0,3.100205183029175,3.4369595050811768,0.9020197003909569,1,0.66234375,0 1 0,3.290 2.879 2.617,0,-1,1.6304961442947388,2.0573012828826904,0.7925412567721183,0.40324267782426776,1
62986,86,1996,Program,0,1.0,0.25,23,26,1,measured,262,0,1,237,0,21 24,8080 8080,24,26,25,1,26,0,3.041923761367798,3.8374016284942627,0.7927040367055356,1,0.658515625,0 0 0,3.043 3.050 2.751,0,1.0,0.25,286,288,1,measured,525,0,1,238,0,284,8080,-1,-1,287,1,288,0,2.811084032058716,3.8190743923187256,0.7360642248060492,1,0.67484375,0 0 0,2.785 2.878 2.544,0,-1,1.7500079870224,2.2388622760772705,0.7816505757060697,0.4117154811715481,1
62987,87,1997,Program,0,1.0,0.25,23,26,1,measured,262,0,1,237,0,21 24,8080 8080,24,26,25,1,26,0,2.819892644882202,4.316863059997559,0.6532272638001626,1,0.652421875,0 0 0,2.803 2.864 2.505,0,1.0,0.25,286,288,1,measured,525,0,1,238,0,284,8080,-1,-1,287,1,288,0,2.760068416595459,4.065703392028809,0.6788661519201895,1,0.68671875,0 0 0,2.748 2.818 2.434,0,-1,1.6220604181289673,2.217167615890503,0.7315912457423672,0.40810669456066945,1
62988,88,1998,Program,0,1.0,0.25,23,26,1,measured,262,0,1,237,0,21 24,8080 8080,24,26,25,1,26,0,2.879150390625,4.64125394821167,0.620338904690697,1,0.6625,0 0 0,2.634 3.133 2.969,0,1.0,0.25,286,288,1,measured,525,0,1,238,0,284,8080,-1,-1,287,1,288,0,2.813056707382202,4.648820877075195,0.6051118728308663,1,0.67484375,0 0 0,2.585 3.019 2.586,0,-1,1.8493287563323975,2.558412551879883,0.7228422777137873,0.41103556485355647,1
62989,89,1999,Program,0,1.0,0.25,23,25,1,measured,262,0,1,238,0,21 23,8080 8080,23,25,24,1,25,-1,2.902240514755249,4.567988395690918,0.6353432328096532,1,0.6627358490566038,-1 -1 -1,2.839 3.009 2.418,0,1.0,0.25,286,288,1,measured,525,0,1,238,0,284,8080,-1,-1,287,1,288,0,2.870488166809082,4.311301231384277,0.6658055219879457,1,0.6684375,0 0 0,2.876 2.922 2.406,0,0,1.4716402292251587,1.6277192831039429,0.9041118112324917,0.30706066945606697,1
62990,90,2000,Program,0,1.0,0.25,23,26,1,measured,262,0,1,237,0,21 24,8080 8080,24,26,25,1,26,1,3.3725333213806152,4.397557258605957,0.7669106103804824,1,0.6871855345911949,1 1 1,3.241 3.566 2.728,0,1.0,0.25,286,288,1,measured,525,0,1,238,0,284,8080,-1,-1,287,1,288,0,3.2928709983825684,4.405218124389648,0.7474932921372202,1,0.624609375,0 0 0,3.523 3.168 2.724,0,0,1.5643616914749146,1.5849947929382324,0.9869822276039982,0.35292887029288705,1
62991,91,2001,Program,0,1.0,0.25,23,23,0,vbi_ambiguous,262,0,1,240,0,21 24,8080 8080,24,26,-1,0,-1,0,3.834834098815918,4.671206951141357,0.820951445510013,1,0.65234375,0 0 0,3.876 3.854 2.965,0,1.0,0.25,286,288,1,measured,525,0,1,238,0,284,8080,-1,-1,287,1,288,0,3.540107488632202,4.186851501464844,0.8455297464917572,1,0.615625,0 1 0,3.861 3.296 2.655,0,-1,1.8656548261642456,2.3839123249053955,0.7826021144625288,0.43268828451882846,1
62992,92,2002,Program,0,1.0,0.25,23,25,1,measured,262,0,1,238,0,21 23,8080 8080,23,25,24,1,25,-1,3.947209119796753,4.641015529632568,0.8505054754921829,1,0.6527515723270441,-1 0 -1,4.234 3.744 2.931,0,1.0,0.25,286,288,1,measured,525,0,1,238,0,284,8080,-1,-1,287,1,288,0,3.651679754257202,4.52641487121582,0.8067487974818226,1,0.633984375,0 0 0,3.981 3.519 2.636,0,0,1.2673254013061523,1.6234344244003296,0.7806446520156068,0.3714958158995816,1
62993,93,2003,Program,0,1.0,0.25,23,25,1,measured,262,0,1,238,0,21 23,8080 8080,23,25,24,1,25,0,3.766064405441284,4.67081356048584,0.8062973091671749,1,0.621171875,0 0 0,3.973 3.648 2.930,0,1.0,0.25,286,288,1,measured,525,0,1,238,0,284,8080,-1,-1,287,1,288,0,3.779296875,4.404913425445557,0.8579730201207585,1,0.612734375,0 1 0,4.006 3.590 2.943,0,0,1.9315797090530396,2.438889741897583,0.7919914032481723,0.3925732217573222,1
62994,94,2004,Program,0,1.0,0.25,23,25,1,measured,262,0,1,238,0,21 23,8080 8080,23,25,24,1,25,0,3.681816339492798,5.034276962280273,0.7313495795084585,1,0.610625,0 0 0,3.900 3.553 2.922,0,1.0,0.25,286,287,1,measured,525,0,1,239,0,284,8080,-1,-1,286,1,287,0,3.624706983566284,5.13165283203125,0.7063429858195464,1,0.630859375,0 0 0,3.905 3.467 2.729,0,0,1.649833083152771,2.3100204467773438,0.7142071341638621,0.39555439330543934,1
62995,95,2005,Program,0,1.0,0.25,23,26,1,measured,262,0,1,237,0,21 24,8080 9420,24,26,25,1,26,1,3.571855306625366,5.664677619934082,0.6305487348575595,1,0.637185534591195,1 1 1,3.902 3.330 2.959,0,1.0,0.25,286,287,1,measured,525,0,1,239,0,284,8080,-1,-1,286,1,287,0,3.5939550399780273,5.5913519859313965,0.642770308329883,1,0.617265625,0 0 0,4.043 3.297 2.905,0,-1,1.359535813331604,1.452151894569397,0.9362214919911969,0.3760460251046025,1
62996,96,2006,Program,0,1.0,0.25,23,26,1,measured,262,0,1,237,0,21 24,8080 9420,24,26,25,1,26,0,3.7867870330810547,5.136379718780518,0.7372482644215634,1,0.602578125,0 0 0,4.311 3.396 3.146,0,1.0,0.25,286,287,1,measured,525,0,1,239,0,284,8080,-1,-1,286,1,287,0,3.824453115463257,5.040379524230957,0.758762925902247,1,0.604609375,0 0 0,4.533 3.287 3.182,0,-1,1.634378433227539,2.1579301357269287,0.7573824593153364,0.38305439330543933,1
62997,97,2007,Program,0,1.0,0.25,23,26,1,measured,262,0,1,237,0,21 24,8080 94f2,24,26,25,1,26,0,3.8036816120147705,4.629078388214111,0.8216930656648964,1,0.59578125,0 0 0,4.470 3.227 3.391,0,1.0,0.25,286,287,1,measured,525,0,1,239,0,284,8080,-1,-1,286,1,287,0,3.476865291595459,4.584414482116699,0.7584098918538739,1,0.627109375,0 0 0,4.101 2.930 3.236,0,-1,1.7586843967437744,2.2776031494140625,0.7721645437644458,0.3767782426778243,1
62998,98,2008,Program,0,1.0,0.25,23,25,1,measured,262,0,1,238,0,21 23,8080 94f2,23,25,24,1,25,-1,3.3702633380889893,4.438617706298828,0.7593047117588567,1,0.622562893081761,-1 -1 -1,3.803 3.033 3.294,0,1.0,0.25,286,287,1,measured,525,0,1,239,0,284,8080,-1,-1,286,1,287,0,3.6181347370147705,4.4378437995910645,0.8152911414656306,1,0.608515625,0 0 0,4.298 3.107 3.132,0,0,1.4399080276489258,1.553520679473877,0.926867628267795,0.35972803347280335,1
62999,99,2009,Program,0,1.0,0.25,23,26,1,measured,262,0,1,237,0,21 24,8080 c749,24,26,25,1,26,1,3.3967373371124268,4.557919979095459,0.7452384755966087,1,0.6062106918238994,1 1 1,3.872 2.990 3.445,0,1.0,0.25,286,287,1,measured,525,0,1,239,0,284,8080,-1,-1,286,1,287,0,3.1114063262939453,4.47024393081665,0.696026072502387,1,0.64171875,0 0 0,3.752 2.602 2.971,0,-1,1.3100486993789673,1.4946423768997192,0.8764964245804086,0.3920502092050209,1
63000,100,2010,Program,0,1.0,0.25,23,25,1,measured,262,0,1,238,0,21 23,8080 d649,23,25,24,1,25,-1,3.1823112964630127,4.643502712249756,0.6853256030340935,1,0.615880503144654,-1 -1 -1,3.646 2.820 3.032,0,1.0,0.25,286,288,1,measured,525,0,1,238,0,284,8080,-1,-1,287,1,288,0,3.080673933029175,4.482527732849121,0.6872626599615214,1,0.647421875,0 0 0,3.667 2.629 2.830,0,0,1.4889904260635376,1.5483053922653198,0.9616903961595078,0.3592573221757322,1
63001,101,2011,Program,0,1.0,0.25,23,25,1,measured,262,0,1,238,0,21 23,8080 cec7,23,25,24,1,25,0,3.203740119934082,4.824872016906738,0.6640052023572687,1,0.672109375,0 0 0,3.417 2.960 3.413,0,1.0,0.25,286,288,1,measured,525,0,1,238,0,284,8080,-1,-1,287,1,288,0,2.9463281631469727,4.729333877563477,0.6229900953123028,1,0.625859375,0 0 0,3.528 2.483 2.584,0,0,1.567445158958435,2.2810866832733154,0.6871484413337513,0.3219142259414226,1
63002,102,2012,Program,0,1.0,0.25,23,23,0,vbi_ambiguous,262,0,1,240,0,21 24,8080 20c2,24,26,-1,0,-1,1,2.6264150142669678,4.821904182434082,0.5446841983784841,1,0.6503930817610063,1 1 1,2.923 2.385 2.476,0,1.0,0.25,286,288,1,measured,525,0,1,238,0,284,8080,-1,-1,287,1,288,0,2.6446874141693115,4.697582721710205,0.562989003247714,1,0.655234375,0 0 0,3.083 2.265 2.327,0,-1,1.2381993532180786,1.2752481698989868,0.9709477593809502,0.2944560669456067,1
63003,103,2013,Program,0,1.0,0.25,23,25,1,measured,262,0,1,238,0,21 23,8080 4c4f,23,25,24,1,25,-1,2.3534786701202393,4.9691853523254395,0.4736145873526085,1,0.6699685534591195,-1 -1 -1,2.560 2.199 2.054,0,1.0,0.25,286,288,1,measured,525,0,1,238,0,284,8080,-1,-1,287,1,288,0,2.1106836795806885,4.832615852355957,0.43675800934016,1,0.705625,0 0 0,2.391 1.886 1.927,0,0,1.1052976846694946,1.335544466972351,0.8276008115066205,0.2842050209205021,1
63004,104,2014,Program,0,1.0,0.25,23,23,0,vbi_ambiguous,262,0,1,240,0,21 24,8080 4fc4,24,26,-1,0,-1,1,2.058077812194824,4.874485969543457,0.42221432681394777,1,0.7011006289308176,1 1 1,2.170 1.941 2.236,0,1.0,0.25,286,288,1,measured,525,0,1,238,0,284,8080,-1,-1,287,1,288,0,1.885195255279541,4.725442409515381,0.3989457688624921,1,0.739140625,0 0 0,2.029 1.710 1.946,0,0,1.3778791427612305,1.3887275457382202,0.9921882423875859,0.29178870292887027,1
63005,105,2015,Program,0,1.0,0.25,23,25,1,measured,262,0,1,238,0,21 23,8080 2049,23,25,24,1,25,-1,1.9820951223373413,4.759501934051514,0.416450113856785,1,0.7090408805031446,-1 -1 -1,1.951 2.020 1.995,0,1.0,0.25,286,288,1,measured,525,0,1,238,0,284,8080,-1,-1,287,1,288,0,1.9060449600219727,4.611546993255615,0.413320077364399,1,0.72953125,0 0 0,2.043 1.721 1.926,0,0,1.1350224018096924,1.3798465728759766,0.8225714540450654,0.2915794979079498,1
63006,106,2016,Program,0,1.0,0.25,23,25,1,measured,262,0,1,238,0,21 23,8080 d320,23,25,24,1,25,0,1.912197232246399,4.671934127807617,0.40929456193846836,1,0.718828125,0 0 0,2.004 1.828 1.993,0,1.0,0.25,286,287,1,measured,525,0,1,239,0,284,8080,-1,-1,286,1,287,0,1.9295703172683716,4.61887788772583,0.41775737834420706,1,0.714375,0 0 0,1.970 1.845 1.964,0,0,1.516707420349121,2.252077341079712,0.6734703967235721,0.42280334728033475,1
63007,107,2017,Program,0,1.0,0.25,23,25,1,measured,262,0,1,238,0,21 23,8080 ce4f,23,25,24,1,25,0,1.8563379049301147,4.56733512878418,0.40643785765382845,1,0.73640625,0 0 0,1.748 1.938 2.023,0,1.0,0.25,286,287,1,measured,525,0,1,239,0,284,8080,-1,-1,286,1,287,0,1.8111034631729126,4.3564958572387695,0.4157248216278173,1,0.7434375,0 0 0,1.931 1.646 1.793,0,0,1.6444748640060425,2.432804584503174,0.6759584696942998,0.4676255230125523,1
63008,108,2018,Program,0,1.0,0.25,23,25,1,measured,262,0,1,238,0,21 23,8080 20d0,23,25,24,1,25,0,1.981748104095459,4.559060573577881,0.4346834335961045,1,0.70359375,0 0 0,1.897 2.041 2.237,0,1.0,0.25,286,288,1,measured,525,0,1,238,0,284,8080,-1,-1,287,1,288,0,1.7363964319229126,4.490320205688477,0.3866976857737655,1,0.752109375,0 0 0,1.830 1.599 1.888,0,0,1.4968616962432861,2.220923662185669,0.6739816058198891,0.41767782426778244,1
63009,109,2019,Program,0,1.0,0.25,23,25,1,measured,262,0,1,238,0,21 23,8080 524f,23,25,24,1,25,0,1.888769507408142,4.692374229431152,0.40251894138398975,1,0.71453125,0 0 0,1.860 1.871 2.302,0,1.0,0.25,286,288,1,measured,525,0,1,238,0,284,8080,-1,-1,287,1,288,0,2.0867676734924316,4.543032646179199,0.4593336293208137,1,0.692265625,0 0 0,2.072 2.112 2.009,0,0,1.6615241765975952,2.5250325202941895,0.6580209020056551,0.40130753138075315,1
63010,110,2020,Program,0,1.0,0.25,23,23,0,vbi_ambiguous,262,0,1,240,0,21 24,8080 c24c,24,26,-1,0,-1,1,2.0234570503234863,4.939655780792236,0.4096352337326141,1,0.7082547169811321,1 1 1,2.069 2.001 1.965,0,1.0,0.25,286,288,1,measured,525,0,1,238,0,284,8080,-1,-1,287,1,288,0,1.780126929283142,4.601110458374023,0.38689071809682596,1,0.755703125,0 0 0,1.842 1.717 1.858,0,-1,1.2537364959716797,1.3162683248519897,0.952493099089548,0.27557531380753136,1
63011,111,2021,Program,0,1.0,0.25,23,23,0,vbi_ambiguous,262,0,1,240,0,21 24,8080 45cd,24,26,-1,0,-1,0,2.0279200077056885,4.704274654388428,0.43108027415319466,1,0.693984375,0 0 0,1.924 2.142 2.120,0,1.0,0.25,286,288,1,measured,525,0,1,238,0,284,8080,-1,-1,287,1,288,0,1.7246776819229126,4.50916862487793,0.38248240981886156,1,0.613828125,0 0 0,1.787 1.647 1.941,0,-1,1.7247716188430786,2.596417188644409,0.6642890928262506,0.41501046025104604,1
63012,112,2022,Program,0,1.0,0.25,23,23,0,vbi_ambiguous,262,0,1,240,0,21 24,8080 ae80,24,26,-1,0,-1,0,1.950742244720459,4.825658321380615,0.4042437559405064,1,0.71515625,0 0 0,2.071 1.861 1.848,0,1.0,0.25,286,288,1,measured,525,0,1,238,0,284,8080,-1,-1,287,1,288,0,1.8657519817352295,4.740880489349365,0.3935454576268561,1,0.728671875,0 0 0,1.925 1.774 2.098,0,-1,1.8064956665039062,2.6622438430786133,0.6785613087999026,0.4377092050209205,1
63013,113,2023,Program,0,1.0,0.25,23,23,0,vbi_ambiguous,262,0,1,240,0,21 24,8080 942c,24,26,-1,0,-1,0,1.9952539205551147,4.5766706466674805,0.43596187591256236,1,0.710078125,0 0 0,2.155 1.840 2.240,0,1.0,0.25,286,288,1,measured,525,0,1,238,0,284,8080,-1,-1,287,1,288,0,1.9437206983566284,4.4210591316223145,0.4396504639473974,1,0.727890625,0 0 0,2.152 1.768 2.109,0,-1,1.6769822835922241,2.2951807975769043,0.7306536745874956,0.42609832635983264,1
63014,114,2024,Program,0,1.0,0.25,23,25,1,measured,262,0,1,238,0,21 23,8080 942c,23,25,24,1,25,-1,2.331967353820801,4.330732345581055,0.5384695168705745,1,0.6761006289308176,-1 -1 -1,2.436 2.202 2.547,0,1.0,0.25,286,288,1,measured,525,0,1,238,0,284,8080,-1,-1,287,1,288,0,2.2379980087280273,4.481800079345703,0.4993524854091109,1,0.671640625,0 0 0,2.547 1.995 2.242,0,0,1.309105634689331,1.6659151315689087,0.7858177225729709,0.40831589958159,1
63015,115,2025,Program,0,1.0,0.25,23,25,1,measured,262,0,1,238,0,21 23,8080 942f,23,25,24,1,25,3,55.32383728027344,55.4886589050293,0.9970296340187649,1,0.8196656050955414,3 -3 -3,57.934 49.240 78.557,0,1.0,0.25,286,288,1,measured,525,0,1,238,0,284,8080,-1,-1,287,1,288,3,55.15590286254883,55.30784225463867,0.9972528418051402,1,0.8074044585987261,3 3 -3,57.816 47.147 79.210,0,0,3.5403847694396973,5.043712139129639,0.7019402915509446,0.7632845188284518,1
63016,116,2026,Program,0,1.0,0.25,23,25,1,measured,262,0,1,238,0,21 23,8080 942f,23,25,24,1,25,0,2.5960936546325684,4.821884632110596,0.5383981270195234,1,0.646015625,0 0 0,2.240 2.799 4.187,0,1.0,0.25,286,288,1,measured,525,0,1,238,0,284,8080,-1,-1,287,1,288,0,2.6685352325439453,4.526493549346924,0.5895369569076173,1,0.645,0 0 0,2.179 2.879 2.274,0,0,1.5525907278060913,2.4139046669006348,0.6431864311358911,0.26521966527196655,1
63017,117,2027,Program,0,1.0,0.25,23,26,1,measured,262,0,1,237,0,21 24,8080 8080,24,26,25,1,26,1,2.6993021965026855,4.38796854019165,0.6151598790598416,1,0.6288522012578617,1 1 1,2.565 2.744 2.428,0,1.0,0.25,286,288,1,measured,525,0,1,238,0,284,8080,-1,-1,287,1,288,0,2.328916072845459,4.257625579833984,0.546998797610632,1,0.71328125,0 0 0,2.024 2.435 2.090,0,0,1.3514902591705322,1.4469823837280273,0.9340060213369925,0.2996338912133891,1
63018,118,2028,Program,0,1.0,0.25,23,23,0,vbi_ambiguous,262,0,1,240,0,21 23,8080 8080,23,25,-1,0,-1,-1,2.3219830989837646,4.363973617553711,0.5320800037937411,1,0.6867924528301886,-1 -1 -1,2.030 2.527 2.287,0,1.0,0.25,286,288,1,measured,525,0,1,238,0,284,8080,-1,-1,287,1,288,0,2.5210351943969727,4.320695877075195,0.5834789733230507,1,0.68484375,0 0 0,1.892 2.789 2.578,0,0,1.4022226333618164,1.4723597764968872,0.9523641271279872,0.3847280334728033,1
63019,119,2029,Program,0,1.0,0.25,23,26,1,measured,262,0,1,237,0,21 24,8080 8080,24,26,25,1,26,1,2.2625885009765625,4.523633003234863,0.5001706591490908,1,0.6977987421383648,1 1 1,1.911 2.563 1.781,0,1.0,0.25,286,288,1,measured,525,0,1,238,0,284,8080,-1,-1,287,1,288,0,2.3558592796325684,4.3043928146362305,0.5473151222681021,1,0.666015625,0 0 0,1.996 2.556 2.189,0,-1,1.219887375831604,1.3051080703735352,0.9347021932692975,0.4167364016736402,1
63020,120,2030,Program,0,1.0,0.25,23,26,1,measured,262,0,1,237,0,21 24,8080 8080,24,26,25,1,26,0,2.192988395690918,4.764848709106445,0.460243027548753,1,0.68875,0 0 0,2.025 2.297 1.712,0,1.0,0.25,286,288,1,measured,525,0,1,238,0,284,8080,-1,-1,287,1,288,0,1.9925683736801147,4.627466678619385,0.4305959420273129,1,0.734296875,0 0 0,1.773 2.003 1.872,0,-1,1.8244469165802002,2.6493213176727295,0.6886469015328303,0.4065899581589958,1
63021,121,2031,Program,0,1.0,0.25,23,25,1,measured,262,0,1,238,0,21 23,8080 8080,23,25,24,1,25,-1,2.0020439624786377,4.422099590301514,0.45273606385290194,1,0.7375786163522012,-1 -1 -1,1.650 2.131 1.964,0,1.0,0.25,286,288,1,measured,525,0,1,238,0,284,8080,-1,-1,287,1,288,0,2.0374512672424316,4.140507221221924,0.49207769927307365,1,0.746328125,0 0 0,1.648 1.973 2.297,0,0,1.2266510725021362,1.4371205568313599,0.8535477880900416,0.3369769874476987,1
63022,122,2032,Program,0,1.0,0.25,23,23,0,vbi_ambiguous,262,0,1,240,0,21 24,8080 8080,24,26,-1,0,-1,1,2.49784779548645,3.642256736755371,0.6857967397739255,1,0.6996069182389937,1 1 2,2.047 2.511 2.439,0,1.0,0.25,286,288,1,measured,525,0,1,238,0,284,8080,-1,-1,287,1,288,0,2.362783193588257,3.666342258453369,0.6444524343411918,1,0.712578125,0 0 0,1.805 2.229 2.706,0,0,1.3016505241394043,1.314104676246643,0.9905227092389547,0.32599372384937236,1
63023,123,2033,Program,0,1.0,0.25,23,23,0,vbi_ambiguous,262,0,1,240,0,21 23,8080 8080,23,25,-1,0,-1,-1,2.902545213699341,3.230537176132202,0.8984713858561586,1,0.6772012578616352,-1 -1 0,2.195 3.036 2.401,0,1.0,0.25,286,288,1,measured,525,0,1,238,0,284,8080,-1,-1,287,1,288,0,3.066757917404175,3.2170205116271973,0.9532913782551488,1,0.6565625,0 0 1,2.370 2.861 2.496,0,0,1.1352382898330688,1.359632968902588,0.8349593719762205,0.3604602510460251,1
63024,124,2034,Program,0,1.0,0.25,23,25,1,measured,262,0,1,238,0,21 23,8080 8080,23,25,24,1,25,1,3.0355641841888428,3.486767530441284,0.8705955179652206,1,0.6442610062893082,0 1 1,2.747 3.096 2.133,0,1.0,0.25,286,287,1,measured,525,0,1,239,0,284,8080,-1,-1,286,1,287,1,3.0448997020721436,3.4135546684265137,0.8920026183367666,1,0.6471698113207547,0 1 1,2.665 3.152 2.344,0,0,1.6945041418075562,1.9169737100601196,0.8839475121202437,0.38922594142259415,1
63025,125,2035,Program,0,1.0,0.25,23,26,1,measured,262,0,1,237,0,21 24,8080 8080,24,26,25,1,26,2,2.9955201148986816,3.499587297439575,0.855963820959778,1,0.6449367088607595,1 2 2,2.628 3.101 2.018,0,1.0,0.25,286,287,1,measured,525,0,1,239,0,284,8080,-1,-1,286,1,287,1,2.7209513187408447,3.6982715129852295,0.735735953725178,1,0.6742924528301887,1 1 1,2.589 2.762 2.000,0,0,1.164913535118103,1.2082291841506958,0.9641494762742048,0.3990062761506276,1
63026,126,2036,Program,0,1.0,0.25,23,26,1,measured,262,0,1,237,0,21 24,8080 8080,24,26,25,1,26,1,3.2210888862609863,3.5650391578674316,0.9035213201382639,1,0.6889150943396226,0 1 1,2.858 3.385 2.168,0,1.0,0.25,286,287,1,measured,525,0,1,239,0,284,8080,-1,-1,286,1,287,1,3.286802291870117,3.6629881858825684,0.8973008170044611,1,0.6941823899371069,0 1 1,3.065 3.249 2.419,0,0,2.4877841472625732,2.496239423751831,0.9966127942661247,0.33823221757322175,1
63027,127,2037,Program,0,1.0,0.25,23,25,1,measured,262,0,1,238,0,21 23,8080 8080,23,25,24,1,25,-1,3.213954448699951,3.4081249237060547,0.9430271837585815,1,0.6325471698113208,-1 -1 0,2.720 3.188 2.806,0,1.0,0.25,286,287,1,measured,525,0,1,239,0,284,8080,-1,-1,286,1,287,1,3.2698702812194824,3.4086718559265137,0.9592798660083097,1,0.6345125786163522,0 1 1,2.781 3.144 2.631,0,0,1.8196872472763062,1.8918418884277344,0.9618601101958926,0.35747907949790797,1
63028,128,2038,Program,0,1.0,0.25,23,25,1,measured,262,0,1,238,0,21 23,8080 8080,23,25,24,1,25,0,3.077011823654175,3.8405463695526123,0.8011911659362722,1,0.6353125,0 0 0,2.684 3.158 2.228,0,1.0,0.25,286,287,1,measured,525,0,1,239,0,284,8080,-1,-1,286,1,287,0,3.016650438308716,3.947523593902588,0.7641880704572065,1,0.639765625,0 0 0,2.609 2.967 2.459,0,0,2.304532766342163,2.45292067527771,0.9395056226517611,0.4225941422594142,1
63029,129,2039,Program,0,1.0,0.25,23,26,1,measured,262,0,1,237,0,21 24,8080 8080,24,26,25,1,26,1,3.0921285152435303,4.500118732452393,0.6871215403595448,1,0.6540094339622642,1 1 1,2.849 3.231 1.927,0,1.0,0.25,286,287,1,measured,525,0,1,239,0,284,8080,-1,-1,286,1,287,0,3.2690136432647705,4.430542469024658,0.7378359797066595,1,0.61796875,0 0 0,2.873 3.432 2.615,0,0,1.5624834299087524,1.6093521118164062,0.9708772980359437,0.3937238493723849,1
63030,130,2040,Program,0,1.0,0.25,23,26,1,measured,262,0,1,237,0,21 24,8080 8080,24,26,25,1,26,0,4.071796894073486,4.979206085205078,0.8177602662746146,1,0.6534375,0 0 0,3.229 4.579 2.619,0,1.0,0.25,286,288,1,measured,525,0,1,238,0,284,8080,-1,-1,287,1,288,0,4.055419921875,5.033893585205078,0.8056228947298624,1,0.65015625,0 0 0,3.317 4.189 3.027,0,-1,2.133596181869507,2.496713638305664,0.8545618324564533,0.39053347280334727,1
63031,131,2041,Program,0,1.0,0.25,23,26,1,measured,262,0,1,237,0,21 24,8080 8080,24,26,25,1,26,0,4.387704849243164,5.211183071136475,0.8419786427281045,1,0.628359375,0 1 0,3.470 4.949 2.531,0,1.0,0.25,286,288,1,measured,525,0,1,238,0,284,8080,-1,-1,287,1,288,0,4.589726448059082,5.1018476486206055,0.8996204442325936,1,0.616875,0 1 0,3.560 4.397 3.063,0,-1,2.23453426361084,2.718055248260498,0.8221077423061572,0.38509414225941424,1
63032,132,2042,Program,0,1.0,0.25,23,23,0,vbi_ambiguous,262,0,1,240,0,21 24,8080 8080,24,26,-1,0,-1,0,4.963964939117432,5.405935764312744,0.9182434190000961,1,0.59015625,0 1 0,3.773 5.174 2.898,0,1.0,0.25,286,288,1,measured,525,0,1,238,0,284,8080,-1,-1,287,1,288,0,4.960039138793945,5.363119125366211,0.9248422462470024,1,0.6553125,0 1 0,3.809 4.726 3.249,0,-1,2.40390682220459,2.934680700302124,0.8191374352777488,0.45967573221757324,1
63033,133,2043,Program,0,1.0,0.25,23,25,1,measured,262,0,1,238,0,21 23,8080 8080,23,25,24,1,25,-1,5.137392044067383,5.42282247543335,0.9473649685824986,1,0.592059748427673,-1 0 -1,4.061 5.515 2.610,0,1.0,0.25,286,288,1,measured,525,0,1,238,0,284,8080,-1,-1,287,1,288,0,5.216953277587891,5.32398796081543,0.9798957691085489,1,0.5703125,0 1 0,3.891 5.344 3.083,0,0,1.3910712003707886,1.5328433513641357,0.9075103461373409,0.3754707112970711,1
63034,134,2044,Program,0,1.0,0.25,23,26,1,measured,262,0,1,237,0,21 24,8080 8080,24,26,25,1,26,2,5.845183849334717,5.959925174713135,0.9807478580661978,1,0.6122626582278481,1 2 2,3.833 6.015 3.668,0,1.0,0.25,286,288,1,measured,525,0,1,238,0,284,8080,-1,-1,287,1,288,1,5.9524078369140625,5.993964672088623,0.9930668868690412,1,0.6103773584905661,0 1 1,3.812 5.988 4.308,0,0,1.2863298654556274,1.292555809020996,0.9951832303704671,0.3413702928870293,1
63035,135,2045,Program,0,1.0,0.25,23,23,0,vbi_ambiguous,262,0,1,240,0,21 24,8080 8080,24,26,-1,0,-1,0,5.851640701293945,5.929943084716797,0.9867954241205688,1,0.575859375,0 1 1,3.679 6.302 3.517,0,1.0,0.25,286,288,1,measured,525,0,1,238,0,284,8080,-1,-1,287,1,288,1,5.89664888381958,6.105488300323486,0.9657948052258423,1,0.6043238993710692,0 1 1,3.825 6.239 3.902,0,-1,1.9214500188827515,2.483997344970703,0.7735314302058618,0.4307531380753138,1
63036,136,2046,Program,0,1.0,0.25,23,23,0,vbi_ambiguous,262,0,1,240,0,21 24,8080 8080,24,26,-1,0,-1,1,5.723938465118408,5.826132774353027,0.9824593236727311,1,0.6169811320754717,0 1 1,3.742 5.866 3.410,0,1.0,0.25,286,287,1,measured,525,0,1,239,0,284,8080,-1,-1,286,1,287,1,5.712028503417969,5.93362283706665,0.9626544625882846,1,0.6030660377358491,0 1 1,3.855 5.871 3.589,0,-1,2.303931713104248,2.6666295528411865,0.8639864171045061,0.41736401673640167,1
63037,137,2047,Program,0,1.0,0.25,23,23,0,vbi_ambiguous,262,0,1,240,0,21 24,8080 8080,24,26,-1,0,-1,1,5.874164581298828,5.955673694610596,0.9863140397726077,1,0.6145440251572327,0 1 1,3.373 6.078 4.064,0,1.0,0.25,286,287,1,measured,525,0,1,239,0,284,8080,-1,-1,286,1,287,1,5.867669105529785,6.049551010131836,0.9699346440260718,1,0.6141509433962264,0 1 1,3.273 5.897 4.614,0,-1,2.593672752380371,3.044914484024048,0.8518047932015049,0.42311715481171547,1
63038,138,2048,Program,0,1.0,0.25,23,23,0,vbi_ambiguous,262,0,1,240,0,21 24,8080 8080,24,26,-1,0,-1,1,4.935564041137695,5.194756031036377,0.9501050697376116,1,0.6502358490566038,0 1 2,3.040 5.392 3.291,0,1.0,0.25,286,288,1,measured,525,0,1,238,0,284,8080,-1,-1,287,1,288,1,4.992393970489502,5.269921779632568,0.9473373949845577,1,0.5891509433962264,0 1 1,2.965 5.204 3.620,0,-1,2.560443162918091,2.8807373046875,0.8888152205866774,0.4148012552301255,1
63039,139,2049,Program,0,1.0,0.25,23,25,1,measured,262,0,1,238,0,21 23,8080 8080,23,25,24,1,25,0,4.276054859161377,4.391617298126221,0.9736856763420276,1,0.638828125,-1 0 0,2.714 4.500 2.677,0,1.0,0.25,286,288,1,measured,525,0,1,238,0,284,8080,-1,-1,287,1,288,1,4.172120571136475,4.485634803771973,0.9301070536611978,1,0.6261006289308176,0 1 1,2.582 4.435 2.715,0,0,2.089670181274414,2.225126028060913,0.9391244158405976,0.42264644351464437,1
63040,140,2050,Program,0,1.0,0.25,23,23,0,vbi_ambiguous,262,0,1,240,0,21 23,8080 8080,23,25,-1,0,-1,0,4.275966644287109,4.648024559020996,0.9199535393994879,1,0.633203125,0 0 1,2.908 4.982 2.876,0,1.0,0.25,286,288,1,measured,525,0,1,238,0,284,8080,-1,-1,287,1,288,0,4.101425647735596,4.699793815612793,0.872682038541902,1,0.641953125,0 0 1,2.739 4.443 2.636,0,0,1.7436891794204712,2.5036511421203613,0.6964585241471491,0.39780334728033473,1
63041,141,2051,Program,0,1.0,0.25,23,23,0,vbi_ambiguous,262,0,1,240,0,21 24,8080 8080,24,26,-1,0,-1,1,3.5625393390655518,4.814665794372559,0.7399349178564985,1,0.6107704402515723,1 1 1,2.491 4.114 3.029,0,1.0,0.25,286,288,1,measured,525,0,1,238,0,284,8080,-1,-1,287,1,288,0,3.684072256088257,4.642560958862305,0.7935431087998179,1,0.60453125,0 0 1,2.409 4.285 3.018,0,0,1.464690923690796,1.4903275966644287,0.9827979613133304,0.3676255230125523,1
63042,142,2052,Program,0,1.0,0.25,23,23,0,vbi_ambiguous,262,0,1,240,0,21 24,8080 8080,24,26,-1,0,-1,0,2.8277246952056885,4.904648303985596,0.5765397475916538,1,0.637109375,0 0 0,2.195 3.375 2.355,0,1.0,0.25,286,288,1,measured,525,0,1,238,0,284,8080,-1,-1,287,1,288,0,2.5993261337280273,4.955532550811768,0.5245301301274332,1,0.6590625,0 0 0,2.027 3.072 2.131,0,-1,2.040876626968384,2.8033885955810547,0.728003470580351,0.3903242677824268,1
63043,143,2053,Program,0,1.0,0.25,23,23,0,vbi_ambiguous,262,0,1,240,0,21 24,8080 8080,24,26,-1,0,-1,0,2.258359432220459,4.937077522277832,0.4574283920051784,1,0.6965625,0 0 0,1.839 2.582 2.236,0,1.0,0.25,286,288,1,measured,525,0,1,238,0,284,8080,-1,-1,287,1,288,0,2.4427051544189453,4.9512481689453125,0.4933513875834014,1,0.68578125,0 0 0,1.960 2.750 2.184,0,-1,2.0114669799804688,2.707843780517578,0.7428297726968563,0.3885460251046025,1
63044,144,2054,Program,0,1.0,0.25,23,23,0,vbi_ambiguous,262,0,1,240,0,21 24,8080 8080,24,26,-1,0,-1,0,2.148867130279541,4.90191650390625,0.43837285448806546,1,0.574375,0 0 0,1.636 2.625 2.052,0,1.0,0.25,286,288,1,measured,525,0,1,238,0,284,8080,-1,-1,287,1,288,0,2.270810604095459,5.032625675201416,0.4512178633282867,1,0.680703125,0 0 0,1.822 2.596 1.971,0,-1,1.548732042312622,2.2756125926971436,0.6805780769902514,0.4176255230125523,1
63045,145,2055,Program,0,1.0,0.25,23,23,0,vbi_ambiguous,262,0,1,240,0,21 24,8080 9420,24,26,-1,0,-1,0,2.578125,4.757262229919434,0.5419345992292844,1,0.652421875,0 0 0,2.008 2.973 2.293,0,1.0,0.25,286,288,1,measured,525,0,1,238,0,284,8080,-1,-1,287,1,288,0,2.699091911315918,4.399714946746826,0.6134697233764296,1,0.73859375,0 0 0,1.945 3.078 2.571,0,-1,2.077939748764038,2.724025249481201,0.7628195623956819,0.3573744769874477,1
63046,146,2056,Program,0,1.0,0.25,23,23,0,vbi_ambiguous,262,0,1,240,0,21 24,8080 9420,24,26,-1,0,-1,0,3.075927734375,4.101886749267578,0.749881194288026,1,0.61796875,0 0 0,2.329 3.198 2.827,0,1.0,0.25,286,288,1,measured,525,0,1,238,0,284,8080,-1,-1,287,1,288,0,2.688857316970825,4.005139350891113,0.6713517511875273,1,0.67265625,0 0 0,1.744 2.990 2.662,0,-1,2.226374626159668,2.9239816665649414,0.7614188049185637,0.3719142259414226,1
63047,147,2057,Program,0,1.0,0.25,23,23,0,vbi_ambiguous,262,0,1,240,0,21 24,8080 9454,24,26,-1,0,-1,0,3.2503321170806885,3.7658214569091797,0.8631137068692625,1,0.64,0 0 0,2.165 3.411 3.340,0,1.0,0.25,286,288,1,measured,525,0,1,238,0,284,8080,-1,-1,287,1,288,0,3.447197198867798,3.658529758453369,0.9422356592570368,1,0.628515625,0 1 1,2.152 3.507 3.218,0,-1,1.9869343042373657,2.5904996395111084,0.7670081377090443,0.3860355648535565,1
63048,148,2058,Program,0,1.0,0.25,23,25,1,measured,262,0,1,238,0,21 23,8080 9454,23,25,24,1,25,-1,3.0670695304870605,3.332890510559082,0.9202431105282751,1,0.6477987421383647,-1 0 0,2.175 3.011 2.944,0,1.0,0.25,286,288,1,measured,525,0,1,238,0,284,8080,-1,-1,287,1,288,0,2.8869433403015137,3.451385498046875,0.836459254387904,1,0.66109375,0 0 1,1.956 2.952 2.944,0,0,1.381142020225525,1.6545884609222412,0.8347344689299346,0.351255230125523,1
63049,149,2059,Program,0,1.0,0.25,23,23,0,vbi_ambiguous,262,0,1,240,0,21 24,8080 d94f,24,26,-1,0,-1,1,2.4369890689849854,3.9377176761627197,0.6188836451474132,1,0.6921383647798742,1 1 1,2.061 2.464 2.727,0,1.0,0.25,286,288,1,measured,525,0,1,238,0,284,8080,-1,-1,287,1,288,0,2.6037402153015137,3.8266215324401855,0.6804279423058447,1,0.68515625,0 0 0,2.076 2.612 3.133,0,0,1.4667706489562988,1.4985238313674927,0.9788103587366928,0.3732217573221757,1
63050,150,2060,Program,0,1.0,0.25,23,23,0,vbi_ambiguous,262,0,1,240,0,21 24,8080 d5a7,24,26,-1,0,-1,0,2.2231738567352295,4.464828968048096,0.497930351340455,1,0.691796875,0 0 0,1.862 2.423 2.467,0,1.0,0.25,286,288,1,measured,525,0,1,238,0,284,8080,-1,-1,287,1,288,0,2.317451238632202,4.524970531463623,0.5121472554391667,1,0.694453125,0 0 0,2.000 2.439 2.341,0,-1,2.204608678817749,2.541630506515503,0.8673993616169644,0.39053347280334727,1
63051,151,2061,Program,0,1.0,0.25,23,25,1,measured,262,0,1,238,0,21 23,8080 5245,23,25,24,1,25,-1,2.4962756633758545,4.807792663574219,0.519214499886538,1,0.6833333333333333,-1 -1 -1,1.812 2.817 2.517,0,1.0,0.25,286,288,1,measured,525,0,1,238,0,284,8080,-1,-1,287,1,288,0,2.5187597274780273,4.831515312194824,0.5213187922887539,1,0.670859375,0 0 0,1.824 2.882 2.594,0,0,1.2393630743026733,1.4354835748672485,0.8633767017621834,0.30915271966527197,1
63052,152,2062,Program,0,1.0,0.25,23,25,1,measured,262,0,1,238,0,21 23,8080 2054,23,25,24,1,25,0,2.438417911529541,4.885318279266357,0.4991318420088129,1,0.6753125,0 0 0,1.839 2.718 2.612,0,1.0,0.25,286,288,1,measured,525,0,1,238,0,284,8080,-1,-1,287,1,288,0,2.395742177963257,4.739003658294678,0.505537102460343,1,0.68078125,0 0 0,1.646 2.745 2.694,0,0,1.736116886138916,2.542773723602295,0.6827649940000934,0.3800209205020921,1
63053,153,2063,Program,0,1.0,0.25,23,23,0,vbi_ambiguous,262,0,1,240,0,21 24,8080 c1cb,24,26,-1,0,-1,1,2.47782039642334,5.008925914764404,0.49468098322629805,1,0.660377358490566,1 1 1,1.980 2.723 2.045,0,1.0,0.25,286,288,1,measured,525,0,1,238,0,284,8080,-1,-1,287,1,288,0,2.2299022674560547,4.93329381942749,0.45201083679115533,1,0.6971875,0 0 0,1.826 2.339 2.201,0,0,1.6182098388671875,1.772910475730896,0.9127419917805314,0.2825836820083682,1
63054,154,2064,Program,0,1.0,0.25,23,25,1,measured,262,0,1,238,0,21 23,8080 49ce,23,25,24,1,25,-1,2.44710111618042,4.529882907867432,0.5402128853993846,1,0.6635220125786163,-1 -1 -1,2.092 2.550 2.059,0,1.0,0.25,286,287,1,measured,525,0,1,239,0,284,8080,-1,-1,286,1,287,0,2.3203907012939453,4.718966007232666,0.4917159177958748,1,0.68296875,0 0 0,1.941 2.474 1.994,0,0,1.5031211376190186,1.7697224617004395,0.8493541615416597,0.2995292887029289,1
63055,155,2065,Program,0,1.0,0.25,23,26,1,measured,262,0,1,237,0,21 24,8080 c720,24,26,25,1,26,1,2.2836968898773193,4.32439661026001,0.5280960780653302,1,0.6879716981132076,1 1 1,1.962 2.440 2.038,0,1.0,0.25,286,287,1,measured,525,0,1,239,0,284,8080,-1,-1,286,1,287,0,2.337167978286743,4.196246147155762,0.5569663685889562,1,0.699765625,0 0 0,1.890 2.498 2.215,0,0,1.4500501155853271,1.4517903327941895,0.9988013302130804,0.2870292887029289,1
63056,156,2066,Program,0,1.0,0.25,23,26,1,measured,262,0,1,237,0,21 24,8080 4345,24,26,25,1,26,0,1.9926464557647705,4.415615081787109,0.45127268089642836,1,0.721640625,0 0 0,1.667 2.107 2.127,0,1.0,0.25,286,287,1,measured,525,0,1,239,0,284,8080,-1,-1,286,1,287,0,1.7846288681030273,4.489779949188232,0.3974869343932311,1,0.6159375,0 0 0,1.609 1.756 1.792,0,-1,1.7561113834381104,2.47546124458313,0.709407746649591,0.44555439330543933,1
63057,157,2067,Program,0,1.0,0.25,23,25,1,measured,262,0,1,238,0,21 23,8080 4c4c,23,25,24,1,25,-1,2.5069773197174072,4.649021148681641,0.5392484223110774,1,0.6587264150943396,-1 -1 -1,2.019 2.622 2.554,0,1.0,0.25,286,287,1,measured,525,0,1,239,0,284,8080,-1,-1,286,1,287,0,2.51025390625,4.636360168457031,0.5414277180897717,1,0.6690625,0 0 0,1.965 2.675 2.482,0,0,1.4416077136993408,1.6805546283721924,0.8578166334858756,0.38038702928870294,1
63058,158,2068,Program,0,1.0,0.25,23,26,1,measured,262,0,1,237,0,21 24,8080 d380,24,26,25,1,26,1,3.0340211391448975,4.539199352264404,0.6684044704120253,1,0.6372641509433963,1 1 1,2.116 3.545 2.538,0,1.0,0.25,286,287,1,measured,525,0,1,239,0,284,8080,-1,-1,286,1,287,0,3.0376758575439453,4.304196357727051,0.705747508960784,1,0.64375,0 0 0,1.981 3.589 2.617,0,-1,1.3331282138824463,1.4138412475585938,0.9429122372716725,0.3929916317991632,1
63059,159,2069,Program,0,1.0,0.25,23,26,1,measured,262,0,1,237,0,21 24,8080 94f4,24,26,25,1,26,0,3.123730421066284,4.504274845123291,0.6935035113250914,1,0.625703125,0 0 0,2.183 3.787 2.525,0,1.0,0.25,286,287,1,measured,525,0,1,239,0,284,8080,-1,-1,286,1,287,0,3.078916072845459,4.579608917236328,0.6723098256834347,1,0.623828125,0 0 0,2.170 3.739 2.626,0,-1,1.8748860359191895,2.4584641456604004,0.762624925496138,0.4015167364016736,1
63060,160,2070,Program,0,1.0,0.25,23,25,1,measured,262,0,1,238,0,21 23,8080 94f4,23,25,24,1,25,-1,3.06365966796875,4.788597583770752,0.63978223569087,1,0.6864779874213837,-1 -1 -1,2.239 3.582 2.673,0,1.0,0.25,286,288,1,measured,525,0,1,238,0,284,8080,-1,-1,287,1,288,0,2.9375977516174316,4.498633861541748,0.6529977415434013,1,0.64875,0 0 0,2.066 3.383 2.822,0,0,1.6870872974395752,1.8292558193206787,0.9222806780880435,0.3326882845188284,1
63061,161,2071,Program,0,1.0,0.25,23,23,0,vbi_ambiguous,262,0,1,240,0,21 24,8080 4fd5,24,26,-1,0,-1,1,2.39906644821167,4.653925895690918,0.5154930486609105,1,0.6861635220125786,1 1 1,1.957 2.412 2.832,0,1.0,0.25,286,288,1,measured,525,0,1,238,0,284,8080,-1,-1,287,1,288,0,2.3874316215515137,4.729716777801514,0.5047726394013067,1,0.688359375,0 0 0,1.881 2.482 2.630,0,-1,1.56639564037323,1.6125785112380981,0.9713608543441336,0.30711297071129706,1
63062,162,2072,Program,0,1.0,0.25,23,25,1,measured,262,0,1,238,0,21 23,8080 5420,23,25,24,1,25,-1,2.290693759918213,4.851888656616211,0.47212414011078757,1,0.669496855345912,-1 -1 -1,2.059 2.298 2.495,0,1.0,0.25,286,288,1,measured,525,0,1,238,0,284,8080,-1,-1,287,1,288,0,2.376455068588257,4.582714080810547,0.5185693514110599,1,0.68546875,0 0 0,1.835 2.565 2.712,0,0,1.2017959356307983,1.4800628423690796,0.8119898028837275,0.37384937238493726,1
63063,163,2073,Program,0,1.0,0.25,23,25,1,measured,262,0,1,238,0,21 23,8080 4f46,23,25,24,1,25,0,2.8145508766174316,4.55826473236084,0.6174610387667644,1,0.656796875,0 0 0,1.901 3.484 2.391,0,1.0,0.25,286,288,1,measured,525,0,1,238,0,284,8080,-1,-1,287,1,288,0,2.493769645690918,4.658313751220703,0.535337415827225,1,0.70265625,0 0 0,1.657 3.147 2.171,0,0,1.80836820602417,2.3863773345947266,0.7577880412324991,0.39320083682008367,1
63064,164,2074,Program,0,1.0,0.25,23,23,0,vbi_ambiguous,262,0,1,240,0,21 24,8080 20d9,24,26,-1,0,-1,1,2.0643868446350098,4.289052963256836,0.48131530720652255,1,0.7191037735849056,1 1 1,1.676 2.269 2.137,0,1.0,0.25,286,288,1,measured,525,0,1,238,0,284,8080,-1,-1,287,1,288,0,2.102353572845459,4.024233341217041,0.5224233772213737,1,0.601953125,0 0 0,1.603 2.304 2.141,0,0,1.5955947637557983,1.6295117139816284,0.9791858199393021,0.32426778242677823,1
63065,165,2075,Program,0,1.0,0.25,23,25,1,measured,262,0,1,238,0,21 23,8080 4fd5,23,25,24,1,25,-1,2.0211968421936035,4.4556169509887695,0.45362895069897535,1,0.7197327044025157,-1 -1 -1,1.639 2.235 2.359,0,1.0,0.25,286,288,1,measured,525,0,1,238,0,284,8080,-1,-1,287,1,288,0,2.013124942779541,4.5514445304870605,0.44230461983991526,1,0.706015625,0 0 0,1.755 2.152 1.844,0,0,1.2314568758010864,1.468990445137024,0.838301487853598,0.28593096234309623,1
63066,166,2076,Program,0,1.0,0.25,23,25,1,measured,262,0,1,238,0,21 23,8080 5220,23,25,24,1,25,0,2.451103448867798,5.105051040649414,0.4801329956058564,1,0.678671875,0 0 0,1.988 2.814 2.122,0,1.0,0.25,286,287,1,measured,525,0,1,239,0,284,8080,-1,-1,286,1,287,0,2.301699161529541,4.973270416259766,0.46281399740587076,1,0.690390625,0 0 0,1.662 2.780 2.094,0,0,1.536444067955017,2.238231897354126,0.6864543704212637,0.4012029288702929,1
63067,167,2077,Program,0,1.0,0.25,23,26,1,measured,262,0,1,237,0,21 24,8080 c24f,24,26,25,1,26,1,2.5554442405700684,5.01645565032959,0.509412305957927,1,0.6654088050314465,1 1 1,2.026 2.900 2.154,0,1.0,0.25,286,287,1,measured,525,0,1,239,0,284,8080,-1,-1,286,1,287,0,2.4383203983306885,4.764494895935059,0.51176891813044,1,0.695390625,0 0 0,1.781 2.855 2.306,0,0,1.108416199684143,1.1573878526687622,0.9576877769438327,0.2787133891213389,1
63068,168,2078,Program,0,1.0,0.25,23,26,1,measured,262,0,1,237,0,21 24,8080 c4d9,24,26,25,1,26,0,2.351611375808716,4.778921127319336,0.4920799722693513,1,0.6871875,0 0 0,1.812 2.660 2.076,0,1.0,0.25,286,288,1,measured,525,0,1,238,0,284,8080,-1,-1,287,1,288,0,2.470654249191284,4.958067893981934,0.4983098864358324,1,0.6675,0 0 0,1.875 2.865 2.092,0,-1,1.9856427907943726,2.481710433959961,0.8001105864820683,0.41574267782426777,1
63069,169,2079,Program,0,1.0,0.25,23,23,0,vbi_ambiguous,262,0,1,240,0,21 24,8080 942c,24,26,-1,0,-1,0,2.111083984375,4.816135883331299,0.4383356357700549,1,0.7015625,0 0 0,1.722 2.281 2.099,0,1.0,0.25,286,288,1,measured,525,0,1,238,0,284,8080,-1,-1,287,1,288,0,2.3280272483825684,4.905758857727051,0.47454987411696714,1,0.683125,0 0 0,2.085 2.305 2.093,0,-1,1.7693709135055542,2.45539927482605,0.7206041525083139,0.43064853556485355,1
63070,170,2080,Program,0,1.0,0.25,23,23,0,vbi_ambiguous,262,0,1,240,0,21 24,8080 942c,24,26,-1,0,-1,0,2.13525390625,4.639298439025879,0.46025362117000235,1,0.6984375,0 0 0,1.697 2.302 2.301,0,1.0,0.25,286,288,1,measured,525,0,1,238,0,284,8080,-1,-1,287,1,288,0,2.3662402629852295,4.650137424468994,0.5088538352724993,1,0.681328125,0 0 0,2.051 2.392 2.207,0,-1,2.048544406890869,2.623960494995117,0.7807070307644556,0.392102510460251,1
63071,171,2081,Program,0,1.0,0.25,23,23,0,vbi_ambiguous,262,0,1,240,0,21 24,8080 942f,24,26,-1,0,-1,0,2.5669922828674316,3.944359302520752,0.6508008236539009,1,0.683203125,0 0 0,1.910 2.638 2.855,0,1.0,0.25,286,288,1,measured,525,0,1,238,0,284,8080,-1,-1,287,1,288,0,2.512763738632202,4.007763385772705,0.6269740742560669,1,0.68265625,0 0 0,1.884 2.580 2.627,0,-1,2.016599416732788,2.5260422229766846,0.7983237169948926,0.41176778242677825,1
63072,172,2082,Program,0,1.0,0.25,23,25,1,measured,262,0,1,238,0,21 23,8080 942f,23,25,24,1,25,-1,2.66290283203125,3.7146756649017334,0.7168601170734225,1,0.6706761006289308,-1 -1 -1,2.080 2.535 2.958,0,1.0,0.25,286,288,1,measured,525,0,1,238,0,284,8080,-1,-1,287,1,288,0,2.9823241233825684,3.5595812797546387,0.8378300392646574,1,0.64390625,0 0 -1,2.274 2.797 2.929,0,0,1.3544195890426636,1.5734694004058838,0.860785464714652,0.36610878661087864,1
63073,173,2083,Program,0,1.0,0.25,23,23,0,vbi_ambiguous,262,0,1,240,0,21 24,8080 8080,24,26,-1,0,-1,1,3.082183599472046,3.792919874191284,0.8126150041936281,1,0.6802672955974842,1 1 0,2.576 3.084 2.821,0,1.0,0.25,286,288,1,measured,525,0,1,238,0,284,8080,-1,-1,287,1,288,0,2.399833917617798,3.8098859786987305,0.6298965194852008,1,0.706171875,0 0 0,1.794 2.404 2.994,0,0,1.4277982711791992,1.4769219160079956,0.9667391726696197,0.29414225941422595,1
63074,174,2084,Program,0,1.0,0.25,23,23,0,vbi_ambiguous,262,0,1,240,0,21 24,8080 8080,24,26,-1,0,-1,0,2.494882822036743,4.3753342628479,0.570215364622868,1,0.6528125,0 0 0,2.367 2.371 2.520,0,1.0,0.25,286,288,1,measured,525,0,1,238,0,284,8080,-1,-1,287,1,288,0,2.487929582595825,3.836792469024658,0.648439967155241,1,0.693203125,0 0 0,1.991 2.498 2.745,0,-1,1.8983229398727417,2.643512725830078,0.7181062233307984,0.3816422594142259,1
63075,175,2085,Program,0,1.0,0.25,23,25,1,measured,262,0,1,238,0,21 23,8080 8080,23,25,24,1,25,-1,2.191499710083008,4.7197980880737305,0.46432064872025375,1,0.6573899371069183,-1 -1 -1,1.982 2.249 2.053,0,1.0,0.25,286,288,1,measured,525,0,1,238,0,284,8080,-1,-1,287,1,288,0,2.0366601943969727,4.89168643951416,0.41635133804677243,1,0.6965625,0 0 0,1.988 1.929 2.016,0,0,1.4414271116256714,1.6782312393188477,0.8588966036710833,0.37123430962343096,1
63076,176,2086,Program,0,1.0,0.25,23,25,1,measured,262,0,1,238,0,21 23,8080 8080,23,25,24,1,25,0,2.0834081172943115,4.545754909515381,0.4583195000093883,1,0.7028125,0 0 0,1.917 2.228 1.728,0,1.0,0.25,286,288,1,measured,525,0,1,238,0,284,8080,-1,-1,287,1,288,0,2.291318416595459,4.984099864959717,0.4597256232172182,1,0.658828125,0 0 0,2.232 2.276 1.770,0,0,1.723700761795044,2.374857187271118,0.7258123861231842,0.41663179916317994,1
63077,177,2087,Program,0,1.0,0.25,23,23,0,vbi_ambiguous,262,0,1,240,0,21 24,8080 8080,24,26,-1,0,-1,1,2.3913326263427734,4.20377779006958,0.5688532424315398,1,0.6691037735849057,1 1 1,2.145 2.538 2.056,0,1.0,0.25,286,288,1,measured,525,0,1,238,0,284,8080,-1,-1,287,1,288,0,2.8682618141174316,4.299007415771484,0.667191641399554,1,0.6909375,0 0 0,2.619 2.974 2.219,0,0,1.684445858001709,1.686983346939087,0.9984958423318274,0.3735355648535565,1
63078,178,2088,Program,0,1.0,0.25,23,23,0,vbi_ambiguous,262,0,1,240,0,21 23,8080 8080,23,25,-1,0,-1,-1,2.678576946258545,3.905879020690918,0.6857808273295486,1,0.6572327044025157,-1 -1 -1,2.291 2.906 2.250,0,1.0,0.25,286,288,1,measured,525,0,1,238,0,284,8080,-1,-1,287,1,288,0,2.5019237995147705,4.021255970001221,0.6221747180928676,1,0.670546875,0 0 0,2.063 2.819 1.995,0,0,1.7198817729949951,1.9260287284851074,0.8929678709142337,0.3407949790794979,1
63079,179,2089,Program,0,1.0,0.25,23,25,1,measured,262,0,1,238,0,21 23,8080 8080,23,25,24,1,25,0,2.471621036529541,3.916961431503296,0.6310046906897815,1,0.664296875,0 0 0,2.122 2.636 2.411,0,1.0,0.25,286,288,1,measured,525,0,1,238,0,284,8080,-1,-1,287,1,288,0,2.6758105754852295,3.759552001953125,0.7117365510824478,1,0.6690625,0 0 0,2.349 2.703 2.542,0,0,2.0081968307495117,2.3100545406341553,0.8693287519515545,0.37845188284518827,1
63080,180,2090,Program,0,1.0,0.25,23,23,0,vbi_ambiguous,262,0,1,240,0,21 23,8080 8080,23,25,-1,0,-1,0,2.041386604309082,4.392934322357178,0.4646977292421041,1,0.698125,0 0 0,1.901 2.083 2.006,0,1.0,0.25,286,288,1,measured,525,0,1,238,0,284,8080,-1,-1,287,1,288,0,1.9099804162979126,4.482812404632568,0.42606744246627987,1,0.71921875,0 0 0,1.709 1.921 1.850,0,0,1.9506245851516724,2.517822504043579,0.7747268054118205,0.42390167364016734,1
63081,181,2091,Program,0,1.0,0.25,23,25,1,measured,262,0,1,238,0,21 23,8080 8080,23,25,24,1,25,0,1.7784863710403442,4.902692794799805,0.36275704913160206,1,0.745078125,0 0 0,1.638 1.857 1.649,0,1.0,0.25,286,288,1,measured,525,0,1,238,0,284,8080,-1,-1,287,1,288,0,1.859531283378601,4.874164581298828,0.38150769272610163,1,0.718046875,0 0 0,1.858 1.798 1.636,0,0,1.6346490383148193,2.368112564086914,0.6902750583332595,0.4563284518828452,1
63082,182,2092,Program,0,1.0,0.25,23,25,1,measured,262,0,1,238,0,21 23,8080 8080,23,25,24,1,25,0,2.119746208190918,4.786301136016846,0.44287773542702086,1,0.703671875,0 0 0,1.696 2.459 2.060,0,1.0,0.25,286,288,1,measured,525,0,1,238,0,284,8080,-1,-1,287,1,288,0,2.036445379257202,4.948113441467285,0.4115599618616113,1,0.57765625,0 0 0,1.604 2.357 1.896,0,0,1.5401867628097534,2.3234500885009766,0.6628878194682623,0.4277719665271967,1
63083,183,2093,Program,0,1.0,0.25,23,25,1,measured,262,0,1,238,0,21 23,8080 8080,23,25,24,1,25,0,2.5431249141693115,4.854432106018066,0.5238769146686768,1,0.67203125,0 0 0,1.957 2.887 2.422,0,1.0,0.25,286,288,1,measured,525,0,1,238,0,284,8080,-1,-1,287,1,288,0,2.599247932434082,4.694899559020996,0.5536322768481314,1,0.681640625,0 0 0,1.804 2.979 2.453,0,0,1.6237107515335083,2.4742517471313477,0.6562431464041772,0.3929916317991632,1
63084,184,2094,Program,0,1.0,0.25,23,23,0,vbi_ambiguous,262,0,1,240,0,21 23,8080 8080,23,25,-1,0,-1,0,2.443711042404175,4.667826175689697,0.5235222886257334,1,0.678203125,0 0 0,1.969 2.629 2.183,0,1.0,0.25,286,287,1,measured,525,0,1,239,0,284,8080,-1,-1,286,1,287,0,2.3329687118530273,4.702859878540039,0.4960744678995787,1,0.6975,0 0 0,1.771 2.502 2.263,0,0,1.6099555492401123,2.2597744464874268,0.7124408153843022,0.43781380753138077,1
63085,185,2095,Program,0,1.0,0.25,23,23,0,vbi_ambiguous,262,0,1,240,0,21 23,8080 8080,23,25,-1,0,-1,0,2.286757707595825,4.9406938552856445,0.46284140944078334,1,0.684921875,0 0 0,2.013 2.311 2.033,0,1.0,0.25,286,287,1,measured,525,0,1,239,0,284,8080,-1,-1,286,1,287,0,2.326406240463257,4.8041863441467285,0.4842456295013781,1,0.69125,0 0 0,1.942 2.265 2.299,0,0,1.7565573453903198,2.5018656253814697,0.7020989966727291,0.42222803347280335,1
63086,186,2096,Program,0,1.0,0.25,23,25,1,measured,262,0,1,238,0,21 23,8080 8080,23,25,24,1,25,0,2.1617870330810547,4.665487289428711,0.46335717985543273,1,0.71078125,0 0 0,1.890 2.255 2.297,0,1.0,0.25,286,287,1,measured,525,0,1,239,0,284,8080,-1,-1,286,1,287,0,2.2573535442352295,4.651788711547852,0.485265708356756,1,0.6725,0 0 0,2.034 2.313 1.924,0,0,1.889114260673523,2.4312474727630615,0.7770143853462126,0.3819037656903766,1
63087,187,2097,Program,0,1.0,0.25,23,23,0,vbi_ambiguous,262,0,1,240,0,21 23,8080 8080,23,25,-1,0,-1,0,2.323369026184082,4.097749710083008,0.5669865634953624,1,0.69921875,0 0 0,1.855 2.382 2.885,0,1.0,0.25,286,287,1,measured,525,0,1,239,0,284,8080,-1,-1,286,1,287,0,2.523486375808716,4.108107089996338,0.6142698621352067,1,0.752734375,0 0 0,2.168 2.494 2.526,0,0,1.602190375328064,2.3426291942596436,0.6839282884606989,0.3716004184100418,1
63088,188,2098,Program,0,1.0,0.25,23,23,0,vbi_ambiguous,262,0,1,240,0,21 24,8080 8080,24,26,-1,0,-1,1,2.427731990814209,4.276962757110596,0.5676299113846671,1,0.6987421383647798,1 1 1,1.833 2.537 2.403,0,1.0,0.25,286,287,1,measured,525,0,1,239,0,284,8080,-1,-1,286,1,287,0,2.7926855087280273,4.292963981628418,0.6505261913864693,1,0.645625,0 0 0,2.210 2.777 2.791,0,-1,1.2526434659957886,1.2885140180587769,0.9721613024303535,0.3190376569037657,1
63089,189,2099,Program,0,1.0,0.25,23,26,1,measured,262,0,1,237,0,21 24,8080 8080,24,26,25,1,26,0,2.5118749141693115,4.667875289916992,0.5381195422240982,1,0.68109375,0 0 0,1.952 2.743 2.562,0,1.0,0.25,286,287,1,measured,525,0,1,239,0,284,8080,-1,-1,286,1,287,0,2.550839900970459,4.625589847564697,0.5514626209916639,1,0.6825,0 0 0,1.955 2.756 2.296,0,-1,1.757024884223938,2.3380987644195557,0.7514759046802405,0.3880753138075314,1
63090,190,2100,Program,0,1.0,0.25,23,26,1,measured,262,0,1,237,0,21 24,8080 8080,24,26,25,1,26,0,2.698984384536743,4.499056816101074,0.5999000445777231,1,0.62765625,0 0 0,2.198 3.070 2.005,0,1.0,0.25,286,288,1,measured,525,0,1,238,0,284,8080,-1,-1,287,1,288,0,2.409921884536743,4.3976216316223145,0.5480057372847935,1,0.682734375,0 0 0,2.146 2.493 1.969,0,-1,2.0172643661499023,2.500272274017334,0.8068178762421924,0.375836820083682,1
63091,191,2101,Program,0,1.0,0.25,23,23,0,vbi_ambiguous,262,0,1,240,0,21 23,8080 8080,23,25,-1,0,-1,-1,2.660200357437134,4.478867053985596,0.5939449252171728,1,0.6226415094339622,-1 -1 -1,2.309 2.749 2.371,0,1.0,0.25,286,288,1,measured,525,0,1,238,0,284,8080,-1,-1,287,1,288,0,2.556835889816284,3.8655169010162354,0.6614473446343225,1,0.67734375,0 0 0,2.239 2.411 2.765,0,0,1.3930588960647583,1.7316008806228638,0.8044919078371394,0.39351464435146444,1
63092,192,2102,Program,0,1.0,0.25,23,26,1,measured,262,0,1,237,0,21 24,8080 8080,24,26,25,1,26,1,2.337411642074585,4.271964073181152,0.5471515214157718,1,0.6752358490566037,1 1 1,2.073 2.361 2.303,0,1.0,0.25,286,288,1,measured,525,0,1,238,0,284,8080,-1,-1,287,1,288,0,2.1461620330810547,4.372395992279053,0.49084347274831264,1,0.601171875,0 0 0,1.773 2.282 2.119,0,0,1.2579700946807861,1.2642098665237427,0.9950642911369499,0.2825836820083682,1
63093,193,2103,Program,0,1.0,0.25,23,23,0,vbi_ambiguous,262,0,1,240,0,21 24,8080 8080,24,26,-1,0,-1,0,2.2544140815734863,4.461428642272949,0.5053121460270488,1,0.68421875,0 0 0,1.920 2.417 2.178,0,1.0,0.25,286,288,1,measured,525,0,1,238,0,284,8080,-1,-1,287,1,288,0,2.199765682220459,4.337254524230957,0.5071792927832617,1,0.706875,0 0 0,1.875 2.217 2.258,0,-1,1.8964885473251343,2.405099868774414,0.7885279825371838,0.4140690376569038,1
63094,194,2104,Program,0,1.0,0.25,23,23,0,vbi_ambiguous,262,0,1,240,0,21 24,8080 8080,24,26,-1,0,-1,0,2.287949323654175,4.422277927398682,0.5173689580835585,1,0.680078125,0 0 0,1.894 2.462 2.348,0,1.0,0.25,286,288,1,measured,525,0,1,238,0,284,8080,-1,-1,287,1,288,0,2.3007030487060547,4.555208206176758,0.5050708868996052,1,0.696328125,0 0 0,1.910 2.518 2.101,0,-1,1.8828257322311401,2.439180612564087,0.7719091085476848,0.3997384937238494,1
63095,195,2105,Program,0,1.0,0.25,23,23,0,vbi_ambiguous,262,0,1,240,0,21 24,8080 8080,24,26,-1,0,-1,0,2.2937304973602295,4.54339599609375,0.5048493460249331,1,0.685390625,0 0 0,1.826 2.661 2.219,0,1.0,0.25,286,288,1,measured,525,0,1,238,0,284,8080,-1,-1,287,1,288,0,2.235234260559082,4.36940860748291,0.511564484202986,1,0.695625,0 0 0,1.852 2.466 2.183,0,-1,1.6745312213897705,2.2627735137939453,0.7400348338805323,0.4058054393305439,1
63096,196,2106,Program,0,1.0,0.25,23,25,1,measured,262,0,1,238,0,21 23,8080 8080,23,25,24,1,25,-1,2.384925365447998,4.693193435668945,0.5081668586941723,1,0.6769654088050314,-1 -1 -1,1.978 2.588 2.347,0,1.0,0.25,286,287,1,measured,525,0,1,239,0,284,8080,-1,-1,286,1,287,0,2.279794931411743,4.747258186340332,0.48023403023909267,1,0.69859375,0 0 0,1.876 2.404 2.199,0,0,1.1630654335021973,1.4180759191513062,0.8201714857398268,0.3167887029288703,1
63097,197,2107,Program,0,1.0,0.25,23,26,1,measured,262,0,1,237,0,21 24,8080 8080,24,26,25,1,26,1,2.5326552391052246,4.662148475646973,0.5432377909744208,1,0.6762578616352202,1 1 1,2.131 2.654 2.479,0,1.0,0.25,286,287,1,measured,525,0,1,239,0,284,8080,-1,-1,286,1,287,0,2.456406354904175,4.751935958862305,0.5169274956921517,1,0.67796875,0 0 0,2.023 2.635 2.294,0,0,1.3366895914077759,1.4589892625808716,0.9161750711196089,0.2944560669456067,1
63098,198,2108,Program,0,1.0,0.25,23,23,0,vbi_ambiguous,262,0,1,240,0,21 24,8080 8080,24,26,-1,0,-1,0,2.714228630065918,4.507291793823242,0.6021861362038898,1,0.65234375,0 0 0,2.239 2.895 2.494,0,1.0,0.25,286,288,1,measured,525,0,1,238,0,284,8080,-1,-1,287,1,288,0,2.6791014671325684,4.111114501953125,0.6516727923437233,1,0.66625,0 0 0,2.108 2.731 2.804,0,-1,1.8480571508407593,2.414956569671631,0.7652548182645145,0.40413179916317993,1
63099,199,2109,Program,0,1.0,0.25,23,23,0,vbi_ambiguous,262,0,1,240,0,21 24,8080 8080,24,26,-1,0,-1,0,2.801318407058716,3.9855246543884277,0.7028731848325684,1,0.6378125,0 0 0,2.186 3.032 3.119,0,1.0,0.25,286,288,1,measured,525,0,1,238,0,284,8080,-1,-1,287,1,288,0,2.694462776184082,4.047120571136475,0.665772795453793,1,0.648828125,0 0 0,2.090 2.873 2.773,0,-1,1.908989667892456,2.4256181716918945,0.787011612203134,0.36093096234309624,1
63100,200,2110,Program,0,1.0,0.25,23,23,0,vbi_ambiguous,262,0,1,240,0,21 24,8080 8080,24,26,-1,0,-1,0,2.843515634536743,4.466283321380615,0.6366626185411267,1,0.631484375,0 0 0,2.196 3.077 3.453,0,1.0,0.25,286,288,1,measured,525,0,1,238,0,284,8080,-1,-1,287,1,288,0,2.6909961700439453,4.089494705200195,0.6580265690580498,1,0.665703125,0 0 0,1.962 2.806 3.053,0,-1,1.8599356412887573,2.733962059020996,0.6803077735302521,0.34544979079497906,1
63101,201,2111,Program,0,1.0,0.25,23,26,1,measured,262,0,1,237,0,21 24,8080 8080,24,26,25,1,26,0,2.945976495742798,4.665330410003662,0.6314614907929931,1,0.6765625,0 0 0,2.271 3.308 3.021,0,1.0,0.25,286,288,1,measured,525,0,1,238,0,284,8080,-1,-1,287,1,288,0,2.395566463470459,4.47487211227417,0.5353374137552751,1,0.67625,0 0 0,1.817 2.530 2.454,0,-1,1.9944654703140259,2.6920597553253174,0.7408696877432456,0.3390167364016736,1
63102,202,2112,Program,0,1.0,0.25,23,25,1,measured,262,0,1,238,0,21 23,8080 8080,23,25,24,1,25,-1,2.5124213695526123,4.917909622192383,0.5108718058207393,1,0.6724842767295598,-1 -1 -1,1.866 2.934 2.304,0,1.0,0.25,286,288,1,measured,525,0,1,238,0,284,8080,-1,-1,287,1,288,0,2.6402246952056885,4.708235263824463,0.5607673676572089,1,0.666015625,0 0 0,2.041 2.844 2.733,0,0,1.1981391906738281,1.4132903814315796,0.8477657574235975,0.3868200836820084,1
63103,203,2113,Program,0,1.0,0.25,23,23,0,vbi_ambiguous,262,0,1,240,0,21 23,8080 8080,23,25,-1,0,-1,0,2.3967089653015137,4.954117298126221,0.4837812310596709,1,0.664609375,0 0 0,1.862 2.838 2.521,0,1.0,0.25,286,288,1,measured,525,0,1,238,0,284,8080,-1,-1,287,1,288,0,2.6089258193969727,5.080257415771484,0.5135420522782275,1,0.6453125,0 0 0,2.141 2.925 2.258,0,0,1.6309068202972412,2.3408868312835693,0.6967046840974249,0.389592050209205,1
63104,204,2114,Program,0,1.0,0.25,23,26,1,measured,262,0,1,237,0,21 24,8080 8080,24,26,25,1,26,1,2.1374213695526123,4.530211448669434,0.4718149238222409,1,0.706682389937107,1 1 1,1.758 2.447 2.047,0,1.0,0.25,286,288,1,measured,525,0,1,238,0,284,8080,-1,-1,287,1,288,0,2.2057714462280273,4.570096492767334,0.4826531452276547,1,0.690390625,0 0 0,1.822 2.356 2.279,0,-1,1.0329445600509644,1.057539701461792,0.9767430561927549,0.29707112970711297,1
63105,205,2115,Program,0,1.0,0.25,23,23,0,vbi_ambiguous,262,0,1,240,0,21 24,8080 8080,24,26,-1,0,-1,0,2.2946484088897705,4.537519454956055,0.5057054700632669,1,0.69109375,0 0 0,1.875 2.702 1.915,0,1.0,0.25,286,288,1,measured,525,0,1,238,0,284,8080,-1,-1,287,1,288,0,2.255380868911743,4.209935188293457,0.5357281687336347,1,0.704375,0 0 0,1.653 2.597 2.208,0,-1,1.8097140789031982,2.565617799758911,0.7053716571007792,0.4130230125523013,1
63106,206,2116,Program,0,1.0,0.25,23,23,0,vbi_ambiguous,262,0,1,240,0,21 24,8080 8080,24,26,-1,0,-1,0,2.3102049827575684,4.921835899353027,0.4693787094895308,1,0.688515625,0 0 0,1.670 2.895 1.942,0,1.0,0.25,286,288,1,measured,525,0,1,238,0,284,8080,-1,-1,287,1,288,0,2.2860937118530273,4.968484878540039,0.4601188828665174,1,0.697109375,0 0 0,1.696 2.689 1.952,0,-1,1.6610798835754395,2.584273338317871,0.6427647799271313,0.42400627615062764,1
63107,207,2117,Program,0,1.0,0.25,23,23,0,vbi_ambiguous,262,0,1,240,0,21 24,8080 8080,24,26,-1,0,-1,0,2.315419912338257,4.375491142272949,0.5291794308456671,1,0.68859375,0 0 0,1.829 2.596 2.096,0,1.0,0.25,286,288,1,measured,525,0,1,238,0,284,8080,-1,-1,287,1,288,0,2.7811036109924316,4.930807590484619,0.5640259855929795,1,0.70828125,0 0 0,2.534 2.811 2.253,0,-1,1.8512626886367798,2.578436851501465,0.7179786805943144,0.39660041841004184,1
63108,208,2118,Program,0,1.0,0.25,23,26,1,measured,262,0,1,237,0,21 24,8080 8080,24,26,25,1,26,0,2.5061230659484863,4.1161065101623535,0.6088576813454801,1,0.681796875,0 0 0,1.757 2.966 2.328,0,1.0,0.25,286,288,1,measured,525,0,1,238,0,284,8080,-1,-1,287,1,288,0,2.7445409297943115,3.9460692405700684,0.6955126133057467,1,0.657734375,0 0 0,1.994 2.958 2.487,0,-1,1.7835004329681396,2.467630386352539,0.7227583364315644,0.43284518828451884,1
63109,209,2119,Program,0,1.0,0.25,23,25,1,measured,262,0,1,238,0,21 23,8080 8080,23,25,24,1,25,-1,2.7121658325195312,3.9828224182128906,0.6809657945373552,1,0.6628144654088051,-1 -1 -1,1.910 3.188 2.177,0,1.0,0.25,286,288,1,measured,525,0,1,238,0,284,8080,-1,-1,287,1,288,0,2.477548837661743,4.158539772033691,0.5957737507582195,1,0.689453125,0 0 0,1.956 2.475 2.301,0,0,1.2883437871932983,1.4723695516586304,0.875013875247538,0.27118200836820083,1
63110,210,2120,Program,0,1.0,0.25,23,23,0,vbi_ambiguous,262,0,1,240,0,21 23,8080 8080,23,25,-1,0,-1,0,2.2490429878234863,4.557940483093262,0.49343404025696397,1,0.70578125,0 0 0,1.767 2.668 1.814,0,1.0,0.25,286,288,1,measured,525,0,1,238,0,284,8080,-1,-1,287,1,288,0,2.573544979095459,4.432615756988525,0.5805928418311402,1,0.65640625,0 0 0,2.198 2.694 2.052,0,0,1.6446841955184937,2.3476943969726562,0.7005529329708791,0.4342573221757322,1
63111,211,2121,Program,0,1.0,0.25,23,25,1,measured,262,0,1,238,0,21 23,8080 8080,23,25,24,1,25,0,2.2119433879852295,4.8300018310546875,0.4579591199662601,1,0.69265625,0 0 0,1.883 2.523 1.715,0,1.0,0.25,286,288,1,measured,525,0,1,238,0,284,8080,-1,-1,287,1,288,0,2.087050676345825,4.608765602111816,0.4528437452730298,1,0.726796875,0 0 0,1.689 2.276 1.865,0,0,1.662601351737976,2.3770911693573,0.699426834431217,0.4577928870292887,1
63112,212,2122,Program,0,1.0,0.25,23,23,0,vbi_ambiguous,262,0,1,240,0,21 23,8080 8080,23,25,-1,0,-1,0,2.1120214462280273,4.6585001945495605,0.4533694017441686,1,0.7196875,0 0 0,1.689 2.528 1.586,0,1.0,0.25,286,288,1,measured,525,0,1,238,0,284,8080,-1,-1,287,1,288,0,2.109804630279541,4.812382221221924,0.43841169160994764,1,0.72265625,0 0 0,1.606 2.352 1.932,0,0,1.5014903545379639,2.222323179244995,0.6756399647723943,0.2807531380753138,1
63113,213,2123,Program,0,1.0,0.25,23,23,0,vbi_ambiguous,262,0,1,240,0,21 23,8080 8080,23,25,-1,0,-1,0,1.992529273033142,4.6418633460998535,0.42925203188225863,1,0.599375,0 0 0,1.616 2.320 1.658,0,1.0,0.25,286,288,1,measured,525,0,1,238,0,284,8080,-1,-1,287,1,288,0,1.981142520904541,4.751621246337891,0.4169403279841427,1,0.7390625,0 0 0,1.592 2.141 1.842,0,0,1.6988964080810547,2.3103814125061035,0.7353315772386853,0.2813807531380753,1
63114,214,2124,Program,0,1.0,0.25,23,25,1,measured,262,0,1,238,0,21 23,8080 8080,23,25,24,1,25,0,2.524794816970825,4.779805660247803,0.5282212283166196,1,0.666171875,0 0 0,1.935 3.131 1.650,0,1.0,0.25,286,287,1,measured,525,0,1,239,0,284,8080,-1,-1,286,1,287,0,2.455449104309082,4.586163520812988,0.5354037406572466,1,0.6978125,0 0 0,1.840 2.806 2.017,0,0,1.8169124126434326,2.349306344985962,0.7733824992731161,0.4407949790794979,1
63115,215,2125,Program,0,1.0,0.25,23,26,1,measured,262,0,1,237,0,21 24,8080 8080,24,26,25,1,26,1,2.451552629470825,5.099218845367432,0.4807702324245264,1,0.6731132075471699,1 1 1,1.904 2.990 1.742,0,1.0,0.25,286,287,1,measured,525,0,1,239,0,284,8080,-1,-1,286,1,287,0,2.4694628715515137,5.00241756439209,0.4936538862987962,1,0.666953125,0 0 0,2.018 2.869 1.651,0,0,1.346943736076355,1.4099962711334229,0.9552817717692379,0.311663179916318,1
63116,216,2126,Program,0,1.0,0.25,23,25,1,measured,262,0,1,238,0,21 23,8080 8080,23,25,24,1,25,-1,2.458559274673462,4.361523628234863,0.5636927560721382,1,0.6616352201257861,-1 -1 -1,2.211 2.635 1.654,0,1.0,0.25,286,287,1,measured,525,0,1,239,0,284,8080,-1,-1,286,1,287,0,2.2204296588897705,4.47520637512207,0.4961625169362617,1,0.696953125,0 0 0,2.004 2.248 1.843,0,0,1.329194188117981,1.5603315830230713,0.8518664895205978,0.3332635983263598,1
63117,217,2127,Program,0,1.0,0.25,23,25,1,measured,262,0,1,238,0,21 23,8080 8080,23,25,24,1,25,0,2.3772754669189453,4.038934707641602,0.5885897245184918,1,0.698125,0 0 0,2.067 2.538 1.973,0,1.0,0.25,286,287,1,measured,525,0,1,239,0,284,8080,-1,-1,286,1,287,0,3.0866992473602295,4.193572998046875,0.7360547315613288,1,0.656640625,0 0 0,2.679 3.089 2.856,0,0,2.0939955711364746,2.810739040374756,0.7449982161479075,0.36605648535564855,1
63118,218,2128,Program,0,1.0,0.25,23,26,1,measured,262,0,1,237,0,21 24,8080 8080,24,26,25,1,26,1,2.5021915435791016,4.2919602394104,0.5829950428251952,1,0.664937106918239,1 1 1,2.139 2.656 1.994,0,1.0,0.25,286,287,1,measured,525,0,1,239,0,284,8080,-1,-1,286,1,287,0,2.2289257049560547,4.457340717315674,0.5000572866905206,1,0.69671875,0 0 0,1.837 2.288 2.254,0,-1,1.372745156288147,1.40962815284729,0.973834946127712,0.35517782426778244,1
63119,219,2129,Program,0,1.0,0.25,23,23,0,vbi_ambiguous,262,0,1,240,0,21 24,8080 8080,24,26,-1,0,-1,0,2.547607421875,5.007822513580322,0.5087255818205103,1,0.6840625,0 0 0,1.875 3.068 2.168,0,1.0,0.25,286,287,1,measured,525,0,1,239,0,284,8080,-1,-1,286,1,287,0,2.4381933212280273,4.753557205200195,0.5129197390452658,1,0.70109375,0 0 0,1.722 2.739 2.247,0,-1,1.8798962831497192,2.375074863433838,0.7915103275657598,0.39456066945606694,1
63120,220,2130,Program,0,1.0,0.25,23,23,0,vbi_ambiguous,262,0,1,240,0,21 24,8080 8080,24,26,-1,0,-1,0,2.134834051132202,4.902368545532227,0.4354699226107313,1,0.72578125,0 0 0,1.629 2.584 2.017,0,1.0,0.25,286,288,1,measured,525,0,1,238,0,284,8080,-1,-1,287,1,288,0,2.363037109375,5.001228332519531,0.47249134657776026,1,0.700625,0 0 0,1.881 2.640 2.106,0,-1,1.9971245527267456,2.4884233474731445,0.8025662332555731,0.4308577405857741,1
63121,221,2131,Program,0,1.0,0.25,23,23,0,vbi_ambiguous,262,0,1,240,0,21 24,8080 8080,24,26,-1,0,-1,0,2.016474723815918,4.847336769104004,0.4159964161492846,1,0.72265625,0 0 0,1.716 2.203 2.062,0,1.0,0.25,286,288,1,measured,525,0,1,238,0,284,8080,-1,-1,287,1,288,0,2.118281364440918,4.543013095855713,0.4662723438709178,1,0.699140625,0 0 0,1.814 2.273 2.025,0,-1,2.082401752471924,2.5104331970214844,0.8294989705133757,0.42573221757322177,1
63122,222,2132,Program,0,1.0,0.25,23,23,0,vbi_ambiguous,262,0,1,240,0,21 23,8080 8080,23,25,-1,0,-1,-1,2.120135545730591,4.830771446228027,0.43888136073712186,1,0.6786949685534591,-1 -1 -1,1.613 2.503 1.752,0,1.0,0.25,286,288,1,measured,525,0,1,238,0,284,8080,-1,-1,287,1,288,0,2.034921884536743,4.788600444793701,0.4249512791882995,1,0.7053125,0 0 0,1.792 2.133 1.765,0,0,1.2108629941940308,1.4704004526138306,0.8234919895743791,0.30151673640167365,1
63123,223,2133,Program,0,1.0,0.25,23,25,1,measured,262,0,1,238,0,21 23,8080 8080,23,25,24,1,25,0,2.162168025970459,4.744251251220703,0.4557448396971239,1,0.662265625,0 0 0,1.651 2.557 1.931,0,1.0,0.25,286,288,1,measured,525,0,1,238,0,284,8080,-1,-1,287,1,288,0,1.795078158378601,4.767560958862305,0.3765191832611544,1,0.606953125,0 0 0,1.667 1.678 1.904,0,0,1.940682291984558,2.739886999130249,0.7083074201967486,0.4190899581589958,1
63124,224,2134,Program,0,1.0,0.25,23,25,1,measured,262,0,1,238,0,21 23,8080 8080,23,25,24,1,25,0,2.0295801162719727,4.262735843658447,0.4761214841147903,1,0.607578125,0 0 0,1.584 2.267 2.195,0,1.0,0.25,286,288,1,measured,525,0,1,238,0,284,8080,-1,-1,287,1,288,0,2.165156364440918,3.9968552589416504,0.5417149794446752,1,0.729453125,0 0 0,1.599 2.271 2.440,0,0,1.9517759084701538,2.605766534805298,0.7490217877926619,0.464592050209205,1
63125,225,2135,Program,0,1.0,0.25,23,23,0,vbi_ambiguous,262,0,1,240,0,21 24,8080 8080,24,26,-1,0,-1,1,2.8883352279663086,3.8920507431030273,0.742111400547547,1,0.6602987421383648,1 1 0,1.786 3.402 2.853,0,1.0,0.25,286,288,1,measured,525,0,1,238,0,284,8080,-1,-1,287,1,288,0,2.8371875286102295,3.921029806137085,0.7235822395865351,1,0.649453125,0 0 -1,1.880 2.942 2.998,0,-1,1.244842290878296,1.2531441450119019,0.9933751802083972,0.31182008368200836,1
63126,226,2136,Program,0,1.0,0.25,23,23,0,vbi_ambiguous,262,0,1,240,0,21 23,8080 8080,23,25,-1,0,-1,-1,4.307065486907959,4.422300338745117,0.9739423279718136,1,0.6324685534591195,-1 -2 -2,2.805 5.150 2.170,0,1.0,0.25,286,287,1,measured,525,0,1,239,0,284,8080,-1,-1,286,1,287,-1,4.177840232849121,4.247939586639404,0.9834980341973885,1,0.6217767295597484,0 -1 -1,2.476 4.444 2.794,0,0,1.705774188041687,1.8384722471237183,0.9278215598360885,0.40193514644351463,1
63127,227,2137,Program,0,1.0,0.25,23,23,0,vbi_ambiguous,262,0,1,240,0,21 23,8080 8080,23,25,-1,0,-1,-1,4.562608242034912,4.98019552230835,0.9161504245359662,1,0.6638364779874214,0 -1 -1,3.203 5.422 2.095,0,1.0,0.25,286,287,1,measured,525,0,1,239,0,284,8080,-1,-1,286,1,287,-1,4.6532135009765625,4.888994216918945,0.9517731653012729,1,0.6540880503144654,0 -1 -1,2.996 5.362 2.905,0,0,2.303962469100952,2.677142858505249,0.8606049773478813,0.4096757322175732,1
63128,228,2138,Program,0,1.0,0.25,23,25,1,measured,262,0,1,238,0,21 23,8080 9420,23,25,24,1,25,-1,4.980925559997559,5.36349630355835,0.9286713886039264,1,0.6348270440251572,0 -1 -1,3.566 5.816 2.886,0,1.0,0.25,286,288,1,measured,525,0,1,238,0,284,8080,-1,-1,287,1,288,-1,5.039150714874268,5.544560432434082,0.908845845632178,1,0.6371069182389937,0 -1 -1,3.639 5.514 2.706,0,0,2.1412136554718018,2.4751999378204346,0.8650669478269589,0.3983786610878661,1
63129,229,2139,Program,0,1.0,0.25,23,25,1,measured,262,0,1,238,0,21 23,8080 9420,23,25,24,1,25,-1,5.4399566650390625,5.920097827911377,0.9188964140746794,1,0.6112421383647799,0 -1 -1,3.736 6.304 2.539,0,1.0,0.25,286,288,1,measured,525,0,1,238,0,284,8080,-1,-1,287,1,288,-1,5.48851203918457,5.916074275970459,0.9277287240083286,1,0.6025157232704402,0 -1 -1,3.803 6.088 2.812,0,0,2.260087013244629,2.7509546279907227,0.821564627147406,0.35193514644351465,1
63130,230,2140,Program,0,1.0,0.25,23,25,1,measured,262,0,1,238,0,21 23,8080 94f4,23,25,24,1,25,-1,5.990192413330078,6.38674783706665,0.9379096476245561,1,0.6352987421383648,0 -1 -1,4.145 7.016 2.676,0,1.0,0.25,286,288,1,measured,525,0,1,238,0,284,8080,-1,-1,287,1,288,-1,5.838718414306641,6.141269683837891,0.950734736445872,1,0.6417452830188679,0 -1 -1,3.704 7.033 2.809,0,0,2.3917386531829834,3.0151641368865967,0.7932366347566899,0.42416317991631797,1
63131,231,2141,Program,0,1.0,0.25,23,25,1,measured,262,0,1,238,0,21 23,8080 94f4,23,25,24,1,25,-1,5.867796897888184,5.937168121337891,0.9883157724302281,1,0.6084905660377359,0 -1 -1,3.996 6.840 3.359,0,1.0,0.25,286,288,1,measured,525,0,1,238,0,284,8080,-1,-1,287,1,288,-1,5.966411113739014,6.030107498168945,0.9894369404775498,1,0.602437106918239,0 -1 -1,4.108 7.034 2.879,0,0,2.101043701171875,2.808104991912842,0.7482069606452547,0.39147489539748953,1
63132,232,2142,Program,0,1.0,0.25,23,25,1,measured,262,0,1,238,0,21 23,8080 54c8,23,25,24,1,25,-1,6.0209808349609375,6.06588888168335,0.9925966255567231,1,0.6125,0 -1 -1,4.226 7.048 2.668,0,1.0,0.25,286,288,1,measured,525,0,1,238,0,284,8080,-1,-1,287,1,288,-1,6.024046897888184,6.088525295257568,0.9894098498006393,1,0.6043238993710692,0 -1 -1,4.075 7.283 2.571,0,0,2.165386438369751,2.8382458686828613,0.762931239418887,0.35151673640167364,1
63133,233,2143,Program,0,1.0,0.25,23,25,1,measured,262,0,1,238,0,21 23,8080 c154,23,25,24,1,25,0,5.711005687713623,5.837843894958496,0.9782731074130966,1,0.5821875,0 -1 -1,4.048 6.799 2.190,0,1.0,0.25,286,288,1,measured,525,0,1,238,0,284,8080,-1,-1,287,1,288,0,5.745507717132568,5.944378852844238,0.966544673441109,1,0.57828125,0 -1 -1,4.046 6.071 3.183,0,0,2.232914924621582,2.790954828262329,0.8000541255667017,0.35988493723849374,1
63134,234,2144,Program,0,1.0,0.25,23,25,1,measured,262,0,1,238,0,21 23,8080 20c1,23,25,24,1,25,0,4.801504135131836,5.528321743011475,0.8685283451893097,1,0.595859375,0 0 -1,3.870 5.790 2.279,0,1.0,0.25,286,288,1,measured,525,0,1,238,0,284,8080,-1,-1,287,1,288,0,4.923252105712891,5.466411113739014,0.9006369999027382,1,0.591796875,0 -1 -1,3.814 5.807 2.682,0,0,1.8587511777877808,2.350924491882324,0.7906469068683388,0.4401673640167364,1
63135,235,2145,Program,0,1.0,0.25,23,25,1,measured,262,0,1,238,0,21 23,8080 5245,23,25,24,1,25,0,4.613603591918945,5.6782331466674805,0.8125068965557781,1,0.614296875,0 0 0,3.436 5.862 2.327,0,1.0,0.25,286,288,1,measured,525,0,1,238,0,284,8080,-1,-1,287,1,288,0,4.463535308837891,5.788089752197266,0.771158620535117,1,0.632578125,0 0 0,3.371 5.083 2.878,0,0,1.8436959981918335,2.2635202407836914,0.8145259604806965,0.3631799163179916,1
63136,236,2146,Program,0,1.0,0.25,23,25,1,measured,262,0,1,238,0,21 23,8080 20d3,23,25,24,1,25,0,4.275918006896973,5.708372592926025,0.7490607764804648,1,0.597109375,0 0 0,3.066 5.060 2.596,0,1.0,0.25,286,288,1,measured,525,0,1,238,0,284,8080,-1,-1,287,1,288,0,4.243085861206055,5.814986228942871,0.7296811538584541,1,0.652734375,0 0 0,2.982 4.397 3.376,0,0,1.6311630010604858,2.071153402328491,0.7875626205314649,0.38347280334728034,1
63137,237,2147,Program,0,1.0,0.25,23,25,1,measured,262,0,1,238,0,21 23,8080 5449,23,25,24,1,25,0,4.172539234161377,5.356701850891113,0.778938113471306,1,0.61453125,0 0 0,3.013 4.388 3.172,0,1.0,0.25,286,288,1,measured,525,0,1,238,0,284,8080,-1,-1,287,1,288,0,4.510195255279541,5.332832336425781,0.845741056675036,1,0.635703125,0 0 0,3.299 4.272 4.421,0,0,2.099764823913574,2.669321298599243,0.7866287303126266,0.3418410041841004,1
63138,238,2148,Program,0,1.0,0.25,23,23,0,vbi_ambiguous,262,0,1,240,0,21 24,8080 4c4c,24,26,-1,0,-1,1,3.503331422805786,4.424070358276367,0.7918796807225046,1,0.6286163522012579,1 1 1,2.817 3.653 2.577,0,1.0,0.25,286,288,1,measured,525,0,1,238,0,284,8080,-1,-1,287,1,288,0,3.475156307220459,4.5823211669921875,0.7583834001538425,1,0.63296875,0 0 0,2.855 3.256 3.319,0,-1,1.2978044748306274,1.3369938135147095,0.9706884667019808,0.3710251046025105,1
63139,239,2149,Program,0,1.0,0.25,23,25,1,measured,262,0,1,238,0,21 23,8080 20c1,23,25,24,1,25,-1,2.692826271057129,4.21872091293335,0.6383039614689183,1,0.664622641509434,-1 -1 -1,2.403 2.906 2.325,0,1.0,0.25,286,288,1,measured,525,0,1,238,0,284,8080,-1,-1,287,1,288,0,2.7795801162719727,4.069693565368652,0.6829949409274958,1,0.657109375,0 0 0,2.506 2.787 2.576,0,0,1.5159833431243896,1.6901028156280518,0.8969769940067472,0.3192468619246862,1
63140,240,2150,Program,0,1.0,0.25,23,25,1,measured,262,0,1,238,0,21 23,8080 4c49,23,25,24,1,25,0,2.265029191970825,3.997051954269409,0.5666749439049592,1,0.697734375,0 0 0,1.885 2.529 2.177,0,1.0,0.25,286,288,1,measured,525,0,1,238,0,284,8080,-1,-1,287,1,288,0,2.0890135765075684,4.135563850402832,0.5051339193575948,1,0.72578125,0 0 0,1.914 2.087 2.377,0,0,1.8053479194641113,2.3045811653137207,0.7833735459772149,0.43556485355648533,1
63141,241,2151,Program,0,1.0,0.25,23,25,1,measured,262,0,1,238,0,21 23,8080 d645,23,25,24,1,25,0,2.234365224838257,3.684433937072754,0.606433786844727,1,0.702578125,0 0 0,2.124 2.287 1.839,0,1.0,0.25,286,288,1,measured,525,0,1,238,0,284,8080,-1,-1,287,1,288,0,2.4289355278015137,3.4682390689849854,0.7003368220842878,1,0.672421875,0 0 0,2.135 2.445 2.311,0,0,1.587328553199768,2.1456892490386963,0.7397756007357156,0.42327405857740585,1
63142,242,2152,Program,0,1.0,0.25,23,23,0,vbi_ambiguous,262,0,1,240,0,21 24,8080 942c,24,26,-1,0,-1,1,2.754107713699341,3.5932159423828125,0.7664743109964541,1,0.6681603773584905,1 1 1,2.247 3.055 2.231,0,1.0,0.25,286,288,1,measured,525,0,1,238,0,284,8080,-1,-1,287,1,288,0,2.5616016387939453,3.60371470451355,0.7108225397492238,1,0.68234375,0 0 0,2.040 2.761 2.125,0,0,1.3894858360290527,1.5211890935897827,0.9134208507570024,0.30847280334728033,1
63143,243,2153,Program,0,1.0,0.25,23,25,1,measured,262,0,1,238,0,21 23,8080 942c,23,25,24,1,25,-1,2.930424451828003,3.899833917617798,0.7514228845976201,1,0.6336477987421384,-1 -1 -1,2.304 3.442 2.196,0,1.0,0.25,286,288,1,measured,525,0,1,238,0,284,8080,-1,-1,287,1,288,0,2.858046770095825,3.725864887237549,0.7670827731530688,1,0.638828125,0 0 0,2.294 3.139 2.293,0,0,1.0944318771362305,1.2987861633300781,0.8426574812978568,0.3307531380753138,1
63144,244,2154,Program,0,1.0,0.25,23,25,1,measured,262,0,1,238,0,21 23,8080 942f,23,25,24,1,25,0,2.707148551940918,4.020518779754639,0.6733331443625611,1,0.649375,0 0 0,2.123 3.143 2.119,0,1.0,0.25,286,287,1,measured,525,0,1,239,0,284,8080,-1,-1,286,1,287,0,2.5862793922424316,3.9934158325195312,0.6476358838420022,1,0.6753125,0 0 0,2.089 2.702 2.273,0,0,1.7993721961975098,2.183581829071045,0.8240461485077533,0.41234309623430965,1
63145,245,2155,Program,0,1.0,0.25,23,25,1,measured,262,0,1,238,0,21 23,8080 942f,23,25,24,1,25,0,2.3792285919189453,3.8560633659362793,0.6170097236826013,1,0.69625,0 0 0,1.928 2.691 2.126,0,1.0,0.25,286,287,1,measured,525,0,1,239,0,284,8080,-1,-1,286,1,287,0,2.6242284774780273,3.825324296951294,0.6860146418355914,1,0.66625,0 0 0,2.164 2.761 2.291,0,0,1.5261932611465454,2.080354928970337,0.7336215757673276,0.4098326359832636,1
63146,246,2156,Program,0,1.0,0.25,23,26,1,measured,262,0,1,237,0,21 24,8080 8080,24,26,25,1,26,1,2.1931703090667725,3.821341037750244,0.5739268721113591,1,0.6976415094339623,1 1 1,2.075 2.262 1.824,0,1.0,0.25,286,287,1,measured,525,0,1,239,0,284,8080,-1,-1,286,1,287,0,2.130605459213257,3.839062452316284,0.5549806718897641,1,0.696640625,0 0 0,2.020 2.037 2.151,0,-1,1.0622515678405762,1.0955193042755127,0.9696329071472299,0.3026150627615063,1
63147,247,2157,Program,0,1.0,0.25,23,25,1,measured,262,0,1,238,0,21 23,8080 8080,23,25,24,1,25,-1,2.2781741619110107,4.14279317855835,0.5499125985101174,1,0.7147798742138365,-1 -1 -1,2.054 2.260 2.256,0,1.0,0.25,286,287,1,measured,525,0,1,239,0,284,8080,-1,-1,286,1,287,0,2.513564348220825,3.9492530822753906,0.6364657558924072,1,0.690234375,0 0 0,2.499 2.252 2.251,0,0,1.067804217338562,1.2987182140350342,0.8221985383734343,0.3210774058577406,1
63148,248,2158,Program,0,1.0,0.25,23,23,0,vbi_ambiguous,262,0,1,240,0,21 23,8080 8080,23,25,-1,0,-1,0,2.9995508193969727,4.578007221221924,0.655208844034186,1,0.65625,0 0 0,2.467 3.143 2.330,0,1.0,0.25,286,287,1,measured,525,0,1,239,0,284,8080,-1,-1,286,1,287,0,3.0101561546325684,4.706092834472656,0.6396295739393065,1,0.653984375,0 0 0,2.493 2.922 2.530,0,0,1.7385867834091187,2.170062303543091,0.8011690634736633,0.42588912133891216,1
63149,249,2159,Program,0,1.0,0.25,23,26,1,measured,262,0,1,237,0,21 24,8080 8080,24,26,25,1,26,1,3.3837361335754395,4.730142593383789,0.7153560525444594,1,0.631996855345912,1 1 2,2.432 3.696 3.064,0,1.0,0.25,286,287,1,measured,525,0,1,239,0,284,8080,-1,-1,286,1,287,0,3.408750057220459,4.6209611892700195,0.7376712154898978,1,0.629296875,0 0 1,2.477 3.372 3.109,0,-1,1.4252638816833496,1.4342461824417114,0.9937372670965943,0.3889644351464435,1
63150,250,2160,Program,0,1.0,0.25,23,26,1,measured,262,0,1,237,0,21 24,8080 8080,24,26,25,1,26,0,3.3068652153015137,4.834473133087158,0.6840177045703929,1,0.6465625,0 0 0,2.353 3.653 2.936,0,1.0,0.25,286,288,1,measured,525,0,1,238,0,284,8080,-1,-1,287,1,288,0,3.32861328125,4.923280239105225,0.6760966509302251,1,0.63859375,0 0 0,2.466 3.256 3.112,0,-1,1.64414381980896,2.1613855361938477,0.7606897484399109,0.38760460251046025,1
63151,251,2161,Program,0,1.0,0.25,23,26,1,measured,262,0,1,237,0,21 24,8080 8080,24,26,25,1,26,0,2.5820703506469727,4.386477947235107,0.5886431851947432,1,0.65953125,0 0 0,2.058 2.803 2.721,0,1.0,0.25,286,288,1,measured,525,0,1,238,0,284,8080,-1,-1,287,1,288,0,2.595107316970825,4.408274173736572,0.5886900892943195,1,0.68984375,0 0 0,2.010 2.467 2.764,0,-1,1.50847327709198,2.118964672088623,0.7118916596212558,0.3938807531380753,1
63152,252,2162,Program,0,1.0,0.25,23,23,0,vbi_ambiguous,262,0,1,240,0,21 23,8080 8080,23,25,-1,0,-1,-1,2.3820950984954834,3.915712833404541,0.6083426440708514,1,0.6623427672955975,-1 -1 -1,1.908 2.666 2.554,0,1.0,0.25,286,288,1,measured,525,0,1,238,0,284,8080,-1,-1,287,1,288,0,2.076591730117798,3.811821937561035,0.5447766879285262,1,0.60359375,0 0 0,1.711 1.979 2.351,0,0,1.0192999839782715,1.1966421604156494,0.8518001602285359,0.3013075313807531,1
63153,253,2163,Program,0,1.0,0.25,23,26,1,measured,262,0,1,237,0,21 24,8080 8080,24,26,25,1,26,1,2.5745773315429688,3.31756329536438,0.7760446756631342,1,0.6897012578616353,1 1 2,2.057 2.724 2.179,0,1.0,0.25,286,288,1,measured,525,0,1,238,0,284,8080,-1,-1,287,1,288,0,2.6152148246765137,2.8052475452423096,0.9322581278475439,1,0.696328125,0 0 1,2.061 2.470 2.056,0,0,1.15327787399292,1.2286198139190674,0.9386775802631566,0.3101464435146444,1
63154,254,2164,Program,0,1.0,0.25,23,23,0,vbi_ambiguous,262,0,1,240,0,21 23,8080 8080,23,25,-1,0,-1,0,2.9383106231689453,2.9428558349609375,0.9984555098697002,1,0.710234375,-1 0 0,2.061 3.075 2.158,0,1.0,0.25,286,288,1,measured,525,0,1,238,0,284,8080,-1,-1,287,1,288,0,2.7681055068969727,2.976140022277832,0.9300992178379978,1,0.6790625,0 0 1,2.043 2.792 2.371,0,0,1.0886918306350708,1.3664453029632568,0.7967328280716006,0.35543933054393306,1
63155,255,2165,Program,0,1.0,0.25,23,25,1,measured,262,0,1,238,0,21 23,8080 8080,23,25,24,1,25,0,2.8701171875,2.972749710083008,0.9654755587949777,1,0.66953125,0 1 1,2.074 3.019 2.392,0,1.0,0.25,286,288,1,measured,525,0,1,238,0,284,8080,-1,-1,287,1,288,0,2.95751953125,2.9687795639038086,0.9962071846658085,1,0.656015625,0 1 1,2.246 2.873 2.470,0,0,1.5815796852111816,2.040299892425537,0.7751702046756359,0.389592050209205,1
63156,256,2166,Program,0,1.0,0.25,23,23,0,vbi_ambiguous,262,0,1,240,0,21 24,8080 8080,24,26,-1,0,-1,1,2.770735025405884,3.1394481658935547,0.8825547927520163,1,0.6871069182389937,1 1 2,2.336 2.894 2.658,0,1.0,0.25,286,287,1,measured,525,0,1,239,0,284,8080,-1,-1,286,1,287,0,3.1794238090515137,3.3730247020721436,0.9426031796026588,1,0.68234375,0 0 1,3.100 2.793 2.561,0,0,1.4000086784362793,1.4523565769195557,0.9639565797303675,0.3786610878661088,1
63157,257,2167,Program,0,1.0,0.25,23,23,0,vbi_ambiguous,262,0,1,240,0,21 23,8080 8080,23,25,-1,0,-1,-1,2.9773683547973633,3.5880565643310547,0.8297997262349329,1,0.6632861635220125,-1 -1 0,2.751 3.031 2.500,0,1.0,0.25,286,287,1,measured,525,0,1,239,0,284,8080,-1,-1,286,1,287,0,3.0227344036102295,3.448378562927246,0.8765668700376975,1,0.66,0 0 1,2.857 2.866 2.500,0,0,1.5916146039962769,1.7757432460784912,0.8963089723197092,0.3643305439330544,1
63158,258,2168,Program,0,1.0,0.25,23,25,1,measured,262,0,1,238,0,21 23,8080 8080,23,25,24,1,25,0,2.8454296588897705,3.6075079441070557,0.7887521532801731,1,0.674765625,0 0 1,2.368 3.198 2.762,0,1.0,0.25,286,288,1,measured,525,0,1,238,0,284,8080,-1,-1,287,1,288,0,2.848037004470825,3.7386105060577393,0.7617902426198446,1,0.660859375,0 0 1,2.413 3.106 2.710,0,0,1.7779167890548706,2.016885995864868,0.8815157587984915,0.3893305439330544,1
63159,259,2169,Program,0,1.0,0.25,23,23,0,vbi_ambiguous,262,0,1,240,0,21 23,8080 8080,23,25,-1,0,-1,0,2.577333927154541,3.794084072113037,0.6793033254318869,1,0.684453125,0 0 0,2.151 2.926 3.025,0,1.0,0.25,286,288,1,measured,525,0,1,238,0,284,8080,-1,-1,287,1,288,0,2.616640567779541,3.65687894821167,0.7155392904266523,1,0.68046875,0 0 1,2.228 2.802 2.778,0,0,2.0129270553588867,2.310434579849243,0.8712330887508752,0.4025627615062761,1
63160,260,2170,Program,0,1.0,0.25,23,26,1,measured,262,0,1,237,0,21 24,8080 8080,24,26,25,1,26,1,2.3718552589416504,3.6380834579467773,0.6519518549693339,1,0.6978773584905661,1 1 1,2.196 2.372 2.489,0,1.0,0.25,286,288,1,measured,525,0,1,238,0,284,8080,-1,-1,287,1,288,0,2.217958927154541,3.6197621822357178,0.6127360902435408,1,0.57671875,0 0 0,2.122 2.041 2.382,0,-1,1.2481496334075928,1.2784180641174316,0.9763235270531514,0.3321129707112971,1
63161,261,2171,Program,0,1.0,0.25,23,25,1,measured,262,0,1,238,0,21 23,8080 9420,23,25,24,1,25,-1,2.4632370471954346,3.154179573059082,0.7809438207750687,1,0.5703616352201258,-1 -1 -1,2.182 2.549 3.037,0,1.0,0.25,286,288,1,measured,525,0,1,238,0,284,8080,-1,-1,287,1,288,0,2.564560651779175,3.0346992015838623,0.8450790280765507,1,0.701171875,0 0 0,2.279 2.557 2.521,0,0,0.9867924451828003,1.2884955406188965,0.7658485528858092,0.3464958158995816,1
63162,262,2172,Program,0,1.0,0.25,23,25,1,measured,262,0,1,238,0,21 23,8080 9420,23,25,24,1,25,1,2.47619891166687,2.960888624191284,0.8363026192324952,1,0.6852987421383647,0 1 1,2.285 2.274 2.639,0,1.0,0.25,286,288,1,measured,525,0,1,238,0,284,8080,-1,-1,287,1,288,1,2.636615514755249,3.060253858566284,0.8615675811909578,1,0.742374213836478,0 1 1,2.458 2.383 2.554,0,0,1.8514785766601562,2.0553269386291504,0.9008194958486966,0.36035564853556484,1
63163,263,2173,Program,0,1.0,0.25,23,25,1,measured,262,0,1,238,0,21 23,8080 9454,23,25,24,1,25,1,2.440713405609131,3.407412052154541,0.7162953491538668,1,0.6714622641509433,0 1 1,2.651 2.193 1.881,0,1.0,0.25,286,288,1,measured,525,0,1,238,0,284,8080,-1,-1,287,1,288,1,2.3943593502044678,3.3601856231689453,0.7125675836760411,1,0.6717767295597484,0 1 1,2.654 2.086 1.941,0,0,1.795384407043457,2.004307985305786,0.8957627371671352,0.33498953974895396,1
63164,264,2174,Program,0,1.0,0.25,23,25,1,measured,262,0,1,238,0,21 23,8080 9454,23,25,24,1,25,1,2.5285770893096924,3.0673828125,0.824343501895296,1,0.6689465408805031,0 1 1,2.414 2.291 2.122,0,1.0,0.25,286,288,1,measured,525,0,1,238,0,284,8080,-1,-1,287,1,288,1,2.5216784477233887,3.0497167110443115,0.8268566187119369,1,0.6787735849056604,0 1 1,2.333 2.240 2.159,0,0,1.7334949970245361,2.0530176162719727,0.8443644045160945,0.38540794979079496,1
63165,265,2175,Program,0,1.0,0.25,23,25,1,measured,262,0,1,238,0,21 23,8080 c1ce,23,25,24,1,25,1,2.7495086193084717,2.929736375808716,0.9384832853944087,1,0.7356132075471699,0 1 1,2.313 2.459 2.311,0,1.0,0.25,286,288,1,measured,525,0,1,238,0,284,8080,-1,-1,287,1,288,1,2.6479854583740234,2.909619092941284,0.9100797643231094,1,0.7413522012578616,0 1 1,2.140 2.543 2.148,0,0,1.8503047227859497,2.145686149597168,0.8623370771784712,0.37975941422594145,1
63166,266,2176,Program,0,1.0,0.25,23,25,1,measured,262,0,1,238,0,21 23,8080 c420,23,25,24,1,25,1,2.952181577682495,3.034121036529541,0.9729940045698476,1,0.7035377358490567,0 1 1,2.560 2.604 2.219,0,1.0,0.25,286,288,1,measured,525,0,1,238,0,284,8080,-1,-1,287,1,288,1,2.822218894958496,2.8434081077575684,0.9925479523177617,1,0.6605345911949686,0 1 1,2.201 2.595 2.530,0,0,2.012014389038086,2.386789321899414,0.8429794664226664,0.3634937238493724,1
63167,267,2177,Program,0,1.0,0.25,23,23,0,vbi_ambiguous,262,0,1,240,0,21 24,8080 c749,24,26,-1,0,-1,1,2.8467373847961426,3.144570827484131,0.9052864575080106,1,0.6541666666666667,1 2 2,2.115 3.013 2.438,0,1.0,0.25,286,288,1,measured,525,0,1,238,0,284,8080,-1,-1,287,1,288,1,2.86000394821167,2.9120213985443115,0.9821369958480921,1,0.6684748427672956,0 1 1,2.177 2.583 2.299,0,0,1.2408138513565063,1.2601298093795776,0.9846714537825421,0.3860878661087866,1
63168,268,2178,Program,0,1.0,0.25,23,25,1,measured,262,0,1,238,0,21 23,8080 d649,23,25,24,1,25,-1,2.930100202560425,3.278701066970825,0.89367714308506,1,0.6450471698113207,-1 0 0,2.136 3.071 2.501,0,1.0,0.25,286,288,1,measured,525,0,1,238,0,284,8080,-1,-1,287,1,288,0,2.836543083190918,3.2722384929656982,0.8668509612880019,1,0.662109375,0 1 1,2.054 3.048 2.758,0,0,1.1269251108169556,1.377227783203125,0.8182561552715549,0.3463912133891213,1
63169,269,2179,Program,0,1.0,0.25,23,23,0,vbi_ambiguous,262,0,1,240,0,21 24,8080 cec7,24,26,-1,0,-1,1,2.948270559310913,3.5233287811279297,0.8367855350607041,1,0.6588050314465409,1 2 1,2.350 3.191 3.281,0,1.0,0.25,286,288,1,measured,525,0,1,238,0,284,8080,-1,-1,287,1,288,0,3.093867301940918,3.4304933547973633,0.901872407831459,1,0.72390625,0 1 1,2.425 3.092 2.995,0,0,1.8015960454940796,1.866459608078003,0.9652478080408518,0.3801255230125523,1
63170,270,2180,Program,0,1.0,0.25,23,25,1,measured,262,0,1,238,0,21 23,8080 2054,23,25,24,1,25,-1,3.1928067207336426,4.058310508728027,0.7867329801076126,1,0.650314465408805,-1 -1 -1,2.446 3.691 3.222,0,1.0,0.25,286,288,1,measured,525,0,1,238,0,284,8080,-1,-1,287,1,288,0,3.102421760559082,3.9976022243499756,0.7760706509671674,1,0.65875,0 0 0,2.415 3.425 2.906,0,0,1.4796377420425415,1.6817954778671265,0.8797964803181871,0.3053347280334728,1
63171,271,2181,Program,0,1.0,0.25,23,23,0,vbi_ambiguous,262,0,1,240,0,21 24,8080 c845,24,26,-1,0,-1,1,3.3517589569091797,4.437035083770752,0.7554051058033858,1,0.6446540880503144,1 1 1,2.768 3.601 2.820,0,1.0,0.25,286,288,1,measured,525,0,1,238,0,284,8080,-1,-1,287,1,288,0,3.4453516006469727,4.34457540512085,0.7930237777864362,1,0.64078125,0 0 0,2.702 3.722 3.057,0,-1,1.5103380680084229,1.515325903892517,0.9967084071675396,0.3882845188284519,1
63172,272,2182,Program,0,1.0,0.25,23,23,0,vbi_ambiguous,262,0,1,240,0,21 24,8080 cd80,24,26,-1,0,-1,0,3.5978221893310547,5.203920841217041,0.6913675859238535,1,0.6403125,0 0 0,2.973 3.867 3.253,0,1.0,0.25,286,288,1,measured,525,0,1,238,0,284,8080,-1,-1,287,1,288,0,3.6705760955810547,5.18571138381958,0.7078249875289937,1,0.620234375,0 0 0,3.016 3.871 3.138,0,-1,1.8235905170440674,2.459791898727417,0.7413596727379699,0.39053347280334727,1
63173,273,2183,Program,0,1.0,0.25,23,25,1,measured,262,0,1,238,0,21 23,8080 94f4,23,25,24,1,25,-1,3.736802339553833,5.246494293212891,0.7122474800721569,1,0.6311320754716981,-1 -1 -1,2.832 4.289 3.803,0,1.0,0.25,286,288,1,measured,525,0,1,238,0,284,8080,-1,-1,287,1,288,0,4.149892807006836,5.410004138946533,0.7670775660099451,1,0.649375,0 0 0,3.264 4.581 4.045,0,0,1.524085283279419,1.6562283039093018,0.920214489561628,0.3816422594142259,1
63174,274,2184,Program,0,1.0,0.25,23,25,1,measured,262,0,1,238,0,21 23,8080 94f4,23,25,24,1,25,0,3.933046817779541,4.931495666503906,0.7975363021190288,1,0.608671875,0 0 0,2.962 4.615 4.083,0,1.0,0.25,286,287,1,measured,525,0,1,239,0,284,8080,-1,-1,286,1,287,0,3.984140634536743,5.091342449188232,0.7825324409620056,1,0.6034375,0 0 0,2.789 4.645 4.220,0,0,2.568964958190918,2.980192184448242,0.8620131854572125,0.37567991631799164,1
63175,275,2185,Program,0,1.0,0.25,23,25,1,measured,262,0,1,238,0,21 23,8080 544f,23,25,24,1,25,0,4.740527153015137,5.1449294090271,0.9213978999784888,1,0.611015625,0 1 1,3.706 5.223 4.625,0,1.0,0.25,286,287,1,measured,525,0,1,239,0,284,8080,-1,-1,286,1,287,0,5.029628753662109,5.054874420166016,0.9950056787952652,1,0.66578125,0 1 1,4.101 5.004 3.714,0,0,1.8097028732299805,2.3840172290802,0.7590980682334241,0.4043410041841004,1
63176,276,2186,Program,0,1.0,0.25,23,26,1,measured,262,0,1,237,0,21 24,8080 20d3,24,26,25,1,26,2,5.654885292053223,5.809826850891113,0.9733311228003076,1,0.6241297468354431,1 2 2,5.015 5.231 4.886,0,1.0,0.25,286,287,1,measured,525,0,1,239,0,284,8080,-1,-1,286,1,287,1,5.838079929351807,5.891845703125,0.990874544840053,1,0.6128930817610063,0 1 1,5.175 5.397 4.575,0,0,1.6702052354812622,1.7253947257995605,0.9680134119497072,0.38859832635983266,1
63177,277,2187,Program,0,1.0,0.25,23,26,1,measured,262,0,1,237,0,21 24,8080 4fcd,24,26,25,1,26,1,6.805905818939209,7.016357421875,0.9700055755028011,1,0.6261792452830188,0 1 1,6.681 6.065 5.982,0,1.0,0.25,286,287,1,measured,525,0,1,239,0,284,8080,-1,-1,286,1,287,1,6.764720916748047,6.97067403793335,0.9704543462992908,1,0.5852201257861636,0 1 1,6.563 6.069 5.535,0,-1,1.9908722639083862,2.6857898235321045,0.7412613773665184,0.3846234309623431,1
63178,278,2188,Program,0,1.0,0.25,23,25,1,measured,262,0,1,238,0,21 23,8080 45c2,23,25,24,1,25,0,7.231377124786377,7.298093318939209,0.9908584076364579,1,0.601171875,-1 0 0,6.742 6.912 4.602,0,1.0,0.25,286,287,1,measured,525,0,1,239,0,284,8080,-1,-1,286,1,287,1,7.2734375,7.345390796661377,0.990204292916031,1,0.5986635220125787,0 1 1,6.685 6.949 4.634,0,0,1.2907193899154663,1.6322884559631348,0.790742215446151,0.4140690376569038,1
63179,279,2189,Program,0,1.0,0.25,23,26,1,measured,262,0,1,237,0,21 24,8080 4fc4,24,26,25,1,26,2,8.03656005859375,8.049381256103516,0.9984071822290634,1,0.5811708860759494,1 2 3,7.234 7.583 5.462,0,1.0,0.25,286,287,1,measured,525,0,1,239,0,284,8080,-1,-1,286,1,287,1,8.077791213989258,8.175175666809082,0.9880877846802484,1,0.560062893081761,0 1 2,7.166 7.836 5.518,0,0,1.4797314405441284,1.4941186904907227,0.9903707449494062,0.401255230125523,1
63180,280,2190,Program,0,1.0,0.25,23,26,1,measured,262,0,1,237,0,21 24,8080 d920,24,26,25,1,26,1,8.33391284942627,8.423574447631836,0.9893558727636373,1,0.5900943396226415,0 1 2,7.254 8.095 4.610,0,1.0,0.25,286,288,1,measured,525,0,1,238,0,284,8080,-1,-1,287,1,288,1,8.513266563415527,8.700165748596191,0.9785177443072482,1,0.5800314465408805,0 1 2,7.383 8.345 4.728,0,-1,2.552459716796875,2.95353364944458,0.864205395891417,0.4242154811715481,1
63181,281,2191,Program,0,1.0,0.25,23,23,0,vbi_ambiguous,262,0,1,240,0,21 24,8080 454c,24,26,-1,0,-1,1,8.137077331542969,8.220527648925781,0.989848544893135,1,0.5925314465408805,0 2 1,6.734 7.694 5.381,0,1.0,0.25,286,288,1,measured,525,0,1,238,0,284,8080,-1,-1,287,1,288,1,8.193906784057617,8.339972496032715,0.982486067904351,1,0.5843553459119497,0 2 2,6.841 7.955 5.105,0,-1,3.068103075027466,3.424231767654419,0.8959974917612252,0.4229602510460251,1
63182,282,2192,Program,0,1.0,0.25,23,23,0,vbi_ambiguous,262,0,1,240,0,21 24,8080 d345,24,26,-1,0,-1,1,6.9994988441467285,7.230390548706055,0.9680664961312987,1,0.5956761006289308,0 2 2,5.784 6.690 6.368,0,1.0,0.25,286,288,1,measured,525,0,1,238,0,284,8080,-1,-1,287,1,288,1,7.167275905609131,7.457021713256836,0.961144566988104,1,0.6455974842767296,0 2 2,6.120 6.948 5.607,0,-1,2.240701675415039,2.7458202838897705,0.8160409071786837,0.44717573221757323,1
63183,283,2193,Program,0,1.0,0.25,23,23,0,vbi_ambiguous,262,0,1,240,0,21 24,8080 ae80,24,26,-1,0,-1,1,5.83888578414917,5.931200981140137,0.9844356653425659,1,0.6028301886792453,0 1 1,5.006 5.574 3.443,0,1.0,0.25,286,288,1,measured,525,0,1,238,0,284,8080,-1,-1,287,1,288,1,5.86423921585083,6.089951038360596,0.9629370053900258,1,0.6400157232704402,0 1 1,5.047 5.774 3.467,0,-1,2.128333806991577,2.619291067123413,0.8125610145836062,0.45690376569037655,1
63184,284,2194,Program,0,1.0,0.25,23,25,1,measured,262,0,1,238,0,21 23,8080 942c,23,25,24,1,25,-1,4.581053256988525,5.427919864654541,0.843979530136281,1,0.6190251572327043,-1 -1 0,4.279 5.098 3.775,0,1.0,0.25,286,288,1,measured,525,0,1,238,0,284,8080,-1,-1,287,1,288,0,4.52001953125,5.428252696990967,0.832684066781853,1,0.62203125,0 0 1,4.244 5.152 3.530,0,0,1.5377610921859741,1.7979763746261597,0.8552732471280162,0.3305962343096234,1
63185,285,2195,Program,0,1.0,0.25,23,25,1,measured,262,0,1,238,0,21 23,8080 942c,23,25,24,1,25,0,4.060791015625,5.451926231384277,0.7448360163512228,1,0.602265625,0 0 0,4.143 4.265 2.354,0,1.0,0.25,286,288,1,measured,525,0,1,238,0,284,8080,-1,-1,287,1,288,0,4.130595684051514,5.5594635009765625,0.7429845853517957,1,0.5965625,0 0 0,4.083 4.581 2.492,0,0,2.1722402572631836,2.7457380294799805,0.7911316498298957,0.36030334728033475,1
63186,286,2196,Program,0,1.0,0.25,23,25,1,measured,262,0,1,238,0,21 23,8080 942f,23,25,24,1,25,0,5.388281345367432,6.182871341705322,0.8714852772403425,1,0.63171875,0 0 -1,6.113 5.083 3.246,0,1.0,0.25,286,287,1,measured,525,0,1,239,0,284,8080,-1,-1,286,1,287,0,5.538622856140137,6.082154273986816,0.910635049135247,1,0.615234375,0 0 -1,6.281 5.429 2.941,0,0,2.268899440765381,2.684201240539551,0.8452791864105204,0.41752092050209205,1
63187,287,2197,Program,0,1.0,0.25,23,26,1,measured,262,0,1,237,0,21 24,8080 942f,24,26,25,1,26,1,6.751621246337891,6.770039081573486,0.9972795082844167,1,0.6139937106918238,1 0 0,7.559 5.990 2.977,0,1.0,0.25,286,287,1,measured,525,0,1,239,0,284,8080,-1,-1,286,1,287,0,6.733300685882568,6.829107761383057,0.9859707770256234,1,0.60484375,0 -1 -1,7.538 6.316 3.122,0,-1,1.4627631902694702,1.6701507568359375,0.8758270379379653,0.4272489539748954,1
63188,288,2198,Program,0,1.0,0.25,23,25,1,measured,262,0,1,238,0,21 23,8080 8080,23,25,24,1,25,-2,7.264923095703125,7.527358531951904,0.9651357863273283,1,0.6192246835443038,-1 -2 -2,9.107 5.165 3.018,0,1.0,0.25,286,288,1,measured,525,0,1,238,0,284,8080,-1,-1,287,1,288,-1,7.241981029510498,7.716845512390137,0.9384639122142334,1,0.5862421383647799,0 -1 -1,9.261 5.525 2.953,0,0,1.6599254608154297,1.8634757995605469,0.8907684560254985,0.38776150627615064,1
63189,289,2199,Program,0,1.0,0.25,23,23,0,vbi_ambiguous,262,0,1,240,0,21 24,8080 8080,24,26,-1,0,-1,0,6.630654335021973,7.008726596832275,0.9460569253791153,1,0.60953125,1 0 0,9.352 4.015 3.239,0,1.0,0.25,286,288,1,measured,525,0,1,238,0,284,8080,-1,-1,287,1,288,-1,6.709208011627197,7.073603630065918,0.9484851516290962,1,0.6499213836477987,0 -1 -1,9.717 4.071 3.431,0,-1,1.3259836435317993,1.5416535139083862,0.8601048365077685,0.4140690376569038,1
63190,290,2200,Program,0,1.0,0.25,23,26,1,measured,262,0,1,237,0,21 24,8080 8080,24,26,25,1,26,-1,5.5130109786987305,5.64914083480835,0.9759025557885145,1,0.6150943396226415,0 -1 -1,7.551 3.505 3.101,0,1.0,0.25,286,288,1,measured,525,0,1,238,0,284,8080,-1,-1,287,1,288,-1,5.715909957885742,6.086338043212891,0.9391377733709309,1,0.6462264150943396,0 -1 -1,8.310 3.490 3.008,0,-1,2.07658314704895,2.5725948810577393,0.807193997912003,0.4807008368200837,1
63191,291,2201,Program,0,1.0,0.25,23,26,1,measured,262,0,1,237,0,21 24,8080 8080,24,26,25,1,26,0,4.264667987823486,4.7335100173950195,0.9009525641968431,1,0.624609375,0 0 0,5.518 3.321 2.668,0,1.0,0.25,286,288,1,measured,525,0,1,238,0,284,8080,-1,-1,287,1,288,0,4.231630802154541,4.857449054718018,0.8711631876086025,1,0.690390625,0 0 0,5.624 3.314 2.509,0,-1,1.761192798614502,2.351726770401001,0.7488934602356867,0.36359832635983264,1
63192,292,2202,Program,0,1.0,0.25,23,25,1,measured,262,0,1,238,0,21 23,8080 8080,23,25,24,1,25,-1,3.2414700984954834,4.650167942047119,0.6970651681600359,1,0.6569968553459119,-1 -1 -1,3.767 2.943 1.934,0,1.0,0.25,286,288,1,measured,525,0,1,238,0,284,8080,-1,-1,287,1,288,0,3.3058886528015137,4.656397342681885,0.7099670430825956,1,0.656640625,0 0 0,3.943 2.971 2.048,0,0,1.1852041482925415,1.4421732425689697,0.8218181514596093,0.36448744769874475,1
63193,293,2203,Program,0,1.0,0.25,23,23,0,vbi_ambiguous,262,0,1,240,0,21 24,8080 8080,24,26,-1,0,-1,1,3.260927677154541,4.783974647521973,0.6816356518201142,1,0.6230345911949685,1 1 1,2.731 3.908 2.613,0,1.0,0.25,286,288,1,measured,525,0,1,238,0,284,8080,-1,-1,287,1,288,0,3.330800771713257,4.725078582763672,0.7049196565457098,1,0.691171875,0 0 0,2.803 3.955 2.838,0,-1,1.1626144647598267,1.2655041217803955,0.9186967033534298,0.3484832635983264,1
63194,294,2204,Program,0,1.0,0.25,23,23,0,vbi_ambiguous,262,0,1,240,0,21 24,8080 8080,24,26,-1,0,-1,0,3.605908155441284,5.18696928024292,0.6951859478281718,1,0.672578125,0 0 0,2.247 4.982 3.260,0,1.0,0.25,286,288,1,measured,525,0,1,238,0,284,8080,-1,-1,287,1,288,0,3.696660041809082,5.2366943359375,0.7059148013356955,1,0.64890625,0 0 0,2.280 5.118 3.276,0,-1,1.994840383529663,2.4550580978393555,0.8125430454315031,0.45868200836820083,1
63195,295,2205,Program,0,1.0,0.25,23,23,0,vbi_ambiguous,262,0,1,240,0,21 23,8080 8080,23,25,-1,0,-1,-1,3.8064465522766113,5.198173999786377,0.7322660904450371,1,0.6531446540880503,-1 -1 -1,2.460 5.080 3.599,0,1.0,0.25,286,288,1,measured,525,0,1,238,0,284,8080,-1,-1,287,1,288,0,3.978212833404541,5.15327262878418,0.7719779487667291,1,0.639921875,0 0 0,2.645 5.325 3.597,0,0,1.2870022058486938,1.5810474157333374,0.8140187277379936,0.43472803347280337,1
63196,296,2206,Program,0,1.0,0.25,23,23,0,vbi_ambiguous,262,0,1,240,0,21 23,8080 8080,23,25,-1,0,-1,0,3.329658269882202,4.754844665527344,0.7002664659104949,1,0.622890625,0 0 0,2.660 4.050 2.893,0,1.0,0.25,286,288,1,measured,525,0,1,238,0,284,8080,-1,-1,287,1,288,0,3.4867870807647705,4.801326751708984,0.7262132450210108,1,0.669765625,0 0 0,2.957 4.098 2.967,0,0,1.833653450012207,2.419182777404785,0.7579639980652005,0.35402719665271964,1
63197,297,2207,Program,0,1.0,0.25,23,23,0,vbi_ambiguous,262,0,1,240,0,21 24,8080 8080,24,26,-1,0,-1,1,2.7255403995513916,4.747441291809082,0.5741072363030285,1,0.6489779874213837,1 1 1,2.264 3.267 2.343,0,1.0,0.25,286,288,1,measured,525,0,1,238,0,284,8080,-1,-1,287,1,288,0,2.722470760345459,4.397857666015625,0.619044763859301,1,0.6675,0 0 0,2.377 3.154 2.408,0,0,1.747982144355774,1.7499911785125732,0.9988519746948057,0.37259414225941423,1
63198,298,2208,Program,0,1.0,0.25,23,25,1,measured,262,0,1,238,0,21 23,8080 8080,23,25,24,1,25,-1,2.3925905227661133,4.158435344696045,0.5753583558339528,1,0.7053459119496855,-1 -1 -1,2.175 2.716 2.336,0,1.0,0.25,286,288,1,measured,525,0,1,238,0,284,8080,-1,-1,287,1,288,0,2.3315722942352295,3.9891116619110107,0.5844840886500214,1,0.703515625,0 0 0,2.107 2.672 2.511,0,0,1.25185227394104,1.5210775136947632,0.8230036028211585,0.3688284518828452,1
63199,299,2209,Program,0,1.0,0.25,23,25,1,measured,262,0,1,238,0,21 23,8080 8080,23,25,24,1,25,0,2.539238214492798,4.015202522277832,0.6324060120016769,1,0.6825,0 0 -1,2.016 3.074 3.013,0,1.0,0.25,286,288,1,measured,525,0,1,238,0,284,8080,-1,-1,287,1,288,0,2.3946290016174316,3.980512857437134,0.6015880584692349,1,0.6753125,0 0 -1,1.850 2.920 2.884,0,0,1.8628995418548584,2.712725877761841,0.686726055561449,0.37468619246861923,1
63200,300,2210,Program,0,1.0,0.25,23,25,1,measured,262,0,1,238,0,21 23,8080 8080,23,25,24,1,25,0,2.817148447036743,4.696481704711914,0.5998423126423207,1,0.651875,0 0 -1,1.952 3.681 2.927,0,1.0,0.25,286,288,1,measured,525,0,1,238,0,284,8080,-1,-1,287,1,288,0,2.8447461128234863,4.52936315536499,0.6280675704825986,1,0.631328125,0 0 -1,1.956 3.690 2.805,0,0,2.238819122314453,2.890547513961792,0.7745311611383692,0.387081589958159,1
63201,301,2211,Program,0,1.0,0.25,23,23,0,vbi_ambiguous,262,0,1,240,0,21 23,8080 8080,23,25,-1,0,-1,0,2.997920036315918,5.001307010650635,0.599427315686007,1,0.645859375,0 0 -1,2.236 3.791 3.049,0,1.0,0.25,286,288,1,measured,525,0,1,238,0,284,8080,-1,-1,287,1,288,0,3.070664167404175,5.083883762359619,0.6039996803504739,1,0.631796875,0 0 -1,2.212 4.011 3.232,0,0,1.8939237594604492,2.661956787109375,0.7114780257259793,0.353765690376569,1
63202,302,2212,Program,0,1.0,0.25,23,25,1,measured,262,0,1,238,0,21 23,8080 8080,23,25,24,1,25,0,3.1708104610443115,5.063040256500244,0.6262660971287812,1,0.636171875,0 0 -1,2.495 3.891 3.237,0,1.0,0.25,286,288,1,measured,525,0,1,238,0,284,8080,-1,-1,287,1,288,0,3.151542901992798,5.185701847076416,0.6077370035783234,1,0.640390625,0 0 -1,2.303 4.003 3.146,0,0,1.794732689857483,2.6331522464752197,0.6815909305130158,0.3639121338912134,1
63203,303,2213,Program,0,1.0,0.25,23,26,1,measured,262,0,1,237,0,21 24,8080 8080,24,26,25,1,26,1,3.3920793533325195,5.393502712249756,0.6289195601271153,1,0.6295597484276729,1 1 1,2.944 3.971 2.877,0,1.0,0.25,286,288,1,measured,525,0,1,238,0,284,8080,-1,-1,287,1,288,0,3.3263378143310547,5.264494895935059,0.631843677329702,1,0.64515625,0 0 0,2.850 3.961 2.622,0,-1,1.5269222259521484,1.5723334550857544,0.9711185760331422,0.3795502092050209,1
63204,304,2214,Program,0,1.0,0.25,23,26,1,measured,262,0,1,237,0,21 24,8080 8080,24,26,25,1,26,0,2.623847723007202,4.8815155029296875,0.5375067889126799,1,0.6703125,0 0 0,2.356 2.934 2.659,0,1.0,0.25,286,287,1,measured,525,0,1,239,0,284,8080,-1,-1,286,1,287,0,2.814765691757202,4.76204776763916,0.591083044333395,1,0.658125,0 0 0,2.544 3.126 2.769,0,-1,2.1551966667175293,2.872257709503174,0.7503493365469363,0.37552301255230125,1
63205,305,2215,Program,0,1.0,0.25,23,23,0,vbi_ambiguous,262,0,1,240,0,21 24,8080 8080,24,26,-1,0,-1,0,2.443544864654541,4.2176690101623535,0.5793590864448797,1,0.699375,0 0 0,2.234 2.681 2.622,0,1.0,0.25,286,287,1,measured,525,0,1,239,0,284,8080,-1,-1,286,1,287,0,2.4524219036102295,4.410937309265137,0.5559865696705637,1,0.69484375,0 0 0,2.449 2.495 2.389,0,-1,2.0877604484558105,2.8629117012023926,0.7292437442548344,0.3992154811715481,1
63206,306,2216,Program,0,1.0,0.25,23,25,1,measured,262,0,1,238,0,21 23,8080 8080,23,25,24,1,25,-1,2.7494890689849854,4.4192047119140625,0.6221682968368569,1,0.670440251572327,-1 -1 -1,2.927 2.633 2.346,0,1.0,0.25,286,287,1,measured,525,0,1,239,0,284,8080,-1,-1,286,1,287,0,2.9546289443969727,4.346304893493652,0.6798025027696525,1,0.725625,0 0 0,3.314 2.702 2.521,0,0,1.4201948642730713,1.612133264541626,0.880941356096186,0.3307531380753138,1
63207,307,2217,Program,0,1.0,0.25,23,26,1,measured,262,0,1,237,0,21 24,8080 8080,24,26,25,1,26,1,2.6418731212615967,4.464004039764404,0.591816919906064,1,0.6676100628930818,1 1 1,2.388 2.952 2.384,0,1.0,0.25,286,287,1,measured,525,0,1,239,0,284,8080,-1,-1,286,1,287,0,2.507685661315918,4.447425365447998,0.5638510947925292,1,0.70078125,0 0 0,2.366 2.664 2.218,0,-1,1.3998092412948608,1.4688440561294556,0.9530005826374053,0.38038702928870294,1
63208,308,2218,Program,0,1.0,0.25,23,26,1,measured,262,0,1,237,0,21 24,8080 8080,24,26,25,1,26,0,2.6633496284484863,4.21831750869751,0.6313772310778116,1,0.681796875,0 0 0,2.274 3.036 2.577,0,1.0,0.25,286,287,1,measured,525,0,1,239,0,284,8080,-1,-1,286,1,287,0,2.5579590797424316,4.03853178024292,0.633388374521735,1,0.7053125,0 0 0,2.171 2.919 2.791,0,-1,1.9522931575775146,2.6424944400787354,0.7388069121232832,0.3811715481171548,1
63209,309,2219,Program,0,1.0,0.25,23,23,0,vbi_ambiguous,262,0,1,240,0,21 24,8080 8080,24,26,-1,0,-1,0,2.606503963470459,3.506967306137085,0.7432358889999223,1,0.696875,0 -1 0,1.865 3.214 3.010,0,1.0,0.25,286,287,1,measured,525,0,1,239,0,284,8080,-1,-1,286,1,287,0,2.5316503047943115,3.4547367095947266,0.7328055703241415,1,0.701171875,0 -1 0,1.650 3.176 2.570,0,-1,1.8944594860076904,2.5067219734191895,0.7557517371675775,0.3957635983263598,1
63210,310,2220,Program,0,1.0,0.25,23,23,0,vbi_ambiguous,262,0,1,240,0,21 24,8080 8080,24,26,-1,0,-1,0,2.7848925590515137,3.1266016960144043,0.8907090924314153,1,0.6821875,0 -1 -1,1.792 2.788 3.195,0,1.0,0.25,286,288,1,measured,525,0,1,238,0,284,8080,-1,-1,287,1,288,0,3.000009775161743,3.0332448482513428,0.9890430628741496,1,0.6665625,0 -1 -1,1.879 2.682 2.788,0,-1,1.7489056587219238,2.297410488128662,0.7612508377405734,0.37635983263598327,1
63211,311,2221,Program,0,1.0,0.25,23,26,1,measured,262,0,1,237,0,21 24,8080 8080,24,26,25,1,26,0,2.6987109184265137,3.2573506832122803,0.8284987343656666,1,0.67375,0 -1 -1,1.713 3.048 2.936,0,1.0,0.25,286,288,1,measured,525,0,1,238,0,284,8080,-1,-1,287,1,288,0,2.726679801940918,3.2673447132110596,0.8345246802138638,1,0.6859375,0 -1 -1,1.747 3.019 2.856,0,-1,1.7587324380874634,2.5154571533203125,0.699170103440641,0.3975418410041841,1
63212,312,2222,Program,0,1.0,0.25,23,23,0,vbi_ambiguous,262,0,1,240,0,21 23,8080 8080,23,25,-1,0,-1,-1,2.80452036857605,3.716050148010254,0.7547046613667796,1,0.6588050314465409,-1 -2 -1,1.739 3.681 3.036,0,1.0,0.25,286,288,1,measured,525,0,1,238,0,284,8080,-1,-1,287,1,288,0,2.869619131088257,3.59490966796875,0.7982451288434439,1,0.672265625,0 -1 0,1.883 3.372 3.078,0,0,1.4665650129318237,1.6278295516967773,0.9009327858700816,0.36877615062761504,1
63213,313,2223,Program,0,1.0,0.25,23,23,0,vbi_ambiguous,262,0,1,240,0,21 23,8080 8080,23,25,-1,0,-1,0,2.819648504257202,3.9996659755706787,0.7049709954479112,1,0.64859375,0 0 0,1.868 3.632 3.319,0,1.0,0.25,286,288,1,measured,525,0,1,238,0,284,8080,-1,-1,287,1,288,0,2.6814160346984863,4.023506164550781,0.6664376603478779,1,0.651953125,0 0 0,1.658 3.490 2.972,0,0,2.0193424224853516,2.716891288757324,0.7432547746174181,0.3807531380753138,1
63214,314,2224,Program,0,1.0,0.25,23,23,0,vbi_ambiguous,262,0,1,240,0,21 23,8080 8080,23,25,-1,0,-1,0,2.570078134536743,4.800226211547852,0.5354077123186266,1,0.65734375,0 0 0,2.044 2.989 3.067,0,1.0,0.25,286,288,1,measured,525,0,1,238,0,284,8080,-1,-1,287,1,288,0,2.3625683784484863,4.589288711547852,0.5148005555858026,1,0.692109375,0 0 0,1.662 2.870 2.713,0,0,1.9811131954193115,2.8892061710357666,0.6856946434906346,0.37505230125523015,1
63215,315,2225,Program,0,1.0,0.25,23,23,0,vbi_ambiguous,262,0,1,240,0,21 24,8080 8080,24,26,-1,0,-1,1,2.9252750873565674,3.8198082447052,0.7658172609610486,1,0.6690251572327044,1 2 1,1.994 3.537 2.193,0,1.0,0.25,286,288,1,measured,525,0,1,238,0,284,8080,-1,-1,287,1,288,0,3.242480516433716,3.8757271766662598,0.8366121681513102,1,0.688515625,0 1 0,2.204 3.446 2.543,0,0,1.8093328475952148,1.8477191925048828,0.9792250115356387,0.38394351464435145,1
63216,316,2226,Program,0,1.0,0.25,23,23,0,vbi_ambiguous,262,0,1,240,0,21 24,8080 8080,24,26,-1,0,-1,0,3.2283594608306885,3.4368317127227783,0.9393417340976143,1,0.635703125,0 1 0,2.247 3.271 2.424,0,1.0,0.25,286,287,1,measured,525,0,1,239,0,284,8080,-1,-1,286,1,287,0,3.0978808403015137,3.606308937072754,0.859017043286388,1,0.638125,0 1 0,2.217 3.266 2.355,0,-1,2.1598362922668457,2.5354483127593994,0.8518557769044937,0.3882845188284519,1
63217,317,2227,Program,0,1.0,0.25,23,23,0,vbi_ambiguous,262,0,1,240,0,21 24,8080 8080,24,26,-1,0,-1,0,2.3077051639556885,4.043749809265137,0.5706844569533503,1,0.68671875,0 0 0,2.116 2.494 2.043,0,1.0,0.25,286,287,1,measured,525,0,1,239,0,284,8080,-1,-1,286,1,287,0,2.307607412338257,4.0055718421936035,0.5760993693910439,1,0.69875,0 0 0,2.083 2.464 2.265,0,-1,1.7921289205551147,2.437723159790039,0.7351650712911432,0.4125523012552301,1
63218,318,2228,Program,0,1.0,0.25,23,23,0,vbi_ambiguous,262,0,1,240,0,21 24,8080 8080,24,26,-1,0,-1,0,2.6781933307647705,4.450481414794922,0.6017760959211155,1,0.653515625,0 0 0,1.898 3.494 2.298,0,1.0,0.25,286,288,1,measured,525,0,1,238,0,284,8080,-1,-1,287,1,288,0,2.6218457221984863,4.326601982116699,0.6059826471294231,1,0.684765625,0 0 0,1.642 3.551 2.215,0,-1,1.9822609424591064,2.407396078109741,0.8234045741303833,0.3993200836820084,1
63219,319,2229,Program,0,1.0,0.25,23,23,0,vbi_ambiguous,262,0,1,240,0,21 23,8080 8080,23,25,-1,0,-1,-1,3.1202337741851807,4.249080181121826,0.7343315826441732,1,0.6407232704402516,-1 -2 -1,1.958 3.997 3.110,0,1.0,0.25,286,288,1,measured,525,0,1,238,0,284,8080,-1,-1,287,1,288,0,3.179023504257202,4.43147611618042,0.7173734938229268,1,0.634921875,0 -1 0,2.127 3.917 2.797,0,0,1.8282575607299805,2.024627685546875,0.9030092662375835,0.38232217573221755,1
63220,320,2230,Program,0,1.0,0.25,23,25,1,measured,262,0,1,238,0,21 23,8080 8080,23,25,24,1,25,0,3.096611261367798,4.4429931640625,0.6969651194638294,1,0.64265625,0 0 0,2.146 3.938 3.270,0,1.0,0.25,286,288,1,measured,525,0,1,238,0,284,8080,-1,-1,287,1,288,0,3.038583993911743,4.3038129806518555,0.7060213832645487,1,0.64828125,0 0 0,2.118 3.919 2.945,0,0,1.882171869277954,2.3192648887634277,0.8115381207195698,0.3705543933054393,1
63221,321,2231,Program,0,1.0,0.25,23,23,0,vbi_ambiguous,262,0,1,240,0,21 23,8080 8080,23,25,-1,0,-1,0,3.123769521713257,4.666018009185791,0.6694722385476491,1,0.62109375,0 0 0,2.165 4.009 3.472,0,1.0,0.25,286,288,1,measured,525,0,1,238,0,284,8080,-1,-1,287,1,288,0,3.546005964279175,5.020538330078125,0.7062999485602961,1,0.72328125,0 0 0,2.856 4.122 3.448,0,0,1.7295998334884644,2.375467538833618,0.7281092270104089,0.38985355648535563,1
63222,322,2232,Program,0,1.0,0.25,23,23,0,vbi_ambiguous,262,0,1,240,0,21 23,8080 8080,23,25,-1,0,-1,0,3.337089776992798,4.313689231872559,0.7736045870750355,1,0.626875,0 1 0,2.120 4.316 2.400,0,1.0,0.25,286,288,1,measured,525,0,1,238,0,284,8080,-1,-1,287,1,288,0,3.3063182830810547,4.247533321380615,0.7784090277616401,1,0.706953125,0 1 0,2.218 4.204 2.237,0,0,1.830398678779602,2.4275240898132324,0.7540187495813598,0.3371338912133891,1
63223,323,2233,Program,0,1.0,0.25,23,23,0,vbi_ambiguous,262,0,1,240,0,21 23,8080 8080,23,25,-1,0,-1,0,3.119580030441284,3.7656939029693604,0.8284210323046712,1,0.664921875,0 1 0,1.633 3.666 2.469,0,1.0,0.25,286,288,1,measured,525,0,1,238,0,284,8080,-1,-1,287,1,288,0,3.2882518768310547,3.6747446060180664,0.8948246012650622,1,0.647109375,0 1 0,1.700 3.502 2.289,0,0,2.0045788288116455,2.6937317848205566,0.7441642260404856,0.3833682008368201,1
63224,324,2234,Program,0,1.0,0.25,23,23,0,vbi_ambiguous,262,0,1,240,0,21 23,8080 8080,23,25,-1,0,-1,0,2.915156364440918,3.666185140609741,0.7951470677654005,1,0.6628125,0 1 0,1.974 3.728 2.479,0,1.0,0.25,286,288,1,measured,525,0,1,238,0,284,8080,-1,-1,287,1,288,0,2.8529393672943115,3.7572524547576904,0.7593153246015514,1,0.6559375,0 1 0,1.973 3.708 2.454,0,0,2.1184356212615967,2.7649691104888916,0.766169724365211,0.3754707112970711,1
63225,325,2235,Program,0,1.0,0.25,23,26,1,measured,262,0,1,237,0,21 24,8080 8080,24,26,25,1,26,1,2.4080090522766113,4.0300140380859375,0.5975187752498002,1,0.6906446540880503,1 1 1,1.949 2.799 2.606,0,1.0,0.25,286,288,1,measured,525,0,1,238,0,284,8080,-1,-1,287,1,288,0,2.677441358566284,4.349125385284424,0.6156275391888213,1,0.654140625,0 0 0,2.442 2.926 2.477,0,-1,1.319633960723877,1.3572301864624023,0.9722993003592711,0.3890167364016736,1
63226,326,2236,Program,0,1.0,0.25,23,23,0,vbi_ambiguous,262,0,1,240,0,21 24,8080 8080,24,26,-1,0,-1,0,2.2283496856689453,4.218386173248291,0.5282469632108255,1,0.69,0 0 0,1.863 2.579 2.583,0,1.0,0.25,286,288,1,measured,525,0,1,238,0,284,8080,-1,-1,287,1,288,0,2.764404296875,4.6766510009765625,0.5911076743374151,1,0.697109375,0 0 0,2.615 2.898 2.519,0,-1,2.134789228439331,2.9414353370666504,0.7257644597988178,0.3499476987447699,1
63227,327,2237,Program,0,1.0,0.25,23,23,0,vbi_ambiguous,262,0,1,240,0,21 23,8080 8080,23,25,-1,0,-1,-1,2.036006212234497,4.336279392242432,0.4695283739965869,1,0.7220125786163522,-1 -1 -1,1.723 2.290 2.314,0,1.0,0.25,286,288,1,measured,525,0,1,238,0,284,8080,-1,-1,287,1,288,0,2.073496103286743,4.278625965118408,0.4846172860612181,1,0.713828125,0 0 0,1.665 2.379 2.182,0,0,1.7871867418289185,1.9068998098373413,0.9372211023406445,0.29843096234309624,1
63228,328,2238,Program,0,1.0,0.25,23,23,0,vbi_ambiguous,262,0,1,240,0,21 24,8080 8080,24,26,-1,0,-1,1,2.302152156829834,4.411956310272217,0.5217984936681732,1,0.6991352201257862,1 1 1,1.692 2.919 2.217,0,1.0,0.25,286,288,1,measured,525,0,1,238,0,284,8080,-1,-1,287,1,288,0,2.2666308879852295,4.661252021789551,0.4862708296804392,1,0.692734375,0 0 0,1.819 2.725 2.034,0,-1,1.5098017454147339,1.5543996095657349,0.9713086236791705,0.38451882845188284,1
63229,329,2239,Program,0,1.0,0.25,23,23,0,vbi_ambiguous,262,0,1,240,0,21 23,8080 8080,23,25,-1,0,-1,-1,2.158991813659668,4.604776382446289,0.4688592092962184,1,0.697248427672956,-1 -1 -1,1.613 2.677 2.930,0,1.0,0.25,286,288,1,measured,525,0,1,238,0,284,8080,-1,-1,287,1,288,0,2.323486328125,4.625805854797363,0.5022879042178873,1,0.678046875,0 0 0,1.817 2.772 2.086,0,0,1.2131410837173462,1.4485317468643188,0.8374970630388116,0.32839958158995813,1
63230,330,2240,Program,0,1.0,0.25,23,23,0,vbi_ambiguous,262,0,1,240,0,21 24,8080 8080,24,26,-1,0,-1,1,2.5490074157714844,4.85127592086792,0.5254303109841365,1,0.6947327044025158,1 1 1,2.658 2.529 2.119,0,1.0,0.25,286,288,1,measured,525,0,1,238,0,284,8080,-1,-1,287,1,288,0,2.405390739440918,4.822985649108887,0.49873479094538614,1,0.708828125,0 0 0,2.475 2.382 2.073,0,-1,1.1743896007537842,1.2703739404678345,0.9244440265527624,0.3909518828451883,1
63231,331,2241,Program,0,1.0,0.25,23,23,0,vbi_ambiguous,262,0,1,240,0,21 24,8080 8080,24,26,-1,0,-1,0,3.196962833404541,4.979353427886963,0.6420437672690374,1,0.6484375,0 0 0,3.570 2.943 2.364,0,1.0,0.25,286,288,1,measured,525,0,1,238,0,284,8080,-1,-1,287,1,288,0,3.265000104904175,4.940280914306641,0.6608936134479737,1,0.648671875,0 0 0,3.639 3.054 2.241,0,-1,1.7806633710861206,2.597137928009033,0.6856252615166949,0.37332635983263596,1
63232,332,2242,Program,0,1.0,0.25,23,26,1,measured,262,0,1,237,0,21 24,8080 8080,24,26,25,1,26,0,4.165605545043945,5.793356895446777,0.719031404455309,1,0.614375,0 0 0,5.341 3.169 2.263,0,1.0,0.25,286,288,1,measured,525,0,1,238,0,284,8080,-1,-1,287,1,288,0,4.140234470367432,5.903714656829834,0.7012931198457765,1,0.685234375,0 0 0,5.490 3.094 2.270,0,-1,1.820798635482788,2.622443199157715,0.6943138505602708,0.37065899581589956,1
63233,333,2243,Program,0,1.0,0.25,23,23,0,vbi_ambiguous,262,0,1,240,0,21 23,8080 8080,23,25,-1,0,-1,-1,4.079294204711914,5.835839748382568,0.699007234707312,1,0.6429245283018868,-1 -1 -1,5.669 2.745 2.119,0,1.0,0.25,286,288,1,measured,525,0,1,238,0,284,8080,-1,-1,287,1,288,0,4.273427963256836,5.745302677154541,0.7438125027336808,1,0.612109375,0 0 0,5.901 3.038 2.224,0,0,1.4468568563461304,1.6802436113357544,0.8610994540225706,0.37730125523012553,1
63234,334,2244,Program,0,1.0,0.25,23,23,0,vbi_ambiguous,262,0,1,240,0,21 23,8080 8080,23,25,-1,0,-1,0,3.8641114234924316,5.726916313171387,0.6747281105898696,1,0.643515625,0 0 0,5.105 2.854 2.073,0,1.0,0.25,286,287,1,measured,525,0,1,239,0,284,8080,-1,-1,286,1,287,0,3.8440821170806885,5.874960899353027,0.6543162044710822,1,0.64875,0 0 0,5.306 2.640 2.198,0,0,1.8528380393981934,2.537607431411743,0.7301515657870716,0.3747907949790795,1
63235,335,2245,Program,0,1.0,0.25,23,26,1,measured,262,0,1,237,0,21 24,8080 8080,24,26,25,1,26,1,3.1797268390655518,5.562148571014404,0.5716724029336104,1,0.6665094339622641,1 1 1,4.120 2.388 2.171,0,1.0,0.25,286,287,1,measured,525,0,1,239,0,284,8080,-1,-1,286,1,287,0,3.154052734375,5.507871627807617,0.5726445617307272,1,0.67234375,0 0 0,4.144 2.335 2.093,0,-1,1.2818387746810913,1.326816439628601,0.9661010644697018,0.2942468619246862,1
63236,336,2246,Program,0,1.0,0.25,23,23,0,vbi_ambiguous,262,0,1,240,0,21 24,8080 8080,24,26,-1,0,-1,0,2.8078808784484863,5.09742546081543,0.5508429500407668,1,0.696484375,0 0 0,3.244 2.481 2.012,0,1.0,0.25,286,287,1,measured,525,0,1,239,0,284,8080,-1,-1,286,1,287,0,2.927988290786743,4.973289966583252,0.5887427257329877,1,0.698359375,0 0 0,3.297 2.587 2.371,0,-1,1.8348593711853027,2.4986889362335205,0.7343288492528955,0.4241108786610879,1
63237,337,2247,Program,0,1.0,0.25,23,23,0,vbi_ambiguous,262,0,1,240,0,21 24,8080 8080,24,26,-1,0,-1,0,2.4721875190734863,4.411173343658447,0.5604376265619965,1,0.687109375,0 0 0,2.099 2.822 2.335,0,1.0,0.25,286,287,1,measured,525,0,1,239,0,284,8080,-1,-1,286,1,287,0,2.509023427963257,4.661340236663818,0.5382622380208396,1,0.6925,0 0 0,2.358 2.702 2.099,0,-1,1.6974735260009766,2.4446544647216797,0.6943613301989618,0.42902719665271966,1
63238,338,2248,Program,0,1.0,0.25,23,25,1,measured,262,0,1,238,0,21 23,8080 9420,23,25,24,1,25,-1,2.344486951828003,4.270826816558838,0.5489538800163858,1,0.6913522012578617,-1 -1 -1,1.860 2.660 2.869,0,1.0,0.25,286,287,1,measured,525,0,1,239,0,284,8080,-1,-1,286,1,287,0,2.374453067779541,4.154038906097412,0.5716010662043279,1,0.695078125,0 0 0,1.754 2.754 2.980,0,0,1.3280065059661865,1.5122098922729492,0.8781892730314751,0.3861924686192469,1
63239,339,2249,Program,0,1.0,0.25,23,26,1,measured,262,0,1,237,0,21 24,8080 9420,24,26,25,1,26,1,2.0615763664245605,3.989941358566284,0.5166934000166238,1,0.7139150943396226,1 1 1,1.570 2.350 2.835,0,1.0,0.25,286,287,1,measured,525,0,1,239,0,284,8080,-1,-1,286,1,287,0,2.108750104904175,4.028193950653076,0.5234976594317885,1,0.698984375,0 0 0,1.624 2.318 2.538,0,-1,1.2492607831954956,1.2585514783859253,0.9926179458290059,0.3449267782426778,1
63240,340,2250,Program,0,1.0,0.25,23,25,1,measured,262,0,1,238,0,21 23,8080 94f4,23,25,24,1,25,-1,2.216794490814209,4.368927955627441,0.5074001021140311,1,0.7011792452830189,-1 -1 -1,1.624 2.760 2.120,0,1.0,0.25,286,288,1,measured,525,0,1,238,0,284,8080,-1,-1,287,1,288,0,2.3340723514556885,4.453704833984375,0.5240743242896004,1,0.683515625,0 0 0,1.653 2.900 2.209,0,0,1.315967321395874,1.502502202987671,0.8758505104212965,0.29884937238493725,1
63241,341,2251,Program,0,1.0,0.25,23,23,0,vbi_ambiguous,262,0,1,240,0,21 24,8080 94f4,24,26,-1,0,-1,1,2.395744800567627,4.4537577629089355,0.5379153802479967,1,0.6809748427672956,1 1 1,1.820 2.940 2.479,0,1.0,0.25,286,288,1,measured,525,0,1,238,0,284,8080,-1,-1,287,1,288,0,2.4429101943969727,4.323024749755859,0.5650928078852508,1,0.688671875,0 0 0,1.671 3.045 2.404,0,0,1.5194865465164185,1.5880070924758911,0.9568512343023349,0.30580543933054394,1
63242,342,2252,Program,0,1.0,0.25,23,23,0,vbi_ambiguous,262,0,1,240,0,21 24,8080 4954,24,26,-1,0,-1,0,2.4476757049560547,4.24695348739624,0.5763368287927018,1,0.67625,0 0 0,1.781 3.033 2.683,0,1.0,0.25,286,288,1,measured,525,0,1,238,0,284,8080,-1,-1,287,1,288,0,2.4094629287719727,4.365074634552002,0.5519866509726383,1,0.678359375,0 0 0,1.735 2.998 2.382,0,-1,1.8933285474777222,2.3967504501342773,0.7899564793538054,0.3893305439330544,1
63243,343,2253,Program,0,1.0,0.25,23,23,0,vbi_ambiguous,262,0,1,240,0,21 24,8080 a7d3,24,26,-1,0,-1,0,2.2442286014556885,4.064327716827393,0.5521770776908536,1,0.700703125,0 0 0,1.644 2.746 2.634,0,1.0,0.25,286,288,1,measured,525,0,1,238,0,284,8080,-1,-1,287,1,288,0,2.403330087661743,4.095361709594727,0.5868419588021139,1,0.692890625,0 0 0,1.658 2.883 2.744,0,-1,1.9737988710403442,2.462278127670288,0.801614914602631,0.41694560669456066,1
63244,344,2254,Program,0,1.0,0.25,23,25,1,measured,262,0,1,238,0,21 23,8080 20d0,23,25,24,1,25,-1,2.418710708618164,4.061904430389404,0.5954622394663994,1,0.6756289308176101,-1 -1 -1,1.594 3.072 2.932,0,1.0,0.25,286,288,1,measured,525,0,1,238,0,284,8080,-1,-1,287,1,288,0,2.452705144882202,4.133362770080566,0.593392180003207,1,0.683359375,0 0 0,1.708 2.937 2.787,0,0,1.5139515399932861,1.754265308380127,0.8630117307576786,0.33645397489539747,1
63245,345,2255,Program,0,1.0,0.25,23,25,1,measured,262,0,1,238,0,21 23,8080 5245,23,25,24,1,25,0,2.3336424827575684,4.151710033416748,0.562091876353186,1,0.701875,0 0 0,1.720 2.791 3.047,0,1.0,0.25,286,288,1,measured,525,0,1,238,0,284,8080,-1,-1,287,1,288,0,2.442373037338257,3.9973466396331787,0.610998559174839,1,0.68515625,0 0 1,1.693 2.911 3.269,0,0,1.8621737957000732,2.5171735286712646,0.7397876127686179,0.41490585774058575,1
63246,346,2256,Program,0,1.0,0.25,23,25,1,measured,262,0,1,238,0,21 23,8080 5454,23,25,24,1,25,0,2.300839900970459,4.450992584228516,0.5169273723625537,1,0.699296875,0 0 0,1.558 2.929 2.849,0,1.0,0.25,286,287,1,measured,525,0,1,239,0,284,8080,-1,-1,286,1,287,0,2.421445369720459,4.676120281219482,0.517832139486577,1,0.677109375,0 0 0,1.822 2.953 2.497,0,0,1.7786695957183838,2.401054859161377,0.7407867375173696,0.3946129707112971,1
63247,347,2257,Program,0,1.0,0.25,23,26,1,measured,262,0,1,237,0,21 24,8080 d920,24,26,25,1,26,1,2.647592306137085,4.704999923706055,0.5627188839679338,1,0.6316037735849057,1 1 1,2.002 3.320 2.563,0,1.0,0.25,286,287,1,measured,525,0,1,239,0,284,8080,-1,-1,286,1,287,0,2.2555859088897705,4.65257453918457,0.48480381988358084,1,0.712578125,0 0 0,1.484 2.948 2.623,0,0,1.5386486053466797,1.7391620874404907,0.8847068461635426,0.2754707112970711,1
63248,348,2258,Program,0,1.0,0.25,23,25,1,measured,262,0,1,238,0,21 23,8080 434f,23,25,24,1,25,-1,2.286782741546631,4.660531997680664,0.4906698940560132,1,0.6943396226415094,-1 -1 -1,1.583 3.015 2.862,0,1.0,0.25,286,288,1,measured,525,0,1,238,0,284,8080,-1,-1,287,1,288,0,2.218125104904175,4.462165832519531,0.49709607131560274,1,0.708828125,0 0 0,1.554 2.863 2.128,0,0,1.2396838665008545,1.4549293518066406,0.8520577751500389,0.27630753138075315,1
63249,349,2259,Program,0,1.0,0.25,23,23,0,vbi_ambiguous,262,0,1,240,0,21 24,8080 4f4c,24,26,-1,0,-1,1,2.3270931243896484,4.627792835235596,0.5028516200360941,1,0.6973270440251572,1 1 1,1.490 3.178 2.191,0,1.0,0.25,286,288,1,measured,525,0,1,238,0,284,8080,-1,-1,287,1,288,0,2.250068426132202,4.676552772521973,0.4811382519519361,1,0.7096875,0 0 0,1.413 2.987 2.132,0,0,1.1994165182113647,1.2317665815353394,0.9737368558224304,0.29131799163179917,1
63250,350,2260,Program,0,1.0,0.25,23,23,0,vbi_ambiguous,262,0,1,240,0,21 24,8080 ae80,24,26,-1,0,-1,0,2.4479002952575684,4.120253562927246,0.5941139927122472,1,0.68609375,0 0 0,1.540 3.407 2.382,0,1.0,0.25,286,288,1,measured,525,0,1,238,0,284,8080,-1,-1,287,1,288,0,2.3354687690734863,4.1421284675598145,0.5638330117871364,1,0.706328125,0 0 0,1.429 3.222 2.249,0,-1,1.9676494598388672,2.773284912109375,0.7095013755158184,0.3935669456066946,1
63251,351,2261,Program,0,1.0,0.25,23,25,1,measured,262,0,1,238,0,21 23,8080 942c,23,25,24,1,25,-1,2.5607311725616455,4.026220798492432,0.6360135970487459,1,0.6877358490566038,-1 -1 -1,1.749 3.339 2.579,0,1.0,0.25,286,288,1,measured,525,0,1,238,0,284,8080,-1,-1,287,1,288,0,2.6695799827575684,3.8536360263824463,0.6927431559393024,1,0.67125,0 0 0,1.744 3.523 2.537,0,0,1.6170517206192017,1.8630506992340088,0.8679590530113059,0.2948744769874477,1
63252,352,2262,Program,0,1.0,0.25,23,25,1,measured,262,0,1,238,0,21 23,8080 942c,23,25,24,1,25,0,2.6153125762939453,4.188669204711914,0.6243779225516138,1,0.671640625,0 0 0,1.698 3.490 2.514,0,1.0,0.25,286,288,1,measured,525,0,1,238,0,284,8080,-1,-1,287,1,288,0,2.5592870712280273,4.261025905609131,0.6006269682282457,1,0.6890625,0 0 0,1.633 3.419 2.374,0,0,2.2323925495147705,2.929476261138916,0.7620449358571916,0.4225418410041841,1
63253,353,2263,Program,0,1.0,0.25,23,23,0,vbi_ambiguous,262,0,1,240,0,21 24,8080 942f,24,26,-1,0,-1,1,2.80352783203125,4.788290977478027,0.5854965467257081,1,0.634748427672956,1 1 1,2.029 3.625 2.443,0,1.0,0.25,286,288,1,measured,525,0,1,238,0,284,8080,-1,-1,287,1,288,0,2.568476676940918,4.451709747314453,0.5769640930634308,1,0.682265625,0 0 0,1.482 3.597 2.649,0,0,1.3874772787094116,1.3883906602859497,0.9993421292704822,0.3164748953974895,1
63254,354,2264,Program,0,1.0,0.25,23,25,1,measured,262,0,1,238,0,21 23,8080 942f,23,25,24,1,25,-1,2.3950865268707275,4.636581897735596,0.5165629724000853,1,0.6855345911949685,-1 -1 -1,1.611 3.191 2.163,0,1.0,0.25,286,288,1,measured,525,0,1,238,0,284,8080,-1,-1,287,1,288,0,2.227187395095825,4.59215784072876,0.4849980058051267,1,0.720390625,0 0 0,1.399 3.076 2.044,0,0,1.2649823427200317,1.536808967590332,0.8231226973535196,0.3039225941422594,1
63255,355,2265,Program,0,1.0,0.25,23,23,0,vbi_ambiguous,262,0,1,240,0,21 24,8080 8080,24,26,-1,0,-1,1,2.4082744121551514,4.691712856292725,0.5133038798239904,1,0.6770440251572327,1 1 1,1.436 3.412 2.252,0,1.0,0.25,286,288,1,measured,525,0,1,238,0,284,8080,-1,-1,287,1,288,0,2.300175666809082,4.544850826263428,0.5061058667793907,1,0.698984375,0 0 0,1.572 3.097 1.991,0,0,1.5512875318527222,1.691930890083313,0.9168740525662574,0.2731694560669456,1
63256,356,2266,Program,0,1.0,0.25,23,23,0,vbi_ambiguous,262,0,1,240,0,21 23,8080 8080,23,25,-1,0,-1,-1,2.4443788528442383,4.703243732452393,0.5197219178708555,1,0.679559748427673,-1 -1 -1,1.839 3.045 2.459,0,1.0,0.25,286,288,1,measured,525,0,1,238,0,284,8080,-1,-1,287,1,288,0,2.373720645904541,4.663060188293457,0.5090478248305118,1,0.673515625,0 0 0,1.865 2.929 2.110,0,0,1.3972396850585938,1.624786138534546,0.8599529820698836,0.325418410041841,1
63257,357,2267,Program,0,1.0,0.25,23,23,0,vbi_ambiguous,262,0,1,240,0,21 23,8080 8080,23,25,-1,0,-1,0,2.1400976181030273,4.493298053741455,0.4762865922773635,1,0.71921875,0 0 0,1.478 2.715 2.643,0,1.0,0.25,286,288,1,measured,525,0,1,238,0,284,8080,-1,-1,287,1,288,0,2.0503222942352295,4.368789196014404,0.4693113359888627,1,0.730625,0 0 0,1.419 2.663 2.068,0,0,1.7289621829986572,2.6046738624572754,0.6637921959901486,0.41035564853556483,1
63258,358,2268,Program,0,1.0,0.25,23,25,1,measured,262,0,1,238,0,21 23,8080 8080,23,25,24,1,25,0,2.1940135955810547,4.519722938537598,0.4854309933190175,1,0.697265625,0 0 0,1.567 2.826 2.360,0,1.0,0.25,286,288,1,measured,525,0,1,238,0,284,8080,-1,-1,287,1,288,0,2.1538476943969727,4.614101886749268,0.4667967347193549,1,0.701484375,0 0 0,1.611 2.631 2.538,0,0,1.8816134929656982,2.62752366065979,0.7161166695234293,0.38305439330543933,1
63259,359,2269,Program,0,1.0,0.25,23,23,0,vbi_ambiguous,262,0,1,240,0,21 24,8080 8080,24,26,-1,0,-1,1,2.2047858238220215,4.45703125,0.4946758728294807,1,0.7122641509433962,1 1 1,1.532 2.893 2.334,0,1.0,0.25,286,288,1,measured,525,0,1,238,0,284,8080,-1,-1,287,1,288,0,2.139296770095825,4.362903118133545,0.4903379039530492,1,0.73203125,0 0 0,1.372 2.904 2.160,0,-1,1.5238217115402222,1.538149356842041,0.9906851404006469,0.30517782426778245,1
63260,360,2270,Program,0,1.0,0.25,23,23,0,vbi_ambiguous,262,0,1,240,0,21 23,8080 8080,23,25,-1,0,-1,-1,2.40840220451355,4.472909927368164,0.5384419189345583,1,0.6926100628930818,-1 -1 -1,1.452 3.409 2.228,0,1.0,0.25,286,288,1,measured,525,0,1,238,0,284,8080,-1,-1,287,1,288,0,2.445380926132202,4.527309417724609,0.5401400038085383,1,0.6734375,0 0 0,1.652 3.244 2.436,0,0,1.1433383226394653,1.4073537588119507,0.8124029338612347,0.362918410041841,1
63261,361,2271,Program,0,1.0,0.25,23,23,0,vbi_ambiguous,262,0,1,240,0,21 24,8080 8080,24,26,-1,0,-1,1,2.3859572410583496,4.360215663909912,0.5472108319795363,1,0.7029088050314466,1 1 1,1.462 3.325 2.474,0,1.0,0.25,286,288,1,measured,525,0,1,238,0,284,8080,-1,-1,287,1,288,0,2.406445264816284,4.460770606994629,0.539468508208627,1,0.701484375,0 0 0,1.441 3.381 2.289,0,-1,1.117126703262329,1.1196539402008057,0.997742841026377,0.30889121338912134,1
63262,362,2272,Program,0,1.0,0.25,23,23,0,vbi_ambiguous,262,0,1,240,0,21 24,8080 8080,24,26,-1,0,-1,0,2.656259775161743,4.6605544090271,0.5699450198493108,1,0.647890625,0 0 0,1.566 3.742 2.845,0,1.0,0.25,286,288,1,measured,525,0,1,238,0,284,8080,-1,-1,287,1,288,0,3.32958984375,5.174135208129883,0.6435065397051023,1,0.739140625,0 0 0,2.701 4.009 2.842,0,-1,2.096432685852051,3.0929811000823975,0.6778032642346898,0.4167364016736402,1
63263,363,2273,Program,0,1.0,0.25,23,23,0,vbi_ambiguous,262,0,1,240,0,21 24,8080 8080,24,26,-1,0,-1,0,2.831367254257202,4.5700178146362305,0.6195527827461164,1,0.646796875,0 0 0,1.676 3.933 3.095,0,1.0,0.25,286,288,1,measured,525,0,1,238,0,284,8080,-1,-1,287,1,288,0,2.926220655441284,4.61159610748291,0.6345353294693595,1,0.63640625,0 0 0,1.808 3.922 2.931,0,-1,2.0517642498016357,2.8200790882110596,0.7275555704727378,0.3909518828451883,1
63264,364,2274,Program,0,1.0,0.25,23,23,0,vbi_ambiguous,262,0,1,240,0,21 23,8080 8080,23,25,-1,0,-1,-1,3.135603427886963,4.219976425170898,0.7430381385981271,1,0.6340408805031447,-1 -1 -2,1.710 4.345 3.083,0,1.0,0.25,286,287,1,measured,525,0,1,239,0,284,8080,-1,-1,286,1,287,0,3.179511785507202,4.036733627319336,0.7876446847989356,1,0.63171875,0 0 -1,1.759 4.205 2.890,0,0,1.3049668073654175,1.4392452239990234,0.906702197516761,0.33498953974895396,1
63265,365,2275,Program,0,1.0,0.25,23,26,1,measured,262,0,1,237,0,21 24,8080 8080,24,26,25,1,26,1,2.9013562202453613,3.5868260860443115,0.8088923607235966,1,0.6459905660377359,1 0 0,1.746 3.568 2.823,0,1.0,0.25,286,287,1,measured,525,0,1,239,0,284,8080,-1,-1,286,1,287,0,2.810488224029541,3.580355644226074,0.7849745956276512,1,0.644453125,0 0 -1,1.666 3.472 2.841,0,-1,1.451263427734375,1.4550117254257202,0.9974238711442353,0.3213389121338912,1
63266,366,2276,Program,0,1.0,0.25,23,23,0,vbi_ambiguous,262,0,1,240,0,21 24,8080 8080,24,26,-1,0,-1,0,2.809746026992798,3.665802001953125,0.7664751193588132,1,0.646484375,0 -1 -1,1.649 3.629 3.025,0,1.0,0.25,286,287,1,measured,525,0,1,239,0,284,8080,-1,-1,286,1,287,0,2.9680371284484863,3.5078320503234863,0.8461172273555055,1,0.649140625,0 -1 -1,1.764 3.354 2.745,0,-1,2.210040330886841,2.787989854812622,0.7927002772523989,0.3957635983263598,1
63267,367,2277,Program,0,1.0,0.25,23,23,0,vbi_ambiguous,262,0,1,240,0,21 23,8080 8080,23,25,-1,0,-1,-1,3.025343894958496,4.172616481781006,0.725047199561265,1,0.6382861635220126,-1 -1 -1,1.633 4.123 3.323,0,1.0,0.25,286,287,1,measured,525,0,1,239,0,284,8080,-1,-1,286,1,287,0,3.1001856327056885,4.428655624389648,0.7000286081474109,1,0.63078125,0 0 0,1.837 4.107 2.969,0,0,1.8965919017791748,2.0033724308013916,0.9466996114249698,0.34471757322175733,1
63268,368,2278,Program,0,1.0,0.25,23,25,1,measured,262,0,1,238,0,21 23,8080 8080,23,25,24,1,25,0,3.0779199600219727,4.79254150390625,0.6422312581984437,1,0.619140625,0 0 0,1.881 4.126 2.868,0,1.0,0.25,286,287,1,measured,525,0,1,239,0,284,8080,-1,-1,286,1,287,0,3.024785041809082,4.531466007232666,0.667506947416405,1,0.653203125,0 0 0,1.712 4.096 2.863,0,0,2.3636083602905273,2.9986066818237305,0.7882355410656919,0.3822175732217573,1
63269,369,2279,Program,0,1.0,0.25,23,25,1,measured,262,0,1,238,0,21 23,8080 8080,23,25,24,1,25,0,2.868290901184082,4.567109107971191,0.6280320512111082,1,0.642265625,0 0 0,1.929 3.704 2.606,0,1.0,0.25,286,287,1,measured,525,0,1,239,0,284,8080,-1,-1,286,1,287,0,2.762080192565918,4.6956071853637695,0.5882264174855459,1,0.6578125,0 0 0,1.849 3.523 2.622,0,0,2.4168975353240967,2.8277056217193604,0.8547203488086303,0.37285564853556485,1
63270,370,2280,Program,0,1.0,0.25,23,25,1,measured,262,0,1,238,0,21 23,8080 8080,23,25,24,1,25,0,2.5288476943969727,4.547267913818359,0.5561246318283211,1,0.653046875,0 0 0,2.039 2.855 2.443,0,1.0,0.25,286,288,1,measured,525,0,1,238,0,284,8080,-1,-1,287,1,288,0,2.6946094036102295,4.827191352844238,0.558214747799988,1,0.712578125,0 0 0,2.212 3.036 2.385,0,0,1.8643242120742798,2.4659476280212402,0.7560274966465028,0.3616108786610879,1
63271,371,2281,Program,0,1.0,0.25,23,25,1,measured,262,0,1,238,0,21 23,8080 8080,23,25,24,1,25,0,2.359668016433716,4.292216777801514,0.5497550889408584,1,0.674453125,0 0 0,1.978 2.580 2.845,0,1.0,0.25,286,288,1,measured,525,0,1,238,0,284,8080,-1,-1,287,1,288,0,2.455918073654175,4.124105930328369,0.595503150293385,1,0.678828125,0 0 0,2.015 2.578 3.047,0,0,1.6006395816802979,2.239734411239624,0.7146559760156532,0.3935669456066946,1
63272,372,2282,Program,0,1.0,0.25,23,23,0,vbi_ambiguous,262,0,1,240,0,21 23,8080 8080,23,25,-1,0,-1,0,2.805244207382202,4.116096496582031,0.6815302337327735,1,0.6290625,0 0 0,2.368 3.058 3.058,0,1.0,0.25,286,288,1,measured,525,0,1,238,0,284,8080,-1,-1,287,1,288,0,2.739189386367798,4.121580123901367,0.6645969031350436,1,0.6403125,0 0 0,2.165 3.092 2.977,0,0,2.1115970611572266,2.526127338409424,0.8359028577264017,0.3438807531380753,1
63273,373,2283,Program,0,1.0,0.25,23,23,0,vbi_ambiguous,262,0,1,240,0,21 24,8080 8080,24,26,-1,0,-1,1,2.9854657649993896,4.402907371520996,0.678066902862881,1,0.6185534591194969,1 1 1,2.288 3.571 3.212,0,1.0,0.25,286,288,1,measured,525,0,1,238,0,284,8080,-1,-1,287,1,288,0,2.9877049922943115,4.187146186828613,0.7135420782996902,1,0.626484375,0 0 0,2.138 3.566 3.307,0,-1,1.5109635591506958,1.5365850925445557,0.9833256657778509,0.3297594142259414,1
63274,374,2284,Program,0,1.0,0.25,23,23,0,vbi_ambiguous,262,0,1,240,0,21 24,8080 8080,24,26,-1,0,-1,0,2.8505468368530273,4.790664196014404,0.5950212163116215,1,0.654296875,0 0 0,1.894 3.765 2.779,0,1.0,0.25,286,286,1,measured,525,0,1,240,0,284,8080,-1,-1,-1,0,-1,0,2.890742301940918,4.938747882843018,0.5853188643184689,1,0.65234375,0 0 0,1.914 3.831 2.534,0,-1,2.0569801330566406,2.569149971008301,0.8006461889219135,0.38373430962343097,1
63275,375,2285,Program,0,1.0,0.25,23,23,0,vbi_ambiguous,262,0,1,240,0,21 24,8080 8080,24,26,-1,0,-1,0,2.9746484756469727,4.443592548370361,0.6694242199901727,1,0.64078125,0 0 0,1.940 3.952 2.560,0,1.0,0.25,286,287,1,measured,525,0,1,239,0,284,8080,-1,-1,286,1,287,0,2.9323534965515137,4.6043829917907715,0.6368613344675397,1,0.643046875,0 0 0,1.733 4.031 2.471,0,-1,1.8169431686401367,2.5791757106781006,0.7044666096682639,0.38697698744769876,1
63276,376,2286,Program,0,1.0,0.25,23,23,0,vbi_ambiguous,262,0,1,240,0,21 24,8080 8080,24,26,-1,0,-1,0,2.6562793254852295,3.7564268112182617,0.7071292637866571,1,0.670859375,0 0 0,1.852 3.285 3.168,0,1.0,0.25,286,288,1,measured,525,0,1,238,0,284,8080,-1,-1,287,1,288,0,2.8719725608825684,3.4140329360961914,0.8412257920881551,1,0.65578125,0 -1 0,1.948 3.253 2.945,0,-1,1.9405936002731323,2.5602433681488037,0.7579723179504955,0.38038702928870294,1
63277,377,2287,Program,0,1.0,0.25,23,23,0,vbi_ambiguous,262,0,1,240,0,21 24,8080 8080,24,26,-1,0,-1,0,2.638134717941284,3.0182487964630127,0.8740613832209022,1,0.660859375,0 -1 0,2.026 2.724 3.352,0,1.0,0.25,286,288,1,measured,525,0,1,238,0,284,8080,-1,-1,287,1,288,0,2.7146289348602295,3.1461968421936035,0.8628287011335011,1,0.65359375,0 -1 0,2.115 2.702 3.008,0,-1,2.068110942840576,2.5093941688537598,0.824147504808002,0.39790794979079497,1
63278,378,2288,Program,0,1.0,0.25,23,23,0,vbi_ambiguous,262,0,1,240,0,21 23,8080 8080,23,25,-1,0,-1,-1,2.9054737091064453,3.5160305500030518,0.8263505301749792,1,0.6342767295597485,-1 -1 -2,2.237 3.249 3.282,0,1.0,0.25,286,288,1,measured,525,0,1,238,0,284,8080,-1,-1,287,1,288,0,2.8985157012939453,3.3554933071136475,0.8638120943794138,1,0.65375,0 0 -1,2.230 3.129 2.928,0,0,1.576612949371338,1.657387375831604,0.9512640028287068,0.3469665271966527,1
63279,379,2289,Program,0,1.0,0.25,23,23,0,vbi_ambiguous,262,0,1,240,0,21 23,8080 8080,23,25,-1,0,-1,0,2.961728572845459,3.644064426422119,0.812754173985172,1,0.645625,0 0 -1,2.310 3.194 3.107,0,1.0,0.25,286,288,1,measured,525,0,1,238,0,284,8080,-1,-1,287,1,288,0,2.9741406440734863,3.9477005004882812,0.7533855832542571,1,0.6296875,0 0 -1,2.347 3.181 3.076,0,0,2.221985340118408,2.546576499938965,0.8725382254064088,0.375836820083682,1
63280,380,2290,Program,0,1.0,0.25,23,23,0,vbi_ambiguous,262,0,1,240,0,21 24,8080 8080,24,26,-1,0,-1,1,3.0210494995117188,4.197949409484863,0.7196488582463495,1,0.6939465408805031,1 1 0,2.415 3.229 3.423,0,1.0,0.25,286,288,1,measured,525,0,1,238,0,284,8080,-1,-1,287,1,288,0,3.0309178829193115,3.781554698944092,0.801500473803968,1,0.647109375,0 0 -1,2.248 3.179 2.954,0,-1,1.669102430343628,1.7579199075698853,0.9494758112449861,0.38023012552301255,1
63281,381,2291,Program,0,1.0,0.25,23,23,0,vbi_ambiguous,262,0,1,240,0,21 23,8080 8080,23,25,-1,0,-1,-1,2.669133186340332,3.967444658279419,0.6727587694941832,1,0.6500786163522012,-1 -1 -1,2.139 2.821 3.521,0,1.0,0.25,286,288,1,measured,525,0,1,238,0,284,8080,-1,-1,287,1,288,0,2.349414110183716,4.023948669433594,0.5838578727482666,1,0.6965625,0 0 0,1.884 2.394 2.701,0,0,1.6061451435089111,1.7752125263214111,0.9047621733703959,0.34586820083682007,1
63282,382,2292,Program,0,1.0,0.25,23,23,0,vbi_ambiguous,262,0,1,240,0,21 24,8080 8080,24,26,-1,0,-1,1,2.371314764022827,4.485702991485596,0.5286383803216281,1,0.6830974842767296,1 1 1,1.799 2.716 2.774,0,1.0,0.25,286,288,1,measured,525,0,1,238,0,284,8080,-1,-1,287,1,288,0,2.489003896713257,4.244496822357178,0.586407294170382,1,0.692890625,0 0 0,1.919 2.726 2.819,0,0,1.67617928981781,1.6897659301757812,0.991959454196974,0.29769874476987446,1
63283,383,2293,Program,0,1.0,0.25,23,23,0,vbi_ambiguous,262,0,1,240,0,21 24,8080 8080,24,26,-1,0,-1,0,2.2203710079193115,4.727397918701172,0.4696814285794979,1,0.6825,0 0 0,1.790 2.582 2.248,0,1.0,0.25,286,288,1,measured,525,0,1,238,0,284,8080,-1,-1,287,1,288,0,2.2834765911102295,4.598643779754639,0.49655435395173503,1,0.693671875,0 0 0,1.935 2.424 2.289,0,-1,1.96878182888031,2.786611795425415,0.7065145680185237,0.4100418410041841,1
63284,384,2294,Program,0,1.0,0.25,23,25,1,measured,262,0,1,238,0,21 23,8080 8080,23,25,24,1,25,-1,2.2649567127227783,4.44656229019165,0.5093725365590587,1,0.6805817610062893,-1 -1 -1,1.716 2.557 2.475,0,1.0,0.25,286,288,1,measured,525,0,1,238,0,284,8080,-1,-1,287,1,288,0,2.0266504287719727,4.401159763336182,0.4604809954082931,1,0.72515625,0 0 0,1.583 2.244 2.120,0,0,1.4517769813537598,1.6689786911010742,0.8698595069515117,0.3013075313807531,1
63285,385,2295,Program,0,1.0,0.25,23,23,0,vbi_ambiguous,262,0,1,240,0,21 24,8080 8080,24,26,-1,0,-1,1,2.1303656101226807,4.114121913909912,0.5178178125737792,1,0.6910377358490566,1 1 1,1.734 2.329 2.533,0,1.0,0.25,286,288,1,measured,525,0,1,238,0,284,8080,-1,-1,287,1,288,0,2.2521581649780273,4.146806240081787,0.5431066788723672,1,0.70296875,0 0 0,1.785 2.362 2.390,0,-1,1.222801685333252,1.2504911422729492,0.9778571346860021,0.34973849372384935,1
63286,386,2296,Program,0,1.0,0.25,23,23,0,vbi_ambiguous,262,0,1,240,0,21 23,8080 8080,23,25,-1,0,-1,-1,2.0603084564208984,4.135351657867432,0.4982184411091615,1,0.7134433962264151,-1 -1 -1,1.678 2.216 2.435,0,1.0,0.25,286,288,1,measured,525,0,1,238,0,284,8080,-1,-1,287,1,288,0,2.2038183212280273,4.26456356048584,0.516774645276235,1,0.667109375,0 0 0,1.793 2.359 2.204,0,0,1.2598209381103516,1.498315453529358,0.840824897816264,0.30088912133891216,1
63287,387,2297,Program,0,1.0,0.25,23,23,0,vbi_ambiguous,262,0,1,240,0,21 24,8080 8080,24,26,-1,0,-1,1,2.0548644065856934,4.257782936096191,0.4826137070457906,1,0.7067610062893082,1 1 1,1.623 2.390 2.042,0,1.0,0.25,286,288,1,measured,525,0,1,238,0,284,8080,-1,-1,287,1,288,0,2.062558650970459,4.202604293823242,0.49078107448800135,1,0.7096875,0 0 0,1.604 2.284 2.092,0,0,1.5553473234176636,1.572226881980896,0.9892639168324324,0.28425732217573224,1
63288,388,2298,Program,0,1.0,0.25,23,23,0,vbi_ambiguous,262,0,1,240,0,21 23,8080 8080,23,25,-1,0,-1,-1,1.928125023841858,4.660828590393066,0.413687177386468,1,0.7074685534591195,-1 -1 -1,1.628 2.145 2.049,0,1.0,0.25,286,288,1,measured,525,0,1,238,0,284,8080,-1,-1,287,1,288,0,1.9173535108566284,4.680060863494873,0.40968559315376707,1,0.71515625,0 0 0,1.739 1.870 2.018,0,0,1.4054590463638306,1.631584882736206,0.8614072496227366,0.2913702928870293,1
63289,389,2299,Program,0,1.0,0.25,23,23,0,vbi_ambiguous,262,0,1,240,0,21 23,8080 8080,23,25,-1,0,-1,0,1.6677050590515137,4.624518394470215,0.3606224295800571,1,0.6375,0 0 0,1.481 1.768 2.028,0,1.0,0.25,286,288,1,measured,525,0,1,238,0,284,8080,-1,-1,287,1,288,0,1.6562988758087158,4.517816543579102,0.36661490342336117,1,0.624296875,0 0 0,1.394 1.719 1.979,0,0,1.7981964349746704,2.5192153453826904,0.7137922680053812,0.2776673640167364,1
63290,390,2300,Program,0,1.0,0.25,23,23,0,vbi_ambiguous,262,0,1,240,0,21 23,8080 8080,23,25,-1,0,-1,0,1.688076138496399,4.601424694061279,0.36685945130756453,1,0.761171875,0 0 0,1.439 1.864 1.844,0,1.0,0.25,286,288,1,measured,525,0,1,238,0,284,8080,-1,-1,287,1,288,0,2.0044825077056885,4.815310478210449,0.41627274435907813,1,0.68515625,0 0 0,1.938 1.906 1.990,0,0,2.3487298488616943,3.1351354122161865,0.7491637648918672,0.4302824267782427,1
63291,391,2301,Program,0,1.0,0.25,23,23,0,vbi_ambiguous,262,0,1,240,0,21 24,8080 8080,24,26,-1,0,-1,1,2.051100730895996,4.573857307434082,0.4484400349705392,1,0.7046383647798742,1 1 1,1.632 2.365 2.213,0,1.0,0.25,286,288,1,measured,525,0,1,238,0,284,8080,-1,-1,287,1,288,0,2.0853514671325684,4.570204257965088,0.4562928371304534,1,0.701484375,0 0 0,1.575 2.347 2.148,0,0,1.8221417665481567,1.8503962755203247,0.9847305632064013,0.2952928870292887,1
63292,392,2302,Program,0,1.0,0.25,23,25,1,measured,262,0,1,238,0,21 23,8080 942c,23,25,24,1,25,-1,2.5854756832122803,4.573398113250732,0.5653292407938976,1,0.6606132075471698,-1 -1 -1,1.769 3.240 2.295,0,1.0,0.25,286,287,1,measured,525,0,1,239,0,284,8080,-1,-1,286,1,287,0,2.793593645095825,4.66965389251709,0.5982442616512614,1,0.63015625,0 0 0,2.087 3.252 2.304,0,0,1.5228023529052734,1.718498945236206,0.8861235307281295,0.3641213389121339,1
63293,393,2303,Program,0,1.0,0.25,23,25,1,measured,262,0,1,238,0,21 23,8080 942c,23,25,24,1,25,-3,75.8051528930664,76.02483367919922,0.9971104075405177,1,0.9962579617834395,-3 -3 3,91.518 63.051 82.161,0,1.0,0.25,286,287,1,measured,525,0,1,239,0,284,8080,-1,-1,286,1,287,-3,74.3177719116211,74.54804229736328,0.9969111142473244,1,0.9971337579617834,-3 -3 3,88.218 65.817 79.039,0,0,6.652779579162598,7.207152366638184,0.9230801904450125,0.875,1
63294,394,2304,Program,0,1.0,0.25,23,26,1,measured,262,0,1,237,0,21 24,8080 8080,24,26,25,1,26,3,10.194177627563477,10.313528060913086,0.9884277782884082,1,0.6277866242038217,3 1 1,16.683 4.383 3.676,0,1.0,0.25,286,287,1,measured,525,0,1,239,0,284,8080,-1,-1,286,1,287,3,20.882165908813477,21.07208251953125,0.9909872880128604,1,0.5261146496815287,3 0 0,38.677 6.849 4.654,0,-1,1.411871314048767,1.4871914386749268,0.9493541163111663,0.37536610878661086,1
63295,395,2305,Program,0,1.0,0.25,23,26,1,measured,262,0,1,237,0,21 24,8080 8080,24,26,25,1,26,3,23.634634017944336,24.06290626525879,0.9822019733363306,1,0.6089968152866242,3 0 0,48.153 2.718 2.782,0,1.0,0.25,286,286,1,measured,525,0,1,240,0,284,8080,-1,-1,-1,0,-1,3,34.543701171875,34.99079132080078,0.9872226339545513,1,0.58328025477707,3 3 -1,50.893 24.626 3.969,0,-1,2.8687562942504883,2.93851900100708,0.9762592289746356,0.3596757322175732,1
63296,396,2306,Program,0,1.0,0.25,23,25,1,measured,262,0,1,238,0,21 23,8080 8080,23,25,24,1,25,3,51.38310241699219,51.748775482177734,0.9929336866084593,1,0.6197452229299363,3 3 1,57.754 51.105 10.169,0,1.0,0.25,286,286,1,measured,525,0,1,240,0,284,8080,-1,-1,-1,0,-1,3,46.9324951171875,47.235050201416016,0.9935946911681393,1,0.6152866242038216,0 3 3,53.429 39.293 19.591,0,0,3.0231218338012695,3.053049087524414,0.9901975851467848,0.19806485355648534,1
63297,397,2307,Program,0,1.0,0.25,23,25,1,measured,262,0,1,238,0,21 23,8080 8080,23,25,24,1,25,3,43.816978454589844,44.207237243652344,0.9911720611059327,1,0.5500796178343949,3 3 3,47.520 37.796 45.958,0,1.0,0.25,286,286,1,measured,525,0,1,240,0,284,8080,-1,-1,-1,0,-1,3,31.012847900390625,31.323091506958008,0.9900953708065992,1,0.5863057324840765,3 3 3,22.240 42.171 38.957,0,2,3.4839446544647217,3.633183002471924,0.9589235257608372,0.23169456066945607,1
63298,398,2308,Program,0,1.0,0.25,23,23,0,vbi_ambiguous,262,0,1,240,0,21 23,8080 8080,23,25,-1,0,-1,3,26.00102424621582,26.506675720214844,0.9809236179090765,1,0.5845541401273885,2 3 3,3.928 47.698 24.544,0,1.0,0.25,286,286,1,measured,525,0,1,240,0,284,8080,-1,-1,-1,0,-1,3,21.286256790161133,21.829954147338867,0.9750939762168941,1,0.589968152866242,-3 3 3,4.082 36.729 20.025,0,1,2.185821771621704,2.294325590133667,0.952707750382699,0.3583682008368201,1
63299,399,2309,Program,0,1.0,0.25,23,25,1,measured,262,0,1,238,0,21 23,8080 8080,23,25,24,1,25,3,13.687350273132324,14.26125431060791,0.9597578147772948,1,0.5984872611464969,0 3 3,3.781 22.020 14.349,0,1.0,0.25,286,286,1,measured,525,0,1,240,0,284,8080,-1,-1,-1,0,-1,3,11.290038108825684,11.916465759277344,0.9474317584503639,1,0.5454617834394905,0 3 3,5.533 16.836 14.961,0,0,1.941231369972229,1.9615060091018677,0.9896637384562885,0.3539225941422594,1
63300,400,2310,Program,0,1.0,0.25,23,23,0,vbi_ambiguous,262,0,1,240,0,21 23,8080 8080,23,25,-1,0,-1,3,5.535330295562744,6.176344871520996,0.8962145752394822,1,0.643312101910828,0 3 3,2.760 7.371 6.533,0,1.0,0.25,286,286,1,measured,525,0,1,240,0,284,8080,-1,-1,-1,0,-1,0,4.137607574462891,4.335819721221924,0.9542849658188342,1,0.626640625,0 0 -1,5.207 3.132 4.341,0,0,1.677808403968811,1.6983991861343384,0.9878763589068873,0.3696652719665272,1
63301,401,2311,Program,0,1.0,0.25,23,23,0,vbi_ambiguous,262,0,1,240,0,21 23,8080 8080,23,25,-1,0,-1,-3,4.856478691101074,5.492919445037842,0.8841343368849672,1,0.6248407643312102,0 -3 -3,2.848 5.969 14.158,0,1.0,0.25,286,286,1,measured,525,0,1,240,0,284,8080,-1,-1,-1,0,-1,-3,8.2913818359375,8.97796630859375,0.923525612699276,1,0.5585987261146497,2 -3 -3,4.373 11.247 12.443,0,0,1.7905229330062866,1.814408302307129,0.9868357253047891,0.3505753138075314,1
63302,402,2312,Program,0,1.0,0.25,23,25,1,measured,262,0,1,238,0,21 23,8080 8080,23,25,24,1,25,-3,13.889370918273926,14.599357604980469,0.9513686351196483,1,0.5101910828025478,3 -3 -3,8.636 17.662 18.587,0,1.0,0.25,286,288,1,measured,525,0,1,238,0,284,8080,-1,-1,287,1,288,-3,13.623148918151855,14.2089262008667,0.9587739935844615,1,0.585828025477707,0 -3 -3,2.145 20.309 16.747,0,0,1.985039234161377,2.0126867294311523,0.9862633887005409,0.3063284518828452,1
63303,403,2313,Program,0,1.0,0.25,23,23,0,vbi_ambiguous,262,0,1,240,0,21 24,8080 8080,24,26,-1,0,-1,-3,18.373836517333984,19.088577270507812,0.9625566251981432,1,0.48128980891719747,1 -3 -3,7.708 29.143 18.524,0,1.0,0.25,286,286,1,measured,525,0,1,240,0,284,8080,-1,-1,-1,0,-1,-3,18.1148681640625,18.71732521057129,0.9678128664362508,1,0.559156050955414,-2 -3 -3,4.827 32.002 28.006,0,0,1.666917324066162,1.686463475227356,0.9884099765881033,0.3303347280334728,1
63304,404,2314,Program,0,1.0,0.25,23,23,0,vbi_ambiguous,262,0,1,240,0,21 23,8080 8080,23,25,-1,0,-1,-3,19.739410400390625,20.281110763549805,0.9732903996494734,1,0.5601114649681529,-1 -3 -3,4.812 36.579 39.462,0,1.0,0.25,286,286,1,measured,525,0,1,240,0,284,8080,-1,-1,-1,0,-1,-3,25.409772872924805,26.172924041748047,0.9708419598969549,1,0.5469745222929936,-3 -3 -3,10.742 35.527 42.489,0,0,1.9788659811019897,2.1219425201416016,0.9325728488488633,0.322489539748954,1
63305,405,2315,Program,0,1.0,0.25,23,26,1,measured,262,0,1,237,0,21 24,8080 8080,24,26,25,1,26,-3,26.11322593688965,26.87655258178711,0.9715987888485843,1,0.5999203821656051,-3 -3 -3,19.281 28.500 32.205,0,1.0,0.25,286,286,1,measured,525,0,1,240,0,284,8080,-1,-1,-1,0,-1,-3,32.077754974365234,32.794532775878906,0.9781433751042529,1,0.5664808917197452,-3 -3 -3,26.914 38.400 26.702,0,-1,2.3265604972839355,2.3464009761810303,0.9915442931116629,0.31757322175732217,1
63306,406,2316,Program,0,1.0,0.25,23,26,1,measured,262,0,1,237,0,21 24,8080 8080,24,26,25,1,26,-3,27.529956817626953,28.25265121459961,0.9744202980639494,1,0.5707006369426751,-3 -3 -3,27.327 30.663 26.642,0,1.0,0.25,286,288,1,measured,525,0,1,238,0,284,8080,-1,-1,287,1,288,-3,26.290735244750977,27.37312126159668,0.960458071021508,1,0.6144108280254778,-3 -3 -3,27.358 24.963 26.616,0,-1,2.992246627807617,3.154607057571411,0.9485322809463351,0.29680962343096234,1
63307,407,2317,Program,0,1.0,0.25,23,23,0,vbi_ambiguous,262,0,1,240,0,21 23,8080 8080,23,25,-1,0,-1,-3,30.44228744506836,31.37763023376465,0.9701907766224553,1,0.5011146496815286,-3 -3 -3,26.234 32.478 34.724,0,1.0,0.25,286,286,1,measured,525,0,1,240,0,284,8080,-1,-1,-1,0,-1,-3,25.890953063964844,27.087045669555664,0.9558426334055632,1,0.5617834394904458,-3 -3 -3,24.006 25.850 32.083,0,0,3.3679983615875244,3.403179407119751,0.9896623006537285,0.298326359832636,1
63308,408,2318,Program,0,1.0,0.25,23,25,1,measured,262,0,1,238,0,21 23,8080 8080,23,25,24,1,25,-3,20.40256690979004,21.926424026489258,0.9305013387108517,1,0.509235668789809,-3 -3 -3,17.142 23.687 33.654,0,1.0,0.25,286,286,1,measured,525,0,1,240,0,284,8080,-1,-1,-1,0,-1,0,16.98543930053711,18.189062118530273,0.9338271093831186,1,0.545,0 -3 -3,2.586 22.967 23.469,0,0,2.3543150424957275,2.3760790824890137,0.9908403553763506,0.24952928870292887,1
63309,409,2319,Program,0,1.0,0.25,23,26,1,measured,262,0,1,237,0,21 24,8080 8080,24,26,25,1,26,1,23.58725357055664,24.448965072631836,0.9647546839093081,1,0.5129716981132075,1 -3 -3,8.200 34.185 12.148,0,1.0,0.25,286,286,1,measured,525,0,1,240,0,284,8080,-1,-1,-1,0,-1,0,16.957569122314453,17.94695281982422,0.9448717725263706,1,0.581640625,0 -3 -3,3.054 32.385 4.087,0,-1,1.8782100677490234,1.8934152126312256,0.9919694609081164,0.2881799163179916,1
63310,410,2320,Program,0,1.0,0.25,23,26,1,measured,262,0,1,237,0,21 24,8080 8080,24,26,25,1,26,0,21.59383773803711,22.532705307006836,0.9583331181863115,1,0.503359375,0 -3 -1,7.681 35.091 8.831,0,1.0,0.25,286,286,1,measured,525,0,1,240,0,284,8080,-1,-1,-1,0,-1,0,14.378339767456055,15.303803443908691,0.9395272110070785,1,0.574140625,0 -3 0,7.326 21.793 4.325,0,-1,2.1948561668395996,2.8140008449554443,0.7799770816608806,0.34748953974895397,1
63311,411,2321,Program,0,1.0,0.25,23,23,0,vbi_ambiguous,262,0,1,240,0,21 23,8080 8080,23,25,-1,0,-1,-1,9.311674118041992,10.221162796020508,0.9110190595601692,1,0.6648584905660377,-1 -3 -1,7.309 11.148 1.981,0,1.0,0.25,286,286,1,measured,525,0,1,240,0,284,8080,-1,-1,-1,0,-1,0,11.797734260559082,12.256917953491211,0.9625367735449892,1,0.51796875,0 -3 0,9.923 11.952 7.029,0,0,1.1985561847686768,1.2544304132461548,0.9554584870651459,0.32285564853556487,1
63312,412,2322,Program,0,1.0,0.25,23,26,1,measured,262,0,1,237,0,21 24,8080 8080,24,26,25,1,26,1,8.1444673538208,9.025263786315918,0.9024076798917968,1,0.529245283018868,1 3 1,7.924 7.752 4.388,0,1.0,0.25,286,288,1,measured,525,0,1,238,0,284,8080,-1,-1,287,1,288,0,12.895185470581055,13.540742874145508,0.9523248163291639,1,0.52109375,0 3 0,8.456 14.928 7.069,0,0,1.276434063911438,1.3930658102035522,0.9162769300360101,0.36652719665271966,1
63313,413,2323,Program,0,1.0,0.25,23,25,1,measured,262,0,1,238,0,21 23,8080 8080,23,25,24,1,25,-1,12.53221321105957,13.19344711303711,0.9498816422795116,1,0.5388364779874214,-1 3 -3,6.731 15.931 4.995,0,1.0,0.25,286,286,1,measured,525,0,1,240,0,284,8080,-1,-1,-1,0,-1,0,13.093066215515137,13.629157066345215,0.9606658835744245,1,0.5765625,0 3 0,5.203 21.614 3.863,0,0,1.348128080368042,1.4163480997085571,0.9518338610723219,0.3035041841004184,1
63314,414,2324,Program,0,1.0,0.25,23,23,0,vbi_ambiguous,262,0,1,240,0,21 23,8080 8080,23,25,-1,0,-1,0,17.354942321777344,17.936664581298828,0.9675679802738798,1,0.52234375,0 3 0,8.299 26.456 5.984,0,1.0,0.25,286,286,1,measured,525,0,1,240,0,284,8080,-1,-1,-1,0,-1,0,16.712207794189453,17.299606323242188,0.9660455551370809,1,0.56265625,0 3 3,7.638 25.427 5.384,0,0,1.9047945737838745,2.3094449043273926,0.8247845922692105,0.33352510460251045,1
63315,415,2325,Program,0,1.0,0.25,23,25,1,measured,262,0,1,238,0,21 23,8080 8080,23,25,24,1,25,0,18.661611557006836,19.125551223754883,0.9757424159272434,1,0.526171875,0 3 3,8.551 24.021 9.750,0,1.0,0.25,286,286,1,measured,525,0,1,240,0,284,8080,-1,-1,-1,0,-1,0,15.537031173706055,15.981358528137207,0.9721971474672283,1,0.554921875,0 3 3,7.405 15.026 16.971,0,0,2.0863442420959473,2.7067699432373047,0.7707874277636885,0.3586297071129707,1
63316,416,2326,Program,0,1.0,0.25,23,23,0,vbi_ambiguous,262,0,1,240,0,21 23,8080 8080,23,25,-1,0,-1,0,9.232148170471191,9.540005683898926,0.9677298396218653,1,0.62375,0 3 3,6.596 8.558 12.505,0,1.0,0.25,286,286,1,measured,525,0,1,240,0,284,8080,-1,-1,-1,0,-1,0,9.017460823059082,9.404067993164062,0.9588893689001388,1,0.584609375,0 3 3,5.320 9.721 13.726,0,0,1.591623067855835,1.8588451147079468,0.8562429732645602,0.2950836820083682,1
63317,417,2327,Program,0,1.0,0.25,23,23,0,vbi_ambiguous,262,0,1,240,0,21 23,8080 8080,23,25,-1,0,-1,0,7.969872951507568,8.307085037231445,0.9594066890837726,1,0.567734375,0 2 3,4.992 9.055 10.109,0,1.0,0.25,286,286,1,measured,525,0,1,240,0,284,8080,-1,-1,-1,0,-1,0,6.499228477478027,8.876769065856934,0.7321614913331773,1,0.57203125,0 0 0,8.009 5.188 5.862,0,0,1.9199695587158203,2.242731809616089,0.8560852218190462,0.33023012552301256,1
63318,418,2328,Program,0,1.0,0.25,23,25,1,measured,262,0,1,238,0,21 23,8080 8080,23,25,24,1,25,0,7.480810642242432,9.684552192687988,0.7724477594215021,1,0.575078125,0 0 0,6.094 8.919 8.287,0,1.0,0.25,286,286,1,measured,525,0,1,240,0,284,8080,-1,-1,-1,0,-1,0,6.81252908706665,8.844830513000488,0.7702272052645125,1,0.63234375,0 0 0,8.368 4.933 7.702,0,0,2.526693105697632,3.730915069580078,0.6772314723267115,0.38305439330543933,1
63319,419,2329,Program,0,1.0,0.25,23,25,1,measured,262,0,1,238,0,21 23,8080 9420,23,25,24,1,25,0,7.403378963470459,9.348633766174316,0.7919209532260988,1,0.568515625,0 0 0,7.494 6.905 10.401,0,1.0,0.25,286,286,1,measured,525,0,1,240,0,284,8080,-1,-1,-1,0,-1,0,7.498125076293945,9.568799018859863,0.7836014803441194,1,0.5915625,0 0 0,4.109 9.607 12.095,0,0,2.0052342414855957,3.1680715084075928,0.6329510669705531,0.32599372384937236,1
63320,420,2330,Program,0,1.0,0.25,23,25,1,measured,262,0,1,238,0,21 23,8080 9420,23,25,24,1,25,0,8.6342191696167,10.95130729675293,0.7884190385358606,1,0.593125,0 0 0,6.645 9.687 11.132,0,1.0,0.25,286,286,1,measured,525,0,1,240,0,284,8080,-1,-1,-1,0,-1,0,10.059989929199219,12.302093505859375,0.8177461766493432,1,0.562265625,0 0 0,5.985 12.579 14.424,0,0,2.348878860473633,3.505211353302002,0.6701104794325531,0.37730125523012553,1
63321,421,2331,Program,0,1.0,0.25,23,23,0,vbi_ambiguous,262,0,1,240,0,21 23,8080 9452,23,25,-1,0,-1,0,10.774492263793945,12.936969757080078,0.8328451303596297,1,0.59125,0 0 0,6.242 14.257 11.974,0,1.0,0.25,286,286,1,measured,525,0,1,240,0,284,8080,-1,-1,-1,0,-1,0,11.999258041381836,14.150677680969238,0.847963490647464,1,0.5775,0 0 0,5.916 16.422 13.038,0,0,1.9712306261062622,3.006218671798706,0.6557176444276487,0.3505230125523013,1
63322,422,2332,Program,0,1.0,0.25,23,23,0,vbi_ambiguous,262,0,1,240,0,21 23,8080 9452,23,25,-1,0,-1,0,12.154648780822754,14.217236518859863,0.8549234420275006,1,0.571484375,0 0 0,3.759 18.970 16.291,0,1.0,0.25,286,286,1,measured,525,0,1,240,0,284,8080,-1,-1,-1,0,-1,0,15.779804229736328,17.85108184814453,0.883969070556724,1,0.525234375,0 0 0,8.482 21.801 11.117,0,0,2.7529616355895996,3.574995756149292,0.7700601128978336,0.3123430962343096,1
63323,423,2333,Program,0,1.0,0.25,23,25,1,measured,262,0,1,238,0,21 23,8080 57c8,23,25,24,1,25,0,17.562891006469727,19.5452823638916,0.898574432412182,1,0.512890625,0 0 0,10.536 24.173 15.224,0,1.0,0.25,286,286,1,measured,525,0,1,240,0,284,8080,-1,-1,-1,0,-1,0,16.384014129638672,18.448713302612305,0.8880843807854462,1,0.5609375,0 0 0,6.670 24.500 13.097,0,0,2.9810938835144043,4.184877872467041,0.7123490754957229,0.34544979079497906,1
63324,424,2334,Program,0,1.0,0.25,23,23,0,vbi_ambiguous,262,0,1,240,0,21 23,8080 c154,23,25,-1,0,-1,0,13.575243949890137,15.584935188293457,0.8710491115861111,1,0.555390625,0 0 0,8.132 18.670 7.638,0,1.0,0.25,286,286,1,measured,525,0,1,240,0,284,8080,-1,-1,-1,0,-1,0,3.425244092941284,6.813551425933838,0.5027105365205098,1,0.69015625,0 0 0,3.573 3.286 4.146,0,0,2.161947250366211,3.202155113220215,0.6751538179523323,0.3253138075313807,1
63325,425,2335,Program,0,1.0,0.25,23,26,1,measured,262,0,1,237,0,21 24,8080 2049,24,26,25,1,26,1,4.197484493255615,7.624989986419678,0.550490492542476,1,0.6484276729559748,1 1 1,5.042 3.406 2.754,0,1.0,0.25,286,286,1,measured,525,0,1,240,0,284,8080,-1,-1,-1,0,-1,0,5.143271446228027,8.667580604553223,0.5933918218800506,1,0.62234375,0 0 0,6.516 3.889 4.644,0,0,1.5735965967178345,1.6051164865493774,0.980362864567354,0.35172594142259417,1
63326,426,2336,Program,0,1.0,0.25,23,25,1,measured,262,0,1,238,0,21 23,8080 4620,23,25,24,1,25,-1,3.648693084716797,7.142246246337891,0.5108607234856436,1,0.5852987421383647,-1 -1 -1,4.076 3.231 2.901,0,1.0,0.25,286,286,1,measured,525,0,1,240,0,284,8080,-1,-1,-1,0,-1,0,5.473281383514404,9.009974479675293,0.6074691327773498,1,0.607109375,0 0 0,7.265 3.871 3.718,0,0,1.3891103267669678,1.558234453201294,0.8914642619492392,0.33127615062761506,1
63327,427,2337,Program,0,1.0,0.25,23,23,0,vbi_ambiguous,262,0,1,240,0,21 23,8080 d94f,23,25,-1,0,-1,0,3.3586816787719727,6.739494800567627,0.4983580784852139,1,0.664140625,0 0 0,3.568 3.163 2.398,0,1.0,0.25,286,286,1,measured,525,0,1,240,0,284,8080,-1,-1,-1,0,-1,0,3.6719141006469727,7.132330894470215,0.5148266611541892,1,0.649140625,0 0 0,4.419 2.952 3.584,0,0,2.0383570194244385,3.325697422027588,0.6129111463729335,0.32494769874476986,1
63328,428,2338,Program,0,1.0,0.25,23,26,1,measured,262,0,1,237,0,21 24,8080 d520,24,26,25,1,26,1,7.461507320404053,10.781913757324219,0.6920392323983677,1,0.5671383647798742,1 1 1,9.175 5.919 7.712,0,1.0,0.25,286,288,1,measured,525,0,1,238,0,284,8080,-1,-1,287,1,288,0,2.6650781631469727,6.381594181060791,0.4176194987541445,1,0.631796875,0 0 0,3.038 2.255 2.362,0,-1,1.5371544361114502,1.552646517753601,0.9900221451148037,0.2629707112970711,1
63329,429,2339,Program,0,1.0,0.25,23,25,1,measured,262,0,1,238,0,21 23,8080 43d5,23,25,24,1,25,-1,6.858539581298828,10.220703125,0.6710438115086949,1,0.5801100628930818,-1 -1 -1,8.258 5.534 7.321,0,1.0,0.25,286,286,1,measured,525,0,1,240,0,284,8080,-1,-1,-1,0,-1,0,3.7773241996765137,7.303940773010254,0.5171624903688428,1,0.635390625,0 0 0,4.614 2.989 3.317,0,0,1.864853858947754,2.0409762859344482,0.9137067744488477,0.3141213389121339,1
63330,430,2340,Program,0,1.0,0.25,23,23,0,vbi_ambiguous,262,0,1,240,0,21 23,8080 5420,23,25,-1,0,-1,0,3.1691014766693115,6.622572898864746,0.47853025177156827,1,0.632578125,0 0 0,3.105 3.177 3.496,0,1.0,0.25,286,286,1,measured,525,0,1,240,0,284,8080,-1,-1,-1,0,-1,0,3.6568360328674316,7.1000590324401855,0.515043046284452,1,0.633125,0 0 0,2.933 4.003 6.597,0,0,1.9978938102722168,2.968076705932617,0.6731274182634194,0.34764644351464435,1
63331,431,2341,Program,0,1.0,0.25,23,25,1,measured,262,0,1,238,0,21 23,8080 54c8,23,25,24,1,25,0,3.261601448059082,6.735642910003662,0.48423016060055785,1,0.622890625,0 0 0,3.152 3.323 2.986,0,1.0,0.25,286,286,1,measured,525,0,1,240,0,284,8080,-1,-1,-1,0,-1,0,4.40500020980835,7.9526238441467285,0.5539052639903882,1,0.57953125,0 0 0,4.557 3.980 6.779,0,0,2.078981399536133,3.2260422706604004,0.6444371229861617,0.35402719665271964,1
63332,432,2342,Program,0,1.0,0.25,23,25,1,measured,262,0,1,238,0,21 23,8080 4520,23,25,24,1,25,0,10.737138748168945,13.130926132202148,0.8176985111383193,1,0.585390625,0 0 0,3.516 17.355 7.989,0,1.0,0.25,286,286,1,measured,525,0,1,240,0,284,8080,-1,-1,-1,0,-1,0,15.809579849243164,17.892913818359375,0.8835665342008988,1,0.573984375,0 0 0,5.948 24.112 11.135,0,0,1.9141181707382202,2.632128953933716,0.7272129155669107,0.3446129707112971,1
63333,433,2343,Program,0,1.0,0.25,23,23,0,vbi_ambiguous,262,0,1,240,0,21 24,8080 c24f,24,26,-1,0,-1,1,14.19153881072998,16.135770797729492,0.87950795711147,1,0.5970125786163522,1 1 1,4.702 22.668 14.693,0,1.0,0.25,286,288,1,measured,525,0,1,238,0,284,8080,-1,-1,287,1,288,0,13.963183403015137,16.012027740478516,0.8720434181934442,1,0.57609375,0 0 0,5.880 20.264 12.316,0,0,1.8129183053970337,1.8487857580184937,0.9805994542818729,0.3438807531380753,1
63334,434,2344,Program,0,1.0,0.25,23,25,1,measured,262,0,1,238,0,21 23,8080 5454,23,25,24,1,25,-1,14.808696746826172,16.807456970214844,0.8810789623361373,1,0.5370283018867924,-1 -1 -1,9.056 19.637 14.558,0,1.0,0.25,286,286,1,measured,525,0,1,240,0,284,8080,-1,-1,-1,0,-1,0,10.882782936096191,13.821314811706543,0.7873912926777821,1,0.61921875,0 0 0,4.046 15.755 13.152,0,0,1.5522665977478027,1.6392979621887207,0.9469093682488829,0.312081589958159,1
63335,435,2345,Program,0,1.0,0.25,23,23,0,vbi_ambiguous,262,0,1,240,0,21 23,8080 4fcd,23,25,-1,0,-1,0,13.360126495361328,15.461782455444336,0.8640741475868469,1,0.53875,0 0 0,8.936 16.853 11.108,0,1.0,0.25,286,286,1,measured,525,0,1,240,0,284,8080,-1,-1,-1,0,-1,0,9.725380897521973,11.84106731414795,0.8213263753599213,1,0.58484375,0 0 0,6.038 12.275 10.065,0,0,2.2650468349456787,3.4349167346954346,0.6594182653881754,0.3773535564853556,1
63336,436,2346,Program,0,1.0,0.25,23,23,0,vbi_ambiguous,262,0,1,240,0,21 23,8080 94f2,23,25,-1,0,-1,0,8.400830268859863,10.416735649108887,0.806474365083703,1,0.62625,0 0 0,5.498 10.668 9.011,0,1.0,0.25,286,286,1,measured,525,0,1,240,0,284,8080,-1,-1,-1,0,-1,0,8.346650123596191,10.313865661621094,0.8092649640236149,1,0.556640625,0 0 0,6.386 10.040 7.755,0,0,1.8042271137237549,2.539172649383545,0.7105570840808251,0.3461297071129707,1
63337,437,2347,Program,0,1.0,0.25,23,23,0,vbi_ambiguous,262,0,1,240,0,21 23,8080 94f2,23,25,-1,0,-1,0,5.896396636962891,8.341450691223145,0.7068790376195673,1,0.575859375,0 0 0,4.499 7.013 9.026,0,1.0,0.25,286,286,1,measured,525,0,1,240,0,284,8080,-1,-1,-1,0,-1,0,6.08932638168335,8.154510498046875,0.7467433370944624,1,0.58421875,0 0 0,5.030 6.939 9.614,0,0,2.2901391983032227,3.2448277473449707,0.7057814394545575,0.3680962343096234,1
63338,438,2348,Program,0,1.0,0.25,23,26,1,measured,262,0,1,237,0,21 24,8080 4f46,24,26,25,1,26,1,8.529913902282715,10.48730182647705,0.8133563850281715,1,0.5104559748427673,1 1 1,8.413 8.983 6.300,0,1.0,0.25,286,288,1,measured,525,0,1,238,0,284,8080,-1,-1,287,1,288,0,7.482871055603027,9.60040283203125,0.7794330286471743,1,0.489921875,0 0 0,6.270 8.991 4.233,0,-1,1.6464612483978271,1.6924139261245728,0.97284784944309,0.33493723849372387,1
63339,439,2349,Program,0,1.0,0.25,23,25,1,measured,262,0,1,238,0,21 23,8080 20c1,23,25,24,1,25,-1,3.7817020416259766,5.906064510345459,0.640308285661576,1,0.6485062893081761,-1 -1 -1,4.981 2.436 6.337,0,1.0,0.25,286,286,1,measured,525,0,1,240,0,284,8080,-1,-1,-1,0,-1,0,3.738105535507202,5.900697708129883,0.6335022942044468,1,0.676953125,0 0 0,3.738 3.291 5.959,0,0,1.6669538021087646,1.7649990320205688,0.9444502642023763,0.3983786610878661,1
63340,440,2350,Program,0,1.0,0.25,23,25,1,measured,262,0,1,238,0,21 23,8080 2046,23,25,24,1,25,0,4.685722827911377,6.765113830566406,0.6926303008738978,1,0.712890625,0 0 0,3.776 5.302 5.228,0,1.0,0.25,286,288,1,measured,525,0,1,238,0,284,8080,-1,-1,287,1,288,0,3.978877067565918,6.144575595855713,0.6475430248184304,1,0.609609375,0 0 0,4.388 3.287 3.890,0,0,1.9893337488174438,3.1313819885253906,0.635289388553406,0.35151673640167364,1
63341,441,2351,Program,0,1.0,0.25,23,26,1,measured,262,0,1,237,0,21 24,8080 4fc1,24,26,25,1,26,1,4.239976406097412,6.369570732116699,0.665661248523165,1,0.5887578616352201,1 1 1,3.462 4.734 4.409,0,1.0,0.25,286,286,1,measured,525,0,1,240,0,284,8080,-1,-1,-1,0,-1,0,6.364160060882568,8.594841003417969,0.7404628030177277,1,0.53203125,0 0 0,6.462 6.296 7.492,0,-1,1.4795125722885132,1.5553984642028809,0.951211285300286,0.29293933054393306,1
63342,442,2352,Program,0,1.0,0.25,23,23,0,vbi_ambiguous,262,0,1,240,0,21 23,8080 cd20,23,25,-1,0,-1,-1,5.382684707641602,7.410136699676514,0.7263947921334002,1,0.5623427672955975,-1 -1 -1,4.426 6.134 7.134,0,1.0,0.25,286,288,1,measured,525,0,1,238,0,284,8080,-1,-1,287,1,288,0,5.723701000213623,7.830807685852051,0.7309208998395728,1,0.5471875,0 0 0,4.556 6.688 6.679,0,0,2.24607253074646,2.282388687133789,0.9840885311988928,0.33540794979079497,1
63343,443,2353,Program,0,1.0,0.25,23,25,1,measured,262,0,1,238,0,21 23,8080 43d5,23,25,24,1,25,0,6.472187519073486,8.774076461791992,0.7376488622201527,1,0.56890625,0 0 0,4.853 8.130 7.403,0,1.0,0.25,286,286,1,measured,525,0,1,240,0,284,8080,-1,-1,-1,0,-1,0,5.682724475860596,7.728567123413086,0.7352882345610002,1,0.640703125,0 0 0,7.259 3.494 6.194,0,0,2.588449716567993,3.9183108806610107,0.6606034578173459,0.3820606694560669,1
63344,444,2354,Program,0,1.0,0.25,23,25,1,measured,262,0,1,238,0,21 23,8080 d020,23,25,24,1,25,0,5.78811502456665,7.837254524230957,0.7385386051545415,1,0.590625,0 0 0,6.272 4.948 7.322,0,1.0,0.25,286,286,1,measured,525,0,1,240,0,284,8080,-1,-1,-1,0,-1,0,4.699570178985596,6.831505298614502,0.6879260095046279,1,0.573671875,0 0 0,2.107 6.159 8.864,0,0,2.0716586112976074,3.0678980350494385,0.675269708324652,0.3330020920502092,1
63345,445,2355,Program,0,1.0,0.25,23,25,1,measured,262,0,1,238,0,21 23,8080 4fd5,23,25,24,1,25,0,4.75143575668335,7.118651866912842,0.6674628631255026,1,0.571484375,0 0 0,4.833 4.127 6.005,0,1.0,0.25,286,286,1,measured,525,0,1,240,0,284,8080,-1,-1,-1,0,-1,0,5.389023303985596,7.63704776763916,0.7056422151529247,1,0.56265625,0 0 0,4.384 5.474 9.149,0,0,1.940460205078125,2.997305154800415,0.647401617406332,0.3500523012552301,1
63346,446,2356,Program,0,1.0,0.25,23,23,0,vbi_ambiguous,262,0,1,240,0,21 23,8080 54ae,23,25,-1,0,-1,0,4.480068206787109,6.605434417724609,0.6782397528261842,1,0.620390625,0 0 0,4.647 4.325 4.507,0,1.0,0.25,286,286,1,measured,525,0,1,240,0,284,8080,-1,-1,-1,0,-1,0,4.350322246551514,6.518631935119629,0.6673673693883251,1,0.57046875,0 0 0,5.237 3.300 5.663,0,0,2.0395381450653076,3.1073594093322754,0.6563573363737714,0.3624476987447699,1
63347,447,2357,Program,0,1.0,0.25,23,23,0,vbi_ambiguous,262,0,1,240,0,21 23,8080 aeae,23,25,-1,0,-1,0,3.4614648818969727,5.524459362030029,0.626570792734552,1,0.6121875,0 0 0,1.871 4.162 11.026,0,1.0,0.25,286,286,1,measured,525,0,1,240,0,284,8080,-1,-1,-1,0,-1,0,7.76858377456665,9.95262336730957,0.7805563907987692,1,0.51140625,0 0 0,7.707 8.325 3.574,0,0,2.2343666553497314,3.0176994800567627,0.7404205323015475,0.2933577405857741,1
63348,448,2358,Program,0,1.0,0.25,23,25,1,measured,262,0,1,238,0,21 23,8080 942c,23,25,24,1,25,0,9.888906478881836,11.985082626342773,0.8251012351926871,1,0.5225,0 0 0,10.484 9.605 9.713,0,1.0,0.25,286,288,1,measured,525,0,1,238,0,284,8080,-1,-1,287,1,288,0,6.173037052154541,8.34576416015625,0.7396610943819156,1,0.58265625,0 0 0,5.507 6.584 6.195,0,0,2.6089401245117188,4.115228176116943,0.6339721669998548,0.37777196652719663,1
63349,449,2359,Program,0,1.0,0.25,23,23,0,vbi_ambiguous,262,0,1,240,0,21 24,8080 942c,24,26,-1,0,-1,1,9.230621337890625,11.285351753234863,0.8179294309762861,1,0.5382861635220125,1 1 1,8.736 10.054 4.100,0,1.0,0.25,286,286,1,measured,525,0,1,240,0,284,8080,-1,-1,-1,0,-1,0,4.110205173492432,6.220862865447998,0.6607130332869721,1,0.6225,0 0 0,4.002 4.372 4.329,0,0,1.504774570465088,1.5170824527740479,0.9918871368616422,0.3115062761506276,1
63350,450,2360,Program,0,1.0,0.25,23,25,1,measured,262,0,1,238,0,21 23,8080 942f,23,25,24,1,25,3,82.1560287475586,82.16458892822266,0.9998958166677918,1,0.7580414012738853,3 3 -3,90.475 77.022 37.288,0,1.0,0.25,286,288,1,measured,525,0,1,238,0,284,8080,-1,-1,287,1,288,3,79.68010711669922,79.72117614746094,0.9994848416349785,1,0.7492038216560509,2 3 -3,88.197 76.562 36.184,0,0,3.843723773956299,4.480117321014404,0.8579515888851743,0.6243723849372385,1
63351,451,2361,Program,0,1.0,0.25,23,25,1,measured,262,0,1,238,0,21 23,8080 942f,23,25,24,1,25,0,5.815556526184082,6.371933937072754,0.9126831168710657,1,0.813125,-1 0 0,4.659 6.167 3.922,0,1.0,0.25,286,288,1,measured,525,0,1,238,0,284,8080,-1,-1,287,1,288,0,3.682910203933716,4.289180278778076,0.8586512957163279,1,0.6578125,-1 0 0,2.702 3.923 2.569,0,0,2.3841400146484375,2.9908998012542725,0.7971313561385833,0.29827405857740585,1
63352,452,2362,Program,0,1.0,0.25,23,25,1,measured,262,0,1,238,0,21 23,8080 8080,23,25,24,1,25,0,3.587949275970459,4.32792854309082,0.8290223002175771,1,0.606796875,-1 0 0,2.508 3.828 2.749,0,1.0,0.25,286,287,1,measured,525,0,1,239,0,284,8080,-1,-1,286,1,287,0,3.4637694358825684,4.166568279266357,0.8313242946524959,1,0.64265625,-1 0 0,2.311 3.819 2.951,0,0,1.9973591566085815,2.144197940826416,0.9315180835584425,0.34163179916317993,1
63353,453,2363,Program,0,1.0,0.25,23,25,1,measured,262,0,1,238,0,21 23,8080 8080,23,25,24,1,25,0,3.8481249809265137,4.661861419677734,0.8254481706992756,1,0.657109375,-1 0 0,2.878 4.023 3.117,0,1.0,0.25,286,287,1,measured,525,0,1,239,0,284,8080,-1,-1,286,1,287,0,3.449111223220825,4.214150905609131,0.8184593528983454,1,0.645625,-1 0 0,2.640 3.626 3.450,0,0,2.0771422386169434,2.3042986392974854,0.9014205898460299,0.30517782426778245,1
63354,454,2364,Program,0,1.0,0.25,23,26,1,measured,262,0,1,237,0,21 24,8080 8080,24,26,25,1,26,1,3.553007125854492,4.424843788146973,0.802967809930848,1,0.689937106918239,0 1 1,2.851 3.632 4.597,0,1.0,0.25,286,287,1,measured,525,0,1,239,0,284,8080,-1,-1,286,1,287,0,3.441396474838257,4.295931816101074,0.801082657303816,1,0.64,-1 0 0,2.576 3.646 5.833,0,-1,1.376822829246521,1.386584758758545,0.9929597311304906,0.425,1
63355,455,2365,Program,0,1.0,0.25,23,26,1,measured,262,0,1,237,0,21 24,8080 8080,24,26,25,1,26,0,3.447578191757202,4.3460693359375,0.7932635043921861,1,0.642734375,-1 0 -3,2.494 3.608 8.531,0,1.0,0.25,286,287,1,measured,525,0,1,239,0,284,8080,-1,-1,286,1,287,0,3.45458984375,4.255955219268799,0.811707282094834,1,0.632734375,-1 0 -3,2.774 3.364 13.892,0,-1,1.5880017280578613,2.021097183227539,0.7857127016138545,0.43786610878661086,1
63356,456,2366,Program,0,1.0,0.25,23,26,1,measured,262,0,1,237,0,21 24,8080 8080,24,26,25,1,26,0,3.4387500286102295,4.423919200897217,0.7773085068806896,1,0.636953125,-1 0 -3,2.825 3.337 18.174,0,1.0,0.25,286,287,1,measured,525,0,1,239,0,284,8080,-1,-1,286,1,287,0,4.055166244506836,5.008844375610352,0.8096011655408428,1,0.704453125,-1 0 -3,3.233 4.209 18.613,0,-1,1.745551347732544,2.1191020011901855,0.8237221930573242,0.4489539748953975,1
63357,457,2367,Program,0,1.0,0.25,23,26,1,measured,262,0,1,237,0,21 24,8080 8080,24,26,25,1,26,0,3.9572460651397705,4.982439041137695,0.7942387317670361,1,0.7028125,-1 0 -3,3.413 3.945 19.559,0,1.0,0.25,286,287,1,measured,525,0,1,239,0,284,8080,-1,-1,286,1,287,0,4.436093807220459,5.270263195037842,0.8417214934155877,1,0.6403125,-1 0 -3,3.472 3.493 18.303,0,-1,1.9486169815063477,2.480701446533203,0.7855104789935737,0.42165271966527196,1
63358,458,2368,Program,0,1.0,0.25,23,25,1,measured,262,0,1,238,0,21 23,8080 8080,23,25,24,1,25,-1,4.953007221221924,6.171924591064453,0.8025061142828535,1,0.6025157232704402,-2 -1 -3,2.948 3.706 19.238,0,1.0,0.25,286,288,1,measured,525,0,1,238,0,284,8080,-1,-1,287,1,288,0,5.270986557006836,6.6793532371521,0.7891462496231515,1,0.637109375,0 0 -3,2.981 3.299 15.002,0,0,1.2393743991851807,1.3359311819076538,0.9277232360243332,0.34947698744769873,1
63359,459,2369,Program,0,1.0,0.25,23,25,1,measured,262,0,1,238,0,21 23,8080 8080,23,25,24,1,25,0,5.557275295257568,7.242364406585693,0.7673288698652302,1,0.654765625,0 0 -3,3.053 6.449 12.773,0,1.0,0.25,286,288,1,measured,525,0,1,238,0,284,8080,-1,-1,287,1,288,0,5.603622913360596,7.1659393310546875,0.7819802337812775,1,0.6634375,0 0 -3,3.044 5.942 12.181,0,0,1.934990644454956,2.2243289947509766,0.8699210633953844,0.41814853556485354,1
63360,460,2370,Program,0,1.0,0.25,23,25,1,measured,262,0,1,238,0,21 23,8080 8080,23,25,24,1,25,0,4.9140625,6.901523113250732,0.7120257976916916,1,0.63640625,0 0 -3,2.780 6.362 11.180,0,1.0,0.25,286,288,1,measured,525,0,1,238,0,284,8080,-1,-1,287,1,288,0,4.858808517456055,6.797818183898926,0.7147599988720584,1,0.6865625,0 0 -3,2.910 5.690 9.905,0,0,1.892899513244629,2.084033489227295,0.9082865141224129,0.44048117154811717,1
63361,461,2371,Program,0,1.0,0.25,23,26,1,measured,262,0,1,237,0,21 24,8080 8080,24,26,25,1,26,1,4.556456565856934,6.636328220367432,0.6865930096514511,1,0.6136006289308176,1 1 -2,2.680 5.987 8.722,0,1.0,0.25,286,288,1,measured,525,0,1,238,0,284,8080,-1,-1,287,1,288,0,4.020761489868164,6.162215232849121,0.6524863767228642,1,0.606875,0 0 -3,2.695 4.497 9.103,0,0,1.692831039428711,1.7226674556732178,0.982680106862037,0.3642259414225941,1
63362,462,2372,Program,0,1.0,0.25,23,25,1,measured,262,0,1,238,0,21 23,8080 8080,23,25,24,1,25,-1,3.6254422664642334,5.798642635345459,0.6252225726699305,1,0.6360849056603773,-1 -1 -1,2.316 4.332 8.477,0,1.0,0.25,286,288,1,measured,525,0,1,238,0,284,8080,-1,-1,287,1,288,0,3.480029344558716,5.893435478210449,0.590492482258486,1,0.62109375,0 0 0,2.372 3.666 7.131,0,0,1.3035110235214233,1.4222323894500732,0.9165246363327759,0.3785564853556485,1
63363,463,2373,Program,0,1.0,0.25,23,25,1,measured,262,0,1,238,0,21 23,8080 8080,23,25,24,1,25,0,3.019423723220825,5.337372303009033,0.5657135293932136,1,0.65484375,0 0 0,2.052 3.435 6.154,0,1.0,0.25,286,288,1,measured,525,0,1,238,0,284,8080,-1,-1,287,1,288,0,3.158076286315918,5.234237194061279,0.6033498615422023,1,0.651328125,0 0 0,2.007 3.493 5.466,0,0,1.7083306312561035,1.9663302898406982,0.8687912911083232,0.3960774058577406,1
63364,464,2374,Program,0,1.0,0.25,23,25,1,measured,262,0,1,238,0,21 23,8080 8080,23,25,24,1,25,0,3.324941396713257,5.249646186828613,0.6333648551507243,1,0.649375,0 0 0,2.131 3.906 5.558,0,1.0,0.25,286,287,1,measured,525,0,1,239,0,284,8080,-1,-1,286,1,287,0,3.426152229309082,5.3195953369140625,0.6440625672283973,1,0.65390625,0 0 0,1.976 3.901 5.791,0,0,1.4745899438858032,1.7756810188293457,0.8304362823329366,0.39377615062761506,1
63365,465,2375,Program,0,1.0,0.25,23,26,1,measured,262,0,1,237,0,21 24,8080 8080,24,26,25,1,26,1,3.167904853820801,5.167494297027588,0.6130446734393151,1,0.6690251572327044,1 1 1,1.986 3.753 6.206,0,1.0,0.25,286,287,1,measured,525,0,1,239,0,284,8080,-1,-1,286,1,287,0,3.506533145904541,5.56312894821167,0.630316711790719,1,0.685078125,0 0 0,2.172 3.751 7.015,0,0,1.5483994483947754,1.6677825450897217,0.9284180680230564,0.38274058577405856,1
63366,466,2376,Program,0,1.0,0.25,23,26,1,measured,262,0,1,237,0,21 24,8080 8080,24,26,25,1,26,0,3.2043652534484863,5.571000576019287,0.5751866670489809,1,0.67078125,0 0 0,1.839 3.775 7.696,0,1.0,0.25,286,288,1,measured,525,0,1,238,0,284,8080,-1,-1,287,1,288,0,3.514345645904541,5.574872016906738,0.6303903722357564,1,0.6575,0 0 0,2.008 3.630 8.276,0,-1,2.1656575202941895,2.415391683578491,0.8966071776341006,0.39733263598326357,1
63367,467,2377,Program,0,1.0,0.25,23,26,1,measured,262,0,1,237,0,21 24,8080 8080,24,26,25,1,26,0,3.696171760559082,5.574223518371582,0.6630828039774871,1,0.63453125,0 0 0,2.307 4.241 8.599,0,1.0,0.25,286,288,1,measured,525,0,1,238,0,284,8080,-1,-1,287,1,288,0,3.505986213684082,5.165074825286865,0.6787871100181713,1,0.6665625,0 0 0,2.028 3.675 8.153,0,-1,1.8132187128067017,2.16109561920166,0.8390275269155054,0.35930962343096234,1
63368,468,2378,Program,0,1.0,0.25,23,25,1,measured,262,0,1,238,0,21 23,8080 8080,23,25,24,1,25,-1,3.316303014755249,4.983867168426514,0.665407584649223,1,0.6605345911949686,-1 -1 -1,2.138 3.942 6.848,0,1.0,0.25,286,288,1,measured,525,0,1,238,0,284,8080,-1,-1,287,1,288,0,3.297617197036743,4.811163425445557,0.6854095164583511,1,0.64703125,0 0 0,2.147 3.725 6.036,0,0,1.3774837255477905,1.4261326789855957,0.9658874982989598,0.4264121338912134,1
63369,469,2379,Program,0,1.0,0.25,23,26,1,measured,262,0,1,237,0,21 24,8080 8080,24,26,25,1,26,1,3.4416568279266357,5.078421592712402,0.6777020704357148,1,0.6411949685534591,1 1 1,2.160 4.373 6.362,0,1.0,0.25,286,288,1,measured,525,0,1,238,0,284,8080,-1,-1,287,1,288,0,3.8779687881469727,5.316086769104004,0.729478083519051,1,0.64578125,1 0 0,2.202 4.423 8.788,0,0,1.3945307731628418,1.5188004970550537,0.9181790339592525,0.3831066945606695,1
63370,470,2380,Program,0,1.0,0.25,23,26,1,measured,262,0,1,237,0,21 24,8080 8080,24,26,25,1,26,0,3.746572256088257,5.417069435119629,0.6916234508272495,1,0.660859375,0 0 0,1.968 4.743 9.907,0,1.0,0.25,286,288,1,measured,525,0,1,238,0,284,8080,-1,-1,287,1,288,0,3.8335840702056885,5.572278022766113,0.6879742996568348,1,0.65859375,0 0 0,1.853 4.327 10.483,0,-1,1.7995868921279907,1.9915876388549805,0.9035941261227267,0.39717573221757324,1
63371,471,2381,Program,0,1.0,0.25,23,26,1,measured,262,0,1,237,0,21 24,8080 8080,24,26,25,1,26,0,3.6494922637939453,5.639858722686768,0.6470893054667453,1,0.661328125,0 0 0,1.934 4.592 9.653,0,1.0,0.25,286,288,1,measured,525,0,1,238,0,284,8080,-1,-1,287,1,288,0,3.768730401992798,5.525786399841309,0.6820260736283671,1,0.648046875,0 0 0,2.020 4.277 8.779,0,-1,1.8765931129455566,2.151780843734741,0.8721116364659355,0.3836820083682008,1
63372,472,2382,Program,0,1.0,0.25,23,25,1,measured,262,0,1,238,0,21 23,8080 8080,23,25,24,1,25,-1,3.567521572113037,5.232851505279541,0.6817547886680302,1,0.6584119496855346,-1 -1 -1,2.001 4.662 6.763,0,1.0,0.25,286,288,1,measured,525,0,1,238,0,284,8080,-1,-1,287,1,288,0,3.3654980659484863,4.807684898376465,0.7000246765517019,1,0.66015625,0 0 0,2.028 4.173 5.093,0,1,1.347072720527649,1.35875403881073,0.991402919182264,0.3256276150627615,1
63373,473,2383,Program,0,1.0,0.25,23,26,1,measured,262,0,1,237,0,21 24,8080 8080,24,26,25,1,26,1,2.8360259532928467,5.107288360595703,0.5552899607497507,1,0.6665094339622641,1 1 1,1.827 3.657 3.839,0,1.0,0.25,286,288,1,measured,525,0,1,238,0,284,8080,-1,-1,287,1,288,0,2.7577733993530273,5.164701461791992,0.5339656938072399,1,0.6715625,0 0 0,1.749 3.469 3.368,0,0,1.1664341688156128,1.2409906387329102,0.9399218111802827,0.38420502092050207,1
63374,474,2384,Program,0,1.0,0.25,23,25,1,measured,262,0,1,238,0,21 23,8080 8080,23,25,24,1,25,-1,2.5239484310150146,5.254941463470459,0.48030000877462736,1,0.6876572327044025,-1 -1 -1,1.565 3.314 3.466,0,1.0,0.25,286,288,1,measured,525,0,1,238,0,284,8080,-1,-1,287,1,288,0,2.369130849838257,5.297808647155762,0.4471907174507282,1,0.7134375,0 0 0,1.364 3.094 3.065,0,0,1.2776497602462769,1.4797841310501099,0.863402798717411,0.3264121338912134,1
63375,475,2385,Program,0,1.0,0.25,23,25,1,measured,262,0,1,238,0,21 23,8080 8080,23,25,24,1,25,0,2.808349609375,5.1997246742248535,0.5400958291688114,1,0.668046875,0 0 0,1.840 3.634 3.229,0,1.0,0.25,286,288,1,measured,525,0,1,238,0,284,8080,-1,-1,287,1,288,0,3.1828320026397705,4.754048824310303,0.6694992248215966,1,0.65390625,0 0 0,1.804 4.036 4.135,0,0,2.140380859375,2.556962490081787,0.8370794908714275,0.3714958158995816,1
63376,476,2386,Program,0,1.0,0.25,23,25,1,measured,262,0,1,238,0,21 23,8080 8080,23,25,24,1,25,0,3.851132869720459,4.837126731872559,0.7961612509229421,1,0.695078125,0 0 0,2.388 4.988 5.061,0,1.0,0.25,286,288,1,measured,525,0,1,238,0,284,8080,-1,-1,287,1,288,0,4.135107517242432,4.47719144821167,0.9235940801446234,1,0.646796875,0 0 -1,1.977 5.347 5.690,0,0,1.770933985710144,2.0897397994995117,0.8474423400149047,0.31401673640167366,1
63377,477,2387,Program,0,1.0,0.25,23,26,1,measured,262,0,1,237,0,21 24,8080 8080,24,26,25,1,26,0,4.364648342132568,4.576877117156982,0.9536302221816599,1,0.68640625,1 0 0,2.049 6.124 5.920,0,1.0,0.25,286,288,1,measured,525,0,1,238,0,284,8080,-1,-1,287,1,288,0,4.331279277801514,4.393209457397461,0.9859032035243239,1,0.648046875,0 -1 -1,1.943 5.911 6.238,0,-1,1.6420890092849731,1.6755040884017944,0.9800567009366746,0.437081589958159,1
63378,478,2388,Program,0,1.0,0.25,23,25,1,measured,262,0,1,238,0,21 23,8080 8080,23,25,24,1,25,-1,3.8741745948791504,4.531170845031738,0.8550051912359562,1,0.6400157232704402,-1 -1 -2,1.975 5.452 5.939,0,1.0,0.25,286,288,1,measured,525,0,1,238,0,284,8080,-1,-1,287,1,288,0,3.4196972846984863,4.4921088218688965,0.7612676852462705,1,0.656484375,0 0 -1,1.737 4.519 5.925,0,0,1.6246118545532227,1.6254997253417969,0.9994537859498023,0.3705543933054393,1
63379,479,2389,Program,0,1.0,0.25,23,25,1,measured,262,0,1,238,0,21 23,8080 8080,23,25,24,1,25,0,2.7636327743530273,4.53978967666626,0.6087578877404003,1,0.695546875,0 0 0,1.553 3.671 5.598,0,1.0,0.25,286,288,1,measured,525,0,1,238,0,284,8080,-1,-1,287,1,288,0,2.467392683029175,4.7366743087768555,0.5209124635099359,1,0.711796875,0 0 0,1.377 3.202 4.706,0,0,1.7967793941497803,2.2079885005950928,0.8137630217120767,0.3934100418410042,1
63380,480,2390,Program,0,1.0,0.25,23,25,1,measured,262,0,1,238,0,21 23,8080 8080,23,25,24,1,25,0,2.3573436737060547,4.9371657371521,0.47746901749055704,1,0.717578125,0 0 0,1.397 3.132 4.296,0,1.0,0.25,286,288,1,measured,525,0,1,238,0,284,8080,-1,-1,287,1,288,0,2.4855566024780273,5.163748264312744,0.48134736150017104,1,0.716640625,0 0 0,1.511 3.209 3.910,0,0,1.9922384023666382,2.2184178829193115,0.8980446910863187,0.42536610878661085,1
63381,481,2391,Program,0,1.0,0.25,23,26,1,measured,262,0,1,237,0,21 24,8080 8080,24,26,25,1,26,1,2.6236438751220703,4.984493732452393,0.5263611544017783,1,0.6925314465408805,1 1 1,1.733 3.384 3.877,0,1.0,0.25,286,288,1,measured,525,0,1,238,0,284,8080,-1,-1,287,1,288,0,2.676084041595459,4.552427291870117,0.5878367451083739,1,0.57421875,0 0 0,1.664 3.375 3.488,0,0,1.401667833328247,1.52596116065979,0.9185475157979766,0.2971234309623431,1
63382,482,2392,Program,0,1.0,0.25,23,25,1,measured,262,0,1,238,0,21 23,8080 8080,23,25,24,1,25,-1,2.5913424491882324,4.593183517456055,0.5641713289573619,1,0.6964622641509434,-1 -1 -1,1.662 3.368 3.402,0,1.0,0.25,286,287,1,measured,525,0,1,239,0,284,8080,-1,-1,286,1,287,0,2.514101505279541,4.5865960121154785,0.5481410393761627,1,0.702734375,0 0 0,1.661 3.045 3.213,0,0,1.3613529205322266,1.4514228105545044,0.9379437271019136,0.34539748953974897,1
63383,483,2393,Program,0,1.0,0.25,23,25,1,measured,262,0,1,238,0,21 23,8080 8080,23,25,24,1,25,0,2.5188965797424316,4.597405433654785,0.5478952457190603,1,0.697421875,0 0 0,1.646 3.277 3.167,0,1.0,0.25,286,287,1,measured,525,0,1,239,0,284,8080,-1,-1,286,1,287,0,2.3504199981689453,4.658175945281982,0.5045794804186304,1,0.719609375,0 0 0,1.449 2.821 3.246,0,0,1.654349684715271,1.8164747953414917,0.9107473932245002,0.40251046025104603,1
63384,484,2394,Program,0,1.0,0.25,23,25,1,measured,262,0,1,238,0,21 23,8080 8080,23,25,24,1,25,0,2.3656249046325684,4.700854778289795,0.5032329259686682,1,0.713046875,0 0 0,1.492 3.062 3.212,0,1.0,0.25,286,287,1,measured,525,0,1,239,0,284,8080,-1,-1,286,1,287,0,2.1784276962280273,4.943101406097412,0.440700588003494,1,0.724765625,0 0 0,1.416 2.616 2.892,0,0,1.9449340105056763,2.171828031539917,0.8955285511839705,0.41773012552301253,1
63385,485,2395,Program,0,1.0,0.25,23,26,1,measured,262,0,1,237,0,21 24,8080 8080,24,26,25,1,26,1,2.1449685096740723,5.279390811920166,0.4062909123588686,1,0.697248427672956,1 1 1,1.577 2.632 2.838,0,1.0,0.25,286,287,1,measured,525,0,1,239,0,284,8080,-1,-1,286,1,287,0,2.183544874191284,5.185976982116699,0.4210479301626311,1,0.7040625,0 0 0,1.613 2.469 3.007,0,-1,1.271417498588562,1.273390531539917,0.9984505672827887,0.37301255230125524,1
63386,486,2396,Program,0,1.0,0.25,23,26,1,measured,262,0,1,237,0,21 24,8080 8080,24,26,25,1,26,0,2.0394628047943115,5.10219144821167,0.3997229083807014,1,0.736953125,0 0 0,1.449 2.496 3.179,0,1.0,0.25,286,287,1,measured,525,0,1,239,0,284,8080,-1,-1,286,1,287,0,2.2520995140075684,5.156712055206299,0.43673167900344806,1,0.71140625,0 0 0,1.687 2.517 3.062,0,-1,1.6488429307937622,2.2273900508880615,0.7402578323165122,0.40115062761506276,1
63387,487,2397,Program,0,1.0,0.25,23,26,1,measured,262,0,1,237,0,21 24,8080 8080,24,26,25,1,26,0,2.117558479309082,5.207861423492432,0.4066080694384205,1,0.712421875,0 0 0,1.613 2.519 2.982,0,1.0,0.25,286,287,1,measured,525,0,1,239,0,284,8080,-1,-1,286,1,287,0,2.2245116233825684,5.15972900390625,0.4311295460863291,1,0.7075,0 0 0,1.644 2.637 2.917,0,-1,1.7097829580307007,2.1246557235717773,0.8047341218916962,0.4006276150627615,1
63388,488,2398,Program,0,1.0,0.25,23,26,1,measured,262,0,1,237,0,21 24,8080 8080,24,26,25,1,26,0,2.208193302154541,5.063728332519531,0.43608052350940846,1,0.70953125,0 0 0,1.627 2.736 2.771,0,1.0,0.25,286,288,1,measured,525,0,1,238,0,284,8080,-1,-1,287,1,288,0,2.4256932735443115,5.117315292358398,0.47401677148299987,1,0.70359375,0 0 0,1.665 2.997 3.075,0,-1,1.7758474349975586,2.140713930130005,0.8295584991543975,0.4065899581589958,1
63389,489,2399,Program,0,1.0,0.25,23,26,1,measured,262,0,1,237,0,21 24,8080 8080,24,26,25,1,26,0,2.490781307220459,5.048103332519531,0.4934093347842186,1,0.70546875,0 0 0,1.681 3.293 3.363,0,1.0,0.25,286,288,1,measured,525,0,1,238,0,284,8080,-1,-1,287,1,288,0,2.795849561691284,5.132360458374023,0.5447492599880707,1,0.7,0 0 0,1.761 3.712 3.963,0,-1,1.9199398756027222,2.2272493839263916,0.8620228562901577,0.4087866108786611,1
63390,490,2400,Program,0,1.0,0.25,23,26,1,measured,262,0,1,237,0,21 24,8080 8080,24,26,25,1,26,0,3.192431688308716,5.341538906097412,0.5976614126435601,1,0.668359375,0 0 0,1.860 4.508 5.094,0,1.0,0.25,286,288,1,measured,525,0,1,238,0,284,8080,-1,-1,287,1,288,0,3.452324151992798,5.189229488372803,0.6652864668498888,1,0.678984375,0 0 0,1.926 4.772 5.523,0,-1,2.01409649848938,2.149582862854004,0.9369708575994421,0.38493723849372385,1
63391,491,2401,Program,0,1.0,0.25,23,26,1,measured,262,0,1,237,0,21 24,8080 8080,24,26,25,1,26,0,3.385976552963257,5.276277542114258,0.6417358688842706,1,0.6734375,0 0 0,1.839 4.740 5.904,0,1.0,0.25,286,288,1,measured,525,0,1,238,0,284,8080,-1,-1,287,1,288,0,3.442392587661743,5.111949920654297,0.6734010780804244,1,0.6790625,0 0 0,1.912 4.669 5.588,0,-1,1.8893319368362427,2.0459818840026855,0.9234353205220085,0.4057531380753138,1
63392,492,2402,Program,0,1.0,0.25,23,26,1,measured,262,0,1,237,0,21 24,8080 8080,24,26,25,1,26,0,3.2197656631469727,4.94666862487793,0.6508957658805026,1,0.683046875,0 0 0,1.791 4.413 5.566,0,1.0,0.25,286,288,1,measured,525,0,1,238,0,284,8080,-1,-1,287,1,288,0,3.267646551132202,4.8532328605651855,0.6732927607252018,1,0.653203125,0 0 0,1.866 4.215 5.277,0,-1,1.7342748641967773,1.9032343626022339,0.9112250694263194,0.4078451882845188,1
63393,493,2403,Program,0,1.0,0.25,23,26,1,measured,262,0,1,237,0,21 24,8080 8080,24,26,25,1,26,0,3.2096385955810547,5.092108726501465,0.6303161947184577,1,0.667265625,0 0 0,1.890 4.196 5.622,0,1.0,0.25,286,288,1,measured,525,0,1,238,0,284,8080,-1,-1,287,1,288,0,3.206845760345459,5.415595531463623,0.592150159980425,1,0.677734375,0 0 0,1.674 3.972 6.048,0,-1,2.131643533706665,2.279407262802124,0.9351744940420126,0.3946129707112971,1
63394,494,2404,Program,0,1.0,0.25,23,26,1,measured,262,0,1,237,0,21 24,8080 8080,24,26,25,1,26,0,3.2417969703674316,5.543612480163574,0.5847805888249563,1,0.6853125,0 0 0,1.715 4.327 6.042,0,1.0,0.25,286,287,1,measured,525,0,1,239,0,284,8080,-1,-1,286,1,287,0,3.305117130279541,5.868229389190674,0.5632222108371553,1,0.688671875,0 0 0,1.693 3.942 6.517,0,-1,2.1177968978881836,2.4920363426208496,0.8498258479091512,0.3916317991631799,1
63395,495,2405,Program,0,1.0,0.25,23,26,1,measured,262,0,1,237,0,21 24,8080 8080,24,26,25,1,26,0,3.254502058029175,5.68402099609375,0.5725703793609802,1,0.70109375,0 0 0,1.674 4.452 6.165,0,1.0,0.25,286,287,1,measured,525,0,1,239,0,284,8080,-1,-1,286,1,287,0,3.8250975608825684,6.023810863494873,0.6349962918097559,1,0.71203125,0 0 0,2.224 4.725 6.262,0,-1,2.2760488986968994,2.545964241027832,0.8939830583708571,0.38274058577405856,1
63396,496,2406,Program,0,1.0,0.25,23,26,1,measured,262,0,1,237,0,21 24,8080 8080,24,26,25,1,26,0,3.405888557434082,5.679628372192383,0.5996675018579396,1,0.565,0 0 0,1.822 4.733 5.937,0,1.0,0.25,286,288,1,measured,525,0,1,238,0,284,8080,-1,-1,287,1,288,0,3.4428417682647705,5.578085899353027,0.6172084529325889,1,0.6825,0 0 0,1.791 4.430 5.719,0,-1,1.7861307859420776,2.144803047180176,0.8327714697581892,0.3834205020920502,1
63397,497,2407,Program,0,1.0,0.25,23,26,1,measured,262,0,1,237,0,21 24,8080 8080,24,26,25,1,26,0,3.149052619934082,5.616568565368652,0.5606719802818589,1,0.68765625,0 0 0,1.600 4.336 5.421,0,1.0,0.25,286,288,1,measured,525,0,1,238,0,284,8080,-1,-1,287,1,288,0,3.454238176345825,5.577220916748047,0.6193475617888765,1,0.67921875,0 0 0,1.841 4.232 6.034,0,-1,1.7133554220199585,2.1719906330108643,0.7888410732438864,0.3875,1
63398,498,2408,Program,0,1.0,0.25,23,26,1,measured,262,0,1,237,0,21 24,8080 8080,24,26,25,1,26,0,3.7101171016693115,6.012637615203857,0.6170531701906868,1,0.70015625,0 0 0,1.571 5.269 6.309,0,1.0,0.25,286,288,1,measured,525,0,1,238,0,284,8080,-1,-1,287,1,288,0,4.086787223815918,6.290487289428711,0.6496773677110588,1,0.68390625,0 0 0,1.665 5.089 7.233,0,-1,2.1147332191467285,2.5048553943634033,0.8442536139632834,0.4145397489539749,1
63399,499,2409,Program,0,1.0,0.25,23,26,1,measured,262,0,1,237,0,21 24,8080 8080,24,26,25,1,26,0,3.7989745140075684,6.082272052764893,0.6245979267370361,1,0.681796875,0 0 0,1.661 5.126 6.226,0,1.0,0.25,286,288,1,measured,525,0,1,238,0,284,8080,-1,-1,287,1,288,0,3.428105354309082,5.923555374145508,0.5787242859705009,1,0.600390625,0 0 0,1.476 4.064 5.754,0,-1,1.7503950595855713,2.1540563106536865,0.8126041324585349,0.40543933054393305,1
63400,500,2410,Program,0,1.0,0.25,23,26,1,measured,262,0,1,237,0,21 24,8080 8080,24,26,25,1,26,0,3.3518359661102295,5.605748653411865,0.5979283363106511,1,0.681015625,0 0 0,1.479 4.470 5.184,0,1.0,0.25,286,288,1,measured,525,0,1,238,0,284,8080,-1,-1,287,1,288,0,3.3329198360443115,5.127751350402832,0.6499768823194751,1,0.684765625,0 0 0,1.609 3.858 5.173,0,-1,1.7746620178222656,2.0420644283294678,0.8690529021525764,0.3907426778242678,1
63401,501,2411,Program,0,1.0,0.25,23,26,1,measured,262,0,1,237,0,21 24,8080 8080,24,26,25,1,26,0,3.0991601943969727,4.790339946746826,0.6469603887927927,1,0.699765625,0 0 0,1.468 4.067 4.526,0,1.0,0.25,286,288,1,measured,525,0,1,238,0,284,8080,-1,-1,287,1,288,0,2.929677724838257,4.6924920082092285,0.6243330238416953,1,0.69203125,0 0 0,1.585 3.190 4.502,0,-1,1.5700745582580566,1.849613904953003,0.8488661087882289,0.4052301255230126,1
63402,502,2412,Program,0,1.0,0.25,23,26,1,measured,262,0,1,237,0,21 24,8080 8080,24,26,25,1,26,0,2.6036133766174316,4.751100540161133,0.5480021638374192,1,0.696953125,0 0 0,1.597 3.158 3.724,0,1.0,0.25,286,288,1,measured,525,0,1,238,0,284,8080,-1,-1,287,1,288,0,2.7737207412719727,4.626395225524902,0.5995425392903546,1,0.6715625,0 0 0,1.691 3.084 3.945,0,-1,1.629033088684082,2.037670135498047,0.7994586858318529,0.384989539748954,1
63403,503,2413,Program,0,1.0,0.25,23,26,1,measured,262,0,1,237,0,21 24,8080 8080,24,26,25,1,26,0,2.5569043159484863,4.844064235687256,0.5278427765493335,1,0.7003125,0 0 0,1.509 3.156 4.024,0,1.0,0.25,286,288,1,measured,525,0,1,238,0,284,8080,-1,-1,287,1,288,0,2.4991211891174316,4.931427001953125,0.5067744464487942,1,0.723359375,0 0 0,1.479 2.758 4.146,0,-1,1.7708228826522827,2.2276248931884766,0.7949376432571835,0.41898535564853556,1
63404,504,2414,Program,0,1.0,0.25,23,26,1,measured,262,0,1,237,0,21 24,8080 8080,24,26,25,1,26,0,2.489453077316284,5.052643299102783,0.49270311200443256,1,0.72578125,0 0 0,1.422 3.005 4.465,0,1.0,0.25,286,288,1,measured,525,0,1,238,0,284,8080,-1,-1,287,1,288,0,2.614013671875,5.142364501953125,0.5083291296994155,1,0.724375,0 0 0,1.453 2.849 4.468,0,-1,2.0467944145202637,2.3493990898132324,0.8711991178488859,0.4356171548117155,1
63405,505,2415,Program,0,1.0,0.25,23,26,1,measured,262,0,1,237,0,21 24,8080 8080,24,26,25,1,26,0,2.569931745529175,5.201257705688477,0.4940981375943955,1,0.71046875,0 0 0,1.548 3.060 4.541,0,1.0,0.25,286,288,1,measured,525,0,1,238,0,284,8080,-1,-1,287,1,288,0,2.7421581745147705,5.393857955932617,0.5083853147261164,1,0.704140625,0 0 0,1.677 3.095 4.515,0,-1,1.927643895149231,2.4225711822509766,0.7957016533805727,0.38969665271966525,1
63406,506,2416,Program,0,1.0,0.25,23,26,1,measured,262,0,1,237,0,21 24,8080 8080,24,26,25,1,26,0,2.679003953933716,5.106829643249512,0.5245923872700493,1,0.673203125,0 0 0,1.620 3.342 4.481,0,1.0,0.25,286,288,1,measured,525,0,1,238,0,284,8080,-1,-1,287,1,288,0,2.4700000286102295,5.115389347076416,0.48285670181134926,1,0.713671875,0 0 0,1.536 2.791 4.072,0,-1,1.8282822370529175,2.2987849712371826,0.7953254697280167,0.3639121338912134,1
63407,507,2417,Program,0,1.0,0.25,23,26,1,measured,262,0,1,237,0,21 24,8080 8080,24,26,25,1,26,0,2.1576855182647705,5.275235652923584,0.4090216362313523,1,0.736015625,0 0 0,1.390 2.683 3.734,0,1.0,0.25,286,288,1,measured,525,0,1,238,0,284,8080,-1,-1,287,1,288,0,2.193857431411743,5.2464919090271,0.4181570217685837,1,0.724609375,0 0 0,1.362 2.522 3.670,0,-1,1.8641921281814575,2.400693416595459,0.7765223644530003,0.42887029288702927,1
63408,508,2418,Program,0,1.0,0.25,23,26,1,measured,262,0,1,237,0,21 24,8080 8080,24,26,25,1,26,0,2.2303223609924316,5.293337345123291,0.4213452148571656,1,0.708515625,0 0 0,1.410 2.831 3.474,0,1.0,0.25,286,288,1,measured,525,0,1,238,0,284,8080,-1,-1,287,1,288,0,2.4006738662719727,5.03538703918457,0.47676054444083754,1,0.703203125,0 0 0,1.644 2.776 4.161,0,-1,1.7115107774734497,2.1702544689178467,0.7886221648131704,0.3905857740585774,1
63409,509,2419,Program,0,1.0,0.25,23,26,1,measured,262,0,1,237,0,21 24,8080 8080,24,26,25,1,26,0,2.1782617568969727,5.073515892028809,0.42933969327253346,1,0.604921875,0 0 0,1.373 2.675 4.182,0,1.0,0.25,286,288,1,measured,525,0,1,238,0,284,8080,-1,-1,287,1,288,0,2.4000000953674316,5.153036594390869,0.4657448188859856,1,0.69359375,0 0 0,1.600 2.711 4.359,0,-1,1.8928472995758057,2.199589729309082,0.8605456164638358,0.42693514644351466,1
63410,510,2420,Program,0,1.0,0.25,23,26,1,measured,262,0,1,237,0,21 24,8080 8080,24,26,25,1,26,0,2.6075780391693115,5.295960903167725,0.4923710893729626,1,0.69546875,0 0 0,1.621 3.294 4.901,0,1.0,0.25,286,288,1,measured,525,0,1,238,0,284,8080,-1,-1,287,1,288,0,2.721142530441284,5.355453968048096,0.5081067910724775,1,0.704453125,0 0 0,1.554 3.314 4.555,0,-1,1.8011255264282227,2.1144142150878906,0.8518319227972815,0.38451882845188284,1
63411,511,2421,Program,0,1.0,0.25,23,26,1,measured,262,0,1,237,0,21 24,8080 8080,24,26,25,1,26,0,2.501084089279175,5.253763675689697,0.4760556895340064,1,0.7071875,0 0 0,1.551 3.273 3.831,0,1.0,0.25,286,288,1,measured,525,0,1,238,0,284,8080,-1,-1,287,1,288,0,2.723007917404175,5.384778022766113,0.5056861965138889,1,0.70171875,0 0 0,1.564 3.403 4.136,0,-1,1.6408497095108032,2.123332977294922,0.7727707933972789,0.40010460251046026,1
63412,512,2422,Program,0,1.0,0.25,23,26,1,measured,262,0,1,237,0,21 24,8080 8080,24,26,25,1,26,0,2.6006641387939453,5.049587249755859,0.5150250921834619,1,0.699296875,0 0 0,1.514 3.443 3.775,0,1.0,0.25,286,287,1,measured,525,0,1,239,0,284,8080,-1,-1,286,1,287,0,2.3211328983306885,4.8195953369140625,0.481603274978867,1,0.721953125,0 0 0,1.583 2.767 3.171,0,-1,1.7660460472106934,2.1477279663085938,0.8222857246889065,0.40559623430962344,1
63413,513,2423,Program,0,1.0,0.25,23,26,1,measured,262,0,1,237,0,21 24,8080 8080,24,26,25,1,26,0,2.298144578933716,4.806829929351807,0.4780998314295711,1,0.703359375,0 0 0,1.645 2.843 3.171,0,1.0,0.25,286,287,1,measured,525,0,1,239,0,284,8080,-1,-1,286,1,287,0,2.5329296588897705,4.983530044555664,0.5082601361372165,1,0.695546875,0 0 0,1.693 3.046 3.877,0,-1,1.8812048435211182,2.3211557865142822,0.8104603984147718,0.39089958158995813,1
63414,514,2424,Program,0,1.0,0.25,23,25,1,measured,262,0,1,238,0,21 23,8080 8080,23,25,24,1,25,-1,2.525550365447998,5.051162242889404,0.49999391110496455,1,0.7058176100628931,-1 -1 -1,1.733 3.257 3.823,0,1.0,0.25,286,287,1,measured,525,0,1,239,0,284,8080,-1,-1,286,1,287,0,2.8223633766174316,5.410269260406494,0.5216678210957243,1,0.695078125,0 0 0,1.787 3.642 4.116,0,0,1.3012546300888062,1.4302806854248047,0.9097896960709662,0.3089958158995816,1
63415,515,2425,Program,0,1.0,0.25,23,26,1,measured,262,0,1,237,0,21 24,8080 8080,24,26,25,1,26,1,2.860485553741455,5.329941272735596,0.5366823774163855,1,0.6879716981132076,1 1 1,1.720 3.864 4.237,0,1.0,0.25,286,287,1,measured,525,0,1,239,0,284,8080,-1,-1,286,1,287,0,2.752333879470825,4.992944240570068,0.5512446658440108,1,0.6928125,0 0 0,1.685 3.487 3.949,0,-1,1.4216047525405884,1.4232732057571411,0.9988277351039816,0.32656903765690376,1
63416,516,2426,Program,0,1.0,0.25,23,26,1,measured,262,0,1,237,0,21 24,8080 8080,24,26,25,1,26,0,2.6551172733306885,4.792265892028809,0.5540421448123454,1,0.674140625,0 0 0,1.654 3.496 3.100,0,1.0,0.25,286,287,1,measured,525,0,1,239,0,284,8080,-1,-1,286,1,287,0,2.5594921112060547,4.822504043579102,0.5307392358983871,1,0.690625,0 0 0,1.715 3.035 3.218,0,-1,2.011855125427246,2.442638397216797,0.8236401784724272,0.3832635983263598,1
63417,517,2427,Program,0,1.0,0.25,23,26,1,measured,262,0,1,237,0,21 24,8080 8080,24,26,25,1,26,0,2.497206926345825,4.828439235687256,0.5171871912333148,1,0.70140625,0 0 0,1.613 3.211 3.390,0,1.0,0.25,286,287,1,measured,525,0,1,239,0,284,8080,-1,-1,286,1,287,0,2.349619150161743,4.817570686340332,0.4877186663443918,1,0.71703125,0 0 0,1.441 2.897 3.292,0,-1,1.969932198524475,2.450040578842163,0.8040406414229364,0.4050732217573222,1
63418,518,2428,Program,0,1.0,0.25,23,26,1,measured,262,0,1,237,0,21 24,8080 8080,24,26,25,1,26,0,2.639951229095459,5.466273784637451,0.4829526169206603,1,0.64984375,0 0 0,1.997 3.133 3.402,0,1.0,0.25,286,288,1,measured,525,0,1,238,0,284,8080,-1,-1,287,1,288,0,2.593515634536743,5.422415256500244,0.4782952820567748,1,0.711640625,0 0 0,1.530 3.046 4.147,0,-1,1.560881495475769,2.2564477920532227,0.6917427919107613,0.32112970711297073,1
63419,519,2429,Program,0,1.0,0.25,23,26,1,measured,262,0,1,237,0,21 24,8080 8080,24,26,25,1,26,0,3.4150390625,5.948319435119629,0.5741183034551202,1,0.669921875,0 0 0,2.621 3.996 4.342,0,1.0,0.25,286,288,1,measured,525,0,1,238,0,284,8080,-1,-1,287,1,288,0,3.2095704078674316,5.321423053741455,0.6031413731728781,1,0.679765625,0 0 0,2.057 3.880 4.696,0,-1,2.126194477081299,2.374302387237549,0.8955028173791636,0.30376569037656903,1
63420,520,2430,Program,0,1.0,0.25,23,26,1,measured,262,0,1,237,0,21 24,8080 9420,24,26,25,1,26,0,3.155654191970825,5.28376579284668,0.5972358192414668,1,0.67046875,0 0 0,1.990 4.208 4.332,0,1.0,0.25,286,288,1,measured,525,0,1,238,0,284,8080,-1,-1,287,1,288,0,2.9554102420806885,5.398977756500244,0.5474018185243388,1,0.686484375,0 0 0,1.832 3.977 4.156,0,-1,1.7667452096939087,2.0755972862243652,0.8511984581111701,0.39100418410041843,1
63421,521,2431,Program,0,1.0,0.25,23,26,1,measured,262,0,1,237,0,21 24,8080 9420,24,26,25,1,26,0,3.0375781059265137,5.256613731384277,0.5778583440116299,1,0.666171875,0 0 0,1.903 4.138 4.200,0,1.0,0.25,286,288,1,measured,525,0,1,238,0,284,8080,-1,-1,287,1,288,0,2.850878953933716,5.152820587158203,0.5532657125766501,1,0.65234375,0 0 0,2.040 3.604 3.899,0,-1,2.1180527210235596,2.4370663166046143,0.8690993374256992,0.37641213389121336,1
63422,522,2432,Program,0,1.0,0.25,23,25,1,measured,262,0,1,238,0,21 23,8080 13f2,23,25,24,1,25,-1,2.834188222885132,4.928203105926514,0.5750956610284222,1,0.6440251572327044,-1 -1 -1,2.146 3.424 3.641,0,1.0,0.25,286,288,1,measured,525,0,1,238,0,284,8080,-1,-1,287,1,288,0,2.3747265338897705,4.718199729919434,0.5033119981824764,1,0.694296875,0 0 0,2.000 2.463 3.300,0,0,1.5367010831832886,1.6178547143936157,0.9498387398520243,0.31422594142259413,1
63423,523,2433,Program,0,1.0,0.25,23,26,1,measured,262,0,1,237,0,21 24,8080 13f2,24,26,25,1,26,1,2.2740566730499268,4.734859466552734,0.48027965541827966,1,0.6943396226415094,1 1 1,1.865 2.534 3.030,0,1.0,0.25,286,288,1,measured,525,0,1,238,0,284,8080,-1,-1,287,1,288,0,2.232861280441284,4.993592739105225,0.4471452513449022,1,0.704296875,0 0 0,1.735 2.307 3.349,0,0,1.4038244485855103,1.4779475927352905,0.9498472445747566,0.3012029288702929,1
63424,524,2434,Program,0,1.0,0.25,23,26,1,measured,262,0,1,237,0,21 24,8080 c1ce,24,26,25,1,26,0,2.3906445503234863,5.204333782196045,0.4593564998659096,1,0.707109375,0 0 0,1.607 2.888 3.522,0,1.0,0.25,286,287,1,measured,525,0,1,239,0,284,8080,-1,-1,286,1,287,0,2.2332422733306885,5.338659763336182,0.41831515255340285,1,0.71640625,0 0 0,1.610 2.368 3.291,0,-1,1.7495242357254028,2.2462854385375977,0.7788521466196202,0.3847280334728033,1
63425,525,2435,Program,0,1.0,0.25,23,25,1,measured,262,0,1,238,0,21 23,8080 c420,23,25,24,1,25,-1,2.5146520137786865,5.165753364562988,0.48679289085483096,1,0.5902515723270441,-1 -1 -1,1.344 3.329 4.020,0,1.0,0.25,286,287,1,measured,525,0,1,239,0,284,8080,-1,-1,286,1,287,0,2.686836004257202,5.113984107971191,0.5253899792275886,1,0.695625,0 0 0,1.671 3.160 4.298,0,0,1.5593963861465454,1.6984460353851318,0.918131252720634,0.3064853556485356,1
63426,526,2436,Program,0,1.0,0.25,23,25,1,measured,262,0,1,238,0,21 23,8080 d0d5,23,25,24,1,25,0,2.948427677154541,5.0237717628479,0.5868952285927739,1,0.65171875,0 0 0,1.788 3.826 4.469,0,1.0,0.25,286,288,1,measured,525,0,1,238,0,284,8080,-1,-1,287,1,288,0,2.466904401779175,5.15012788772583,0.4789986686851963,1,0.7103125,0 0 0,1.630 2.803 4.326,0,0,1.769575595855713,2.117462396621704,0.8357057951437411,0.37771966527196654,1
63427,527,2437,Program,0,1.0,0.25,23,26,1,measured,262,0,1,237,0,21 24,8080 5420,24,26,25,1,26,1,2.4911065101623535,5.201473712921143,0.47892321439097507,1,0.6978773584905661,1 1 1,1.707 3.048 4.137,0,1.0,0.25,286,288,1,measured,525,0,1,238,0,284,8080,-1,-1,287,1,288,0,2.471874952316284,5.274282455444336,0.46866563806508144,1,0.683203125,0 0 0,1.754 2.829 3.583,0,0,1.2505918741226196,1.254279375076294,0.997060064107767,0.2982217573221757,1
63428,528,2438,Program,0,1.0,0.25,23,26,1,measured,262,0,1,237,0,21 24,8080 54c8,24,26,25,1,26,0,2.2861034870147705,5.080856800079346,0.44994448317832325,1,0.717578125,0 0 0,1.560 2.817 3.525,0,1.0,0.25,286,288,1,measured,525,0,1,238,0,284,8080,-1,-1,287,1,288,0,2.346054792404175,4.832438945770264,0.48548048278139744,1,0.720859375,0 0 0,1.633 2.669 3.701,0,-1,1.7165929079055786,2.2412233352661133,0.7659178275072518,0.41976987447698744,1
63429,529,2439,Program,0,1.0,0.25,23,26,1,measured,262,0,1,237,0,21 24,8080 4520,24,26,25,1,26,0,2.6154589653015137,4.856249809265137,0.5385758698639297,1,0.7071875,0 0 0,1.764 3.261 4.072,0,1.0,0.25,286,288,1,measured,525,0,1,238,0,284,8080,-1,-1,287,1,288,0,2.7823145389556885,4.947120666503906,0.5624108903981777,1,0.691875,0 0 0,1.734 3.582 3.991,0,-1,1.6853382587432861,2.204005241394043,0.76467071270543,0.3946652719665272,1
63430,530,2440,Program,0,1.0,0.25,23,26,1,measured,262,0,1,237,0,21 24,8080 43d5,24,26,25,1,26,0,2.8661327362060547,5.081820011138916,0.5639972942614528,1,0.674453125,0 0 0,1.914 3.746 3.676,0,1.0,0.25,286,288,1,measured,525,0,1,238,0,284,8080,-1,-1,287,1,288,0,2.867138624191284,4.85470724105835,0.5905893974290887,1,0.6821875,0 0 0,1.781 3.711 4.165,0,-1,1.613755226135254,2.016172170639038,0.800405466177903,0.3848849372384937,1
63431,531,2441,Program,0,1.0,0.25,23,26,1,measured,262,0,1,237,0,21 24,8080 d020,24,26,25,1,26,0,2.87255859375,5.222297668457031,0.5500564648201526,1,0.6859375,0 0 0,1.730 4.022 3.725,0,1.0,0.25,286,288,1,measured,525,0,1,238,0,284,8080,-1,-1,287,1,288,0,2.6302247047424316,4.87248420715332,0.5398118481084012,1,0.7128125,0 0 0,1.554 3.413 3.985,0,-1,1.7344112396240234,2.025801658630371,0.8561604401077673,0.38352510460251044,1
63432,532,2442,Program,0,1.0,0.25,23,26,1,measured,262,0,1,237,0,21 24,8080 c1c7,24,26,25,1,26,0,2.701767683029175,5.115438461303711,0.5281595514181218,1,0.68390625,0 0 0,1.676 3.592 3.655,0,1.0,0.25,286,288,1,measured,525,0,1,238,0,284,8080,-1,-1,287,1,288,0,2.4237499237060547,5.0583038330078125,0.47916258171166903,1,0.71171875,0 0 0,1.525 2.974 3.685,0,-1,1.962295413017273,2.301469087600708,0.8526273168687114,0.4059100418410042,1
63433,533,2443,Program,0,1.0,0.25,23,25,1,measured,262,0,1,238,0,21 23,8080 c149,23,25,24,1,25,-1,2.4470224380493164,5.433475017547607,0.4503604838793898,1,0.6816037735849056,-1 -1 -1,1.732 3.025 3.353,0,1.0,0.25,286,288,1,measured,525,0,1,238,0,284,8080,-1,-1,287,1,288,0,2.4194140434265137,5.042561054229736,0.47979866131657284,1,0.71328125,0 0 0,1.587 2.866 3.628,0,0,1.4219844341278076,1.6188639402389526,0.878384154951228,0.40324267782426776,1
63434,534,2444,Program,0,1.0,0.25,23,26,1,measured,262,0,1,237,0,21 24,8080 ced3,24,26,25,1,26,1,2.5655758380889893,5.086113452911377,0.5044275676981627,1,0.6520440251572327,1 1 1,1.749 3.240 3.587,0,1.0,0.25,286,288,1,measured,525,0,1,238,0,284,8080,-1,-1,287,1,288,0,2.819345712661743,4.632704257965088,0.6085745076030687,1,0.66296875,0 0 0,1.924 3.367 4.122,0,-1,1.359095811843872,1.4111502170562744,0.963112073694755,0.4155857740585774,1
63435,535,2445,Program,0,1.0,0.25,23,26,1,measured,262,0,1,237,0,21 24,8080 5480,24,26,25,1,26,0,3.127988338470459,4.969634532928467,0.6294201953372259,1,0.649765625,0 0 0,2.145 3.878 4.685,0,1.0,0.25,286,288,1,measured,525,0,1,238,0,284,8080,-1,-1,287,1,288,0,3.491572380065918,5.04518461227417,0.6920603800248362,1,0.64859375,0 0 0,2.420 4.126 5.098,0,-1,1.6751439571380615,2.0572166442871094,0.8142768831809407,0.36323221757322177,1
63436,536,2446,Program,0,1.0,0.25,23,25,1,measured,262,0,1,238,0,21 23,8080 9454,23,25,24,1,25,-1,3.839681625366211,5.2632317543029785,0.7295292711036451,1,0.6191037735849056,-1 -1 -1,2.485 4.899 5.773,0,1.0,0.25,286,288,1,measured,525,0,1,238,0,284,8080,-1,-1,287,1,288,0,4.614394664764404,5.666411399841309,0.8143416245586463,1,0.63609375,0 0 0,2.694 5.845 7.111,0,0,1.225624918937683,1.357956051826477,0.9025512403653962,0.3787133891213389,1
63437,537,2447,Program,0,1.0,0.25,23,26,1,measured,262,0,1,237,0,21 24,8080 9454,24,26,25,1,26,1,5.146953582763672,6.136552810668945,0.8387369491573891,1,0.6590408805031447,1 1 -1,3.005 6.881 7.438,0,1.0,0.25,286,288,1,measured,525,0,1,238,0,284,8080,-1,-1,287,1,288,0,5.431474685668945,6.667295455932617,0.8146443669053203,1,0.597265625,0 0 0,3.239 6.345 7.745,0,-1,1.2625703811645508,1.3040581941604614,0.968185612281958,0.38070083682008365,1
63438,538,2448,Program,0,1.0,0.25,23,25,1,measured,262,0,1,238,0,21 23,8080 c120,23,25,24,1,25,-1,6.179618835449219,7.325504302978516,0.8435758931895808,1,0.6217767295597484,-1 -1 -1,3.757 7.622 8.398,0,1.0,0.25,286,288,1,measured,525,0,1,238,0,284,8080,-1,-1,287,1,288,0,6.691669940948486,7.8101959228515625,0.8567864375040295,1,0.623046875,0 0 -3,3.949 8.253 7.736,0,0,1.670464277267456,1.764053463935852,0.9469465134806145,0.3973849372384937,1
63439,539,2449,Program,0,1.0,0.25,23,25,1,measured,262,0,1,238,0,21 23,8080 4652,23,25,24,1,25,0,7.01101541519165,8.14380931854248,0.8609012245938036,1,0.6078125,0 0 -3,4.209 9.030 8.009,0,1.0,0.25,286,288,1,measured,525,0,1,238,0,284,8080,-1,-1,287,1,288,0,7.50387716293335,8.65219497680664,0.8672801737649799,1,0.6440625,0 0 -3,4.689 9.200 8.563,0,0,2.2389612197875977,2.706224203109741,0.8273376674463231,0.3941422594142259,1
63440,540,2450,Program,0,1.0,0.25,23,26,1,measured,262,0,1,237,0,21 24,8080 4945,24,26,25,1,26,1,7.639111518859863,8.644457817077637,0.8837004796030524,1,0.5897798742138365,1 1 -2,4.472 9.683 8.718,0,1.0,0.25,286,288,1,measured,525,0,1,238,0,284,8080,-1,-1,287,1,288,0,8.389579772949219,9.43471908569336,0.8892241196318212,1,0.586171875,0 0 -3,4.408 10.099 10.538,0,0,1.5121853351593018,1.5373610258102417,0.9836240868421446,0.4155334728033473,1
63441,541,2451,Program,0,1.0,0.25,23,26,1,measured,262,0,1,237,0,21 24,8080 cec4,24,26,25,1,26,0,9.261435508728027,10.529589653015137,0.8795628143092951,1,0.5771875,0 0 0,4.360 13.079 11.036,0,1.0,0.25,286,288,1,measured,525,0,1,238,0,284,8080,-1,-1,287,1,288,0,10.28213882446289,11.481740951538086,0.8955208855400542,1,0.581015625,0 0 0,4.094 14.479 12.718,0,-1,1.997006893157959,2.2511603832244873,0.8871011181786669,0.44231171548117154,1
63442,542,2452,Program,0,1.0,0.25,23,26,1,measured,262,0,1,237,0,21 24,8080 a7d3,24,26,25,1,26,0,10.4702730178833,11.569506645202637,0.9049887206923262,1,0.620859375,-1 0 0,3.929 15.938 13.008,0,1.0,0.25,286,287,1,measured,525,0,1,239,0,284,8080,-1,-1,286,1,287,0,9.729248046875,10.573378562927246,0.9201645423902662,1,0.64765625,-1 0 0,4.009 13.384 13.208,0,-1,1.7518460750579834,2.1860246658325195,0.801384404503421,0.4285041841004184,1
63443,543,2453,Program,0,1.0,0.25,23,26,1,measured,262,0,1,237,0,21 24,8080 2043,24,26,25,1,26,0,9.1545991897583,9.692919731140137,0.9444624987812092,1,0.623046875,-1 0 0,3.897 13.016 12.770,0,1.0,0.25,286,287,1,measured,525,0,1,239,0,284,8080,-1,-1,286,1,287,0,10.147939682006836,10.738541603088379,0.9450016638281974,1,0.578515625,0 0 -2,3.670 14.202 14.070,0,-1,2.0398874282836914,2.3047597408294678,0.8850759548366415,0.4115585774058577,1
63444,544,2454,Program,0,1.0,0.25,23,26,1,measured,262,0,1,237,0,21 24,8080 c845,24,26,25,1,26,0,10.712197303771973,10.955179214477539,0.9778203618627744,1,0.580234375,0 0 -2,3.545 16.418 14.347,0,1.0,0.25,286,287,1,measured,525,0,1,239,0,284,8080,-1,-1,286,1,287,1,11.388177871704102,11.489248275756836,0.9912030446529735,1,0.6075471698113207,0 0 -2,3.218 17.353 15.401,0,-1,1.8975138664245605,2.250326633453369,0.8432170860070303,0.43310669456066947,1
63445,545,2455,Program,0,1.0,0.25,23,26,1,measured,262,0,1,237,0,21 24,8080 d354,24,26,25,1,26,0,11.99789047241211,12.123123168945312,0.989669931189514,1,0.608203125,0 0 -2,2.819 19.543 16.514,0,1.0,0.25,286,287,1,measured,525,0,1,239,0,284,8080,-1,-1,286,1,287,0,13.188623428344727,13.292708396911621,0.9921697696617585,1,0.654296875,0 0 -2,2.841 20.481 17.460,0,-1,2.262056350708008,2.4867522716522217,0.9096428206759317,0.4538702928870293,1
63446,546,2456,Program,0,1.0,0.25,23,26,1,measured,262,0,1,237,0,21 24,8080 942c,24,26,25,1,26,0,13.692988395690918,13.847012519836426,0.9888767252918373,1,0.624921875,0 -1 -2,2.223 22.991 16.812,0,1.0,0.25,286,287,1,measured,525,0,1,239,0,284,8080,-1,-1,286,1,287,0,15.015644073486328,15.127574920654297,0.9926008730576409,1,0.622890625,0 -1 -2,2.462 24.055 16.387,0,-1,2.078746795654297,2.3122119903564453,0.899029502625251,0.4100418410041841,1
63447,547,2457,Program,0,1.0,0.25,23,26,1,measured,262,0,1,237,0,21 24,8080 942c,24,26,25,1,26,0,15.7348051071167,15.781996726989746,0.9970097814180673,1,0.607421875,0 -1 -1,4.083 25.425 14.376,0,1.0,0.25,286,287,1,measured,525,0,1,239,0,284,8080,-1,-1,286,1,287,1,16.575855255126953,16.643232345581055,0.9959516823982818,1,0.6037735849056604,1 1 -1,4.644 25.729 14.079,0,-1,2.528700828552246,2.650878667831421,0.9539104370328938,0.38404811715481174,1
63448,548,2458,Program,0,1.0,0.25,23,26,1,measured,262,0,1,237,0,21 24,8080 942f,24,26,25,1,26,1,16.43122100830078,16.573379516601562,0.9914224791534895,1,0.5893867924528302,1 1 -1,6.559 24.972 11.413,0,1.0,0.25,286,288,1,measured,525,0,1,238,0,284,8080,-1,-1,287,1,288,1,16.293230056762695,16.325429916381836,0.9980276256255384,1,0.5858490566037736,1 1 2,7.690 24.601 10.923,0,0,2.297832727432251,2.3205204010009766,0.99022302343951,0.39759414225941425,1
63449,549,2459,Program,0,1.0,0.25,23,26,1,measured,262,0,1,237,0,21 24,8080 942f,24,26,25,1,26,2,15.959651947021484,15.993022918701172,0.9979134043733117,1,0.6185126582278481,1 1 2,8.092 24.561 9.535,0,1.0,0.25,286,288,1,measured,525,0,1,238,0,284,8080,-1,-1,287,1,288,2,14.900652885437012,15.017590522766113,0.992213288999202,1,0.6007120253164557,1 2 2,7.545 23.107 10.074,0,-1,2.757852792739868,2.763967514038086,0.9977877014591665,0.416265690376569,1
63450,550,2460,Program,0,1.0,0.25,23,26,1,measured,262,0,1,237,0,21 24,8080 8080,24,26,25,1,26,2,13.111412048339844,13.2102689743042,0.9925166606254084,1,0.6059335443037974,1 2 0,7.774 18.362 9.595,0,1.0,0.25,286,288,1,measured,525,0,1,238,0,284,8080,-1,-1,287,1,288,2,11.254182815551758,11.471973419189453,0.9810154194331211,1,0.5631329113924051,1 2 0,6.964 15.257 8.810,0,-1,2.280205011367798,2.363010883331299,0.9649574733033968,0.425418410041841,1
63451,551,2461,Program,0,1.0,0.25,23,26,1,measured,262,0,1,237,0,21 24,8080 8080,24,26,25,1,26,2,10.245559692382812,10.456161499023438,0.9798585927866269,1,0.6213607594936709,1 2 0,7.149 12.963 7.775,0,1.0,0.25,286,288,1,measured,525,0,1,238,0,284,8080,-1,-1,287,1,288,2,8.652729034423828,9.08992862701416,0.9519028574887785,1,0.5986550632911393,2 2 0,6.193 10.833 7.298,0,-1,2.4442734718322754,2.4661335945129395,0.9911358724728855,0.43964435146443515,1
63452,552,2462,Program,0,1.0,0.25,23,26,1,measured,262,0,1,237,0,21 24,8080 8080,24,26,25,1,26,2,7.731398105621338,7.820322513580322,0.9886290612945229,1,0.5954113924050632,2 2 0,5.911 9.405 6.567,0,1.0,0.25,286,288,1,measured,525,0,1,238,0,284,8080,-1,-1,287,1,288,3,8.273447036743164,8.279687881469727,0.9992462463783774,1,0.5894108280254777,3 2 1,6.939 9.179 5.952,0,0,2.236814022064209,2.279247283935547,0.9813827739664698,0.4231694560669456,1
63453,553,2463,Program,0,1.0,0.25,23,26,1,measured,262,0,1,237,0,21 24,8080 8080,24,26,25,1,26,3,9.352309226989746,9.43217945098877,0.9915321560182306,1,0.6272292993630574,3 2 1,8.024 10.489 5.439,0,1.0,0.25,286,288,1,measured,525,0,1,238,0,284,8080,-1,-1,287,1,288,3,9.739391326904297,9.824564933776855,0.9913305467013881,1,0.5976910828025478,3 3 1,8.105 11.402 5.724,0,0,2.329021692276001,2.427586555480957,0.9593980025213033,0.4255753138075314,1
63454,554,2464,Program,0,1.0,0.25,23,26,1,measured,262,0,1,237,0,21 24,8080 8080,24,26,25,1,26,3,9.822601318359375,9.949248313903809,0.9872706970869902,1,0.5870222929936306,3 3 1,8.451 10.985 6.082,0,1.0,0.25,286,287,1,measured,525,0,1,239,0,284,8080,-1,-1,286,1,287,3,10.09175968170166,10.320302963256836,0.9778549832917838,1,0.5855095541401274,3 3 1,8.864 11.205 6.601,0,0,2.13676118850708,2.153700828552246,0.9921346364264747,0.4096757322175732,1
63455,555,2465,Program,0,1.0,0.25,23,26,1,measured,262,0,1,237,0,21 24,8080 8080,24,26,25,1,26,3,10.463953018188477,10.813558578491211,0.9676697030154237,1,0.5762738853503184,3 3 1,9.472 11.261 6.992,0,1.0,0.25,286,287,1,measured,525,0,1,239,0,284,8080,-1,-1,286,1,287,3,10.776313781738281,11.197013854980469,0.9624274758707154,1,0.584156050955414,3 3 2,9.568 11.833 7.694,0,-1,2.6768076419830322,2.6850829124450684,0.9969180577539408,0.4506276150627615,1
63456,556,2466,Program,0,1.0,0.25,23,26,1,measured,262,0,1,237,0,21 24,8080 8080,24,26,25,1,26,3,11.243183135986328,11.687440872192383,0.9619884505886087,1,0.6056528662420382,3 3 2,10.421 11.792 8.020,0,1.0,0.25,286,288,1,measured,525,0,1,238,0,284,8080,-1,-1,287,1,288,3,11.525079727172852,12.01823616027832,0.958965989141118,1,0.5995222929936306,3 3 2,10.607 12.051 8.971,0,0,2.479443311691284,2.5192835330963135,0.984185892186552,0.4174163179916318,1
63457,557,2467,Program,0,1.0,0.25,23,26,1,measured,262,0,1,237,0,21 24,8080 8080,24,26,25,1,26,3,11.663694381713867,12.17520809173584,0.9579872716615684,1,0.5982484076433121,3 3 2,11.205 11.582 9.856,0,1.0,0.25,286,288,1,measured,525,0,1,238,0,284,8080,-1,-1,287,1,288,3,11.84801959991455,12.31285572052002,0.962247903235738,1,0.6084394904458599,3 3 2,11.475 11.649 10.631,0,-1,2.5628550052642822,2.572401285171509,0.996288961616426,0.41422594142259417,1
63458,558,2468,Program,0,1.0,0.25,23,26,1,measured,262,0,1,237,0,21 24,8080 8080,24,26,25,1,26,3,12.250626564025879,12.708178520202637,0.9639954730373538,1,0.5960191082802547,3 3 2,12.643 11.382 11.259,0,1.0,0.25,286,288,1,measured,525,0,1,238,0,284,8080,-1,-1,287,1,288,3,12.102507591247559,12.617128372192383,0.9592125271484891,1,0.5870222929936306,3 3 2,12.855 10.895 11.334,0,0,2.577920913696289,2.6843388080596924,0.9603560124214258,0.436663179916318,1
63459,559,2469,Program,0,1.0,0.25,23,26,1,measured,262,0,1,237,0,21 24,8080 8080,24,26,25,1,26,3,12.620880126953125,13.070084571838379,0.9656310988336573,1,0.6025477707006369,3 3 2,13.849 10.921 12.076,0,1.0,0.25,286,288,1,measured,525,0,1,238,0,284,8080,-1,-1,287,1,288,3,12.777219772338867,13.273398399353027,0.9626185689537997,1,0.5711783439490445,3 3 3,14.426 11.020 11.801,0,0,3.108313798904419,3.324498414993286,0.934972260743489,0.4235355648535565,1
63460,560,2470,Program,0,1.0,0.25,23,26,1,measured,262,0,1,237,0,21 24,8080 8080,24,26,25,1,26,3,12.864201545715332,13.374129295349121,0.9618720786697406,1,0.5707006369426751,3 3 3,14.844 10.844 11.024,0,1.0,0.25,286,288,1,measured,525,0,1,238,0,284,8080,-1,-1,287,1,288,3,13.273069381713867,13.750099182128906,0.9653071738540593,1,0.5821656050955414,3 3 3,15.187 11.724 10.623,0,0,2.806104898452759,2.881056785583496,0.9739845852723943,0.423744769874477,1
63461,561,2471,Program,0,1.0,0.25,23,26,1,measured,262,0,1,237,0,21 24,8080 8080,24,26,25,1,26,3,13.102985382080078,13.591357231140137,0.9640674701757441,1,0.5623407643312102,3 3 3,15.136 11.229 11.228,0,1.0,0.25,286,288,1,measured,525,0,1,238,0,284,8080,-1,-1,287,1,288,3,12.083270072937012,12.593473434448242,0.9594866845777736,1,0.5666401273885351,3 3 3,14.241 10.555 10.766,0,0,2.5961291790008545,2.7377583980560303,0.9482681820442078,0.41971757322175735,1
63462,562,2472,Program,0,1.0,0.25,23,26,1,measured,262,0,1,237,0,21 24,8080 8080,24,26,25,1,26,3,11.673626899719238,12.295926094055176,0.9493898068697073,1,0.5709394904458599,3 3 3,14.409 9.364 10.890,0,1.0,0.25,286,288,1,measured,525,0,1,238,0,284,8080,-1,-1,287,1,288,3,11.06557559967041,11.829005241394043,0.9354612136739857,1,0.5847133757961783,3 3 3,14.102 8.842 10.114,0,0,2.9405980110168457,3.1006345748901367,0.9483858674707059,0.42311715481171547,1
63463,563,2473,Program,0,1.0,0.25,23,26,1,measured,262,0,1,237,0,21 24,8080 8080,24,26,25,1,26,3,11.170003890991211,12.045777320861816,0.9272962294966326,1,0.5565286624203821,3 3 3,14.241 8.691 9.621,0,1.0,0.25,286,288,1,measured,525,0,1,238,0,284,8080,-1,-1,287,1,288,3,11.231110572814941,12.200395584106445,0.9205529849741758,1,0.5642515923566879,3 3 3,14.591 8.770 8.682,0,0,2.7447967529296875,2.886040210723877,0.95105977481902,0.4202928870292887,1
63464,564,2474,Program,0,1.0,0.25,23,26,1,measured,262,0,1,237,0,21 24,8080 8080,24,26,25,1,26,3,11.27284049987793,12.254311561584473,0.9199081028114777,1,0.5773089171974523,3 3 3,14.469 8.640 8.570,0,1.0,0.25,286,288,1,measured,525,0,1,238,0,284,8080,-1,-1,287,1,288,3,10.977717399597168,11.967247009277344,0.9173135133825628,1,0.5826433121019108,3 3 3,14.466 8.444 7.997,0,0,2.653127908706665,2.771840810775757,0.9571718182344434,0.4004707112970711,1
63465,565,2475,Program,0,1.0,0.25,23,26,1,measured,262,0,1,237,0,21 24,8080 8080,24,26,25,1,26,3,10.737420082092285,11.747053146362305,0.9140522264017618,1,0.5747611464968153,3 3 3,13.833 8.297 7.873,0,1.0,0.25,286,288,1,measured,525,0,1,238,0,284,8080,-1,-1,287,1,288,3,10.202000617980957,11.292464256286621,0.9034343954023505,1,0.5740445859872612,3 3 3,13.775 7.898 6.919,0,0,2.7296998500823975,2.9404852390289307,0.9283161207038934,0.4065899581589958,1
63466,566,2476,Program,0,1.0,0.25,23,26,1,measured,262,0,1,237,0,21 24,8080 8080,24,26,25,1,26,3,9.828433990478516,10.931794166564941,0.8990687018731958,1,0.580812101910828,3 3 3,13.069 7.440 6.955,0,1.0,0.25,286,288,1,measured,525,0,1,238,0,284,8080,-1,-1,287,1,288,3,9.383469581604004,10.463488578796387,0.8967821306384398,1,0.5923566878980892,3 3 3,12.889 6.957 6.285,0,0,2.749405860900879,2.9621262550354004,0.9281865876672502,0.41265690376569036,1
63467,567,2477,Program,0,1.0,0.25,23,26,1,measured,262,0,1,237,0,21 24,8080 8080,24,26,25,1,26,3,8.97995662689209,9.913825035095215,0.9058014031015067,1,0.5914808917197453,3 3 3,12.031 6.506 6.216,0,1.0,0.25,286,288,1,measured,525,0,1,238,0,284,8080,-1,-1,287,1,288,3,8.478851318359375,9.336313247680664,0.908158401868714,1,0.580812101910828,3 3 3,11.303 6.460 5.825,0,0,2.8398637771606445,2.999312162399292,0.9468383493930498,0.42981171548117153,1
63468,568,2478,Program,0,1.0,0.25,23,25,1,measured,262,0,1,238,0,21 23,8080 8080,23,25,24,1,25,3,7.895242691040039,8.092000007629395,0.9756849584276017,1,0.5930732484076433,3 2 1,9.778 6.029 5.904,0,1.0,0.25,286,288,1,measured,525,0,1,238,0,284,8080,-1,-1,287,1,288,3,7.975029945373535,8.689329147338867,0.9177958171622388,1,0.5957802547770701,3 3 2,10.032 6.349 5.738,0,0,2.135739326477051,2.1491847038269043,0.9937439637803525,0.4221757322175732,1
63469,569,2479,Program,0,1.0,0.25,23,26,1,measured,262,0,1,237,0,21 24,8080 8080,24,26,25,1,26,3,8.865276336669922,9.772201538085938,0.9071933588474012,1,0.5698248407643313,3 3 2,10.838 7.302 5.766,0,1.0,0.25,286,288,1,measured,525,0,1,238,0,284,8080,-1,-1,287,1,288,3,8.804130554199219,9.075949668884277,0.9700506145800968,1,0.5621815286624203,3 3 1,10.075 8.015 5.659,0,0,1.881104826927185,1.9540395736694336,0.9626748875892588,0.3919456066945607,1
63470,570,2480,Program,0,1.0,0.25,23,26,1,measured,262,0,1,237,0,21 24,8080 8080,24,26,25,1,26,3,9.480712890625,9.715219497680664,0.9758619342453716,1,0.5828821656050955,3 3 1,10.321 8.942 5.814,0,1.0,0.25,286,288,1,measured,525,0,1,238,0,284,8080,-1,-1,287,1,288,3,9.946178436279297,10.182249069213867,0.9768154725611327,1,0.5667993630573248,3 3 1,10.686 9.705 6.271,0,-1,2.689040184020996,2.786677598953247,0.9649627875973431,0.42871338912133894,1
63471,571,2481,Program,0,1.0,0.25,23,26,1,measured,262,0,1,237,0,21 24,8080 8080,24,26,25,1,26,3,10.2991943359375,10.533346176147461,0.977770422020289,1,0.5738853503184713,3 3 0,10.851 10.017 6.334,0,1.0,0.25,286,288,1,measured,525,0,1,238,0,284,8080,-1,-1,287,1,288,3,10.559574127197266,10.76775074005127,0.9806666575146767,1,0.5745222929936306,3 3 1,11.164 10.509 6.485,0,-1,2.6701529026031494,2.8353114128112793,0.9417494284889252,0.42473849372384936,1
63472,572,2482,Program,0,1.0,0.25,23,26,1,measured,262,0,1,237,0,21 24,8080 8080,24,26,25,1,26,3,10.782971382141113,10.960848808288574,0.9837715646608545,1,0.590047770700637,3 3 0,11.544 10.304 6.392,0,1.0,0.25,286,287,1,measured,525,0,1,239,0,284,8080,-1,-1,286,1,287,3,11.065953254699707,11.175128936767578,0.9902304767411972,1,0.5862261146496816,3 3 1,11.775 10.892 6.667,0,-1,2.786231517791748,2.9874610900878906,0.932641943701358,0.4153765690376569,1
63473,573,2483,Program,0,1.0,0.25,23,26,1,measured,262,0,1,237,0,21 24,8080 8080,24,26,25,1,26,3,10.96739673614502,11.237895965576172,0.975929726502208,1,0.5924363057324841,3 3 0,11.834 10.330 6.846,0,1.0,0.25,286,287,1,measured,525,0,1,239,0,284,8080,-1,-1,286,1,287,3,11.048418045043945,11.304895401000977,0.9773127174680164,1,0.5589968152866241,3 3 0,11.967 10.626 7.078,0,-1,2.6563920974731445,3.188495635986328,0.8331176833025262,0.4024581589958159,1
63474,574,2484,Program,0,1.0,0.25,23,25,1,measured,262,0,1,238,0,21 23,8080 8080,23,25,24,1,25,2,10.841357231140137,11.172966003417969,0.9703204348624718,1,0.5551424050632912,2 2 -1,12.020 9.784 7.111,0,1.0,0.25,286,287,1,measured,525,0,1,239,0,284,8080,-1,-1,286,1,287,3,11.222382545471191,11.465229034423828,0.9788188715442577,1,0.6057324840764331,3 3 0,12.451 10.272 7.135,0,0,1.798531413078308,1.9579365253448486,0.9185851480867263,0.3922071129707113,1
63475,575,2485,Program,0,1.0,0.25,23,26,1,measured,262,0,1,237,0,21 24,8080 8080,24,26,25,1,26,3,11.290983200073242,11.84187126159668,0.9534796444452176,1,0.5548566878980892,3 3 1,12.707 10.249 7.114,0,1.0,0.25,286,287,1,measured,525,0,1,239,0,284,8080,-1,-1,286,1,287,2,10.806556701660156,10.862340927124023,0.9948644379845812,1,0.5653481012658228,3 3 0,12.037 9.762 7.122,0,-1,2.0200533866882324,2.0432066917419434,0.9886681532772529,0.39952928870292886,1
63476,576,2486,Program,0,1.0,0.25,23,26,1,measured,262,0,1,237,0,21 24,8080 8080,24,26,25,1,26,2,10.791040420532227,10.974233627319336,0.9833069703991842,1,0.5983386075949367,3 2 0,11.827 9.914 7.038,0,1.0,0.25,286,287,1,measured,525,0,1,239,0,284,8080,-1,-1,286,1,287,2,10.514062881469727,10.86168384552002,0.9679956654056294,1,0.5685917721518987,2 3 0,11.886 9.383 6.897,0,-1,2.987779140472412,3.169647216796875,0.9426219816007625,0.4239539748953975,1
63477,577,2487,Program,0,1.0,0.25,23,26,1,measured,262,0,1,237,0,21 24,8080 8080,24,26,25,1,26,2,10.529439926147461,10.57735824584961,0.9954697270728302,1,0.5975474683544304,2 3 0,11.888 8.693 7.103,0,1.0,0.25,286,287,1,measured,525,0,1,239,0,284,8080,-1,-1,286,1,287,3,10.413992881774902,10.492454528808594,0.9925220884380996,1,0.5703821656050956,2 3 1,11.795 8.744 6.818,0,-1,2.951667547225952,3.3393290042877197,0.8839103734420873,0.38185146443514645,1
63478,578,2488,Program,0,1.0,0.25,23,26,1,measured,262,0,1,237,0,21 24,8080 8080,24,26,25,1,26,3,10.090187072753906,10.348002433776855,0.9750854947442401,1,0.6015923566878981,2 3 1,11.488 8.214 7.221,0,1.0,0.25,286,288,1,measured,525,0,1,238,0,284,8080,-1,-1,287,1,288,3,9.695810317993164,9.97322940826416,0.9721836248907383,1,0.5795382165605095,2 3 1,10.936 8.167 6.530,0,-1,2.866401195526123,2.989199161529541,0.958919443179362,0.412081589958159,1
63479,579,2489,Program,0,1.0,0.25,23,26,1,measured,262,0,1,237,0,21 24,8080 8080,24,26,25,1,26,3,9.740426063537598,9.997438430786133,0.9742921780386173,1,0.6052547770700637,2 3 1,10.562 8.506 6.324,0,1.0,0.25,286,288,1,measured,525,0,1,238,0,284,8080,-1,-1,287,1,288,3,9.535181045532227,9.574248313903809,0.9959195471967394,1,0.5804936305732484,2 3 1,9.762 8.885 6.141,0,0,2.697504997253418,2.813631534576416,0.9587271695330638,0.42081589958158994,1
63480,580,2490,Program,0,1.0,0.25,23,26,1,measured,262,0,1,237,0,21 24,8080 8080,24,26,25,1,26,2,9.421895027160645,9.507940292358398,0.9909501676964769,1,0.589003164556962,2 1 1,9.072 9.561 6.193,0,1.0,0.25,286,288,1,measured,525,0,1,238,0,284,8080,-1,-1,287,1,288,2,8.905478477478027,9.113630294799805,0.9771603838877964,1,0.6027689873417722,2 1 1,8.495 9.323 6.044,0,0,2.9199435710906982,3.06758713722229,0.9518698053137348,0.43326359832635986,1
63481,581,2491,Program,0,1.0,0.25,23,26,1,measured,262,0,1,237,0,21 24,8080 8080,24,26,25,1,26,2,8.402413368225098,8.561959266662598,0.9813657255928887,1,0.6042721518987342,2 1 1,7.554 8.983 5.955,0,1.0,0.25,286,288,1,measured,525,0,1,238,0,284,8080,-1,-1,287,1,288,1,8.17485237121582,8.344669342041016,0.9796496465150937,1,0.6315251572327044,2 1 1,7.181 8.671 5.984,0,-1,3.2383787631988525,3.307373285293579,0.9791391789969658,0.40617154811715483,1
63482,582,2492,Program,0,1.0,0.25,23,26,1,measured,262,0,1,237,0,21 24,8080 8080,24,26,25,1,26,1,7.659512519836426,8.289458274841309,0.9240064025755721,1,0.5992924528301887,2 1 1,6.916 8.487 5.688,0,1.0,0.25,286,288,1,measured,525,0,1,238,0,284,8080,-1,-1,287,1,288,1,7.373752117156982,8.472890853881836,0.8702758296218007,1,0.6099842767295598,1 1 0,6.459 8.143 6.125,0,-1,2.818796157836914,2.9649271965026855,0.9507134479260934,0.3961297071129707,1
63483,583,2493,Program,0,1.0,0.25,23,26,1,measured,262,0,1,237,0,21 24,8080 8080,24,26,25,1,26,1,7.349508762359619,7.451113224029541,0.9863638548207466,1,0.6031446540880503,1 0 0,5.999 8.023 5.546,0,1.0,0.25,286,288,1,measured,525,0,1,238,0,284,8080,-1,-1,287,1,288,0,7.382382869720459,7.911124229431152,0.9331648265939678,1,0.61609375,1 0 0,6.096 8.022 5.764,0,-1,2.800370454788208,3.111243963241577,0.9000806390864081,0.3969665271966527,1
63484,584,2494,Program,0,1.0,0.25,23,26,1,measured,262,0,1,237,0,21 24,8080 8080,24,26,25,1,26,0,7.29202127456665,8.269742965698242,0.8817712116099561,1,0.61625,1 0 -1,6.423 8.180 5.365,0,1.0,0.25,286,287,1,measured,525,0,1,239,0,284,8080,-1,-1,286,1,287,0,6.955009937286377,7.941971302032471,0.875728414619993,1,0.619140625,0 0 -1,6.086 7.854 5.035,0,-1,2.1855149269104004,2.5448758602142334,0.8587903878055643,0.39848326359832636,1
63485,585,2495,Program,0,1.0,0.25,23,25,1,measured,262,0,1,238,0,21 23,8080 8080,23,25,24,1,25,-1,6.984325885772705,7.527561187744141,0.9278338244721419,1,0.5766509433962265,-1 -2 -2,5.985 7.658 4.415,0,1.0,0.25,286,287,1,measured,525,0,1,239,0,284,8080,-1,-1,286,1,287,0,7.099892616271973,7.452142238616943,0.9527317634223866,1,0.578984375,0 -1 -1,6.242 7.561 4.550,0,0,1.744423270225525,2.0507473945617676,0.8506280563132437,0.3563807531380753,1
63486,586,2496,Program,0,1.0,0.25,23,26,1,measured,262,0,1,237,0,21 24,8080 8080,24,26,25,1,26,1,7.245243549346924,7.400996208190918,0.9789551765110192,1,0.610691823899371,1 0 0,6.465 7.444 4.161,0,1.0,0.25,286,288,1,measured,525,0,1,238,0,284,8080,-1,-1,287,1,288,0,7.078789234161377,7.343474864959717,0.9639563509556873,1,0.62140625,0 -1 -1,6.454 7.541 4.198,0,-1,1.7891677618026733,1.9722498655319214,0.9071709386681235,0.384152719665272,1
63487,587,2497,Program,0,1.0,0.25,23,26,1,measured,262,0,1,237,0,21 24,8080 8080,24,26,25,1,26,0,7.091992378234863,7.527358531951904,0.9421621606212841,1,0.618984375,0 -1 -1,6.489 7.602 4.280,0,1.0,0.25,286,288,1,measured,525,0,1,238,0,284,8080,-1,-1,287,1,288,0,7.037744045257568,7.67104959487915,0.9174421255150862,1,0.62671875,0 0 -1,6.406 7.906 4.773,0,-1,2.7006595134735107,3.0050721168518066,0.898700400009965,0.413336820083682,1
63488,588,2498,Program,0,1.0,0.25,23,26,1,measured,262,0,1,237,0,21 24,8080 8080,24,26,25,1,26,0,6.775029182434082,7.264239311218262,0.932655009309965,1,0.597578125,0 -1 -1,6.065 7.652 4.280,0,1.0,0.25,286,288,1,measured,525,0,1,238,0,284,8080,-1,-1,287,1,288,0,6.888535022735596,7.574223518371582,0.9094707868109753,1,0.639765625,0 0 -1,6.465 7.716 4.311,0,-1,2.6683030128479004,3.0469868183135986,0.8757185941239856,0.4381276150627615,1
63489,589,2499,Program,0,1.0,0.25,23,26,1,measured,262,0,1,237,0,21 24,8080 8080,24,26,25,1,26,0,6.632792949676514,7.586320877075195,0.8743095707591133,1,0.605390625,0 0 -1,6.482 7.020 4.203,0,1.0,0.25,286,288,1,measured,525,0,1,238,0,284,8080,-1,-1,287,1,288,0,6.248388767242432,7.871894836425781,0.7937591770572358,1,0.617265625,0 0 0,6.329 6.556 4.026,0,-1,2.4792115688323975,2.8588807582855225,0.8671965634268659,0.43760460251046024,1
63490,590,2500,Program,0,1.0,0.25,23,26,1,measured,262,0,1,237,0,21 24,8080 8080,24,26,25,1,26,0,6.124492168426514,7.76751184463501,0.7884754205629795,1,0.62078125,0 0 0,6.468 6.073 3.628,0,1.0,0.25,286,288,1,measured,525,0,1,238,0,284,8080,-1,-1,287,1,288,0,6.066513538360596,7.035053253173828,0.8623265979719087,1,0.6340625,0 0 0,6.709 5.874 3.628,0,-1,2.2857069969177246,2.7471461296081543,0.8320296369686573,0.4517782426778243,1
63491,591,2501,Program,0,1.0,0.25,23,26,1,measured,262,0,1,237,0,21 24,8080 8080,24,26,25,1,26,1,6.374980449676514,6.542646408081055,0.9743733731051932,1,0.631996855345912,1 0 0,6.251 6.188 3.724,0,1.0,0.25,286,288,1,measured,525,0,1,238,0,284,8080,-1,-1,287,1,288,1,5.572641372680664,6.722460746765137,0.8289585588673362,1,0.6178459119496855,1 1 1,5.436 6.016 3.829,0,-1,2.2906723022460938,2.6599619388580322,0.8611673230292607,0.44597280334728034,1
63492,592,2502,Program,0,1.0,0.25,23,26,1,measured,262,0,1,237,0,21 24,8080 8080,24,26,25,1,26,1,5.2377753257751465,6.436240196228027,0.813794259705341,1,0.6429245283018868,1 1 1,4.722 5.901 3.601,0,1.0,0.25,286,288,1,measured,525,0,1,238,0,284,8080,-1,-1,287,1,288,1,4.813836574554443,5.953007698059082,0.8086394002352704,1,0.6753930817610063,1 1 1,4.073 5.739 3.659,0,-1,2.2536189556121826,2.4685254096984863,0.9129413644105235,0.44801255230125525,1
63493,593,2503,Program,0,1.0,0.25,23,26,1,measured,262,0,1,237,0,21 24,8080 8080,24,26,25,1,26,1,4.7071638107299805,5.386923789978027,0.8738129578679599,1,0.6179245283018868,1 0 1,3.723 5.304 3.906,0,1.0,0.25,286,288,1,measured,525,0,1,238,0,284,8080,-1,-1,287,1,288,1,4.6356425285339355,4.860478401184082,0.9537420282342222,1,0.620125786163522,1 0 0,3.532 4.744 3.647,0,-1,2.1384875774383545,2.338578939437866,0.9144389104745771,0.37201882845188283,1
63494,594,2504,Program,0,1.0,0.25,23,26,1,measured,262,0,1,237,0,21 24,8080 8080,24,26,25,1,26,0,4.564648628234863,4.984483242034912,0.9157716871711958,1,0.6365625,1 0 0,3.748 4.394 3.231,0,1.0,0.25,286,288,1,measured,525,0,1,238,0,284,8080,-1,-1,287,1,288,0,4.389452934265137,5.077033996582031,0.8645703253553573,1,0.636015625,1 0 0,3.897 4.311 3.031,0,-1,2.412156820297241,2.848853826522827,0.8467113327612891,0.4208682008368201,1
63495,595,2505,Program,0,1.0,0.25,23,26,1,measured,262,0,1,237,0,21 24,8080 8080,24,26,25,1,26,0,4.33297872543335,5.615221977233887,0.7716486975939315,1,0.629296875,1 0 0,4.456 4.266 2.693,0,1.0,0.25,286,288,1,measured,525,0,1,238,0,284,8080,-1,-1,287,1,288,0,4.36404275894165,5.749145030975342,0.7590768254112544,1,0.643125,0 0 0,4.632 4.475 3.049,0,-1,2.3170740604400635,2.766252040863037,0.8376221783887647,0.4337866108786611,1
63496,596,2506,Program,0,1.0,0.25,23,26,1,measured,262,0,1,237,0,21 24,8080 8080,24,26,25,1,26,0,4.353203296661377,5.922012805938721,0.7350884638911777,1,0.641328125,0 0 0,4.245 4.665 3.229,0,1.0,0.25,286,288,1,measured,525,0,1,238,0,284,8080,-1,-1,287,1,288,0,4.246523380279541,5.823034763336182,0.729262927815081,1,0.643984375,0 0 0,4.104 4.681 3.321,0,-1,2.165519952774048,2.7166876792907715,0.7971177435233875,0.41997907949790797,1
63497,597,2507,Program,0,1.0,0.25,23,26,1,measured,262,0,1,237,0,21 24,8080 8080,24,26,25,1,26,0,4.27099609375,6.280601501464844,0.680029785802182,1,0.642421875,0 0 0,3.604 5.050 3.503,0,1.0,0.25,286,288,1,measured,525,0,1,238,0,284,8080,-1,-1,287,1,288,0,3.933828115463257,6.12509822845459,0.642247351591583,1,0.6059375,0 0 0,3.231 4.807 3.535,0,-1,2.161066770553589,2.6879472732543945,0.8039840632502837,0.4200836820083682,1
63498,598,2508,Program,0,1.0,0.25,23,25,1,measured,262,0,1,238,0,21 23,8080 8080,23,25,24,1,25,-1,4.051120281219482,6.220654487609863,0.6512369862830989,1,0.6639150943396226,-1 -1 -1,3.289 4.892 3.732,0,1.0,0.25,286,288,1,measured,525,0,1,238,0,284,8080,-1,-1,287,1,288,0,3.9085936546325684,6.023987770080566,0.648838245330683,1,0.675625,0 0 0,2.961 4.899 3.992,0,0,1.5728627443313599,1.8275080919265747,0.8606597975023106,0.34351464435146445,1
63499,599,2509,Program,0,1.0,0.25,23,26,1,measured,262,0,1,237,0,21 24,8080 8080,24,26,25,1,26,1,3.9292354583740234,6.047359466552734,0.6497439882821888,1,0.6063679245283019,1 1 1,2.835 5.052 3.904,0,1.0,0.25,286,288,1,measured,525,0,1,238,0,284,8080,-1,-1,287,1,288,0,3.944287061691284,5.853409767150879,0.6738443434844557,1,0.681328125,0 0 0,2.914 5.058 4.034,0,-1,1.228956699371338,1.312110185623169,0.9366261407289218,0.34252092050209204,1
63500,600,2510,Program,0,1.0,0.25,23,26,1,measured,262,0,1,237,0,21 24,8080 8080,24,26,25,1,26,0,3.849482536315918,5.8770833015441895,0.6549988044757636,1,0.621640625,0 0 0,2.638 5.123 4.191,0,1.0,0.25,286,288,1,measured,525,0,1,238,0,284,8080,-1,-1,287,1,288,0,3.730117082595825,6.0424628257751465,0.6173173406519574,1,0.6471875,0 0 0,2.249 5.209 4.245,0,-1,1.906226634979248,2.4846372604370117,0.7672052034847012,0.3505753138075314,1
63501,601,2511,Program,0,1.0,0.25,23,26,1,measured,262,0,1,237,0,21 24,8080 8080,24,26,25,1,26,0,3.694209098815918,6.200933456420898,0.5957504825327007,1,0.638203125,0 0 0,2.309 5.087 4.340,0,1.0,0.25,286,288,1,measured,525,0,1,238,0,284,8080,-1,-1,287,1,288,0,3.682363271713257,6.148653507232666,0.5988893775493593,1,0.653046875,0 0 0,2.459 4.969 4.329,0,-1,1.9538143873214722,2.5827157497406006,0.7564960981547066,0.33781380753138074,1
63502,602,2512,Program,0,1.0,0.25,23,25,1,measured,262,0,1,238,0,21 23,8080 8080,23,25,24,1,25,-1,3.707763433456421,6.243632793426514,0.5938471329319794,1,0.6206761006289309,-1 -1 -1,2.537 4.944 4.407,0,1.0,0.25,286,287,1,measured,525,0,1,239,0,284,8080,-1,-1,286,1,287,0,3.3597850799560547,6.153695106506348,0.5459784766397882,1,0.6440625,0 0 0,2.361 4.429 4.165,0,0,1.3361687660217285,1.649142861366272,0.8102201436416172,0.3516213389121339,1
63503,603,2513,Program,0,1.0,0.25,23,25,1,measured,262,0,1,238,0,21 23,8080 8080,23,25,24,1,25,0,3.4798827171325684,6.189013481140137,0.5622677552305971,1,0.635234375,0 0 0,2.504 4.481 4.164,0,1.0,0.25,286,287,1,measured,525,0,1,239,0,284,8080,-1,-1,286,1,287,0,3.364853620529175,6.041116237640381,0.5569920339495841,1,0.669921875,0 0 0,2.322 4.437 4.206,0,0,1.8341360092163086,2.564990758895874,0.7150653478400175,0.3678870292887029,1
63504,604,2514,Program,0,1.0,0.25,23,26,1,measured,262,0,1,237,0,21 24,8080 8080,24,26,25,1,26,1,3.565978765487671,5.935096740722656,0.6008290886010862,1,0.6474842767295598,1 1 1,2.499 4.683 4.308,0,1.0,0.25,286,287,1,measured,525,0,1,239,0,284,8080,-1,-1,286,1,287,0,3.509873151779175,5.689023017883301,0.6169553437815205,1,0.65765625,0 0 0,2.565 4.503 4.192,0,-1,1.3882420063018799,1.4152204990386963,0.9809368979921208,0.3559623430962343,1
63505,605,2515,Program,0,1.0,0.25,23,26,1,measured,262,0,1,237,0,21 24,8080 8080,24,26,25,1,26,0,3.4521875381469727,5.7645440101623535,0.5988656747283199,1,0.651953125,0 0 0,2.470 4.475 4.417,0,1.0,0.25,286,287,1,measured,525,0,1,239,0,284,8080,-1,-1,286,1,287,0,3.6019725799560547,5.946599960327148,0.6057196724156125,1,0.621875,0 0 0,2.470 4.668 4.320,0,-1,1.9212418794631958,2.5138237476348877,0.7642707175754792,0.3446129707112971,1
63506,606,2516,Program,0,1.0,0.25,23,25,1,measured,262,0,1,238,0,21 23,8080 8080,23,25,24,1,25,-1,3.722032308578491,6.046835899353027,0.6155338710244683,1,0.6143867924528302,-1 -1 -1,2.525 4.772 4.748,0,1.0,0.25,286,287,1,measured,525,0,1,239,0,284,8080,-1,-1,286,1,287,0,3.9463672637939453,6.153655529022217,0.6413045457585115,1,0.689140625,0 0 0,2.790 5.104 4.623,0,0,1.3810056447982788,1.6270393133163452,0.8487844353209982,0.3679393305439331,1
63507,607,2517,Program,0,1.0,0.25,23,25,1,measured,262,0,1,238,0,21 23,8080 8080,23,25,24,1,25,0,3.875732421875,6.097897052764893,0.6355850858645893,1,0.6828125,0 0 0,2.788 4.972 4.396,0,1.0,0.25,286,287,1,measured,525,0,1,239,0,284,8080,-1,-1,286,1,287,0,3.8045313358306885,5.9678754806518555,0.6375017957672149,1,0.6896875,0 0 -1,2.694 4.872 4.621,0,0,1.9009512662887573,2.7086644172668457,0.701803905338298,0.45219665271966525,1
63508,608,2518,Program,0,1.0,0.25,23,26,1,measured,262,0,1,237,0,21 24,8080 8080,24,26,25,1,26,1,4.07885217666626,6.216230392456055,0.6561616798528426,1,0.6303459119496856,1 1 0,3.355 4.910 4.524,0,1.0,0.25,286,288,1,measured,525,0,1,238,0,284,8080,-1,-1,287,1,288,0,3.790410041809082,5.952555179595947,0.6367702486491474,1,0.6878125,0 0 0,2.773 4.911 4.254,0,-1,1.6751729249954224,1.713985800743103,0.9773551941148794,0.3553347280334728,1
63509,609,2519,Program,0,1.0,0.25,23,26,1,measured,262,0,1,237,0,21 24,8080 8080,24,26,25,1,26,0,3.810654401779175,6.090497016906738,0.6256721563447284,1,0.668125,0 0 0,2.866 4.875 4.116,0,1.0,0.25,286,288,1,measured,525,0,1,238,0,284,8080,-1,-1,287,1,288,0,3.678398370742798,5.956122398376465,0.6175827366720108,1,0.680703125,0 0 0,2.610 4.846 4.170,0,-1,2.2000925540924072,2.8889729976654053,0.7615483273365012,0.4236401673640167,1
63510,610,2520,Program,0,1.0,0.25,23,26,1,measured,262,0,1,237,0,21 24,8080 9420,24,26,25,1,26,0,3.501152276992798,5.916804313659668,0.5917302806364507,1,0.631953125,0 0 0,2.401 4.701 3.993,0,1.0,0.25,286,288,1,measured,525,0,1,238,0,284,8080,-1,-1,287,1,288,0,3.5069921016693115,5.974999904632568,0.5869442941664739,1,0.63171875,0 0 0,2.506 4.653 3.845,0,-1,2.401839017868042,2.9272000789642334,0.8205243758800095,0.34236401673640166,1
63511,611,2521,Program,0,1.0,0.25,23,26,1,measured,262,0,1,237,0,21 24,8080 9420,24,26,25,1,26,0,3.6103222370147705,6.037647247314453,0.597968395490585,1,0.628203125,0 0 0,2.504 4.702 4.042,0,1.0,0.25,286,288,1,measured,525,0,1,238,0,284,8080,-1,-1,287,1,288,0,3.693310499191284,6.002486228942871,0.6152967884179107,1,0.6903125,0 0 0,2.617 4.816 4.102,0,-1,2.1347577571868896,2.5577235221862793,0.8346319446451159,0.43080543933054394,1
63512,612,2522,Program,0,1.0,0.25,23,26,1,measured,262,0,1,237,0,21 24,8080 1370,24,26,25,1,26,0,3.635371208190918,6.0112223625183105,0.604764054455629,1,0.6228125,0 0 0,2.786 4.506 3.736,0,1.0,0.25,286,288,1,measured,525,0,1,238,0,284,8080,-1,-1,287,1,288,0,3.7476563453674316,5.818789482116699,0.644061167169799,1,0.67453125,0 0 0,2.777 4.737 3.723,0,-1,2.078212261199951,2.6690995693206787,0.7786192336499772,0.440010460251046,1
63513,613,2523,Program,0,1.0,0.25,23,26,1,measured,262,0,1,237,0,21 24,8080 1370,24,26,25,1,26,0,3.8001368045806885,5.65085506439209,0.6724888112113527,1,0.6765625,0 0 0,3.116 4.574 3.538,0,1.0,0.25,286,288,1,measured,525,0,1,238,0,284,8080,-1,-1,287,1,288,0,3.579238176345825,5.373024940490723,0.6661495556019009,1,0.626484375,0 0 0,2.852 4.418 3.356,0,-1,2.249476194381714,2.6602823734283447,0.845577979559659,0.35575313807531384,1
63514,614,2524,Program,0,1.0,0.25,23,26,1,measured,262,0,1,237,0,21 24,8080 57c8,24,26,25,1,26,0,3.578242301940918,5.498054027557373,0.6508197780534776,1,0.61609375,0 0 0,2.973 4.234 3.347,0,1.0,0.25,286,287,1,measured,525,0,1,239,0,284,8080,-1,-1,286,1,287,0,3.4506640434265137,5.393848419189453,0.6397406406806392,1,0.62671875,0 0 0,2.897 4.068 3.236,0,-1,1.7145413160324097,2.3668200969696045,0.7244071140969479,0.3526150627615063,1
63515,615,2525,Program,0,1.0,0.25,23,25,1,measured,262,0,1,238,0,21 23,8080 4552,23,25,24,1,25,-1,3.3838050365448,5.474218845367432,0.6181347754133636,1,0.6291666666666667,-1 -1 -1,3.080 3.700 3.110,0,1.0,0.25,286,287,1,measured,525,0,1,239,0,284,8080,-1,-1,286,1,287,0,3.308837890625,5.463040351867676,0.6056769998950844,1,0.644765625,0 0 0,2.986 3.749 2.796,0,0,1.5076830387115479,1.7461583614349365,0.8634285824297073,0.39780334728033473,1
63516,616,2526,Program,0,1.0,0.25,23,25,1,measured,262,0,1,238,0,21 23,8080 4520,23,25,24,1,25,0,3.3509180545806885,5.383166313171387,0.6224808708550862,1,0.631640625,0 0 0,3.116 3.660 2.696,0,1.0,0.25,286,288,1,measured,525,0,1,238,0,284,8080,-1,-1,287,1,288,0,3.4451563358306885,5.256820201873779,0.6553688738684028,1,0.682734375,0 0 0,3.212 3.854 2.663,0,0,1.807869791984558,2.274773597717285,0.7947471316700436,0.3826359832635983,1
63517,617,2527,Program,0,1.0,0.25,23,26,1,measured,262,0,1,237,0,21 24,8080 54c8,24,26,25,1,26,1,3.3204991817474365,5.29445219039917,0.6271657694385736,1,0.6073899371069182,1 1 1,3.030 3.697 2.409,0,1.0,0.25,286,288,1,measured,525,0,1,238,0,284,8080,-1,-1,287,1,288,0,3.2297656536102295,5.26645040512085,0.6132718254537737,1,0.699296875,0 0 0,2.942 3.599 2.624,0,-1,1.4488943815231323,1.4920729398727417,0.9710613622191339,0.39618200836820083,1
63518,618,2528,Program,0,1.0,0.25,23,26,1,measured,262,0,1,237,0,21 24,8080 4520,24,26,25,1,26,0,3.101181745529175,5.242118835449219,0.5915893635523471,1,0.637109375,0 0 0,2.793 3.492 2.338,0,1.0,0.25,286,288,1,measured,525,0,1,238,0,284,8080,-1,-1,287,1,288,0,3.011035203933716,5.130542278289795,0.58688439556869,1,0.639609375,0 0 0,2.836 3.263 2.395,0,-1,2.186013698577881,2.6975619792938232,0.8103664402736513,0.3695083682008368,1
63519,619,2529,Program,0,1.0,0.25,23,26,1,measured,262,0,1,237,0,21 24,8080 5249,24,26,25,1,26,0,3.048213005065918,5.046904563903809,0.6039767478202734,1,0.63640625,0 0 0,2.792 3.365 2.247,0,1.0,0.25,286,288,1,measured,525,0,1,238,0,284,8080,-1,-1,287,1,288,0,3.0254101753234863,4.555159091949463,0.6641722307065915,1,0.63921875,0 0 0,2.801 3.340 2.352,0,-1,2.223329782485962,2.4514544010162354,0.90694315242588,0.3839958158995816,1
63520,620,2530,Program,0,1.0,0.25,23,26,1,measured,262,0,1,237,0,21 24,8080 c2d3,24,26,25,1,26,0,3.1362597942352295,4.553576946258545,0.6887464143572106,1,0.61296875,0 0 0,2.952 3.415 2.112,0,1.0,0.25,286,288,1,measured,525,0,1,238,0,284,8080,-1,-1,287,1,288,0,3.061093807220459,4.155119895935059,0.7367040864970269,1,0.635234375,0 0 0,3.132 3.101 2.114,0,-1,2.009636878967285,2.284111499786377,0.8798330900900582,0.3751569037656904,1
