site,ordinal,local_exact,counter,field,row_line,role,caption_line,geometry_top_line,geometry_top_valid,geometry_top_status,mean,std,gradient,blank_mean,blank_noise,blank_gradient,mean_gate,spread_gate,gradient_gate,active_by_level,active_by_spread,active_by_gradient,active,cea608_valid
minute_35_00,62900,0,1910,1,25,caption_plus_1,24,26,1,measured,101.040627,45.113071,1.893584,1.000000,0.250000,1.000000,2.500000,2.000000,3.000000,1,1,0,1,0
minute_35_00,62900,0,1910,1,26,caption_plus_2,24,26,1,measured,140.318756,68.488647,1.611894,1.000000,0.250000,1.000000,2.500000,2.000000,3.000000,1,1,0,1,0
minute_35_00,62900,0,1910,1,27,caption_plus_3,24,26,1,measured,129.273438,64.955673,1.726135,1.000000,0.250000,1.000000,2.500000,2.000000,3.000000,1,1,0,1,0
minute_35_00,62900,0,1910,2,286,line_286,-1,288,1,measured,43.946877,44.972389,1.718310,1.000000,0.250000,1.000000,2.500000,2.000000,3.000000,1,1,0,1,0
minute_35_00,62900,0,1910,2,287,line_287,-1,288,1,measured,24.059376,36.922886,2.444444,1.000000,0.250000,1.000000,2.500000,2.000000,3.000000,1,1,0,1,0
minute_35_00,62900,0,1910,2,288,line_288,-1,288,1,measured,141.998444,61.996510,1.597809,1.000000,0.250000,1.000000,2.500000,2.000000,3.000000,1,1,0,1,0
minute_35_00,62901,1,1911,1,25,caption_plus_1,24,23,0,vbi_ambiguous,98.765625,48.818073,1.724570,1.000000,0.250000,1.000000,2.500000,2.000000,3.000000,1,1,0,1,0
minute_35_00,62901,1,1911,1,26,caption_plus_2,24,23,0,vbi_ambiguous,127.485939,67.533302,1.658842,1.000000,0.250000,1.000000,2.500000,2.000000,3.000000,1,1,0,1,0
minute_35_00,62901,1,1911,1,27,caption_plus_3,24,23,0,vbi_ambiguous,125.487503,66.582657,1.798122,1.000000,0.250000,1.000000,2.500000,2.000000,3.000000,1,1,0,1,0
minute_35_00,62901,1,1911,2,286,line_286,-1,288,1,measured,45.953125,45.701317,1.816901,1.000000,0.250000,1.000000,2.500000,2.000000,3.000000,1,1,0,1,0
minute_35_00,62901,1,1911,2,287,line_287,-1,288,1,measured,29.745312,42.884537,3.220657,1.000000,0.250000,1.000000,2.500000,2.000000,3.000000,1,1,1,1,0
minute_35_00,62901,1,1911,2,288,line_288,-1,288,1,measured,135.923431,64.963249,1.902973,1.000000,0.250000,1.000000,2.500000,2.000000,3.000000,1,1,0,1,0
minute_35_00,62902,2,1912,1,25,caption_plus_1,24,26,1,measured,88.745316,44.371891,1.973396,1.000000,0.250000,1.000000,2.500000,2.000000,3.000000,1,1,0,1,0
minute_35_00,62902,2,1912,1,26,caption_plus_2,24,26,1,measured,121.051559,68.766197,1.899843,1.000000,0.250000,1.000000,2.500000,2.000000,3.000000,1,1,0,1,0
minute_35_00,62902,2,1912,1,27,caption_plus_3,24,26,1,measured,107.181252,62.350880,1.622848,1.000000,0.250000,1.000000,2.500000,2.000000,3.000000,1,1,0,1,0
minute_35_00,62902,2,1912,2,286,line_286,-1,288,1,measured,44.201561,45.754936,1.749609,1.000000,0.250000,1.000000,2.500000,2.000000,3.000000,1,1,0,1,0
minute_35_00,62902,2,1912,2,287,line_287,-1,288,1,measured,27.670313,43.767632,3.228482,1.000000,0.250000,1.000000,2.500000,2.000000,3.000000,1,1,1,1,0
minute_35_00,62902,2,1912,2,288,line_288,-1,288,1,measured,118.796875,61.190502,1.805947,1.000000,0.250000,1.000000,2.500000,2.000000,3.000000,1,1,0,1,0
minute_35_00,62903,3,1913,1,25,caption_plus_1,24,26,1,measured,87.306252,45.659576,1.682316,1.000000,0.250000,1.000000,2.500000,2.000000,3.000000,1,1,0,1,0
minute_35_00,62903,3,1913,1,26,caption_plus_2,24,26,1,measured,110.026566,64.677956,1.683881,1.000000,0.250000,1.000000,2.500000,2.000000,3.000000,1,1,0,1,0
minute_35_00,62903,3,1913,1,27,caption_plus_3,24,26,1,measured,109.159378,65.414040,1.669797,1.000000,0.250000,1.000000,2.500000,2.000000,3.000000,1,1,0,1,0
minute_35_00,62903,3,1913,2,286,line_286,-1,288,1,measured,45.987499,46.564800,1.776213,1.000000,0.250000,1.000000,2.500000,2.000000,3.000000,1,1,0,1,0
minute_35_00,62903,3,1913,2,287,line_287,-1,288,1,measured,30.432812,45.279362,3.133020,1.000000,0.250000,1.000000,2.500000,2.000000,3.000000,1,1,1,1,0
minute_35_00,62903,3,1913,2,288,line_288,-1,288,1,measured,119.001564,62.686062,1.683881,1.000000,0.250000,1.000000,2.500000,2.000000,3.000000,1,1,0,1,0
minute_35_00,62904,4,1914,1,24,caption_plus_1,23,25,1,measured,87.500000,45.909218,1.732394,1.000000,0.250000,1.000000,2.500000,2.000000,3.000000,1,1,0,1,0
minute_35_00,62904,4,1914,1,25,caption_plus_2,23,25,1,measured,117.610939,69.940269,1.748044,1.000000,0.250000,1.000000,2.500000,2.000000,3.000000,1,1,0,1,0
minute_35_00,62904,4,1914,1,26,caption_plus_3,23,25,1,measured,108.762497,62.288616,1.830986,1.000000,0.250000,1.000000,2.500000,2.000000,3.000000,1,1,0,1,0
minute_35_00,62904,4,1914,2,286,line_286,-1,287,1,measured,46.110939,46.739357,1.694836,1.000000,0.250000,1.000000,2.500000,2.000000,3.000000,1,1,0,1,0
minute_35_00,62904,4,1914,2,287,line_287,-1,287,1,measured,68.251564,62.286892,7.446009,1.000000,0.250000,1.000000,2.500000,2.000000,3.000000,1,1,1,1,0
minute_35_00,62904,4,1914,2,288,line_288,-1,287,1,measured,113.531250,66.368309,2.147105,1.000000,0.250000,1.000000,2.500000,2.000000,3.000000,1,1,0,1,0
minute_35_00,62905,5,1915,1,25,caption_plus_1,24,26,1,measured,94.614059,44.575703,1.863850,1.000000,0.250000,1.000000,2.500000,2.000000,3.000000,1,1,0,1,0
minute_35_00,62905,5,1915,1,26,caption_plus_2,24,26,1,measured,119.376564,62.065769,1.962441,1.000000,0.250000,1.000000,2.500000,2.000000,3.000000,1,1,0,1,0
minute_35_00,62905,5,1915,1,27,caption_plus_3,24,26,1,measured,122.396873,60.180447,2.233177,1.000000,0.250000,1.000000,2.500000,2.000000,3.000000,1,1,0,1,0
minute_35_00,62905,5,1915,2,286,line_286,-1,287,1,measured,45.807812,47.408813,1.732394,1.000000,0.250000,1.000000,2.500000,2.000000,3.000000,1,1,0,1,0
minute_35_00,62905,5,1915,2,287,line_287,-1,287,1,measured,72.534378,62.334496,7.547731,1.000000,0.250000,1.000000,2.500000,2.000000,3.000000,1,1,1,1,0
minute_35_00,62905,5,1915,2,288,line_288,-1,287,1,measured,123.785934,63.914539,2.391236,1.000000,0.250000,1.000000,2.500000,2.000000,3.000000,1,1,0,1,0
minute_35_00,62906,6,1916,1,24,caption_plus_1,23,25,1,measured,114.368752,47.151535,2.178404,1.000000,0.250000,1.000000,2.500000,2.000000,3.000000,1,1,0,1,0
minute_35_00,62906,6,1916,1,25,caption_plus_2,23,25,1,measured,156.885941,66.911095,2.242567,1.000000,0.250000,1.000000,2.500000,2.000000,3.000000,1,1,0,1,0
minute_35_00,62906,6,1916,1,26,caption_plus_3,23,25,1,measured,145.679688,64.878845,2.142410,1.000000,0.250000,1.000000,2.500000,2.000000,3.000000,1,1,0,1,0
minute_35_00,62906,6,1916,2,286,line_286,-1,287,1,measured,45.971874,46.396343,1.845070,1.000000,0.250000,1.000000,2.500000,2.000000,3.000000,1,1,0,1,0
minute_35_00,62906,6,1916,2,287,line_287,-1,287,1,measured,72.607811,63.250301,7.793427,1.000000,0.250000,1.000000,2.500000,2.000000,3.000000,1,1,1,1,0
minute_35_00,62906,6,1916,2,288,line_288,-1,287,1,measured,153.218750,66.780930,2.663537,1.000000,0.250000,1.000000,2.500000,2.000000,3.000000,1,1,0,1,0
minute_35_00,62907,7,1917,1,24,caption_plus_1,23,25,1,measured,105.809372,50.772575,2.272300,1.000000,0.250000,1.000000,2.500000,2.000000,3.000000,1,1,0,1,0
minute_35_00,62907,7,1917,1,25,caption_plus_2,23,25,1,measured,139.112503,67.044579,2.381847,1.000000,0.250000,1.000000,2.500000,2.000000,3.000000,1,1,0,1,0
minute_35_00,62907,7,1917,1,26,caption_plus_3,23,25,1,measured,139.468750,67.769867,2.586854,1.000000,0.250000,1.000000,2.500000,2.000000,3.000000,1,1,0,1,0
minute_35_00,62907,7,1917,2,286,line_286,-1,287,1,measured,45.301563,45.885059,1.790297,1.000000,0.250000,1.000000,2.500000,2.000000,3.000000,1,1,0,1,0
minute_35_00,62907,7,1917,2,287,line_287,-1,287,1,measured,78.068748,63.368969,7.145540,1.000000,0.250000,1.000000,2.500000,2.000000,3.000000,1,1,1,1,0
minute_35_00,62907,7,1917,2,288,line_288,-1,287,1,measured,146.217194,69.843956,2.801252,1.000000,0.250000,1.000000,2.500000,2.000000,3.000000,1,1,0,1,0
minute_35_00,62908,8,1918,1,24,caption_plus_1,23,25,1,measured,114.895309,54.226006,2.272300,1.000000,0.250000,1.000000,2.500000,2.000000,3.000000,1,1,0,1,0
minute_35_00,62908,8,1918,1,25,caption_plus_2,23,25,1,measured,158.414062,76.698692,2.309859,1.000000,0.250000,1.000000,2.500000,2.000000,3.000000,1,1,0,1,0
minute_35_00,62908,8,1918,1,26,caption_plus_3,23,25,1,measured,145.346878,72.568382,2.078247,1.000000,0.250000,1.000000,2.500000,2.000000,3.000000,1,1,0,1,0
minute_35_00,62908,8,1918,2,286,line_286,-1,287,1,measured,44.185936,46.555458,1.715180,1.000000,0.250000,1.000000,2.500000,2.000000,3.000000,1,1,0,1,0
minute_35_00,62908,8,1918,2,287,line_287,-1,287,1,measured,66.567184,62.356701,6.830986,1.000000,0.250000,1.000000,2.500000,2.000000,3.000000,1,1,1,1,0
minute_35_00,62908,8,1918,2,288,line_288,-1,287,1,measured,154.954681,74.953606,2.460094,1.000000,0.250000,1.000000,2.500000,2.000000,3.000000,1,1,0,1,0
minute_35_00,62909,9,1919,1,25,caption_plus_1,24,26,1,measured,117.453125,57.886208,2.358372,1.000000,0.250000,1.000000,2.500000,2.000000,3.000000,1,1,0,1,0
minute_35_00,62909,9,1919,1,26,caption_plus_2,24,26,1,measured,150.657806,77.510521,2.605634,1.000000,0.250000,1.000000,2.500000,2.000000,3.000000,1,1,0,1,0
minute_35_00,62909,9,1919,1,27,caption_plus_3,24,26,1,measured,149.456253,76.267998,2.707355,1.000000,0.250000,1.000000,2.500000,2.000000,3.000000,1,1,0,1,0
minute_35_00,62909,9,1919,2,286,line_286,-1,287,1,measured,44.214062,46.186909,1.784038,1.000000,0.250000,1.000000,2.500000,2.000000,3.000000,1,1,0,1,0
minute_35_00,62909,9,1919,2,287,line_287,-1,287,1,measured,65.940628,62.808933,6.295774,1.000000,0.250000,1.000000,2.500000,2.000000,3.000000,1,1,1,1,0
minute_35_00,62909,9,1919,2,288,line_288,-1,287,1,measured,154.032806,78.354767,2.896714,1.000000,0.250000,1.000000,2.500000,2.000000,3.000000,1,1,0,1,0
minute_35_00,62910,10,1920,1,25,caption_plus_1,24,26,1,measured,121.404686,30.355246,2.272300,1.000000,0.250000,1.000000,2.500000,2.000000,3.000000,1,1,0,1,0
minute_35_00,62910,10,1920,1,26,caption_plus_2,24,26,1,measured,168.703125,44.709995,2.672926,1.000000,0.250000,1.000000,2.500000,2.000000,3.000000,1,1,0,1,0
minute_35_00,62910,10,1920,1,27,caption_plus_3,24,26,1,measured,154.579681,37.969723,2.577465,1.000000,0.250000,1.000000,2.500000,2.000000,3.000000,1,1,0,1,0
minute_35_00,62910,10,1920,2,286,line_286,-1,288,1,measured,44.067188,45.237675,1.688576,1.000000,0.250000,1.000000,2.500000,2.000000,3.000000,1,1,0,1,0
minute_35_00,62910,10,1920,2,287,line_287,-1,288,1,measured,27.753124,42.747200,2.899843,1.000000,0.250000,1.000000,2.500000,2.000000,3.000000,1,1,0,1,0
minute_35_00,62910,10,1920,2,288,line_288,-1,288,1,measured,161.821869,40.905373,2.704225,1.000000,0.250000,1.000000,2.500000,2.000000,3.000000,1,1,0,1,0
minute_35_00,62911,11,1921,1,25,caption_plus_1,24,26,1,measured,115.412498,24.870951,1.943662,1.000000,0.250000,1.000000,2.500000,2.000000,3.000000,1,1,0,1,0
minute_35_00,62911,11,1921,1,26,caption_plus_2,24,26,1,measured,151.824997,32.057381,1.938967,1.000000,0.250000,1.000000,2.500000,2.000000,3.000000,1,1,0,1,0
minute_35_00,62911,11,1921,1,27,caption_plus_3,24,26,1,measured,151.348434,30.128199,1.608764,1.000000,0.250000,1.000000,2.500000,2.000000,3.000000,1,1,0,1,0
minute_35_00,62911,11,1921,2,286,line_286,-1,288,1,measured,43.417187,45.508472,1.746479,1.000000,0.250000,1.000000,2.500000,2.000000,3.000000,1,1,0,1,0
minute_35_00,62911,11,1921,2,287,line_287,-1,288,1,measured,32.332813,47.505627,3.020344,1.000000,0.250000,1.000000,2.500000,2.000000,3.000000,1,1,1,1,0
minute_35_00,62911,11,1921,2,288,line_288,-1,288,1,measured,156.151566,31.446541,1.801252,1.000000,0.250000,1.000000,2.500000,2.000000,3.000000,1,1,0,1,0
minute_35_00,62912,12,1922,1,25,caption_plus_1,24,26,1,measured,104.306252,21.880783,1.358372,1.000000,0.250000,1.000000,2.500000,2.000000,3.000000,1,1,0,1,0
minute_35_00,62912,12,1922,1,26,caption_plus_2,24,26,1,measured,145.981247,32.019032,1.441315,1.000000,0.250000,1.000000,2.500000,2.000000,3.000000,1,1,0,1,0
minute_35_00,62912,12,1922,1,27,caption_plus_3,24,26,1,measured,131.946869,27.162998,1.643193,1.000000,0.250000,1.000000,2.500000,2.000000,3.000000,1,1,0,1,0
minute_35_00,62912,12,1922,2,286,line_286,-1,288,1,measured,42.926563,45.738586,1.738654,1.000000,0.250000,1.000000,2.500000,2.000000,3.000000,1,1,0,1,0
minute_35_00,62912,12,1922,2,287,line_287,-1,288,1,measured,26.500000,42.392509,2.356807,1.000000,0.250000,1.000000,2.500000,2.000000,3.000000,1,1,0,1,0
minute_35_00,62912,12,1922,2,288,line_288,-1,288,1,measured,138.162506,29.829964,1.615023,1.000000,0.250000,1.000000,2.500000,2.000000,3.000000,1,1,0,1,0
minute_35_00,62913,13,1923,1,25,caption_plus_1,24,26,1,measured,95.615623,22.251104,1.482003,1.000000,0.250000,1.000000,2.500000,2.000000,3.000000,1,1,0,1,0
minute_35_00,62913,13,1923,1,26,caption_plus_2,24,26,1,measured,122.326561,30.009184,1.651017,1.000000,0.250000,1.000000,2.500000,2.000000,3.000000,1,1,0,1,0
minute_35_00,62913,13,1923,1,27,caption_plus_3,24,26,1,measured,121.745316,29.935804,1.668232,1.000000,0.250000,1.000000,2.500000,2.000000,3.000000,1,1,0,1,0
minute_35_00,62913,13,1923,2,286,line_286,-1,288,1,measured,43.828125,45.820728,1.688576,1.000000,0.250000,1.000000,2.500000,2.000000,3.000000,1,1,0,1,0
minute_35_00,62913,13,1923,2,287,line_287,-1,288,1,measured,31.910938,46.670757,3.051643,1.000000,0.250000,1.000000,2.500000,2.000000,3.000000,1,1,1,1,0
minute_35_00,62913,13,1923,2,288,line_288,-1,288,1,measured,125.979691,29.772648,1.677621,1.000000,0.250000,1.000000,2.500000,2.000000,3.000000,1,1,0,1,0
minute_35_00,62914,14,1924,1,25,caption_plus_1,24,26,1,measured,93.001564,22.579546,1.510172,1.000000,0.250000,1.000000,2.500000,2.000000,3.000000,1,1,0,1,0
minute_35_00,62914,14,1924,1,26,caption_plus_2,24,26,1,measured,127.812500,33.028290,1.550861,1.000000,0.250000,1.000000,2.500000,2.000000,3.000000,1,1,0,1,0
minute_35_00,62914,14,1924,1,27,caption_plus_3,24,26,1,measured,117.699997,29.569050,1.372457,1.000000,0.250000,1.000000,2.500000,2.000000,3.000000,1,1,0,1,0
minute_35_00,62914,14,1924,2,286,line_286,-1,288,1,measured,41.973438,44.784286,1.694836,1.000000,0.250000,1.000000,2.500000,2.000000,3.000000,1,1,0,1,0
minute_35_00,62914,14,1924,2,287,line_287,-1,288,1,measured,21.299999,36.289772,2.244132,1.000000,0.250000,1.000000,2.500000,2.000000,3.000000,1,1,0,1,0
minute_35_00,62914,14,1924,2,288,line_288,-1,288,1,measured,122.460938,29.309528,1.400626,1.000000,0.250000,1.000000,2.500000,2.000000,3.000000,1,1,0,1,0
minute_35_00,62915,15,1925,1,25,caption_plus_1,24,23,0,vbi_ambiguous,87.242188,26.322739,1.266041,1.000000,0.250000,1.000000,2.500000,2.000000,3.000000,1,1,0,1,0
minute_35_00,62915,15,1925,1,26,caption_plus_2,24,23,0,vbi_ambiguous,111.304688,37.824837,1.109546,1.000000,0.250000,1.000000,2.500000,2.000000,3.000000,1,1,0,1,0
minute_35_00,62915,15,1925,1,27,caption_plus_3,24,23,0,vbi_ambiguous,111.532814,39.296734,1.084507,1.000000,0.250000,1.000000,2.500000,2.000000,3.000000,1,1,0,1,0
minute_35_00,62915,15,1925,2,286,line_286,-1,288,1,measured,43.068748,45.695133,1.726135,1.000000,0.250000,1.000000,2.500000,2.000000,3.000000,1,1,0,1,0
minute_35_00,62915,15,1925,2,287,line_287,-1,288,1,measured,21.250000,36.254181,2.348983,1.000000,0.250000,1.000000,2.500000,2.000000,3.000000,1,1,0,1,0
minute_35_00,62915,15,1925,2,288,line_288,-1,288,1,measured,118.425003,37.335732,1.223787,1.000000,0.250000,1.000000,2.500000,2.000000,3.000000,1,1,0,1,0
minute_35_00,62916,16,1926,1,25,caption_plus_1,24,23,0,vbi_ambiguous,78.742188,35.394882,1.206573,1.000000,0.250000,1.000000,2.500000,2.000000,3.000000,1,1,0,1,0
minute_35_00,62916,16,1926,1,26,caption_plus_2,24,23,0,vbi_ambiguous,106.268753,51.998466,1.148670,1.000000,0.250000,1.000000,2.500000,2.000000,3.000000,1,1,0,1,0
minute_35_00,62916,16,1926,1,27,caption_plus_3,24,23,0,vbi_ambiguous,96.039062,46.363846,1.111111,1.000000,0.250000,1.000000,2.500000,2.000000,3.000000,1,1,0,1,0
minute_35_00,62916,16,1926,2,286,line_286,-1,287,1,measured,42.434376,46.518932,1.769953,1.000000,0.250000,1.000000,2.500000,2.000000,3.000000,1,1,0,1,0
minute_35_00,62916,16,1926,2,287,line_287,-1,287,1,measured,59.639061,60.361225,5.755868,1.000000,0.250000,1.000000,2.500000,2.000000,3.000000,1,1,1,1,0
minute_35_00,62916,16,1926,2,288,line_288,-1,287,1,measured,106.601562,49.203651,1.464789,1.000000,0.250000,1.000000,2.500000,2.000000,3.000000,1,1,0,1,0
minute_35_00,62917,17,1927,1,25,caption_plus_1,24,26,1,measured,62.862499,32.382282,1.006260,1.000000,0.250000,1.000000,2.500000,2.000000,3.000000,1,1,0,1,0
minute_35_00,62917,17,1927,1,26,caption_plus_2,24,26,1,measured,77.970314,40.509731,0.959311,1.000000,0.250000,1.000000,2.500000,2.000000,3.000000,1,1,0,1,0
minute_35_00,62917,17,1927,1,27,caption_plus_3,24,26,1,measured,77.954689,37.837433,0.902973,1.000000,0.250000,1.000000,2.500000,2.000000,3.000000,1,1,0,1,0
minute_35_00,62917,17,1927,2,286,line_286,-1,287,1,measured,43.434376,46.078827,1.651017,1.000000,0.250000,1.000000,2.500000,2.000000,3.000000,1,1,0,1,0
minute_35_00,62917,17,1927,2,287,line_287,-1,287,1,measured,65.196877,61.472569,5.809077,1.000000,0.250000,1.000000,2.500000,2.000000,3.000000,1,1,1,1,0
minute_35_00,62917,17,1927,2,288,line_288,-1,287,1,measured,82.509377,38.953136,1.106416,1.000000,0.250000,1.000000,2.500000,2.000000,3.000000,1,1,0,1,0
minute_35_00,62918,18,1928,1,25,caption_plus_1,24,26,1,measured,47.460938,20.203072,1.048513,1.000000,0.250000,1.000000,2.500000,2.000000,3.000000,1,1,0,1,0
minute_35_00,62918,18,1928,1,26,caption_plus_2,24,26,1,measured,64.654686,19.757069,0.837246,1.000000,0.250000,1.000000,2.500000,2.000000,3.000000,1,1,0,1,0
minute_35_00,62918,18,1928,1,27,caption_plus_3,24,26,1,measured,59.487499,16.188244,0.793427,1.000000,0.250000,1.000000,2.500000,2.000000,3.000000,1,1,0,1,0
minute_35_00,62918,18,1928,2,286,line_286,-1,288,1,measured,41.789062,45.744781,1.730829,1.000000,0.250000,1.000000,2.500000,2.000000,3.000000,1,1,0,1,0
minute_35_00,62918,18,1928,2,287,line_287,-1,288,1,measured,21.006250,36.488525,2.339593,1.000000,0.250000,1.000000,2.500000,2.000000,3.000000,1,1,0,1,0
minute_35_00,62918,18,1928,2,288,line_288,-1,288,1,measured,70.976562,20.241613,0.996870,1.000000,0.250000,1.000000,2.500000,2.000000,3.000000,1,1,0,1,0
minute_35_00,62919,19,1929,1,25,caption_plus_1,24,24,0,vbi_ambiguous,50.018749,19.867992,1.000000,1.000000,0.250000,1.000000,2.500000,2.000000,3.000000,1,1,0,1,0
minute_35_00,62919,19,1929,1,26,caption_plus_2,24,24,0,vbi_ambiguous,56.885937,19.456066,0.893584,1.000000,0.250000,1.000000,2.500000,2.000000,3.000000,1,1,0,1,0
minute_35_00,62919,19,1929,1,27,caption_plus_3,24,24,0,vbi_ambiguous,59.418751,19.756636,0.838811,1.000000,0.250000,1.000000,2.500000,2.000000,3.000000,1,1,0,1,0
minute_35_00,62919,19,1929,2,286,line_286,-1,288,1,measured,41.981251,45.451450,1.668232,1.000000,0.250000,1.000000,2.500000,2.000000,3.000000,1,1,0,1,0
minute_35_00,62919,19,1929,2,287,line_287,-1,288,1,measured,24.728125,42.040878,3.062598,1.000000,0.250000,1.000000,2.500000,2.000000,3.000000,1,1,1,1,0
minute_35_00,62919,19,1929,2,288,line_288,-1,288,1,measured,67.454689,23.551296,0.978091,1.000000,0.250000,1.000000,2.500000,2.000000,3.000000,1,1,0,1,0
minute_35_00,62920,20,1930,1,25,caption_plus_1,24,26,1,measured,60.501564,15.806841,1.112676,1.000000,0.250000,1.000000,2.500000,2.000000,3.000000,1,1,0,1,0
minute_35_00,62920,20,1930,1,26,caption_plus_2,24,26,1,measured,75.300003,18.751600,0.791862,1.000000,0.250000,1.000000,2.500000,2.000000,3.000000,1,1,0,1,0
minute_35_00,62920,20,1930,1,27,caption_plus_3,24,26,1,measured,71.264061,14.791275,0.796557,1.000000,0.250000,1.000000,2.500000,2.000000,3.000000,1,1,0,1,0
minute_35_00,62920,20,1930,2,286,line_286,-1,288,1,measured,42.979687,46.347206,1.749609,1.000000,0.250000,1.000000,2.500000,2.000000,3.000000,1,1,0,1,0
minute_35_00,62920,20,1930,2,287,line_287,-1,288,1,measured,26.281250,43.276752,2.615023,1.000000,0.250000,1.000000,2.500000,2.000000,3.000000,1,1,0,1,0
minute_35_00,62920,20,1930,2,288,line_288,-1,288,1,measured,82.504684,20.013199,0.935837,1.000000,0.250000,1.000000,2.500000,2.000000,3.000000,1,1,0,1,0
minute_35_00,62921,21,1931,1,25,caption_plus_1,24,26,1,measured,56.218750,16.269478,1.054773,1.000000,0.250000,1.000000,2.500000,2.000000,3.000000,1,1,0,1,0
minute_35_00,62921,21,1931,1,26,caption_plus_2,24,26,1,measured,68.148438,17.915903,0.810642,1.000000,0.250000,1.000000,2.500000,2.000000,3.000000,1,1,0,1,0
minute_35_00,62921,21,1931,1,27,caption_plus_3,24,26,1,measured,69.048439,16.168522,0.832551,1.000000,0.250000,1.000000,2.500000,2.000000,3.000000,1,1,0,1,0
minute_35_00,62921,21,1931,2,286,line_286,-1,288,1,measured,41.642189,46.054543,1.765258,1.000000,0.250000,1.000000,2.500000,2.000000,3.000000,1,1,0,1,0
minute_35_00,62921,21,1931,2,287,line_287,-1,288,1,measured,25.495312,43.199680,2.316119,1.000000,0.250000,1.000000,2.500000,2.000000,3.000000,1,1,0,1,0
minute_35_00,62921,21,1931,2,288,line_288,-1,288,1,measured,76.256248,20.937706,0.956182,1.000000,0.250000,1.000000,2.500000,2.000000,3.000000,1,1,0,1,0
minute_35_00,62922,22,1932,1,24,caption_plus_1,23,25,1,measured,55.917187,15.945053,1.032864,1.000000,0.250000,1.000000,2.500000,2.000000,3.000000,1,1,0,1,0
minute_35_00,62922,22,1932,1,25,caption_plus_2,23,25,1,measured,69.440628,18.438570,0.832551,1.000000,0.250000,1.000000,2.500000,2.000000,3.000000,1,1,0,1,0
minute_35_00,62922,22,1932,1,26,caption_plus_3,23,25,1,measured,65.539062,14.389396,0.804382,1.000000,0.250000,1.000000,2.500000,2.000000,3.000000,1,1,0,1,0
minute_35_00,62922,22,1932,2,286,line_286,-1,288,1,measured,43.029686,45.305431,1.708920,1.000000,0.250000,1.000000,2.500000,2.000000,3.000000,1,1,0,1,0
minute_35_00,62922,22,1932,2,287,line_287,-1,288,1,measured,22.006250,38.221436,2.497653,1.000000,0.250000,1.000000,2.500000,2.000000,3.000000,1,1,0,1,0
minute_35_00,62922,22,1932,2,288,line_288,-1,288,1,measured,76.449997,18.974094,0.926448,1.000000,0.250000,1.000000,2.500000,2.000000,3.000000,1,1,0,1,0
minute_35_00,62923,23,1933,1,25,caption_plus_1,24,23,0,vbi_ambiguous,48.539062,10.046534,0.924883,1.000000,0.250000,1.000000,2.500000,2.000000,3.000000,1,1,0,1,0
minute_35_00,62923,23,1933,1,26,caption_plus_2,24,23,0,vbi_ambiguous,56.904686,8.758852,0.862285,1.000000,0.250000,1.000000,2.500000,2.000000,3.000000,1,1,0,1,0
minute_35_00,62923,23,1933,1,27,caption_plus_3,24,23,0,vbi_ambiguous,58.628124,7.058184,0.856025,1.000000,0.250000,1.000000,2.500000,2.000000,3.000000,1,1,0,1,0
minute_35_00,62923,23,1933,2,286,line_286,-1,288,1,measured,42.060936,46.051746,1.661972,1.000000,0.250000,1.000000,2.500000,2.000000,3.000000,1,1,0,1,0
minute_35_00,62923,23,1933,2,287,line_287,-1,288,1,measured,25.903126,43.882870,3.131455,1.000000,0.250000,1.000000,2.500000,2.000000,3.000000,1,1,1,1,0
minute_35_00,62923,23,1933,2,288,line_288,-1,288,1,measured,65.875000,13.344591,1.039124,1.000000,0.250000,1.000000,2.500000,2.000000,3.000000,1,1,0,1,0
minute_35_00,62924,24,1934,1,24,caption_plus_1,23,25,1,measured,42.887501,9.234945,1.026604,1.000000,0.250000,1.000000,2.500000,2.000000,3.000000,1,1,0,1,0
minute_35_00,62924,24,1934,1,25,caption_plus_2,23,25,1,measured,53.101562,7.161791,0.832551,1.000000,0.250000,1.000000,2.500000,2.000000,3.000000,1,1,0,1,0
minute_35_00,62924,24,1934,1,26,caption_plus_3,23,25,1,measured,51.845314,4.927868,0.755869,1.000000,0.250000,1.000000,2.500000,2.000000,3.000000,1,1,0,1,0
minute_35_00,62924,24,1934,2,286,line_286,-1,288,1,measured,41.759377,46.381821,1.743349,1.000000,0.250000,1.000000,2.500000,2.000000,3.000000,1,1,0,1,0
minute_35_00,62924,24,1934,2,287,line_287,-1,288,1,measured,25.648438,42.707253,3.007825,1.000000,0.250000,1.000000,2.500000,2.000000,3.000000,1,1,1,1,0
minute_35_00,62924,24,1934,2,288,line_288,-1,288,1,measured,60.137501,10.244503,0.935837,1.000000,0.250000,1.000000,2.500000,2.000000,3.000000,1,1,0,1,0
minute_35_00,62925,25,1935,1,24,caption_plus_1,23,23,0,vbi_ambiguous,39.795311,7.598539,0.868545,1.000000,0.250000,1.000000,2.500000,2.000000,3.000000,1,1,0,1,0
minute_35_00,62925,25,1935,1,25,caption_plus_2,23,23,0,vbi_ambiguous,47.385937,5.728993,0.776213,1.000000,0.250000,1.000000,2.500000,2.000000,3.000000,1,1,0,1,0
minute_35_00,62925,25,1935,1,26,caption_plus_3,23,23,0,vbi_ambiguous,48.604687,4.556072,0.799687,1.000000,0.250000,1.000000,2.500000,2.000000,3.000000,1,1,0,1,0
minute_35_00,62925,25,1935,2,286,line_286,-1,288,1,measured,42.593750,45.689480,1.715180,1.000000,0.250000,1.000000,2.500000,2.000000,3.000000,1,1,0,1,0
minute_35_00,62925,25,1935,2,287,line_287,-1,288,1,measured,26.735937,42.442909,2.741784,1.000000,0.250000,1.000000,2.500000,2.000000,3.000000,1,1,0,1,0
minute_35_00,62925,25,1935,2,288,line_288,-1,288,1,measured,55.596874,10.205390,0.982786,1.000000,0.250000,1.000000,2.500000,2.000000,3.000000,1,1,0,1,0
minute_35_00,62926,26,1936,1,24,caption_plus_1,23,23,0,vbi_ambiguous,37.510937,7.064427,0.943662,1.000000,0.250000,1.000000,2.500000,2.000000,3.000000,1,1,0,1,0
minute_35_00,62926,26,1936,1,25,caption_plus_2,23,23,0,vbi_ambiguous,44.648438,6.176050,0.801252,1.000000,0.250000,1.000000,2.500000,2.000000,3.000000,1,1,0,1,0
minute_35_00,62926,26,1936,1,26,caption_plus_3,23,23,0,vbi_ambiguous,45.046875,4.967173,0.768388,1.000000,0.250000,1.000000,2.500000,2.000000,3.000000,1,1,0,1,0
minute_35_00,62926,26,1936,2,286,line_286,-1,288,1,measured,42.481251,45.409489,1.646322,1.000000,0.250000,1.000000,2.500000,2.000000,3.000000,1,1,0,1,0
minute_35_00,62926,26,1936,2,287,line_287,-1,288,1,measured,26.914062,43.500618,2.632238,1.000000,0.250000,1.000000,2.500000,2.000000,3.000000,1,1,0,1,0
minute_35_00,62926,26,1936,2,288,line_288,-1,288,1,measured,51.901562,9.129862,0.882629,1.000000,0.250000,1.000000,2.500000,2.000000,3.000000,1,1,0,1,0
minute_35_00,62927,27,1937,1,25,caption_plus_1,24,23,0,vbi_ambiguous,35.568748,7.095220,0.876369,1.000000,0.250000,1.000000,2.500000,2.000000,3.000000,1,1,0,1,0
minute_35_00,62927,27,1937,1,26,caption_plus_2,24,23,0,vbi_ambiguous,41.095314,5.819040,0.823161,1.000000,0.250000,1.000000,2.500000,2.000000,3.000000,1,1,0,1,0
minute_35_00,62927,27,1937,1,27,caption_plus_3,24,23,0,vbi_ambiguous,41.614063,5.287910,0.820031,1.000000,0.250000,1.000000,2.500000,2.000000,3.000000,1,1,0,1,0
minute_35_00,62927,27,1937,2,286,line_286,-1,288,1,measured,41.485939,45.550385,1.676056,1.000000,0.250000,1.000000,2.500000,2.000000,3.000000,1,1,0,1,0
minute_35_00,62927,27,1937,2,287,line_287,-1,288,1,measured,25.760937,42.561028,2.796557,1.000000,0.250000,1.000000,2.500000,2.000000,3.000000,1,1,0,1,0
minute_35_00,62927,27,1937,2,288,line_288,-1,288,1,measured,48.129688,9.100158,0.857590,1.000000,0.250000,1.000000,2.500000,2.000000,3.000000,1,1,0,1,0
minute_35_00,62928,28,1938,1,24,caption_plus_1,23,23,0,vbi_ambiguous,32.881248,5.794256,0.924883,1.000000,0.250000,1.000000,2.500000,2.000000,3.000000,1,1,0,1,0
minute_35_00,62928,28,1938,1,25,caption_plus_2,23,23,0,vbi_ambiguous,39.714062,5.038395,0.777778,1.000000,0.250000,1.000000,2.500000,2.000000,3.000000,1,1,0,1,0
minute_35_00,62928,28,1938,1,26,caption_plus_3,23,23,0,vbi_ambiguous,38.812500,4.077281,0.835681,1.000000,0.250000,1.000000,2.500000,2.000000,3.000000,1,1,0,1,0
minute_35_00,62928,28,1938,2,286,line_286,-1,288,1,measured,42.349998,45.868282,1.708920,1.000000,0.250000,1.000000,2.500000,2.000000,3.000000,1,1,0,1,0
minute_35_00,62928,28,1938,2,287,line_287,-1,288,1,measured,25.995312,43.144760,2.319249,1.000000,0.250000,1.000000,2.500000,2.000000,3.000000,1,1,0,1,0
minute_35_00,62928,28,1938,2,288,line_288,-1,288,1,measured,44.657814,7.397219,0.917058,1.000000,0.250000,1.000000,2.500000,2.000000,3.000000,1,1,0,1,0
minute_35_00,62929,29,1939,1,24,caption_plus_1,23,23,0,vbi_ambiguous,31.196875,5.120302,0.901408,1.000000,0.250000,1.000000,2.500000,2.000000,3.000000,1,1,0,1,0
minute_35_00,62929,29,1939,1,25,caption_plus_2,23,23,0,vbi_ambiguous,34.882812,3.725799,0.827856,1.000000,0.250000,1.000000,2.500000,2.000000,3.000000,1,1,0,1,0
minute_35_00,62929,29,1939,1,26,caption_plus_3,23,23,0,vbi_ambiguous,35.724998,2.777589,0.812207,1.000000,0.250000,1.000000,2.500000,2.000000,3.000000,1,1,0,1,0
minute_35_00,62929,29,1939,2,286,line_286,-1,286,1,measured,41.496876,45.369045,1.718310,1.000000,0.250000,1.000000,2.500000,2.000000,3.000000,1,1,0,1,0
minute_35_00,62929,29,1939,2,287,line_287,-1,286,1,measured,30.690624,46.995155,2.575900,1.000000,0.250000,1.000000,2.500000,2.000000,3.000000,1,1,0,1,0
minute_35_00,62929,29,1939,2,288,line_288,-1,286,1,measured,40.450001,5.986495,0.782473,1.000000,0.250000,1.000000,2.500000,2.000000,3.000000,1,1,0,1,0
minute_35_00,62930,30,1940,1,25,caption_plus_1,24,23,0,vbi_ambiguous,28.707813,4.118245,0.865415,1.000000,0.250000,1.000000,2.500000,2.000000,3.000000,1,1,0,1,0
minute_35_00,62930,30,1940,1,26,caption_plus_2,24,23,0,vbi_ambiguous,33.470314,2.788211,0.809077,1.000000,0.250000,1.000000,2.500000,2.000000,3.000000,1,1,0,1,0
minute_35_00,62930,30,1940,1,27,caption_plus_3,24,23,0,vbi_ambiguous,34.128124,1.954759,0.802817,1.000000,0.250000,1.000000,2.500000,2.000000,3.000000,1,0,0,1,0
minute_35_00,62930,30,1940,2,286,line_286,-1,288,1,measured,41.848438,45.131481,1.676056,1.000000,0.250000,1.000000,2.500000,2.000000,3.000000,1,1,0,1,0
minute_35_00,62930,30,1940,2,287,line_287,-1,288,1,measured,21.279688,36.352379,2.406886,1.000000,0.250000,1.000000,2.500000,2.000000,3.000000,1,1,0,1,0
minute_35_00,62930,30,1940,2,288,line_288,-1,288,1,measured,38.565624,4.576988,0.902973,1.000000,0.250000,1.000000,2.500000,2.000000,3.000000,1,1,0,1,0
minute_35_00,62931,31,1941,1,24,caption_plus_1,23,23,0,vbi_ambiguous,28.131250,4.125942,0.892019,1.000000,0.250000,1.000000,2.500000,2.000000,3.000000,1,1,0,1,0
minute_35_00,62931,31,1941,1,25,caption_plus_2,23,23,0,vbi_ambiguous,31.325001,2.644688,0.784038,1.000000,0.250000,1.000000,2.500000,2.000000,3.000000,1,1,0,1,0
minute_35_00,62931,31,1941,1,26,caption_plus_3,23,23,0,vbi_ambiguous,32.099998,1.590794,0.755869,1.000000,0.250000,1.000000,2.500000,2.000000,3.000000,1,0,0,1,0
minute_35_00,62931,31,1941,2,286,line_286,-1,288,1,measured,41.720314,44.727665,1.691706,1.000000,0.250000,1.000000,2.500000,2.000000,3.000000,1,1,0,1,0
minute_35_00,62931,31,1941,2,287,line_287,-1,288,1,measured,26.054688,42.404877,3.076682,1.000000,0.250000,1.000000,2.500000,2.000000,3.000000,1,1,1,1,0
minute_35_00,62931,31,1941,2,288,line_288,-1,288,1,measured,35.635937,5.047303,0.851330,1.000000,0.250000,1.000000,2.500000,2.000000,3.000000,1,1,0,1,0
minute_35_00,62932,32,1942,1,24,caption_plus_1,23,23,0,vbi_ambiguous,28.376562,4.171377,0.837246,1.000000,0.250000,1.000000,2.500000,2.000000,3.000000,1,1,0,1,0
minute_35_00,62932,32,1942,1,25,caption_plus_2,23,23,0,vbi_ambiguous,32.250000,2.635693,0.773083,1.000000,0.250000,1.000000,2.500000,2.000000,3.000000,1,1,0,1,0
minute_35_00,62932,32,1942,1,26,caption_plus_3,23,23,0,vbi_ambiguous,32.203125,1.737272,0.787167,1.000000,0.250000,1.000000,2.500000,2.000000,3.000000,1,0,0,1,0
minute_35_00,62932,32,1942,2,286,line_286,-1,288,1,measured,42.331249,45.174000,1.685446,1.000000,0.250000,1.000000,2.500000,2.000000,3.000000,1,1,0,1,0
minute_35_00,62932,32,1942,2,287,line_287,-1,288,1,measured,26.468750,42.885300,3.179969,1.000000,0.250000,1.000000,2.500000,2.000000,3.000000,1,1,1,1,0
minute_35_00,62932,32,1942,2,288,line_288,-1,288,1,measured,35.165627,4.547397,0.798122,1.000000,0.250000,1.000000,2.500000,2.000000,3.000000,1,1,0,1,0
minute_35_00,62933,33,1943,1,24,caption_plus_1,23,23,0,vbi_ambiguous,29.123438,6.942538,0.913928,1.000000,0.250000,1.000000,2.500000,2.000000,3.000000,1,1,0,1,0
minute_35_00,62933,33,1943,1,25,caption_plus_2,23,23,0,vbi_ambiguous,32.075001,4.607467,0.829421,1.000000,0.250000,1.000000,2.500000,2.000000,3.000000,1,1,0,1,0
minute_35_00,62933,33,1943,1,26,caption_plus_3,23,23,0,vbi_ambiguous,32.653126,3.835075,0.807512,1.000000,0.250000,1.000000,2.500000,2.000000,3.000000,1,1,0,1,0
minute_35_00,62933,33,1943,2,286,line_286,-1,288,1,measured,42.465626,44.789181,1.735524,1.000000,0.250000,1.000000,2.500000,2.000000,3.000000,1,1,0,1,0
minute_35_00,62933,33,1943,2,287,line_287,-1,288,1,measured,26.910938,43.280300,2.943662,1.000000,0.250000,1.000000,2.500000,2.000000,3.000000,1,1,0,1,0
minute_35_00,62933,33,1943,2,288,line_288,-1,288,1,measured,36.337502,7.714141,0.843506,1.000000,0.250000,1.000000,2.500000,2.000000,3.000000,1,1,0,1,0
minute_35_00,62934,34,1944,1,24,caption_plus_1,23,23,0,vbi_ambiguous,28.407812,7.922136,0.912363,1.000000,0.250000,1.000000,2.500000,2.000000,3.000000,1,1,0,1,0
minute_35_00,62934,34,1944,1,25,caption_plus_2,23,23,0,vbi_ambiguous,32.871876,7.486602,0.885759,1.000000,0.250000,1.000000,2.500000,2.000000,3.000000,1,1,0,1,0
minute_35_00,62934,34,1944,1,26,caption_plus_3,23,23,0,vbi_ambiguous,33.048439,6.547125,0.821596,1.000000,0.250000,1.000000,2.500000,2.000000,3.000000,1,1,0,1,0
minute_35_00,62934,34,1944,2,286,line_286,-1,286,1,measured,42.631248,44.222961,1.622848,1.000000,0.250000,1.000000,2.500000,2.000000,3.000000,1,1,0,1,0
minute_35_00,62934,34,1944,2,287,line_287,-1,286,1,measured,63.601562,60.107525,7.226917,1.000000,0.250000,1.000000,2.500000,2.000000,3.000000,1,1,1,1,0
minute_35_00,62934,34,1944,2,288,line_288,-1,286,1,measured,31.964062,7.674855,0.932707,1.000000,0.250000,1.000000,2.500000,2.000000,3.000000,1,1,0,1,0
minute_35_00,62935,35,1945,1,25,caption_plus_1,24,23,0,vbi_ambiguous,30.578125,10.897541,0.970266,1.000000,0.250000,1.000000,2.500000,2.000000,3.000000,1,1,0,1,0
minute_35_00,62935,35,1945,1,26,caption_plus_2,24,23,0,vbi_ambiguous,35.049999,11.512928,0.888889,1.000000,0.250000,1.000000,2.500000,2.000000,3.000000,1,1,0,1,0
minute_35_00,62935,35,1945,1,27,caption_plus_3,24,23,0,vbi_ambiguous,36.950001,13.263225,0.810642,1.000000,0.250000,1.000000,2.500000,2.000000,3.000000,1,1,0,1,0
minute_35_00,62935,35,1945,2,286,line_286,-1,286,1,measured,41.401562,44.066208,1.697966,1.000000,0.250000,1.000000,2.500000,2.000000,3.000000,1,1,0,1,0
minute_35_00,62935,35,1945,2,287,line_287,-1,286,1,measured,67.351562,58.473976,7.251956,1.000000,0.250000,1.000000,2.500000,2.000000,3.000000,1,1,1,1,0
minute_35_00,62935,35,1945,2,288,line_288,-1,286,1,measured,35.182812,13.966680,1.084507,1.000000,0.250000,1.000000,2.500000,2.000000,3.000000,1,1,0,1,0
minute_35_00,62936,36,1946,1,25,caption_plus_1,24,23,0,vbi_ambiguous,36.246876,16.400791,0.993740,1.000000,0.250000,1.000000,2.500000,2.000000,3.000000,1,1,0,1,0
minute_35_00,62936,36,1946,1,26,caption_plus_2,24,23,0,vbi_ambiguous,42.634377,20.837858,0.898279,1.000000,0.250000,1.000000,2.500000,2.000000,3.000000,1,1,0,1,0
minute_35_00,62936,36,1946,1,27,caption_plus_3,24,23,0,vbi_ambiguous,42.451561,19.573280,0.881064,1.000000,0.250000,1.000000,2.500000,2.000000,3.000000,1,1,0,1,0
minute_35_00,62936,36,1946,2,286,line_286,-1,286,1,measured,42.464062,44.313606,1.647887,1.000000,0.250000,1.000000,2.500000,2.000000,3.000000,1,1,0,1,0
minute_35_00,62936,36,1946,2,287,line_287,-1,286,1,measured,67.745316,59.432228,7.500782,1.000000,0.250000,1.000000,2.500000,2.000000,3.000000,1,1,1,1,0
minute_35_00,62936,36,1946,2,288,line_288,-1,286,1,measured,43.471874,21.166952,1.143975,1.000000,0.250000,1.000000,2.500000,2.000000,3.000000,1,1,0,1,0
minute_35_00,62937,37,1947,1,25,caption_plus_1,24,23,0,vbi_ambiguous,38.754688,17.629276,0.998435,1.000000,0.250000,1.000000,2.500000,2.000000,3.000000,1,1,0,1,0
minute_35_00,62937,37,1947,1,26,caption_plus_2,24,23,0,vbi_ambiguous,44.790627,20.944567,0.937402,1.000000,0.250000,1.000000,2.500000,2.000000,3.000000,1,1,0,1,0
minute_35_00,62937,37,1947,1,27,caption_plus_3,24,23,0,vbi_ambiguous,45.381248,20.305824,0.956182,1.000000,0.250000,1.000000,2.500000,2.000000,3.000000,1,1,0,1,0
minute_35_00,62937,37,1947,2,286,line_286,-1,286,1,measured,41.328125,44.572784,1.657277,1.000000,0.250000,1.000000,2.500000,2.000000,3.000000,1,1,0,1,0
minute_35_00,62937,37,1947,2,287,line_287,-1,286,1,measured,71.931252,59.688160,6.788733,1.000000,0.250000,1.000000,2.500000,2.000000,3.000000,1,1,1,1,0
minute_35_00,62937,37,1947,2,288,line_288,-1,286,1,measured,43.918751,21.987417,1.309859,1.000000,0.250000,1.000000,2.500000,2.000000,3.000000,1,1,0,1,0
minute_35_00,62938,38,1948,1,25,caption_plus_1,24,26,1,measured,37.865623,16.942293,0.987480,1.000000,0.250000,1.000000,2.500000,2.000000,3.000000,1,1,0,1,0
minute_35_00,62938,38,1948,1,26,caption_plus_2,24,26,1,measured,46.685936,21.790977,0.976526,1.000000,0.250000,1.000000,2.500000,2.000000,3.000000,1,1,0,1,0
minute_35_00,62938,38,1948,1,27,caption_plus_3,24,26,1,measured,47.565624,17.342381,0.929577,1.000000,0.250000,1.000000,2.500000,2.000000,3.000000,1,1,0,1,0
minute_35_00,62938,38,1948,2,286,line_286,-1,286,1,measured,41.003124,44.249611,1.629108,1.000000,0.250000,1.000000,2.500000,2.000000,3.000000,1,1,0,1,0
minute_35_00,62938,38,1948,2,287,line_287,-1,286,1,measured,60.414062,58.706249,6.133020,1.000000,0.250000,1.000000,2.500000,2.000000,3.000000,1,1,1,1,0
minute_35_00,62938,38,1948,2,288,line_288,-1,286,1,measured,46.773438,22.273727,1.333333,1.000000,0.250000,1.000000,2.500000,2.000000,3.000000,1,1,0,1,0
minute_35_00,62939,39,1949,1,25,caption_plus_1,24,26,1,measured,43.273438,14.127829,1.302034,1.000000,0.250000,1.000000,2.500000,2.000000,3.000000,1,1,0,1,0
minute_35_00,62939,39,1949,1,26,caption_plus_2,24,26,1,measured,53.478127,16.531584,1.262911,1.000000,0.250000,1.000000,2.500000,2.000000,3.000000,1,1,0,1,0
minute_35_00,62939,39,1949,1,27,caption_plus_3,24,26,1,measured,59.643749,20.030397,1.530516,1.000000,0.250000,1.000000,2.500000,2.000000,3.000000,1,1,0,1,0
minute_35_00,62939,39,1949,2,286,line_286,-1,287,1,measured,41.940624,43.324314,1.632238,1.000000,0.250000,1.000000,2.500000,2.000000,3.000000,1,1,0,1,0
minute_35_00,62939,39,1949,2,287,line_287,-1,287,1,measured,62.243752,59.980129,6.114241,1.000000,0.250000,1.000000,2.500000,2.000000,3.000000,1,1,1,1,0
minute_35_00,62939,39,1949,2,288,line_288,-1,287,1,measured,59.328125,21.703869,2.042253,1.000000,0.250000,1.000000,2.500000,2.000000,3.000000,1,1,0,1,0
minute_35_00,62940,40,1950,1,25,caption_plus_1,24,26,1,measured,51.793751,19.488008,1.622848,1.000000,0.250000,1.000000,2.500000,2.000000,3.000000,1,1,0,1,0
minute_35_00,62940,40,1950,1,26,caption_plus_2,24,26,1,measured,69.298439,29.118132,2.142410,1.000000,0.250000,1.000000,2.500000,2.000000,3.000000,1,1,0,1,0
minute_35_00,62940,40,1950,1,27,caption_plus_3,24,26,1,measured,70.156250,32.900665,2.009390,1.000000,0.250000,1.000000,2.500000,2.000000,3.000000,1,1,0,1,0
minute_35_00,62940,40,1950,2,286,line_286,-1,288,1,measured,42.245312,45.247486,1.777778,1.000000,0.250000,1.000000,2.500000,2.000000,3.000000,1,1,0,1,0
minute_35_00,62940,40,1950,2,287,line_287,-1,288,1,measured,26.609375,41.519543,2.818466,1.000000,0.250000,1.000000,2.500000,2.000000,3.000000,1,1,0,1,0
minute_35_00,62940,40,1950,2,288,line_288,-1,288,1,measured,74.729691,29.198092,2.433490,1.000000,0.250000,1.000000,2.500000,2.000000,3.000000,1,1,0,1,0
minute_35_00,62941,41,1951,1,24,caption_plus_1,23,25,1,measured,58.495312,27.305506,1.834116,1.000000,0.250000,1.000000,2.500000,2.000000,3.000000,1,1,0,1,0
minute_35_00,62941,41,1951,1,25,caption_plus_2,23,25,1,measured,75.431252,38.982227,2.197183,1.000000,0.250000,1.000000,2.500000,2.000000,3.000000,1,1,0,1,0
minute_35_00,62941,41,1951,1,26,caption_plus_3,23,25,1,measured,82.039062,44.866119,2.148670,1.000000,0.250000,1.000000,2.500000,2.000000,3.000000,1,1,0,1,0
minute_35_00,62941,41,1951,2,286,line_286,-1,288,1,measured,40.342186,43.969841,1.682316,1.000000,0.250000,1.000000,2.500000,2.000000,3.000000,1,1,0,1,0
minute_35_00,62941,41,1951,2,287,line_287,-1,288,1,measured,28.200001,45.093105,2.956182,1.000000,0.250000,1.000000,2.500000,2.000000,3.000000,1,1,0,1,0
minute_35_00,62941,41,1951,2,288,line_288,-1,288,1,measured,82.657814,40.876949,2.197183,1.000000,0.250000,1.000000,2.500000,2.000000,3.000000,1,1,0,1,0
minute_35_00,62942,42,1952,1,24,caption_plus_1,23,25,1,measured,71.270309,30.845133,1.967136,1.000000,0.250000,1.000000,2.500000,2.000000,3.000000,1,1,0,1,0
minute_35_00,62942,42,1952,1,25,caption_plus_2,23,25,1,measured,97.879684,50.086079,2.544601,1.000000,0.250000,1.000000,2.500000,2.000000,3.000000,1,1,0,1,0
minute_35_00,62942,42,1952,1,26,caption_plus_3,23,25,1,measured,94.179688,47.123047,2.208138,1.000000,0.250000,1.000000,2.500000,2.000000,3.000000,1,1,0,1,0
minute_35_00,62942,42,1952,2,286,line_286,-1,288,1,measured,40.314064,43.585976,1.629108,1.000000,0.250000,1.000000,2.500000,2.000000,3.000000,1,1,0,1,0
minute_35_00,62942,42,1952,2,287,line_287,-1,288,1,measured,25.549999,41.133934,2.339593,1.000000,0.250000,1.000000,2.500000,2.000000,3.000000,1,1,0,1,0
minute_35_00,62942,42,1952,2,288,line_288,-1,288,1,measured,99.598434,45.870228,2.328639,1.000000,0.250000,1.000000,2.500000,2.000000,3.000000,1,1,0,1,0
minute_35_00,62943,43,1953,1,25,caption_plus_1,24,26,1,measured,74.868752,33.360695,1.998435,1.000000,0.250000,1.000000,2.500000,2.000000,3.000000,1,1,0,1,0
minute_35_00,62943,43,1953,1,26,caption_plus_2,24,26,1,measured,98.140625,48.809917,2.439750,1.000000,0.250000,1.000000,2.500000,2.000000,3.000000,1,1,0,1,0
minute_35_00,62943,43,1953,1,27,caption_plus_3,24,26,1,measured,104.410934,52.934464,2.312989,1.000000,0.250000,1.000000,2.500000,2.000000,3.000000,1,1,0,1,0
minute_35_00,62943,43,1953,2,286,line_286,-1,288,1,measured,39.729687,43.509880,1.679186,1.000000,0.250000,1.000000,2.500000,2.000000,3.000000,1,1,0,1,0
minute_35_00,62943,43,1953,2,287,line_287,-1,288,1,measured,29.035938,44.770775,2.896714,1.000000,0.250000,1.000000,2.500000,2.000000,3.000000,1,1,0,1,0
minute_35_00,62943,43,1953,2,288,line_288,-1,288,1,measured,105.476562,48.816452,2.532081,1.000000,0.250000,1.000000,2.500000,2.000000,3.000000,1,1,0,1,0
minute_35_00,62944,44,1954,1,25,caption_plus_1,24,26,1,measured,82.028122,37.172604,2.004695,1.000000,0.250000,1.000000,2.500000,2.000000,3.000000,1,1,0,1,0
minute_35_00,62944,44,1954,1,26,caption_plus_2,24,26,1,measured,114.928123,60.368668,2.899843,1.000000,0.250000,1.000000,2.500000,2.000000,3.000000,1,1,0,1,0
minute_35_00,62944,44,1954,1,27,caption_plus_3,24,26,1,measured,109.493752,58.917130,2.693271,1.000000,0.250000,1.000000,2.500000,2.000000,3.000000,1,1,0,1,0
minute_35_00,62944,44,1954,2,286,line_286,-1,288,1,measured,41.792187,43.470379,1.654147,1.000000,0.250000,1.000000,2.500000,2.000000,3.000000,1,1,0,1,0
minute_35_00,62944,44,1954,2,287,line_287,-1,288,1,measured,20.401562,35.488331,2.295775,1.000000,0.250000,1.000000,2.500000,2.000000,3.000000,1,1,0,1,0
minute_35_00,62944,44,1954,2,288,line_288,-1,288,1,measured,115.590622,55.617455,2.389671,1.000000,0.250000,1.000000,2.500000,2.000000,3.000000,1,1,0,1,0
minute_35_00,62945,45,1955,1,25,caption_plus_1,24,23,0,vbi_ambiguous,84.490623,39.764149,2.081377,1.000000,0.250000,1.000000,2.500000,2.000000,3.000000,1,1,0,1,0
minute_35_00,62945,45,1955,1,26,caption_plus_2,24,23,0,vbi_ambiguous,110.484375,58.435432,2.569640,1.000000,0.250000,1.000000,2.500000,2.000000,3.000000,1,1,0,1,0
minute_35_00,62945,45,1955,1,27,caption_plus_3,24,23,0,vbi_ambiguous,115.382812,57.348267,2.630673,1.000000,0.250000,1.000000,2.500000,2.000000,3.000000,1,1,0,1,0
minute_35_00,62945,45,1955,2,286,line_286,-1,288,1,measured,41.121876,43.575844,1.718310,1.000000,0.250000,1.000000,2.500000,2.000000,3.000000,1,1,0,1,0
minute_35_00,62945,45,1955,2,287,line_287,-1,288,1,measured,19.998438,36.675713,2.420970,1.000000,0.250000,1.000000,2.500000,2.000000,3.000000,1,1,0,1,0
minute_35_00,62945,45,1955,2,288,line_288,-1,288,1,measured,117.921875,56.190998,2.694836,1.000000,0.250000,1.000000,2.500000,2.000000,3.000000,1,1,0,1,0
minute_35_00,62946,46,1956,1,25,caption_plus_1,24,23,0,vbi_ambiguous,89.010941,40.045773,2.345853,1.000000,0.250000,1.000000,2.500000,2.000000,3.000000,1,1,0,1,0
minute_35_00,62946,46,1956,1,26,caption_plus_2,24,23,0,vbi_ambiguous,127.651566,59.548634,3.225352,1.000000,0.250000,1.000000,2.500000,2.000000,3.000000,1,1,1,1,0
minute_35_00,62946,46,1956,1,27,caption_plus_3,24,23,0,vbi_ambiguous,126.145309,55.525887,3.086072,1.000000,0.250000,1.000000,2.500000,2.000000,3.000000,1,1,1,1,0
minute_35_00,62946,46,1956,2,286,line_286,-1,287,1,measured,41.615623,43.628357,1.652582,1.000000,0.250000,1.000000,2.500000,2.000000,3.000000,1,1,0,1,0
minute_35_00,62946,46,1956,2,287,line_287,-1,287,1,measured,62.818748,59.658207,6.029734,1.000000,0.250000,1.000000,2.500000,2.000000,3.000000,1,1,1,1,0
minute_35_00,62946,46,1956,2,288,line_288,-1,287,1,measured,127.737503,56.731522,3.259781,1.000000,0.250000,1.000000,2.500000,2.000000,3.000000,1,1,1,1,0
minute_35_00,62947,47,1957,1,25,caption_plus_1,24,26,1,measured,97.175003,36.383209,2.527386,1.000000,0.250000,1.000000,2.500000,2.000000,3.000000,1,1,0,1,0
minute_35_00,62947,47,1957,1,26,caption_plus_2,24,26,1,measured,128.270309,56.012947,3.142410,1.000000,0.250000,1.000000,2.500000,2.000000,3.000000,1,1,1,1,0
minute_35_00,62947,47,1957,1,27,caption_plus_3,24,26,1,measured,130.956253,57.049496,2.915493,1.000000,0.250000,1.000000,2.500000,2.000000,3.000000,1,1,0,1,0
minute_35_00,62947,47,1957,2,286,line_286,-1,287,1,measured,40.981251,44.061211,1.676056,1.000000,0.250000,1.000000,2.500000,2.000000,3.000000,1,1,0,1,0
minute_35_00,62947,47,1957,2,287,line_287,-1,287,1,measured,62.314064,58.680382,6.040689,1.000000,0.250000,1.000000,2.500000,2.000000,3.000000,1,1,1,1,0
minute_35_00,62947,47,1957,2,288,line_288,-1,287,1,measured,133.600006,57.954475,3.330204,1.000000,0.250000,1.000000,2.500000,2.000000,3.000000,1,1,1,1,0
minute_35_00,62948,48,1958,1,25,caption_plus_1,24,26,1,measured,96.501564,38.132214,2.359937,1.000000,0.250000,1.000000,2.500000,2.000000,3.000000,1,1,0,1,0
minute_35_00,62948,48,1958,1,26,caption_plus_2,24,26,1,measured,135.939056,61.179276,3.447574,1.000000,0.250000,1.000000,2.500000,2.000000,3.000000,1,1,1,1,0
minute_35_00,62948,48,1958,1,27,caption_plus_3,24,26,1,measured,127.340622,55.963211,3.115806,1.000000,0.250000,1.000000,2.500000,2.000000,3.000000,1,1,1,1,0
minute_35_00,62948,48,1958,2,286,line_286,-1,288,1,measured,41.424999,44.002560,1.679186,1.000000,0.250000,1.000000,2.500000,2.000000,3.000000,1,1,0,1,0
minute_35_00,62948,48,1958,2,287,line_287,-1,288,1,measured,21.246876,36.602829,2.436620,1.000000,0.250000,1.000000,2.500000,2.000000,3.000000,1,1,0,1,0
minute_35_00,62948,48,1958,2,288,line_288,-1,288,1,measured,138.860931,54.074406,3.322379,1.000000,0.250000,1.000000,2.500000,2.000000,3.000000,1,1,1,1,0
minute_35_00,62949,49,1959,1,25,caption_plus_1,24,23,0,vbi_ambiguous,96.337502,38.612274,2.511737,1.000000,0.250000,1.000000,2.500000,2.000000,3.000000,1,1,0,1,0
minute_35_00,62949,49,1959,1,26,caption_plus_2,24,23,0,vbi_ambiguous,125.931252,56.947166,3.198748,1.000000,0.250000,1.000000,2.500000,2.000000,3.000000,1,1,1,1,0
minute_35_00,62949,49,1959,1,27,caption_plus_3,24,23,0,vbi_ambiguous,126.818748,55.809425,3.061033,1.000000,0.250000,1.000000,2.500000,2.000000,3.000000,1,1,1,1,0
minute_35_00,62949,49,1959,2,286,line_286,-1,288,1,measured,42.862499,44.623352,1.707355,1.000000,0.250000,1.000000,2.500000,2.000000,3.000000,1,1,0,1,0
minute_35_00,62949,49,1959,2,287,line_287,-1,288,1,measured,26.728125,42.115253,3.153365,1.000000,0.250000,1.000000,2.500000,2.000000,3.000000,1,1,1,1,0
minute_35_00,62949,49,1959,2,288,line_288,-1,288,1,measured,136.281250,53.306591,3.046948,1.000000,0.250000,1.000000,2.500000,2.000000,3.000000,1,1,1,1,0
minute_35_00,62950,50,1960,1,25,caption_plus_1,24,23,0,vbi_ambiguous,94.510941,41.136395,2.580595,1.000000,0.250000,1.000000,2.500000,2.000000,3.000000,1,1,0,1,0
minute_35_00,62950,50,1960,1,26,caption_plus_2,24,23,0,vbi_ambiguous,135.607819,61.187859,3.524257,1.000000,0.250000,1.000000,2.500000,2.000000,3.000000,1,1,1,1,0
minute_35_00,62950,50,1960,1,27,caption_plus_3,24,23,0,vbi_ambiguous,128.885941,56.496002,3.195618,1.000000,0.250000,1.000000,2.500000,2.000000,3.000000,1,1,1,1,0
minute_35_00,62950,50,1960,2,286,line_286,-1,288,1,measured,40.796875,44.482960,1.683881,1.000000,0.250000,1.000000,2.500000,2.000000,3.000000,1,1,0,1,0
minute_35_00,62950,50,1960,2,287,line_287,-1,288,1,measured,24.923437,41.900017,2.519562,1.000000,0.250000,1.000000,2.500000,2.000000,3.000000,1,1,0,1,0
minute_35_00,62950,50,1960,2,288,line_288,-1,288,1,measured,135.779694,53.769909,3.112676,1.000000,0.250000,1.000000,2.500000,2.000000,3.000000,1,1,1,1,0
minute_35_00,62951,51,1961,1,24,caption_plus_1,23,25,1,measured,95.925003,41.271065,2.372457,1.000000,0.250000,1.000000,2.500000,2.000000,3.000000,1,1,0,1,0
minute_35_00,62951,51,1961,1,25,caption_plus_2,23,25,1,measured,127.889061,57.719707,3.181534,1.000000,0.250000,1.000000,2.500000,2.000000,3.000000,1,1,1,1,0
minute_35_00,62951,51,1961,1,26,caption_plus_3,23,25,1,measured,128.993744,56.463181,2.968701,1.000000,0.250000,1.000000,2.500000,2.000000,3.000000,1,1,0,1,0
minute_35_00,62951,51,1961,2,286,line_286,-1,288,1,measured,41.823437,44.622322,1.685446,1.000000,0.250000,1.000000,2.500000,2.000000,3.000000,1,1,0,1,0
minute_35_00,62951,51,1961,2,287,line_287,-1,288,1,measured,25.981251,42.440727,2.444444,1.000000,0.250000,1.000000,2.500000,2.000000,3.000000,1,1,0,1,0
minute_35_00,62951,51,1961,2,288,line_288,-1,288,1,measured,135.981247,53.569458,2.710485,1.000000,0.250000,1.000000,2.500000,2.000000,3.000000,1,1,0,1,0
minute_35_00,62952,52,1962,1,25,caption_plus_1,24,23,0,vbi_ambiguous,94.259377,40.489754,2.449139,1.000000,0.250000,1.000000,2.500000,2.000000,3.000000,1,1,0,1,0
minute_35_00,62952,52,1962,1,26,caption_plus_2,24,23,0,vbi_ambiguous,135.824997,61.489716,3.569640,1.000000,0.250000,1.000000,2.500000,2.000000,3.000000,1,1,1,1,0
minute_35_00,62952,52,1962,1,27,caption_plus_3,24,23,0,vbi_ambiguous,128.871872,56.527420,3.026604,1.000000,0.250000,1.000000,2.500000,2.000000,3.000000,1,1,1,1,0
minute_35_00,62952,52,1962,2,286,line_286,-1,288,1,measured,41.989063,44.374104,1.697966,1.000000,0.250000,1.000000,2.500000,2.000000,3.000000,1,1,0,1,0
minute_35_00,62952,52,1962,2,287,line_287,-1,288,1,measured,20.714062,36.470592,2.303599,1.000000,0.250000,1.000000,2.500000,2.000000,3.000000,1,1,0,1,0
minute_35_00,62952,52,1962,2,288,line_288,-1,288,1,measured,136.312500,53.264515,3.028169,1.000000,0.250000,1.000000,2.500000,2.000000,3.000000,1,1,1,1,0
minute_35_00,62953,53,1963,1,25,caption_plus_1,24,23,0,vbi_ambiguous,98.995316,39.877880,2.494523,1.000000,0.250000,1.000000,2.500000,2.000000,3.000000,1,1,0,1,0
minute_35_00,62953,53,1963,1,26,caption_plus_2,24,23,0,vbi_ambiguous,131.387497,57.068981,2.960876,1.000000,0.250000,1.000000,2.500000,2.000000,3.000000,1,1,0,1,0
minute_35_00,62953,53,1963,1,27,caption_plus_3,24,23,0,vbi_ambiguous,130.975006,57.060570,2.990610,1.000000,0.250000,1.000000,2.500000,2.000000,3.000000,1,1,0,1,0
minute_35_00,62953,53,1963,2,286,line_286,-1,288,1,measured,40.400002,44.184761,1.716745,1.000000,0.250000,1.000000,2.500000,2.000000,3.000000,1,1,0,1,0
minute_35_00,62953,53,1963,2,287,line_287,-1,288,1,measured,23.884375,41.148808,2.992175,1.000000,0.250000,1.000000,2.500000,2.000000,3.000000,1,1,0,1,0
minute_35_00,62953,53,1963,2,288,line_288,-1,288,1,measured,135.128128,54.173210,2.876369,1.000000,0.250000,1.000000,2.500000,2.000000,3.000000,1,1,0,1,0
minute_35_00,62954,54,1964,1,25,caption_plus_1,24,23,0,vbi_ambiguous,98.739059,38.104900,2.334898,1.000000,0.250000,1.000000,2.500000,2.000000,3.000000,1,1,0,1,0
minute_35_00,62954,54,1964,1,26,caption_plus_2,24,23,0,vbi_ambiguous,137.468750,60.020638,3.273865,1.000000,0.250000,1.000000,2.500000,2.000000,3.000000,1,1,1,1,0
minute_35_00,62954,54,1964,1,27,caption_plus_3,24,23,0,vbi_ambiguous,128.851562,56.290802,2.776213,1.000000,0.250000,1.000000,2.500000,2.000000,3.000000,1,1,0,1,0
minute_35_00,62954,54,1964,2,286,line_286,-1,288,1,measured,40.820312,44.493084,1.680751,1.000000,0.250000,1.000000,2.500000,2.000000,3.000000,1,1,0,1,0
minute_35_00,62954,54,1964,2,287,line_287,-1,288,1,measured,24.996876,40.492477,2.904538,1.000000,0.250000,1.000000,2.500000,2.000000,3.000000,1,1,0,1,0
minute_35_00,62954,54,1964,2,288,line_288,-1,288,1,measured,136.910934,53.867634,2.946792,1.000000,0.250000,1.000000,2.500000,2.000000,3.000000,1,1,0,1,0
minute_35_00,62955,55,1965,1,24,caption_plus_1,23,25,1,measured,98.625000,39.896076,2.236307,1.000000,0.250000,1.000000,2.500000,2.000000,3.000000,1,1,0,1,0
minute_35_00,62955,55,1965,1,25,caption_plus_2,23,25,1,measured,130.067184,56.761646,2.970266,1.000000,0.250000,1.000000,2.500000,2.000000,3.000000,1,1,0,1,0
minute_35_00,62955,55,1965,1,26,caption_plus_3,23,25,1,measured,129.660934,56.710415,2.868545,1.000000,0.250000,1.000000,2.500000,2.000000,3.000000,1,1,0,1,0
minute_35_00,62955,55,1965,2,286,line_286,-1,288,1,measured,41.799999,43.436848,1.625978,1.000000,0.250000,1.000000,2.500000,2.000000,3.000000,1,1,0,1,0
minute_35_00,62955,55,1965,2,287,line_287,-1,288,1,measured,26.118750,41.662201,2.702660,1.000000,0.250000,1.000000,2.500000,2.000000,3.000000,1,1,0,1,0
minute_35_00,62955,55,1965,2,288,line_288,-1,288,1,measured,138.243744,52.950802,2.841941,1.000000,0.250000,1.000000,2.500000,2.000000,3.000000,1,1,0,1,0
minute_35_00,62956,56,1966,1,25,caption_plus_1,24,23,0,vbi_ambiguous,99.101562,40.124577,2.375587,1.000000,0.250000,1.000000,2.500000,2.000000,3.000000,1,1,0,1,0
minute_35_00,62956,56,1966,1,26,caption_plus_2,24,23,0,vbi_ambiguous,138.440628,60.351158,3.278560,1.000000,0.250000,1.000000,2.500000,2.000000,3.000000,1,1,1,1,0
minute_35_00,62956,56,1966,1,27,caption_plus_3,24,23,0,vbi_ambiguous,128.973434,56.324928,3.093897,1.000000,0.250000,1.000000,2.500000,2.000000,3.000000,1,1,1,1,0
minute_35_00,62956,56,1966,2,286,line_286,-1,288,1,measured,41.545311,44.393986,1.674491,1.000000,0.250000,1.000000,2.500000,2.000000,3.000000,1,1,0,1,0
minute_35_00,62956,56,1966,2,287,line_287,-1,288,1,measured,27.100000,43.020554,2.726135,1.000000,0.250000,1.000000,2.500000,2.000000,3.000000,1,1,0,1,0
minute_35_00,62956,56,1966,2,288,line_288,-1,288,1,measured,138.682816,52.526936,2.884194,1.000000,0.250000,1.000000,2.500000,2.000000,3.000000,1,1,0,1,0
minute_35_00,62957,57,1967,1,24,caption_plus_1,23,25,1,measured,98.800003,39.317188,2.508607,1.000000,0.250000,1.000000,2.500000,2.000000,3.000000,1,1,0,1,0
minute_35_00,62957,57,1967,1,25,caption_plus_2,23,25,1,measured,129.692184,56.596825,3.184664,1.000000,0.250000,1.000000,2.500000,2.000000,3.000000,1,1,1,1,0
minute_35_00,62957,57,1967,1,26,caption_plus_3,23,25,1,measured,129.590622,56.099701,3.112676,1.000000,0.250000,1.000000,2.500000,2.000000,3.000000,1,1,1,1,0
minute_35_00,62957,57,1967,2,286,line_286,-1,288,1,measured,41.635937,43.674725,1.668232,1.000000,0.250000,1.000000,2.500000,2.000000,3.000000,1,1,0,1,0
minute_35_00,62957,57,1967,2,287,line_287,-1,288,1,measured,25.853125,41.516792,2.693271,1.000000,0.250000,1.000000,2.500000,2.000000,3.000000,1,1,0,1,0
minute_35_00,62957,57,1967,2,288,line_288,-1,288,1,measured,137.451569,53.062706,2.992175,1.000000,0.250000,1.000000,2.500000,2.000000,3.000000,1,1,0,1,0
minute_35_00,62958,58,1968,1,24,caption_plus_1,23,25,1,measured,99.154686,37.021099,2.502347,1.000000,0.250000,1.000000,2.500000,2.000000,3.000000,1,1,0,1,0
minute_35_00,62958,58,1968,1,25,caption_plus_2,23,25,1,measured,137.414062,58.836311,3.391236,1.000000,0.250000,1.000000,2.500000,2.000000,3.000000,1,1,1,1,0
minute_35_00,62958,58,1968,1,26,caption_plus_3,23,25,1,measured,128.690628,55.666931,3.150235,1.000000,0.250000,1.000000,2.500000,2.000000,3.000000,1,1,1,1,0
minute_35_00,62958,58,1968,2,286,line_286,-1,288,1,measured,41.706249,44.479958,1.613459,1.000000,0.250000,1.000000,2.500000,2.000000,3.000000,1,1,0,1,0
minute_35_00,62958,58,1968,2,287,line_287,-1,288,1,measured,26.549999,42.351181,2.388106,1.000000,0.250000,1.000000,2.500000,2.000000,3.000000,1,1,0,1,0
minute_35_00,62958,58,1968,2,288,line_288,-1,288,1,measured,138.642181,52.525574,3.179969,1.000000,0.250000,1.000000,2.500000,2.000000,3.000000,1,1,1,1,0
minute_35_00,62959,59,1969,1,25,caption_plus_1,24,23,0,vbi_ambiguous,97.934372,38.405918,2.403756,1.000000,0.250000,1.000000,2.500000,2.000000,3.000000,1,1,0,1,0
minute_35_00,62959,59,1969,1,26,caption_plus_2,24,23,0,vbi_ambiguous,129.756256,55.879082,3.352113,1.000000,0.250000,1.000000,2.500000,2.000000,3.000000,1,1,1,1,0
minute_35_00,62959,59,1969,1,27,caption_plus_3,24,23,0,vbi_ambiguous,129.509369,56.350105,3.161189,1.000000,0.250000,1.000000,2.500000,2.000000,3.000000,1,1,1,1,0
minute_35_00,62959,59,1969,2,286,line_286,-1,288,1,measured,42.145313,45.728645,1.687011,1.000000,0.250000,1.000000,2.500000,2.000000,3.000000,1,1,0,1,0
minute_35_00,62959,59,1969,2,287,line_287,-1,288,1,measured,32.521873,47.329395,2.765258,1.000000,0.250000,1.000000,2.500000,2.000000,3.000000,1,1,0,1,0
minute_35_00,62959,59,1969,2,288,line_288,-1,288,1,measured,137.243744,52.563026,2.976526,1.000000,0.250000,1.000000,2.500000,2.000000,3.000000,1,1,0,1,0
minute_35_00,62960,60,1970,1,25,caption_plus_1,24,23,0,vbi_ambiguous,97.687500,37.103477,2.466354,1.000000,0.250000,1.000000,2.500000,2.000000,3.000000,1,1,0,1,0
minute_35_00,62960,60,1970,1,26,caption_plus_2,24,23,0,vbi_ambiguous,137.610931,58.690449,3.397496,1.000000,0.250000,1.000000,2.500000,2.000000,3.000000,1,1,1,1,0
minute_35_00,62960,60,1970,1,27,caption_plus_3,24,23,0,vbi_ambiguous,129.184372,55.507210,3.012520,1.000000,0.250000,1.000000,2.500000,2.000000,3.000000,1,1,1,1,0
minute_35_00,62960,60,1970,2,286,line_286,-1,288,1,measured,42.593750,43.970272,1.733959,1.000000,0.250000,1.000000,2.500000,2.000000,3.000000,1,1,0,1,0
minute_35_00,62960,60,1970,2,287,line_287,-1,288,1,measured,22.337500,35.329983,2.369327,1.000000,0.250000,1.000000,2.500000,2.000000,3.000000,1,1,0,1,0
minute_35_00,62960,60,1970,2,288,line_288,-1,288,1,measured,139.692184,51.902645,2.940532,1.000000,0.250000,1.000000,2.500000,2.000000,3.000000,1,1,0,1,0
minute_35_00,62961,61,1971,1,25,caption_plus_1,24,23,0,vbi_ambiguous,98.751564,38.495201,2.430360,1.000000,0.250000,1.000000,2.500000,2.000000,3.000000,1,1,0,1,0
minute_35_00,62961,61,1971,1,26,caption_plus_2,24,23,0,vbi_ambiguous,129.787506,55.498299,3.250391,1.000000,0.250000,1.000000,2.500000,2.000000,3.000000,1,1,1,1,0
minute_35_00,62961,61,1971,1,27,caption_plus_3,24,23,0,vbi_ambiguous,129.734375,55.739697,3.026604,1.000000,0.250000,1.000000,2.500000,2.000000,3.000000,1,1,1,1,0
minute_35_00,62961,61,1971,2,286,line_286,-1,288,1,measured,41.507812,44.605419,1.688576,1.000000,0.250000,1.000000,2.500000,2.000000,3.000000,1,1,0,1,0
minute_35_00,62961,61,1971,2,287,line_287,-1,288,1,measured,26.467188,42.367020,3.164319,1.000000,0.250000,1.000000,2.500000,2.000000,3.000000,1,1,1,1,0
minute_35_00,62961,61,1971,2,288,line_288,-1,288,1,measured,136.585938,52.142792,3.089202,1.000000,0.250000,1.000000,2.500000,2.000000,3.000000,1,1,1,1,0
minute_35_00,62962,62,1972,1,25,caption_plus_1,24,23,0,vbi_ambiguous,95.895309,40.686607,2.535211,1.000000,0.250000,1.000000,2.500000,2.000000,3.000000,1,1,0,1,0
minute_35_00,62962,62,1972,1,26,caption_plus_2,24,23,0,vbi_ambiguous,136.810944,58.902119,3.219092,1.000000,0.250000,1.000000,2.500000,2.000000,3.000000,1,1,1,1,0
minute_35_00,62962,62,1972,1,27,caption_plus_3,24,23,0,vbi_ambiguous,128.531250,55.754753,3.053208,1.000000,0.250000,1.000000,2.500000,2.000000,3.000000,1,1,1,1,0
minute_35_00,62962,62,1972,2,286,line_286,-1,288,1,measured,43.028126,44.083469,1.651017,1.000000,0.250000,1.000000,2.500000,2.000000,3.000000,1,1,0,1,0
minute_35_00,62962,62,1972,2,287,line_287,-1,288,1,measured,26.745312,41.663898,3.035994,1.000000,0.250000,1.000000,2.500000,2.000000,3.000000,1,1,1,1,0
minute_35_00,62962,62,1972,2,288,line_288,-1,288,1,measured,139.276566,53.530571,3.236307,1.000000,0.250000,1.000000,2.500000,2.000000,3.000000,1,1,1,1,0
minute_35_00,62963,63,1973,1,25,caption_plus_1,24,23,0,vbi_ambiguous,99.170311,36.691586,2.615023,1.000000,0.250000,1.000000,2.500000,2.000000,3.000000,1,1,0,1,0
minute_35_00,62963,63,1973,1,26,caption_plus_2,24,23,0,vbi_ambiguous,130.195312,55.471905,3.137715,1.000000,0.250000,1.000000,2.500000,2.000000,3.000000,1,1,1,1,0
minute_35_00,62963,63,1973,1,27,caption_plus_3,24,23,0,vbi_ambiguous,129.564056,55.711830,3.057903,1.000000,0.250000,1.000000,2.500000,2.000000,3.000000,1,1,1,1,0
minute_35_00,62963,63,1973,2,286,line_286,-1,288,1,measured,41.971874,43.993099,1.690141,1.000000,0.250000,1.000000,2.500000,2.000000,3.000000,1,1,0,1,0
minute_35_00,62963,63,1973,2,287,line_287,-1,288,1,measured,26.975000,42.385872,2.849765,1.000000,0.250000,1.000000,2.500000,2.000000,3.000000,1,1,0,1,0
minute_35_00,62963,63,1973,2,288,line_288,-1,288,1,measured,137.120316,52.540009,2.748044,1.000000,0.250000,1.000000,2.500000,2.000000,3.000000,1,1,0,1,0
minute_35_00,62964,64,1974,1,24,caption_plus_1,23,25,1,measured,97.195312,38.742229,2.508607,1.000000,0.250000,1.000000,2.500000,2.000000,3.000000,1,1,0,1,0
minute_35_00,62964,64,1974,1,25,caption_plus_2,23,25,1,measured,136.681244,58.952671,3.377152,1.000000,0.250000,1.000000,2.500000,2.000000,3.000000,1,1,1,1,0
minute_35_00,62964,64,1974,1,26,caption_plus_3,23,25,1,measured,126.890625,55.739044,2.995305,1.000000,0.250000,1.000000,2.500000,2.000000,3.000000,1,1,0,1,0
minute_35_00,62964,64,1974,2,286,line_286,-1,287,1,measured,42.278126,45.062881,1.737089,1.000000,0.250000,1.000000,2.500000,2.000000,3.000000,1,1,0,1,0
minute_35_00,62964,64,1974,2,287,line_287,-1,287,1,measured,63.534374,58.852531,7.068858,1.000000,0.250000,1.000000,2.500000,2.000000,3.000000,1,1,1,1,0
minute_35_00,62964,64,1974,2,288,line_288,-1,287,1,measured,135.715622,56.430824,3.079812,1.000000,0.250000,1.000000,2.500000,2.000000,3.000000,1,1,1,1,0
minute_35_00,62965,65,1975,1,24,caption_plus_1,23,25,1,measured,95.148438,38.568787,2.433490,1.000000,0.250000,1.000000,2.500000,2.000000,3.000000,1,1,0,1,0
minute_35_00,62965,65,1975,1,25,caption_plus_2,23,25,1,measured,126.251564,55.043911,3.255086,1.000000,0.250000,1.000000,2.500000,2.000000,3.000000,1,1,1,1,0
minute_35_00,62965,65,1975,1,26,caption_plus_3,23,25,1,measured,123.675003,57.121971,3.322379,1.000000,0.250000,1.000000,2.500000,2.000000,3.000000,1,1,1,1,0
minute_35_00,62965,65,1975,2,286,line_286,-1,287,1,measured,41.398438,43.272129,1.730829,1.000000,0.250000,1.000000,2.500000,2.000000,3.000000,1,1,0,1,0
minute_35_00,62965,65,1975,2,287,line_287,-1,287,1,measured,67.007812,58.173973,7.126760,1.000000,0.250000,1.000000,2.500000,2.000000,3.000000,1,1,1,1,0
minute_35_00,62965,65,1975,2,288,line_288,-1,287,1,measured,131.356247,57.631844,3.863850,1.000000,0.250000,1.000000,2.500000,2.000000,3.000000,1,1,1,1,0
minute_35_00,62966,66,1976,1,25,caption_plus_1,24,26,1,measured,94.118752,40.353691,2.486698,1.000000,0.250000,1.000000,2.500000,2.000000,3.000000,1,1,0,1,0
minute_35_00,62966,66,1976,1,26,caption_plus_2,24,26,1,measured,132.265625,58.944023,3.585289,1.000000,0.250000,1.000000,2.500000,2.000000,3.000000,1,1,1,1,0
minute_35_00,62966,66,1976,1,27,caption_plus_3,24,26,1,measured,121.337502,57.236694,3.203443,1.000000,0.250000,1.000000,2.500000,2.000000,3.000000,1,1,1,1,0
minute_35_00,62966,66,1976,2,286,line_286,-1,287,1,measured,42.226562,44.685848,1.727700,1.000000,0.250000,1.000000,2.500000,2.000000,3.000000,1,1,0,1,0
minute_35_00,62966,66,1976,2,287,line_287,-1,287,1,measured,68.726562,59.029613,7.553991,1.000000,0.250000,1.000000,2.500000,2.000000,3.000000,1,1,1,1,0
minute_35_00,62966,66,1976,2,288,line_288,-1,287,1,measured,131.639069,58.150417,3.563380,1.000000,0.250000,1.000000,2.500000,2.000000,3.000000,1,1,1,1,0
minute_35_00,62967,67,1977,1,25,caption_plus_1,24,26,1,measured,94.667191,40.502857,2.336463,1.000000,0.250000,1.000000,2.500000,2.000000,3.000000,1,1,0,1,0
minute_35_00,62967,67,1977,1,26,caption_plus_2,24,26,1,measured,124.257812,55.709351,3.220657,1.000000,0.250000,1.000000,2.500000,2.000000,3.000000,1,1,1,1,0
minute_35_00,62967,67,1977,1,27,caption_plus_3,24,26,1,measured,121.418747,57.913780,3.280125,1.000000,0.250000,1.000000,2.500000,2.000000,3.000000,1,1,1,1,0
minute_35_00,62967,67,1977,2,286,line_286,-1,287,1,measured,42.207813,44.992039,1.757434,1.000000,0.250000,1.000000,2.500000,2.000000,3.000000,1,1,0,1,0
minute_35_00,62967,67,1977,2,287,line_287,-1,287,1,measured,73.693748,60.558414,7.035994,1.000000,0.250000,1.000000,2.500000,2.000000,3.000000,1,1,1,1,0
minute_35_00,62967,67,1977,2,288,line_288,-1,287,1,measured,128.750000,58.193211,3.184664,1.000000,0.250000,1.000000,2.500000,2.000000,3.000000,1,1,1,1,0
minute_35_00,62968,68,1978,1,25,caption_plus_1,24,26,1,measured,98.306252,36.642742,2.516432,1.000000,0.250000,1.000000,2.500000,2.000000,3.000000,1,1,0,1,0
minute_35_00,62968,68,1978,1,26,caption_plus_2,24,26,1,measured,134.184372,58.429287,3.450704,1.000000,0.250000,1.000000,2.500000,2.000000,3.000000,1,1,1,1,0
minute_35_00,62968,68,1978,1,27,caption_plus_3,24,26,1,measured,121.476562,57.810539,3.347418,1.000000,0.250000,1.000000,2.500000,2.000000,3.000000,1,1,1,1,0
minute_35_00,62968,68,1978,2,286,line_286,-1,287,1,measured,41.751564,44.672482,1.785602,1.000000,0.250000,1.000000,2.500000,2.000000,3.000000,1,1,0,1,0
minute_35_00,62968,68,1978,2,287,line_287,-1,287,1,measured,62.934376,60.705738,6.364632,1.000000,0.250000,1.000000,2.500000,2.000000,3.000000,1,1,1,1,0
minute_35_00,62968,68,1978,2,288,line_288,-1,287,1,measured,131.037506,55.841278,3.785603,1.000000,0.250000,1.000000,2.500000,2.000000,3.000000,1,1,1,1,0
minute_35_00,62969,69,1979,1,25,caption_plus_1,24,26,1,measured,99.734375,36.899117,2.389671,1.000000,0.250000,1.000000,2.500000,2.000000,3.000000,1,1,0,1,0
minute_35_00,62969,69,1979,1,26,caption_plus_2,24,26,1,measured,127.240623,54.422207,3.261346,1.000000,0.250000,1.000000,2.500000,2.000000,3.000000,1,1,1,1,0
minute_35_00,62969,69,1979,1,27,caption_plus_3,24,26,1,measured,123.773438,57.113949,3.189358,1.000000,0.250000,1.000000,2.500000,2.000000,3.000000,1,1,1,1,0
minute_35_00,62969,69,1979,2,286,line_286,-1,287,1,measured,42.754688,45.254841,1.751174,1.000000,0.250000,1.000000,2.500000,2.000000,3.000000,1,1,0,1,0
minute_35_00,62969,69,1979,2,287,line_287,-1,287,1,measured,63.262501,60.045971,6.148670,1.000000,0.250000,1.000000,2.500000,2.000000,3.000000,1,1,1,1,0
minute_35_00,62969,69,1979,2,288,line_288,-1,287,1,measured,132.212494,55.384464,3.483568,1.000000,0.250000,1.000000,2.500000,2.000000,3.000000,1,1,1,1,0
minute_35_00,62970,70,1980,1,25,caption_plus_1,24,26,1,measured,98.834373,36.483994,2.431925,1.000000,0.250000,1.000000,2.500000,2.000000,3.000000,1,1,0,1,0
minute_35_00,62970,70,1980,1,26,caption_plus_2,24,26,1,measured,136.509369,57.669777,3.107981,1.000000,0.250000,1.000000,2.500000,2.000000,3.000000,1,1,1,1,0
minute_35_00,62970,70,1980,1,27,caption_plus_3,24,26,1,measured,123.654686,56.006874,3.173709,1.000000,0.250000,1.000000,2.500000,2.000000,3.000000,1,1,1,1,0
minute_35_00,62970,70,1980,2,286,line_286,-1,288,1,measured,41.776562,45.227879,1.715180,1.000000,0.250000,1.000000,2.500000,2.000000,3.000000,1,1,0,1,0
minute_35_00,62970,70,1980,2,287,line_287,-1,288,1,measured,27.067188,41.683296,2.798122,1.000000,0.250000,1.000000,2.500000,2.000000,3.000000,1,1,0,1,0
minute_35_00,62970,70,1980,2,288,line_288,-1,288,1,measured,135.318756,52.292789,2.918623,1.000000,0.250000,1.000000,2.500000,2.000000,3.000000,1,1,0,1,0
minute_35_00,62971,71,1981,1,24,caption_plus_1,23,25,1,measured,99.828125,36.504089,2.314554,1.000000,0.250000,1.000000,2.500000,2.000000,3.000000,1,1,0,1,0
minute_35_00,62971,71,1981,1,25,caption_plus_2,23,25,1,measured,129.073441,55.184628,2.992175,1.000000,0.250000,1.000000,2.500000,2.000000,3.000000,1,1,0,1,0
minute_35_00,62971,71,1981,1,26,caption_plus_3,23,25,1,measured,127.470314,55.456787,2.959311,1.000000,0.250000,1.000000,2.500000,2.000000,3.000000,1,1,0,1,0
minute_35_00,62971,71,1981,2,286,line_286,-1,288,1,measured,41.642189,43.808159,1.651017,1.000000,0.250000,1.000000,2.500000,2.000000,3.000000,1,1,0,1,0
minute_35_00,62971,71,1981,2,287,line_287,-1,288,1,measured,31.018749,46.114864,2.956182,1.000000,0.250000,1.000000,2.500000,2.000000,3.000000,1,1,0,1,0
minute_35_00,62971,71,1981,2,288,line_288,-1,288,1,measured,134.295319,52.878799,2.848200,1.000000,0.250000,1.000000,2.500000,2.000000,3.000000,1,1,0,1,0
minute_35_00,62972,72,1982,1,24,caption_plus_1,23,25,1,measured,98.720314,36.354912,2.344288,1.000000,0.250000,1.000000,2.500000,2.000000,3.000000,1,1,0,1,0
minute_35_00,62972,72,1982,1,25,caption_plus_2,23,25,1,measured,136.457809,58.056423,3.109546,1.000000,0.250000,1.000000,2.500000,2.000000,3.000000,1,1,1,1,0
minute_35_00,62972,72,1982,1,26,caption_plus_3,23,25,1,measured,126.365623,55.038513,2.951487,1.000000,0.250000,1.000000,2.500000,2.000000,3.000000,1,1,0,1,0
minute_35_00,62972,72,1982,2,286,line_286,-1,288,1,measured,40.551563,44.053455,1.733959,1.000000,0.250000,1.000000,2.500000,2.000000,3.000000,1,1,0,1,0
minute_35_00,62972,72,1982,2,287,line_287,-1,288,1,measured,26.053125,41.611603,2.316119,1.000000,0.250000,1.000000,2.500000,2.000000,3.000000,1,1,0,1,0
minute_35_00,62972,72,1982,2,288,line_288,-1,288,1,measured,136.287506,50.949440,2.815336,1.000000,0.250000,1.000000,2.500000,2.000000,3.000000,1,1,0,1,0
minute_35_00,62973,73,1983,1,25,caption_plus_1,24,23,0,vbi_ambiguous,98.629684,35.531570,2.147105,1.000000,0.250000,1.000000,2.500000,2.000000,3.000000,1,1,0,1,0
minute_35_00,62973,73,1983,1,26,caption_plus_2,24,23,0,vbi_ambiguous,127.893753,54.051201,3.084507,1.000000,0.250000,1.000000,2.500000,2.000000,3.000000,1,1,1,1,0
minute_35_00,62973,73,1983,1,27,caption_plus_3,24,23,0,vbi_ambiguous,126.904686,55.986008,2.976526,1.000000,0.250000,1.000000,2.500000,2.000000,3.000000,1,1,0,1,0
minute_35_00,62973,73,1983,2,286,line_286,-1,288,1,measured,40.864063,44.198368,1.644757,1.000000,0.250000,1.000000,2.500000,2.000000,3.000000,1,1,0,1,0
minute_35_00,62973,73,1983,2,287,line_287,-1,288,1,measured,29.793751,46.225887,3.183099,1.000000,0.250000,1.000000,2.500000,2.000000,3.000000,1,1,1,1,0
minute_35_00,62973,73,1983,2,288,line_288,-1,288,1,measured,134.595306,52.590878,2.890454,1.000000,0.250000,1.000000,2.500000,2.000000,3.000000,1,1,0,1,0
minute_35_00,62974,74,1984,1,25,caption_plus_1,24,26,1,measured,98.679688,35.908028,2.117371,1.000000,0.250000,1.000000,2.500000,2.000000,3.000000,1,1,0,1,0
minute_35_00,62974,74,1984,1,26,caption_plus_2,24,26,1,measured,136.039062,57.389950,3.198748,1.000000,0.250000,1.000000,2.500000,2.000000,3.000000,1,1,1,1,0
minute_35_00,62974,74,1984,1,27,caption_plus_3,24,26,1,measured,126.574997,54.563332,2.796557,1.000000,0.250000,1.000000,2.500000,2.000000,3.000000,1,1,0,1,0
minute_35_00,62974,74,1984,2,286,line_286,-1,288,1,measured,42.718750,44.882336,1.657277,1.000000,0.250000,1.000000,2.500000,2.000000,3.000000,1,1,0,1,0
minute_35_00,62974,74,1984,2,287,line_287,-1,288,1,measured,20.934376,36.232006,2.184664,1.000000,0.250000,1.000000,2.500000,2.000000,3.000000,1,1,0,1,0
minute_35_00,62974,74,1984,2,288,line_288,-1,288,1,measured,138.328125,51.435047,2.965571,1.000000,0.250000,1.000000,2.500000,2.000000,3.000000,1,1,0,1,0
minute_35_00,62975,75,1985,1,25,caption_plus_1,24,23,0,vbi_ambiguous,98.620316,35.109264,2.123631,1.000000,0.250000,1.000000,2.500000,2.000000,3.000000,1,1,0,1,0
minute_35_00,62975,75,1985,1,26,caption_plus_2,24,23,0,vbi_ambiguous,129.968750,53.229679,2.769953,1.000000,0.250000,1.000000,2.500000,2.000000,3.000000,1,1,0,1,0
minute_35_00,62975,75,1985,1,27,caption_plus_3,24,23,0,vbi_ambiguous,128.373444,54.509197,2.776213,1.000000,0.250000,1.000000,2.500000,2.000000,3.000000,1,1,0,1,0
minute_35_00,62975,75,1985,2,286,line_286,-1,288,1,measured,40.960938,43.339573,1.640063,1.000000,0.250000,1.000000,2.500000,2.000000,3.000000,1,1,0,1,0
minute_35_00,62975,75,1985,2,287,line_287,-1,288,1,measured,20.746876,36.076721,2.211268,1.000000,0.250000,1.000000,2.500000,2.000000,3.000000,1,1,0,1,0
minute_35_00,62975,75,1985,2,288,line_288,-1,288,1,measured,135.657806,50.168095,2.674491,1.000000,0.250000,1.000000,2.500000,2.000000,3.000000,1,1,0,1,0
minute_35_00,62976,76,1986,1,24,caption_plus_1,23,25,1,measured,98.665627,34.615353,2.115806,1.000000,0.250000,1.000000,2.500000,2.000000,3.000000,1,1,0,1,0
minute_35_00,62976,76,1986,1,25,caption_plus_2,23,25,1,measured,137.946869,56.556141,3.042253,1.000000,0.250000,1.000000,2.500000,2.000000,3.000000,1,1,1,1,0
minute_35_00,62976,76,1986,1,26,caption_plus_3,23,25,1,measured,128.084381,53.571938,2.682316,1.000000,0.250000,1.000000,2.500000,2.000000,3.000000,1,1,0,1,0
minute_35_00,62976,76,1986,2,286,line_286,-1,287,1,measured,41.414062,44.135361,1.691706,1.000000,0.250000,1.000000,2.500000,2.000000,3.000000,1,1,0,1,0
minute_35_00,62976,76,1986,2,287,line_287,-1,287,1,measured,62.801563,60.029003,6.118936,1.000000,0.250000,1.000000,2.500000,2.000000,3.000000,1,1,1,1,0
minute_35_00,62976,76,1986,2,288,line_288,-1,287,1,measured,133.467194,56.075165,3.292645,1.000000,0.250000,1.000000,2.500000,2.000000,3.000000,1,1,1,1,0
minute_35_00,62977,77,1987,1,25,caption_plus_1,24,26,1,measured,97.720314,34.517815,2.195618,1.000000,0.250000,1.000000,2.500000,2.000000,3.000000,1,1,0,1,0
minute_35_00,62977,77,1987,1,26,caption_plus_2,24,26,1,measured,128.501556,53.292179,2.902973,1.000000,0.250000,1.000000,2.500000,2.000000,3.000000,1,1,0,1,0
minute_35_00,62977,77,1987,1,27,caption_plus_3,24,26,1,measured,128.365631,54.442379,2.782473,1.000000,0.250000,1.000000,2.500000,2.000000,3.000000,1,1,0,1,0
minute_35_00,62977,77,1987,2,286,line_286,-1,287,1,measured,41.442188,44.202694,1.718310,1.000000,0.250000,1.000000,2.500000,2.000000,3.000000,1,1,0,1,0
minute_35_00,62977,77,1987,2,287,line_287,-1,287,1,measured,62.982811,60.996964,6.435055,1.000000,0.250000,1.000000,2.500000,2.000000,3.000000,1,1,1,1,0
minute_35_00,62977,77,1987,2,288,line_288,-1,287,1,measured,133.560944,56.246189,3.305164,1.000000,0.250000,1.000000,2.500000,2.000000,3.000000,1,1,1,1,0
minute_35_00,62978,78,1988,1,25,caption_plus_1,24,26,1,measured,98.079689,33.653728,2.042253,1.000000,0.250000,1.000000,2.500000,2.000000,3.000000,1,1,0,1,0
minute_35_00,62978,78,1988,1,26,caption_plus_2,24,26,1,measured,136.967194,56.646275,3.017214,1.000000,0.250000,1.000000,2.500000,2.000000,3.000000,1,1,1,1,0
minute_35_00,62978,78,1988,1,27,caption_plus_3,24,26,1,measured,127.942184,54.519733,2.813771,1.000000,0.250000,1.000000,2.500000,2.000000,3.000000,1,1,0,1,0
minute_35_00,62978,78,1988,2,286,line_286,-1,288,1,measured,40.806252,43.548107,1.619718,1.000000,0.250000,1.000000,2.500000,2.000000,3.000000,1,1,0,1,0
minute_35_00,62978,78,1988,2,287,line_287,-1,288,1,measured,21.573437,36.325493,2.452269,1.000000,0.250000,1.000000,2.500000,2.000000,3.000000,1,1,0,1,0
minute_35_00,62978,78,1988,2,288,line_288,-1,288,1,measured,137.656250,50.536747,2.755868,1.000000,0.250000,1.000000,2.500000,2.000000,3.000000,1,1,0,1,0
minute_35_00,62979,79,1989,1,25,caption_plus_1,24,23,0,vbi_ambiguous,97.095314,34.497173,2.248826,1.000000,0.250000,1.000000,2.500000,2.000000,3.000000,1,1,0,1,0
minute_35_00,62979,79,1989,1,26,caption_plus_2,24,23,0,vbi_ambiguous,127.314064,53.761944,3.209703,1.000000,0.250000,1.000000,2.500000,2.000000,3.000000,1,1,1,1,0
minute_35_00,62979,79,1989,1,27,caption_plus_3,24,23,0,vbi_ambiguous,128.131256,54.783821,2.954617,1.000000,0.250000,1.000000,2.500000,2.000000,3.000000,1,1,0,1,0
minute_35_00,62979,79,1989,2,286,line_286,-1,288,1,measured,42.728127,44.014427,1.624413,1.000000,0.250000,1.000000,2.500000,2.000000,3.000000,1,1,0,1,0
minute_35_00,62979,79,1989,2,287,line_287,-1,288,1,measured,26.445312,41.589512,3.012520,1.000000,0.250000,1.000000,2.500000,2.000000,3.000000,1,1,1,1,0
minute_35_00,62979,79,1989,2,288,line_288,-1,288,1,measured,138.037506,52.014137,3.183099,1.000000,0.250000,1.000000,2.500000,2.000000,3.000000,1,1,1,1,0
minute_35_00,62980,80,1990,1,25,caption_plus_1,24,26,1,measured,98.593750,34.939556,2.233177,1.000000,0.250000,1.000000,2.500000,2.000000,3.000000,1,1,0,1,0
minute_35_00,62980,80,1990,1,26,caption_plus_2,24,26,1,measured,136.557816,56.933018,3.316119,1.000000,0.250000,1.000000,2.500000,2.000000,3.000000,1,1,1,1,0
minute_35_00,62980,80,1990,1,27,caption_plus_3,24,26,1,measured,127.751564,54.731441,2.982786,1.000000,0.250000,1.000000,2.500000,2.000000,3.000000,1,1,0,1,0
minute_35_00,62980,80,1990,2,286,line_286,-1,288,1,measured,41.309376,43.903282,1.708920,1.000000,0.250000,1.000000,2.500000,2.000000,3.000000,1,1,0,1,0
minute_35_00,62980,80,1990,2,287,line_287,-1,288,1,measured,26.179688,42.244125,2.579030,1.000000,0.250000,1.000000,2.500000,2.000000,3.000000,1,1,0,1,0
minute_35_00,62980,80,1990,2,288,line_288,-1,288,1,measured,135.776566,51.186378,2.917058,1.000000,0.250000,1.000000,2.500000,2.000000,3.000000,1,1,0,1,0
minute_35_00,62981,81,1991,1,25,caption_plus_1,24,26,1,measured,97.335938,34.539036,2.283255,1.000000,0.250000,1.000000,2.500000,2.000000,3.000000,1,1,0,1,0
minute_35_00,62981,81,1991,1,26,caption_plus_2,24,26,1,measured,127.884377,53.057629,2.782473,1.000000,0.250000,1.000000,2.500000,2.000000,3.000000,1,1,0,1,0
minute_35_00,62981,81,1991,1,27,caption_plus_3,24,26,1,measured,127.243752,54.534279,2.899843,1.000000,0.250000,1.000000,2.500000,2.000000,3.000000,1,1,0,1,0
minute_35_00,62981,81,1991,2,286,line_286,-1,288,1,measured,41.182812,44.583481,1.660407,1.000000,0.250000,1.000000,2.500000,2.000000,3.000000,1,1,0,1,0
minute_35_00,62981,81,1991,2,287,line_287,-1,288,1,measured,26.087500,42.169987,2.345853,1.000000,0.250000,1.000000,2.500000,2.000000,3.000000,1,1,0,1,0
minute_35_00,62981,81,1991,2,288,line_288,-1,288,1,measured,136.335938,51.079269,2.716745,1.000000,0.250000,1.000000,2.500000,2.000000,3.000000,1,1,0,1,0
minute_35_00,62982,82,1992,1,25,caption_plus_1,24,26,1,measured,95.915627,34.351116,2.242567,1.000000,0.250000,1.000000,2.500000,2.000000,3.000000,1,1,0,1,0
minute_35_00,62982,82,1992,1,26,caption_plus_2,24,26,1,measured,135.531250,56.019321,3.162754,1.000000,0.250000,1.000000,2.500000,2.000000,3.000000,1,1,1,1,0
minute_35_00,62982,82,1992,1,27,caption_plus_3,24,26,1,measured,127.356247,54.364780,2.956182,1.000000,0.250000,1.000000,2.500000,2.000000,3.000000,1,1,0,1,0
minute_35_00,62982,82,1992,2,286,line_286,-1,288,1,measured,41.496876,43.997730,1.625978,1.000000,0.250000,1.000000,2.500000,2.000000,3.000000,1,1,0,1,0
minute_35_00,62982,82,1992,2,287,line_287,-1,288,1,measured,21.529688,36.840988,2.480438,1.000000,0.250000,1.000000,2.500000,2.000000,3.000000,1,1,0,1,0
minute_35_00,62982,82,1992,2,288,line_288,-1,288,1,measured,136.850006,50.685944,2.926448,1.000000,0.250000,1.000000,2.500000,2.000000,3.000000,1,1,0,1,0
minute_35_00,62983,83,1993,1,25,caption_plus_1,24,23,0,vbi_ambiguous,94.204689,34.637909,2.305164,1.000000,0.250000,1.000000,2.500000,2.000000,3.000000,1,1,0,1,0
minute_35_00,62983,83,1993,1,26,caption_plus_2,24,23,0,vbi_ambiguous,127.817184,51.871861,2.918623,1.000000,0.250000,1.000000,2.500000,2.000000,3.000000,1,1,0,1,0
minute_35_00,62983,83,1993,1,27,caption_plus_3,24,23,0,vbi_ambiguous,129.210938,54.846100,2.724570,1.000000,0.250000,1.000000,2.500000,2.000000,3.000000,1,1,0,1,0
minute_35_00,62983,83,1993,2,286,line_286,-1,288,1,measured,41.142189,43.426880,1.652582,1.000000,0.250000,1.000000,2.500000,2.000000,3.000000,1,1,0,1,0
minute_35_00,62983,83,1993,2,287,line_287,-1,288,1,measured,25.534374,41.022461,2.957747,1.000000,0.250000,1.000000,2.500000,2.000000,3.000000,1,1,0,1,0
minute_35_00,62983,83,1993,2,288,line_288,-1,288,1,measured,135.420319,50.883293,2.851330,1.000000,0.250000,1.000000,2.500000,2.000000,3.000000,1,1,0,1,0
minute_35_00,62984,84,1994,1,25,caption_plus_1,24,26,1,measured,92.373436,35.554092,2.350548,1.000000,0.250000,1.000000,2.500000,2.000000,3.000000,1,1,0,1,0
minute_35_00,62984,84,1994,1,26,caption_plus_2,24,26,1,measured,133.620316,54.751064,3.220657,1.000000,0.250000,1.000000,2.500000,2.000000,3.000000,1,1,1,1,0
minute_35_00,62984,84,1994,1,27,caption_plus_3,24,26,1,measured,127.303123,54.864849,2.964006,1.000000,0.250000,1.000000,2.500000,2.000000,3.000000,1,1,0,1,0
minute_35_00,62984,84,1994,2,286,line_286,-1,288,1,measured,41.857811,44.722897,1.629108,1.000000,0.250000,1.000000,2.500000,2.000000,3.000000,1,1,0,1,0
minute_35_00,62984,84,1994,2,287,line_287,-1,288,1,measured,25.665625,41.155735,2.931142,1.000000,0.250000,1.000000,2.500000,2.000000,3.000000,1,1,0,1,0
minute_35_00,62984,84,1994,2,288,line_288,-1,288,1,measured,136.143753,50.275936,2.953052,1.000000,0.250000,1.000000,2.500000,2.000000,3.000000,1,1,0,1,0
minute_35_00,62985,85,1995,1,25,caption_plus_1,24,26,1,measured,90.406250,36.644115,2.134585,1.000000,0.250000,1.000000,2.500000,2.000000,3.000000,1,1,0,1,0
minute_35_00,62985,85,1995,1,26,caption_plus_2,24,26,1,measured,124.393753,50.808201,2.998435,1.000000,0.250000,1.000000,2.500000,2.000000,3.000000,1,1,0,1,0
minute_35_00,62985,85,1995,1,27,caption_plus_3,24,26,1,measured,127.740623,54.685852,2.948357,1.000000,0.250000,1.000000,2.500000,2.000000,3.000000,1,1,0,1,0
minute_35_00,62985,85,1995,2,286,line_286,-1,288,1,measured,40.871876,44.186142,1.619718,1.000000,0.250000,1.000000,2.500000,2.000000,3.000000,1,1,0,1,0
minute_35_00,62985,85,1995,2,287,line_287,-1,288,1,measured,25.470312,41.537022,2.798122,1.000000,0.250000,1.000000,2.500000,2.000000,3.000000,1,1,0,1,0
minute_35_00,62985,85,1995,2,288,line_288,-1,288,1,measured,135.557816,49.446594,2.801252,1.000000,0.250000,1.000000,2.500000,2.000000,3.000000,1,1,0,1,0
minute_35_00,62986,86,1996,1,25,caption_plus_1,24,26,1,measured,88.376564,37.524998,2.231612,1.000000,0.250000,1.000000,2.500000,2.000000,3.000000,1,1,0,1,0
minute_35_00,62986,86,1996,1,26,caption_plus_2,24,26,1,measured,129.615631,54.075459,3.114241,1.000000,0.250000,1.000000,2.500000,2.000000,3.000000,1,1,1,1,0
minute_35_00,62986,86,1996,1,27,caption_plus_3,24,26,1,measured,126.723434,53.165573,2.938967,1.000000,0.250000,1.000000,2.500000,2.000000,3.000000,1,1,0,1,0
minute_35_00,62986,86,1996,2,286,line_286,-1,288,1,measured,41.521873,44.003296,1.643193,1.000000,0.250000,1.000000,2.500000,2.000000,3.000000,1,1,0,1,0
minute_35_00,62986,86,1996,2,287,line_287,-1,288,1,measured,25.767187,41.747871,2.696401,1.000000,0.250000,1.000000,2.500000,2.000000,3.000000,1,1,0,1,0
minute_35_00,62986,86,1996,2,288,line_288,-1,288,1,measured,133.492188,49.413719,3.059468,1.000000,0.250000,1.000000,2.500000,2.000000,3.000000,1,1,1,1,0
minute_35_00,62987,87,1997,1,25,caption_plus_1,24,26,1,measured,88.831253,37.510952,2.165884,1.000000,0.250000,1.000000,2.500000,2.000000,3.000000,1,1,0,1,0
minute_35_00,62987,87,1997,1,26,caption_plus_2,24,26,1,measured,122.106247,51.104683,3.226917,1.000000,0.250000,1.000000,2.500000,2.000000,3.000000,1,1,1,1,0
minute_35_00,62987,87,1997,1,27,caption_plus_3,24,26,1,measured,128.723434,53.376904,2.863850,1.000000,0.250000,1.000000,2.500000,2.000000,3.000000,1,1,0,1,0
minute_35_00,62987,87,1997,2,286,line_286,-1,288,1,measured,41.681252,44.140774,1.616588,1.000000,0.250000,1.000000,2.500000,2.000000,3.000000,1,1,0,1,0
minute_35_00,62987,87,1997,2,287,line_287,-1,288,1,measured,25.351562,41.932720,2.768388,1.000000,0.250000,1.000000,2.500000,2.000000,3.000000,1,1,0,1,0
minute_35_00,62987,87,1997,2,288,line_288,-1,288,1,measured,133.714066,48.979218,2.942097,1.000000,0.250000,1.000000,2.500000,2.000000,3.000000,1,1,0,1,0
minute_35_00,62988,88,1998,1,25,caption_plus_1,24,26,1,measured,88.268753,37.446831,2.236307,1.000000,0.250000,1.000000,2.500000,2.000000,3.000000,1,1,0,1,0
minute_35_00,62988,88,1998,1,26,caption_plus_2,24,26,1,measured,129.121872,54.014416,3.381847,1.000000,0.250000,1.000000,2.500000,2.000000,3.000000,1,1,1,1,0
minute_35_00,62988,88,1998,1,27,caption_plus_3,24,26,1,measured,127.401566,53.046734,3.104851,1.000000,0.250000,1.000000,2.500000,2.000000,3.000000,1,1,1,1,0
minute_35_00,62988,88,1998,2,286,line_286,-1,288,1,measured,41.856251,44.611252,1.716745,1.000000,0.250000,1.000000,2.500000,2.000000,3.000000,1,1,0,1,0
minute_35_00,62988,88,1998,2,287,line_287,-1,288,1,measured,26.584375,43.052574,2.414711,1.000000,0.250000,1.000000,2.500000,2.000000,3.000000,1,1,0,1,0
minute_35_00,62988,88,1998,2,288,line_288,-1,288,1,measured,133.423431,48.641357,2.989045,1.000000,0.250000,1.000000,2.500000,2.000000,3.000000,1,1,0,1,0
minute_35_00,62989,89,1999,1,24,caption_plus_1,23,25,1,measured,87.092186,37.406376,2.175274,1.000000,0.250000,1.000000,2.500000,2.000000,3.000000,1,1,0,1,0
minute_35_00,62989,89,1999,1,25,caption_plus_2,23,25,1,measured,119.831253,50.841877,2.931142,1.000000,0.250000,1.000000,2.500000,2.000000,3.000000,1,1,0,1,0
minute_35_00,62989,89,1999,1,26,caption_plus_3,23,25,1,measured,126.412498,53.021530,2.917058,1.000000,0.250000,1.000000,2.500000,2.000000,3.000000,1,1,0,1,0
minute_35_00,62989,89,1999,2,286,line_286,-1,288,1,measured,40.875000,44.793556,1.746479,1.000000,0.250000,1.000000,2.500000,2.000000,3.000000,1,1,0,1,0
minute_35_00,62989,89,1999,2,287,line_287,-1,288,1,measured,30.631250,46.924824,2.724570,1.000000,0.250000,1.000000,2.500000,2.000000,3.000000,1,1,0,1,0
minute_35_00,62989,89,1999,2,288,line_288,-1,288,1,measured,131.403122,49.679661,2.906103,1.000000,0.250000,1.000000,2.500000,2.000000,3.000000,1,1,0,1,0
minute_35_00,62990,90,2000,1,25,caption_plus_1,24,26,1,measured,87.389061,38.236031,2.092332,1.000000,0.250000,1.000000,2.500000,2.000000,3.000000,1,1,0,1,0
minute_35_00,62990,90,2000,1,26,caption_plus_2,24,26,1,measured,125.514061,55.310341,3.330204,1.000000,0.250000,1.000000,2.500000,2.000000,3.000000,1,1,1,1,0
minute_35_00,62990,90,2000,1,27,caption_plus_3,24,26,1,measured,126.209373,52.213833,2.990610,1.000000,0.250000,1.000000,2.500000,2.000000,3.000000,1,1,0,1,0
minute_35_00,62990,90,2000,2,286,line_286,-1,288,1,measured,42.046875,44.583076,1.641628,1.000000,0.250000,1.000000,2.500000,2.000000,3.000000,1,1,0,1,0
minute_35_00,62990,90,2000,2,287,line_287,-1,288,1,measured,21.592188,36.620407,2.447574,1.000000,0.250000,1.000000,2.500000,2.000000,3.000000,1,1,0,1,0
minute_35_00,62990,90,2000,2,288,line_288,-1,288,1,measured,131.484375,47.948471,2.984350,1.000000,0.250000,1.000000,2.500000,2.000000,3.000000,1,1,0,1,0
minute_35_00,62991,91,2001,1,25,caption_plus_1,24,23,0,vbi_ambiguous,88.360939,37.292461,1.865415,1.000000,0.250000,1.000000,2.500000,2.000000,3.000000,1,1,0,1,0
minute_35_00,62991,91,2001,1,26,caption_plus_2,24,23,0,vbi_ambiguous,118.270309,53.294941,2.854460,1.000000,0.250000,1.000000,2.500000,2.000000,3.000000,1,1,0,1,0
minute_35_00,62991,91,2001,1,27,caption_plus_3,24,23,0,vbi_ambiguous,125.160934,51.726902,3.278560,1.000000,0.250000,1.000000,2.500000,2.000000,3.000000,1,1,1,1,0
minute_35_00,62991,91,2001,2,286,line_286,-1,288,1,measured,41.875000,43.851242,1.704225,1.000000,0.250000,1.000000,2.500000,2.000000,3.000000,1,1,0,1,0
minute_35_00,62991,91,2001,2,287,line_287,-1,288,1,measured,25.206249,40.428658,2.893584,1.000000,0.250000,1.000000,2.500000,2.000000,3.000000,1,1,0,1,0
minute_35_00,62991,91,2001,2,288,line_288,-1,288,1,measured,127.776566,49.294323,2.907668,1.000000,0.250000,1.000000,2.500000,2.000000,3.000000,1,1,0,1,0
minute_35_00,62992,92,2002,1,24,caption_plus_1,23,25,1,measured,87.500000,36.451080,1.892019,1.000000,0.250000,1.000000,2.500000,2.000000,3.000000,1,1,0,1,0
minute_35_00,62992,92,2002,1,25,caption_plus_2,23,25,1,measured,122.634377,57.708244,2.968701,1.000000,0.250000,1.000000,2.500000,2.000000,3.000000,1,1,0,1,0
minute_35_00,62992,92,2002,1,26,caption_plus_3,23,25,1,measured,121.923439,51.185711,2.935837,1.000000,0.250000,1.000000,2.500000,2.000000,3.000000,1,1,0,1,0
minute_35_00,62992,92,2002,2,286,line_286,-1,288,1,measured,41.606251,44.139565,1.704225,1.000000,0.250000,1.000000,2.500000,2.000000,3.000000,1,1,0,1,0
minute_35_00,62992,92,2002,2,287,line_287,-1,288,1,measured,25.815624,41.544521,2.921753,1.000000,0.250000,1.000000,2.500000,2.000000,3.000000,1,1,0,1,0
minute_35_00,62992,92,2002,2,288,line_288,-1,288,1,measured,124.790627,51.205101,2.805947,1.000000,0.250000,1.000000,2.500000,2.000000,3.000000,1,1,0,1,0
minute_35_00,62993,93,2003,1,24,caption_plus_1,23,25,1,measured,85.425003,36.035149,1.805947,1.000000,0.250000,1.000000,2.500000,2.000000,3.000000,1,1,0,1,0
minute_35_00,62993,93,2003,1,25,caption_plus_2,23,25,1,measured,113.000000,54.292408,2.555556,1.000000,0.250000,1.000000,2.500000,2.000000,3.000000,1,1,0,1,0
minute_35_00,62993,93,2003,1,26,caption_plus_3,23,25,1,measured,118.004684,52.222435,2.970266,1.000000,0.250000,1.000000,2.500000,2.000000,3.000000,1,1,0,1,0
minute_35_00,62993,93,2003,2,286,line_286,-1,288,1,measured,40.662498,44.024731,1.679186,1.000000,0.250000,1.000000,2.500000,2.000000,3.000000,1,1,0,1,0
minute_35_00,62993,93,2003,2,287,line_287,-1,288,1,measured,26.534374,42.119198,2.694836,1.000000,0.250000,1.000000,2.500000,2.000000,3.000000,1,1,0,1,0
minute_35_00,62993,93,2003,2,288,line_288,-1,288,1,measured,123.910934,52.754856,2.740219,1.000000,0.250000,1.000000,2.500000,2.000000,3.000000,1,1,0,1,0
minute_35_00,62994,94,2004,1,24,caption_plus_1,23,25,1,measured,85.045311,35.283798,1.845070,1.000000,0.250000,1.000000,2.500000,2.000000,3.000000,1,1,0,1,0
minute_35_00,62994,94,2004,1,25,caption_plus_2,23,25,1,measured,120.456253,57.453388,2.846635,1.000000,0.250000,1.000000,2.500000,2.000000,3.000000,1,1,0,1,0
minute_35_00,62994,94,2004,1,26,caption_plus_3,23,25,1,measured,117.535934,52.044590,2.774648,1.000000,0.250000,1.000000,2.500000,2.000000,3.000000,1,1,0,1,0
minute_35_00,62994,94,2004,2,286,line_286,-1,287,1,measured,40.637501,44.633999,1.654147,1.000000,0.250000,1.000000,2.500000,2.000000,3.000000,1,1,0,1,0
minute_35_00,62994,94,2004,2,287,line_287,-1,287,1,measured,62.120312,58.575027,6.993740,1.000000,0.250000,1.000000,2.500000,2.000000,3.000000,1,1,1,1,0
minute_35_00,62994,94,2004,2,288,line_288,-1,287,1,measured,119.021873,55.287342,2.909233,1.000000,0.250000,1.000000,2.500000,2.000000,3.000000,1,1,0,1,0
minute_35_00,62995,95,2005,1,25,caption_plus_1,24,26,1,measured,83.729691,35.954750,1.895149,1.000000,0.250000,1.000000,2.500000,2.000000,3.000000,1,1,0,1,0
minute_35_00,62995,95,2005,1,26,caption_plus_2,24,26,1,measured,113.296875,53.585613,2.773083,1.000000,0.250000,1.000000,2.500000,2.000000,3.000000,1,1,0,1,0
minute_35_00,62995,95,2005,1,27,caption_plus_3,24,26,1,measured,117.804688,51.899944,2.762128,1.000000,0.250000,1.000000,2.500000,2.000000,3.000000,1,1,0,1,0
minute_35_00,62995,95,2005,2,286,line_286,-1,287,1,measured,41.765625,44.321461,1.732394,1.000000,0.250000,1.000000,2.500000,2.000000,3.000000,1,1,0,1,0
minute_35_00,62995,95,2005,2,287,line_287,-1,287,1,measured,68.343750,59.665710,7.353678,1.000000,0.250000,1.000000,2.500000,2.000000,3.000000,1,1,1,1,0
minute_35_00,62995,95,2005,2,288,line_288,-1,287,1,measured,121.382812,55.808510,3.093897,1.000000,0.250000,1.000000,2.500000,2.000000,3.000000,1,1,1,1,0
minute_35_00,62996,96,2006,1,25,caption_plus_1,24,26,1,measured,87.428123,36.133793,2.234742,1.000000,0.250000,1.000000,2.500000,2.000000,3.000000,1,1,0,1,0
minute_35_00,62996,96,2006,1,26,caption_plus_2,24,26,1,measured,123.639061,58.097351,3.175274,1.000000,0.250000,1.000000,2.500000,2.000000,3.000000,1,1,1,1,0
minute_35_00,62996,96,2006,1,27,caption_plus_3,24,26,1,measured,121.010941,51.127457,2.852895,1.000000,0.250000,1.000000,2.500000,2.000000,3.000000,1,1,0,1,0
minute_35_00,62996,96,2006,2,286,line_286,-1,287,1,measured,42.045311,44.418598,1.702660,1.000000,0.250000,1.000000,2.500000,2.000000,3.000000,1,1,0,1,0
minute_35_00,62996,96,2006,2,287,line_287,-1,287,1,measured,68.828125,60.760815,7.724570,1.000000,0.250000,1.000000,2.500000,2.000000,3.000000,1,1,1,1,0
minute_35_00,62996,96,2006,2,288,line_288,-1,287,1,measured,122.962502,55.042698,3.309859,1.000000,0.250000,1.000000,2.500000,2.000000,3.000000,1,1,1,1,0
minute_35_00,62997,97,2007,1,25,caption_plus_1,24,26,1,measured,83.792191,37.648983,2.065728,1.000000,0.250000,1.000000,2.500000,2.000000,3.000000,1,1,0,1,0
minute_35_00,62997,97,2007,1,26,caption_plus_2,24,26,1,measured,115.195312,52.967628,2.964006,1.000000,0.250000,1.000000,2.500000,2.000000,3.000000,1,1,0,1,0
minute_35_00,62997,97,2007,1,27,caption_plus_3,24,26,1,measured,122.651566,50.304249,2.948357,1.000000,0.250000,1.000000,2.500000,2.000000,3.000000,1,1,0,1,0
minute_35_00,62997,97,2007,2,286,line_286,-1,287,1,measured,41.806252,44.423847,1.627543,1.000000,0.250000,1.000000,2.500000,2.000000,3.000000,1,1,0,1,0
minute_35_00,62997,97,2007,2,287,line_287,-1,287,1,measured,72.457809,59.439816,7.071988,1.000000,0.250000,1.000000,2.500000,2.000000,3.000000,1,1,1,1,0
minute_35_00,62997,97,2007,2,288,line_288,-1,287,1,measured,123.556252,54.383560,3.306729,1.000000,0.250000,1.000000,2.500000,2.000000,3.000000,1,1,1,1,0
minute_35_00,62998,98,2008,1,24,caption_plus_1,23,25,1,measured,84.665627,37.551846,1.948357,1.000000,0.250000,1.000000,2.500000,2.000000,3.000000,1,1,0,1,0
minute_35_00,62998,98,2008,1,25,caption_plus_2,23,25,1,measured,123.409378,56.032562,3.062598,1.000000,0.250000,1.000000,2.500000,2.000000,3.000000,1,1,1,1,0
minute_35_00,62998,98,2008,1,26,caption_plus_3,23,25,1,measured,121.606247,50.108551,3.112676,1.000000,0.250000,1.000000,2.500000,2.000000,3.000000,1,1,1,1,0
minute_35_00,62998,98,2008,2,286,line_286,-1,287,1,measured,41.464062,44.194901,1.687011,1.000000,0.250000,1.000000,2.500000,2.000000,3.000000,1,1,0,1,0
minute_35_00,62998,98,2008,2,287,line_287,-1,287,1,measured,62.849998,60.221539,6.486698,1.000000,0.250000,1.000000,2.500000,2.000000,3.000000,1,1,1,1,0
minute_35_00,62998,98,2008,2,288,line_288,-1,287,1,measured,125.471878,52.269875,3.410016,1.000000,0.250000,1.000000,2.500000,2.000000,3.000000,1,1,1,1,0
minute_35_00,62999,99,2009,1,25,caption_plus_1,24,26,1,measured,85.420311,38.232918,2.039124,1.000000,0.250000,1.000000,2.500000,2.000000,3.000000,1,1,0,1,0
minute_35_00,62999,99,2009,1,26,caption_plus_2,24,26,1,measured,118.348434,52.860508,2.812207,1.000000,0.250000,1.000000,2.500000,2.000000,3.000000,1,1,0,1,0
minute_35_00,62999,99,2009,1,27,caption_plus_3,24,26,1,measured,124.751564,50.377380,2.898278,1.000000,0.250000,1.000000,2.500000,2.000000,3.000000,1,1,0,1,0
minute_35_00,62999,99,2009,2,286,line_286,-1,287,1,measured,41.167187,44.214481,1.779343,1.000000,0.250000,1.000000,2.500000,2.000000,3.000000,1,1,0,1,0
minute_35_00,62999,99,2009,2,287,line_287,-1,287,1,measured,63.301563,60.049992,6.311424,1.000000,0.250000,1.000000,2.500000,2.000000,3.000000,1,1,1,1,0
minute_35_00,62999,99,2009,2,288,line_288,-1,287,1,measured,125.824997,52.043079,3.331768,1.000000,0.250000,1.000000,2.500000,2.000000,3.000000,1,1,1,1,0
minute_35_00,63000,100,2010,1,24,caption_plus_1,23,25,1,measured,85.714066,37.954716,1.989045,1.000000,0.250000,1.000000,2.500000,2.000000,3.000000,1,1,0,1,0
minute_35_00,63000,100,2010,1,25,caption_plus_2,23,25,1,measured,126.207809,55.167435,3.291080,1.000000,0.250000,1.000000,2.500000,2.000000,3.000000,1,1,1,1,0
minute_35_00,63000,100,2010,1,26,caption_plus_3,23,25,1,measured,124.343750,50.325665,3.039124,1.000000,0.250000,1.000000,2.500000,2.000000,3.000000,1,1,1,1,0
minute_35_00,63000,100,2010,2,286,line_286,-1,288,1,measured,41.592186,43.782715,1.733959,1.000000,0.250000,1.000000,2.500000,2.000000,3.000000,1,1,0,1,0
minute_35_00,63000,100,2010,2,287,line_287,-1,288,1,measured,26.117188,42.243275,2.841941,1.000000,0.250000,1.000000,2.500000,2.000000,3.000000,1,1,0,1,0
minute_35_00,63000,100,2010,2,288,line_288,-1,288,1,measured,130.803131,47.622753,2.782473,1.000000,0.250000,1.000000,2.500000,2.000000,3.000000,1,1,0,1,0
minute_35_00,63001,101,2011,1,24,caption_plus_1,23,25,1,measured,86.467186,38.534306,2.084507,1.000000,0.250000,1.000000,2.500000,2.000000,3.000000,1,1,0,1,0
minute_35_00,63001,101,2011,1,25,caption_plus_2,23,25,1,measured,118.478127,51.087879,2.677621,1.000000,0.250000,1.000000,2.500000,2.000000,3.000000,1,1,0,1,0
minute_35_00,63001,101,2011,1,26,caption_plus_3,23,25,1,measured,125.485939,50.335186,3.006260,1.000000,0.250000,1.000000,2.500000,2.000000,3.000000,1,1,1,1,0
minute_35_00,63001,101,2011,2,286,line_286,-1,288,1,measured,40.867188,44.559681,1.690141,1.000000,0.250000,1.000000,2.500000,2.000000,3.000000,1,1,0,1,0
minute_35_00,63001,101,2011,2,287,line_287,-1,288,1,measured,30.907812,47.048073,3.134585,1.000000,0.250000,1.000000,2.500000,2.000000,3.000000,1,1,1,1,0
minute_35_00,63001,101,2011,2,288,line_288,-1,288,1,measured,128.484375,47.823238,2.757433,1.000000,0.250000,1.000000,2.500000,2.000000,3.000000,1,1,0,1,0
minute_35_00,63002,102,2012,1,25,caption_plus_1,24,23,0,vbi_ambiguous,88.390625,36.960373,2.178404,1.000000,0.250000,1.000000,2.500000,2.000000,3.000000,1,1,0,1,0
minute_35_00,63002,102,2012,1,26,caption_plus_2,24,23,0,vbi_ambiguous,127.834373,54.833649,3.408451,1.000000,0.250000,1.000000,2.500000,2.000000,3.000000,1,1,1,1,0
minute_35_00,63002,102,2012,1,27,caption_plus_3,24,23,0,vbi_ambiguous,125.864059,50.324032,2.918623,1.000000,0.250000,1.000000,2.500000,2.000000,3.000000,1,1,0,1,0
minute_35_00,63002,102,2012,2,286,line_286,-1,288,1,measured,41.532814,44.468693,1.615023,1.000000,0.250000,1.000000,2.500000,2.000000,3.000000,1,1,0,1,0
minute_35_00,63002,102,2012,2,287,line_287,-1,288,1,measured,26.564062,42.426579,2.388106,1.000000,0.250000,1.000000,2.500000,2.000000,3.000000,1,1,0,1,0
minute_35_00,63002,102,2012,2,288,line_288,-1,288,1,measured,130.543747,47.679867,2.851330,1.000000,0.250000,1.000000,2.500000,2.000000,3.000000,1,1,0,1,0
minute_35_00,63003,103,2013,1,24,caption_plus_1,23,25,1,measured,86.493752,38.092075,2.107981,1.000000,0.250000,1.000000,2.500000,2.000000,3.000000,1,1,0,1,0
minute_35_00,63003,103,2013,1,25,caption_plus_2,23,25,1,measured,119.695312,51.962151,2.987480,1.000000,0.250000,1.000000,2.500000,2.000000,3.000000,1,1,0,1,0
minute_35_00,63003,103,2013,1,26,caption_plus_3,23,25,1,measured,125.248436,50.827213,3.090767,1.000000,0.250000,1.000000,2.500000,2.000000,3.000000,1,1,1,1,0
minute_35_00,63003,103,2013,2,286,line_286,-1,288,1,measured,41.540627,44.446156,1.672926,1.000000,0.250000,1.000000,2.500000,2.000000,3.000000,1,1,0,1,0
minute_35_00,63003,103,2013,2,287,line_287,-1,288,1,measured,30.318750,46.244644,2.967136,1.000000,0.250000,1.000000,2.500000,2.000000,3.000000,1,1,0,1,0
minute_35_00,63003,103,2013,2,288,line_288,-1,288,1,measured,129.878128,48.576942,3.040689,1.000000,0.250000,1.000000,2.500000,2.000000,3.000000,1,1,1,1,0
minute_35_00,63004,104,2014,1,25,caption_plus_1,24,23,0,vbi_ambiguous,87.864059,36.706631,2.092332,1.000000,0.250000,1.000000,2.500000,2.000000,3.000000,1,1,0,1,0
minute_35_00,63004,104,2014,1,26,caption_plus_2,24,23,0,vbi_ambiguous,127.348434,55.227020,3.267606,1.000000,0.250000,1.000000,2.500000,2.000000,3.000000,1,1,1,1,0
minute_35_00,63004,104,2014,1,27,caption_plus_3,24,23,0,vbi_ambiguous,124.404686,49.632843,2.848200,1.000000,0.250000,1.000000,2.500000,2.000000,3.000000,1,1,0,1,0
minute_35_00,63004,104,2014,2,286,line_286,-1,288,1,measured,41.431252,44.476768,1.599374,1.000000,0.250000,1.000000,2.500000,2.000000,3.000000,1,1,0,1,0
minute_35_00,63004,104,2014,2,287,line_287,-1,288,1,measured,20.946875,35.183895,2.104851,1.000000,0.250000,1.000000,2.500000,2.000000,3.000000,1,1,0,1,0
minute_35_00,63004,104,2014,2,288,line_288,-1,288,1,measured,129.709381,46.556351,3.122066,1.000000,0.250000,1.000000,2.500000,2.000000,3.000000,1,1,1,1,0
minute_35_00,63005,105,2015,1,24,caption_plus_1,23,25,1,measured,86.892189,36.490269,2.084507,1.000000,0.250000,1.000000,2.500000,2.000000,3.000000,1,1,0,1,0
minute_35_00,63005,105,2015,1,25,caption_plus_2,23,25,1,measured,117.926559,51.359997,2.918623,1.000000,0.250000,1.000000,2.500000,2.000000,3.000000,1,1,0,1,0
minute_35_00,63005,105,2015,1,26,caption_plus_3,23,25,1,measured,123.599998,50.230743,2.857590,1.000000,0.250000,1.000000,2.500000,2.000000,3.000000,1,1,0,1,0
minute_35_00,63005,105,2015,2,286,line_286,-1,288,1,measured,41.254688,44.507473,1.690141,1.000000,0.250000,1.000000,2.500000,2.000000,3.000000,1,1,0,1,0
minute_35_00,63005,105,2015,2,287,line_287,-1,288,1,measured,20.181250,37.135708,2.306729,1.000000,0.250000,1.000000,2.500000,2.000000,3.000000,1,1,0,1,0
minute_35_00,63005,105,2015,2,288,line_288,-1,288,1,measured,126.826561,46.709473,2.978091,1.000000,0.250000,1.000000,2.500000,2.000000,3.000000,1,1,0,1,0
minute_35_00,63006,106,2016,1,24,caption_plus_1,23,25,1,measured,87.754684,36.584927,2.131455,1.000000,0.250000,1.000000,2.500000,2.000000,3.000000,1,1,0,1,0
minute_35_00,63006,106,2016,1,25,caption_plus_2,23,25,1,measured,126.657814,55.707802,3.314554,1.000000,0.250000,1.000000,2.500000,2.000000,3.000000,1,1,1,1,0
minute_35_00,63006,106,2016,1,26,caption_plus_3,23,25,1,measured,123.929688,50.128613,3.031299,1.000000,0.250000,1.000000,2.500000,2.000000,3.000000,1,1,1,1,0
minute_35_00,63006,106,2016,2,286,line_286,-1,287,1,measured,41.318748,43.845089,1.705790,1.000000,0.250000,1.000000,2.500000,2.000000,3.000000,1,1,0,1,0
minute_35_00,63006,106,2016,2,287,line_287,-1,287,1,measured,63.851562,60.766853,6.278560,1.000000,0.250000,1.000000,2.500000,2.000000,3.000000,1,1,1,1,0
minute_35_00,63006,106,2016,2,288,line_288,-1,287,1,measured,124.593750,52.888893,3.591549,1.000000,0.250000,1.000000,2.500000,2.000000,3.000000,1,1,1,1,0
minute_35_00,63007,107,2017,1,24,caption_plus_1,23,25,1,measured,84.853127,38.217598,2.104851,1.000000,0.250000,1.000000,2.500000,2.000000,3.000000,1,1,0,1,0
minute_35_00,63007,107,2017,1,25,caption_plus_2,23,25,1,measured,117.628128,52.208767,2.859155,1.000000,0.250000,1.000000,2.500000,2.000000,3.000000,1,1,0,1,0
minute_35_00,63007,107,2017,1,26,caption_plus_3,23,25,1,measured,123.354691,49.755627,3.093897,1.000000,0.250000,1.000000,2.500000,2.000000,3.000000,1,1,1,1,0
minute_35_00,63007,107,2017,2,286,line_286,-1,287,1,measured,41.978127,44.663212,1.622848,1.000000,0.250000,1.000000,2.500000,2.000000,3.000000,1,1,0,1,0
minute_35_00,63007,107,2017,2,287,line_287,-1,287,1,measured,68.403122,60.797951,6.086072,1.000000,0.250000,1.000000,2.500000,2.000000,3.000000,1,1,1,1,0
minute_35_00,63007,107,2017,2,288,line_288,-1,287,1,measured,124.193748,52.932800,3.682316,1.000000,0.250000,1.000000,2.500000,2.000000,3.000000,1,1,1,1,0
minute_35_00,63008,108,2018,1,24,caption_plus_1,23,25,1,measured,87.042191,36.043896,2.123631,1.000000,0.250000,1.000000,2.500000,2.000000,3.000000,1,1,0,1,0
minute_35_00,63008,108,2018,1,25,caption_plus_2,23,25,1,measured,125.042191,55.849209,3.050078,1.000000,0.250000,1.000000,2.500000,2.000000,3.000000,1,1,1,1,0
minute_35_00,63008,108,2018,1,26,caption_plus_3,23,25,1,measured,121.739059,49.639568,3.070423,1.000000,0.250000,1.000000,2.500000,2.000000,3.000000,1,1,1,1,0
minute_35_00,63008,108,2018,2,286,line_286,-1,288,1,measured,41.317188,44.446186,1.624413,1.000000,0.250000,1.000000,2.500000,2.000000,3.000000,1,1,0,1,0
minute_35_00,63008,108,2018,2,287,line_287,-1,288,1,measured,20.898438,35.167244,2.341158,1.000000,0.250000,1.000000,2.500000,2.000000,3.000000,1,1,0,1,0
minute_35_00,63008,108,2018,2,288,line_288,-1,288,1,measured,125.909378,48.198494,2.928013,1.000000,0.250000,1.000000,2.500000,2.000000,3.000000,1,1,0,1,0
minute_35_00,63009,109,2019,1,24,caption_plus_1,23,25,1,measured,85.731247,37.829216,2.012520,1.000000,0.250000,1.000000,2.500000,2.000000,3.000000,1,1,0,1,0
minute_35_00,63009,109,2019,1,25,caption_plus_2,23,25,1,measured,117.184372,52.198215,2.823161,1.000000,0.250000,1.000000,2.500000,2.000000,3.000000,1,1,0,1,0
minute_35_00,63009,109,2019,1,26,caption_plus_3,23,25,1,measured,122.607811,50.437099,2.998435,1.000000,0.250000,1.000000,2.500000,2.000000,3.000000,1,1,0,1,0
minute_35_00,63009,109,2019,2,286,line_286,-1,288,1,measured,42.153126,44.537254,1.647887,1.000000,0.250000,1.000000,2.500000,2.000000,3.000000,1,1,0,1,0
minute_35_00,63009,109,2019,2,287,line_287,-1,288,1,measured,25.375000,41.286575,3.001565,1.000000,0.250000,1.000000,2.500000,2.000000,3.000000,1,1,1,1,0
minute_35_00,63009,109,2019,2,288,line_288,-1,288,1,measured,127.140625,49.393970,2.910798,1.000000,0.250000,1.000000,2.500000,2.000000,3.000000,1,1,0,1,0
minute_35_00,63010,110,2020,1,25,caption_plus_1,24,23,0,vbi_ambiguous,87.132812,37.015236,2.001565,1.000000,0.250000,1.000000,2.500000,2.000000,3.000000,1,1,0,1,0
minute_35_00,63010,110,2020,1,26,caption_plus_2,24,23,0,vbi_ambiguous,125.542191,55.829437,3.259781,1.000000,0.250000,1.000000,2.500000,2.000000,3.000000,1,1,1,1,0
minute_35_00,63010,110,2020,1,27,caption_plus_3,24,23,0,vbi_ambiguous,122.442184,50.163292,2.907668,1.000000,0.250000,1.000000,2.500000,2.000000,3.000000,1,1,0,1,0
minute_35_00,63010,110,2020,2,286,line_286,-1,288,1,measured,42.198437,44.811893,1.710485,1.000000,0.250000,1.000000,2.500000,2.000000,3.000000,1,1,0,1,0
minute_35_00,63010,110,2020,2,287,line_287,-1,288,1,measured,26.481251,41.441936,2.633803,1.000000,0.250000,1.000000,2.500000,2.000000,3.000000,1,1,0,1,0
minute_35_00,63010,110,2020,2,288,line_288,-1,288,1,measured,128.103119,48.900463,2.970266,1.000000,0.250000,1.000000,2.500000,2.000000,3.000000,1,1,0,1,0
minute_35_00,63011,111,2021,1,25,caption_plus_1,24,23,0,vbi_ambiguous,86.335938,36.601501,1.834116,1.000000,0.250000,1.000000,2.500000,2.000000,3.000000,1,1,0,1,0
minute_35_00,63011,111,2021,1,26,caption_plus_2,24,23,0,vbi_ambiguous,118.328125,52.789898,2.838811,1.000000,0.250000,1.000000,2.500000,2.000000,3.000000,1,1,0,1,0
minute_35_00,63011,111,2021,1,27,caption_plus_3,24,23,0,vbi_ambiguous,122.787498,50.267799,2.971831,1.000000,0.250000,1.000000,2.500000,2.000000,3.000000,1,1,0,1,0
minute_35_00,63011,111,2021,2,286,line_286,-1,288,1,measured,41.478127,44.759178,1.693271,1.000000,0.250000,1.000000,2.500000,2.000000,3.000000,1,1,0,1,0
minute_35_00,63011,111,2021,2,287,line_287,-1,288,1,measured,26.125000,42.352131,2.411581,1.000000,0.250000,1.000000,2.500000,2.000000,3.000000,1,1,0,1,0
minute_35_00,63011,111,2021,2,288,line_288,-1,288,1,measured,127.231247,49.166710,2.790297,1.000000,0.250000,1.000000,2.500000,2.000000,3.000000,1,1,0,1,0
minute_35_00,63012,112,2022,1,25,caption_plus_1,24,23,0,vbi_ambiguous,88.582809,35.453217,2.100157,1.000000,0.250000,1.000000,2.500000,2.000000,3.000000,1,1,0,1,0
minute_35_00,63012,112,2022,1,26,caption_plus_2,24,23,0,vbi_ambiguous,124.921875,55.338337,2.810642,1.000000,0.250000,1.000000,2.500000,2.000000,3.000000,1,1,0,1,0
minute_35_00,63012,112,2022,1,27,caption_plus_3,24,23,0,vbi_ambiguous,121.353127,50.737869,3.029734,1.000000,0.250000,1.000000,2.500000,2.000000,3.000000,1,1,1,1,0
minute_35_00,63012,112,2022,2,286,line_286,-1,288,1,measured,41.514061,44.217537,1.608764,1.000000,0.250000,1.000000,2.500000,2.000000,3.000000,1,1,0,1,0
minute_35_00,63012,112,2022,2,287,line_287,-1,288,1,measured,20.676563,37.121426,2.438185,1.000000,0.250000,1.000000,2.500000,2.000000,3.000000,1,1,0,1,0
minute_35_00,63012,112,2022,2,288,line_288,-1,288,1,measured,127.367188,48.347256,2.687011,1.000000,0.250000,1.000000,2.500000,2.000000,3.000000,1,1,0,1,0
minute_35_00,63013,113,2023,1,25,caption_plus_1,24,23,0,vbi_ambiguous,87.084373,36.583710,2.084507,1.000000,0.250000,1.000000,2.500000,2.000000,3.000000,1,1,0,1,0
minute_35_00,63013,113,2023,1,26,caption_plus_2,24,23,0,vbi_ambiguous,116.965622,52.963535,2.740219,1.000000,0.250000,1.000000,2.500000,2.000000,3.000000,1,1,0,1,0
minute_35_00,63013,113,2023,1,27,caption_plus_3,24,23,0,vbi_ambiguous,121.806252,50.813354,2.885759,1.000000,0.250000,1.000000,2.500000,2.000000,3.000000,1,1,0,1,0
minute_35_00,63013,113,2023,2,286,line_286,-1,288,1,measured,41.229687,44.849247,1.693271,1.000000,0.250000,1.000000,2.500000,2.000000,3.000000,1,1,0,1,0
minute_35_00,63013,113,2023,2,287,line_287,-1,288,1,measured,26.659374,42.579514,3.125196,1.000000,0.250000,1.000000,2.500000,2.000000,3.000000,1,1,1,1,0
minute_35_00,63013,113,2023,2,288,line_288,-1,288,1,measured,124.804688,49.335503,2.735524,1.000000,0.250000,1.000000,2.500000,2.000000,3.000000,1,1,0,1,0
minute_35_00,63014,114,2024,1,24,caption_plus_1,23,25,1,measured,85.659378,36.491432,2.009390,1.000000,0.250000,1.000000,2.500000,2.000000,3.000000,1,1,0,1,0
minute_35_00,63014,114,2024,1,25,caption_plus_2,23,25,1,measured,124.396873,56.119617,2.949922,1.000000,0.250000,1.000000,2.500000,2.000000,3.000000,1,1,0,1,0
minute_35_00,63014,114,2024,1,26,caption_plus_3,23,25,1,measured,121.106247,51.118256,3.075117,1.000000,0.250000,1.000000,2.500000,2.000000,3.000000,1,1,1,1,0
minute_35_00,63014,114,2024,2,286,line_286,-1,288,1,measured,41.192188,44.430695,1.691706,1.000000,0.250000,1.000000,2.500000,2.000000,3.000000,1,1,0,1,0
minute_35_00,63014,114,2024,2,287,line_287,-1,288,1,measured,26.693750,41.454571,3.028169,1.000000,0.250000,1.000000,2.500000,2.000000,3.000000,1,1,1,1,0
minute_35_00,63014,114,2024,2,288,line_288,-1,288,1,measured,126.229691,49.556454,2.762128,1.000000,0.250000,1.000000,2.500000,2.000000,3.000000,1,1,0,1,0
minute_35_00,63015,115,2025,1,24,caption_plus_1,23,25,1,measured,110.821877,20.109764,2.162754,1.000000,0.250000,1.000000,2.500000,2.000000,3.000000,1,1,0,1,0
minute_35_00,63015,115,2025,1,25,caption_plus_2,23,25,1,measured,150.237503,28.912527,3.560250,1.000000,0.250000,1.000000,2.500000,2.000000,3.000000,1,1,1,1,0
minute_35_00,63015,115,2025,1,26,caption_plus_3,23,25,1,measured,152.881256,27.664536,3.172144,1.000000,0.250000,1.000000,2.500000,2.000000,3.000000,1,1,1,1,0
minute_35_00,63015,115,2025,2,286,line_286,-1,288,1,measured,38.862499,43.543259,1.563380,1.000000,0.250000,1.000000,2.500000,2.000000,3.000000,1,1,0,1,0
minute_35_00,63015,115,2025,2,287,line_287,-1,288,1,measured,23.562500,40.827446,2.721440,1.000000,0.250000,1.000000,2.500000,2.000000,3.000000,1,1,0,1,0
minute_35_00,63015,115,2025,2,288,line_288,-1,288,1,measured,150.510941,26.328569,2.696401,1.000000,0.250000,1.000000,2.500000,2.000000,3.000000,1,1,0,1,0
minute_35_00,63016,116,2026,1,24,caption_plus_1,23,25,1,measured,108.348434,20.574306,2.420970,1.000000,0.250000,1.000000,2.500000,2.000000,3.000000,1,1,0,1,0
minute_35_00,63016,116,2026,1,25,caption_plus_2,23,25,1,measured,159.882812,29.738710,3.478873,1.000000,0.250000,1.000000,2.500000,2.000000,3.000000,1,1,1,1,0
minute_35_00,63016,116,2026,1,26,caption_plus_3,23,25,1,measured,148.659378,27.869051,3.397496,1.000000,0.250000,1.000000,2.500000,2.000000,3.000000,1,1,1,1,0
minute_35_00,63016,116,2026,2,286,line_286,-1,288,1,measured,40.298439,43.552555,1.632238,1.000000,0.250000,1.000000,2.500000,2.000000,3.000000,1,1,0,1,0
minute_35_00,63016,116,2026,2,287,line_287,-1,288,1,measured,24.712500,41.020061,2.543036,1.000000,0.250000,1.000000,2.500000,2.000000,3.000000,1,1,0,1,0
minute_35_00,63016,116,2026,2,288,line_288,-1,288,1,measured,153.751556,26.274260,3.021909,1.000000,0.250000,1.000000,2.500000,2.000000,3.000000,1,1,1,1,0
minute_35_00,63017,117,2027,1,25,caption_plus_1,24,26,1,measured,110.406250,17.173580,1.929577,1.000000,0.250000,1.000000,2.500000,2.000000,3.000000,1,1,0,1,0
minute_35_00,63017,117,2027,1,26,caption_plus_2,24,26,1,measured,147.715622,26.233335,2.918623,1.000000,0.250000,1.000000,2.500000,2.000000,3.000000,1,1,0,1,0
minute_35_00,63017,117,2027,1,27,caption_plus_3,24,26,1,measured,149.129684,27.211275,3.284820,1.000000,0.250000,1.000000,2.500000,2.000000,3.000000,1,1,1,1,0
minute_35_00,63017,117,2027,2,286,line_286,-1,288,1,measured,41.750000,44.375492,1.957747,1.000000,0.250000,1.000000,2.500000,2.000000,3.000000,1,1,0,1,0
minute_35_00,63017,117,2027,2,287,line_287,-1,288,1,measured,25.284374,41.224998,2.801252,1.000000,0.250000,1.000000,2.500000,2.000000,3.000000,1,1,0,1,0
minute_35_00,63017,117,2027,2,288,line_288,-1,288,1,measured,151.399994,26.430321,3.306729,1.000000,0.250000,1.000000,2.500000,2.000000,3.000000,1,1,1,1,0
minute_35_00,63018,118,2028,1,24,caption_plus_1,23,23,0,vbi_ambiguous,110.564064,16.826941,1.774648,1.000000,0.250000,1.000000,2.500000,2.000000,3.000000,1,1,0,1,0
minute_35_00,63018,118,2028,1,25,caption_plus_2,23,23,0,vbi_ambiguous,159.079681,28.520084,3.092332,1.000000,0.250000,1.000000,2.500000,2.000000,3.000000,1,1,1,1,0
minute_35_00,63018,118,2028,1,26,caption_plus_3,23,23,0,vbi_ambiguous,147.804688,26.548735,3.223787,1.000000,0.250000,1.000000,2.500000,2.000000,3.000000,1,1,1,1,0
minute_35_00,63018,118,2028,2,286,line_286,-1,288,1,measured,42.114063,43.312073,1.665102,1.000000,0.250000,1.000000,2.500000,2.000000,3.000000,1,1,0,1,0
minute_35_00,63018,118,2028,2,287,line_287,-1,288,1,measured,26.060938,41.499073,2.414711,1.000000,0.250000,1.000000,2.500000,2.000000,3.000000,1,1,0,1,0
minute_35_00,63018,118,2028,2,288,line_288,-1,288,1,measured,153.535934,26.647503,3.089202,1.000000,0.250000,1.000000,2.500000,2.000000,3.000000,1,1,1,1,0
minute_35_00,63019,119,2029,1,25,caption_plus_1,24,26,1,measured,110.673439,17.131329,1.794992,1.000000,0.250000,1.000000,2.500000,2.000000,3.000000,1,1,0,1,0
minute_35_00,63019,119,2029,1,26,caption_plus_2,24,26,1,measured,147.593750,25.826658,2.877934,1.000000,0.250000,1.000000,2.500000,2.000000,3.000000,1,1,0,1,0
minute_35_00,63019,119,2029,1,27,caption_plus_3,24,26,1,measured,149.107819,26.892597,3.095462,1.000000,0.250000,1.000000,2.500000,2.000000,3.000000,1,1,1,1,0
minute_35_00,63019,119,2029,2,286,line_286,-1,288,1,measured,41.032814,43.261097,1.712050,1.000000,0.250000,1.000000,2.500000,2.000000,3.000000,1,1,0,1,0
minute_35_00,63019,119,2029,2,287,line_287,-1,288,1,measured,30.287500,45.183189,2.655712,1.000000,0.250000,1.000000,2.500000,2.000000,3.000000,1,1,0,1,0
minute_35_00,63019,119,2029,2,288,line_288,-1,288,1,measured,152.432816,25.874792,2.708920,1.000000,0.250000,1.000000,2.500000,2.000000,3.000000,1,1,0,1,0
minute_35_00,63020,120,2030,1,25,caption_plus_1,24,26,1,measured,110.092186,17.232126,1.821596,1.000000,0.250000,1.000000,2.500000,2.000000,3.000000,1,1,0,1,0
minute_35_00,63020,120,2030,1,26,caption_plus_2,24,26,1,measured,158.334381,27.528463,3.064163,1.000000,0.250000,1.000000,2.500000,2.000000,3.000000,1,1,1,1,0
minute_35_00,63020,120,2030,1,27,caption_plus_3,24,26,1,measured,146.412506,27.263676,3.320814,1.000000,0.250000,1.000000,2.500000,2.000000,3.000000,1,1,1,1,0
minute_35_00,63020,120,2030,2,286,line_286,-1,288,1,measured,41.178123,42.878021,1.683881,1.000000,0.250000,1.000000,2.500000,2.000000,3.000000,1,1,0,1,0
minute_35_00,63020,120,2030,2,287,line_287,-1,288,1,measured,21.203125,35.094681,2.392801,1.000000,0.250000,1.000000,2.500000,2.000000,3.000000,1,1,0,1,0
minute_35_00,63020,120,2030,2,288,line_288,-1,288,1,measured,152.868744,25.701683,3.017214,1.000000,0.250000,1.000000,2.500000,2.000000,3.000000,1,1,1,1,0
minute_35_00,63021,121,2031,1,24,caption_plus_1,23,25,1,measured,110.776566,16.397554,1.615023,1.000000,0.250000,1.000000,2.500000,2.000000,3.000000,1,1,0,1,0
minute_35_00,63021,121,2031,1,25,caption_plus_2,23,25,1,measured,148.696869,26.125275,2.896714,1.000000,0.250000,1.000000,2.500000,2.000000,3.000000,1,1,0,1,0
minute_35_00,63021,121,2031,1,26,caption_plus_3,23,25,1,measured,148.207809,27.172234,3.392801,1.000000,0.250000,1.000000,2.500000,2.000000,3.000000,1,1,1,1,0
minute_35_00,63021,121,2031,2,286,line_286,-1,288,1,measured,41.470314,43.809166,1.723005,1.000000,0.250000,1.000000,2.500000,2.000000,3.000000,1,1,0,1,0
minute_35_00,63021,121,2031,2,287,line_287,-1,288,1,measured,24.646875,40.299934,3.031299,1.000000,0.250000,1.000000,2.500000,2.000000,3.000000,1,1,1,1,0
minute_35_00,63021,121,2031,2,288,line_288,-1,288,1,measured,153.078125,26.070040,3.206573,1.000000,0.250000,1.000000,2.500000,2.000000,3.000000,1,1,1,1,0
minute_35_00,63022,122,2032,1,25,caption_plus_1,24,23,0,vbi_ambiguous,110.282814,16.835686,1.602504,1.000000,0.250000,1.000000,2.500000,2.000000,3.000000,1,1,0,1,0
minute_35_00,63022,122,2032,1,26,caption_plus_2,24,23,0,vbi_ambiguous,158.115631,28.608713,3.081377,1.000000,0.250000,1.000000,2.500000,2.000000,3.000000,1,1,1,1,0
minute_35_00,63022,122,2032,1,27,caption_plus_3,24,23,0,vbi_ambiguous,147.678131,26.885105,3.302034,1.000000,0.250000,1.000000,2.500000,2.000000,3.000000,1,1,1,1,0
minute_35_00,63022,122,2032,2,286,line_286,-1,288,1,measured,42.312500,43.516727,1.690141,1.000000,0.250000,1.000000,2.500000,2.000000,3.000000,1,1,0,1,0
minute_35_00,63022,122,2032,2,287,line_287,-1,288,1,measured,26.457813,41.186256,3.106416,1.000000,0.250000,1.000000,2.500000,2.000000,3.000000,1,1,1,1,0
minute_35_00,63022,122,2032,2,288,line_288,-1,288,1,measured,152.801559,25.762856,2.651017,1.000000,0.250000,1.000000,2.500000,2.000000,3.000000,1,1,0,1,0
minute_35_00,63023,123,2033,1,24,caption_plus_1,23,23,0,vbi_ambiguous,109.690628,16.160559,1.492958,1.000000,0.250000,1.000000,2.500000,2.000000,3.000000,1,1,0,1,0
minute_35_00,63023,123,2033,1,25,caption_plus_2,23,23,0,vbi_ambiguous,145.921875,26.370026,2.785603,1.000000,0.250000,1.000000,2.500000,2.000000,3.000000,1,1,0,1,0
minute_35_00,63023,123,2033,1,26,caption_plus_3,23,23,0,vbi_ambiguous,147.404694,26.630053,3.118936,1.000000,0.250000,1.000000,2.500000,2.000000,3.000000,1,1,1,1,0
minute_35_00,63023,123,2033,2,286,line_286,-1,288,1,measured,42.310936,43.234661,1.895149,1.000000,0.250000,1.000000,2.500000,2.000000,3.000000,1,1,0,1,0
minute_35_00,63023,123,2033,2,287,line_287,-1,288,1,measured,25.898438,41.375572,2.802817,1.000000,0.250000,1.000000,2.500000,2.000000,3.000000,1,1,0,1,0
minute_35_00,63023,123,2033,2,288,line_288,-1,288,1,measured,150.668747,26.073208,2.582160,1.000000,0.250000,1.000000,2.500000,2.000000,3.000000,1,1,0,1,0
minute_35_00,63024,124,2034,1,24,caption_plus_1,23,25,1,measured,110.164062,14.399857,1.372457,1.000000,0.250000,1.000000,2.500000,2.000000,3.000000,1,1,0,1,0
minute_35_00,63024,124,2034,1,25,caption_plus_2,23,25,1,measured,155.870316,27.039793,2.428795,1.000000,0.250000,1.000000,2.500000,2.000000,3.000000,1,1,0,1,0
minute_35_00,63024,124,2034,1,26,caption_plus_3,23,25,1,measured,145.046875,27.395214,3.103286,1.000000,0.250000,1.000000,2.500000,2.000000,3.000000,1,1,1,1,0
minute_35_00,63024,124,2034,2,286,line_286,-1,287,1,measured,42.437500,43.278088,1.577465,1.000000,0.250000,1.000000,2.500000,2.000000,3.000000,1,1,0,1,0
minute_35_00,63024,124,2034,2,287,line_287,-1,287,1,measured,61.951561,57.747234,6.945227,1.000000,0.250000,1.000000,2.500000,2.000000,3.000000,1,1,1,1,0
minute_35_00,63024,124,2034,2,288,line_288,-1,287,1,measured,151.748444,27.267784,2.906103,1.000000,0.250000,1.000000,2.500000,2.000000,3.000000,1,1,0,1,0
minute_35_00,63025,125,2035,1,25,caption_plus_1,24,26,1,measured,111.432816,13.595559,1.276995,1.000000,0.250000,1.000000,2.500000,2.000000,3.000000,1,1,0,1,0
minute_35_00,63025,125,2035,1,26,caption_plus_2,24,26,1,measured,146.265625,23.656487,2.017214,1.000000,0.250000,1.000000,2.500000,2.000000,3.000000,1,1,0,1,0
minute_35_00,63025,125,2035,1,27,caption_plus_3,24,26,1,measured,145.620316,26.708050,2.705790,1.000000,0.250000,1.000000,2.500000,2.000000,3.000000,1,1,0,1,0
minute_35_00,63025,125,2035,2,286,line_286,-1,287,1,measured,41.868752,43.882957,1.697966,1.000000,0.250000,1.000000,2.500000,2.000000,3.000000,1,1,0,1,0
minute_35_00,63025,125,2035,2,287,line_287,-1,287,1,measured,65.517189,57.234249,6.879499,1.000000,0.250000,1.000000,2.500000,2.000000,3.000000,1,1,1,1,0
minute_35_00,63025,125,2035,2,288,line_288,-1,287,1,measured,151.315628,26.223148,2.500782,1.000000,0.250000,1.000000,2.500000,2.000000,3.000000,1,1,0,1,0
minute_35_00,63026,126,2036,1,25,caption_plus_1,24,26,1,measured,112.154686,13.813811,1.194053,1.000000,0.250000,1.000000,2.500000,2.000000,3.000000,1,1,0,1,0
minute_35_00,63026,126,2036,1,26,caption_plus_2,24,26,1,measured,158.790619,23.949881,1.992175,1.000000,0.250000,1.000000,2.500000,2.000000,3.000000,1,1,0,1,0
minute_35_00,63026,126,2036,1,27,caption_plus_3,24,26,1,measured,144.587494,27.481560,2.658842,1.000000,0.250000,1.000000,2.500000,2.000000,3.000000,1,1,0,1,0
minute_35_00,63026,126,2036,2,286,line_286,-1,287,1,measured,41.660938,43.227875,1.751174,1.000000,0.250000,1.000000,2.500000,2.000000,3.000000,1,1,0,1,0
minute_35_00,63026,126,2036,2,287,line_287,-1,287,1,measured,67.245316,58.467705,7.334898,1.000000,0.250000,1.000000,2.500000,2.000000,3.000000,1,1,1,1,0
minute_35_00,63026,126,2036,2,288,line_288,-1,287,1,measured,153.899994,24.055588,2.126760,1.000000,0.250000,1.000000,2.500000,2.000000,3.000000,1,1,0,1,0
minute_35_00,63027,127,2037,1,24,caption_plus_1,23,25,1,measured,111.318748,14.787715,1.181534,1.000000,0.250000,1.000000,2.500000,2.000000,3.000000,1,1,0,1,0
minute_35_00,63027,127,2037,1,25,caption_plus_2,23,25,1,measured,146.393753,21.687870,1.649452,1.000000,0.250000,1.000000,2.500000,2.000000,3.000000,1,1,0,1,0
minute_35_00,63027,127,2037,1,26,caption_plus_3,23,25,1,measured,145.189056,24.560007,2.322379,1.000000,0.250000,1.000000,2.500000,2.000000,3.000000,1,1,0,1,0
minute_35_00,63027,127,2037,2,286,line_286,-1,287,1,measured,40.860939,42.599163,1.624413,1.000000,0.250000,1.000000,2.500000,2.000000,3.000000,1,1,0,1,0
minute_35_00,63027,127,2037,2,287,line_287,-1,287,1,measured,70.324997,57.621265,6.507042,1.000000,0.250000,1.000000,2.500000,2.000000,3.000000,1,1,1,1,0
minute_35_00,63027,127,2037,2,288,line_288,-1,287,1,measured,153.226562,22.902243,1.976526,1.000000,0.250000,1.000000,2.500000,2.000000,3.000000,1,1,0,1,0
minute_35_00,63028,128,2038,1,24,caption_plus_1,23,25,1,measured,111.295311,14.270226,1.212833,1.000000,0.250000,1.000000,2.500000,2.000000,3.000000,1,1,0,1,0
minute_35_00,63028,128,2038,1,25,caption_plus_2,23,25,1,measured,159.079681,23.327055,1.743349,1.000000,0.250000,1.000000,2.500000,2.000000,3.000000,1,1,0,1,0
minute_35_00,63028,128,2038,1,26,caption_plus_3,23,25,1,measured,145.610931,24.239756,2.214397,1.000000,0.250000,1.000000,2.500000,2.000000,3.000000,1,1,0,1,0
minute_35_00,63028,128,2038,2,286,line_286,-1,287,1,measured,41.529686,43.049274,1.688576,1.000000,0.250000,1.000000,2.500000,2.000000,3.000000,1,1,0,1,0
minute_35_00,63028,128,2038,2,287,line_287,-1,287,1,measured,61.137501,59.423508,6.366197,1.000000,0.250000,1.000000,2.500000,2.000000,3.000000,1,1,1,1,0
minute_35_00,63028,128,2038,2,288,line_288,-1,287,1,measured,154.635941,22.557919,1.954617,1.000000,0.250000,1.000000,2.500000,2.000000,3.000000,1,1,0,1,0
minute_35_00,63029,129,2039,1,25,caption_plus_1,24,26,1,measured,112.506248,14.407463,1.236307,1.000000,0.250000,1.000000,2.500000,2.000000,3.000000,1,1,0,1,0
minute_35_00,63029,129,2039,1,26,caption_plus_2,24,26,1,measured,148.593750,22.093494,1.621283,1.000000,0.250000,1.000000,2.500000,2.000000,3.000000,1,1,0,1,0
minute_35_00,63029,129,2039,1,27,caption_plus_3,24,26,1,measured,147.670319,21.936037,1.755869,1.000000,0.250000,1.000000,2.500000,2.000000,3.000000,1,1,0,1,0
minute_35_00,63029,129,2039,2,286,line_286,-1,287,1,measured,41.914062,43.210571,1.702660,1.000000,0.250000,1.000000,2.500000,2.000000,3.000000,1,1,0,1,0
minute_35_00,63029,129,2039,2,287,line_287,-1,287,1,measured,61.542187,58.251995,5.835681,1.000000,0.250000,1.000000,2.500000,2.000000,3.000000,1,1,1,1,0
minute_35_00,63029,129,2039,2,288,line_288,-1,287,1,measured,154.021881,22.996387,1.782473,1.000000,0.250000,1.000000,2.500000,2.000000,3.000000,1,1,0,1,0
minute_35_00,63030,130,2040,1,25,caption_plus_1,24,26,1,measured,111.351562,14.443094,1.175274,1.000000,0.250000,1.000000,2.500000,2.000000,3.000000,1,1,0,1,0
minute_35_00,63030,130,2040,1,26,caption_plus_2,24,26,1,measured,158.189056,23.773216,1.624413,1.000000,0.250000,1.000000,2.500000,2.000000,3.000000,1,1,0,1,0
minute_35_00,63030,130,2040,1,27,caption_plus_3,24,26,1,measured,146.218750,22.778463,1.890454,1.000000,0.250000,1.000000,2.500000,2.000000,3.000000,1,1,0,1,0
minute_35_00,63030,130,2040,2,286,line_286,-1,288,1,measured,41.364063,42.748360,1.704225,1.000000,0.250000,1.000000,2.500000,2.000000,3.000000,1,1,0,1,0
minute_35_00,63030,130,2040,2,287,line_287,-1,288,1,measured,25.851562,40.530987,2.769953,1.000000,0.250000,1.000000,2.500000,2.000000,3.000000,1,1,0,1,0
minute_35_00,63030,130,2040,2,288,line_288,-1,288,1,measured,153.220306,21.318563,1.591549,1.000000,0.250000,1.000000,2.500000,2.000000,3.000000,1,1,0,1,0
minute_35_00,63031,131,2041,1,25,caption_plus_1,24,26,1,measured,111.396873,14.838147,1.242566,1.000000,0.250000,1.000000,2.500000,2.000000,3.000000,1,1,0,1,0
minute_35_00,63031,131,2041,1,26,caption_plus_2,24,26,1,measured,147.682816,21.270382,1.431925,1.000000,0.250000,1.000000,2.500000,2.000000,3.000000,1,1,0,1,0
minute_35_00,63031,131,2041,1,27,caption_plus_3,24,26,1,measured,147.548431,22.176865,1.766823,1.000000,0.250000,1.000000,2.500000,2.000000,3.000000,1,1,0,1,0
minute_35_00,63031,131,2041,2,286,line_286,-1,288,1,measured,41.337502,42.733315,1.636933,1.000000,0.250000,1.000000,2.500000,2.000000,3.000000,1,1,0,1,0
minute_35_00,63031,131,2041,2,287,line_287,-1,288,1,measured,30.823437,45.109882,2.985915,1.000000,0.250000,1.000000,2.500000,2.000000,3.000000,1,1,0,1,0
minute_35_00,63031,131,2041,2,288,line_288,-1,288,1,measured,151.698441,21.353308,1.525822,1.000000,0.250000,1.000000,2.500000,2.000000,3.000000,1,1,0,1,0
minute_35_00,63032,132,2042,1,25,caption_plus_1,24,23,0,vbi_ambiguous,111.335938,14.984512,1.311424,1.000000,0.250000,1.000000,2.500000,2.000000,3.000000,1,1,0,1,0
minute_35_00,63032,132,2042,1,26,caption_plus_2,24,23,0,vbi_ambiguous,158.462494,23.308765,1.699530,1.000000,0.250000,1.000000,2.500000,2.000000,3.000000,1,1,0,1,0
minute_35_00,63032,132,2042,1,27,caption_plus_3,24,23,0,vbi_ambiguous,145.568756,22.994326,1.892019,1.000000,0.250000,1.000000,2.500000,2.000000,3.000000,1,1,0,1,0
minute_35_00,63032,132,2042,2,286,line_286,-1,288,1,measured,41.207813,42.935589,1.683881,1.000000,0.250000,1.000000,2.500000,2.000000,3.000000,1,1,0,1,0
minute_35_00,63032,132,2042,2,287,line_287,-1,288,1,measured,25.429688,41.395931,2.344288,1.000000,0.250000,1.000000,2.500000,2.000000,3.000000,1,1,0,1,0
minute_35_00,63032,132,2042,2,288,line_288,-1,288,1,measured,153.428131,21.942064,1.685446,1.000000,0.250000,1.000000,2.500000,2.000000,3.000000,1,1,0,1,0
minute_35_00,63033,133,2043,1,24,caption_plus_1,23,25,1,measured,110.848434,13.968955,1.251956,1.000000,0.250000,1.000000,2.500000,2.000000,3.000000,1,1,0,1,0
minute_35_00,63033,133,2043,1,25,caption_plus_2,23,25,1,measured,148.854691,21.296400,1.464789,1.000000,0.250000,1.000000,2.500000,2.000000,3.000000,1,1,0,1,0
minute_35_00,63033,133,2043,1,26,caption_plus_3,23,25,1,measured,147.676559,21.885071,1.674491,1.000000,0.250000,1.000000,2.500000,2.000000,3.000000,1,1,0,1,0
minute_35_00,63033,133,2043,2,286,line_286,-1,288,1,measured,42.034374,42.683487,1.665102,1.000000,0.250000,1.000000,2.500000,2.000000,3.000000,1,1,0,1,0
minute_35_00,63033,133,2043,2,287,line_287,-1,288,1,measured,31.226562,44.604725,2.957747,1.000000,0.250000,1.000000,2.500000,2.000000,3.000000,1,1,0,1,0
minute_35_00,63033,133,2043,2,288,line_288,-1,288,1,measured,152.168747,21.844185,1.624413,1.000000,0.250000,1.000000,2.500000,2.000000,3.000000,1,1,0,1,0
minute_35_00,63034,134,2044,1,25,caption_plus_1,24,26,1,measured,111.567184,14.442078,1.278560,1.000000,0.250000,1.000000,2.500000,2.000000,3.000000,1,1,0,1,0
minute_35_00,63034,134,2044,1,26,caption_plus_2,24,26,1,measured,159.290619,24.019846,1.658842,1.000000,0.250000,1.000000,2.500000,2.000000,3.000000,1,1,0,1,0
minute_35_00,63034,134,2044,1,27,caption_plus_3,24,26,1,measured,145.712494,22.550537,1.744914,1.000000,0.250000,1.000000,2.500000,2.000000,3.000000,1,1,0,1,0
minute_35_00,63034,134,2044,2,286,line_286,-1,288,1,measured,41.337502,42.805832,1.611894,1.000000,0.250000,1.000000,2.500000,2.000000,3.000000,1,1,0,1,0
minute_35_00,63034,134,2044,2,287,line_287,-1,288,1,measured,19.889063,34.650963,2.117371,1.000000,0.250000,1.000000,2.500000,2.000000,3.000000,1,1,0,1,0
minute_35_00,63034,134,2044,2,288,line_288,-1,288,1,measured,153.145309,22.363178,1.715180,1.000000,0.250000,1.000000,2.500000,2.000000,3.000000,1,1,0,1,0
minute_35_00,63035,135,2045,1,25,caption_plus_1,24,23,0,vbi_ambiguous,113.189064,14.170288,1.198748,1.000000,0.250000,1.000000,2.500000,2.000000,3.000000,1,1,0,1,0
minute_35_00,63035,135,2045,1,26,caption_plus_2,24,23,0,vbi_ambiguous,149.676559,21.830671,1.511737,1.000000,0.250000,1.000000,2.500000,2.000000,3.000000,1,1,0,1,0
minute_35_00,63035,135,2045,1,27,caption_plus_3,24,23,0,vbi_ambiguous,149.040619,21.921127,1.539906,1.000000,0.250000,1.000000,2.500000,2.000000,3.000000,1,1,0,1,0
minute_35_00,63035,135,2045,2,286,line_286,-1,288,1,measured,41.990623,43.900063,1.690141,1.000000,0.250000,1.000000,2.500000,2.000000,3.000000,1,1,0,1,0
minute_35_00,63035,135,2045,2,287,line_287,-1,288,1,measured,20.284374,35.249603,2.399061,1.000000,0.250000,1.000000,2.500000,2.000000,3.000000,1,1,0,1,0
minute_35_00,63035,135,2045,2,288,line_288,-1,288,1,measured,151.653122,21.328568,1.641628,1.000000,0.250000,1.000000,2.500000,2.000000,3.000000,1,1,0,1,0
minute_35_00,63036,136,2046,1,25,caption_plus_1,24,23,0,vbi_ambiguous,112.796875,14.458755,1.262911,1.000000,0.250000,1.000000,2.500000,2.000000,3.000000,1,1,0,1,0
minute_35_00,63036,136,2046,1,26,caption_plus_2,24,23,0,vbi_ambiguous,159.593750,23.527657,1.589984,1.000000,0.250000,1.000000,2.500000,2.000000,3.000000,1,1,0,1,0
minute_35_00,63036,136,2046,1,27,caption_plus_3,24,23,0,vbi_ambiguous,146.515625,22.539959,1.644757,1.000000,0.250000,1.000000,2.500000,2.000000,3.000000,1,1,0,1,0
minute_35_00,63036,136,2046,2,286,line_286,-1,287,1,measured,41.001564,43.069294,1.657277,1.000000,0.250000,1.000000,2.500000,2.000000,3.000000,1,1,0,1,0
minute_35_00,63036,136,2046,2,287,line_287,-1,287,1,measured,60.450001,58.426617,5.917058,1.000000,0.250000,1.000000,2.500000,2.000000,3.000000,1,1,1,1,0
minute_35_00,63036,136,2046,2,288,line_288,-1,287,1,measured,154.753128,23.028481,1.987480,1.000000,0.250000,1.000000,2.500000,2.000000,3.000000,1,1,0,1,0
minute_35_00,63037,137,2047,1,25,caption_plus_1,24,23,0,vbi_ambiguous,110.114059,13.738101,1.231612,1.000000,0.250000,1.000000,2.500000,2.000000,3.000000,1,1,0,1,0
minute_35_00,63037,137,2047,1,26,caption_plus_2,24,23,0,vbi_ambiguous,147.615631,22.085114,1.467919,1.000000,0.250000,1.000000,2.500000,2.000000,3.000000,1,1,0,1,0
minute_35_00,63037,137,2047,1,27,caption_plus_3,24,23,0,vbi_ambiguous,146.992188,21.782984,1.547731,1.000000,0.250000,1.000000,2.500000,2.000000,3.000000,1,1,0,1,0
minute_35_00,63037,137,2047,2,286,line_286,-1,287,1,measured,41.382812,42.851765,1.683881,1.000000,0.250000,1.000000,2.500000,2.000000,3.000000,1,1,0,1,0
minute_35_00,63037,137,2047,2,287,line_287,-1,287,1,measured,61.321877,58.012115,5.948357,1.000000,0.250000,1.000000,2.500000,2.000000,3.000000,1,1,1,1,0
minute_35_00,63037,137,2047,2,288,line_288,-1,287,1,measured,152.917191,22.558695,1.790297,1.000000,0.250000,1.000000,2.500000,2.000000,3.000000,1,1,0,1,0
minute_35_00,63038,138,2048,1,25,caption_plus_1,24,23,0,vbi_ambiguous,111.231247,14.154602,1.297340,1.000000,0.250000,1.000000,2.500000,2.000000,3.000000,1,1,0,1,0
minute_35_00,63038,138,2048,1,26,caption_plus_2,24,23,0,vbi_ambiguous,158.298431,24.190584,1.525822,1.000000,0.250000,1.000000,2.500000,2.000000,3.000000,1,1,0,1,0
minute_35_00,63038,138,2048,1,27,caption_plus_3,24,23,0,vbi_ambiguous,146.134369,22.321459,1.699530,1.000000,0.250000,1.000000,2.500000,2.000000,3.000000,1,1,0,1,0
minute_35_00,63038,138,2048,2,286,line_286,-1,288,1,measured,41.289062,42.665733,1.661972,1.000000,0.250000,1.000000,2.500000,2.000000,3.000000,1,1,0,1,0
minute_35_00,63038,138,2048,2,287,line_287,-1,288,1,measured,20.735937,34.949345,2.253521,1.000000,0.250000,1.000000,2.500000,2.000000,3.000000,1,1,0,1,0
minute_35_00,63038,138,2048,2,288,line_288,-1,288,1,measured,153.918747,22.032072,1.561815,1.000000,0.250000,1.000000,2.500000,2.000000,3.000000,1,1,0,1,0
minute_35_00,63039,139,2049,1,24,caption_plus_1,23,25,1,measured,111.504684,14.138377,1.217527,1.000000,0.250000,1.000000,2.500000,2.000000,3.000000,1,1,0,1,0
minute_35_00,63039,139,2049,1,25,caption_plus_2,23,25,1,measured,148.514069,22.524149,1.450704,1.000000,0.250000,1.000000,2.500000,2.000000,3.000000,1,1,0,1,0
minute_35_00,63039,139,2049,1,26,caption_plus_3,23,25,1,measured,148.237503,21.476290,1.517997,1.000000,0.250000,1.000000,2.500000,2.000000,3.000000,1,1,0,1,0
minute_35_00,63039,139,2049,2,286,line_286,-1,288,1,measured,41.246876,43.216663,1.615023,1.000000,0.250000,1.000000,2.500000,2.000000,3.000000,1,1,0,1,0
minute_35_00,63039,139,2049,2,287,line_287,-1,288,1,measured,24.670313,40.708595,2.898278,1.000000,0.250000,1.000000,2.500000,2.000000,3.000000,1,1,0,1,0
minute_35_00,63039,139,2049,2,288,line_288,-1,288,1,measured,152.574997,21.874157,1.604069,1.000000,0.250000,1.000000,2.500000,2.000000,3.000000,1,1,0,1,0
minute_35_00,63040,140,2050,1,24,caption_plus_1,23,23,0,vbi_ambiguous,113.070312,13.538246,1.228482,1.000000,0.250000,1.000000,2.500000,2.000000,3.000000,1,1,0,1,0
minute_35_00,63040,140,2050,1,25,caption_plus_2,23,23,0,vbi_ambiguous,159.846878,24.212633,1.602504,1.000000,0.250000,1.000000,2.500000,2.000000,3.000000,1,1,0,1,0
minute_35_00,63040,140,2050,1,26,caption_plus_3,23,23,0,vbi_ambiguous,147.457809,22.696671,1.553991,1.000000,0.250000,1.000000,2.500000,2.000000,3.000000,1,1,0,1,0
minute_35_00,63040,140,2050,2,286,line_286,-1,288,1,measured,41.018749,42.268555,1.672926,1.000000,0.250000,1.000000,2.500000,2.000000,3.000000,1,1,0,1,0
minute_35_00,63040,140,2050,2,287,line_287,-1,288,1,measured,24.996876,40.020348,2.395931,1.000000,0.250000,1.000000,2.500000,2.000000,3.000000,1,1,0,1,0
minute_35_00,63040,140,2050,2,288,line_288,-1,288,1,measured,152.903122,22.422157,1.604069,1.000000,0.250000,1.000000,2.500000,2.000000,3.000000,1,1,0,1,0
minute_35_00,63041,141,2051,1,25,caption_plus_1,24,23,0,vbi_ambiguous,111.585938,13.870566,1.220657,1.000000,0.250000,1.000000,2.500000,2.000000,3.000000,1,1,0,1,0
minute_35_00,63041,141,2051,1,26,caption_plus_2,24,23,0,vbi_ambiguous,148.550003,21.886583,1.466354,1.000000,0.250000,1.000000,2.500000,2.000000,3.000000,1,1,0,1,0
minute_35_00,63041,141,2051,1,27,caption_plus_3,24,23,0,vbi_ambiguous,147.537506,22.558226,1.489828,1.000000,0.250000,1.000000,2.500000,2.000000,3.000000,1,1,0,1,0
minute_35_00,63041,141,2051,2,286,line_286,-1,288,1,measured,40.696877,43.047741,1.600939,1.000000,0.250000,1.000000,2.500000,2.000000,3.000000,1,1,0,1,0
minute_35_00,63041,141,2051,2,287,line_287,-1,288,1,measured,25.590626,41.006458,2.358372,1.000000,0.250000,1.000000,2.500000,2.000000,3.000000,1,1,0,1,0
minute_35_00,63041,141,2051,2,288,line_288,-1,288,1,measured,152.367188,22.527992,1.633803,1.000000,0.250000,1.000000,2.500000,2.000000,3.000000,1,1,0,1,0
minute_35_00,63042,142,2052,1,25,caption_plus_1,24,23,0,vbi_ambiguous,112.057816,14.022017,1.223787,1.000000,0.250000,1.000000,2.500000,2.000000,3.000000,1,1,0,1,0
minute_35_00,63042,142,2052,1,26,caption_plus_2,24,23,0,vbi_ambiguous,159.570312,23.013746,1.513302,1.000000,0.250000,1.000000,2.500000,2.000000,3.000000,1,1,0,1,0
minute_35_00,63042,142,2052,1,27,caption_plus_3,24,23,0,vbi_ambiguous,146.471878,23.322182,1.625978,1.000000,0.250000,1.000000,2.500000,2.000000,3.000000,1,1,0,1,0
minute_35_00,63042,142,2052,2,286,line_286,-1,288,1,measured,41.093750,43.482616,1.672926,1.000000,0.250000,1.000000,2.500000,2.000000,3.000000,1,1,0,1,0
minute_35_00,63042,142,2052,2,287,line_287,-1,288,1,measured,19.792187,35.597912,2.339593,1.000000,0.250000,1.000000,2.500000,2.000000,3.000000,1,1,0,1,0
minute_35_00,63042,142,2052,2,288,line_288,-1,288,1,measured,152.017181,22.292475,1.687011,1.000000,0.250000,1.000000,2.500000,2.000000,3.000000,1,1,0,1,0
minute_35_00,63043,143,2053,1,25,caption_plus_1,24,23,0,vbi_ambiguous,112.867188,14.083884,1.223787,1.000000,0.250000,1.000000,2.500000,2.000000,3.000000,1,1,0,1,0
minute_35_00,63043,143,2053,1,26,caption_plus_2,24,23,0,vbi_ambiguous,149.129684,22.225275,1.516432,1.000000,0.250000,1.000000,2.500000,2.000000,3.000000,1,1,0,1,0
minute_35_00,63043,143,2053,1,27,caption_plus_3,24,23,0,vbi_ambiguous,147.649994,22.842381,1.600939,1.000000,0.250000,1.000000,2.500000,2.000000,3.000000,1,1,0,1,0
minute_35_00,63043,143,2053,2,286,line_286,-1,288,1,measured,42.001564,42.646751,1.721440,1.000000,0.250000,1.000000,2.500000,2.000000,3.000000,1,1,0,1,0
minute_35_00,63043,143,2053,2,287,line_287,-1,288,1,measured,25.445312,40.819077,2.918623,1.000000,0.250000,1.000000,2.500000,2.000000,3.000000,1,1,0,1,0
minute_35_00,63043,143,2053,2,288,line_288,-1,288,1,measured,153.307816,21.850428,1.527387,1.000000,0.250000,1.000000,2.500000,2.000000,3.000000,1,1,0,1,0
minute_35_00,63044,144,2054,1,25,caption_plus_1,24,23,0,vbi_ambiguous,111.690628,13.861974,1.305164,1.000000,0.250000,1.000000,2.500000,2.000000,3.000000,1,1,0,1,0
minute_35_00,63044,144,2054,1,26,caption_plus_2,24,23,0,vbi_ambiguous,159.654694,23.809750,1.605634,1.000000,0.250000,1.000000,2.500000,2.000000,3.000000,1,1,0,1,0
minute_35_00,63044,144,2054,1,27,caption_plus_3,24,23,0,vbi_ambiguous,146.895309,23.282370,1.713615,1.000000,0.250000,1.000000,2.500000,2.000000,3.000000,1,1,0,1,0
minute_35_00,63044,144,2054,2,286,line_286,-1,288,1,measured,39.951561,42.799412,1.633803,1.000000,0.250000,1.000000,2.500000,2.000000,3.000000,1,1,0,1,0
minute_35_00,63044,144,2054,2,287,line_287,-1,288,1,measured,24.112499,40.532700,2.901408,1.000000,0.250000,1.000000,2.500000,2.000000,3.000000,1,1,0,1,0
minute_35_00,63044,144,2054,2,288,line_288,-1,288,1,measured,153.285934,21.551851,1.577465,1.000000,0.250000,1.000000,2.500000,2.000000,3.000000,1,1,0,1,0
minute_35_00,63045,145,2055,1,25,caption_plus_1,24,23,0,vbi_ambiguous,112.879684,14.382050,1.348983,1.000000,0.250000,1.000000,2.500000,2.000000,3.000000,1,1,0,1,0
minute_35_00,63045,145,2055,1,26,caption_plus_2,24,23,0,vbi_ambiguous,150.065628,21.683853,1.532081,1.000000,0.250000,1.000000,2.500000,2.000000,3.000000,1,1,0,1,0
minute_35_00,63045,145,2055,1,27,caption_plus_3,24,23,0,vbi_ambiguous,147.996872,22.777456,1.568075,1.000000,0.250000,1.000000,2.500000,2.000000,3.000000,1,1,0,1,0
minute_35_00,63045,145,2055,2,286,line_286,-1,288,1,measured,40.757812,43.201336,1.649452,1.000000,0.250000,1.000000,2.500000,2.000000,3.000000,1,1,0,1,0
minute_35_00,63045,145,2055,2,287,line_287,-1,288,1,measured,25.032812,40.770168,2.649452,1.000000,0.250000,1.000000,2.500000,2.000000,3.000000,1,1,0,1,0
minute_35_00,63045,145,2055,2,288,line_288,-1,288,1,measured,154.178131,22.347248,1.694836,1.000000,0.250000,1.000000,2.500000,2.000000,3.000000,1,1,0,1,0
minute_35_00,63046,146,2056,1,25,caption_plus_1,24,23,0,vbi_ambiguous,112.171875,14.556737,1.384977,1.000000,0.250000,1.000000,2.500000,2.000000,3.000000,1,1,0,1,0
minute_35_00,63046,146,2056,1,26,caption_plus_2,24,23,0,vbi_ambiguous,159.628128,23.711597,1.671361,1.000000,0.250000,1.000000,2.500000,2.000000,3.000000,1,1,0,1,0
minute_35_00,63046,146,2056,1,27,caption_plus_3,24,23,0,vbi_ambiguous,146.032806,23.127106,1.477308,1.000000,0.250000,1.000000,2.500000,2.000000,3.000000,1,1,0,1,0
minute_35_00,63046,146,2056,2,286,line_286,-1,288,1,measured,41.981251,43.079792,1.718310,1.000000,0.250000,1.000000,2.500000,2.000000,3.000000,1,1,0,1,0
minute_35_00,63046,146,2056,2,287,line_287,-1,288,1,measured,25.631250,41.031219,2.475743,1.000000,0.250000,1.000000,2.500000,2.000000,3.000000,1,1,0,1,0
minute_35_00,63046,146,2056,2,288,line_288,-1,288,1,measured,154.523438,22.415939,1.553991,1.000000,0.250000,1.000000,2.500000,2.000000,3.000000,1,1,0,1,0
minute_35_00,63047,147,2057,1,25,caption_plus_1,24,23,0,vbi_ambiguous,114.189064,15.273656,1.482003,1.000000,0.250000,1.000000,2.500000,2.000000,3.000000,1,1,0,1,0
minute_35_00,63047,147,2057,1,26,caption_plus_2,24,23,0,vbi_ambiguous,151.314056,21.351444,1.477308,1.000000,0.250000,1.000000,2.500000,2.000000,3.000000,1,1,0,1,0
minute_35_00,63047,147,2057,1,27,caption_plus_3,24,23,0,vbi_ambiguous,149.145309,22.736586,1.485133,1.000000,0.250000,1.000000,2.500000,2.000000,3.000000,1,1,0,1,0
minute_35_00,63047,147,2057,2,286,line_286,-1,288,1,measured,41.317188,43.467316,1.733959,1.000000,0.250000,1.000000,2.500000,2.000000,3.000000,1,1,0,1,0
minute_35_00,63047,147,2057,2,287,line_287,-1,288,1,measured,26.310938,41.494865,2.788732,1.000000,0.250000,1.000000,2.500000,2.000000,3.000000,1,1,0,1,0
minute_35_00,63047,147,2057,2,288,line_288,-1,288,1,measured,153.850006,21.978029,1.543036,1.000000,0.250000,1.000000,2.500000,2.000000,3.000000,1,1,0,1,0
minute_35_00,63048,148,2058,1,24,caption_plus_1,23,25,1,measured,114.025002,15.256843,1.374022,1.000000,0.250000,1.000000,2.500000,2.000000,3.000000,1,1,0,1,0
minute_35_00,63048,148,2058,1,25,caption_plus_2,23,25,1,measured,161.543747,22.935534,1.586854,1.000000,0.250000,1.000000,2.500000,2.000000,3.000000,1,1,0,1,0
minute_35_00,63048,148,2058,1,26,caption_plus_3,23,25,1,measured,148.993744,23.381083,1.754304,1.000000,0.250000,1.000000,2.500000,2.000000,3.000000,1,1,0,1,0
minute_35_00,63048,148,2058,2,286,line_286,-1,288,1,measured,40.973438,43.315460,1.618153,1.000000,0.250000,1.000000,2.500000,2.000000,3.000000,1,1,0,1,0
minute_35_00,63048,148,2058,2,287,line_287,-1,288,1,measured,26.279688,41.243351,2.292645,1.000000,0.250000,1.000000,2.500000,2.000000,3.000000,1,1,0,1,0
minute_35_00,63048,148,2058,2,288,line_288,-1,288,1,measured,156.384369,21.448320,1.582160,1.000000,0.250000,1.000000,2.500000,2.000000,3.000000,1,1,0,1,0
minute_35_00,63049,149,2059,1,25,caption_plus_1,24,23,0,vbi_ambiguous,112.482811,16.254509,1.527387,1.000000,0.250000,1.000000,2.500000,2.000000,3.000000,1,1,0,1,0
minute_35_00,63049,149,2059,1,26,caption_plus_2,24,23,0,vbi_ambiguous,149.714066,21.400229,1.544601,1.000000,0.250000,1.000000,2.500000,2.000000,3.000000,1,1,0,1,0
minute_35_00,63049,149,2059,1,27,caption_plus_3,24,23,0,vbi_ambiguous,150.010941,22.606377,1.555556,1.000000,0.250000,1.000000,2.500000,2.000000,3.000000,1,1,0,1,0
minute_35_00,63049,149,2059,2,286,line_286,-1,288,1,measured,41.206249,43.393814,1.716745,1.000000,0.250000,1.000000,2.500000,2.000000,3.000000,1,1,0,1,0
minute_35_00,63049,149,2059,2,287,line_287,-1,288,1,measured,30.642187,45.647411,2.571205,1.000000,0.250000,1.000000,2.500000,2.000000,3.000000,1,1,0,1,0
minute_35_00,63049,149,2059,2,288,line_288,-1,288,1,measured,154.157806,21.728045,1.604069,1.000000,0.250000,1.000000,2.500000,2.000000,3.000000,1,1,0,1,0
minute_35_00,63050,150,2060,1,25,caption_plus_1,24,23,0,vbi_ambiguous,111.579689,16.269985,1.483568,1.000000,0.250000,1.000000,2.500000,2.000000,3.000000,1,1,0,1,0
minute_35_00,63050,150,2060,1,26,caption_plus_2,24,23,0,vbi_ambiguous,160.312500,23.775299,1.577465,1.000000,0.250000,1.000000,2.500000,2.000000,3.000000,1,1,0,1,0
minute_35_00,63050,150,2060,1,27,caption_plus_3,24,23,0,vbi_ambiguous,148.245316,22.027767,1.505477,1.000000,0.250000,1.000000,2.500000,2.000000,3.000000,1,1,0,1,0
minute_35_00,63050,150,2060,2,286,line_286,-1,288,1,measured,42.262501,43.300365,1.652582,1.000000,0.250000,1.000000,2.500000,2.000000,3.000000,1,1,0,1,0
minute_35_00,63050,150,2060,2,287,line_287,-1,288,1,measured,20.832813,35.457966,2.395931,1.000000,0.250000,1.000000,2.500000,2.000000,3.000000,1,1,0,1,0
minute_35_00,63050,150,2060,2,288,line_288,-1,288,1,measured,157.242188,21.107294,1.557120,1.000000,0.250000,1.000000,2.500000,2.000000,3.000000,1,1,0,1,0
minute_35_00,63051,151,2061,1,24,caption_plus_1,23,25,1,measured,112.606247,15.968757,1.485133,1.000000,0.250000,1.000000,2.500000,2.000000,3.000000,1,1,0,1,0
minute_35_00,63051,151,2061,1,25,caption_plus_2,23,25,1,measured,150.865631,21.471872,1.596244,1.000000,0.250000,1.000000,2.500000,2.000000,3.000000,1,1,0,1,0
minute_35_00,63051,151,2061,1,26,caption_plus_3,23,25,1,measured,149.932816,21.864859,1.496088,1.000000,0.250000,1.000000,2.500000,2.000000,3.000000,1,1,0,1,0
minute_35_00,63051,151,2061,2,286,line_286,-1,288,1,measured,41.915627,43.810379,1.613459,1.000000,0.250000,1.000000,2.500000,2.000000,3.000000,1,1,0,1,0
minute_35_00,63051,151,2061,2,287,line_287,-1,288,1,measured,24.614063,40.413250,2.976526,1.000000,0.250000,1.000000,2.500000,2.000000,3.000000,1,1,0,1,0
minute_35_00,63051,151,2061,2,288,line_288,-1,288,1,measured,154.592194,20.921377,1.632238,1.000000,0.250000,1.000000,2.500000,2.000000,3.000000,1,1,0,1,0
minute_35_00,63052,152,2062,1,24,caption_plus_1,23,25,1,measured,112.540627,15.954767,1.402191,1.000000,0.250000,1.000000,2.500000,2.000000,3.000000,1,1,0,1,0
minute_35_00,63052,152,2062,1,25,caption_plus_2,23,25,1,measured,161.403122,24.195494,1.768388,1.000000,0.250000,1.000000,2.500000,2.000000,3.000000,1,1,0,1,0
minute_35_00,63052,152,2062,1,26,caption_plus_3,23,25,1,measured,148.967194,21.497250,1.514867,1.000000,0.250000,1.000000,2.500000,2.000000,3.000000,1,1,0,1,0
minute_35_00,63052,152,2062,2,286,line_286,-1,288,1,measured,41.123436,42.877392,1.740219,1.000000,0.250000,1.000000,2.500000,2.000000,3.000000,1,1,0,1,0
minute_35_00,63052,152,2062,2,287,line_287,-1,288,1,measured,25.459375,40.076431,2.926448,1.000000,0.250000,1.000000,2.500000,2.000000,3.000000,1,1,0,1,0
minute_35_00,63052,152,2062,2,288,line_288,-1,288,1,measured,157.473434,21.862051,1.661972,1.000000,0.250000,1.000000,2.500000,2.000000,3.000000,1,1,0,1,0
minute_35_00,63053,153,2063,1,25,caption_plus_1,24,23,0,vbi_ambiguous,111.381248,16.948774,1.521127,1.000000,0.250000,1.000000,2.500000,2.000000,3.000000,1,1,0,1,0
minute_35_00,63053,153,2063,1,26,caption_plus_2,24,23,0,vbi_ambiguous,148.812500,22.088654,1.640063,1.000000,0.250000,1.000000,2.500000,2.000000,3.000000,1,1,0,1,0
minute_35_00,63053,153,2063,1,27,caption_plus_3,24,23,0,vbi_ambiguous,149.845306,21.443665,1.486698,1.000000,0.250000,1.000000,2.500000,2.000000,3.000000,1,1,0,1,0
minute_35_00,63053,153,2063,2,286,line_286,-1,288,1,measured,41.904686,43.739449,1.727700,1.000000,0.250000,1.000000,2.500000,2.000000,3.000000,1,1,0,1,0
minute_35_00,63053,153,2063,2,287,line_287,-1,288,1,measured,25.715626,41.096539,2.697966,1.000000,0.250000,1.000000,2.500000,2.000000,3.000000,1,1,0,1,0
minute_35_00,63053,153,2063,2,288,line_288,-1,288,1,measured,154.710938,21.922718,1.712050,1.000000,0.250000,1.000000,2.500000,2.000000,3.000000,1,1,0,1,0
minute_35_00,63054,154,2064,1,24,caption_plus_1,23,25,1,measured,111.101562,16.982731,1.552426,1.000000,0.250000,1.000000,2.500000,2.000000,3.000000,1,1,0,1,0
minute_35_00,63054,154,2064,1,25,caption_plus_2,23,25,1,measured,160.949997,24.646894,1.699530,1.000000,0.250000,1.000000,2.500000,2.000000,3.000000,1,1,0,1,0
minute_35_00,63054,154,2064,1,26,caption_plus_3,23,25,1,measured,149.729691,21.820799,1.683881,1.000000,0.250000,1.000000,2.500000,2.000000,3.000000,1,1,0,1,0
minute_35_00,63054,154,2064,2,286,line_286,-1,287,1,measured,41.234375,43.112041,1.671361,1.000000,0.250000,1.000000,2.500000,2.000000,3.000000,1,1,0,1,0
minute_35_00,63054,154,2064,2,287,line_287,-1,287,1,measured,61.068748,56.994724,6.629108,1.000000,0.250000,1.000000,2.500000,2.000000,3.000000,1,1,1,1,0
minute_35_00,63054,154,2064,2,288,line_288,-1,287,1,measured,156.018753,23.641125,1.766823,1.000000,0.250000,1.000000,2.500000,2.000000,3.000000,1,1,0,1,0
minute_35_00,63055,155,2065,1,25,caption_plus_1,24,26,1,measured,112.337502,17.163237,1.593114,1.000000,0.250000,1.000000,2.500000,2.000000,3.000000,1,1,0,1,0
minute_35_00,63055,155,2065,1,26,caption_plus_2,24,26,1,measured,149.862503,22.172968,1.721440,1.000000,0.250000,1.000000,2.500000,2.000000,3.000000,1,1,0,1,0
minute_35_00,63055,155,2065,1,27,caption_plus_3,24,26,1,measured,150.895309,21.200089,1.474178,1.000000,0.250000,1.000000,2.500000,2.000000,3.000000,1,1,0,1,0
minute_35_00,63055,155,2065,2,286,line_286,-1,287,1,measured,40.025002,43.211720,1.625978,1.000000,0.250000,1.000000,2.500000,2.000000,3.000000,1,1,0,1,0
minute_35_00,63055,155,2065,2,287,line_287,-1,287,1,measured,64.648438,56.930050,6.918623,1.000000,0.250000,1.000000,2.500000,2.000000,3.000000,1,1,1,1,0
minute_35_00,63055,155,2065,2,288,line_288,-1,287,1,measured,155.242188,23.746429,1.823161,1.000000,0.250000,1.000000,2.500000,2.000000,3.000000,1,1,0,1,0
minute_35_00,63056,156,2066,1,25,caption_plus_1,24,26,1,measured,18.174999,2.684562,0.918623,1.000000,0.250000,1.000000,2.500000,2.000000,3.000000,1,1,0,1,0
minute_35_00,63056,156,2066,1,26,caption_plus_2,24,26,1,measured,164.020309,22.464581,1.593114,1.000000,0.250000,1.000000,2.500000,2.000000,3.000000,1,1,0,1,0
minute_35_00,63056,156,2066,1,27,caption_plus_3,24,26,1,measured,149.556244,20.844814,1.744914,1.000000,0.250000,1.000000,2.500000,2.000000,3.000000,1,1,0,1,0
minute_35_00,63056,156,2066,2,286,line_286,-1,287,1,measured,40.890625,42.740501,1.641628,1.000000,0.250000,1.000000,2.500000,2.000000,3.000000,1,1,0,1,0
minute_35_00,63056,156,2066,2,287,line_287,-1,287,1,measured,66.884377,57.944633,7.262911,1.000000,0.250000,1.000000,2.500000,2.000000,3.000000,1,1,1,1,0
minute_35_00,63056,156,2066,2,288,line_288,-1,287,1,measured,164.773438,25.018372,1.827856,1.000000,0.250000,1.000000,2.500000,2.000000,3.000000,1,1,0,1,0
minute_35_00,63057,157,2067,1,24,caption_plus_1,23,25,1,measured,110.178123,17.243372,1.649452,1.000000,0.250000,1.000000,2.500000,2.000000,3.000000,1,1,0,1,0
minute_35_00,63057,157,2067,1,25,caption_plus_2,23,25,1,measured,149.975006,22.619392,1.611894,1.000000,0.250000,1.000000,2.500000,2.000000,3.000000,1,1,0,1,0
minute_35_00,63057,157,2067,1,26,caption_plus_3,23,25,1,measured,151.524994,21.910885,1.597809,1.000000,0.250000,1.000000,2.500000,2.000000,3.000000,1,1,0,1,0
minute_35_00,63057,157,2067,2,286,line_286,-1,287,1,measured,40.690624,43.216328,1.668232,1.000000,0.250000,1.000000,2.500000,2.000000,3.000000,1,1,0,1,0
minute_35_00,63057,157,2067,2,287,line_287,-1,287,1,measured,71.004684,58.098637,6.676056,1.000000,0.250000,1.000000,2.500000,2.000000,3.000000,1,1,1,1,0
minute_35_00,63057,157,2067,2,288,line_288,-1,287,1,measured,156.135941,23.797359,1.813771,1.000000,0.250000,1.000000,2.500000,2.000000,3.000000,1,1,0,1,0
minute_35_00,63058,158,2068,1,25,caption_plus_1,24,26,1,measured,110.948441,16.860611,1.402191,1.000000,0.250000,1.000000,2.500000,2.000000,3.000000,1,1,0,1,0
minute_35_00,63058,158,2068,1,26,caption_plus_2,24,26,1,measured,160.073441,24.620481,1.716745,1.000000,0.250000,1.000000,2.500000,2.000000,3.000000,1,1,0,1,0
minute_35_00,63058,158,2068,1,27,caption_plus_3,24,26,1,measured,149.684372,21.389185,1.510172,1.000000,0.250000,1.000000,2.500000,2.000000,3.000000,1,1,0,1,0
minute_35_00,63058,158,2068,2,286,line_286,-1,287,1,measured,39.831249,43.079498,1.602504,1.000000,0.250000,1.000000,2.500000,2.000000,3.000000,1,1,0,1,0
minute_35_00,63058,158,2068,2,287,line_287,-1,287,1,measured,59.224998,58.031910,6.065728,1.000000,0.250000,1.000000,2.500000,2.000000,3.000000,1,1,1,1,0
minute_35_00,63058,158,2068,2,288,line_288,-1,287,1,measured,156.093750,23.405340,1.935837,1.000000,0.250000,1.000000,2.500000,2.000000,3.000000,1,1,0,1,0
minute_35_00,63059,159,2069,1,25,caption_plus_1,24,26,1,measured,109.996872,16.654110,1.558685,1.000000,0.250000,1.000000,2.500000,2.000000,3.000000,1,1,0,1,0
minute_35_00,63059,159,2069,1,26,caption_plus_2,24,26,1,measured,149.929688,22.204792,1.566510,1.000000,0.250000,1.000000,2.500000,2.000000,3.000000,1,1,0,1,0
minute_35_00,63059,159,2069,1,27,caption_plus_3,24,26,1,measured,150.404694,21.696060,1.492958,1.000000,0.250000,1.000000,2.500000,2.000000,3.000000,1,1,0,1,0
minute_35_00,63059,159,2069,2,286,line_286,-1,287,1,measured,40.479687,42.665005,1.705790,1.000000,0.250000,1.000000,2.500000,2.000000,3.000000,1,1,0,1,0
minute_35_00,63059,159,2069,2,287,line_287,-1,287,1,measured,60.782814,58.730991,6.078247,1.000000,0.250000,1.000000,2.500000,2.000000,3.000000,1,1,1,1,0
minute_35_00,63059,159,2069,2,288,line_288,-1,287,1,measured,155.520309,23.868511,1.873239,1.000000,0.250000,1.000000,2.500000,2.000000,3.000000,1,1,0,1,0
minute_35_00,63060,160,2070,1,24,caption_plus_1,23,25,1,measured,110.196877,16.210779,1.517997,1.000000,0.250000,1.000000,2.500000,2.000000,3.000000,1,1,0,1,0
minute_35_00,63060,160,2070,1,25,caption_plus_2,23,25,1,measured,160.503128,24.637053,1.821596,1.000000,0.250000,1.000000,2.500000,2.000000,3.000000,1,1,0,1,0
minute_35_00,63060,160,2070,1,26,caption_plus_3,23,25,1,measured,147.899994,22.083138,1.701095,1.000000,0.250000,1.000000,2.500000,2.000000,3.000000,1,1,0,1,0
minute_35_00,63060,160,2070,2,286,line_286,-1,288,1,measured,40.992188,43.284649,1.624413,1.000000,0.250000,1.000000,2.500000,2.000000,3.000000,1,1,0,1,0
minute_35_00,63060,160,2070,2,287,line_287,-1,288,1,measured,25.200001,40.360573,2.719875,1.000000,0.250000,1.000000,2.500000,2.000000,3.000000,1,1,0,1,0
minute_35_00,63060,160,2070,2,288,line_288,-1,288,1,measured,156.753128,22.482042,1.652582,1.000000,0.250000,1.000000,2.500000,2.000000,3.000000,1,1,0,1,0
minute_35_00,63061,161,2071,1,25,caption_plus_1,24,23,0,vbi_ambiguous,110.000000,16.899611,1.685446,1.000000,0.250000,1.000000,2.500000,2.000000,3.000000,1,1,0,1,0
minute_35_00,63061,161,2071,1,26,caption_plus_2,24,23,0,vbi_ambiguous,149.251556,22.610165,1.813771,1.000000,0.250000,1.000000,2.500000,2.000000,3.000000,1,1,0,1,0
minute_35_00,63061,161,2071,1,27,caption_plus_3,24,23,0,vbi_ambiguous,149.089066,21.943676,1.508607,1.000000,0.250000,1.000000,2.500000,2.000000,3.000000,1,1,0,1,0
minute_35_00,63061,161,2071,2,286,line_286,-1,288,1,measured,39.804688,42.596886,1.682316,1.000000,0.250000,1.000000,2.500000,2.000000,3.000000,1,1,0,1,0
minute_35_00,63061,161,2071,2,287,line_287,-1,288,1,measured,28.884375,44.535648,3.101722,1.000000,0.250000,1.000000,2.500000,2.000000,3.000000,1,1,1,1,0
minute_35_00,63061,161,2071,2,288,line_288,-1,288,1,measured,152.645309,21.708742,1.533646,1.000000,0.250000,1.000000,2.500000,2.000000,3.000000,1,1,0,1,0
minute_35_00,63062,162,2072,1,24,caption_plus_1,23,25,1,measured,111.035934,16.614479,1.546166,1.000000,0.250000,1.000000,2.500000,2.000000,3.000000,1,1,0,1,0
minute_35_00,63062,162,2072,1,25,caption_plus_2,23,25,1,measured,160.865631,24.126308,1.635368,1.000000,0.250000,1.000000,2.500000,2.000000,3.000000,1,1,0,1,0
minute_35_00,63062,162,2072,1,26,caption_plus_3,23,25,1,measured,148.489059,21.210548,1.456964,1.000000,0.250000,1.000000,2.500000,2.000000,3.000000,1,1,0,1,0
minute_35_00,63062,162,2072,2,286,line_286,-1,288,1,measured,40.385937,42.726593,1.630673,1.000000,0.250000,1.000000,2.500000,2.000000,3.000000,1,1,0,1,0
minute_35_00,63062,162,2072,2,287,line_287,-1,288,1,measured,24.665625,40.396790,2.272300,1.000000,0.250000,1.000000,2.500000,2.000000,3.000000,1,1,0,1,0
minute_35_00,63062,162,2072,2,288,line_288,-1,288,1,measured,155.737503,21.600994,1.683881,1.000000,0.250000,1.000000,2.500000,2.000000,3.000000,1,1,0,1,0
minute_35_00,63063,163,2073,1,24,caption_plus_1,23,25,1,measured,112.653122,16.919155,1.624413,1.000000,0.250000,1.000000,2.500000,2.000000,3.000000,1,1,0,1,0
minute_35_00,63063,163,2073,1,25,caption_plus_2,23,25,1,measured,151.689056,21.862465,1.571205,1.000000,0.250000,1.000000,2.500000,2.000000,3.000000,1,1,0,1,0
minute_35_00,63063,163,2073,1,26,caption_plus_3,23,25,1,measured,150.734375,21.464607,1.431925,1.000000,0.250000,1.000000,2.500000,2.000000,3.000000,1,1,0,1,0
minute_35_00,63063,163,2073,2,286,line_286,-1,288,1,measured,40.915627,42.802223,1.558685,1.000000,0.250000,1.000000,2.500000,2.000000,3.000000,1,1,0,1,0
minute_35_00,63063,163,2073,2,287,line_287,-1,288,1,measured,29.170313,44.581081,2.881064,1.000000,0.250000,1.000000,2.500000,2.000000,3.000000,1,1,0,1,0
minute_35_00,63063,163,2073,2,288,line_288,-1,288,1,measured,155.257812,22.083239,1.583725,1.000000,0.250000,1.000000,2.500000,2.000000,3.000000,1,1,0,1,0
minute_35_00,63064,164,2074,1,25,caption_plus_1,24,23,0,vbi_ambiguous,111.250000,16.483040,1.541471,1.000000,0.250000,1.000000,2.500000,2.000000,3.000000,1,1,0,1,0
minute_35_00,63064,164,2074,1,26,caption_plus_2,24,23,0,vbi_ambiguous,160.607819,23.898109,1.776213,1.000000,0.250000,1.000000,2.500000,2.000000,3.000000,1,1,0,1,0
minute_35_00,63064,164,2074,1,27,caption_plus_3,24,23,0,vbi_ambiguous,148.468750,21.867834,1.550861,1.000000,0.250000,1.000000,2.500000,2.000000,3.000000,1,1,0,1,0
minute_35_00,63064,164,2074,2,286,line_286,-1,288,1,measured,40.381248,43.212719,1.685446,1.000000,0.250000,1.000000,2.500000,2.000000,3.000000,1,1,0,1,0
minute_35_00,63064,164,2074,2,287,line_287,-1,288,1,measured,19.125000,34.432995,2.073552,1.000000,0.250000,1.000000,2.500000,2.000000,3.000000,1,1,0,1,0
minute_35_00,63064,164,2074,2,288,line_288,-1,288,1,measured,155.345306,20.934223,1.607199,1.000000,0.250000,1.000000,2.500000,2.000000,3.000000,1,1,0,1,0
minute_35_00,63065,165,2075,1,24,caption_plus_1,23,25,1,measured,110.239059,16.210646,1.661972,1.000000,0.250000,1.000000,2.500000,2.000000,3.000000,1,1,0,1,0
minute_35_00,63065,165,2075,1,25,caption_plus_2,23,25,1,measured,148.896881,21.953686,1.588419,1.000000,0.250000,1.000000,2.500000,2.000000,3.000000,1,1,0,1,0
minute_35_00,63065,165,2075,1,26,caption_plus_3,23,25,1,measured,149.037506,21.424982,1.453834,1.000000,0.250000,1.000000,2.500000,2.000000,3.000000,1,1,0,1,0
minute_35_00,63065,165,2075,2,286,line_286,-1,288,1,measured,39.400002,43.105312,1.591549,1.000000,0.250000,1.000000,2.500000,2.000000,3.000000,1,1,0,1,0
minute_35_00,63065,165,2075,2,287,line_287,-1,288,1,measured,18.803125,34.693192,2.255086,1.000000,0.250000,1.000000,2.500000,2.000000,3.000000,1,1,0,1,0
minute_35_00,63065,165,2075,2,288,line_288,-1,288,1,measured,152.265625,21.951040,1.553991,1.000000,0.250000,1.000000,2.500000,2.000000,3.000000,1,1,0,1,0
minute_35_00,63066,166,2076,1,24,caption_plus_1,23,25,1,measured,113.017189,16.167425,1.652582,1.000000,0.250000,1.000000,2.500000,2.000000,3.000000,1,1,0,1,0
minute_35_00,63066,166,2076,1,25,caption_plus_2,23,25,1,measured,162.078125,23.191933,1.624413,1.000000,0.250000,1.000000,2.500000,2.000000,3.000000,1,1,0,1,0
minute_35_00,63066,166,2076,1,26,caption_plus_3,23,25,1,measured,148.824997,21.667673,1.517997,1.000000,0.250000,1.000000,2.500000,2.000000,3.000000,1,1,0,1,0
minute_35_00,63066,166,2076,2,286,line_286,-1,287,1,measured,40.171875,42.647266,1.591549,1.000000,0.250000,1.000000,2.500000,2.000000,3.000000,1,1,0,1,0
minute_35_00,63066,166,2076,2,287,line_287,-1,287,1,measured,60.257812,57.120300,6.233177,1.000000,0.250000,1.000000,2.500000,2.000000,3.000000,1,1,1,1,0
minute_35_00,63066,166,2076,2,288,line_288,-1,287,1,measured,155.840622,22.908981,1.813771,1.000000,0.250000,1.000000,2.500000,2.000000,3.000000,1,1,0,1,0
minute_35_00,63067,167,2077,1,25,caption_plus_1,24,26,1,measured,111.262497,16.697767,1.751174,1.000000,0.250000,1.000000,2.500000,2.000000,3.000000,1,1,0,1,0
minute_35_00,63067,167,2077,1,26,caption_plus_2,24,26,1,measured,151.660934,22.123215,1.630673,1.000000,0.250000,1.000000,2.500000,2.000000,3.000000,1,1,0,1,0
minute_35_00,63067,167,2077,1,27,caption_plus_3,24,26,1,measured,150.660934,21.543686,1.433490,1.000000,0.250000,1.000000,2.500000,2.000000,3.000000,1,1,0,1,0
minute_35_00,63067,167,2077,2,286,line_286,-1,287,1,measured,40.151562,42.491512,1.671361,1.000000,0.250000,1.000000,2.500000,2.000000,3.000000,1,1,0,1,0
minute_35_00,63067,167,2077,2,287,line_287,-1,287,1,measured,64.667191,57.784134,6.117371,1.000000,0.250000,1.000000,2.500000,2.000000,3.000000,1,1,1,1,0
minute_35_00,63067,167,2077,2,288,line_288,-1,287,1,measured,153.787506,23.129429,1.909233,1.000000,0.250000,1.000000,2.500000,2.000000,3.000000,1,1,0,1,0
minute_35_00,63068,168,2078,1,25,caption_plus_1,24,26,1,measured,109.935936,16.428841,1.553991,1.000000,0.250000,1.000000,2.500000,2.000000,3.000000,1,1,0,1,0
minute_35_00,63068,168,2078,1,26,caption_plus_2,24,26,1,measured,161.442184,22.951235,1.591549,1.000000,0.250000,1.000000,2.500000,2.000000,3.000000,1,1,0,1,0
minute_35_00,63068,168,2078,1,27,caption_plus_3,24,26,1,measured,149.340622,21.809320,1.560250,1.000000,0.250000,1.000000,2.500000,2.000000,3.000000,1,1,0,1,0
minute_35_00,63068,168,2078,2,286,line_286,-1,288,1,measured,40.928123,42.683147,1.674491,1.000000,0.250000,1.000000,2.500000,2.000000,3.000000,1,1,0,1,0
minute_35_00,63068,168,2078,2,287,line_287,-1,288,1,measured,20.025000,34.996864,2.347418,1.000000,0.250000,1.000000,2.500000,2.000000,3.000000,1,1,0,1,0
minute_35_00,63068,168,2078,2,288,line_288,-1,288,1,measured,155.573441,20.911068,1.632238,1.000000,0.250000,1.000000,2.500000,2.000000,3.000000,1,1,0,1,0
minute_35_00,63069,169,2079,1,25,caption_plus_1,24,23,0,vbi_ambiguous,111.657814,15.911772,1.477308,1.000000,0.250000,1.000000,2.500000,2.000000,3.000000,1,1,0,1,0
minute_35_00,63069,169,2079,1,26,caption_plus_2,24,23,0,vbi_ambiguous,151.204681,21.299067,1.450704,1.000000,0.250000,1.000000,2.500000,2.000000,3.000000,1,1,0,1,0
minute_35_00,63069,169,2079,1,27,caption_plus_3,24,23,0,vbi_ambiguous,150.304688,21.746464,1.508607,1.000000,0.250000,1.000000,2.500000,2.000000,3.000000,1,1,0,1,0
minute_35_00,63069,169,2079,2,286,line_286,-1,288,1,measured,39.328125,42.653934,1.688576,1.000000,0.250000,1.000000,2.500000,2.000000,3.000000,1,1,0,1,0
minute_35_00,63069,169,2079,2,287,line_287,-1,288,1,measured,23.139063,39.641888,2.830986,1.000000,0.250000,1.000000,2.500000,2.000000,3.000000,1,1,0,1,0
minute_35_00,63069,169,2079,2,288,line_288,-1,288,1,measured,152.595306,21.625801,1.696401,1.000000,0.250000,1.000000,2.500000,2.000000,3.000000,1,1,0,1,0
minute_35_00,63070,170,2080,1,25,caption_plus_1,24,23,0,vbi_ambiguous,110.593750,15.686199,1.482003,1.000000,0.250000,1.000000,2.500000,2.000000,3.000000,1,1,0,1,0
minute_35_00,63070,170,2080,1,26,caption_plus_2,24,23,0,vbi_ambiguous,160.193756,23.027157,1.705790,1.000000,0.250000,1.000000,2.500000,2.000000,3.000000,1,1,0,1,0
minute_35_00,63070,170,2080,1,27,caption_plus_3,24,23,0,vbi_ambiguous,147.964066,22.234131,1.607199,1.000000,0.250000,1.000000,2.500000,2.000000,3.000000,1,1,0,1,0
minute_35_00,63070,170,2080,2,286,line_286,-1,288,1,measured,40.193748,43.464172,1.715180,1.000000,0.250000,1.000000,2.500000,2.000000,3.000000,1,1,0,1,0
minute_35_00,63070,170,2080,2,287,line_287,-1,288,1,measured,24.301563,40.620861,2.611894,1.000000,0.250000,1.000000,2.500000,2.000000,3.000000,1,1,0,1,0
minute_35_00,63070,170,2080,2,288,line_288,-1,288,1,measured,154.101562,20.739393,1.589984,1.000000,0.250000,1.000000,2.500000,2.000000,3.000000,1,1,0,1,0
minute_35_00,63071,171,2081,1,25,caption_plus_1,24,23,0,vbi_ambiguous,110.346878,16.767668,1.632238,1.000000,0.250000,1.000000,2.500000,2.000000,3.000000,1,1,0,1,0
minute_35_00,63071,171,2081,1,26,caption_plus_2,24,23,0,vbi_ambiguous,148.687500,21.272617,1.632238,1.000000,0.250000,1.000000,2.500000,2.000000,3.000000,1,1,0,1,0
minute_35_00,63071,171,2081,1,27,caption_plus_3,24,23,0,vbi_ambiguous,147.774994,21.341845,1.394366,1.000000,0.250000,1.000000,2.500000,2.000000,3.000000,1,1,0,1,0
minute_35_00,63071,171,2081,2,286,line_286,-1,288,1,measured,38.732811,42.638733,1.633803,1.000000,0.250000,1.000000,2.500000,2.000000,3.000000,1,1,0,1,0
minute_35_00,63071,171,2081,2,287,line_287,-1,288,1,measured,24.214062,41.760696,2.435055,1.000000,0.250000,1.000000,2.500000,2.000000,3.000000,1,1,0,1,0
minute_35_00,63071,171,2081,2,288,line_288,-1,288,1,measured,151.612503,21.175749,1.610329,1.000000,0.250000,1.000000,2.500000,2.000000,3.000000,1,1,0,1,0
minute_35_00,63072,172,2082,1,24,caption_plus_1,23,25,1,measured,109.864059,15.044992,1.517997,1.000000,0.250000,1.000000,2.500000,2.000000,3.000000,1,1,0,1,0
minute_35_00,63072,172,2082,1,25,caption_plus_2,23,25,1,measured,159.412506,23.073154,1.616588,1.000000,0.250000,1.000000,2.500000,2.000000,3.000000,1,1,0,1,0
minute_35_00,63072,172,2082,1,26,caption_plus_3,23,25,1,measured,146.067184,22.173748,1.456964,1.000000,0.250000,1.000000,2.500000,2.000000,3.000000,1,1,0,1,0
minute_35_00,63072,172,2082,2,286,line_286,-1,288,1,measured,39.257812,43.014648,1.658842,1.000000,0.250000,1.000000,2.500000,2.000000,3.000000,1,1,0,1,0
minute_35_00,63072,172,2082,2,287,line_287,-1,288,1,measured,19.071875,35.484516,2.297340,1.000000,0.250000,1.000000,2.500000,2.000000,3.000000,1,1,0,1,0
minute_35_00,63072,172,2082,2,288,line_288,-1,288,1,measured,153.742188,20.971724,1.450704,1.000000,0.250000,1.000000,2.500000,2.000000,3.000000,1,1,0,1,0
minute_35_00,63073,173,2083,1,25,caption_plus_1,24,23,0,vbi_ambiguous,111.243752,14.902390,1.380282,1.000000,0.250000,1.000000,2.500000,2.000000,3.000000,1,1,0,1,0
minute_35_00,63073,173,2083,1,26,caption_plus_2,24,23,0,vbi_ambiguous,148.542191,21.176006,1.383412,1.000000,0.250000,1.000000,2.500000,2.000000,3.000000,1,1,0,1,0
minute_35_00,63073,173,2083,1,27,caption_plus_3,24,23,0,vbi_ambiguous,147.739059,22.411404,1.558685,1.000000,0.250000,1.000000,2.500000,2.000000,3.000000,1,1,0,1,0
minute_35_00,63073,173,2083,2,286,line_286,-1,288,1,measured,39.992188,43.104973,1.690141,1.000000,0.250000,1.000000,2.500000,2.000000,3.000000,1,1,0,1,0
minute_35_00,63073,173,2083,2,287,line_287,-1,288,1,measured,23.014063,40.258556,2.854460,1.000000,0.250000,1.000000,2.500000,2.000000,3.000000,1,1,0,1,0
minute_35_00,63073,173,2083,2,288,line_288,-1,288,1,measured,152.248444,21.348356,1.608764,1.000000,0.250000,1.000000,2.500000,2.000000,3.000000,1,1,0,1,0
minute_35_00,63074,174,2084,1,25,caption_plus_1,24,23,0,vbi_ambiguous,112.531250,14.805794,1.436620,1.000000,0.250000,1.000000,2.500000,2.000000,3.000000,1,1,0,1,0
minute_35_00,63074,174,2084,1,26,caption_plus_2,24,23,0,vbi_ambiguous,160.493744,23.375267,1.519562,1.000000,0.250000,1.000000,2.500000,2.000000,3.000000,1,1,0,1,0
minute_35_00,63074,174,2084,1,27,caption_plus_3,24,23,0,vbi_ambiguous,146.992188,22.538679,1.513302,1.000000,0.250000,1.000000,2.500000,2.000000,3.000000,1,1,0,1,0
minute_35_00,63074,174,2084,2,286,line_286,-1,288,1,measured,40.323437,43.002472,1.633803,1.000000,0.250000,1.000000,2.500000,2.000000,3.000000,1,1,0,1,0
minute_35_00,63074,174,2084,2,287,line_287,-1,288,1,measured,24.445312,40.074425,2.866980,1.000000,0.250000,1.000000,2.500000,2.000000,3.000000,1,1,0,1,0
minute_35_00,63074,174,2084,2,288,line_288,-1,288,1,measured,154.018753,21.770815,1.572770,1.000000,0.250000,1.000000,2.500000,2.000000,3.000000,1,1,0,1,0
minute_35_00,63075,175,2085,1,24,caption_plus_1,23,25,1,measured,110.965622,14.510946,1.391236,1.000000,0.250000,1.000000,2.500000,2.000000,3.000000,1,1,0,1,0
minute_35_00,63075,175,2085,1,25,caption_plus_2,23,25,1,measured,148.796875,21.047474,1.477308,1.000000,0.250000,1.000000,2.500000,2.000000,3.000000,1,1,0,1,0
minute_35_00,63075,175,2085,1,26,caption_plus_3,23,25,1,measured,147.959381,22.388647,1.486698,1.000000,0.250000,1.000000,2.500000,2.000000,3.000000,1,1,0,1,0
minute_35_00,63075,175,2085,2,286,line_286,-1,288,1,measured,40.573437,43.105545,1.572770,1.000000,0.250000,1.000000,2.500000,2.000000,3.000000,1,1,0,1,0
minute_35_00,63075,175,2085,2,287,line_287,-1,288,1,measured,24.921875,41.171444,2.804382,1.000000,0.250000,1.000000,2.500000,2.000000,3.000000,1,1,0,1,0
minute_35_00,63075,175,2085,2,288,line_288,-1,288,1,measured,152.840622,21.650555,1.663537,1.000000,0.250000,1.000000,2.500000,2.000000,3.000000,1,1,0,1,0
minute_35_00,63076,176,2086,1,24,caption_plus_1,23,25,1,measured,111.671875,15.462408,1.410016,1.000000,0.250000,1.000000,2.500000,2.000000,3.000000,1,1,0,1,0
minute_35_00,63076,176,2086,1,25,caption_plus_2,23,25,1,measured,160.023438,23.027925,1.555556,1.000000,0.250000,1.000000,2.500000,2.000000,3.000000,1,1,0,1,0
minute_35_00,63076,176,2086,1,26,caption_plus_3,23,25,1,measured,146.789062,22.686123,1.624413,1.000000,0.250000,1.000000,2.500000,2.000000,3.000000,1,1,0,1,0
minute_35_00,63076,176,2086,2,286,line_286,-1,288,1,measured,39.790627,42.920750,1.621283,1.000000,0.250000,1.000000,2.500000,2.000000,3.000000,1,1,0,1,0
minute_35_00,63076,176,2086,2,287,line_287,-1,288,1,measured,24.495312,40.301826,2.505477,1.000000,0.250000,1.000000,2.500000,2.000000,3.000000,1,1,0,1,0
minute_35_00,63076,176,2086,2,288,line_288,-1,288,1,measured,154.123444,22.076616,1.618153,1.000000,0.250000,1.000000,2.500000,2.000000,3.000000,1,1,0,1,0
minute_35_00,63077,177,2087,1,25,caption_plus_1,24,23,0,vbi_ambiguous,111.209373,15.341424,1.444444,1.000000,0.250000,1.000000,2.500000,2.000000,3.000000,1,1,0,1,0
minute_35_00,63077,177,2087,1,26,caption_plus_2,24,23,0,vbi_ambiguous,149.037506,20.969364,1.480438,1.000000,0.250000,1.000000,2.500000,2.000000,3.000000,1,1,0,1,0
minute_35_00,63077,177,2087,1,27,caption_plus_3,24,23,0,vbi_ambiguous,148.648438,22.372831,1.566510,1.000000,0.250000,1.000000,2.500000,2.000000,3.000000,1,1,0,1,0
minute_35_00,63077,177,2087,2,286,line_286,-1,288,1,measured,40.590626,43.764545,1.654147,1.000000,0.250000,1.000000,2.500000,2.000000,3.000000,1,1,0,1,0
minute_35_00,63077,177,2087,2,287,line_287,-1,288,1,measured,25.204687,41.027931,2.683881,1.000000,0.250000,1.000000,2.500000,2.000000,3.000000,1,1,0,1,0
minute_35_00,63077,177,2087,2,288,line_288,-1,288,1,measured,153.693756,21.638435,1.569640,1.000000,0.250000,1.000000,2.500000,2.000000,3.000000,1,1,0,1,0
minute_35_00,63078,178,2088,1,24,caption_plus_1,23,23,0,vbi_ambiguous,112.010941,15.356235,1.456964,1.000000,0.250000,1.000000,2.500000,2.000000,3.000000,1,1,0,1,0
minute_35_00,63078,178,2088,1,25,caption_plus_2,23,23,0,vbi_ambiguous,160.875000,23.454477,1.604069,1.000000,0.250000,1.000000,2.500000,2.000000,3.000000,1,1,0,1,0
minute_35_00,63078,178,2088,1,26,caption_plus_3,23,23,0,vbi_ambiguous,147.725006,22.677067,1.586854,1.000000,0.250000,1.000000,2.500000,2.000000,3.000000,1,1,0,1,0
minute_35_00,63078,178,2088,2,286,line_286,-1,288,1,measured,40.523438,43.461109,1.641628,1.000000,0.250000,1.000000,2.500000,2.000000,3.000000,1,1,0,1,0
minute_35_00,63078,178,2088,2,287,line_287,-1,288,1,measured,25.640625,41.196125,2.339593,1.000000,0.250000,1.000000,2.500000,2.000000,3.000000,1,1,0,1,0
minute_35_00,63078,178,2088,2,288,line_288,-1,288,1,measured,154.871872,21.522499,1.610329,1.000000,0.250000,1.000000,2.500000,2.000000,3.000000,1,1,0,1,0
minute_35_00,63079,179,2089,1,24,caption_plus_1,23,25,1,measured,111.809372,15.440043,1.535211,1.000000,0.250000,1.000000,2.500000,2.000000,3.000000,1,1,0,1,0
minute_35_00,63079,179,2089,1,25,caption_plus_2,23,25,1,measured,149.951569,22.009426,1.605634,1.000000,0.250000,1.000000,2.500000,2.000000,3.000000,1,1,0,1,0
minute_35_00,63079,179,2089,1,26,caption_plus_3,23,25,1,measured,149.865631,21.782679,1.514867,1.000000,0.250000,1.000000,2.500000,2.000000,3.000000,1,1,0,1,0
minute_35_00,63079,179,2089,2,286,line_286,-1,288,1,measured,39.195312,43.028709,1.633803,1.000000,0.250000,1.000000,2.500000,2.000000,3.000000,1,1,0,1,0
minute_35_00,63079,179,2089,2,287,line_287,-1,288,1,measured,28.378124,45.316017,2.522692,1.000000,0.250000,1.000000,2.500000,2.000000,3.000000,1,1,0,1,0
minute_35_00,63079,179,2089,2,288,line_288,-1,288,1,measured,151.504684,22.101187,1.591549,1.000000,0.250000,1.000000,2.500000,2.000000,3.000000,1,1,0,1,0
minute_35_00,63080,180,2090,1,24,caption_plus_1,23,23,0,vbi_ambiguous,111.206253,15.379206,1.438185,1.000000,0.250000,1.000000,2.500000,2.000000,3.000000,1,1,0,1,0
minute_35_00,63080,180,2090,1,25,caption_plus_2,23,23,0,vbi_ambiguous,159.640625,25.324806,1.765258,1.000000,0.250000,1.000000,2.500000,2.000000,3.000000,1,1,0,1,0
minute_35_00,63080,180,2090,1,26,caption_plus_3,23,23,0,vbi_ambiguous,146.828125,21.712362,1.730829,1.000000,0.250000,1.000000,2.500000,2.000000,3.000000,1,1,0,1,0
minute_35_00,63080,180,2090,2,286,line_286,-1,288,1,measured,40.242188,43.648983,1.699530,1.000000,0.250000,1.000000,2.500000,2.000000,3.000000,1,1,0,1,0
minute_35_00,63080,180,2090,2,287,line_287,-1,288,1,measured,19.571875,34.828838,2.356807,1.000000,0.250000,1.000000,2.500000,2.000000,3.000000,1,1,0,1,0
minute_35_00,63080,180,2090,2,288,line_288,-1,288,1,measured,154.332809,22.563385,1.685446,1.000000,0.250000,1.000000,2.500000,2.000000,3.000000,1,1,0,1,0
minute_35_00,63081,181,2091,1,24,caption_plus_1,23,25,1,measured,111.168747,14.918517,1.417840,1.000000,0.250000,1.000000,2.500000,2.000000,3.000000,1,1,0,1,0
minute_35_00,63081,181,2091,1,25,caption_plus_2,23,25,1,measured,149.418747,23.158751,1.676056,1.000000,0.250000,1.000000,2.500000,2.000000,3.000000,1,1,0,1,0
minute_35_00,63081,181,2091,1,26,caption_plus_3,23,25,1,measured,148.609375,21.834545,1.494523,1.000000,0.250000,1.000000,2.500000,2.000000,3.000000,1,1,0,1,0
minute_35_00,63081,181,2091,2,286,line_286,-1,288,1,measured,39.546875,42.474968,1.591549,1.000000,0.250000,1.000000,2.500000,2.000000,3.000000,1,1,0,1,0
minute_35_00,63081,181,2091,2,287,line_287,-1,288,1,measured,22.920313,40.505188,2.976526,1.000000,0.250000,1.000000,2.500000,2.000000,3.000000,1,1,0,1,0
minute_35_00,63081,181,2091,2,288,line_288,-1,288,1,measured,152.250000,22.300434,1.702660,1.000000,0.250000,1.000000,2.500000,2.000000,3.000000,1,1,0,1,0
minute_35_00,63082,182,2092,1,24,caption_plus_1,23,25,1,measured,111.759377,15.424054,1.469484,1.000000,0.250000,1.000000,2.500000,2.000000,3.000000,1,1,0,1,0
minute_35_00,63082,182,2092,1,25,caption_plus_2,23,25,1,measured,160.507812,25.061111,1.658842,1.000000,0.250000,1.000000,2.500000,2.000000,3.000000,1,1,0,1,0
minute_35_00,63082,182,2092,1,26,caption_plus_3,23,25,1,measured,148.626556,22.053194,1.605634,1.000000,0.250000,1.000000,2.500000,2.000000,3.000000,1,1,0,1,0
minute_35_00,63082,182,2092,2,286,line_286,-1,288,1,measured,40.359375,43.733521,1.649452,1.000000,0.250000,1.000000,2.500000,2.000000,3.000000,1,1,0,1,0
minute_35_00,63082,182,2092,2,287,line_287,-1,288,1,measured,24.968750,40.728432,3.007825,1.000000,0.250000,1.000000,2.500000,2.000000,3.000000,1,1,1,1,0
minute_35_00,63082,182,2092,2,288,line_288,-1,288,1,measured,154.545319,23.375156,1.721440,1.000000,0.250000,1.000000,2.500000,2.000000,3.000000,1,1,0,1,0
minute_35_00,63083,183,2093,1,24,caption_plus_1,23,25,1,measured,113.260941,15.796232,1.591549,1.000000,0.250000,1.000000,2.500000,2.000000,3.000000,1,1,0,1,0
minute_35_00,63083,183,2093,1,25,caption_plus_2,23,25,1,measured,150.870316,23.299753,1.630673,1.000000,0.250000,1.000000,2.500000,2.000000,3.000000,1,1,0,1,0
minute_35_00,63083,183,2093,1,26,caption_plus_3,23,25,1,measured,150.067184,22.572596,1.611894,1.000000,0.250000,1.000000,2.500000,2.000000,3.000000,1,1,0,1,0
minute_35_00,63083,183,2093,2,286,line_286,-1,288,1,measured,38.828125,41.906761,1.704225,1.000000,0.250000,1.000000,2.500000,2.000000,3.000000,1,1,0,1,0
minute_35_00,63083,183,2093,2,287,line_287,-1,288,1,measured,23.353125,40.147583,2.635368,1.000000,0.250000,1.000000,2.500000,2.000000,3.000000,1,1,0,1,0
minute_35_00,63083,183,2093,2,288,line_288,-1,288,1,measured,151.085938,23.671129,1.611894,1.000000,0.250000,1.000000,2.500000,2.000000,3.000000,1,1,0,1,0
minute_35_00,63084,184,2094,1,24,caption_plus_1,23,23,0,vbi_ambiguous,111.993752,15.481540,1.444444,1.000000,0.250000,1.000000,2.500000,2.000000,3.000000,1,1,0,1,0
minute_35_00,63084,184,2094,1,25,caption_plus_2,23,23,0,vbi_ambiguous,159.789062,25.093466,1.666667,1.000000,0.250000,1.000000,2.500000,2.000000,3.000000,1,1,0,1,0
minute_35_00,63084,184,2094,1,26,caption_plus_3,23,23,0,vbi_ambiguous,148.110931,22.277901,1.571205,1.000000,0.250000,1.000000,2.500000,2.000000,3.000000,1,1,0,1,0
minute_35_00,63084,184,2094,2,286,line_286,-1,287,1,measured,39.545311,42.888931,1.672926,1.000000,0.250000,1.000000,2.500000,2.000000,3.000000,1,1,0,1,0
minute_35_00,63084,184,2094,2,287,line_287,-1,287,1,measured,59.707813,57.101776,6.644757,1.000000,0.250000,1.000000,2.500000,2.000000,3.000000,1,1,1,1,0
minute_35_00,63084,184,2094,2,288,line_288,-1,287,1,measured,154.834381,24.254267,1.816901,1.000000,0.250000,1.000000,2.500000,2.000000,3.000000,1,1,0,1,0
minute_35_00,63085,185,2095,1,24,caption_plus_1,23,23,0,vbi_ambiguous,110.246872,15.279838,1.438185,1.000000,0.250000,1.000000,2.500000,2.000000,3.000000,1,1,0,1,0
minute_35_00,63085,185,2095,1,25,caption_plus_2,23,23,0,vbi_ambiguous,147.595306,22.882313,1.638498,1.000000,0.250000,1.000000,2.500000,2.000000,3.000000,1,1,0,1,0
minute_35_00,63085,185,2095,1,26,caption_plus_3,23,23,0,vbi_ambiguous,148.590622,22.275433,1.441315,1.000000,0.250000,1.000000,2.500000,2.000000,3.000000,1,1,0,1,0
minute_35_00,63085,185,2095,2,286,line_286,-1,287,1,measured,38.325001,42.669449,1.585289,1.000000,0.250000,1.000000,2.500000,2.000000,3.000000,1,1,0,1,0
minute_35_00,63085,185,2095,2,287,line_287,-1,287,1,measured,63.754688,56.758705,6.840375,1.000000,0.250000,1.000000,2.500000,2.000000,3.000000,1,1,1,1,0
minute_35_00,63085,185,2095,2,288,line_288,-1,287,1,measured,151.609375,24.032215,1.730829,1.000000,0.250000,1.000000,2.500000,2.000000,3.000000,1,1,0,1,0
minute_35_00,63086,186,2096,1,24,caption_plus_1,23,25,1,measured,110.053123,15.822758,1.420970,1.000000,0.250000,1.000000,2.500000,2.000000,3.000000,1,1,0,1,0
minute_35_00,63086,186,2096,1,25,caption_plus_2,23,25,1,measured,159.340622,24.645859,1.593114,1.000000,0.250000,1.000000,2.500000,2.000000,3.000000,1,1,0,1,0
minute_35_00,63086,186,2096,1,26,caption_plus_3,23,25,1,measured,147.210938,22.671242,1.616588,1.000000,0.250000,1.000000,2.500000,2.000000,3.000000,1,1,0,1,0
minute_35_00,63086,186,2096,2,286,line_286,-1,287,1,measured,39.331249,42.582302,1.589984,1.000000,0.250000,1.000000,2.500000,2.000000,3.000000,1,1,0,1,0
minute_35_00,63086,186,2096,2,287,line_287,-1,287,1,measured,65.214066,57.392830,7.179969,1.000000,0.250000,1.000000,2.500000,2.000000,3.000000,1,1,1,1,0
minute_35_00,63086,186,2096,2,288,line_288,-1,287,1,measured,154.481247,23.424406,1.755869,1.000000,0.250000,1.000000,2.500000,2.000000,3.000000,1,1,0,1,0
minute_35_00,63087,187,2097,1,24,caption_plus_1,23,23,0,vbi_ambiguous,110.543747,15.230150,1.405321,1.000000,0.250000,1.000000,2.500000,2.000000,3.000000,1,1,0,1,0
minute_35_00,63087,187,2097,1,25,caption_plus_2,23,23,0,vbi_ambiguous,149.346878,23.364470,1.691706,1.000000,0.250000,1.000000,2.500000,2.000000,3.000000,1,1,0,1,0
minute_35_00,63087,187,2097,1,26,caption_plus_3,23,23,0,vbi_ambiguous,149.693756,22.331451,1.583725,1.000000,0.250000,1.000000,2.500000,2.000000,3.000000,1,1,0,1,0
minute_35_00,63087,187,2097,2,286,line_286,-1,287,1,measured,39.429688,43.476799,1.685446,1.000000,0.250000,1.000000,2.500000,2.000000,3.000000,1,1,0,1,0
minute_35_00,63087,187,2097,2,287,line_287,-1,287,1,measured,69.310936,57.271599,6.513302,1.000000,0.250000,1.000000,2.500000,2.000000,3.000000,1,1,1,1,0
minute_35_00,63087,187,2097,2,288,line_288,-1,287,1,measured,153.800003,24.719185,1.730829,1.000000,0.250000,1.000000,2.500000,2.000000,3.000000,1,1,0,1,0
minute_35_00,63088,188,2098,1,25,caption_plus_1,24,23,0,vbi_ambiguous,110.321877,15.979757,1.488263,1.000000,0.250000,1.000000,2.500000,2.000000,3.000000,1,1,0,1,0
minute_35_00,63088,188,2098,1,26,caption_plus_2,24,23,0,vbi_ambiguous,159.571869,24.961555,1.654147,1.000000,0.250000,1.000000,2.500000,2.000000,3.000000,1,1,0,1,0
minute_35_00,63088,188,2098,1,27,caption_plus_3,24,23,0,vbi_ambiguous,147.757812,22.683607,1.528952,1.000000,0.250000,1.000000,2.500000,2.000000,3.000000,1,1,0,1,0
minute_35_00,63088,188,2098,2,286,line_286,-1,287,1,measured,39.832813,42.881218,1.663537,1.000000,0.250000,1.000000,2.500000,2.000000,3.000000,1,1,0,1,0
minute_35_00,63088,188,2098,2,287,line_287,-1,287,1,measured,60.099998,57.852093,6.200313,1.000000,0.250000,1.000000,2.500000,2.000000,3.000000,1,1,1,1,0
minute_35_00,63088,188,2098,2,288,line_288,-1,287,1,measured,155.725006,23.552256,1.852895,1.000000,0.250000,1.000000,2.500000,2.000000,3.000000,1,1,0,1,0
minute_35_00,63089,189,2099,1,25,caption_plus_1,24,26,1,measured,111.170311,15.366382,1.471048,1.000000,0.250000,1.000000,2.500000,2.000000,3.000000,1,1,0,1,0
minute_35_00,63089,189,2099,1,26,caption_plus_2,24,26,1,measured,148.973434,23.500086,1.564945,1.000000,0.250000,1.000000,2.500000,2.000000,3.000000,1,1,0,1,0
minute_35_00,63089,189,2099,1,27,caption_plus_3,24,26,1,measured,149.695312,22.286753,1.641628,1.000000,0.250000,1.000000,2.500000,2.000000,3.000000,1,1,0,1,0
minute_35_00,63089,189,2099,2,286,line_286,-1,287,1,measured,39.404686,43.200447,1.661972,1.000000,0.250000,1.000000,2.500000,2.000000,3.000000,1,1,0,1,0
minute_35_00,63089,189,2099,2,287,line_287,-1,287,1,measured,59.990623,58.176746,5.946792,1.000000,0.250000,1.000000,2.500000,2.000000,3.000000,1,1,1,1,0
minute_35_00,63089,189,2099,2,288,line_288,-1,287,1,measured,153.582809,24.563553,1.863850,1.000000,0.250000,1.000000,2.500000,2.000000,3.000000,1,1,0,1,0
minute_35_00,63090,190,2100,1,25,caption_plus_1,24,26,1,measured,110.081253,14.641752,1.420970,1.000000,0.250000,1.000000,2.500000,2.000000,3.000000,1,1,0,1,0
minute_35_00,63090,190,2100,1,26,caption_plus_2,24,26,1,measured,158.428131,25.524702,1.663537,1.000000,0.250000,1.000000,2.500000,2.000000,3.000000,1,1,0,1,0
minute_35_00,63090,190,2100,1,27,caption_plus_3,24,26,1,measured,146.875000,22.653435,1.798122,1.000000,0.250000,1.000000,2.500000,2.000000,3.000000,1,1,0,1,0
minute_35_00,63090,190,2100,2,286,line_286,-1,288,1,measured,39.615623,43.245724,1.663537,1.000000,0.250000,1.000000,2.500000,2.000000,3.000000,1,1,0,1,0
minute_35_00,63090,190,2100,2,287,line_287,-1,288,1,measured,23.906250,40.143501,2.693271,1.000000,0.250000,1.000000,2.500000,2.000000,3.000000,1,1,0,1,0
minute_35_00,63090,190,2100,2,288,line_288,-1,288,1,measured,154.446869,23.856739,1.737089,1.000000,0.250000,1.000000,2.500000,2.000000,3.000000,1,1,0,1,0
minute_35_00,63091,191,2101,1,24,caption_plus_1,23,23,0,vbi_ambiguous,111.589066,15.647830,1.507042,1.000000,0.250000,1.000000,2.500000,2.000000,3.000000,1,1,0,1,0
minute_35_00,63091,191,2101,1,25,caption_plus_2,23,23,0,vbi_ambiguous,148.429688,23.633095,1.641628,1.000000,0.250000,1.000000,2.500000,2.000000,3.000000,1,1,0,1,0
minute_35_00,63091,191,2101,1,26,caption_plus_3,23,23,0,vbi_ambiguous,148.931244,23.394609,1.582160,1.000000,0.250000,1.000000,2.500000,2.000000,3.000000,1,1,0,1,0
minute_35_00,63091,191,2101,2,286,line_286,-1,288,1,measured,39.862499,42.461891,1.643193,1.000000,0.250000,1.000000,2.500000,2.000000,3.000000,1,1,0,1,0
minute_35_00,63091,191,2101,2,287,line_287,-1,288,1,measured,28.429688,44.526764,2.940532,1.000000,0.250000,1.000000,2.500000,2.000000,3.000000,1,1,0,1,0
minute_35_00,63091,191,2101,2,288,line_288,-1,288,1,measured,151.609375,24.719563,1.771518,1.000000,0.250000,1.000000,2.500000,2.000000,3.000000,1,1,0,1,0
minute_35_00,63092,192,2102,1,25,caption_plus_1,24,26,1,measured,112.378128,14.737098,1.374022,1.000000,0.250000,1.000000,2.500000,2.000000,3.000000,1,1,0,1,0
minute_35_00,63092,192,2102,1,26,caption_plus_2,24,26,1,measured,159.973434,25.793911,1.661972,1.000000,0.250000,1.000000,2.500000,2.000000,3.000000,1,1,0,1,0
minute_35_00,63092,192,2102,1,27,caption_plus_3,24,26,1,measured,148.484375,23.132965,1.550861,1.000000,0.250000,1.000000,2.500000,2.000000,3.000000,1,1,0,1,0
minute_35_00,63092,192,2102,2,286,line_286,-1,288,1,measured,39.953125,43.120701,1.572770,1.000000,0.250000,1.000000,2.500000,2.000000,3.000000,1,1,0,1,0
minute_35_00,63092,192,2102,2,287,line_287,-1,288,1,measured,23.931250,40.326576,2.370892,1.000000,0.250000,1.000000,2.500000,2.000000,3.000000,1,1,0,1,0
minute_35_00,63092,192,2102,2,288,line_288,-1,288,1,measured,153.417191,24.532619,1.687011,1.000000,0.250000,1.000000,2.500000,2.000000,3.000000,1,1,0,1,0
minute_35_00,63093,193,2103,1,25,caption_plus_1,24,23,0,vbi_ambiguous,112.765625,14.733404,1.424100,1.000000,0.250000,1.000000,2.500000,2.000000,3.000000,1,1,0,1,0
minute_35_00,63093,193,2103,1,26,caption_plus_2,24,23,0,vbi_ambiguous,150.162506,23.909828,1.663537,1.000000,0.250000,1.000000,2.500000,2.000000,3.000000,1,1,0,1,0
minute_35_00,63093,193,2103,1,27,caption_plus_3,24,23,0,vbi_ambiguous,150.281250,23.852848,1.610329,1.000000,0.250000,1.000000,2.500000,2.000000,3.000000,1,1,0,1,0
minute_35_00,63093,193,2103,2,286,line_286,-1,288,1,measured,39.840626,43.581493,1.635368,1.000000,0.250000,1.000000,2.500000,2.000000,3.000000,1,1,0,1,0
minute_35_00,63093,193,2103,2,287,line_287,-1,288,1,measured,28.795313,44.454052,2.882629,1.000000,0.250000,1.000000,2.500000,2.000000,3.000000,1,1,0,1,0
minute_35_00,63093,193,2103,2,288,line_288,-1,288,1,measured,153.618744,24.391245,1.719875,1.000000,0.250000,1.000000,2.500000,2.000000,3.000000,1,1,0,1,0
minute_35_00,63094,194,2104,1,25,caption_plus_1,24,23,0,vbi_ambiguous,113.732811,14.239652,1.380282,1.000000,0.250000,1.000000,2.500000,2.000000,3.000000,1,1,0,1,0
minute_35_00,63094,194,2104,1,26,caption_plus_2,24,23,0,vbi_ambiguous,160.054688,26.238840,1.799687,1.000000,0.250000,1.000000,2.500000,2.000000,3.000000,1,1,0,1,0
minute_35_00,63094,194,2104,1,27,caption_plus_3,24,23,0,vbi_ambiguous,148.725006,23.521189,1.572770,1.000000,0.250000,1.000000,2.500000,2.000000,3.000000,1,1,0,1,0
minute_35_00,63094,194,2104,2,286,line_286,-1,288,1,measured,39.529686,43.733738,1.618153,1.000000,0.250000,1.000000,2.500000,2.000000,3.000000,1,1,0,1,0
minute_35_00,63094,194,2104,2,287,line_287,-1,288,1,measured,18.618750,34.833420,2.067293,1.000000,0.250000,1.000000,2.500000,2.000000,3.000000,1,1,0,1,0
minute_35_00,63094,194,2104,2,288,line_288,-1,288,1,measured,153.817184,23.698946,1.740219,1.000000,0.250000,1.000000,2.500000,2.000000,3.000000,1,1,0,1,0
minute_35_00,63095,195,2105,1,25,caption_plus_1,24,23,0,vbi_ambiguous,112.704689,14.097827,1.305164,1.000000,0.250000,1.000000,2.500000,2.000000,3.000000,1,1,0,1,0
minute_35_00,63095,195,2105,1,26,caption_plus_2,24,23,0,vbi_ambiguous,149.526566,23.268257,1.588419,1.000000,0.250000,1.000000,2.500000,2.000000,3.000000,1,1,0,1,0
minute_35_00,63095,195,2105,1,27,caption_plus_3,24,23,0,vbi_ambiguous,149.629684,23.830299,1.553991,1.000000,0.250000,1.000000,2.500000,2.000000,3.000000,1,1,0,1,0
minute_35_00,63095,195,2105,2,286,line_286,-1,288,1,measured,39.079689,43.030384,1.580595,1.000000,0.250000,1.000000,2.500000,2.000000,3.000000,1,1,0,1,0
minute_35_00,63095,195,2105,2,287,line_287,-1,288,1,measured,18.750000,34.656528,2.148670,1.000000,0.250000,1.000000,2.500000,2.000000,3.000000,1,1,0,1,0
minute_35_00,63095,195,2105,2,288,line_288,-1,288,1,measured,151.228119,22.949152,1.604069,1.000000,0.250000,1.000000,2.500000,2.000000,3.000000,1,1,0,1,0
minute_35_00,63096,196,2106,1,24,caption_plus_1,23,25,1,measured,113.237503,14.051684,1.388106,1.000000,0.250000,1.000000,2.500000,2.000000,3.000000,1,1,0,1,0
minute_35_00,63096,196,2106,1,25,caption_plus_2,23,25,1,measured,161.685944,25.454367,1.710485,1.000000,0.250000,1.000000,2.500000,2.000000,3.000000,1,1,0,1,0
minute_35_00,63096,196,2106,1,26,caption_plus_3,23,25,1,measured,148.768753,23.302486,1.530516,1.000000,0.250000,1.000000,2.500000,2.000000,3.000000,1,1,0,1,0
minute_35_00,63096,196,2106,2,286,line_286,-1,287,1,measured,39.629688,43.500240,1.604069,1.000000,0.250000,1.000000,2.500000,2.000000,3.000000,1,1,0,1,0
minute_35_00,63096,196,2106,2,287,line_287,-1,287,1,measured,60.129688,57.390606,5.882629,1.000000,0.250000,1.000000,2.500000,2.000000,3.000000,1,1,1,1,0
minute_35_00,63096,196,2106,2,288,line_288,-1,287,1,measured,156.860931,24.205198,1.785602,1.000000,0.250000,1.000000,2.500000,2.000000,3.000000,1,1,0,1,0
minute_35_00,63097,197,2107,1,25,caption_plus_1,24,26,1,measured,112.125000,14.148432,1.422535,1.000000,0.250000,1.000000,2.500000,2.000000,3.000000,1,1,0,1,0
minute_35_00,63097,197,2107,1,26,caption_plus_2,24,26,1,measured,150.353119,23.085716,1.561815,1.000000,0.250000,1.000000,2.500000,2.000000,3.000000,1,1,0,1,0
minute_35_00,63097,197,2107,1,27,caption_plus_3,24,26,1,measured,148.810944,23.134394,1.579030,1.000000,0.250000,1.000000,2.500000,2.000000,3.000000,1,1,0,1,0
minute_35_00,63097,197,2107,2,286,line_286,-1,287,1,measured,40.210938,43.601933,1.672926,1.000000,0.250000,1.000000,2.500000,2.000000,3.000000,1,1,0,1,0
minute_35_00,63097,197,2107,2,287,line_287,-1,287,1,measured,65.020309,58.689445,5.752738,1.000000,0.250000,1.000000,2.500000,2.000000,3.000000,1,1,1,1,0
minute_35_00,63097,197,2107,2,288,line_288,-1,287,1,measured,156.137497,24.405233,1.877934,1.000000,0.250000,1.000000,2.500000,2.000000,3.000000,1,1,0,1,0
minute_35_00,63098,198,2108,1,25,caption_plus_1,24,23,0,vbi_ambiguous,112.081253,14.445359,1.309859,1.000000,0.250000,1.000000,2.500000,2.000000,3.000000,1,1,0,1,0
minute_35_00,63098,198,2108,1,26,caption_plus_2,24,23,0,vbi_ambiguous,160.787506,24.733173,1.716745,1.000000,0.250000,1.000000,2.500000,2.000000,3.000000,1,1,0,1,0
minute_35_00,63098,198,2108,1,27,caption_plus_3,24,23,0,vbi_ambiguous,149.106247,22.835989,1.502347,1.000000,0.250000,1.000000,2.500000,2.000000,3.000000,1,1,0,1,0
minute_35_00,63098,198,2108,2,286,line_286,-1,288,1,measured,40.146873,43.054295,1.546166,1.000000,0.250000,1.000000,2.500000,2.000000,3.000000,1,1,0,1,0
minute_35_00,63098,198,2108,2,287,line_287,-1,288,1,measured,19.514063,34.919235,2.302034,1.000000,0.250000,1.000000,2.500000,2.000000,3.000000,1,1,0,1,0
minute_35_00,63098,198,2108,2,288,line_288,-1,288,1,measured,154.785934,22.811718,1.564945,1.000000,0.250000,1.000000,2.500000,2.000000,3.000000,1,1,0,1,0
minute_35_00,63099,199,2109,1,25,caption_plus_1,24,23,0,vbi_ambiguous,112.503128,13.961105,1.323944,1.000000,0.250000,1.000000,2.500000,2.000000,3.000000,1,1,0,1,0
minute_35_00,63099,199,2109,1,26,caption_plus_2,24,23,0,vbi_ambiguous,149.350006,22.344099,1.532081,1.000000,0.250000,1.000000,2.500000,2.000000,3.000000,1,1,0,1,0
minute_35_00,63099,199,2109,1,27,caption_plus_3,24,23,0,vbi_ambiguous,148.264069,23.047722,1.616588,1.000000,0.250000,1.000000,2.500000,2.000000,3.000000,1,1,0,1,0
minute_35_00,63099,199,2109,2,286,line_286,-1,288,1,measured,39.424999,43.406693,1.697966,1.000000,0.250000,1.000000,2.500000,2.000000,3.000000,1,1,0,1,0
minute_35_00,63099,199,2109,2,287,line_287,-1,288,1,measured,23.345312,40.509346,2.857590,1.000000,0.250000,1.000000,2.500000,2.000000,3.000000,1,1,0,1,0
minute_35_00,63099,199,2109,2,288,line_288,-1,288,1,measured,152.792191,23.262274,1.658842,1.000000,0.250000,1.000000,2.500000,2.000000,3.000000,1,1,0,1,0
minute_35_00,63100,200,2110,1,25,caption_plus_1,24,23,0,vbi_ambiguous,112.914062,14.791164,1.289515,1.000000,0.250000,1.000000,2.500000,2.000000,3.000000,1,1,0,1,0
minute_35_00,63100,200,2110,1,26,caption_plus_2,24,23,0,vbi_ambiguous,161.128128,23.848070,1.589984,1.000000,0.250000,1.000000,2.500000,2.000000,3.000000,1,1,0,1,0
minute_35_00,63100,200,2110,1,27,caption_plus_3,24,23,0,vbi_ambiguous,147.551559,23.382029,1.658842,1.000000,0.250000,1.000000,2.500000,2.000000,3.000000,1,1,0,1,0
minute_35_00,63100,200,2110,2,286,line_286,-1,288,1,measured,39.981251,42.826977,1.608764,1.000000,0.250000,1.000000,2.500000,2.000000,3.000000,1,1,0,1,0
minute_35_00,63100,200,2110,2,287,line_287,-1,288,1,measured,24.310938,40.844433,2.528951,1.000000,0.250000,1.000000,2.500000,2.000000,3.000000,1,1,0,1,0
minute_35_00,63100,200,2110,2,288,line_288,-1,288,1,measured,154.393753,22.871544,1.669797,1.000000,0.250000,1.000000,2.500000,2.000000,3.000000,1,1,0,1,0
minute_35_00,63101,201,2111,1,25,caption_plus_1,24,26,1,measured,112.337502,14.251486,1.266041,1.000000,0.250000,1.000000,2.500000,2.000000,3.000000,1,1,0,1,0
minute_35_00,63101,201,2111,1,26,caption_plus_2,24,26,1,measured,149.053131,22.682116,1.688576,1.000000,0.250000,1.000000,2.500000,2.000000,3.000000,1,1,0,1,0
minute_35_00,63101,201,2111,1,27,caption_plus_3,24,26,1,measured,147.946869,23.472065,1.574335,1.000000,0.250000,1.000000,2.500000,2.000000,3.000000,1,1,0,1,0
minute_35_00,63101,201,2111,2,286,line_286,-1,288,1,measured,40.651562,43.101646,1.658842,1.000000,0.250000,1.000000,2.500000,2.000000,3.000000,1,1,0,1,0
minute_35_00,63101,201,2111,2,287,line_287,-1,288,1,measured,25.782812,41.511833,2.331768,1.000000,0.250000,1.000000,2.500000,2.000000,3.000000,1,1,0,1,0
minute_35_00,63101,201,2111,2,288,line_288,-1,288,1,measured,153.318756,23.115911,1.788732,1.000000,0.250000,1.000000,2.500000,2.000000,3.000000,1,1,0,1,0
minute_35_00,63102,202,2112,1,24,caption_plus_1,23,25,1,measured,113.731247,13.707193,1.328639,1.000000,0.250000,1.000000,2.500000,2.000000,3.000000,1,1,0,1,0
minute_35_00,63102,202,2112,1,25,caption_plus_2,23,25,1,measured,162.032806,23.815052,1.657277,1.000000,0.250000,1.000000,2.500000,2.000000,3.000000,1,1,0,1,0
minute_35_00,63102,202,2112,1,26,caption_plus_3,23,25,1,measured,147.882812,23.896528,1.572770,1.000000,0.250000,1.000000,2.500000,2.000000,3.000000,1,1,0,1,0
minute_35_00,63102,202,2112,2,286,line_286,-1,288,1,measured,39.860939,42.529633,1.615023,1.000000,0.250000,1.000000,2.500000,2.000000,3.000000,1,1,0,1,0
minute_35_00,63102,202,2112,2,287,line_287,-1,288,1,measured,18.403126,35.304085,2.366197,1.000000,0.250000,1.000000,2.500000,2.000000,3.000000,1,1,0,1,0
minute_35_00,63102,202,2112,2,288,line_288,-1,288,1,measured,153.076569,22.056719,1.651017,1.000000,0.250000,1.000000,2.500000,2.000000,3.000000,1,1,0,1,0
minute_35_00,63103,203,2113,1,24,caption_plus_1,23,23,0,vbi_ambiguous,112.067184,14.367178,1.433490,1.000000,0.250000,1.000000,2.500000,2.000000,3.000000,1,1,0,1,0
minute_35_00,63103,203,2113,1,25,caption_plus_2,23,23,0,vbi_ambiguous,149.753128,22.832304,1.641628,1.000000,0.250000,1.000000,2.500000,2.000000,3.000000,1,1,0,1,0
minute_35_00,63103,203,2113,1,26,caption_plus_3,23,23,0,vbi_ambiguous,148.898438,23.828434,1.740219,1.000000,0.250000,1.000000,2.500000,2.000000,3.000000,1,1,0,1,0
minute_35_00,63103,203,2113,2,286,line_286,-1,288,1,measured,38.953125,42.864807,1.697966,1.000000,0.250000,1.000000,2.500000,2.000000,3.000000,1,1,0,1,0
minute_35_00,63103,203,2113,2,287,line_287,-1,288,1,measured,23.089062,39.967560,2.856025,1.000000,0.250000,1.000000,2.500000,2.000000,3.000000,1,1,0,1,0
minute_35_00,63103,203,2113,2,288,line_288,-1,288,1,measured,151.396881,22.379372,1.796557,1.000000,0.250000,1.000000,2.500000,2.000000,3.000000,1,1,0,1,0
minute_35_00,63104,204,2114,1,25,caption_plus_1,24,26,1,measured,112.199997,14.491398,1.438185,1.000000,0.250000,1.000000,2.500000,2.000000,3.000000,1,1,0,1,0
minute_35_00,63104,204,2114,1,26,caption_plus_2,24,26,1,measured,161.051559,24.770044,1.672926,1.000000,0.250000,1.000000,2.500000,2.000000,3.000000,1,1,0,1,0
minute_35_00,63104,204,2114,1,27,caption_plus_3,24,26,1,measured,147.603119,23.708555,1.719875,1.000000,0.250000,1.000000,2.500000,2.000000,3.000000,1,1,0,1,0
minute_35_00,63104,204,2114,2,286,line_286,-1,288,1,measured,40.215626,43.461269,1.585289,1.000000,0.250000,1.000000,2.500000,2.000000,3.000000,1,1,0,1,0
minute_35_00,63104,204,2114,2,287,line_287,-1,288,1,measured,24.145313,40.217449,2.981221,1.000000,0.250000,1.000000,2.500000,2.000000,3.000000,1,1,0,1,0
minute_35_00,63104,204,2114,2,288,line_288,-1,288,1,measured,152.826569,22.001980,1.726135,1.000000,0.250000,1.000000,2.500000,2.000000,3.000000,1,1,0,1,0
minute_35_00,63105,205,2115,1,25,caption_plus_1,24,23,0,vbi_ambiguous,113.032814,13.964929,1.450704,1.000000,0.250000,1.000000,2.500000,2.000000,3.000000,1,1,0,1,0
minute_35_00,63105,205,2115,1,26,caption_plus_2,24,23,0,vbi_ambiguous,150.304688,22.231155,1.588419,1.000000,0.250000,1.000000,2.500000,2.000000,3.000000,1,1,0,1,0
minute_35_00,63105,205,2115,1,27,caption_plus_3,24,23,0,vbi_ambiguous,149.471878,22.765568,1.683881,1.000000,0.250000,1.000000,2.500000,2.000000,3.000000,1,1,0,1,0
minute_35_00,63105,205,2115,2,286,line_286,-1,288,1,measured,38.342186,42.293026,1.535211,1.000000,0.250000,1.000000,2.500000,2.000000,3.000000,1,1,0,1,0
minute_35_00,63105,205,2115,2,287,line_287,-1,288,1,measured,23.773438,40.297722,2.679186,1.000000,0.250000,1.000000,2.500000,2.000000,3.000000,1,1,0,1,0
minute_35_00,63105,205,2115,2,288,line_288,-1,288,1,measured,152.539062,23.065228,1.585289,1.000000,0.250000,1.000000,2.500000,2.000000,3.000000,1,1,0,1,0
minute_35_00,63106,206,2116,1,25,caption_plus_1,24,23,0,vbi_ambiguous,114.014061,14.092821,1.461659,1.000000,0.250000,1.000000,2.500000,2.000000,3.000000,1,1,0,1,0
minute_35_00,63106,206,2116,1,26,caption_plus_2,24,23,0,vbi_ambiguous,162.778122,24.385847,1.737089,1.000000,0.250000,1.000000,2.500000,2.000000,3.000000,1,1,0,1,0
minute_35_00,63106,206,2116,1,27,caption_plus_3,24,23,0,vbi_ambiguous,148.812500,23.256300,1.727700,1.000000,0.250000,1.000000,2.500000,2.000000,3.000000,1,1,0,1,0
minute_35_00,63106,206,2116,2,286,line_286,-1,288,1,measured,39.820312,42.655087,1.640063,1.000000,0.250000,1.000000,2.500000,2.000000,3.000000,1,1,0,1,0
minute_35_00,63106,206,2116,2,287,line_287,-1,288,1,measured,23.392187,40.437115,2.480438,1.000000,0.250000,1.000000,2.500000,2.000000,3.000000,1,1,0,1,0
minute_35_00,63106,206,2116,2,288,line_288,-1,288,1,measured,154.748444,22.990164,1.593114,1.000000,0.250000,1.000000,2.500000,2.000000,3.000000,1,1,0,1,0
minute_35_00,63107,207,2117,1,25,caption_plus_1,24,23,0,vbi_ambiguous,113.984375,14.000437,1.345853,1.000000,0.250000,1.000000,2.500000,2.000000,3.000000,1,1,0,1,0
minute_35_00,63107,207,2117,1,26,caption_plus_2,24,23,0,vbi_ambiguous,151.031250,21.897394,1.735524,1.000000,0.250000,1.000000,2.500000,2.000000,3.000000,1,1,0,1,0
minute_35_00,63107,207,2117,1,27,caption_plus_3,24,23,0,vbi_ambiguous,150.018753,23.900045,1.729264,1.000000,0.250000,1.000000,2.500000,2.000000,3.000000,1,1,0,1,0
minute_35_00,63107,207,2117,2,286,line_286,-1,288,1,measured,39.415627,43.193630,1.597809,1.000000,0.250000,1.000000,2.500000,2.000000,3.000000,1,1,0,1,0
minute_35_00,63107,207,2117,2,287,line_287,-1,288,1,measured,24.289062,40.486252,2.701095,1.000000,0.250000,1.000000,2.500000,2.000000,3.000000,1,1,0,1,0
minute_35_00,63107,207,2117,2,288,line_288,-1,288,1,measured,152.274994,22.840534,1.799687,1.000000,0.250000,1.000000,2.500000,2.000000,3.000000,1,1,0,1,0
minute_35_00,63108,208,2118,1,25,caption_plus_1,24,26,1,measured,113.621872,13.566186,1.273865,1.000000,0.250000,1.000000,2.500000,2.000000,3.000000,1,1,0,1,0
minute_35_00,63108,208,2118,1,26,caption_plus_2,24,26,1,measured,161.801559,23.828089,1.705790,1.000000,0.250000,1.000000,2.500000,2.000000,3.000000,1,1,0,1,0
minute_35_00,63108,208,2118,1,27,caption_plus_3,24,26,1,measured,148.757812,24.079472,1.564945,1.000000,0.250000,1.000000,2.500000,2.000000,3.000000,1,1,0,1,0
minute_35_00,63108,208,2118,2,286,line_286,-1,288,1,measured,39.279686,42.591244,1.580595,1.000000,0.250000,1.000000,2.500000,2.000000,3.000000,1,1,0,1,0
minute_35_00,63108,208,2118,2,287,line_287,-1,288,1,measured,23.837500,40.823994,2.336463,1.000000,0.250000,1.000000,2.500000,2.000000,3.000000,1,1,0,1,0
minute_35_00,63108,208,2118,2,288,line_288,-1,288,1,measured,153.409378,23.045835,1.621283,1.000000,0.250000,1.000000,2.500000,2.000000,3.000000,1,1,0,1,0
minute_35_00,63109,209,2119,1,24,caption_plus_1,23,25,1,measured,112.942184,13.556067,1.250391,1.000000,0.250000,1.000000,2.500000,2.000000,3.000000,1,1,0,1,0
minute_35_00,63109,209,2119,1,25,caption_plus_2,23,25,1,measured,150.023438,22.088057,1.593114,1.000000,0.250000,1.000000,2.500000,2.000000,3.000000,1,1,0,1,0
minute_35_00,63109,209,2119,1,26,caption_plus_3,23,25,1,measured,148.248444,24.009682,1.558685,1.000000,0.250000,1.000000,2.500000,2.000000,3.000000,1,1,0,1,0
minute_35_00,63109,209,2119,2,286,line_286,-1,288,1,measured,40.062500,43.847847,1.635368,1.000000,0.250000,1.000000,2.500000,2.000000,3.000000,1,1,0,1,0
minute_35_00,63109,209,2119,2,287,line_287,-1,288,1,measured,29.087500,45.252781,2.569640,1.000000,0.250000,1.000000,2.500000,2.000000,3.000000,1,1,0,1,0
minute_35_00,63109,209,2119,2,288,line_288,-1,288,1,measured,153.135941,23.624046,1.785602,1.000000,0.250000,1.000000,2.500000,2.000000,3.000000,1,1,0,1,0
minute_35_00,63110,210,2120,1,24,caption_plus_1,23,23,0,vbi_ambiguous,113.006248,13.398926,1.341158,1.000000,0.250000,1.000000,2.500000,2.000000,3.000000,1,1,0,1,0
minute_35_00,63110,210,2120,1,25,caption_plus_2,23,23,0,vbi_ambiguous,159.715622,24.567326,1.752739,1.000000,0.250000,1.000000,2.500000,2.000000,3.000000,1,1,0,1,0
minute_35_00,63110,210,2120,1,26,caption_plus_3,23,23,0,vbi_ambiguous,147.206253,24.114983,1.496088,1.000000,0.250000,1.000000,2.500000,2.000000,3.000000,1,1,0,1,0
minute_35_00,63110,210,2120,2,286,line_286,-1,288,1,measured,40.392189,43.601543,1.622848,1.000000,0.250000,1.000000,2.500000,2.000000,3.000000,1,1,0,1,0
minute_35_00,63110,210,2120,2,287,line_287,-1,288,1,measured,19.559376,35.046394,2.269171,1.000000,0.250000,1.000000,2.500000,2.000000,3.000000,1,1,0,1,0
minute_35_00,63110,210,2120,2,288,line_288,-1,288,1,measured,153.204681,22.358660,1.652582,1.000000,0.250000,1.000000,2.500000,2.000000,3.000000,1,1,0,1,0
minute_35_00,63111,211,2121,1,24,caption_plus_1,23,25,1,measured,113.098434,13.116117,1.289515,1.000000,0.250000,1.000000,2.500000,2.000000,3.000000,1,1,0,1,0
minute_35_00,63111,211,2121,1,25,caption_plus_2,23,25,1,measured,149.329681,23.233040,1.724570,1.000000,0.250000,1.000000,2.500000,2.000000,3.000000,1,1,0,1,0
minute_35_00,63111,211,2121,1,26,caption_plus_3,23,25,1,measured,148.239059,23.803967,1.474178,1.000000,0.250000,1.000000,2.500000,2.000000,3.000000,1,1,0,1,0
minute_35_00,63111,211,2121,2,286,line_286,-1,288,1,measured,39.440624,43.557392,1.660407,1.000000,0.250000,1.000000,2.500000,2.000000,3.000000,1,1,0,1,0
minute_35_00,63111,211,2121,2,287,line_287,-1,288,1,measured,23.140625,39.881176,2.892019,1.000000,0.250000,1.000000,2.500000,2.000000,3.000000,1,1,0,1,0
minute_35_00,63111,211,2121,2,288,line_288,-1,288,1,measured,151.951569,22.714584,1.593114,1.000000,0.250000,1.000000,2.500000,2.000000,3.000000,1,1,0,1,0
minute_35_00,63112,212,2122,1,24,caption_plus_1,23,23,0,vbi_ambiguous,112.898438,14.018202,1.280125,1.000000,0.250000,1.000000,2.500000,2.000000,3.000000,1,1,0,1,0
minute_35_00,63112,212,2122,1,25,caption_plus_2,23,23,0,vbi_ambiguous,158.603119,24.739809,1.629108,1.000000,0.250000,1.000000,2.500000,2.000000,3.000000,1,1,0,1,0
minute_35_00,63112,212,2122,1,26,caption_plus_3,23,23,0,vbi_ambiguous,147.259369,24.079845,1.746479,1.000000,0.250000,1.000000,2.500000,2.000000,3.000000,1,1,0,1,0
minute_35_00,63112,212,2122,2,286,line_286,-1,288,1,measured,39.307812,42.549866,1.712050,1.000000,0.250000,1.000000,2.500000,2.000000,3.000000,1,1,0,1,0
minute_35_00,63112,212,2122,2,287,line_287,-1,288,1,measured,23.104687,39.148117,2.788732,1.000000,0.250000,1.000000,2.500000,2.000000,3.000000,1,1,0,1,0
minute_35_00,63112,212,2122,2,288,line_288,-1,288,1,measured,151.824997,23.741920,1.687011,1.000000,0.250000,1.000000,2.500000,2.000000,3.000000,1,1,0,1,0
minute_35_00,63113,213,2123,1,24,caption_plus_1,23,23,0,vbi_ambiguous,112.195312,13.122177,1.190923,1.000000,0.250000,1.000000,2.500000,2.000000,3.000000,1,1,0,1,0
minute_35_00,63113,213,2123,1,25,caption_plus_2,23,23,0,vbi_ambiguous,148.717194,23.052109,1.615023,1.000000,0.250000,1.000000,2.500000,2.000000,3.000000,1,1,0,1,0
minute_35_00,63113,213,2123,1,26,caption_plus_3,23,23,0,vbi_ambiguous,148.126556,23.384113,1.611894,1.000000,0.250000,1.000000,2.500000,2.000000,3.000000,1,1,0,1,0
minute_35_00,63113,213,2123,2,286,line_286,-1,288,1,measured,39.309376,42.907402,1.615023,1.000000,0.250000,1.000000,2.500000,2.000000,3.000000,1,1,0,1,0
minute_35_00,63113,213,2123,2,287,line_287,-1,288,1,measured,24.273438,40.283237,2.749609,1.000000,0.250000,1.000000,2.500000,2.000000,3.000000,1,1,0,1,0
minute_35_00,63113,213,2123,2,288,line_288,-1,288,1,measured,150.851562,23.646778,1.716745,1.000000,0.250000,1.000000,2.500000,2.000000,3.000000,1,1,0,1,0
minute_35_00,63114,214,2124,1,24,caption_plus_1,23,25,1,measured,112.271873,13.739353,1.338028,1.000000,0.250000,1.000000,2.500000,2.000000,3.000000,1,1,0,1,0
minute_35_00,63114,214,2124,1,25,caption_plus_2,23,25,1,measured,159.176559,24.693783,1.768388,1.000000,0.250000,1.000000,2.500000,2.000000,3.000000,1,1,0,1,0
minute_35_00,63114,214,2124,1,26,caption_plus_3,23,25,1,measured,147.625000,24.308498,1.694836,1.000000,0.250000,1.000000,2.500000,2.000000,3.000000,1,1,0,1,0
minute_35_00,63114,214,2124,2,286,line_286,-1,287,1,measured,38.645313,42.764297,1.544601,1.000000,0.250000,1.000000,2.500000,2.000000,3.000000,1,1,0,1,0
minute_35_00,63114,214,2124,2,287,line_287,-1,287,1,measured,60.039062,56.777195,6.762128,1.000000,0.250000,1.000000,2.500000,2.000000,3.000000,1,1,1,1,0
minute_35_00,63114,214,2124,2,288,line_288,-1,287,1,measured,153.481247,24.911900,1.743349,1.000000,0.250000,1.000000,2.500000,2.000000,3.000000,1,1,0,1,0
minute_35_00,63115,215,2125,1,25,caption_plus_1,24,26,1,measured,111.943748,13.488651,1.266041,1.000000,0.250000,1.000000,2.500000,2.000000,3.000000,1,1,0,1,0
minute_35_00,63115,215,2125,1,26,caption_plus_2,24,26,1,measured,146.551559,22.600965,1.589984,1.000000,0.250000,1.000000,2.500000,2.000000,3.000000,1,1,0,1,0
minute_35_00,63115,215,2125,1,27,caption_plus_3,24,26,1,measured,147.226562,24.111982,1.496088,1.000000,0.250000,1.000000,2.500000,2.000000,3.000000,1,1,0,1,0
minute_35_00,63115,215,2125,2,286,line_286,-1,287,1,measured,39.867188,42.503448,1.610329,1.000000,0.250000,1.000000,2.500000,2.000000,3.000000,1,1,0,1,0
minute_35_00,63115,215,2125,2,287,line_287,-1,287,1,measured,64.251564,56.876930,6.816901,1.000000,0.250000,1.000000,2.500000,2.000000,3.000000,1,1,1,1,0
minute_35_00,63115,215,2125,2,288,line_288,-1,287,1,measured,152.718750,25.419462,1.571205,1.000000,0.250000,1.000000,2.500000,2.000000,3.000000,1,1,0,1,0
minute_35_00,63116,216,2126,1,24,caption_plus_1,23,25,1,measured,112.035934,13.026906,1.201878,1.000000,0.250000,1.000000,2.500000,2.000000,3.000000,1,1,0,1,0
minute_35_00,63116,216,2126,1,25,caption_plus_2,23,25,1,measured,159.078125,24.082218,1.596244,1.000000,0.250000,1.000000,2.500000,2.000000,3.000000,1,1,0,1,0
minute_35_00,63116,216,2126,1,26,caption_plus_3,23,25,1,measured,146.718750,24.437656,1.547731,1.000000,0.250000,1.000000,2.500000,2.000000,3.000000,1,1,0,1,0
minute_35_00,63116,216,2126,2,286,line_286,-1,287,1,measured,40.323437,43.805393,1.668232,1.000000,0.250000,1.000000,2.500000,2.000000,3.000000,1,1,0,1,0
minute_35_00,63116,216,2126,2,287,line_287,-1,287,1,measured,65.954689,57.755924,7.051643,1.000000,0.250000,1.000000,2.500000,2.000000,3.000000,1,1,1,1,0
minute_35_00,63116,216,2126,2,288,line_288,-1,287,1,measured,155.892181,24.596289,1.807512,1.000000,0.250000,1.000000,2.500000,2.000000,3.000000,1,1,0,1,0
minute_35_00,63117,217,2127,1,24,caption_plus_1,23,25,1,measured,112.293747,12.372775,1.215962,1.000000,0.250000,1.000000,2.500000,2.000000,3.000000,1,1,0,1,0
minute_35_00,63117,217,2127,1,25,caption_plus_2,23,25,1,measured,147.693756,22.376396,1.550861,1.000000,0.250000,1.000000,2.500000,2.000000,3.000000,1,1,0,1,0
minute_35_00,63117,217,2127,1,26,caption_plus_3,23,25,1,measured,147.192184,24.615587,1.616588,1.000000,0.250000,1.000000,2.500000,2.000000,3.000000,1,1,0,1,0
minute_35_00,63117,217,2127,2,286,line_286,-1,287,1,measured,38.956249,43.311134,1.638498,1.000000,0.250000,1.000000,2.500000,2.000000,3.000000,1,1,0,1,0
minute_35_00,63117,217,2127,2,287,line_287,-1,287,1,measured,69.321877,57.448505,6.446009,1.000000,0.250000,1.000000,2.500000,2.000000,3.000000,1,1,1,1,0
minute_35_00,63117,217,2127,2,288,line_288,-1,287,1,measured,153.395309,25.178581,1.688576,1.000000,0.250000,1.000000,2.500000,2.000000,3.000000,1,1,0,1,0
minute_35_00,63118,218,2128,1,25,caption_plus_1,24,26,1,measured,114.485939,12.376002,1.419405,1.000000,0.250000,1.000000,2.500000,2.000000,3.000000,1,1,0,1,0
minute_35_00,63118,218,2128,1,26,caption_plus_2,24,26,1,measured,161.520309,24.168736,1.733959,1.000000,0.250000,1.000000,2.500000,2.000000,3.000000,1,1,0,1,0
minute_35_00,63118,218,2128,1,27,caption_plus_3,24,26,1,measured,148.203125,26.008640,1.827856,1.000000,0.250000,1.000000,2.500000,2.000000,3.000000,1,1,0,1,0
minute_35_00,63118,218,2128,2,286,line_286,-1,287,1,measured,39.264061,43.784458,1.660407,1.000000,0.250000,1.000000,2.500000,2.000000,3.000000,1,1,0,1,0
minute_35_00,63118,218,2128,2,287,line_287,-1,287,1,measured,59.973438,58.271786,6.234742,1.000000,0.250000,1.000000,2.500000,2.000000,3.000000,1,1,1,1,0
minute_35_00,63118,218,2128,2,288,line_288,-1,287,1,measured,154.928131,23.984978,1.892019,1.000000,0.250000,1.000000,2.500000,2.000000,3.000000,1,1,0,1,0
minute_35_00,63119,219,2129,1,25,caption_plus_1,24,23,0,vbi_ambiguous,113.656250,11.129661,1.306729,1.000000,0.250000,1.000000,2.500000,2.000000,3.000000,1,1,0,1,0
minute_35_00,63119,219,2129,1,26,caption_plus_2,24,23,0,vbi_ambiguous,149.546875,21.889301,1.588419,1.000000,0.250000,1.000000,2.500000,2.000000,3.000000,1,1,0,1,0
minute_35_00,63119,219,2129,1,27,caption_plus_3,24,23,0,vbi_ambiguous,148.657806,24.265783,1.647887,1.000000,0.250000,1.000000,2.500000,2.000000,3.000000,1,1,0,1,0
minute_35_00,63119,219,2129,2,286,line_286,-1,287,1,measured,39.164062,43.569984,1.619718,1.000000,0.250000,1.000000,2.500000,2.000000,3.000000,1,1,0,1,0
minute_35_00,63119,219,2129,2,287,line_287,-1,287,1,measured,59.048439,57.192486,5.765258,1.000000,0.250000,1.000000,2.500000,2.000000,3.000000,1,1,1,1,0
minute_35_00,63119,219,2129,2,288,line_288,-1,287,1,measured,153.218750,23.885973,1.751174,1.000000,0.250000,1.000000,2.500000,2.000000,3.000000,1,1,0,1,0
minute_35_00,63120,220,2130,1,25,caption_plus_1,24,23,0,vbi_ambiguous,113.754684,11.157010,1.347418,1.000000,0.250000,1.000000,2.500000,2.000000,3.000000,1,1,0,1,0
minute_35_00,63120,220,2130,1,26,caption_plus_2,24,23,0,vbi_ambiguous,161.217194,22.230146,1.530516,1.000000,0.250000,1.000000,2.500000,2.000000,3.000000,1,1,0,1,0
minute_35_00,63120,220,2130,1,27,caption_plus_3,24,23,0,vbi_ambiguous,147.582809,25.482151,1.683881,1.000000,0.250000,1.000000,2.500000,2.000000,3.000000,1,1,0,1,0
minute_35_00,63120,220,2130,2,286,line_286,-1,288,1,measured,39.384377,43.298157,1.665102,1.000000,0.250000,1.000000,2.500000,2.000000,3.000000,1,1,0,1,0
minute_35_00,63120,220,2130,2,287,line_287,-1,288,1,measured,24.821875,41.060390,2.790297,1.000000,0.250000,1.000000,2.500000,2.000000,3.000000,1,1,0,1,0
minute_35_00,63120,220,2130,2,288,line_288,-1,288,1,measured,154.831253,22.235100,1.757434,1.000000,0.250000,1.000000,2.500000,2.000000,3.000000,1,1,0,1,0
minute_35_00,63121,221,2131,1,25,caption_plus_1,24,23,0,vbi_ambiguous,115.221878,10.347743,1.236307,1.000000,0.250000,1.000000,2.500000,2.000000,3.000000,1,1,0,1,0
minute_35_00,63121,221,2131,1,26,caption_plus_2,24,23,0,vbi_ambiguous,151.198441,21.074265,1.483568,1.000000,0.250000,1.000000,2.500000,2.000000,3.000000,1,1,0,1,0
minute_35_00,63121,221,2131,1,27,caption_plus_3,24,23,0,vbi_ambiguous,149.382812,23.907608,1.574335,1.000000,0.250000,1.000000,2.500000,2.000000,3.000000,1,1,0,1,0
minute_35_00,63121,221,2131,2,286,line_286,-1,288,1,measured,39.634377,43.508484,1.671361,1.000000,0.250000,1.000000,2.500000,2.000000,3.000000,1,1,0,1,0
minute_35_00,63121,221,2131,2,287,line_287,-1,288,1,measured,29.937500,44.710484,2.923318,1.000000,0.250000,1.000000,2.500000,2.000000,3.000000,1,1,0,1,0
minute_35_00,63121,221,2131,2,288,line_288,-1,288,1,measured,153.451569,21.966114,1.691706,1.000000,0.250000,1.000000,2.500000,2.000000,3.000000,1,1,0,1,0
minute_35_00,63122,222,2132,1,24,caption_plus_1,23,23,0,vbi_ambiguous,114.851562,10.132627,1.295775,1.000000,0.250000,1.000000,2.500000,2.000000,3.000000,1,1,0,1,0
minute_35_00,63122,222,2132,1,25,caption_plus_2,23,23,0,vbi_ambiguous,162.376556,21.084290,1.568075,1.000000,0.250000,1.000000,2.500000,2.000000,3.000000,1,1,0,1,0
minute_35_00,63122,222,2132,1,26,caption_plus_3,23,23,0,vbi_ambiguous,147.560944,24.520643,1.651017,1.000000,0.250000,1.000000,2.500000,2.000000,3.000000,1,1,0,1,0
minute_35_00,63122,222,2132,2,286,line_286,-1,288,1,measured,40.734375,43.527050,1.685446,1.000000,0.250000,1.000000,2.500000,2.000000,3.000000,1,1,0,1,0
minute_35_00,63122,222,2132,2,287,line_287,-1,288,1,measured,25.762501,40.061825,2.302034,1.000000,0.250000,1.000000,2.500000,2.000000,3.000000,1,1,0,1,0
minute_35_00,63122,222,2132,2,288,line_288,-1,288,1,measured,156.371872,21.318182,1.619718,1.000000,0.250000,1.000000,2.500000,2.000000,3.000000,1,1,0,1,0
minute_35_00,63123,223,2133,1,24,caption_plus_1,23,25,1,measured,116.085938,9.922848,1.270736,1.000000,0.250000,1.000000,2.500000,2.000000,3.000000,1,1,0,1,0
minute_35_00,63123,223,2133,1,25,caption_plus_2,23,25,1,measured,151.431244,20.606091,1.411581,1.000000,0.250000,1.000000,2.500000,2.000000,3.000000,1,1,0,1,0
minute_35_00,63123,223,2133,1,26,caption_plus_3,23,25,1,measured,149.803131,23.485807,1.597809,1.000000,0.250000,1.000000,2.500000,2.000000,3.000000,1,1,0,1,0
minute_35_00,63123,223,2133,2,286,line_286,-1,288,1,measured,41.126564,43.160179,1.566510,1.000000,0.250000,1.000000,2.500000,2.000000,3.000000,1,1,0,1,0
minute_35_00,63123,223,2133,2,287,line_287,-1,288,1,measured,30.275000,44.757324,2.923318,1.000000,0.250000,1.000000,2.500000,2.000000,3.000000,1,1,0,1,0
minute_35_00,63123,223,2133,2,288,line_288,-1,288,1,measured,156.562500,22.440111,1.699530,1.000000,0.250000,1.000000,2.500000,2.000000,3.000000,1,1,0,1,0
minute_35_00,63124,224,2134,1,24,caption_plus_1,23,25,1,measured,115.243752,11.360016,1.361502,1.000000,0.250000,1.000000,2.500000,2.000000,3.000000,1,1,0,1,0
minute_35_00,63124,224,2134,1,25,caption_plus_2,23,25,1,measured,160.878128,21.477695,1.652582,1.000000,0.250000,1.000000,2.500000,2.000000,3.000000,1,1,0,1,0
minute_35_00,63124,224,2134,1,26,caption_plus_3,23,25,1,measured,147.010941,24.536354,1.641628,1.000000,0.250000,1.000000,2.500000,2.000000,3.000000,1,1,0,1,0
minute_35_00,63124,224,2134,2,286,line_286,-1,288,1,measured,41.012501,43.563530,1.647887,1.000000,0.250000,1.000000,2.500000,2.000000,3.000000,1,1,0,1,0
minute_35_00,63124,224,2134,2,287,line_287,-1,288,1,measured,19.629688,34.019100,2.117371,1.000000,0.250000,1.000000,2.500000,2.000000,3.000000,1,1,0,1,0
minute_35_00,63124,224,2134,2,288,line_288,-1,288,1,measured,155.995316,21.439777,1.676056,1.000000,0.250000,1.000000,2.500000,2.000000,3.000000,1,1,0,1,0
minute_35_00,63125,225,2135,1,25,caption_plus_1,24,23,0,vbi_ambiguous,115.740623,10.487861,1.306729,1.000000,0.250000,1.000000,2.500000,2.000000,3.000000,1,1,0,1,0
minute_35_00,63125,225,2135,1,26,caption_plus_2,24,23,0,vbi_ambiguous,151.684372,20.702063,1.608764,1.000000,0.250000,1.000000,2.500000,2.000000,3.000000,1,1,0,1,0
minute_35_00,63125,225,2135,1,27,caption_plus_3,24,23,0,vbi_ambiguous,149.251556,23.775398,1.533646,1.000000,0.250000,1.000000,2.500000,2.000000,3.000000,1,1,0,1,0
minute_35_00,63125,225,2135,2,286,line_286,-1,288,1,measured,38.118752,43.484859,1.663537,1.000000,0.250000,1.000000,2.500000,2.000000,3.000000,1,1,0,1,0
minute_35_00,63125,225,2135,2,287,line_287,-1,288,1,measured,19.171875,35.027649,2.284820,1.000000,0.250000,1.000000,2.500000,2.000000,3.000000,1,1,0,1,0
minute_35_00,63125,225,2135,2,288,line_288,-1,288,1,measured,151.571869,21.687435,1.588419,1.000000,0.250000,1.000000,2.500000,2.000000,3.000000,1,1,0,1,0
minute_35_00,63126,226,2136,1,24,caption_plus_1,23,23,0,vbi_ambiguous,113.940628,11.427198,1.338028,1.000000,0.250000,1.000000,2.500000,2.000000,3.000000,1,1,0,1,0
minute_35_00,63126,226,2136,1,25,caption_plus_2,23,23,0,vbi_ambiguous,160.304688,21.681774,1.619718,1.000000,0.250000,1.000000,2.500000,2.000000,3.000000,1,1,0,1,0
minute_35_00,63126,226,2136,1,26,caption_plus_3,23,23,0,vbi_ambiguous,145.623444,24.168880,1.564945,1.000000,0.250000,1.000000,2.500000,2.000000,3.000000,1,1,0,1,0
minute_35_00,63126,226,2136,2,286,line_286,-1,287,1,measured,41.371876,43.326588,1.663537,1.000000,0.250000,1.000000,2.500000,2.000000,3.000000,1,1,0,1,0
minute_35_00,63126,226,2136,2,287,line_287,-1,287,1,measured,65.510941,58.492733,5.809077,1.000000,0.250000,1.000000,2.500000,2.000000,3.000000,1,1,1,1,0
minute_35_00,63126,226,2136,2,288,line_288,-1,287,1,measured,156.278122,23.754622,1.978091,1.000000,0.250000,1.000000,2.500000,2.000000,3.000000,1,1,0,1,0
minute_35_00,63127,227,2137,1,24,caption_plus_1,23,23,0,vbi_ambiguous,114.245316,10.548288,1.220657,1.000000,0.250000,1.000000,2.500000,2.000000,3.000000,1,1,0,1,0
minute_35_00,63127,227,2137,1,25,caption_plus_2,23,23,0,vbi_ambiguous,150.432816,22.265484,1.638498,1.000000,0.250000,1.000000,2.500000,2.000000,3.000000,1,1,0,1,0
minute_35_00,63127,227,2137,1,26,caption_plus_3,23,23,0,vbi_ambiguous,149.357819,23.540359,1.607199,1.000000,0.250000,1.000000,2.500000,2.000000,3.000000,1,1,0,1,0
minute_35_00,63127,227,2137,2,286,line_286,-1,287,1,measured,38.851562,43.271038,1.596244,1.000000,0.250000,1.000000,2.500000,2.000000,3.000000,1,1,0,1,0
minute_35_00,63127,227,2137,2,287,line_287,-1,287,1,measured,64.598434,58.100990,5.854460,1.000000,0.250000,1.000000,2.500000,2.000000,3.000000,1,1,1,1,0
minute_35_00,63127,227,2137,2,288,line_288,-1,287,1,measured,152.009369,24.302454,1.866980,1.000000,0.250000,1.000000,2.500000,2.000000,3.000000,1,1,0,1,0
minute_35_00,63128,228,2138,1,24,caption_plus_1,23,25,1,measured,113.253128,12.287633,1.361502,1.000000,0.250000,1.000000,2.500000,2.000000,3.000000,1,1,0,1,0
minute_35_00,63128,228,2138,1,25,caption_plus_2,23,25,1,measured,159.945312,23.904924,1.635368,1.000000,0.250000,1.000000,2.500000,2.000000,3.000000,1,1,0,1,0
minute_35_00,63128,228,2138,1,26,caption_plus_3,23,25,1,measured,147.862503,24.411764,1.474178,1.000000,0.250000,1.000000,2.500000,2.000000,3.000000,1,1,0,1,0
minute_35_00,63128,228,2138,2,286,line_286,-1,288,1,measured,40.792187,43.751522,1.647887,1.000000,0.250000,1.000000,2.500000,2.000000,3.000000,1,1,0,1,0
minute_35_00,63128,228,2138,2,287,line_287,-1,288,1,measured,20.621876,35.527817,2.422535,1.000000,0.250000,1.000000,2.500000,2.000000,3.000000,1,1,0,1,0
minute_35_00,63128,228,2138,2,288,line_288,-1,288,1,measured,153.976562,22.843988,1.588419,1.000000,0.250000,1.000000,2.500000,2.000000,3.000000,1,1,0,1,0
minute_35_00,63129,229,2139,1,24,caption_plus_1,23,25,1,measured,113.317184,12.192506,1.261346,1.000000,0.250000,1.000000,2.500000,2.000000,3.000000,1,1,0,1,0
minute_35_00,63129,229,2139,1,25,caption_plus_2,23,25,1,measured,148.829681,22.027981,1.500782,1.000000,0.250000,1.000000,2.500000,2.000000,3.000000,1,1,0,1,0
minute_35_00,63129,229,2139,1,26,caption_plus_3,23,25,1,measured,148.489059,23.596342,1.502347,1.000000,0.250000,1.000000,2.500000,2.000000,3.000000,1,1,0,1,0
minute_35_00,63129,229,2139,2,286,line_286,-1,288,1,measured,40.320312,42.977562,1.635368,1.000000,0.250000,1.000000,2.500000,2.000000,3.000000,1,1,0,1,0
minute_35_00,63129,229,2139,2,287,line_287,-1,288,1,measured,24.606251,39.767307,2.885759,1.000000,0.250000,1.000000,2.500000,2.000000,3.000000,1,1,0,1,0
minute_35_00,63129,229,2139,2,288,line_288,-1,288,1,measured,153.879684,23.340406,1.688576,1.000000,0.250000,1.000000,2.500000,2.000000,3.000000,1,1,0,1,0
minute_35_00,63130,230,2140,1,24,caption_plus_1,23,25,1,measured,112.578125,12.586208,1.305164,1.000000,0.250000,1.000000,2.500000,2.000000,3.000000,1,1,0,1,0
minute_35_00,63130,230,2140,1,25,caption_plus_2,23,25,1,measured,158.629684,23.815935,1.657277,1.000000,0.250000,1.000000,2.500000,2.000000,3.000000,1,1,0,1,0
minute_35_00,63130,230,2140,1,26,caption_plus_3,23,25,1,measured,147.567184,24.729319,1.691706,1.000000,0.250000,1.000000,2.500000,2.000000,3.000000,1,1,0,1,0
minute_35_00,63130,230,2140,2,286,line_286,-1,288,1,measured,40.660938,43.832912,1.646322,1.000000,0.250000,1.000000,2.500000,2.000000,3.000000,1,1,0,1,0
minute_35_00,63130,230,2140,2,287,line_287,-1,288,1,measured,24.739063,40.218338,2.541471,1.000000,0.250000,1.000000,2.500000,2.000000,3.000000,1,1,0,1,0
minute_35_00,63130,230,2140,2,288,line_288,-1,288,1,measured,154.734375,22.604992,1.594679,1.000000,0.250000,1.000000,2.500000,2.000000,3.000000,1,1,0,1,0
minute_35_00,63131,231,2141,1,24,caption_plus_1,23,25,1,measured,112.934372,12.818275,1.397496,1.000000,0.250000,1.000000,2.500000,2.000000,3.000000,1,1,0,1,0
minute_35_00,63131,231,2141,1,25,caption_plus_2,23,25,1,measured,149.053131,21.807045,1.524257,1.000000,0.250000,1.000000,2.500000,2.000000,3.000000,1,1,0,1,0
minute_35_00,63131,231,2141,1,26,caption_plus_3,23,25,1,measured,148.959381,23.888968,1.646322,1.000000,0.250000,1.000000,2.500000,2.000000,3.000000,1,1,0,1,0
minute_35_00,63131,231,2141,2,286,line_286,-1,288,1,measured,40.104687,43.370567,1.557120,1.000000,0.250000,1.000000,2.500000,2.000000,3.000000,1,1,0,1,0
minute_35_00,63131,231,2141,2,287,line_287,-1,288,1,measured,24.556250,40.785835,2.292645,1.000000,0.250000,1.000000,2.500000,2.000000,3.000000,1,1,0,1,0
minute_35_00,63131,231,2141,2,288,line_288,-1,288,1,measured,153.625000,22.981785,1.651017,1.000000,0.250000,1.000000,2.500000,2.000000,3.000000,1,1,0,1,0
minute_35_00,63132,232,2142,1,24,caption_plus_1,23,25,1,measured,114.448441,12.371104,1.248826,1.000000,0.250000,1.000000,2.500000,2.000000,3.000000,1,1,0,1,0
minute_35_00,63132,232,2142,1,25,caption_plus_2,23,25,1,measured,160.703125,23.849186,1.671361,1.000000,0.250000,1.000000,2.500000,2.000000,3.000000,1,1,0,1,0
minute_35_00,63132,232,2142,1,26,caption_plus_3,23,25,1,measured,149.371872,24.508911,1.646322,1.000000,0.250000,1.000000,2.500000,2.000000,3.000000,1,1,0,1,0
minute_35_00,63132,232,2142,2,286,line_286,-1,288,1,measured,40.435936,43.494564,1.632238,1.000000,0.250000,1.000000,2.500000,2.000000,3.000000,1,1,0,1,0
minute_35_00,63132,232,2142,2,287,line_287,-1,288,1,measured,19.420313,35.543064,2.342723,1.000000,0.250000,1.000000,2.500000,2.000000,3.000000,1,1,0,1,0
minute_35_00,63132,232,2142,2,288,line_288,-1,288,1,measured,153.907806,21.500566,1.566510,1.000000,0.250000,1.000000,2.500000,2.000000,3.000000,1,1,0,1,0
minute_35_00,63133,233,2143,1,24,caption_plus_1,23,25,1,measured,113.535934,12.435407,1.316119,1.000000,0.250000,1.000000,2.500000,2.000000,3.000000,1,1,0,1,0
minute_35_00,63133,233,2143,1,25,caption_plus_2,23,25,1,measured,149.432816,22.694340,1.586854,1.000000,0.250000,1.000000,2.500000,2.000000,3.000000,1,1,0,1,0
minute_35_00,63133,233,2143,1,26,caption_plus_3,23,25,1,measured,148.434372,23.895124,1.491393,1.000000,0.250000,1.000000,2.500000,2.000000,3.000000,1,1,0,1,0
minute_35_00,63133,233,2143,2,286,line_286,-1,288,1,measured,40.889061,43.004055,1.615023,1.000000,0.250000,1.000000,2.500000,2.000000,3.000000,1,1,0,1,0
minute_35_00,63133,233,2143,2,287,line_287,-1,288,1,measured,25.314062,40.394611,2.865415,1.000000,0.250000,1.000000,2.500000,2.000000,3.000000,1,1,0,1,0
minute_35_00,63133,233,2143,2,288,line_288,-1,288,1,measured,155.142181,22.646263,1.733959,1.000000,0.250000,1.000000,2.500000,2.000000,3.000000,1,1,0,1,0
minute_35_00,63134,234,2144,1,24,caption_plus_1,23,25,1,measured,113.974998,11.178215,1.397496,1.000000,0.250000,1.000000,2.500000,2.000000,3.000000,1,1,0,1,0
minute_35_00,63134,234,2144,1,25,caption_plus_2,23,25,1,measured,160.815628,24.316154,1.719875,1.000000,0.250000,1.000000,2.500000,2.000000,3.000000,1,1,0,1,0
minute_35_00,63134,234,2144,1,26,caption_plus_3,23,25,1,measured,147.945312,24.918650,1.751174,1.000000,0.250000,1.000000,2.500000,2.000000,3.000000,1,1,0,1,0
minute_35_00,63134,234,2144,2,286,line_286,-1,288,1,measured,40.370312,43.392273,1.613459,1.000000,0.250000,1.000000,2.500000,2.000000,3.000000,1,1,0,1,0
minute_35_00,63134,234,2144,2,287,line_287,-1,288,1,measured,23.771875,39.810619,2.874804,1.000000,0.250000,1.000000,2.500000,2.000000,3.000000,1,1,0,1,0
minute_35_00,63134,234,2144,2,288,line_288,-1,288,1,measured,154.120316,22.350258,1.635368,1.000000,0.250000,1.000000,2.500000,2.000000,3.000000,1,1,0,1,0
minute_35_00,63135,235,2145,1,24,caption_plus_1,23,25,1,measured,115.431252,11.794395,1.430360,1.000000,0.250000,1.000000,2.500000,2.000000,3.000000,1,1,0,1,0
minute_35_00,63135,235,2145,1,25,caption_plus_2,23,25,1,measured,151.090622,21.788643,1.607199,1.000000,0.250000,1.000000,2.500000,2.000000,3.000000,1,1,0,1,0
minute_35_00,63135,235,2145,1,26,caption_plus_3,23,25,1,measured,150.807816,23.585661,1.651017,1.000000,0.250000,1.000000,2.500000,2.000000,3.000000,1,1,0,1,0
minute_35_00,63135,235,2145,2,286,line_286,-1,288,1,measured,40.923439,43.127415,1.688576,1.000000,0.250000,1.000000,2.500000,2.000000,3.000000,1,1,0,1,0
minute_35_00,63135,235,2145,2,287,line_287,-1,288,1,measured,25.109375,39.973473,2.594679,1.000000,0.250000,1.000000,2.500000,2.000000,3.000000,1,1,0,1,0
minute_35_00,63135,235,2145,2,288,line_288,-1,288,1,measured,153.906250,23.106897,1.644757,1.000000,0.250000,1.000000,2.500000,2.000000,3.000000,1,1,0,1,0
minute_35_00,63136,236,2146,1,24,caption_plus_1,23,25,1,measured,115.509377,10.239929,1.348983,1.000000,0.250000,1.000000,2.500000,2.000000,3.000000,1,1,0,1,0
minute_35_00,63136,236,2146,1,25,caption_plus_2,23,25,1,measured,161.287506,22.474468,1.718310,1.000000,0.250000,1.000000,2.500000,2.000000,3.000000,1,1,0,1,0
minute_35_00,63136,236,2146,1,26,caption_plus_3,23,25,1,measured,148.101562,25.139559,1.782473,1.000000,0.250000,1.000000,2.500000,2.000000,3.000000,1,1,0,1,0
minute_35_00,63136,236,2146,2,286,line_286,-1,288,1,measured,40.578125,43.196609,1.599374,1.000000,0.250000,1.000000,2.500000,2.000000,3.000000,1,1,0,1,0
minute_35_00,63136,236,2146,2,287,line_287,-1,288,1,measured,23.828125,40.920868,2.488263,1.000000,0.250000,1.000000,2.500000,2.000000,3.000000,1,1,0,1,0
minute_35_00,63136,236,2146,2,288,line_288,-1,288,1,measured,155.612503,21.731668,1.555556,1.000000,0.250000,1.000000,2.500000,2.000000,3.000000,1,1,0,1,0
minute_35_00,63137,237,2147,1,24,caption_plus_1,23,25,1,measured,116.042191,12.293536,1.546166,1.000000,0.250000,1.000000,2.500000,2.000000,3.000000,1,1,0,1,0
minute_35_00,63137,237,2147,1,25,caption_plus_2,23,25,1,measured,151.173431,20.055460,1.655712,1.000000,0.250000,1.000000,2.500000,2.000000,3.000000,1,1,0,1,0
minute_35_00,63137,237,2147,1,26,caption_plus_3,23,25,1,measured,150.703125,23.650700,1.527387,1.000000,0.250000,1.000000,2.500000,2.000000,3.000000,1,1,0,1,0
minute_35_00,63137,237,2147,2,286,line_286,-1,288,1,measured,40.071877,43.378399,1.589984,1.000000,0.250000,1.000000,2.500000,2.000000,3.000000,1,1,0,1,0
minute_35_00,63137,237,2147,2,287,line_287,-1,288,1,measured,25.207813,41.492229,2.802817,1.000000,0.250000,1.000000,2.500000,2.000000,3.000000,1,1,0,1,0
minute_35_00,63137,237,2147,2,288,line_288,-1,288,1,measured,154.484375,21.696768,1.622848,1.000000,0.250000,1.000000,2.500000,2.000000,3.000000,1,1,0,1,0
minute_35_00,63138,238,2148,1,25,caption_plus_1,24,23,0,vbi_ambiguous,115.826561,12.840959,1.427230,1.000000,0.250000,1.000000,2.500000,2.000000,3.000000,1,1,0,1,0
minute_35_00,63138,238,2148,1,26,caption_plus_2,24,23,0,vbi_ambiguous,164.685944,19.010601,1.646322,1.000000,0.250000,1.000000,2.500000,2.000000,3.000000,1,1,0,1,0
minute_35_00,63138,238,2148,1,27,caption_plus_3,24,23,0,vbi_ambiguous,150.742188,23.475466,1.591549,1.000000,0.250000,1.000000,2.500000,2.000000,3.000000,1,1,0,1,0
minute_35_00,63138,238,2148,2,286,line_286,-1,288,1,measured,40.534374,43.128574,1.671361,1.000000,0.250000,1.000000,2.500000,2.000000,3.000000,1,1,0,1,0
minute_35_00,63138,238,2148,2,287,line_287,-1,288,1,measured,25.140625,41.360294,2.344288,1.000000,0.250000,1.000000,2.500000,2.000000,3.000000,1,1,0,1,0
minute_35_00,63138,238,2148,2,288,line_288,-1,288,1,measured,156.128128,20.946938,1.605634,1.000000,0.250000,1.000000,2.500000,2.000000,3.000000,1,1,0,1,0
minute_35_00,63139,239,2149,1,24,caption_plus_1,23,25,1,measured,116.401566,10.577674,1.353678,1.000000,0.250000,1.000000,2.500000,2.000000,3.000000,1,1,0,1,0
minute_35_00,63139,239,2149,1,25,caption_plus_2,23,25,1,measured,153.415619,17.826834,1.549296,1.000000,0.250000,1.000000,2.500000,2.000000,3.000000,1,1,0,1,0
minute_35_00,63139,239,2149,1,26,caption_plus_3,23,25,1,measured,150.859375,21.515085,1.508607,1.000000,0.250000,1.000000,2.500000,2.000000,3.000000,1,1,0,1,0
minute_35_00,63139,239,2149,2,286,line_286,-1,288,1,measured,40.809376,43.682896,1.625978,1.000000,0.250000,1.000000,2.500000,2.000000,3.000000,1,1,0,1,0
minute_35_00,63139,239,2149,2,287,line_287,-1,288,1,measured,30.125000,45.817879,2.541471,1.000000,0.250000,1.000000,2.500000,2.000000,3.000000,1,1,0,1,0
minute_35_00,63139,239,2149,2,288,line_288,-1,288,1,measured,156.504684,19.583874,1.633803,1.000000,0.250000,1.000000,2.500000,2.000000,3.000000,1,1,0,1,0
minute_35_00,63140,240,2150,1,24,caption_plus_1,23,25,1,measured,117.067184,13.310365,1.571205,1.000000,0.250000,1.000000,2.500000,2.000000,3.000000,1,1,0,1,0
minute_35_00,63140,240,2150,1,25,caption_plus_2,23,25,1,measured,166.776566,18.063303,1.654147,1.000000,0.250000,1.000000,2.500000,2.000000,3.000000,1,1,0,1,0
minute_35_00,63140,240,2150,1,26,caption_plus_3,23,25,1,measured,149.348434,22.820471,1.588419,1.000000,0.250000,1.000000,2.500000,2.000000,3.000000,1,1,0,1,0
minute_35_00,63140,240,2150,2,286,line_286,-1,288,1,measured,40.953125,43.644169,1.724570,1.000000,0.250000,1.000000,2.500000,2.000000,3.000000,1,1,0,1,0
minute_35_00,63140,240,2150,2,287,line_287,-1,288,1,measured,21.043751,34.623798,2.291080,1.000000,0.250000,1.000000,2.500000,2.000000,3.000000,1,1,0,1,0
minute_35_00,63140,240,2150,2,288,line_288,-1,288,1,measured,158.779694,19.382576,1.676056,1.000000,0.250000,1.000000,2.500000,2.000000,3.000000,1,1,0,1,0
minute_35_00,63141,241,2151,1,24,caption_plus_1,23,25,1,measured,118.462502,14.513845,1.715180,1.000000,0.250000,1.000000,2.500000,2.000000,3.000000,1,1,0,1,0
minute_35_00,63141,241,2151,1,25,caption_plus_2,23,25,1,measured,156.095306,17.818056,1.666667,1.000000,0.250000,1.000000,2.500000,2.000000,3.000000,1,1,0,1,0
minute_35_00,63141,241,2151,1,26,caption_plus_3,23,25,1,measured,154.193756,20.700090,1.591549,1.000000,0.250000,1.000000,2.500000,2.000000,3.000000,1,1,0,1,0
minute_35_00,63141,241,2151,2,286,line_286,-1,288,1,measured,40.401562,43.898705,1.672926,1.000000,0.250000,1.000000,2.500000,2.000000,3.000000,1,1,0,1,0
minute_35_00,63141,241,2151,2,287,line_287,-1,288,1,measured,24.954687,40.557091,3.015650,1.000000,0.250000,1.000000,2.500000,2.000000,3.000000,1,1,1,1,0
minute_35_00,63141,241,2151,2,288,line_288,-1,288,1,measured,156.612503,17.022774,1.517997,1.000000,0.250000,1.000000,2.500000,2.000000,3.000000,1,1,0,1,0
minute_35_00,63142,242,2152,1,25,caption_plus_1,24,23,0,vbi_ambiguous,117.995316,13.517638,1.466354,1.000000,0.250000,1.000000,2.500000,2.000000,3.000000,1,1,0,1,0
minute_35_00,63142,242,2152,1,26,caption_plus_2,24,23,0,vbi_ambiguous,167.196869,18.571365,1.801252,1.000000,0.250000,1.000000,2.500000,2.000000,3.000000,1,1,0,1,0
minute_35_00,63142,242,2152,1,27,caption_plus_3,24,23,0,vbi_ambiguous,151.142181,21.709806,1.658842,1.000000,0.250000,1.000000,2.500000,2.000000,3.000000,1,1,0,1,0
minute_35_00,63142,242,2152,2,286,line_286,-1,288,1,measured,39.451561,43.699661,1.708920,1.000000,0.250000,1.000000,2.500000,2.000000,3.000000,1,1,0,1,0
minute_35_00,63142,242,2152,2,287,line_287,-1,288,1,measured,23.196875,39.766254,2.832551,1.000000,0.250000,1.000000,2.500000,2.000000,3.000000,1,1,0,1,0
minute_35_00,63142,242,2152,2,288,line_288,-1,288,1,measured,158.198441,18.813135,1.813771,1.000000,0.250000,1.000000,2.500000,2.000000,3.000000,1,1,0,1,0
minute_35_00,63143,243,2153,1,24,caption_plus_1,23,25,1,measured,117.371872,14.296389,1.638498,1.000000,0.250000,1.000000,2.500000,2.000000,3.000000,1,1,0,1,0
minute_35_00,63143,243,2153,1,25,caption_plus_2,23,25,1,measured,156.439056,18.185486,1.716745,1.000000,0.250000,1.000000,2.500000,2.000000,3.000000,1,1,0,1,0
minute_35_00,63143,243,2153,1,26,caption_plus_3,23,25,1,measured,154.371872,19.567331,1.557120,1.000000,0.250000,1.000000,2.500000,2.000000,3.000000,1,1,0,1,0
minute_35_00,63143,243,2153,2,286,line_286,-1,288,1,measured,39.753124,43.443550,1.580595,1.000000,0.250000,1.000000,2.500000,2.000000,3.000000,1,1,0,1,0
minute_35_00,63143,243,2153,2,287,line_287,-1,288,1,measured,24.674999,40.906567,2.718310,1.000000,0.250000,1.000000,2.500000,2.000000,3.000000,1,1,0,1,0
minute_35_00,63143,243,2153,2,288,line_288,-1,288,1,measured,158.367188,18.479410,1.760563,1.000000,0.250000,1.000000,2.500000,2.000000,3.000000,1,1,0,1,0
minute_35_00,63144,244,2154,1,24,caption_plus_1,23,25,1,measured,117.446877,14.616781,1.611894,1.000000,0.250000,1.000000,2.500000,2.000000,3.000000,1,1,0,1,0
minute_35_00,63144,244,2154,1,25,caption_plus_2,23,25,1,measured,167.437500,18.529095,1.771518,1.000000,0.250000,1.000000,2.500000,2.000000,3.000000,1,1,0,1,0
minute_35_00,63144,244,2154,1,26,caption_plus_3,23,25,1,measured,151.378128,20.332798,1.663537,1.000000,0.250000,1.000000,2.500000,2.000000,3.000000,1,1,0,1,0
minute_35_00,63144,244,2154,2,286,line_286,-1,287,1,measured,40.021873,43.824219,1.683881,1.000000,0.250000,1.000000,2.500000,2.000000,3.000000,1,1,0,1,0
minute_35_00,63144,244,2154,2,287,line_287,-1,287,1,measured,60.673439,57.486042,6.830986,1.000000,0.250000,1.000000,2.500000,2.000000,3.000000,1,1,1,1,0
minute_35_00,63144,244,2154,2,288,line_288,-1,287,1,measured,161.831253,21.076712,1.895149,1.000000,0.250000,1.000000,2.500000,2.000000,3.000000,1,1,0,1,0
minute_35_00,63145,245,2155,1,24,caption_plus_1,23,25,1,measured,115.404686,14.787780,1.580595,1.000000,0.250000,1.000000,2.500000,2.000000,3.000000,1,1,0,1,0
minute_35_00,63145,245,2155,1,25,caption_plus_2,23,25,1,measured,155.214066,18.090902,1.690141,1.000000,0.250000,1.000000,2.500000,2.000000,3.000000,1,1,0,1,0
minute_35_00,63145,245,2155,1,26,caption_plus_3,23,25,1,measured,153.234375,18.515989,1.597809,1.000000,0.250000,1.000000,2.500000,2.000000,3.000000,1,1,0,1,0
minute_35_00,63145,245,2155,2,286,line_286,-1,287,1,measured,39.120312,42.851120,1.602504,1.000000,0.250000,1.000000,2.500000,2.000000,3.000000,1,1,0,1,0
minute_35_00,63145,245,2155,2,287,line_287,-1,287,1,measured,64.187500,57.580128,6.924882,1.000000,0.250000,1.000000,2.500000,2.000000,3.000000,1,1,1,1,0
minute_35_00,63145,245,2155,2,288,line_288,-1,287,1,measured,160.071869,20.004869,1.931142,1.000000,0.250000,1.000000,2.500000,2.000000,3.000000,1,1,0,1,0
minute_35_00,63146,246,2156,1,25,caption_plus_1,24,26,1,measured,117.103127,12.142204,1.389671,1.000000,0.250000,1.000000,2.500000,2.000000,3.000000,1,1,0,1,0
minute_35_00,63146,246,2156,1,26,caption_plus_2,24,26,1,measured,167.312500,19.309385,1.777778,1.000000,0.250000,1.000000,2.500000,2.000000,3.000000,1,1,0,1,0
minute_35_00,63146,246,2156,1,27,caption_plus_3,24,26,1,measured,150.889069,19.005802,1.729264,1.000000,0.250000,1.000000,2.500000,2.000000,3.000000,1,1,0,1,0
minute_35_00,63146,246,2156,2,286,line_286,-1,287,1,measured,39.896873,42.834042,1.682316,1.000000,0.250000,1.000000,2.500000,2.000000,3.000000,1,1,0,1,0
minute_35_00,63146,246,2156,2,287,line_287,-1,287,1,measured,65.396873,57.453613,7.194053,1.000000,0.250000,1.000000,2.500000,2.000000,3.000000,1,1,1,1,0
minute_35_00,63146,246,2156,2,288,line_288,-1,287,1,measured,161.084381,19.270746,1.993740,1.000000,0.250000,1.000000,2.500000,2.000000,3.000000,1,1,0,1,0
minute_35_00,63147,247,2157,1,24,caption_plus_1,23,25,1,measured,118.262497,12.518854,1.312989,1.000000,0.250000,1.000000,2.500000,2.000000,3.000000,1,1,0,1,0
minute_35_00,63147,247,2157,1,25,caption_plus_2,23,25,1,measured,157.029694,18.079445,1.829421,1.000000,0.250000,1.000000,2.500000,2.000000,3.000000,1,1,0,1,0
minute_35_00,63147,247,2157,1,26,caption_plus_3,23,25,1,measured,154.689056,17.457319,1.629108,1.000000,0.250000,1.000000,2.500000,2.000000,3.000000,1,1,0,1,0
minute_35_00,63147,247,2157,2,286,line_286,-1,287,1,measured,40.015625,42.860962,1.660407,1.000000,0.250000,1.000000,2.500000,2.000000,3.000000,1,1,0,1,0
minute_35_00,63147,247,2157,2,287,line_287,-1,287,1,measured,69.756248,57.380203,6.602504,1.000000,0.250000,1.000000,2.500000,2.000000,3.000000,1,1,1,1,0
minute_35_00,63147,247,2157,2,288,line_288,-1,287,1,measured,161.468750,20.118143,2.125196,1.000000,0.250000,1.000000,2.500000,2.000000,3.000000,1,1,0,1,0
minute_35_00,63148,248,2158,1,24,caption_plus_1,23,23,0,vbi_ambiguous,117.653122,12.745526,1.308294,1.000000,0.250000,1.000000,2.500000,2.000000,3.000000,1,1,0,1,0
minute_35_00,63148,248,2158,1,25,caption_plus_2,23,23,0,vbi_ambiguous,168.090622,20.089050,1.877934,1.000000,0.250000,1.000000,2.500000,2.000000,3.000000,1,1,0,1,0
minute_35_00,63148,248,2158,1,26,caption_plus_3,23,23,0,vbi_ambiguous,153.292191,17.922157,1.779343,1.000000,0.250000,1.000000,2.500000,2.000000,3.000000,1,1,0,1,0
minute_35_00,63148,248,2158,2,286,line_286,-1,287,1,measured,40.645313,43.233788,1.682316,1.000000,0.250000,1.000000,2.500000,2.000000,3.000000,1,1,0,1,0
minute_35_00,63148,248,2158,2,287,line_287,-1,287,1,measured,61.387501,58.455486,6.320814,1.000000,0.250000,1.000000,2.500000,2.000000,3.000000,1,1,1,1,0
minute_35_00,63148,248,2158,2,288,line_288,-1,287,1,measured,162.945312,19.750200,1.932707,1.000000,0.250000,1.000000,2.500000,2.000000,3.000000,1,1,0,1,0
minute_35_00,63149,249,2159,1,25,caption_plus_1,24,26,1,measured,118.212502,13.174022,1.275430,1.000000,0.250000,1.000000,2.500000,2.000000,3.000000,1,1,0,1,0
minute_35_00,63149,249,2159,1,26,caption_plus_2,24,26,1,measured,158.421875,18.845760,1.760563,1.000000,0.250000,1.000000,2.500000,2.000000,3.000000,1,1,0,1,0
minute_35_00,63149,249,2159,1,27,caption_plus_3,24,26,1,measured,156.620316,17.117367,1.663537,1.000000,0.250000,1.000000,2.500000,2.000000,3.000000,1,1,0,1,0
minute_35_00,63149,249,2159,2,286,line_286,-1,287,1,measured,41.812500,42.744545,1.649452,1.000000,0.250000,1.000000,2.500000,2.000000,3.000000,1,1,0,1,0
minute_35_00,63149,249,2159,2,287,line_287,-1,287,1,measured,60.879688,58.342793,6.115806,1.000000,0.250000,1.000000,2.500000,2.000000,3.000000,1,1,1,1,0
minute_35_00,63149,249,2159,2,288,line_288,-1,287,1,measured,163.914062,20.534889,1.992175,1.000000,0.250000,1.000000,2.500000,2.000000,3.000000,1,1,0,1,0
minute_35_00,63150,250,2160,1,25,caption_plus_1,24,26,1,measured,119.628128,13.499044,1.331768,1.000000,0.250000,1.000000,2.500000,2.000000,3.000000,1,1,0,1,0
minute_35_00,63150,250,2160,1,26,caption_plus_2,24,26,1,measured,172.342194,20.229546,1.979656,1.000000,0.250000,1.000000,2.500000,2.000000,3.000000,1,1,0,1,0
minute_35_00,63150,250,2160,1,27,caption_plus_3,24,26,1,measured,155.526566,19.152168,1.953052,1.000000,0.250000,1.000000,2.500000,2.000000,3.000000,1,1,0,1,0
minute_35_00,63150,250,2160,2,286,line_286,-1,288,1,measured,41.618752,42.680336,1.981221,1.000000,0.250000,1.000000,2.500000,2.000000,3.000000,1,1,0,1,0
minute_35_00,63150,250,2160,2,287,line_287,-1,288,1,measured,25.296875,41.214748,2.707355,1.000000,0.250000,1.000000,2.500000,2.000000,3.000000,1,1,0,1,0
minute_35_00,63150,250,2160,2,288,line_288,-1,288,1,measured,163.960938,19.266634,1.931142,1.000000,0.250000,1.000000,2.500000,2.000000,3.000000,1,1,0,1,0
minute_35_00,63151,251,2161,1,25,caption_plus_1,24,26,1,measured,120.028122,14.210553,1.467919,1.000000,0.250000,1.000000,2.500000,2.000000,3.000000,1,1,0,1,0
minute_35_00,63151,251,2161,1,26,caption_plus_2,24,26,1,measured,160.614059,19.605551,1.771518,1.000000,0.250000,1.000000,2.500000,2.000000,3.000000,1,1,0,1,0
minute_35_00,63151,251,2161,1,27,caption_plus_3,24,26,1,measured,158.268753,18.411264,1.823161,1.000000,0.250000,1.000000,2.500000,2.000000,3.000000,1,1,0,1,0
minute_35_00,63151,251,2161,2,286,line_286,-1,288,1,measured,40.310936,42.821743,1.627543,1.000000,0.250000,1.000000,2.500000,2.000000,3.000000,1,1,0,1,0
minute_35_00,63151,251,2161,2,287,line_287,-1,288,1,measured,30.054688,44.775360,2.924883,1.000000,0.250000,1.000000,2.500000,2.000000,3.000000,1,1,0,1,0
minute_35_00,63151,251,2161,2,288,line_288,-1,288,1,measured,162.537506,18.975111,1.910798,1.000000,0.250000,1.000000,2.500000,2.000000,3.000000,1,1,0,1,0
minute_35_00,63152,252,2162,1,24,caption_plus_1,23,23,0,vbi_ambiguous,119.050003,14.693876,1.431925,1.000000,0.250000,1.000000,2.500000,2.000000,3.000000,1,1,0,1,0
minute_35_00,63152,252,2162,1,25,caption_plus_2,23,23,0,vbi_ambiguous,171.345306,20.678366,1.735524,1.000000,0.250000,1.000000,2.500000,2.000000,3.000000,1,1,0,1,0
minute_35_00,63152,252,2162,1,26,caption_plus_3,23,23,0,vbi_ambiguous,155.235931,18.819345,1.865415,1.000000,0.250000,1.000000,2.500000,2.000000,3.000000,1,1,0,1,0
minute_35_00,63152,252,2162,2,286,line_286,-1,288,1,measured,41.526562,42.991592,1.543036,1.000000,0.250000,1.000000,2.500000,2.000000,3.000000,1,1,0,1,0
minute_35_00,63152,252,2162,2,287,line_287,-1,288,1,measured,26.004688,41.068676,2.280125,1.000000,0.250000,1.000000,2.500000,2.000000,3.000000,1,1,0,1,0
minute_35_00,63152,252,2162,2,288,line_288,-1,288,1,measured,164.789062,19.499540,1.866980,1.000000,0.250000,1.000000,2.500000,2.000000,3.000000,1,1,0,1,0
minute_35_00,63153,253,2163,1,25,caption_plus_1,24,26,1,measured,119.970314,15.711681,1.420970,1.000000,0.250000,1.000000,2.500000,2.000000,3.000000,1,1,0,1,0
minute_35_00,63153,253,2163,1,26,caption_plus_2,24,26,1,measured,160.774994,20.534180,1.744914,1.000000,0.250000,1.000000,2.500000,2.000000,3.000000,1,1,0,1,0
minute_35_00,63153,253,2163,1,27,caption_plus_3,24,26,1,measured,158.485931,18.869614,1.852895,1.000000,0.250000,1.000000,2.500000,2.000000,3.000000,1,1,0,1,0
minute_35_00,63153,253,2163,2,286,line_286,-1,288,1,measured,41.578125,43.071384,1.669797,1.000000,0.250000,1.000000,2.500000,2.000000,3.000000,1,1,0,1,0
minute_35_00,63153,253,2163,2,287,line_287,-1,288,1,measured,30.396875,44.357975,2.984350,1.000000,0.250000,1.000000,2.500000,2.000000,3.000000,1,1,0,1,0
minute_35_00,63153,253,2163,2,288,line_288,-1,288,1,measured,164.462494,19.546623,1.845070,1.000000,0.250000,1.000000,2.500000,2.000000,3.000000,1,1,0,1,0
minute_35_00,63154,254,2164,1,24,caption_plus_1,23,23,0,vbi_ambiguous,119.676559,15.580740,1.446009,1.000000,0.250000,1.000000,2.500000,2.000000,3.000000,1,1,0,1,0
minute_35_00,63154,254,2164,1,25,caption_plus_2,23,23,0,vbi_ambiguous,171.179688,22.628532,1.852895,1.000000,0.250000,1.000000,2.500000,2.000000,3.000000,1,1,0,1,0
minute_35_00,63154,254,2164,1,26,caption_plus_3,23,23,0,vbi_ambiguous,157.904694,18.676823,1.816901,1.000000,0.250000,1.000000,2.500000,2.000000,3.000000,1,1,0,1,0
minute_35_00,63154,254,2164,2,286,line_286,-1,288,1,measured,41.570312,42.922653,1.630673,1.000000,0.250000,1.000000,2.500000,2.000000,3.000000,1,1,0,1,0
minute_35_00,63154,254,2164,2,287,line_287,-1,288,1,measured,19.979687,35.148003,2.198748,1.000000,0.250000,1.000000,2.500000,2.000000,3.000000,1,1,0,1,0
minute_35_00,63154,254,2164,2,288,line_288,-1,288,1,measured,165.120316,19.427578,1.679186,1.000000,0.250000,1.000000,2.500000,2.000000,3.000000,1,1,0,1,0
minute_35_00,63155,255,2165,1,24,caption_plus_1,23,25,1,measured,119.595314,15.529015,1.533646,1.000000,0.250000,1.000000,2.500000,2.000000,3.000000,1,1,0,1,0
minute_35_00,63155,255,2165,1,25,caption_plus_2,23,25,1,measured,161.792191,21.712013,1.743349,1.000000,0.250000,1.000000,2.500000,2.000000,3.000000,1,1,0,1,0
minute_35_00,63155,255,2165,1,26,caption_plus_3,23,25,1,measured,160.260941,18.934484,1.754304,1.000000,0.250000,1.000000,2.500000,2.000000,3.000000,1,1,0,1,0
minute_35_00,63155,255,2165,2,286,line_286,-1,288,1,measured,40.546875,42.512543,1.569640,1.000000,0.250000,1.000000,2.500000,2.000000,3.000000,1,1,0,1,0
minute_35_00,63155,255,2165,2,287,line_287,-1,288,1,measured,19.739063,35.908989,2.359937,1.000000,0.250000,1.000000,2.500000,2.000000,3.000000,1,1,0,1,0
minute_35_00,63155,255,2165,2,288,line_288,-1,288,1,measured,162.415619,20.040874,1.784038,1.000000,0.250000,1.000000,2.500000,2.000000,3.000000,1,1,0,1,0
minute_35_00,63156,256,2166,1,25,caption_plus_1,24,23,0,vbi_ambiguous,118.760941,15.993574,1.492958,1.000000,0.250000,1.000000,2.500000,2.000000,3.000000,1,1,0,1,0
minute_35_00,63156,256,2166,1,26,caption_plus_2,24,23,0,vbi_ambiguous,171.478119,23.360346,1.881064,1.000000,0.250000,1.000000,2.500000,2.000000,3.000000,1,1,0,1,0
minute_35_00,63156,256,2166,1,27,caption_plus_3,24,23,0,vbi_ambiguous,157.792191,19.641609,1.845070,1.000000,0.250000,1.000000,2.500000,2.000000,3.000000,1,1,0,1,0
minute_35_00,63156,256,2166,2,286,line_286,-1,287,1,measured,41.539062,42.385452,1.561815,1.000000,0.250000,1.000000,2.500000,2.000000,3.000000,1,1,0,1,0
minute_35_00,63156,256,2166,2,287,line_287,-1,287,1,measured,60.484375,58.310749,5.291080,1.000000,0.250000,1.000000,2.500000,2.000000,3.000000,1,1,1,1,0
minute_35_00,63156,256,2166,2,288,line_288,-1,287,1,measured,167.170319,23.342707,2.057903,1.000000,0.250000,1.000000,2.500000,2.000000,3.000000,1,1,0,1,0
minute_35_00,63157,257,2167,1,24,caption_plus_1,23,23,0,vbi_ambiguous,118.449997,15.583163,1.441315,1.000000,0.250000,1.000000,2.500000,2.000000,3.000000,1,1,0,1,0
minute_35_00,63157,257,2167,1,25,caption_plus_2,23,23,0,vbi_ambiguous,159.637497,23.272768,1.876369,1.000000,0.250000,1.000000,2.500000,2.000000,3.000000,1,1,0,1,0
minute_35_00,63157,257,2167,1,26,caption_plus_3,23,23,0,vbi_ambiguous,159.037506,20.278187,1.784038,1.000000,0.250000,1.000000,2.500000,2.000000,3.000000,1,1,0,1,0
minute_35_00,63157,257,2167,2,286,line_286,-1,287,1,measured,41.759377,43.145050,1.644757,1.000000,0.250000,1.000000,2.500000,2.000000,3.000000,1,1,0,1,0
minute_35_00,63157,257,2167,2,287,line_287,-1,287,1,measured,61.349998,58.100578,5.557120,1.000000,0.250000,1.000000,2.500000,2.000000,3.000000,1,1,1,1,0
minute_35_00,63157,257,2167,2,288,line_288,-1,287,1,measured,167.253128,24.506790,2.120501,1.000000,0.250000,1.000000,2.500000,2.000000,3.000000,1,1,0,1,0
minute_35_00,63158,258,2168,1,24,caption_plus_1,23,25,1,measured,117.531250,15.242897,1.422535,1.000000,0.250000,1.000000,2.500000,2.000000,3.000000,1,1,0,1,0
minute_35_00,63158,258,2168,1,25,caption_plus_2,23,25,1,measured,170.345306,25.063316,1.935837,1.000000,0.250000,1.000000,2.500000,2.000000,3.000000,1,1,0,1,0
minute_35_00,63158,258,2168,1,26,caption_plus_3,23,25,1,measured,157.446869,20.921885,1.755869,1.000000,0.250000,1.000000,2.500000,2.000000,3.000000,1,1,0,1,0
minute_35_00,63158,258,2168,2,286,line_286,-1,288,1,measured,40.739063,43.216343,1.563380,1.000000,0.250000,1.000000,2.500000,2.000000,3.000000,1,1,0,1,0
minute_35_00,63158,258,2168,2,287,line_287,-1,288,1,measured,20.484375,35.886623,2.287950,1.000000,0.250000,1.000000,2.500000,2.000000,3.000000,1,1,0,1,0
minute_35_00,63158,258,2168,2,288,line_288,-1,288,1,measured,164.917191,21.925749,1.804382,1.000000,0.250000,1.000000,2.500000,2.000000,3.000000,1,1,0,1,0
minute_35_00,63159,259,2169,1,24,caption_plus_1,23,23,0,vbi_ambiguous,119.331253,15.342536,1.586854,1.000000,0.250000,1.000000,2.500000,2.000000,3.000000,1,1,0,1,0
minute_35_00,63159,259,2169,1,25,caption_plus_2,23,23,0,vbi_ambiguous,161.295319,24.049273,1.776213,1.000000,0.250000,1.000000,2.500000,2.000000,3.000000,1,1,0,1,0
minute_35_00,63159,259,2169,1,26,caption_plus_3,23,23,0,vbi_ambiguous,160.109375,22.288181,1.912363,1.000000,0.250000,1.000000,2.500000,2.000000,3.000000,1,1,0,1,0
minute_35_00,63159,259,2169,2,286,line_286,-1,288,1,measured,40.248436,43.116440,1.580595,1.000000,0.250000,1.000000,2.500000,2.000000,3.000000,1,1,0,1,0
minute_35_00,63159,259,2169,2,287,line_287,-1,288,1,measured,24.318750,40.779953,2.934272,1.000000,0.250000,1.000000,2.500000,2.000000,3.000000,1,1,0,1,0
minute_35_00,63159,259,2169,2,288,line_288,-1,288,1,measured,163.881256,22.803337,1.809077,1.000000,0.250000,1.000000,2.500000,2.000000,3.000000,1,1,0,1,0
minute_35_00,63160,260,2170,1,25,caption_plus_1,24,26,1,measured,121.167191,14.768268,1.436620,1.000000,0.250000,1.000000,2.500000,2.000000,3.000000,1,1,0,1,0
minute_35_00,63160,260,2170,1,26,caption_plus_2,24,26,1,measured,172.304688,26.786062,1.917058,1.000000,0.250000,1.000000,2.500000,2.000000,3.000000,1,1,0,1,0
minute_35_00,63160,260,2170,1,27,caption_plus_3,24,26,1,measured,158.612503,23.990620,1.990610,1.000000,0.250000,1.000000,2.500000,2.000000,3.000000,1,1,0,1,0
minute_35_00,63160,260,2170,2,286,line_286,-1,288,1,measured,41.360939,44.107674,1.665102,1.000000,0.250000,1.000000,2.500000,2.000000,3.000000,1,1,0,1,0
minute_35_00,63160,260,2170,2,287,line_287,-1,288,1,measured,25.171875,41.338451,2.621283,1.000000,0.250000,1.000000,2.500000,2.000000,3.000000,1,1,0,1,0
minute_35_00,63160,260,2170,2,288,line_288,-1,288,1,measured,165.495316,24.265654,1.838811,1.000000,0.250000,1.000000,2.500000,2.000000,3.000000,1,1,0,1,0
minute_35_00,63161,261,2171,1,24,caption_plus_1,23,25,1,measured,120.643753,16.538723,1.646322,1.000000,0.250000,1.000000,2.500000,2.000000,3.000000,1,1,0,1,0
minute_35_00,63161,261,2171,1,25,caption_plus_2,23,25,1,measured,160.387497,24.818085,1.879499,1.000000,0.250000,1.000000,2.500000,2.000000,3.000000,1,1,0,1,0
minute_35_00,63161,261,2171,1,26,caption_plus_3,23,25,1,measured,160.214066,24.338810,1.942097,1.000000,0.250000,1.000000,2.500000,2.000000,3.000000,1,1,0,1,0
minute_35_00,63161,261,2171,2,286,line_286,-1,288,1,measured,39.748436,43.488514,1.729264,1.000000,0.250000,1.000000,2.500000,2.000000,3.000000,1,1,0,1,0
minute_35_00,63161,261,2171,2,287,line_287,-1,288,1,measured,24.589062,40.791790,2.320814,1.000000,0.250000,1.000000,2.500000,2.000000,3.000000,1,1,0,1,0
minute_35_00,63161,261,2171,2,288,line_288,-1,288,1,measured,162.621872,24.033976,1.743349,1.000000,0.250000,1.000000,2.500000,2.000000,3.000000,1,1,0,1,0
minute_35_00,63162,262,2172,1,24,caption_plus_1,23,25,1,measured,119.790627,16.415310,1.571205,1.000000,0.250000,1.000000,2.500000,2.000000,3.000000,1,1,0,1,0
minute_35_00,63162,262,2172,1,25,caption_plus_2,23,25,1,measured,172.067184,25.430302,1.851330,1.000000,0.250000,1.000000,2.500000,2.000000,3.000000,1,1,0,1,0
minute_35_00,63162,262,2172,1,26,caption_plus_3,23,25,1,measured,157.185944,25.793497,1.976526,1.000000,0.250000,1.000000,2.500000,2.000000,3.000000,1,1,0,1,0
minute_35_00,63162,262,2172,2,286,line_286,-1,288,1,measured,41.118752,43.433445,1.660407,1.000000,0.250000,1.000000,2.500000,2.000000,3.000000,1,1,0,1,0
minute_35_00,63162,262,2172,2,287,line_287,-1,288,1,measured,19.976562,35.478794,2.336463,1.000000,0.250000,1.000000,2.500000,2.000000,3.000000,1,1,0,1,0
minute_35_00,63162,262,2172,2,288,line_288,-1,288,1,measured,165.917191,24.638910,1.821596,1.000000,0.250000,1.000000,2.500000,2.000000,3.000000,1,1,0,1,0
minute_35_00,63163,263,2173,1,24,caption_plus_1,23,25,1,measured,122.787498,17.019709,1.672926,1.000000,0.250000,1.000000,2.500000,2.000000,3.000000,1,1,0,1,0
minute_35_00,63163,263,2173,1,25,caption_plus_2,23,25,1,measured,162.587494,24.656677,1.876369,1.000000,0.250000,1.000000,2.500000,2.000000,3.000000,1,1,0,1,0
minute_35_00,63163,263,2173,1,26,caption_plus_3,23,25,1,measured,160.998444,24.692389,1.733959,1.000000,0.250000,1.000000,2.500000,2.000000,3.000000,1,1,0,1,0
minute_35_00,63163,263,2173,2,286,line_286,-1,288,1,measured,40.235939,43.779373,1.672926,1.000000,0.250000,1.000000,2.500000,2.000000,3.000000,1,1,0,1,0
minute_35_00,63163,263,2173,2,287,line_287,-1,288,1,measured,24.053125,40.363976,2.902973,1.000000,0.250000,1.000000,2.500000,2.000000,3.000000,1,1,0,1,0
minute_35_00,63163,263,2173,2,288,line_288,-1,288,1,measured,165.179688,23.573765,1.851330,1.000000,0.250000,1.000000,2.500000,2.000000,3.000000,1,1,0,1,0
minute_35_00,63164,264,2174,1,24,caption_plus_1,23,25,1,measured,122.193748,16.806433,1.602504,1.000000,0.250000,1.000000,2.500000,2.000000,3.000000,1,1,0,1,0
minute_35_00,63164,264,2174,1,25,caption_plus_2,23,25,1,measured,174.462494,24.962883,1.882629,1.000000,0.250000,1.000000,2.500000,2.000000,3.000000,1,1,0,1,0
minute_35_00,63164,264,2174,1,26,caption_plus_3,23,25,1,measured,159.590622,25.582060,1.827856,1.000000,0.250000,1.000000,2.500000,2.000000,3.000000,1,1,0,1,0
minute_35_00,63164,264,2174,2,286,line_286,-1,288,1,measured,39.584373,42.504990,1.619718,1.000000,0.250000,1.000000,2.500000,2.000000,3.000000,1,1,0,1,0
minute_35_00,63164,264,2174,2,287,line_287,-1,288,1,measured,23.476562,40.693665,2.890454,1.000000,0.250000,1.000000,2.500000,2.000000,3.000000,1,1,0,1,0
minute_35_00,63164,264,2174,2,288,line_288,-1,288,1,measured,167.359375,23.627821,1.856025,1.000000,0.250000,1.000000,2.500000,2.000000,3.000000,1,1,0,1,0
minute_35_00,63165,265,2175,1,24,caption_plus_1,23,25,1,measured,121.515625,17.457800,1.782473,1.000000,0.250000,1.000000,2.500000,2.000000,3.000000,1,1,0,1,0
minute_35_00,63165,265,2175,1,25,caption_plus_2,23,25,1,measured,162.403122,24.081306,1.987480,1.000000,0.250000,1.000000,2.500000,2.000000,3.000000,1,1,0,1,0
minute_35_00,63165,265,2175,1,26,caption_plus_3,23,25,1,measured,161.276566,24.296864,1.697966,1.000000,0.250000,1.000000,2.500000,2.000000,3.000000,1,1,0,1,0
minute_35_00,63165,265,2175,2,286,line_286,-1,288,1,measured,40.395313,43.257679,1.608764,1.000000,0.250000,1.000000,2.500000,2.000000,3.000000,1,1,0,1,0
minute_35_00,63165,265,2175,2,287,line_287,-1,288,1,measured,24.882812,40.690758,2.787168,1.000000,0.250000,1.000000,2.500000,2.000000,3.000000,1,1,0,1,0
minute_35_00,63165,265,2175,2,288,line_288,-1,288,1,measured,167.546875,23.865658,1.838811,1.000000,0.250000,1.000000,2.500000,2.000000,3.000000,1,1,0,1,0
minute_35_00,63166,266,2176,1,24,caption_plus_1,23,25,1,measured,121.937500,16.016081,1.666667,1.000000,0.250000,1.000000,2.500000,2.000000,3.000000,1,1,0,1,0
minute_35_00,63166,266,2176,1,25,caption_plus_2,23,25,1,measured,174.534378,25.339668,1.962441,1.000000,0.250000,1.000000,2.500000,2.000000,3.000000,1,1,0,1,0
minute_35_00,63166,266,2176,1,26,caption_plus_3,23,25,1,measured,159.004684,25.463177,1.876369,1.000000,0.250000,1.000000,2.500000,2.000000,3.000000,1,1,0,1,0
minute_35_00,63166,266,2176,2,286,line_286,-1,288,1,measured,39.707813,44.203125,1.690141,1.000000,0.250000,1.000000,2.500000,2.000000,3.000000,1,1,0,1,0
minute_35_00,63166,266,2176,2,287,line_287,-1,288,1,measured,23.503124,40.674778,2.563380,1.000000,0.250000,1.000000,2.500000,2.000000,3.000000,1,1,0,1,0
minute_35_00,63166,266,2176,2,288,line_288,-1,288,1,measured,167.710938,24.121164,1.837246,1.000000,0.250000,1.000000,2.500000,2.000000,3.000000,1,1,0,1,0
minute_35_00,63167,267,2177,1,25,caption_plus_1,24,23,0,vbi_ambiguous,121.401566,16.946966,1.796557,1.000000,0.250000,1.000000,2.500000,2.000000,3.000000,1,1,0,1,0
minute_35_00,63167,267,2177,1,26,caption_plus_2,24,23,0,vbi_ambiguous,162.946869,23.147429,1.971831,1.000000,0.250000,1.000000,2.500000,2.000000,3.000000,1,1,0,1,0
minute_35_00,63167,267,2177,1,27,caption_plus_3,24,23,0,vbi_ambiguous,160.432816,24.770544,1.849765,1.000000,0.250000,1.000000,2.500000,2.000000,3.000000,1,1,0,1,0
minute_35_00,63167,267,2177,2,286,line_286,-1,288,1,measured,39.371876,42.652515,1.632238,1.000000,0.250000,1.000000,2.500000,2.000000,3.000000,1,1,0,1,0
minute_35_00,63167,267,2177,2,287,line_287,-1,288,1,measured,24.514063,41.473709,2.697966,1.000000,0.250000,1.000000,2.500000,2.000000,3.000000,1,1,0,1,0
minute_35_00,63167,267,2177,2,288,line_288,-1,288,1,measured,166.821869,23.454067,1.915493,1.000000,0.250000,1.000000,2.500000,2.000000,3.000000,1,1,0,1,0
minute_35_00,63168,268,2178,1,24,caption_plus_1,23,25,1,measured,122.635941,17.004787,1.901408,1.000000,0.250000,1.000000,2.500000,2.000000,3.000000,1,1,0,1,0
minute_35_00,63168,268,2178,1,25,caption_plus_2,23,25,1,measured,176.128128,24.276709,2.095462,1.000000,0.250000,1.000000,2.500000,2.000000,3.000000,1,1,0,1,0
minute_35_00,63168,268,2178,1,26,caption_plus_3,23,25,1,measured,160.560944,26.160610,2.123631,1.000000,0.250000,1.000000,2.500000,2.000000,3.000000,1,1,0,1,0
minute_35_00,63168,268,2178,2,286,line_286,-1,288,1,measured,41.539062,43.789997,1.690141,1.000000,0.250000,1.000000,2.500000,2.000000,3.000000,1,1,0,1,0
minute_35_00,63168,268,2178,2,287,line_287,-1,288,1,measured,25.176563,41.402012,2.428795,1.000000,0.250000,1.000000,2.500000,2.000000,3.000000,1,1,0,1,0
minute_35_00,63168,268,2178,2,288,line_288,-1,288,1,measured,169.712494,24.203537,1.928012,1.000000,0.250000,1.000000,2.500000,2.000000,3.000000,1,1,0,1,0
minute_35_00,63169,269,2179,1,25,caption_plus_1,24,23,0,vbi_ambiguous,123.232811,16.041758,1.694836,1.000000,0.250000,1.000000,2.500000,2.000000,3.000000,1,1,0,1,0
minute_35_00,63169,269,2179,1,26,caption_plus_2,24,23,0,vbi_ambiguous,165.895309,22.899237,2.062598,1.000000,0.250000,1.000000,2.500000,2.000000,3.000000,1,1,0,1,0
minute_35_00,63169,269,2179,1,27,caption_plus_3,24,23,0,vbi_ambiguous,164.210938,24.839123,1.964006,1.000000,0.250000,1.000000,2.500000,2.000000,3.000000,1,1,0,1,0
minute_35_00,63169,269,2179,2,286,line_286,-1,288,1,measured,41.587502,43.480297,1.649452,1.000000,0.250000,1.000000,2.500000,2.000000,3.000000,1,1,0,1,0
minute_35_00,63169,269,2179,2,287,line_287,-1,288,1,measured,30.875000,45.618904,2.430360,1.000000,0.250000,1.000000,2.500000,2.000000,3.000000,1,1,0,1,0
minute_35_00,63169,269,2179,2,288,line_288,-1,288,1,measured,171.254684,22.742222,1.954617,1.000000,0.250000,1.000000,2.500000,2.000000,3.000000,1,1,0,1,0
minute_35_00,63170,270,2180,1,24,caption_plus_1,23,25,1,measured,123.065628,13.257265,1.428795,1.000000,0.250000,1.000000,2.500000,2.000000,3.000000,1,1,0,1,0
minute_35_00,63170,270,2180,1,25,caption_plus_2,23,25,1,measured,176.373444,23.324335,2.070423,1.000000,0.250000,1.000000,2.500000,2.000000,3.000000,1,1,0,1,0
minute_35_00,63170,270,2180,1,26,caption_plus_3,23,25,1,measured,160.314056,26.331892,2.039124,1.000000,0.250000,1.000000,2.500000,2.000000,3.000000,1,1,0,1,0
minute_35_00,63170,270,2180,2,286,line_286,-1,288,1,measured,40.982811,43.980339,1.658842,1.000000,0.250000,1.000000,2.500000,2.000000,3.000000,1,1,0,1,0
minute_35_00,63170,270,2180,2,287,line_287,-1,288,1,measured,20.587500,35.461140,2.330204,1.000000,0.250000,1.000000,2.500000,2.000000,3.000000,1,1,0,1,0
minute_35_00,63170,270,2180,2,288,line_288,-1,288,1,measured,171.320312,23.131800,2.037559,1.000000,0.250000,1.000000,2.500000,2.000000,3.000000,1,1,0,1,0
minute_35_00,63171,271,2181,1,25,caption_plus_1,24,23,0,vbi_ambiguous,124.162498,14.313188,1.533646,1.000000,0.250000,1.000000,2.500000,2.000000,3.000000,1,1,0,1,0
minute_35_00,63171,271,2181,1,26,caption_plus_2,24,23,0,vbi_ambiguous,164.743744,21.994884,1.949922,1.000000,0.250000,1.000000,2.500000,2.000000,3.000000,1,1,0,1,0
minute_35_00,63171,271,2181,1,27,caption_plus_3,24,23,0,vbi_ambiguous,163.603119,24.952742,1.984351,1.000000,0.250000,1.000000,2.500000,2.000000,3.000000,1,1,0,1,0
minute_35_00,63171,271,2181,2,286,line_286,-1,288,1,measured,40.470314,43.341618,1.633803,1.000000,0.250000,1.000000,2.500000,2.000000,3.000000,1,1,0,1,0
minute_35_00,63171,271,2181,2,287,line_287,-1,288,1,measured,24.543751,40.711964,2.954617,1.000000,0.250000,1.000000,2.500000,2.000000,3.000000,1,1,0,1,0
minute_35_00,63171,271,2181,2,288,line_288,-1,288,1,measured,168.675003,22.819277,1.974961,1.000000,0.250000,1.000000,2.500000,2.000000,3.000000,1,1,0,1,0
minute_35_00,63172,272,2182,1,25,caption_plus_1,24,23,0,vbi_ambiguous,123.417191,14.034534,1.574335,1.000000,0.250000,1.000000,2.500000,2.000000,3.000000,1,1,0,1,0
minute_35_00,63172,272,2182,1,26,caption_plus_2,24,23,0,vbi_ambiguous,176.837494,24.086988,2.035994,1.000000,0.250000,1.000000,2.500000,2.000000,3.000000,1,1,0,1,0
minute_35_00,63172,272,2182,1,27,caption_plus_3,24,23,0,vbi_ambiguous,160.504684,26.474871,2.000000,1.000000,0.250000,1.000000,2.500000,2.000000,3.000000,1,1,0,1,0
minute_35_00,63172,272,2182,2,286,line_286,-1,288,1,measured,40.156250,42.902111,1.597809,1.000000,0.250000,1.000000,2.500000,2.000000,3.000000,1,1,0,1,0
minute_35_00,63172,272,2182,2,287,line_287,-1,288,1,measured,24.646875,40.697212,2.968701,1.000000,0.250000,1.000000,2.500000,2.000000,3.000000,1,1,0,1,0
minute_35_00,63172,272,2182,2,288,line_288,-1,288,1,measured,167.998444,22.817858,2.045383,1.000000,0.250000,1.000000,2.500000,2.000000,3.000000,1,1,0,1,0
minute_35_00,63173,273,2183,1,24,caption_plus_1,23,25,1,measured,121.996872,14.656270,1.571205,1.000000,0.250000,1.000000,2.500000,2.000000,3.000000,1,1,0,1,0
minute_35_00,63173,273,2183,1,25,caption_plus_2,23,25,1,measured,164.126556,22.505997,2.021909,1.000000,0.250000,1.000000,2.500000,2.000000,3.000000,1,1,0,1,0
minute_35_00,63173,273,2183,1,26,caption_plus_3,23,25,1,measured,162.189056,25.294086,1.965571,1.000000,0.250000,1.000000,2.500000,2.000000,3.000000,1,1,0,1,0
minute_35_00,63173,273,2183,2,286,line_286,-1,288,1,measured,40.815624,42.817204,1.688576,1.000000,0.250000,1.000000,2.500000,2.000000,3.000000,1,1,0,1,0
minute_35_00,63173,273,2183,2,287,line_287,-1,288,1,measured,24.923437,41.062286,2.801252,1.000000,0.250000,1.000000,2.500000,2.000000,3.000000,1,1,0,1,0
minute_35_00,63173,273,2183,2,288,line_288,-1,288,1,measured,168.704681,22.779486,2.089202,1.000000,0.250000,1.000000,2.500000,2.000000,3.000000,1,1,0,1,0
minute_35_00,63174,274,2184,1,24,caption_plus_1,23,25,1,measured,121.370316,14.016688,1.461659,1.000000,0.250000,1.000000,2.500000,2.000000,3.000000,1,1,0,1,0
minute_35_00,63174,274,2184,1,25,caption_plus_2,23,25,1,measured,176.410934,23.613388,2.026604,1.000000,0.250000,1.000000,2.500000,2.000000,3.000000,1,1,0,1,0
minute_35_00,63174,274,2184,1,26,caption_plus_3,23,25,1,measured,159.857819,26.666988,2.167449,1.000000,0.250000,1.000000,2.500000,2.000000,3.000000,1,1,0,1,0
minute_35_00,63174,274,2184,2,286,line_286,-1,287,1,measured,41.134377,44.044868,1.733959,1.000000,0.250000,1.000000,2.500000,2.000000,3.000000,1,1,0,1,0
minute_35_00,63174,274,2184,2,287,line_287,-1,287,1,measured,61.232811,58.066429,6.832551,1.000000,0.250000,1.000000,2.500000,2.000000,3.000000,1,1,1,1,0
minute_35_00,63174,274,2184,2,288,line_288,-1,287,1,measured,171.889069,24.793243,2.294210,1.000000,0.250000,1.000000,2.500000,2.000000,3.000000,1,1,0,1,0
minute_35_00,63175,275,2185,1,24,caption_plus_1,23,25,1,measured,122.279686,14.614576,1.651017,1.000000,0.250000,1.000000,2.500000,2.000000,3.000000,1,1,0,1,0
minute_35_00,63175,275,2185,1,25,caption_plus_2,23,25,1,measured,164.684372,22.171782,1.976526,1.000000,0.250000,1.000000,2.500000,2.000000,3.000000,1,1,0,1,0
minute_35_00,63175,275,2185,1,26,caption_plus_3,23,25,1,measured,163.767181,24.362122,2.000000,1.000000,0.250000,1.000000,2.500000,2.000000,3.000000,1,1,0,1,0
minute_35_00,63175,275,2185,2,286,line_286,-1,287,1,measured,39.521873,42.894634,1.616588,1.000000,0.250000,1.000000,2.500000,2.000000,3.000000,1,1,0,1,0
minute_35_00,63175,275,2185,2,287,line_287,-1,287,1,measured,64.045311,57.441025,6.973396,1.000000,0.250000,1.000000,2.500000,2.000000,3.000000,1,1,1,1,0
minute_35_00,63175,275,2185,2,288,line_288,-1,287,1,measured,169.756256,24.347675,2.386541,1.000000,0.250000,1.000000,2.500000,2.000000,3.000000,1,1,0,1,0
minute_35_00,63176,276,2186,1,25,caption_plus_1,24,26,1,measured,122.356247,13.614375,1.622848,1.000000,0.250000,1.000000,2.500000,2.000000,3.000000,1,1,0,1,0
minute_35_00,63176,276,2186,1,26,caption_plus_2,24,26,1,measured,176.428131,23.150482,2.057903,1.000000,0.250000,1.000000,2.500000,2.000000,3.000000,1,1,0,1,0
minute_35_00,63176,276,2186,1,27,caption_plus_3,24,26,1,measured,162.187500,25.617117,2.181534,1.000000,0.250000,1.000000,2.500000,2.000000,3.000000,1,1,0,1,0
minute_35_00,63176,276,2186,2,286,line_286,-1,287,1,measured,40.020313,42.638725,1.561815,1.000000,0.250000,1.000000,2.500000,2.000000,3.000000,1,1,0,1,0
minute_35_00,63176,276,2186,2,287,line_287,-1,287,1,measured,65.804688,57.061024,7.046948,1.000000,0.250000,1.000000,2.500000,2.000000,3.000000,1,1,1,1,0
minute_35_00,63176,276,2186,2,288,line_288,-1,287,1,measured,171.345306,25.809963,2.406886,1.000000,0.250000,1.000000,2.500000,2.000000,3.000000,1,1,0,1,0
minute_35_00,63177,277,2187,1,25,caption_plus_1,24,26,1,measured,122.429688,15.761842,1.712050,1.000000,0.250000,1.000000,2.500000,2.000000,3.000000,1,1,0,1,0
minute_35_00,63177,277,2187,1,26,caption_plus_2,24,26,1,measured,165.085938,21.899067,2.101722,1.000000,0.250000,1.000000,2.500000,2.000000,3.000000,1,1,0,1,0
minute_35_00,63177,277,2187,1,27,caption_plus_3,24,26,1,measured,164.118744,24.240236,2.020344,1.000000,0.250000,1.000000,2.500000,2.000000,3.000000,1,1,0,1,0
minute_35_00,63177,277,2187,2,286,line_286,-1,287,1,measured,40.126564,43.111134,1.652582,1.000000,0.250000,1.000000,2.500000,2.000000,3.000000,1,1,0,1,0
minute_35_00,63177,277,2187,2,287,line_287,-1,287,1,measured,70.342186,57.627876,6.580595,1.000000,0.250000,1.000000,2.500000,2.000000,3.000000,1,1,1,1,0
minute_35_00,63177,277,2187,2,288,line_288,-1,287,1,measured,171.001556,24.104622,2.272300,1.000000,0.250000,1.000000,2.500000,2.000000,3.000000,1,1,0,1,0
minute_35_00,63178,278,2188,1,24,caption_plus_1,23,25,1,measured,121.306252,14.069803,1.608764,1.000000,0.250000,1.000000,2.500000,2.000000,3.000000,1,1,0,1,0
minute_35_00,63178,278,2188,1,25,caption_plus_2,23,25,1,measured,175.850006,22.241838,2.081377,1.000000,0.250000,1.000000,2.500000,2.000000,3.000000,1,1,0,1,0
minute_35_00,63178,278,2188,1,26,caption_plus_3,23,25,1,measured,161.475006,25.181952,2.048513,1.000000,0.250000,1.000000,2.500000,2.000000,3.000000,1,1,0,1,0
minute_35_00,63178,278,2188,2,286,line_286,-1,287,1,measured,40.396873,42.760620,1.525822,1.000000,0.250000,1.000000,2.500000,2.000000,3.000000,1,1,0,1,0
minute_35_00,63178,278,2188,2,287,line_287,-1,287,1,measured,60.165627,57.964920,6.015649,1.000000,0.250000,1.000000,2.500000,2.000000,3.000000,1,1,1,1,0
minute_35_00,63178,278,2188,2,288,line_288,-1,287,1,measured,171.021881,22.841496,2.050078,1.000000,0.250000,1.000000,2.500000,2.000000,3.000000,1,1,0,1,0
minute_35_00,63179,279,2189,1,25,caption_plus_1,24,26,1,measured,121.707809,15.343176,1.621283,1.000000,0.250000,1.000000,2.500000,2.000000,3.000000,1,1,0,1,0
minute_35_00,63179,279,2189,1,26,caption_plus_2,24,26,1,measured,164.307816,21.368652,1.953052,1.000000,0.250000,1.000000,2.500000,2.000000,3.000000,1,1,0,1,0
minute_35_00,63179,279,2189,1,27,caption_plus_3,24,26,1,measured,162.321869,24.844696,2.128325,1.000000,0.250000,1.000000,2.500000,2.000000,3.000000,1,1,0,1,0
minute_35_00,63179,279,2189,2,286,line_286,-1,287,1,measured,40.250000,42.719471,1.625978,1.000000,0.250000,1.000000,2.500000,2.000000,3.000000,1,1,0,1,0
minute_35_00,63179,279,2189,2,287,line_287,-1,287,1,measured,59.795311,57.608463,5.749609,1.000000,0.250000,1.000000,2.500000,2.000000,3.000000,1,1,1,1,0
minute_35_00,63179,279,2189,2,288,line_288,-1,287,1,measured,170.068756,23.088383,2.120501,1.000000,0.250000,1.000000,2.500000,2.000000,3.000000,1,1,0,1,0
minute_35_00,63180,280,2190,1,25,caption_plus_1,24,26,1,measured,122.142189,14.250223,1.647887,1.000000,0.250000,1.000000,2.500000,2.000000,3.000000,1,1,0,1,0
minute_35_00,63180,280,2190,1,26,caption_plus_2,24,26,1,measured,176.518753,21.920944,2.065728,1.000000,0.250000,1.000000,2.500000,2.000000,3.000000,1,1,0,1,0
minute_35_00,63180,280,2190,1,27,caption_plus_3,24,26,1,measured,160.612503,25.881578,2.073552,1.000000,0.250000,1.000000,2.500000,2.000000,3.000000,1,1,0,1,0
minute_35_00,63180,280,2190,2,286,line_286,-1,288,1,measured,40.674999,42.563232,1.627543,1.000000,0.250000,1.000000,2.500000,2.000000,3.000000,1,1,0,1,0
minute_35_00,63180,280,2190,2,287,line_287,-1,288,1,measured,25.181250,40.533070,2.657277,1.000000,0.250000,1.000000,2.500000,2.000000,3.000000,1,1,0,1,0
minute_35_00,63180,280,2190,2,288,line_288,-1,288,1,measured,169.578125,22.505001,1.956182,1.000000,0.250000,1.000000,2.500000,2.000000,3.000000,1,1,0,1,0
minute_35_00,63181,281,2191,1,25,caption_plus_1,24,23,0,vbi_ambiguous,121.415627,14.073104,1.605634,1.000000,0.250000,1.000000,2.500000,2.000000,3.000000,1,1,0,1,0
minute_35_00,63181,281,2191,1,26,caption_plus_2,24,23,0,vbi_ambiguous,163.635941,21.854855,2.020344,1.000000,0.250000,1.000000,2.500000,2.000000,3.000000,1,1,0,1,0
minute_35_00,63181,281,2191,1,27,caption_plus_3,24,23,0,vbi_ambiguous,161.621872,25.070105,2.081377,1.000000,0.250000,1.000000,2.500000,2.000000,3.000000,1,1,0,1,0
minute_35_00,63181,281,2191,2,286,line_286,-1,288,1,measured,40.489063,42.666473,1.627543,1.000000,0.250000,1.000000,2.500000,2.000000,3.000000,1,1,0,1,0
minute_35_00,63181,281,2191,2,287,line_287,-1,288,1,measured,29.789062,45.276798,2.946792,1.000000,0.250000,1.000000,2.500000,2.000000,3.000000,1,1,0,1,0
minute_35_00,63181,281,2191,2,288,line_288,-1,288,1,measured,169.518753,22.808502,2.062598,1.000000,0.250000,1.000000,2.500000,2.000000,3.000000,1,1,0,1,0
minute_35_00,63182,282,2192,1,25,caption_plus_1,24,23,0,vbi_ambiguous,121.370316,15.044685,1.680751,1.000000,0.250000,1.000000,2.500000,2.000000,3.000000,1,1,0,1,0
minute_35_00,63182,282,2192,1,26,caption_plus_2,24,23,0,vbi_ambiguous,173.648438,21.849123,2.106416,1.000000,0.250000,1.000000,2.500000,2.000000,3.000000,1,1,0,1,0
minute_35_00,63182,282,2192,1,27,caption_plus_3,24,23,0,vbi_ambiguous,159.240631,26.629545,2.241002,1.000000,0.250000,1.000000,2.500000,2.000000,3.000000,1,1,0,1,0
minute_35_00,63182,282,2192,2,286,line_286,-1,288,1,measured,39.364063,43.246971,1.641628,1.000000,0.250000,1.000000,2.500000,2.000000,3.000000,1,1,0,1,0
minute_35_00,63182,282,2192,2,287,line_287,-1,288,1,measured,24.814062,40.432636,2.276995,1.000000,0.250000,1.000000,2.500000,2.000000,3.000000,1,1,0,1,0
minute_35_00,63182,282,2192,2,288,line_288,-1,288,1,measured,166.798431,23.119831,1.971831,1.000000,0.250000,1.000000,2.500000,2.000000,3.000000,1,1,0,1,0
minute_35_00,63183,283,2193,1,25,caption_plus_1,24,23,0,vbi_ambiguous,121.339066,14.719216,1.530516,1.000000,0.250000,1.000000,2.500000,2.000000,3.000000,1,1,0,1,0
minute_35_00,63183,283,2193,1,26,caption_plus_2,24,23,0,vbi_ambiguous,162.362503,22.067789,1.971831,1.000000,0.250000,1.000000,2.500000,2.000000,3.000000,1,1,0,1,0
minute_35_00,63183,283,2193,1,27,caption_plus_3,24,23,0,vbi_ambiguous,161.037506,25.504629,2.078247,1.000000,0.250000,1.000000,2.500000,2.000000,3.000000,1,1,0,1,0
minute_35_00,63183,283,2193,2,286,line_286,-1,288,1,measured,40.235939,43.779480,1.680751,1.000000,0.250000,1.000000,2.500000,2.000000,3.000000,1,1,0,1,0
minute_35_00,63183,283,2193,2,287,line_287,-1,288,1,measured,29.107813,44.900963,2.940532,1.000000,0.250000,1.000000,2.500000,2.000000,3.000000,1,1,0,1,0
minute_35_00,63183,283,2193,2,288,line_288,-1,288,1,measured,166.839066,22.836868,1.985916,1.000000,0.250000,1.000000,2.500000,2.000000,3.000000,1,1,0,1,0
minute_35_00,63184,284,2194,1,24,caption_plus_1,23,25,1,measured,121.848434,14.536393,1.651017,1.000000,0.250000,1.000000,2.500000,2.000000,3.000000,1,1,0,1,0
minute_35_00,63184,284,2194,1,25,caption_plus_2,23,25,1,measured,174.681244,23.470226,2.137715,1.000000,0.250000,1.000000,2.500000,2.000000,3.000000,1,1,0,1,0
minute_35_00,63184,284,2194,1,26,caption_plus_3,23,25,1,measured,159.571869,26.028610,2.078247,1.000000,0.250000,1.000000,2.500000,2.000000,3.000000,1,1,0,1,0
minute_35_00,63184,284,2194,2,286,line_286,-1,288,1,measured,40.185936,42.919819,1.530516,1.000000,0.250000,1.000000,2.500000,2.000000,3.000000,1,1,0,1,0
minute_35_00,63184,284,2194,2,287,line_287,-1,288,1,measured,20.265625,34.647167,2.095462,1.000000,0.250000,1.000000,2.500000,2.000000,3.000000,1,1,0,1,0
minute_35_00,63184,284,2194,2,288,line_288,-1,288,1,measured,166.442184,22.769836,2.064163,1.000000,0.250000,1.000000,2.500000,2.000000,3.000000,1,1,0,1,0
minute_35_00,63185,285,2195,1,24,caption_plus_1,23,25,1,measured,120.878128,14.371766,1.632238,1.000000,0.250000,1.000000,2.500000,2.000000,3.000000,1,1,0,1,0
minute_35_00,63185,285,2195,1,25,caption_plus_2,23,25,1,measured,161.114059,23.783747,2.189358,1.000000,0.250000,1.000000,2.500000,2.000000,3.000000,1,1,0,1,0
minute_35_00,63185,285,2195,1,26,caption_plus_3,23,25,1,measured,159.634369,25.217939,1.948357,1.000000,0.250000,1.000000,2.500000,2.000000,3.000000,1,1,0,1,0
minute_35_00,63185,285,2195,2,286,line_286,-1,288,1,measured,39.587502,43.312874,1.730829,1.000000,0.250000,1.000000,2.500000,2.000000,3.000000,1,1,0,1,0
minute_35_00,63185,285,2195,2,287,line_287,-1,288,1,measured,18.998438,34.851944,2.237872,1.000000,0.250000,1.000000,2.500000,2.000000,3.000000,1,1,0,1,0
minute_35_00,63185,285,2195,2,288,line_288,-1,288,1,measured,163.868744,23.641956,1.971831,1.000000,0.250000,1.000000,2.500000,2.000000,3.000000,1,1,0,1,0
minute_35_00,63186,286,2196,1,24,caption_plus_1,23,25,1,measured,119.371872,14.855634,1.572770,1.000000,0.250000,1.000000,2.500000,2.000000,3.000000,1,1,0,1,0
minute_35_00,63186,286,2196,1,25,caption_plus_2,23,25,1,measured,171.339066,24.910509,2.147105,1.000000,0.250000,1.000000,2.500000,2.000000,3.000000,1,1,0,1,0
minute_35_00,63186,286,2196,1,26,caption_plus_3,23,25,1,measured,157.415619,25.646864,2.007825,1.000000,0.250000,1.000000,2.500000,2.000000,3.000000,1,1,0,1,0
minute_35_00,63186,286,2196,2,286,line_286,-1,287,1,measured,40.921875,43.813457,1.643193,1.000000,0.250000,1.000000,2.500000,2.000000,3.000000,1,1,0,1,0
minute_35_00,63186,286,2196,2,287,line_287,-1,287,1,measured,61.362499,58.600739,6.164319,1.000000,0.250000,1.000000,2.500000,2.000000,3.000000,1,1,1,1,0
minute_35_00,63186,286,2196,2,288,line_288,-1,287,1,measured,168.495316,25.554293,2.414711,1.000000,0.250000,1.000000,2.500000,2.000000,3.000000,1,1,0,1,0
minute_35_00,63187,287,2197,1,25,caption_plus_1,24,26,1,measured,118.685936,14.721470,1.616588,1.000000,0.250000,1.000000,2.500000,2.000000,3.000000,1,1,0,1,0
minute_35_00,63187,287,2197,1,26,caption_plus_2,24,26,1,measured,159.917191,23.941614,2.028169,1.000000,0.250000,1.000000,2.500000,2.000000,3.000000,1,1,0,1,0
minute_35_00,63187,287,2197,1,27,caption_plus_3,24,26,1,measured,158.926559,24.294340,1.868545,1.000000,0.250000,1.000000,2.500000,2.000000,3.000000,1,1,0,1,0
minute_35_00,63187,287,2197,2,286,line_286,-1,287,1,measured,39.789062,42.466686,1.625978,1.000000,0.250000,1.000000,2.500000,2.000000,3.000000,1,1,0,1,0
minute_35_00,63187,287,2197,2,287,line_287,-1,287,1,measured,64.956253,58.595764,5.798122,1.000000,0.250000,1.000000,2.500000,2.000000,3.000000,1,1,1,1,0
minute_35_00,63187,287,2197,2,288,line_288,-1,287,1,measured,166.468750,24.790981,2.154930,1.000000,0.250000,1.000000,2.500000,2.000000,3.000000,1,1,0,1,0
minute_35_00,63188,288,2198,1,24,caption_plus_1,23,25,1,measured,119.290627,13.957186,1.460094,1.000000,0.250000,1.000000,2.500000,2.000000,3.000000,1,1,0,1,0
minute_35_00,63188,288,2198,1,25,caption_plus_2,23,25,1,measured,171.489059,25.359476,2.201878,1.000000,0.250000,1.000000,2.500000,2.000000,3.000000,1,1,0,1,0
minute_35_00,63188,288,2198,1,26,caption_plus_3,23,25,1,measured,158.449997,25.022190,1.860720,1.000000,0.250000,1.000000,2.500000,2.000000,3.000000,1,1,0,1,0
minute_35_00,63188,288,2198,2,286,line_286,-1,288,1,measured,40.382812,42.784950,1.615023,1.000000,0.250000,1.000000,2.500000,2.000000,3.000000,1,1,0,1,0
minute_35_00,63188,288,2198,2,287,line_287,-1,288,1,measured,20.331249,35.060253,2.287950,1.000000,0.250000,1.000000,2.500000,2.000000,3.000000,1,1,0,1,0
minute_35_00,63188,288,2198,2,288,line_288,-1,288,1,measured,166.573441,23.658857,1.931142,1.000000,0.250000,1.000000,2.500000,2.000000,3.000000,1,1,0,1,0
minute_35_00,63189,289,2199,1,25,caption_plus_1,24,23,0,vbi_ambiguous,120.989059,13.842131,1.486698,1.000000,0.250000,1.000000,2.500000,2.000000,3.000000,1,1,0,1,0
minute_35_00,63189,289,2199,1,26,caption_plus_2,24,23,0,vbi_ambiguous,161.548431,22.222895,1.854460,1.000000,0.250000,1.000000,2.500000,2.000000,3.000000,1,1,0,1,0
minute_35_00,63189,289,2199,1,27,caption_plus_3,24,23,0,vbi_ambiguous,159.639069,23.327547,1.885759,1.000000,0.250000,1.000000,2.500000,2.000000,3.000000,1,1,0,1,0
minute_35_00,63189,289,2199,2,286,line_286,-1,288,1,measured,40.226562,42.862938,1.680751,1.000000,0.250000,1.000000,2.500000,2.000000,3.000000,1,1,0,1,0
minute_35_00,63189,289,2199,2,287,line_287,-1,288,1,measured,23.335938,39.769154,2.845070,1.000000,0.250000,1.000000,2.500000,2.000000,3.000000,1,1,0,1,0
minute_35_00,63189,289,2199,2,288,line_288,-1,288,1,measured,163.245316,22.416319,1.866980,1.000000,0.250000,1.000000,2.500000,2.000000,3.000000,1,1,0,1,0
minute_35_00,63190,290,2200,1,25,caption_plus_1,24,26,1,measured,114.170311,13.965831,1.344288,1.000000,0.250000,1.000000,2.500000,2.000000,3.000000,1,1,0,1,0
minute_35_00,63190,290,2200,1,26,caption_plus_2,24,26,1,measured,163.496872,24.964912,1.874804,1.000000,0.250000,1.000000,2.500000,2.000000,3.000000,1,1,0,1,0
minute_35_00,63190,290,2200,1,27,caption_plus_3,24,26,1,measured,151.260941,24.903170,1.785602,1.000000,0.250000,1.000000,2.500000,2.000000,3.000000,1,1,0,1,0
minute_35_00,63190,290,2200,2,286,line_286,-1,288,1,measured,39.934376,42.682095,1.591549,1.000000,0.250000,1.000000,2.500000,2.000000,3.000000,1,1,0,1,0
minute_35_00,63190,290,2200,2,287,line_287,-1,288,1,measured,24.848438,40.318310,2.550861,1.000000,0.250000,1.000000,2.500000,2.000000,3.000000,1,1,0,1,0
minute_35_00,63190,290,2200,2,288,line_288,-1,288,1,measured,156.704681,24.468321,1.890454,1.000000,0.250000,1.000000,2.500000,2.000000,3.000000,1,1,0,1,0
minute_35_00,63191,291,2201,1,25,caption_plus_1,24,26,1,measured,112.851562,22.100370,1.425665,1.000000,0.250000,1.000000,2.500000,2.000000,3.000000,1,1,0,1,0
minute_35_00,63191,291,2201,1,26,caption_plus_2,24,26,1,measured,150.503128,29.830353,1.794992,1.000000,0.250000,1.000000,2.500000,2.000000,3.000000,1,1,0,1,0
minute_35_00,63191,291,2201,1,27,caption_plus_3,24,26,1,measured,150.718750,29.405182,1.733959,1.000000,0.250000,1.000000,2.500000,2.000000,3.000000,1,1,0,1,0
minute_35_00,63191,291,2201,2,286,line_286,-1,288,1,measured,39.829689,42.618813,1.641628,1.000000,0.250000,1.000000,2.500000,2.000000,3.000000,1,1,0,1,0
minute_35_00,63191,291,2201,2,287,line_287,-1,288,1,measured,24.621876,40.586529,2.222222,1.000000,0.250000,1.000000,2.500000,2.000000,3.000000,1,1,0,1,0
minute_35_00,63191,291,2201,2,288,line_288,-1,288,1,measured,153.926559,30.758627,1.841941,1.000000,0.250000,1.000000,2.500000,2.000000,3.000000,1,1,0,1,0
minute_35_00,63192,292,2202,1,24,caption_plus_1,23,25,1,measured,114.828125,19.415646,1.535211,1.000000,0.250000,1.000000,2.500000,2.000000,3.000000,1,1,0,1,0
minute_35_00,63192,292,2202,1,25,caption_plus_2,23,25,1,measured,164.443756,31.974356,2.075117,1.000000,0.250000,1.000000,2.500000,2.000000,3.000000,1,1,0,1,0
minute_35_00,63192,292,2202,1,26,caption_plus_3,23,25,1,measured,149.390625,29.148228,1.834116,1.000000,0.250000,1.000000,2.500000,2.000000,3.000000,1,1,0,1,0
minute_35_00,63192,292,2202,2,286,line_286,-1,288,1,measured,40.143749,43.734013,1.685446,1.000000,0.250000,1.000000,2.500000,2.000000,3.000000,1,1,0,1,0
minute_35_00,63192,292,2202,2,287,line_287,-1,288,1,measured,19.481251,36.253185,2.397496,1.000000,0.250000,1.000000,2.500000,2.000000,3.000000,1,1,0,1,0
minute_35_00,63192,292,2202,2,288,line_288,-1,288,1,measured,156.214066,28.630558,1.749609,1.000000,0.250000,1.000000,2.500000,2.000000,3.000000,1,1,0,1,0
minute_35_00,63193,293,2203,1,25,caption_plus_1,24,23,0,vbi_ambiguous,110.437500,19.228132,1.718310,1.000000,0.250000,1.000000,2.500000,2.000000,3.000000,1,1,0,1,0
minute_35_00,63193,293,2203,1,26,caption_plus_2,24,23,0,vbi_ambiguous,148.117188,28.152658,1.946792,1.000000,0.250000,1.000000,2.500000,2.000000,3.000000,1,1,0,1,0
minute_35_00,63193,293,2203,1,27,caption_plus_3,24,23,0,vbi_ambiguous,147.771881,28.327183,2.034429,1.000000,0.250000,1.000000,2.500000,2.000000,3.000000,1,1,0,1,0
minute_35_00,63193,293,2203,2,286,line_286,-1,288,1,measured,39.385937,42.453053,1.535211,1.000000,0.250000,1.000000,2.500000,2.000000,3.000000,1,1,0,1,0
minute_35_00,63193,293,2203,2,287,line_287,-1,288,1,measured,24.746876,40.282150,2.957747,1.000000,0.250000,1.000000,2.500000,2.000000,3.000000,1,1,0,1,0
minute_35_00,63193,293,2203,2,288,line_288,-1,288,1,measured,151.848434,28.517765,1.960876,1.000000,0.250000,1.000000,2.500000,2.000000,3.000000,1,1,0,1,0
minute_35_00,63194,294,2204,1,25,caption_plus_1,24,23,0,vbi_ambiguous,111.289062,19.258583,1.539906,1.000000,0.250000,1.000000,2.500000,2.000000,3.000000,1,1,0,1,0
minute_35_00,63194,294,2204,1,26,caption_plus_2,24,23,0,vbi_ambiguous,158.226562,31.669537,2.087637,1.000000,0.250000,1.000000,2.500000,2.000000,3.000000,1,1,0,1,0
minute_35_00,63194,294,2204,1,27,caption_plus_3,24,23,0,vbi_ambiguous,146.734375,29.206932,1.956182,1.000000,0.250000,1.000000,2.500000,2.000000,3.000000,1,1,0,1,0
minute_35_00,63194,294,2204,2,286,line_286,-1,288,1,measured,40.487499,42.924641,1.625978,1.000000,0.250000,1.000000,2.500000,2.000000,3.000000,1,1,0,1,0
minute_35_00,63194,294,2204,2,287,line_287,-1,288,1,measured,24.948437,40.361282,2.917058,1.000000,0.250000,1.000000,2.500000,2.000000,3.000000,1,1,0,1,0
minute_35_00,63194,294,2204,2,288,line_288,-1,288,1,measured,152.114059,29.763670,1.931142,1.000000,0.250000,1.000000,2.500000,2.000000,3.000000,1,1,0,1,0
minute_35_00,63195,295,2205,1,24,caption_plus_1,23,23,0,vbi_ambiguous,111.143753,18.964226,1.446009,1.000000,0.250000,1.000000,2.500000,2.000000,3.000000,1,1,0,1,0
minute_35_00,63195,295,2205,1,25,caption_plus_2,23,23,0,vbi_ambiguous,147.854691,29.684790,1.777778,1.000000,0.250000,1.000000,2.500000,2.000000,3.000000,1,1,0,1,0
minute_35_00,63195,295,2205,1,26,caption_plus_3,23,23,0,vbi_ambiguous,146.475006,29.030092,1.741784,1.000000,0.250000,1.000000,2.500000,2.000000,3.000000,1,1,0,1,0
minute_35_00,63195,295,2205,2,286,line_286,-1,288,1,measured,39.778126,43.115189,1.594679,1.000000,0.250000,1.000000,2.500000,2.000000,3.000000,1,1,0,1,0
minute_35_00,63195,295,2205,2,287,line_287,-1,288,1,measured,24.215626,41.218178,2.793427,1.000000,0.250000,1.000000,2.500000,2.000000,3.000000,1,1,0,1,0
minute_35_00,63195,295,2205,2,288,line_288,-1,288,1,measured,149.857819,29.532347,1.863850,1.000000,0.250000,1.000000,2.500000,2.000000,3.000000,1,1,0,1,0
minute_35_00,63196,296,2206,1,24,caption_plus_1,23,23,0,vbi_ambiguous,106.993752,19.169065,1.460094,1.000000,0.250000,1.000000,2.500000,2.000000,3.000000,1,1,0,1,0
minute_35_00,63196,296,2206,1,25,caption_plus_2,23,23,0,vbi_ambiguous,153.771881,31.487415,1.785602,1.000000,0.250000,1.000000,2.500000,2.000000,3.000000,1,1,0,1,0
minute_35_00,63196,296,2206,1,26,caption_plus_3,23,23,0,vbi_ambiguous,142.300003,29.302687,1.748044,1.000000,0.250000,1.000000,2.500000,2.000000,3.000000,1,1,0,1,0
minute_35_00,63196,296,2206,2,286,line_286,-1,288,1,measured,39.379688,42.859341,1.636933,1.000000,0.250000,1.000000,2.500000,2.000000,3.000000,1,1,0,1,0
minute_35_00,63196,296,2206,2,287,line_287,-1,288,1,measured,24.009375,40.683994,2.502347,1.000000,0.250000,1.000000,2.500000,2.000000,3.000000,1,1,0,1,0
minute_35_00,63196,296,2206,2,288,line_288,-1,288,1,measured,147.210938,28.330212,1.541471,1.000000,0.250000,1.000000,2.500000,2.000000,3.000000,1,1,0,1,0
minute_35_00,63197,297,2207,1,25,caption_plus_1,24,23,0,vbi_ambiguous,106.278122,19.690516,1.477308,1.000000,0.250000,1.000000,2.500000,2.000000,3.000000,1,1,0,1,0
minute_35_00,63197,297,2207,1,26,caption_plus_2,24,23,0,vbi_ambiguous,142.434372,29.354280,1.627543,1.000000,0.250000,1.000000,2.500000,2.000000,3.000000,1,1,0,1,0
minute_35_00,63197,297,2207,1,27,caption_plus_3,24,23,0,vbi_ambiguous,143.270309,28.844255,1.741784,1.000000,0.250000,1.000000,2.500000,2.000000,3.000000,1,1,0,1,0
minute_35_00,63197,297,2207,2,286,line_286,-1,288,1,measured,39.785938,43.723133,1.616588,1.000000,0.250000,1.000000,2.500000,2.000000,3.000000,1,1,0,1,0
minute_35_00,63197,297,2207,2,287,line_287,-1,288,1,measured,24.456249,40.498352,2.624413,1.000000,0.250000,1.000000,2.500000,2.000000,3.000000,1,1,0,1,0
minute_35_00,63197,297,2207,2,288,line_288,-1,288,1,measured,148.101562,28.020594,1.687011,1.000000,0.250000,1.000000,2.500000,2.000000,3.000000,1,1,0,1,0
minute_35_00,63198,298,2208,1,24,caption_plus_1,23,25,1,measured,108.151566,19.134241,1.359937,1.000000,0.250000,1.000000,2.500000,2.000000,3.000000,1,1,0,1,0
minute_35_00,63198,298,2208,1,25,caption_plus_2,23,25,1,measured,154.175003,30.955725,1.602504,1.000000,0.250000,1.000000,2.500000,2.000000,3.000000,1,1,0,1,0
minute_35_00,63198,298,2208,1,26,caption_plus_3,23,25,1,measured,141.751556,28.940065,1.735524,1.000000,0.250000,1.000000,2.500000,2.000000,3.000000,1,1,0,1,0
minute_35_00,63198,298,2208,2,286,line_286,-1,288,1,measured,41.000000,43.281742,1.615023,1.000000,0.250000,1.000000,2.500000,2.000000,3.000000,1,1,0,1,0
minute_35_00,63198,298,2208,2,287,line_287,-1,288,1,measured,25.610937,41.847042,2.352113,1.000000,0.250000,1.000000,2.500000,2.000000,3.000000,1,1,0,1,0
minute_35_00,63198,298,2208,2,288,line_288,-1,288,1,measured,148.064056,27.939062,1.483568,1.000000,0.250000,1.000000,2.500000,2.000000,3.000000,1,1,0,1,0
minute_35_00,63199,299,2209,1,24,caption_plus_1,23,25,1,measured,108.726562,17.302416,1.380282,1.000000,0.250000,1.000000,2.500000,2.000000,3.000000,1,1,0,1,0
minute_35_00,63199,299,2209,1,25,caption_plus_2,23,25,1,measured,142.164062,28.538784,1.422535,1.000000,0.250000,1.000000,2.500000,2.000000,3.000000,1,1,0,1,0
minute_35_00,63199,299,2209,1,26,caption_plus_3,23,25,1,measured,141.415619,28.818058,1.566510,1.000000,0.250000,1.000000,2.500000,2.000000,3.000000,1,1,0,1,0
minute_35_00,63199,299,2209,2,286,line_286,-1,288,1,measured,40.337502,42.645359,1.585289,1.000000,0.250000,1.000000,2.500000,2.000000,3.000000,1,1,0,1,0
minute_35_00,63199,299,2209,2,287,line_287,-1,288,1,measured,29.582813,45.311836,2.544601,1.000000,0.250000,1.000000,2.500000,2.000000,3.000000,1,1,0,1,0
minute_35_00,63199,299,2209,2,288,line_288,-1,288,1,measured,147.090622,28.011124,1.510172,1.000000,0.250000,1.000000,2.500000,2.000000,3.000000,1,1,0,1,0
minute_35_00,63200,300,2210,1,24,caption_plus_1,23,25,1,measured,109.189064,15.696244,1.280125,1.000000,0.250000,1.000000,2.500000,2.000000,3.000000,1,1,0,1,0
minute_35_00,63200,300,2210,1,25,caption_plus_2,23,25,1,measured,153.850006,27.917782,1.571205,1.000000,0.250000,1.000000,2.500000,2.000000,3.000000,1,1,0,1,0
minute_35_00,63200,300,2210,1,26,caption_plus_3,23,25,1,measured,141.892181,27.012888,1.550861,1.000000,0.250000,1.000000,2.500000,2.000000,3.000000,1,1,0,1,0
minute_35_00,63200,300,2210,2,286,line_286,-1,288,1,measured,41.596874,42.968044,1.641628,1.000000,0.250000,1.000000,2.500000,2.000000,3.000000,1,1,0,1,0
minute_35_00,63200,300,2210,2,287,line_287,-1,288,1,measured,20.881250,34.501743,2.303599,1.000000,0.250000,1.000000,2.500000,2.000000,3.000000,1,1,0,1,0
minute_35_00,63200,300,2210,2,288,line_288,-1,288,1,measured,148.907806,27.080019,1.599374,1.000000,0.250000,1.000000,2.500000,2.000000,3.000000,1,1,0,1,0
minute_35_00,63201,301,2211,1,24,caption_plus_1,23,23,0,vbi_ambiguous,110.584373,15.314589,1.377152,1.000000,0.250000,1.000000,2.500000,2.000000,3.000000,1,1,0,1,0
minute_35_00,63201,301,2211,1,25,caption_plus_2,23,23,0,vbi_ambiguous,144.765625,24.933249,1.499218,1.000000,0.250000,1.000000,2.500000,2.000000,3.000000,1,1,0,1,0
minute_35_00,63201,301,2211,1,26,caption_plus_3,23,23,0,vbi_ambiguous,143.553131,25.377962,1.585289,1.000000,0.250000,1.000000,2.500000,2.000000,3.000000,1,1,0,1,0
minute_35_00,63201,301,2211,2,286,line_286,-1,288,1,measured,40.482811,43.560551,1.654147,1.000000,0.250000,1.000000,2.500000,2.000000,3.000000,1,1,0,1,0
minute_35_00,63201,301,2211,2,287,line_287,-1,288,1,measured,24.251562,40.866562,2.984350,1.000000,0.250000,1.000000,2.500000,2.000000,3.000000,1,1,0,1,0
minute_35_00,63201,301,2211,2,288,line_288,-1,288,1,measured,147.750000,24.974674,1.441315,1.000000,0.250000,1.000000,2.500000,2.000000,3.000000,1,1,0,1,0
minute_35_00,63202,302,2212,1,24,caption_plus_1,23,25,1,measured,112.498436,15.875197,1.384977,1.000000,0.250000,1.000000,2.500000,2.000000,3.000000,1,1,0,1,0
minute_35_00,63202,302,2212,1,25,caption_plus_2,23,25,1,measured,160.107819,23.025379,1.577465,1.000000,0.250000,1.000000,2.500000,2.000000,3.000000,1,1,0,1,0
minute_35_00,63202,302,2212,1,26,caption_plus_3,23,25,1,measured,145.223434,23.813961,1.543036,1.000000,0.250000,1.000000,2.500000,2.000000,3.000000,1,1,0,1,0
minute_35_00,63202,302,2212,2,286,line_286,-1,288,1,measured,38.673439,41.875275,1.541471,1.000000,0.250000,1.000000,2.500000,2.000000,3.000000,1,1,0,1,0
minute_35_00,63202,302,2212,2,287,line_287,-1,288,1,measured,24.217188,40.282379,2.981221,1.000000,0.250000,1.000000,2.500000,2.000000,3.000000,1,1,0,1,0
minute_35_00,63202,302,2212,2,288,line_288,-1,288,1,measured,152.246872,22.646158,1.546166,1.000000,0.250000,1.000000,2.500000,2.000000,3.000000,1,1,0,1,0
minute_35_00,63203,303,2213,1,25,caption_plus_1,24,26,1,measured,110.970314,16.838036,1.524257,1.000000,0.250000,1.000000,2.500000,2.000000,3.000000,1,1,0,1,0
minute_35_00,63203,303,2213,1,26,caption_plus_2,24,26,1,measured,148.143753,24.177689,1.790297,1.000000,0.250000,1.000000,2.500000,2.000000,3.000000,1,1,0,1,0
minute_35_00,63203,303,2213,1,27,caption_plus_3,24,26,1,measured,149.768753,23.538393,1.799687,1.000000,0.250000,1.000000,2.500000,2.000000,3.000000,1,1,0,1,0
minute_35_00,63203,303,2213,2,286,line_286,-1,288,1,measured,39.200001,42.675236,1.580595,1.000000,0.250000,1.000000,2.500000,2.000000,3.000000,1,1,0,1,0
minute_35_00,63203,303,2213,2,287,line_287,-1,288,1,measured,24.235937,40.954800,2.679186,1.000000,0.250000,1.000000,2.500000,2.000000,3.000000,1,1,0,1,0
minute_35_00,63203,303,2213,2,288,line_288,-1,288,1,measured,151.537506,23.484341,1.751174,1.000000,0.250000,1.000000,2.500000,2.000000,3.000000,1,1,0,1,0
minute_35_00,63204,304,2214,1,25,caption_plus_1,24,26,1,measured,111.479691,16.817389,1.488263,1.000000,0.250000,1.000000,2.500000,2.000000,3.000000,1,1,0,1,0
minute_35_00,63204,304,2214,1,26,caption_plus_2,24,26,1,measured,159.593750,24.561350,1.823161,1.000000,0.250000,1.000000,2.500000,2.000000,3.000000,1,1,0,1,0
minute_35_00,63204,304,2214,1,27,caption_plus_3,24,26,1,measured,148.371872,23.891209,1.791862,1.000000,0.250000,1.000000,2.500000,2.000000,3.000000,1,1,0,1,0
minute_35_00,63204,304,2214,2,286,line_286,-1,287,1,measured,40.689064,42.150349,1.580595,1.000000,0.250000,1.000000,2.500000,2.000000,3.000000,1,1,0,1,0
minute_35_00,63204,304,2214,2,287,line_287,-1,287,1,measured,61.131248,57.346931,6.624413,1.000000,0.250000,1.000000,2.500000,2.000000,3.000000,1,1,1,1,0
minute_35_00,63204,304,2214,2,288,line_288,-1,287,1,measured,155.921875,25.856276,1.915493,1.000000,0.250000,1.000000,2.500000,2.000000,3.000000,1,1,0,1,0
minute_35_00,63205,305,2215,1,25,caption_plus_1,24,23,0,vbi_ambiguous,111.278122,15.555872,1.466354,1.000000,0.250000,1.000000,2.500000,2.000000,3.000000,1,1,0,1,0
minute_35_00,63205,305,2215,1,26,caption_plus_2,24,23,0,vbi_ambiguous,148.612503,23.254566,1.665102,1.000000,0.250000,1.000000,2.500000,2.000000,3.000000,1,1,0,1,0
minute_35_00,63205,305,2215,1,27,caption_plus_3,24,23,0,vbi_ambiguous,150.479691,22.915733,1.674491,1.000000,0.250000,1.000000,2.500000,2.000000,3.000000,1,1,0,1,0
minute_35_00,63205,305,2215,2,286,line_286,-1,287,1,measured,40.376564,43.007854,1.696401,1.000000,0.250000,1.000000,2.500000,2.000000,3.000000,1,1,0,1,0
minute_35_00,63205,305,2215,2,287,line_287,-1,287,1,measured,65.753128,57.438488,7.006260,1.000000,0.250000,1.000000,2.500000,2.000000,3.000000,1,1,1,1,0
minute_35_00,63205,305,2215,2,288,line_288,-1,287,1,measured,156.320312,25.788179,1.960876,1.000000,0.250000,1.000000,2.500000,2.000000,3.000000,1,1,0,1,0
minute_35_00,63206,306,2216,1,24,caption_plus_1,23,25,1,measured,112.509377,15.793588,1.453834,1.000000,0.250000,1.000000,2.500000,2.000000,3.000000,1,1,0,1,0
minute_35_00,63206,306,2216,1,25,caption_plus_2,23,25,1,measured,161.967194,24.132910,1.805947,1.000000,0.250000,1.000000,2.500000,2.000000,3.000000,1,1,0,1,0
minute_35_00,63206,306,2216,1,26,caption_plus_3,23,25,1,measured,147.006256,25.121393,1.751174,1.000000,0.250000,1.000000,2.500000,2.000000,3.000000,1,1,0,1,0
minute_35_00,63206,306,2216,2,286,line_286,-1,287,1,measured,39.668751,42.727512,1.627543,1.000000,0.250000,1.000000,2.500000,2.000000,3.000000,1,1,0,1,0
minute_35_00,63206,306,2216,2,287,line_287,-1,287,1,measured,65.214066,56.707191,6.987481,1.000000,0.250000,1.000000,2.500000,2.000000,3.000000,1,1,1,1,0
minute_35_00,63206,306,2216,2,288,line_288,-1,287,1,measured,155.109375,24.681608,1.835681,1.000000,0.250000,1.000000,2.500000,2.000000,3.000000,1,1,0,1,0
minute_35_00,63207,307,2217,1,25,caption_plus_1,24,26,1,measured,110.324997,16.875853,1.469484,1.000000,0.250000,1.000000,2.500000,2.000000,3.000000,1,1,0,1,0
minute_35_00,63207,307,2217,1,26,caption_plus_2,24,26,1,measured,146.993744,24.383394,1.600939,1.000000,0.250000,1.000000,2.500000,2.000000,3.000000,1,1,0,1,0
minute_35_00,63207,307,2217,1,27,caption_plus_3,24,26,1,measured,148.540619,24.612463,1.683881,1.000000,0.250000,1.000000,2.500000,2.000000,3.000000,1,1,0,1,0
minute_35_00,63207,307,2217,2,286,line_286,-1,287,1,measured,40.060936,42.933498,1.699530,1.000000,0.250000,1.000000,2.500000,2.000000,3.000000,1,1,0,1,0
minute_35_00,63207,307,2217,2,287,line_287,-1,287,1,measured,70.132812,57.583328,6.560250,1.000000,0.250000,1.000000,2.500000,2.000000,3.000000,1,1,1,1,0
minute_35_00,63207,307,2217,2,288,line_288,-1,287,1,measured,153.492188,25.600048,1.782473,1.000000,0.250000,1.000000,2.500000,2.000000,3.000000,1,1,0,1,0
minute_35_00,63208,308,2218,1,25,caption_plus_1,24,26,1,measured,110.337502,16.847528,1.352113,1.000000,0.250000,1.000000,2.500000,2.000000,3.000000,1,1,0,1,0
minute_35_00,63208,308,2218,1,26,caption_plus_2,24,26,1,measured,159.437500,25.539415,1.696401,1.000000,0.250000,1.000000,2.500000,2.000000,3.000000,1,1,0,1,0
minute_35_00,63208,308,2218,1,27,caption_plus_3,24,26,1,measured,146.443756,26.303694,1.702660,1.000000,0.250000,1.000000,2.500000,2.000000,3.000000,1,1,0,1,0
minute_35_00,63208,308,2218,2,286,line_286,-1,287,1,measured,39.831249,43.080154,1.632238,1.000000,0.250000,1.000000,2.500000,2.000000,3.000000,1,1,0,1,0
minute_35_00,63208,308,2218,2,287,line_287,-1,287,1,measured,59.035938,57.227047,5.874804,1.000000,0.250000,1.000000,2.500000,2.000000,3.000000,1,1,1,1,0
minute_35_00,63208,308,2218,2,288,line_288,-1,287,1,measured,151.756256,26.542242,1.815336,1.000000,0.250000,1.000000,2.500000,2.000000,3.000000,1,1,0,1,0
minute_35_00,63209,309,2219,1,25,caption_plus_1,24,23,0,vbi_ambiguous,113.554688,16.476881,1.516432,1.000000,0.250000,1.000000,2.500000,2.000000,3.000000,1,1,0,1,0
minute_35_00,63209,309,2219,1,26,caption_plus_2,24,23,0,vbi_ambiguous,151.260941,23.223152,1.619718,1.000000,0.250000,1.000000,2.500000,2.000000,3.000000,1,1,0,1,0
minute_35_00,63209,309,2219,1,27,caption_plus_3,24,23,0,vbi_ambiguous,149.031250,25.484350,1.779343,1.000000,0.250000,1.000000,2.500000,2.000000,3.000000,1,1,0,1,0
minute_35_00,63209,309,2219,2,286,line_286,-1,287,1,measured,39.051563,42.856365,1.658842,1.000000,0.250000,1.000000,2.500000,2.000000,3.000000,1,1,0,1,0
minute_35_00,63209,309,2219,2,287,line_287,-1,287,1,measured,59.570312,57.520519,5.785603,1.000000,0.250000,1.000000,2.500000,2.000000,3.000000,1,1,1,1,0
minute_35_00,63209,309,2219,2,288,line_288,-1,287,1,measured,155.170319,25.554918,1.898279,1.000000,0.250000,1.000000,2.500000,2.000000,3.000000,1,1,0,1,0
minute_35_00,63210,310,2220,1,25,caption_plus_1,24,23,0,vbi_ambiguous,114.509377,13.458961,1.347418,1.000000,0.250000,1.000000,2.500000,2.000000,3.000000,1,1,0,1,0
minute_35_00,63210,310,2220,1,26,caption_plus_2,24,23,0,vbi_ambiguous,165.143753,22.824837,1.865415,1.000000,0.250000,1.000000,2.500000,2.000000,3.000000,1,1,0,1,0
minute_35_00,63210,310,2220,1,27,caption_plus_3,24,23,0,vbi_ambiguous,149.609375,26.023556,1.923318,1.000000,0.250000,1.000000,2.500000,2.000000,3.000000,1,1,0,1,0
minute_35_00,63210,310,2220,2,286,line_286,-1,288,1,measured,40.068748,42.646713,1.605634,1.000000,0.250000,1.000000,2.500000,2.000000,3.000000,1,1,0,1,0
minute_35_00,63210,310,2220,2,287,line_287,-1,288,1,measured,24.548437,40.537144,2.859155,1.000000,0.250000,1.000000,2.500000,2.000000,3.000000,1,1,0,1,0
minute_35_00,63210,310,2220,2,288,line_288,-1,288,1,measured,158.139069,22.711321,1.906103,1.000000,0.250000,1.000000,2.500000,2.000000,3.000000,1,1,0,1,0
minute_35_00,63211,311,2221,1,25,caption_plus_1,24,26,1,measured,116.750000,13.822423,1.447574,1.000000,0.250000,1.000000,2.500000,2.000000,3.000000,1,1,0,1,0
minute_35_00,63211,311,2221,1,26,caption_plus_2,24,26,1,measured,155.015625,21.533905,1.763693,1.000000,0.250000,1.000000,2.500000,2.000000,3.000000,1,1,0,1,0
minute_35_00,63211,311,2221,1,27,caption_plus_3,24,26,1,measured,152.934372,23.903688,2.029734,1.000000,0.250000,1.000000,2.500000,2.000000,3.000000,1,1,0,1,0
minute_35_00,63211,311,2221,2,286,line_286,-1,288,1,measured,40.071877,43.065441,1.696401,1.000000,0.250000,1.000000,2.500000,2.000000,3.000000,1,1,0,1,0
minute_35_00,63211,311,2221,2,287,line_287,-1,288,1,measured,29.171875,44.106144,2.895149,1.000000,0.250000,1.000000,2.500000,2.000000,3.000000,1,1,0,1,0
minute_35_00,63211,311,2221,2,288,line_288,-1,288,1,measured,159.435944,21.546946,1.812207,1.000000,0.250000,1.000000,2.500000,2.000000,3.000000,1,1,0,1,0
minute_35_00,63212,312,2222,1,24,caption_plus_1,23,23,0,vbi_ambiguous,115.270309,13.535152,1.436620,1.000000,0.250000,1.000000,2.500000,2.000000,3.000000,1,1,0,1,0
minute_35_00,63212,312,2222,1,25,caption_plus_2,23,23,0,vbi_ambiguous,165.853119,22.096104,1.902973,1.000000,0.250000,1.000000,2.500000,2.000000,3.000000,1,1,0,1,0
minute_35_00,63212,312,2222,1,26,caption_plus_3,23,23,0,vbi_ambiguous,150.662506,25.721315,2.028169,1.000000,0.250000,1.000000,2.500000,2.000000,3.000000,1,1,0,1,0
minute_35_00,63212,312,2222,2,286,line_286,-1,288,1,measured,40.423439,42.967251,1.599374,1.000000,0.250000,1.000000,2.500000,2.000000,3.000000,1,1,0,1,0
minute_35_00,63212,312,2222,2,287,line_287,-1,288,1,measured,25.240625,40.175140,2.311424,1.000000,0.250000,1.000000,2.500000,2.000000,3.000000,1,1,0,1,0
minute_35_00,63212,312,2222,2,288,line_288,-1,288,1,measured,160.382812,22.354641,1.863850,1.000000,0.250000,1.000000,2.500000,2.000000,3.000000,1,1,0,1,0
minute_35_00,63213,313,2223,1,24,caption_plus_1,23,23,0,vbi_ambiguous,114.542191,16.705391,1.528952,1.000000,0.250000,1.000000,2.500000,2.000000,3.000000,1,1,0,1,0
minute_35_00,63213,313,2223,1,25,caption_plus_2,23,23,0,vbi_ambiguous,152.435944,22.657000,1.729264,1.000000,0.250000,1.000000,2.500000,2.000000,3.000000,1,1,0,1,0
minute_35_00,63213,313,2223,1,26,caption_plus_3,23,23,0,vbi_ambiguous,151.039062,25.132774,1.901408,1.000000,0.250000,1.000000,2.500000,2.000000,3.000000,1,1,0,1,0
minute_35_00,63213,313,2223,2,286,line_286,-1,288,1,measured,39.404686,42.492611,1.632238,1.000000,0.250000,1.000000,2.500000,2.000000,3.000000,1,1,0,1,0
minute_35_00,63213,313,2223,2,287,line_287,-1,288,1,measured,28.928125,44.681942,3.039124,1.000000,0.250000,1.000000,2.500000,2.000000,3.000000,1,1,1,1,0
minute_35_00,63213,313,2223,2,288,line_288,-1,288,1,measured,156.917191,23.669291,2.001565,1.000000,0.250000,1.000000,2.500000,2.000000,3.000000,1,1,0,1,0
minute_35_00,63214,314,2224,1,24,caption_plus_1,23,23,0,vbi_ambiguous,114.864059,15.224937,1.353678,1.000000,0.250000,1.000000,2.500000,2.000000,3.000000,1,1,0,1,0
minute_35_00,63214,314,2224,1,25,caption_plus_2,23,23,0,vbi_ambiguous,162.431244,24.730640,1.746479,1.000000,0.250000,1.000000,2.500000,2.000000,3.000000,1,1,0,1,0
minute_35_00,63214,314,2224,1,26,caption_plus_3,23,23,0,vbi_ambiguous,147.471878,27.166887,2.026604,1.000000,0.250000,1.000000,2.500000,2.000000,3.000000,1,1,0,1,0
minute_35_00,63214,314,2224,2,286,line_286,-1,288,1,measured,40.998436,42.669533,1.618153,1.000000,0.250000,1.000000,2.500000,2.000000,3.000000,1,1,0,1,0
minute_35_00,63214,314,2224,2,287,line_287,-1,288,1,measured,20.664062,34.788891,2.173709,1.000000,0.250000,1.000000,2.500000,2.000000,3.000000,1,1,0,1,0
minute_35_00,63214,314,2224,2,288,line_288,-1,288,1,measured,157.139069,24.087751,1.821596,1.000000,0.250000,1.000000,2.500000,2.000000,3.000000,1,1,0,1,0
minute_35_00,63215,315,2225,1,25,caption_plus_1,24,23,0,vbi_ambiguous,113.609375,15.896754,1.441315,1.000000,0.250000,1.000000,2.500000,2.000000,3.000000,1,1,0,1,0
minute_35_00,63215,315,2225,1,26,caption_plus_2,24,23,0,vbi_ambiguous,151.675003,22.853283,1.791862,1.000000,0.250000,1.000000,2.500000,2.000000,3.000000,1,1,0,1,0
minute_35_00,63215,315,2225,1,27,caption_plus_3,24,23,0,vbi_ambiguous,149.823441,25.192604,1.960876,1.000000,0.250000,1.000000,2.500000,2.000000,3.000000,1,1,0,1,0
minute_35_00,63215,315,2225,2,286,line_286,-1,288,1,measured,40.812500,43.157623,1.693271,1.000000,0.250000,1.000000,2.500000,2.000000,3.000000,1,1,0,1,0
minute_35_00,63215,315,2225,2,287,line_287,-1,288,1,measured,20.482813,35.642975,2.416276,1.000000,0.250000,1.000000,2.500000,2.000000,3.000000,1,1,0,1,0
minute_35_00,63215,315,2225,2,288,line_288,-1,288,1,measured,156.359375,23.283689,1.929577,1.000000,0.250000,1.000000,2.500000,2.000000,3.000000,1,1,0,1,0
minute_35_00,63216,316,2226,1,25,caption_plus_1,24,23,0,vbi_ambiguous,115.928123,14.991700,1.433490,1.000000,0.250000,1.000000,2.500000,2.000000,3.000000,1,1,0,1,0
minute_35_00,63216,316,2226,1,26,caption_plus_2,24,23,0,vbi_ambiguous,166.590622,21.824755,1.904538,1.000000,0.250000,1.000000,2.500000,2.000000,3.000000,1,1,0,1,0
minute_35_00,63216,316,2226,1,27,caption_plus_3,24,23,0,vbi_ambiguous,150.921875,24.614656,1.993740,1.000000,0.250000,1.000000,2.500000,2.000000,3.000000,1,1,0,1,0
minute_35_00,63216,316,2226,2,286,line_286,-1,287,1,measured,40.601562,42.767494,1.691706,1.000000,0.250000,1.000000,2.500000,2.000000,3.000000,1,1,0,1,0
minute_35_00,63216,316,2226,2,287,line_287,-1,287,1,measured,61.068748,57.527397,5.976526,1.000000,0.250000,1.000000,2.500000,2.000000,3.000000,1,1,1,1,0
minute_35_00,63216,316,2226,2,288,line_288,-1,287,1,measured,162.326569,24.554300,2.179969,1.000000,0.250000,1.000000,2.500000,2.000000,3.000000,1,1,0,1,0
minute_35_00,63217,317,2227,1,25,caption_plus_1,24,23,0,vbi_ambiguous,116.218750,14.546444,1.447574,1.000000,0.250000,1.000000,2.500000,2.000000,3.000000,1,1,0,1,0
minute_35_00,63217,317,2227,1,26,caption_plus_2,24,23,0,vbi_ambiguous,155.546875,21.087933,1.755869,1.000000,0.250000,1.000000,2.500000,2.000000,3.000000,1,1,0,1,0
minute_35_00,63217,317,2227,1,27,caption_plus_3,24,23,0,vbi_ambiguous,153.098434,22.298220,1.899843,1.000000,0.250000,1.000000,2.500000,2.000000,3.000000,1,1,0,1,0
minute_35_00,63217,317,2227,2,286,line_286,-1,287,1,measured,39.856251,43.401772,1.624413,1.000000,0.250000,1.000000,2.500000,2.000000,3.000000,1,1,0,1,0
minute_35_00,63217,317,2227,2,287,line_287,-1,287,1,measured,64.256248,57.610573,5.727700,1.000000,0.250000,1.000000,2.500000,2.000000,3.000000,1,1,1,1,0
minute_35_00,63217,317,2227,2,288,line_288,-1,287,1,measured,160.456253,24.089830,2.120501,1.000000,0.250000,1.000000,2.500000,2.000000,3.000000,1,1,0,1,0
minute_35_00,63218,318,2228,1,25,caption_plus_1,24,23,0,vbi_ambiguous,116.275002,14.965774,1.508607,1.000000,0.250000,1.000000,2.500000,2.000000,3.000000,1,1,0,1,0
minute_35_00,63218,318,2228,1,26,caption_plus_2,24,23,0,vbi_ambiguous,168.957809,23.398914,1.896714,1.000000,0.250000,1.000000,2.500000,2.000000,3.000000,1,1,0,1,0
minute_35_00,63218,318,2228,1,27,caption_plus_3,24,23,0,vbi_ambiguous,153.126556,23.448372,1.990610,1.000000,0.250000,1.000000,2.500000,2.000000,3.000000,1,1,0,1,0
minute_35_00,63218,318,2228,2,286,line_286,-1,288,1,measured,40.299999,42.912308,1.654147,1.000000,0.250000,1.000000,2.500000,2.000000,3.000000,1,1,0,1,0
minute_35_00,63218,318,2228,2,287,line_287,-1,288,1,measured,20.000000,35.024944,2.369327,1.000000,0.250000,1.000000,2.500000,2.000000,3.000000,1,1,0,1,0
minute_35_00,63218,318,2228,2,288,line_288,-1,288,1,measured,160.618744,21.300419,1.937402,1.000000,0.250000,1.000000,2.500000,2.000000,3.000000,1,1,0,1,0
minute_35_00,63219,319,2229,1,24,caption_plus_1,23,23,0,vbi_ambiguous,116.715622,15.254111,1.583725,1.000000,0.250000,1.000000,2.500000,2.000000,3.000000,1,1,0,1,0
minute_35_00,63219,319,2229,1,25,caption_plus_2,23,23,0,vbi_ambiguous,156.654694,22.367550,1.901408,1.000000,0.250000,1.000000,2.500000,2.000000,3.000000,1,1,0,1,0
minute_35_00,63219,319,2229,1,26,caption_plus_3,23,23,0,vbi_ambiguous,155.187500,22.603909,1.881064,1.000000,0.250000,1.000000,2.500000,2.000000,3.000000,1,1,0,1,0
minute_35_00,63219,319,2229,2,286,line_286,-1,288,1,measured,40.740623,42.714550,1.591549,1.000000,0.250000,1.000000,2.500000,2.000000,3.000000,1,1,0,1,0
minute_35_00,63219,319,2229,2,287,line_287,-1,288,1,measured,24.712500,39.215931,2.843505,1.000000,0.250000,1.000000,2.500000,2.000000,3.000000,1,1,0,1,0
minute_35_00,63219,319,2229,2,288,line_288,-1,288,1,measured,161.726562,20.455406,1.676056,1.000000,0.250000,1.000000,2.500000,2.000000,3.000000,1,1,0,1,0
minute_35_00,63220,320,2230,1,24,caption_plus_1,23,25,1,measured,117.898438,15.373495,1.513302,1.000000,0.250000,1.000000,2.500000,2.000000,3.000000,1,1,0,1,0
minute_35_00,63220,320,2230,1,25,caption_plus_2,23,25,1,measured,169.260941,23.290001,1.945227,1.000000,0.250000,1.000000,2.500000,2.000000,3.000000,1,1,0,1,0
minute_35_00,63220,320,2230,1,26,caption_plus_3,23,25,1,measured,153.896881,22.556498,1.896714,1.000000,0.250000,1.000000,2.500000,2.000000,3.000000,1,1,0,1,0
minute_35_00,63220,320,2230,2,286,line_286,-1,288,1,measured,40.173439,42.750435,1.707355,1.000000,0.250000,1.000000,2.500000,2.000000,3.000000,1,1,0,1,0
minute_35_00,63220,320,2230,2,287,line_287,-1,288,1,measured,24.820312,40.263783,2.464789,1.000000,0.250000,1.000000,2.500000,2.000000,3.000000,1,1,0,1,0
minute_35_00,63220,320,2230,2,288,line_288,-1,288,1,measured,162.653122,21.413671,1.724570,1.000000,0.250000,1.000000,2.500000,2.000000,3.000000,1,1,0,1,0
minute_35_00,63221,321,2231,1,24,caption_plus_1,23,23,0,vbi_ambiguous,119.004684,15.022534,1.580595,1.000000,0.250000,1.000000,2.500000,2.000000,3.000000,1,1,0,1,0
minute_35_00,63221,321,2231,1,25,caption_plus_2,23,23,0,vbi_ambiguous,158.395309,22.745638,1.708920,1.000000,0.250000,1.000000,2.500000,2.000000,3.000000,1,1,0,1,0
minute_35_00,63221,321,2231,1,26,caption_plus_3,23,23,0,vbi_ambiguous,157.026566,21.741182,1.771518,1.000000,0.250000,1.000000,2.500000,2.000000,3.000000,1,1,0,1,0
minute_35_00,63221,321,2231,2,286,line_286,-1,288,1,measured,39.815624,42.171822,1.586854,1.000000,0.250000,1.000000,2.500000,2.000000,3.000000,1,1,0,1,0
minute_35_00,63221,321,2231,2,287,line_287,-1,288,1,measured,24.853125,40.231949,2.283255,1.000000,0.250000,1.000000,2.500000,2.000000,3.000000,1,1,0,1,0
minute_35_00,63221,321,2231,2,288,line_288,-1,288,1,measured,160.175003,21.432905,1.848200,1.000000,0.250000,1.000000,2.500000,2.000000,3.000000,1,1,0,1,0
minute_35_00,63222,322,2232,1,24,caption_plus_1,23,23,0,vbi_ambiguous,117.570312,15.703742,1.525822,1.000000,0.250000,1.000000,2.500000,2.000000,3.000000,1,1,0,1,0
minute_35_00,63222,322,2232,1,25,caption_plus_2,23,23,0,vbi_ambiguous,168.281250,24.534649,1.959311,1.000000,0.250000,1.000000,2.500000,2.000000,3.000000,1,1,0,1,0
minute_35_00,63222,322,2232,1,26,caption_plus_3,23,23,0,vbi_ambiguous,153.831253,22.545015,1.810642,1.000000,0.250000,1.000000,2.500000,2.000000,3.000000,1,1,0,1,0
minute_35_00,63222,322,2232,2,286,line_286,-1,288,1,measured,40.465626,41.961021,1.585289,1.000000,0.250000,1.000000,2.500000,2.000000,3.000000,1,1,0,1,0
minute_35_00,63222,322,2232,2,287,line_287,-1,288,1,measured,20.718750,34.910137,2.298905,1.000000,0.250000,1.000000,2.500000,2.000000,3.000000,1,1,0,1,0
minute_35_00,63222,322,2232,2,288,line_288,-1,288,1,measured,163.242188,21.776041,1.740219,1.000000,0.250000,1.000000,2.500000,2.000000,3.000000,1,1,0,1,0
minute_35_00,63223,323,2233,1,24,caption_plus_1,23,23,0,vbi_ambiguous,117.531250,15.405426,1.532081,1.000000,0.250000,1.000000,2.500000,2.000000,3.000000,1,1,0,1,0
minute_35_00,63223,323,2233,1,25,caption_plus_2,23,23,0,vbi_ambiguous,156.323441,23.177309,1.896714,1.000000,0.250000,1.000000,2.500000,2.000000,3.000000,1,1,0,1,0
minute_35_00,63223,323,2233,1,26,caption_plus_3,23,23,0,vbi_ambiguous,155.078125,21.713837,1.737089,1.000000,0.250000,1.000000,2.500000,2.000000,3.000000,1,1,0,1,0
minute_35_00,63223,323,2233,2,286,line_286,-1,288,1,measured,39.996876,42.645672,1.638498,1.000000,0.250000,1.000000,2.500000,2.000000,3.000000,1,1,0,1,0
minute_35_00,63223,323,2233,2,287,line_287,-1,288,1,measured,22.867188,39.899006,2.896714,1.000000,0.250000,1.000000,2.500000,2.000000,3.000000,1,1,0,1,0
minute_35_00,63223,323,2233,2,288,line_288,-1,288,1,measured,160.149994,21.849829,1.824726,1.000000,0.250000,1.000000,2.500000,2.000000,3.000000,1,1,0,1,0
minute_35_00,63224,324,2234,1,24,caption_plus_1,23,23,0,vbi_ambiguous,118.006248,15.318696,1.582160,1.000000,0.250000,1.000000,2.500000,2.000000,3.000000,1,1,0,1,0
minute_35_00,63224,324,2234,1,25,caption_plus_2,23,23,0,vbi_ambiguous,168.445312,24.637878,1.976526,1.000000,0.250000,1.000000,2.500000,2.000000,3.000000,1,1,0,1,0
minute_35_00,63224,324,2234,1,26,caption_plus_3,23,23,0,vbi_ambiguous,153.909378,22.754559,1.971831,1.000000,0.250000,1.000000,2.500000,2.000000,3.000000,1,1,0,1,0
minute_35_00,63224,324,2234,2,286,line_286,-1,288,1,measured,40.331249,42.475906,1.616588,1.000000,0.250000,1.000000,2.500000,2.000000,3.000000,1,1,0,1,0
minute_35_00,63224,324,2234,2,287,line_287,-1,288,1,measured,24.823437,39.933399,2.881064,1.000000,0.250000,1.000000,2.500000,2.000000,3.000000,1,1,0,1,0
minute_35_00,63224,324,2234,2,288,line_288,-1,288,1,measured,163.851562,22.418146,1.877934,1.000000,0.250000,1.000000,2.500000,2.000000,3.000000,1,1,0,1,0
minute_35_00,63225,325,2235,1,25,caption_plus_1,24,26,1,measured,118.846878,14.399489,1.569640,1.000000,0.250000,1.000000,2.500000,2.000000,3.000000,1,1,0,1,0
minute_35_00,63225,325,2235,1,26,caption_plus_2,24,26,1,measured,157.989059,23.038994,1.856025,1.000000,0.250000,1.000000,2.500000,2.000000,3.000000,1,1,0,1,0
minute_35_00,63225,325,2235,1,27,caption_plus_3,24,26,1,measured,156.957809,22.722574,1.794992,1.000000,0.250000,1.000000,2.500000,2.000000,3.000000,1,1,0,1,0
minute_35_00,63225,325,2235,2,286,line_286,-1,288,1,measured,40.156250,42.798771,1.671361,1.000000,0.250000,1.000000,2.500000,2.000000,3.000000,1,1,0,1,0
minute_35_00,63225,325,2235,2,287,line_287,-1,288,1,measured,24.768749,40.649567,2.624413,1.000000,0.250000,1.000000,2.500000,2.000000,3.000000,1,1,0,1,0
minute_35_00,63225,325,2235,2,288,line_288,-1,288,1,measured,160.265625,22.414101,1.902973,1.000000,0.250000,1.000000,2.500000,2.000000,3.000000,1,1,0,1,0
minute_35_00,63226,326,2236,1,25,caption_plus_1,24,23,0,vbi_ambiguous,118.551559,14.257689,1.550861,1.000000,0.250000,1.000000,2.500000,2.000000,3.000000,1,1,0,1,0
minute_35_00,63226,326,2236,1,26,caption_plus_2,24,23,0,vbi_ambiguous,169.078125,25.332911,2.097027,1.000000,0.250000,1.000000,2.500000,2.000000,3.000000,1,1,0,1,0
minute_35_00,63226,326,2236,1,27,caption_plus_3,24,23,0,vbi_ambiguous,153.771881,23.644789,1.928012,1.000000,0.250000,1.000000,2.500000,2.000000,3.000000,1,1,0,1,0
minute_35_00,63226,326,2236,2,286,line_286,-1,288,1,measured,41.870312,43.057339,1.655712,1.000000,0.250000,1.000000,2.500000,2.000000,3.000000,1,1,0,1,0
minute_35_00,63226,326,2236,2,287,line_287,-1,288,1,measured,25.585938,40.625141,2.538341,1.000000,0.250000,1.000000,2.500000,2.000000,3.000000,1,1,0,1,0
minute_35_00,63226,326,2236,2,288,line_288,-1,288,1,measured,165.689056,22.774752,1.838811,1.000000,0.250000,1.000000,2.500000,2.000000,3.000000,1,1,0,1,0
minute_35_00,63227,327,2237,1,24,caption_plus_1,23,23,0,vbi_ambiguous,119.282814,13.573286,1.405321,1.000000,0.250000,1.000000,2.500000,2.000000,3.000000,1,1,0,1,0
minute_35_00,63227,327,2237,1,25,caption_plus_2,23,23,0,vbi_ambiguous,157.829681,23.394058,1.809077,1.000000,0.250000,1.000000,2.500000,2.000000,3.000000,1,1,0,1,0
minute_35_00,63227,327,2237,1,26,caption_plus_3,23,23,0,vbi_ambiguous,157.231247,23.336123,1.912363,1.000000,0.250000,1.000000,2.500000,2.000000,3.000000,1,1,0,1,0
minute_35_00,63227,327,2237,2,286,line_286,-1,288,1,measured,40.518749,43.446552,1.682316,1.000000,0.250000,1.000000,2.500000,2.000000,3.000000,1,1,0,1,0
minute_35_00,63227,327,2237,2,287,line_287,-1,288,1,measured,24.989063,40.762096,2.688576,1.000000,0.250000,1.000000,2.500000,2.000000,3.000000,1,1,0,1,0
minute_35_00,63227,327,2237,2,288,line_288,-1,288,1,measured,163.771881,23.348604,1.918623,1.000000,0.250000,1.000000,2.500000,2.000000,3.000000,1,1,0,1,0
minute_35_00,63228,328,2238,1,25,caption_plus_1,24,23,0,vbi_ambiguous,118.993752,16.609297,1.496088,1.000000,0.250000,1.000000,2.500000,2.000000,3.000000,1,1,0,1,0
minute_35_00,63228,328,2238,1,26,caption_plus_2,24,23,0,vbi_ambiguous,171.289062,26.506943,2.076682,1.000000,0.250000,1.000000,2.500000,2.000000,3.000000,1,1,0,1,0
minute_35_00,63228,328,2238,1,27,caption_plus_3,24,23,0,vbi_ambiguous,156.165619,24.513147,1.907668,1.000000,0.250000,1.000000,2.500000,2.000000,3.000000,1,1,0,1,0
minute_35_00,63228,328,2238,2,286,line_286,-1,288,1,measured,42.131248,43.805553,1.641628,1.000000,0.250000,1.000000,2.500000,2.000000,3.000000,1,1,0,1,0
minute_35_00,63228,328,2238,2,287,line_287,-1,288,1,measured,26.731251,40.855728,2.308294,1.000000,0.250000,1.000000,2.500000,2.000000,3.000000,1,1,0,1,0
minute_35_00,63228,328,2238,2,288,line_288,-1,288,1,measured,165.149994,25.395239,1.821596,1.000000,0.250000,1.000000,2.500000,2.000000,3.000000,1,1,0,1,0
minute_35_00,63229,329,2239,1,24,caption_plus_1,23,23,0,vbi_ambiguous,113.187500,14.049994,1.482003,1.000000,0.250000,1.000000,2.500000,2.000000,3.000000,1,1,0,1,0
minute_35_00,63229,329,2239,1,25,caption_plus_2,23,23,0,vbi_ambiguous,148.923431,23.546074,1.929577,1.000000,0.250000,1.000000,2.500000,2.000000,3.000000,1,1,0,1,0
minute_35_00,63229,329,2239,1,26,caption_plus_3,23,23,0,vbi_ambiguous,150.103119,24.191656,1.782473,1.000000,0.250000,1.000000,2.500000,2.000000,3.000000,1,1,0,1,0
minute_35_00,63229,329,2239,2,286,line_286,-1,288,1,measured,39.384377,42.505322,1.546166,1.000000,0.250000,1.000000,2.500000,2.000000,3.000000,1,1,0,1,0
minute_35_00,63229,329,2239,2,287,line_287,-1,288,1,measured,28.735937,45.060173,2.594679,1.000000,0.250000,1.000000,2.500000,2.000000,3.000000,1,1,0,1,0
minute_35_00,63229,329,2239,2,288,line_288,-1,288,1,measured,151.993744,23.763155,1.829421,1.000000,0.250000,1.000000,2.500000,2.000000,3.000000,1,1,0,1,0
minute_35_00,63230,330,2240,1,25,caption_plus_1,24,23,0,vbi_ambiguous,113.603127,14.377131,1.410016,1.000000,0.250000,1.000000,2.500000,2.000000,3.000000,1,1,0,1,0
minute_35_00,63230,330,2240,1,26,caption_plus_2,24,23,0,vbi_ambiguous,161.359375,25.385136,2.000000,1.000000,0.250000,1.000000,2.500000,2.000000,3.000000,1,1,0,1,0
minute_35_00,63230,330,2240,1,27,caption_plus_3,24,23,0,vbi_ambiguous,149.199997,25.111761,1.848200,1.000000,0.250000,1.000000,2.500000,2.000000,3.000000,1,1,0,1,0
minute_35_00,63230,330,2240,2,286,line_286,-1,288,1,measured,39.535938,42.846920,1.621283,1.000000,0.250000,1.000000,2.500000,2.000000,3.000000,1,1,0,1,0
minute_35_00,63230,330,2240,2,287,line_287,-1,288,1,measured,19.009375,34.663109,2.352113,1.000000,0.250000,1.000000,2.500000,2.000000,3.000000,1,1,0,1,0
minute_35_00,63230,330,2240,2,288,line_288,-1,288,1,measured,154.992188,23.765945,1.769953,1.000000,0.250000,1.000000,2.500000,2.000000,3.000000,1,1,0,1,0
minute_35_00,63231,331,2241,1,25,caption_plus_1,24,23,0,vbi_ambiguous,108.795311,17.321058,1.630673,1.000000,0.250000,1.000000,2.500000,2.000000,3.000000,1,1,0,1,0
minute_35_00,63231,331,2241,1,26,caption_plus_2,24,23,0,vbi_ambiguous,146.268753,26.590521,1.937402,1.000000,0.250000,1.000000,2.500000,2.000000,3.000000,1,1,0,1,0
minute_35_00,63231,331,2241,1,27,caption_plus_3,24,23,0,vbi_ambiguous,146.673431,27.121220,1.824726,1.000000,0.250000,1.000000,2.500000,2.000000,3.000000,1,1,0,1,0
minute_35_00,63231,331,2241,2,286,line_286,-1,288,1,measured,40.418751,42.772213,1.643193,1.000000,0.250000,1.000000,2.500000,2.000000,3.000000,1,1,0,1,0
minute_35_00,63231,331,2241,2,287,line_287,-1,288,1,measured,24.537500,39.446781,2.918623,1.000000,0.250000,1.000000,2.500000,2.000000,3.000000,1,1,0,1,0
minute_35_00,63231,331,2241,2,288,line_288,-1,288,1,measured,151.015625,25.895578,1.865415,1.000000,0.250000,1.000000,2.500000,2.000000,3.000000,1,1,0,1,0
minute_35_00,63232,332,2242,1,25,caption_plus_1,24,26,1,measured,114.639061,16.356747,1.729264,1.000000,0.250000,1.000000,2.500000,2.000000,3.000000,1,1,0,1,0
minute_35_00,63232,332,2242,1,26,caption_plus_2,24,26,1,measured,161.265625,28.110296,2.236307,1.000000,0.250000,1.000000,2.500000,2.000000,3.000000,1,1,0,1,0
minute_35_00,63232,332,2242,1,27,caption_plus_3,24,26,1,measured,148.331253,28.127159,2.051643,1.000000,0.250000,1.000000,2.500000,2.000000,3.000000,1,1,0,1,0
minute_35_00,63232,332,2242,2,286,line_286,-1,288,1,measured,40.464062,42.950279,1.697966,1.000000,0.250000,1.000000,2.500000,2.000000,3.000000,1,1,0,1,0
minute_35_00,63232,332,2242,2,287,line_287,-1,288,1,measured,24.037500,40.129734,2.990610,1.000000,0.250000,1.000000,2.500000,2.000000,3.000000,1,1,0,1,0
minute_35_00,63232,332,2242,2,288,line_288,-1,288,1,measured,155.037506,26.339165,2.004695,1.000000,0.250000,1.000000,2.500000,2.000000,3.000000,1,1,0,1,0
minute_35_00,63233,333,2243,1,24,caption_plus_1,23,23,0,vbi_ambiguous,118.054688,15.706939,1.599374,1.000000,0.250000,1.000000,2.500000,2.000000,3.000000,1,1,0,1,0
minute_35_00,63233,333,2243,1,25,caption_plus_2,23,23,0,vbi_ambiguous,156.351562,24.787027,2.021909,1.000000,0.250000,1.000000,2.500000,2.000000,3.000000,1,1,0,1,0
minute_35_00,63233,333,2243,1,26,caption_plus_3,23,23,0,vbi_ambiguous,155.104691,24.075403,1.744914,1.000000,0.250000,1.000000,2.500000,2.000000,3.000000,1,1,0,1,0
minute_35_00,63233,333,2243,2,286,line_286,-1,288,1,measured,39.950001,42.877083,1.579030,1.000000,0.250000,1.000000,2.500000,2.000000,3.000000,1,1,0,1,0
minute_35_00,63233,333,2243,2,287,line_287,-1,288,1,measured,24.306250,40.847507,2.658842,1.000000,0.250000,1.000000,2.500000,2.000000,3.000000,1,1,0,1,0
minute_35_00,63233,333,2243,2,288,line_288,-1,288,1,measured,159.939056,23.882021,1.876369,1.000000,0.250000,1.000000,2.500000,2.000000,3.000000,1,1,0,1,0
minute_35_00,63234,334,2244,1,24,caption_plus_1,23,23,0,vbi_ambiguous,118.839066,13.891456,1.469484,1.000000,0.250000,1.000000,2.500000,2.000000,3.000000,1,1,0,1,0
minute_35_00,63234,334,2244,1,25,caption_plus_2,23,23,0,vbi_ambiguous,170.884369,25.326786,2.090767,1.000000,0.250000,1.000000,2.500000,2.000000,3.000000,1,1,0,1,0
minute_35_00,63234,334,2244,1,26,caption_plus_3,23,23,0,vbi_ambiguous,155.678131,23.234661,1.827856,1.000000,0.250000,1.000000,2.500000,2.000000,3.000000,1,1,0,1,0
minute_35_00,63234,334,2244,2,286,line_286,-1,287,1,measured,39.953125,42.152336,1.629108,1.000000,0.250000,1.000000,2.500000,2.000000,3.000000,1,1,0,1,0
minute_35_00,63234,334,2244,2,287,line_287,-1,287,1,measured,60.242188,57.485264,6.738654,1.000000,0.250000,1.000000,2.500000,2.000000,3.000000,1,1,1,1,0
minute_35_00,63234,334,2244,2,288,line_288,-1,287,1,measured,164.207809,25.704065,2.189358,1.000000,0.250000,1.000000,2.500000,2.000000,3.000000,1,1,0,1,0
minute_35_00,63235,335,2245,1,25,caption_plus_1,24,26,1,measured,118.896873,13.800543,1.525822,1.000000,0.250000,1.000000,2.500000,2.000000,3.000000,1,1,0,1,0
minute_35_00,63235,335,2245,1,26,caption_plus_2,24,26,1,measured,158.093750,23.569590,1.935837,1.000000,0.250000,1.000000,2.500000,2.000000,3.000000,1,1,0,1,0
minute_35_00,63235,335,2245,1,27,caption_plus_3,24,26,1,measured,156.876556,23.792372,1.834116,1.000000,0.250000,1.000000,2.500000,2.000000,3.000000,1,1,0,1,0
minute_35_00,63235,335,2245,2,286,line_286,-1,287,1,measured,40.279686,41.924767,1.582160,1.000000,0.250000,1.000000,2.500000,2.000000,3.000000,1,1,0,1,0
minute_35_00,63235,335,2245,2,287,line_287,-1,287,1,measured,64.910934,57.220951,6.796557,1.000000,0.250000,1.000000,2.500000,2.000000,3.000000,1,1,1,1,0
minute_35_00,63235,335,2245,2,288,line_288,-1,287,1,measured,164.684372,24.898237,2.162754,1.000000,0.250000,1.000000,2.500000,2.000000,3.000000,1,1,0,1,0
minute_35_00,63236,336,2246,1,25,caption_plus_1,24,23,0,vbi_ambiguous,119.781250,13.473897,1.491393,1.000000,0.250000,1.000000,2.500000,2.000000,3.000000,1,1,0,1,0
minute_35_00,63236,336,2246,1,26,caption_plus_2,24,23,0,vbi_ambiguous,171.120316,25.305439,2.064163,1.000000,0.250000,1.000000,2.500000,2.000000,3.000000,1,1,0,1,0
minute_35_00,63236,336,2246,1,27,caption_plus_3,24,23,0,vbi_ambiguous,155.920319,23.398481,1.791862,1.000000,0.250000,1.000000,2.500000,2.000000,3.000000,1,1,0,1,0
minute_35_00,63236,336,2246,2,286,line_286,-1,287,1,measured,40.174999,41.972691,1.608764,1.000000,0.250000,1.000000,2.500000,2.000000,3.000000,1,1,0,1,0
minute_35_00,63236,336,2246,2,287,line_287,-1,287,1,measured,65.181252,57.277493,7.050078,1.000000,0.250000,1.000000,2.500000,2.000000,3.000000,1,1,1,1,0
minute_35_00,63236,336,2246,2,288,line_288,-1,287,1,measured,165.492188,24.400177,2.015650,1.000000,0.250000,1.000000,2.500000,2.000000,3.000000,1,1,0,1,0
minute_35_00,63237,337,2247,1,25,caption_plus_1,24,23,0,vbi_ambiguous,120.042191,13.259540,1.419405,1.000000,0.250000,1.000000,2.500000,2.000000,3.000000,1,1,0,1,0
minute_35_00,63237,337,2247,1,26,caption_plus_2,24,23,0,vbi_ambiguous,158.800003,23.575623,1.912363,1.000000,0.250000,1.000000,2.500000,2.000000,3.000000,1,1,0,1,0
minute_35_00,63237,337,2247,1,27,caption_plus_3,24,23,0,vbi_ambiguous,158.018753,23.240582,1.793427,1.000000,0.250000,1.000000,2.500000,2.000000,3.000000,1,1,0,1,0
minute_35_00,63237,337,2247,2,286,line_286,-1,287,1,measured,39.923439,43.045673,1.629108,1.000000,0.250000,1.000000,2.500000,2.000000,3.000000,1,1,0,1,0
minute_35_00,63237,337,2247,2,287,line_287,-1,287,1,measured,68.914062,56.484402,6.361502,1.000000,0.250000,1.000000,2.500000,2.000000,3.000000,1,1,1,1,0
minute_35_00,63237,337,2247,2,288,line_288,-1,287,1,measured,164.535934,24.558514,2.139280,1.000000,0.250000,1.000000,2.500000,2.000000,3.000000,1,1,0,1,0
minute_35_00,63238,338,2248,1,24,caption_plus_1,23,25,1,measured,118.884377,14.037642,1.477308,1.000000,0.250000,1.000000,2.500000,2.000000,3.000000,1,1,0,1,0
minute_35_00,63238,338,2248,1,25,caption_plus_2,23,25,1,measured,168.885941,24.991520,2.081377,1.000000,0.250000,1.000000,2.500000,2.000000,3.000000,1,1,0,1,0
minute_35_00,63238,338,2248,1,26,caption_plus_3,23,25,1,measured,154.798431,23.833506,1.820031,1.000000,0.250000,1.000000,2.500000,2.000000,3.000000,1,1,0,1,0
minute_35_00,63238,338,2248,2,286,line_286,-1,287,1,measured,40.389061,42.061565,1.607199,1.000000,0.250000,1.000000,2.500000,2.000000,3.000000,1,1,0,1,0
minute_35_00,63238,338,2248,2,287,line_287,-1,287,1,measured,59.721874,57.367897,6.010954,1.000000,0.250000,1.000000,2.500000,2.000000,3.000000,1,1,1,1,0
minute_35_00,63238,338,2248,2,288,line_288,-1,287,1,measured,165.732819,24.627262,2.212832,1.000000,0.250000,1.000000,2.500000,2.000000,3.000000,1,1,0,1,0
minute_35_00,63239,339,2249,1,25,caption_plus_1,24,26,1,measured,119.432816,14.548364,1.491393,1.000000,0.250000,1.000000,2.500000,2.000000,3.000000,1,1,0,1,0
minute_35_00,63239,339,2249,1,26,caption_plus_2,24,26,1,measured,158.923431,23.936415,2.017214,1.000000,0.250000,1.000000,2.500000,2.000000,3.000000,1,1,0,1,0
minute_35_00,63239,339,2249,1,27,caption_plus_3,24,26,1,measured,157.885941,24.103186,1.791862,1.000000,0.250000,1.000000,2.500000,2.000000,3.000000,1,1,0,1,0
minute_35_00,63239,339,2249,2,286,line_286,-1,287,1,measured,38.651562,41.767681,1.636933,1.000000,0.250000,1.000000,2.500000,2.000000,3.000000,1,1,0,1,0
minute_35_00,63239,339,2249,2,287,line_287,-1,287,1,measured,59.101562,57.029301,5.834116,1.000000,0.250000,1.000000,2.500000,2.000000,3.000000,1,1,1,1,0
minute_35_00,63239,339,2249,2,288,line_288,-1,287,1,measured,163.095306,24.715227,2.067293,1.000000,0.250000,1.000000,2.500000,2.000000,3.000000,1,1,0,1,0
minute_35_00,63240,340,2250,1,24,caption_plus_1,23,25,1,measured,120.125000,14.286904,1.539906,1.000000,0.250000,1.000000,2.500000,2.000000,3.000000,1,1,0,1,0
minute_35_00,63240,340,2250,1,25,caption_plus_2,23,25,1,measured,170.504684,25.376661,2.153365,1.000000,0.250000,1.000000,2.500000,2.000000,3.000000,1,1,0,1,0
minute_35_00,63240,340,2250,1,26,caption_plus_3,23,25,1,measured,155.618744,24.899956,1.962441,1.000000,0.250000,1.000000,2.500000,2.000000,3.000000,1,1,0,1,0
minute_35_00,63240,340,2250,2,286,line_286,-1,288,1,measured,40.423439,43.365421,1.719875,1.000000,0.250000,1.000000,2.500000,2.000000,3.000000,1,1,0,1,0
minute_35_00,63240,340,2250,2,287,line_287,-1,288,1,measured,24.578125,40.414730,2.735524,1.000000,0.250000,1.000000,2.500000,2.000000,3.000000,1,1,0,1,0
minute_35_00,63240,340,2250,2,288,line_288,-1,288,1,measured,164.032806,23.407207,1.979656,1.000000,0.250000,1.000000,2.500000,2.000000,3.000000,1,1,0,1,0
minute_35_00,63241,341,2251,1,25,caption_plus_1,24,23,0,vbi_ambiguous,120.301559,13.520286,1.388106,1.000000,0.250000,1.000000,2.500000,2.000000,3.000000,1,1,0,1,0
minute_35_00,63241,341,2251,1,26,caption_plus_2,24,23,0,vbi_ambiguous,160.251556,23.839256,1.979656,1.000000,0.250000,1.000000,2.500000,2.000000,3.000000,1,1,0,1,0
minute_35_00,63241,341,2251,1,27,caption_plus_3,24,23,0,vbi_ambiguous,158.798431,23.659136,1.849765,1.000000,0.250000,1.000000,2.500000,2.000000,3.000000,1,1,0,1,0
minute_35_00,63241,341,2251,2,286,line_286,-1,288,1,measured,40.165627,43.222504,1.625978,1.000000,0.250000,1.000000,2.500000,2.000000,3.000000,1,1,0,1,0
minute_35_00,63241,341,2251,2,287,line_287,-1,288,1,measured,29.617188,44.827888,2.978091,1.000000,0.250000,1.000000,2.500000,2.000000,3.000000,1,1,0,1,0
minute_35_00,63241,341,2251,2,288,line_288,-1,288,1,measured,164.559372,23.826775,2.009390,1.000000,0.250000,1.000000,2.500000,2.000000,3.000000,1,1,0,1,0
minute_35_00,63242,342,2252,1,25,caption_plus_1,24,23,0,vbi_ambiguous,121.839066,13.382850,1.585289,1.000000,0.250000,1.000000,2.500000,2.000000,3.000000,1,1,0,1,0
minute_35_00,63242,342,2252,1,26,caption_plus_2,24,23,0,vbi_ambiguous,173.792191,24.763990,2.114241,1.000000,0.250000,1.000000,2.500000,2.000000,3.000000,1,1,0,1,0
minute_35_00,63242,342,2252,1,27,caption_plus_3,24,23,0,vbi_ambiguous,157.596878,25.114923,1.934272,1.000000,0.250000,1.000000,2.500000,2.000000,3.000000,1,1,0,1,0
minute_35_00,63242,342,2252,2,286,line_286,-1,288,1,measured,38.731251,42.587189,1.552426,1.000000,0.250000,1.000000,2.500000,2.000000,3.000000,1,1,0,1,0
minute_35_00,63242,342,2252,2,287,line_287,-1,288,1,measured,24.237499,39.944294,2.231612,1.000000,0.250000,1.000000,2.500000,2.000000,3.000000,1,1,0,1,0
minute_35_00,63242,342,2252,2,288,line_288,-1,288,1,measured,163.662506,23.440254,1.951487,1.000000,0.250000,1.000000,2.500000,2.000000,3.000000,1,1,0,1,0
minute_35_00,63243,343,2253,1,25,caption_plus_1,24,23,0,vbi_ambiguous,119.192184,14.675945,1.550861,1.000000,0.250000,1.000000,2.500000,2.000000,3.000000,1,1,0,1,0
minute_35_00,63243,343,2253,1,26,caption_plus_2,24,23,0,vbi_ambiguous,158.504684,23.355740,2.040689,1.000000,0.250000,1.000000,2.500000,2.000000,3.000000,1,1,0,1,0
minute_35_00,63243,343,2253,1,27,caption_plus_3,24,23,0,vbi_ambiguous,156.839066,24.193634,1.827856,1.000000,0.250000,1.000000,2.500000,2.000000,3.000000,1,1,0,1,0
minute_35_00,63243,343,2253,2,286,line_286,-1,288,1,measured,39.526562,42.331348,1.602504,1.000000,0.250000,1.000000,2.500000,2.000000,3.000000,1,1,0,1,0
minute_35_00,63243,343,2253,2,287,line_287,-1,288,1,measured,29.151562,44.278172,2.837246,1.000000,0.250000,1.000000,2.500000,2.000000,3.000000,1,1,0,1,0
minute_35_00,63243,343,2253,2,288,line_288,-1,288,1,measured,163.962494,23.463705,2.028169,1.000000,0.250000,1.000000,2.500000,2.000000,3.000000,1,1,0,1,0
minute_35_00,63244,344,2254,1,24,caption_plus_1,23,25,1,measured,120.901566,12.335720,1.353678,1.000000,0.250000,1.000000,2.500000,2.000000,3.000000,1,1,0,1,0
minute_35_00,63244,344,2254,1,25,caption_plus_2,23,25,1,measured,174.253128,23.727457,2.106416,1.000000,0.250000,1.000000,2.500000,2.000000,3.000000,1,1,0,1,0
minute_35_00,63244,344,2254,1,26,caption_plus_3,23,25,1,measured,157.537506,24.513233,2.000000,1.000000,0.250000,1.000000,2.500000,2.000000,3.000000,1,1,0,1,0
minute_35_00,63244,344,2254,2,286,line_286,-1,288,1,measured,39.962502,43.215000,1.646322,1.000000,0.250000,1.000000,2.500000,2.000000,3.000000,1,1,0,1,0
minute_35_00,63244,344,2254,2,287,line_287,-1,288,1,measured,20.253124,33.956154,2.214397,1.000000,0.250000,1.000000,2.500000,2.000000,3.000000,1,1,0,1,0
minute_35_00,63244,344,2254,2,288,line_288,-1,288,1,measured,164.709381,22.691681,2.100157,1.000000,0.250000,1.000000,2.500000,2.000000,3.000000,1,1,0,1,0
minute_35_00,63245,345,2255,1,24,caption_plus_1,23,25,1,measured,120.089066,14.877412,1.723005,1.000000,0.250000,1.000000,2.500000,2.000000,3.000000,1,1,0,1,0
minute_35_00,63245,345,2255,1,25,caption_plus_2,23,25,1,measured,160.023438,22.221916,2.079812,1.000000,0.250000,1.000000,2.500000,2.000000,3.000000,1,1,0,1,0
minute_35_00,63245,345,2255,1,26,caption_plus_3,23,25,1,measured,157.814056,24.736261,2.035994,1.000000,0.250000,1.000000,2.500000,2.000000,3.000000,1,1,0,1,0
minute_35_00,63245,345,2255,2,286,line_286,-1,288,1,measured,40.003124,42.675262,1.716745,1.000000,0.250000,1.000000,2.500000,2.000000,3.000000,1,1,0,1,0
minute_35_00,63245,345,2255,2,287,line_287,-1,288,1,measured,19.301563,35.247936,2.297340,1.000000,0.250000,1.000000,2.500000,2.000000,3.000000,1,1,0,1,0
minute_35_00,63245,345,2255,2,288,line_288,-1,288,1,measured,165.159378,22.483526,1.989045,1.000000,0.250000,1.000000,2.500000,2.000000,3.000000,1,1,0,1,0
minute_35_00,63246,346,2256,1,24,caption_plus_1,23,25,1,measured,120.409378,13.452041,1.522692,1.000000,0.250000,1.000000,2.500000,2.000000,3.000000,1,1,0,1,0
minute_35_00,63246,346,2256,1,25,caption_plus_2,23,25,1,measured,172.715622,22.565399,2.068858,1.000000,0.250000,1.000000,2.500000,2.000000,3.000000,1,1,0,1,0
minute_35_00,63246,346,2256,1,26,caption_plus_3,23,25,1,measured,156.335938,25.446596,2.109546,1.000000,0.250000,1.000000,2.500000,2.000000,3.000000,1,1,0,1,0
minute_35_00,63246,346,2256,2,286,line_286,-1,287,1,measured,39.335938,42.658871,1.589984,1.000000,0.250000,1.000000,2.500000,2.000000,3.000000,1,1,0,1,0
minute_35_00,63246,346,2256,2,287,line_287,-1,287,1,measured,64.267189,57.720604,5.691706,1.000000,0.250000,1.000000,2.500000,2.000000,3.000000,1,1,1,1,0
minute_35_00,63246,346,2256,2,288,line_288,-1,287,1,measured,166.448441,23.796412,2.161189,1.000000,0.250000,1.000000,2.500000,2.000000,3.000000,1,1,0,1,0
minute_35_00,63247,347,2257,1,25,caption_plus_1,24,26,1,measured,120.026566,13.484165,1.572770,1.000000,0.250000,1.000000,2.500000,2.000000,3.000000,1,1,0,1,0
minute_35_00,63247,347,2257,1,26,caption_plus_2,24,26,1,measured,160.895309,21.721390,1.973396,1.000000,0.250000,1.000000,2.500000,2.000000,3.000000,1,1,0,1,0
minute_35_00,63247,347,2257,1,27,caption_plus_3,24,26,1,measured,158.337494,25.048487,2.208138,1.000000,0.250000,1.000000,2.500000,2.000000,3.000000,1,1,0,1,0
minute_35_00,63247,347,2257,2,286,line_286,-1,287,1,measured,39.424999,42.662636,1.583725,1.000000,0.250000,1.000000,2.500000,2.000000,3.000000,1,1,0,1,0
minute_35_00,63247,347,2257,2,287,line_287,-1,287,1,measured,64.843750,57.927567,5.812207,1.000000,0.250000,1.000000,2.500000,2.000000,3.000000,1,1,1,1,0
minute_35_00,63247,347,2257,2,288,line_288,-1,287,1,measured,167.085938,23.269356,2.206573,1.000000,0.250000,1.000000,2.500000,2.000000,3.000000,1,1,0,1,0
minute_35_00,63248,348,2258,1,24,caption_plus_1,23,25,1,measured,119.140625,14.656661,1.613459,1.000000,0.250000,1.000000,2.500000,2.000000,3.000000,1,1,0,1,0
minute_35_00,63248,348,2258,1,25,caption_plus_2,23,25,1,measured,172.571869,22.620327,2.073552,1.000000,0.250000,1.000000,2.500000,2.000000,3.000000,1,1,0,1,0
minute_35_00,63248,348,2258,1,26,caption_plus_3,23,25,1,measured,156.110931,25.683443,2.065728,1.000000,0.250000,1.000000,2.500000,2.000000,3.000000,1,1,0,1,0
minute_35_00,63248,348,2258,2,286,line_286,-1,288,1,measured,38.785938,42.340652,1.619718,1.000000,0.250000,1.000000,2.500000,2.000000,3.000000,1,1,0,1,0
minute_35_00,63248,348,2258,2,287,line_287,-1,288,1,measured,19.145313,35.169136,2.276995,1.000000,0.250000,1.000000,2.500000,2.000000,3.000000,1,1,0,1,0
minute_35_00,63248,348,2258,2,288,line_288,-1,288,1,measured,164.834381,22.126640,1.964006,1.000000,0.250000,1.000000,2.500000,2.000000,3.000000,1,1,0,1,0
minute_35_00,63249,349,2259,1,25,caption_plus_1,24,23,0,vbi_ambiguous,120.604691,15.519694,1.633803,1.000000,0.250000,1.000000,2.500000,2.000000,3.000000,1,1,0,1,0
minute_35_00,63249,349,2259,1,26,caption_plus_2,24,23,0,vbi_ambiguous,162.146881,22.194319,2.006260,1.000000,0.250000,1.000000,2.500000,2.000000,3.000000,1,1,0,1,0
minute_35_00,63249,349,2259,1,27,caption_plus_3,24,23,0,vbi_ambiguous,159.550003,24.812811,2.062598,1.000000,0.250000,1.000000,2.500000,2.000000,3.000000,1,1,0,1,0
minute_35_00,63249,349,2259,2,286,line_286,-1,288,1,measured,39.940624,43.001083,1.625978,1.000000,0.250000,1.000000,2.500000,2.000000,3.000000,1,1,0,1,0
minute_35_00,63249,349,2259,2,287,line_287,-1,288,1,measured,24.400000,40.270912,2.940532,1.000000,0.250000,1.000000,2.500000,2.000000,3.000000,1,1,0,1,0
minute_35_00,63249,349,2259,2,288,line_288,-1,288,1,measured,165.965622,21.920996,1.912363,1.000000,0.250000,1.000000,2.500000,2.000000,3.000000,1,1,0,1,0
minute_35_00,63250,350,2260,1,25,caption_plus_1,24,23,0,vbi_ambiguous,121.267189,13.877776,1.474178,1.000000,0.250000,1.000000,2.500000,2.000000,3.000000,1,1,0,1,0
minute_35_00,63250,350,2260,1,26,caption_plus_2,24,23,0,vbi_ambiguous,174.489059,23.237898,2.114241,1.000000,0.250000,1.000000,2.500000,2.000000,3.000000,1,1,0,1,0
minute_35_00,63250,350,2260,1,27,caption_plus_3,24,23,0,vbi_ambiguous,158.004684,26.134119,2.162754,1.000000,0.250000,1.000000,2.500000,2.000000,3.000000,1,1,0,1,0
minute_35_00,63250,350,2260,2,286,line_286,-1,288,1,measured,41.410938,43.220383,1.685446,1.000000,0.250000,1.000000,2.500000,2.000000,3.000000,1,1,0,1,0
minute_35_00,63250,350,2260,2,287,line_287,-1,288,1,measured,24.928125,41.051620,2.599374,1.000000,0.250000,1.000000,2.500000,2.000000,3.000000,1,1,0,1,0
minute_35_00,63250,350,2260,2,288,line_288,-1,288,1,measured,167.626556,22.198950,1.996870,1.000000,0.250000,1.000000,2.500000,2.000000,3.000000,1,1,0,1,0
minute_35_00,63251,351,2261,1,24,caption_plus_1,23,25,1,measured,121.317184,13.555707,1.535211,1.000000,0.250000,1.000000,2.500000,2.000000,3.000000,1,1,0,1,0
minute_35_00,63251,351,2261,1,25,caption_plus_2,23,25,1,measured,161.557816,21.547762,2.057903,1.000000,0.250000,1.000000,2.500000,2.000000,3.000000,1,1,0,1,0
minute_35_00,63251,351,2261,1,26,caption_plus_3,23,25,1,measured,159.162506,24.887533,2.078247,1.000000,0.250000,1.000000,2.500000,2.000000,3.000000,1,1,0,1,0
minute_35_00,63251,351,2261,2,286,line_286,-1,288,1,measured,40.051563,43.269093,1.663537,1.000000,0.250000,1.000000,2.500000,2.000000,3.000000,1,1,0,1,0
minute_35_00,63251,351,2261,2,287,line_287,-1,288,1,measured,24.720312,40.792976,2.261346,1.000000,0.250000,1.000000,2.500000,2.000000,3.000000,1,1,0,1,0
minute_35_00,63251,351,2261,2,288,line_288,-1,288,1,measured,165.256256,22.162960,1.979656,1.000000,0.250000,1.000000,2.500000,2.000000,3.000000,1,1,0,1,0
minute_35_00,63252,352,2262,1,24,caption_plus_1,23,25,1,measured,120.340622,13.774622,1.577465,1.000000,0.250000,1.000000,2.500000,2.000000,3.000000,1,1,0,1,0
minute_35_00,63252,352,2262,1,25,caption_plus_2,23,25,1,measured,173.443756,22.448622,2.172144,1.000000,0.250000,1.000000,2.500000,2.000000,3.000000,1,1,0,1,0
minute_35_00,63252,352,2262,1,26,caption_plus_3,23,25,1,measured,156.807816,25.576521,2.071987,1.000000,0.250000,1.000000,2.500000,2.000000,3.000000,1,1,0,1,0
minute_35_00,63252,352,2262,2,286,line_286,-1,288,1,measured,40.446877,43.241333,1.676056,1.000000,0.250000,1.000000,2.500000,2.000000,3.000000,1,1,0,1,0
minute_35_00,63252,352,2262,2,287,line_287,-1,288,1,measured,19.601562,35.348518,2.364632,1.000000,0.250000,1.000000,2.500000,2.000000,3.000000,1,1,0,1,0
minute_35_00,63252,352,2262,2,288,line_288,-1,288,1,measured,166.215622,22.106567,2.012520,1.000000,0.250000,1.000000,2.500000,2.000000,3.000000,1,1,0,1,0
minute_35_00,63253,353,2263,1,25,caption_plus_1,24,23,0,vbi_ambiguous,120.885941,13.504668,1.608764,1.000000,0.250000,1.000000,2.500000,2.000000,3.000000,1,1,0,1,0
minute_35_00,63253,353,2263,1,26,caption_plus_2,24,23,0,vbi_ambiguous,161.971878,21.380684,1.942097,1.000000,0.250000,1.000000,2.500000,2.000000,3.000000,1,1,0,1,0
minute_35_00,63253,353,2263,1,27,caption_plus_3,24,23,0,vbi_ambiguous,159.784378,24.632620,2.042253,1.000000,0.250000,1.000000,2.500000,2.000000,3.000000,1,1,0,1,0
minute_35_00,63253,353,2263,2,286,line_286,-1,288,1,measured,39.856251,43.339951,1.564945,1.000000,0.250000,1.000000,2.500000,2.000000,3.000000,1,1,0,1,0
minute_35_00,63253,353,2263,2,287,line_287,-1,288,1,measured,24.501562,40.192467,2.935837,1.000000,0.250000,1.000000,2.500000,2.000000,3.000000,1,1,0,1,0
minute_35_00,63253,353,2263,2,288,line_288,-1,288,1,measured,165.793747,21.608692,1.921753,1.000000,0.250000,1.000000,2.500000,2.000000,3.000000,1,1,0,1,0
minute_35_00,63254,354,2264,1,24,caption_plus_1,23,25,1,measured,120.196877,13.718669,1.708920,1.000000,0.250000,1.000000,2.500000,2.000000,3.000000,1,1,0,1,0
minute_35_00,63254,354,2264,1,25,caption_plus_2,23,25,1,measured,173.137497,22.393703,2.117371,1.000000,0.250000,1.000000,2.500000,2.000000,3.000000,1,1,0,1,0
minute_35_00,63254,354,2264,1,26,caption_plus_3,23,25,1,measured,157.892181,25.730501,2.184664,1.000000,0.250000,1.000000,2.500000,2.000000,3.000000,1,1,0,1,0
minute_35_00,63254,354,2264,2,286,line_286,-1,288,1,measured,40.053123,43.146992,1.677621,1.000000,0.250000,1.000000,2.500000,2.000000,3.000000,1,1,0,1,0
minute_35_00,63254,354,2264,2,287,line_287,-1,288,1,measured,24.087500,40.271484,2.893584,1.000000,0.250000,1.000000,2.500000,2.000000,3.000000,1,1,0,1,0
minute_35_00,63254,354,2264,2,288,line_288,-1,288,1,measured,166.326569,22.454424,1.937402,1.000000,0.250000,1.000000,2.500000,2.000000,3.000000,1,1,0,1,0
minute_35_00,63255,355,2265,1,25,caption_plus_1,24,23,0,vbi_ambiguous,120.507812,13.103909,1.582160,1.000000,0.250000,1.000000,2.500000,2.000000,3.000000,1,1,0,1,0
minute_35_00,63255,355,2265,1,26,caption_plus_2,24,23,0,vbi_ambiguous,161.718750,21.086628,2.029734,1.000000,0.250000,1.000000,2.500000,2.000000,3.000000,1,1,0,1,0
minute_35_00,63255,355,2265,1,27,caption_plus_3,24,23,0,vbi_ambiguous,159.048431,24.581417,2.050078,1.000000,0.250000,1.000000,2.500000,2.000000,3.000000,1,1,0,1,0
minute_35_00,63255,355,2265,2,286,line_286,-1,288,1,measured,40.935936,43.171974,1.751174,1.000000,0.250000,1.000000,2.500000,2.000000,3.000000,1,1,0,1,0
minute_35_00,63255,355,2265,2,287,line_287,-1,288,1,measured,24.900000,40.638756,2.685446,1.000000,0.250000,1.000000,2.500000,2.000000,3.000000,1,1,0,1,0
minute_35_00,63255,355,2265,2,288,line_288,-1,288,1,measured,166.479691,22.370871,1.995305,1.000000,0.250000,1.000000,2.500000,2.000000,3.000000,1,1,0,1,0
minute_35_00,63256,356,2266,1,24,caption_plus_1,23,23,0,vbi_ambiguous,120.443748,12.808321,1.372457,1.000000,0.250000,1.000000,2.500000,2.000000,3.000000,1,1,0,1,0
minute_35_00,63256,356,2266,1,25,caption_plus_2,23,23,0,vbi_ambiguous,171.993744,22.434696,2.172144,1.000000,0.250000,1.000000,2.500000,2.000000,3.000000,1,1,0,1,0
minute_35_00,63256,356,2266,1,26,caption_plus_3,23,23,0,vbi_ambiguous,155.934372,26.139866,2.190923,1.000000,0.250000,1.000000,2.500000,2.000000,3.000000,1,1,0,1,0
minute_35_00,63256,356,2266,2,286,line_286,-1,288,1,measured,40.204689,42.459763,1.715180,1.000000,0.250000,1.000000,2.500000,2.000000,3.000000,1,1,0,1,0
minute_35_00,63256,356,2266,2,287,line_287,-1,288,1,measured,24.715626,40.413841,2.546166,1.000000,0.250000,1.000000,2.500000,2.000000,3.000000,1,1,0,1,0
minute_35_00,63256,356,2266,2,288,line_288,-1,288,1,measured,164.882812,22.567959,2.012520,1.000000,0.250000,1.000000,2.500000,2.000000,3.000000,1,1,0,1,0
minute_35_00,63257,357,2267,1,24,caption_plus_1,23,23,0,vbi_ambiguous,120.456253,12.525398,1.377152,1.000000,0.250000,1.000000,2.500000,2.000000,3.000000,1,1,0,1,0
minute_35_00,63257,357,2267,1,25,caption_plus_2,23,23,0,vbi_ambiguous,160.232819,21.643644,2.101722,1.000000,0.250000,1.000000,2.500000,2.000000,3.000000,1,1,0,1,0
minute_35_00,63257,357,2267,1,26,caption_plus_3,23,23,0,vbi_ambiguous,157.528122,24.789852,1.993740,1.000000,0.250000,1.000000,2.500000,2.000000,3.000000,1,1,0,1,0
minute_35_00,63257,357,2267,2,286,line_286,-1,288,1,measured,39.528126,42.989563,1.636933,1.000000,0.250000,1.000000,2.500000,2.000000,3.000000,1,1,0,1,0
minute_35_00,63257,357,2267,2,287,line_287,-1,288,1,measured,23.409374,40.330910,2.652582,1.000000,0.250000,1.000000,2.500000,2.000000,3.000000,1,1,0,1,0
minute_35_00,63257,357,2267,2,288,line_288,-1,288,1,measured,163.598434,22.415321,1.888889,1.000000,0.250000,1.000000,2.500000,2.000000,3.000000,1,1,0,1,0
minute_35_00,63258,358,2268,1,24,caption_plus_1,23,25,1,measured,119.904686,13.223865,1.406886,1.000000,0.250000,1.000000,2.500000,2.000000,3.000000,1,1,0,1,0
minute_35_00,63258,358,2268,1,25,caption_plus_2,23,25,1,measured,171.387497,22.505829,2.107981,1.000000,0.250000,1.000000,2.500000,2.000000,3.000000,1,1,0,1,0
minute_35_00,63258,358,2268,1,26,caption_plus_3,23,25,1,measured,157.051559,24.990164,2.081377,1.000000,0.250000,1.000000,2.500000,2.000000,3.000000,1,1,0,1,0
minute_35_00,63258,358,2268,2,286,line_286,-1,288,1,measured,39.701561,43.031818,1.602504,1.000000,0.250000,1.000000,2.500000,2.000000,3.000000,1,1,0,1,0
minute_35_00,63258,358,2268,2,287,line_287,-1,288,1,measured,24.846874,41.496513,2.319249,1.000000,0.250000,1.000000,2.500000,2.000000,3.000000,1,1,0,1,0
minute_35_00,63258,358,2268,2,288,line_288,-1,288,1,measured,166.612503,23.545631,2.029734,1.000000,0.250000,1.000000,2.500000,2.000000,3.000000,1,1,0,1,0
minute_35_00,63259,359,2269,1,25,caption_plus_1,24,23,0,vbi_ambiguous,120.014061,12.968524,1.539906,1.000000,0.250000,1.000000,2.500000,2.000000,3.000000,1,1,0,1,0
minute_35_00,63259,359,2269,1,26,caption_plus_2,24,23,0,vbi_ambiguous,162.068756,22.401415,2.059468,1.000000,0.250000,1.000000,2.500000,2.000000,3.000000,1,1,0,1,0
minute_35_00,63259,359,2269,1,27,caption_plus_3,24,23,0,vbi_ambiguous,159.021881,24.501841,1.971831,1.000000,0.250000,1.000000,2.500000,2.000000,3.000000,1,1,0,1,0
minute_35_00,63259,359,2269,2,286,line_286,-1,288,1,measured,40.239063,43.191444,1.710485,1.000000,0.250000,1.000000,2.500000,2.000000,3.000000,1,1,0,1,0
minute_35_00,63259,359,2269,2,287,line_287,-1,288,1,measured,29.392187,45.297081,2.561815,1.000000,0.250000,1.000000,2.500000,2.000000,3.000000,1,1,0,1,0
minute_35_00,63259,359,2269,2,288,line_288,-1,288,1,measured,164.729691,22.859907,2.012520,1.000000,0.250000,1.000000,2.500000,2.000000,3.000000,1,1,0,1,0
minute_35_00,63260,360,2270,1,24,caption_plus_1,23,23,0,vbi_ambiguous,120.676559,12.479486,1.480438,1.000000,0.250000,1.000000,2.500000,2.000000,3.000000,1,1,0,1,0
minute_35_00,63260,360,2270,1,25,caption_plus_2,23,23,0,vbi_ambiguous,172.645309,23.000151,2.129890,1.000000,0.250000,1.000000,2.500000,2.000000,3.000000,1,1,0,1,0
minute_35_00,63260,360,2270,1,26,caption_plus_3,23,23,0,vbi_ambiguous,157.050003,25.725729,2.071987,1.000000,0.250000,1.000000,2.500000,2.000000,3.000000,1,1,0,1,0
minute_35_00,63260,360,2270,2,286,line_286,-1,288,1,measured,39.006248,42.604687,1.577465,1.000000,0.250000,1.000000,2.500000,2.000000,3.000000,1,1,0,1,0
minute_35_00,63260,360,2270,2,287,line_287,-1,288,1,measured,18.782812,34.551567,2.256651,1.000000,0.250000,1.000000,2.500000,2.000000,3.000000,1,1,0,1,0
minute_35_00,63260,360,2270,2,288,line_288,-1,288,1,measured,163.206253,22.784204,2.164319,1.000000,0.250000,1.000000,2.500000,2.000000,3.000000,1,1,0,1,0
minute_35_00,63261,361,2271,1,25,caption_plus_1,24,23,0,vbi_ambiguous,120.751564,12.706513,1.392801,1.000000,0.250000,1.000000,2.500000,2.000000,3.000000,1,1,0,1,0
minute_35_00,63261,361,2271,1,26,caption_plus_2,24,23,0,vbi_ambiguous,161.449997,22.578489,1.995305,1.000000,0.250000,1.000000,2.500000,2.000000,3.000000,1,1,0,1,0
minute_35_00,63261,361,2271,1,27,caption_plus_3,24,23,0,vbi_ambiguous,158.184372,24.793909,2.048513,1.000000,0.250000,1.000000,2.500000,2.000000,3.000000,1,1,0,1,0
minute_35_00,63261,361,2271,2,286,line_286,-1,288,1,measured,39.103127,41.967678,1.658842,1.000000,0.250000,1.000000,2.500000,2.000000,3.000000,1,1,0,1,0
minute_35_00,63261,361,2271,2,287,line_287,-1,288,1,measured,22.784374,38.825012,2.737089,1.000000,0.250000,1.000000,2.500000,2.000000,3.000000,1,1,0,1,0
minute_35_00,63261,361,2271,2,288,line_288,-1,288,1,measured,162.899994,22.266203,1.896714,1.000000,0.250000,1.000000,2.500000,2.000000,3.000000,1,1,0,1,0
minute_35_00,63262,362,2272,1,25,caption_plus_1,24,23,0,vbi_ambiguous,120.004684,12.729947,1.456964,1.000000,0.250000,1.000000,2.500000,2.000000,3.000000,1,1,0,1,0
minute_35_00,63262,362,2272,1,26,caption_plus_2,24,23,0,vbi_ambiguous,171.292191,23.118389,2.154930,1.000000,0.250000,1.000000,2.500000,2.000000,3.000000,1,1,0,1,0
minute_35_00,63262,362,2272,1,27,caption_plus_3,24,23,0,vbi_ambiguous,155.729691,25.557297,2.043818,1.000000,0.250000,1.000000,2.500000,2.000000,3.000000,1,1,0,1,0
minute_35_00,63262,362,2272,2,286,line_286,-1,288,1,measured,39.873436,43.470478,1.765258,1.000000,0.250000,1.000000,2.500000,2.000000,3.000000,1,1,0,1,0
minute_35_00,63262,362,2272,2,287,line_287,-1,288,1,measured,24.529688,40.344482,2.887324,1.000000,0.250000,1.000000,2.500000,2.000000,3.000000,1,1,0,1,0
minute_35_00,63262,362,2272,2,288,line_288,-1,288,1,measured,166.139069,23.404747,1.992175,1.000000,0.250000,1.000000,2.500000,2.000000,3.000000,1,1,0,1,0
minute_35_00,63263,363,2273,1,25,caption_plus_1,24,23,0,vbi_ambiguous,120.745316,13.499854,1.543036,1.000000,0.250000,1.000000,2.500000,2.000000,3.000000,1,1,0,1,0
minute_35_00,63263,363,2273,1,26,caption_plus_2,24,23,0,vbi_ambiguous,161.243744,22.455303,2.039124,1.000000,0.250000,1.000000,2.500000,2.000000,3.000000,1,1,0,1,0
minute_35_00,63263,363,2273,1,27,caption_plus_3,24,23,0,vbi_ambiguous,158.264069,24.278280,1.957747,1.000000,0.250000,1.000000,2.500000,2.000000,3.000000,1,1,0,1,0
minute_35_00,63263,363,2273,2,286,line_286,-1,288,1,measured,39.523438,42.694656,1.746479,1.000000,0.250000,1.000000,2.500000,2.000000,3.000000,1,1,0,1,0
minute_35_00,63263,363,2273,2,287,line_287,-1,288,1,measured,24.545313,40.578720,2.693271,1.000000,0.250000,1.000000,2.500000,2.000000,3.000000,1,1,0,1,0
minute_35_00,63263,363,2273,2,288,line_288,-1,288,1,measured,163.453125,22.323284,1.907668,1.000000,0.250000,1.000000,2.500000,2.000000,3.000000,1,1,0,1,0
minute_35_00,63264,364,2274,1,24,caption_plus_1,23,23,0,vbi_ambiguous,120.829689,13.528698,1.586854,1.000000,0.250000,1.000000,2.500000,2.000000,3.000000,1,1,0,1,0
minute_35_00,63264,364,2274,1,25,caption_plus_2,23,23,0,vbi_ambiguous,172.631256,23.802738,2.244132,1.000000,0.250000,1.000000,2.500000,2.000000,3.000000,1,1,0,1,0
minute_35_00,63264,364,2274,1,26,caption_plus_3,23,23,0,vbi_ambiguous,157.100006,25.470314,2.031299,1.000000,0.250000,1.000000,2.500000,2.000000,3.000000,1,1,0,1,0
minute_35_00,63264,364,2274,2,286,line_286,-1,287,1,measured,40.075001,42.990414,1.697966,1.000000,0.250000,1.000000,2.500000,2.000000,3.000000,1,1,0,1,0
minute_35_00,63264,364,2274,2,287,line_287,-1,287,1,measured,59.564064,56.695671,6.625978,1.000000,0.250000,1.000000,2.500000,2.000000,3.000000,1,1,1,1,0
minute_35_00,63264,364,2274,2,288,line_288,-1,287,1,measured,166.996872,25.376600,2.461659,1.000000,0.250000,1.000000,2.500000,2.000000,3.000000,1,1,0,1,0
minute_35_00,63265,365,2275,1,25,caption_plus_1,24,26,1,measured,120.643753,12.685669,1.489828,1.000000,0.250000,1.000000,2.500000,2.000000,3.000000,1,1,0,1,0
minute_35_00,63265,365,2275,1,26,caption_plus_2,24,26,1,measured,160.946869,23.005373,2.035994,1.000000,0.250000,1.000000,2.500000,2.000000,3.000000,1,1,0,1,0
minute_35_00,63265,365,2275,1,27,caption_plus_3,24,26,1,measured,159.681244,24.562452,1.968701,1.000000,0.250000,1.000000,2.500000,2.000000,3.000000,1,1,0,1,0
minute_35_00,63265,365,2275,2,286,line_286,-1,287,1,measured,40.229687,42.563984,1.602504,1.000000,0.250000,1.000000,2.500000,2.000000,3.000000,1,1,0,1,0
minute_35_00,63265,365,2275,2,287,line_287,-1,287,1,measured,64.732811,57.394974,6.841940,1.000000,0.250000,1.000000,2.500000,2.000000,3.000000,1,1,1,1,0
minute_35_00,63265,365,2275,2,288,line_288,-1,287,1,measured,166.543747,26.129988,2.499218,1.000000,0.250000,1.000000,2.500000,2.000000,3.000000,1,1,0,1,0
minute_35_00,63266,366,2276,1,25,caption_plus_1,24,23,0,vbi_ambiguous,120.093750,12.505772,1.441315,1.000000,0.250000,1.000000,2.500000,2.000000,3.000000,1,1,0,1,0
minute_35_00,63266,366,2276,1,26,caption_plus_2,24,23,0,vbi_ambiguous,172.165619,24.913301,2.179969,1.000000,0.250000,1.000000,2.500000,2.000000,3.000000,1,1,0,1,0
minute_35_00,63266,366,2276,1,27,caption_plus_3,24,23,0,vbi_ambiguous,157.295319,25.174242,1.877934,1.000000,0.250000,1.000000,2.500000,2.000000,3.000000,1,1,0,1,0
minute_35_00,63266,366,2276,2,286,line_286,-1,287,1,measured,40.185936,42.700756,1.607199,1.000000,0.250000,1.000000,2.500000,2.000000,3.000000,1,1,0,1,0
minute_35_00,63266,366,2276,2,287,line_287,-1,287,1,measured,65.809372,57.574905,7.273865,1.000000,0.250000,1.000000,2.500000,2.000000,3.000000,1,1,1,1,0
minute_35_00,63266,366,2276,2,288,line_288,-1,287,1,measured,166.931244,25.169209,2.237872,1.000000,0.250000,1.000000,2.500000,2.000000,3.000000,1,1,0,1,0
minute_35_00,63267,367,2277,1,24,caption_plus_1,23,23,0,vbi_ambiguous,118.801559,12.779488,1.525822,1.000000,0.250000,1.000000,2.500000,2.000000,3.000000,1,1,0,1,0
minute_35_00,63267,367,2277,1,25,caption_plus_2,23,23,0,vbi_ambiguous,159.562500,23.800129,2.097027,1.000000,0.250000,1.000000,2.500000,2.000000,3.000000,1,1,0,1,0
minute_35_00,63267,367,2277,1,26,caption_plus_3,23,23,0,vbi_ambiguous,157.307816,24.568729,1.818466,1.000000,0.250000,1.000000,2.500000,2.000000,3.000000,1,1,0,1,0
minute_35_00,63267,367,2277,2,286,line_286,-1,287,1,measured,39.614063,42.112457,1.602504,1.000000,0.250000,1.000000,2.500000,2.000000,3.000000,1,1,0,1,0
minute_35_00,63267,367,2277,2,287,line_287,-1,287,1,measured,69.996872,57.757225,6.507042,1.000000,0.250000,1.000000,2.500000,2.000000,3.000000,1,1,1,1,0
minute_35_00,63267,367,2277,2,288,line_288,-1,287,1,measured,166.945312,24.409178,2.078247,1.000000,0.250000,1.000000,2.500000,2.000000,3.000000,1,1,0,1,0
minute_35_00,63268,368,2278,1,24,caption_plus_1,23,25,1,measured,119.496872,13.081118,1.472613,1.000000,0.250000,1.000000,2.500000,2.000000,3.000000,1,1,0,1,0
minute_35_00,63268,368,2278,1,25,caption_plus_2,23,25,1,measured,171.476562,24.866381,2.186229,1.000000,0.250000,1.000000,2.500000,2.000000,3.000000,1,1,0,1,0
minute_35_00,63268,368,2278,1,26,caption_plus_3,23,25,1,measured,156.625000,25.222696,1.892019,1.000000,0.250000,1.000000,2.500000,2.000000,3.000000,1,1,0,1,0
minute_35_00,63268,368,2278,2,286,line_286,-1,287,1,measured,40.379688,42.618050,1.641628,1.000000,0.250000,1.000000,2.500000,2.000000,3.000000,1,1,0,1,0
minute_35_00,63268,368,2278,2,287,line_287,-1,287,1,measured,59.787498,57.076744,5.993740,1.000000,0.250000,1.000000,2.500000,2.000000,3.000000,1,1,1,1,0
minute_35_00,63268,368,2278,2,288,line_288,-1,287,1,measured,166.959381,24.526291,2.194053,1.000000,0.250000,1.000000,2.500000,2.000000,3.000000,1,1,0,1,0
minute_35_00,63269,369,2279,1,24,caption_plus_1,23,25,1,measured,121.426559,13.133007,1.447574,1.000000,0.250000,1.000000,2.500000,2.000000,3.000000,1,1,0,1,0
minute_35_00,63269,369,2279,1,25,caption_plus_2,23,25,1,measured,162.457809,23.658998,2.128325,1.000000,0.250000,1.000000,2.500000,2.000000,3.000000,1,1,0,1,0
minute_35_00,63269,369,2279,1,26,caption_plus_3,23,25,1,measured,160.456253,23.765942,1.851330,1.000000,0.250000,1.000000,2.500000,2.000000,3.000000,1,1,0,1,0
minute_35_00,63269,369,2279,2,286,line_286,-1,287,1,measured,39.067188,42.927887,1.691706,1.000000,0.250000,1.000000,2.500000,2.000000,3.000000,1,1,0,1,0
minute_35_00,63269,369,2279,2,287,line_287,-1,287,1,measured,59.631248,58.141273,6.009390,1.000000,0.250000,1.000000,2.500000,2.000000,3.000000,1,1,1,1,0
minute_35_00,63269,369,2279,2,288,line_288,-1,287,1,measured,166.082809,23.427502,2.136150,1.000000,0.250000,1.000000,2.500000,2.000000,3.000000,1,1,0,1,0
minute_35_00,63270,370,2280,1,24,caption_plus_1,23,25,1,measured,120.625000,13.101526,1.461659,1.000000,0.250000,1.000000,2.500000,2.000000,3.000000,1,1,0,1,0
minute_35_00,63270,370,2280,1,25,caption_plus_2,23,25,1,measured,173.242188,23.569361,1.968701,1.000000,0.250000,1.000000,2.500000,2.000000,3.000000,1,1,0,1,0
minute_35_00,63270,370,2280,1,26,caption_plus_3,23,25,1,measured,156.678131,25.073694,2.034429,1.000000,0.250000,1.000000,2.500000,2.000000,3.000000,1,1,0,1,0
minute_35_00,63270,370,2280,2,286,line_286,-1,288,1,measured,40.126564,42.923164,1.699530,1.000000,0.250000,1.000000,2.500000,2.000000,3.000000,1,1,0,1,0
minute_35_00,63270,370,2280,2,287,line_287,-1,288,1,measured,23.835938,40.314892,2.762128,1.000000,0.250000,1.000000,2.500000,2.000000,3.000000,1,1,0,1,0
minute_35_00,63270,370,2280,2,288,line_288,-1,288,1,measured,165.331253,23.636166,1.945227,1.000000,0.250000,1.000000,2.500000,2.000000,3.000000,1,1,0,1,0
minute_35_00,63271,371,2281,1,24,caption_plus_1,23,25,1,measured,120.940628,13.787435,1.500782,1.000000,0.250000,1.000000,2.500000,2.000000,3.000000,1,1,0,1,0
minute_35_00,63271,371,2281,1,25,caption_plus_2,23,25,1,measured,161.306244,22.730692,1.957747,1.000000,0.250000,1.000000,2.500000,2.000000,3.000000,1,1,0,1,0
minute_35_00,63271,371,2281,1,26,caption_plus_3,23,25,1,measured,159.210938,24.184528,1.913928,1.000000,0.250000,1.000000,2.500000,2.000000,3.000000,1,1,0,1,0
minute_35_00,63271,371,2281,2,286,line_286,-1,288,1,measured,39.493752,43.065067,1.654147,1.000000,0.250000,1.000000,2.500000,2.000000,3.000000,1,1,0,1,0
minute_35_00,63271,371,2281,2,287,line_287,-1,288,1,measured,28.814062,44.072681,2.884194,1.000000,0.250000,1.000000,2.500000,2.000000,3.000000,1,1,0,1,0
minute_35_00,63271,371,2281,2,288,line_288,-1,288,1,measured,163.992188,22.754704,1.902973,1.000000,0.250000,1.000000,2.500000,2.000000,3.000000,1,1,0,1,0
minute_35_00,63272,372,2282,1,24,caption_plus_1,23,23,0,vbi_ambiguous,118.735939,12.903026,1.466354,1.000000,0.250000,1.000000,2.500000,2.000000,3.000000,1,1,0,1,0
minute_35_00,63272,372,2282,1,25,caption_plus_2,23,23,0,vbi_ambiguous,171.451569,23.560711,2.097027,1.000000,0.250000,1.000000,2.500000,2.000000,3.000000,1,1,0,1,0
minute_35_00,63272,372,2282,1,26,caption_plus_3,23,23,0,vbi_ambiguous,156.399994,25.405205,2.042253,1.000000,0.250000,1.000000,2.500000,2.000000,3.000000,1,1,0,1,0
minute_35_00,63272,372,2282,2,286,line_286,-1,288,1,measured,39.714062,42.630436,1.683881,1.000000,0.250000,1.000000,2.500000,2.000000,3.000000,1,1,0,1,0
minute_35_00,63272,372,2282,2,287,line_287,-1,288,1,measured,24.121876,39.886803,2.372457,1.000000,0.250000,1.000000,2.500000,2.000000,3.000000,1,1,0,1,0
minute_35_00,63272,372,2282,2,288,line_288,-1,288,1,measured,165.903122,22.928762,1.857590,1.000000,0.250000,1.000000,2.500000,2.000000,3.000000,1,1,0,1,0
minute_35_00,63273,373,2283,1,25,caption_plus_1,24,23,0,vbi_ambiguous,121.349998,13.417665,1.377152,1.000000,0.250000,1.000000,2.500000,2.000000,3.000000,1,1,0,1,0
minute_35_00,63273,373,2283,1,26,caption_plus_2,24,23,0,vbi_ambiguous,162.240631,21.554325,1.967136,1.000000,0.250000,1.000000,2.500000,2.000000,3.000000,1,1,0,1,0
minute_35_00,63273,373,2283,1,27,caption_plus_3,24,23,0,vbi_ambiguous,160.418747,24.281546,2.009390,1.000000,0.250000,1.000000,2.500000,2.000000,3.000000,1,1,0,1,0
minute_35_00,63273,373,2283,2,286,line_286,-1,288,1,measured,39.112499,43.399376,1.682316,1.000000,0.250000,1.000000,2.500000,2.000000,3.000000,1,1,0,1,0
minute_35_00,63273,373,2283,2,287,line_287,-1,288,1,measured,28.618750,43.820816,2.779343,1.000000,0.250000,1.000000,2.500000,2.000000,3.000000,1,1,0,1,0
minute_35_00,63273,373,2283,2,288,line_288,-1,288,1,measured,167.392181,22.924078,1.902973,1.000000,0.250000,1.000000,2.500000,2.000000,3.000000,1,1,0,1,0
minute_35_00,63274,374,2284,1,25,caption_plus_1,24,23,0,vbi_ambiguous,121.099998,13.351123,1.370892,1.000000,0.250000,1.000000,2.500000,2.000000,3.000000,1,1,0,1,0
minute_35_00,63274,374,2284,1,26,caption_plus_2,24,23,0,vbi_ambiguous,174.309372,22.528549,2.034429,1.000000,0.250000,1.000000,2.500000,2.000000,3.000000,1,1,0,1,0
minute_35_00,63274,374,2284,1,27,caption_plus_3,24,23,0,vbi_ambiguous,159.031250,25.414852,2.068858,1.000000,0.250000,1.000000,2.500000,2.000000,3.000000,1,1,0,1,0
minute_35_00,63274,374,2284,2,286,line_286,-1,286,1,measured,40.275002,42.334156,1.621283,1.000000,0.250000,1.000000,2.500000,2.000000,3.000000,1,1,0,1,0
minute_35_00,63274,374,2284,2,287,line_287,-1,286,1,measured,46.043751,53.821709,5.154930,1.000000,0.250000,1.000000,2.500000,2.000000,3.000000,1,1,1,1,0
minute_35_00,63274,374,2284,2,288,line_288,-1,286,1,measured,170.023438,23.224066,2.017214,1.000000,0.250000,1.000000,2.500000,2.000000,3.000000,1,1,0,1,0
minute_35_00,63275,375,2285,1,25,caption_plus_1,24,23,0,vbi_ambiguous,120.707809,12.669498,1.405321,1.000000,0.250000,1.000000,2.500000,2.000000,3.000000,1,1,0,1,0
minute_35_00,63275,375,2285,1,26,caption_plus_2,24,23,0,vbi_ambiguous,162.393753,21.649509,1.874804,1.000000,0.250000,1.000000,2.500000,2.000000,3.000000,1,1,0,1,0
minute_35_00,63275,375,2285,1,27,caption_plus_3,24,23,0,vbi_ambiguous,160.675003,24.275644,1.871675,1.000000,0.250000,1.000000,2.500000,2.000000,3.000000,1,1,0,1,0
minute_35_00,63275,375,2285,2,286,line_286,-1,287,1,measured,38.323437,42.259243,1.583725,1.000000,0.250000,1.000000,2.500000,2.000000,3.000000,1,1,0,1,0
minute_35_00,63275,375,2285,2,287,line_287,-1,287,1,measured,49.246876,55.428379,4.954617,1.000000,0.250000,1.000000,2.500000,2.000000,3.000000,1,1,1,1,0
minute_35_00,63275,375,2285,2,288,line_288,-1,287,1,measured,165.968750,22.897577,2.145540,1.000000,0.250000,1.000000,2.500000,2.000000,3.000000,1,1,0,1,0
minute_35_00,63276,376,2286,1,25,caption_plus_1,24,23,0,vbi_ambiguous,120.050003,13.596553,1.438185,1.000000,0.250000,1.000000,2.500000,2.000000,3.000000,1,1,0,1,0
minute_35_00,63276,376,2286,1,26,caption_plus_2,24,23,0,vbi_ambiguous,174.006256,22.814947,1.998435,1.000000,0.250000,1.000000,2.500000,2.000000,3.000000,1,1,0,1,0
minute_35_00,63276,376,2286,1,27,caption_plus_3,24,23,0,vbi_ambiguous,158.826569,25.117155,1.901408,1.000000,0.250000,1.000000,2.500000,2.000000,3.000000,1,1,0,1,0
minute_35_00,63276,376,2286,2,286,line_286,-1,288,1,measured,40.153126,43.272591,1.682316,1.000000,0.250000,1.000000,2.500000,2.000000,3.000000,1,1,0,1,0
minute_35_00,63276,376,2286,2,287,line_287,-1,288,1,measured,20.164062,34.973515,2.302034,1.000000,0.250000,1.000000,2.500000,2.000000,3.000000,1,1,0,1,0
minute_35_00,63276,376,2286,2,288,line_288,-1,288,1,measured,167.501556,22.676943,1.915493,1.000000,0.250000,1.000000,2.500000,2.000000,3.000000,1,1,0,1,0
minute_35_00,63277,377,2287,1,25,caption_plus_1,24,23,0,vbi_ambiguous,121.000000,13.710055,1.500782,1.000000,0.250000,1.000000,2.500000,2.000000,3.000000,1,1,0,1,0
minute_35_00,63277,377,2287,1,26,caption_plus_2,24,23,0,vbi_ambiguous,162.404694,22.165859,1.971831,1.000000,0.250000,1.000000,2.500000,2.000000,3.000000,1,1,0,1,0
minute_35_00,63277,377,2287,1,27,caption_plus_3,24,23,0,vbi_ambiguous,160.107819,23.944258,1.829421,1.000000,0.250000,1.000000,2.500000,2.000000,3.000000,1,1,0,1,0
minute_35_00,63277,377,2287,2,286,line_286,-1,288,1,measured,39.840626,42.976696,1.586854,1.000000,0.250000,1.000000,2.500000,2.000000,3.000000,1,1,0,1,0
minute_35_00,63277,377,2287,2,287,line_287,-1,288,1,measured,23.703125,40.116928,2.863850,1.000000,0.250000,1.000000,2.500000,2.000000,3.000000,1,1,0,1,0
minute_35_00,63277,377,2287,2,288,line_288,-1,288,1,measured,166.387497,23.103636,2.114241,1.000000,0.250000,1.000000,2.500000,2.000000,3.000000,1,1,0,1,0
minute_35_00,63278,378,2288,1,24,caption_plus_1,23,23,0,vbi_ambiguous,119.675003,14.079485,1.563380,1.000000,0.250000,1.000000,2.500000,2.000000,3.000000,1,1,0,1,0
minute_35_00,63278,378,2288,1,25,caption_plus_2,23,23,0,vbi_ambiguous,172.087494,24.331020,2.034429,1.000000,0.250000,1.000000,2.500000,2.000000,3.000000,1,1,0,1,0
minute_35_00,63278,378,2288,1,26,caption_plus_3,23,23,0,vbi_ambiguous,157.164062,24.845955,1.859155,1.000000,0.250000,1.000000,2.500000,2.000000,3.000000,1,1,0,1,0
minute_35_00,63278,378,2288,2,286,line_286,-1,288,1,measured,40.404686,43.540394,1.619718,1.000000,0.250000,1.000000,2.500000,2.000000,3.000000,1,1,0,1,0
minute_35_00,63278,378,2288,2,287,line_287,-1,288,1,measured,24.589062,40.786774,2.458529,1.000000,0.250000,1.000000,2.500000,2.000000,3.000000,1,1,0,1,0
minute_35_00,63278,378,2288,2,288,line_288,-1,288,1,measured,167.065628,22.629253,1.959311,1.000000,0.250000,1.000000,2.500000,2.000000,3.000000,1,1,0,1,0
minute_35_00,63279,379,2289,1,24,caption_plus_1,23,23,0,vbi_ambiguous,118.607811,14.436420,1.507042,1.000000,0.250000,1.000000,2.500000,2.000000,3.000000,1,1,0,1,0
minute_35_00,63279,379,2289,1,25,caption_plus_2,23,23,0,vbi_ambiguous,160.084381,22.917837,1.851330,1.000000,0.250000,1.000000,2.500000,2.000000,3.000000,1,1,0,1,0
minute_35_00,63279,379,2289,1,26,caption_plus_3,23,23,0,vbi_ambiguous,157.321869,24.142859,1.838811,1.000000,0.250000,1.000000,2.500000,2.000000,3.000000,1,1,0,1,0
minute_35_00,63279,379,2289,2,286,line_286,-1,288,1,measured,40.003124,43.040714,1.593114,1.000000,0.250000,1.000000,2.500000,2.000000,3.000000,1,1,0,1,0
minute_35_00,63279,379,2289,2,287,line_287,-1,288,1,measured,24.068750,40.684860,2.314554,1.000000,0.250000,1.000000,2.500000,2.000000,3.000000,1,1,0,1,0
minute_35_00,63279,379,2289,2,288,line_288,-1,288,1,measured,165.001556,23.918383,1.877934,1.000000,0.250000,1.000000,2.500000,2.000000,3.000000,1,1,0,1,0
minute_35_00,63280,380,2290,1,25,caption_plus_1,24,23,0,vbi_ambiguous,120.154686,15.241682,1.461659,1.000000,0.250000,1.000000,2.500000,2.000000,3.000000,1,1,0,1,0
minute_35_00,63280,380,2290,1,26,caption_plus_2,24,23,0,vbi_ambiguous,170.831253,24.404846,1.902973,1.000000,0.250000,1.000000,2.500000,2.000000,3.000000,1,1,0,1,0
minute_35_00,63280,380,2290,1,27,caption_plus_3,24,23,0,vbi_ambiguous,156.914062,24.726576,1.849765,1.000000,0.250000,1.000000,2.500000,2.000000,3.000000,1,1,0,1,0
minute_35_00,63280,380,2290,2,286,line_286,-1,288,1,measured,40.371876,42.473770,1.688576,1.000000,0.250000,1.000000,2.500000,2.000000,3.000000,1,1,0,1,0
minute_35_00,63280,380,2290,2,287,line_287,-1,288,1,measured,19.820312,35.157600,2.272300,1.000000,0.250000,1.000000,2.500000,2.000000,3.000000,1,1,0,1,0
minute_35_00,63280,380,2290,2,288,line_288,-1,288,1,measured,165.570312,23.157101,1.870110,1.000000,0.250000,1.000000,2.500000,2.000000,3.000000,1,1,0,1,0
minute_35_00,63281,381,2291,1,24,caption_plus_1,23,23,0,vbi_ambiguous,118.901566,14.987328,1.610329,1.000000,0.250000,1.000000,2.500000,2.000000,3.000000,1,1,0,1,0
minute_35_00,63281,381,2291,1,25,caption_plus_2,23,23,0,vbi_ambiguous,158.018753,23.103699,1.784038,1.000000,0.250000,1.000000,2.500000,2.000000,3.000000,1,1,0,1,0
minute_35_00,63281,381,2291,1,26,caption_plus_3,23,23,0,vbi_ambiguous,156.242188,24.195604,1.788732,1.000000,0.250000,1.000000,2.500000,2.000000,3.000000,1,1,0,1,0
minute_35_00,63281,381,2291,2,286,line_286,-1,288,1,measured,39.104687,42.641273,1.641628,1.000000,0.250000,1.000000,2.500000,2.000000,3.000000,1,1,0,1,0
minute_35_00,63281,381,2291,2,287,line_287,-1,288,1,measured,23.868750,40.323051,2.884194,1.000000,0.250000,1.000000,2.500000,2.000000,3.000000,1,1,0,1,0
minute_35_00,63281,381,2291,2,288,line_288,-1,288,1,measured,164.003128,23.171778,1.701095,1.000000,0.250000,1.000000,2.500000,2.000000,3.000000,1,1,0,1,0
minute_35_00,63282,382,2292,1,25,caption_plus_1,24,23,0,vbi_ambiguous,119.403122,15.179447,1.510172,1.000000,0.250000,1.000000,2.500000,2.000000,3.000000,1,1,0,1,0
minute_35_00,63282,382,2292,1,26,caption_plus_2,24,23,0,vbi_ambiguous,169.551559,23.740072,1.846635,1.000000,0.250000,1.000000,2.500000,2.000000,3.000000,1,1,0,1,0
minute_35_00,63282,382,2292,1,27,caption_plus_3,24,23,0,vbi_ambiguous,155.050003,24.796307,1.802817,1.000000,0.250000,1.000000,2.500000,2.000000,3.000000,1,1,0,1,0
minute_35_00,63282,382,2292,2,286,line_286,-1,288,1,measured,39.259377,43.112732,1.685446,1.000000,0.250000,1.000000,2.500000,2.000000,3.000000,1,1,0,1,0
minute_35_00,63282,382,2292,2,287,line_287,-1,288,1,measured,24.162500,40.129814,2.938967,1.000000,0.250000,1.000000,2.500000,2.000000,3.000000,1,1,0,1,0
minute_35_00,63282,382,2292,2,288,line_288,-1,288,1,measured,164.506256,23.223707,1.707355,1.000000,0.250000,1.000000,2.500000,2.000000,3.000000,1,1,0,1,0
minute_35_00,63283,383,2293,1,25,caption_plus_1,24,23,0,vbi_ambiguous,120.324997,15.531240,1.579030,1.000000,0.250000,1.000000,2.500000,2.000000,3.000000,1,1,0,1,0
minute_35_00,63283,383,2293,1,26,caption_plus_2,24,23,0,vbi_ambiguous,160.239059,22.775755,1.691706,1.000000,0.250000,1.000000,2.500000,2.000000,3.000000,1,1,0,1,0
minute_35_00,63283,383,2293,1,27,caption_plus_3,24,23,0,vbi_ambiguous,158.737503,23.855419,1.757434,1.000000,0.250000,1.000000,2.500000,2.000000,3.000000,1,1,0,1,0
minute_35_00,63283,383,2293,2,286,line_286,-1,288,1,measured,39.364063,42.842846,1.668232,1.000000,0.250000,1.000000,2.500000,2.000000,3.000000,1,1,0,1,0
minute_35_00,63283,383,2293,2,287,line_287,-1,288,1,measured,24.026562,40.061329,2.644758,1.000000,0.250000,1.000000,2.500000,2.000000,3.000000,1,1,0,1,0
minute_35_00,63283,383,2293,2,288,line_288,-1,288,1,measured,163.040619,22.527586,1.779343,1.000000,0.250000,1.000000,2.500000,2.000000,3.000000,1,1,0,1,0
minute_35_00,63284,384,2294,1,24,caption_plus_1,23,25,1,measured,119.340622,14.914116,1.633803,1.000000,0.250000,1.000000,2.500000,2.000000,3.000000,1,1,0,1,0
minute_35_00,63284,384,2294,1,25,caption_plus_2,23,25,1,measured,170.554688,24.718668,1.913928,1.000000,0.250000,1.000000,2.500000,2.000000,3.000000,1,1,0,1,0
minute_35_00,63284,384,2294,1,26,caption_plus_3,23,25,1,measured,156.253128,24.762844,1.758998,1.000000,0.250000,1.000000,2.500000,2.000000,3.000000,1,1,0,1,0
minute_35_00,63284,384,2294,2,286,line_286,-1,288,1,measured,40.020313,43.248749,1.649452,1.000000,0.250000,1.000000,2.500000,2.000000,3.000000,1,1,0,1,0
minute_35_00,63284,384,2294,2,287,line_287,-1,288,1,measured,24.643749,40.460991,2.543036,1.000000,0.250000,1.000000,2.500000,2.000000,3.000000,1,1,0,1,0
minute_35_00,63284,384,2294,2,288,line_288,-1,288,1,measured,165.254684,23.092798,1.780908,1.000000,0.250000,1.000000,2.500000,2.000000,3.000000,1,1,0,1,0
minute_35_00,63285,385,2295,1,25,caption_plus_1,24,23,0,vbi_ambiguous,120.462502,14.465535,1.502347,1.000000,0.250000,1.000000,2.500000,2.000000,3.000000,1,1,0,1,0
minute_35_00,63285,385,2295,1,26,caption_plus_2,24,23,0,vbi_ambiguous,160.203125,22.984219,1.882629,1.000000,0.250000,1.000000,2.500000,2.000000,3.000000,1,1,0,1,0
minute_35_00,63285,385,2295,1,27,caption_plus_3,24,23,0,vbi_ambiguous,159.364059,23.806976,1.708920,1.000000,0.250000,1.000000,2.500000,2.000000,3.000000,1,1,0,1,0
minute_35_00,63285,385,2295,2,286,line_286,-1,288,1,measured,38.710938,42.594406,1.539906,1.000000,0.250000,1.000000,2.500000,2.000000,3.000000,1,1,0,1,0
minute_35_00,63285,385,2295,2,287,line_287,-1,288,1,measured,23.440624,40.529957,2.644758,1.000000,0.250000,1.000000,2.500000,2.000000,3.000000,1,1,0,1,0
minute_35_00,63285,385,2295,2,288,line_288,-1,288,1,measured,162.134369,22.188555,1.688576,1.000000,0.250000,1.000000,2.500000,2.000000,3.000000,1,1,0,1,0
minute_35_00,63286,386,2296,1,24,caption_plus_1,23,23,0,vbi_ambiguous,119.879684,15.135933,1.615023,1.000000,0.250000,1.000000,2.500000,2.000000,3.000000,1,1,0,1,0
minute_35_00,63286,386,2296,1,25,caption_plus_2,23,23,0,vbi_ambiguous,170.795319,24.307411,2.048513,1.000000,0.250000,1.000000,2.500000,2.000000,3.000000,1,1,0,1,0
minute_35_00,63286,386,2296,1,26,caption_plus_3,23,23,0,vbi_ambiguous,156.132812,25.046946,1.840376,1.000000,0.250000,1.000000,2.500000,2.000000,3.000000,1,1,0,1,0
minute_35_00,63286,386,2296,2,286,line_286,-1,288,1,measured,39.799999,42.226810,1.553991,1.000000,0.250000,1.000000,2.500000,2.000000,3.000000,1,1,0,1,0
minute_35_00,63286,386,2296,2,287,line_287,-1,288,1,measured,24.351562,40.146294,2.228482,1.000000,0.250000,1.000000,2.500000,2.000000,3.000000,1,1,0,1,0
minute_35_00,63286,386,2296,2,288,line_288,-1,288,1,measured,164.478119,23.435539,1.651017,1.000000,0.250000,1.000000,2.500000,2.000000,3.000000,1,1,0,1,0
minute_35_00,63287,387,2297,1,25,caption_plus_1,24,23,0,vbi_ambiguous,118.928123,14.666857,1.571205,1.000000,0.250000,1.000000,2.500000,2.000000,3.000000,1,1,0,1,0
minute_35_00,63287,387,2297,1,26,caption_plus_2,24,23,0,vbi_ambiguous,159.781250,23.266909,1.820031,1.000000,0.250000,1.000000,2.500000,2.000000,3.000000,1,1,0,1,0
minute_35_00,63287,387,2297,1,27,caption_plus_3,24,23,0,vbi_ambiguous,157.378128,23.698975,1.758998,1.000000,0.250000,1.000000,2.500000,2.000000,3.000000,1,1,0,1,0
minute_35_00,63287,387,2297,2,286,line_286,-1,288,1,measured,40.373436,42.910004,1.651017,1.000000,0.250000,1.000000,2.500000,2.000000,3.000000,1,1,0,1,0
minute_35_00,63287,387,2297,2,287,line_287,-1,288,1,measured,29.429688,44.549706,2.399061,1.000000,0.250000,1.000000,2.500000,2.000000,3.000000,1,1,0,1,0
minute_35_00,63287,387,2297,2,288,line_288,-1,288,1,measured,164.178131,23.374990,1.837246,1.000000,0.250000,1.000000,2.500000,2.000000,3.000000,1,1,0,1,0
minute_35_00,63288,388,2298,1,24,caption_plus_1,23,23,0,vbi_ambiguous,118.692184,15.069027,1.546166,1.000000,0.250000,1.000000,2.500000,2.000000,3.000000,1,1,0,1,0
minute_35_00,63288,388,2298,1,25,caption_plus_2,23,23,0,vbi_ambiguous,169.729691,24.308571,1.837246,1.000000,0.250000,1.000000,2.500000,2.000000,3.000000,1,1,0,1,0
minute_35_00,63288,388,2298,1,26,caption_plus_3,23,23,0,vbi_ambiguous,154.859375,24.162384,1.677621,1.000000,0.250000,1.000000,2.500000,2.000000,3.000000,1,1,0,1,0
minute_35_00,63288,388,2298,2,286,line_286,-1,288,1,measured,39.379688,42.432976,1.619718,1.000000,0.250000,1.000000,2.500000,2.000000,3.000000,1,1,0,1,0
minute_35_00,63288,388,2298,2,287,line_287,-1,288,1,measured,19.914062,34.749557,2.212832,1.000000,0.250000,1.000000,2.500000,2.000000,3.000000,1,1,0,1,0
minute_35_00,63288,388,2298,2,288,line_288,-1,288,1,measured,163.951569,23.099630,1.793427,1.000000,0.250000,1.000000,2.500000,2.000000,3.000000,1,1,0,1,0
minute_35_00,63289,389,2299,1,24,caption_plus_1,23,23,0,vbi_ambiguous,119.282814,15.274356,1.486698,1.000000,0.250000,1.000000,2.500000,2.000000,3.000000,1,1,0,1,0
minute_35_00,63289,389,2299,1,25,caption_plus_2,23,23,0,vbi_ambiguous,158.165619,23.185005,1.799687,1.000000,0.250000,1.000000,2.500000,2.000000,3.000000,1,1,0,1,0
minute_35_00,63289,389,2299,1,26,caption_plus_3,23,23,0,vbi_ambiguous,157.203125,23.344820,1.694836,1.000000,0.250000,1.000000,2.500000,2.000000,3.000000,1,1,0,1,0
minute_35_00,63289,389,2299,2,286,line_286,-1,288,1,measured,39.067188,42.301048,1.522692,1.000000,0.250000,1.000000,2.500000,2.000000,3.000000,1,1,0,1,0
minute_35_00,63289,389,2299,2,287,line_287,-1,288,1,measured,23.073437,40.255657,3.010955,1.000000,0.250000,1.000000,2.500000,2.000000,3.000000,1,1,1,1,0
minute_35_00,63289,389,2299,2,288,line_288,-1,288,1,measured,162.803131,23.356785,1.735524,1.000000,0.250000,1.000000,2.500000,2.000000,3.000000,1,1,0,1,0
minute_35_00,63290,390,2300,1,24,caption_plus_1,23,23,0,vbi_ambiguous,118.609375,14.939583,1.566510,1.000000,0.250000,1.000000,2.500000,2.000000,3.000000,1,1,0,1,0
minute_35_00,63290,390,2300,1,25,caption_plus_2,23,23,0,vbi_ambiguous,169.523438,24.166403,1.957747,1.000000,0.250000,1.000000,2.500000,2.000000,3.000000,1,1,0,1,0
minute_35_00,63290,390,2300,1,26,caption_plus_3,23,23,0,vbi_ambiguous,153.857819,24.131996,1.796557,1.000000,0.250000,1.000000,2.500000,2.000000,3.000000,1,1,0,1,0
minute_35_00,63290,390,2300,2,286,line_286,-1,288,1,measured,39.756248,42.823364,1.730829,1.000000,0.250000,1.000000,2.500000,2.000000,3.000000,1,1,0,1,0
minute_35_00,63290,390,2300,2,287,line_287,-1,288,1,measured,24.365625,39.672970,2.929577,1.000000,0.250000,1.000000,2.500000,2.000000,3.000000,1,1,0,1,0
minute_35_00,63290,390,2300,2,288,line_288,-1,288,1,measured,164.317184,23.024191,1.876369,1.000000,0.250000,1.000000,2.500000,2.000000,3.000000,1,1,0,1,0
minute_35_00,63291,391,2301,1,25,caption_plus_1,24,23,0,vbi_ambiguous,118.471878,14.706690,1.585289,1.000000,0.250000,1.000000,2.500000,2.000000,3.000000,1,1,0,1,0
minute_35_00,63291,391,2301,1,26,caption_plus_2,24,23,0,vbi_ambiguous,158.310944,22.772007,1.841941,1.000000,0.250000,1.000000,2.500000,2.000000,3.000000,1,1,0,1,0
minute_35_00,63291,391,2301,1,27,caption_plus_3,24,23,0,vbi_ambiguous,156.159378,23.748150,1.748044,1.000000,0.250000,1.000000,2.500000,2.000000,3.000000,1,1,0,1,0
minute_35_00,63291,391,2301,2,286,line_286,-1,288,1,measured,38.049999,42.681858,1.661972,1.000000,0.250000,1.000000,2.500000,2.000000,3.000000,1,1,0,1,0
minute_35_00,63291,391,2301,2,287,line_287,-1,288,1,measured,23.903126,40.712868,2.690141,1.000000,0.250000,1.000000,2.500000,2.000000,3.000000,1,1,0,1,0
minute_35_00,63291,391,2301,2,288,line_288,-1,288,1,measured,163.376556,23.373470,1.857590,1.000000,0.250000,1.000000,2.500000,2.000000,3.000000,1,1,0,1,0
minute_35_00,63292,392,2302,1,24,caption_plus_1,23,25,1,measured,118.923439,17.495770,1.630673,1.000000,0.250000,1.000000,2.500000,2.000000,3.000000,1,1,0,1,0
minute_35_00,63292,392,2302,1,25,caption_plus_2,23,25,1,measured,170.701569,24.343121,1.935837,1.000000,0.250000,1.000000,2.500000,2.000000,3.000000,1,1,0,1,0
minute_35_00,63292,392,2302,1,26,caption_plus_3,23,25,1,measured,155.095306,24.428570,1.794992,1.000000,0.250000,1.000000,2.500000,2.000000,3.000000,1,1,0,1,0
minute_35_00,63292,392,2302,2,286,line_286,-1,287,1,measured,39.437500,42.403080,1.608764,1.000000,0.250000,1.000000,2.500000,2.000000,3.000000,1,1,0,1,0
minute_35_00,63292,392,2302,2,287,line_287,-1,287,1,measured,59.829689,56.851154,6.743349,1.000000,0.250000,1.000000,2.500000,2.000000,3.000000,1,1,1,1,0
minute_35_00,63292,392,2302,2,288,line_288,-1,287,1,measured,165.239059,25.785547,2.259781,1.000000,0.250000,1.000000,2.500000,2.000000,3.000000,1,1,0,1,0
minute_35_00,63293,393,2303,1,24,caption_plus_1,23,25,1,measured,16.748438,2.466810,0.926448,1.000000,0.250000,1.000000,2.500000,2.000000,3.000000,1,1,0,1,0
minute_35_00,63293,393,2303,1,25,caption_plus_2,23,25,1,measured,73.556252,78.567612,3.976526,1.000000,0.250000,1.000000,2.500000,2.000000,3.000000,1,1,1,1,0
minute_35_00,63293,393,2303,1,26,caption_plus_3,23,25,1,measured,43.435936,26.688871,2.009390,1.000000,0.250000,1.000000,2.500000,2.000000,3.000000,1,1,0,1,0
minute_35_00,63293,393,2303,2,286,line_286,-1,287,1,measured,46.671875,45.715477,1.724570,1.000000,0.250000,1.000000,2.500000,2.000000,3.000000,1,1,0,1,0
minute_35_00,63293,393,2303,2,287,line_287,-1,287,1,measured,71.903122,61.080532,7.629108,1.000000,0.250000,1.000000,2.500000,2.000000,3.000000,1,1,1,1,0
minute_35_00,63293,393,2303,2,288,line_288,-1,287,1,measured,85.328125,83.586304,4.400626,1.000000,0.250000,1.000000,2.500000,2.000000,3.000000,1,1,1,1,0
minute_35_00,63294,394,2304,1,25,caption_plus_1,24,26,1,measured,20.514063,2.535952,0.871674,1.000000,0.250000,1.000000,2.500000,2.000000,3.000000,1,1,0,1,0
minute_35_00,63294,394,2304,1,26,caption_plus_2,24,26,1,measured,85.312500,86.377022,3.967136,1.000000,0.250000,1.000000,2.500000,2.000000,3.000000,1,1,1,1,0
minute_35_00,63294,394,2304,1,27,caption_plus_3,24,26,1,measured,85.710938,87.772141,3.497653,1.000000,0.250000,1.000000,2.500000,2.000000,3.000000,1,1,1,1,0
minute_35_00,63294,394,2304,2,286,line_286,-1,287,1,measured,46.735939,45.518581,1.726135,1.000000,0.250000,1.000000,2.500000,2.000000,3.000000,1,1,0,1,0
minute_35_00,63294,394,2304,2,287,line_287,-1,287,1,measured,74.114059,62.458145,7.710485,1.000000,0.250000,1.000000,2.500000,2.000000,3.000000,1,1,1,1,0
minute_35_00,63294,394,2304,2,288,line_288,-1,287,1,measured,108.451561,97.402626,3.543036,1.000000,0.250000,1.000000,2.500000,2.000000,3.000000,1,1,1,1,0
minute_35_00,63295,395,2305,1,25,caption_plus_1,24,26,1,measured,22.934376,3.196493,0.877934,1.000000,0.250000,1.000000,2.500000,2.000000,3.000000,1,1,0,1,0
minute_35_00,63295,395,2305,1,26,caption_plus_2,24,26,1,measured,31.882812,6.674603,0.862285,1.000000,0.250000,1.000000,2.500000,2.000000,3.000000,1,1,0,1,0
minute_35_00,63295,395,2305,1,27,caption_plus_3,24,26,1,measured,32.721874,5.654988,0.813772,1.000000,0.250000,1.000000,2.500000,2.000000,3.000000,1,1,0,1,0
minute_35_00,63295,395,2305,2,286,line_286,-1,286,1,measured,48.176563,47.845440,1.826291,1.000000,0.250000,1.000000,2.500000,2.000000,3.000000,1,1,0,1,0
minute_35_00,63295,395,2305,2,287,line_287,-1,286,1,measured,81.596878,65.985085,7.721440,1.000000,0.250000,1.000000,2.500000,2.000000,3.000000,1,1,1,1,0
minute_35_00,63295,395,2305,2,288,line_288,-1,286,1,measured,30.717188,6.876342,1.029734,1.000000,0.250000,1.000000,2.500000,2.000000,3.000000,1,1,0,1,0
minute_35_00,63296,396,2306,1,24,caption_plus_1,23,25,1,measured,21.698437,2.875217,0.901408,1.000000,0.250000,1.000000,2.500000,2.000000,3.000000,1,1,0,1,0
minute_35_00,63296,396,2306,1,25,caption_plus_2,23,25,1,measured,34.967186,11.988166,1.571205,1.000000,0.250000,1.000000,2.500000,2.000000,3.000000,1,1,0,1,0
minute_35_00,63296,396,2306,1,26,caption_plus_3,23,25,1,measured,33.295311,7.519058,0.987480,1.000000,0.250000,1.000000,2.500000,2.000000,3.000000,1,1,0,1,0
minute_35_00,63296,396,2306,2,286,line_286,-1,286,1,measured,46.860939,47.026001,1.782473,1.000000,0.250000,1.000000,2.500000,2.000000,3.000000,1,1,0,1,0
minute_35_00,63296,396,2306,2,287,line_287,-1,286,1,measured,69.228127,64.655037,6.915493,1.000000,0.250000,1.000000,2.500000,2.000000,3.000000,1,1,1,1,0
minute_35_00,63296,396,2306,2,288,line_288,-1,286,1,measured,37.765625,15.433570,1.370892,1.000000,0.250000,1.000000,2.500000,2.000000,3.000000,1,1,0,1,0
minute_35_00,63297,397,2307,1,24,caption_plus_1,23,25,1,measured,19.962500,2.915771,0.895149,1.000000,0.250000,1.000000,2.500000,2.000000,3.000000,1,1,0,1,0
minute_35_00,63297,397,2307,1,25,caption_plus_2,23,25,1,measured,38.973438,15.670960,1.075117,1.000000,0.250000,1.000000,2.500000,2.000000,3.000000,1,1,0,1,0
minute_35_00,63297,397,2307,1,26,caption_plus_3,23,25,1,measured,39.059376,13.812571,1.000000,1.000000,0.250000,1.000000,2.500000,2.000000,3.000000,1,1,0,1,0
minute_35_00,63297,397,2307,2,286,line_286,-1,286,1,measured,45.468750,46.837406,1.824726,1.000000,0.250000,1.000000,2.500000,2.000000,3.000000,1,1,0,1,0
minute_35_00,63297,397,2307,2,287,line_287,-1,286,1,measured,69.164062,65.477379,6.992175,1.000000,0.250000,1.000000,2.500000,2.000000,3.000000,1,1,1,1,0
minute_35_00,63297,397,2307,2,288,line_288,-1,286,1,measured,30.532812,8.453116,1.042253,1.000000,0.250000,1.000000,2.500000,2.000000,3.000000,1,1,0,1,0
minute_35_00,63298,398,2308,1,24,caption_plus_1,23,23,0,vbi_ambiguous,19.881250,2.817627,0.851330,1.000000,0.250000,1.000000,2.500000,2.000000,3.000000,1,1,0,1,0
minute_35_00,63298,398,2308,1,25,caption_plus_2,23,23,0,vbi_ambiguous,26.600000,4.440158,0.945227,1.000000,0.250000,1.000000,2.500000,2.000000,3.000000,1,1,0,1,0
minute_35_00,63298,398,2308,1,26,caption_plus_3,23,23,0,vbi_ambiguous,27.257812,4.501816,0.846635,1.000000,0.250000,1.000000,2.500000,2.000000,3.000000,1,1,0,1,0
minute_35_00,63298,398,2308,2,286,line_286,-1,286,1,measured,43.929688,46.087307,1.660407,1.000000,0.250000,1.000000,2.500000,2.000000,3.000000,1,1,0,1,0
minute_35_00,63298,398,2308,2,287,line_287,-1,286,1,measured,26.742188,43.250225,2.799687,1.000000,0.250000,1.000000,2.500000,2.000000,3.000000,1,1,0,1,0
minute_35_00,63298,398,2308,2,288,line_288,-1,286,1,measured,27.596874,5.620275,0.946792,1.000000,0.250000,1.000000,2.500000,2.000000,3.000000,1,1,0,1,0
minute_35_00,63299,399,2309,1,24,caption_plus_1,23,25,1,measured,18.049999,2.751817,0.934272,1.000000,0.250000,1.000000,2.500000,2.000000,3.000000,1,1,0,1,0
minute_35_00,63299,399,2309,1,25,caption_plus_2,23,25,1,measured,27.870312,9.077121,1.136150,1.000000,0.250000,1.000000,2.500000,2.000000,3.000000,1,1,0,1,0
minute_35_00,63299,399,2309,1,26,caption_plus_3,23,25,1,measured,28.954687,9.096161,0.959311,1.000000,0.250000,1.000000,2.500000,2.000000,3.000000,1,1,0,1,0
minute_35_00,63299,399,2309,2,286,line_286,-1,286,1,measured,42.195312,45.935223,1.704225,1.000000,0.250000,1.000000,2.500000,2.000000,3.000000,1,1,0,1,0
minute_35_00,63299,399,2309,2,287,line_287,-1,286,1,measured,30.037500,48.204887,2.954617,1.000000,0.250000,1.000000,2.500000,2.000000,3.000000,1,1,0,1,0
minute_35_00,63299,399,2309,2,288,line_288,-1,286,1,measured,31.615625,11.806477,1.136150,1.000000,0.250000,1.000000,2.500000,2.000000,3.000000,1,1,0,1,0
minute_35_00,63300,400,2310,1,24,caption_plus_1,23,23,0,vbi_ambiguous,20.106251,2.636515,0.863850,1.000000,0.250000,1.000000,2.500000,2.000000,3.000000,1,1,0,1,0
minute_35_00,63300,400,2310,1,25,caption_plus_2,23,23,0,vbi_ambiguous,27.557812,6.382576,0.892019,1.000000,0.250000,1.000000,2.500000,2.000000,3.000000,1,1,0,1,0
minute_35_00,63300,400,2310,1,26,caption_plus_3,23,23,0,vbi_ambiguous,28.690624,6.794845,0.876369,1.000000,0.250000,1.000000,2.500000,2.000000,3.000000,1,1,0,1,0
minute_35_00,63300,400,2310,2,286,line_286,-1,286,1,measured,43.282814,45.584190,1.680751,1.000000,0.250000,1.000000,2.500000,2.000000,3.000000,1,1,0,1,0
minute_35_00,63300,400,2310,2,287,line_287,-1,286,1,measured,26.595312,43.099560,2.356807,1.000000,0.250000,1.000000,2.500000,2.000000,3.000000,1,1,0,1,0
minute_35_00,63300,400,2310,2,288,line_288,-1,286,1,measured,27.935938,4.998496,0.928012,1.000000,0.250000,1.000000,2.500000,2.000000,3.000000,1,1,0,1,0
minute_35_00,63301,401,2311,1,24,caption_plus_1,23,23,0,vbi_ambiguous,19.270313,2.726099,0.852895,1.000000,0.250000,1.000000,2.500000,2.000000,3.000000,1,1,0,1,0
minute_35_00,63301,401,2311,1,25,caption_plus_2,23,23,0,vbi_ambiguous,25.531250,3.407110,0.848200,1.000000,0.250000,1.000000,2.500000,2.000000,3.000000,1,1,0,1,0
minute_35_00,63301,401,2311,1,26,caption_plus_3,23,23,0,vbi_ambiguous,26.459375,3.660802,0.794992,1.000000,0.250000,1.000000,2.500000,2.000000,3.000000,1,1,0,1,0
minute_35_00,63301,401,2311,2,286,line_286,-1,286,1,measured,43.470314,45.793003,1.716745,1.000000,0.250000,1.000000,2.500000,2.000000,3.000000,1,1,0,1,0
minute_35_00,63301,401,2311,2,287,line_287,-1,286,1,measured,31.120312,47.292667,3.034429,1.000000,0.250000,1.000000,2.500000,2.000000,3.000000,1,1,1,1,0
minute_35_00,63301,401,2311,2,288,line_288,-1,286,1,measured,32.404686,10.246355,1.150235,1.000000,0.250000,1.000000,2.500000,2.000000,3.000000,1,1,0,1,0
minute_35_00,63302,402,2312,1,24,caption_plus_1,23,25,1,measured,18.504688,2.710508,0.837246,1.000000,0.250000,1.000000,2.500000,2.000000,3.000000,1,1,0,1,0
minute_35_00,63302,402,2312,1,25,caption_plus_2,23,25,1,measured,34.639061,14.421968,1.134585,1.000000,0.250000,1.000000,2.500000,2.000000,3.000000,1,1,0,1,0
minute_35_00,63302,402,2312,1,26,caption_plus_3,23,25,1,measured,35.035938,13.602630,1.039124,1.000000,0.250000,1.000000,2.500000,2.000000,3.000000,1,1,0,1,0
minute_35_00,63302,402,2312,2,286,line_286,-1,288,1,measured,42.273438,45.791702,1.777778,1.000000,0.250000,1.000000,2.500000,2.000000,3.000000,1,1,0,1,0
minute_35_00,63302,402,2312,2,287,line_287,-1,288,1,measured,21.287500,35.665089,2.106416,1.000000,0.250000,1.000000,2.500000,2.000000,3.000000,1,1,0,1,0
minute_35_00,63302,402,2312,2,288,line_288,-1,288,1,measured,33.753124,11.781672,1.023474,1.000000,0.250000,1.000000,2.500000,2.000000,3.000000,1,1,0,1,0
minute_35_00,63303,403,2313,1,25,caption_plus_1,24,23,0,vbi_ambiguous,19.871876,2.183566,0.934272,1.000000,0.250000,1.000000,2.500000,2.000000,3.000000,1,1,0,1,0
minute_35_00,63303,403,2313,1,26,caption_plus_2,24,23,0,vbi_ambiguous,27.145313,7.352241,1.000000,1.000000,0.250000,1.000000,2.500000,2.000000,3.000000,1,1,0,1,0
minute_35_00,63303,403,2313,1,27,caption_plus_3,24,23,0,vbi_ambiguous,27.668751,7.056444,0.929577,1.000000,0.250000,1.000000,2.500000,2.000000,3.000000,1,1,0,1,0
minute_35_00,63303,403,2313,2,286,line_286,-1,286,1,measured,44.504688,46.635990,1.696401,1.000000,0.250000,1.000000,2.500000,2.000000,3.000000,1,1,0,1,0
minute_35_00,63303,403,2313,2,287,line_287,-1,286,1,measured,22.951563,37.760792,2.422535,1.000000,0.250000,1.000000,2.500000,2.000000,3.000000,1,1,0,1,0
minute_35_00,63303,403,2313,2,288,line_288,-1,286,1,measured,30.356251,7.584397,1.021909,1.000000,0.250000,1.000000,2.500000,2.000000,3.000000,1,1,0,1,0
minute_35_00,63304,404,2314,1,24,caption_plus_1,23,23,0,vbi_ambiguous,21.590626,2.603707,0.912363,1.000000,0.250000,1.000000,2.500000,2.000000,3.000000,1,1,0,1,0
minute_35_00,63304,404,2314,1,25,caption_plus_2,23,23,0,vbi_ambiguous,28.885937,5.233109,0.932707,1.000000,0.250000,1.000000,2.500000,2.000000,3.000000,1,1,0,1,0
minute_35_00,63304,404,2314,1,26,caption_plus_3,23,23,0,vbi_ambiguous,30.135937,6.028212,0.917058,1.000000,0.250000,1.000000,2.500000,2.000000,3.000000,1,1,0,1,0
minute_35_00,63304,404,2314,2,286,line_286,-1,286,1,measured,44.693748,45.601227,1.738654,1.000000,0.250000,1.000000,2.500000,2.000000,3.000000,1,1,0,1,0
minute_35_00,63304,404,2314,2,287,line_287,-1,286,1,measured,56.209373,60.978275,6.143975,1.000000,0.250000,1.000000,2.500000,2.000000,3.000000,1,1,1,1,0
minute_35_00,63304,404,2314,2,288,line_288,-1,286,1,measured,32.523438,9.899151,1.089202,1.000000,0.250000,1.000000,2.500000,2.000000,3.000000,1,1,0,1,0
minute_35_00,63305,405,2315,1,25,caption_plus_1,24,26,1,measured,19.704687,2.935022,0.881064,1.000000,0.250000,1.000000,2.500000,2.000000,3.000000,1,1,0,1,0
minute_35_00,63305,405,2315,1,26,caption_plus_2,24,26,1,measured,30.721874,9.001779,1.010955,1.000000,0.250000,1.000000,2.500000,2.000000,3.000000,1,1,0,1,0
minute_35_00,63305,405,2315,1,27,caption_plus_3,24,26,1,measured,33.306252,9.577315,0.942097,1.000000,0.250000,1.000000,2.500000,2.000000,3.000000,1,1,0,1,0
minute_35_00,63305,405,2315,2,286,line_286,-1,286,1,measured,43.268749,46.419479,1.744914,1.000000,0.250000,1.000000,2.500000,2.000000,3.000000,1,1,0,1,0
minute_35_00,63305,405,2315,2,287,line_287,-1,286,1,measured,55.575001,61.118793,6.422535,1.000000,0.250000,1.000000,2.500000,2.000000,3.000000,1,1,1,1,0
minute_35_00,63305,405,2315,2,288,line_288,-1,286,1,measured,34.234375,15.251887,1.597809,1.000000,0.250000,1.000000,2.500000,2.000000,3.000000,1,1,0,1,0
minute_35_00,63306,406,2316,1,25,caption_plus_1,24,26,1,measured,19.665625,2.519438,0.849765,1.000000,0.250000,1.000000,2.500000,2.000000,3.000000,1,1,0,1,0
minute_35_00,63306,406,2316,1,26,caption_plus_2,24,26,1,measured,28.868750,8.430504,0.998435,1.000000,0.250000,1.000000,2.500000,2.000000,3.000000,1,1,0,1,0
minute_35_00,63306,406,2316,1,27,caption_plus_3,24,26,1,measured,30.709375,9.108027,0.964006,1.000000,0.250000,1.000000,2.500000,2.000000,3.000000,1,1,0,1,0
minute_35_00,63306,406,2316,2,286,line_286,-1,288,1,measured,42.837502,44.954441,1.658842,1.000000,0.250000,1.000000,2.500000,2.000000,3.000000,1,1,0,1,0
minute_35_00,63306,406,2316,2,287,line_287,-1,288,1,measured,21.634375,37.191994,2.425665,1.000000,0.250000,1.000000,2.500000,2.000000,3.000000,1,1,0,1,0
minute_35_00,63306,406,2316,2,288,line_288,-1,288,1,measured,29.640625,7.631897,1.003130,1.000000,0.250000,1.000000,2.500000,2.000000,3.000000,1,1,0,1,0
minute_35_00,63307,407,2317,1,24,caption_plus_1,23,23,0,vbi_ambiguous,19.928125,3.022492,0.887324,1.000000,0.250000,1.000000,2.500000,2.000000,3.000000,1,1,0,1,0
minute_35_00,63307,407,2317,1,25,caption_plus_2,23,23,0,vbi_ambiguous,26.807812,4.089117,0.874804,1.000000,0.250000,1.000000,2.500000,2.000000,3.000000,1,1,0,1,0
minute_35_00,63307,407,2317,1,26,caption_plus_3,23,23,0,vbi_ambiguous,27.542187,4.504314,0.812207,1.000000,0.250000,1.000000,2.500000,2.000000,3.000000,1,1,0,1,0
minute_35_00,63307,407,2317,2,286,line_286,-1,286,1,measured,44.392189,46.347946,1.704225,1.000000,0.250000,1.000000,2.500000,2.000000,3.000000,1,1,0,1,0
minute_35_00,63307,407,2317,2,287,line_287,-1,286,1,measured,27.551563,41.267162,3.010955,1.000000,0.250000,1.000000,2.500000,2.000000,3.000000,1,1,1,1,0
minute_35_00,63307,407,2317,2,288,line_288,-1,286,1,measured,32.917187,9.802312,0.968701,1.000000,0.250000,1.000000,2.500000,2.000000,3.000000,1,1,0,1,0
minute_35_00,63308,408,2318,1,24,caption_plus_1,23,25,1,measured,20.953125,2.735357,0.857590,1.000000,0.250000,1.000000,2.500000,2.000000,3.000000,1,1,0,1,0
minute_35_00,63308,408,2318,1,25,caption_plus_2,23,25,1,measured,38.743752,16.611649,1.582160,1.000000,0.250000,1.000000,2.500000,2.000000,3.000000,1,1,0,1,0
minute_35_00,63308,408,2318,1,26,caption_plus_3,23,25,1,measured,39.057812,15.934871,1.410016,1.000000,0.250000,1.000000,2.500000,2.000000,3.000000,1,1,0,1,0
minute_35_00,63308,408,2318,2,286,line_286,-1,286,1,measured,44.560936,46.291256,1.737089,1.000000,0.250000,1.000000,2.500000,2.000000,3.000000,1,1,0,1,0
minute_35_00,63308,408,2318,2,287,line_287,-1,286,1,measured,28.954687,43.379929,2.690141,1.000000,0.250000,1.000000,2.500000,2.000000,3.000000,1,1,0,1,0
minute_35_00,63308,408,2318,2,288,line_288,-1,286,1,measured,34.170311,11.205916,1.025039,1.000000,0.250000,1.000000,2.500000,2.000000,3.000000,1,1,0,1,0
minute_35_00,63309,409,2319,1,25,caption_plus_1,24,26,1,measured,21.714062,3.233292,0.893584,1.000000,0.250000,1.000000,2.500000,2.000000,3.000000,1,1,0,1,0
minute_35_00,63309,409,2319,1,26,caption_plus_2,24,26,1,measured,30.142187,7.707146,0.953052,1.000000,0.250000,1.000000,2.500000,2.000000,3.000000,1,1,0,1,0
minute_35_00,63309,409,2319,1,27,caption_plus_3,24,26,1,measured,34.353127,12.181710,1.143975,1.000000,0.250000,1.000000,2.500000,2.000000,3.000000,1,1,0,1,0
minute_35_00,63309,409,2319,2,286,line_286,-1,286,1,measured,44.589062,45.907021,1.680751,1.000000,0.250000,1.000000,2.500000,2.000000,3.000000,1,1,0,1,0
minute_35_00,63309,409,2319,2,287,line_287,-1,286,1,measured,28.717188,44.125385,2.455399,1.000000,0.250000,1.000000,2.500000,2.000000,3.000000,1,1,0,1,0
minute_35_00,63309,409,2319,2,288,line_288,-1,286,1,measured,33.142189,9.571937,1.012520,1.000000,0.250000,1.000000,2.500000,2.000000,3.000000,1,1,0,1,0
minute_35_00,63310,410,2320,1,25,caption_plus_1,24,26,1,measured,22.114063,2.773387,0.834116,1.000000,0.250000,1.000000,2.500000,2.000000,3.000000,1,1,0,1,0
minute_35_00,63310,410,2320,1,26,caption_plus_2,24,26,1,measured,30.534374,6.751996,0.877934,1.000000,0.250000,1.000000,2.500000,2.000000,3.000000,1,1,0,1,0
minute_35_00,63310,410,2320,1,27,caption_plus_3,24,26,1,measured,32.292187,7.579203,0.860720,1.000000,0.250000,1.000000,2.500000,2.000000,3.000000,1,1,0,1,0
minute_35_00,63310,410,2320,2,286,line_286,-1,286,1,measured,46.437500,46.279476,1.749609,1.000000,0.250000,1.000000,2.500000,2.000000,3.000000,1,1,0,1,0
minute_35_00,63310,410,2320,2,287,line_287,-1,286,1,measured,24.485937,38.354431,2.553991,1.000000,0.250000,1.000000,2.500000,2.000000,3.000000,1,1,0,1,0
minute_35_00,63310,410,2320,2,288,line_288,-1,286,1,measured,32.396873,7.790539,0.899844,1.000000,0.250000,1.000000,2.500000,2.000000,3.000000,1,1,0,1,0
minute_35_00,63311,411,2321,1,24,caption_plus_1,23,23,0,vbi_ambiguous,21.721874,2.782336,0.815336,1.000000,0.250000,1.000000,2.500000,2.000000,3.000000,1,1,0,1,0
minute_35_00,63311,411,2321,1,25,caption_plus_2,23,23,0,vbi_ambiguous,27.031250,3.625727,0.807512,1.000000,0.250000,1.000000,2.500000,2.000000,3.000000,1,1,0,1,0
minute_35_00,63311,411,2321,1,26,caption_plus_3,23,23,0,vbi_ambiguous,28.487499,4.009734,0.787167,1.000000,0.250000,1.000000,2.500000,2.000000,3.000000,1,1,0,1,0
minute_35_00,63311,411,2321,2,286,line_286,-1,286,1,measured,45.590626,45.792786,1.758998,1.000000,0.250000,1.000000,2.500000,2.000000,3.000000,1,1,0,1,0
minute_35_00,63311,411,2321,2,287,line_287,-1,286,1,measured,28.135937,43.445423,3.042253,1.000000,0.250000,1.000000,2.500000,2.000000,3.000000,1,1,1,1,0
minute_35_00,63311,411,2321,2,288,line_288,-1,286,1,measured,28.728125,4.662465,0.876369,1.000000,0.250000,1.000000,2.500000,2.000000,3.000000,1,1,0,1,0
minute_35_00,63312,412,2322,1,25,caption_plus_1,24,26,1,measured,21.871876,2.609925,0.874804,1.000000,0.250000,1.000000,2.500000,2.000000,3.000000,1,1,0,1,0
minute_35_00,63312,412,2322,1,26,caption_plus_2,24,26,1,measured,35.926563,10.828604,0.968701,1.000000,0.250000,1.000000,2.500000,2.000000,3.000000,1,1,0,1,0
minute_35_00,63312,412,2322,1,27,caption_plus_3,24,26,1,measured,34.682812,9.890226,0.945227,1.000000,0.250000,1.000000,2.500000,2.000000,3.000000,1,1,0,1,0
minute_35_00,63312,412,2322,2,286,line_286,-1,288,1,measured,43.565624,45.579552,1.751174,1.000000,0.250000,1.000000,2.500000,2.000000,3.000000,1,1,0,1,0
minute_35_00,63312,412,2322,2,287,line_287,-1,288,1,measured,27.485937,43.920525,3.029734,1.000000,0.250000,1.000000,2.500000,2.000000,3.000000,1,1,1,1,0
minute_35_00,63312,412,2322,2,288,line_288,-1,288,1,measured,45.974998,21.534115,1.323944,1.000000,0.250000,1.000000,2.500000,2.000000,3.000000,1,1,0,1,0
minute_35_00,63313,413,2323,1,24,caption_plus_1,23,25,1,measured,21.482813,2.727697,0.845070,1.000000,0.250000,1.000000,2.500000,2.000000,3.000000,1,1,0,1,0
minute_35_00,63313,413,2323,1,25,caption_plus_2,23,25,1,measured,36.717186,12.172446,1.020344,1.000000,0.250000,1.000000,2.500000,2.000000,3.000000,1,1,0,1,0
minute_35_00,63313,413,2323,1,26,caption_plus_3,23,25,1,measured,34.979687,10.655452,0.921753,1.000000,0.250000,1.000000,2.500000,2.000000,3.000000,1,1,0,1,0
minute_35_00,63313,413,2323,2,286,line_286,-1,286,1,measured,44.954689,45.906181,1.699530,1.000000,0.250000,1.000000,2.500000,2.000000,3.000000,1,1,0,1,0
minute_35_00,63313,413,2323,2,287,line_287,-1,286,1,measured,29.062500,44.487560,2.898278,1.000000,0.250000,1.000000,2.500000,2.000000,3.000000,1,1,0,1,0
minute_35_00,63313,413,2323,2,288,line_288,-1,286,1,measured,29.115625,5.152888,0.810642,1.000000,0.250000,1.000000,2.500000,2.000000,3.000000,1,1,0,1,0
minute_35_00,63314,414,2324,1,24,caption_plus_1,23,23,0,vbi_ambiguous,20.798437,2.573603,0.852895,1.000000,0.250000,1.000000,2.500000,2.000000,3.000000,1,1,0,1,0
minute_35_00,63314,414,2324,1,25,caption_plus_2,23,23,0,vbi_ambiguous,26.714062,3.689231,0.804382,1.000000,0.250000,1.000000,2.500000,2.000000,3.000000,1,1,0,1,0
minute_35_00,63314,414,2324,1,26,caption_plus_3,23,23,0,vbi_ambiguous,27.370312,4.545815,0.816901,1.000000,0.250000,1.000000,2.500000,2.000000,3.000000,1,1,0,1,0
minute_35_00,63314,414,2324,2,286,line_286,-1,286,1,measured,43.998436,45.632858,1.688576,1.000000,0.250000,1.000000,2.500000,2.000000,3.000000,1,1,0,1,0
minute_35_00,63314,414,2324,2,287,line_287,-1,286,1,measured,28.459375,42.502556,2.530516,1.000000,0.250000,1.000000,2.500000,2.000000,3.000000,1,1,0,1,0
minute_35_00,63314,414,2324,2,288,line_288,-1,286,1,measured,32.542187,8.975214,0.967136,1.000000,0.250000,1.000000,2.500000,2.000000,3.000000,1,1,0,1,0
minute_35_00,63315,415,2325,1,24,caption_plus_1,23,25,1,measured,20.635937,2.672246,0.893584,1.000000,0.250000,1.000000,2.500000,2.000000,3.000000,1,1,0,1,0
minute_35_00,63315,415,2325,1,25,caption_plus_2,23,25,1,measured,34.092186,12.585555,1.253521,1.000000,0.250000,1.000000,2.500000,2.000000,3.000000,1,1,0,1,0
minute_35_00,63315,415,2325,1,26,caption_plus_3,23,25,1,measured,34.729687,11.989985,1.140845,1.000000,0.250000,1.000000,2.500000,2.000000,3.000000,1,1,0,1,0
minute_35_00,63315,415,2325,2,286,line_286,-1,286,1,measured,43.284374,45.565445,1.682316,1.000000,0.250000,1.000000,2.500000,2.000000,3.000000,1,1,0,1,0
minute_35_00,63315,415,2325,2,287,line_287,-1,286,1,measured,27.851562,43.944160,2.835681,1.000000,0.250000,1.000000,2.500000,2.000000,3.000000,1,1,0,1,0
minute_35_00,63315,415,2325,2,288,line_288,-1,286,1,measured,33.448437,10.966305,0.985915,1.000000,0.250000,1.000000,2.500000,2.000000,3.000000,1,1,0,1,0
minute_35_00,63316,416,2326,1,24,caption_plus_1,23,23,0,vbi_ambiguous,20.923437,2.151761,0.874804,1.000000,0.250000,1.000000,2.500000,2.000000,3.000000,1,1,0,1,0
minute_35_00,63316,416,2326,1,25,caption_plus_2,23,23,0,vbi_ambiguous,27.554688,3.796397,0.862285,1.000000,0.250000,1.000000,2.500000,2.000000,3.000000,1,1,0,1,0
minute_35_00,63316,416,2326,1,26,caption_plus_3,23,23,0,vbi_ambiguous,29.089062,4.926320,0.816901,1.000000,0.250000,1.000000,2.500000,2.000000,3.000000,1,1,0,1,0
minute_35_00,63316,416,2326,2,286,line_286,-1,286,1,measured,43.957813,45.473549,1.746479,1.000000,0.250000,1.000000,2.500000,2.000000,3.000000,1,1,0,1,0
minute_35_00,63316,416,2326,2,287,line_287,-1,286,1,measured,28.089062,43.606224,2.386541,1.000000,0.250000,1.000000,2.500000,2.000000,3.000000,1,1,0,1,0
minute_35_00,63316,416,2326,2,288,line_288,-1,286,1,measured,28.057812,4.287493,0.843506,1.000000,0.250000,1.000000,2.500000,2.000000,3.000000,1,1,0,1,0
minute_35_00,63317,417,2327,1,24,caption_plus_1,23,23,0,vbi_ambiguous,21.171875,2.627110,0.902973,1.000000,0.250000,1.000000,2.500000,2.000000,3.000000,1,1,0,1,0
minute_35_00,63317,417,2327,1,25,caption_plus_2,23,23,0,vbi_ambiguous,28.228125,6.024001,0.845070,1.000000,0.250000,1.000000,2.500000,2.000000,3.000000,1,1,0,1,0
minute_35_00,63317,417,2327,1,26,caption_plus_3,23,23,0,vbi_ambiguous,27.467188,5.425534,0.837246,1.000000,0.250000,1.000000,2.500000,2.000000,3.000000,1,1,0,1,0
minute_35_00,63317,417,2327,2,286,line_286,-1,286,1,measured,42.768749,45.346336,1.655712,1.000000,0.250000,1.000000,2.500000,2.000000,3.000000,1,1,0,1,0
minute_35_00,63317,417,2327,2,287,line_287,-1,286,1,measured,32.525002,47.818760,2.663537,1.000000,0.250000,1.000000,2.500000,2.000000,3.000000,1,1,0,1,0
minute_35_00,63317,417,2327,2,288,line_288,-1,286,1,measured,36.751564,14.080212,1.156494,1.000000,0.250000,1.000000,2.500000,2.000000,3.000000,1,1,0,1,0
minute_35_00,63318,418,2328,1,24,caption_plus_1,23,25,1,measured,21.076563,2.396367,0.868545,1.000000,0.250000,1.000000,2.500000,2.000000,3.000000,1,1,0,1,0
minute_35_00,63318,418,2328,1,25,caption_plus_2,23,25,1,measured,35.712502,13.750745,1.059468,1.000000,0.250000,1.000000,2.500000,2.000000,3.000000,1,1,0,1,0
minute_35_00,63318,418,2328,1,26,caption_plus_3,23,25,1,measured,34.771873,12.200838,1.142410,1.000000,0.250000,1.000000,2.500000,2.000000,3.000000,1,1,0,1,0
minute_35_00,63318,418,2328,2,286,line_286,-1,286,1,measured,44.251564,45.047173,1.696401,1.000000,0.250000,1.000000,2.500000,2.000000,3.000000,1,1,0,1,0
minute_35_00,63318,418,2328,2,287,line_287,-1,286,1,measured,24.690624,36.996765,2.446009,1.000000,0.250000,1.000000,2.500000,2.000000,3.000000,1,1,0,1,0
minute_35_00,63318,418,2328,2,288,line_288,-1,286,1,measured,29.003124,5.711555,0.928012,1.000000,0.250000,1.000000,2.500000,2.000000,3.000000,1,1,0,1,0
minute_35_00,63319,419,2329,1,24,caption_plus_1,23,25,1,measured,20.717188,2.649826,0.877934,1.000000,0.250000,1.000000,2.500000,2.000000,3.000000,1,1,0,1,0
minute_35_00,63319,419,2329,1,25,caption_plus_2,23,25,1,measured,30.273438,7.946220,1.101721,1.000000,0.250000,1.000000,2.500000,2.000000,3.000000,1,1,0,1,0
minute_35_00,63319,419,2329,1,26,caption_plus_3,23,25,1,measured,32.349998,9.207300,0.971831,1.000000,0.250000,1.000000,2.500000,2.000000,3.000000,1,1,0,1,0
minute_35_00,63319,419,2329,2,286,line_286,-1,286,1,measured,42.989063,45.036427,1.729264,1.000000,0.250000,1.000000,2.500000,2.000000,3.000000,1,1,0,1,0
minute_35_00,63319,419,2329,2,287,line_287,-1,286,1,measured,28.059376,42.121693,2.960876,1.000000,0.250000,1.000000,2.500000,2.000000,3.000000,1,1,0,1,0
minute_35_00,63319,419,2329,2,288,line_288,-1,286,1,measured,35.490623,12.579121,1.126761,1.000000,0.250000,1.000000,2.500000,2.000000,3.000000,1,1,0,1,0
minute_35_00,63320,420,2330,1,24,caption_plus_1,23,25,1,measured,20.371876,2.382060,0.845070,1.000000,0.250000,1.000000,2.500000,2.000000,3.000000,1,1,0,1,0
minute_35_00,63320,420,2330,1,25,caption_plus_2,23,25,1,measured,32.085938,9.741364,0.957747,1.000000,0.250000,1.000000,2.500000,2.000000,3.000000,1,1,0,1,0
minute_35_00,63320,420,2330,1,26,caption_plus_3,23,25,1,measured,34.107811,10.349030,0.912363,1.000000,0.250000,1.000000,2.500000,2.000000,3.000000,1,1,0,1,0
minute_35_00,63320,420,2330,2,286,line_286,-1,286,1,measured,43.996876,45.113815,1.748044,1.000000,0.250000,1.000000,2.500000,2.000000,3.000000,1,1,0,1,0
minute_35_00,63320,420,2330,2,287,line_287,-1,286,1,measured,28.570312,43.354942,3.208138,1.000000,0.250000,1.000000,2.500000,2.000000,3.000000,1,1,1,1,0
minute_35_00,63320,420,2330,2,288,line_288,-1,286,1,measured,32.393749,10.733037,0.995305,1.000000,0.250000,1.000000,2.500000,2.000000,3.000000,1,1,0,1,0
minute_35_00,63321,421,2331,1,24,caption_plus_1,23,23,0,vbi_ambiguous,20.759375,2.554697,0.912363,1.000000,0.250000,1.000000,2.500000,2.000000,3.000000,1,1,0,1,0
minute_35_00,63321,421,2331,1,25,caption_plus_2,23,23,0,vbi_ambiguous,27.060938,4.861620,0.892019,1.000000,0.250000,1.000000,2.500000,2.000000,3.000000,1,1,0,1,0
minute_35_00,63321,421,2331,1,26,caption_plus_3,23,23,0,vbi_ambiguous,28.895313,5.461225,0.832551,1.000000,0.250000,1.000000,2.500000,2.000000,3.000000,1,1,0,1,0
minute_35_00,63321,421,2331,2,286,line_286,-1,286,1,measured,43.315624,45.784451,1.665102,1.000000,0.250000,1.000000,2.500000,2.000000,3.000000,1,1,0,1,0
minute_35_00,63321,421,2331,2,287,line_287,-1,286,1,measured,28.779688,43.295856,2.845070,1.000000,0.250000,1.000000,2.500000,2.000000,3.000000,1,1,0,1,0
minute_35_00,63321,421,2331,2,288,line_288,-1,286,1,measured,29.037500,4.814869,0.818466,1.000000,0.250000,1.000000,2.500000,2.000000,3.000000,1,1,0,1,0
minute_35_00,63322,422,2332,1,24,caption_plus_1,23,23,0,vbi_ambiguous,20.468750,2.459476,0.859155,1.000000,0.250000,1.000000,2.500000,2.000000,3.000000,1,1,0,1,0
minute_35_00,63322,422,2332,1,25,caption_plus_2,23,23,0,vbi_ambiguous,26.498438,3.791849,0.773083,1.000000,0.250000,1.000000,2.500000,2.000000,3.000000,1,1,0,1,0
minute_35_00,63322,422,2332,1,26,caption_plus_3,23,23,0,vbi_ambiguous,28.082813,4.195722,0.801252,1.000000,0.250000,1.000000,2.500000,2.000000,3.000000,1,1,0,1,0
minute_35_00,63322,422,2332,2,286,line_286,-1,286,1,measured,44.682812,44.689285,1.740219,1.000000,0.250000,1.000000,2.500000,2.000000,3.000000,1,1,0,1,0
minute_35_00,63322,422,2332,2,287,line_287,-1,286,1,measured,65.335938,60.256882,7.361502,1.000000,0.250000,1.000000,2.500000,2.000000,3.000000,1,1,1,1,0
minute_35_00,63322,422,2332,2,288,line_288,-1,286,1,measured,34.567188,12.503819,1.359937,1.000000,0.250000,1.000000,2.500000,2.000000,3.000000,1,1,0,1,0
minute_35_00,63323,423,2333,1,24,caption_plus_1,23,25,1,measured,21.948437,2.649085,0.871674,1.000000,0.250000,1.000000,2.500000,2.000000,3.000000,1,1,0,1,0
minute_35_00,63323,423,2333,1,25,caption_plus_2,23,25,1,measured,36.515625,14.066685,1.175274,1.000000,0.250000,1.000000,2.500000,2.000000,3.000000,1,1,0,1,0
minute_35_00,63323,423,2333,1,26,caption_plus_3,23,25,1,measured,40.512501,15.040462,1.192488,1.000000,0.250000,1.000000,2.500000,2.000000,3.000000,1,1,0,1,0
minute_35_00,63323,423,2333,2,286,line_286,-1,286,1,measured,43.864063,44.056557,1.636933,1.000000,0.250000,1.000000,2.500000,2.000000,3.000000,1,1,0,1,0
minute_35_00,63323,423,2333,2,287,line_287,-1,286,1,measured,69.009377,59.702152,7.497653,1.000000,0.250000,1.000000,2.500000,2.000000,3.000000,1,1,1,1,0
minute_35_00,63323,423,2333,2,288,line_288,-1,286,1,measured,28.620312,7.250726,0.992175,1.000000,0.250000,1.000000,2.500000,2.000000,3.000000,1,1,0,1,0
minute_35_00,63324,424,2334,1,24,caption_plus_1,23,23,0,vbi_ambiguous,21.632812,3.010064,0.885759,1.000000,0.250000,1.000000,2.500000,2.000000,3.000000,1,1,0,1,0
minute_35_00,63324,424,2334,1,25,caption_plus_2,23,23,0,vbi_ambiguous,27.193750,3.399443,0.807512,1.000000,0.250000,1.000000,2.500000,2.000000,3.000000,1,1,0,1,0
minute_35_00,63324,424,2334,1,26,caption_plus_3,23,23,0,vbi_ambiguous,29.589062,4.096669,0.793427,1.000000,0.250000,1.000000,2.500000,2.000000,3.000000,1,1,0,1,0
minute_35_00,63324,424,2334,2,286,line_286,-1,286,1,measured,45.239063,44.044552,1.615023,1.000000,0.250000,1.000000,2.500000,2.000000,3.000000,1,1,0,1,0
minute_35_00,63324,424,2334,2,287,line_287,-1,286,1,measured,71.807816,61.847385,7.697966,1.000000,0.250000,1.000000,2.500000,2.000000,3.000000,1,1,1,1,0
minute_35_00,63324,424,2334,2,288,line_288,-1,286,1,measured,26.651562,4.363431,0.870110,1.000000,0.250000,1.000000,2.500000,2.000000,3.000000,1,1,0,1,0
minute_35_00,63325,425,2335,1,25,caption_plus_1,24,26,1,measured,20.903126,2.482436,0.885759,1.000000,0.250000,1.000000,2.500000,2.000000,3.000000,1,1,0,1,0
minute_35_00,63325,425,2335,1,26,caption_plus_2,24,26,1,measured,32.810936,9.383173,0.902973,1.000000,0.250000,1.000000,2.500000,2.000000,3.000000,1,1,0,1,0
minute_35_00,63325,425,2335,1,27,caption_plus_3,24,26,1,measured,32.798439,8.426243,0.915493,1.000000,0.250000,1.000000,2.500000,2.000000,3.000000,1,1,0,1,0
minute_35_00,63325,425,2335,2,286,line_286,-1,286,1,measured,43.540627,44.215931,1.713615,1.000000,0.250000,1.000000,2.500000,2.000000,3.000000,1,1,0,1,0
minute_35_00,63325,425,2335,2,287,line_287,-1,286,1,measured,74.454689,60.949299,7.003130,1.000000,0.250000,1.000000,2.500000,2.000000,3.000000,1,1,1,1,0
minute_35_00,63325,425,2335,2,288,line_288,-1,286,1,measured,32.000000,11.335233,1.120501,1.000000,0.250000,1.000000,2.500000,2.000000,3.000000,1,1,0,1,0
minute_35_00,63326,426,2336,1,24,caption_plus_1,23,25,1,measured,20.979687,2.654812,0.931142,1.000000,0.250000,1.000000,2.500000,2.000000,3.000000,1,1,0,1,0
minute_35_00,63326,426,2336,1,25,caption_plus_2,23,25,1,measured,31.671875,9.261909,1.009390,1.000000,0.250000,1.000000,2.500000,2.000000,3.000000,1,1,0,1,0
minute_35_00,63326,426,2336,1,26,caption_plus_3,23,25,1,measured,30.901562,5.717407,0.799687,1.000000,0.250000,1.000000,2.500000,2.000000,3.000000,1,1,0,1,0
minute_35_00,63326,426,2336,2,286,line_286,-1,286,1,measured,43.776562,44.276669,1.630673,1.000000,0.250000,1.000000,2.500000,2.000000,3.000000,1,1,0,1,0
minute_35_00,63326,426,2336,2,287,line_287,-1,286,1,measured,65.579689,62.029705,6.663537,1.000000,0.250000,1.000000,2.500000,2.000000,3.000000,1,1,1,1,0
minute_35_00,63326,426,2336,2,288,line_288,-1,286,1,measured,29.315624,6.398272,0.917058,1.000000,0.250000,1.000000,2.500000,2.000000,3.000000,1,1,0,1,0
minute_35_00,63327,427,2337,1,24,caption_plus_1,23,23,0,vbi_ambiguous,20.553125,2.185247,0.804382,1.000000,0.250000,1.000000,2.500000,2.000000,3.000000,1,1,0,1,0
minute_35_00,63327,427,2337,1,25,caption_plus_2,23,23,0,vbi_ambiguous,27.848438,5.879027,0.859155,1.000000,0.250000,1.000000,2.500000,2.000000,3.000000,1,1,0,1,0
minute_35_00,63327,427,2337,1,26,caption_plus_3,23,23,0,vbi_ambiguous,29.415625,4.992094,0.834116,1.000000,0.250000,1.000000,2.500000,2.000000,3.000000,1,1,0,1,0
minute_35_00,63327,427,2337,2,286,line_286,-1,286,1,measured,44.857811,44.402882,1.665102,1.000000,0.250000,1.000000,2.500000,2.000000,3.000000,1,1,0,1,0
minute_35_00,63327,427,2337,2,287,line_287,-1,286,1,measured,66.184372,61.792522,6.507042,1.000000,0.250000,1.000000,2.500000,2.000000,3.000000,1,1,1,1,0
minute_35_00,63327,427,2337,2,288,line_288,-1,286,1,measured,29.814062,7.340052,0.987480,1.000000,0.250000,1.000000,2.500000,2.000000,3.000000,1,1,0,1,0
minute_35_00,63328,428,2338,1,25,caption_plus_1,24,26,1,measured,22.507812,2.320412,0.866980,1.000000,0.250000,1.000000,2.500000,2.000000,3.000000,1,1,0,1,0
minute_35_00,63328,428,2338,1,26,caption_plus_2,24,26,1,measured,32.907814,10.556512,1.436620,1.000000,0.250000,1.000000,2.500000,2.000000,3.000000,1,1,0,1,0
minute_35_00,63328,428,2338,1,27,caption_plus_3,24,26,1,measured,31.312500,6.782503,1.029734,1.000000,0.250000,1.000000,2.500000,2.000000,3.000000,1,1,0,1,0
minute_35_00,63328,428,2338,2,286,line_286,-1,288,1,measured,45.342186,44.375214,1.719875,1.000000,0.250000,1.000000,2.500000,2.000000,3.000000,1,1,0,1,0
minute_35_00,63328,428,2338,2,287,line_287,-1,288,1,measured,29.348438,42.341972,2.868545,1.000000,0.250000,1.000000,2.500000,2.000000,3.000000,1,1,0,1,0
minute_35_00,63328,428,2338,2,288,line_288,-1,288,1,measured,38.504688,15.150804,1.164319,1.000000,0.250000,1.000000,2.500000,2.000000,3.000000,1,1,0,1,0
minute_35_00,63329,429,2339,1,24,caption_plus_1,23,25,1,measured,21.554688,2.624430,0.909233,1.000000,0.250000,1.000000,2.500000,2.000000,3.000000,1,1,0,1,0
minute_35_00,63329,429,2339,1,25,caption_plus_2,23,25,1,measured,38.148438,14.140969,1.070423,1.000000,0.250000,1.000000,2.500000,2.000000,3.000000,1,1,0,1,0
minute_35_00,63329,429,2339,1,26,caption_plus_3,23,25,1,measured,38.174999,12.029807,0.893584,1.000000,0.250000,1.000000,2.500000,2.000000,3.000000,1,1,0,1,0
minute_35_00,63329,429,2339,2,286,line_286,-1,286,1,measured,45.471874,44.260334,1.707355,1.000000,0.250000,1.000000,2.500000,2.000000,3.000000,1,1,0,1,0
minute_35_00,63329,429,2339,2,287,line_287,-1,286,1,measured,34.264061,46.639816,3.075117,1.000000,0.250000,1.000000,2.500000,2.000000,3.000000,1,1,1,1,0
minute_35_00,63329,429,2339,2,288,line_288,-1,286,1,measured,31.331249,7.766492,0.849765,1.000000,0.250000,1.000000,2.500000,2.000000,3.000000,1,1,0,1,0
minute_35_00,63330,430,2340,1,24,caption_plus_1,23,23,0,vbi_ambiguous,23.232813,2.141958,0.802817,1.000000,0.250000,1.000000,2.500000,2.000000,3.000000,1,1,0,1,0
minute_35_00,63330,430,2340,1,25,caption_plus_2,23,23,0,vbi_ambiguous,29.146875,3.533808,0.780908,1.000000,0.250000,1.000000,2.500000,2.000000,3.000000,1,1,0,1,0
minute_35_00,63330,430,2340,1,26,caption_plus_3,23,23,0,vbi_ambiguous,30.754688,4.229452,0.802817,1.000000,0.250000,1.000000,2.500000,2.000000,3.000000,1,1,0,1,0
minute_35_00,63330,430,2340,2,286,line_286,-1,286,1,measured,44.823437,44.530766,1.630673,1.000000,0.250000,1.000000,2.500000,2.000000,3.000000,1,1,0,1,0
minute_35_00,63330,430,2340,2,287,line_287,-1,286,1,measured,28.940624,41.804001,2.344288,1.000000,0.250000,1.000000,2.500000,2.000000,3.000000,1,1,0,1,0
minute_35_00,63330,430,2340,2,288,line_288,-1,286,1,measured,29.812500,4.436620,0.884194,1.000000,0.250000,1.000000,2.500000,2.000000,3.000000,1,1,0,1,0
minute_35_00,63331,431,2341,1,24,caption_plus_1,23,25,1,measured,22.214062,2.425024,0.901408,1.000000,0.250000,1.000000,2.500000,2.000000,3.000000,1,1,0,1,0
minute_35_00,63331,431,2341,1,25,caption_plus_2,23,25,1,measured,30.978125,7.791592,0.915493,1.000000,0.250000,1.000000,2.500000,2.000000,3.000000,1,1,0,1,0
minute_35_00,63331,431,2341,1,26,caption_plus_3,23,25,1,measured,31.329687,7.776310,0.885759,1.000000,0.250000,1.000000,2.500000,2.000000,3.000000,1,1,0,1,0
minute_35_00,63331,431,2341,2,286,line_286,-1,286,1,measured,44.051563,43.780979,1.672926,1.000000,0.250000,1.000000,2.500000,2.000000,3.000000,1,1,0,1,0
minute_35_00,63331,431,2341,2,287,line_287,-1,286,1,measured,34.179688,46.970440,3.137715,1.000000,0.250000,1.000000,2.500000,2.000000,3.000000,1,1,1,1,0
minute_35_00,63331,431,2341,2,288,line_288,-1,286,1,measured,35.262501,11.889064,1.111111,1.000000,0.250000,1.000000,2.500000,2.000000,3.000000,1,1,0,1,0
minute_35_00,63332,432,2342,1,24,caption_plus_1,23,25,1,measured,22.223438,2.534465,0.812207,1.000000,0.250000,1.000000,2.500000,2.000000,3.000000,1,1,0,1,0
minute_35_00,63332,432,2342,1,25,caption_plus_2,23,25,1,measured,30.429688,6.291715,0.810642,1.000000,0.250000,1.000000,2.500000,2.000000,3.000000,1,1,0,1,0
minute_35_00,63332,432,2342,1,26,caption_plus_3,23,25,1,measured,31.950001,6.306048,0.813772,1.000000,0.250000,1.000000,2.500000,2.000000,3.000000,1,1,0,1,0
minute_35_00,63332,432,2342,2,286,line_286,-1,286,1,measured,45.220314,44.760685,1.613459,1.000000,0.250000,1.000000,2.500000,2.000000,3.000000,1,1,0,1,0
minute_35_00,63332,432,2342,2,287,line_287,-1,286,1,measured,24.125000,35.738285,2.187793,1.000000,0.250000,1.000000,2.500000,2.000000,3.000000,1,1,0,1,0
minute_35_00,63332,432,2342,2,288,line_288,-1,286,1,measured,31.071875,6.007378,0.892019,1.000000,0.250000,1.000000,2.500000,2.000000,3.000000,1,1,0,1,0
minute_35_00,63333,433,2343,1,25,caption_plus_1,24,23,0,vbi_ambiguous,21.712500,2.737215,0.874804,1.000000,0.250000,1.000000,2.500000,2.000000,3.000000,1,1,0,1,0
minute_35_00,63333,433,2343,1,26,caption_plus_2,24,23,0,vbi_ambiguous,25.990625,3.337744,0.755869,1.000000,0.250000,1.000000,2.500000,2.000000,3.000000,1,1,0,1,0
minute_35_00,63333,433,2343,1,27,caption_plus_3,24,23,0,vbi_ambiguous,27.923437,3.624838,0.809077,1.000000,0.250000,1.000000,2.500000,2.000000,3.000000,1,1,0,1,0
minute_35_00,63333,433,2343,2,286,line_286,-1,288,1,measured,44.410938,44.730671,1.694836,1.000000,0.250000,1.000000,2.500000,2.000000,3.000000,1,1,0,1,0
minute_35_00,63333,433,2343,2,287,line_287,-1,288,1,measured,24.017187,37.420055,2.386541,1.000000,0.250000,1.000000,2.500000,2.000000,3.000000,1,1,0,1,0
minute_35_00,63333,433,2343,2,288,line_288,-1,288,1,measured,33.799999,10.604274,1.004695,1.000000,0.250000,1.000000,2.500000,2.000000,3.000000,1,1,0,1,0
minute_35_00,63334,434,2344,1,24,caption_plus_1,23,25,1,measured,22.026562,2.861531,0.920188,1.000000,0.250000,1.000000,2.500000,2.000000,3.000000,1,1,0,1,0
minute_35_00,63334,434,2344,1,25,caption_plus_2,23,25,1,measured,37.101562,13.607236,1.042253,1.000000,0.250000,1.000000,2.500000,2.000000,3.000000,1,1,0,1,0
minute_35_00,63334,434,2344,1,26,caption_plus_3,23,25,1,measured,38.657814,12.869541,1.032864,1.000000,0.250000,1.000000,2.500000,2.000000,3.000000,1,1,0,1,0
minute_35_00,63334,434,2344,2,286,line_286,-1,286,1,measured,43.842186,44.338947,1.654147,1.000000,0.250000,1.000000,2.500000,2.000000,3.000000,1,1,0,1,0
minute_35_00,63334,434,2344,2,287,line_287,-1,286,1,measured,53.220314,59.032566,5.710485,1.000000,0.250000,1.000000,2.500000,2.000000,3.000000,1,1,1,1,0
minute_35_00,63334,434,2344,2,288,line_288,-1,286,1,measured,32.656250,11.488470,1.165884,1.000000,0.250000,1.000000,2.500000,2.000000,3.000000,1,1,0,1,0
minute_35_00,63335,435,2345,1,24,caption_plus_1,23,23,0,vbi_ambiguous,22.023438,2.790791,0.915493,1.000000,0.250000,1.000000,2.500000,2.000000,3.000000,1,1,0,1,0
minute_35_00,63335,435,2345,1,25,caption_plus_2,23,23,0,vbi_ambiguous,27.329687,3.629187,0.843506,1.000000,0.250000,1.000000,2.500000,2.000000,3.000000,1,1,0,1,0
minute_35_00,63335,435,2345,1,26,caption_plus_3,23,23,0,vbi_ambiguous,29.807812,5.987665,0.810642,1.000000,0.250000,1.000000,2.500000,2.000000,3.000000,1,1,0,1,0
minute_35_00,63335,435,2345,2,286,line_286,-1,286,1,measured,45.268749,44.848316,1.624413,1.000000,0.250000,1.000000,2.500000,2.000000,3.000000,1,1,0,1,0
minute_35_00,63335,435,2345,2,287,line_287,-1,286,1,measured,55.693748,59.720783,5.921753,1.000000,0.250000,1.000000,2.500000,2.000000,3.000000,1,1,1,1,0
minute_35_00,63335,435,2345,2,288,line_288,-1,286,1,measured,29.757812,4.687994,0.834116,1.000000,0.250000,1.000000,2.500000,2.000000,3.000000,1,1,0,1,0
minute_35_00,63336,436,2346,1,24,caption_plus_1,23,23,0,vbi_ambiguous,20.151562,2.375756,0.882629,1.000000,0.250000,1.000000,2.500000,2.000000,3.000000,1,1,0,1,0
minute_35_00,63336,436,2346,1,25,caption_plus_2,23,23,0,vbi_ambiguous,27.906250,4.297233,0.812207,1.000000,0.250000,1.000000,2.500000,2.000000,3.000000,1,1,0,1,0
minute_35_00,63336,436,2346,1,26,caption_plus_3,23,23,0,vbi_ambiguous,29.968750,4.877784,0.793427,1.000000,0.250000,1.000000,2.500000,2.000000,3.000000,1,1,0,1,0
minute_35_00,63336,436,2346,2,286,line_286,-1,286,1,measured,44.581249,44.464550,1.748044,1.000000,0.250000,1.000000,2.500000,2.000000,3.000000,1,1,0,1,0
minute_35_00,63336,436,2346,2,287,line_287,-1,286,1,measured,22.918751,35.905949,2.306729,1.000000,0.250000,1.000000,2.500000,2.000000,3.000000,1,1,0,1,0
minute_35_00,63336,436,2346,2,288,line_288,-1,286,1,measured,29.279688,5.350078,0.804382,1.000000,0.250000,1.000000,2.500000,2.000000,3.000000,1,1,0,1,0
minute_35_00,63337,437,2347,1,24,caption_plus_1,23,23,0,vbi_ambiguous,20.975000,2.791057,0.865415,1.000000,0.250000,1.000000,2.500000,2.000000,3.000000,1,1,0,1,0
minute_35_00,63337,437,2347,1,25,caption_plus_2,23,23,0,vbi_ambiguous,27.339062,3.706292,0.799687,1.000000,0.250000,1.000000,2.500000,2.000000,3.000000,1,1,0,1,0
minute_35_00,63337,437,2347,1,26,caption_plus_3,23,23,0,vbi_ambiguous,29.398438,4.556486,0.738654,1.000000,0.250000,1.000000,2.500000,2.000000,3.000000,1,1,0,1,0
minute_35_00,63337,437,2347,2,286,line_286,-1,286,1,measured,43.010937,44.149300,1.708920,1.000000,0.250000,1.000000,2.500000,2.000000,3.000000,1,1,0,1,0
minute_35_00,63337,437,2347,2,287,line_287,-1,286,1,measured,28.026562,42.215305,3.025039,1.000000,0.250000,1.000000,2.500000,2.000000,3.000000,1,1,1,1,0
minute_35_00,63337,437,2347,2,288,line_288,-1,286,1,measured,30.884375,6.819027,0.892019,1.000000,0.250000,1.000000,2.500000,2.000000,3.000000,1,1,0,1,0
minute_35_00,63338,438,2348,1,25,caption_plus_1,24,26,1,measured,21.643749,2.653057,0.931142,1.000000,0.250000,1.000000,2.500000,2.000000,3.000000,1,1,0,1,0
minute_35_00,63338,438,2348,1,26,caption_plus_2,24,26,1,measured,38.304688,13.169423,0.863850,1.000000,0.250000,1.000000,2.500000,2.000000,3.000000,1,1,0,1,0
minute_35_00,63338,438,2348,1,27,caption_plus_3,24,26,1,measured,37.792187,12.600183,0.870110,1.000000,0.250000,1.000000,2.500000,2.000000,3.000000,1,1,0,1,0
minute_35_00,63338,438,2348,2,286,line_286,-1,288,1,measured,42.442188,44.177303,1.751174,1.000000,0.250000,1.000000,2.500000,2.000000,3.000000,1,1,0,1,0
minute_35_00,63338,438,2348,2,287,line_287,-1,288,1,measured,27.343750,42.359295,2.696401,1.000000,0.250000,1.000000,2.500000,2.000000,3.000000,1,1,0,1,0
minute_35_00,63338,438,2348,2,288,line_288,-1,288,1,measured,40.093750,14.844948,1.087637,1.000000,0.250000,1.000000,2.500000,2.000000,3.000000,1,1,0,1,0
minute_35_00,63339,439,2349,1,24,caption_plus_1,23,25,1,measured,21.415625,2.533354,0.823161,1.000000,0.250000,1.000000,2.500000,2.000000,3.000000,1,1,0,1,0
minute_35_00,63339,439,2349,1,25,caption_plus_2,23,25,1,measured,34.473438,12.448993,1.154930,1.000000,0.250000,1.000000,2.500000,2.000000,3.000000,1,1,0,1,0
minute_35_00,63339,439,2349,1,26,caption_plus_3,23,25,1,measured,35.821877,11.572845,0.998435,1.000000,0.250000,1.000000,2.500000,2.000000,3.000000,1,1,0,1,0
minute_35_00,63339,439,2349,2,286,line_286,-1,286,1,measured,44.450001,44.812290,1.688576,1.000000,0.250000,1.000000,2.500000,2.000000,3.000000,1,1,0,1,0
minute_35_00,63339,439,2349,2,287,line_287,-1,286,1,measured,28.279688,42.286209,2.261346,1.000000,0.250000,1.000000,2.500000,2.000000,3.000000,1,1,0,1,0
minute_35_00,63339,439,2349,2,288,line_288,-1,286,1,measured,35.076561,12.026875,1.031299,1.000000,0.250000,1.000000,2.500000,2.000000,3.000000,1,1,0,1,0
minute_35_00,63340,440,2350,1,24,caption_plus_1,23,25,1,measured,22.398438,2.721270,0.845070,1.000000,0.250000,1.000000,2.500000,2.000000,3.000000,1,1,0,1,0
minute_35_00,63340,440,2350,1,25,caption_plus_2,23,25,1,measured,32.165627,6.940421,0.807512,1.000000,0.250000,1.000000,2.500000,2.000000,3.000000,1,1,0,1,0
minute_35_00,63340,440,2350,1,26,caption_plus_3,23,25,1,measured,32.428123,7.157895,0.787167,1.000000,0.250000,1.000000,2.500000,2.000000,3.000000,1,1,0,1,0
minute_35_00,63340,440,2350,2,286,line_286,-1,288,1,measured,44.092186,45.081100,1.702660,1.000000,0.250000,1.000000,2.500000,2.000000,3.000000,1,1,0,1,0
minute_35_00,63340,440,2350,2,287,line_287,-1,288,1,measured,23.509375,37.087311,2.399061,1.000000,0.250000,1.000000,2.500000,2.000000,3.000000,1,1,0,1,0
minute_35_00,63340,440,2350,2,288,line_288,-1,288,1,measured,32.371876,9.641827,1.065728,1.000000,0.250000,1.000000,2.500000,2.000000,3.000000,1,1,0,1,0
minute_35_00,63341,441,2351,1,25,caption_plus_1,24,26,1,measured,21.601562,2.669094,0.801252,1.000000,0.250000,1.000000,2.500000,2.000000,3.000000,1,1,0,1,0
minute_35_00,63341,441,2351,1,26,caption_plus_2,24,26,1,measured,30.553125,7.582484,0.948357,1.000000,0.250000,1.000000,2.500000,2.000000,3.000000,1,1,0,1,0
minute_35_00,63341,441,2351,1,27,caption_plus_3,24,26,1,measured,32.082813,7.326814,0.907668,1.000000,0.250000,1.000000,2.500000,2.000000,3.000000,1,1,0,1,0
minute_35_00,63341,441,2351,2,286,line_286,-1,286,1,measured,44.171875,44.923008,1.657277,1.000000,0.250000,1.000000,2.500000,2.000000,3.000000,1,1,0,1,0
minute_35_00,63341,441,2351,2,287,line_287,-1,286,1,measured,27.487499,42.581646,2.949922,1.000000,0.250000,1.000000,2.500000,2.000000,3.000000,1,1,0,1,0
minute_35_00,63341,441,2351,2,288,line_288,-1,286,1,measured,35.250000,9.263673,0.970266,1.000000,0.250000,1.000000,2.500000,2.000000,3.000000,1,1,0,1,0
minute_35_00,63342,442,2352,1,24,caption_plus_1,23,23,0,vbi_ambiguous,20.906250,2.381693,0.890454,1.000000,0.250000,1.000000,2.500000,2.000000,3.000000,1,1,0,1,0
minute_35_00,63342,442,2352,1,25,caption_plus_2,23,23,0,vbi_ambiguous,28.553125,5.932194,0.841941,1.000000,0.250000,1.000000,2.500000,2.000000,3.000000,1,1,0,1,0
minute_35_00,63342,442,2352,1,26,caption_plus_3,23,23,0,vbi_ambiguous,30.426563,5.736472,0.834116,1.000000,0.250000,1.000000,2.500000,2.000000,3.000000,1,1,0,1,0
minute_35_00,63342,442,2352,2,286,line_286,-1,288,1,measured,44.376564,44.862293,1.677621,1.000000,0.250000,1.000000,2.500000,2.000000,3.000000,1,1,0,1,0
minute_35_00,63342,442,2352,2,287,line_287,-1,288,1,measured,28.807812,42.581306,2.989045,1.000000,0.250000,1.000000,2.500000,2.000000,3.000000,1,1,0,1,0
minute_35_00,63342,442,2352,2,288,line_288,-1,288,1,measured,40.206249,15.068634,1.197183,1.000000,0.250000,1.000000,2.500000,2.000000,3.000000,1,1,0,1,0
minute_35_00,63343,443,2353,1,24,caption_plus_1,23,25,1,measured,20.784374,1.894170,0.835681,1.000000,0.250000,1.000000,2.500000,2.000000,3.000000,1,0,0,1,0
minute_35_00,63343,443,2353,1,25,caption_plus_2,23,25,1,measured,34.173439,13.633813,1.153365,1.000000,0.250000,1.000000,2.500000,2.000000,3.000000,1,1,0,1,0
minute_35_00,63343,443,2353,1,26,caption_plus_3,23,25,1,measured,35.245312,11.676799,1.100157,1.000000,0.250000,1.000000,2.500000,2.000000,3.000000,1,1,0,1,0
minute_35_00,63343,443,2353,2,286,line_286,-1,286,1,measured,44.224998,44.500061,1.625978,1.000000,0.250000,1.000000,2.500000,2.000000,3.000000,1,1,0,1,0
minute_35_00,63343,443,2353,2,287,line_287,-1,286,1,measured,28.128124,42.455776,2.804382,1.000000,0.250000,1.000000,2.500000,2.000000,3.000000,1,1,0,1,0
minute_35_00,63343,443,2353,2,288,line_288,-1,286,1,measured,28.659374,5.221013,0.877934,1.000000,0.250000,1.000000,2.500000,2.000000,3.000000,1,1,0,1,0
minute_35_00,63344,444,2354,1,24,caption_plus_1,23,25,1,measured,20.135937,2.348927,0.862285,1.000000,0.250000,1.000000,2.500000,2.000000,3.000000,1,1,0,1,0
minute_35_00,63344,444,2354,1,25,caption_plus_2,23,25,1,measured,28.460938,7.584629,1.012520,1.000000,0.250000,1.000000,2.500000,2.000000,3.000000,1,1,0,1,0
minute_35_00,63344,444,2354,1,26,caption_plus_3,23,25,1,measured,31.759375,8.723617,0.973396,1.000000,0.250000,1.000000,2.500000,2.000000,3.000000,1,1,0,1,0
minute_35_00,63344,444,2354,2,286,line_286,-1,286,1,measured,43.590626,44.754028,1.635368,1.000000,0.250000,1.000000,2.500000,2.000000,3.000000,1,1,0,1,0
minute_35_00,63344,444,2354,2,287,line_287,-1,286,1,measured,27.973438,42.503506,2.539906,1.000000,0.250000,1.000000,2.500000,2.000000,3.000000,1,1,0,1,0
minute_35_00,63344,444,2354,2,288,line_288,-1,286,1,measured,35.882812,12.238528,1.039124,1.000000,0.250000,1.000000,2.500000,2.000000,3.000000,1,1,0,1,0
minute_35_00,63345,445,2355,1,24,caption_plus_1,23,25,1,measured,20.451563,2.317224,0.881064,1.000000,0.250000,1.000000,2.500000,2.000000,3.000000,1,1,0,1,0
minute_35_00,63345,445,2355,1,25,caption_plus_2,23,25,1,measured,31.650000,9.764541,0.976526,1.000000,0.250000,1.000000,2.500000,2.000000,3.000000,1,1,0,1,0
minute_35_00,63345,445,2355,1,26,caption_plus_3,23,25,1,measured,33.335938,10.289161,0.981221,1.000000,0.250000,1.000000,2.500000,2.000000,3.000000,1,1,0,1,0
minute_35_00,63345,445,2355,2,286,line_286,-1,286,1,measured,44.045311,45.196129,1.683881,1.000000,0.250000,1.000000,2.500000,2.000000,3.000000,1,1,0,1,0
minute_35_00,63345,445,2355,2,287,line_287,-1,286,1,measured,28.754688,42.800568,2.741784,1.000000,0.250000,1.000000,2.500000,2.000000,3.000000,1,1,0,1,0
minute_35_00,63345,445,2355,2,288,line_288,-1,286,1,measured,34.068748,11.401684,1.026604,1.000000,0.250000,1.000000,2.500000,2.000000,3.000000,1,1,0,1,0
minute_35_00,63346,446,2356,1,24,caption_plus_1,23,23,0,vbi_ambiguous,20.982813,2.395572,0.835681,1.000000,0.250000,1.000000,2.500000,2.000000,3.000000,1,1,0,1,0
minute_35_00,63346,446,2356,1,25,caption_plus_2,23,23,0,vbi_ambiguous,26.814062,4.568382,0.873239,1.000000,0.250000,1.000000,2.500000,2.000000,3.000000,1,1,0,1,0
minute_35_00,63346,446,2356,1,26,caption_plus_3,23,23,0,vbi_ambiguous,28.120312,4.460195,0.851330,1.000000,0.250000,1.000000,2.500000,2.000000,3.000000,1,1,0,1,0
minute_35_00,63346,446,2356,2,286,line_286,-1,286,1,measured,44.815624,45.271580,1.685446,1.000000,0.250000,1.000000,2.500000,2.000000,3.000000,1,1,0,1,0
minute_35_00,63346,446,2356,2,287,line_287,-1,286,1,measured,29.610937,42.721298,2.361502,1.000000,0.250000,1.000000,2.500000,2.000000,3.000000,1,1,0,1,0
minute_35_00,63346,446,2356,2,288,line_288,-1,286,1,measured,29.418751,4.741073,0.851330,1.000000,0.250000,1.000000,2.500000,2.000000,3.000000,1,1,0,1,0
minute_35_00,63347,447,2357,1,24,caption_plus_1,23,23,0,vbi_ambiguous,21.385937,2.613569,0.843506,1.000000,0.250000,1.000000,2.500000,2.000000,3.000000,1,1,0,1,0
minute_35_00,63347,447,2357,1,25,caption_plus_2,23,23,0,vbi_ambiguous,26.398438,3.496739,0.743349,1.000000,0.250000,1.000000,2.500000,2.000000,3.000000,1,1,0,1,0
minute_35_00,63347,447,2357,1,26,caption_plus_3,23,23,0,vbi_ambiguous,28.081249,3.979592,0.740219,1.000000,0.250000,1.000000,2.500000,2.000000,3.000000,1,1,0,1,0
minute_35_00,63347,447,2357,2,286,line_286,-1,286,1,measured,43.437500,44.946835,1.688576,1.000000,0.250000,1.000000,2.500000,2.000000,3.000000,1,1,0,1,0
minute_35_00,63347,447,2357,2,287,line_287,-1,286,1,measured,31.637501,44.953102,2.420970,1.000000,0.250000,1.000000,2.500000,2.000000,3.000000,1,1,0,1,0
minute_35_00,63347,447,2357,2,288,line_288,-1,286,1,measured,35.923439,12.500203,1.065728,1.000000,0.250000,1.000000,2.500000,2.000000,3.000000,1,1,0,1,0
minute_35_00,63348,448,2358,1,24,caption_plus_1,23,25,1,measured,20.532812,2.100339,0.895149,1.000000,0.250000,1.000000,2.500000,2.000000,3.000000,1,1,0,1,0
minute_35_00,63348,448,2358,1,25,caption_plus_2,23,25,1,measured,36.251564,15.115829,1.269171,1.000000,0.250000,1.000000,2.500000,2.000000,3.000000,1,1,0,1,0
minute_35_00,63348,448,2358,1,26,caption_plus_3,23,25,1,measured,39.179688,15.374306,1.125196,1.000000,0.250000,1.000000,2.500000,2.000000,3.000000,1,1,0,1,0
minute_35_00,63348,448,2358,2,286,line_286,-1,288,1,measured,44.054688,44.213810,1.676056,1.000000,0.250000,1.000000,2.500000,2.000000,3.000000,1,1,0,1,0
minute_35_00,63348,448,2358,2,287,line_287,-1,288,1,measured,24.268749,37.015446,2.553991,1.000000,0.250000,1.000000,2.500000,2.000000,3.000000,1,1,0,1,0
minute_35_00,63348,448,2358,2,288,line_288,-1,288,1,measured,32.746876,7.566475,0.934272,1.000000,0.250000,1.000000,2.500000,2.000000,3.000000,1,1,0,1,0
minute_35_00,63349,449,2359,1,25,caption_plus_1,24,23,0,vbi_ambiguous,21.335938,2.378541,0.866980,1.000000,0.250000,1.000000,2.500000,2.000000,3.000000,1,1,0,1,0
minute_35_00,63349,449,2359,1,26,caption_plus_2,24,23,0,vbi_ambiguous,27.320312,4.058813,0.854460,1.000000,0.250000,1.000000,2.500000,2.000000,3.000000,1,1,0,1,0
minute_35_00,63349,449,2359,1,27,caption_plus_3,24,23,0,vbi_ambiguous,28.854687,4.522424,0.805947,1.000000,0.250000,1.000000,2.500000,2.000000,3.000000,1,1,0,1,0
minute_35_00,63349,449,2359,2,286,line_286,-1,286,1,measured,44.114063,44.346485,1.691706,1.000000,0.250000,1.000000,2.500000,2.000000,3.000000,1,1,0,1,0
minute_35_00,63349,449,2359,2,287,line_287,-1,286,1,measured,27.035938,41.728367,3.111111,1.000000,0.250000,1.000000,2.500000,2.000000,3.000000,1,1,1,1,0
minute_35_00,63349,449,2359,2,288,line_288,-1,286,1,measured,29.053125,5.179918,0.942097,1.000000,0.250000,1.000000,2.500000,2.000000,3.000000,1,1,0,1,0
minute_35_00,63350,450,2360,1,24,caption_plus_1,23,25,1,measured,21.034374,2.426174,0.882629,1.000000,0.250000,1.000000,2.500000,2.000000,3.000000,1,1,0,1,0
minute_35_00,63350,450,2360,1,25,caption_plus_2,23,25,1,measured,150.604691,26.784353,1.164319,1.000000,0.250000,1.000000,2.500000,2.000000,3.000000,1,1,0,1,0
minute_35_00,63350,450,2360,1,26,caption_plus_3,23,25,1,measured,149.998444,30.806175,1.179969,1.000000,0.250000,1.000000,2.500000,2.000000,3.000000,1,1,0,1,0
minute_35_00,63350,450,2360,2,286,line_286,-1,288,1,measured,44.515625,44.311958,1.644757,1.000000,0.250000,1.000000,2.500000,2.000000,3.000000,1,1,0,1,0
minute_35_00,63350,450,2360,2,287,line_287,-1,288,1,measured,27.423437,41.558887,3.092332,1.000000,0.250000,1.000000,2.500000,2.000000,3.000000,1,1,1,1,0
minute_35_00,63350,450,2360,2,288,line_288,-1,288,1,measured,150.962494,28.105635,1.212833,1.000000,0.250000,1.000000,2.500000,2.000000,3.000000,1,1,0,1,0
minute_35_00,63351,451,2361,1,24,caption_plus_1,23,25,1,measured,20.987499,2.366399,0.866980,1.000000,0.250000,1.000000,2.500000,2.000000,3.000000,1,1,0,1,0
minute_35_00,63351,451,2361,1,25,caption_plus_2,23,25,1,measured,145.639069,27.602242,1.068858,1.000000,0.250000,1.000000,2.500000,2.000000,3.000000,1,1,0,1,0
minute_35_00,63351,451,2361,1,26,caption_plus_3,23,25,1,measured,144.625000,31.950987,1.195618,1.000000,0.250000,1.000000,2.500000,2.000000,3.000000,1,1,0,1,0
minute_35_00,63351,451,2361,2,286,line_286,-1,288,1,measured,42.021873,43.191681,1.640063,1.000000,0.250000,1.000000,2.500000,2.000000,3.000000,1,1,0,1,0
minute_35_00,63351,451,2361,2,287,line_287,-1,288,1,measured,27.034374,41.848560,2.773083,1.000000,0.250000,1.000000,2.500000,2.000000,3.000000,1,1,0,1,0
minute_35_00,63351,451,2361,2,288,line_288,-1,288,1,measured,145.803131,29.541159,1.169014,1.000000,0.250000,1.000000,2.500000,2.000000,3.000000,1,1,0,1,0
minute_35_00,63352,452,2362,1,24,caption_plus_1,23,25,1,measured,20.315624,2.072228,0.892019,1.000000,0.250000,1.000000,2.500000,2.000000,3.000000,1,1,0,1,0
minute_35_00,63352,452,2362,1,25,caption_plus_2,23,25,1,measured,141.032806,29.170788,1.128325,1.000000,0.250000,1.000000,2.500000,2.000000,3.000000,1,1,0,1,0
minute_35_00,63352,452,2362,1,26,caption_plus_3,23,25,1,measured,139.668747,33.507641,1.107981,1.000000,0.250000,1.000000,2.500000,2.000000,3.000000,1,1,0,1,0
minute_35_00,63352,452,2362,2,286,line_286,-1,287,1,measured,42.046875,43.902527,1.723005,1.000000,0.250000,1.000000,2.500000,2.000000,3.000000,1,1,0,1,0
minute_35_00,63352,452,2362,2,287,line_287,-1,287,1,measured,63.003124,57.533089,6.802817,1.000000,0.250000,1.000000,2.500000,2.000000,3.000000,1,1,1,1,0
minute_35_00,63352,452,2362,2,288,line_288,-1,287,1,measured,144.251556,34.228790,1.333333,1.000000,0.250000,1.000000,2.500000,2.000000,3.000000,1,1,0,1,0
minute_35_00,63353,453,2363,1,24,caption_plus_1,23,25,1,measured,19.914062,2.355935,0.917058,1.000000,0.250000,1.000000,2.500000,2.000000,3.000000,1,1,0,1,0
minute_35_00,63353,453,2363,1,25,caption_plus_2,23,25,1,measured,140.640625,31.428772,1.065728,1.000000,0.250000,1.000000,2.500000,2.000000,3.000000,1,1,0,1,0
minute_35_00,63353,453,2363,1,26,caption_plus_3,23,25,1,measured,138.787506,35.598831,1.118936,1.000000,0.250000,1.000000,2.500000,2.000000,3.000000,1,1,0,1,0
minute_35_00,63353,453,2363,2,286,line_286,-1,287,1,measured,42.109375,43.653828,1.633803,1.000000,0.250000,1.000000,2.500000,2.000000,3.000000,1,1,0,1,0
minute_35_00,63353,453,2363,2,287,line_287,-1,287,1,measured,67.995316,58.371185,7.109546,1.000000,0.250000,1.000000,2.500000,2.000000,3.000000,1,1,1,1,0
minute_35_00,63353,453,2363,2,288,line_288,-1,287,1,measured,143.399994,36.572865,1.392801,1.000000,0.250000,1.000000,2.500000,2.000000,3.000000,1,1,0,1,0
minute_35_00,63354,454,2364,1,25,caption_plus_1,24,26,1,measured,20.568750,2.523321,0.907668,1.000000,0.250000,1.000000,2.500000,2.000000,3.000000,1,1,0,1,0
minute_35_00,63354,454,2364,1,26,caption_plus_2,24,26,1,measured,139.739059,34.606930,1.150235,1.000000,0.250000,1.000000,2.500000,2.000000,3.000000,1,1,0,1,0
minute_35_00,63354,454,2364,1,27,caption_plus_3,24,26,1,measured,139.023438,37.974384,1.100157,1.000000,0.250000,1.000000,2.500000,2.000000,3.000000,1,1,0,1,0
minute_35_00,63354,454,2364,2,286,line_286,-1,287,1,measured,42.625000,42.969173,1.636933,1.000000,0.250000,1.000000,2.500000,2.000000,3.000000,1,1,0,1,0
minute_35_00,63354,454,2364,2,287,line_287,-1,287,1,measured,67.590622,58.025406,7.209702,1.000000,0.250000,1.000000,2.500000,2.000000,3.000000,1,1,1,1,0
minute_35_00,63354,454,2364,2,288,line_288,-1,287,1,measured,141.121872,37.845543,1.309859,1.000000,0.250000,1.000000,2.500000,2.000000,3.000000,1,1,0,1,0
minute_35_00,63355,455,2365,1,25,caption_plus_1,24,26,1,measured,20.932812,2.211515,0.838811,1.000000,0.250000,1.000000,2.500000,2.000000,3.000000,1,1,0,1,0
minute_35_00,63355,455,2365,1,26,caption_plus_2,24,26,1,measured,137.881256,35.255119,1.051643,1.000000,0.250000,1.000000,2.500000,2.000000,3.000000,1,1,0,1,0
minute_35_00,63355,455,2365,1,27,caption_plus_3,24,26,1,measured,138.118744,37.778942,1.082942,1.000000,0.250000,1.000000,2.500000,2.000000,3.000000,1,1,0,1,0
minute_35_00,63355,455,2365,2,286,line_286,-1,287,1,measured,40.768749,42.907784,1.746479,1.000000,0.250000,1.000000,2.500000,2.000000,3.000000,1,1,0,1,0
minute_35_00,63355,455,2365,2,287,line_287,-1,287,1,measured,70.242188,57.481514,6.685446,1.000000,0.250000,1.000000,2.500000,2.000000,3.000000,1,1,1,1,0
minute_35_00,63355,455,2365,2,288,line_288,-1,287,1,measured,137.196869,37.540962,1.280125,1.000000,0.250000,1.000000,2.500000,2.000000,3.000000,1,1,0,1,0
minute_35_00,63356,456,2366,1,25,caption_plus_1,24,26,1,measured,17.531250,2.205595,0.832551,1.000000,0.250000,1.000000,2.500000,2.000000,3.000000,1,1,0,1,0
minute_35_00,63356,456,2366,1,26,caption_plus_2,24,26,1,measured,131.540619,35.113720,1.092332,1.000000,0.250000,1.000000,2.500000,2.000000,3.000000,1,1,0,1,0
minute_35_00,63356,456,2366,1,27,caption_plus_3,24,26,1,measured,131.201569,37.768726,1.084507,1.000000,0.250000,1.000000,2.500000,2.000000,3.000000,1,1,0,1,0
minute_35_00,63356,456,2366,2,286,line_286,-1,287,1,measured,38.981251,42.334049,1.561815,1.000000,0.250000,1.000000,2.500000,2.000000,3.000000,1,1,0,1,0
minute_35_00,63356,456,2366,2,287,line_287,-1,287,1,measured,58.728127,57.056946,6.045383,1.000000,0.250000,1.000000,2.500000,2.000000,3.000000,1,1,1,1,0
minute_35_00,63356,456,2366,2,288,line_288,-1,287,1,measured,131.914062,37.319447,1.280125,1.000000,0.250000,1.000000,2.500000,2.000000,3.000000,1,1,0,1,0
minute_35_00,63357,457,2367,1,25,caption_plus_1,24,26,1,measured,18.712500,2.507208,0.884194,1.000000,0.250000,1.000000,2.500000,2.000000,3.000000,1,1,0,1,0
minute_35_00,63357,457,2367,1,26,caption_plus_2,24,26,1,measured,131.206253,36.018459,1.112676,1.000000,0.250000,1.000000,2.500000,2.000000,3.000000,1,1,0,1,0
minute_35_00,63357,457,2367,1,27,caption_plus_3,24,26,1,measured,130.910934,38.833820,1.098592,1.000000,0.250000,1.000000,2.500000,2.000000,3.000000,1,1,0,1,0
minute_35_00,63357,457,2367,2,286,line_286,-1,287,1,measured,40.946877,42.992447,1.641628,1.000000,0.250000,1.000000,2.500000,2.000000,3.000000,1,1,0,1,0
minute_35_00,63357,457,2367,2,287,line_287,-1,287,1,measured,61.153126,57.756561,6.037559,1.000000,0.250000,1.000000,2.500000,2.000000,3.000000,1,1,1,1,0
minute_35_00,63357,457,2367,2,288,line_288,-1,287,1,measured,134.343750,39.804371,1.280125,1.000000,0.250000,1.000000,2.500000,2.000000,3.000000,1,1,0,1,0
minute_35_00,63358,458,2368,1,24,caption_plus_1,23,25,1,measured,19.424999,2.257072,0.932707,1.000000,0.250000,1.000000,2.500000,2.000000,3.000000,1,1,0,1,0
minute_35_00,63358,458,2368,1,25,caption_plus_2,23,25,1,measured,131.723434,37.858456,1.056338,1.000000,0.250000,1.000000,2.500000,2.000000,3.000000,1,1,0,1,0
minute_35_00,63358,458,2368,1,26,caption_plus_3,23,25,1,measured,131.831253,40.372169,1.062598,1.000000,0.250000,1.000000,2.500000,2.000000,3.000000,1,1,0,1,0
minute_35_00,63358,458,2368,2,286,line_286,-1,288,1,measured,41.373436,43.474304,1.644757,1.000000,0.250000,1.000000,2.500000,2.000000,3.000000,1,1,0,1,0
minute_35_00,63358,458,2368,2,287,line_287,-1,288,1,measured,25.607813,39.909283,2.644758,1.000000,0.250000,1.000000,2.500000,2.000000,3.000000,1,1,0,1,0
minute_35_00,63358,458,2368,2,288,line_288,-1,288,1,measured,133.703125,39.018253,1.170579,1.000000,0.250000,1.000000,2.500000,2.000000,3.000000,1,1,0,1,0
minute_35_00,63359,459,2369,1,24,caption_plus_1,23,25,1,measured,20.292187,2.298220,0.821596,1.000000,0.250000,1.000000,2.500000,2.000000,3.000000,1,1,0,1,0
minute_35_00,63359,459,2369,1,25,caption_plus_2,23,25,1,measured,131.589066,39.221027,1.087637,1.000000,0.250000,1.000000,2.500000,2.000000,3.000000,1,1,0,1,0
minute_35_00,63359,459,2369,1,26,caption_plus_3,23,25,1,measured,130.857819,41.084896,1.046948,1.000000,0.250000,1.000000,2.500000,2.000000,3.000000,1,1,0,1,0
minute_35_00,63359,459,2369,2,286,line_286,-1,288,1,measured,43.076561,43.440899,1.666667,1.000000,0.250000,1.000000,2.500000,2.000000,3.000000,1,1,0,1,0
minute_35_00,63359,459,2369,2,287,line_287,-1,288,1,measured,32.479687,44.831203,2.917058,1.000000,0.250000,1.000000,2.500000,2.000000,3.000000,1,1,0,1,0
minute_35_00,63359,459,2369,2,288,line_288,-1,288,1,measured,135.406250,39.999969,1.173709,1.000000,0.250000,1.000000,2.500000,2.000000,3.000000,1,1,0,1,0
minute_35_00,63360,460,2370,1,24,caption_plus_1,23,25,1,measured,20.832813,2.284154,0.845070,1.000000,0.250000,1.000000,2.500000,2.000000,3.000000,1,1,0,1,0
minute_35_00,63360,460,2370,1,25,caption_plus_2,23,25,1,measured,131.654694,38.573158,1.107981,1.000000,0.250000,1.000000,2.500000,2.000000,3.000000,1,1,0,1,0
minute_35_00,63360,460,2370,1,26,caption_plus_3,23,25,1,measured,131.398438,41.469330,1.126761,1.000000,0.250000,1.000000,2.500000,2.000000,3.000000,1,1,0,1,0
minute_35_00,63360,460,2370,2,286,line_286,-1,288,1,measured,42.457813,43.457718,1.683881,1.000000,0.250000,1.000000,2.500000,2.000000,3.000000,1,1,0,1,0
minute_35_00,63360,460,2370,2,287,line_287,-1,288,1,measured,27.706249,41.091526,2.381847,1.000000,0.250000,1.000000,2.500000,2.000000,3.000000,1,1,0,1,0
minute_35_00,63360,460,2370,2,288,line_288,-1,288,1,measured,134.084381,39.371101,1.139280,1.000000,0.250000,1.000000,2.500000,2.000000,3.000000,1,1,0,1,0
minute_35_00,63361,461,2371,1,25,caption_plus_1,24,26,1,measured,21.792187,2.177068,0.882629,1.000000,0.250000,1.000000,2.500000,2.000000,3.000000,1,1,0,1,0
minute_35_00,63361,461,2371,1,26,caption_plus_2,24,26,1,measured,131.842194,39.050190,1.118936,1.000000,0.250000,1.000000,2.500000,2.000000,3.000000,1,1,0,1,0
minute_35_00,63361,461,2371,1,27,caption_plus_3,24,26,1,measured,131.220306,41.646839,1.115806,1.000000,0.250000,1.000000,2.500000,2.000000,3.000000,1,1,0,1,0
minute_35_00,63361,461,2371,2,286,line_286,-1,288,1,measured,42.985939,43.277283,1.693271,1.000000,0.250000,1.000000,2.500000,2.000000,3.000000,1,1,0,1,0
minute_35_00,63361,461,2371,2,287,line_287,-1,288,1,measured,33.479687,44.834030,2.898278,1.000000,0.250000,1.000000,2.500000,2.000000,3.000000,1,1,0,1,0
minute_35_00,63361,461,2371,2,288,line_288,-1,288,1,measured,136.574997,39.973278,1.142410,1.000000,0.250000,1.000000,2.500000,2.000000,3.000000,1,1,0,1,0
minute_35_00,63362,462,2372,1,24,caption_plus_1,23,25,1,measured,22.190624,1.971177,0.882629,1.000000,0.250000,1.000000,2.500000,2.000000,3.000000,1,0,0,1,0
minute_35_00,63362,462,2372,1,25,caption_plus_2,23,25,1,measured,132.164062,38.838764,1.089202,1.000000,0.250000,1.000000,2.500000,2.000000,3.000000,1,1,0,1,0
minute_35_00,63362,462,2372,1,26,caption_plus_3,23,25,1,measured,131.071869,41.440674,1.122066,1.000000,0.250000,1.000000,2.500000,2.000000,3.000000,1,1,0,1,0
minute_35_00,63362,462,2372,2,286,line_286,-1,288,1,measured,42.601562,42.894226,1.649452,1.000000,0.250000,1.000000,2.500000,2.000000,3.000000,1,1,0,1,0
minute_35_00,63362,462,2372,2,287,line_287,-1,288,1,measured,22.243750,34.413479,2.131455,1.000000,0.250000,1.000000,2.500000,2.000000,3.000000,1,1,0,1,0
minute_35_00,63362,462,2372,2,288,line_288,-1,288,1,measured,134.748444,38.822201,1.206573,1.000000,0.250000,1.000000,2.500000,2.000000,3.000000,1,1,0,1,0
minute_35_00,63363,463,2373,1,24,caption_plus_1,23,25,1,measured,21.157812,2.137851,0.837246,1.000000,0.250000,1.000000,2.500000,2.000000,3.000000,1,1,0,1,0
minute_35_00,63363,463,2373,1,25,caption_plus_2,23,25,1,measured,131.443756,39.035400,1.084507,1.000000,0.250000,1.000000,2.500000,2.000000,3.000000,1,1,0,1,0
minute_35_00,63363,463,2373,1,26,caption_plus_3,23,25,1,measured,130.562500,41.254498,1.104851,1.000000,0.250000,1.000000,2.500000,2.000000,3.000000,1,1,0,1,0
minute_35_00,63363,463,2373,2,286,line_286,-1,288,1,measured,42.496876,43.233994,1.699530,1.000000,0.250000,1.000000,2.500000,2.000000,3.000000,1,1,0,1,0
minute_35_00,63363,463,2373,2,287,line_287,-1,288,1,measured,21.776562,35.313927,2.275430,1.000000,0.250000,1.000000,2.500000,2.000000,3.000000,1,1,0,1,0
minute_35_00,63363,463,2373,2,288,line_288,-1,288,1,measured,134.609375,38.843601,1.123631,1.000000,0.250000,1.000000,2.500000,2.000000,3.000000,1,1,0,1,0
minute_35_00,63364,464,2374,1,24,caption_plus_1,23,25,1,measured,21.160938,2.521911,0.846635,1.000000,0.250000,1.000000,2.500000,2.000000,3.000000,1,1,0,1,0
minute_35_00,63364,464,2374,1,25,caption_plus_2,23,25,1,measured,132.028122,38.235443,1.107981,1.000000,0.250000,1.000000,2.500000,2.000000,3.000000,1,1,0,1,0
minute_35_00,63364,464,2374,1,26,caption_plus_3,23,25,1,measured,131.495316,41.175842,1.082942,1.000000,0.250000,1.000000,2.500000,2.000000,3.000000,1,1,0,1,0
minute_35_00,63364,464,2374,2,286,line_286,-1,287,1,measured,41.770313,43.334839,1.699530,1.000000,0.250000,1.000000,2.500000,2.000000,3.000000,1,1,0,1,0
minute_35_00,63364,464,2374,2,287,line_287,-1,287,1,measured,52.185936,57.698639,5.737089,1.000000,0.250000,1.000000,2.500000,2.000000,3.000000,1,1,1,1,0
minute_35_00,63364,464,2374,2,288,line_288,-1,287,1,measured,132.709381,40.837254,1.261346,1.000000,0.250000,1.000000,2.500000,2.000000,3.000000,1,1,0,1,0
minute_35_00,63365,465,2375,1,25,caption_plus_1,24,26,1,measured,21.092188,2.360999,0.843506,1.000000,0.250000,1.000000,2.500000,2.000000,3.000000,1,1,0,1,0
minute_35_00,63365,465,2375,1,26,caption_plus_2,24,26,1,measured,132.798431,37.695885,1.120501,1.000000,0.250000,1.000000,2.500000,2.000000,3.000000,1,1,0,1,0
minute_35_00,63365,465,2375,1,27,caption_plus_3,24,26,1,measured,132.007812,41.545887,1.117371,1.000000,0.250000,1.000000,2.500000,2.000000,3.000000,1,1,0,1,0
minute_35_00,63365,465,2375,2,286,line_286,-1,287,1,measured,41.457813,43.418800,1.701095,1.000000,0.250000,1.000000,2.500000,2.000000,3.000000,1,1,0,1,0
minute_35_00,63365,465,2375,2,287,line_287,-1,287,1,measured,56.940624,58.479935,5.624413,1.000000,0.250000,1.000000,2.500000,2.000000,3.000000,1,1,1,1,0
minute_35_00,63365,465,2375,2,288,line_288,-1,287,1,measured,134.648438,40.604454,1.322379,1.000000,0.250000,1.000000,2.500000,2.000000,3.000000,1,1,0,1,0
minute_35_00,63366,466,2376,1,25,caption_plus_1,24,26,1,measured,20.482813,2.113872,0.909233,1.000000,0.250000,1.000000,2.500000,2.000000,3.000000,1,1,0,1,0
minute_35_00,63366,466,2376,1,26,caption_plus_2,24,26,1,measured,132.734375,37.688377,1.089202,1.000000,0.250000,1.000000,2.500000,2.000000,3.000000,1,1,0,1,0
minute_35_00,63366,466,2376,1,27,caption_plus_3,24,26,1,measured,131.751556,41.466995,1.081377,1.000000,0.250000,1.000000,2.500000,2.000000,3.000000,1,1,0,1,0
minute_35_00,63366,466,2376,2,286,line_286,-1,288,1,measured,42.692188,43.276520,1.610329,1.000000,0.250000,1.000000,2.500000,2.000000,3.000000,1,1,0,1,0
minute_35_00,63366,466,2376,2,287,line_287,-1,288,1,measured,22.235937,34.414734,2.361502,1.000000,0.250000,1.000000,2.500000,2.000000,3.000000,1,1,0,1,0
minute_35_00,63366,466,2376,2,288,line_288,-1,288,1,measured,135.706253,37.295708,1.123631,1.000000,0.250000,1.000000,2.500000,2.000000,3.000000,1,1,0,1,0
minute_35_00,63367,467,2377,1,25,caption_plus_1,24,26,1,measured,20.518749,2.364376,0.852895,1.000000,0.250000,1.000000,2.500000,2.000000,3.000000,1,1,0,1,0
minute_35_00,63367,467,2377,1,26,caption_plus_2,24,26,1,measured,133.510941,37.611042,1.125196,1.000000,0.250000,1.000000,2.500000,2.000000,3.000000,1,1,0,1,0
minute_35_00,63367,467,2377,1,27,caption_plus_3,24,26,1,measured,130.821869,40.989628,1.081377,1.000000,0.250000,1.000000,2.500000,2.000000,3.000000,1,1,0,1,0
minute_35_00,63367,467,2377,2,286,line_286,-1,288,1,measured,42.387501,43.620415,1.644757,1.000000,0.250000,1.000000,2.500000,2.000000,3.000000,1,1,0,1,0
minute_35_00,63367,467,2377,2,287,line_287,-1,288,1,measured,26.585938,40.621601,2.951487,1.000000,0.250000,1.000000,2.500000,2.000000,3.000000,1,1,0,1,0
minute_35_00,63367,467,2377,2,288,line_288,-1,288,1,measured,136.259369,36.818748,1.107981,1.000000,0.250000,1.000000,2.500000,2.000000,3.000000,1,1,0,1,0
minute_35_00,63368,468,2378,1,24,caption_plus_1,23,25,1,measured,20.971874,2.302001,0.896714,1.000000,0.250000,1.000000,2.500000,2.000000,3.000000,1,1,0,1,0
minute_35_00,63368,468,2378,1,25,caption_plus_2,23,25,1,measured,132.570312,36.878532,1.167449,1.000000,0.250000,1.000000,2.500000,2.000000,3.000000,1,1,0,1,0
minute_35_00,63368,468,2378,1,26,caption_plus_3,23,25,1,measured,131.751556,40.259151,1.078247,1.000000,0.250000,1.000000,2.500000,2.000000,3.000000,1,1,0,1,0
minute_35_00,63368,468,2378,2,286,line_286,-1,288,1,measured,41.059376,43.085777,1.616588,1.000000,0.250000,1.000000,2.500000,2.000000,3.000000,1,1,0,1,0
minute_35_00,63368,468,2378,2,287,line_287,-1,288,1,measured,26.042187,41.207890,2.679186,1.000000,0.250000,1.000000,2.500000,2.000000,3.000000,1,1,0,1,0
minute_35_00,63368,468,2378,2,288,line_288,-1,288,1,measured,134.731247,37.111778,1.201878,1.000000,0.250000,1.000000,2.500000,2.000000,3.000000,1,1,0,1,0
minute_35_00,63369,469,2379,1,25,caption_plus_1,24,26,1,measured,19.682812,2.867003,0.845070,1.000000,0.250000,1.000000,2.500000,2.000000,3.000000,1,1,0,1,0
minute_35_00,63369,469,2379,1,26,caption_plus_2,24,26,1,measured,132.589066,37.081688,1.184664,1.000000,0.250000,1.000000,2.500000,2.000000,3.000000,1,1,0,1,0
minute_35_00,63369,469,2379,1,27,caption_plus_3,24,26,1,measured,132.407806,39.867760,1.133020,1.000000,0.250000,1.000000,2.500000,2.000000,3.000000,1,1,0,1,0
minute_35_00,63369,469,2379,2,286,line_286,-1,288,1,measured,42.342186,43.570667,1.690141,1.000000,0.250000,1.000000,2.500000,2.000000,3.000000,1,1,0,1,0
minute_35_00,63369,469,2379,2,287,line_287,-1,288,1,measured,26.345312,41.511230,2.442879,1.000000,0.250000,1.000000,2.500000,2.000000,3.000000,1,1,0,1,0
minute_35_00,63369,469,2379,2,288,line_288,-1,288,1,measured,136.776566,36.245193,1.117371,1.000000,0.250000,1.000000,2.500000,2.000000,3.000000,1,1,0,1,0
minute_35_00,63370,470,2380,1,25,caption_plus_1,24,26,1,measured,19.973438,2.473784,0.866980,1.000000,0.250000,1.000000,2.500000,2.000000,3.000000,1,1,0,1,0
minute_35_00,63370,470,2380,1,26,caption_plus_2,24,26,1,measured,134.068756,36.683422,1.136150,1.000000,0.250000,1.000000,2.500000,2.000000,3.000000,1,1,0,1,0
minute_35_00,63370,470,2380,1,27,caption_plus_3,24,26,1,measured,133.323441,39.059731,1.053208,1.000000,0.250000,1.000000,2.500000,2.000000,3.000000,1,1,0,1,0
minute_35_00,63370,470,2380,2,286,line_286,-1,288,1,measured,41.817188,43.097958,1.591549,1.000000,0.250000,1.000000,2.500000,2.000000,3.000000,1,1,0,1,0
minute_35_00,63370,470,2380,2,287,line_287,-1,288,1,measured,21.778126,35.843071,2.358372,1.000000,0.250000,1.000000,2.500000,2.000000,3.000000,1,1,0,1,0
minute_35_00,63370,470,2380,2,288,line_288,-1,288,1,measured,135.398438,35.763882,1.175274,1.000000,0.250000,1.000000,2.500000,2.000000,3.000000,1,1,0,1,0
minute_35_00,63371,471,2381,1,25,caption_plus_1,24,26,1,measured,19.598438,2.414086,0.895149,1.000000,0.250000,1.000000,2.500000,2.000000,3.000000,1,1,0,1,0
minute_35_00,63371,471,2381,1,26,caption_plus_2,24,26,1,measured,132.487503,36.636257,1.131455,1.000000,0.250000,1.000000,2.500000,2.000000,3.000000,1,1,0,1,0
minute_35_00,63371,471,2381,1,27,caption_plus_3,24,26,1,measured,132.634369,39.055218,1.098592,1.000000,0.250000,1.000000,2.500000,2.000000,3.000000,1,1,0,1,0
minute_35_00,63371,471,2381,2,286,line_286,-1,288,1,measured,40.371876,42.758251,1.655712,1.000000,0.250000,1.000000,2.500000,2.000000,3.000000,1,1,0,1,0
minute_35_00,63371,471,2381,2,287,line_287,-1,288,1,measured,25.570312,40.162266,2.881064,1.000000,0.250000,1.000000,2.500000,2.000000,3.000000,1,1,0,1,0
minute_35_00,63371,471,2381,2,288,line_288,-1,288,1,measured,135.743744,36.786842,1.147105,1.000000,0.250000,1.000000,2.500000,2.000000,3.000000,1,1,0,1,0
minute_35_00,63372,472,2382,1,24,caption_plus_1,23,25,1,measured,20.373438,2.207851,0.826291,1.000000,0.250000,1.000000,2.500000,2.000000,3.000000,1,1,0,1,0
minute_35_00,63372,472,2382,1,25,caption_plus_2,23,25,1,measured,133.720306,36.041183,1.150235,1.000000,0.250000,1.000000,2.500000,2.000000,3.000000,1,1,0,1,0
minute_35_00,63372,472,2382,1,26,caption_plus_3,23,25,1,measured,132.623444,38.720882,1.115806,1.000000,0.250000,1.000000,2.500000,2.000000,3.000000,1,1,0,1,0
minute_35_00,63372,472,2382,2,286,line_286,-1,288,1,measured,41.737499,43.015003,1.690141,1.000000,0.250000,1.000000,2.500000,2.000000,3.000000,1,1,0,1,0
minute_35_00,63372,472,2382,2,287,line_287,-1,288,1,measured,25.170313,40.851608,2.866980,1.000000,0.250000,1.000000,2.500000,2.000000,3.000000,1,1,0,1,0
minute_35_00,63372,472,2382,2,288,line_288,-1,288,1,measured,135.653122,36.441544,1.333333,1.000000,0.250000,1.000000,2.500000,2.000000,3.000000,1,1,0,1,0
minute_35_00,63373,473,2383,1,25,caption_plus_1,24,26,1,measured,20.010937,2.192645,0.915493,1.000000,0.250000,1.000000,2.500000,2.000000,3.000000,1,1,0,1,0
minute_35_00,63373,473,2383,1,26,caption_plus_2,24,26,1,measured,133.035934,36.243496,1.107981,1.000000,0.250000,1.000000,2.500000,2.000000,3.000000,1,1,0,1,0
minute_35_00,63373,473,2383,1,27,caption_plus_3,24,26,1,measured,132.265625,38.294598,1.128325,1.000000,0.250000,1.000000,2.500000,2.000000,3.000000,1,1,0,1,0
minute_35_00,63373,473,2383,2,286,line_286,-1,288,1,measured,39.860939,42.805275,1.644757,1.000000,0.250000,1.000000,2.500000,2.000000,3.000000,1,1,0,1,0
minute_35_00,63373,473,2383,2,287,line_287,-1,288,1,measured,25.696875,40.333012,2.687011,1.000000,0.250000,1.000000,2.500000,2.000000,3.000000,1,1,0,1,0
minute_35_00,63373,473,2383,2,288,line_288,-1,288,1,measured,136.356247,36.268978,1.206573,1.000000,0.250000,1.000000,2.500000,2.000000,3.000000,1,1,0,1,0
minute_35_00,63374,474,2384,1,24,caption_plus_1,23,25,1,measured,19.723438,2.002361,0.835681,1.000000,0.250000,1.000000,2.500000,2.000000,3.000000,1,1,0,1,0
minute_35_00,63374,474,2384,1,25,caption_plus_2,23,25,1,measured,131.203125,35.583649,1.153365,1.000000,0.250000,1.000000,2.500000,2.000000,3.000000,1,1,0,1,0
minute_35_00,63374,474,2384,1,26,caption_plus_3,23,25,1,measured,130.568756,38.472656,1.106416,1.000000,0.250000,1.000000,2.500000,2.000000,3.000000,1,1,0,1,0
minute_35_00,63374,474,2384,2,286,line_286,-1,288,1,measured,41.515625,43.545017,1.732394,1.000000,0.250000,1.000000,2.500000,2.000000,3.000000,1,1,0,1,0
minute_35_00,63374,474,2384,2,287,line_287,-1,288,1,measured,26.621876,41.180485,2.647887,1.000000,0.250000,1.000000,2.500000,2.000000,3.000000,1,1,0,1,0
minute_35_00,63374,474,2384,2,288,line_288,-1,288,1,measured,136.118744,36.832794,1.156494,1.000000,0.250000,1.000000,2.500000,2.000000,3.000000,1,1,0,1,0
minute_35_00,63375,475,2385,1,24,caption_plus_1,23,25,1,measured,17.995312,2.092765,0.854460,1.000000,0.250000,1.000000,2.500000,2.000000,3.000000,1,1,0,1,0
minute_35_00,63375,475,2385,1,25,caption_plus_2,23,25,1,measured,130.328125,35.742462,1.148670,1.000000,0.250000,1.000000,2.500000,2.000000,3.000000,1,1,0,1,0
minute_35_00,63375,475,2385,1,26,caption_plus_3,23,25,1,measured,130.045319,38.536137,1.217527,1.000000,0.250000,1.000000,2.500000,2.000000,3.000000,1,1,0,1,0
minute_35_00,63375,475,2385,2,286,line_286,-1,288,1,measured,41.067188,42.561794,1.608764,1.000000,0.250000,1.000000,2.500000,2.000000,3.000000,1,1,0,1,0
minute_35_00,63375,475,2385,2,287,line_287,-1,288,1,measured,24.607813,40.475349,2.754304,1.000000,0.250000,1.000000,2.500000,2.000000,3.000000,1,1,0,1,0
minute_35_00,63375,475,2385,2,288,line_288,-1,288,1,measured,134.967194,37.385960,1.161189,1.000000,0.250000,1.000000,2.500000,2.000000,3.000000,1,1,0,1,0
minute_35_00,63376,476,2386,1,24,caption_plus_1,23,25,1,measured,20.962500,2.309322,0.899844,1.000000,0.250000,1.000000,2.500000,2.000000,3.000000,1,1,0,1,0
minute_35_00,63376,476,2386,1,25,caption_plus_2,23,25,1,measured,131.934372,36.447163,1.126761,1.000000,0.250000,1.000000,2.500000,2.000000,3.000000,1,1,0,1,0
minute_35_00,63376,476,2386,1,26,caption_plus_3,23,25,1,measured,131.143753,39.559586,1.158059,1.000000,0.250000,1.000000,2.500000,2.000000,3.000000,1,1,0,1,0
minute_35_00,63376,476,2386,2,286,line_286,-1,288,1,measured,41.592186,42.972752,1.621283,1.000000,0.250000,1.000000,2.500000,2.000000,3.000000,1,1,0,1,0
minute_35_00,63376,476,2386,2,287,line_287,-1,288,1,measured,26.256250,40.835991,2.331768,1.000000,0.250000,1.000000,2.500000,2.000000,3.000000,1,1,0,1,0
minute_35_00,63376,476,2386,2,288,line_288,-1,288,1,measured,134.709381,36.987919,1.162754,1.000000,0.250000,1.000000,2.500000,2.000000,3.000000,1,1,0,1,0
minute_35_00,63377,477,2387,1,25,caption_plus_1,24,26,1,measured,19.701563,2.452677,0.865415,1.000000,0.250000,1.000000,2.500000,2.000000,3.000000,1,1,0,1,0
minute_35_00,63377,477,2387,1,26,caption_plus_2,24,26,1,measured,131.153122,36.943050,1.092332,1.000000,0.250000,1.000000,2.500000,2.000000,3.000000,1,1,0,1,0
minute_35_00,63377,477,2387,1,27,caption_plus_3,24,26,1,measured,130.745316,39.975021,1.097027,1.000000,0.250000,1.000000,2.500000,2.000000,3.000000,1,1,0,1,0
minute_35_00,63377,477,2387,2,286,line_286,-1,288,1,measured,41.931252,43.088482,1.602504,1.000000,0.250000,1.000000,2.500000,2.000000,3.000000,1,1,0,1,0
minute_35_00,63377,477,2387,2,287,line_287,-1,288,1,measured,31.054688,45.360107,2.435055,1.000000,0.250000,1.000000,2.500000,2.000000,3.000000,1,1,0,1,0
minute_35_00,63377,477,2387,2,288,line_288,-1,288,1,measured,134.923431,37.804623,1.065728,1.000000,0.250000,1.000000,2.500000,2.000000,3.000000,1,1,0,1,0
minute_35_00,63378,478,2388,1,24,caption_plus_1,23,25,1,measured,19.453125,2.280554,0.812207,1.000000,0.250000,1.000000,2.500000,2.000000,3.000000,1,1,0,1,0
minute_35_00,63378,478,2388,1,25,caption_plus_2,23,25,1,measured,132.267181,37.526810,1.179969,1.000000,0.250000,1.000000,2.500000,2.000000,3.000000,1,1,0,1,0
minute_35_00,63378,478,2388,1,26,caption_plus_3,23,25,1,measured,130.215622,40.602154,1.106416,1.000000,0.250000,1.000000,2.500000,2.000000,3.000000,1,1,0,1,0
minute_35_00,63378,478,2388,2,286,line_286,-1,288,1,measured,42.229687,43.073868,1.632238,1.000000,0.250000,1.000000,2.500000,2.000000,3.000000,1,1,0,1,0
minute_35_00,63378,478,2388,2,287,line_287,-1,288,1,measured,21.409374,34.387558,2.325509,1.000000,0.250000,1.000000,2.500000,2.000000,3.000000,1,1,0,1,0
minute_35_00,63378,478,2388,2,288,line_288,-1,288,1,measured,134.484375,37.822895,1.139280,1.000000,0.250000,1.000000,2.500000,2.000000,3.000000,1,1,0,1,0
minute_35_00,63379,479,2389,1,24,caption_plus_1,23,25,1,measured,19.990625,2.010886,0.824726,1.000000,0.250000,1.000000,2.500000,2.000000,3.000000,1,1,0,1,0
minute_35_00,63379,479,2389,1,25,caption_plus_2,23,25,1,measured,132.501556,37.442623,1.103286,1.000000,0.250000,1.000000,2.500000,2.000000,3.000000,1,1,0,1,0
minute_35_00,63379,479,2389,1,26,caption_plus_3,23,25,1,measured,130.887497,40.252445,1.162754,1.000000,0.250000,1.000000,2.500000,2.000000,3.000000,1,1,0,1,0
minute_35_00,63379,479,2389,2,286,line_286,-1,288,1,measured,41.509377,43.272606,1.674491,1.000000,0.250000,1.000000,2.500000,2.000000,3.000000,1,1,0,1,0
minute_35_00,63379,479,2389,2,287,line_287,-1,288,1,measured,26.329687,40.466602,3.029734,1.000000,0.250000,1.000000,2.500000,2.000000,3.000000,1,1,1,1,0
minute_35_00,63379,479,2389,2,288,line_288,-1,288,1,measured,134.714066,37.216106,1.131455,1.000000,0.250000,1.000000,2.500000,2.000000,3.000000,1,1,0,1,0
minute_35_00,63380,480,2390,1,24,caption_plus_1,23,25,1,measured,20.760937,2.225710,0.824726,1.000000,0.250000,1.000000,2.500000,2.000000,3.000000,1,1,0,1,0
minute_35_00,63380,480,2390,1,25,caption_plus_2,23,25,1,measured,132.696869,37.869247,1.134585,1.000000,0.250000,1.000000,2.500000,2.000000,3.000000,1,1,0,1,0
minute_35_00,63380,480,2390,1,26,caption_plus_3,23,25,1,measured,131.398438,40.567524,1.056338,1.000000,0.250000,1.000000,2.500000,2.000000,3.000000,1,1,0,1,0
minute_35_00,63380,480,2390,2,286,line_286,-1,288,1,measured,41.709373,43.199066,1.547731,1.000000,0.250000,1.000000,2.500000,2.000000,3.000000,1,1,0,1,0
minute_35_00,63380,480,2390,2,287,line_287,-1,288,1,measured,26.250000,40.869991,2.985915,1.000000,0.250000,1.000000,2.500000,2.000000,3.000000,1,1,0,1,0
minute_35_00,63380,480,2390,2,288,line_288,-1,288,1,measured,135.787506,38.104321,1.145540,1.000000,0.250000,1.000000,2.500000,2.000000,3.000000,1,1,0,1,0
minute_35_00,63381,481,2391,1,25,caption_plus_1,24,26,1,measured,21.423437,2.380339,0.845070,1.000000,0.250000,1.000000,2.500000,2.000000,3.000000,1,1,0,1,0
minute_35_00,63381,481,2391,1,26,caption_plus_2,24,26,1,measured,134.353119,37.767551,1.197183,1.000000,0.250000,1.000000,2.500000,2.000000,3.000000,1,1,0,1,0
minute_35_00,63381,481,2391,1,27,caption_plus_3,24,26,1,measured,133.232819,40.725460,1.125196,1.000000,0.250000,1.000000,2.500000,2.000000,3.000000,1,1,0,1,0
minute_35_00,63381,481,2391,2,286,line_286,-1,288,1,measured,41.835938,43.613964,1.633803,1.000000,0.250000,1.000000,2.500000,2.000000,3.000000,1,1,0,1,0
minute_35_00,63381,481,2391,2,287,line_287,-1,288,1,measured,26.406250,40.781128,2.784038,1.000000,0.250000,1.000000,2.500000,2.000000,3.000000,1,1,0,1,0
minute_35_00,63381,481,2391,2,288,line_288,-1,288,1,measured,137.170319,37.985901,1.236307,1.000000,0.250000,1.000000,2.500000,2.000000,3.000000,1,1,0,1,0
minute_35_00,63382,482,2392,1,24,caption_plus_1,23,25,1,measured,21.142187,2.390757,0.882629,1.000000,0.250000,1.000000,2.500000,2.000000,3.000000,1,1,0,1,0
minute_35_00,63382,482,2392,1,25,caption_plus_2,23,25,1,measured,134.321869,37.552082,1.167449,1.000000,0.250000,1.000000,2.500000,2.000000,3.000000,1,1,0,1,0
minute_35_00,63382,482,2392,1,26,caption_plus_3,23,25,1,measured,132.912506,40.036137,1.120501,1.000000,0.250000,1.000000,2.500000,2.000000,3.000000,1,1,0,1,0
minute_35_00,63382,482,2392,2,286,line_286,-1,287,1,measured,43.060936,43.509960,1.615023,1.000000,0.250000,1.000000,2.500000,2.000000,3.000000,1,1,0,1,0
minute_35_00,63382,482,2392,2,287,line_287,-1,287,1,measured,62.606251,57.248920,6.730829,1.000000,0.250000,1.000000,2.500000,2.000000,3.000000,1,1,1,1,0
minute_35_00,63382,482,2392,2,288,line_288,-1,287,1,measured,138.774994,40.193390,1.323944,1.000000,0.250000,1.000000,2.500000,2.000000,3.000000,1,1,0,1,0
minute_35_00,63383,483,2393,1,24,caption_plus_1,23,25,1,measured,19.731251,2.801165,0.929577,1.000000,0.250000,1.000000,2.500000,2.000000,3.000000,1,1,0,1,0
minute_35_00,63383,483,2393,1,25,caption_plus_2,23,25,1,measured,133.256256,36.551247,1.123631,1.000000,0.250000,1.000000,2.500000,2.000000,3.000000,1,1,0,1,0
minute_35_00,63383,483,2393,1,26,caption_plus_3,23,25,1,measured,132.796875,39.925625,1.111111,1.000000,0.250000,1.000000,2.500000,2.000000,3.000000,1,1,0,1,0
minute_35_00,63383,483,2393,2,286,line_286,-1,287,1,measured,41.934376,42.907120,1.585289,1.000000,0.250000,1.000000,2.500000,2.000000,3.000000,1,1,0,1,0
minute_35_00,63383,483,2393,2,287,line_287,-1,287,1,measured,66.603127,57.354446,7.043818,1.000000,0.250000,1.000000,2.500000,2.000000,3.000000,1,1,1,1,0
minute_35_00,63383,483,2393,2,288,line_288,-1,287,1,measured,136.996872,40.348679,1.352113,1.000000,0.250000,1.000000,2.500000,2.000000,3.000000,1,1,0,1,0
minute_35_00,63384,484,2394,1,24,caption_plus_1,23,25,1,measured,20.453125,2.454777,0.881064,1.000000,0.250000,1.000000,2.500000,2.000000,3.000000,1,1,0,1,0
minute_35_00,63384,484,2394,1,25,caption_plus_2,23,25,1,measured,134.846878,36.871544,1.117371,1.000000,0.250000,1.000000,2.500000,2.000000,3.000000,1,1,0,1,0
minute_35_00,63384,484,2394,1,26,caption_plus_3,23,25,1,measured,134.367188,40.347019,1.137715,1.000000,0.250000,1.000000,2.500000,2.000000,3.000000,1,1,0,1,0
minute_35_00,63384,484,2394,2,286,line_286,-1,287,1,measured,43.356251,43.712067,1.666667,1.000000,0.250000,1.000000,2.500000,2.000000,3.000000,1,1,0,1,0
minute_35_00,63384,484,2394,2,287,line_287,-1,287,1,measured,68.842186,59.168816,7.267606,1.000000,0.250000,1.000000,2.500000,2.000000,3.000000,1,1,1,1,0
minute_35_00,63384,484,2394,2,288,line_288,-1,287,1,measured,138.879684,40.500809,1.430360,1.000000,0.250000,1.000000,2.500000,2.000000,3.000000,1,1,0,1,0
minute_35_00,63385,485,2395,1,25,caption_plus_1,24,26,1,measured,19.310938,2.816004,0.954617,1.000000,0.250000,1.000000,2.500000,2.000000,3.000000,1,1,0,1,0
minute_35_00,63385,485,2395,1,26,caption_plus_2,24,26,1,measured,134.484375,36.885506,1.070423,1.000000,0.250000,1.000000,2.500000,2.000000,3.000000,1,1,0,1,0
minute_35_00,63385,485,2395,1,27,caption_plus_3,24,26,1,measured,133.990631,40.166294,1.158059,1.000000,0.250000,1.000000,2.500000,2.000000,3.000000,1,1,0,1,0
minute_35_00,63385,485,2395,2,286,line_286,-1,287,1,measured,42.251564,43.746117,1.657277,1.000000,0.250000,1.000000,2.500000,2.000000,3.000000,1,1,0,1,0
minute_35_00,63385,485,2395,2,287,line_287,-1,287,1,measured,71.660934,58.265953,6.571205,1.000000,0.250000,1.000000,2.500000,2.000000,3.000000,1,1,1,1,0
minute_35_00,63385,485,2395,2,288,line_288,-1,287,1,measured,136.348434,39.537350,1.366197,1.000000,0.250000,1.000000,2.500000,2.000000,3.000000,1,1,0,1,0
minute_35_00,63386,486,2396,1,25,caption_plus_1,24,26,1,measured,19.876562,2.518447,0.881064,1.000000,0.250000,1.000000,2.500000,2.000000,3.000000,1,1,0,1,0
minute_35_00,63386,486,2396,1,26,caption_plus_2,24,26,1,measured,135.082809,37.193638,1.161189,1.000000,0.250000,1.000000,2.500000,2.000000,3.000000,1,1,0,1,0
minute_35_00,63386,486,2396,1,27,caption_plus_3,24,26,1,measured,133.948441,39.855114,1.145540,1.000000,0.250000,1.000000,2.500000,2.000000,3.000000,1,1,0,1,0
minute_35_00,63386,486,2396,2,286,line_286,-1,287,1,measured,42.443748,43.187420,1.680751,1.000000,0.250000,1.000000,2.500000,2.000000,3.000000,1,1,0,1,0
minute_35_00,63386,486,2396,2,287,line_287,-1,287,1,measured,61.856251,58.322582,6.143975,1.000000,0.250000,1.000000,2.500000,2.000000,3.000000,1,1,1,1,0
minute_35_00,63386,486,2396,2,288,line_288,-1,287,1,measured,137.157806,39.464916,1.341158,1.000000,0.250000,1.000000,2.500000,2.000000,3.000000,1,1,0,1,0
minute_35_00,63387,487,2397,1,25,caption_plus_1,24,26,1,measured,19.271875,2.277846,0.931142,1.000000,0.250000,1.000000,2.500000,2.000000,3.000000,1,1,0,1,0
minute_35_00,63387,487,2397,1,26,caption_plus_2,24,26,1,measured,134.203125,36.834503,1.150235,1.000000,0.250000,1.000000,2.500000,2.000000,3.000000,1,1,0,1,0
minute_35_00,63387,487,2397,1,27,caption_plus_3,24,26,1,measured,133.629684,39.856133,1.147105,1.000000,0.250000,1.000000,2.500000,2.000000,3.000000,1,1,0,1,0
minute_35_00,63387,487,2397,2,286,line_286,-1,287,1,measured,42.006248,43.010426,1.610329,1.000000,0.250000,1.000000,2.500000,2.000000,3.000000,1,1,0,1,0
minute_35_00,63387,487,2397,2,287,line_287,-1,287,1,measured,61.937500,58.827656,6.111111,1.000000,0.250000,1.000000,2.500000,2.000000,3.000000,1,1,1,1,0
minute_35_00,63387,487,2397,2,288,line_288,-1,287,1,measured,136.654694,40.890072,1.513302,1.000000,0.250000,1.000000,2.500000,2.000000,3.000000,1,1,0,1,0
minute_35_00,63388,488,2398,1,25,caption_plus_1,24,26,1,measured,20.731251,2.254085,0.924883,1.000000,0.250000,1.000000,2.500000,2.000000,3.000000,1,1,0,1,0
minute_35_00,63388,488,2398,1,26,caption_plus_2,24,26,1,measured,134.704681,37.515690,1.178404,1.000000,0.250000,1.000000,2.500000,2.000000,3.000000,1,1,0,1,0
minute_35_00,63388,488,2398,1,27,caption_plus_3,24,26,1,measured,133.154694,39.080116,1.103286,1.000000,0.250000,1.000000,2.500000,2.000000,3.000000,1,1,0,1,0
minute_35_00,63388,488,2398,2,286,line_286,-1,288,1,measured,41.864063,43.974731,1.694836,1.000000,0.250000,1.000000,2.500000,2.000000,3.000000,1,1,0,1,0
minute_35_00,63388,488,2398,2,287,line_287,-1,288,1,measured,26.770313,41.479839,2.840376,1.000000,0.250000,1.000000,2.500000,2.000000,3.000000,1,1,0,1,0
minute_35_00,63388,488,2398,2,288,line_288,-1,288,1,measured,137.223434,37.804619,1.203443,1.000000,0.250000,1.000000,2.500000,2.000000,3.000000,1,1,0,1,0
minute_35_00,63389,489,2399,1,25,caption_plus_1,24,26,1,measured,20.654688,2.018928,0.873239,1.000000,0.250000,1.000000,2.500000,2.000000,3.000000,1,1,0,1,0
minute_35_00,63389,489,2399,1,26,caption_plus_2,24,26,1,measured,135.117188,37.435032,1.175274,1.000000,0.250000,1.000000,2.500000,2.000000,3.000000,1,1,0,1,0
minute_35_00,63389,489,2399,1,27,caption_plus_3,24,26,1,measured,133.812500,39.274067,1.143975,1.000000,0.250000,1.000000,2.500000,2.000000,3.000000,1,1,0,1,0
minute_35_00,63389,489,2399,2,286,line_286,-1,288,1,measured,42.864063,43.877659,1.708920,1.000000,0.250000,1.000000,2.500000,2.000000,3.000000,1,1,0,1,0
minute_35_00,63389,489,2399,2,287,line_287,-1,288,1,measured,32.407814,44.976078,2.957747,1.000000,0.250000,1.000000,2.500000,2.000000,3.000000,1,1,0,1,0
minute_35_00,63389,489,2399,2,288,line_288,-1,288,1,measured,139.092194,37.684662,1.179969,1.000000,0.250000,1.000000,2.500000,2.000000,3.000000,1,1,0,1,0
minute_35_00,63390,490,2400,1,25,caption_plus_1,24,26,1,measured,21.067188,2.110284,0.860720,1.000000,0.250000,1.000000,2.500000,2.000000,3.000000,1,1,0,1,0
minute_35_00,63390,490,2400,1,26,caption_plus_2,24,26,1,measured,136.429688,36.989162,1.184664,1.000000,0.250000,1.000000,2.500000,2.000000,3.000000,1,1,0,1,0
minute_35_00,63390,490,2400,1,27,caption_plus_3,24,26,1,measured,135.643753,40.034924,1.122066,1.000000,0.250000,1.000000,2.500000,2.000000,3.000000,1,1,0,1,0
minute_35_00,63390,490,2400,2,286,line_286,-1,288,1,measured,43.679688,43.550385,1.707355,1.000000,0.250000,1.000000,2.500000,2.000000,3.000000,1,1,0,1,0
minute_35_00,63390,490,2400,2,287,line_287,-1,288,1,measured,28.479687,40.686680,2.383412,1.000000,0.250000,1.000000,2.500000,2.000000,3.000000,1,1,0,1,0
minute_35_00,63390,490,2400,2,288,line_288,-1,288,1,measured,140.015625,37.277168,1.270736,1.000000,0.250000,1.000000,2.500000,2.000000,3.000000,1,1,0,1,0
minute_35_00,63391,491,2401,1,25,caption_plus_1,24,26,1,measured,22.006250,2.207223,0.873239,1.000000,0.250000,1.000000,2.500000,2.000000,3.000000,1,1,0,1,0
minute_35_00,63391,491,2401,1,26,caption_plus_2,24,26,1,measured,137.042191,36.486423,1.079812,1.000000,0.250000,1.000000,2.500000,2.000000,3.000000,1,1,0,1,0
minute_35_00,63391,491,2401,1,27,caption_plus_3,24,26,1,measured,136.495316,40.058628,1.190923,1.000000,0.250000,1.000000,2.500000,2.000000,3.000000,1,1,0,1,0
minute_35_00,63391,491,2401,2,286,line_286,-1,288,1,measured,43.549999,43.527439,1.658842,1.000000,0.250000,1.000000,2.500000,2.000000,3.000000,1,1,0,1,0
minute_35_00,63391,491,2401,2,287,line_287,-1,288,1,measured,33.093750,45.552380,2.954617,1.000000,0.250000,1.000000,2.500000,2.000000,3.000000,1,1,0,1,0
minute_35_00,63391,491,2401,2,288,line_288,-1,288,1,measured,140.920319,36.711353,1.214398,1.000000,0.250000,1.000000,2.500000,2.000000,3.000000,1,1,0,1,0
minute_35_00,63392,492,2402,1,25,caption_plus_1,24,26,1,measured,21.484375,2.514907,0.895149,1.000000,0.250000,1.000000,2.500000,2.000000,3.000000,1,1,0,1,0
minute_35_00,63392,492,2402,1,26,caption_plus_2,24,26,1,measured,137.020309,36.825619,1.106416,1.000000,0.250000,1.000000,2.500000,2.000000,3.000000,1,1,0,1,0
minute_35_00,63392,492,2402,1,27,caption_plus_3,24,26,1,measured,135.884369,39.224422,1.084507,1.000000,0.250000,1.000000,2.500000,2.000000,3.000000,1,1,0,1,0
minute_35_00,63392,492,2402,2,286,line_286,-1,288,1,measured,44.287498,44.404800,1.726135,1.000000,0.250000,1.000000,2.500000,2.000000,3.000000,1,1,0,1,0
minute_35_00,63392,492,2402,2,287,line_287,-1,288,1,measured,24.035938,35.887283,2.262911,1.000000,0.250000,1.000000,2.500000,2.000000,3.000000,1,1,0,1,0
minute_35_00,63392,492,2402,2,288,line_288,-1,288,1,measured,140.851562,36.200806,1.241002,1.000000,0.250000,1.000000,2.500000,2.000000,3.000000,1,1,0,1,0
minute_35_00,63393,493,2403,1,25,caption_plus_1,24,26,1,measured,21.176563,2.227333,0.907668,1.000000,0.250000,1.000000,2.500000,2.000000,3.000000,1,1,0,1,0
minute_35_00,63393,493,2403,1,26,caption_plus_2,24,26,1,measured,135.779694,36.817921,1.103286,1.000000,0.250000,1.000000,2.500000,2.000000,3.000000,1,1,0,1,0
minute_35_00,63393,493,2403,1,27,caption_plus_3,24,26,1,measured,135.987503,38.693707,1.079812,1.000000,0.250000,1.000000,2.500000,2.000000,3.000000,1,1,0,1,0
minute_35_00,63393,493,2403,2,286,line_286,-1,288,1,measured,42.968750,43.374229,1.632238,1.000000,0.250000,1.000000,2.500000,2.000000,3.000000,1,1,0,1,0
minute_35_00,63393,493,2403,2,287,line_287,-1,288,1,measured,22.845312,35.553429,2.403756,1.000000,0.250000,1.000000,2.500000,2.000000,3.000000,1,1,0,1,0
minute_35_00,63393,493,2403,2,288,line_288,-1,288,1,measured,140.187500,36.208370,1.142410,1.000000,0.250000,1.000000,2.500000,2.000000,3.000000,1,1,0,1,0
minute_35_00,63394,494,2404,1,25,caption_plus_1,24,26,1,measured,21.223438,2.608594,0.924883,1.000000,0.250000,1.000000,2.500000,2.000000,3.000000,1,1,0,1,0
minute_35_00,63394,494,2404,1,26,caption_plus_2,24,26,1,measured,135.973434,37.239189,1.128325,1.000000,0.250000,1.000000,2.500000,2.000000,3.000000,1,1,0,1,0
minute_35_00,63394,494,2404,1,27,caption_plus_3,24,26,1,measured,136.528122,38.887688,1.086072,1.000000,0.250000,1.000000,2.500000,2.000000,3.000000,1,1,0,1,0
minute_35_00,63394,494,2404,2,286,line_286,-1,287,1,measured,44.043751,43.357506,1.661972,1.000000,0.250000,1.000000,2.500000,2.000000,3.000000,1,1,0,1,0
minute_35_00,63394,494,2404,2,287,line_287,-1,287,1,measured,53.493752,57.772995,5.583724,1.000000,0.250000,1.000000,2.500000,2.000000,3.000000,1,1,1,1,0
minute_35_00,63394,494,2404,2,288,line_288,-1,287,1,measured,140.881256,39.109364,1.281690,1.000000,0.250000,1.000000,2.500000,2.000000,3.000000,1,1,0,1,0
minute_35_00,63395,495,2405,1,25,caption_plus_1,24,26,1,measured,20.946875,2.162245,0.801252,1.000000,0.250000,1.000000,2.500000,2.000000,3.000000,1,1,0,1,0
minute_35_00,63395,495,2405,1,26,caption_plus_2,24,26,1,measured,137.274994,36.853333,1.248826,1.000000,0.250000,1.000000,2.500000,2.000000,3.000000,1,1,0,1,0
minute_35_00,63395,495,2405,1,27,caption_plus_3,24,26,1,measured,137.156250,38.570480,1.154930,1.000000,0.250000,1.000000,2.500000,2.000000,3.000000,1,1,0,1,0
minute_35_00,63395,495,2405,2,286,line_286,-1,287,1,measured,43.793751,44.481686,1.677621,1.000000,0.250000,1.000000,2.500000,2.000000,3.000000,1,1,0,1,0
minute_35_00,63395,495,2405,2,287,line_287,-1,287,1,measured,55.029686,59.184334,6.040689,1.000000,0.250000,1.000000,2.500000,2.000000,3.000000,1,1,1,1,0
minute_35_00,63395,495,2405,2,288,line_288,-1,287,1,measured,141.789062,39.978325,1.461659,1.000000,0.250000,1.000000,2.500000,2.000000,3.000000,1,1,0,1,0
minute_35_00,63396,496,2406,1,25,caption_plus_1,24,26,1,measured,20.328125,2.269738,0.829421,1.000000,0.250000,1.000000,2.500000,2.000000,3.000000,1,1,0,1,0
minute_35_00,63396,496,2406,1,26,caption_plus_2,24,26,1,measured,137.409378,36.895432,1.242566,1.000000,0.250000,1.000000,2.500000,2.000000,3.000000,1,1,0,1,0
minute_35_00,63396,496,2406,1,27,caption_plus_3,24,26,1,measured,137.404694,38.475887,1.123631,1.000000,0.250000,1.000000,2.500000,2.000000,3.000000,1,1,0,1,0
minute_35_00,63396,496,2406,2,286,line_286,-1,288,1,measured,43.343750,43.865887,1.707355,1.000000,0.250000,1.000000,2.500000,2.000000,3.000000,1,1,0,1,0
minute_35_00,63396,496,2406,2,287,line_287,-1,288,1,measured,22.526562,35.540768,2.350548,1.000000,0.250000,1.000000,2.500000,2.000000,3.000000,1,1,0,1,0
minute_35_00,63396,496,2406,2,288,line_288,-1,288,1,measured,139.346878,37.542912,1.214398,1.000000,0.250000,1.000000,2.500000,2.000000,3.000000,1,1,0,1,0
minute_35_00,63397,497,2407,1,25,caption_plus_1,24,26,1,measured,20.939062,2.319288,0.906103,1.000000,0.250000,1.000000,2.500000,2.000000,3.000000,1,1,0,1,0
minute_35_00,63397,497,2407,1,26,caption_plus_2,24,26,1,measured,137.409378,35.854061,1.186229,1.000000,0.250000,1.000000,2.500000,2.000000,3.000000,1,1,0,1,0
minute_35_00,63397,497,2407,1,27,caption_plus_3,24,26,1,measured,137.125000,39.175087,1.189358,1.000000,0.250000,1.000000,2.500000,2.000000,3.000000,1,1,0,1,0
minute_35_00,63397,497,2407,2,286,line_286,-1,288,1,measured,43.832813,43.814796,1.663537,1.000000,0.250000,1.000000,2.500000,2.000000,3.000000,1,1,0,1,0
minute_35_00,63397,497,2407,2,287,line_287,-1,288,1,measured,27.314062,41.679203,3.161189,1.000000,0.250000,1.000000,2.500000,2.000000,3.000000,1,1,1,1,0
minute_35_00,63397,497,2407,2,288,line_288,-1,288,1,measured,141.135941,37.882080,1.239437,1.000000,0.250000,1.000000,2.500000,2.000000,3.000000,1,1,0,1,0
minute_35_00,63398,498,2408,1,25,caption_plus_1,24,26,1,measured,20.684376,2.109592,0.807512,1.000000,0.250000,1.000000,2.500000,2.000000,3.000000,1,1,0,1,0
minute_35_00,63398,498,2408,1,26,caption_plus_2,24,26,1,measured,137.064056,36.614338,1.228482,1.000000,0.250000,1.000000,2.500000,2.000000,3.000000,1,1,0,1,0
minute_35_00,63398,498,2408,1,27,caption_plus_3,24,26,1,measured,137.167191,39.021690,1.181534,1.000000,0.250000,1.000000,2.500000,2.000000,3.000000,1,1,0,1,0
minute_35_00,63398,498,2408,2,286,line_286,-1,288,1,measured,44.764061,44.365059,1.707355,1.000000,0.250000,1.000000,2.500000,2.000000,3.000000,1,1,0,1,0
minute_35_00,63398,498,2408,2,287,line_287,-1,288,1,measured,28.618750,42.182102,2.575900,1.000000,0.250000,1.000000,2.500000,2.000000,3.000000,1,1,0,1,0
minute_35_00,63398,498,2408,2,288,line_288,-1,288,1,measured,141.795319,37.476624,1.244131,1.000000,0.250000,1.000000,2.500000,2.000000,3.000000,1,1,0,1,0
minute_35_00,63399,499,2409,1,25,caption_plus_1,24,26,1,measured,22.265625,2.242642,0.860720,1.000000,0.250000,1.000000,2.500000,2.000000,3.000000,1,1,0,1,0
minute_35_00,63399,499,2409,1,26,caption_plus_2,24,26,1,measured,137.270309,35.670021,1.258216,1.000000,0.250000,1.000000,2.500000,2.000000,3.000000,1,1,0,1,0
minute_35_00,63399,499,2409,1,27,caption_plus_3,24,26,1,measured,137.912506,39.173153,1.143975,1.000000,0.250000,1.000000,2.500000,2.000000,3.000000,1,1,0,1,0
minute_35_00,63399,499,2409,2,286,line_286,-1,288,1,measured,44.279686,44.045769,1.646322,1.000000,0.250000,1.000000,2.500000,2.000000,3.000000,1,1,0,1,0
minute_35_00,63399,499,2409,2,287,line_287,-1,288,1,measured,28.307812,41.966434,2.353678,1.000000,0.250000,1.000000,2.500000,2.000000,3.000000,1,1,0,1,0
minute_35_00,63399,499,2409,2,288,line_288,-1,288,1,measured,141.937500,36.592381,1.205008,1.000000,0.250000,1.000000,2.500000,2.000000,3.000000,1,1,0,1,0
minute_35_00,63400,500,2410,1,25,caption_plus_1,24,26,1,measured,22.279688,2.104659,0.874804,1.000000,0.250000,1.000000,2.500000,2.000000,3.000000,1,1,0,1,0
minute_35_00,63400,500,2410,1,26,caption_plus_2,24,26,1,measured,138.834381,35.561577,1.165884,1.000000,0.250000,1.000000,2.500000,2.000000,3.000000,1,1,0,1,0
minute_35_00,63400,500,2410,1,27,caption_plus_3,24,26,1,measured,137.923431,39.176270,1.158059,1.000000,0.250000,1.000000,2.500000,2.000000,3.000000,1,1,0,1,0
minute_35_00,63400,500,2410,2,286,line_286,-1,288,1,measured,44.464062,43.239433,1.646322,1.000000,0.250000,1.000000,2.500000,2.000000,3.000000,1,1,0,1,0
minute_35_00,63400,500,2410,2,287,line_287,-1,288,1,measured,23.562500,35.477097,2.344288,1.000000,0.250000,1.000000,2.500000,2.000000,3.000000,1,1,0,1,0
minute_35_00,63400,500,2410,2,288,line_288,-1,288,1,measured,142.449997,37.072571,1.211268,1.000000,0.250000,1.000000,2.500000,2.000000,3.000000,1,1,0,1,0
minute_35_00,63401,501,2411,1,25,caption_plus_1,24,26,1,measured,21.368750,2.298429,0.857590,1.000000,0.250000,1.000000,2.500000,2.000000,3.000000,1,1,0,1,0
minute_35_00,63401,501,2411,1,26,caption_plus_2,24,26,1,measured,138.457809,35.906105,1.200313,1.000000,0.250000,1.000000,2.500000,2.000000,3.000000,1,1,0,1,0
minute_35_00,63401,501,2411,1,27,caption_plus_3,24,26,1,measured,138.218750,39.263878,1.178404,1.000000,0.250000,1.000000,2.500000,2.000000,3.000000,1,1,0,1,0
minute_35_00,63401,501,2411,2,286,line_286,-1,288,1,measured,43.034374,44.290470,1.613459,1.000000,0.250000,1.000000,2.500000,2.000000,3.000000,1,1,0,1,0
minute_35_00,63401,501,2411,2,287,line_287,-1,288,1,measured,27.590626,42.191914,2.970266,1.000000,0.250000,1.000000,2.500000,2.000000,3.000000,1,1,0,1,0
minute_35_00,63401,501,2411,2,288,line_288,-1,288,1,measured,140.576569,36.646759,1.230047,1.000000,0.250000,1.000000,2.500000,2.000000,3.000000,1,1,0,1,0
minute_35_00,63402,502,2412,1,25,caption_plus_1,24,26,1,measured,22.126562,2.213152,0.845070,1.000000,0.250000,1.000000,2.500000,2.000000,3.000000,1,1,0,1,0
minute_35_00,63402,502,2412,1,26,caption_plus_2,24,26,1,measured,138.912506,35.474487,1.158059,1.000000,0.250000,1.000000,2.500000,2.000000,3.000000,1,1,0,1,0
minute_35_00,63402,502,2412,1,27,caption_plus_3,24,26,1,measured,138.220306,39.216267,1.176839,1.000000,0.250000,1.000000,2.500000,2.000000,3.000000,1,1,0,1,0
minute_35_00,63402,502,2412,2,286,line_286,-1,288,1,measured,43.534374,43.424706,1.680751,1.000000,0.250000,1.000000,2.500000,2.000000,3.000000,1,1,0,1,0
minute_35_00,63402,502,2412,2,287,line_287,-1,288,1,measured,27.890625,40.202930,2.928013,1.000000,0.250000,1.000000,2.500000,2.000000,3.000000,1,1,0,1,0
minute_35_00,63402,502,2412,2,288,line_288,-1,288,1,measured,142.768753,35.005394,1.194053,1.000000,0.250000,1.000000,2.500000,2.000000,3.000000,1,1,0,1,0
minute_35_00,63403,503,2413,1,25,caption_plus_1,24,26,1,measured,21.620312,2.034367,0.890454,1.000000,0.250000,1.000000,2.500000,2.000000,3.000000,1,1,0,1,0
minute_35_00,63403,503,2413,1,26,caption_plus_2,24,26,1,measured,139.118744,34.623260,1.158059,1.000000,0.250000,1.000000,2.500000,2.000000,3.000000,1,1,0,1,0
minute_35_00,63403,503,2413,1,27,caption_plus_3,24,26,1,measured,138.324997,39.000290,1.111111,1.000000,0.250000,1.000000,2.500000,2.000000,3.000000,1,1,0,1,0
minute_35_00,63403,503,2413,2,286,line_286,-1,288,1,measured,43.290627,44.067806,1.708920,1.000000,0.250000,1.000000,2.500000,2.000000,3.000000,1,1,0,1,0
minute_35_00,63403,503,2413,2,287,line_287,-1,288,1,measured,27.617188,41.653728,2.776213,1.000000,0.250000,1.000000,2.500000,2.000000,3.000000,1,1,0,1,0
minute_35_00,63403,503,2413,2,288,line_288,-1,288,1,measured,142.167191,35.672012,1.302034,1.000000,0.250000,1.000000,2.500000,2.000000,3.000000,1,1,0,1,0
minute_35_00,63404,504,2414,1,25,caption_plus_1,24,26,1,measured,22.620312,2.336108,0.938967,1.000000,0.250000,1.000000,2.500000,2.000000,3.000000,1,1,0,1,0
minute_35_00,63404,504,2414,1,26,caption_plus_2,24,26,1,measured,139.350006,34.315029,1.242566,1.000000,0.250000,1.000000,2.500000,2.000000,3.000000,1,1,0,1,0
minute_35_00,63404,504,2414,1,27,caption_plus_3,24,26,1,measured,137.704681,38.559677,1.170579,1.000000,0.250000,1.000000,2.500000,2.000000,3.000000,1,1,0,1,0
minute_35_00,63404,504,2414,2,286,line_286,-1,288,1,measured,44.520313,44.492588,1.702660,1.000000,0.250000,1.000000,2.500000,2.000000,3.000000,1,1,0,1,0
minute_35_00,63404,504,2414,2,287,line_287,-1,288,1,measured,28.640625,41.754887,2.508607,1.000000,0.250000,1.000000,2.500000,2.000000,3.000000,1,1,0,1,0
minute_35_00,63404,504,2414,2,288,line_288,-1,288,1,measured,143.926559,35.430161,1.215962,1.000000,0.250000,1.000000,2.500000,2.000000,3.000000,1,1,0,1,0
minute_35_00,63405,505,2415,1,25,caption_plus_1,24,26,1,measured,21.150000,2.138779,0.874804,1.000000,0.250000,1.000000,2.500000,2.000000,3.000000,1,1,0,1,0
minute_35_00,63405,505,2415,1,26,caption_plus_2,24,26,1,measured,139.362503,34.310074,1.176839,1.000000,0.250000,1.000000,2.500000,2.000000,3.000000,1,1,0,1,0
minute_35_00,63405,505,2415,1,27,caption_plus_3,24,26,1,measured,137.090622,38.737514,1.187793,1.000000,0.250000,1.000000,2.500000,2.000000,3.000000,1,1,0,1,0
minute_35_00,63405,505,2415,2,286,line_286,-1,288,1,measured,43.582813,44.238941,1.712050,1.000000,0.250000,1.000000,2.500000,2.000000,3.000000,1,1,0,1,0
minute_35_00,63405,505,2415,2,287,line_287,-1,288,1,measured,28.292187,41.461319,2.708920,1.000000,0.250000,1.000000,2.500000,2.000000,3.000000,1,1,0,1,0
minute_35_00,63405,505,2415,2,288,line_288,-1,288,1,measured,143.412506,35.519871,1.231612,1.000000,0.250000,1.000000,2.500000,2.000000,3.000000,1,1,0,1,0
minute_35_00,63406,506,2416,1,25,caption_plus_1,24,26,1,measured,22.299999,2.044199,0.879499,1.000000,0.250000,1.000000,2.500000,2.000000,3.000000,1,1,0,1,0
minute_35_00,63406,506,2416,1,26,caption_plus_2,24,26,1,measured,140.315628,33.390965,1.143975,1.000000,0.250000,1.000000,2.500000,2.000000,3.000000,1,1,0,1,0
minute_35_00,63406,506,2416,1,27,caption_plus_3,24,26,1,measured,138.593750,38.929752,1.241002,1.000000,0.250000,1.000000,2.500000,2.000000,3.000000,1,1,0,1,0
minute_35_00,63406,506,2416,2,286,line_286,-1,288,1,measured,43.292187,43.754147,1.679186,1.000000,0.250000,1.000000,2.500000,2.000000,3.000000,1,1,0,1,0
minute_35_00,63406,506,2416,2,287,line_287,-1,288,1,measured,27.460938,41.297909,2.219092,1.000000,0.250000,1.000000,2.500000,2.000000,3.000000,1,1,0,1,0
minute_35_00,63406,506,2416,2,288,line_288,-1,288,1,measured,142.021881,35.288757,1.322379,1.000000,0.250000,1.000000,2.500000,2.000000,3.000000,1,1,0,1,0
minute_35_00,63407,507,2417,1,25,caption_plus_1,24,26,1,measured,21.776562,2.375345,0.840376,1.000000,0.250000,1.000000,2.500000,2.000000,3.000000,1,1,0,1,0
minute_35_00,63407,507,2417,1,26,caption_plus_2,24,26,1,measured,138.828125,34.266216,1.234742,1.000000,0.250000,1.000000,2.500000,2.000000,3.000000,1,1,0,1,0
minute_35_00,63407,507,2417,1,27,caption_plus_3,24,26,1,measured,137.228119,38.520504,1.214398,1.000000,0.250000,1.000000,2.500000,2.000000,3.000000,1,1,0,1,0
minute_35_00,63407,507,2417,2,286,line_286,-1,288,1,measured,43.637501,43.732174,1.630673,1.000000,0.250000,1.000000,2.500000,2.000000,3.000000,1,1,0,1,0
minute_35_00,63407,507,2417,2,287,line_287,-1,288,1,measured,33.046875,45.426426,2.629108,1.000000,0.250000,1.000000,2.500000,2.000000,3.000000,1,1,0,1,0
minute_35_00,63407,507,2417,2,288,line_288,-1,288,1,measured,142.546875,35.446316,1.261346,1.000000,0.250000,1.000000,2.500000,2.000000,3.000000,1,1,0,1,0
minute_35_00,63408,508,2418,1,25,caption_plus_1,24,26,1,measured,20.587500,1.923985,0.832551,1.000000,0.250000,1.000000,2.500000,2.000000,3.000000,1,0,0,1,0
minute_35_00,63408,508,2418,1,26,caption_plus_2,24,26,1,measured,138.365631,33.763390,1.095462,1.000000,0.250000,1.000000,2.500000,2.000000,3.000000,1,1,0,1,0
minute_35_00,63408,508,2418,1,27,caption_plus_3,24,26,1,measured,137.284378,38.891399,1.162754,1.000000,0.250000,1.000000,2.500000,2.000000,3.000000,1,1,0,1,0
minute_35_00,63408,508,2418,2,286,line_286,-1,288,1,measured,42.273438,43.343452,1.582160,1.000000,0.250000,1.000000,2.500000,2.000000,3.000000,1,1,0,1,0
minute_35_00,63408,508,2418,2,287,line_287,-1,288,1,measured,22.296875,35.443916,2.381847,1.000000,0.250000,1.000000,2.500000,2.000000,3.000000,1,1,0,1,0
minute_35_00,63408,508,2418,2,288,line_288,-1,288,1,measured,141.862503,34.788826,1.220657,1.000000,0.250000,1.000000,2.500000,2.000000,3.000000,1,1,0,1,0
minute_35_00,63409,509,2419,1,25,caption_plus_1,24,26,1,measured,21.618750,2.138551,0.884194,1.000000,0.250000,1.000000,2.500000,2.000000,3.000000,1,1,0,1,0
minute_35_00,63409,509,2419,1,26,caption_plus_2,24,26,1,measured,139.287506,33.162647,1.143975,1.000000,0.250000,1.000000,2.500000,2.000000,3.000000,1,1,0,1,0
minute_35_00,63409,509,2419,1,27,caption_plus_3,24,26,1,measured,137.867188,38.991337,1.289515,1.000000,0.250000,1.000000,2.500000,2.000000,3.000000,1,1,0,1,0
minute_35_00,63409,509,2419,2,286,line_286,-1,288,1,measured,44.232811,44.299728,1.726135,1.000000,0.250000,1.000000,2.500000,2.000000,3.000000,1,1,0,1,0
minute_35_00,63409,509,2419,2,287,line_287,-1,288,1,measured,27.173437,40.662018,2.937402,1.000000,0.250000,1.000000,2.500000,2.000000,3.000000,1,1,0,1,0
minute_35_00,63409,509,2419,2,288,line_288,-1,288,1,measured,142.901566,35.514408,1.267606,1.000000,0.250000,1.000000,2.500000,2.000000,3.000000,1,1,0,1,0
minute_35_00,63410,510,2420,1,25,caption_plus_1,24,26,1,measured,21.473438,2.458261,0.863850,1.000000,0.250000,1.000000,2.500000,2.000000,3.000000,1,1,0,1,0
minute_35_00,63410,510,2420,1,26,caption_plus_2,24,26,1,measured,139.989059,33.364719,1.104851,1.000000,0.250000,1.000000,2.500000,2.000000,3.000000,1,1,0,1,0
minute_35_00,63410,510,2420,1,27,caption_plus_3,24,26,1,measured,138.442184,38.442368,1.237872,1.000000,0.250000,1.000000,2.500000,2.000000,3.000000,1,1,0,1,0
minute_35_00,63410,510,2420,2,286,line_286,-1,288,1,measured,42.823437,43.997883,1.729264,1.000000,0.250000,1.000000,2.500000,2.000000,3.000000,1,1,0,1,0
minute_35_00,63410,510,2420,2,287,line_287,-1,288,1,measured,27.292187,41.526390,3.054773,1.000000,0.250000,1.000000,2.500000,2.000000,3.000000,1,1,1,1,0
minute_35_00,63410,510,2420,2,288,line_288,-1,288,1,measured,141.975006,35.034039,1.233177,1.000000,0.250000,1.000000,2.500000,2.000000,3.000000,1,1,0,1,0
minute_35_00,63411,511,2421,1,25,caption_plus_1,24,26,1,measured,20.289062,2.422397,0.827856,1.000000,0.250000,1.000000,2.500000,2.000000,3.000000,1,1,0,1,0
minute_35_00,63411,511,2421,1,26,caption_plus_2,24,26,1,measured,140.024994,33.109653,1.126761,1.000000,0.250000,1.000000,2.500000,2.000000,3.000000,1,1,0,1,0
minute_35_00,63411,511,2421,1,27,caption_plus_3,24,26,1,measured,138.037506,38.296848,1.289515,1.000000,0.250000,1.000000,2.500000,2.000000,3.000000,1,1,0,1,0
minute_35_00,63411,511,2421,2,286,line_286,-1,288,1,measured,42.160938,43.680023,1.676056,1.000000,0.250000,1.000000,2.500000,2.000000,3.000000,1,1,0,1,0
minute_35_00,63411,511,2421,2,287,line_287,-1,288,1,measured,27.435938,42.162804,2.848200,1.000000,0.250000,1.000000,2.500000,2.000000,3.000000,1,1,0,1,0
minute_35_00,63411,511,2421,2,288,line_288,-1,288,1,measured,142.453125,34.370556,1.162754,1.000000,0.250000,1.000000,2.500000,2.000000,3.000000,1,1,0,1,0
minute_35_00,63412,512,2422,1,25,caption_plus_1,24,26,1,measured,20.762501,2.432816,0.932707,1.000000,0.250000,1.000000,2.500000,2.000000,3.000000,1,1,0,1,0
minute_35_00,63412,512,2422,1,26,caption_plus_2,24,26,1,measured,138.242188,33.077217,1.117371,1.000000,0.250000,1.000000,2.500000,2.000000,3.000000,1,1,0,1,0
minute_35_00,63412,512,2422,1,27,caption_plus_3,24,26,1,measured,136.687500,38.067242,1.262911,1.000000,0.250000,1.000000,2.500000,2.000000,3.000000,1,1,0,1,0
minute_35_00,63412,512,2422,2,286,line_286,-1,287,1,measured,43.010937,44.519360,1.627543,1.000000,0.250000,1.000000,2.500000,2.000000,3.000000,1,1,0,1,0
minute_35_00,63412,512,2422,2,287,line_287,-1,287,1,measured,63.934376,59.710831,7.017214,1.000000,0.250000,1.000000,2.500000,2.000000,3.000000,1,1,1,1,0
minute_35_00,63412,512,2422,2,288,line_288,-1,287,1,measured,143.149994,36.475327,1.517997,1.000000,0.250000,1.000000,2.500000,2.000000,3.000000,1,1,0,1,0
minute_35_00,63413,513,2423,1,25,caption_plus_1,24,26,1,measured,20.479687,2.637985,0.898279,1.000000,0.250000,1.000000,2.500000,2.000000,3.000000,1,1,0,1,0
minute_35_00,63413,513,2423,1,26,caption_plus_2,24,26,1,measured,139.096878,33.257565,1.145540,1.000000,0.250000,1.000000,2.500000,2.000000,3.000000,1,1,0,1,0
minute_35_00,63413,513,2423,1,27,caption_plus_3,24,26,1,measured,137.648438,37.214413,1.308294,1.000000,0.250000,1.000000,2.500000,2.000000,3.000000,1,1,0,1,0
minute_35_00,63413,513,2423,2,286,line_286,-1,287,1,measured,43.176563,43.559711,1.705790,1.000000,0.250000,1.000000,2.500000,2.000000,3.000000,1,1,0,1,0
minute_35_00,63413,513,2423,2,287,line_287,-1,287,1,measured,68.334373,58.783058,7.275430,1.000000,0.250000,1.000000,2.500000,2.000000,3.000000,1,1,1,1,0
minute_35_00,63413,513,2423,2,288,line_288,-1,287,1,measured,143.146881,37.264599,1.456964,1.000000,0.250000,1.000000,2.500000,2.000000,3.000000,1,1,0,1,0
minute_35_00,63414,514,2424,1,24,caption_plus_1,23,25,1,measured,19.909374,2.458005,0.915493,1.000000,0.250000,1.000000,2.500000,2.000000,3.000000,1,1,0,1,0
minute_35_00,63414,514,2424,1,25,caption_plus_2,23,25,1,measured,139.625000,33.718086,1.136150,1.000000,0.250000,1.000000,2.500000,2.000000,3.000000,1,1,0,1,0
minute_35_00,63414,514,2424,1,26,caption_plus_3,23,25,1,measured,138.120316,38.096745,1.280125,1.000000,0.250000,1.000000,2.500000,2.000000,3.000000,1,1,0,1,0
minute_35_00,63414,514,2424,2,286,line_286,-1,287,1,measured,43.482811,43.428024,1.671361,1.000000,0.250000,1.000000,2.500000,2.000000,3.000000,1,1,0,1,0
minute_35_00,63414,514,2424,2,287,line_287,-1,287,1,measured,68.359375,58.914200,7.319249,1.000000,0.250000,1.000000,2.500000,2.000000,3.000000,1,1,1,1,0
minute_35_00,63414,514,2424,2,288,line_288,-1,287,1,measured,142.231247,36.787857,1.467919,1.000000,0.250000,1.000000,2.500000,2.000000,3.000000,1,1,0,1,0
minute_35_00,63415,515,2425,1,25,caption_plus_1,24,26,1,measured,19.220312,2.197988,0.854460,1.000000,0.250000,1.000000,2.500000,2.000000,3.000000,1,1,0,1,0
minute_35_00,63415,515,2425,1,26,caption_plus_2,24,26,1,measured,137.271881,33.954029,1.167449,1.000000,0.250000,1.000000,2.500000,2.000000,3.000000,1,1,0,1,0
minute_35_00,63415,515,2425,1,27,caption_plus_3,24,26,1,measured,135.740631,38.023243,1.159624,1.000000,0.250000,1.000000,2.500000,2.000000,3.000000,1,1,0,1,0
minute_35_00,63415,515,2425,2,286,line_286,-1,287,1,measured,42.570312,43.506660,1.660407,1.000000,0.250000,1.000000,2.500000,2.000000,3.000000,1,1,0,1,0
minute_35_00,63415,515,2425,2,287,line_287,-1,287,1,measured,73.446877,59.251957,6.824726,1.000000,0.250000,1.000000,2.500000,2.000000,3.000000,1,1,1,1,0
minute_35_00,63415,515,2425,2,288,line_288,-1,287,1,measured,141.884369,38.327034,1.500782,1.000000,0.250000,1.000000,2.500000,2.000000,3.000000,1,1,0,1,0
minute_35_00,63416,516,2426,1,25,caption_plus_1,24,26,1,measured,19.157812,2.395654,0.967136,1.000000,0.250000,1.000000,2.500000,2.000000,3.000000,1,1,0,1,0
minute_35_00,63416,516,2426,1,26,caption_plus_2,24,26,1,measured,137.256256,34.735157,1.170579,1.000000,0.250000,1.000000,2.500000,2.000000,3.000000,1,1,0,1,0
minute_35_00,63416,516,2426,1,27,caption_plus_3,24,26,1,measured,136.493744,38.602905,1.278560,1.000000,0.250000,1.000000,2.500000,2.000000,3.000000,1,1,0,1,0
minute_35_00,63416,516,2426,2,286,line_286,-1,287,1,measured,43.076561,44.126759,1.687011,1.000000,0.250000,1.000000,2.500000,2.000000,3.000000,1,1,0,1,0
minute_35_00,63416,516,2426,2,287,line_287,-1,287,1,measured,62.839062,59.626026,6.338028,1.000000,0.250000,1.000000,2.500000,2.000000,3.000000,1,1,1,1,0
minute_35_00,63416,516,2426,2,288,line_288,-1,287,1,measured,140.251556,38.856678,1.425665,1.000000,0.250000,1.000000,2.500000,2.000000,3.000000,1,1,0,1,0
minute_35_00,63417,517,2427,1,25,caption_plus_1,24,26,1,measured,19.807812,2.277389,0.868545,1.000000,0.250000,1.000000,2.500000,2.000000,3.000000,1,1,0,1,0
minute_35_00,63417,517,2427,1,26,caption_plus_2,24,26,1,measured,136.835938,35.009907,1.156494,1.000000,0.250000,1.000000,2.500000,2.000000,3.000000,1,1,0,1,0
minute_35_00,63417,517,2427,1,27,caption_plus_3,24,26,1,measured,136.304688,38.511841,1.197183,1.000000,0.250000,1.000000,2.500000,2.000000,3.000000,1,1,0,1,0
minute_35_00,63417,517,2427,2,286,line_286,-1,287,1,measured,42.578125,43.392002,1.630673,1.000000,0.250000,1.000000,2.500000,2.000000,3.000000,1,1,0,1,0
minute_35_00,63417,517,2427,2,287,line_287,-1,287,1,measured,63.023438,59.346813,6.214397,1.000000,0.250000,1.000000,2.500000,2.000000,3.000000,1,1,1,1,0
minute_35_00,63417,517,2427,2,288,line_288,-1,287,1,measured,140.170319,38.472237,1.456964,1.000000,0.250000,1.000000,2.500000,2.000000,3.000000,1,1,0,1,0
minute_35_00,63418,518,2428,1,25,caption_plus_1,24,26,1,measured,22.026562,2.035063,0.830986,1.000000,0.250000,1.000000,2.500000,2.000000,3.000000,1,1,0,1,0
minute_35_00,63418,518,2428,1,26,caption_plus_2,24,26,1,measured,138.035934,35.135235,1.098592,1.000000,0.250000,1.000000,2.500000,2.000000,3.000000,1,1,0,1,0
minute_35_00,63418,518,2428,1,27,caption_plus_3,24,26,1,measured,138.679688,39.246284,1.125196,1.000000,0.250000,1.000000,2.500000,2.000000,3.000000,1,1,0,1,0
minute_35_00,63418,518,2428,2,286,line_286,-1,288,1,measured,43.584373,44.040596,1.735524,1.000000,0.250000,1.000000,2.500000,2.000000,3.000000,1,1,0,1,0
minute_35_00,63418,518,2428,2,287,line_287,-1,288,1,measured,27.993750,40.991844,2.834116,1.000000,0.250000,1.000000,2.500000,2.000000,3.000000,1,1,0,1,0
minute_35_00,63418,518,2428,2,288,line_288,-1,288,1,measured,140.531250,36.536098,1.312989,1.000000,0.250000,1.000000,2.500000,2.000000,3.000000,1,1,0,1,0
minute_35_00,63419,519,2429,1,25,caption_plus_1,24,26,1,measured,21.456249,1.985406,0.932707,1.000000,0.250000,1.000000,2.500000,2.000000,3.000000,1,0,0,1,0
minute_35_00,63419,519,2429,1,26,caption_plus_2,24,26,1,measured,137.417191,34.744778,1.178404,1.000000,0.250000,1.000000,2.500000,2.000000,3.000000,1,1,0,1,0
minute_35_00,63419,519,2429,1,27,caption_plus_3,24,26,1,measured,136.540619,39.187149,1.200313,1.000000,0.250000,1.000000,2.500000,2.000000,3.000000,1,1,0,1,0
minute_35_00,63419,519,2429,2,286,line_286,-1,288,1,measured,43.667187,44.257912,1.727700,1.000000,0.250000,1.000000,2.500000,2.000000,3.000000,1,1,0,1,0
minute_35_00,63419,519,2429,2,287,line_287,-1,288,1,measured,32.956249,45.014908,2.928013,1.000000,0.250000,1.000000,2.500000,2.000000,3.000000,1,1,0,1,0
minute_35_00,63419,519,2429,2,288,line_288,-1,288,1,measured,141.223434,36.309067,1.239437,1.000000,0.250000,1.000000,2.500000,2.000000,3.000000,1,1,0,1,0
minute_35_00,63420,520,2430,1,25,caption_plus_1,24,26,1,measured,20.989063,2.401472,0.896714,1.000000,0.250000,1.000000,2.500000,2.000000,3.000000,1,1,0,1,0
minute_35_00,63420,520,2430,1,26,caption_plus_2,24,26,1,measured,138.959381,35.181515,1.176839,1.000000,0.250000,1.000000,2.500000,2.000000,3.000000,1,1,0,1,0
minute_35_00,63420,520,2430,1,27,caption_plus_3,24,26,1,measured,137.331253,39.100468,1.147105,1.000000,0.250000,1.000000,2.500000,2.000000,3.000000,1,1,0,1,0
minute_35_00,63420,520,2430,2,286,line_286,-1,288,1,measured,42.468750,44.029701,1.721440,1.000000,0.250000,1.000000,2.500000,2.000000,3.000000,1,1,0,1,0
minute_35_00,63420,520,2430,2,287,line_287,-1,288,1,measured,29.251562,42.044033,2.433490,1.000000,0.250000,1.000000,2.500000,2.000000,3.000000,1,1,0,1,0
minute_35_00,63420,520,2430,2,288,line_288,-1,288,1,measured,141.250000,34.961674,1.208138,1.000000,0.250000,1.000000,2.500000,2.000000,3.000000,1,1,0,1,0
minute_35_00,63421,521,2431,1,25,caption_plus_1,24,26,1,measured,20.773438,2.354566,0.904538,1.000000,0.250000,1.000000,2.500000,2.000000,3.000000,1,1,0,1,0
minute_35_00,63421,521,2431,1,26,caption_plus_2,24,26,1,measured,138.006256,34.520512,1.165884,1.000000,0.250000,1.000000,2.500000,2.000000,3.000000,1,1,0,1,0
minute_35_00,63421,521,2431,1,27,caption_plus_3,24,26,1,measured,137.173431,38.864262,1.148670,1.000000,0.250000,1.000000,2.500000,2.000000,3.000000,1,1,0,1,0
minute_35_00,63421,521,2431,2,286,line_286,-1,288,1,measured,43.510937,44.089893,1.691706,1.000000,0.250000,1.000000,2.500000,2.000000,3.000000,1,1,0,1,0
minute_35_00,63421,521,2431,2,287,line_287,-1,288,1,measured,33.231251,45.394485,3.032864,1.000000,0.250000,1.000000,2.500000,2.000000,3.000000,1,1,1,1,0
minute_35_00,63421,521,2431,2,288,line_288,-1,288,1,measured,142.154694,35.370884,1.248826,1.000000,0.250000,1.000000,2.500000,2.000000,3.000000,1,1,0,1,0
minute_35_00,63422,522,2432,1,24,caption_plus_1,23,25,1,measured,20.125000,2.499375,0.942097,1.000000,0.250000,1.000000,2.500000,2.000000,3.000000,1,1,0,1,0
minute_35_00,63422,522,2432,1,25,caption_plus_2,23,25,1,measured,138.240631,34.690662,1.123631,1.000000,0.250000,1.000000,2.500000,2.000000,3.000000,1,1,0,1,0
minute_35_00,63422,522,2432,1,26,caption_plus_3,23,25,1,measured,136.821869,37.560318,1.137715,1.000000,0.250000,1.000000,2.500000,2.000000,3.000000,1,1,0,1,0
minute_35_00,63422,522,2432,2,286,line_286,-1,288,1,measured,43.710938,44.433754,1.668232,1.000000,0.250000,1.000000,2.500000,2.000000,3.000000,1,1,0,1,0
minute_35_00,63422,522,2432,2,287,line_287,-1,288,1,measured,23.292187,35.066681,2.169014,1.000000,0.250000,1.000000,2.500000,2.000000,3.000000,1,1,0,1,0
minute_35_00,63422,522,2432,2,288,line_288,-1,288,1,measured,142.910934,34.757507,1.190923,1.000000,0.250000,1.000000,2.500000,2.000000,3.000000,1,1,0,1,0
minute_35_00,63423,523,2433,1,25,caption_plus_1,24,26,1,measured,19.823437,2.441519,0.942097,1.000000,0.250000,1.000000,2.500000,2.000000,3.000000,1,1,0,1,0
minute_35_00,63423,523,2433,1,26,caption_plus_2,24,26,1,measured,139.131256,33.971241,1.118936,1.000000,0.250000,1.000000,2.500000,2.000000,3.000000,1,1,0,1,0
minute_35_00,63423,523,2433,1,27,caption_plus_3,24,26,1,measured,138.092194,37.013123,1.156494,1.000000,0.250000,1.000000,2.500000,2.000000,3.000000,1,1,0,1,0
minute_35_00,63423,523,2433,2,286,line_286,-1,288,1,measured,44.781250,44.579830,1.718310,1.000000,0.250000,1.000000,2.500000,2.000000,3.000000,1,1,0,1,0
minute_35_00,63423,523,2433,2,287,line_287,-1,288,1,measured,24.040625,35.331882,2.298905,1.000000,0.250000,1.000000,2.500000,2.000000,3.000000,1,1,0,1,0
minute_35_00,63423,523,2433,2,288,line_288,-1,288,1,measured,143.203125,33.692673,1.150235,1.000000,0.250000,1.000000,2.500000,2.000000,3.000000,1,1,0,1,0
minute_35_00,63424,524,2434,1,25,caption_plus_1,24,26,1,measured,19.712500,2.269740,0.895149,1.000000,0.250000,1.000000,2.500000,2.000000,3.000000,1,1,0,1,0
minute_35_00,63424,524,2434,1,26,caption_plus_2,24,26,1,measured,137.707809,33.972561,1.147105,1.000000,0.250000,1.000000,2.500000,2.000000,3.000000,1,1,0,1,0
minute_35_00,63424,524,2434,1,27,caption_plus_3,24,26,1,measured,137.114059,37.129852,1.195618,1.000000,0.250000,1.000000,2.500000,2.000000,3.000000,1,1,0,1,0
minute_35_00,63424,524,2434,2,286,line_286,-1,287,1,measured,41.917187,43.844299,1.615023,1.000000,0.250000,1.000000,2.500000,2.000000,3.000000,1,1,0,1,0
minute_35_00,63424,524,2434,2,287,line_287,-1,287,1,measured,52.210938,56.282555,6.004695,1.000000,0.250000,1.000000,2.500000,2.000000,3.000000,1,1,1,1,0
minute_35_00,63424,524,2434,2,288,line_288,-1,287,1,measured,140.567184,36.957813,1.338028,1.000000,0.250000,1.000000,2.500000,2.000000,3.000000,1,1,0,1,0
minute_35_00,63425,525,2435,1,24,caption_plus_1,23,25,1,measured,19.081249,2.353779,0.877934,1.000000,0.250000,1.000000,2.500000,2.000000,3.000000,1,1,0,1,0
minute_35_00,63425,525,2435,1,25,caption_plus_2,23,25,1,measured,138.359375,33.917900,1.120501,1.000000,0.250000,1.000000,2.500000,2.000000,3.000000,1,1,0,1,0
minute_35_00,63425,525,2435,1,26,caption_plus_3,23,25,1,measured,137.104691,36.973934,1.153365,1.000000,0.250000,1.000000,2.500000,2.000000,3.000000,1,1,0,1,0
minute_35_00,63425,525,2435,2,286,line_286,-1,287,1,measured,42.876564,43.810337,1.660407,1.000000,0.250000,1.000000,2.500000,2.000000,3.000000,1,1,0,1,0
minute_35_00,63425,525,2435,2,287,line_287,-1,287,1,measured,58.382812,59.050472,5.959311,1.000000,0.250000,1.000000,2.500000,2.000000,3.000000,1,1,1,1,0
minute_35_00,63425,525,2435,2,288,line_288,-1,287,1,measured,140.987503,37.327015,1.305164,1.000000,0.250000,1.000000,2.500000,2.000000,3.000000,1,1,0,1,0
minute_35_00,63426,526,2436,1,24,caption_plus_1,23,25,1,measured,19.982813,2.427966,0.882629,1.000000,0.250000,1.000000,2.500000,2.000000,3.000000,1,1,0,1,0
minute_35_00,63426,526,2436,1,25,caption_plus_2,23,25,1,measured,138.675003,34.784077,1.161189,1.000000,0.250000,1.000000,2.500000,2.000000,3.000000,1,1,0,1,0
minute_35_00,63426,526,2436,1,26,caption_plus_3,23,25,1,measured,137.278122,37.758289,1.120501,1.000000,0.250000,1.000000,2.500000,2.000000,3.000000,1,1,0,1,0
minute_35_00,63426,526,2436,2,286,line_286,-1,288,1,measured,42.881248,43.928547,1.688576,1.000000,0.250000,1.000000,2.500000,2.000000,3.000000,1,1,0,1,0
minute_35_00,63426,526,2436,2,287,line_287,-1,288,1,measured,22.570312,35.580734,2.342723,1.000000,0.250000,1.000000,2.500000,2.000000,3.000000,1,1,0,1,0
minute_35_00,63426,526,2436,2,288,line_288,-1,288,1,measured,140.685944,34.843395,1.122066,1.000000,0.250000,1.000000,2.500000,2.000000,3.000000,1,1,0,1,0
minute_35_00,63427,527,2437,1,25,caption_plus_1,24,26,1,measured,20.882812,2.186682,0.860720,1.000000,0.250000,1.000000,2.500000,2.000000,3.000000,1,1,0,1,0
minute_35_00,63427,527,2437,1,26,caption_plus_2,24,26,1,measured,137.821869,34.708691,1.087637,1.000000,0.250000,1.000000,2.500000,2.000000,3.000000,1,1,0,1,0
minute_35_00,63427,527,2437,1,27,caption_plus_3,24,26,1,measured,137.085938,38.426399,1.139280,1.000000,0.250000,1.000000,2.500000,2.000000,3.000000,1,1,0,1,0
minute_35_00,63427,527,2437,2,286,line_286,-1,288,1,measured,42.528126,43.430252,1.658842,1.000000,0.250000,1.000000,2.500000,2.000000,3.000000,1,1,0,1,0
minute_35_00,63427,527,2437,2,287,line_287,-1,288,1,measured,27.273438,40.941978,2.926448,1.000000,0.250000,1.000000,2.500000,2.000000,3.000000,1,1,0,1,0
minute_35_00,63427,527,2437,2,288,line_288,-1,288,1,measured,140.932816,36.636307,1.161189,1.000000,0.250000,1.000000,2.500000,2.000000,3.000000,1,1,0,1,0
minute_35_00,63428,528,2438,1,25,caption_plus_1,24,26,1,measured,19.870312,2.498823,0.873239,1.000000,0.250000,1.000000,2.500000,2.000000,3.000000,1,1,0,1,0
minute_35_00,63428,528,2438,1,26,caption_plus_2,24,26,1,measured,137.004684,35.334362,1.129890,1.000000,0.250000,1.000000,2.500000,2.000000,3.000000,1,1,0,1,0
minute_35_00,63428,528,2438,1,27,caption_plus_3,24,26,1,measured,136.015625,38.376339,1.139280,1.000000,0.250000,1.000000,2.500000,2.000000,3.000000,1,1,0,1,0
minute_35_00,63428,528,2438,2,286,line_286,-1,288,1,measured,42.159374,43.753460,1.655712,1.000000,0.250000,1.000000,2.500000,2.000000,3.000000,1,1,0,1,0
minute_35_00,63428,528,2438,2,287,line_287,-1,288,1,measured,27.060938,41.272354,2.682316,1.000000,0.250000,1.000000,2.500000,2.000000,3.000000,1,1,0,1,0
minute_35_00,63428,528,2438,2,288,line_288,-1,288,1,measured,142.278122,35.480419,1.159624,1.000000,0.250000,1.000000,2.500000,2.000000,3.000000,1,1,0,1,0
minute_35_00,63429,529,2439,1,25,caption_plus_1,24,26,1,measured,20.623438,2.116250,0.896714,1.000000,0.250000,1.000000,2.500000,2.000000,3.000000,1,1,0,1,0
minute_35_00,63429,529,2439,1,26,caption_plus_2,24,26,1,measured,137.576569,34.546169,1.164319,1.000000,0.250000,1.000000,2.500000,2.000000,3.000000,1,1,0,1,0
minute_35_00,63429,529,2439,1,27,caption_plus_3,24,26,1,measured,137.337494,38.834808,1.154930,1.000000,0.250000,1.000000,2.500000,2.000000,3.000000,1,1,0,1,0
minute_35_00,63429,529,2439,2,286,line_286,-1,288,1,measured,41.825001,43.656479,1.697966,1.000000,0.250000,1.000000,2.500000,2.000000,3.000000,1,1,0,1,0
minute_35_00,63429,529,2439,2,287,line_287,-1,288,1,measured,26.923437,41.473660,2.446009,1.000000,0.250000,1.000000,2.500000,2.000000,3.000000,1,1,0,1,0
minute_35_00,63429,529,2439,2,288,line_288,-1,288,1,measured,141.301559,36.257732,1.206573,1.000000,0.250000,1.000000,2.500000,2.000000,3.000000,1,1,0,1,0
minute_35_00,63430,530,2440,1,25,caption_plus_1,24,26,1,measured,19.651562,2.188499,0.874804,1.000000,0.250000,1.000000,2.500000,2.000000,3.000000,1,1,0,1,0
minute_35_00,63430,530,2440,1,26,caption_plus_2,24,26,1,measured,136.353119,34.149994,1.123631,1.000000,0.250000,1.000000,2.500000,2.000000,3.000000,1,1,0,1,0
minute_35_00,63430,530,2440,1,27,caption_plus_3,24,26,1,measured,136.090622,38.610489,1.161189,1.000000,0.250000,1.000000,2.500000,2.000000,3.000000,1,1,0,1,0
minute_35_00,63430,530,2440,2,286,line_286,-1,288,1,measured,42.984375,44.010754,1.719875,1.000000,0.250000,1.000000,2.500000,2.000000,3.000000,1,1,0,1,0
minute_35_00,63430,530,2440,2,287,line_287,-1,288,1,measured,21.767187,35.761894,2.328639,1.000000,0.250000,1.000000,2.500000,2.000000,3.000000,1,1,0,1,0
minute_35_00,63430,530,2440,2,288,line_288,-1,288,1,measured,141.196869,35.097481,1.225352,1.000000,0.250000,1.000000,2.500000,2.000000,3.000000,1,1,0,1,0
minute_35_00,63431,531,2441,1,25,caption_plus_1,24,26,1,measured,19.765625,2.500264,0.835681,1.000000,0.250000,1.000000,2.500000,2.000000,3.000000,1,1,0,1,0
minute_35_00,63431,531,2441,1,26,caption_plus_2,24,26,1,measured,137.279694,34.326443,1.212833,1.000000,0.250000,1.000000,2.500000,2.000000,3.000000,1,1,0,1,0
minute_35_00,63431,531,2441,1,27,caption_plus_3,24,26,1,measured,136.171875,38.006191,1.115806,1.000000,0.250000,1.000000,2.500000,2.000000,3.000000,1,1,0,1,0
minute_35_00,63431,531,2441,2,286,line_286,-1,288,1,measured,42.192188,44.092438,1.669797,1.000000,0.250000,1.000000,2.500000,2.000000,3.000000,1,1,0,1,0
minute_35_00,63431,531,2441,2,287,line_287,-1,288,1,measured,26.609375,41.665115,3.076682,1.000000,0.250000,1.000000,2.500000,2.000000,3.000000,1,1,1,1,0
minute_35_00,63431,531,2441,2,288,line_288,-1,288,1,measured,139.801559,34.267189,1.273865,1.000000,0.250000,1.000000,2.500000,2.000000,3.000000,1,1,0,1,0
minute_35_00,63432,532,2442,1,25,caption_plus_1,24,26,1,measured,19.920313,2.070226,0.871674,1.000000,0.250000,1.000000,2.500000,2.000000,3.000000,1,1,0,1,0
minute_35_00,63432,532,2442,1,26,caption_plus_2,24,26,1,measured,136.685944,33.887127,1.111111,1.000000,0.250000,1.000000,2.500000,2.000000,3.000000,1,1,0,1,0
minute_35_00,63432,532,2442,1,27,caption_plus_3,24,26,1,measured,135.687500,37.572044,1.118936,1.000000,0.250000,1.000000,2.500000,2.000000,3.000000,1,1,0,1,0
minute_35_00,63432,532,2442,2,286,line_286,-1,288,1,measured,42.353127,43.644268,1.682316,1.000000,0.250000,1.000000,2.500000,2.000000,3.000000,1,1,0,1,0
minute_35_00,63432,532,2442,2,287,line_287,-1,288,1,measured,26.070312,41.188244,3.003130,1.000000,0.250000,1.000000,2.500000,2.000000,3.000000,1,1,1,1,0
minute_35_00,63432,532,2442,2,288,line_288,-1,288,1,measured,140.600006,34.523037,1.223787,1.000000,0.250000,1.000000,2.500000,2.000000,3.000000,1,1,0,1,0
minute_35_00,63433,533,2443,1,24,caption_plus_1,23,25,1,measured,18.964062,2.558128,0.862285,1.000000,0.250000,1.000000,2.500000,2.000000,3.000000,1,1,0,1,0
minute_35_00,63433,533,2443,1,25,caption_plus_2,23,25,1,measured,135.001556,34.721684,1.140845,1.000000,0.250000,1.000000,2.500000,2.000000,3.000000,1,1,0,1,0
minute_35_00,63433,533,2443,1,26,caption_plus_3,23,25,1,measured,134.954681,38.028191,1.153365,1.000000,0.250000,1.000000,2.500000,2.000000,3.000000,1,1,0,1,0
minute_35_00,63433,533,2443,2,286,line_286,-1,288,1,measured,41.385937,44.116882,1.655712,1.000000,0.250000,1.000000,2.500000,2.000000,3.000000,1,1,0,1,0
minute_35_00,63433,533,2443,2,287,line_287,-1,288,1,measured,26.075001,41.247166,2.805947,1.000000,0.250000,1.000000,2.500000,2.000000,3.000000,1,1,0,1,0
minute_35_00,63433,533,2443,2,288,line_288,-1,288,1,measured,139.600006,35.761963,1.237872,1.000000,0.250000,1.000000,2.500000,2.000000,3.000000,1,1,0,1,0
minute_35_00,63434,534,2444,1,25,caption_plus_1,24,26,1,measured,18.510937,2.343849,0.892019,1.000000,0.250000,1.000000,2.500000,2.000000,3.000000,1,1,0,1,0
minute_35_00,63434,534,2444,1,26,caption_plus_2,24,26,1,measured,134.656250,35.668182,1.165884,1.000000,0.250000,1.000000,2.500000,2.000000,3.000000,1,1,0,1,0
minute_35_00,63434,534,2444,1,27,caption_plus_3,24,26,1,measured,133.182816,38.575367,1.106416,1.000000,0.250000,1.000000,2.500000,2.000000,3.000000,1,1,0,1,0
minute_35_00,63434,534,2444,2,286,line_286,-1,288,1,measured,41.462502,43.734268,1.705790,1.000000,0.250000,1.000000,2.500000,2.000000,3.000000,1,1,0,1,0
minute_35_00,63434,534,2444,2,287,line_287,-1,288,1,measured,25.817188,40.978340,2.627543,1.000000,0.250000,1.000000,2.500000,2.000000,3.000000,1,1,0,1,0
minute_35_00,63434,534,2444,2,288,line_288,-1,288,1,measured,137.803131,35.623489,1.270736,1.000000,0.250000,1.000000,2.500000,2.000000,3.000000,1,1,0,1,0
minute_35_00,63435,535,2445,1,25,caption_plus_1,24,26,1,measured,19.707813,2.274300,0.899844,1.000000,0.250000,1.000000,2.500000,2.000000,3.000000,1,1,0,1,0
minute_35_00,63435,535,2445,1,26,caption_plus_2,24,26,1,measured,136.203125,35.865929,1.143975,1.000000,0.250000,1.000000,2.500000,2.000000,3.000000,1,1,0,1,0
minute_35_00,63435,535,2445,1,27,caption_plus_3,24,26,1,measured,134.625000,39.474674,1.181534,1.000000,0.250000,1.000000,2.500000,2.000000,3.000000,1,1,0,1,0
minute_35_00,63435,535,2445,2,286,line_286,-1,288,1,measured,41.562500,43.532845,1.683881,1.000000,0.250000,1.000000,2.500000,2.000000,3.000000,1,1,0,1,0
minute_35_00,63435,535,2445,2,287,line_287,-1,288,1,measured,25.473438,40.713589,2.699531,1.000000,0.250000,1.000000,2.500000,2.000000,3.000000,1,1,0,1,0
minute_35_00,63435,535,2445,2,288,line_288,-1,288,1,measured,137.781250,36.857269,1.242566,1.000000,0.250000,1.000000,2.500000,2.000000,3.000000,1,1,0,1,0
minute_35_00,63436,536,2446,1,24,caption_plus_1,23,25,1,measured,19.445312,2.305593,0.913928,1.000000,0.250000,1.000000,2.500000,2.000000,3.000000,1,1,0,1,0
minute_35_00,63436,536,2446,1,25,caption_plus_2,23,25,1,measured,134.278122,35.925976,1.122066,1.000000,0.250000,1.000000,2.500000,2.000000,3.000000,1,1,0,1,0
minute_35_00,63436,536,2446,1,26,caption_plus_3,23,25,1,measured,132.957809,40.185429,1.241002,1.000000,0.250000,1.000000,2.500000,2.000000,3.000000,1,1,0,1,0
minute_35_00,63436,536,2446,2,286,line_286,-1,288,1,measured,40.621876,43.045116,1.638498,1.000000,0.250000,1.000000,2.500000,2.000000,3.000000,1,1,0,1,0
minute_35_00,63436,536,2446,2,287,line_287,-1,288,1,measured,26.121876,41.642086,2.350548,1.000000,0.250000,1.000000,2.500000,2.000000,3.000000,1,1,0,1,0
minute_35_00,63436,536,2446,2,288,line_288,-1,288,1,measured,135.885941,37.763134,1.186229,1.000000,0.250000,1.000000,2.500000,2.000000,3.000000,1,1,0,1,0
minute_35_00,63437,537,2447,1,25,caption_plus_1,24,26,1,measured,19.826563,2.421179,0.924883,1.000000,0.250000,1.000000,2.500000,2.000000,3.000000,1,1,0,1,0
minute_35_00,63437,537,2447,1,26,caption_plus_2,24,26,1,measured,134.031250,37.698792,1.165884,1.000000,0.250000,1.000000,2.500000,2.000000,3.000000,1,1,0,1,0
minute_35_00,63437,537,2447,1,27,caption_plus_3,24,26,1,measured,134.034378,39.826523,1.133020,1.000000,0.250000,1.000000,2.500000,2.000000,3.000000,1,1,0,1,0
minute_35_00,63437,537,2447,2,286,line_286,-1,288,1,measured,41.684376,43.409393,1.680751,1.000000,0.250000,1.000000,2.500000,2.000000,3.000000,1,1,0,1,0
minute_35_00,63437,537,2447,2,287,line_287,-1,288,1,measured,31.815624,45.607292,2.589984,1.000000,0.250000,1.000000,2.500000,2.000000,3.000000,1,1,0,1,0
minute_35_00,63437,537,2447,2,288,line_288,-1,288,1,measured,137.492188,38.548668,1.187793,1.000000,0.250000,1.000000,2.500000,2.000000,3.000000,1,1,0,1,0
minute_35_00,63438,538,2448,1,24,caption_plus_1,23,25,1,measured,19.570312,2.486475,0.935837,1.000000,0.250000,1.000000,2.500000,2.000000,3.000000,1,1,0,1,0
minute_35_00,63438,538,2448,1,25,caption_plus_2,23,25,1,measured,132.609375,37.789349,1.101721,1.000000,0.250000,1.000000,2.500000,2.000000,3.000000,1,1,0,1,0
minute_35_00,63438,538,2448,1,26,caption_plus_3,23,25,1,measured,133.015625,41.107250,1.208138,1.000000,0.250000,1.000000,2.500000,2.000000,3.000000,1,1,0,1,0
minute_35_00,63438,538,2448,2,286,line_286,-1,288,1,measured,42.271873,44.283684,1.727700,1.000000,0.250000,1.000000,2.500000,2.000000,3.000000,1,1,0,1,0
minute_35_00,63438,538,2448,2,287,line_287,-1,288,1,measured,22.573437,35.310066,2.384977,1.000000,0.250000,1.000000,2.500000,2.000000,3.000000,1,1,0,1,0
minute_35_00,63438,538,2448,2,288,line_288,-1,288,1,measured,135.985931,38.059429,1.230047,1.000000,0.250000,1.000000,2.500000,2.000000,3.000000,1,1,0,1,0
minute_35_00,63439,539,2449,1,24,caption_plus_1,23,25,1,measured,19.595312,2.191670,0.885759,1.000000,0.250000,1.000000,2.500000,2.000000,3.000000,1,1,0,1,0
minute_35_00,63439,539,2449,1,25,caption_plus_2,23,25,1,measured,132.314056,38.585091,1.087637,1.000000,0.250000,1.000000,2.500000,2.000000,3.000000,1,1,0,1,0
minute_35_00,63439,539,2449,1,26,caption_plus_3,23,25,1,measured,131.885941,42.164570,1.134585,1.000000,0.250000,1.000000,2.500000,2.000000,3.000000,1,1,0,1,0
minute_35_00,63439,539,2449,2,286,line_286,-1,288,1,measured,42.599998,43.092842,1.593114,1.000000,0.250000,1.000000,2.500000,2.000000,3.000000,1,1,0,1,0
minute_35_00,63439,539,2449,2,287,line_287,-1,288,1,measured,27.712500,41.428951,3.081377,1.000000,0.250000,1.000000,2.500000,2.000000,3.000000,1,1,1,1,0
minute_35_00,63439,539,2449,2,288,line_288,-1,288,1,measured,137.628128,40.209595,1.222222,1.000000,0.250000,1.000000,2.500000,2.000000,3.000000,1,1,0,1,0
minute_35_00,63440,540,2450,1,25,caption_plus_1,24,26,1,measured,20.004688,2.275888,0.907668,1.000000,0.250000,1.000000,2.500000,2.000000,3.000000,1,1,0,1,0
minute_35_00,63440,540,2450,1,26,caption_plus_2,24,26,1,measured,131.985931,39.850597,1.158059,1.000000,0.250000,1.000000,2.500000,2.000000,3.000000,1,1,0,1,0
minute_35_00,63440,540,2450,1,27,caption_plus_3,24,26,1,measured,132.454681,42.204685,1.150235,1.000000,0.250000,1.000000,2.500000,2.000000,3.000000,1,1,0,1,0
minute_35_00,63440,540,2450,2,286,line_286,-1,288,1,measured,41.971874,44.299679,1.687011,1.000000,0.250000,1.000000,2.500000,2.000000,3.000000,1,1,0,1,0
minute_35_00,63440,540,2450,2,287,line_287,-1,288,1,measured,26.801563,40.994968,3.031299,1.000000,0.250000,1.000000,2.500000,2.000000,3.000000,1,1,1,1,0
minute_35_00,63440,540,2450,2,288,line_288,-1,288,1,measured,136.014069,40.204765,1.241002,1.000000,0.250000,1.000000,2.500000,2.000000,3.000000,1,1,0,1,0
minute_35_00,63441,541,2451,1,25,caption_plus_1,24,26,1,measured,20.512501,2.358462,0.884194,1.000000,0.250000,1.000000,2.500000,2.000000,3.000000,1,1,0,1,0
minute_35_00,63441,541,2451,1,26,caption_plus_2,24,26,1,measured,133.043747,40.744453,1.186229,1.000000,0.250000,1.000000,2.500000,2.000000,3.000000,1,1,0,1,0
minute_35_00,63441,541,2451,1,27,caption_plus_3,24,26,1,measured,132.284378,43.118118,1.137715,1.000000,0.250000,1.000000,2.500000,2.000000,3.000000,1,1,0,1,0
minute_35_00,63441,541,2451,2,286,line_286,-1,288,1,measured,43.562500,44.576576,1.744914,1.000000,0.250000,1.000000,2.500000,2.000000,3.000000,1,1,0,1,0
minute_35_00,63441,541,2451,2,287,line_287,-1,288,1,measured,27.789062,42.677361,2.794992,1.000000,0.250000,1.000000,2.500000,2.000000,3.000000,1,1,0,1,0
minute_35_00,63441,541,2451,2,288,line_288,-1,288,1,measured,135.181244,40.324211,1.203443,1.000000,0.250000,1.000000,2.500000,2.000000,3.000000,1,1,0,1,0
minute_35_00,63442,542,2452,1,25,caption_plus_1,24,26,1,measured,21.287500,2.132743,0.877934,1.000000,0.250000,1.000000,2.500000,2.000000,3.000000,1,1,0,1,0
minute_35_00,63442,542,2452,1,26,caption_plus_2,24,26,1,measured,131.990631,41.158649,1.125196,1.000000,0.250000,1.000000,2.500000,2.000000,3.000000,1,1,0,1,0
minute_35_00,63442,542,2452,1,27,caption_plus_3,24,26,1,measured,131.460938,43.518658,1.158059,1.000000,0.250000,1.000000,2.500000,2.000000,3.000000,1,1,0,1,0
minute_35_00,63442,542,2452,2,286,line_286,-1,287,1,measured,43.204689,43.966644,1.630673,1.000000,0.250000,1.000000,2.500000,2.000000,3.000000,1,1,0,1,0
minute_35_00,63442,542,2452,2,287,line_287,-1,287,1,measured,62.623436,57.794765,6.837245,1.000000,0.250000,1.000000,2.500000,2.000000,3.000000,1,1,1,1,0
minute_35_00,63442,542,2452,2,288,line_288,-1,287,1,measured,133.875000,44.226406,1.391236,1.000000,0.250000,1.000000,2.500000,2.000000,3.000000,1,1,0,1,0
minute_35_00,63443,543,2453,1,25,caption_plus_1,24,26,1,measured,19.845312,2.123413,0.901408,1.000000,0.250000,1.000000,2.500000,2.000000,3.000000,1,1,0,1,0
minute_35_00,63443,543,2453,1,26,caption_plus_2,24,26,1,measured,130.354691,41.141308,1.106416,1.000000,0.250000,1.000000,2.500000,2.000000,3.000000,1,1,0,1,0
minute_35_00,63443,543,2453,1,27,caption_plus_3,24,26,1,measured,130.034378,43.237053,1.176839,1.000000,0.250000,1.000000,2.500000,2.000000,3.000000,1,1,0,1,0
minute_35_00,63443,543,2453,2,286,line_286,-1,287,1,measured,42.151562,43.967960,1.643193,1.000000,0.250000,1.000000,2.500000,2.000000,3.000000,1,1,0,1,0
minute_35_00,63443,543,2453,2,287,line_287,-1,287,1,measured,67.132812,58.166859,7.053208,1.000000,0.250000,1.000000,2.500000,2.000000,3.000000,1,1,1,1,0
minute_35_00,63443,543,2453,2,288,line_288,-1,287,1,measured,132.306244,44.768467,1.472613,1.000000,0.250000,1.000000,2.500000,2.000000,3.000000,1,1,0,1,0
minute_35_00,63444,544,2454,1,25,caption_plus_1,24,26,1,measured,20.253124,2.356173,0.852895,1.000000,0.250000,1.000000,2.500000,2.000000,3.000000,1,1,0,1,0
minute_35_00,63444,544,2454,1,26,caption_plus_2,24,26,1,measured,130.742188,41.128387,1.097027,1.000000,0.250000,1.000000,2.500000,2.000000,3.000000,1,1,0,1,0
minute_35_00,63444,544,2454,1,27,caption_plus_3,24,26,1,measured,130.034378,43.573597,1.169014,1.000000,0.250000,1.000000,2.500000,2.000000,3.000000,1,1,0,1,0
minute_35_00,63444,544,2454,2,286,line_286,-1,287,1,measured,42.820312,43.689819,1.644757,1.000000,0.250000,1.000000,2.500000,2.000000,3.000000,1,1,0,1,0
minute_35_00,63444,544,2454,2,287,line_287,-1,287,1,measured,68.150002,60.137623,7.494523,1.000000,0.250000,1.000000,2.500000,2.000000,3.000000,1,1,1,1,0
minute_35_00,63444,544,2454,2,288,line_288,-1,287,1,measured,131.601562,44.100513,1.677621,1.000000,0.250000,1.000000,2.500000,2.000000,3.000000,1,1,0,1,0
minute_35_00,63445,545,2455,1,25,caption_plus_1,24,26,1,measured,19.709375,2.373007,0.948357,1.000000,0.250000,1.000000,2.500000,2.000000,3.000000,1,1,0,1,0
minute_35_00,63445,545,2455,1,26,caption_plus_2,24,26,1,measured,130.665619,40.388008,1.203443,1.000000,0.250000,1.000000,2.500000,2.000000,3.000000,1,1,0,1,0
minute_35_00,63445,545,2455,1,27,caption_plus_3,24,26,1,measured,130.006256,43.647484,1.220657,1.000000,0.250000,1.000000,2.500000,2.000000,3.000000,1,1,0,1,0
minute_35_00,63445,545,2455,2,286,line_286,-1,287,1,measured,43.253124,43.976429,1.773083,1.000000,0.250000,1.000000,2.500000,2.000000,3.000000,1,1,0,1,0
minute_35_00,63445,545,2455,2,287,line_287,-1,287,1,measured,74.214066,60.834297,6.804382,1.000000,0.250000,1.000000,2.500000,2.000000,3.000000,1,1,1,1,0
minute_35_00,63445,545,2455,2,288,line_288,-1,287,1,measured,134.570312,43.066059,1.483568,1.000000,0.250000,1.000000,2.500000,2.000000,3.000000,1,1,0,1,0
minute_35_00,63446,546,2456,1,25,caption_plus_1,24,26,1,measured,20.207813,2.415238,0.896714,1.000000,0.250000,1.000000,2.500000,2.000000,3.000000,1,1,0,1,0
minute_35_00,63446,546,2456,1,26,caption_plus_2,24,26,1,measured,129.923431,39.901817,1.184664,1.000000,0.250000,1.000000,2.500000,2.000000,3.000000,1,1,0,1,0
minute_35_00,63446,546,2456,1,27,caption_plus_3,24,26,1,measured,129.535934,43.394466,1.239437,1.000000,0.250000,1.000000,2.500000,2.000000,3.000000,1,1,0,1,0
minute_35_00,63446,546,2456,2,286,line_286,-1,287,1,measured,44.304688,44.350834,1.712050,1.000000,0.250000,1.000000,2.500000,2.000000,3.000000,1,1,0,1,0
minute_35_00,63446,546,2456,2,287,line_287,-1,287,1,measured,64.206253,59.780159,6.372457,1.000000,0.250000,1.000000,2.500000,2.000000,3.000000,1,1,1,1,0
minute_35_00,63446,546,2456,2,288,line_288,-1,287,1,measured,134.021881,43.672749,1.502347,1.000000,0.250000,1.000000,2.500000,2.000000,3.000000,1,1,0,1,0
minute_35_00,63447,547,2457,1,25,caption_plus_1,24,26,1,measured,20.248438,2.797739,0.951487,1.000000,0.250000,1.000000,2.500000,2.000000,3.000000,1,1,0,1,0
minute_35_00,63447,547,2457,1,26,caption_plus_2,24,26,1,measured,128.973434,40.035660,1.222222,1.000000,0.250000,1.000000,2.500000,2.000000,3.000000,1,1,0,1,0
minute_35_00,63447,547,2457,1,27,caption_plus_3,24,26,1,measured,129.243744,42.366665,1.183099,1.000000,0.250000,1.000000,2.500000,2.000000,3.000000,1,1,0,1,0
minute_35_00,63447,547,2457,2,286,line_286,-1,287,1,measured,45.179688,44.699135,1.683881,1.000000,0.250000,1.000000,2.500000,2.000000,3.000000,1,1,0,1,0
minute_35_00,63447,547,2457,2,287,line_287,-1,287,1,measured,65.478127,60.434643,6.208138,1.000000,0.250000,1.000000,2.500000,2.000000,3.000000,1,1,1,1,0
minute_35_00,63447,547,2457,2,288,line_288,-1,287,1,measured,134.375000,42.841057,1.492958,1.000000,0.250000,1.000000,2.500000,2.000000,3.000000,1,1,0,1,0
minute_35_00,63448,548,2458,1,25,caption_plus_1,24,26,1,measured,21.768749,2.180086,0.906103,1.000000,0.250000,1.000000,2.500000,2.000000,3.000000,1,1,0,1,0
minute_35_00,63448,548,2458,1,26,caption_plus_2,24,26,1,measured,131.692184,40.476696,1.222222,1.000000,0.250000,1.000000,2.500000,2.000000,3.000000,1,1,0,1,0
minute_35_00,63448,548,2458,1,27,caption_plus_3,24,26,1,measured,131.759369,42.533314,1.231612,1.000000,0.250000,1.000000,2.500000,2.000000,3.000000,1,1,0,1,0
minute_35_00,63448,548,2458,2,286,line_286,-1,288,1,measured,44.353127,44.440128,1.641628,1.000000,0.250000,1.000000,2.500000,2.000000,3.000000,1,1,0,1,0
minute_35_00,63448,548,2458,2,287,line_287,-1,288,1,measured,29.607813,42.088383,2.840376,1.000000,0.250000,1.000000,2.500000,2.000000,3.000000,1,1,0,1,0
minute_35_00,63448,548,2458,2,288,line_288,-1,288,1,measured,135.776566,40.159237,1.167449,1.000000,0.250000,1.000000,2.500000,2.000000,3.000000,1,1,0,1,0
minute_35_00,63449,549,2459,1,25,caption_plus_1,24,26,1,measured,21.485937,2.250650,0.902973,1.000000,0.250000,1.000000,2.500000,2.000000,3.000000,1,1,0,1,0
minute_35_00,63449,549,2459,1,26,caption_plus_2,24,26,1,measured,132.878128,39.710171,1.075117,1.000000,0.250000,1.000000,2.500000,2.000000,3.000000,1,1,0,1,0
minute_35_00,63449,549,2459,1,27,caption_plus_3,24,26,1,measured,132.256256,42.323013,1.104851,1.000000,0.250000,1.000000,2.500000,2.000000,3.000000,1,1,0,1,0
minute_35_00,63449,549,2459,2,286,line_286,-1,288,1,measured,44.862499,45.219391,1.769953,1.000000,0.250000,1.000000,2.500000,2.000000,3.000000,1,1,0,1,0
minute_35_00,63449,549,2459,2,287,line_287,-1,288,1,measured,34.479687,46.663956,3.075117,1.000000,0.250000,1.000000,2.500000,2.000000,3.000000,1,1,1,1,0
minute_35_00,63449,549,2459,2,288,line_288,-1,288,1,measured,139.073441,38.757854,1.208138,1.000000,0.250000,1.000000,2.500000,2.000000,3.000000,1,1,0,1,0
minute_35_00,63450,550,2460,1,25,caption_plus_1,24,26,1,measured,22.054688,1.940154,0.881064,1.000000,0.250000,1.000000,2.500000,2.000000,3.000000,1,0,0,1,0
minute_35_00,63450,550,2460,1,26,caption_plus_2,24,26,1,measured,136.896881,37.141563,1.070423,1.000000,0.250000,1.000000,2.500000,2.000000,3.000000,1,1,0,1,0
minute_35_00,63450,550,2460,1,27,caption_plus_3,24,26,1,measured,135.642181,40.276138,1.087637,1.000000,0.250000,1.000000,2.500000,2.000000,3.000000,1,1,0,1,0
minute_35_00,63450,550,2460,2,286,line_286,-1,288,1,measured,43.587502,44.510098,1.715180,1.000000,0.250000,1.000000,2.500000,2.000000,3.000000,1,1,0,1,0
minute_35_00,63450,550,2460,2,287,line_287,-1,288,1,measured,27.945312,41.970398,2.342723,1.000000,0.250000,1.000000,2.500000,2.000000,3.000000,1,1,0,1,0
minute_35_00,63450,550,2460,2,288,line_288,-1,288,1,measured,140.346878,35.843346,1.079812,1.000000,0.250000,1.000000,2.500000,2.000000,3.000000,1,1,0,1,0
minute_35_00,63451,551,2461,1,25,caption_plus_1,24,26,1,measured,21.739063,2.047645,0.852895,1.000000,0.250000,1.000000,2.500000,2.000000,3.000000,1,1,0,1,0
minute_35_00,63451,551,2461,1,26,caption_plus_2,24,26,1,measured,139.732819,34.303139,1.046948,1.000000,0.250000,1.000000,2.500000,2.000000,3.000000,1,1,0,1,0
minute_35_00,63451,551,2461,1,27,caption_plus_3,24,26,1,measured,139.764069,36.778843,1.026604,1.000000,0.250000,1.000000,2.500000,2.000000,3.000000,1,1,0,1,0
minute_35_00,63451,551,2461,2,286,line_286,-1,288,1,measured,43.082813,44.158535,1.655712,1.000000,0.250000,1.000000,2.500000,2.000000,3.000000,1,1,0,1,0
minute_35_00,63451,551,2461,2,287,line_287,-1,288,1,measured,33.170311,45.942226,3.021909,1.000000,0.250000,1.000000,2.500000,2.000000,3.000000,1,1,1,1,0
minute_35_00,63451,551,2461,2,288,line_288,-1,288,1,measured,140.784378,33.327126,1.084507,1.000000,0.250000,1.000000,2.500000,2.000000,3.000000,1,1,0,1,0
minute_35_00,63452,552,2462,1,25,caption_plus_1,24,26,1,measured,21.335938,2.607313,0.854460,1.000000,0.250000,1.000000,2.500000,2.000000,3.000000,1,1,0,1,0
minute_35_00,63452,552,2462,1,26,caption_plus_2,24,26,1,measured,137.857819,32.386005,1.078247,1.000000,0.250000,1.000000,2.500000,2.000000,3.000000,1,1,0,1,0
minute_35_00,63452,552,2462,1,27,caption_plus_3,24,26,1,measured,138.395309,34.746292,1.023474,1.000000,0.250000,1.000000,2.500000,2.000000,3.000000,1,1,0,1,0
minute_35_00,63452,552,2462,2,286,line_286,-1,288,1,measured,43.342186,44.820370,1.652582,1.000000,0.250000,1.000000,2.500000,2.000000,3.000000,1,1,0,1,0
minute_35_00,63452,552,2462,2,287,line_287,-1,288,1,measured,23.534374,35.791042,2.276995,1.000000,0.250000,1.000000,2.500000,2.000000,3.000000,1,1,0,1,0
minute_35_00,63452,552,2462,2,288,line_288,-1,288,1,measured,139.096878,31.152348,1.233177,1.000000,0.250000,1.000000,2.500000,2.000000,3.000000,1,1,0,1,0
minute_35_00,63453,553,2463,1,25,caption_plus_1,24,26,1,measured,21.067188,2.075945,0.887324,1.000000,0.250000,1.000000,2.500000,2.000000,3.000000,1,1,0,1,0
minute_35_00,63453,553,2463,1,26,caption_plus_2,24,26,1,measured,134.829681,28.245531,1.328639,1.000000,0.250000,1.000000,2.500000,2.000000,3.000000,1,1,0,1,0
minute_35_00,63453,553,2463,1,27,caption_plus_3,24,26,1,measured,134.699997,32.549637,1.294210,1.000000,0.250000,1.000000,2.500000,2.000000,3.000000,1,1,0,1,0
minute_35_00,63453,553,2463,2,286,line_286,-1,288,1,measured,43.484375,43.902943,1.677621,1.000000,0.250000,1.000000,2.500000,2.000000,3.000000,1,1,0,1,0
minute_35_00,63453,553,2463,2,287,line_287,-1,288,1,measured,23.721874,36.272758,2.377152,1.000000,0.250000,1.000000,2.500000,2.000000,3.000000,1,1,0,1,0
minute_35_00,63453,553,2463,2,288,line_288,-1,288,1,measured,135.806244,29.337742,1.638498,1.000000,0.250000,1.000000,2.500000,2.000000,3.000000,1,1,0,1,0
minute_35_00,63454,554,2464,1,25,caption_plus_1,24,26,1,measured,21.023438,2.236295,0.835681,1.000000,0.250000,1.000000,2.500000,2.000000,3.000000,1,1,0,1,0
minute_35_00,63454,554,2464,1,26,caption_plus_2,24,26,1,measured,130.056244,29.339659,1.544601,1.000000,0.250000,1.000000,2.500000,2.000000,3.000000,1,1,0,1,0
minute_35_00,63454,554,2464,1,27,caption_plus_3,24,26,1,measured,129.600006,30.957422,1.522692,1.000000,0.250000,1.000000,2.500000,2.000000,3.000000,1,1,0,1,0
minute_35_00,63454,554,2464,2,286,line_286,-1,287,1,measured,42.018749,44.078827,1.719875,1.000000,0.250000,1.000000,2.500000,2.000000,3.000000,1,1,0,1,0
minute_35_00,63454,554,2464,2,287,line_287,-1,287,1,measured,52.656250,57.148685,5.657277,1.000000,0.250000,1.000000,2.500000,2.000000,3.000000,1,1,1,1,0
minute_35_00,63454,554,2464,2,288,line_288,-1,287,1,measured,127.862503,32.683567,1.879499,1.000000,0.250000,1.000000,2.500000,2.000000,3.000000,1,1,0,1,0
minute_35_00,63455,555,2465,1,25,caption_plus_1,24,26,1,measured,20.237499,2.133769,0.840376,1.000000,0.250000,1.000000,2.500000,2.000000,3.000000,1,1,0,1,0
minute_35_00,63455,555,2465,1,26,caption_plus_2,24,26,1,measured,125.574997,30.610619,1.452269,1.000000,0.250000,1.000000,2.500000,2.000000,3.000000,1,1,0,1,0
minute_35_00,63455,555,2465,1,27,caption_plus_3,24,26,1,measured,124.268753,33.313374,1.585289,1.000000,0.250000,1.000000,2.500000,2.000000,3.000000,1,1,0,1,0
minute_35_00,63455,555,2465,2,286,line_286,-1,287,1,measured,43.923439,44.752293,1.715180,1.000000,0.250000,1.000000,2.500000,2.000000,3.000000,1,1,0,1,0
minute_35_00,63455,555,2465,2,287,line_287,-1,287,1,measured,59.470314,60.444595,5.682316,1.000000,0.250000,1.000000,2.500000,2.000000,3.000000,1,1,1,1,0
minute_35_00,63455,555,2465,2,288,line_288,-1,287,1,measured,122.685936,35.398178,1.962441,1.000000,0.250000,1.000000,2.500000,2.000000,3.000000,1,1,0,1,0
minute_35_00,63456,556,2466,1,25,caption_plus_1,24,26,1,measured,20.317188,2.293541,0.957747,1.000000,0.250000,1.000000,2.500000,2.000000,3.000000,1,1,0,1,0
minute_35_00,63456,556,2466,1,26,caption_plus_2,24,26,1,measured,117.720314,34.992519,1.672926,1.000000,0.250000,1.000000,2.500000,2.000000,3.000000,1,1,0,1,0
minute_35_00,63456,556,2466,1,27,caption_plus_3,24,26,1,measured,115.343750,36.403217,1.738654,1.000000,0.250000,1.000000,2.500000,2.000000,3.000000,1,1,0,1,0
minute_35_00,63456,556,2466,2,286,line_286,-1,288,1,measured,43.206249,44.105675,1.611894,1.000000,0.250000,1.000000,2.500000,2.000000,3.000000,1,1,0,1,0
minute_35_00,63456,556,2466,2,287,line_287,-1,288,1,measured,22.628124,35.403465,2.345853,1.000000,0.250000,1.000000,2.500000,2.000000,3.000000,1,1,0,1,0
minute_35_00,63456,556,2466,2,288,line_288,-1,288,1,measured,118.493752,38.013851,1.748044,1.000000,0.250000,1.000000,2.500000,2.000000,3.000000,1,1,0,1,0
minute_35_00,63457,557,2467,1,25,caption_plus_1,24,26,1,measured,20.503124,2.040218,0.888889,1.000000,0.250000,1.000000,2.500000,2.000000,3.000000,1,1,0,1,0
minute_35_00,63457,557,2467,1,26,caption_plus_2,24,26,1,measured,119.092186,35.575130,1.932707,1.000000,0.250000,1.000000,2.500000,2.000000,3.000000,1,1,0,1,0
minute_35_00,63457,557,2467,1,27,caption_plus_3,24,26,1,measured,116.337502,38.028877,2.001565,1.000000,0.250000,1.000000,2.500000,2.000000,3.000000,1,1,0,1,0
minute_35_00,63457,557,2467,2,286,line_286,-1,288,1,measured,43.320312,45.033512,1.737089,1.000000,0.250000,1.000000,2.500000,2.000000,3.000000,1,1,0,1,0
minute_35_00,63457,557,2467,2,287,line_287,-1,288,1,measured,27.204687,40.780823,2.860720,1.000000,0.250000,1.000000,2.500000,2.000000,3.000000,1,1,0,1,0
minute_35_00,63457,557,2467,2,288,line_288,-1,288,1,measured,121.501564,37.506374,1.890454,1.000000,0.250000,1.000000,2.500000,2.000000,3.000000,1,1,0,1,0
minute_35_00,63458,558,2468,1,25,caption_plus_1,24,26,1,measured,20.782812,1.857759,0.865415,1.000000,0.250000,1.000000,2.500000,2.000000,3.000000,1,0,0,1,0
minute_35_00,63458,558,2468,1,26,caption_plus_2,24,26,1,measured,122.742188,34.564171,1.785602,1.000000,0.250000,1.000000,2.500000,2.000000,3.000000,1,1,0,1,0
minute_35_00,63458,558,2468,1,27,caption_plus_3,24,26,1,measured,118.478127,38.668537,2.103286,1.000000,0.250000,1.000000,2.500000,2.000000,3.000000,1,1,0,1,0
minute_35_00,63458,558,2468,2,286,line_286,-1,288,1,measured,42.332813,44.173737,1.676056,1.000000,0.250000,1.000000,2.500000,2.000000,3.000000,1,1,0,1,0
minute_35_00,63458,558,2468,2,287,line_287,-1,288,1,measured,25.820312,40.679276,2.500782,1.000000,0.250000,1.000000,2.500000,2.000000,3.000000,1,1,0,1,0
minute_35_00,63458,558,2468,2,288,line_288,-1,288,1,measured,120.321877,37.105080,1.968701,1.000000,0.250000,1.000000,2.500000,2.000000,3.000000,1,1,0,1,0
minute_35_00,63459,559,2469,1,25,caption_plus_1,24,26,1,measured,20.318750,1.873739,0.751174,1.000000,0.250000,1.000000,2.500000,2.000000,3.000000,1,0,0,1,0
minute_35_00,63459,559,2469,1,26,caption_plus_2,24,26,1,measured,117.240623,35.140762,2.046948,1.000000,0.250000,1.000000,2.500000,2.000000,3.000000,1,1,0,1,0
minute_35_00,63459,559,2469,1,27,caption_plus_3,24,26,1,measured,115.985939,36.650734,1.934272,1.000000,0.250000,1.000000,2.500000,2.000000,3.000000,1,1,0,1,0
minute_35_00,63459,559,2469,2,286,line_286,-1,288,1,measured,43.617188,43.924393,1.701095,1.000000,0.250000,1.000000,2.500000,2.000000,3.000000,1,1,0,1,0
minute_35_00,63459,559,2469,2,287,line_287,-1,288,1,measured,27.793751,41.916115,2.348983,1.000000,0.250000,1.000000,2.500000,2.000000,3.000000,1,1,0,1,0
minute_35_00,63459,559,2469,2,288,line_288,-1,288,1,measured,116.803123,36.353500,2.195618,1.000000,0.250000,1.000000,2.500000,2.000000,3.000000,1,1,0,1,0
minute_35_00,63460,560,2470,1,25,caption_plus_1,24,26,1,measured,21.087500,1.804119,0.818466,1.000000,0.250000,1.000000,2.500000,2.000000,3.000000,1,0,0,1,0
minute_35_00,63460,560,2470,1,26,caption_plus_2,24,26,1,measured,113.887497,38.031155,1.979656,1.000000,0.250000,1.000000,2.500000,2.000000,3.000000,1,1,0,1,0
minute_35_00,63460,560,2470,1,27,caption_plus_3,24,26,1,measured,113.070312,39.857986,2.075117,1.000000,0.250000,1.000000,2.500000,2.000000,3.000000,1,1,0,1,0
minute_35_00,63460,560,2470,2,286,line_286,-1,288,1,measured,43.370312,44.669537,1.704225,1.000000,0.250000,1.000000,2.500000,2.000000,3.000000,1,1,0,1,0
minute_35_00,63460,560,2470,2,287,line_287,-1,288,1,measured,22.000000,35.708675,2.375587,1.000000,0.250000,1.000000,2.500000,2.000000,3.000000,1,1,0,1,0
minute_35_00,63460,560,2470,2,288,line_288,-1,288,1,measured,108.576561,40.012192,2.054773,1.000000,0.250000,1.000000,2.500000,2.000000,3.000000,1,1,0,1,0
minute_35_00,63461,561,2471,1,25,caption_plus_1,24,26,1,measured,20.959375,2.469484,0.851330,1.000000,0.250000,1.000000,2.500000,2.000000,3.000000,1,1,0,1,0
minute_35_00,63461,561,2471,1,26,caption_plus_2,24,26,1,measured,102.250000,37.573013,1.644757,1.000000,0.250000,1.000000,2.500000,2.000000,3.000000,1,1,0,1,0
minute_35_00,63461,561,2471,1,27,caption_plus_3,24,26,1,measured,98.567184,38.795277,1.669797,1.000000,0.250000,1.000000,2.500000,2.000000,3.000000,1,1,0,1,0
minute_35_00,63461,561,2471,2,286,line_286,-1,288,1,measured,43.498436,44.314362,1.726135,1.000000,0.250000,1.000000,2.500000,2.000000,3.000000,1,1,0,1,0
minute_35_00,63461,561,2471,2,287,line_287,-1,288,1,measured,27.251562,41.189129,3.045383,1.000000,0.250000,1.000000,2.500000,2.000000,3.000000,1,1,1,1,0
minute_35_00,63461,561,2471,2,288,line_288,-1,288,1,measured,97.606247,37.907921,1.732394,1.000000,0.250000,1.000000,2.500000,2.000000,3.000000,1,1,0,1,0
minute_35_00,63462,562,2472,1,25,caption_plus_1,24,26,1,measured,20.395313,1.924751,0.837246,1.000000,0.250000,1.000000,2.500000,2.000000,3.000000,1,0,0,1,0
minute_35_00,63462,562,2472,1,26,caption_plus_2,24,26,1,measured,96.037498,37.776421,1.699530,1.000000,0.250000,1.000000,2.500000,2.000000,3.000000,1,1,0,1,0
minute_35_00,63462,562,2472,1,27,caption_plus_3,24,26,1,measured,92.067184,38.660908,1.671361,1.000000,0.250000,1.000000,2.500000,2.000000,3.000000,1,1,0,1,0
minute_35_00,63462,562,2472,2,286,line_286,-1,288,1,measured,42.799999,44.270130,1.687011,1.000000,0.250000,1.000000,2.500000,2.000000,3.000000,1,1,0,1,0
minute_35_00,63462,562,2472,2,287,line_287,-1,288,1,measured,27.007812,41.215458,2.921753,1.000000,0.250000,1.000000,2.500000,2.000000,3.000000,1,1,0,1,0
minute_35_00,63462,562,2472,2,288,line_288,-1,288,1,measured,93.853127,37.116035,1.871675,1.000000,0.250000,1.000000,2.500000,2.000000,3.000000,1,1,0,1,0
minute_35_00,63463,563,2473,1,25,caption_plus_1,24,26,1,measured,20.079687,1.982319,0.823161,1.000000,0.250000,1.000000,2.500000,2.000000,3.000000,1,0,0,1,0
minute_35_00,63463,563,2473,1,26,caption_plus_2,24,26,1,measured,96.059372,37.935879,1.665102,1.000000,0.250000,1.000000,2.500000,2.000000,3.000000,1,1,0,1,0
minute_35_00,63463,563,2473,1,27,caption_plus_3,24,26,1,measured,92.567184,39.221230,1.682316,1.000000,0.250000,1.000000,2.500000,2.000000,3.000000,1,1,0,1,0
minute_35_00,63463,563,2473,2,286,line_286,-1,288,1,measured,43.096874,43.897892,1.690141,1.000000,0.250000,1.000000,2.500000,2.000000,3.000000,1,1,0,1,0
minute_35_00,63463,563,2473,2,287,line_287,-1,288,1,measured,27.992188,40.955021,2.672926,1.000000,0.250000,1.000000,2.500000,2.000000,3.000000,1,1,0,1,0
minute_35_00,63463,563,2473,2,288,line_288,-1,288,1,measured,95.585938,38.800720,2.048513,1.000000,0.250000,1.000000,2.500000,2.000000,3.000000,1,1,0,1,0
minute_35_00,63464,564,2474,1,25,caption_plus_1,24,26,1,measured,20.785938,2.124145,0.827856,1.000000,0.250000,1.000000,2.500000,2.000000,3.000000,1,1,0,1,0
minute_35_00,63464,564,2474,1,26,caption_plus_2,24,26,1,measured,97.574997,41.252014,1.658842,1.000000,0.250000,1.000000,2.500000,2.000000,3.000000,1,1,0,1,0
minute_35_00,63464,564,2474,1,27,caption_plus_3,24,26,1,measured,95.960938,42.447285,1.685446,1.000000,0.250000,1.000000,2.500000,2.000000,3.000000,1,1,0,1,0
minute_35_00,63464,564,2474,2,286,line_286,-1,288,1,measured,43.632812,44.936180,1.685446,1.000000,0.250000,1.000000,2.500000,2.000000,3.000000,1,1,0,1,0
minute_35_00,63464,564,2474,2,287,line_287,-1,288,1,measured,27.765625,43.045231,2.755868,1.000000,0.250000,1.000000,2.500000,2.000000,3.000000,1,1,0,1,0
minute_35_00,63464,564,2474,2,288,line_288,-1,288,1,measured,98.385941,42.311302,1.938967,1.000000,0.250000,1.000000,2.500000,2.000000,3.000000,1,1,0,1,0
minute_35_00,63465,565,2475,1,25,caption_plus_1,24,26,1,measured,20.423437,2.165153,0.856025,1.000000,0.250000,1.000000,2.500000,2.000000,3.000000,1,1,0,1,0
minute_35_00,63465,565,2475,1,26,caption_plus_2,24,26,1,measured,99.584373,41.285202,1.568075,1.000000,0.250000,1.000000,2.500000,2.000000,3.000000,1,1,0,1,0
minute_35_00,63465,565,2475,1,27,caption_plus_3,24,26,1,measured,96.557816,42.801464,1.599374,1.000000,0.250000,1.000000,2.500000,2.000000,3.000000,1,1,0,1,0
minute_35_00,63465,565,2475,2,286,line_286,-1,288,1,measured,42.381248,44.877350,1.655712,1.000000,0.250000,1.000000,2.500000,2.000000,3.000000,1,1,0,1,0
minute_35_00,63465,565,2475,2,287,line_287,-1,288,1,measured,27.006250,41.734093,2.680751,1.000000,0.250000,1.000000,2.500000,2.000000,3.000000,1,1,0,1,0
minute_35_00,63465,565,2475,2,288,line_288,-1,288,1,measured,100.039062,40.338337,1.660407,1.000000,0.250000,1.000000,2.500000,2.000000,3.000000,1,1,0,1,0
minute_35_00,63466,566,2476,1,25,caption_plus_1,24,26,1,measured,21.146875,2.241022,0.821596,1.000000,0.250000,1.000000,2.500000,2.000000,3.000000,1,1,0,1,0
minute_35_00,63466,566,2476,1,26,caption_plus_2,24,26,1,measured,101.356247,41.165001,1.524257,1.000000,0.250000,1.000000,2.500000,2.000000,3.000000,1,1,0,1,0
minute_35_00,63466,566,2476,1,27,caption_plus_3,24,26,1,measured,98.570312,42.547634,1.447574,1.000000,0.250000,1.000000,2.500000,2.000000,3.000000,1,1,0,1,0
minute_35_00,63466,566,2476,2,286,line_286,-1,288,1,measured,42.801563,44.685215,1.746479,1.000000,0.250000,1.000000,2.500000,2.000000,3.000000,1,1,0,1,0
minute_35_00,63466,566,2476,2,287,line_287,-1,288,1,measured,27.929688,42.281494,2.381847,1.000000,0.250000,1.000000,2.500000,2.000000,3.000000,1,1,0,1,0
minute_35_00,63466,566,2476,2,288,line_288,-1,288,1,measured,99.896873,42.086910,1.615023,1.000000,0.250000,1.000000,2.500000,2.000000,3.000000,1,1,0,1,0
minute_35_00,63467,567,2477,1,25,caption_plus_1,24,26,1,measured,20.181250,2.006620,0.840376,1.000000,0.250000,1.000000,2.500000,2.000000,3.000000,1,1,0,1,0
minute_35_00,63467,567,2477,1,26,caption_plus_2,24,26,1,measured,97.643753,43.736332,1.596244,1.000000,0.250000,1.000000,2.500000,2.000000,3.000000,1,1,0,1,0
minute_35_00,63467,567,2477,1,27,caption_plus_3,24,26,1,measured,94.092186,44.659431,1.604069,1.000000,0.250000,1.000000,2.500000,2.000000,3.000000,1,1,0,1,0
minute_35_00,63467,567,2477,2,286,line_286,-1,288,1,measured,43.059376,44.330467,1.646322,1.000000,0.250000,1.000000,2.500000,2.000000,3.000000,1,1,0,1,0
minute_35_00,63467,567,2477,2,287,line_287,-1,288,1,measured,33.479687,46.508396,2.625978,1.000000,0.250000,1.000000,2.500000,2.000000,3.000000,1,1,0,1,0
minute_35_00,63467,567,2477,2,288,line_288,-1,288,1,measured,97.221878,46.818806,1.660407,1.000000,0.250000,1.000000,2.500000,2.000000,3.000000,1,1,0,1,0
minute_35_00,63468,568,2478,1,24,caption_plus_1,23,25,1,measured,20.512501,2.003084,0.841941,1.000000,0.250000,1.000000,2.500000,2.000000,3.000000,1,1,0,1,0
minute_35_00,63468,568,2478,1,25,caption_plus_2,23,25,1,measured,101.307816,46.757828,1.546166,1.000000,0.250000,1.000000,2.500000,2.000000,3.000000,1,1,0,1,0
minute_35_00,63468,568,2478,1,26,caption_plus_3,23,25,1,measured,97.462502,48.624119,1.502347,1.000000,0.250000,1.000000,2.500000,2.000000,3.000000,1,1,0,1,0
minute_35_00,63468,568,2478,2,286,line_286,-1,288,1,measured,43.873436,44.665470,1.744914,1.000000,0.250000,1.000000,2.500000,2.000000,3.000000,1,1,0,1,0
minute_35_00,63468,568,2478,2,287,line_287,-1,288,1,measured,23.193750,36.486599,2.375587,1.000000,0.250000,1.000000,2.500000,2.000000,3.000000,1,1,0,1,0
minute_35_00,63468,568,2478,2,288,line_288,-1,288,1,measured,104.379684,47.202301,1.841941,1.000000,0.250000,1.000000,2.500000,2.000000,3.000000,1,1,0,1,0
minute_35_00,63469,569,2479,1,25,caption_plus_1,24,26,1,measured,21.053125,2.280417,0.915493,1.000000,0.250000,1.000000,2.500000,2.000000,3.000000,1,1,0,1,0
minute_35_00,63469,569,2479,1,26,caption_plus_2,24,26,1,measured,106.250000,45.648144,1.563380,1.000000,0.250000,1.000000,2.500000,2.000000,3.000000,1,1,0,1,0
minute_35_00,63469,569,2479,1,27,caption_plus_3,24,26,1,measured,102.109375,48.381107,1.538341,1.000000,0.250000,1.000000,2.500000,2.000000,3.000000,1,1,0,1,0
minute_35_00,63469,569,2479,2,286,line_286,-1,288,1,measured,43.704689,45.008736,1.777778,1.000000,0.250000,1.000000,2.500000,2.000000,3.000000,1,1,0,1,0
minute_35_00,63469,569,2479,2,287,line_287,-1,288,1,measured,28.045313,42.318245,3.057903,1.000000,0.250000,1.000000,2.500000,2.000000,3.000000,1,1,1,1,0
minute_35_00,63469,569,2479,2,288,line_288,-1,288,1,measured,107.571877,47.279106,1.586854,1.000000,0.250000,1.000000,2.500000,2.000000,3.000000,1,1,0,1,0
minute_35_00,63470,570,2480,1,25,caption_plus_1,24,26,1,measured,20.914062,2.198108,0.840376,1.000000,0.250000,1.000000,2.500000,2.000000,3.000000,1,1,0,1,0
minute_35_00,63470,570,2480,1,26,caption_plus_2,24,26,1,measured,110.798439,45.591034,1.442880,1.000000,0.250000,1.000000,2.500000,2.000000,3.000000,1,1,0,1,0
minute_35_00,63470,570,2480,1,27,caption_plus_3,24,26,1,measured,106.478127,48.342007,1.494523,1.000000,0.250000,1.000000,2.500000,2.000000,3.000000,1,1,0,1,0
minute_35_00,63470,570,2480,2,286,line_286,-1,288,1,measured,42.659374,44.806316,1.737089,1.000000,0.250000,1.000000,2.500000,2.000000,3.000000,1,1,0,1,0
minute_35_00,63470,570,2480,2,287,line_287,-1,288,1,measured,27.460938,41.603691,3.109546,1.000000,0.250000,1.000000,2.500000,2.000000,3.000000,1,1,1,1,0
minute_35_00,63470,570,2480,2,288,line_288,-1,288,1,measured,114.206253,45.333431,1.697966,1.000000,0.250000,1.000000,2.500000,2.000000,3.000000,1,1,0,1,0
minute_35_00,63471,571,2481,1,25,caption_plus_1,24,26,1,measured,19.860937,1.888544,0.893584,1.000000,0.250000,1.000000,2.500000,2.000000,3.000000,1,0,0,1,0
minute_35_00,63471,571,2481,1,26,caption_plus_2,24,26,1,measured,117.445312,44.862152,1.527387,1.000000,0.250000,1.000000,2.500000,2.000000,3.000000,1,1,0,1,0
minute_35_00,63471,571,2481,1,27,caption_plus_3,24,26,1,measured,112.460938,47.683052,1.585289,1.000000,0.250000,1.000000,2.500000,2.000000,3.000000,1,1,0,1,0
minute_35_00,63471,571,2481,2,286,line_286,-1,288,1,measured,42.953125,43.975357,1.575900,1.000000,0.250000,1.000000,2.500000,2.000000,3.000000,1,1,0,1,0
minute_35_00,63471,571,2481,2,287,line_287,-1,288,1,measured,27.799999,42.086674,2.823161,1.000000,0.250000,1.000000,2.500000,2.000000,3.000000,1,1,0,1,0
minute_35_00,63471,571,2481,2,288,line_288,-1,288,1,measured,118.945312,46.444241,1.723005,1.000000,0.250000,1.000000,2.500000,2.000000,3.000000,1,1,0,1,0
minute_35_00,63472,572,2482,1,25,caption_plus_1,24,26,1,measured,20.459375,2.411219,0.862285,1.000000,0.250000,1.000000,2.500000,2.000000,3.000000,1,1,0,1,0
minute_35_00,63472,572,2482,1,26,caption_plus_2,24,26,1,measured,119.120316,46.105648,1.611894,1.000000,0.250000,1.000000,2.500000,2.000000,3.000000,1,1,0,1,0
minute_35_00,63472,572,2482,1,27,caption_plus_3,24,26,1,measured,114.940628,48.094238,1.580595,1.000000,0.250000,1.000000,2.500000,2.000000,3.000000,1,1,0,1,0
minute_35_00,63472,572,2482,2,286,line_286,-1,287,1,measured,43.115623,44.088432,1.669797,1.000000,0.250000,1.000000,2.500000,2.000000,3.000000,1,1,0,1,0
minute_35_00,63472,572,2482,2,287,line_287,-1,287,1,measured,64.289062,59.782909,7.007825,1.000000,0.250000,1.000000,2.500000,2.000000,3.000000,1,1,1,1,0
minute_35_00,63472,572,2482,2,288,line_288,-1,287,1,measured,116.610939,53.815254,2.314554,1.000000,0.250000,1.000000,2.500000,2.000000,3.000000,1,1,0,1,0
minute_35_00,63473,573,2483,1,25,caption_plus_1,24,26,1,measured,19.829687,2.420755,0.841941,1.000000,0.250000,1.000000,2.500000,2.000000,3.000000,1,1,0,1,0
minute_35_00,63473,573,2483,1,26,caption_plus_2,24,26,1,measured,121.628128,49.094959,2.081377,1.000000,0.250000,1.000000,2.500000,2.000000,3.000000,1,1,0,1,0
minute_35_00,63473,573,2483,1,27,caption_plus_3,24,26,1,measured,116.509377,51.143913,1.890454,1.000000,0.250000,1.000000,2.500000,2.000000,3.000000,1,1,0,1,0
minute_35_00,63473,573,2483,2,286,line_286,-1,287,1,measured,42.084373,44.257442,1.652582,1.000000,0.250000,1.000000,2.500000,2.000000,3.000000,1,1,0,1,0
minute_35_00,63473,573,2483,2,287,line_287,-1,287,1,measured,68.589066,59.804512,7.266041,1.000000,0.250000,1.000000,2.500000,2.000000,3.000000,1,1,1,1,0
minute_35_00,63473,573,2483,2,288,line_288,-1,287,1,measured,121.560936,53.780800,2.350548,1.000000,0.250000,1.000000,2.500000,2.000000,3.000000,1,1,0,1,0
minute_35_00,63474,574,2484,1,24,caption_plus_1,23,25,1,measured,19.153126,2.396936,0.830986,1.000000,0.250000,1.000000,2.500000,2.000000,3.000000,1,1,0,1,0
minute_35_00,63474,574,2484,1,25,caption_plus_2,23,25,1,measured,129.901566,48.859539,1.543036,1.000000,0.250000,1.000000,2.500000,2.000000,3.000000,1,1,0,1,0
minute_35_00,63474,574,2484,1,26,caption_plus_3,23,25,1,measured,123.918747,50.429928,1.840376,1.000000,0.250000,1.000000,2.500000,2.000000,3.000000,1,1,0,1,0
minute_35_00,63474,574,2484,2,286,line_286,-1,287,1,measured,42.339062,44.356674,1.627543,1.000000,0.250000,1.000000,2.500000,2.000000,3.000000,1,1,0,1,0
minute_35_00,63474,574,2484,2,287,line_287,-1,287,1,measured,68.826561,60.124763,7.475743,1.000000,0.250000,1.000000,2.500000,2.000000,3.000000,1,1,1,1,0
minute_35_00,63474,574,2484,2,288,line_288,-1,287,1,measured,130.657806,53.278484,1.960876,1.000000,0.250000,1.000000,2.500000,2.000000,3.000000,1,1,0,1,0
minute_35_00,63475,575,2485,1,25,caption_plus_1,24,26,1,measured,20.070312,2.103508,0.837246,1.000000,0.250000,1.000000,2.500000,2.000000,3.000000,1,1,0,1,0
minute_35_00,63475,575,2485,1,26,caption_plus_2,24,26,1,measured,134.435944,46.863491,1.549296,1.000000,0.250000,1.000000,2.500000,2.000000,3.000000,1,1,0,1,0
minute_35_00,63475,575,2485,1,27,caption_plus_3,24,26,1,measured,129.926559,50.184307,1.625978,1.000000,0.250000,1.000000,2.500000,2.000000,3.000000,1,1,0,1,0
minute_35_00,63475,575,2485,2,286,line_286,-1,287,1,measured,43.801563,45.161411,1.785602,1.000000,0.250000,1.000000,2.500000,2.000000,3.000000,1,1,0,1,0
minute_35_00,63475,575,2485,2,287,line_287,-1,287,1,measured,74.173439,60.420139,6.918623,1.000000,0.250000,1.000000,2.500000,2.000000,3.000000,1,1,1,1,0
minute_35_00,63475,575,2485,2,288,line_288,-1,287,1,measured,137.157806,51.505417,1.945227,1.000000,0.250000,1.000000,2.500000,2.000000,3.000000,1,1,0,1,0
minute_35_00,63476,576,2486,1,25,caption_plus_1,24,26,1,measured,19.192188,2.241428,0.832551,1.000000,0.250000,1.000000,2.500000,2.000000,3.000000,1,1,0,1,0
minute_35_00,63476,576,2486,1,26,caption_plus_2,24,26,1,measured,137.896881,44.932888,1.594679,1.000000,0.250000,1.000000,2.500000,2.000000,3.000000,1,1,0,1,0
minute_35_00,63476,576,2486,1,27,caption_plus_3,24,26,1,measured,133.385941,48.634731,1.661972,1.000000,0.250000,1.000000,2.500000,2.000000,3.000000,1,1,0,1,0
minute_35_00,63476,576,2486,2,286,line_286,-1,287,1,measured,44.099998,45.103729,1.712050,1.000000,0.250000,1.000000,2.500000,2.000000,3.000000,1,1,0,1,0
minute_35_00,63476,576,2486,2,287,line_287,-1,287,1,measured,64.724998,60.830032,6.514867,1.000000,0.250000,1.000000,2.500000,2.000000,3.000000,1,1,1,1,0
minute_35_00,63476,576,2486,2,288,line_288,-1,287,1,measured,141.135941,50.513847,1.987480,1.000000,0.250000,1.000000,2.500000,2.000000,3.000000,1,1,0,1,0
minute_35_00,63477,577,2487,1,25,caption_plus_1,24,26,1,measured,19.295313,2.217539,0.882629,1.000000,0.250000,1.000000,2.500000,2.000000,3.000000,1,1,0,1,0
minute_35_00,63477,577,2487,1,26,caption_plus_2,24,26,1,measured,138.832809,44.743629,1.588419,1.000000,0.250000,1.000000,2.500000,2.000000,3.000000,1,1,0,1,0
minute_35_00,63477,577,2487,1,27,caption_plus_3,24,26,1,measured,135.862503,47.633789,1.733959,1.000000,0.250000,1.000000,2.500000,2.000000,3.000000,1,1,0,1,0
minute_35_00,63477,577,2487,2,286,line_286,-1,287,1,measured,43.428123,45.055084,1.719875,1.000000,0.250000,1.000000,2.500000,2.000000,3.000000,1,1,0,1,0
minute_35_00,63477,577,2487,2,287,line_287,-1,287,1,measured,64.182816,59.757736,6.131455,1.000000,0.250000,1.000000,2.500000,2.000000,3.000000,1,1,1,1,0
minute_35_00,63477,577,2487,2,288,line_288,-1,287,1,measured,142.270309,50.030025,1.862285,1.000000,0.250000,1.000000,2.500000,2.000000,3.000000,1,1,0,1,0
minute_35_00,63478,578,2488,1,25,caption_plus_1,24,26,1,measured,20.114063,2.485166,0.937402,1.000000,0.250000,1.000000,2.500000,2.000000,3.000000,1,1,0,1,0
minute_35_00,63478,578,2488,1,26,caption_plus_2,24,26,1,measured,142.078125,43.092415,1.528952,1.000000,0.250000,1.000000,2.500000,2.000000,3.000000,1,1,0,1,0
minute_35_00,63478,578,2488,1,27,caption_plus_3,24,26,1,measured,138.534378,47.365719,1.618153,1.000000,0.250000,1.000000,2.500000,2.000000,3.000000,1,1,0,1,0
minute_35_00,63478,578,2488,2,286,line_286,-1,288,1,measured,43.426563,44.124302,1.660407,1.000000,0.250000,1.000000,2.500000,2.000000,3.000000,1,1,0,1,0
minute_35_00,63478,578,2488,2,287,line_287,-1,288,1,measured,27.473438,41.236771,2.779343,1.000000,0.250000,1.000000,2.500000,2.000000,3.000000,1,1,0,1,0
minute_35_00,63478,578,2488,2,288,line_288,-1,288,1,measured,142.673431,44.707535,1.707355,1.000000,0.250000,1.000000,2.500000,2.000000,3.000000,1,1,0,1,0
minute_35_00,63479,579,2489,1,25,caption_plus_1,24,26,1,measured,21.012501,2.113166,0.862285,1.000000,0.250000,1.000000,2.500000,2.000000,3.000000,1,1,0,1,0
minute_35_00,63479,579,2489,1,26,caption_plus_2,24,26,1,measured,144.425003,42.620316,1.544601,1.000000,0.250000,1.000000,2.500000,2.000000,3.000000,1,1,0,1,0
minute_35_00,63479,579,2489,1,27,caption_plus_3,24,26,1,measured,140.609375,46.175587,1.586854,1.000000,0.250000,1.000000,2.500000,2.000000,3.000000,1,1,0,1,0
minute_35_00,63479,579,2489,2,286,line_286,-1,288,1,measured,42.715626,44.511417,1.611894,1.000000,0.250000,1.000000,2.500000,2.000000,3.000000,1,1,0,1,0
minute_35_00,63479,579,2489,2,287,line_287,-1,288,1,measured,32.851562,46.129692,3.092332,1.000000,0.250000,1.000000,2.500000,2.000000,3.000000,1,1,1,1,0
minute_35_00,63479,579,2489,2,288,line_288,-1,288,1,measured,146.000000,44.778275,1.715180,1.000000,0.250000,1.000000,2.500000,2.000000,3.000000,1,1,0,1,0
minute_35_00,63480,580,2490,1,25,caption_plus_1,24,26,1,measured,20.460938,1.886226,0.852895,1.000000,0.250000,1.000000,2.500000,2.000000,3.000000,1,0,0,1,0
minute_35_00,63480,580,2490,1,26,caption_plus_2,24,26,1,measured,147.920319,42.253273,1.622848,1.000000,0.250000,1.000000,2.500000,2.000000,3.000000,1,1,0,1,0
minute_35_00,63480,580,2490,1,27,caption_plus_3,24,26,1,measured,144.975006,45.540428,1.669797,1.000000,0.250000,1.000000,2.500000,2.000000,3.000000,1,1,0,1,0
minute_35_00,63480,580,2490,2,286,line_286,-1,288,1,measured,43.737499,44.229336,1.655712,1.000000,0.250000,1.000000,2.500000,2.000000,3.000000,1,1,0,1,0
minute_35_00,63480,580,2490,2,287,line_287,-1,288,1,measured,28.993750,41.632843,2.334898,1.000000,0.250000,1.000000,2.500000,2.000000,3.000000,1,1,0,1,0
minute_35_00,63480,580,2490,2,288,line_288,-1,288,1,measured,150.074997,43.195023,1.691706,1.000000,0.250000,1.000000,2.500000,2.000000,3.000000,1,1,0,1,0
minute_35_00,63481,581,2491,1,25,caption_plus_1,24,26,1,measured,20.104687,2.456492,0.832551,1.000000,0.250000,1.000000,2.500000,2.000000,3.000000,1,1,0,1,0
minute_35_00,63481,581,2491,1,26,caption_plus_2,24,26,1,measured,157.173431,28.217285,1.137715,1.000000,0.250000,1.000000,2.500000,2.000000,3.000000,1,1,0,1,0
minute_35_00,63481,581,2491,1,27,caption_plus_3,24,26,1,measured,149.009369,40.450470,1.602504,1.000000,0.250000,1.000000,2.500000,2.000000,3.000000,1,1,0,1,0
minute_35_00,63481,581,2491,2,286,line_286,-1,288,1,measured,43.737499,44.323208,1.643193,1.000000,0.250000,1.000000,2.500000,2.000000,3.000000,1,1,0,1,0
minute_35_00,63481,581,2491,2,287,line_287,-1,288,1,measured,32.682812,45.617714,2.992175,1.000000,0.250000,1.000000,2.500000,2.000000,3.000000,1,1,0,1,0
minute_35_00,63481,581,2491,2,288,line_288,-1,288,1,measured,160.006256,32.105347,1.348983,1.000000,0.250000,1.000000,2.500000,2.000000,3.000000,1,1,0,1,0
minute_35_00,63482,582,2492,1,25,caption_plus_1,24,26,1,measured,19.970312,2.106699,0.857590,1.000000,0.250000,1.000000,2.500000,2.000000,3.000000,1,1,0,1,0
minute_35_00,63482,582,2492,1,26,caption_plus_2,24,26,1,measured,157.167191,27.866508,1.143975,1.000000,0.250000,1.000000,2.500000,2.000000,3.000000,1,1,0,1,0
minute_35_00,63482,582,2492,1,27,caption_plus_3,24,26,1,measured,157.210938,30.279596,1.178404,1.000000,0.250000,1.000000,2.500000,2.000000,3.000000,1,1,0,1,0
minute_35_00,63482,582,2492,2,286,line_286,-1,288,1,measured,43.025002,44.337654,1.683881,1.000000,0.250000,1.000000,2.500000,2.000000,3.000000,1,1,0,1,0
minute_35_00,63482,582,2492,2,287,line_287,-1,288,1,measured,22.568750,35.758892,2.250391,1.000000,0.250000,1.000000,2.500000,2.000000,3.000000,1,1,0,1,0
minute_35_00,63482,582,2492,2,288,line_288,-1,288,1,measured,159.375000,30.477245,1.264476,1.000000,0.250000,1.000000,2.500000,2.000000,3.000000,1,1,0,1,0
minute_35_00,63483,583,2493,1,25,caption_plus_1,24,26,1,measured,20.557812,1.946094,0.881064,1.000000,0.250000,1.000000,2.500000,2.000000,3.000000,1,0,0,1,0
minute_35_00,63483,583,2493,1,26,caption_plus_2,24,26,1,measured,157.282806,27.908047,1.090767,1.000000,0.250000,1.000000,2.500000,2.000000,3.000000,1,1,0,1,0
minute_35_00,63483,583,2493,1,27,caption_plus_3,24,26,1,measured,156.899994,30.804211,1.245696,1.000000,0.250000,1.000000,2.500000,2.000000,3.000000,1,1,0,1,0
minute_35_00,63483,583,2493,2,286,line_286,-1,288,1,measured,42.264061,44.341862,1.658842,1.000000,0.250000,1.000000,2.500000,2.000000,3.000000,1,1,0,1,0
minute_35_00,63483,583,2493,2,287,line_287,-1,288,1,measured,23.195312,36.197647,2.370892,1.000000,0.250000,1.000000,2.500000,2.000000,3.000000,1,1,0,1,0
minute_35_00,63483,583,2493,2,288,line_288,-1,288,1,measured,158.293747,31.622055,1.272300,1.000000,0.250000,1.000000,2.500000,2.000000,3.000000,1,1,0,1,0
minute_35_00,63484,584,2494,1,25,caption_plus_1,24,26,1,measured,21.189062,1.960598,0.851330,1.000000,0.250000,1.000000,2.500000,2.000000,3.000000,1,0,0,1,0
minute_35_00,63484,584,2494,1,26,caption_plus_2,24,26,1,measured,156.646881,28.828758,1.200313,1.000000,0.250000,1.000000,2.500000,2.000000,3.000000,1,1,0,1,0
minute_35_00,63484,584,2494,1,27,caption_plus_3,24,26,1,measured,156.217194,31.086794,1.195618,1.000000,0.250000,1.000000,2.500000,2.000000,3.000000,1,1,0,1,0
minute_35_00,63484,584,2494,2,286,line_286,-1,287,1,measured,42.564064,44.453053,1.668232,1.000000,0.250000,1.000000,2.500000,2.000000,3.000000,1,1,0,1,0
minute_35_00,63484,584,2494,2,287,line_287,-1,287,1,measured,58.012501,59.038177,5.588419,1.000000,0.250000,1.000000,2.500000,2.000000,3.000000,1,1,1,1,0
minute_35_00,63484,584,2494,2,288,line_288,-1,287,1,measured,159.943756,32.919266,1.447574,1.000000,0.250000,1.000000,2.500000,2.000000,3.000000,1,1,0,1,0
minute_35_00,63485,585,2495,1,24,caption_plus_1,23,25,1,measured,19.659374,2.084070,0.843506,1.000000,0.250000,1.000000,2.500000,2.000000,3.000000,1,1,0,1,0
minute_35_00,63485,585,2495,1,25,caption_plus_2,23,25,1,measured,156.171875,28.356686,1.064163,1.000000,0.250000,1.000000,2.500000,2.000000,3.000000,1,1,0,1,0
minute_35_00,63485,585,2495,1,26,caption_plus_3,23,25,1,measured,155.773438,30.662888,1.153365,1.000000,0.250000,1.000000,2.500000,2.000000,3.000000,1,1,0,1,0
minute_35_00,63485,585,2495,2,286,line_286,-1,287,1,measured,42.895313,44.345341,1.746479,1.000000,0.250000,1.000000,2.500000,2.000000,3.000000,1,1,0,1,0
minute_35_00,63485,585,2495,2,287,line_287,-1,287,1,measured,58.446877,58.725266,5.630673,1.000000,0.250000,1.000000,2.500000,2.000000,3.000000,1,1,1,1,0
minute_35_00,63485,585,2495,2,288,line_288,-1,287,1,measured,159.690628,33.040005,1.467919,1.000000,0.250000,1.000000,2.500000,2.000000,3.000000,1,1,0,1,0
minute_35_00,63486,586,2496,1,25,caption_plus_1,24,26,1,measured,19.181250,2.054330,0.898279,1.000000,0.250000,1.000000,2.500000,2.000000,3.000000,1,1,0,1,0
minute_35_00,63486,586,2496,1,26,caption_plus_2,24,26,1,measured,156.217194,28.610170,1.219092,1.000000,0.250000,1.000000,2.500000,2.000000,3.000000,1,1,0,1,0
minute_35_00,63486,586,2496,1,27,caption_plus_3,24,26,1,measured,155.207809,31.076000,1.190923,1.000000,0.250000,1.000000,2.500000,2.000000,3.000000,1,1,0,1,0
minute_35_00,63486,586,2496,2,286,line_286,-1,288,1,measured,43.098438,44.608944,1.629108,1.000000,0.250000,1.000000,2.500000,2.000000,3.000000,1,1,0,1,0
minute_35_00,63486,586,2496,2,287,line_287,-1,288,1,measured,22.674999,35.945667,2.377152,1.000000,0.250000,1.000000,2.500000,2.000000,3.000000,1,1,0,1,0
minute_35_00,63486,586,2496,2,288,line_288,-1,288,1,measured,157.709381,32.207287,1.339593,1.000000,0.250000,1.000000,2.500000,2.000000,3.000000,1,1,0,1,0
minute_35_00,63487,587,2497,1,25,caption_plus_1,24,26,1,measured,20.964062,2.400577,0.852895,1.000000,0.250000,1.000000,2.500000,2.000000,3.000000,1,1,0,1,0
minute_35_00,63487,587,2497,1,26,caption_plus_2,24,26,1,measured,157.912506,28.986666,1.159624,1.000000,0.250000,1.000000,2.500000,2.000000,3.000000,1,1,0,1,0
minute_35_00,63487,587,2497,1,27,caption_plus_3,24,26,1,measured,157.292191,31.058874,1.145540,1.000000,0.250000,1.000000,2.500000,2.000000,3.000000,1,1,0,1,0
minute_35_00,63487,587,2497,2,286,line_286,-1,288,1,measured,42.767189,44.338123,1.640063,1.000000,0.250000,1.000000,2.500000,2.000000,3.000000,1,1,0,1,0
minute_35_00,63487,587,2497,2,287,line_287,-1,288,1,measured,27.049999,40.827808,2.929577,1.000000,0.250000,1.000000,2.500000,2.000000,3.000000,1,1,0,1,0
minute_35_00,63487,587,2497,2,288,line_288,-1,288,1,measured,158.754684,32.037586,1.435055,1.000000,0.250000,1.000000,2.500000,2.000000,3.000000,1,1,0,1,0
minute_35_00,63488,588,2498,1,25,caption_plus_1,24,26,1,measured,20.634375,2.388267,0.879499,1.000000,0.250000,1.000000,2.500000,2.000000,3.000000,1,1,0,1,0
minute_35_00,63488,588,2498,1,26,caption_plus_2,24,26,1,measured,157.643753,28.756378,1.194053,1.000000,0.250000,1.000000,2.500000,2.000000,3.000000,1,1,0,1,0
minute_35_00,63488,588,2498,1,27,caption_plus_3,24,26,1,measured,157.323441,30.338663,1.167449,1.000000,0.250000,1.000000,2.500000,2.000000,3.000000,1,1,0,1,0
minute_35_00,63488,588,2498,2,286,line_286,-1,288,1,measured,42.673439,44.560120,1.712050,1.000000,0.250000,1.000000,2.500000,2.000000,3.000000,1,1,0,1,0
minute_35_00,63488,588,2498,2,287,line_287,-1,288,1,measured,26.764063,41.588036,2.646322,1.000000,0.250000,1.000000,2.500000,2.000000,3.000000,1,1,0,1,0
minute_35_00,63488,588,2498,2,288,line_288,-1,288,1,measured,158.675003,31.795155,1.272300,1.000000,0.250000,1.000000,2.500000,2.000000,3.000000,1,1,0,1,0
minute_35_00,63489,589,2499,1,25,caption_plus_1,24,26,1,measured,19.673437,2.537453,0.928012,1.000000,0.250000,1.000000,2.500000,2.000000,3.000000,1,1,0,1,0
minute_35_00,63489,589,2499,1,26,caption_plus_2,24,26,1,measured,158.292191,28.407425,1.081377,1.000000,0.250000,1.000000,2.500000,2.000000,3.000000,1,1,0,1,0
minute_35_00,63489,589,2499,1,27,caption_plus_3,24,26,1,measured,158.103119,30.533670,1.156494,1.000000,0.250000,1.000000,2.500000,2.000000,3.000000,1,1,0,1,0
minute_35_00,63489,589,2499,2,286,line_286,-1,288,1,measured,42.848438,44.815460,1.674491,1.000000,0.250000,1.000000,2.500000,2.000000,3.000000,1,1,0,1,0
minute_35_00,63489,589,2499,2,287,line_287,-1,288,1,measured,27.192188,41.744675,2.284820,1.000000,0.250000,1.000000,2.500000,2.000000,3.000000,1,1,0,1,0
minute_35_00,63489,589,2499,2,288,line_288,-1,288,1,measured,157.779694,31.803497,1.287950,1.000000,0.250000,1.000000,2.500000,2.000000,3.000000,1,1,0,1,0
minute_35_00,63490,590,2500,1,25,caption_plus_1,24,26,1,measured,20.825001,2.531180,0.943662,1.000000,0.250000,1.000000,2.500000,2.000000,3.000000,1,1,0,1,0
minute_35_00,63490,590,2500,1,26,caption_plus_2,24,26,1,measured,158.329681,27.913132,1.100157,1.000000,0.250000,1.000000,2.500000,2.000000,3.000000,1,1,0,1,0
minute_35_00,63490,590,2500,1,27,caption_plus_3,24,26,1,measured,157.837494,30.228018,1.134585,1.000000,0.250000,1.000000,2.500000,2.000000,3.000000,1,1,0,1,0
minute_35_00,63490,590,2500,2,286,line_286,-1,288,1,measured,42.421875,44.139591,1.723005,1.000000,0.250000,1.000000,2.500000,2.000000,3.000000,1,1,0,1,0
minute_35_00,63490,590,2500,2,287,line_287,-1,288,1,measured,23.281250,36.286045,2.391236,1.000000,0.250000,1.000000,2.500000,2.000000,3.000000,1,1,0,1,0
minute_35_00,63490,590,2500,2,288,line_288,-1,288,1,measured,158.901566,31.896873,1.375587,1.000000,0.250000,1.000000,2.500000,2.000000,3.000000,1,1,0,1,0
minute_35_00,63491,591,2501,1,25,caption_plus_1,24,26,1,measured,20.799999,2.067758,0.876369,1.000000,0.250000,1.000000,2.500000,2.000000,3.000000,1,1,0,1,0
minute_35_00,63491,591,2501,1,26,caption_plus_2,24,26,1,measured,158.071869,28.054766,1.236307,1.000000,0.250000,1.000000,2.500000,2.000000,3.000000,1,1,0,1,0
minute_35_00,63491,591,2501,1,27,caption_plus_3,24,26,1,measured,157.310944,30.847435,1.209703,1.000000,0.250000,1.000000,2.500000,2.000000,3.000000,1,1,0,1,0
minute_35_00,63491,591,2501,2,286,line_286,-1,288,1,measured,40.996876,44.531872,1.661972,1.000000,0.250000,1.000000,2.500000,2.000000,3.000000,1,1,0,1,0
minute_35_00,63491,591,2501,2,287,line_287,-1,288,1,measured,26.037500,42.032486,2.979656,1.000000,0.250000,1.000000,2.500000,2.000000,3.000000,1,1,0,1,0
minute_35_00,63491,591,2501,2,288,line_288,-1,288,1,measured,159.571869,31.148853,1.436620,1.000000,0.250000,1.000000,2.500000,2.000000,3.000000,1,1,0,1,0
minute_35_00,63492,592,2502,1,25,caption_plus_1,24,26,1,measured,21.073437,2.168506,0.851330,1.000000,0.250000,1.000000,2.500000,2.000000,3.000000,1,1,0,1,0
minute_35_00,63492,592,2502,1,26,caption_plus_2,24,26,1,measured,158.534378,27.829256,1.093897,1.000000,0.250000,1.000000,2.500000,2.000000,3.000000,1,1,0,1,0
minute_35_00,63492,592,2502,1,27,caption_plus_3,24,26,1,measured,157.709381,30.168846,1.147105,1.000000,0.250000,1.000000,2.500000,2.000000,3.000000,1,1,0,1,0
minute_35_00,63492,592,2502,2,286,line_286,-1,288,1,measured,42.207813,43.632797,1.665102,1.000000,0.250000,1.000000,2.500000,2.000000,3.000000,1,1,0,1,0
minute_35_00,63492,592,2502,2,287,line_287,-1,288,1,measured,27.128124,41.141743,3.056338,1.000000,0.250000,1.000000,2.500000,2.000000,3.000000,1,1,1,1,0
minute_35_00,63492,592,2502,2,288,line_288,-1,288,1,measured,158.198441,31.541040,1.461659,1.000000,0.250000,1.000000,2.500000,2.000000,3.000000,1,1,0,1,0
minute_35_00,63493,593,2503,1,25,caption_plus_1,24,26,1,measured,20.018749,1.919381,0.823161,1.000000,0.250000,1.000000,2.500000,2.000000,3.000000,1,0,0,1,0
minute_35_00,63493,593,2503,1,26,caption_plus_2,24,26,1,measured,157.207809,28.349144,1.115806,1.000000,0.250000,1.000000,2.500000,2.000000,3.000000,1,1,0,1,0
minute_35_00,63493,593,2503,1,27,caption_plus_3,24,26,1,measured,156.643753,30.509752,1.287950,1.000000,0.250000,1.000000,2.500000,2.000000,3.000000,1,1,0,1,0
minute_35_00,63493,593,2503,2,286,line_286,-1,288,1,measured,42.775002,44.041805,1.685446,1.000000,0.250000,1.000000,2.500000,2.000000,3.000000,1,1,0,1,0
minute_35_00,63493,593,2503,2,287,line_287,-1,288,1,measured,27.087500,42.581779,2.790297,1.000000,0.250000,1.000000,2.500000,2.000000,3.000000,1,1,0,1,0
minute_35_00,63493,593,2503,2,288,line_288,-1,288,1,measured,159.296875,32.033710,1.430360,1.000000,0.250000,1.000000,2.500000,2.000000,3.000000,1,1,0,1,0
minute_35_00,63494,594,2504,1,25,caption_plus_1,24,26,1,measured,20.046875,1.833965,0.857590,1.000000,0.250000,1.000000,2.500000,2.000000,3.000000,1,0,0,1,0
minute_35_00,63494,594,2504,1,26,caption_plus_2,24,26,1,measured,158.043747,28.442947,1.214398,1.000000,0.250000,1.000000,2.500000,2.000000,3.000000,1,1,0,1,0
minute_35_00,63494,594,2504,1,27,caption_plus_3,24,26,1,measured,157.454681,30.628078,1.278560,1.000000,0.250000,1.000000,2.500000,2.000000,3.000000,1,1,0,1,0
minute_35_00,63494,594,2504,2,286,line_286,-1,288,1,measured,43.382812,44.530106,1.683881,1.000000,0.250000,1.000000,2.500000,2.000000,3.000000,1,1,0,1,0
minute_35_00,63494,594,2504,2,287,line_287,-1,288,1,measured,27.743750,42.361206,2.647887,1.000000,0.250000,1.000000,2.500000,2.000000,3.000000,1,1,0,1,0
minute_35_00,63494,594,2504,2,288,line_288,-1,288,1,measured,161.034378,31.840551,1.413146,1.000000,0.250000,1.000000,2.500000,2.000000,3.000000,1,1,0,1,0
minute_35_00,63495,595,2505,1,25,caption_plus_1,24,26,1,measured,20.435938,2.091416,0.859155,1.000000,0.250000,1.000000,2.500000,2.000000,3.000000,1,1,0,1,0
minute_35_00,63495,595,2505,1,26,caption_plus_2,24,26,1,measured,158.807816,28.249264,1.352113,1.000000,0.250000,1.000000,2.500000,2.000000,3.000000,1,1,0,1,0
minute_35_00,63495,595,2505,1,27,caption_plus_3,24,26,1,measured,157.793747,30.632519,1.269171,1.000000,0.250000,1.000000,2.500000,2.000000,3.000000,1,1,0,1,0
minute_35_00,63495,595,2505,2,286,line_286,-1,288,1,measured,41.689064,44.409725,1.696401,1.000000,0.250000,1.000000,2.500000,2.000000,3.000000,1,1,0,1,0
minute_35_00,63495,595,2505,2,287,line_287,-1,288,1,measured,27.317188,42.571976,2.929577,1.000000,0.250000,1.000000,2.500000,2.000000,3.000000,1,1,0,1,0
minute_35_00,63495,595,2505,2,288,line_288,-1,288,1,measured,158.889069,31.499830,1.339593,1.000000,0.250000,1.000000,2.500000,2.000000,3.000000,1,1,0,1,0
minute_35_00,63496,596,2506,1,25,caption_plus_1,24,26,1,measured,22.368750,2.201908,0.812207,1.000000,0.250000,1.000000,2.500000,2.000000,3.000000,1,1,0,1,0
minute_35_00,63496,596,2506,1,26,caption_plus_2,24,26,1,measured,159.282806,27.377048,1.297340,1.000000,0.250000,1.000000,2.500000,2.000000,3.000000,1,1,0,1,0
minute_35_00,63496,596,2506,1,27,caption_plus_3,24,26,1,measured,159.339066,30.197407,1.308294,1.000000,0.250000,1.000000,2.500000,2.000000,3.000000,1,1,0,1,0
minute_35_00,63496,596,2506,2,286,line_286,-1,288,1,measured,42.273438,44.104618,1.627543,1.000000,0.250000,1.000000,2.500000,2.000000,3.000000,1,1,0,1,0
minute_35_00,63496,596,2506,2,287,line_287,-1,288,1,measured,27.921875,43.168930,2.417840,1.000000,0.250000,1.000000,2.500000,2.000000,3.000000,1,1,0,1,0
minute_35_00,63496,596,2506,2,288,line_288,-1,288,1,measured,160.228119,31.643688,1.510172,1.000000,0.250000,1.000000,2.500000,2.000000,3.000000,1,1,0,1,0
minute_35_00,63497,597,2507,1,25,caption_plus_1,24,26,1,measured,21.034374,2.233706,0.920188,1.000000,0.250000,1.000000,2.500000,2.000000,3.000000,1,1,0,1,0
minute_35_00,63497,597,2507,1,26,caption_plus_2,24,26,1,measured,159.185944,27.367603,1.258216,1.000000,0.250000,1.000000,2.500000,2.000000,3.000000,1,1,0,1,0
minute_35_00,63497,597,2507,1,27,caption_plus_3,24,26,1,measured,159.107819,29.513439,1.392801,1.000000,0.250000,1.000000,2.500000,2.000000,3.000000,1,1,0,1,0
minute_35_00,63497,597,2507,2,286,line_286,-1,288,1,measured,42.081249,44.699928,1.712050,1.000000,0.250000,1.000000,2.500000,2.000000,3.000000,1,1,0,1,0
minute_35_00,63497,597,2507,2,287,line_287,-1,288,1,measured,31.725000,46.475258,2.572770,1.000000,0.250000,1.000000,2.500000,2.000000,3.000000,1,1,0,1,0
minute_35_00,63497,597,2507,2,288,line_288,-1,288,1,measured,160.823441,30.305914,1.491393,1.000000,0.250000,1.000000,2.500000,2.000000,3.000000,1,1,0,1,0
minute_35_00,63498,598,2508,1,24,caption_plus_1,23,25,1,measured,19.924999,2.225000,0.881064,1.000000,0.250000,1.000000,2.500000,2.000000,3.000000,1,1,0,1,0
minute_35_00,63498,598,2508,1,25,caption_plus_2,23,25,1,measured,158.523438,27.064669,1.259781,1.000000,0.250000,1.000000,2.500000,2.000000,3.000000,1,1,0,1,0
minute_35_00,63498,598,2508,1,26,caption_plus_3,23,25,1,measured,158.403122,29.857473,1.397496,1.000000,0.250000,1.000000,2.500000,2.000000,3.000000,1,1,0,1,0
minute_35_00,63498,598,2508,2,286,line_286,-1,288,1,measured,43.284374,44.853443,1.710485,1.000000,0.250000,1.000000,2.500000,2.000000,3.000000,1,1,0,1,0
minute_35_00,63498,598,2508,2,287,line_287,-1,288,1,measured,23.424999,36.433167,2.433490,1.000000,0.250000,1.000000,2.500000,2.000000,3.000000,1,1,0,1,0
minute_35_00,63498,598,2508,2,288,line_288,-1,288,1,measured,161.937500,30.819422,1.483568,1.000000,0.250000,1.000000,2.500000,2.000000,3.000000,1,1,0,1,0
minute_35_00,63499,599,2509,1,25,caption_plus_1,24,26,1,measured,20.307812,2.379063,0.824726,1.000000,0.250000,1.000000,2.500000,2.000000,3.000000,1,1,0,1,0
minute_35_00,63499,599,2509,1,26,caption_plus_2,24,26,1,measured,160.414062,27.727730,1.181534,1.000000,0.250000,1.000000,2.500000,2.000000,3.000000,1,1,0,1,0
minute_35_00,63499,599,2509,1,27,caption_plus_3,24,26,1,measured,160.324997,29.247446,1.303599,1.000000,0.250000,1.000000,2.500000,2.000000,3.000000,1,1,0,1,0
minute_35_00,63499,599,2509,2,286,line_286,-1,288,1,measured,41.531250,44.490189,1.691706,1.000000,0.250000,1.000000,2.500000,2.000000,3.000000,1,1,0,1,0
minute_35_00,63499,599,2509,2,287,line_287,-1,288,1,measured,26.264063,41.461548,2.964006,1.000000,0.250000,1.000000,2.500000,2.000000,3.000000,1,1,0,1,0
minute_35_00,63499,599,2509,2,288,line_288,-1,288,1,measured,158.034378,30.630440,1.450704,1.000000,0.250000,1.000000,2.500000,2.000000,3.000000,1,1,0,1,0
minute_35_00,63500,600,2510,1,25,caption_plus_1,24,26,1,measured,19.935938,2.321225,0.810642,1.000000,0.250000,1.000000,2.500000,2.000000,3.000000,1,1,0,1,0
minute_35_00,63500,600,2510,1,26,caption_plus_2,24,26,1,measured,159.618744,27.921289,1.323944,1.000000,0.250000,1.000000,2.500000,2.000000,3.000000,1,1,0,1,0
minute_35_00,63500,600,2510,1,27,caption_plus_3,24,26,1,measured,159.878128,29.981466,1.289515,1.000000,0.250000,1.000000,2.500000,2.000000,3.000000,1,1,0,1,0
minute_35_00,63500,600,2510,2,286,line_286,-1,288,1,measured,42.698437,43.824627,1.630673,1.000000,0.250000,1.000000,2.500000,2.000000,3.000000,1,1,0,1,0
minute_35_00,63500,600,2510,2,287,line_287,-1,288,1,measured,27.728125,41.369877,3.056338,1.000000,0.250000,1.000000,2.500000,2.000000,3.000000,1,1,1,1,0
minute_35_00,63500,600,2510,2,288,line_288,-1,288,1,measured,160.698441,30.417173,1.482003,1.000000,0.250000,1.000000,2.500000,2.000000,3.000000,1,1,0,1,0
minute_35_00,63501,601,2511,1,25,caption_plus_1,24,26,1,measured,19.359375,2.320878,0.813772,1.000000,0.250000,1.000000,2.500000,2.000000,3.000000,1,1,0,1,0
minute_35_00,63501,601,2511,1,26,caption_plus_2,24,26,1,measured,156.743744,30.121733,1.380282,1.000000,0.250000,1.000000,2.500000,2.000000,3.000000,1,1,0,1,0
minute_35_00,63501,601,2511,1,27,caption_plus_3,24,26,1,measured,157.264069,29.869987,1.262911,1.000000,0.250000,1.000000,2.500000,2.000000,3.000000,1,1,0,1,0
minute_35_00,63501,601,2511,2,286,line_286,-1,288,1,measured,42.062500,44.703598,1.677621,1.000000,0.250000,1.000000,2.500000,2.000000,3.000000,1,1,0,1,0
minute_35_00,63501,601,2511,2,287,line_287,-1,288,1,measured,27.103125,41.587955,2.784038,1.000000,0.250000,1.000000,2.500000,2.000000,3.000000,1,1,0,1,0
minute_35_00,63501,601,2511,2,288,line_288,-1,288,1,measured,159.081253,32.050442,1.557120,1.000000,0.250000,1.000000,2.500000,2.000000,3.000000,1,1,0,1,0
minute_35_00,63502,602,2512,1,24,caption_plus_1,23,25,1,measured,20.546875,2.326006,0.871674,1.000000,0.250000,1.000000,2.500000,2.000000,3.000000,1,1,0,1,0
minute_35_00,63502,602,2512,1,25,caption_plus_2,23,25,1,measured,157.840622,29.090693,1.245696,1.000000,0.250000,1.000000,2.500000,2.000000,3.000000,1,1,0,1,0
minute_35_00,63502,602,2512,1,26,caption_plus_3,23,25,1,measured,158.404694,30.814470,1.513302,1.000000,0.250000,1.000000,2.500000,2.000000,3.000000,1,1,0,1,0
minute_35_00,63502,602,2512,2,286,line_286,-1,287,1,measured,43.439064,44.313156,1.629108,1.000000,0.250000,1.000000,2.500000,2.000000,3.000000,1,1,0,1,0
minute_35_00,63502,602,2512,2,287,line_287,-1,287,1,measured,63.898438,59.565201,6.954617,1.000000,0.250000,1.000000,2.500000,2.000000,3.000000,1,1,1,1,0
minute_35_00,63502,602,2512,2,288,line_288,-1,287,1,measured,161.031250,36.636589,1.627543,1.000000,0.250000,1.000000,2.500000,2.000000,3.000000,1,1,0,1,0
minute_35_00,63503,603,2513,1,24,caption_plus_1,23,25,1,measured,19.007812,2.198352,0.849765,1.000000,0.250000,1.000000,2.500000,2.000000,3.000000,1,1,0,1,0
minute_35_00,63503,603,2513,1,25,caption_plus_2,23,25,1,measured,161.756256,19.978033,1.081377,1.000000,0.250000,1.000000,2.500000,2.000000,3.000000,1,1,0,1,0
minute_35_00,63503,603,2513,1,26,caption_plus_3,23,25,1,measured,156.037506,34.909592,1.478873,1.000000,0.250000,1.000000,2.500000,2.000000,3.000000,1,1,0,1,0
minute_35_00,63503,603,2513,2,286,line_286,-1,287,1,measured,41.974998,44.509861,1.740219,1.000000,0.250000,1.000000,2.500000,2.000000,3.000000,1,1,0,1,0
minute_35_00,63503,603,2513,2,287,line_287,-1,287,1,measured,67.676559,59.306618,7.203443,1.000000,0.250000,1.000000,2.500000,2.000000,3.000000,1,1,1,1,0
minute_35_00,63503,603,2513,2,288,line_288,-1,287,1,measured,165.428131,27.545437,1.532081,1.000000,0.250000,1.000000,2.500000,2.000000,3.000000,1,1,0,1,0
minute_35_00,63504,604,2514,1,25,caption_plus_1,24,26,1,measured,18.931250,2.262111,0.895149,1.000000,0.250000,1.000000,2.500000,2.000000,3.000000,1,1,0,1,0
minute_35_00,63504,604,2514,1,26,caption_plus_2,24,26,1,measured,165.942184,16.062517,1.148670,1.000000,0.250000,1.000000,2.500000,2.000000,3.000000,1,1,0,1,0
minute_35_00,63504,604,2514,1,27,caption_plus_3,24,26,1,measured,157.553131,33.242439,1.165884,1.000000,0.250000,1.000000,2.500000,2.000000,3.000000,1,1,0,1,0
minute_35_00,63504,604,2514,2,286,line_286,-1,287,1,measured,40.809376,44.189945,1.691706,1.000000,0.250000,1.000000,2.500000,2.000000,3.000000,1,1,0,1,0
minute_35_00,63504,604,2514,2,287,line_287,-1,287,1,measured,67.854691,59.496346,7.356808,1.000000,0.250000,1.000000,2.500000,2.000000,3.000000,1,1,1,1,0
minute_35_00,63504,604,2514,2,288,line_288,-1,287,1,measured,168.693756,18.937725,1.383412,1.000000,0.250000,1.000000,2.500000,2.000000,3.000000,1,1,0,1,0
minute_35_00,63505,605,2515,1,25,caption_plus_1,24,26,1,measured,19.018749,2.404350,0.921753,1.000000,0.250000,1.000000,2.500000,2.000000,3.000000,1,1,0,1,0
minute_35_00,63505,605,2515,1,26,caption_plus_2,24,26,1,measured,165.589066,16.407835,1.133020,1.000000,0.250000,1.000000,2.500000,2.000000,3.000000,1,1,0,1,0
minute_35_00,63505,605,2515,1,27,caption_plus_3,24,26,1,measured,164.034378,20.717113,1.222222,1.000000,0.250000,1.000000,2.500000,2.000000,3.000000,1,1,0,1,0
minute_35_00,63505,605,2515,2,286,line_286,-1,287,1,measured,41.687500,44.343220,1.669797,1.000000,0.250000,1.000000,2.500000,2.000000,3.000000,1,1,0,1,0
minute_35_00,63505,605,2515,2,287,line_287,-1,287,1,measured,73.278122,59.952358,6.804382,1.000000,0.250000,1.000000,2.500000,2.000000,3.000000,1,1,1,1,0
minute_35_00,63505,605,2515,2,288,line_288,-1,287,1,measured,170.592194,19.337162,1.607199,1.000000,0.250000,1.000000,2.500000,2.000000,3.000000,1,1,0,1,0
minute_35_00,63506,606,2516,1,24,caption_plus_1,23,25,1,measured,19.109375,2.088040,0.888889,1.000000,0.250000,1.000000,2.500000,2.000000,3.000000,1,1,0,1,0
minute_35_00,63506,606,2516,1,25,caption_plus_2,23,25,1,measured,164.982819,16.281548,1.151800,1.000000,0.250000,1.000000,2.500000,2.000000,3.000000,1,1,0,1,0
minute_35_00,63506,606,2516,1,26,caption_plus_3,23,25,1,measured,166.350006,18.126362,1.175274,1.000000,0.250000,1.000000,2.500000,2.000000,3.000000,1,1,0,1,0
minute_35_00,63506,606,2516,2,286,line_286,-1,287,1,measured,41.745312,43.985146,1.708920,1.000000,0.250000,1.000000,2.500000,2.000000,3.000000,1,1,0,1,0
minute_35_00,63506,606,2516,2,287,line_287,-1,287,1,measured,62.598438,59.652195,6.366197,1.000000,0.250000,1.000000,2.500000,2.000000,3.000000,1,1,1,1,0
minute_35_00,63506,606,2516,2,288,line_288,-1,287,1,measured,169.214066,18.717291,1.460094,1.000000,0.250000,1.000000,2.500000,2.000000,3.000000,1,1,0,1,0
minute_35_00,63507,607,2517,1,24,caption_plus_1,23,25,1,measured,20.173437,1.950861,0.859155,1.000000,0.250000,1.000000,2.500000,2.000000,3.000000,1,0,0,1,0
minute_35_00,63507,607,2517,1,25,caption_plus_2,23,25,1,measured,165.475006,16.336672,1.192488,1.000000,0.250000,1.000000,2.500000,2.000000,3.000000,1,1,0,1,0
minute_35_00,63507,607,2517,1,26,caption_plus_3,23,25,1,measured,165.834381,18.119242,1.208138,1.000000,0.250000,1.000000,2.500000,2.000000,3.000000,1,1,0,1,0
minute_35_00,63507,607,2517,2,286,line_286,-1,287,1,measured,41.892189,44.453621,1.640063,1.000000,0.250000,1.000000,2.500000,2.000000,3.000000,1,1,0,1,0
minute_35_00,63507,607,2517,2,287,line_287,-1,287,1,measured,62.512501,59.891647,6.270736,1.000000,0.250000,1.000000,2.500000,2.000000,3.000000,1,1,1,1,0
minute_35_00,63507,607,2517,2,288,line_288,-1,287,1,measured,170.406250,18.715233,1.538341,1.000000,0.250000,1.000000,2.500000,2.000000,3.000000,1,1,0,1,0
minute_35_00,63508,608,2518,1,25,caption_plus_1,24,26,1,measured,18.121876,2.141296,0.848200,1.000000,0.250000,1.000000,2.500000,2.000000,3.000000,1,1,0,1,0
minute_35_00,63508,608,2518,1,26,caption_plus_2,24,26,1,measured,163.168747,17.041759,1.081377,1.000000,0.250000,1.000000,2.500000,2.000000,3.000000,1,1,0,1,0
minute_35_00,63508,608,2518,1,27,caption_plus_3,24,26,1,measured,164.128128,17.913311,1.206573,1.000000,0.250000,1.000000,2.500000,2.000000,3.000000,1,1,0,1,0
minute_35_00,63508,608,2518,2,286,line_286,-1,288,1,measured,42.903126,44.067455,1.726135,1.000000,0.250000,1.000000,2.500000,2.000000,3.000000,1,1,0,1,0
minute_35_00,63508,608,2518,2,287,line_287,-1,288,1,measured,26.957813,41.151775,2.693271,1.000000,0.250000,1.000000,2.500000,2.000000,3.000000,1,1,0,1,0
minute_35_00,63508,608,2518,2,288,line_288,-1,288,1,measured,168.207809,18.190973,1.471048,1.000000,0.250000,1.000000,2.500000,2.000000,3.000000,1,1,0,1,0
minute_35_00,63509,609,2519,1,25,caption_plus_1,24,26,1,measured,19.845312,2.264428,0.837246,1.000000,0.250000,1.000000,2.500000,2.000000,3.000000,1,1,0,1,0
minute_35_00,63509,609,2519,1,26,caption_plus_2,24,26,1,measured,164.145309,17.093834,1.140845,1.000000,0.250000,1.000000,2.500000,2.000000,3.000000,1,1,0,1,0
minute_35_00,63509,609,2519,1,27,caption_plus_3,24,26,1,measured,165.717194,17.300552,1.161189,1.000000,0.250000,1.000000,2.500000,2.000000,3.000000,1,1,0,1,0
minute_35_00,63509,609,2519,2,286,line_286,-1,288,1,measured,42.073437,44.095448,1.655712,1.000000,0.250000,1.000000,2.500000,2.000000,3.000000,1,1,0,1,0
minute_35_00,63509,609,2519,2,287,line_287,-1,288,1,measured,32.051563,45.886841,2.995305,1.000000,0.250000,1.000000,2.500000,2.000000,3.000000,1,1,0,1,0
minute_35_00,63509,609,2519,2,288,line_288,-1,288,1,measured,168.750000,18.145592,1.435055,1.000000,0.250000,1.000000,2.500000,2.000000,3.000000,1,1,0,1,0
minute_35_00,63510,610,2520,1,25,caption_plus_1,24,26,1,measured,19.565624,2.106999,0.838811,1.000000,0.250000,1.000000,2.500000,2.000000,3.000000,1,1,0,1,0
minute_35_00,63510,610,2520,1,26,caption_plus_2,24,26,1,measured,163.553131,17.345488,1.178404,1.000000,0.250000,1.000000,2.500000,2.000000,3.000000,1,1,0,1,0
minute_35_00,63510,610,2520,1,27,caption_plus_3,24,26,1,measured,165.146881,18.016148,1.308294,1.000000,0.250000,1.000000,2.500000,2.000000,3.000000,1,1,0,1,0
minute_35_00,63510,610,2520,2,286,line_286,-1,288,1,measured,43.290627,44.243748,1.691706,1.000000,0.250000,1.000000,2.500000,2.000000,3.000000,1,1,0,1,0
minute_35_00,63510,610,2520,2,287,line_287,-1,288,1,measured,28.189062,41.373566,2.276995,1.000000,0.250000,1.000000,2.500000,2.000000,3.000000,1,1,0,1,0
minute_35_00,63510,610,2520,2,288,line_288,-1,288,1,measured,168.003128,18.129396,1.358372,1.000000,0.250000,1.000000,2.500000,2.000000,3.000000,1,1,0,1,0
minute_35_00,63511,611,2521,1,25,caption_plus_1,24,26,1,measured,20.065624,2.354930,0.893584,1.000000,0.250000,1.000000,2.500000,2.000000,3.000000,1,1,0,1,0
minute_35_00,63511,611,2521,1,26,caption_plus_2,24,26,1,measured,163.792191,17.696104,1.190923,1.000000,0.250000,1.000000,2.500000,2.000000,3.000000,1,1,0,1,0
minute_35_00,63511,611,2521,1,27,caption_plus_3,24,26,1,measured,164.368744,17.661442,1.242566,1.000000,0.250000,1.000000,2.500000,2.000000,3.000000,1,1,0,1,0
minute_35_00,63511,611,2521,2,286,line_286,-1,288,1,measured,41.298439,43.558472,1.652582,1.000000,0.250000,1.000000,2.500000,2.000000,3.000000,1,1,0,1,0
minute_35_00,63511,611,2521,2,287,line_287,-1,288,1,measured,30.950001,45.778793,2.863850,1.000000,0.250000,1.000000,2.500000,2.000000,3.000000,1,1,0,1,0
minute_35_00,63511,611,2521,2,288,line_288,-1,288,1,measured,166.226562,17.575291,1.400626,1.000000,0.250000,1.000000,2.500000,2.000000,3.000000,1,1,0,1,0
minute_35_00,63512,612,2522,1,25,caption_plus_1,24,26,1,measured,20.551563,2.281138,0.874804,1.000000,0.250000,1.000000,2.500000,2.000000,3.000000,1,1,0,1,0
minute_35_00,63512,612,2522,1,26,caption_plus_2,24,26,1,measured,164.518753,17.232679,1.231612,1.000000,0.250000,1.000000,2.500000,2.000000,3.000000,1,1,0,1,0
minute_35_00,63512,612,2522,1,27,caption_plus_3,24,26,1,measured,165.817184,17.976704,1.230047,1.000000,0.250000,1.000000,2.500000,2.000000,3.000000,1,1,0,1,0
minute_35_00,63512,612,2522,2,286,line_286,-1,288,1,measured,42.114063,44.062965,1.618153,1.000000,0.250000,1.000000,2.500000,2.000000,3.000000,1,1,0,1,0
minute_35_00,63512,612,2522,2,287,line_287,-1,288,1,measured,21.173437,35.442730,2.140845,1.000000,0.250000,1.000000,2.500000,2.000000,3.000000,1,1,0,1,0
minute_35_00,63512,612,2522,2,288,line_288,-1,288,1,measured,166.307816,17.825121,1.374022,1.000000,0.250000,1.000000,2.500000,2.000000,3.000000,1,1,0,1,0
minute_35_00,63513,613,2523,1,25,caption_plus_1,24,26,1,measured,20.049999,2.211617,0.793427,1.000000,0.250000,1.000000,2.500000,2.000000,3.000000,1,1,0,1,0
minute_35_00,63513,613,2523,1,26,caption_plus_2,24,26,1,measured,163.309372,17.683270,1.195618,1.000000,0.250000,1.000000,2.500000,2.000000,3.000000,1,1,0,1,0
minute_35_00,63513,613,2523,1,27,caption_plus_3,24,26,1,measured,165.246872,17.692381,1.228482,1.000000,0.250000,1.000000,2.500000,2.000000,3.000000,1,1,0,1,0
minute_35_00,63513,613,2523,2,286,line_286,-1,288,1,measured,53.712502,51.686665,1.956182,1.000000,0.250000,1.000000,2.500000,2.000000,3.000000,1,1,0,1,0
minute_35_00,63513,613,2523,2,287,line_287,-1,288,1,measured,20.218750,35.108967,2.253521,1.000000,0.250000,1.000000,2.500000,2.000000,3.000000,1,1,0,1,0
minute_35_00,63513,613,2523,2,288,line_288,-1,288,1,measured,165.545319,18.410030,1.319249,1.000000,0.250000,1.000000,2.500000,2.000000,3.000000,1,1,0,1,0
minute_35_00,63514,614,2524,1,25,caption_plus_1,24,26,1,measured,19.785938,2.192912,0.938967,1.000000,0.250000,1.000000,2.500000,2.000000,3.000000,1,1,0,1,0
minute_35_00,63514,614,2524,1,26,caption_plus_2,24,26,1,measured,164.815628,18.225937,1.266041,1.000000,0.250000,1.000000,2.500000,2.000000,3.000000,1,1,0,1,0
minute_35_00,63514,614,2524,1,27,caption_plus_3,24,26,1,measured,166.181244,17.997265,1.181534,1.000000,0.250000,1.000000,2.500000,2.000000,3.000000,1,1,0,1,0
minute_35_00,63514,614,2524,2,286,line_286,-1,287,1,measured,41.731251,44.057346,1.729264,1.000000,0.250000,1.000000,2.500000,2.000000,3.000000,1,1,0,1,0
minute_35_00,63514,614,2524,2,287,line_287,-1,287,1,measured,51.803123,57.459705,5.564945,1.000000,0.250000,1.000000,2.500000,2.000000,3.000000,1,1,1,1,0
minute_35_00,63514,614,2524,2,288,line_288,-1,287,1,measured,167.160934,20.205832,1.561815,1.000000,0.250000,1.000000,2.500000,2.000000,3.000000,1,1,0,1,0
minute_35_00,63515,615,2525,1,24,caption_plus_1,23,25,1,measured,19.465626,2.280777,0.909233,1.000000,0.250000,1.000000,2.500000,2.000000,3.000000,1,1,0,1,0
minute_35_00,63515,615,2525,1,25,caption_plus_2,23,25,1,measured,164.410934,17.895832,1.159624,1.000000,0.250000,1.000000,2.500000,2.000000,3.000000,1,1,0,1,0
minute_35_00,63515,615,2525,1,26,caption_plus_3,23,25,1,measured,164.829681,18.778414,1.269171,1.000000,0.250000,1.000000,2.500000,2.000000,3.000000,1,1,0,1,0
minute_35_00,63515,615,2525,2,286,line_286,-1,287,1,measured,42.003124,44.214359,1.669797,1.000000,0.250000,1.000000,2.500000,2.000000,3.000000,1,1,0,1,0
minute_35_00,63515,615,2525,2,287,line_287,-1,287,1,measured,53.065624,58.573338,5.812207,1.000000,0.250000,1.000000,2.500000,2.000000,3.000000,1,1,1,1,0
minute_35_00,63515,615,2525,2,288,line_288,-1,287,1,measured,168.146881,20.596350,1.602504,1.000000,0.250000,1.000000,2.500000,2.000000,3.000000,1,1,0,1,0
minute_35_00,63516,616,2526,1,24,caption_plus_1,23,25,1,measured,20.198437,2.059960,0.805947,1.000000,0.250000,1.000000,2.500000,2.000000,3.000000,1,1,0,1,0
minute_35_00,63516,616,2526,1,25,caption_plus_2,23,25,1,measured,165.003128,17.613470,1.190923,1.000000,0.250000,1.000000,2.500000,2.000000,3.000000,1,1,0,1,0
minute_35_00,63516,616,2526,1,26,caption_plus_3,23,25,1,measured,165.132812,18.555647,1.208138,1.000000,0.250000,1.000000,2.500000,2.000000,3.000000,1,1,0,1,0
minute_35_00,63516,616,2526,2,286,line_286,-1,288,1,measured,42.735939,43.268787,1.594679,1.000000,0.250000,1.000000,2.500000,2.000000,3.000000,1,1,0,1,0
minute_35_00,63516,616,2526,2,287,line_287,-1,288,1,measured,23.174999,35.792812,2.388106,1.000000,0.250000,1.000000,2.500000,2.000000,3.000000,1,1,0,1,0
minute_35_00,63516,616,2526,2,288,line_288,-1,288,1,measured,167.512497,18.151527,1.266041,1.000000,0.250000,1.000000,2.500000,2.000000,3.000000,1,1,0,1,0
minute_35_00,63517,617,2527,1,25,caption_plus_1,24,26,1,measured,20.115625,2.172068,0.885759,1.000000,0.250000,1.000000,2.500000,2.000000,3.000000,1,1,0,1,0
minute_35_00,63517,617,2527,1,26,caption_plus_2,24,26,1,measured,164.078125,17.535324,1.136150,1.000000,0.250000,1.000000,2.500000,2.000000,3.000000,1,1,0,1,0
minute_35_00,63517,617,2527,1,27,caption_plus_3,24,26,1,measured,165.209381,18.883026,1.302034,1.000000,0.250000,1.000000,2.500000,2.000000,3.000000,1,1,0,1,0
minute_35_00,63517,617,2527,2,286,line_286,-1,288,1,measured,42.342186,44.065651,1.741784,1.000000,0.250000,1.000000,2.500000,2.000000,3.000000,1,1,0,1,0
minute_35_00,63517,617,2527,2,287,line_287,-1,288,1,measured,26.143749,40.664917,2.845070,1.000000,0.250000,1.000000,2.500000,2.000000,3.000000,1,1,0,1,0
minute_35_00,63517,617,2527,2,288,line_288,-1,288,1,measured,166.967194,18.707548,1.333333,1.000000,0.250000,1.000000,2.500000,2.000000,3.000000,1,1,0,1,0
minute_35_00,63518,618,2528,1,25,caption_plus_1,24,26,1,measured,20.179688,2.262582,0.837246,1.000000,0.250000,1.000000,2.500000,2.000000,3.000000,1,1,0,1,0
minute_35_00,63518,618,2528,1,26,caption_plus_2,24,26,1,measured,163.517181,17.209002,1.098592,1.000000,0.250000,1.000000,2.500000,2.000000,3.000000,1,1,0,1,0
minute_35_00,63518,618,2528,1,27,caption_plus_3,24,26,1,measured,164.448441,18.700613,1.198748,1.000000,0.250000,1.000000,2.500000,2.000000,3.000000,1,1,0,1,0
minute_35_00,63518,618,2528,2,286,line_286,-1,288,1,measured,41.704689,43.891148,1.633803,1.000000,0.250000,1.000000,2.500000,2.000000,3.000000,1,1,0,1,0
minute_35_00,63518,618,2528,2,287,line_287,-1,288,1,measured,26.515625,42.029224,2.613459,1.000000,0.250000,1.000000,2.500000,2.000000,3.000000,1,1,0,1,0
minute_35_00,63518,618,2528,2,288,line_288,-1,288,1,measured,166.207809,18.601385,1.367762,1.000000,0.250000,1.000000,2.500000,2.000000,3.000000,1,1,0,1,0
minute_35_00,63519,619,2529,1,25,caption_plus_1,24,26,1,measured,19.215626,2.599953,0.887324,1.000000,0.250000,1.000000,2.500000,2.000000,3.000000,1,1,0,1,0
minute_35_00,63519,619,2529,1,26,caption_plus_2,24,26,1,measured,163.028122,17.382799,1.120501,1.000000,0.250000,1.000000,2.500000,2.000000,3.000000,1,1,0,1,0
minute_35_00,63519,619,2529,1,27,caption_plus_3,24,26,1,measured,164.501556,18.641520,1.212833,1.000000,0.250000,1.000000,2.500000,2.000000,3.000000,1,1,0,1,0
minute_35_00,63519,619,2529,2,286,line_286,-1,288,1,measured,42.253124,43.816147,1.661972,1.000000,0.250000,1.000000,2.500000,2.000000,3.000000,1,1,0,1,0
minute_35_00,63519,619,2529,2,287,line_287,-1,288,1,measured,26.870312,42.119957,2.389671,1.000000,0.250000,1.000000,2.500000,2.000000,3.000000,1,1,0,1,0
minute_35_00,63519,619,2529,2,288,line_288,-1,288,1,measured,167.206253,18.834509,1.411581,1.000000,0.250000,1.000000,2.500000,2.000000,3.000000,1,1,0,1,0
minute_35_00,63520,620,2530,1,25,caption_plus_1,24,26,1,measured,20.592188,2.527524,0.863850,1.000000,0.250000,1.000000,2.500000,2.000000,3.000000,1,1,0,1,0
minute_35_00,63520,620,2530,1,26,caption_plus_2,24,26,1,measured,164.045319,17.705917,1.151800,1.000000,0.250000,1.000000,2.500000,2.000000,3.000000,1,1,0,1,0
minute_35_00,63520,620,2530,1,27,caption_plus_3,24,26,1,measured,164.689056,18.732956,1.284820,1.000000,0.250000,1.000000,2.500000,2.000000,3.000000,1,1,0,1,0
minute_35_00,63520,620,2530,2,286,line_286,-1,288,1,measured,41.034374,43.721443,1.611894,1.000000,0.250000,1.000000,2.500000,2.000000,3.000000,1,1,0,1,0
minute_35_00,63520,620,2530,2,287,line_287,-1,288,1,measured,21.306250,36.008896,2.336463,1.000000,0.250000,1.000000,2.500000,2.000000,3.000000,1,1,0,1,0
minute_35_00,63520,620,2530,2,288,line_288,-1,288,1,measured,164.368744,18.048414,1.359937,1.000000,0.250000,1.000000,2.500000,2.000000,3.000000,1,1,0,1,0
minute_37_01,66420,0,5387,1,24,caption_plus_1,23,25,1,measured,5.990625,1.876642,0.776213,1.000000,0.250000,1.000000,2.500000,2.000000,3.000000,1,0,0,1,0
minute_37_01,66420,0,5387,1,25,caption_plus_2,23,25,1,measured,55.432812,28.991247,1.350548,1.000000,0.250000,1.000000,2.500000,2.000000,3.000000,1,1,0,1,0
minute_37_01,66420,0,5387,1,26,caption_plus_3,23,25,1,measured,57.364063,32.727047,1.453834,1.000000,0.250000,1.000000,2.500000,2.000000,3.000000,1,1,0,1,0
minute_37_01,66420,0,5387,2,286,line_286,-1,288,1,measured,5.417188,1.582922,0.798122,1.000000,0.250000,1.000000,2.500000,2.000000,3.000000,1,0,0,1,0
minute_37_01,66420,0,5387,2,287,line_287,-1,288,1,measured,5.603125,2.563931,0.818466,1.000000,0.250000,1.000000,2.500000,2.000000,3.000000,1,1,0,1,0
minute_37_01,66420,0,5387,2,288,line_288,-1,288,1,measured,56.375000,30.204872,1.460094,1.000000,0.250000,1.000000,2.500000,2.000000,3.000000,1,1,0,1,0
minute_37_01,66421,1,5388,2,286,line_286,-1,288,1,measured,5.490625,1.318109,0.763693,1.000000,0.250000,1.000000,2.500000,2.000000,3.000000,1,0,0,1,0
minute_37_01,66421,1,5388,2,287,line_287,-1,288,1,measured,5.698438,2.415703,0.829421,1.000000,0.250000,1.000000,2.500000,2.000000,3.000000,1,1,0,1,0
minute_37_01,66421,1,5388,2,288,line_288,-1,288,1,measured,56.771873,30.470802,1.367762,1.000000,0.250000,1.000000,2.500000,2.000000,3.000000,1,1,0,1,0
minute_37_01,66422,2,5389,1,24,caption_plus_1,23,25,1,measured,5.646875,2.158629,0.841941,1.000000,0.250000,1.000000,2.500000,2.000000,3.000000,1,1,0,1,0
minute_37_01,66422,2,5389,1,25,caption_plus_2,23,25,1,measured,54.515625,29.636173,1.272300,1.000000,0.250000,1.000000,2.500000,2.000000,3.000000,1,1,0,1,0
minute_37_01,66422,2,5389,1,26,caption_plus_3,23,25,1,measured,57.039062,33.039276,1.539906,1.000000,0.250000,1.000000,2.500000,2.000000,3.000000,1,1,0,1,0
minute_37_01,66422,2,5389,2,286,line_286,-1,288,1,measured,5.715625,1.178084,0.749609,1.000000,0.250000,1.000000,2.500000,2.000000,3.000000,1,0,0,1,0
minute_37_01,66422,2,5389,2,287,line_287,-1,288,1,measured,6.245313,2.727317,0.830986,1.000000,0.250000,1.000000,2.500000,2.000000,3.000000,1,1,0,1,0
minute_37_01,66422,2,5389,2,288,line_288,-1,288,1,measured,56.507812,30.406567,1.469484,1.000000,0.250000,1.000000,2.500000,2.000000,3.000000,1,1,0,1,0
minute_37_01,66423,3,5390,2,286,line_286,-1,288,1,measured,5.823438,1.225413,0.715180,1.000000,0.250000,1.000000,2.500000,2.000000,3.000000,1,0,0,1,0
minute_37_01,66423,3,5390,2,287,line_287,-1,288,1,measured,5.334375,2.816370,0.765258,1.000000,0.250000,1.000000,2.500000,2.000000,3.000000,1,1,0,1,0
minute_37_01,66423,3,5390,2,288,line_288,-1,288,1,measured,56.070312,31.062332,1.369327,1.000000,0.250000,1.000000,2.500000,2.000000,3.000000,1,1,0,1,0
minute_37_01,66424,4,5391,1,24,caption_plus_1,23,25,1,measured,6.535937,2.300534,0.815336,1.000000,0.250000,1.000000,2.500000,2.000000,3.000000,1,1,0,1,0
minute_37_01,66424,4,5391,1,25,caption_plus_2,23,25,1,measured,54.537498,29.239183,1.422535,1.000000,0.250000,1.000000,2.500000,2.000000,3.000000,1,1,0,1,0
minute_37_01,66424,4,5391,1,26,caption_plus_3,23,25,1,measured,56.700001,33.408512,1.532081,1.000000,0.250000,1.000000,2.500000,2.000000,3.000000,1,1,0,1,0
minute_37_01,66424,4,5391,2,286,line_286,-1,288,1,measured,5.709375,1.557213,0.751174,1.000000,0.250000,1.000000,2.500000,2.000000,3.000000,1,0,0,1,0
minute_37_01,66424,4,5391,2,287,line_287,-1,288,1,measured,5.843750,2.645862,0.815336,1.000000,0.250000,1.000000,2.500000,2.000000,3.000000,1,1,0,1,0
minute_37_01,66424,4,5391,2,288,line_288,-1,288,1,measured,56.570312,29.725590,1.450704,1.000000,0.250000,1.000000,2.500000,2.000000,3.000000,1,1,0,1,0
minute_37_01,66425,5,5392,2,286,line_286,-1,288,1,measured,6.581250,1.555120,0.766823,1.000000,0.250000,1.000000,2.500000,2.000000,3.000000,1,0,0,1,0
minute_37_01,66425,5,5392,2,287,line_287,-1,288,1,measured,6.004687,3.067722,0.815336,1.000000,0.250000,1.000000,2.500000,2.000000,3.000000,1,1,0,1,0
minute_37_01,66425,5,5392,2,288,line_288,-1,288,1,measured,71.226562,5.721416,0.787167,1.000000,0.250000,1.000000,2.500000,2.000000,3.000000,1,1,0,1,0
minute_37_01,66426,6,5393,1,24,caption_plus_1,23,25,1,measured,8.028125,2.361638,0.794992,1.000000,0.250000,1.000000,2.500000,2.000000,3.000000,1,1,0,1,0
minute_37_01,66426,6,5393,1,25,caption_plus_2,23,25,1,measured,71.239059,5.773921,0.794992,1.000000,0.250000,1.000000,2.500000,2.000000,3.000000,1,1,0,1,0
minute_37_01,66426,6,5393,1,26,caption_plus_3,23,25,1,measured,69.864059,5.198133,0.812207,1.000000,0.250000,1.000000,2.500000,2.000000,3.000000,1,1,0,1,0
minute_37_01,66426,6,5393,2,286,line_286,-1,288,1,measured,7.096875,1.550198,0.798122,1.000000,0.250000,1.000000,2.500000,2.000000,3.000000,1,0,0,1,0
minute_37_01,66426,6,5393,2,287,line_287,-1,288,1,measured,7.403125,2.892878,0.769953,1.000000,0.250000,1.000000,2.500000,2.000000,3.000000,1,1,0,1,0
minute_37_01,66426,6,5393,2,288,line_288,-1,288,1,measured,71.904686,5.994683,0.796557,1.000000,0.250000,1.000000,2.500000,2.000000,3.000000,1,1,0,1,0
minute_37_01,66427,7,5394,1,25,caption_plus_1,24,26,1,measured,8.550000,2.319887,0.835681,1.000000,0.250000,1.000000,2.500000,2.000000,3.000000,1,1,0,1,0
minute_37_01,66427,7,5394,1,26,caption_plus_2,24,26,1,measured,71.203125,5.646569,0.865415,1.000000,0.250000,1.000000,2.500000,2.000000,3.000000,1,1,0,1,0
minute_37_01,66427,7,5394,1,27,caption_plus_3,24,26,1,measured,70.290627,5.065191,0.796557,1.000000,0.250000,1.000000,2.500000,2.000000,3.000000,1,1,0,1,0
minute_37_01,66427,7,5394,2,286,line_286,-1,288,1,measured,5.712500,1.391436,0.780908,1.000000,0.250000,1.000000,2.500000,2.000000,3.000000,1,0,0,1,0
minute_37_01,66427,7,5394,2,287,line_287,-1,288,1,measured,6.014062,2.886086,0.856025,1.000000,0.250000,1.000000,2.500000,2.000000,3.000000,1,1,0,1,0
minute_37_01,66427,7,5394,2,288,line_288,-1,288,1,measured,71.014061,5.175192,0.848200,1.000000,0.250000,1.000000,2.500000,2.000000,3.000000,1,1,0,1,0
minute_37_01,66428,8,5395,1,25,caption_plus_1,24,26,1,measured,7.606250,1.971189,0.890454,1.000000,0.250000,1.000000,2.500000,2.000000,3.000000,1,0,0,1,0
minute_37_01,66428,8,5395,1,26,caption_plus_2,24,26,1,measured,71.207809,5.889790,0.796557,1.000000,0.250000,1.000000,2.500000,2.000000,3.000000,1,1,0,1,0
minute_37_01,66428,8,5395,1,27,caption_plus_3,24,26,1,measured,70.940628,4.946549,0.810642,1.000000,0.250000,1.000000,2.500000,2.000000,3.000000,1,1,0,1,0
minute_37_01,66428,8,5395,2,286,line_286,-1,288,1,measured,5.903125,1.518631,0.774648,1.000000,0.250000,1.000000,2.500000,2.000000,3.000000,1,0,0,1,0
minute_37_01,66428,8,5395,2,287,line_287,-1,288,1,measured,6.056250,3.028504,0.810642,1.000000,0.250000,1.000000,2.500000,2.000000,3.000000,1,1,0,1,0
minute_37_01,66428,8,5395,2,288,line_288,-1,288,1,measured,71.574997,6.124286,0.812207,1.000000,0.250000,1.000000,2.500000,2.000000,3.000000,1,1,0,1,0
minute_37_01,66429,9,5396,1,25,caption_plus_1,24,26,1,measured,7.635938,1.882557,0.807512,1.000000,0.250000,1.000000,2.500000,2.000000,3.000000,1,0,0,1,0
minute_37_01,66429,9,5396,1,26,caption_plus_2,24,26,1,measured,71.470314,5.841585,0.838811,1.000000,0.250000,1.000000,2.500000,2.000000,3.000000,1,1,0,1,0
minute_37_01,66429,9,5396,1,27,caption_plus_3,24,26,1,measured,70.293747,4.920425,0.718310,1.000000,0.250000,1.000000,2.500000,2.000000,3.000000,1,1,0,1,0
minute_37_01,66429,9,5396,2,286,line_286,-1,288,1,measured,5.573438,1.463380,0.782473,1.000000,0.250000,1.000000,2.500000,2.000000,3.000000,1,0,0,1,0
minute_37_01,66429,9,5396,2,287,line_287,-1,288,1,measured,5.756250,2.695475,0.804382,1.000000,0.250000,1.000000,2.500000,2.000000,3.000000,1,1,0,1,0
minute_37_01,66429,9,5396,2,288,line_288,-1,288,1,measured,71.518753,5.394409,0.826291,1.000000,0.250000,1.000000,2.500000,2.000000,3.000000,1,1,0,1,0
minute_37_01,66430,10,5397,1,25,caption_plus_1,24,26,1,measured,7.228125,1.933542,0.877934,1.000000,0.250000,1.000000,2.500000,2.000000,3.000000,1,0,0,1,0
minute_37_01,66430,10,5397,1,26,caption_plus_2,24,26,1,measured,71.621872,5.515673,0.794992,1.000000,0.250000,1.000000,2.500000,2.000000,3.000000,1,1,0,1,0
minute_37_01,66430,10,5397,1,27,caption_plus_3,24,26,1,measured,70.303123,4.622160,0.743349,1.000000,0.250000,1.000000,2.500000,2.000000,3.000000,1,1,0,1,0
minute_37_01,66430,10,5397,2,286,line_286,-1,288,1,measured,5.387500,1.394128,0.821596,1.000000,0.250000,1.000000,2.500000,2.000000,3.000000,1,0,0,1,0
minute_37_01,66430,10,5397,2,287,line_287,-1,288,1,measured,5.384375,2.807202,0.830986,1.000000,0.250000,1.000000,2.500000,2.000000,3.000000,1,1,0,1,0
minute_37_01,66430,10,5397,2,288,line_288,-1,288,1,measured,71.409378,5.721771,0.794992,1.000000,0.250000,1.000000,2.500000,2.000000,3.000000,1,1,0,1,0
minute_37_01,66431,11,5398,1,25,caption_plus_1,24,26,1,measured,7.218750,2.188527,0.744914,1.000000,0.250000,1.000000,2.500000,2.000000,3.000000,1,1,0,1,0
minute_37_01,66431,11,5398,1,26,caption_plus_2,24,26,1,measured,71.701561,5.605522,0.823161,1.000000,0.250000,1.000000,2.500000,2.000000,3.000000,1,1,0,1,0
minute_37_01,66431,11,5398,1,27,caption_plus_3,24,26,1,measured,70.667191,4.699088,0.818466,1.000000,0.250000,1.000000,2.500000,2.000000,3.000000,1,1,0,1,0
minute_37_01,66431,11,5398,2,286,line_286,-1,288,1,measured,5.207812,1.709971,0.776213,1.000000,0.250000,1.000000,2.500000,2.000000,3.000000,1,0,0,1,0
minute_37_01,66431,11,5398,2,287,line_287,-1,288,1,measured,5.140625,2.737855,0.785603,1.000000,0.250000,1.000000,2.500000,2.000000,3.000000,1,1,0,1,0
minute_37_01,66431,11,5398,2,288,line_288,-1,288,1,measured,70.557816,5.741006,0.782473,1.000000,0.250000,1.000000,2.500000,2.000000,3.000000,1,1,0,1,0
minute_37_01,66432,12,5399,1,25,caption_plus_1,24,26,1,measured,7.081250,2.007710,0.824726,1.000000,0.250000,1.000000,2.500000,2.000000,3.000000,1,1,0,1,0
minute_37_01,66432,12,5399,1,26,caption_plus_2,24,26,1,measured,71.392189,5.398866,0.827856,1.000000,0.250000,1.000000,2.500000,2.000000,3.000000,1,1,0,1,0
minute_37_01,66432,12,5399,1,27,caption_plus_3,24,26,1,measured,70.614059,4.867249,0.818466,1.000000,0.250000,1.000000,2.500000,2.000000,3.000000,1,1,0,1,0
minute_37_01,66432,12,5399,2,286,line_286,-1,288,1,measured,5.846875,1.682165,0.760563,1.000000,0.250000,1.000000,2.500000,2.000000,3.000000,1,0,0,1,0
minute_37_01,66432,12,5399,2,287,line_287,-1,288,1,measured,5.006250,2.802336,0.802817,1.000000,0.250000,1.000000,2.500000,2.000000,3.000000,1,1,0,1,0
minute_37_01,66432,12,5399,2,288,line_288,-1,288,1,measured,71.379684,5.708920,0.784038,1.000000,0.250000,1.000000,2.500000,2.000000,3.000000,1,1,0,1,0
minute_37_01,66433,13,5400,1,24,caption_plus_1,23,25,1,measured,7.870313,1.908957,0.802817,1.000000,0.250000,1.000000,2.500000,2.000000,3.000000,1,0,0,1,0
minute_37_01,66433,13,5400,1,25,caption_plus_2,23,25,1,measured,70.862503,5.676968,0.807512,1.000000,0.250000,1.000000,2.500000,2.000000,3.000000,1,1,0,1,0
minute_37_01,66433,13,5400,1,26,caption_plus_3,23,25,1,measured,70.573441,4.773387,0.799687,1.000000,0.250000,1.000000,2.500000,2.000000,3.000000,1,1,0,1,0
minute_37_01,66433,13,5400,2,286,line_286,-1,288,1,measured,6.195312,1.333807,0.807512,1.000000,0.250000,1.000000,2.500000,2.000000,3.000000,1,0,0,1,0
minute_37_01,66433,13,5400,2,287,line_287,-1,288,1,measured,6.059375,3.007216,0.824726,1.000000,0.250000,1.000000,2.500000,2.000000,3.000000,1,1,0,1,0
minute_37_01,66433,13,5400,2,288,line_288,-1,288,1,measured,71.765625,5.589449,0.809077,1.000000,0.250000,1.000000,2.500000,2.000000,3.000000,1,1,0,1,0
minute_37_01,66434,14,5401,1,24,caption_plus_1,23,25,1,measured,8.010938,1.835809,0.804382,1.000000,0.250000,1.000000,2.500000,2.000000,3.000000,1,0,0,1,0
minute_37_01,66434,14,5401,1,25,caption_plus_2,23,25,1,measured,71.596878,5.442310,0.805947,1.000000,0.250000,1.000000,2.500000,2.000000,3.000000,1,1,0,1,0
minute_37_01,66434,14,5401,1,26,caption_plus_3,23,25,1,measured,70.675003,4.740517,0.859155,1.000000,0.250000,1.000000,2.500000,2.000000,3.000000,1,1,0,1,0
minute_37_01,66434,14,5401,2,286,line_286,-1,288,1,measured,6.060937,1.275137,0.799687,1.000000,0.250000,1.000000,2.500000,2.000000,3.000000,1,0,0,1,0
minute_37_01,66434,14,5401,2,287,line_287,-1,288,1,measured,5.803125,2.836479,0.816901,1.000000,0.250000,1.000000,2.500000,2.000000,3.000000,1,1,0,1,0
minute_37_01,66434,14,5401,2,288,line_288,-1,288,1,measured,70.560936,5.508747,0.812207,1.000000,0.250000,1.000000,2.500000,2.000000,3.000000,1,1,0,1,0
minute_37_01,66435,15,5402,1,25,caption_plus_1,24,26,1,measured,7.879687,2.049289,0.790297,1.000000,0.250000,1.000000,2.500000,2.000000,3.000000,1,1,0,1,0
minute_37_01,66435,15,5402,1,26,caption_plus_2,24,26,1,measured,71.717186,5.659313,0.841941,1.000000,0.250000,1.000000,2.500000,2.000000,3.000000,1,1,0,1,0
minute_37_01,66435,15,5402,1,27,caption_plus_3,24,26,1,measured,70.551559,4.701113,0.784038,1.000000,0.250000,1.000000,2.500000,2.000000,3.000000,1,1,0,1,0
minute_37_01,66435,15,5402,2,286,line_286,-1,288,1,measured,4.951562,1.783386,0.741784,1.000000,0.250000,1.000000,2.500000,2.000000,3.000000,1,0,0,1,0
minute_37_01,66435,15,5402,2,287,line_287,-1,288,1,measured,5.329688,2.804972,0.837246,1.000000,0.250000,1.000000,2.500000,2.000000,3.000000,1,1,0,1,0
minute_37_01,66435,15,5402,2,288,line_288,-1,288,1,measured,70.834373,5.691886,0.843506,1.000000,0.250000,1.000000,2.500000,2.000000,3.000000,1,1,0,1,0
minute_37_01,66436,16,5403,1,24,caption_plus_1,23,25,1,measured,8.096875,2.122055,0.802817,1.000000,0.250000,1.000000,2.500000,2.000000,3.000000,1,1,0,1,0
minute_37_01,66436,16,5403,1,25,caption_plus_2,23,25,1,measured,71.451561,5.646418,0.769953,1.000000,0.250000,1.000000,2.500000,2.000000,3.000000,1,1,0,1,0
minute_37_01,66436,16,5403,1,26,caption_plus_3,23,25,1,measured,70.348434,4.749227,0.788732,1.000000,0.250000,1.000000,2.500000,2.000000,3.000000,1,1,0,1,0
minute_37_01,66436,16,5403,2,286,line_286,-1,288,1,measured,5.900000,1.446764,0.779343,1.000000,0.250000,1.000000,2.500000,2.000000,3.000000,1,0,0,1,0
minute_37_01,66436,16,5403,2,287,line_287,-1,288,1,measured,5.943750,2.859735,0.807512,1.000000,0.250000,1.000000,2.500000,2.000000,3.000000,1,1,0,1,0
minute_37_01,66436,16,5403,2,288,line_288,-1,288,1,measured,70.432816,5.819567,0.838811,1.000000,0.250000,1.000000,2.500000,2.000000,3.000000,1,1,0,1,0
minute_37_01,66437,17,5404,1,25,caption_plus_1,24,26,1,measured,9.034375,2.213327,0.785603,1.000000,0.250000,1.000000,2.500000,2.000000,3.000000,1,1,0,1,0
minute_37_01,66437,17,5404,1,26,caption_plus_2,24,26,1,measured,72.421875,5.486360,0.755869,1.000000,0.250000,1.000000,2.500000,2.000000,3.000000,1,1,0,1,0
minute_37_01,66437,17,5404,1,27,caption_plus_3,24,26,1,measured,70.807816,4.814912,0.771518,1.000000,0.250000,1.000000,2.500000,2.000000,3.000000,1,1,0,1,0
minute_37_01,66437,17,5404,2,286,line_286,-1,288,1,measured,7.910937,1.584063,0.824726,1.000000,0.250000,1.000000,2.500000,2.000000,3.000000,1,0,0,1,0
minute_37_01,66437,17,5404,2,287,line_287,-1,288,1,measured,7.623437,2.862540,0.791862,1.000000,0.250000,1.000000,2.500000,2.000000,3.000000,1,1,0,1,0
minute_37_01,66437,17,5404,2,288,line_288,-1,288,1,measured,72.256248,5.476081,0.807512,1.000000,0.250000,1.000000,2.500000,2.000000,3.000000,1,1,0,1,0
minute_37_01,66438,18,5405,1,24,caption_plus_1,23,25,1,measured,8.154688,2.001439,0.823161,1.000000,0.250000,1.000000,2.500000,2.000000,3.000000,1,1,0,1,0
minute_37_01,66438,18,5405,1,25,caption_plus_2,23,25,1,measured,72.268753,5.610506,0.794992,1.000000,0.250000,1.000000,2.500000,2.000000,3.000000,1,1,0,1,0
minute_37_01,66438,18,5405,1,26,caption_plus_3,23,25,1,measured,70.617188,5.059522,0.788732,1.000000,0.250000,1.000000,2.500000,2.000000,3.000000,1,1,0,1,0
minute_37_01,66438,18,5405,2,286,line_286,-1,288,1,measured,6.331250,1.422901,0.791862,1.000000,0.250000,1.000000,2.500000,2.000000,3.000000,1,0,0,1,0
minute_37_01,66438,18,5405,2,287,line_287,-1,288,1,measured,6.017188,2.763832,0.830986,1.000000,0.250000,1.000000,2.500000,2.000000,3.000000,1,1,0,1,0
minute_37_01,66438,18,5405,2,288,line_288,-1,288,1,measured,72.145309,5.829543,0.816901,1.000000,0.250000,1.000000,2.500000,2.000000,3.000000,1,1,0,1,0
minute_37_01,66439,19,5406,1,24,caption_plus_1,23,25,1,measured,8.139063,2.383742,0.809077,1.000000,0.250000,1.000000,2.500000,2.000000,3.000000,1,1,0,1,0
minute_37_01,66439,19,5406,1,25,caption_plus_2,23,25,1,measured,72.470314,5.806440,0.848200,1.000000,0.250000,1.000000,2.500000,2.000000,3.000000,1,1,0,1,0
minute_37_01,66439,19,5406,1,26,caption_plus_3,23,25,1,measured,70.837502,4.965364,0.754304,1.000000,0.250000,1.000000,2.500000,2.000000,3.000000,1,1,0,1,0
minute_37_01,66439,19,5406,2,286,line_286,-1,288,1,measured,5.778125,1.352367,0.790297,1.000000,0.250000,1.000000,2.500000,2.000000,3.000000,1,0,0,1,0
minute_37_01,66439,19,5406,2,287,line_287,-1,288,1,measured,5.668750,2.762974,0.820031,1.000000,0.250000,1.000000,2.500000,2.000000,3.000000,1,1,0,1,0
minute_37_01,66439,19,5406,2,288,line_288,-1,288,1,measured,71.779686,5.481494,0.799687,1.000000,0.250000,1.000000,2.500000,2.000000,3.000000,1,1,0,1,0
minute_37_01,66440,20,5407,1,24,caption_plus_1,23,25,1,measured,8.103125,2.066547,0.824726,1.000000,0.250000,1.000000,2.500000,2.000000,3.000000,1,1,0,1,0
minute_37_01,66440,20,5407,1,25,caption_plus_2,23,25,1,measured,72.603127,5.449655,0.790297,1.000000,0.250000,1.000000,2.500000,2.000000,3.000000,1,1,0,1,0
minute_37_01,66440,20,5407,1,26,caption_plus_3,23,25,1,measured,71.239059,4.804689,0.837246,1.000000,0.250000,1.000000,2.500000,2.000000,3.000000,1,1,0,1,0
minute_37_01,66440,20,5407,2,286,line_286,-1,288,1,measured,6.207812,1.316578,0.738654,1.000000,0.250000,1.000000,2.500000,2.000000,3.000000,1,0,0,1,0
minute_37_01,66440,20,5407,2,287,line_287,-1,288,1,measured,6.256250,2.993737,0.845070,1.000000,0.250000,1.000000,2.500000,2.000000,3.000000,1,1,0,1,0
minute_37_01,66440,20,5407,2,288,line_288,-1,288,1,measured,71.828125,5.797776,0.796557,1.000000,0.250000,1.000000,2.500000,2.000000,3.000000,1,1,0,1,0
minute_37_01,66441,21,5408,1,24,caption_plus_1,23,25,1,measured,7.354688,2.000190,0.784038,1.000000,0.250000,1.000000,2.500000,2.000000,3.000000,1,1,0,1,0
minute_37_01,66441,21,5408,1,25,caption_plus_2,23,25,1,measured,71.731247,5.904153,0.740219,1.000000,0.250000,1.000000,2.500000,2.000000,3.000000,1,1,0,1,0
minute_37_01,66441,21,5408,1,26,caption_plus_3,23,25,1,measured,70.537498,4.897241,0.754304,1.000000,0.250000,1.000000,2.500000,2.000000,3.000000,1,1,0,1,0
minute_37_01,66441,21,5408,2,286,line_286,-1,288,1,measured,6.553125,1.485447,0.809077,1.000000,0.250000,1.000000,2.500000,2.000000,3.000000,1,0,0,1,0
minute_37_01,66441,21,5408,2,287,line_287,-1,288,1,measured,6.018750,2.993163,0.768388,1.000000,0.250000,1.000000,2.500000,2.000000,3.000000,1,1,0,1,0
minute_37_01,66441,21,5408,2,288,line_288,-1,288,1,measured,72.751564,5.483711,0.826291,1.000000,0.250000,1.000000,2.500000,2.000000,3.000000,1,1,0,1,0
minute_37_01,66442,22,5409,1,24,caption_plus_1,23,25,1,measured,7.907813,1.906224,0.807512,1.000000,0.250000,1.000000,2.500000,2.000000,3.000000,1,0,0,1,0
minute_37_01,66442,22,5409,1,25,caption_plus_2,23,25,1,measured,70.889061,5.872489,0.835681,1.000000,0.250000,1.000000,2.500000,2.000000,3.000000,1,1,0,1,0
minute_37_01,66442,22,5409,1,26,caption_plus_3,23,25,1,measured,69.560936,5.104168,0.768388,1.000000,0.250000,1.000000,2.500000,2.000000,3.000000,1,1,0,1,0
minute_37_01,66442,22,5409,2,286,line_286,-1,288,1,measured,5.679688,1.337755,0.771518,1.000000,0.250000,1.000000,2.500000,2.000000,3.000000,1,0,0,1,0
minute_37_01,66442,22,5409,2,287,line_287,-1,288,1,measured,5.343750,3.086355,0.802817,1.000000,0.250000,1.000000,2.500000,2.000000,3.000000,1,1,0,1,0
minute_37_01,66442,22,5409,2,288,line_288,-1,288,1,measured,69.964066,5.510809,0.820031,1.000000,0.250000,1.000000,2.500000,2.000000,3.000000,1,1,0,1,0
minute_37_01,66443,23,5410,1,25,caption_plus_1,24,26,1,measured,8.526563,2.216962,0.785603,1.000000,0.250000,1.000000,2.500000,2.000000,3.000000,1,1,0,1,0
minute_37_01,66443,23,5410,1,26,caption_plus_2,24,26,1,measured,71.699997,5.584353,0.849765,1.000000,0.250000,1.000000,2.500000,2.000000,3.000000,1,1,0,1,0
minute_37_01,66443,23,5410,1,27,caption_plus_3,24,26,1,measured,71.270309,4.701103,0.762128,1.000000,0.250000,1.000000,2.500000,2.000000,3.000000,1,1,0,1,0
minute_37_01,66443,23,5410,2,286,line_286,-1,288,1,measured,6.067187,1.300307,0.809077,1.000000,0.250000,1.000000,2.500000,2.000000,3.000000,1,0,0,1,0
minute_37_01,66443,23,5410,2,287,line_287,-1,288,1,measured,5.554688,2.976493,0.815336,1.000000,0.250000,1.000000,2.500000,2.000000,3.000000,1,1,0,1,0
minute_37_01,66443,23,5410,2,288,line_288,-1,288,1,measured,71.576561,5.078485,0.816901,1.000000,0.250000,1.000000,2.500000,2.000000,3.000000,1,1,0,1,0
minute_37_01,66444,24,5411,1,24,caption_plus_1,23,25,1,measured,6.317187,2.049623,0.849765,1.000000,0.250000,1.000000,2.500000,2.000000,3.000000,1,1,0,1,0
minute_37_01,66444,24,5411,1,25,caption_plus_2,23,25,1,measured,71.704689,5.853576,0.791862,1.000000,0.250000,1.000000,2.500000,2.000000,3.000000,1,1,0,1,0
minute_37_01,66444,24,5411,1,26,caption_plus_3,23,25,1,measured,69.865623,4.878595,0.835681,1.000000,0.250000,1.000000,2.500000,2.000000,3.000000,1,1,0,1,0
minute_37_01,66444,24,5411,2,286,line_286,-1,288,1,measured,5.359375,1.503820,0.744914,1.000000,0.250000,1.000000,2.500000,2.000000,3.000000,1,0,0,1,0
minute_37_01,66444,24,5411,2,287,line_287,-1,288,1,measured,5.679688,2.935062,0.807512,1.000000,0.250000,1.000000,2.500000,2.000000,3.000000,1,1,0,1,0
minute_37_01,66444,24,5411,2,288,line_288,-1,288,1,measured,71.445312,5.200073,0.791862,1.000000,0.250000,1.000000,2.500000,2.000000,3.000000,1,1,0,1,0
minute_37_01,66445,25,5412,1,25,caption_plus_1,24,26,1,measured,8.570312,2.612122,0.787167,1.000000,0.250000,1.000000,2.500000,2.000000,3.000000,1,1,0,1,0
minute_37_01,66445,25,5412,1,26,caption_plus_2,24,26,1,measured,71.670311,5.516939,0.796557,1.000000,0.250000,1.000000,2.500000,2.000000,3.000000,1,1,0,1,0
minute_37_01,66445,25,5412,1,27,caption_plus_3,24,26,1,measured,71.254684,4.815581,0.757433,1.000000,0.250000,1.000000,2.500000,2.000000,3.000000,1,1,0,1,0
minute_37_01,66445,25,5412,2,286,line_286,-1,288,1,measured,6.051562,1.680447,0.794992,1.000000,0.250000,1.000000,2.500000,2.000000,3.000000,1,0,0,1,0
minute_37_01,66445,25,5412,2,287,line_287,-1,288,1,measured,5.534375,2.855161,0.749609,1.000000,0.250000,1.000000,2.500000,2.000000,3.000000,1,1,0,1,0
minute_37_01,66445,25,5412,2,288,line_288,-1,288,1,measured,71.320312,5.625463,0.843506,1.000000,0.250000,1.000000,2.500000,2.000000,3.000000,1,1,0,1,0
minute_37_01,66446,26,5413,1,25,caption_plus_1,24,26,1,measured,7.460938,2.350872,0.754304,1.000000,0.250000,1.000000,2.500000,2.000000,3.000000,1,1,0,1,0
minute_37_01,66446,26,5413,1,26,caption_plus_2,24,26,1,measured,71.229691,5.483675,0.774648,1.000000,0.250000,1.000000,2.500000,2.000000,3.000000,1,1,0,1,0
minute_37_01,66446,26,5413,1,27,caption_plus_3,24,26,1,measured,69.792191,5.196357,0.843506,1.000000,0.250000,1.000000,2.500000,2.000000,3.000000,1,1,0,1,0
minute_37_01,66446,26,5413,2,286,line_286,-1,288,1,measured,7.046875,1.334982,0.787167,1.000000,0.250000,1.000000,2.500000,2.000000,3.000000,1,0,0,1,0
minute_37_01,66446,26,5413,2,287,line_287,-1,288,1,measured,6.756250,2.682110,0.857590,1.000000,0.250000,1.000000,2.500000,2.000000,3.000000,1,1,0,1,0
minute_37_01,66446,26,5413,2,288,line_288,-1,288,1,measured,62.629688,20.280890,1.073552,1.000000,0.250000,1.000000,2.500000,2.000000,3.000000,1,1,0,1,0
minute_37_01,66447,27,5414,1,25,caption_plus_1,24,26,1,measured,9.298437,2.240256,0.834116,1.000000,0.250000,1.000000,2.500000,2.000000,3.000000,1,1,0,1,0
minute_37_01,66447,27,5414,1,26,caption_plus_2,24,26,1,measured,57.185936,30.228062,1.374022,1.000000,0.250000,1.000000,2.500000,2.000000,3.000000,1,1,0,1,0
minute_37_01,66447,27,5414,1,27,caption_plus_3,24,26,1,measured,58.982811,32.558861,1.331768,1.000000,0.250000,1.000000,2.500000,2.000000,3.000000,1,1,0,1,0
minute_37_01,66447,27,5414,2,286,line_286,-1,288,1,measured,5.606250,1.400209,0.751174,1.000000,0.250000,1.000000,2.500000,2.000000,3.000000,1,0,0,1,0
minute_37_01,66447,27,5414,2,287,line_287,-1,288,1,measured,5.578125,2.656388,0.784038,1.000000,0.250000,1.000000,2.500000,2.000000,3.000000,1,1,0,1,0
minute_37_01,66447,27,5414,2,288,line_288,-1,288,1,measured,56.767189,30.544237,1.175274,1.000000,0.250000,1.000000,2.500000,2.000000,3.000000,1,1,0,1,0
minute_37_01,66448,28,5415,1,25,caption_plus_1,24,26,1,measured,9.259375,2.324780,0.780908,1.000000,0.250000,1.000000,2.500000,2.000000,3.000000,1,1,0,1,0
minute_37_01,66448,28,5415,1,26,caption_plus_2,24,26,1,measured,56.392189,29.366982,1.194053,1.000000,0.250000,1.000000,2.500000,2.000000,3.000000,1,1,0,1,0
minute_37_01,66448,28,5415,1,27,caption_plus_3,24,26,1,measured,57.421875,32.540695,1.284820,1.000000,0.250000,1.000000,2.500000,2.000000,3.000000,1,1,0,1,0
minute_37_01,66448,28,5415,2,286,line_286,-1,288,1,measured,5.954688,1.470377,0.744914,1.000000,0.250000,1.000000,2.500000,2.000000,3.000000,1,0,0,1,0
minute_37_01,66448,28,5415,2,287,line_287,-1,288,1,measured,6.614062,2.617750,0.821596,1.000000,0.250000,1.000000,2.500000,2.000000,3.000000,1,1,0,1,0
minute_37_01,66448,28,5415,2,288,line_288,-1,288,1,measured,56.603127,30.177214,1.219092,1.000000,0.250000,1.000000,2.500000,2.000000,3.000000,1,1,0,1,0
minute_37_01,66449,29,5416,1,25,caption_plus_1,24,26,1,measured,6.553125,1.579257,0.766823,1.000000,0.250000,1.000000,2.500000,2.000000,3.000000,1,0,0,1,0
minute_37_01,66449,29,5416,1,26,caption_plus_2,24,26,1,measured,54.398438,28.656626,1.316119,1.000000,0.250000,1.000000,2.500000,2.000000,3.000000,1,1,0,1,0
minute_37_01,66449,29,5416,1,27,caption_plus_3,24,26,1,measured,55.782814,33.055561,1.366197,1.000000,0.250000,1.000000,2.500000,2.000000,3.000000,1,1,0,1,0
minute_37_01,66449,29,5416,2,286,line_286,-1,288,1,measured,6.018750,1.297699,0.820031,1.000000,0.250000,1.000000,2.500000,2.000000,3.000000,1,0,0,1,0
minute_37_01,66449,29,5416,2,287,line_287,-1,288,1,measured,6.073438,2.965307,0.773083,1.000000,0.250000,1.000000,2.500000,2.000000,3.000000,1,1,0,1,0
minute_37_01,66449,29,5416,2,288,line_288,-1,288,1,measured,55.635937,29.392288,1.281690,1.000000,0.250000,1.000000,2.500000,2.000000,3.000000,1,1,0,1,0
minute_37_01,66450,30,5417,1,25,caption_plus_1,24,26,1,measured,6.526563,1.904578,0.843506,1.000000,0.250000,1.000000,2.500000,2.000000,3.000000,1,0,0,1,0
minute_37_01,66450,30,5417,1,26,caption_plus_2,24,26,1,measured,54.540627,28.662937,1.161189,1.000000,0.250000,1.000000,2.500000,2.000000,3.000000,1,1,0,1,0
minute_37_01,66450,30,5417,1,27,caption_plus_3,24,26,1,measured,55.981251,32.317608,1.190923,1.000000,0.250000,1.000000,2.500000,2.000000,3.000000,1,1,0,1,0
minute_37_01,66450,30,5417,2,286,line_286,-1,288,1,measured,5.718750,1.279267,0.740219,1.000000,0.250000,1.000000,2.500000,2.000000,3.000000,1,0,0,1,0
minute_37_01,66450,30,5417,2,287,line_287,-1,288,1,measured,6.032813,2.830722,0.782473,1.000000,0.250000,1.000000,2.500000,2.000000,3.000000,1,1,0,1,0
minute_37_01,66450,30,5417,2,288,line_288,-1,288,1,measured,55.428123,30.966784,1.583725,1.000000,0.250000,1.000000,2.500000,2.000000,3.000000,1,1,0,1,0
minute_37_01,66451,31,5418,1,25,caption_plus_1,24,26,1,measured,6.128125,1.773720,0.845070,1.000000,0.250000,1.000000,2.500000,2.000000,3.000000,1,0,0,1,0
minute_37_01,66451,31,5418,1,26,caption_plus_2,24,26,1,measured,53.093750,28.240053,1.223787,1.000000,0.250000,1.000000,2.500000,2.000000,3.000000,1,1,0,1,0
minute_37_01,66451,31,5418,1,27,caption_plus_3,24,26,1,measured,55.945312,32.512524,1.276995,1.000000,0.250000,1.000000,2.500000,2.000000,3.000000,1,1,0,1,0
minute_37_01,66451,31,5418,2,286,line_286,-1,288,1,measured,6.325000,1.498124,0.743349,1.000000,0.250000,1.000000,2.500000,2.000000,3.000000,1,0,0,1,0
minute_37_01,66451,31,5418,2,287,line_287,-1,288,1,measured,5.884375,2.788773,0.791862,1.000000,0.250000,1.000000,2.500000,2.000000,3.000000,1,1,0,1,0
minute_37_01,66451,31,5418,2,288,line_288,-1,288,1,measured,55.068748,29.284355,1.169014,1.000000,0.250000,1.000000,2.500000,2.000000,3.000000,1,1,0,1,0
minute_37_01,66452,32,5419,1,24,caption_plus_1,23,25,1,measured,6.584375,2.132136,0.776213,1.000000,0.250000,1.000000,2.500000,2.000000,3.000000,1,1,0,1,0
minute_37_01,66452,32,5419,1,25,caption_plus_2,23,25,1,measured,52.900002,27.943737,1.134585,1.000000,0.250000,1.000000,2.500000,2.000000,3.000000,1,1,0,1,0
minute_37_01,66452,32,5419,1,26,caption_plus_3,23,25,1,measured,55.103127,31.993536,1.294210,1.000000,0.250000,1.000000,2.500000,2.000000,3.000000,1,1,0,1,0
minute_37_01,66452,32,5419,2,286,line_286,-1,288,1,measured,5.721875,1.826238,0.735524,1.000000,0.250000,1.000000,2.500000,2.000000,3.000000,1,0,0,1,0
minute_37_01,66452,32,5419,2,287,line_287,-1,288,1,measured,6.087500,2.660798,0.810642,1.000000,0.250000,1.000000,2.500000,2.000000,3.000000,1,1,0,1,0
minute_37_01,66452,32,5419,2,288,line_288,-1,288,1,measured,54.398438,28.848131,1.200313,1.000000,0.250000,1.000000,2.500000,2.000000,3.000000,1,1,0,1,0
minute_37_01,66453,33,5420,1,24,caption_plus_1,23,25,1,measured,6.003125,2.265224,0.749609,1.000000,0.250000,1.000000,2.500000,2.000000,3.000000,1,1,0,1,0
minute_37_01,66453,33,5420,1,25,caption_plus_2,23,25,1,measured,53.381248,29.867546,1.273865,1.000000,0.250000,1.000000,2.500000,2.000000,3.000000,1,1,0,1,0
minute_37_01,66453,33,5420,1,26,caption_plus_3,23,25,1,measured,55.421875,32.702641,1.366197,1.000000,0.250000,1.000000,2.500000,2.000000,3.000000,1,1,0,1,0
minute_37_01,66453,33,5420,2,286,line_286,-1,288,1,measured,5.928125,1.484658,0.785603,1.000000,0.250000,1.000000,2.500000,2.000000,3.000000,1,0,0,1,0
minute_37_01,66453,33,5420,2,287,line_287,-1,288,1,measured,5.978125,2.672105,0.813772,1.000000,0.250000,1.000000,2.500000,2.000000,3.000000,1,1,0,1,0
minute_37_01,66453,33,5420,2,288,line_288,-1,288,1,measured,54.740623,30.484961,1.284820,1.000000,0.250000,1.000000,2.500000,2.000000,3.000000,1,1,0,1,0
minute_37_01,66454,34,5421,1,25,caption_plus_1,24,26,1,measured,5.578125,1.909718,0.744914,1.000000,0.250000,1.000000,2.500000,2.000000,3.000000,1,0,0,1,0
minute_37_01,66454,34,5421,1,26,caption_plus_2,24,26,1,measured,52.879688,29.045218,1.241002,1.000000,0.250000,1.000000,2.500000,2.000000,3.000000,1,1,0,1,0
minute_37_01,66454,34,5421,1,27,caption_plus_3,24,26,1,measured,55.051563,32.834274,1.453834,1.000000,0.250000,1.000000,2.500000,2.000000,3.000000,1,1,0,1,0
minute_37_01,66454,34,5421,2,286,line_286,-1,288,1,measured,5.670312,1.496577,0.796557,1.000000,0.250000,1.000000,2.500000,2.000000,3.000000,1,0,0,1,0
minute_37_01,66454,34,5421,2,287,line_287,-1,288,1,measured,6.515625,2.796159,0.820031,1.000000,0.250000,1.000000,2.500000,2.000000,3.000000,1,1,0,1,0
minute_37_01,66454,34,5421,2,288,line_288,-1,288,1,measured,55.103127,29.903469,1.356807,1.000000,0.250000,1.000000,2.500000,2.000000,3.000000,1,1,0,1,0
minute_37_01,66455,35,5422,1,25,caption_plus_1,24,26,1,measured,6.310937,1.748715,0.752739,1.000000,0.250000,1.000000,2.500000,2.000000,3.000000,1,0,0,1,0
minute_37_01,66455,35,5422,1,26,caption_plus_2,24,26,1,measured,51.901562,28.064512,1.309859,1.000000,0.250000,1.000000,2.500000,2.000000,3.000000,1,1,0,1,0
minute_37_01,66455,35,5422,1,27,caption_plus_3,24,26,1,measured,54.414062,31.806379,1.320814,1.000000,0.250000,1.000000,2.500000,2.000000,3.000000,1,1,0,1,0
minute_37_01,66455,35,5422,2,286,line_286,-1,288,1,measured,5.960938,1.345144,0.794992,1.000000,0.250000,1.000000,2.500000,2.000000,3.000000,1,0,0,1,0
minute_37_01,66455,35,5422,2,287,line_287,-1,288,1,measured,6.135938,2.680710,0.851330,1.000000,0.250000,1.000000,2.500000,2.000000,3.000000,1,1,0,1,0
minute_37_01,66455,35,5422,2,288,line_288,-1,288,1,measured,52.778126,29.211636,1.330203,1.000000,0.250000,1.000000,2.500000,2.000000,3.000000,1,1,0,1,0
minute_37_01,66456,36,5423,1,25,caption_plus_1,24,26,1,measured,6.714063,2.053455,0.837246,1.000000,0.250000,1.000000,2.500000,2.000000,3.000000,1,1,0,1,0
minute_37_01,66456,36,5423,1,26,caption_plus_2,24,26,1,measured,54.056252,29.036453,1.303599,1.000000,0.250000,1.000000,2.500000,2.000000,3.000000,1,1,0,1,0
minute_37_01,66456,36,5423,1,27,caption_plus_3,24,26,1,measured,55.584373,32.504120,1.255086,1.000000,0.250000,1.000000,2.500000,2.000000,3.000000,1,1,0,1,0
minute_37_01,66456,36,5423,2,286,line_286,-1,288,1,measured,6.071875,1.397930,0.766823,1.000000,0.250000,1.000000,2.500000,2.000000,3.000000,1,0,0,1,0
minute_37_01,66456,36,5423,2,287,line_287,-1,288,1,measured,5.446875,2.663466,0.809077,1.000000,0.250000,1.000000,2.500000,2.000000,3.000000,1,1,0,1,0
minute_37_01,66456,36,5423,2,288,line_288,-1,288,1,measured,54.612499,30.752081,1.342723,1.000000,0.250000,1.000000,2.500000,2.000000,3.000000,1,1,0,1,0
minute_37_01,66457,37,5424,1,25,caption_plus_1,24,26,1,measured,7.215625,1.894170,0.780908,1.000000,0.250000,1.000000,2.500000,2.000000,3.000000,1,0,0,1,0
minute_37_01,66457,37,5424,1,26,caption_plus_2,24,26,1,measured,55.250000,30.423624,1.276995,1.000000,0.250000,1.000000,2.500000,2.000000,3.000000,1,1,0,1,0
minute_37_01,66457,37,5424,1,27,caption_plus_3,24,26,1,measured,55.981251,33.617558,1.306729,1.000000,0.250000,1.000000,2.500000,2.000000,3.000000,1,1,0,1,0
minute_37_01,66457,37,5424,2,286,line_286,-1,288,1,measured,6.293750,1.409108,0.860720,1.000000,0.250000,1.000000,2.500000,2.000000,3.000000,1,0,0,1,0
minute_37_01,66457,37,5424,2,287,line_287,-1,288,1,measured,6.262500,2.630322,0.780908,1.000000,0.250000,1.000000,2.500000,2.000000,3.000000,1,1,0,1,0
minute_37_01,66457,37,5424,2,288,line_288,-1,288,1,measured,54.239063,30.755753,1.286385,1.000000,0.250000,1.000000,2.500000,2.000000,3.000000,1,1,0,1,0
minute_37_01,66458,38,5425,1,25,caption_plus_1,24,26,1,measured,6.146875,2.007873,0.848200,1.000000,0.250000,1.000000,2.500000,2.000000,3.000000,1,1,0,1,0
minute_37_01,66458,38,5425,1,26,caption_plus_2,24,26,1,measured,53.596874,30.156725,1.363067,1.000000,0.250000,1.000000,2.500000,2.000000,3.000000,1,1,0,1,0
minute_37_01,66458,38,5425,1,27,caption_plus_3,24,26,1,measured,54.929688,32.757530,1.350548,1.000000,0.250000,1.000000,2.500000,2.000000,3.000000,1,1,0,1,0
minute_37_01,66458,38,5425,2,286,line_286,-1,288,1,measured,5.535937,1.516149,0.769953,1.000000,0.250000,1.000000,2.500000,2.000000,3.000000,1,0,0,1,0
minute_37_01,66458,38,5425,2,287,line_287,-1,288,1,measured,6.039062,2.464125,0.840376,1.000000,0.250000,1.000000,2.500000,2.000000,3.000000,1,1,0,1,0
minute_37_01,66458,38,5425,2,288,line_288,-1,288,1,measured,52.946877,30.120596,1.222222,1.000000,0.250000,1.000000,2.500000,2.000000,3.000000,1,1,0,1,0
minute_37_01,66459,39,5426,1,24,caption_plus_1,23,25,1,measured,7.237500,1.879120,0.838811,1.000000,0.250000,1.000000,2.500000,2.000000,3.000000,1,0,0,1,0
minute_37_01,66459,39,5426,1,25,caption_plus_2,23,25,1,measured,52.964062,28.938354,1.259781,1.000000,0.250000,1.000000,2.500000,2.000000,3.000000,1,1,0,1,0
minute_37_01,66459,39,5426,1,26,caption_plus_3,23,25,1,measured,54.771873,33.173615,1.389671,1.000000,0.250000,1.000000,2.500000,2.000000,3.000000,1,1,0,1,0
minute_37_01,66459,39,5426,2,286,line_286,-1,288,1,measured,4.456250,1.590389,0.738654,1.000000,0.250000,1.000000,2.500000,2.000000,3.000000,1,0,0,1,0
minute_37_01,66459,39,5426,2,287,line_287,-1,288,1,measured,4.910937,2.110214,0.826291,1.000000,0.250000,1.000000,2.500000,2.000000,3.000000,1,1,0,1,0
minute_37_01,66459,39,5426,2,288,line_288,-1,288,1,measured,52.782814,30.061050,1.215962,1.000000,0.250000,1.000000,2.500000,2.000000,3.000000,1,1,0,1,0
minute_37_01,66460,40,5427,1,25,caption_plus_1,24,26,1,measured,5.700000,2.177441,0.846635,1.000000,0.250000,1.000000,2.500000,2.000000,3.000000,1,1,0,1,0
minute_37_01,66460,40,5427,1,26,caption_plus_2,24,26,1,measured,52.924999,30.496475,1.530516,1.000000,0.250000,1.000000,2.500000,2.000000,3.000000,1,1,0,1,0
minute_37_01,66460,40,5427,1,27,caption_plus_3,24,26,1,measured,54.929688,33.864658,1.386541,1.000000,0.250000,1.000000,2.500000,2.000000,3.000000,1,1,0,1,0
minute_37_01,66460,40,5427,2,286,line_286,-1,288,1,measured,5.350000,1.641074,0.774648,1.000000,0.250000,1.000000,2.500000,2.000000,3.000000,1,0,0,1,0
minute_37_01,66460,40,5427,2,287,line_287,-1,288,1,measured,5.210938,2.456663,0.758998,1.000000,0.250000,1.000000,2.500000,2.000000,3.000000,1,1,0,1,0
minute_37_01,66460,40,5427,2,288,line_288,-1,288,1,measured,53.318748,31.314358,1.419405,1.000000,0.250000,1.000000,2.500000,2.000000,3.000000,1,1,0,1,0
minute_37_01,66461,41,5428,1,25,caption_plus_1,24,26,1,measured,7.104688,1.926779,0.746479,1.000000,0.250000,1.000000,2.500000,2.000000,3.000000,1,0,0,1,0
minute_37_01,66461,41,5428,1,26,caption_plus_2,24,26,1,measured,53.153126,29.376835,1.164319,1.000000,0.250000,1.000000,2.500000,2.000000,3.000000,1,1,0,1,0
minute_37_01,66461,41,5428,1,27,caption_plus_3,24,26,1,measured,55.746876,33.427696,1.269171,1.000000,0.250000,1.000000,2.500000,2.000000,3.000000,1,1,0,1,0
minute_37_01,66461,41,5428,2,286,line_286,-1,288,1,measured,5.470313,1.575910,0.785603,1.000000,0.250000,1.000000,2.500000,2.000000,3.000000,1,0,0,1,0
minute_37_01,66461,41,5428,2,287,line_287,-1,288,1,measured,5.403125,2.533523,0.798122,1.000000,0.250000,1.000000,2.500000,2.000000,3.000000,1,1,0,1,0
minute_37_01,66461,41,5428,2,288,line_288,-1,288,1,measured,52.962502,29.773968,1.123631,1.000000,0.250000,1.000000,2.500000,2.000000,3.000000,1,1,0,1,0
minute_37_01,66462,42,5429,1,25,caption_plus_1,24,26,1,measured,5.973437,1.996305,0.791862,1.000000,0.250000,1.000000,2.500000,2.000000,3.000000,1,0,0,1,0
minute_37_01,66462,42,5429,1,26,caption_plus_2,24,26,1,measured,52.118752,29.121593,1.250391,1.000000,0.250000,1.000000,2.500000,2.000000,3.000000,1,1,0,1,0
minute_37_01,66462,42,5429,1,27,caption_plus_3,24,26,1,measured,53.678123,32.858498,1.308294,1.000000,0.250000,1.000000,2.500000,2.000000,3.000000,1,1,0,1,0
minute_37_01,66462,42,5429,2,286,line_286,-1,288,1,measured,5.900000,1.275735,0.763693,1.000000,0.250000,1.000000,2.500000,2.000000,3.000000,1,0,0,1,0
minute_37_01,66462,42,5429,2,287,line_287,-1,288,1,measured,6.125000,2.360482,0.810642,1.000000,0.250000,1.000000,2.500000,2.000000,3.000000,1,1,0,1,0
minute_37_01,66462,42,5429,2,288,line_288,-1,288,1,measured,53.046875,30.182480,1.370892,1.000000,0.250000,1.000000,2.500000,2.000000,3.000000,1,1,0,1,0
minute_37_01,66463,43,5430,1,24,caption_plus_1,23,25,1,measured,6.193750,2.096118,0.821596,1.000000,0.250000,1.000000,2.500000,2.000000,3.000000,1,1,0,1,0
minute_37_01,66463,43,5430,1,25,caption_plus_2,23,25,1,measured,52.379688,28.260582,1.061033,1.000000,0.250000,1.000000,2.500000,2.000000,3.000000,1,1,0,1,0
minute_37_01,66463,43,5430,1,26,caption_plus_3,23,25,1,measured,54.971874,31.465494,1.112676,1.000000,0.250000,1.000000,2.500000,2.000000,3.000000,1,1,0,1,0
minute_37_01,66463,43,5430,2,286,line_286,-1,288,1,measured,5.676562,1.262468,0.773083,1.000000,0.250000,1.000000,2.500000,2.000000,3.000000,1,0,0,1,0
minute_37_01,66463,43,5430,2,287,line_287,-1,288,1,measured,4.800000,2.135416,0.752739,1.000000,0.250000,1.000000,2.500000,2.000000,3.000000,1,1,0,1,0
minute_37_01,66463,43,5430,2,288,line_288,-1,288,1,measured,53.224998,30.251385,1.294210,1.000000,0.250000,1.000000,2.500000,2.000000,3.000000,1,1,0,1,0
minute_37_01,66464,44,5431,1,25,caption_plus_1,24,26,1,measured,6.440625,1.832751,0.801252,1.000000,0.250000,1.000000,2.500000,2.000000,3.000000,1,0,0,1,0
minute_37_01,66464,44,5431,1,26,caption_plus_2,24,26,1,measured,51.512501,28.804565,1.255086,1.000000,0.250000,1.000000,2.500000,2.000000,3.000000,1,1,0,1,0
minute_37_01,66464,44,5431,1,27,caption_plus_3,24,26,1,measured,53.400002,32.078407,1.589984,1.000000,0.250000,1.000000,2.500000,2.000000,3.000000,1,1,0,1,0
minute_37_01,66464,44,5431,2,286,line_286,-1,288,1,measured,4.634375,1.355800,0.760563,1.000000,0.250000,1.000000,2.500000,2.000000,3.000000,1,0,0,1,0
minute_37_01,66464,44,5431,2,287,line_287,-1,288,1,measured,5.360938,1.986526,0.809077,1.000000,0.250000,1.000000,2.500000,2.000000,3.000000,1,0,0,1,0
minute_37_01,66464,44,5431,2,288,line_288,-1,288,1,measured,50.903126,28.455612,1.266041,1.000000,0.250000,1.000000,2.500000,2.000000,3.000000,1,1,0,1,0
minute_37_01,66465,45,5432,1,25,caption_plus_1,24,26,1,measured,6.926562,2.255392,0.794992,1.000000,0.250000,1.000000,2.500000,2.000000,3.000000,1,1,0,1,0
minute_37_01,66465,45,5432,1,26,caption_plus_2,24,26,1,measured,50.781250,27.450277,1.183099,1.000000,0.250000,1.000000,2.500000,2.000000,3.000000,1,1,0,1,0
minute_37_01,66465,45,5432,1,27,caption_plus_3,24,26,1,measured,52.226562,31.957739,1.727700,1.000000,0.250000,1.000000,2.500000,2.000000,3.000000,1,1,0,1,0
minute_37_01,66465,45,5432,2,286,line_286,-1,288,1,measured,3.671875,1.449727,0.757433,1.000000,0.250000,1.000000,2.500000,2.000000,3.000000,1,0,0,1,0
minute_37_01,66465,45,5432,2,287,line_287,-1,288,1,measured,4.679688,2.504164,0.812207,1.000000,0.250000,1.000000,2.500000,2.000000,3.000000,1,1,0,1,0
minute_37_01,66465,45,5432,2,288,line_288,-1,288,1,measured,50.637501,27.954145,1.311424,1.000000,0.250000,1.000000,2.500000,2.000000,3.000000,1,1,0,1,0
minute_37_01,66466,46,5433,1,24,caption_plus_1,23,25,1,measured,6.228125,2.036654,0.799687,1.000000,0.250000,1.000000,2.500000,2.000000,3.000000,1,1,0,1,0
minute_37_01,66466,46,5433,1,25,caption_plus_2,23,25,1,measured,50.321877,27.734221,1.183099,1.000000,0.250000,1.000000,2.500000,2.000000,3.000000,1,1,0,1,0
minute_37_01,66466,46,5433,1,26,caption_plus_3,23,25,1,measured,51.737499,32.157764,1.608764,1.000000,0.250000,1.000000,2.500000,2.000000,3.000000,1,1,0,1,0
minute_37_01,66466,46,5433,2,286,line_286,-1,288,1,measured,4.018750,1.364606,0.758998,1.000000,0.250000,1.000000,2.500000,2.000000,3.000000,1,0,0,1,0
minute_37_01,66466,46,5433,2,287,line_287,-1,288,1,measured,4.440625,2.281633,0.813772,1.000000,0.250000,1.000000,2.500000,2.000000,3.000000,1,1,0,1,0
minute_37_01,66466,46,5433,2,288,line_288,-1,288,1,measured,50.206249,28.440144,1.427230,1.000000,0.250000,1.000000,2.500000,2.000000,3.000000,1,1,0,1,0
minute_37_01,66467,47,5434,1,24,caption_plus_1,23,25,1,measured,6.432813,2.284154,0.802817,1.000000,0.250000,1.000000,2.500000,2.000000,3.000000,1,1,0,1,0
minute_37_01,66467,47,5434,1,25,caption_plus_2,23,25,1,measured,51.256248,29.051140,1.339593,1.000000,0.250000,1.000000,2.500000,2.000000,3.000000,1,1,0,1,0
minute_37_01,66467,47,5434,1,26,caption_plus_3,23,25,1,measured,52.857811,32.114254,1.615023,1.000000,0.250000,1.000000,2.500000,2.000000,3.000000,1,1,0,1,0
minute_37_01,66467,47,5434,2,286,line_286,-1,288,1,measured,4.729688,1.218500,0.799687,1.000000,0.250000,1.000000,2.500000,2.000000,3.000000,1,0,0,1,0
minute_37_01,66467,47,5434,2,287,line_287,-1,288,1,measured,5.210938,2.380429,0.813772,1.000000,0.250000,1.000000,2.500000,2.000000,3.000000,1,1,0,1,0
minute_37_01,66467,47,5434,2,288,line_288,-1,288,1,measured,51.184376,29.263145,1.427230,1.000000,0.250000,1.000000,2.500000,2.000000,3.000000,1,1,0,1,0
minute_37_01,66468,48,5435,1,24,caption_plus_1,23,25,1,measured,6.301562,2.279939,0.801252,1.000000,0.250000,1.000000,2.500000,2.000000,3.000000,1,1,0,1,0
minute_37_01,66468,48,5435,1,25,caption_plus_2,23,25,1,measured,52.220314,28.919931,1.175274,1.000000,0.250000,1.000000,2.500000,2.000000,3.000000,1,1,0,1,0
minute_37_01,66468,48,5435,1,26,caption_plus_3,23,25,1,measured,53.781250,31.669420,1.226917,1.000000,0.250000,1.000000,2.500000,2.000000,3.000000,1,1,0,1,0
minute_37_01,66468,48,5435,2,286,line_286,-1,288,1,measured,5.412500,1.577726,0.766823,1.000000,0.250000,1.000000,2.500000,2.000000,3.000000,1,0,0,1,0
minute_37_01,66468,48,5435,2,287,line_287,-1,288,1,measured,5.056250,2.412200,0.771518,1.000000,0.250000,1.000000,2.500000,2.000000,3.000000,1,1,0,1,0
minute_37_01,66468,48,5435,2,288,line_288,-1,288,1,measured,52.540627,30.395853,1.245696,1.000000,0.250000,1.000000,2.500000,2.000000,3.000000,1,1,0,1,0
minute_37_01,66469,49,5436,1,24,caption_plus_1,23,25,1,measured,8.418750,2.090819,0.804382,1.000000,0.250000,1.000000,2.500000,2.000000,3.000000,1,1,0,1,0
minute_37_01,66469,49,5436,1,25,caption_plus_2,23,25,1,measured,53.617188,30.017681,1.123631,1.000000,0.250000,1.000000,2.500000,2.000000,3.000000,1,1,0,1,0
minute_37_01,66469,49,5436,1,26,caption_plus_3,23,25,1,measured,54.595314,32.564941,1.305164,1.000000,0.250000,1.000000,2.500000,2.000000,3.000000,1,1,0,1,0
minute_37_01,66469,49,5436,2,286,line_286,-1,288,1,measured,4.057813,1.609960,0.780908,1.000000,0.250000,1.000000,2.500000,2.000000,3.000000,1,0,0,1,0
minute_37_01,66469,49,5436,2,287,line_287,-1,288,1,measured,4.510938,2.364425,0.780908,1.000000,0.250000,1.000000,2.500000,2.000000,3.000000,1,1,0,1,0
minute_37_01,66469,49,5436,2,288,line_288,-1,288,1,measured,53.829689,31.359221,1.430360,1.000000,0.250000,1.000000,2.500000,2.000000,3.000000,1,1,0,1,0
minute_37_01,66470,50,5437,1,25,caption_plus_1,24,26,1,measured,7.042188,2.142524,0.779343,1.000000,0.250000,1.000000,2.500000,2.000000,3.000000,1,1,0,1,0
minute_37_01,66470,50,5437,1,26,caption_plus_2,24,26,1,measured,54.110939,31.045206,1.420970,1.000000,0.250000,1.000000,2.500000,2.000000,3.000000,1,1,0,1,0
minute_37_01,66470,50,5437,1,27,caption_plus_3,24,26,1,measured,55.446877,34.038082,1.607199,1.000000,0.250000,1.000000,2.500000,2.000000,3.000000,1,1,0,1,0
minute_37_01,66470,50,5437,2,286,line_286,-1,288,1,measured,4.664062,1.511815,0.773083,1.000000,0.250000,1.000000,2.500000,2.000000,3.000000,1,0,0,1,0
minute_37_01,66470,50,5437,2,287,line_287,-1,288,1,measured,4.917188,2.498315,0.801252,1.000000,0.250000,1.000000,2.500000,2.000000,3.000000,1,1,0,1,0
minute_37_01,66470,50,5437,2,288,line_288,-1,288,1,measured,54.335938,31.274559,1.281690,1.000000,0.250000,1.000000,2.500000,2.000000,3.000000,1,1,0,1,0
minute_37_01,66471,51,5438,1,24,caption_plus_1,23,25,1,measured,6.426562,2.139856,0.820031,1.000000,0.250000,1.000000,2.500000,2.000000,3.000000,1,1,0,1,0
minute_37_01,66471,51,5438,1,25,caption_plus_2,23,25,1,measured,54.010937,30.415016,1.220657,1.000000,0.250000,1.000000,2.500000,2.000000,3.000000,1,1,0,1,0
minute_37_01,66471,51,5438,1,26,caption_plus_3,23,25,1,measured,56.101562,33.636669,1.395931,1.000000,0.250000,1.000000,2.500000,2.000000,3.000000,1,1,0,1,0
minute_37_01,66471,51,5438,2,286,line_286,-1,288,1,measured,4.551562,1.471765,0.791862,1.000000,0.250000,1.000000,2.500000,2.000000,3.000000,1,0,0,1,0
minute_37_01,66471,51,5438,2,287,line_287,-1,288,1,measured,4.987500,2.302139,0.744914,1.000000,0.250000,1.000000,2.500000,2.000000,3.000000,1,1,0,1,0
minute_37_01,66471,51,5438,2,288,line_288,-1,288,1,measured,55.900002,30.855856,1.269171,1.000000,0.250000,1.000000,2.500000,2.000000,3.000000,1,1,0,1,0
minute_37_01,66472,52,5439,1,25,caption_plus_1,24,26,1,measured,6.162500,2.244820,0.773083,1.000000,0.250000,1.000000,2.500000,2.000000,3.000000,1,1,0,1,0
minute_37_01,66472,52,5439,1,26,caption_plus_2,24,26,1,measured,57.653126,32.647911,1.314554,1.000000,0.250000,1.000000,2.500000,2.000000,3.000000,1,1,0,1,0
minute_37_01,66472,52,5439,1,27,caption_plus_3,24,26,1,measured,59.678123,35.739197,1.597809,1.000000,0.250000,1.000000,2.500000,2.000000,3.000000,1,1,0,1,0
minute_37_01,66472,52,5439,2,286,line_286,-1,288,1,measured,4.626563,1.317994,0.785603,1.000000,0.250000,1.000000,2.500000,2.000000,3.000000,1,0,0,1,0
minute_37_01,66472,52,5439,2,287,line_287,-1,288,1,measured,4.793750,2.386412,0.769953,1.000000,0.250000,1.000000,2.500000,2.000000,3.000000,1,1,0,1,0
minute_37_01,66472,52,5439,2,288,line_288,-1,288,1,measured,58.135937,32.655712,1.323944,1.000000,0.250000,1.000000,2.500000,2.000000,3.000000,1,1,0,1,0
minute_37_01,66473,53,5440,1,25,caption_plus_1,24,26,1,measured,6.195312,2.285343,0.827856,1.000000,0.250000,1.000000,2.500000,2.000000,3.000000,1,1,0,1,0
minute_37_01,66473,53,5440,1,26,caption_plus_2,24,26,1,measured,60.228127,34.429474,1.604069,1.000000,0.250000,1.000000,2.500000,2.000000,3.000000,1,1,0,1,0
minute_37_01,66473,53,5440,1,27,caption_plus_3,24,26,1,measured,62.381248,37.046360,1.480438,1.000000,0.250000,1.000000,2.500000,2.000000,3.000000,1,1,0,1,0
minute_37_01,66473,53,5440,2,286,line_286,-1,288,1,measured,4.132812,1.550056,0.793427,1.000000,0.250000,1.000000,2.500000,2.000000,3.000000,1,0,0,1,0
minute_37_01,66473,53,5440,2,287,line_287,-1,288,1,measured,3.539062,1.978408,0.757433,1.000000,0.250000,1.000000,2.500000,2.000000,3.000000,1,0,0,1,0
minute_37_01,66473,53,5440,2,288,line_288,-1,288,1,measured,59.893749,34.129139,1.527387,1.000000,0.250000,1.000000,2.500000,2.000000,3.000000,1,1,0,1,0
minute_37_01,66474,54,5441,2,286,line_286,-1,288,1,measured,5.531250,1.544838,0.801252,1.000000,0.250000,1.000000,2.500000,2.000000,3.000000,1,0,0,1,0
minute_37_01,66474,54,5441,2,287,line_287,-1,288,1,measured,5.256250,2.616646,0.776213,1.000000,0.250000,1.000000,2.500000,2.000000,3.000000,1,1,0,1,0
minute_37_01,66474,54,5441,2,288,line_288,-1,288,1,measured,65.478127,37.160500,1.594679,1.000000,0.250000,1.000000,2.500000,2.000000,3.000000,1,1,0,1,0
minute_37_01,66475,55,5442,2,286,line_286,-1,288,1,measured,6.103125,1.310531,0.757433,1.000000,0.250000,1.000000,2.500000,2.000000,3.000000,1,0,0,1,0
minute_37_01,66475,55,5442,2,287,line_287,-1,288,1,measured,5.965625,2.571856,0.837246,1.000000,0.250000,1.000000,2.500000,2.000000,3.000000,1,1,0,1,0
minute_37_01,66475,55,5442,2,288,line_288,-1,288,1,measured,67.040627,36.934212,1.923318,1.000000,0.250000,1.000000,2.500000,2.000000,3.000000,1,1,0,1,0
minute_37_01,66476,56,5443,1,25,caption_plus_1,24,26,1,measured,8.110937,1.946601,0.749609,1.000000,0.250000,1.000000,2.500000,2.000000,3.000000,1,0,0,1,0
minute_37_01,66476,56,5443,1,26,caption_plus_2,24,26,1,measured,65.357811,36.778877,1.740219,1.000000,0.250000,1.000000,2.500000,2.000000,3.000000,1,1,0,1,0
minute_37_01,66476,56,5443,1,27,caption_plus_3,24,26,1,measured,68.250000,38.987980,1.799687,1.000000,0.250000,1.000000,2.500000,2.000000,3.000000,1,1,0,1,0
minute_37_01,66476,56,5443,2,286,line_286,-1,288,1,measured,6.503125,1.665830,0.794992,1.000000,0.250000,1.000000,2.500000,2.000000,3.000000,1,0,0,1,0
minute_37_01,66476,56,5443,2,287,line_287,-1,288,1,measured,6.446875,2.422613,0.791862,1.000000,0.250000,1.000000,2.500000,2.000000,3.000000,1,1,0,1,0
minute_37_01,66476,56,5443,2,288,line_288,-1,288,1,measured,66.593750,37.117348,1.593114,1.000000,0.250000,1.000000,2.500000,2.000000,3.000000,1,1,0,1,0
minute_37_01,66477,57,5444,1,25,caption_plus_1,24,26,1,measured,8.132812,2.016227,0.802817,1.000000,0.250000,1.000000,2.500000,2.000000,3.000000,1,1,0,1,0
minute_37_01,66477,57,5444,1,26,caption_plus_2,24,26,1,measured,67.271873,36.430470,1.563380,1.000000,0.250000,1.000000,2.500000,2.000000,3.000000,1,1,0,1,0
minute_37_01,66477,57,5444,1,27,caption_plus_3,24,26,1,measured,69.764061,39.317841,1.730829,1.000000,0.250000,1.000000,2.500000,2.000000,3.000000,1,1,0,1,0
minute_37_01,66477,57,5444,2,286,line_286,-1,288,1,measured,5.395312,1.381228,0.785603,1.000000,0.250000,1.000000,2.500000,2.000000,3.000000,1,0,0,1,0
minute_37_01,66477,57,5444,2,287,line_287,-1,288,1,measured,5.742188,2.685162,0.779343,1.000000,0.250000,1.000000,2.500000,2.000000,3.000000,1,1,0,1,0
minute_37_01,66477,57,5444,2,288,line_288,-1,288,1,measured,66.004684,36.666847,1.381847,1.000000,0.250000,1.000000,2.500000,2.000000,3.000000,1,1,0,1,0
minute_37_01,66478,58,5445,1,25,caption_plus_1,24,26,1,measured,9.153125,1.901066,0.799687,1.000000,0.250000,1.000000,2.500000,2.000000,3.000000,1,0,0,1,0
minute_37_01,66478,58,5445,1,26,caption_plus_2,24,26,1,measured,66.621872,35.440235,1.547731,1.000000,0.250000,1.000000,2.500000,2.000000,3.000000,1,1,0,1,0
minute_37_01,66478,58,5445,1,27,caption_plus_3,24,26,1,measured,68.429688,38.694046,1.579030,1.000000,0.250000,1.000000,2.500000,2.000000,3.000000,1,1,0,1,0
minute_37_01,66478,58,5445,2,286,line_286,-1,288,1,measured,6.667188,1.535065,0.741784,1.000000,0.250000,1.000000,2.500000,2.000000,3.000000,1,0,0,1,0
minute_37_01,66478,58,5445,2,287,line_287,-1,288,1,measured,6.500000,2.665755,0.876369,1.000000,0.250000,1.000000,2.500000,2.000000,3.000000,1,1,0,1,0
minute_37_01,66478,58,5445,2,288,line_288,-1,288,1,measured,65.571877,35.362160,1.400626,1.000000,0.250000,1.000000,2.500000,2.000000,3.000000,1,1,0,1,0
minute_37_01,66479,59,5446,1,24,caption_plus_1,23,25,1,measured,7.978125,2.522924,0.769953,1.000000,0.250000,1.000000,2.500000,2.000000,3.000000,1,1,0,1,0
minute_37_01,66479,59,5446,1,25,caption_plus_2,23,25,1,measured,63.832813,34.687874,1.358372,1.000000,0.250000,1.000000,2.500000,2.000000,3.000000,1,1,0,1,0
minute_37_01,66479,59,5446,1,26,caption_plus_3,23,25,1,measured,65.979691,37.888420,1.580595,1.000000,0.250000,1.000000,2.500000,2.000000,3.000000,1,1,0,1,0
minute_37_01,66479,59,5446,2,286,line_286,-1,288,1,measured,4.989062,1.375525,0.826291,1.000000,0.250000,1.000000,2.500000,2.000000,3.000000,1,0,0,1,0
minute_37_01,66479,59,5446,2,287,line_287,-1,288,1,measured,4.234375,2.322056,0.801252,1.000000,0.250000,1.000000,2.500000,2.000000,3.000000,1,1,0,1,0
minute_37_01,66479,59,5446,2,288,line_288,-1,288,1,measured,62.045311,34.292709,1.564945,1.000000,0.250000,1.000000,2.500000,2.000000,3.000000,1,1,0,1,0
minute_37_01,66480,60,5447,2,286,line_286,-1,288,1,measured,6.884375,1.571943,0.801252,1.000000,0.250000,1.000000,2.500000,2.000000,3.000000,1,0,0,1,0
minute_37_01,66480,60,5447,2,287,line_287,-1,288,1,measured,6.510938,2.321073,0.810642,1.000000,0.250000,1.000000,2.500000,2.000000,3.000000,1,1,0,1,0
minute_37_01,66480,60,5447,2,288,line_288,-1,288,1,measured,62.534374,33.960529,1.381847,1.000000,0.250000,1.000000,2.500000,2.000000,3.000000,1,1,0,1,0
minute_37_01,66481,61,5448,2,286,line_286,-1,288,1,measured,5.081250,1.689940,0.818466,1.000000,0.250000,1.000000,2.500000,2.000000,3.000000,1,0,0,1,0
minute_37_01,66481,61,5448,2,287,line_287,-1,288,1,measured,4.940625,2.467205,0.810642,1.000000,0.250000,1.000000,2.500000,2.000000,3.000000,1,1,0,1,0
minute_37_01,66481,61,5448,2,288,line_288,-1,288,1,measured,57.317188,33.853699,1.298905,1.000000,0.250000,1.000000,2.500000,2.000000,3.000000,1,1,0,1,0
minute_37_01,66482,62,5449,1,25,caption_plus_1,24,26,1,measured,7.137500,1.943700,0.777778,1.000000,0.250000,1.000000,2.500000,2.000000,3.000000,1,0,0,1,0
minute_37_01,66482,62,5449,1,26,caption_plus_2,24,26,1,measured,59.176563,33.150059,1.460094,1.000000,0.250000,1.000000,2.500000,2.000000,3.000000,1,1,0,1,0
minute_37_01,66482,62,5449,1,27,caption_plus_3,24,26,1,measured,60.481251,35.482033,1.414711,1.000000,0.250000,1.000000,2.500000,2.000000,3.000000,1,1,0,1,0
minute_37_01,66482,62,5449,2,286,line_286,-1,288,1,measured,5.479688,1.559114,0.754304,1.000000,0.250000,1.000000,2.500000,2.000000,3.000000,1,0,0,1,0
minute_37_01,66482,62,5449,2,287,line_287,-1,288,1,measured,5.910937,2.357807,0.837246,1.000000,0.250000,1.000000,2.500000,2.000000,3.000000,1,1,0,1,0
minute_37_01,66482,62,5449,2,288,line_288,-1,288,1,measured,56.982811,32.306850,1.375587,1.000000,0.250000,1.000000,2.500000,2.000000,3.000000,1,1,0,1,0
minute_37_01,66483,63,5450,1,24,caption_plus_1,23,25,1,measured,8.425000,1.961504,0.824726,1.000000,0.250000,1.000000,2.500000,2.000000,3.000000,1,0,0,1,0
minute_37_01,66483,63,5450,1,25,caption_plus_2,23,25,1,measured,56.335938,30.801399,1.314554,1.000000,0.250000,1.000000,2.500000,2.000000,3.000000,1,1,0,1,0
minute_37_01,66483,63,5450,1,26,caption_plus_3,23,25,1,measured,56.896873,34.087872,1.381847,1.000000,0.250000,1.000000,2.500000,2.000000,3.000000,1,1,0,1,0
minute_37_01,66483,63,5450,2,286,line_286,-1,288,1,measured,4.476562,1.396227,0.766823,1.000000,0.250000,1.000000,2.500000,2.000000,3.000000,1,0,0,1,0
minute_37_01,66483,63,5450,2,287,line_287,-1,288,1,measured,5.223437,2.489053,0.787167,1.000000,0.250000,1.000000,2.500000,2.000000,3.000000,1,1,0,1,0
minute_37_01,66483,63,5450,2,288,line_288,-1,288,1,measured,55.367188,30.538876,1.115806,1.000000,0.250000,1.000000,2.500000,2.000000,3.000000,1,1,0,1,0
minute_37_01,66484,64,5451,2,286,line_286,-1,288,1,measured,5.554688,1.333514,0.755869,1.000000,0.250000,1.000000,2.500000,2.000000,3.000000,1,0,0,1,0
minute_37_01,66484,64,5451,2,287,line_287,-1,288,1,measured,5.343750,2.302300,0.780908,1.000000,0.250000,1.000000,2.500000,2.000000,3.000000,1,1,0,1,0
minute_37_01,66484,64,5451,2,288,line_288,-1,288,1,measured,53.912498,29.449987,1.328639,1.000000,0.250000,1.000000,2.500000,2.000000,3.000000,1,1,0,1,0
minute_37_01,66485,65,5452,1,25,caption_plus_1,24,26,1,measured,7.603125,2.020672,0.766823,1.000000,0.250000,1.000000,2.500000,2.000000,3.000000,1,1,0,1,0
minute_37_01,66485,65,5452,1,26,caption_plus_2,24,26,1,measured,52.128124,28.490225,1.425665,1.000000,0.250000,1.000000,2.500000,2.000000,3.000000,1,1,0,1,0
minute_37_01,66485,65,5452,1,27,caption_plus_3,24,26,1,measured,53.817188,30.992531,1.375587,1.000000,0.250000,1.000000,2.500000,2.000000,3.000000,1,1,0,1,0
minute_37_01,66485,65,5452,2,286,line_286,-1,288,1,measured,5.307813,1.312417,0.793427,1.000000,0.250000,1.000000,2.500000,2.000000,3.000000,1,0,0,1,0
minute_37_01,66485,65,5452,2,287,line_287,-1,288,1,measured,5.400000,2.784892,0.812207,1.000000,0.250000,1.000000,2.500000,2.000000,3.000000,1,1,0,1,0
minute_37_01,66485,65,5452,2,288,line_288,-1,288,1,measured,51.000000,28.004463,1.328639,1.000000,0.250000,1.000000,2.500000,2.000000,3.000000,1,1,0,1,0
minute_37_01,66486,66,5453,1,24,caption_plus_1,23,25,1,measured,7.543750,2.116444,0.777778,1.000000,0.250000,1.000000,2.500000,2.000000,3.000000,1,1,0,1,0
minute_37_01,66486,66,5453,1,25,caption_plus_2,23,25,1,measured,51.782814,26.567215,1.205008,1.000000,0.250000,1.000000,2.500000,2.000000,3.000000,1,1,0,1,0
minute_37_01,66486,66,5453,1,26,caption_plus_3,23,25,1,measured,53.132812,30.585171,1.378717,1.000000,0.250000,1.000000,2.500000,2.000000,3.000000,1,1,0,1,0
minute_37_01,66486,66,5453,2,286,line_286,-1,288,1,measured,6.387500,1.469428,0.820031,1.000000,0.250000,1.000000,2.500000,2.000000,3.000000,1,0,0,1,0
minute_37_01,66486,66,5453,2,287,line_287,-1,288,1,measured,5.550000,2.392175,0.809077,1.000000,0.250000,1.000000,2.500000,2.000000,3.000000,1,1,0,1,0
minute_37_01,66486,66,5453,2,288,line_288,-1,288,1,measured,51.128124,26.299759,1.233177,1.000000,0.250000,1.000000,2.500000,2.000000,3.000000,1,1,0,1,0
minute_37_01,66487,67,5454,2,286,line_286,-1,288,1,measured,5.601562,1.281722,0.771518,1.000000,0.250000,1.000000,2.500000,2.000000,3.000000,1,0,0,1,0
minute_37_01,66487,67,5454,2,287,line_287,-1,288,1,measured,4.445312,2.636311,0.766823,1.000000,0.250000,1.000000,2.500000,2.000000,3.000000,1,1,0,1,0
minute_37_01,66487,67,5454,2,288,line_288,-1,288,1,measured,50.654686,26.456293,1.159624,1.000000,0.250000,1.000000,2.500000,2.000000,3.000000,1,1,0,1,0
minute_37_01,66488,68,5455,1,24,caption_plus_1,23,25,1,measured,8.350000,1.795654,0.815336,1.000000,0.250000,1.000000,2.500000,2.000000,3.000000,1,0,0,1,0
minute_37_01,66488,68,5455,1,25,caption_plus_2,23,25,1,measured,49.845314,24.724346,1.133020,1.000000,0.250000,1.000000,2.500000,2.000000,3.000000,1,1,0,1,0
minute_37_01,66488,68,5455,1,26,caption_plus_3,23,25,1,measured,52.020313,29.239761,1.258216,1.000000,0.250000,1.000000,2.500000,2.000000,3.000000,1,1,0,1,0
minute_37_01,66488,68,5455,2,286,line_286,-1,288,1,measured,4.900000,1.496663,0.801252,1.000000,0.250000,1.000000,2.500000,2.000000,3.000000,1,0,0,1,0
minute_37_01,66488,68,5455,2,287,line_287,-1,288,1,measured,5.975000,2.684911,0.784038,1.000000,0.250000,1.000000,2.500000,2.000000,3.000000,1,1,0,1,0
minute_37_01,66488,68,5455,2,288,line_288,-1,288,1,measured,50.856251,26.795137,1.208138,1.000000,0.250000,1.000000,2.500000,2.000000,3.000000,1,1,0,1,0
minute_37_01,66489,69,5456,1,25,caption_plus_1,24,26,1,measured,7.909375,2.140657,0.818466,1.000000,0.250000,1.000000,2.500000,2.000000,3.000000,1,1,0,1,0
minute_37_01,66489,69,5456,1,26,caption_plus_2,24,26,1,measured,50.021873,25.009176,1.244131,1.000000,0.250000,1.000000,2.500000,2.000000,3.000000,1,1,0,1,0
minute_37_01,66489,69,5456,1,27,caption_plus_3,24,26,1,measured,51.782814,28.851204,1.269171,1.000000,0.250000,1.000000,2.500000,2.000000,3.000000,1,1,0,1,0
minute_37_01,66489,69,5456,2,286,line_286,-1,288,1,measured,5.200000,1.558445,0.804382,1.000000,0.250000,1.000000,2.500000,2.000000,3.000000,1,0,0,1,0
minute_37_01,66489,69,5456,2,287,line_287,-1,288,1,measured,4.875000,2.680368,0.790297,1.000000,0.250000,1.000000,2.500000,2.000000,3.000000,1,1,0,1,0
minute_37_01,66489,69,5456,2,288,line_288,-1,288,1,measured,49.235939,25.395416,1.028169,1.000000,0.250000,1.000000,2.500000,2.000000,3.000000,1,1,0,1,0
minute_37_01,66490,70,5457,1,25,caption_plus_1,24,26,1,measured,7.985938,2.048198,0.801252,1.000000,0.250000,1.000000,2.500000,2.000000,3.000000,1,1,0,1,0
minute_37_01,66490,70,5457,1,26,caption_plus_2,24,26,1,measured,49.834373,25.091286,1.236307,1.000000,0.250000,1.000000,2.500000,2.000000,3.000000,1,1,0,1,0
minute_37_01,66490,70,5457,1,27,caption_plus_3,24,26,1,measured,51.479687,29.563379,1.380282,1.000000,0.250000,1.000000,2.500000,2.000000,3.000000,1,1,0,1,0
minute_37_01,66490,70,5457,2,286,line_286,-1,288,1,measured,5.056250,1.468404,0.779343,1.000000,0.250000,1.000000,2.500000,2.000000,3.000000,1,0,0,1,0
minute_37_01,66490,70,5457,2,287,line_287,-1,288,1,measured,5.250000,2.617250,0.796557,1.000000,0.250000,1.000000,2.500000,2.000000,3.000000,1,1,0,1,0
minute_37_01,66490,70,5457,2,288,line_288,-1,288,1,measured,50.779686,26.519154,1.206573,1.000000,0.250000,1.000000,2.500000,2.000000,3.000000,1,1,0,1,0
minute_37_01,66491,71,5458,1,25,caption_plus_1,24,26,1,measured,8.689062,2.001220,0.813772,1.000000,0.250000,1.000000,2.500000,2.000000,3.000000,1,1,0,1,0
minute_37_01,66491,71,5458,1,26,caption_plus_2,24,26,1,measured,51.535938,27.359276,1.133020,1.000000,0.250000,1.000000,2.500000,2.000000,3.000000,1,1,0,1,0
minute_37_01,66491,71,5458,1,27,caption_plus_3,24,26,1,measured,52.492188,30.125467,1.198748,1.000000,0.250000,1.000000,2.500000,2.000000,3.000000,1,1,0,1,0
minute_37_01,66491,71,5458,2,286,line_286,-1,288,1,measured,5.710938,1.541876,0.777778,1.000000,0.250000,1.000000,2.500000,2.000000,3.000000,1,0,0,1,0
minute_37_01,66491,71,5458,2,287,line_287,-1,288,1,measured,5.284375,2.108111,0.763693,1.000000,0.250000,1.000000,2.500000,2.000000,3.000000,1,1,0,1,0
minute_37_01,66491,71,5458,2,288,line_288,-1,288,1,measured,51.892189,27.323168,1.284820,1.000000,0.250000,1.000000,2.500000,2.000000,3.000000,1,1,0,1,0
minute_37_01,66492,72,5459,1,24,caption_plus_1,23,25,1,measured,7.731250,2.096789,0.769953,1.000000,0.250000,1.000000,2.500000,2.000000,3.000000,1,1,0,1,0
minute_37_01,66492,72,5459,1,25,caption_plus_2,23,25,1,measured,50.126564,26.574387,1.192488,1.000000,0.250000,1.000000,2.500000,2.000000,3.000000,1,1,0,1,0
minute_37_01,66492,72,5459,1,26,caption_plus_3,23,25,1,measured,51.559376,30.180336,1.336463,1.000000,0.250000,1.000000,2.500000,2.000000,3.000000,1,1,0,1,0
minute_37_01,66492,72,5459,2,286,line_286,-1,288,1,measured,5.456250,1.362887,0.813772,1.000000,0.250000,1.000000,2.500000,2.000000,3.000000,1,0,0,1,0
minute_37_01,66492,72,5459,2,287,line_287,-1,288,1,measured,5.218750,2.612283,0.765258,1.000000,0.250000,1.000000,2.500000,2.000000,3.000000,1,1,0,1,0
minute_37_01,66492,72,5459,2,288,line_288,-1,288,1,measured,50.940624,27.927130,1.233177,1.000000,0.250000,1.000000,2.500000,2.000000,3.000000,1,1,0,1,0
minute_37_01,66493,73,5460,2,286,line_286,-1,288,1,measured,4.976562,1.228979,0.790297,1.000000,0.250000,1.000000,2.500000,2.000000,3.000000,1,0,0,1,0
minute_37_01,66493,73,5460,2,287,line_287,-1,288,1,measured,4.732812,2.600274,0.784038,1.000000,0.250000,1.000000,2.500000,2.000000,3.000000,1,1,0,1,0
minute_37_01,66493,73,5460,2,288,line_288,-1,288,1,measured,40.985939,13.498662,1.125196,1.000000,0.250000,1.000000,2.500000,2.000000,3.000000,1,1,0,1,0
minute_37_01,66494,74,5461,1,25,caption_plus_1,24,26,1,measured,8.859375,2.297194,0.812207,1.000000,0.250000,1.000000,2.500000,2.000000,3.000000,1,1,0,1,0
minute_37_01,66494,74,5461,1,26,caption_plus_2,24,26,1,measured,41.851562,13.233769,1.025039,1.000000,0.250000,1.000000,2.500000,2.000000,3.000000,1,1,0,1,0
minute_37_01,66494,74,5461,1,27,caption_plus_3,24,26,1,measured,40.373436,12.826349,0.990610,1.000000,0.250000,1.000000,2.500000,2.000000,3.000000,1,1,0,1,0
minute_37_01,66494,74,5461,2,286,line_286,-1,288,1,measured,4.565625,1.275517,0.794992,1.000000,0.250000,1.000000,2.500000,2.000000,3.000000,1,0,0,1,0
minute_37_01,66494,74,5461,2,287,line_287,-1,288,1,measured,4.817187,2.640316,0.746479,1.000000,0.250000,1.000000,2.500000,2.000000,3.000000,1,1,0,1,0
minute_37_01,66494,74,5461,2,288,line_288,-1,288,1,measured,40.253124,14.054970,1.043818,1.000000,0.250000,1.000000,2.500000,2.000000,3.000000,1,1,0,1,0
minute_37_01,66495,75,5462,1,24,caption_plus_1,23,25,1,measured,4.857812,2.069896,0.857590,1.000000,0.250000,1.000000,2.500000,2.000000,3.000000,1,1,0,1,0
minute_37_01,66495,75,5462,1,25,caption_plus_2,23,25,1,measured,39.257812,13.826743,1.023474,1.000000,0.250000,1.000000,2.500000,2.000000,3.000000,1,1,0,1,0
minute_37_01,66495,75,5462,1,26,caption_plus_3,23,25,1,measured,38.537498,13.088706,1.073552,1.000000,0.250000,1.000000,2.500000,2.000000,3.000000,1,1,0,1,0
minute_37_01,66495,75,5462,2,286,line_286,-1,288,1,measured,4.495313,1.360139,0.760563,1.000000,0.250000,1.000000,2.500000,2.000000,3.000000,1,0,0,1,0
minute_37_01,66495,75,5462,2,287,line_287,-1,288,1,measured,4.214063,2.250581,0.791862,1.000000,0.250000,1.000000,2.500000,2.000000,3.000000,1,1,0,1,0
minute_37_01,66495,75,5462,2,288,line_288,-1,288,1,measured,39.779686,13.427580,1.014084,1.000000,0.250000,1.000000,2.500000,2.000000,3.000000,1,1,0,1,0
minute_37_01,66496,76,5463,1,24,caption_plus_1,23,25,1,measured,4.453125,2.005693,0.794992,1.000000,0.250000,1.000000,2.500000,2.000000,3.000000,1,1,0,1,0
minute_37_01,66496,76,5463,1,25,caption_plus_2,23,25,1,measured,39.107811,13.672027,0.982786,1.000000,0.250000,1.000000,2.500000,2.000000,3.000000,1,1,0,1,0
minute_37_01,66496,76,5463,1,26,caption_plus_3,23,25,1,measured,38.615623,13.260576,1.003130,1.000000,0.250000,1.000000,2.500000,2.000000,3.000000,1,1,0,1,0
minute_37_01,66496,76,5463,2,286,line_286,-1,288,1,measured,5.106250,1.498319,0.763693,1.000000,0.250000,1.000000,2.500000,2.000000,3.000000,1,0,0,1,0
minute_37_01,66496,76,5463,2,287,line_287,-1,288,1,measured,5.315625,2.771012,0.809077,1.000000,0.250000,1.000000,2.500000,2.000000,3.000000,1,1,0,1,0
minute_37_01,66496,76,5463,2,288,line_288,-1,288,1,measured,40.779686,13.730779,1.068858,1.000000,0.250000,1.000000,2.500000,2.000000,3.000000,1,1,0,1,0
minute_37_01,66497,77,5464,1,24,caption_plus_1,23,25,1,measured,5.118750,2.174057,0.773083,1.000000,0.250000,1.000000,2.500000,2.000000,3.000000,1,1,0,1,0
minute_37_01,66497,77,5464,1,25,caption_plus_2,23,25,1,measured,38.428123,13.579091,1.000000,1.000000,0.250000,1.000000,2.500000,2.000000,3.000000,1,1,0,1,0
minute_37_01,66497,77,5464,1,26,caption_plus_3,23,25,1,measured,37.864063,12.652641,0.968701,1.000000,0.250000,1.000000,2.500000,2.000000,3.000000,1,1,0,1,0
minute_37_01,66497,77,5464,2,286,line_286,-1,288,1,measured,4.454688,1.351322,0.726135,1.000000,0.250000,1.000000,2.500000,2.000000,3.000000,1,0,0,1,0
minute_37_01,66497,77,5464,2,287,line_287,-1,288,1,measured,4.781250,2.494799,0.755869,1.000000,0.250000,1.000000,2.500000,2.000000,3.000000,1,1,0,1,0
minute_37_01,66497,77,5464,2,288,line_288,-1,288,1,measured,38.140625,13.482706,1.028169,1.000000,0.250000,1.000000,2.500000,2.000000,3.000000,1,1,0,1,0
minute_37_01,66498,78,5465,1,24,caption_plus_1,23,25,1,measured,5.276563,2.170127,0.854460,1.000000,0.250000,1.000000,2.500000,2.000000,3.000000,1,1,0,1,0
minute_37_01,66498,78,5465,1,25,caption_plus_2,23,25,1,measured,37.057812,12.806057,0.954617,1.000000,0.250000,1.000000,2.500000,2.000000,3.000000,1,1,0,1,0
minute_37_01,66498,78,5465,1,26,caption_plus_3,23,25,1,measured,35.909374,12.256295,0.974961,1.000000,0.250000,1.000000,2.500000,2.000000,3.000000,1,1,0,1,0
minute_37_01,66498,78,5465,2,286,line_286,-1,288,1,measured,5.070312,1.433874,0.773083,1.000000,0.250000,1.000000,2.500000,2.000000,3.000000,1,0,0,1,0
minute_37_01,66498,78,5465,2,287,line_287,-1,288,1,measured,5.734375,2.713636,0.837246,1.000000,0.250000,1.000000,2.500000,2.000000,3.000000,1,1,0,1,0
minute_37_01,66498,78,5465,2,288,line_288,-1,288,1,measured,38.656250,13.528811,1.035994,1.000000,0.250000,1.000000,2.500000,2.000000,3.000000,1,1,0,1,0
minute_37_01,66499,79,5466,1,24,caption_plus_1,23,25,1,measured,5.768750,2.067522,0.799687,1.000000,0.250000,1.000000,2.500000,2.000000,3.000000,1,1,0,1,0
minute_37_01,66499,79,5466,1,25,caption_plus_2,23,25,1,measured,37.412498,13.103380,0.965571,1.000000,0.250000,1.000000,2.500000,2.000000,3.000000,1,1,0,1,0
minute_37_01,66499,79,5466,1,26,caption_plus_3,23,25,1,measured,36.945312,11.966951,0.921753,1.000000,0.250000,1.000000,2.500000,2.000000,3.000000,1,1,0,1,0
minute_37_01,66499,79,5466,2,286,line_286,-1,288,1,measured,4.762500,1.583065,0.802817,1.000000,0.250000,1.000000,2.500000,2.000000,3.000000,1,0,0,1,0
minute_37_01,66499,79,5466,2,287,line_287,-1,288,1,measured,4.954688,2.293226,0.820031,1.000000,0.250000,1.000000,2.500000,2.000000,3.000000,1,1,0,1,0
minute_37_01,66499,79,5466,2,288,line_288,-1,288,1,measured,36.876564,12.471045,1.015649,1.000000,0.250000,1.000000,2.500000,2.000000,3.000000,1,1,0,1,0
minute_37_01,66500,80,5467,2,286,line_286,-1,288,1,measured,4.890625,1.544316,0.835681,1.000000,0.250000,1.000000,2.500000,2.000000,3.000000,1,0,0,1,0
minute_37_01,66500,80,5467,2,287,line_287,-1,288,1,measured,4.709375,2.484308,0.788732,1.000000,0.250000,1.000000,2.500000,2.000000,3.000000,1,1,0,1,0
minute_37_01,66500,80,5467,2,288,line_288,-1,288,1,measured,36.775002,12.712420,0.996870,1.000000,0.250000,1.000000,2.500000,2.000000,3.000000,1,1,0,1,0
minute_37_01,66501,81,5468,1,25,caption_plus_1,24,26,1,measured,4.507812,1.880808,0.766823,1.000000,0.250000,1.000000,2.500000,2.000000,3.000000,1,0,0,1,0
minute_37_01,66501,81,5468,1,26,caption_plus_2,24,26,1,measured,35.743752,12.986049,0.965571,1.000000,0.250000,1.000000,2.500000,2.000000,3.000000,1,1,0,1,0
minute_37_01,66501,81,5468,1,27,caption_plus_3,24,26,1,measured,35.167187,12.063834,0.901408,1.000000,0.250000,1.000000,2.500000,2.000000,3.000000,1,1,0,1,0
minute_37_01,66501,81,5468,2,286,line_286,-1,288,1,measured,4.903125,1.504158,0.827856,1.000000,0.250000,1.000000,2.500000,2.000000,3.000000,1,0,0,1,0
minute_37_01,66501,81,5468,2,287,line_287,-1,288,1,measured,4.929688,2.072075,0.801252,1.000000,0.250000,1.000000,2.500000,2.000000,3.000000,1,1,0,1,0
minute_37_01,66501,81,5468,2,288,line_288,-1,288,1,measured,36.842186,12.563655,0.954617,1.000000,0.250000,1.000000,2.500000,2.000000,3.000000,1,1,0,1,0
minute_37_01,66502,82,5469,2,286,line_286,-1,288,1,measured,3.910938,1.379495,0.766823,1.000000,0.250000,1.000000,2.500000,2.000000,3.000000,1,0,0,1,0
minute_37_01,66502,82,5469,2,287,line_287,-1,288,1,measured,4.400000,2.476010,0.785603,1.000000,0.250000,1.000000,2.500000,2.000000,3.000000,1,1,0,1,0
minute_37_01,66502,82,5469,2,288,line_288,-1,288,1,measured,37.064064,13.127165,0.964006,1.000000,0.250000,1.000000,2.500000,2.000000,3.000000,1,1,0,1,0
minute_37_01,66503,83,5470,1,24,caption_plus_1,23,25,1,measured,5.129687,2.125822,0.785603,1.000000,0.250000,1.000000,2.500000,2.000000,3.000000,1,1,0,1,0
minute_37_01,66503,83,5470,1,25,caption_plus_2,23,25,1,measured,36.059376,13.099961,0.973396,1.000000,0.250000,1.000000,2.500000,2.000000,3.000000,1,1,0,1,0
minute_37_01,66503,83,5470,1,26,caption_plus_3,23,25,1,measured,36.532814,12.566778,0.904538,1.000000,0.250000,1.000000,2.500000,2.000000,3.000000,1,1,0,1,0
minute_37_01,66503,83,5470,2,286,line_286,-1,288,1,measured,4.051562,1.440106,0.790297,1.000000,0.250000,1.000000,2.500000,2.000000,3.000000,1,0,0,1,0
minute_37_01,66503,83,5470,2,287,line_287,-1,288,1,measured,4.140625,2.002086,0.749609,1.000000,0.250000,1.000000,2.500000,2.000000,3.000000,1,1,0,1,0
minute_37_01,66503,83,5470,2,288,line_288,-1,288,1,measured,38.242188,13.463924,0.943662,1.000000,0.250000,1.000000,2.500000,2.000000,3.000000,1,1,0,1,0
minute_37_01,66504,84,5471,2,286,line_286,-1,288,1,measured,4.639062,1.443533,0.749609,1.000000,0.250000,1.000000,2.500000,2.000000,3.000000,1,0,0,1,0
minute_37_01,66504,84,5471,2,287,line_287,-1,288,1,measured,4.782813,1.952887,0.768388,1.000000,0.250000,1.000000,2.500000,2.000000,3.000000,1,0,0,1,0
minute_37_01,66504,84,5471,2,288,line_288,-1,288,1,measured,37.215626,12.474740,0.993740,1.000000,0.250000,1.000000,2.500000,2.000000,3.000000,1,1,0,1,0
minute_37_01,66505,85,5472,1,24,caption_plus_1,23,25,1,measured,5.317187,1.725096,0.790297,1.000000,0.250000,1.000000,2.500000,2.000000,3.000000,1,0,0,1,0
minute_37_01,66505,85,5472,1,25,caption_plus_2,23,25,1,measured,35.139061,12.393334,0.924883,1.000000,0.250000,1.000000,2.500000,2.000000,3.000000,1,1,0,1,0
minute_37_01,66505,85,5472,1,26,caption_plus_3,23,25,1,measured,35.767189,12.297886,0.920188,1.000000,0.250000,1.000000,2.500000,2.000000,3.000000,1,1,0,1,0
minute_37_01,66505,85,5472,2,286,line_286,-1,288,1,measured,4.879687,1.350773,0.791862,1.000000,0.250000,1.000000,2.500000,2.000000,3.000000,1,0,0,1,0
minute_37_01,66505,85,5472,2,287,line_287,-1,288,1,measured,4.760938,2.372506,0.737089,1.000000,0.250000,1.000000,2.500000,2.000000,3.000000,1,1,0,1,0
minute_37_01,66505,85,5472,2,288,line_288,-1,288,1,measured,35.990623,12.483736,0.982786,1.000000,0.250000,1.000000,2.500000,2.000000,3.000000,1,1,0,1,0
minute_37_01,66506,86,5473,2,286,line_286,-1,288,1,measured,4.251563,1.459076,0.765258,1.000000,0.250000,1.000000,2.500000,2.000000,3.000000,1,0,0,1,0
minute_37_01,66506,86,5473,2,287,line_287,-1,288,1,measured,4.657813,2.407041,0.780908,1.000000,0.250000,1.000000,2.500000,2.000000,3.000000,1,1,0,1,0
minute_37_01,66506,86,5473,2,288,line_288,-1,288,1,measured,35.039062,12.110301,0.937402,1.000000,0.250000,1.000000,2.500000,2.000000,3.000000,1,1,0,1,0
minute_37_01,66507,87,5474,2,286,line_286,-1,288,1,measured,4.846875,1.249371,0.791862,1.000000,0.250000,1.000000,2.500000,2.000000,3.000000,1,0,0,1,0
minute_37_01,66507,87,5474,2,287,line_287,-1,288,1,measured,5.001563,2.396286,0.788732,1.000000,0.250000,1.000000,2.500000,2.000000,3.000000,1,1,0,1,0
minute_37_01,66507,87,5474,2,288,line_288,-1,288,1,measured,33.673439,11.037065,0.885759,1.000000,0.250000,1.000000,2.500000,2.000000,3.000000,1,1,0,1,0
minute_37_01,66508,88,5475,1,24,caption_plus_1,23,25,1,measured,5.925000,1.993113,0.787167,1.000000,0.250000,1.000000,2.500000,2.000000,3.000000,1,0,0,1,0
minute_37_01,66508,88,5475,1,25,caption_plus_2,23,25,1,measured,33.578125,11.088007,0.904538,1.000000,0.250000,1.000000,2.500000,2.000000,3.000000,1,1,0,1,0
minute_37_01,66508,88,5475,1,26,caption_plus_3,23,25,1,measured,33.028126,10.957553,0.912363,1.000000,0.250000,1.000000,2.500000,2.000000,3.000000,1,1,0,1,0
minute_37_01,66508,88,5475,2,286,line_286,-1,288,1,measured,4.471875,1.386032,0.760563,1.000000,0.250000,1.000000,2.500000,2.000000,3.000000,1,0,0,1,0
minute_37_01,66508,88,5475,2,287,line_287,-1,288,1,measured,4.676562,2.252793,0.765258,1.000000,0.250000,1.000000,2.500000,2.000000,3.000000,1,1,0,1,0
minute_37_01,66508,88,5475,2,288,line_288,-1,288,1,measured,32.887501,10.763501,0.834116,1.000000,0.250000,1.000000,2.500000,2.000000,3.000000,1,1,0,1,0
minute_37_01,66509,89,5476,2,286,line_286,-1,288,1,measured,5.284375,1.483368,0.702660,1.000000,0.250000,1.000000,2.500000,2.000000,3.000000,1,0,0,1,0
minute_37_01,66509,89,5476,2,287,line_287,-1,288,1,measured,5.692187,2.440659,0.738654,1.000000,0.250000,1.000000,2.500000,2.000000,3.000000,1,1,0,1,0
minute_37_01,66509,89,5476,2,288,line_288,-1,288,1,measured,33.599998,10.424701,0.906103,1.000000,0.250000,1.000000,2.500000,2.000000,3.000000,1,1,0,1,0
minute_37_01,66510,90,5477,1,24,caption_plus_1,23,25,1,measured,5.454688,1.814303,0.754304,1.000000,0.250000,1.000000,2.500000,2.000000,3.000000,1,0,0,1,0
minute_37_01,66510,90,5477,1,25,caption_plus_2,23,25,1,measured,32.849998,11.140130,0.895149,1.000000,0.250000,1.000000,2.500000,2.000000,3.000000,1,1,0,1,0
minute_37_01,66510,90,5477,1,26,caption_plus_3,23,25,1,measured,32.345314,10.135542,0.928012,1.000000,0.250000,1.000000,2.500000,2.000000,3.000000,1,1,0,1,0
minute_37_01,66510,90,5477,2,286,line_286,-1,288,1,measured,5.432813,1.571778,0.766823,1.000000,0.250000,1.000000,2.500000,2.000000,3.000000,1,0,0,1,0
minute_37_01,66510,90,5477,2,287,line_287,-1,288,1,measured,5.387500,2.436025,0.793427,1.000000,0.250000,1.000000,2.500000,2.000000,3.000000,1,1,0,1,0
minute_37_01,66510,90,5477,2,288,line_288,-1,288,1,measured,32.878124,10.287469,0.893584,1.000000,0.250000,1.000000,2.500000,2.000000,3.000000,1,1,0,1,0
minute_37_01,66511,91,5478,1,24,caption_plus_1,23,25,1,measured,4.764062,2.222532,0.843506,1.000000,0.250000,1.000000,2.500000,2.000000,3.000000,1,1,0,1,0
minute_37_01,66511,91,5478,1,25,caption_plus_2,23,25,1,measured,30.790625,10.514867,0.859155,1.000000,0.250000,1.000000,2.500000,2.000000,3.000000,1,1,0,1,0
minute_37_01,66511,91,5478,1,26,caption_plus_3,23,25,1,measured,31.101562,10.090714,0.906103,1.000000,0.250000,1.000000,2.500000,2.000000,3.000000,1,1,0,1,0
minute_37_01,66511,91,5478,2,286,line_286,-1,288,1,measured,3.987500,1.588976,0.712050,1.000000,0.250000,1.000000,2.500000,2.000000,3.000000,1,0,0,1,0
minute_37_01,66511,91,5478,2,287,line_287,-1,288,1,measured,4.467187,1.951486,0.752739,1.000000,0.250000,1.000000,2.500000,2.000000,3.000000,1,0,0,1,0
minute_37_01,66511,91,5478,2,288,line_288,-1,288,1,measured,31.940624,10.645550,0.928012,1.000000,0.250000,1.000000,2.500000,2.000000,3.000000,1,1,0,1,0
minute_37_01,66512,92,5479,1,25,caption_plus_1,24,26,1,measured,4.723437,1.798458,0.779343,1.000000,0.250000,1.000000,2.500000,2.000000,3.000000,1,0,0,1,0
minute_37_01,66512,92,5479,1,26,caption_plus_2,24,26,1,measured,31.790625,10.527341,0.898279,1.000000,0.250000,1.000000,2.500000,2.000000,3.000000,1,1,0,1,0
minute_37_01,66512,92,5479,1,27,caption_plus_3,24,26,1,measured,31.109375,9.633790,0.824726,1.000000,0.250000,1.000000,2.500000,2.000000,3.000000,1,1,0,1,0
minute_37_01,66512,92,5479,2,286,line_286,-1,288,1,measured,3.918750,1.357718,0.796557,1.000000,0.250000,1.000000,2.500000,2.000000,3.000000,1,0,0,1,0
minute_37_01,66512,92,5479,2,287,line_287,-1,288,1,measured,4.404687,2.106606,0.757433,1.000000,0.250000,1.000000,2.500000,2.000000,3.000000,1,1,0,1,0
minute_37_01,66512,92,5479,2,288,line_288,-1,288,1,measured,30.895313,10.785261,0.893584,1.000000,0.250000,1.000000,2.500000,2.000000,3.000000,1,1,0,1,0
minute_37_01,66513,93,5480,1,24,caption_plus_1,23,25,1,measured,4.934375,1.956257,0.785603,1.000000,0.250000,1.000000,2.500000,2.000000,3.000000,1,0,0,1,0
minute_37_01,66513,93,5480,1,25,caption_plus_2,23,25,1,measured,31.548437,10.234325,0.871674,1.000000,0.250000,1.000000,2.500000,2.000000,3.000000,1,1,0,1,0
minute_37_01,66513,93,5480,1,26,caption_plus_3,23,25,1,measured,31.098438,9.631393,0.851330,1.000000,0.250000,1.000000,2.500000,2.000000,3.000000,1,1,0,1,0
minute_37_01,66513,93,5480,2,286,line_286,-1,288,1,measured,3.464062,1.568824,0.785603,1.000000,0.250000,1.000000,2.500000,2.000000,3.000000,0,0,0,0,0
minute_37_01,66513,93,5480,2,287,line_287,-1,288,1,measured,3.784375,1.875935,0.766823,1.000000,0.250000,1.000000,2.500000,2.000000,3.000000,1,0,0,1,0
minute_37_01,66513,93,5480,2,288,line_288,-1,288,1,measured,30.870312,10.315813,0.881064,1.000000,0.250000,1.000000,2.500000,2.000000,3.000000,1,1,0,1,0
minute_37_01,66514,94,5481,1,25,caption_plus_1,24,26,1,measured,5.484375,2.096069,0.801252,1.000000,0.250000,1.000000,2.500000,2.000000,3.000000,1,1,0,1,0
minute_37_01,66514,94,5481,1,26,caption_plus_2,24,26,1,measured,31.279688,10.033767,0.824726,1.000000,0.250000,1.000000,2.500000,2.000000,3.000000,1,1,0,1,0
minute_37_01,66514,94,5481,1,27,caption_plus_3,24,26,1,measured,30.618750,9.505177,0.893584,1.000000,0.250000,1.000000,2.500000,2.000000,3.000000,1,1,0,1,0
minute_37_01,66514,94,5481,2,286,line_286,-1,288,1,measured,4.354688,1.584340,0.823161,1.000000,0.250000,1.000000,2.500000,2.000000,3.000000,1,0,0,1,0
minute_37_01,66514,94,5481,2,287,line_287,-1,288,1,measured,4.610938,2.133850,0.754304,1.000000,0.250000,1.000000,2.500000,2.000000,3.000000,1,1,0,1,0
minute_37_01,66514,94,5481,2,288,line_288,-1,288,1,measured,30.917187,10.461134,0.805947,1.000000,0.250000,1.000000,2.500000,2.000000,3.000000,1,1,0,1,0
minute_37_01,66515,95,5482,1,24,caption_plus_1,23,25,1,measured,4.623437,1.913051,0.818466,1.000000,0.250000,1.000000,2.500000,2.000000,3.000000,1,0,0,1,0
minute_37_01,66515,95,5482,1,25,caption_plus_2,23,25,1,measured,29.354687,10.042293,0.876369,1.000000,0.250000,1.000000,2.500000,2.000000,3.000000,1,1,0,1,0
minute_37_01,66515,95,5482,1,26,caption_plus_3,23,25,1,measured,29.846874,9.349214,0.815336,1.000000,0.250000,1.000000,2.500000,2.000000,3.000000,1,1,0,1,0
minute_37_01,66515,95,5482,2,286,line_286,-1,288,1,measured,4.218750,1.326046,0.749609,1.000000,0.250000,1.000000,2.500000,2.000000,3.000000,1,0,0,1,0
minute_37_01,66515,95,5482,2,287,line_287,-1,288,1,measured,4.140625,2.278069,0.791862,1.000000,0.250000,1.000000,2.500000,2.000000,3.000000,1,1,0,1,0
minute_37_01,66515,95,5482,2,288,line_288,-1,288,1,measured,30.734375,10.556755,0.840376,1.000000,0.250000,1.000000,2.500000,2.000000,3.000000,1,1,0,1,0
minute_37_01,66516,96,5483,2,286,line_286,-1,288,1,measured,4.071875,1.531285,0.848200,1.000000,0.250000,1.000000,2.500000,2.000000,3.000000,1,0,0,1,0
minute_37_01,66516,96,5483,2,287,line_287,-1,288,1,measured,4.331250,2.257548,0.807512,1.000000,0.250000,1.000000,2.500000,2.000000,3.000000,1,1,0,1,0
minute_37_01,66516,96,5483,2,288,line_288,-1,288,1,measured,30.315624,9.963233,0.862285,1.000000,0.250000,1.000000,2.500000,2.000000,3.000000,1,1,0,1,0
minute_37_01,66517,97,5484,1,25,caption_plus_1,24,26,1,measured,4.990625,1.899812,0.746479,1.000000,0.250000,1.000000,2.500000,2.000000,3.000000,1,0,0,1,0
minute_37_01,66517,97,5484,1,26,caption_plus_2,24,26,1,measured,30.987499,9.762804,0.840376,1.000000,0.250000,1.000000,2.500000,2.000000,3.000000,1,1,0,1,0
minute_37_01,66517,97,5484,1,27,caption_plus_3,24,26,1,measured,30.287500,9.303486,0.870110,1.000000,0.250000,1.000000,2.500000,2.000000,3.000000,1,1,0,1,0
minute_37_01,66517,97,5484,2,286,line_286,-1,288,1,measured,4.360938,1.184287,0.757433,1.000000,0.250000,1.000000,2.500000,2.000000,3.000000,1,0,0,1,0
minute_37_01,66517,97,5484,2,287,line_287,-1,288,1,measured,4.026563,1.943960,0.732394,1.000000,0.250000,1.000000,2.500000,2.000000,3.000000,1,0,0,1,0
minute_37_01,66517,97,5484,2,288,line_288,-1,288,1,measured,31.107813,9.987302,0.912363,1.000000,0.250000,1.000000,2.500000,2.000000,3.000000,1,1,0,1,0
minute_37_01,66518,98,5485,1,25,caption_plus_1,24,26,1,measured,5.090625,1.891074,0.813772,1.000000,0.250000,1.000000,2.500000,2.000000,3.000000,1,0,0,1,0
minute_37_01,66518,98,5485,1,26,caption_plus_2,24,26,1,measured,30.089062,9.754961,0.845070,1.000000,0.250000,1.000000,2.500000,2.000000,3.000000,1,1,0,1,0
minute_37_01,66518,98,5485,1,27,caption_plus_3,24,26,1,measured,30.560938,9.158639,0.856025,1.000000,0.250000,1.000000,2.500000,2.000000,3.000000,1,1,0,1,0
minute_37_01,66518,98,5485,2,286,line_286,-1,288,1,measured,5.423438,1.416559,0.821596,1.000000,0.250000,1.000000,2.500000,2.000000,3.000000,1,0,0,1,0
minute_37_01,66518,98,5485,2,287,line_287,-1,288,1,measured,4.762500,2.337166,0.755869,1.000000,0.250000,1.000000,2.500000,2.000000,3.000000,1,1,0,1,0
minute_37_01,66518,98,5485,2,288,line_288,-1,288,1,measured,32.218750,9.991041,0.910798,1.000000,0.250000,1.000000,2.500000,2.000000,3.000000,1,1,0,1,0
minute_37_01,66519,99,5486,1,24,caption_plus_1,23,25,1,measured,5.029687,2.058684,0.774648,1.000000,0.250000,1.000000,2.500000,2.000000,3.000000,1,1,0,1,0
minute_37_01,66519,99,5486,1,25,caption_plus_2,23,25,1,measured,30.003124,9.812301,0.893584,1.000000,0.250000,1.000000,2.500000,2.000000,3.000000,1,1,0,1,0
minute_37_01,66519,99,5486,1,26,caption_plus_3,23,25,1,measured,30.284374,9.271280,0.793427,1.000000,0.250000,1.000000,2.500000,2.000000,3.000000,1,1,0,1,0
minute_37_01,66519,99,5486,2,286,line_286,-1,288,1,measured,5.410937,1.527315,0.790297,1.000000,0.250000,1.000000,2.500000,2.000000,3.000000,1,0,0,1,0
minute_37_01,66519,99,5486,2,287,line_287,-1,288,1,measured,5.418750,2.086330,0.840376,1.000000,0.250000,1.000000,2.500000,2.000000,3.000000,1,1,0,1,0
minute_37_01,66519,99,5486,2,288,line_288,-1,288,1,measured,32.075001,9.648542,0.854460,1.000000,0.250000,1.000000,2.500000,2.000000,3.000000,1,1,0,1,0
minute_37_01,66520,100,5487,1,24,caption_plus_1,23,25,1,measured,4.475000,1.958794,0.798122,1.000000,0.250000,1.000000,2.500000,2.000000,3.000000,1,0,0,1,0
minute_37_01,66520,100,5487,1,25,caption_plus_2,23,25,1,measured,30.112499,9.721745,0.862285,1.000000,0.250000,1.000000,2.500000,2.000000,3.000000,1,1,0,1,0
minute_37_01,66520,100,5487,1,26,caption_plus_3,23,25,1,measured,29.679688,8.996121,0.854460,1.000000,0.250000,1.000000,2.500000,2.000000,3.000000,1,1,0,1,0
minute_37_01,66520,100,5487,2,286,line_286,-1,288,1,measured,5.879687,1.267216,0.801252,1.000000,0.250000,1.000000,2.500000,2.000000,3.000000,1,0,0,1,0
minute_37_01,66520,100,5487,2,287,line_287,-1,288,1,measured,5.082812,2.211692,0.763693,1.000000,0.250000,1.000000,2.500000,2.000000,3.000000,1,1,0,1,0
minute_37_01,66520,100,5487,2,288,line_288,-1,288,1,measured,31.434376,10.182494,0.851330,1.000000,0.250000,1.000000,2.500000,2.000000,3.000000,1,1,0,1,0
minute_37_01,66521,101,5488,1,25,caption_plus_1,24,26,1,measured,4.671875,1.848603,0.779343,1.000000,0.250000,1.000000,2.500000,2.000000,3.000000,1,0,0,1,0
minute_37_01,66521,101,5488,1,26,caption_plus_2,24,26,1,measured,30.393749,9.832565,0.921753,1.000000,0.250000,1.000000,2.500000,2.000000,3.000000,1,1,0,1,0
minute_37_01,66521,101,5488,1,27,caption_plus_3,24,26,1,measured,30.409374,8.992597,0.856025,1.000000,0.250000,1.000000,2.500000,2.000000,3.000000,1,1,0,1,0
minute_37_01,66521,101,5488,2,286,line_286,-1,288,1,measured,4.379687,1.594295,0.830986,1.000000,0.250000,1.000000,2.500000,2.000000,3.000000,1,0,0,1,0
minute_37_01,66521,101,5488,2,287,line_287,-1,288,1,measured,4.643750,2.015865,0.752739,1.000000,0.250000,1.000000,2.500000,2.000000,3.000000,1,1,0,1,0
minute_37_01,66521,101,5488,2,288,line_288,-1,288,1,measured,30.993750,9.632463,0.865415,1.000000,0.250000,1.000000,2.500000,2.000000,3.000000,1,1,0,1,0
minute_37_01,66522,102,5489,1,25,caption_plus_1,24,26,1,measured,3.981250,1.991299,0.755869,1.000000,0.250000,1.000000,2.500000,2.000000,3.000000,1,0,0,1,0
minute_37_01,66522,102,5489,1,26,caption_plus_2,24,26,1,measured,30.179688,9.553004,0.785603,1.000000,0.250000,1.000000,2.500000,2.000000,3.000000,1,1,0,1,0
minute_37_01,66522,102,5489,1,27,caption_plus_3,24,26,1,measured,30.112499,8.978612,0.838811,1.000000,0.250000,1.000000,2.500000,2.000000,3.000000,1,1,0,1,0
minute_37_01,66522,102,5489,2,286,line_286,-1,288,1,measured,5.453125,1.681979,0.898279,1.000000,0.250000,1.000000,2.500000,2.000000,3.000000,1,0,0,1,0
minute_37_01,66522,102,5489,2,287,line_287,-1,288,1,measured,5.735938,2.469303,0.838811,1.000000,0.250000,1.000000,2.500000,2.000000,3.000000,1,1,0,1,0
minute_37_01,66522,102,5489,2,288,line_288,-1,288,1,measured,30.621876,9.369372,0.904538,1.000000,0.250000,1.000000,2.500000,2.000000,3.000000,1,1,0,1,0
minute_37_01,66523,103,5490,1,25,caption_plus_1,24,26,1,measured,6.421875,1.995344,0.802817,1.000000,0.250000,1.000000,2.500000,2.000000,3.000000,1,0,0,1,0
minute_37_01,66523,103,5490,1,26,caption_plus_2,24,26,1,measured,30.478125,9.595384,0.830986,1.000000,0.250000,1.000000,2.500000,2.000000,3.000000,1,1,0,1,0
minute_37_01,66523,103,5490,1,27,caption_plus_3,24,26,1,measured,30.931250,9.055986,0.832551,1.000000,0.250000,1.000000,2.500000,2.000000,3.000000,1,1,0,1,0
minute_37_01,66523,103,5490,2,286,line_286,-1,288,1,measured,4.475000,1.350694,0.768388,1.000000,0.250000,1.000000,2.500000,2.000000,3.000000,1,0,0,1,0
minute_37_01,66523,103,5490,2,287,line_287,-1,288,1,measured,3.764062,2.102593,0.773083,1.000000,0.250000,1.000000,2.500000,2.000000,3.000000,1,1,0,1,0
minute_37_01,66523,103,5490,2,288,line_288,-1,288,1,measured,32.165627,10.533462,0.877934,1.000000,0.250000,1.000000,2.500000,2.000000,3.000000,1,1,0,1,0
minute_37_01,66524,104,5491,1,24,caption_plus_1,23,25,1,measured,5.668750,2.293256,0.780908,1.000000,0.250000,1.000000,2.500000,2.000000,3.000000,1,1,0,1,0
minute_37_01,66524,104,5491,1,25,caption_plus_2,23,25,1,measured,32.003124,10.358571,0.917058,1.000000,0.250000,1.000000,2.500000,2.000000,3.000000,1,1,0,1,0
minute_37_01,66524,104,5491,1,26,caption_plus_3,23,25,1,measured,31.820312,9.497889,0.827856,1.000000,0.250000,1.000000,2.500000,2.000000,3.000000,1,1,0,1,0
minute_37_01,66524,104,5491,2,286,line_286,-1,288,1,measured,5.020312,1.311450,0.754304,1.000000,0.250000,1.000000,2.500000,2.000000,3.000000,1,0,0,1,0
minute_37_01,66524,104,5491,2,287,line_287,-1,288,1,measured,5.332812,2.292007,0.805947,1.000000,0.250000,1.000000,2.500000,2.000000,3.000000,1,1,0,1,0
minute_37_01,66524,104,5491,2,288,line_288,-1,288,1,measured,32.993752,10.887061,0.904538,1.000000,0.250000,1.000000,2.500000,2.000000,3.000000,1,1,0,1,0
minute_37_01,66525,105,5492,1,24,caption_plus_1,23,25,1,measured,5.271875,1.877787,0.776213,1.000000,0.250000,1.000000,2.500000,2.000000,3.000000,1,0,0,1,0
minute_37_01,66525,105,5492,1,25,caption_plus_2,23,25,1,measured,32.351562,10.867374,0.882629,1.000000,0.250000,1.000000,2.500000,2.000000,3.000000,1,1,0,1,0
minute_37_01,66525,105,5492,1,26,caption_plus_3,23,25,1,measured,32.098438,9.898138,0.882629,1.000000,0.250000,1.000000,2.500000,2.000000,3.000000,1,1,0,1,0
minute_37_01,66525,105,5492,2,286,line_286,-1,288,1,measured,5.192187,1.620841,0.805947,1.000000,0.250000,1.000000,2.500000,2.000000,3.000000,1,0,0,1,0
minute_37_01,66525,105,5492,2,287,line_287,-1,288,1,measured,4.637500,2.161416,0.779343,1.000000,0.250000,1.000000,2.500000,2.000000,3.000000,1,1,0,1,0
minute_37_01,66525,105,5492,2,288,line_288,-1,288,1,measured,33.634377,11.213444,0.971831,1.000000,0.250000,1.000000,2.500000,2.000000,3.000000,1,1,0,1,0
minute_37_01,66526,106,5493,1,25,caption_plus_1,24,26,1,measured,5.554688,2.116928,0.882629,1.000000,0.250000,1.000000,2.500000,2.000000,3.000000,1,1,0,1,0
minute_37_01,66526,106,5493,1,26,caption_plus_2,24,26,1,measured,33.400002,11.158069,0.881064,1.000000,0.250000,1.000000,2.500000,2.000000,3.000000,1,1,0,1,0
minute_37_01,66526,106,5493,1,27,caption_plus_3,24,26,1,measured,32.751564,10.494455,0.832551,1.000000,0.250000,1.000000,2.500000,2.000000,3.000000,1,1,0,1,0
minute_37_01,66526,106,5493,2,286,line_286,-1,288,1,measured,5.521875,1.263486,0.738654,1.000000,0.250000,1.000000,2.500000,2.000000,3.000000,1,0,0,1,0
minute_37_01,66526,106,5493,2,287,line_287,-1,288,1,measured,5.353125,2.471776,0.845070,1.000000,0.250000,1.000000,2.500000,2.000000,3.000000,1,1,0,1,0
minute_37_01,66526,106,5493,2,288,line_288,-1,288,1,measured,34.731251,11.113743,0.868545,1.000000,0.250000,1.000000,2.500000,2.000000,3.000000,1,1,0,1,0
minute_37_01,66527,107,5494,1,25,caption_plus_1,24,26,1,measured,5.600000,2.127058,0.793427,1.000000,0.250000,1.000000,2.500000,2.000000,3.000000,1,1,0,1,0
minute_37_01,66527,107,5494,1,26,caption_plus_2,24,26,1,measured,33.839062,11.555600,0.877934,1.000000,0.250000,1.000000,2.500000,2.000000,3.000000,1,1,0,1,0
minute_37_01,66527,107,5494,1,27,caption_plus_3,24,26,1,measured,33.290627,10.805376,0.882629,1.000000,0.250000,1.000000,2.500000,2.000000,3.000000,1,1,0,1,0
minute_37_01,66527,107,5494,2,286,line_286,-1,288,1,measured,4.556250,1.338128,0.718310,1.000000,0.250000,1.000000,2.500000,2.000000,3.000000,1,0,0,1,0
minute_37_01,66527,107,5494,2,287,line_287,-1,288,1,measured,5.104688,2.338531,0.821596,1.000000,0.250000,1.000000,2.500000,2.000000,3.000000,1,1,0,1,0
minute_37_01,66527,107,5494,2,288,line_288,-1,288,1,measured,34.492188,11.030778,0.901408,1.000000,0.250000,1.000000,2.500000,2.000000,3.000000,1,1,0,1,0
minute_37_01,66528,108,5495,1,24,caption_plus_1,23,25,1,measured,6.448438,2.358594,0.805947,1.000000,0.250000,1.000000,2.500000,2.000000,3.000000,1,1,0,1,0
minute_37_01,66528,108,5495,1,25,caption_plus_2,23,25,1,measured,34.599998,11.607083,0.870110,1.000000,0.250000,1.000000,2.500000,2.000000,3.000000,1,1,0,1,0
minute_37_01,66528,108,5495,1,26,caption_plus_3,23,25,1,measured,34.021873,10.860025,0.879499,1.000000,0.250000,1.000000,2.500000,2.000000,3.000000,1,1,0,1,0
minute_37_01,66528,108,5495,2,286,line_286,-1,288,1,measured,4.951562,1.505977,0.807512,1.000000,0.250000,1.000000,2.500000,2.000000,3.000000,1,0,0,1,0
minute_37_01,66528,108,5495,2,287,line_287,-1,288,1,measured,4.968750,2.597888,0.794992,1.000000,0.250000,1.000000,2.500000,2.000000,3.000000,1,1,0,1,0
minute_37_01,66528,108,5495,2,288,line_288,-1,288,1,measured,35.618752,11.869273,0.931142,1.000000,0.250000,1.000000,2.500000,2.000000,3.000000,1,1,0,1,0
minute_37_01,66529,109,5496,1,25,caption_plus_1,24,26,1,measured,5.964063,1.935755,0.884194,1.000000,0.250000,1.000000,2.500000,2.000000,3.000000,1,0,0,1,0
minute_37_01,66529,109,5496,1,26,caption_plus_2,24,26,1,measured,34.106251,11.289983,0.931142,1.000000,0.250000,1.000000,2.500000,2.000000,3.000000,1,1,0,1,0
minute_37_01,66529,109,5496,1,27,caption_plus_3,24,26,1,measured,34.279686,10.872624,0.859155,1.000000,0.250000,1.000000,2.500000,2.000000,3.000000,1,1,0,1,0
minute_37_01,66529,109,5496,2,286,line_286,-1,288,1,measured,4.915625,1.435838,0.768388,1.000000,0.250000,1.000000,2.500000,2.000000,3.000000,1,0,0,1,0
minute_37_01,66529,109,5496,2,287,line_287,-1,288,1,measured,4.065625,2.289666,0.782473,1.000000,0.250000,1.000000,2.500000,2.000000,3.000000,1,1,0,1,0
minute_37_01,66529,109,5496,2,288,line_288,-1,288,1,measured,34.718750,11.742110,0.945227,1.000000,0.250000,1.000000,2.500000,2.000000,3.000000,1,1,0,1,0
minute_37_01,66530,110,5497,1,25,caption_plus_1,24,26,1,measured,5.712500,2.047521,0.843506,1.000000,0.250000,1.000000,2.500000,2.000000,3.000000,1,1,0,1,0
minute_37_01,66530,110,5497,1,26,caption_plus_2,24,26,1,measured,35.095314,11.372197,0.876369,1.000000,0.250000,1.000000,2.500000,2.000000,3.000000,1,1,0,1,0
minute_37_01,66530,110,5497,1,27,caption_plus_3,24,26,1,measured,34.232811,10.813065,0.885759,1.000000,0.250000,1.000000,2.500000,2.000000,3.000000,1,1,0,1,0
minute_37_01,66530,110,5497,2,286,line_286,-1,288,1,measured,4.484375,1.561171,0.773083,1.000000,0.250000,1.000000,2.500000,2.000000,3.000000,1,0,0,1,0
minute_37_01,66530,110,5497,2,287,line_287,-1,288,1,measured,4.934375,2.176308,0.749609,1.000000,0.250000,1.000000,2.500000,2.000000,3.000000,1,1,0,1,0
minute_37_01,66530,110,5497,2,288,line_288,-1,288,1,measured,35.107811,11.525486,0.917058,1.000000,0.250000,1.000000,2.500000,2.000000,3.000000,1,1,0,1,0
minute_37_01,66531,111,5498,1,24,caption_plus_1,23,25,1,measured,6.926562,1.973872,0.798122,1.000000,0.250000,1.000000,2.500000,2.000000,3.000000,1,0,0,1,0
minute_37_01,66531,111,5498,1,25,caption_plus_2,23,25,1,measured,34.279686,11.349073,0.898279,1.000000,0.250000,1.000000,2.500000,2.000000,3.000000,1,1,0,1,0
minute_37_01,66531,111,5498,1,26,caption_plus_3,23,25,1,measured,33.592186,10.713204,0.829421,1.000000,0.250000,1.000000,2.500000,2.000000,3.000000,1,1,0,1,0
minute_37_01,66531,111,5498,2,286,line_286,-1,288,1,measured,4.800000,1.374091,0.796557,1.000000,0.250000,1.000000,2.500000,2.000000,3.000000,1,0,0,1,0
minute_37_01,66531,111,5498,2,287,line_287,-1,288,1,measured,5.025000,2.537100,0.771518,1.000000,0.250000,1.000000,2.500000,2.000000,3.000000,1,1,0,1,0
minute_37_01,66531,111,5498,2,288,line_288,-1,288,1,measured,36.184376,11.986857,0.888889,1.000000,0.250000,1.000000,2.500000,2.000000,3.000000,1,1,0,1,0
minute_37_01,66532,112,5499,1,25,caption_plus_1,24,26,1,measured,8.398438,2.139436,0.830986,1.000000,0.250000,1.000000,2.500000,2.000000,3.000000,1,1,0,1,0
minute_37_01,66532,112,5499,1,26,caption_plus_2,24,26,1,measured,35.890625,11.736984,0.910798,1.000000,0.250000,1.000000,2.500000,2.000000,3.000000,1,1,0,1,0
minute_37_01,66532,112,5499,1,27,caption_plus_3,24,26,1,measured,34.573437,10.733021,0.876369,1.000000,0.250000,1.000000,2.500000,2.000000,3.000000,1,1,0,1,0
minute_37_01,66532,112,5499,2,286,line_286,-1,288,1,measured,5.159375,1.593808,0.724570,1.000000,0.250000,1.000000,2.500000,2.000000,3.000000,1,0,0,1,0
minute_37_01,66532,112,5499,2,287,line_287,-1,288,1,measured,5.825000,2.431692,0.730829,1.000000,0.250000,1.000000,2.500000,2.000000,3.000000,1,1,0,1,0
minute_37_01,66532,112,5499,2,288,line_288,-1,288,1,measured,35.873436,11.800341,0.926448,1.000000,0.250000,1.000000,2.500000,2.000000,3.000000,1,1,0,1,0
minute_37_01,66533,113,5500,1,24,caption_plus_1,23,25,1,measured,6.418750,1.898920,0.776213,1.000000,0.250000,1.000000,2.500000,2.000000,3.000000,1,0,0,1,0
minute_37_01,66533,113,5500,1,25,caption_plus_2,23,25,1,measured,34.148438,11.032543,0.904538,1.000000,0.250000,1.000000,2.500000,2.000000,3.000000,1,1,0,1,0
minute_37_01,66533,113,5500,1,26,caption_plus_3,23,25,1,measured,33.906250,9.947234,0.882629,1.000000,0.250000,1.000000,2.500000,2.000000,3.000000,1,1,0,1,0
minute_37_01,66533,113,5500,2,286,line_286,-1,288,1,measured,5.376563,1.422063,0.809077,1.000000,0.250000,1.000000,2.500000,2.000000,3.000000,1,0,0,1,0
minute_37_01,66533,113,5500,2,287,line_287,-1,288,1,measured,5.960938,2.312339,0.785603,1.000000,0.250000,1.000000,2.500000,2.000000,3.000000,1,1,0,1,0
minute_37_01,66533,113,5500,2,288,line_288,-1,288,1,measured,34.362499,10.791483,0.845070,1.000000,0.250000,1.000000,2.500000,2.000000,3.000000,1,1,0,1,0
minute_37_01,66534,114,5501,2,286,line_286,-1,288,1,measured,6.096875,1.758903,0.777778,1.000000,0.250000,1.000000,2.500000,2.000000,3.000000,1,0,0,1,0
minute_37_01,66534,114,5501,2,287,line_287,-1,288,1,measured,5.703125,2.337063,0.821596,1.000000,0.250000,1.000000,2.500000,2.000000,3.000000,1,1,0,1,0
minute_37_01,66534,114,5501,2,288,line_288,-1,288,1,measured,33.685936,10.543057,0.909233,1.000000,0.250000,1.000000,2.500000,2.000000,3.000000,1,1,0,1,0
minute_37_01,66535,115,5502,1,24,caption_plus_1,23,25,1,measured,5.410937,1.936864,0.766823,1.000000,0.250000,1.000000,2.500000,2.000000,3.000000,1,0,0,1,0
minute_37_01,66535,115,5502,1,25,caption_plus_2,23,25,1,measured,32.779686,9.981228,0.863850,1.000000,0.250000,1.000000,2.500000,2.000000,3.000000,1,1,0,1,0
minute_37_01,66535,115,5502,1,26,caption_plus_3,23,25,1,measured,32.439064,9.432956,0.901408,1.000000,0.250000,1.000000,2.500000,2.000000,3.000000,1,1,0,1,0
minute_37_01,66535,115,5502,2,286,line_286,-1,288,1,measured,4.637500,1.399721,0.816901,1.000000,0.250000,1.000000,2.500000,2.000000,3.000000,1,0,0,1,0
minute_37_01,66535,115,5502,2,287,line_287,-1,288,1,measured,4.753125,2.422871,0.801252,1.000000,0.250000,1.000000,2.500000,2.000000,3.000000,1,1,0,1,0
minute_37_01,66535,115,5502,2,288,line_288,-1,288,1,measured,32.337502,10.011017,0.793427,1.000000,0.250000,1.000000,2.500000,2.000000,3.000000,1,1,0,1,0
minute_37_01,66536,116,5503,1,24,caption_plus_1,23,25,1,measured,6.395312,2.115045,0.813772,1.000000,0.250000,1.000000,2.500000,2.000000,3.000000,1,1,0,1,0
minute_37_01,66536,116,5503,1,25,caption_plus_2,23,25,1,measured,32.306252,10.132094,0.906103,1.000000,0.250000,1.000000,2.500000,2.000000,3.000000,1,1,0,1,0
minute_37_01,66536,116,5503,1,26,caption_plus_3,23,25,1,measured,31.729687,9.529578,0.830986,1.000000,0.250000,1.000000,2.500000,2.000000,3.000000,1,1,0,1,0
minute_37_01,66536,116,5503,2,286,line_286,-1,288,1,measured,4.356250,1.570616,0.777778,1.000000,0.250000,1.000000,2.500000,2.000000,3.000000,1,0,0,1,0
minute_37_01,66536,116,5503,2,287,line_287,-1,288,1,measured,4.920312,2.268306,0.796557,1.000000,0.250000,1.000000,2.500000,2.000000,3.000000,1,1,0,1,0
minute_37_01,66536,116,5503,2,288,line_288,-1,288,1,measured,32.482811,10.248462,0.953052,1.000000,0.250000,1.000000,2.500000,2.000000,3.000000,1,1,0,1,0
minute_37_01,66537,117,5504,1,25,caption_plus_1,24,26,1,measured,6.389062,2.111769,0.856025,1.000000,0.250000,1.000000,2.500000,2.000000,3.000000,1,1,0,1,0
minute_37_01,66537,117,5504,1,26,caption_plus_2,24,26,1,measured,32.642189,9.946345,0.923318,1.000000,0.250000,1.000000,2.500000,2.000000,3.000000,1,1,0,1,0
minute_37_01,66537,117,5504,1,27,caption_plus_3,24,26,1,measured,32.637501,9.430162,0.829421,1.000000,0.250000,1.000000,2.500000,2.000000,3.000000,1,1,0,1,0
minute_37_01,66537,117,5504,2,286,line_286,-1,288,1,measured,4.948438,1.396031,0.755869,1.000000,0.250000,1.000000,2.500000,2.000000,3.000000,1,0,0,1,0
minute_37_01,66537,117,5504,2,287,line_287,-1,288,1,measured,4.879687,2.410827,0.730829,1.000000,0.250000,1.000000,2.500000,2.000000,3.000000,1,1,0,1,0
minute_37_01,66537,117,5504,2,288,line_288,-1,288,1,measured,32.315624,9.861244,0.846635,1.000000,0.250000,1.000000,2.500000,2.000000,3.000000,1,1,0,1,0
minute_37_01,66538,118,5505,2,286,line_286,-1,288,1,measured,5.329688,1.828351,0.754304,1.000000,0.250000,1.000000,2.500000,2.000000,3.000000,1,0,0,1,0
minute_37_01,66538,118,5505,2,287,line_287,-1,288,1,measured,5.196875,2.240673,0.802817,1.000000,0.250000,1.000000,2.500000,2.000000,3.000000,1,1,0,1,0
minute_37_01,66538,118,5505,2,288,line_288,-1,288,1,measured,32.682812,10.214161,0.868545,1.000000,0.250000,1.000000,2.500000,2.000000,3.000000,1,1,0,1,0
minute_37_01,66539,119,5506,1,25,caption_plus_1,24,26,1,measured,7.678125,2.107907,0.857590,1.000000,0.250000,1.000000,2.500000,2.000000,3.000000,1,1,0,1,0
minute_37_01,66539,119,5506,1,26,caption_plus_2,24,26,1,measured,31.581249,9.394462,0.940532,1.000000,0.250000,1.000000,2.500000,2.000000,3.000000,1,1,0,1,0
minute_37_01,66539,119,5506,1,27,caption_plus_3,24,26,1,measured,30.881250,8.806689,0.863850,1.000000,0.250000,1.000000,2.500000,2.000000,3.000000,1,1,0,1,0
minute_37_01,66539,119,5506,2,286,line_286,-1,288,1,measured,4.365625,1.653804,0.821596,1.000000,0.250000,1.000000,2.500000,2.000000,3.000000,1,0,0,1,0
minute_37_01,66539,119,5506,2,287,line_287,-1,288,1,measured,4.364062,2.208709,0.718310,1.000000,0.250000,1.000000,2.500000,2.000000,3.000000,1,1,0,1,0
minute_37_01,66539,119,5506,2,288,line_288,-1,288,1,measured,30.951563,10.226917,0.868545,1.000000,0.250000,1.000000,2.500000,2.000000,3.000000,1,1,0,1,0
minute_37_01,66540,120,5507,1,24,caption_plus_1,23,25,1,measured,7.362500,2.049352,0.793427,1.000000,0.250000,1.000000,2.500000,2.000000,3.000000,1,1,0,1,0
minute_37_01,66540,120,5507,1,25,caption_plus_2,23,25,1,measured,30.692188,8.773038,0.871674,1.000000,0.250000,1.000000,2.500000,2.000000,3.000000,1,1,0,1,0
minute_37_01,66540,120,5507,1,26,caption_plus_3,23,25,1,measured,28.976562,8.312890,0.830986,1.000000,0.250000,1.000000,2.500000,2.000000,3.000000,1,1,0,1,0
minute_37_01,66540,120,5507,2,286,line_286,-1,288,1,measured,5.210938,1.616576,0.810642,1.000000,0.250000,1.000000,2.500000,2.000000,3.000000,1,0,0,1,0
minute_37_01,66540,120,5507,2,287,line_287,-1,288,1,measured,5.773438,2.311705,0.776213,1.000000,0.250000,1.000000,2.500000,2.000000,3.000000,1,1,0,1,0
minute_37_01,66540,120,5507,2,288,line_288,-1,288,1,measured,31.306250,9.090171,0.901408,1.000000,0.250000,1.000000,2.500000,2.000000,3.000000,1,1,0,1,0
minute_37_01,66541,121,5508,1,24,caption_plus_1,23,25,1,measured,6.723437,1.821764,0.810642,1.000000,0.250000,1.000000,2.500000,2.000000,3.000000,1,0,0,1,0
minute_37_01,66541,121,5508,1,25,caption_plus_2,23,25,1,measured,29.875000,8.915927,0.810642,1.000000,0.250000,1.000000,2.500000,2.000000,3.000000,1,1,0,1,0
minute_37_01,66541,121,5508,1,26,caption_plus_3,23,25,1,measured,29.481251,8.250926,0.860720,1.000000,0.250000,1.000000,2.500000,2.000000,3.000000,1,1,0,1,0
minute_37_01,66541,121,5508,2,286,line_286,-1,288,1,measured,5.031250,1.568924,0.784038,1.000000,0.250000,1.000000,2.500000,2.000000,3.000000,1,0,0,1,0
minute_37_01,66541,121,5508,2,287,line_287,-1,288,1,measured,5.500000,2.263846,0.735524,1.000000,0.250000,1.000000,2.500000,2.000000,3.000000,1,1,0,1,0
minute_37_01,66541,121,5508,2,288,line_288,-1,288,1,measured,29.898438,9.220934,0.868545,1.000000,0.250000,1.000000,2.500000,2.000000,3.000000,1,1,0,1,0
minute_37_01,66542,122,5509,1,25,caption_plus_1,24,26,1,measured,7.664062,2.408570,0.829421,1.000000,0.250000,1.000000,2.500000,2.000000,3.000000,1,1,0,1,0
minute_37_01,66542,122,5509,1,26,caption_plus_2,24,26,1,measured,29.384375,8.908865,0.840376,1.000000,0.250000,1.000000,2.500000,2.000000,3.000000,1,1,0,1,0
minute_37_01,66542,122,5509,1,27,caption_plus_3,24,26,1,measured,29.831249,7.963567,0.801252,1.000000,0.250000,1.000000,2.500000,2.000000,3.000000,1,1,0,1,0
minute_37_01,66542,122,5509,2,286,line_286,-1,288,1,measured,4.764062,1.521396,0.758998,1.000000,0.250000,1.000000,2.500000,2.000000,3.000000,1,0,0,1,0
minute_37_01,66542,122,5509,2,287,line_287,-1,288,1,measured,5.428125,2.061816,0.785603,1.000000,0.250000,1.000000,2.500000,2.000000,3.000000,1,1,0,1,0
minute_37_01,66542,122,5509,2,288,line_288,-1,288,1,measured,29.581249,9.247953,0.881064,1.000000,0.250000,1.000000,2.500000,2.000000,3.000000,1,1,0,1,0
minute_37_01,66543,123,5510,2,286,line_286,-1,288,1,measured,5.709375,1.711151,0.784038,1.000000,0.250000,1.000000,2.500000,2.000000,3.000000,1,0,0,1,0
minute_37_01,66543,123,5510,2,287,line_287,-1,288,1,measured,5.464063,2.490975,0.841941,1.000000,0.250000,1.000000,2.500000,2.000000,3.000000,1,1,0,1,0
minute_37_01,66543,123,5510,2,288,line_288,-1,288,1,measured,30.415625,8.982747,0.815336,1.000000,0.250000,1.000000,2.500000,2.000000,3.000000,1,1,0,1,0
minute_37_01,66544,124,5511,1,24,caption_plus_1,23,25,1,measured,9.425000,1.991545,0.810642,1.000000,0.250000,1.000000,2.500000,2.000000,3.000000,1,0,0,1,0
minute_37_01,66544,124,5511,1,25,caption_plus_2,23,25,1,measured,30.523438,8.592480,0.893584,1.000000,0.250000,1.000000,2.500000,2.000000,3.000000,1,1,0,1,0
minute_37_01,66544,124,5511,1,26,caption_plus_3,23,25,1,measured,29.321875,8.102053,0.879499,1.000000,0.250000,1.000000,2.500000,2.000000,3.000000,1,1,0,1,0
minute_37_01,66544,124,5511,2,286,line_286,-1,288,1,measured,4.875000,1.459880,0.754304,1.000000,0.250000,1.000000,2.500000,2.000000,3.000000,1,0,0,1,0
minute_37_01,66544,124,5511,2,287,line_287,-1,288,1,measured,4.473437,2.294541,0.741784,1.000000,0.250000,1.000000,2.500000,2.000000,3.000000,1,1,0,1,0
minute_37_01,66544,124,5511,2,288,line_288,-1,288,1,measured,29.131250,8.419747,0.816901,1.000000,0.250000,1.000000,2.500000,2.000000,3.000000,1,1,0,1,0
minute_37_01,66545,125,5512,1,24,caption_plus_1,23,25,1,measured,7.356250,1.929530,0.779343,1.000000,0.250000,1.000000,2.500000,2.000000,3.000000,1,0,0,1,0
minute_37_01,66545,125,5512,1,25,caption_plus_2,23,25,1,measured,29.053125,8.344177,0.830986,1.000000,0.250000,1.000000,2.500000,2.000000,3.000000,1,1,0,1,0
minute_37_01,66545,125,5512,1,26,caption_plus_3,23,25,1,measured,28.546875,7.958937,0.856025,1.000000,0.250000,1.000000,2.500000,2.000000,3.000000,1,1,0,1,0
minute_37_01,66545,125,5512,2,286,line_286,-1,288,1,measured,5.456250,1.554618,0.818466,1.000000,0.250000,1.000000,2.500000,2.000000,3.000000,1,0,0,1,0
minute_37_01,66545,125,5512,2,287,line_287,-1,288,1,measured,5.609375,2.299573,0.813772,1.000000,0.250000,1.000000,2.500000,2.000000,3.000000,1,1,0,1,0
minute_37_01,66545,125,5512,2,288,line_288,-1,288,1,measured,28.939062,8.426764,0.812207,1.000000,0.250000,1.000000,2.500000,2.000000,3.000000,1,1,0,1,0
minute_37_01,66546,126,5513,1,25,caption_plus_1,24,26,1,measured,5.595313,1.841444,0.816901,1.000000,0.250000,1.000000,2.500000,2.000000,3.000000,1,0,0,1,0
minute_37_01,66546,126,5513,1,26,caption_plus_2,24,26,1,measured,28.664062,8.352654,0.843506,1.000000,0.250000,1.000000,2.500000,2.000000,3.000000,1,1,0,1,0
minute_37_01,66546,126,5513,1,27,caption_plus_3,24,26,1,measured,28.415625,7.721869,0.892019,1.000000,0.250000,1.000000,2.500000,2.000000,3.000000,1,1,0,1,0
minute_37_01,66546,126,5513,2,286,line_286,-1,288,1,measured,6.045312,1.660989,0.730829,1.000000,0.250000,1.000000,2.500000,2.000000,3.000000,1,0,0,1,0
minute_37_01,66546,126,5513,2,287,line_287,-1,288,1,measured,5.707812,2.520653,0.862285,1.000000,0.250000,1.000000,2.500000,2.000000,3.000000,1,1,0,1,0
minute_37_01,66546,126,5513,2,288,line_288,-1,288,1,measured,28.631250,8.588780,0.848200,1.000000,0.250000,1.000000,2.500000,2.000000,3.000000,1,1,0,1,0
minute_37_01,66547,127,5514,1,24,caption_plus_1,23,25,1,measured,6.937500,1.818095,0.782473,1.000000,0.250000,1.000000,2.500000,2.000000,3.000000,1,0,0,1,0
minute_37_01,66547,127,5514,1,25,caption_plus_2,23,25,1,measured,28.364063,9.070399,0.857590,1.000000,0.250000,1.000000,2.500000,2.000000,3.000000,1,1,0,1,0
minute_37_01,66547,127,5514,1,26,caption_plus_3,23,25,1,measured,28.373438,8.441319,0.838811,1.000000,0.250000,1.000000,2.500000,2.000000,3.000000,1,1,0,1,0
minute_37_01,66547,127,5514,2,286,line_286,-1,288,1,measured,5.343750,2.315834,0.748044,1.000000,0.250000,1.000000,2.500000,2.000000,3.000000,1,1,0,1,0
minute_37_01,66547,127,5514,2,287,line_287,-1,288,1,measured,5.803125,2.186319,0.799687,1.000000,0.250000,1.000000,2.500000,2.000000,3.000000,1,1,0,1,0
minute_37_01,66547,127,5514,2,288,line_288,-1,288,1,measured,31.267187,9.675784,0.788732,1.000000,0.250000,1.000000,2.500000,2.000000,3.000000,1,1,0,1,0
minute_37_01,66548,128,5515,1,25,caption_plus_1,24,26,1,measured,7.459375,2.047462,0.802817,1.000000,0.250000,1.000000,2.500000,2.000000,3.000000,1,1,0,1,0
minute_37_01,66548,128,5515,1,26,caption_plus_2,24,26,1,measured,30.304688,9.723166,0.859155,1.000000,0.250000,1.000000,2.500000,2.000000,3.000000,1,1,0,1,0
minute_37_01,66548,128,5515,1,27,caption_plus_3,24,26,1,measured,30.410938,9.048906,0.856025,1.000000,0.250000,1.000000,2.500000,2.000000,3.000000,1,1,0,1,0
minute_37_01,66548,128,5515,2,286,line_286,-1,288,1,measured,5.914062,1.347610,0.780908,1.000000,0.250000,1.000000,2.500000,2.000000,3.000000,1,0,0,1,0
minute_37_01,66548,128,5515,2,287,line_287,-1,288,1,measured,4.631250,2.097236,0.820031,1.000000,0.250000,1.000000,2.500000,2.000000,3.000000,1,1,0,1,0
minute_37_01,66548,128,5515,2,288,line_288,-1,288,1,measured,30.639063,9.415215,0.888889,1.000000,0.250000,1.000000,2.500000,2.000000,3.000000,1,1,0,1,0
minute_37_01,66549,129,5516,1,25,caption_plus_1,24,26,1,measured,6.189063,1.943790,0.780908,1.000000,0.250000,1.000000,2.500000,2.000000,3.000000,1,0,0,1,0
minute_37_01,66549,129,5516,1,26,caption_plus_2,24,26,1,measured,30.135937,10.023346,0.874804,1.000000,0.250000,1.000000,2.500000,2.000000,3.000000,1,1,0,1,0
minute_37_01,66549,129,5516,1,27,caption_plus_3,24,26,1,measured,30.093750,9.435834,0.859155,1.000000,0.250000,1.000000,2.500000,2.000000,3.000000,1,1,0,1,0
minute_37_01,66549,129,5516,2,286,line_286,-1,288,1,measured,6.018750,1.483121,0.760563,1.000000,0.250000,1.000000,2.500000,2.000000,3.000000,1,0,0,1,0
minute_37_01,66549,129,5516,2,287,line_287,-1,288,1,measured,5.590625,2.220903,0.794992,1.000000,0.250000,1.000000,2.500000,2.000000,3.000000,1,1,0,1,0
minute_37_01,66549,129,5516,2,288,line_288,-1,288,1,measured,36.406250,15.642109,1.082942,1.000000,0.250000,1.000000,2.500000,2.000000,3.000000,1,1,0,1,0
minute_37_01,66550,130,5517,1,24,caption_plus_1,23,25,1,measured,7.804688,2.264739,0.774648,1.000000,0.250000,1.000000,2.500000,2.000000,3.000000,1,1,0,1,0
minute_37_01,66550,130,5517,1,25,caption_plus_2,23,25,1,measured,37.817188,21.000061,1.225352,1.000000,0.250000,1.000000,2.500000,2.000000,3.000000,1,1,0,1,0
minute_37_01,66550,130,5517,1,26,caption_plus_3,23,25,1,measured,37.753124,22.990862,1.433490,1.000000,0.250000,1.000000,2.500000,2.000000,3.000000,1,1,0,1,0
minute_37_01,66550,130,5517,2,286,line_286,-1,288,1,measured,4.714063,1.799598,0.754304,1.000000,0.250000,1.000000,2.500000,2.000000,3.000000,1,0,0,1,0
minute_37_01,66550,130,5517,2,287,line_287,-1,288,1,measured,4.662500,2.202662,0.760563,1.000000,0.250000,1.000000,2.500000,2.000000,3.000000,1,1,0,1,0
minute_37_01,66550,130,5517,2,288,line_288,-1,288,1,measured,38.659374,21.016056,1.075117,1.000000,0.250000,1.000000,2.500000,2.000000,3.000000,1,1,0,1,0
minute_37_01,66551,131,5518,2,286,line_286,-1,288,1,measured,5.126563,1.388991,0.838811,1.000000,0.250000,1.000000,2.500000,2.000000,3.000000,1,0,0,1,0
minute_37_01,66551,131,5518,2,287,line_287,-1,288,1,measured,5.581250,2.517369,0.805947,1.000000,0.250000,1.000000,2.500000,2.000000,3.000000,1,1,0,1,0
minute_37_01,66551,131,5518,2,288,line_288,-1,288,1,measured,41.059376,25.046947,1.773083,1.000000,0.250000,1.000000,2.500000,2.000000,3.000000,1,1,0,1,0
minute_37_01,66552,132,5519,1,24,caption_plus_1,23,25,1,measured,6.745313,1.959546,0.813772,1.000000,0.250000,1.000000,2.500000,2.000000,3.000000,1,0,0,1,0
minute_37_01,66552,132,5519,1,25,caption_plus_2,23,25,1,measured,34.775002,12.678451,1.222222,1.000000,0.250000,1.000000,2.500000,2.000000,3.000000,1,1,0,1,0
minute_37_01,66552,132,5519,1,26,caption_plus_3,23,25,1,measured,33.873436,12.622571,1.236307,1.000000,0.250000,1.000000,2.500000,2.000000,3.000000,1,1,0,1,0
minute_37_01,66552,132,5519,2,286,line_286,-1,288,1,measured,5.631250,1.689570,0.851330,1.000000,0.250000,1.000000,2.500000,2.000000,3.000000,1,0,0,1,0
minute_37_01,66552,132,5519,2,287,line_287,-1,288,1,measured,5.593750,2.262595,0.740219,1.000000,0.250000,1.000000,2.500000,2.000000,3.000000,1,1,0,1,0
minute_37_01,66552,132,5519,2,288,line_288,-1,288,1,measured,33.834373,12.450555,1.228482,1.000000,0.250000,1.000000,2.500000,2.000000,3.000000,1,1,0,1,0
minute_37_01,66553,133,5520,1,25,caption_plus_1,24,26,1,measured,8.248438,2.382061,0.834116,1.000000,0.250000,1.000000,2.500000,2.000000,3.000000,1,1,0,1,0
minute_37_01,66553,133,5520,1,26,caption_plus_2,24,26,1,measured,32.004688,7.431666,0.934272,1.000000,0.250000,1.000000,2.500000,2.000000,3.000000,1,1,0,1,0
minute_37_01,66553,133,5520,1,27,caption_plus_3,24,26,1,measured,31.007812,7.265389,0.962441,1.000000,0.250000,1.000000,2.500000,2.000000,3.000000,1,1,0,1,0
minute_37_01,66553,133,5520,2,286,line_286,-1,288,1,measured,5.459375,1.548661,0.774648,1.000000,0.250000,1.000000,2.500000,2.000000,3.000000,1,0,0,1,0
minute_37_01,66553,133,5520,2,287,line_287,-1,288,1,measured,5.445312,2.046371,0.738654,1.000000,0.250000,1.000000,2.500000,2.000000,3.000000,1,1,0,1,0
minute_37_01,66553,133,5520,2,288,line_288,-1,288,1,measured,28.037500,2.869859,0.794992,1.000000,0.250000,1.000000,2.500000,2.000000,3.000000,1,1,0,1,0
minute_37_01,66554,134,5521,1,25,caption_plus_1,24,26,1,measured,9.000000,2.089408,0.804382,1.000000,0.250000,1.000000,2.500000,2.000000,3.000000,1,1,0,1,0
minute_37_01,66554,134,5521,1,26,caption_plus_2,24,26,1,measured,29.193750,2.455852,0.809077,1.000000,0.250000,1.000000,2.500000,2.000000,3.000000,1,1,0,1,0
minute_37_01,66554,134,5521,1,27,caption_plus_3,24,26,1,measured,27.903126,2.406370,0.827856,1.000000,0.250000,1.000000,2.500000,2.000000,3.000000,1,1,0,1,0
minute_37_01,66554,134,5521,2,286,line_286,-1,288,1,measured,5.298438,1.514512,0.794992,1.000000,0.250000,1.000000,2.500000,2.000000,3.000000,1,0,0,1,0
minute_37_01,66554,134,5521,2,287,line_287,-1,288,1,measured,5.451562,2.272285,0.812207,1.000000,0.250000,1.000000,2.500000,2.000000,3.000000,1,1,0,1,0
minute_37_01,66554,134,5521,2,288,line_288,-1,288,1,measured,27.903126,2.572084,0.799687,1.000000,0.250000,1.000000,2.500000,2.000000,3.000000,1,1,0,1,0
minute_37_01,66555,135,5522,1,25,caption_plus_1,24,26,1,measured,8.668750,2.064497,0.857590,1.000000,0.250000,1.000000,2.500000,2.000000,3.000000,1,1,0,1,0
minute_37_01,66555,135,5522,1,26,caption_plus_2,24,26,1,measured,28.012501,2.511194,0.830986,1.000000,0.250000,1.000000,2.500000,2.000000,3.000000,1,1,0,1,0
minute_37_01,66555,135,5522,1,27,caption_plus_3,24,26,1,measured,26.895313,2.654002,0.848200,1.000000,0.250000,1.000000,2.500000,2.000000,3.000000,1,1,0,1,0
minute_37_01,66555,135,5522,2,286,line_286,-1,288,1,measured,5.734375,1.277720,0.699531,1.000000,0.250000,1.000000,2.500000,2.000000,3.000000,1,0,0,1,0
minute_37_01,66555,135,5522,2,287,line_287,-1,288,1,measured,6.226562,2.197352,0.738654,1.000000,0.250000,1.000000,2.500000,2.000000,3.000000,1,1,0,1,0
minute_37_01,66555,135,5522,2,288,line_288,-1,288,1,measured,28.106251,2.755329,0.859155,1.000000,0.250000,1.000000,2.500000,2.000000,3.000000,1,1,0,1,0
minute_37_01,66556,136,5523,1,24,caption_plus_1,23,25,1,measured,6.589063,2.035975,0.802817,1.000000,0.250000,1.000000,2.500000,2.000000,3.000000,1,1,0,1,0
minute_37_01,66556,136,5523,1,25,caption_plus_2,23,25,1,measured,27.254688,2.815550,0.740219,1.000000,0.250000,1.000000,2.500000,2.000000,3.000000,1,1,0,1,0
minute_37_01,66556,136,5523,1,26,caption_plus_3,23,25,1,measured,27.142187,2.212204,0.805947,1.000000,0.250000,1.000000,2.500000,2.000000,3.000000,1,1,0,1,0
minute_37_01,66556,136,5523,2,286,line_286,-1,288,1,measured,6.951562,1.264601,0.832551,1.000000,0.250000,1.000000,2.500000,2.000000,3.000000,1,0,0,1,0
minute_37_01,66556,136,5523,2,287,line_287,-1,288,1,measured,6.656250,2.213021,0.738654,1.000000,0.250000,1.000000,2.500000,2.000000,3.000000,1,1,0,1,0
minute_37_01,66556,136,5523,2,288,line_288,-1,288,1,measured,29.017187,2.477654,0.826291,1.000000,0.250000,1.000000,2.500000,2.000000,3.000000,1,1,0,1,0
minute_37_01,66557,137,5524,1,25,caption_plus_1,24,26,1,measured,6.389062,1.841417,0.804382,1.000000,0.250000,1.000000,2.500000,2.000000,3.000000,1,0,0,1,0
minute_37_01,66557,137,5524,1,26,caption_plus_2,24,26,1,measured,27.095312,2.767328,0.763693,1.000000,0.250000,1.000000,2.500000,2.000000,3.000000,1,1,0,1,0
minute_37_01,66557,137,5524,1,27,caption_plus_3,24,26,1,measured,26.785938,2.095260,0.774648,1.000000,0.250000,1.000000,2.500000,2.000000,3.000000,1,1,0,1,0
minute_37_01,66557,137,5524,2,286,line_286,-1,288,1,measured,7.507812,1.431761,0.804382,1.000000,0.250000,1.000000,2.500000,2.000000,3.000000,1,0,0,1,0
minute_37_01,66557,137,5524,2,287,line_287,-1,288,1,measured,7.076562,2.600856,0.793427,1.000000,0.250000,1.000000,2.500000,2.000000,3.000000,1,1,0,1,0
minute_37_01,66557,137,5524,2,288,line_288,-1,288,1,measured,28.334375,2.804139,0.763693,1.000000,0.250000,1.000000,2.500000,2.000000,3.000000,1,1,0,1,0
minute_37_01,66558,138,5525,1,24,caption_plus_1,23,25,1,measured,5.740625,1.769068,0.799687,1.000000,0.250000,1.000000,2.500000,2.000000,3.000000,1,0,0,1,0
minute_37_01,66558,138,5525,1,25,caption_plus_2,23,25,1,measured,26.818750,2.733180,0.810642,1.000000,0.250000,1.000000,2.500000,2.000000,3.000000,1,1,0,1,0
minute_37_01,66558,138,5525,1,26,caption_plus_3,23,25,1,measured,26.465626,2.102544,0.765258,1.000000,0.250000,1.000000,2.500000,2.000000,3.000000,1,1,0,1,0
minute_37_01,66558,138,5525,2,286,line_286,-1,288,1,measured,6.850000,1.475636,0.735524,1.000000,0.250000,1.000000,2.500000,2.000000,3.000000,1,0,0,1,0
minute_37_01,66558,138,5525,2,287,line_287,-1,288,1,measured,6.318750,2.381890,0.807512,1.000000,0.250000,1.000000,2.500000,2.000000,3.000000,1,1,0,1,0
minute_37_01,66558,138,5525,2,288,line_288,-1,288,1,measured,27.992188,2.392358,0.760563,1.000000,0.250000,1.000000,2.500000,2.000000,3.000000,1,1,0,1,0
minute_37_01,66559,139,5526,1,25,caption_plus_1,24,26,1,measured,5.748437,1.890147,0.784038,1.000000,0.250000,1.000000,2.500000,2.000000,3.000000,1,0,0,1,0
minute_37_01,66559,139,5526,1,26,caption_plus_2,24,26,1,measured,26.176563,2.656080,0.776213,1.000000,0.250000,1.000000,2.500000,2.000000,3.000000,1,1,0,1,0
minute_37_01,66559,139,5526,1,27,caption_plus_3,24,26,1,measured,26.240625,2.445961,0.784038,1.000000,0.250000,1.000000,2.500000,2.000000,3.000000,1,1,0,1,0
minute_37_01,66559,139,5526,2,286,line_286,-1,288,1,measured,6.326562,1.510768,0.791862,1.000000,0.250000,1.000000,2.500000,2.000000,3.000000,1,0,0,1,0
minute_37_01,66559,139,5526,2,287,line_287,-1,288,1,measured,5.837500,2.230155,0.752739,1.000000,0.250000,1.000000,2.500000,2.000000,3.000000,1,1,0,1,0
minute_37_01,66559,139,5526,2,288,line_288,-1,288,1,measured,27.931250,2.853992,0.874804,1.000000,0.250000,1.000000,2.500000,2.000000,3.000000,1,1,0,1,0
minute_37_01,66560,140,5527,1,24,caption_plus_1,23,25,1,measured,5.371875,2.191423,0.813772,1.000000,0.250000,1.000000,2.500000,2.000000,3.000000,1,1,0,1,0
minute_37_01,66560,140,5527,1,25,caption_plus_2,23,25,1,measured,26.176563,2.817647,0.802817,1.000000,0.250000,1.000000,2.500000,2.000000,3.000000,1,1,0,1,0
minute_37_01,66560,140,5527,1,26,caption_plus_3,23,25,1,measured,26.017187,3.120199,0.812207,1.000000,0.250000,1.000000,2.500000,2.000000,3.000000,1,1,0,1,0
minute_37_01,66560,140,5527,2,286,line_286,-1,288,1,measured,5.871875,1.553974,0.757433,1.000000,0.250000,1.000000,2.500000,2.000000,3.000000,1,0,0,1,0
minute_37_01,66560,140,5527,2,287,line_287,-1,288,1,measured,5.648438,1.939676,0.790297,1.000000,0.250000,1.000000,2.500000,2.000000,3.000000,1,0,0,1,0
minute_37_01,66560,140,5527,2,288,line_288,-1,288,1,measured,27.559376,3.114418,0.840376,1.000000,0.250000,1.000000,2.500000,2.000000,3.000000,1,1,0,1,0
minute_37_01,66561,141,5528,1,25,caption_plus_1,24,26,1,measured,5.342187,2.262486,0.785603,1.000000,0.250000,1.000000,2.500000,2.000000,3.000000,1,1,0,1,0
minute_37_01,66561,141,5528,1,26,caption_plus_2,24,26,1,measured,25.937500,3.808194,0.866980,1.000000,0.250000,1.000000,2.500000,2.000000,3.000000,1,1,0,1,0
minute_37_01,66561,141,5528,1,27,caption_plus_3,24,26,1,measured,26.168751,3.303354,0.791862,1.000000,0.250000,1.000000,2.500000,2.000000,3.000000,1,1,0,1,0
minute_37_01,66561,141,5528,2,286,line_286,-1,288,1,measured,5.100000,1.543940,0.780908,1.000000,0.250000,1.000000,2.500000,2.000000,3.000000,1,0,0,1,0
minute_37_01,66561,141,5528,2,287,line_287,-1,288,1,measured,5.026563,2.094095,0.754304,1.000000,0.250000,1.000000,2.500000,2.000000,3.000000,1,1,0,1,0
minute_37_01,66561,141,5528,2,288,line_288,-1,288,1,measured,27.335938,3.861827,0.843506,1.000000,0.250000,1.000000,2.500000,2.000000,3.000000,1,1,0,1,0
minute_37_01,66562,142,5529,1,24,caption_plus_1,23,25,1,measured,4.975000,1.909516,0.774648,1.000000,0.250000,1.000000,2.500000,2.000000,3.000000,1,0,0,1,0
minute_37_01,66562,142,5529,1,25,caption_plus_2,23,25,1,measured,26.570312,3.902891,0.838811,1.000000,0.250000,1.000000,2.500000,2.000000,3.000000,1,1,0,1,0
minute_37_01,66562,142,5529,1,26,caption_plus_3,23,25,1,measured,26.512501,3.754976,0.857590,1.000000,0.250000,1.000000,2.500000,2.000000,3.000000,1,1,0,1,0
minute_37_01,66562,142,5529,2,286,line_286,-1,288,1,measured,5.289062,1.615126,0.813772,1.000000,0.250000,1.000000,2.500000,2.000000,3.000000,1,0,0,1,0
minute_37_01,66562,142,5529,2,287,line_287,-1,288,1,measured,5.450000,2.205958,0.779343,1.000000,0.250000,1.000000,2.500000,2.000000,3.000000,1,1,0,1,0
minute_37_01,66562,142,5529,2,288,line_288,-1,288,1,measured,28.087500,3.930867,0.796557,1.000000,0.250000,1.000000,2.500000,2.000000,3.000000,1,1,0,1,0
minute_37_01,66563,143,5530,1,25,caption_plus_1,24,26,1,measured,6.967187,1.621299,0.798122,1.000000,0.250000,1.000000,2.500000,2.000000,3.000000,1,0,0,1,0
minute_37_01,66563,143,5530,1,26,caption_plus_2,24,26,1,measured,28.951563,4.993355,0.848200,1.000000,0.250000,1.000000,2.500000,2.000000,3.000000,1,1,0,1,0
minute_37_01,66563,143,5530,1,27,caption_plus_3,24,26,1,measured,30.140625,4.761392,0.773083,1.000000,0.250000,1.000000,2.500000,2.000000,3.000000,1,1,0,1,0
minute_37_01,66563,143,5530,2,286,line_286,-1,288,1,measured,5.518750,1.663851,0.777778,1.000000,0.250000,1.000000,2.500000,2.000000,3.000000,1,0,0,1,0
minute_37_01,66563,143,5530,2,287,line_287,-1,288,1,measured,5.590625,2.045858,0.746479,1.000000,0.250000,1.000000,2.500000,2.000000,3.000000,1,1,0,1,0
minute_37_01,66563,143,5530,2,288,line_288,-1,288,1,measured,28.815624,4.713717,0.832551,1.000000,0.250000,1.000000,2.500000,2.000000,3.000000,1,1,0,1,0
minute_37_01,66564,144,5531,1,25,caption_plus_1,24,26,1,measured,6.084375,2.475329,0.881064,1.000000,0.250000,1.000000,2.500000,2.000000,3.000000,1,1,0,1,0
minute_37_01,66564,144,5531,1,26,caption_plus_2,24,26,1,measured,27.967188,3.508096,0.815336,1.000000,0.250000,1.000000,2.500000,2.000000,3.000000,1,1,0,1,0
minute_37_01,66564,144,5531,1,27,caption_plus_3,24,26,1,measured,27.654688,3.583967,0.837246,1.000000,0.250000,1.000000,2.500000,2.000000,3.000000,1,1,0,1,0
minute_37_01,66564,144,5531,2,286,line_286,-1,288,1,measured,6.153125,1.358419,0.794992,1.000000,0.250000,1.000000,2.500000,2.000000,3.000000,1,0,0,1,0
minute_37_01,66564,144,5531,2,287,line_287,-1,288,1,measured,6.145312,2.098171,0.793427,1.000000,0.250000,1.000000,2.500000,2.000000,3.000000,1,1,0,1,0
minute_37_01,66564,144,5531,2,288,line_288,-1,288,1,measured,28.350000,3.303313,0.809077,1.000000,0.250000,1.000000,2.500000,2.000000,3.000000,1,1,0,1,0
minute_37_01,66565,145,5532,1,25,caption_plus_1,24,26,1,measured,5.806250,2.350523,0.813772,1.000000,0.250000,1.000000,2.500000,2.000000,3.000000,1,1,0,1,0
minute_37_01,66565,145,5532,1,26,caption_plus_2,24,26,1,measured,26.825001,3.140064,0.843506,1.000000,0.250000,1.000000,2.500000,2.000000,3.000000,1,1,0,1,0
minute_37_01,66565,145,5532,1,27,caption_plus_3,24,26,1,measured,26.735937,3.226931,0.843506,1.000000,0.250000,1.000000,2.500000,2.000000,3.000000,1,1,0,1,0
minute_37_01,66565,145,5532,2,286,line_286,-1,288,1,measured,5.984375,1.432788,0.768388,1.000000,0.250000,1.000000,2.500000,2.000000,3.000000,1,0,0,1,0
minute_37_01,66565,145,5532,2,287,line_287,-1,288,1,measured,5.904687,2.391125,0.799687,1.000000,0.250000,1.000000,2.500000,2.000000,3.000000,1,1,0,1,0
minute_37_01,66565,145,5532,2,288,line_288,-1,288,1,measured,27.659374,3.560140,0.788732,1.000000,0.250000,1.000000,2.500000,2.000000,3.000000,1,1,0,1,0
minute_37_01,66566,146,5533,1,25,caption_plus_1,24,26,1,measured,5.679688,2.093642,0.823161,1.000000,0.250000,1.000000,2.500000,2.000000,3.000000,1,1,0,1,0
minute_37_01,66566,146,5533,1,26,caption_plus_2,24,26,1,measured,26.860937,3.632024,0.793427,1.000000,0.250000,1.000000,2.500000,2.000000,3.000000,1,1,0,1,0
minute_37_01,66566,146,5533,1,27,caption_plus_3,24,26,1,measured,27.295313,2.942465,0.849765,1.000000,0.250000,1.000000,2.500000,2.000000,3.000000,1,1,0,1,0
minute_37_01,66566,146,5533,2,286,line_286,-1,288,1,measured,5.678125,1.438148,0.812207,1.000000,0.250000,1.000000,2.500000,2.000000,3.000000,1,0,0,1,0
minute_37_01,66566,146,5533,2,287,line_287,-1,288,1,measured,5.996875,2.345872,0.801252,1.000000,0.250000,1.000000,2.500000,2.000000,3.000000,1,1,0,1,0
minute_37_01,66566,146,5533,2,288,line_288,-1,288,1,measured,27.670313,3.253228,0.826291,1.000000,0.250000,1.000000,2.500000,2.000000,3.000000,1,1,0,1,0
minute_37_01,66567,147,5534,1,25,caption_plus_1,24,26,1,measured,5.231250,1.893977,0.766823,1.000000,0.250000,1.000000,2.500000,2.000000,3.000000,1,0,0,1,0
minute_37_01,66567,147,5534,1,26,caption_plus_2,24,26,1,measured,26.004688,3.338456,0.780908,1.000000,0.250000,1.000000,2.500000,2.000000,3.000000,1,1,0,1,0
minute_37_01,66567,147,5534,1,27,caption_plus_3,24,26,1,measured,27.270313,3.215256,0.902973,1.000000,0.250000,1.000000,2.500000,2.000000,3.000000,1,1,0,1,0
minute_37_01,66567,147,5534,2,286,line_286,-1,288,1,measured,5.156250,1.415525,0.774648,1.000000,0.250000,1.000000,2.500000,2.000000,3.000000,1,0,0,1,0
minute_37_01,66567,147,5534,2,287,line_287,-1,288,1,measured,5.907813,2.187165,0.766823,1.000000,0.250000,1.000000,2.500000,2.000000,3.000000,1,1,0,1,0
minute_37_01,66567,147,5534,2,288,line_288,-1,288,1,measured,29.129688,3.547939,0.868545,1.000000,0.250000,1.000000,2.500000,2.000000,3.000000,1,1,0,1,0
minute_37_01,66568,148,5535,1,25,caption_plus_1,24,26,1,measured,5.653125,2.002730,0.765258,1.000000,0.250000,1.000000,2.500000,2.000000,3.000000,1,1,0,1,0
minute_37_01,66568,148,5535,1,26,caption_plus_2,24,26,1,measured,27.917187,4.047107,0.879499,1.000000,0.250000,1.000000,2.500000,2.000000,3.000000,1,1,0,1,0
minute_37_01,66568,148,5535,1,27,caption_plus_3,24,26,1,measured,27.831249,3.535926,0.846635,1.000000,0.250000,1.000000,2.500000,2.000000,3.000000,1,1,0,1,0
minute_37_01,66568,148,5535,2,286,line_286,-1,288,1,measured,5.987500,1.316897,0.801252,1.000000,0.250000,1.000000,2.500000,2.000000,3.000000,1,0,0,1,0
minute_37_01,66568,148,5535,2,287,line_287,-1,288,1,measured,5.115625,2.448674,0.796557,1.000000,0.250000,1.000000,2.500000,2.000000,3.000000,1,1,0,1,0
minute_37_01,66568,148,5535,2,288,line_288,-1,288,1,measured,28.993750,3.856402,0.840376,1.000000,0.250000,1.000000,2.500000,2.000000,3.000000,1,1,0,1,0
minute_37_01,66569,149,5536,1,25,caption_plus_1,24,26,1,measured,5.617188,1.846115,0.805947,1.000000,0.250000,1.000000,2.500000,2.000000,3.000000,1,0,0,1,0
minute_37_01,66569,149,5536,1,26,caption_plus_2,24,26,1,measured,28.146875,3.641813,0.771518,1.000000,0.250000,1.000000,2.500000,2.000000,3.000000,1,1,0,1,0
minute_37_01,66569,149,5536,1,27,caption_plus_3,24,26,1,measured,28.039062,3.862080,0.810642,1.000000,0.250000,1.000000,2.500000,2.000000,3.000000,1,1,0,1,0
minute_37_01,66569,149,5536,2,286,line_286,-1,288,1,measured,6.171875,1.573756,0.812207,1.000000,0.250000,1.000000,2.500000,2.000000,3.000000,1,0,0,1,0
minute_37_01,66569,149,5536,2,287,line_287,-1,288,1,measured,5.821875,2.258212,0.854460,1.000000,0.250000,1.000000,2.500000,2.000000,3.000000,1,1,0,1,0
minute_37_01,66569,149,5536,2,288,line_288,-1,288,1,measured,28.998438,3.872378,0.799687,1.000000,0.250000,1.000000,2.500000,2.000000,3.000000,1,1,0,1,0
minute_37_01,66570,150,5537,1,24,caption_plus_1,23,25,1,measured,5.575000,2.156531,0.751174,1.000000,0.250000,1.000000,2.500000,2.000000,3.000000,1,1,0,1,0
minute_37_01,66570,150,5537,1,25,caption_plus_2,23,25,1,measured,27.876562,3.831866,0.785603,1.000000,0.250000,1.000000,2.500000,2.000000,3.000000,1,1,0,1,0
minute_37_01,66570,150,5537,1,26,caption_plus_3,23,25,1,measured,27.875000,3.923885,0.802817,1.000000,0.250000,1.000000,2.500000,2.000000,3.000000,1,1,0,1,0
minute_37_01,66570,150,5537,2,286,line_286,-1,288,1,measured,7.304688,1.369070,0.743349,1.000000,0.250000,1.000000,2.500000,2.000000,3.000000,1,0,0,1,0
minute_37_01,66570,150,5537,2,287,line_287,-1,288,1,measured,6.846875,2.179089,0.773083,1.000000,0.250000,1.000000,2.500000,2.000000,3.000000,1,1,0,1,0
minute_37_01,66570,150,5537,2,288,line_288,-1,288,1,measured,29.896875,3.785497,0.805947,1.000000,0.250000,1.000000,2.500000,2.000000,3.000000,1,1,0,1,0
minute_37_01,66571,151,5538,1,25,caption_plus_1,24,26,1,measured,6.876563,1.932958,0.813772,1.000000,0.250000,1.000000,2.500000,2.000000,3.000000,1,0,0,1,0
minute_37_01,66571,151,5538,1,26,caption_plus_2,24,26,1,measured,29.045313,4.596481,0.815336,1.000000,0.250000,1.000000,2.500000,2.000000,3.000000,1,1,0,1,0
minute_37_01,66571,151,5538,1,27,caption_plus_3,24,26,1,measured,29.376562,4.089668,0.827856,1.000000,0.250000,1.000000,2.500000,2.000000,3.000000,1,1,0,1,0
minute_37_01,66571,151,5538,2,286,line_286,-1,288,1,measured,6.806250,1.437215,0.790297,1.000000,0.250000,1.000000,2.500000,2.000000,3.000000,1,0,0,1,0
minute_37_01,66571,151,5538,2,287,line_287,-1,288,1,measured,6.714063,2.736522,0.813772,1.000000,0.250000,1.000000,2.500000,2.000000,3.000000,1,1,0,1,0
minute_37_01,66571,151,5538,2,288,line_288,-1,288,1,measured,30.968750,4.368813,0.832551,1.000000,0.250000,1.000000,2.500000,2.000000,3.000000,1,1,0,1,0
minute_37_01,66572,152,5539,1,25,caption_plus_1,24,26,1,measured,6.925000,2.003278,0.840376,1.000000,0.250000,1.000000,2.500000,2.000000,3.000000,1,1,0,1,0
minute_37_01,66572,152,5539,1,26,caption_plus_2,24,26,1,measured,29.321875,4.560649,0.823161,1.000000,0.250000,1.000000,2.500000,2.000000,3.000000,1,1,0,1,0
minute_37_01,66572,152,5539,1,27,caption_plus_3,24,26,1,measured,29.757812,4.009259,0.849765,1.000000,0.250000,1.000000,2.500000,2.000000,3.000000,1,1,0,1,0
minute_37_01,66572,152,5539,2,286,line_286,-1,288,1,measured,8.103125,1.713546,0.840376,1.000000,0.250000,1.000000,2.500000,2.000000,3.000000,1,0,0,1,0
minute_37_01,66572,152,5539,2,287,line_287,-1,288,1,measured,8.310938,2.211166,0.820031,1.000000,0.250000,1.000000,2.500000,2.000000,3.000000,1,1,0,1,0
minute_37_01,66572,152,5539,2,288,line_288,-1,288,1,measured,32.553123,6.029380,0.932707,1.000000,0.250000,1.000000,2.500000,2.000000,3.000000,1,1,0,1,0
minute_37_01,66573,153,5540,1,25,caption_plus_1,24,26,1,measured,7.107812,1.959576,0.812207,1.000000,0.250000,1.000000,2.500000,2.000000,3.000000,1,0,0,1,0
minute_37_01,66573,153,5540,1,26,caption_plus_2,24,26,1,measured,30.301563,4.888890,0.854460,1.000000,0.250000,1.000000,2.500000,2.000000,3.000000,1,1,0,1,0
minute_37_01,66573,153,5540,1,27,caption_plus_3,24,26,1,measured,30.670313,5.121864,0.906103,1.000000,0.250000,1.000000,2.500000,2.000000,3.000000,1,1,0,1,0
minute_37_01,66573,153,5540,2,286,line_286,-1,288,1,measured,6.556250,1.642205,0.741784,1.000000,0.250000,1.000000,2.500000,2.000000,3.000000,1,0,0,1,0
minute_37_01,66573,153,5540,2,287,line_287,-1,288,1,measured,6.235938,2.443542,0.815336,1.000000,0.250000,1.000000,2.500000,2.000000,3.000000,1,1,0,1,0
minute_37_01,66573,153,5540,2,288,line_288,-1,288,1,measured,30.356251,4.638624,0.863850,1.000000,0.250000,1.000000,2.500000,2.000000,3.000000,1,1,0,1,0
minute_37_01,66574,154,5541,1,25,caption_plus_1,24,26,1,measured,5.359375,2.023048,0.827856,1.000000,0.250000,1.000000,2.500000,2.000000,3.000000,1,1,0,1,0
minute_37_01,66574,154,5541,1,26,caption_plus_2,24,26,1,measured,28.951563,4.318474,0.777778,1.000000,0.250000,1.000000,2.500000,2.000000,3.000000,1,1,0,1,0
minute_37_01,66574,154,5541,1,27,caption_plus_3,24,26,1,measured,28.812500,4.272276,0.779343,1.000000,0.250000,1.000000,2.500000,2.000000,3.000000,1,1,0,1,0
minute_37_01,66574,154,5541,2,286,line_286,-1,288,1,measured,7.314063,1.888234,0.840376,1.000000,0.250000,1.000000,2.500000,2.000000,3.000000,1,0,0,1,0
minute_37_01,66574,154,5541,2,287,line_287,-1,288,1,measured,7.464063,2.473981,0.771518,1.000000,0.250000,1.000000,2.500000,2.000000,3.000000,1,1,0,1,0
minute_37_01,66574,154,5541,2,288,line_288,-1,288,1,measured,29.851562,4.984491,0.834116,1.000000,0.250000,1.000000,2.500000,2.000000,3.000000,1,1,0,1,0
minute_37_01,66575,155,5542,1,24,caption_plus_1,23,25,1,measured,6.673438,2.356755,0.859155,1.000000,0.250000,1.000000,2.500000,2.000000,3.000000,1,1,0,1,0
minute_37_01,66575,155,5542,1,25,caption_plus_2,23,25,1,measured,29.093750,4.276457,0.791862,1.000000,0.250000,1.000000,2.500000,2.000000,3.000000,1,1,0,1,0
minute_37_01,66575,155,5542,1,26,caption_plus_3,23,25,1,measured,28.996876,4.471786,0.768388,1.000000,0.250000,1.000000,2.500000,2.000000,3.000000,1,1,0,1,0
minute_37_01,66575,155,5542,2,286,line_286,-1,288,1,measured,6.864062,1.321205,0.762128,1.000000,0.250000,1.000000,2.500000,2.000000,3.000000,1,0,0,1,0
minute_37_01,66575,155,5542,2,287,line_287,-1,288,1,measured,6.428125,2.563169,0.821596,1.000000,0.250000,1.000000,2.500000,2.000000,3.000000,1,1,0,1,0
minute_37_01,66575,155,5542,2,288,line_288,-1,288,1,measured,29.685938,4.582554,0.856025,1.000000,0.250000,1.000000,2.500000,2.000000,3.000000,1,1,0,1,0
minute_37_01,66576,156,5543,1,25,caption_plus_1,24,26,1,measured,7.290625,2.187301,0.893584,1.000000,0.250000,1.000000,2.500000,2.000000,3.000000,1,1,0,1,0
minute_37_01,66576,156,5543,1,26,caption_plus_2,24,26,1,measured,30.299999,4.687483,0.813772,1.000000,0.250000,1.000000,2.500000,2.000000,3.000000,1,1,0,1,0
minute_37_01,66576,156,5543,1,27,caption_plus_3,24,26,1,measured,29.929688,4.180280,0.776213,1.000000,0.250000,1.000000,2.500000,2.000000,3.000000,1,1,0,1,0
minute_37_01,66576,156,5543,2,286,line_286,-1,288,1,measured,6.121875,1.677281,0.813772,1.000000,0.250000,1.000000,2.500000,2.000000,3.000000,1,0,0,1,0
minute_37_01,66576,156,5543,2,287,line_287,-1,288,1,measured,6.325000,2.586141,0.777778,1.000000,0.250000,1.000000,2.500000,2.000000,3.000000,1,1,0,1,0
minute_37_01,66576,156,5543,2,288,line_288,-1,288,1,measured,29.767187,4.572047,0.774648,1.000000,0.250000,1.000000,2.500000,2.000000,3.000000,1,1,0,1,0
minute_37_01,66577,157,5544,1,25,caption_plus_1,24,26,1,measured,6.134375,2.169549,0.791862,1.000000,0.250000,1.000000,2.500000,2.000000,3.000000,1,1,0,1,0
minute_37_01,66577,157,5544,1,26,caption_plus_2,24,26,1,measured,29.123438,4.545129,0.802817,1.000000,0.250000,1.000000,2.500000,2.000000,3.000000,1,1,0,1,0
minute_37_01,66577,157,5544,1,27,caption_plus_3,24,26,1,measured,29.360937,4.327171,0.840376,1.000000,0.250000,1.000000,2.500000,2.000000,3.000000,1,1,0,1,0
minute_37_01,66577,157,5544,2,286,line_286,-1,288,1,measured,6.670312,1.873097,0.804382,1.000000,0.250000,1.000000,2.500000,2.000000,3.000000,1,0,0,1,0
minute_37_01,66577,157,5544,2,287,line_287,-1,288,1,measured,6.532813,2.213351,0.829421,1.000000,0.250000,1.000000,2.500000,2.000000,3.000000,1,1,0,1,0
minute_37_01,66577,157,5544,2,288,line_288,-1,288,1,measured,29.679688,4.193995,0.763693,1.000000,0.250000,1.000000,2.500000,2.000000,3.000000,1,1,0,1,0
minute_37_01,66578,158,5545,1,25,caption_plus_1,24,26,1,measured,6.646875,2.044885,0.741784,1.000000,0.250000,1.000000,2.500000,2.000000,3.000000,1,1,0,1,0
minute_37_01,66578,158,5545,1,26,caption_plus_2,24,26,1,measured,29.754688,4.381867,0.740219,1.000000,0.250000,1.000000,2.500000,2.000000,3.000000,1,1,0,1,0
minute_37_01,66578,158,5545,1,27,caption_plus_3,24,26,1,measured,29.490625,3.943734,0.823161,1.000000,0.250000,1.000000,2.500000,2.000000,3.000000,1,1,0,1,0
minute_37_01,66578,158,5545,2,286,line_286,-1,288,1,measured,5.201562,2.687063,0.802817,1.000000,0.250000,1.000000,2.500000,2.000000,3.000000,1,1,0,1,0
minute_37_01,66578,158,5545,2,287,line_287,-1,288,1,measured,5.623437,2.317814,0.780908,1.000000,0.250000,1.000000,2.500000,2.000000,3.000000,1,1,0,1,0
minute_37_01,66578,158,5545,2,288,line_288,-1,288,1,measured,28.575001,3.645717,0.866980,1.000000,0.250000,1.000000,2.500000,2.000000,3.000000,1,1,0,1,0
minute_37_01,66579,159,5546,1,25,caption_plus_1,24,26,1,measured,6.185937,1.896903,0.771518,1.000000,0.250000,1.000000,2.500000,2.000000,3.000000,1,0,0,1,0
minute_37_01,66579,159,5546,1,26,caption_plus_2,24,26,1,measured,28.376562,3.648683,0.810642,1.000000,0.250000,1.000000,2.500000,2.000000,3.000000,1,1,0,1,0
minute_37_01,66579,159,5546,1,27,caption_plus_3,24,26,1,measured,28.389063,3.074625,0.866980,1.000000,0.250000,1.000000,2.500000,2.000000,3.000000,1,1,0,1,0
minute_37_01,66579,159,5546,2,286,line_286,-1,288,1,measured,5.982812,1.885310,0.810642,1.000000,0.250000,1.000000,2.500000,2.000000,3.000000,1,0,0,1,0
minute_37_01,66579,159,5546,2,287,line_287,-1,288,1,measured,6.303125,2.543126,0.838811,1.000000,0.250000,1.000000,2.500000,2.000000,3.000000,1,1,0,1,0
minute_37_01,66579,159,5546,2,288,line_288,-1,288,1,measured,28.767187,3.522763,0.815336,1.000000,0.250000,1.000000,2.500000,2.000000,3.000000,1,1,0,1,0
minute_37_01,66580,160,5547,1,25,caption_plus_1,24,26,1,measured,4.835938,2.220562,0.763693,1.000000,0.250000,1.000000,2.500000,2.000000,3.000000,1,1,0,1,0
minute_37_01,66580,160,5547,1,26,caption_plus_2,24,26,1,measured,26.893749,3.064610,0.809077,1.000000,0.250000,1.000000,2.500000,2.000000,3.000000,1,1,0,1,0
minute_37_01,66580,160,5547,1,27,caption_plus_3,24,26,1,measured,26.467188,3.036577,0.815336,1.000000,0.250000,1.000000,2.500000,2.000000,3.000000,1,1,0,1,0
minute_37_01,66580,160,5547,2,286,line_286,-1,288,1,measured,6.123437,1.288924,0.799687,1.000000,0.250000,1.000000,2.500000,2.000000,3.000000,1,0,0,1,0
minute_37_01,66580,160,5547,2,287,line_287,-1,288,1,measured,5.329688,2.537665,0.823161,1.000000,0.250000,1.000000,2.500000,2.000000,3.000000,1,1,0,1,0
minute_37_01,66580,160,5547,2,288,line_288,-1,288,1,measured,28.923437,3.300864,0.846635,1.000000,0.250000,1.000000,2.500000,2.000000,3.000000,1,1,0,1,0
minute_37_01,66581,161,5548,1,25,caption_plus_1,24,26,1,measured,5.984375,2.090844,0.751174,1.000000,0.250000,1.000000,2.500000,2.000000,3.000000,1,1,0,1,0
minute_37_01,66581,161,5548,1,26,caption_plus_2,24,26,1,measured,27.948437,3.180335,0.777778,1.000000,0.250000,1.000000,2.500000,2.000000,3.000000,1,1,0,1,0
minute_37_01,66581,161,5548,1,27,caption_plus_3,24,26,1,measured,28.079687,3.220767,0.820031,1.000000,0.250000,1.000000,2.500000,2.000000,3.000000,1,1,0,1,0
minute_37_01,66581,161,5548,2,286,line_286,-1,288,1,measured,5.531250,1.536725,0.765258,1.000000,0.250000,1.000000,2.500000,2.000000,3.000000,1,0,0,1,0
minute_37_01,66581,161,5548,2,287,line_287,-1,288,1,measured,4.676562,1.672409,0.729264,1.000000,0.250000,1.000000,2.500000,2.000000,3.000000,1,0,0,1,0
minute_37_01,66581,161,5548,2,288,line_288,-1,288,1,measured,28.134375,3.764647,0.907668,1.000000,0.250000,1.000000,2.500000,2.000000,3.000000,1,1,0,1,0
minute_37_01,66582,162,5549,2,286,line_286,-1,288,1,measured,5.323438,1.543155,0.743349,1.000000,0.250000,1.000000,2.500000,2.000000,3.000000,1,0,0,1,0
minute_37_01,66582,162,5549,2,287,line_287,-1,288,1,measured,6.217187,2.213175,0.799687,1.000000,0.250000,1.000000,2.500000,2.000000,3.000000,1,1,0,1,0
minute_37_01,66582,162,5549,2,288,line_288,-1,288,1,measured,28.596874,3.546564,0.733959,1.000000,0.250000,1.000000,2.500000,2.000000,3.000000,1,1,0,1,0
minute_37_01,66583,163,5550,1,25,caption_plus_1,24,26,1,measured,6.846875,2.220288,0.769953,1.000000,0.250000,1.000000,2.500000,2.000000,3.000000,1,1,0,1,0
minute_37_01,66583,163,5550,1,26,caption_plus_2,24,26,1,measured,27.301563,3.722566,0.751174,1.000000,0.250000,1.000000,2.500000,2.000000,3.000000,1,1,0,1,0
minute_37_01,66583,163,5550,1,27,caption_plus_3,24,26,1,measured,27.056250,3.396684,0.791862,1.000000,0.250000,1.000000,2.500000,2.000000,3.000000,1,1,0,1,0
minute_37_01,66583,163,5550,2,286,line_286,-1,288,1,measured,6.148438,1.437716,0.856025,1.000000,0.250000,1.000000,2.500000,2.000000,3.000000,1,0,0,1,0
minute_37_01,66583,163,5550,2,287,line_287,-1,288,1,measured,6.550000,2.079062,0.816901,1.000000,0.250000,1.000000,2.500000,2.000000,3.000000,1,1,0,1,0
minute_37_01,66583,163,5550,2,288,line_288,-1,288,1,measured,28.332813,2.913897,0.743349,1.000000,0.250000,1.000000,2.500000,2.000000,3.000000,1,1,0,1,0
minute_37_01,66584,164,5551,1,25,caption_plus_1,24,26,1,measured,6.415625,2.148198,0.849765,1.000000,0.250000,1.000000,2.500000,2.000000,3.000000,1,1,0,1,0
minute_37_01,66584,164,5551,1,26,caption_plus_2,24,26,1,measured,22.296875,10.269767,0.815336,1.000000,0.250000,1.000000,2.500000,2.000000,3.000000,1,1,0,1,0
minute_37_01,66584,164,5551,1,27,caption_plus_3,24,26,1,measured,26.701563,3.766215,0.749609,1.000000,0.250000,1.000000,2.500000,2.000000,3.000000,1,1,0,1,0
minute_37_01,66584,164,5551,2,286,line_286,-1,288,1,measured,6.012500,1.348553,0.785603,1.000000,0.250000,1.000000,2.500000,2.000000,3.000000,1,0,0,1,0
minute_37_01,66584,164,5551,2,287,line_287,-1,288,1,measured,6.192187,2.005991,0.810642,1.000000,0.250000,1.000000,2.500000,2.000000,3.000000,1,1,0,1,0
minute_37_01,66584,164,5551,2,288,line_288,-1,288,1,measured,28.114063,3.192441,0.835681,1.000000,0.250000,1.000000,2.500000,2.000000,3.000000,1,1,0,1,0
minute_37_01,66585,165,5552,1,25,caption_plus_1,24,26,1,measured,6.551562,2.095493,0.790297,1.000000,0.250000,1.000000,2.500000,2.000000,3.000000,1,1,0,1,0
minute_37_01,66585,165,5552,1,26,caption_plus_2,24,26,1,measured,27.253124,3.049332,0.791862,1.000000,0.250000,1.000000,2.500000,2.000000,3.000000,1,1,0,1,0
minute_37_01,66585,165,5552,1,27,caption_plus_3,24,26,1,measured,27.778126,3.052277,0.820031,1.000000,0.250000,1.000000,2.500000,2.000000,3.000000,1,1,0,1,0
minute_37_01,66585,165,5552,2,286,line_286,-1,288,1,measured,5.732812,1.271878,0.818466,1.000000,0.250000,1.000000,2.500000,2.000000,3.000000,1,0,0,1,0
minute_37_01,66585,165,5552,2,287,line_287,-1,288,1,measured,5.451562,2.241128,0.809077,1.000000,0.250000,1.000000,2.500000,2.000000,3.000000,1,1,0,1,0
minute_37_01,66585,165,5552,2,288,line_288,-1,288,1,measured,27.901562,3.135183,0.813772,1.000000,0.250000,1.000000,2.500000,2.000000,3.000000,1,1,0,1,0
minute_37_01,66586,166,5553,1,25,caption_plus_1,24,26,1,measured,5.439063,1.995943,0.830986,1.000000,0.250000,1.000000,2.500000,2.000000,3.000000,1,0,0,1,0
minute_37_01,66586,166,5553,1,26,caption_plus_2,24,26,1,measured,26.948437,3.439045,0.829421,1.000000,0.250000,1.000000,2.500000,2.000000,3.000000,1,1,0,1,0
minute_37_01,66586,166,5553,1,27,caption_plus_3,24,26,1,measured,27.378124,3.244344,0.780908,1.000000,0.250000,1.000000,2.500000,2.000000,3.000000,1,1,0,1,0
minute_37_01,66586,166,5553,2,286,line_286,-1,288,1,measured,6.240625,1.556711,0.854460,1.000000,0.250000,1.000000,2.500000,2.000000,3.000000,1,0,0,1,0
minute_37_01,66586,166,5553,2,287,line_287,-1,288,1,measured,5.737500,2.180130,0.790297,1.000000,0.250000,1.000000,2.500000,2.000000,3.000000,1,1,0,1,0
minute_37_01,66586,166,5553,2,288,line_288,-1,288,1,measured,28.845312,3.759090,0.810642,1.000000,0.250000,1.000000,2.500000,2.000000,3.000000,1,1,0,1,0
minute_37_01,66587,167,5554,1,25,caption_plus_1,24,26,1,measured,7.017188,2.352130,0.804382,1.000000,0.250000,1.000000,2.500000,2.000000,3.000000,1,1,0,1,0
minute_37_01,66587,167,5554,1,26,caption_plus_2,24,26,1,measured,27.457813,3.376588,0.766823,1.000000,0.250000,1.000000,2.500000,2.000000,3.000000,1,1,0,1,0
minute_37_01,66587,167,5554,1,27,caption_plus_3,24,26,1,measured,27.670313,3.361416,0.851330,1.000000,0.250000,1.000000,2.500000,2.000000,3.000000,1,1,0,1,0
minute_37_01,66587,167,5554,2,286,line_286,-1,288,1,measured,5.634375,1.663225,0.723005,1.000000,0.250000,1.000000,2.500000,2.000000,3.000000,1,0,0,1,0
minute_37_01,66587,167,5554,2,287,line_287,-1,288,1,measured,5.442187,2.314986,0.769953,1.000000,0.250000,1.000000,2.500000,2.000000,3.000000,1,1,0,1,0
minute_37_01,66587,167,5554,2,288,line_288,-1,288,1,measured,28.268749,3.388348,0.827856,1.000000,0.250000,1.000000,2.500000,2.000000,3.000000,1,1,0,1,0
minute_37_01,66588,168,5555,1,25,caption_plus_1,24,26,1,measured,6.523438,2.394541,0.830986,1.000000,0.250000,1.000000,2.500000,2.000000,3.000000,1,1,0,1,0
minute_37_01,66588,168,5555,1,26,caption_plus_2,24,26,1,measured,27.415625,3.142810,0.807512,1.000000,0.250000,1.000000,2.500000,2.000000,3.000000,1,1,0,1,0
minute_37_01,66588,168,5555,1,27,caption_plus_3,24,26,1,measured,27.193750,2.743736,0.780908,1.000000,0.250000,1.000000,2.500000,2.000000,3.000000,1,1,0,1,0
minute_37_01,66588,168,5555,2,286,line_286,-1,288,1,measured,7.000000,1.459880,0.765258,1.000000,0.250000,1.000000,2.500000,2.000000,3.000000,1,0,0,1,0
minute_37_01,66588,168,5555,2,287,line_287,-1,288,1,measured,6.785937,2.091528,0.832551,1.000000,0.250000,1.000000,2.500000,2.000000,3.000000,1,1,0,1,0
minute_37_01,66588,168,5555,2,288,line_288,-1,288,1,measured,29.282812,3.303836,0.829421,1.000000,0.250000,1.000000,2.500000,2.000000,3.000000,1,1,0,1,0
minute_37_01,66589,169,5556,1,25,caption_plus_1,24,26,1,measured,6.689063,1.966566,0.818466,1.000000,0.250000,1.000000,2.500000,2.000000,3.000000,1,0,0,1,0
minute_37_01,66589,169,5556,1,26,caption_plus_2,24,26,1,measured,27.671875,3.185194,0.813772,1.000000,0.250000,1.000000,2.500000,2.000000,3.000000,1,1,0,1,0
minute_37_01,66589,169,5556,1,27,caption_plus_3,24,26,1,measured,28.270313,2.847213,0.818466,1.000000,0.250000,1.000000,2.500000,2.000000,3.000000,1,1,0,1,0
minute_37_01,66589,169,5556,2,286,line_286,-1,288,1,measured,6.381250,1.578654,0.763693,1.000000,0.250000,1.000000,2.500000,2.000000,3.000000,1,0,0,1,0
minute_37_01,66589,169,5556,2,287,line_287,-1,288,1,measured,6.837500,2.343575,0.793427,1.000000,0.250000,1.000000,2.500000,2.000000,3.000000,1,1,0,1,0
minute_37_01,66589,169,5556,2,288,line_288,-1,288,1,measured,28.735937,3.231769,0.813772,1.000000,0.250000,1.000000,2.500000,2.000000,3.000000,1,1,0,1,0
minute_37_01,66590,170,5557,1,24,caption_plus_1,23,25,1,measured,6.239062,1.992338,0.854460,1.000000,0.250000,1.000000,2.500000,2.000000,3.000000,1,0,0,1,0
minute_37_01,66590,170,5557,1,25,caption_plus_2,23,25,1,measured,26.956249,2.755896,0.802817,1.000000,0.250000,1.000000,2.500000,2.000000,3.000000,1,1,0,1,0
minute_37_01,66590,170,5557,1,26,caption_plus_3,23,25,1,measured,26.492188,2.359807,0.821596,1.000000,0.250000,1.000000,2.500000,2.000000,3.000000,1,1,0,1,0
minute_37_01,66590,170,5557,2,286,line_286,-1,288,1,measured,7.173438,1.753456,0.859155,1.000000,0.250000,1.000000,2.500000,2.000000,3.000000,1,0,0,1,0
minute_37_01,66590,170,5557,2,287,line_287,-1,288,1,measured,7.089063,2.325781,0.744914,1.000000,0.250000,1.000000,2.500000,2.000000,3.000000,1,1,0,1,0
minute_37_01,66590,170,5557,2,288,line_288,-1,288,1,measured,28.228125,2.429215,0.823161,1.000000,0.250000,1.000000,2.500000,2.000000,3.000000,1,1,0,1,0
minute_37_01,66591,171,5558,1,25,caption_plus_1,24,26,1,measured,7.545312,1.829739,0.773083,1.000000,0.250000,1.000000,2.500000,2.000000,3.000000,1,0,0,1,0
minute_37_01,66591,171,5558,1,26,caption_plus_2,24,26,1,measured,26.990625,2.689663,0.788732,1.000000,0.250000,1.000000,2.500000,2.000000,3.000000,1,1,0,1,0
minute_37_01,66591,171,5558,1,27,caption_plus_3,24,26,1,measured,27.739063,2.569479,0.790297,1.000000,0.250000,1.000000,2.500000,2.000000,3.000000,1,1,0,1,0
minute_37_01,66591,171,5558,2,286,line_286,-1,288,1,measured,6.125000,1.702939,0.785603,1.000000,0.250000,1.000000,2.500000,2.000000,3.000000,1,0,0,1,0
minute_37_01,66591,171,5558,2,287,line_287,-1,288,1,measured,5.906250,2.294142,0.801252,1.000000,0.250000,1.000000,2.500000,2.000000,3.000000,1,1,0,1,0
minute_37_01,66591,171,5558,2,288,line_288,-1,288,1,measured,28.120312,3.678004,0.909233,1.000000,0.250000,1.000000,2.500000,2.000000,3.000000,1,1,0,1,0
minute_37_01,66592,172,5559,1,25,caption_plus_1,24,26,1,measured,6.050000,2.255687,0.787167,1.000000,0.250000,1.000000,2.500000,2.000000,3.000000,1,1,0,1,0
minute_37_01,66592,172,5559,1,26,caption_plus_2,24,26,1,measured,27.820312,4.472893,0.913928,1.000000,0.250000,1.000000,2.500000,2.000000,3.000000,1,1,0,1,0
minute_37_01,66592,172,5559,1,27,caption_plus_3,24,26,1,measured,27.575001,4.435369,0.871674,1.000000,0.250000,1.000000,2.500000,2.000000,3.000000,1,1,0,1,0
minute_37_01,66592,172,5559,2,286,line_286,-1,288,1,measured,6.076562,1.682283,0.787167,1.000000,0.250000,1.000000,2.500000,2.000000,3.000000,1,0,0,1,0
minute_37_01,66592,172,5559,2,287,line_287,-1,288,1,measured,6.017188,2.478914,0.798122,1.000000,0.250000,1.000000,2.500000,2.000000,3.000000,1,1,0,1,0
minute_37_01,66592,172,5559,2,288,line_288,-1,288,1,measured,28.225000,4.383135,0.912363,1.000000,0.250000,1.000000,2.500000,2.000000,3.000000,1,1,0,1,0
minute_37_01,66593,173,5560,1,25,caption_plus_1,24,26,1,measured,6.835938,2.022442,0.794992,1.000000,0.250000,1.000000,2.500000,2.000000,3.000000,1,1,0,1,0
minute_37_01,66593,173,5560,1,26,caption_plus_2,24,26,1,measured,28.357813,3.280401,0.827856,1.000000,0.250000,1.000000,2.500000,2.000000,3.000000,1,1,0,1,0
minute_37_01,66593,173,5560,1,27,caption_plus_3,24,26,1,measured,27.584375,3.116349,0.779343,1.000000,0.250000,1.000000,2.500000,2.000000,3.000000,1,1,0,1,0
minute_37_01,66593,173,5560,2,286,line_286,-1,288,1,measured,5.678125,1.495668,0.809077,1.000000,0.250000,1.000000,2.500000,2.000000,3.000000,1,0,0,1,0
minute_37_01,66593,173,5560,2,287,line_287,-1,288,1,measured,5.526563,2.270582,0.787167,1.000000,0.250000,1.000000,2.500000,2.000000,3.000000,1,1,0,1,0
minute_37_01,66593,173,5560,2,288,line_288,-1,288,1,measured,27.870312,3.383839,0.785603,1.000000,0.250000,1.000000,2.500000,2.000000,3.000000,1,1,0,1,0
minute_37_01,66594,174,5561,1,25,caption_plus_1,24,26,1,measured,6.501563,2.078160,0.758998,1.000000,0.250000,1.000000,2.500000,2.000000,3.000000,1,1,0,1,0
minute_37_01,66594,174,5561,1,26,caption_plus_2,24,26,1,measured,27.517187,3.804564,0.826291,1.000000,0.250000,1.000000,2.500000,2.000000,3.000000,1,1,0,1,0
minute_37_01,66594,174,5561,1,27,caption_plus_3,24,26,1,measured,27.345312,3.268860,0.741784,1.000000,0.250000,1.000000,2.500000,2.000000,3.000000,1,1,0,1,0
minute_37_01,66594,174,5561,2,286,line_286,-1,288,1,measured,7.278125,1.411168,0.798122,1.000000,0.250000,1.000000,2.500000,2.000000,3.000000,1,0,0,1,0
minute_37_01,66594,174,5561,2,287,line_287,-1,288,1,measured,6.840625,2.391960,0.801252,1.000000,0.250000,1.000000,2.500000,2.000000,3.000000,1,1,0,1,0
minute_37_01,66594,174,5561,2,288,line_288,-1,288,1,measured,28.812500,3.412637,0.821596,1.000000,0.250000,1.000000,2.500000,2.000000,3.000000,1,1,0,1,0
minute_37_01,66595,175,5562,1,25,caption_plus_1,24,26,1,measured,6.910937,2.229743,0.807512,1.000000,0.250000,1.000000,2.500000,2.000000,3.000000,1,1,0,1,0
minute_37_01,66595,175,5562,1,26,caption_plus_2,24,26,1,measured,27.420313,3.655034,0.805947,1.000000,0.250000,1.000000,2.500000,2.000000,3.000000,1,1,0,1,0
minute_37_01,66595,175,5562,1,27,caption_plus_3,24,26,1,measured,28.376562,3.160856,0.820031,1.000000,0.250000,1.000000,2.500000,2.000000,3.000000,1,1,0,1,0
minute_37_01,66595,175,5562,2,286,line_286,-1,288,1,measured,6.671875,1.367647,0.757433,1.000000,0.250000,1.000000,2.500000,2.000000,3.000000,1,0,0,1,0
minute_37_01,66595,175,5562,2,287,line_287,-1,288,1,measured,7.057813,2.184770,0.809077,1.000000,0.250000,1.000000,2.500000,2.000000,3.000000,1,1,0,1,0
minute_37_01,66595,175,5562,2,288,line_288,-1,288,1,measured,29.470312,3.297119,0.827856,1.000000,0.250000,1.000000,2.500000,2.000000,3.000000,1,1,0,1,0
minute_37_01,66596,176,5563,1,25,caption_plus_1,24,26,1,measured,6.668750,1.985012,0.804382,1.000000,0.250000,1.000000,2.500000,2.000000,3.000000,1,0,0,1,0
minute_37_01,66596,176,5563,1,26,caption_plus_2,24,26,1,measured,27.904688,3.232933,0.829421,1.000000,0.250000,1.000000,2.500000,2.000000,3.000000,1,1,0,1,0
minute_37_01,66596,176,5563,1,27,caption_plus_3,24,26,1,measured,28.395313,2.824277,0.837246,1.000000,0.250000,1.000000,2.500000,2.000000,3.000000,1,1,0,1,0
minute_37_01,66596,176,5563,2,286,line_286,-1,288,1,measured,6.354688,1.667936,0.804382,1.000000,0.250000,1.000000,2.500000,2.000000,3.000000,1,0,0,1,0
minute_37_01,66596,176,5563,2,287,line_287,-1,288,1,measured,6.828125,2.473956,0.779343,1.000000,0.250000,1.000000,2.500000,2.000000,3.000000,1,1,0,1,0
minute_37_01,66596,176,5563,2,288,line_288,-1,288,1,measured,28.510937,3.177539,0.768388,1.000000,0.250000,1.000000,2.500000,2.000000,3.000000,1,1,0,1,0
minute_37_01,66597,177,5564,2,286,line_286,-1,288,1,measured,6.557813,1.284439,0.733959,1.000000,0.250000,1.000000,2.500000,2.000000,3.000000,1,0,0,1,0
minute_37_01,66597,177,5564,2,287,line_287,-1,288,1,measured,5.701562,2.459039,0.749609,1.000000,0.250000,1.000000,2.500000,2.000000,3.000000,1,1,0,1,0
minute_37_01,66597,177,5564,2,288,line_288,-1,288,1,measured,22.276562,9.572915,0.874804,1.000000,0.250000,1.000000,2.500000,2.000000,3.000000,1,1,0,1,0
minute_37_01,66598,178,5565,1,25,caption_plus_1,24,26,1,measured,6.207812,1.987210,0.733959,1.000000,0.250000,1.000000,2.500000,2.000000,3.000000,1,0,0,1,0
minute_37_01,66598,178,5565,1,26,caption_plus_2,24,26,1,measured,26.703125,2.751589,0.826291,1.000000,0.250000,1.000000,2.500000,2.000000,3.000000,1,1,0,1,0
minute_37_01,66598,178,5565,1,27,caption_plus_3,24,26,1,measured,26.635937,2.629215,0.749609,1.000000,0.250000,1.000000,2.500000,2.000000,3.000000,1,1,0,1,0
minute_37_01,66598,178,5565,2,286,line_286,-1,288,1,measured,6.504687,1.493729,0.813772,1.000000,0.250000,1.000000,2.500000,2.000000,3.000000,1,0,0,1,0
minute_37_01,66598,178,5565,2,287,line_287,-1,288,1,measured,6.696875,1.930509,0.766823,1.000000,0.250000,1.000000,2.500000,2.000000,3.000000,1,0,0,1,0
minute_37_01,66598,178,5565,2,288,line_288,-1,288,1,measured,28.259375,2.500295,0.813772,1.000000,0.250000,1.000000,2.500000,2.000000,3.000000,1,1,0,1,0
minute_37_01,66599,179,5566,1,25,caption_plus_1,24,26,1,measured,6.517188,1.954886,0.862285,1.000000,0.250000,1.000000,2.500000,2.000000,3.000000,1,0,0,1,0
minute_37_01,66599,179,5566,1,26,caption_plus_2,24,26,1,measured,26.392187,3.177204,0.791862,1.000000,0.250000,1.000000,2.500000,2.000000,3.000000,1,1,0,1,0
minute_37_01,66599,179,5566,1,27,caption_plus_3,24,26,1,measured,26.664062,2.533147,0.798122,1.000000,0.250000,1.000000,2.500000,2.000000,3.000000,1,1,0,1,0
minute_37_01,66599,179,5566,2,286,line_286,-1,288,1,measured,7.014062,1.809210,0.823161,1.000000,0.250000,1.000000,2.500000,2.000000,3.000000,1,0,0,1,0
minute_37_01,66599,179,5566,2,287,line_287,-1,288,1,measured,6.287500,2.039110,0.780908,1.000000,0.250000,1.000000,2.500000,2.000000,3.000000,1,1,0,1,0
minute_37_01,66599,179,5566,2,288,line_288,-1,288,1,measured,26.990625,2.899877,0.799687,1.000000,0.250000,1.000000,2.500000,2.000000,3.000000,1,1,0,1,0
minute_37_01,66600,180,5567,1,25,caption_plus_1,24,26,1,measured,6.637500,2.114644,0.787167,1.000000,0.250000,1.000000,2.500000,2.000000,3.000000,1,1,0,1,0
minute_37_01,66600,180,5567,1,26,caption_plus_2,24,26,1,measured,26.776562,3.220794,0.787167,1.000000,0.250000,1.000000,2.500000,2.000000,3.000000,1,1,0,1,0
minute_37_01,66600,180,5567,1,27,caption_plus_3,24,26,1,measured,27.146875,2.846103,0.765258,1.000000,0.250000,1.000000,2.500000,2.000000,3.000000,1,1,0,1,0
minute_37_01,66600,180,5567,2,286,line_286,-1,288,1,measured,4.695312,1.841189,0.790297,1.000000,0.250000,1.000000,2.500000,2.000000,3.000000,1,0,0,1,0
minute_37_01,66600,180,5567,2,287,line_287,-1,288,1,measured,6.139062,1.826294,0.846635,1.000000,0.250000,1.000000,2.500000,2.000000,3.000000,1,0,0,1,0
minute_37_01,66600,180,5567,2,288,line_288,-1,288,1,measured,27.487499,3.203489,0.882629,1.000000,0.250000,1.000000,2.500000,2.000000,3.000000,1,1,0,1,0
minute_37_01,66601,181,5568,1,24,caption_plus_1,23,25,1,measured,6.557813,2.006965,0.785603,1.000000,0.250000,1.000000,2.500000,2.000000,3.000000,1,1,0,1,0
minute_37_01,66601,181,5568,1,25,caption_plus_2,23,25,1,measured,27.335938,3.403760,0.769953,1.000000,0.250000,1.000000,2.500000,2.000000,3.000000,1,1,0,1,0
minute_37_01,66601,181,5568,1,26,caption_plus_3,23,25,1,measured,27.973438,2.934852,0.820031,1.000000,0.250000,1.000000,2.500000,2.000000,3.000000,1,1,0,1,0
minute_37_01,66601,181,5568,2,286,line_286,-1,288,1,measured,5.904687,1.600384,0.766823,1.000000,0.250000,1.000000,2.500000,2.000000,3.000000,1,0,0,1,0
minute_37_01,66601,181,5568,2,287,line_287,-1,288,1,measured,6.042188,2.347825,0.793427,1.000000,0.250000,1.000000,2.500000,2.000000,3.000000,1,1,0,1,0
minute_37_01,66601,181,5568,2,288,line_288,-1,288,1,measured,27.575001,3.288332,0.791862,1.000000,0.250000,1.000000,2.500000,2.000000,3.000000,1,1,0,1,0
minute_37_01,66602,182,5569,1,25,caption_plus_1,24,26,1,measured,6.692187,1.919620,0.788732,1.000000,0.250000,1.000000,2.500000,2.000000,3.000000,1,0,0,1,0
minute_37_01,66602,182,5569,1,26,caption_plus_2,24,26,1,measured,26.903126,3.511586,0.791862,1.000000,0.250000,1.000000,2.500000,2.000000,3.000000,1,1,0,1,0
minute_37_01,66602,182,5569,1,27,caption_plus_3,24,26,1,measured,27.549999,3.053277,0.708920,1.000000,0.250000,1.000000,2.500000,2.000000,3.000000,1,1,0,1,0
minute_37_01,66602,182,5569,2,286,line_286,-1,288,1,measured,6.306250,1.620173,0.821596,1.000000,0.250000,1.000000,2.500000,2.000000,3.000000,1,0,0,1,0
minute_37_01,66602,182,5569,2,287,line_287,-1,288,1,measured,6.557813,2.077356,0.793427,1.000000,0.250000,1.000000,2.500000,2.000000,3.000000,1,1,0,1,0
minute_37_01,66602,182,5569,2,288,line_288,-1,288,1,measured,27.589062,3.506450,0.758998,1.000000,0.250000,1.000000,2.500000,2.000000,3.000000,1,1,0,1,0
minute_37_01,66603,183,5570,1,25,caption_plus_1,24,26,1,measured,7.718750,2.281507,0.829421,1.000000,0.250000,1.000000,2.500000,2.000000,3.000000,1,1,0,1,0
minute_37_01,66603,183,5570,1,26,caption_plus_2,24,26,1,measured,27.003124,2.958566,0.785603,1.000000,0.250000,1.000000,2.500000,2.000000,3.000000,1,1,0,1,0
minute_37_01,66603,183,5570,1,27,caption_plus_3,24,26,1,measured,27.915625,3.121859,0.774648,1.000000,0.250000,1.000000,2.500000,2.000000,3.000000,1,1,0,1,0
minute_37_01,66603,183,5570,2,286,line_286,-1,288,1,measured,5.921875,1.464205,0.801252,1.000000,0.250000,1.000000,2.500000,2.000000,3.000000,1,0,0,1,0
minute_37_01,66603,183,5570,2,287,line_287,-1,288,1,measured,5.993750,1.879152,0.771518,1.000000,0.250000,1.000000,2.500000,2.000000,3.000000,1,0,0,1,0
minute_37_01,66603,183,5570,2,288,line_288,-1,288,1,measured,26.651562,2.871002,0.862285,1.000000,0.250000,1.000000,2.500000,2.000000,3.000000,1,1,0,1,0
minute_37_01,66604,184,5571,1,25,caption_plus_1,24,26,1,measured,7.187500,2.104868,0.826291,1.000000,0.250000,1.000000,2.500000,2.000000,3.000000,1,1,0,1,0
minute_37_01,66604,184,5571,1,26,caption_plus_2,24,26,1,measured,27.271875,2.958751,0.777778,1.000000,0.250000,1.000000,2.500000,2.000000,3.000000,1,1,0,1,0
minute_37_01,66604,184,5571,1,27,caption_plus_3,24,26,1,measured,27.237499,3.021253,0.804382,1.000000,0.250000,1.000000,2.500000,2.000000,3.000000,1,1,0,1,0
minute_37_01,66604,184,5571,2,286,line_286,-1,288,1,measured,6.842187,1.531472,0.807512,1.000000,0.250000,1.000000,2.500000,2.000000,3.000000,1,0,0,1,0
minute_37_01,66604,184,5571,2,287,line_287,-1,288,1,measured,7.109375,2.174549,0.827856,1.000000,0.250000,1.000000,2.500000,2.000000,3.000000,1,1,0,1,0
minute_37_01,66604,184,5571,2,288,line_288,-1,288,1,measured,28.128124,3.277169,0.832551,1.000000,0.250000,1.000000,2.500000,2.000000,3.000000,1,1,0,1,0
minute_37_01,66605,185,5572,1,24,caption_plus_1,23,25,1,measured,6.264062,1.978941,0.780908,1.000000,0.250000,1.000000,2.500000,2.000000,3.000000,1,0,0,1,0
minute_37_01,66605,185,5572,1,25,caption_plus_2,23,25,1,measured,26.595312,3.820624,0.791862,1.000000,0.250000,1.000000,2.500000,2.000000,3.000000,1,1,0,1,0
minute_37_01,66605,185,5572,1,26,caption_plus_3,23,25,1,measured,27.503124,3.473110,0.768388,1.000000,0.250000,1.000000,2.500000,2.000000,3.000000,1,1,0,1,0
minute_37_01,66605,185,5572,2,286,line_286,-1,288,1,measured,5.603125,1.570825,0.793427,1.000000,0.250000,1.000000,2.500000,2.000000,3.000000,1,0,0,1,0
minute_37_01,66605,185,5572,2,287,line_287,-1,288,1,measured,6.187500,2.116712,0.768388,1.000000,0.250000,1.000000,2.500000,2.000000,3.000000,1,1,0,1,0
minute_37_01,66605,185,5572,2,288,line_288,-1,288,1,measured,27.610937,3.912345,0.769953,1.000000,0.250000,1.000000,2.500000,2.000000,3.000000,1,1,0,1,0
minute_37_01,66606,186,5573,1,25,caption_plus_1,24,26,1,measured,7.089063,2.090127,0.805947,1.000000,0.250000,1.000000,2.500000,2.000000,3.000000,1,1,0,1,0
minute_37_01,66606,186,5573,1,26,caption_plus_2,24,26,1,measured,28.015625,3.553573,0.813772,1.000000,0.250000,1.000000,2.500000,2.000000,3.000000,1,1,0,1,0
minute_37_01,66606,186,5573,1,27,caption_plus_3,24,26,1,measured,27.895313,3.344769,0.818466,1.000000,0.250000,1.000000,2.500000,2.000000,3.000000,1,1,0,1,0
minute_37_01,66606,186,5573,2,286,line_286,-1,288,1,measured,6.376563,1.594056,0.776213,1.000000,0.250000,1.000000,2.500000,2.000000,3.000000,1,0,0,1,0
minute_37_01,66606,186,5573,2,287,line_287,-1,288,1,measured,6.093750,2.128077,0.779343,1.000000,0.250000,1.000000,2.500000,2.000000,3.000000,1,1,0,1,0
minute_37_01,66606,186,5573,2,288,line_288,-1,288,1,measured,27.770313,3.012276,0.852895,1.000000,0.250000,1.000000,2.500000,2.000000,3.000000,1,1,0,1,0
minute_37_01,66607,187,5574,1,25,caption_plus_1,24,26,1,measured,6.362500,1.734710,0.766823,1.000000,0.250000,1.000000,2.500000,2.000000,3.000000,1,0,0,1,0
minute_37_01,66607,187,5574,1,26,caption_plus_2,24,26,1,measured,27.167187,3.466607,0.862285,1.000000,0.250000,1.000000,2.500000,2.000000,3.000000,1,1,0,1,0
minute_37_01,66607,187,5574,1,27,caption_plus_3,24,26,1,measured,27.381250,3.203264,0.784038,1.000000,0.250000,1.000000,2.500000,2.000000,3.000000,1,1,0,1,0
minute_37_01,66607,187,5574,2,286,line_286,-1,288,1,measured,6.020312,1.717891,0.768388,1.000000,0.250000,1.000000,2.500000,2.000000,3.000000,1,0,0,1,0
minute_37_01,66607,187,5574,2,287,line_287,-1,288,1,measured,5.968750,1.747934,0.754304,1.000000,0.250000,1.000000,2.500000,2.000000,3.000000,1,0,0,1,0
minute_37_01,66607,187,5574,2,288,line_288,-1,288,1,measured,28.137501,3.305748,0.802817,1.000000,0.250000,1.000000,2.500000,2.000000,3.000000,1,1,0,1,0
minute_37_01,66608,188,5575,1,25,caption_plus_1,24,26,1,measured,6.653125,2.311991,0.751174,1.000000,0.250000,1.000000,2.500000,2.000000,3.000000,1,1,0,1,0
minute_37_01,66608,188,5575,1,26,caption_plus_2,24,26,1,measured,27.326563,3.062563,0.851330,1.000000,0.250000,1.000000,2.500000,2.000000,3.000000,1,1,0,1,0
minute_37_01,66608,188,5575,1,27,caption_plus_3,24,26,1,measured,27.556250,2.895572,0.768388,1.000000,0.250000,1.000000,2.500000,2.000000,3.000000,1,1,0,1,0
minute_37_01,66608,188,5575,2,286,line_286,-1,288,1,measured,5.773438,1.266237,0.799687,1.000000,0.250000,1.000000,2.500000,2.000000,3.000000,1,0,0,1,0
minute_37_01,66608,188,5575,2,287,line_287,-1,288,1,measured,5.492188,1.966104,0.774648,1.000000,0.250000,1.000000,2.500000,2.000000,3.000000,1,0,0,1,0
minute_37_01,66608,188,5575,2,288,line_288,-1,288,1,measured,26.939062,2.975059,0.848200,1.000000,0.250000,1.000000,2.500000,2.000000,3.000000,1,1,0,1,0
minute_37_01,66609,189,5576,1,25,caption_plus_1,24,26,1,measured,7.165625,2.344689,0.784038,1.000000,0.250000,1.000000,2.500000,2.000000,3.000000,1,1,0,1,0
minute_37_01,66609,189,5576,1,26,caption_plus_2,24,26,1,measured,27.504688,2.827318,0.779343,1.000000,0.250000,1.000000,2.500000,2.000000,3.000000,1,1,0,1,0
minute_37_01,66609,189,5576,1,27,caption_plus_3,24,26,1,measured,27.918751,2.650405,0.827856,1.000000,0.250000,1.000000,2.500000,2.000000,3.000000,1,1,0,1,0
minute_37_01,66609,189,5576,2,286,line_286,-1,288,1,measured,5.578125,1.428556,0.762128,1.000000,0.250000,1.000000,2.500000,2.000000,3.000000,1,0,0,1,0
minute_37_01,66609,189,5576,2,287,line_287,-1,288,1,measured,6.045312,2.064464,0.809077,1.000000,0.250000,1.000000,2.500000,2.000000,3.000000,1,1,0,1,0
minute_37_01,66609,189,5576,2,288,line_288,-1,288,1,measured,27.049999,2.733016,0.763693,1.000000,0.250000,1.000000,2.500000,2.000000,3.000000,1,1,0,1,0
minute_37_01,66610,190,5577,1,25,caption_plus_1,24,26,1,measured,6.510938,1.917813,0.832551,1.000000,0.250000,1.000000,2.500000,2.000000,3.000000,1,0,0,1,0
minute_37_01,66610,190,5577,1,26,caption_plus_2,24,26,1,measured,26.825001,2.759755,0.835681,1.000000,0.250000,1.000000,2.500000,2.000000,3.000000,1,1,0,1,0
minute_37_01,66610,190,5577,1,27,caption_plus_3,24,26,1,measured,27.054688,2.470794,0.801252,1.000000,0.250000,1.000000,2.500000,2.000000,3.000000,1,1,0,1,0
minute_37_01,66610,190,5577,2,286,line_286,-1,288,1,measured,6.726562,1.410424,0.794992,1.000000,0.250000,1.000000,2.500000,2.000000,3.000000,1,0,0,1,0
minute_37_01,66610,190,5577,2,287,line_287,-1,288,1,measured,6.384375,2.085457,0.787167,1.000000,0.250000,1.000000,2.500000,2.000000,3.000000,1,1,0,1,0
minute_37_01,66610,190,5577,2,288,line_288,-1,288,1,measured,27.465626,3.088093,0.835681,1.000000,0.250000,1.000000,2.500000,2.000000,3.000000,1,1,0,1,0
minute_37_01,66611,191,5578,1,25,caption_plus_1,24,26,1,measured,6.479688,1.886521,0.784038,1.000000,0.250000,1.000000,2.500000,2.000000,3.000000,1,0,0,1,0
minute_37_01,66611,191,5578,1,26,caption_plus_2,24,26,1,measured,26.567188,3.096144,0.805947,1.000000,0.250000,1.000000,2.500000,2.000000,3.000000,1,1,0,1,0
minute_37_01,66611,191,5578,1,27,caption_plus_3,24,26,1,measured,26.748438,2.851671,0.804382,1.000000,0.250000,1.000000,2.500000,2.000000,3.000000,1,1,0,1,0
minute_37_01,66611,191,5578,2,286,line_286,-1,288,1,measured,7.140625,1.698963,0.791862,1.000000,0.250000,1.000000,2.500000,2.000000,3.000000,1,0,0,1,0
minute_37_01,66611,191,5578,2,287,line_287,-1,288,1,measured,7.434375,1.812821,0.805947,1.000000,0.250000,1.000000,2.500000,2.000000,3.000000,1,0,0,1,0
minute_37_01,66611,191,5578,2,288,line_288,-1,288,1,measured,28.725000,3.186789,0.829421,1.000000,0.250000,1.000000,2.500000,2.000000,3.000000,1,1,0,1,0
minute_37_01,66612,192,5579,1,25,caption_plus_1,24,26,1,measured,6.143750,2.131158,0.746479,1.000000,0.250000,1.000000,2.500000,2.000000,3.000000,1,1,0,1,0
minute_37_01,66612,192,5579,1,26,caption_plus_2,24,26,1,measured,27.500000,3.325094,0.801252,1.000000,0.250000,1.000000,2.500000,2.000000,3.000000,1,1,0,1,0
minute_37_01,66612,192,5579,1,27,caption_plus_3,24,26,1,measured,27.673437,3.374247,0.773083,1.000000,0.250000,1.000000,2.500000,2.000000,3.000000,1,1,0,1,0
minute_37_01,66612,192,5579,2,286,line_286,-1,288,1,measured,6.835938,1.290454,0.791862,1.000000,0.250000,1.000000,2.500000,2.000000,3.000000,1,0,0,1,0
minute_37_01,66612,192,5579,2,287,line_287,-1,288,1,measured,6.129687,2.218613,0.733959,1.000000,0.250000,1.000000,2.500000,2.000000,3.000000,1,1,0,1,0
minute_37_01,66612,192,5579,2,288,line_288,-1,288,1,measured,27.982813,3.473743,0.841941,1.000000,0.250000,1.000000,2.500000,2.000000,3.000000,1,1,0,1,0
minute_37_01,66613,193,5580,1,25,caption_plus_1,24,26,1,measured,6.826562,2.100502,0.854460,1.000000,0.250000,1.000000,2.500000,2.000000,3.000000,1,1,0,1,0
minute_37_01,66613,193,5580,1,26,caption_plus_2,24,26,1,measured,27.965626,3.584525,0.785603,1.000000,0.250000,1.000000,2.500000,2.000000,3.000000,1,1,0,1,0
minute_37_01,66613,193,5580,1,27,caption_plus_3,24,26,1,measured,27.767187,3.665786,0.801252,1.000000,0.250000,1.000000,2.500000,2.000000,3.000000,1,1,0,1,0
minute_37_01,66613,193,5580,2,286,line_286,-1,288,1,measured,6.778125,1.314875,0.804382,1.000000,0.250000,1.000000,2.500000,2.000000,3.000000,1,0,0,1,0
minute_37_01,66613,193,5580,2,287,line_287,-1,288,1,measured,6.223437,2.333535,0.827856,1.000000,0.250000,1.000000,2.500000,2.000000,3.000000,1,1,0,1,0
minute_37_01,66613,193,5580,2,288,line_288,-1,288,1,measured,28.703125,3.843337,0.843506,1.000000,0.250000,1.000000,2.500000,2.000000,3.000000,1,1,0,1,0
minute_37_01,66614,194,5581,1,25,caption_plus_1,24,26,1,measured,6.414062,2.188490,0.765258,1.000000,0.250000,1.000000,2.500000,2.000000,3.000000,1,1,0,1,0
minute_37_01,66614,194,5581,1,26,caption_plus_2,24,26,1,measured,27.214062,3.974464,0.854460,1.000000,0.250000,1.000000,2.500000,2.000000,3.000000,1,1,0,1,0
minute_37_01,66614,194,5581,1,27,caption_plus_3,24,26,1,measured,27.662500,3.885289,0.807512,1.000000,0.250000,1.000000,2.500000,2.000000,3.000000,1,1,0,1,0
minute_37_01,66614,194,5581,2,286,line_286,-1,288,1,measured,6.603125,1.657933,0.788732,1.000000,0.250000,1.000000,2.500000,2.000000,3.000000,1,0,0,1,0
minute_37_01,66614,194,5581,2,287,line_287,-1,288,1,measured,6.773438,1.744701,0.784038,1.000000,0.250000,1.000000,2.500000,2.000000,3.000000,1,0,0,1,0
minute_37_01,66614,194,5581,2,288,line_288,-1,288,1,measured,29.390625,4.333075,0.862285,1.000000,0.250000,1.000000,2.500000,2.000000,3.000000,1,1,0,1,0
minute_37_01,66615,195,5582,1,25,caption_plus_1,24,26,1,measured,6.807813,2.140882,0.796557,1.000000,0.250000,1.000000,2.500000,2.000000,3.000000,1,1,0,1,0
minute_37_01,66615,195,5582,1,26,caption_plus_2,24,26,1,measured,28.226562,4.200102,0.809077,1.000000,0.250000,1.000000,2.500000,2.000000,3.000000,1,1,0,1,0
minute_37_01,66615,195,5582,1,27,caption_plus_3,24,26,1,measured,28.773438,4.093850,0.785603,1.000000,0.250000,1.000000,2.500000,2.000000,3.000000,1,1,0,1,0
minute_37_01,66615,195,5582,2,286,line_286,-1,288,1,measured,5.653125,1.435593,0.798122,1.000000,0.250000,1.000000,2.500000,2.000000,3.000000,1,0,0,1,0
minute_37_01,66615,195,5582,2,287,line_287,-1,288,1,measured,5.548438,2.144214,0.807512,1.000000,0.250000,1.000000,2.500000,2.000000,3.000000,1,1,0,1,0
minute_37_01,66615,195,5582,2,288,line_288,-1,288,1,measured,28.776562,3.885680,0.829421,1.000000,0.250000,1.000000,2.500000,2.000000,3.000000,1,1,0,1,0
minute_37_01,66616,196,5583,1,25,caption_plus_1,24,26,1,measured,6.823438,2.095773,0.835681,1.000000,0.250000,1.000000,2.500000,2.000000,3.000000,1,1,0,1,0
minute_37_01,66616,196,5583,1,26,caption_plus_2,24,26,1,measured,28.012501,3.931424,0.830986,1.000000,0.250000,1.000000,2.500000,2.000000,3.000000,1,1,0,1,0
minute_37_01,66616,196,5583,1,27,caption_plus_3,24,26,1,measured,28.635937,3.482585,0.829421,1.000000,0.250000,1.000000,2.500000,2.000000,3.000000,1,1,0,1,0
minute_37_01,66616,196,5583,2,286,line_286,-1,288,1,measured,5.626563,1.609420,0.816901,1.000000,0.250000,1.000000,2.500000,2.000000,3.000000,1,0,0,1,0
minute_37_01,66616,196,5583,2,287,line_287,-1,288,1,measured,5.289062,2.190007,0.807512,1.000000,0.250000,1.000000,2.500000,2.000000,3.000000,1,1,0,1,0
minute_37_01,66616,196,5583,2,288,line_288,-1,288,1,measured,28.371876,4.094488,0.870110,1.000000,0.250000,1.000000,2.500000,2.000000,3.000000,1,1,0,1,0
minute_37_01,66617,197,5584,1,25,caption_plus_1,24,26,1,measured,7.143750,2.058054,0.824726,1.000000,0.250000,1.000000,2.500000,2.000000,3.000000,1,1,0,1,0
minute_37_01,66617,197,5584,1,26,caption_plus_2,24,26,1,measured,29.068750,3.605762,0.823161,1.000000,0.250000,1.000000,2.500000,2.000000,3.000000,1,1,0,1,0
minute_37_01,66617,197,5584,1,27,caption_plus_3,24,26,1,measured,28.628124,3.322154,0.757433,1.000000,0.250000,1.000000,2.500000,2.000000,3.000000,1,1,0,1,0
minute_37_01,66617,197,5584,2,286,line_286,-1,288,1,measured,7.476562,1.500858,0.751174,1.000000,0.250000,1.000000,2.500000,2.000000,3.000000,1,0,0,1,0
minute_37_01,66617,197,5584,2,287,line_287,-1,288,1,measured,6.545312,1.726035,0.765258,1.000000,0.250000,1.000000,2.500000,2.000000,3.000000,1,0,0,1,0
minute_37_01,66617,197,5584,2,288,line_288,-1,288,1,measured,29.889063,3.903349,0.857590,1.000000,0.250000,1.000000,2.500000,2.000000,3.000000,1,1,0,1,0
minute_37_01,66618,198,5585,1,25,caption_plus_1,24,26,1,measured,6.667188,1.871710,0.802817,1.000000,0.250000,1.000000,2.500000,2.000000,3.000000,1,0,0,1,0
minute_37_01,66618,198,5585,1,26,caption_plus_2,24,26,1,measured,28.868750,3.528672,0.837246,1.000000,0.250000,1.000000,2.500000,2.000000,3.000000,1,1,0,1,0
minute_37_01,66618,198,5585,1,27,caption_plus_3,24,26,1,measured,28.435938,3.700797,0.818466,1.000000,0.250000,1.000000,2.500000,2.000000,3.000000,1,1,0,1,0
minute_37_01,66618,198,5585,2,286,line_286,-1,288,1,measured,6.579688,1.584069,0.738654,1.000000,0.250000,1.000000,2.500000,2.000000,3.000000,1,0,0,1,0
minute_37_01,66618,198,5585,2,287,line_287,-1,288,1,measured,6.331250,1.883222,0.732394,1.000000,0.250000,1.000000,2.500000,2.000000,3.000000,1,0,0,1,0
minute_37_01,66618,198,5585,2,288,line_288,-1,288,1,measured,28.428125,3.464709,0.823161,1.000000,0.250000,1.000000,2.500000,2.000000,3.000000,1,1,0,1,0
minute_37_01,66619,199,5586,1,25,caption_plus_1,24,26,1,measured,6.948438,1.818008,0.815336,1.000000,0.250000,1.000000,2.500000,2.000000,3.000000,1,0,0,1,0
minute_37_01,66619,199,5586,1,26,caption_plus_2,24,26,1,measured,28.376562,3.640108,0.821596,1.000000,0.250000,1.000000,2.500000,2.000000,3.000000,1,1,0,1,0
minute_37_01,66619,199,5586,1,27,caption_plus_3,24,26,1,measured,28.631250,3.817921,0.860720,1.000000,0.250000,1.000000,2.500000,2.000000,3.000000,1,1,0,1,0
minute_37_01,66619,199,5586,2,286,line_286,-1,288,1,measured,6.234375,1.761943,0.784038,1.000000,0.250000,1.000000,2.500000,2.000000,3.000000,1,0,0,1,0
minute_37_01,66619,199,5586,2,287,line_287,-1,288,1,measured,6.542188,2.246129,0.784038,1.000000,0.250000,1.000000,2.500000,2.000000,3.000000,1,1,0,1,0
minute_37_01,66619,199,5586,2,288,line_288,-1,288,1,measured,29.667187,3.850347,0.866980,1.000000,0.250000,1.000000,2.500000,2.000000,3.000000,1,1,0,1,0
minute_37_01,66620,200,5587,1,25,caption_plus_1,24,26,1,measured,5.984375,1.906340,0.749609,1.000000,0.250000,1.000000,2.500000,2.000000,3.000000,1,0,0,1,0
minute_37_01,66620,200,5587,1,26,caption_plus_2,24,26,1,measured,27.368750,3.769320,0.862285,1.000000,0.250000,1.000000,2.500000,2.000000,3.000000,1,1,0,1,0
minute_37_01,66620,200,5587,1,27,caption_plus_3,24,26,1,measured,28.032812,3.570345,0.852895,1.000000,0.250000,1.000000,2.500000,2.000000,3.000000,1,1,0,1,0
minute_37_01,66620,200,5587,2,286,line_286,-1,288,1,measured,7.015625,1.313300,0.787167,1.000000,0.250000,1.000000,2.500000,2.000000,3.000000,1,0,0,1,0
minute_37_01,66620,200,5587,2,287,line_287,-1,288,1,measured,6.607812,2.035068,0.740219,1.000000,0.250000,1.000000,2.500000,2.000000,3.000000,1,1,0,1,0
minute_37_01,66620,200,5587,2,288,line_288,-1,288,1,measured,30.115625,3.529218,0.777778,1.000000,0.250000,1.000000,2.500000,2.000000,3.000000,1,1,0,1,0
minute_37_01,66621,201,5588,1,25,caption_plus_1,24,26,1,measured,8.015625,2.217770,0.849765,1.000000,0.250000,1.000000,2.500000,2.000000,3.000000,1,1,0,1,0
minute_37_01,66621,201,5588,1,26,caption_plus_2,24,26,1,measured,29.001562,3.769739,0.791862,1.000000,0.250000,1.000000,2.500000,2.000000,3.000000,1,1,0,1,0
minute_37_01,66621,201,5588,1,27,caption_plus_3,24,26,1,measured,28.228125,3.480906,0.846635,1.000000,0.250000,1.000000,2.500000,2.000000,3.000000,1,1,0,1,0
minute_37_01,66621,201,5588,2,286,line_286,-1,288,1,measured,5.395312,1.615833,0.766823,1.000000,0.250000,1.000000,2.500000,2.000000,3.000000,1,0,0,1,0
minute_37_01,66621,201,5588,2,287,line_287,-1,288,1,measured,5.200000,2.033470,0.843506,1.000000,0.250000,1.000000,2.500000,2.000000,3.000000,1,1,0,1,0
minute_37_01,66621,201,5588,2,288,line_288,-1,288,1,measured,27.231251,3.425040,0.805947,1.000000,0.250000,1.000000,2.500000,2.000000,3.000000,1,1,0,1,0
minute_37_01,66622,202,5589,1,25,caption_plus_1,24,26,1,measured,7.225000,2.081766,0.784038,1.000000,0.250000,1.000000,2.500000,2.000000,3.000000,1,1,0,1,0
minute_37_01,66622,202,5589,1,26,caption_plus_2,24,26,1,measured,27.595312,3.219129,0.824726,1.000000,0.250000,1.000000,2.500000,2.000000,3.000000,1,1,0,1,0
minute_37_01,66622,202,5589,1,27,caption_plus_3,24,26,1,measured,26.673437,3.256423,0.785603,1.000000,0.250000,1.000000,2.500000,2.000000,3.000000,1,1,0,1,0
minute_37_01,66622,202,5589,2,286,line_286,-1,288,1,measured,6.464063,1.591566,0.748044,1.000000,0.250000,1.000000,2.500000,2.000000,3.000000,1,0,0,1,0
minute_37_01,66622,202,5589,2,287,line_287,-1,288,1,measured,6.379687,2.483928,0.726135,1.000000,0.250000,1.000000,2.500000,2.000000,3.000000,1,1,0,1,0
minute_37_01,66622,202,5589,2,288,line_288,-1,288,1,measured,28.506250,3.206433,0.835681,1.000000,0.250000,1.000000,2.500000,2.000000,3.000000,1,1,0,1,0
minute_37_01,66623,203,5590,1,25,caption_plus_1,24,26,1,measured,8.695312,2.014629,0.837246,1.000000,0.250000,1.000000,2.500000,2.000000,3.000000,1,1,0,1,0
minute_37_01,66623,203,5590,1,26,caption_plus_2,24,26,1,measured,28.442188,3.079636,0.860720,1.000000,0.250000,1.000000,2.500000,2.000000,3.000000,1,1,0,1,0
minute_37_01,66623,203,5590,1,27,caption_plus_3,24,26,1,measured,28.040625,2.858907,0.816901,1.000000,0.250000,1.000000,2.500000,2.000000,3.000000,1,1,0,1,0
minute_37_01,66623,203,5590,2,286,line_286,-1,288,1,measured,6.450000,1.436358,0.773083,1.000000,0.250000,1.000000,2.500000,2.000000,3.000000,1,0,0,1,0
minute_37_01,66623,203,5590,2,287,line_287,-1,288,1,measured,6.045312,2.104937,0.784038,1.000000,0.250000,1.000000,2.500000,2.000000,3.000000,1,1,0,1,0
minute_37_01,66623,203,5590,2,288,line_288,-1,288,1,measured,28.262501,2.647493,0.815336,1.000000,0.250000,1.000000,2.500000,2.000000,3.000000,1,1,0,1,0
minute_37_01,66624,204,5591,1,25,caption_plus_1,24,26,1,measured,8.810938,2.321813,0.823161,1.000000,0.250000,1.000000,2.500000,2.000000,3.000000,1,1,0,1,0
minute_37_01,66624,204,5591,1,26,caption_plus_2,24,26,1,measured,28.750000,2.942151,0.827856,1.000000,0.250000,1.000000,2.500000,2.000000,3.000000,1,1,0,1,0
minute_37_01,66624,204,5591,1,27,caption_plus_3,24,26,1,measured,27.993750,2.627967,0.832551,1.000000,0.250000,1.000000,2.500000,2.000000,3.000000,1,1,0,1,0
minute_37_01,66624,204,5591,2,286,line_286,-1,288,1,measured,6.129687,1.371721,0.754304,1.000000,0.250000,1.000000,2.500000,2.000000,3.000000,1,0,0,1,0
minute_37_01,66624,204,5591,2,287,line_287,-1,288,1,measured,6.175000,2.461707,0.765258,1.000000,0.250000,1.000000,2.500000,2.000000,3.000000,1,1,0,1,0
minute_37_01,66624,204,5591,2,288,line_288,-1,288,1,measured,28.039062,2.795650,0.804382,1.000000,0.250000,1.000000,2.500000,2.000000,3.000000,1,1,0,1,0
minute_37_01,66625,205,5592,1,25,caption_plus_1,24,26,1,measured,10.073438,2.270582,0.794992,1.000000,0.250000,1.000000,2.500000,2.000000,3.000000,1,1,0,1,0
minute_37_01,66625,205,5592,1,26,caption_plus_2,24,26,1,measured,28.382812,2.892126,0.776213,1.000000,0.250000,1.000000,2.500000,2.000000,3.000000,1,1,0,1,0
minute_37_01,66625,205,5592,1,27,caption_plus_3,24,26,1,measured,27.678125,2.982683,0.799687,1.000000,0.250000,1.000000,2.500000,2.000000,3.000000,1,1,0,1,0
minute_37_01,66625,205,5592,2,286,line_286,-1,288,1,measured,5.650000,1.784307,0.816901,1.000000,0.250000,1.000000,2.500000,2.000000,3.000000,1,0,0,1,0
minute_37_01,66625,205,5592,2,287,line_287,-1,288,1,measured,5.942187,2.404703,0.788732,1.000000,0.250000,1.000000,2.500000,2.000000,3.000000,1,1,0,1,0
minute_37_01,66625,205,5592,2,288,line_288,-1,288,1,measured,27.837500,3.168473,0.790297,1.000000,0.250000,1.000000,2.500000,2.000000,3.000000,1,1,0,1,0
minute_37_01,66626,206,5593,1,25,caption_plus_1,24,26,1,measured,8.457812,2.329452,0.854460,1.000000,0.250000,1.000000,2.500000,2.000000,3.000000,1,1,0,1,0
minute_37_01,66626,206,5593,1,26,caption_plus_2,24,26,1,measured,28.395313,3.260796,0.863850,1.000000,0.250000,1.000000,2.500000,2.000000,3.000000,1,1,0,1,0
minute_37_01,66626,206,5593,1,27,caption_plus_3,24,26,1,measured,28.209375,2.923489,0.843506,1.000000,0.250000,1.000000,2.500000,2.000000,3.000000,1,1,0,1,0
minute_37_01,66626,206,5593,2,286,line_286,-1,288,1,measured,6.360938,1.486199,0.765258,1.000000,0.250000,1.000000,2.500000,2.000000,3.000000,1,0,0,1,0
minute_37_01,66626,206,5593,2,287,line_287,-1,288,1,measured,6.310937,2.452398,0.809077,1.000000,0.250000,1.000000,2.500000,2.000000,3.000000,1,1,0,1,0
minute_37_01,66626,206,5593,2,288,line_288,-1,288,1,measured,28.321875,3.887418,0.843506,1.000000,0.250000,1.000000,2.500000,2.000000,3.000000,1,1,0,1,0
minute_37_01,66627,207,5594,1,25,caption_plus_1,24,26,1,measured,9.743750,2.181590,0.848200,1.000000,0.250000,1.000000,2.500000,2.000000,3.000000,1,1,0,1,0
minute_37_01,66627,207,5594,1,26,caption_plus_2,24,26,1,measured,29.489063,3.673368,0.782473,1.000000,0.250000,1.000000,2.500000,2.000000,3.000000,1,1,0,1,0
minute_37_01,66627,207,5594,1,27,caption_plus_3,24,26,1,measured,28.570312,3.350102,0.779343,1.000000,0.250000,1.000000,2.500000,2.000000,3.000000,1,1,0,1,0
minute_37_01,66627,207,5594,2,286,line_286,-1,288,1,measured,7.056250,1.315755,0.780908,1.000000,0.250000,1.000000,2.500000,2.000000,3.000000,1,0,0,1,0
minute_37_01,66627,207,5594,2,287,line_287,-1,288,1,measured,6.762500,2.463452,0.785603,1.000000,0.250000,1.000000,2.500000,2.000000,3.000000,1,1,0,1,0
minute_37_01,66627,207,5594,2,288,line_288,-1,288,1,measured,29.807812,3.815544,0.866980,1.000000,0.250000,1.000000,2.500000,2.000000,3.000000,1,1,0,1,0
minute_37_01,66628,208,5595,1,25,caption_plus_1,24,26,1,measured,7.951562,1.967509,0.810642,1.000000,0.250000,1.000000,2.500000,2.000000,3.000000,1,0,0,1,0
minute_37_01,66628,208,5595,1,26,caption_plus_2,24,26,1,measured,28.842188,3.892112,0.748044,1.000000,0.250000,1.000000,2.500000,2.000000,3.000000,1,1,0,1,0
minute_37_01,66628,208,5595,1,27,caption_plus_3,24,26,1,measured,28.023438,3.522838,0.740219,1.000000,0.250000,1.000000,2.500000,2.000000,3.000000,1,1,0,1,0
minute_37_01,66628,208,5595,2,286,line_286,-1,288,1,measured,7.459375,1.589489,0.788732,1.000000,0.250000,1.000000,2.500000,2.000000,3.000000,1,0,0,1,0
minute_37_01,66628,208,5595,2,287,line_287,-1,288,1,measured,7.021875,2.439164,0.816901,1.000000,0.250000,1.000000,2.500000,2.000000,3.000000,1,1,0,1,0
minute_37_01,66628,208,5595,2,288,line_288,-1,288,1,measured,30.920313,3.931630,0.777778,1.000000,0.250000,1.000000,2.500000,2.000000,3.000000,1,1,0,1,0
minute_37_01,66629,209,5596,1,25,caption_plus_1,24,26,1,measured,7.970313,2.011854,0.796557,1.000000,0.250000,1.000000,2.500000,2.000000,3.000000,1,1,0,1,0
minute_37_01,66629,209,5596,1,26,caption_plus_2,24,26,1,measured,29.835938,3.965037,0.804382,1.000000,0.250000,1.000000,2.500000,2.000000,3.000000,1,1,0,1,0
minute_37_01,66629,209,5596,1,27,caption_plus_3,24,26,1,measured,29.875000,3.931046,0.818466,1.000000,0.250000,1.000000,2.500000,2.000000,3.000000,1,1,0,1,0
minute_37_01,66629,209,5596,2,286,line_286,-1,288,1,measured,6.146875,1.574302,0.788732,1.000000,0.250000,1.000000,2.500000,2.000000,3.000000,1,0,0,1,0
minute_37_01,66629,209,5596,2,287,line_287,-1,288,1,measured,6.181250,2.253808,0.851330,1.000000,0.250000,1.000000,2.500000,2.000000,3.000000,1,1,0,1,0
minute_37_01,66629,209,5596,2,288,line_288,-1,288,1,measured,30.543751,3.993114,0.830986,1.000000,0.250000,1.000000,2.500000,2.000000,3.000000,1,1,0,1,0
minute_37_01,66630,210,5597,1,25,caption_plus_1,24,26,1,measured,6.479688,2.217733,0.826291,1.000000,0.250000,1.000000,2.500000,2.000000,3.000000,1,1,0,1,0
minute_37_01,66630,210,5597,1,26,caption_plus_2,24,26,1,measured,28.934376,4.433404,0.793427,1.000000,0.250000,1.000000,2.500000,2.000000,3.000000,1,1,0,1,0
minute_37_01,66630,210,5597,1,27,caption_plus_3,24,26,1,measured,28.428125,3.739714,0.827856,1.000000,0.250000,1.000000,2.500000,2.000000,3.000000,1,1,0,1,0
minute_37_01,66630,210,5597,2,286,line_286,-1,288,1,measured,6.903125,1.670513,0.784038,1.000000,0.250000,1.000000,2.500000,2.000000,3.000000,1,0,0,1,0
minute_37_01,66630,210,5597,2,287,line_287,-1,288,1,measured,6.978125,2.007678,0.845070,1.000000,0.250000,1.000000,2.500000,2.000000,3.000000,1,1,0,1,0
minute_37_01,66630,210,5597,2,288,line_288,-1,288,1,measured,30.204687,4.283724,0.774648,1.000000,0.250000,1.000000,2.500000,2.000000,3.000000,1,1,0,1,0
minute_37_01,66631,211,5598,1,25,caption_plus_1,24,26,1,measured,8.031250,1.984067,0.787167,1.000000,0.250000,1.000000,2.500000,2.000000,3.000000,1,0,0,1,0
minute_37_01,66631,211,5598,1,26,caption_plus_2,24,26,1,measured,29.156250,4.350355,0.805947,1.000000,0.250000,1.000000,2.500000,2.000000,3.000000,1,1,0,1,0
minute_37_01,66631,211,5598,1,27,caption_plus_3,24,26,1,measured,29.112499,3.909504,0.827856,1.000000,0.250000,1.000000,2.500000,2.000000,3.000000,1,1,0,1,0
minute_37_01,66631,211,5598,2,286,line_286,-1,288,1,measured,6.779687,1.531919,0.809077,1.000000,0.250000,1.000000,2.500000,2.000000,3.000000,1,0,0,1,0
minute_37_01,66631,211,5598,2,287,line_287,-1,288,1,measured,6.657813,2.455243,0.760563,1.000000,0.250000,1.000000,2.500000,2.000000,3.000000,1,1,0,1,0
minute_37_01,66631,211,5598,2,288,line_288,-1,288,1,measured,30.398438,4.241793,0.845070,1.000000,0.250000,1.000000,2.500000,2.000000,3.000000,1,1,0,1,0
minute_37_01,66632,212,5599,1,25,caption_plus_1,24,26,1,measured,8.326563,2.078442,0.798122,1.000000,0.250000,1.000000,2.500000,2.000000,3.000000,1,1,0,1,0
minute_37_01,66632,212,5599,1,26,caption_plus_2,24,26,1,measured,30.264063,4.087017,0.805947,1.000000,0.250000,1.000000,2.500000,2.000000,3.000000,1,1,0,1,0
minute_37_01,66632,212,5599,1,27,caption_plus_3,24,26,1,measured,29.257812,3.958863,0.746479,1.000000,0.250000,1.000000,2.500000,2.000000,3.000000,1,1,0,1,0
minute_37_01,66632,212,5599,2,286,line_286,-1,288,1,measured,6.268750,1.505083,0.766823,1.000000,0.250000,1.000000,2.500000,2.000000,3.000000,1,0,0,1,0
minute_37_01,66632,212,5599,2,287,line_287,-1,288,1,measured,6.353125,2.247983,0.790297,1.000000,0.250000,1.000000,2.500000,2.000000,3.000000,1,1,0,1,0
minute_37_01,66632,212,5599,2,288,line_288,-1,288,1,measured,29.359375,4.119948,0.830986,1.000000,0.250000,1.000000,2.500000,2.000000,3.000000,1,1,0,1,0
minute_37_01,66633,213,5600,1,25,caption_plus_1,24,26,1,measured,10.593750,2.539800,0.845070,1.000000,0.250000,1.000000,2.500000,2.000000,3.000000,1,1,0,1,0
minute_37_01,66633,213,5600,1,26,caption_plus_2,24,26,1,measured,30.900000,4.633371,0.796557,1.000000,0.250000,1.000000,2.500000,2.000000,3.000000,1,1,0,1,0
minute_37_01,66633,213,5600,1,27,caption_plus_3,24,26,1,measured,30.440624,4.119266,0.799687,1.000000,0.250000,1.000000,2.500000,2.000000,3.000000,1,1,0,1,0
minute_37_01,66633,213,5600,2,286,line_286,-1,288,1,measured,5.982812,1.413557,0.735524,1.000000,0.250000,1.000000,2.500000,2.000000,3.000000,1,0,0,1,0
minute_37_01,66633,213,5600,2,287,line_287,-1,288,1,measured,6.076562,2.305309,0.732394,1.000000,0.250000,1.000000,2.500000,2.000000,3.000000,1,1,0,1,0
minute_37_01,66633,213,5600,2,288,line_288,-1,288,1,measured,29.700001,4.480583,0.827856,1.000000,0.250000,1.000000,2.500000,2.000000,3.000000,1,1,0,1,0
minute_37_01,66634,214,5601,1,25,caption_plus_1,24,26,1,measured,8.709375,2.374324,0.845070,1.000000,0.250000,1.000000,2.500000,2.000000,3.000000,1,1,0,1,0
minute_37_01,66634,214,5601,1,26,caption_plus_2,24,26,1,measured,30.179688,4.258876,0.793427,1.000000,0.250000,1.000000,2.500000,2.000000,3.000000,1,1,0,1,0
minute_37_01,66634,214,5601,1,27,caption_plus_3,24,26,1,measured,29.531250,3.970865,0.835681,1.000000,0.250000,1.000000,2.500000,2.000000,3.000000,1,1,0,1,0
minute_37_01,66634,214,5601,2,286,line_286,-1,288,1,measured,6.048438,1.583853,0.762128,1.000000,0.250000,1.000000,2.500000,2.000000,3.000000,1,0,0,1,0
minute_37_01,66634,214,5601,2,287,line_287,-1,288,1,measured,6.440625,2.245740,0.743349,1.000000,0.250000,1.000000,2.500000,2.000000,3.000000,1,1,0,1,0
minute_37_01,66634,214,5601,2,288,line_288,-1,288,1,measured,30.257812,4.568312,0.821596,1.000000,0.250000,1.000000,2.500000,2.000000,3.000000,1,1,0,1,0
minute_37_01,66635,215,5602,1,25,caption_plus_1,24,26,1,measured,8.795313,2.270802,0.840376,1.000000,0.250000,1.000000,2.500000,2.000000,3.000000,1,1,0,1,0
minute_37_01,66635,215,5602,1,26,caption_plus_2,24,26,1,measured,29.514063,3.900696,0.813772,1.000000,0.250000,1.000000,2.500000,2.000000,3.000000,1,1,0,1,0
minute_37_01,66635,215,5602,1,27,caption_plus_3,24,26,1,measured,28.803125,3.565721,0.804382,1.000000,0.250000,1.000000,2.500000,2.000000,3.000000,1,1,0,1,0
minute_37_01,66635,215,5602,2,286,line_286,-1,288,1,measured,6.173438,1.529782,0.784038,1.000000,0.250000,1.000000,2.500000,2.000000,3.000000,1,0,0,1,0
minute_37_01,66635,215,5602,2,287,line_287,-1,288,1,measured,5.631250,2.029076,0.763693,1.000000,0.250000,1.000000,2.500000,2.000000,3.000000,1,1,0,1,0
minute_37_01,66635,215,5602,2,288,line_288,-1,288,1,measured,29.157812,3.708323,0.788732,1.000000,0.250000,1.000000,2.500000,2.000000,3.000000,1,1,0,1,0
minute_37_01,66636,216,5603,1,25,caption_plus_1,24,26,1,measured,8.115625,2.029256,0.846635,1.000000,0.250000,1.000000,2.500000,2.000000,3.000000,1,1,0,1,0
minute_37_01,66636,216,5603,1,26,caption_plus_2,24,26,1,measured,29.203125,3.218500,0.812207,1.000000,0.250000,1.000000,2.500000,2.000000,3.000000,1,1,0,1,0
minute_37_01,66636,216,5603,1,27,caption_plus_3,24,26,1,measured,28.451563,2.870785,0.823161,1.000000,0.250000,1.000000,2.500000,2.000000,3.000000,1,1,0,1,0
minute_37_01,66636,216,5603,2,286,line_286,-1,288,1,measured,7.581250,1.523655,0.755869,1.000000,0.250000,1.000000,2.500000,2.000000,3.000000,1,0,0,1,0
minute_37_01,66636,216,5603,2,287,line_287,-1,288,1,measured,7.679688,2.177777,0.818466,1.000000,0.250000,1.000000,2.500000,2.000000,3.000000,1,1,0,1,0
minute_37_01,66636,216,5603,2,288,line_288,-1,288,1,measured,29.326563,3.026639,0.816901,1.000000,0.250000,1.000000,2.500000,2.000000,3.000000,1,1,0,1,0
minute_37_01,66637,217,5604,1,25,caption_plus_1,24,26,1,measured,8.596875,2.340537,0.801252,1.000000,0.250000,1.000000,2.500000,2.000000,3.000000,1,1,0,1,0
minute_37_01,66637,217,5604,1,26,caption_plus_2,24,26,1,measured,28.076563,2.856256,0.821596,1.000000,0.250000,1.000000,2.500000,2.000000,3.000000,1,1,0,1,0
minute_37_01,66637,217,5604,1,27,caption_plus_3,24,26,1,measured,26.943750,2.575720,0.741784,1.000000,0.250000,1.000000,2.500000,2.000000,3.000000,1,1,0,1,0
minute_37_01,66637,217,5604,2,286,line_286,-1,288,1,measured,5.987500,1.280808,0.763693,1.000000,0.250000,1.000000,2.500000,2.000000,3.000000,1,0,0,1,0
minute_37_01,66637,217,5604,2,287,line_287,-1,288,1,measured,5.782813,2.271017,0.788732,1.000000,0.250000,1.000000,2.500000,2.000000,3.000000,1,1,0,1,0
minute_37_01,66637,217,5604,2,288,line_288,-1,288,1,measured,27.767187,2.849976,0.766823,1.000000,0.250000,1.000000,2.500000,2.000000,3.000000,1,1,0,1,0
minute_37_01,66638,218,5605,1,25,caption_plus_1,24,26,1,measured,8.289062,2.227500,0.835681,1.000000,0.250000,1.000000,2.500000,2.000000,3.000000,1,1,0,1,0
minute_37_01,66638,218,5605,1,26,caption_plus_2,24,26,1,measured,28.326563,2.838009,0.805947,1.000000,0.250000,1.000000,2.500000,2.000000,3.000000,1,1,0,1,0
minute_37_01,66638,218,5605,1,27,caption_plus_3,24,26,1,measured,27.200001,2.549633,0.796557,1.000000,0.250000,1.000000,2.500000,2.000000,3.000000,1,1,0,1,0
minute_37_01,66638,218,5605,2,286,line_286,-1,288,1,measured,6.576562,1.449272,0.821596,1.000000,0.250000,1.000000,2.500000,2.000000,3.000000,1,0,0,1,0
minute_37_01,66638,218,5605,2,287,line_287,-1,288,1,measured,6.692187,2.326599,0.763693,1.000000,0.250000,1.000000,2.500000,2.000000,3.000000,1,1,0,1,0
minute_37_01,66638,218,5605,2,288,line_288,-1,288,1,measured,28.232813,2.823537,0.820031,1.000000,0.250000,1.000000,2.500000,2.000000,3.000000,1,1,0,1,0
minute_37_01,66639,219,5606,1,25,caption_plus_1,24,26,1,measured,8.910937,2.127177,0.804382,1.000000,0.250000,1.000000,2.500000,2.000000,3.000000,1,1,0,1,0
minute_37_01,66639,219,5606,1,26,caption_plus_2,24,26,1,measured,27.995312,2.513397,0.785603,1.000000,0.250000,1.000000,2.500000,2.000000,3.000000,1,1,0,1,0
minute_37_01,66639,219,5606,1,27,caption_plus_3,24,26,1,measured,27.835938,2.556173,0.827856,1.000000,0.250000,1.000000,2.500000,2.000000,3.000000,1,1,0,1,0
minute_37_01,66639,219,5606,2,286,line_286,-1,288,1,measured,7.179688,1.693893,0.801252,1.000000,0.250000,1.000000,2.500000,2.000000,3.000000,1,0,0,1,0
minute_37_01,66639,219,5606,2,287,line_287,-1,288,1,measured,7.168750,2.137381,0.838811,1.000000,0.250000,1.000000,2.500000,2.000000,3.000000,1,1,0,1,0
minute_37_01,66639,219,5606,2,288,line_288,-1,288,1,measured,28.167187,2.810447,0.740219,1.000000,0.250000,1.000000,2.500000,2.000000,3.000000,1,1,0,1,0
minute_37_01,66640,220,5607,1,25,caption_plus_1,24,26,1,measured,9.517187,2.075832,0.807512,1.000000,0.250000,1.000000,2.500000,2.000000,3.000000,1,1,0,1,0
minute_37_01,66640,220,5607,1,26,caption_plus_2,24,26,1,measured,27.637501,2.691393,0.780908,1.000000,0.250000,1.000000,2.500000,2.000000,3.000000,1,1,0,1,0
minute_37_01,66640,220,5607,1,27,caption_plus_3,24,26,1,measured,26.348438,2.133548,0.785603,1.000000,0.250000,1.000000,2.500000,2.000000,3.000000,1,1,0,1,0
minute_37_01,66640,220,5607,2,286,line_286,-1,288,1,measured,6.418750,1.871570,0.802817,1.000000,0.250000,1.000000,2.500000,2.000000,3.000000,1,0,0,1,0
minute_37_01,66640,220,5607,2,287,line_287,-1,288,1,measured,6.112500,2.000742,0.758998,1.000000,0.250000,1.000000,2.500000,2.000000,3.000000,1,1,0,1,0
minute_37_01,66640,220,5607,2,288,line_288,-1,288,1,measured,27.568750,2.741172,0.790297,1.000000,0.250000,1.000000,2.500000,2.000000,3.000000,1,1,0,1,0
minute_37_01,66641,221,5608,1,25,caption_plus_1,24,26,1,measured,7.101562,2.304343,0.848200,1.000000,0.250000,1.000000,2.500000,2.000000,3.000000,1,1,0,1,0
minute_37_01,66641,221,5608,1,26,caption_plus_2,24,26,1,measured,26.789062,2.505782,0.854460,1.000000,0.250000,1.000000,2.500000,2.000000,3.000000,1,1,0,1,0
minute_37_01,66641,221,5608,1,27,caption_plus_3,24,26,1,measured,26.828125,2.393054,0.791862,1.000000,0.250000,1.000000,2.500000,2.000000,3.000000,1,1,0,1,0
minute_37_01,66641,221,5608,2,286,line_286,-1,288,1,measured,6.731250,1.702835,0.780908,1.000000,0.250000,1.000000,2.500000,2.000000,3.000000,1,0,0,1,0
minute_37_01,66641,221,5608,2,287,line_287,-1,288,1,measured,5.846875,2.297075,0.780908,1.000000,0.250000,1.000000,2.500000,2.000000,3.000000,1,1,0,1,0
minute_37_01,66641,221,5608,2,288,line_288,-1,288,1,measured,26.978125,2.474777,0.777778,1.000000,0.250000,1.000000,2.500000,2.000000,3.000000,1,1,0,1,0
minute_37_01,66642,222,5609,1,25,caption_plus_1,24,26,1,measured,8.678125,2.120471,0.840376,1.000000,0.250000,1.000000,2.500000,2.000000,3.000000,1,1,0,1,0
minute_37_01,66642,222,5609,1,26,caption_plus_2,24,26,1,measured,27.064062,2.327946,0.749609,1.000000,0.250000,1.000000,2.500000,2.000000,3.000000,1,1,0,1,0
minute_37_01,66642,222,5609,1,27,caption_plus_3,24,26,1,measured,26.385937,2.161334,0.758998,1.000000,0.250000,1.000000,2.500000,2.000000,3.000000,1,1,0,1,0
minute_37_01,66642,222,5609,2,286,line_286,-1,288,1,measured,7.650000,1.806066,0.835681,1.000000,0.250000,1.000000,2.500000,2.000000,3.000000,1,0,0,1,0
minute_37_01,66642,222,5609,2,287,line_287,-1,288,1,measured,7.196875,2.086112,0.746479,1.000000,0.250000,1.000000,2.500000,2.000000,3.000000,1,1,0,1,0
minute_37_01,66642,222,5609,2,288,line_288,-1,288,1,measured,28.451563,2.210238,0.755869,1.000000,0.250000,1.000000,2.500000,2.000000,3.000000,1,1,0,1,0
minute_37_01,66643,223,5610,1,25,caption_plus_1,24,26,1,measured,8.381250,2.371371,0.816901,1.000000,0.250000,1.000000,2.500000,2.000000,3.000000,1,1,0,1,0
minute_37_01,66643,223,5610,1,26,caption_plus_2,24,26,1,measured,27.839062,3.625953,0.741784,1.000000,0.250000,1.000000,2.500000,2.000000,3.000000,1,1,0,1,0
minute_37_01,66643,223,5610,1,27,caption_plus_3,24,26,1,measured,27.598438,3.281053,0.743349,1.000000,0.250000,1.000000,2.500000,2.000000,3.000000,1,1,0,1,0
minute_37_01,66643,223,5610,2,286,line_286,-1,288,1,measured,6.437500,1.630519,0.762128,1.000000,0.250000,1.000000,2.500000,2.000000,3.000000,1,0,0,1,0
minute_37_01,66643,223,5610,2,287,line_287,-1,288,1,measured,6.606250,2.698025,0.782473,1.000000,0.250000,1.000000,2.500000,2.000000,3.000000,1,1,0,1,0
minute_37_01,66643,223,5610,2,288,line_288,-1,288,1,measured,29.271875,6.091322,0.812207,1.000000,0.250000,1.000000,2.500000,2.000000,3.000000,1,1,0,1,0
minute_37_01,66644,224,5611,1,25,caption_plus_1,24,26,1,measured,8.187500,2.140203,0.799687,1.000000,0.250000,1.000000,2.500000,2.000000,3.000000,1,1,0,1,0
minute_37_01,66644,224,5611,1,26,caption_plus_2,24,26,1,measured,29.579687,7.187004,0.729264,1.000000,0.250000,1.000000,2.500000,2.000000,3.000000,1,1,0,1,0
minute_37_01,66644,224,5611,1,27,caption_plus_3,24,26,1,measured,28.420313,5.504251,0.807512,1.000000,0.250000,1.000000,2.500000,2.000000,3.000000,1,1,0,1,0
minute_37_01,66644,224,5611,2,286,line_286,-1,288,1,measured,7.057813,1.368656,0.898279,1.000000,0.250000,1.000000,2.500000,2.000000,3.000000,1,0,0,1,0
minute_37_01,66644,224,5611,2,287,line_287,-1,288,1,measured,6.682813,2.718746,0.813772,1.000000,0.250000,1.000000,2.500000,2.000000,3.000000,1,1,0,1,0
minute_37_01,66644,224,5611,2,288,line_288,-1,288,1,measured,29.470312,7.005292,0.810642,1.000000,0.250000,1.000000,2.500000,2.000000,3.000000,1,1,0,1,0
minute_37_01,66645,225,5612,1,25,caption_plus_1,24,26,1,measured,8.693750,2.450119,0.805947,1.000000,0.250000,1.000000,2.500000,2.000000,3.000000,1,1,0,1,0
minute_37_01,66645,225,5612,1,26,caption_plus_2,24,26,1,measured,29.748438,7.465389,0.805947,1.000000,0.250000,1.000000,2.500000,2.000000,3.000000,1,1,0,1,0
minute_37_01,66645,225,5612,1,27,caption_plus_3,24,26,1,measured,28.921875,5.900754,0.768388,1.000000,0.250000,1.000000,2.500000,2.000000,3.000000,1,1,0,1,0
minute_37_01,66645,225,5612,2,286,line_286,-1,288,1,measured,5.640625,1.323669,0.712050,1.000000,0.250000,1.000000,2.500000,2.000000,3.000000,1,0,0,1,0
minute_37_01,66645,225,5612,2,287,line_287,-1,288,1,measured,5.050000,1.879328,0.818466,1.000000,0.250000,1.000000,2.500000,2.000000,3.000000,1,0,0,1,0
minute_37_01,66645,225,5612,2,288,line_288,-1,288,1,measured,29.295313,7.654368,0.813772,1.000000,0.250000,1.000000,2.500000,2.000000,3.000000,1,1,0,1,0
minute_37_01,66646,226,5613,1,25,caption_plus_1,24,26,1,measured,6.190625,2.232832,0.809077,1.000000,0.250000,1.000000,2.500000,2.000000,3.000000,1,1,0,1,0
minute_37_01,66646,226,5613,1,26,caption_plus_2,24,26,1,measured,28.092188,7.157116,0.782473,1.000000,0.250000,1.000000,2.500000,2.000000,3.000000,1,1,0,1,0
minute_37_01,66646,226,5613,1,27,caption_plus_3,24,26,1,measured,28.020313,6.028933,0.744914,1.000000,0.250000,1.000000,2.500000,2.000000,3.000000,1,1,0,1,0
minute_37_01,66646,226,5613,2,286,line_286,-1,288,1,measured,6.317187,1.311375,0.762128,1.000000,0.250000,1.000000,2.500000,2.000000,3.000000,1,0,0,1,0
minute_37_01,66646,226,5613,2,287,line_287,-1,288,1,measured,6.929688,2.308218,0.837246,1.000000,0.250000,1.000000,2.500000,2.000000,3.000000,1,1,0,1,0
minute_37_01,66646,226,5613,2,288,line_288,-1,288,1,measured,29.482813,7.294456,0.810642,1.000000,0.250000,1.000000,2.500000,2.000000,3.000000,1,1,0,1,0
minute_37_01,66647,227,5614,1,25,caption_plus_1,24,26,1,measured,6.946875,1.777548,0.813772,1.000000,0.250000,1.000000,2.500000,2.000000,3.000000,1,0,0,1,0
minute_37_01,66647,227,5614,1,26,caption_plus_2,24,26,1,measured,29.507812,7.240723,0.809077,1.000000,0.250000,1.000000,2.500000,2.000000,3.000000,1,1,0,1,0
minute_37_01,66647,227,5614,1,27,caption_plus_3,24,26,1,measured,29.143749,6.260837,0.796557,1.000000,0.250000,1.000000,2.500000,2.000000,3.000000,1,1,0,1,0
minute_37_01,66647,227,5614,2,286,line_286,-1,288,1,measured,5.907813,1.238422,0.802817,1.000000,0.250000,1.000000,2.500000,2.000000,3.000000,1,0,0,1,0
minute_37_01,66647,227,5614,2,287,line_287,-1,288,1,measured,5.587500,2.189142,0.773083,1.000000,0.250000,1.000000,2.500000,2.000000,3.000000,1,1,0,1,0
minute_37_01,66647,227,5614,2,288,line_288,-1,288,1,measured,28.992188,7.147001,0.752739,1.000000,0.250000,1.000000,2.500000,2.000000,3.000000,1,1,0,1,0
minute_37_01,66648,228,5615,1,25,caption_plus_1,24,26,1,measured,6.418750,1.705586,0.799687,1.000000,0.250000,1.000000,2.500000,2.000000,3.000000,1,0,0,1,0
minute_37_01,66648,228,5615,1,26,caption_plus_2,24,26,1,measured,28.798437,7.641478,0.805947,1.000000,0.250000,1.000000,2.500000,2.000000,3.000000,1,1,0,1,0
minute_37_01,66648,228,5615,1,27,caption_plus_3,24,26,1,measured,28.600000,6.534954,0.826291,1.000000,0.250000,1.000000,2.500000,2.000000,3.000000,1,1,0,1,0
minute_37_01,66648,228,5615,2,286,line_286,-1,288,1,measured,6.650000,1.560048,0.834116,1.000000,0.250000,1.000000,2.500000,2.000000,3.000000,1,0,0,1,0
minute_37_01,66648,228,5615,2,287,line_287,-1,288,1,measured,6.190625,1.896849,0.774648,1.000000,0.250000,1.000000,2.500000,2.000000,3.000000,1,0,0,1,0
minute_37_01,66648,228,5615,2,288,line_288,-1,288,1,measured,30.253124,7.958780,0.834116,1.000000,0.250000,1.000000,2.500000,2.000000,3.000000,1,1,0,1,0
minute_37_01,66649,229,5616,1,25,caption_plus_1,24,26,1,measured,6.234375,2.094951,0.794992,1.000000,0.250000,1.000000,2.500000,2.000000,3.000000,1,1,0,1,0
minute_37_01,66649,229,5616,1,26,caption_plus_2,24,26,1,measured,28.882812,7.381798,0.763693,1.000000,0.250000,1.000000,2.500000,2.000000,3.000000,1,1,0,1,0
minute_37_01,66649,229,5616,1,27,caption_plus_3,24,26,1,measured,29.292187,6.265775,0.796557,1.000000,0.250000,1.000000,2.500000,2.000000,3.000000,1,1,0,1,0
minute_37_01,66649,229,5616,2,286,line_286,-1,288,1,measured,6.939063,1.317326,0.801252,1.000000,0.250000,1.000000,2.500000,2.000000,3.000000,1,0,0,1,0
minute_37_01,66649,229,5616,2,287,line_287,-1,288,1,measured,6.637500,2.053161,0.802817,1.000000,0.250000,1.000000,2.500000,2.000000,3.000000,1,1,0,1,0
minute_37_01,66649,229,5616,2,288,line_288,-1,288,1,measured,30.512501,7.922861,0.841941,1.000000,0.250000,1.000000,2.500000,2.000000,3.000000,1,1,0,1,0
minute_37_01,66650,230,5617,1,25,caption_plus_1,24,26,1,measured,6.446875,2.127276,0.784038,1.000000,0.250000,1.000000,2.500000,2.000000,3.000000,1,1,0,1,0
minute_37_01,66650,230,5617,1,26,caption_plus_2,24,26,1,measured,28.254688,7.239161,0.841941,1.000000,0.250000,1.000000,2.500000,2.000000,3.000000,1,1,0,1,0
minute_37_01,66650,230,5617,1,27,caption_plus_3,24,26,1,measured,28.368750,6.245620,0.779343,1.000000,0.250000,1.000000,2.500000,2.000000,3.000000,1,1,0,1,0
minute_37_01,66650,230,5617,2,286,line_286,-1,288,1,measured,6.759375,1.334016,0.804382,1.000000,0.250000,1.000000,2.500000,2.000000,3.000000,1,0,0,1,0
minute_37_01,66650,230,5617,2,287,line_287,-1,288,1,measured,7.403125,2.208646,0.796557,1.000000,0.250000,1.000000,2.500000,2.000000,3.000000,1,1,0,1,0
minute_37_01,66650,230,5617,2,288,line_288,-1,288,1,measured,29.703125,6.796092,0.740219,1.000000,0.250000,1.000000,2.500000,2.000000,3.000000,1,1,0,1,0
minute_37_01,66651,231,5618,1,25,caption_plus_1,24,26,1,measured,7.264062,1.872654,0.823161,1.000000,0.250000,1.000000,2.500000,2.000000,3.000000,1,0,0,1,0
minute_37_01,66651,231,5618,1,26,caption_plus_2,24,26,1,measured,29.096874,6.980553,0.849765,1.000000,0.250000,1.000000,2.500000,2.000000,3.000000,1,1,0,1,0
minute_37_01,66651,231,5618,1,27,caption_plus_3,24,26,1,measured,28.893749,5.875369,0.829421,1.000000,0.250000,1.000000,2.500000,2.000000,3.000000,1,1,0,1,0
minute_37_01,66651,231,5618,2,286,line_286,-1,288,1,measured,6.885938,1.522063,0.757433,1.000000,0.250000,1.000000,2.500000,2.000000,3.000000,1,0,0,1,0
minute_37_01,66651,231,5618,2,287,line_287,-1,288,1,measured,6.664062,2.499617,0.790297,1.000000,0.250000,1.000000,2.500000,2.000000,3.000000,1,1,0,1,0
minute_37_01,66651,231,5618,2,288,line_288,-1,288,1,measured,29.645313,6.322639,0.771518,1.000000,0.250000,1.000000,2.500000,2.000000,3.000000,1,1,0,1,0
minute_37_01,66652,232,5619,1,25,caption_plus_1,24,26,1,measured,5.187500,1.860569,0.794992,1.000000,0.250000,1.000000,2.500000,2.000000,3.000000,1,0,0,1,0
minute_37_01,66652,232,5619,1,26,caption_plus_2,24,26,1,measured,28.696875,7.069874,0.791862,1.000000,0.250000,1.000000,2.500000,2.000000,3.000000,1,1,0,1,0
minute_37_01,66652,232,5619,1,27,caption_plus_3,24,26,1,measured,28.353125,5.496049,0.805947,1.000000,0.250000,1.000000,2.500000,2.000000,3.000000,1,1,0,1,0
minute_37_01,66652,232,5619,2,286,line_286,-1,288,1,measured,6.228125,1.606964,0.737089,1.000000,0.250000,1.000000,2.500000,2.000000,3.000000,1,0,0,1,0
minute_37_01,66652,232,5619,2,287,line_287,-1,288,1,measured,6.164062,1.824218,0.799687,1.000000,0.250000,1.000000,2.500000,2.000000,3.000000,1,0,0,1,0
minute_37_01,66652,232,5619,2,288,line_288,-1,288,1,measured,28.629688,6.073924,0.896714,1.000000,0.250000,1.000000,2.500000,2.000000,3.000000,1,1,0,1,0
minute_37_01,66653,233,5620,1,25,caption_plus_1,24,26,1,measured,5.770312,2.027636,0.810642,1.000000,0.250000,1.000000,2.500000,2.000000,3.000000,1,1,0,1,0
minute_37_01,66653,233,5620,1,26,caption_plus_2,24,26,1,measured,27.792187,6.614303,0.815336,1.000000,0.250000,1.000000,2.500000,2.000000,3.000000,1,1,0,1,0
minute_37_01,66653,233,5620,1,27,caption_plus_3,24,26,1,measured,27.279688,5.509216,0.802817,1.000000,0.250000,1.000000,2.500000,2.000000,3.000000,1,1,0,1,0
minute_37_01,66653,233,5620,2,286,line_286,-1,288,1,measured,5.975000,1.554027,0.863850,1.000000,0.250000,1.000000,2.500000,2.000000,3.000000,1,0,0,1,0
minute_37_01,66653,233,5620,2,287,line_287,-1,288,1,measured,5.740625,2.097224,0.802817,1.000000,0.250000,1.000000,2.500000,2.000000,3.000000,1,1,0,1,0
minute_37_01,66653,233,5620,2,288,line_288,-1,288,1,measured,28.862499,5.963155,0.768388,1.000000,0.250000,1.000000,2.500000,2.000000,3.000000,1,1,0,1,0
minute_37_01,66654,234,5621,1,25,caption_plus_1,24,26,1,measured,6.467187,2.093633,0.835681,1.000000,0.250000,1.000000,2.500000,2.000000,3.000000,1,1,0,1,0
minute_37_01,66654,234,5621,1,26,caption_plus_2,24,26,1,measured,27.851562,6.553732,0.823161,1.000000,0.250000,1.000000,2.500000,2.000000,3.000000,1,1,0,1,0
minute_37_01,66654,234,5621,1,27,caption_plus_3,24,26,1,measured,28.193750,5.647175,0.798122,1.000000,0.250000,1.000000,2.500000,2.000000,3.000000,1,1,0,1,0
minute_37_01,66654,234,5621,2,286,line_286,-1,288,1,measured,5.810937,1.387513,0.793427,1.000000,0.250000,1.000000,2.500000,2.000000,3.000000,1,0,0,1,0
minute_37_01,66654,234,5621,2,287,line_287,-1,288,1,measured,6.725000,2.166362,0.774648,1.000000,0.250000,1.000000,2.500000,2.000000,3.000000,1,1,0,1,0
minute_37_01,66654,234,5621,2,288,line_288,-1,288,1,measured,28.915625,6.591833,0.807512,1.000000,0.250000,1.000000,2.500000,2.000000,3.000000,1,1,0,1,0
minute_37_01,66655,235,5622,1,25,caption_plus_1,24,26,1,measured,7.145312,2.015365,0.801252,1.000000,0.250000,1.000000,2.500000,2.000000,3.000000,1,1,0,1,0
minute_37_01,66655,235,5622,1,26,caption_plus_2,24,26,1,measured,28.204687,6.771284,0.804382,1.000000,0.250000,1.000000,2.500000,2.000000,3.000000,1,1,0,1,0
minute_37_01,66655,235,5622,1,27,caption_plus_3,24,26,1,measured,28.520313,6.176029,0.801252,1.000000,0.250000,1.000000,2.500000,2.000000,3.000000,1,1,0,1,0
minute_37_01,66655,235,5622,2,286,line_286,-1,288,1,measured,6.221875,1.440754,0.774648,1.000000,0.250000,1.000000,2.500000,2.000000,3.000000,1,0,0,1,0
minute_37_01,66655,235,5622,2,287,line_287,-1,288,1,measured,6.046875,2.473166,0.815336,1.000000,0.250000,1.000000,2.500000,2.000000,3.000000,1,1,0,1,0
minute_37_01,66655,235,5622,2,288,line_288,-1,288,1,measured,29.493750,6.747219,0.823161,1.000000,0.250000,1.000000,2.500000,2.000000,3.000000,1,1,0,1,0
minute_37_01,66656,236,5623,1,25,caption_plus_1,24,26,1,measured,7.139062,1.999462,0.813772,1.000000,0.250000,1.000000,2.500000,2.000000,3.000000,1,0,0,1,0
minute_37_01,66656,236,5623,1,26,caption_plus_2,24,26,1,measured,29.564062,7.273816,0.790297,1.000000,0.250000,1.000000,2.500000,2.000000,3.000000,1,1,0,1,0
minute_37_01,66656,236,5623,1,27,caption_plus_3,24,26,1,measured,29.321875,5.906259,0.773083,1.000000,0.250000,1.000000,2.500000,2.000000,3.000000,1,1,0,1,0
minute_37_01,66656,236,5623,2,286,line_286,-1,288,1,measured,6.432813,1.686857,0.780908,1.000000,0.250000,1.000000,2.500000,2.000000,3.000000,1,0,0,1,0
minute_37_01,66656,236,5623,2,287,line_287,-1,288,1,measured,6.671875,1.704357,0.765258,1.000000,0.250000,1.000000,2.500000,2.000000,3.000000,1,0,0,1,0
minute_37_01,66656,236,5623,2,288,line_288,-1,288,1,measured,30.171875,7.367061,0.832551,1.000000,0.250000,1.000000,2.500000,2.000000,3.000000,1,1,0,1,0
minute_37_01,66657,237,5624,1,25,caption_plus_1,24,26,1,measured,6.976562,2.055727,0.801252,1.000000,0.250000,1.000000,2.500000,2.000000,3.000000,1,1,0,1,0
minute_37_01,66657,237,5624,1,26,caption_plus_2,24,26,1,measured,28.543751,6.828568,0.737089,1.000000,0.250000,1.000000,2.500000,2.000000,3.000000,1,1,0,1,0
minute_37_01,66657,237,5624,1,27,caption_plus_3,24,26,1,measured,29.142187,5.816204,0.802817,1.000000,0.250000,1.000000,2.500000,2.000000,3.000000,1,1,0,1,0
minute_37_01,66657,237,5624,2,286,line_286,-1,288,1,measured,6.842187,1.325861,0.820031,1.000000,0.250000,1.000000,2.500000,2.000000,3.000000,1,0,0,1,0
minute_37_01,66657,237,5624,2,287,line_287,-1,288,1,measured,5.453125,2.180379,0.794992,1.000000,0.250000,1.000000,2.500000,2.000000,3.000000,1,1,0,1,0
minute_37_01,66657,237,5624,2,288,line_288,-1,288,1,measured,30.039062,7.059349,0.824726,1.000000,0.250000,1.000000,2.500000,2.000000,3.000000,1,1,0,1,0
minute_37_01,66658,238,5625,1,25,caption_plus_1,24,26,1,measured,7.431250,1.895296,0.809077,1.000000,0.250000,1.000000,2.500000,2.000000,3.000000,1,0,0,1,0
minute_37_01,66658,238,5625,1,26,caption_plus_2,24,26,1,measured,29.737499,7.024944,0.823161,1.000000,0.250000,1.000000,2.500000,2.000000,3.000000,1,1,0,1,0
minute_37_01,66658,238,5625,1,27,caption_plus_3,24,26,1,measured,29.839062,5.668502,0.771518,1.000000,0.250000,1.000000,2.500000,2.000000,3.000000,1,1,0,1,0
minute_37_01,66658,238,5625,2,286,line_286,-1,288,1,measured,6.371875,1.319028,0.805947,1.000000,0.250000,1.000000,2.500000,2.000000,3.000000,1,0,0,1,0
minute_37_01,66658,238,5625,2,287,line_287,-1,288,1,measured,6.509375,2.106517,0.805947,1.000000,0.250000,1.000000,2.500000,2.000000,3.000000,1,1,0,1,0
minute_37_01,66658,238,5625,2,288,line_288,-1,288,1,measured,29.296875,6.561916,0.862285,1.000000,0.250000,1.000000,2.500000,2.000000,3.000000,1,1,0,1,0
minute_37_01,66659,239,5626,1,25,caption_plus_1,24,26,1,measured,7.081250,1.810462,0.777778,1.000000,0.250000,1.000000,2.500000,2.000000,3.000000,1,0,0,1,0
minute_37_01,66659,239,5626,1,26,caption_plus_2,24,26,1,measured,28.075001,6.727323,0.785603,1.000000,0.250000,1.000000,2.500000,2.000000,3.000000,1,1,0,1,0
minute_37_01,66659,239,5626,1,27,caption_plus_3,24,26,1,measured,29.142187,5.563843,0.793427,1.000000,0.250000,1.000000,2.500000,2.000000,3.000000,1,1,0,1,0
minute_37_01,66659,239,5626,2,286,line_286,-1,288,1,measured,7.246875,1.512962,0.768388,1.000000,0.250000,1.000000,2.500000,2.000000,3.000000,1,0,0,1,0
minute_37_01,66659,239,5626,2,287,line_287,-1,288,1,measured,7.689063,2.061979,0.843506,1.000000,0.250000,1.000000,2.500000,2.000000,3.000000,1,1,0,1,0
minute_37_01,66659,239,5626,2,288,line_288,-1,288,1,measured,29.609375,6.644587,0.766823,1.000000,0.250000,1.000000,2.500000,2.000000,3.000000,1,1,0,1,0
minute_37_01,66660,240,5627,1,25,caption_plus_1,24,26,1,measured,6.589063,1.967281,0.802817,1.000000,0.250000,1.000000,2.500000,2.000000,3.000000,1,0,0,1,0
minute_37_01,66660,240,5627,1,26,caption_plus_2,24,26,1,measured,28.878124,6.931641,0.809077,1.000000,0.250000,1.000000,2.500000,2.000000,3.000000,1,1,0,1,0
minute_37_01,66660,240,5627,1,27,caption_plus_3,24,26,1,measured,28.648438,5.349343,0.818466,1.000000,0.250000,1.000000,2.500000,2.000000,3.000000,1,1,0,1,0
minute_37_01,66660,240,5627,2,286,line_286,-1,288,1,measured,7.292188,1.541286,0.771518,1.000000,0.250000,1.000000,2.500000,2.000000,3.000000,1,0,0,1,0
minute_37_01,66660,240,5627,2,287,line_287,-1,288,1,measured,6.968750,2.103336,0.820031,1.000000,0.250000,1.000000,2.500000,2.000000,3.000000,1,1,0,1,0
minute_37_01,66660,240,5627,2,288,line_288,-1,288,1,measured,30.157812,6.715311,0.737089,1.000000,0.250000,1.000000,2.500000,2.000000,3.000000,1,1,0,1,0
minute_37_01,66661,241,5628,1,25,caption_plus_1,24,26,1,measured,6.421875,1.946990,0.774648,1.000000,0.250000,1.000000,2.500000,2.000000,3.000000,1,0,0,1,0
minute_37_01,66661,241,5628,1,26,caption_plus_2,24,26,1,measured,28.064062,6.491867,0.763693,1.000000,0.250000,1.000000,2.500000,2.000000,3.000000,1,1,0,1,0
minute_37_01,66661,241,5628,1,27,caption_plus_3,24,26,1,measured,28.251562,5.024704,0.835681,1.000000,0.250000,1.000000,2.500000,2.000000,3.000000,1,1,0,1,0
minute_37_01,66661,241,5628,2,286,line_286,-1,288,1,measured,7.489062,1.451251,0.784038,1.000000,0.250000,1.000000,2.500000,2.000000,3.000000,1,0,0,1,0
minute_37_01,66661,241,5628,2,287,line_287,-1,288,1,measured,6.904687,1.852863,0.824726,1.000000,0.250000,1.000000,2.500000,2.000000,3.000000,1,0,0,1,0
minute_37_01,66661,241,5628,2,288,line_288,-1,288,1,measured,29.909374,6.795994,0.787167,1.000000,0.250000,1.000000,2.500000,2.000000,3.000000,1,1,0,1,0
minute_37_01,66662,242,5629,1,25,caption_plus_1,24,26,1,measured,6.743750,1.850665,0.762128,1.000000,0.250000,1.000000,2.500000,2.000000,3.000000,1,0,0,1,0
minute_37_01,66662,242,5629,1,26,caption_plus_2,24,26,1,measured,28.021875,6.323777,0.744914,1.000000,0.250000,1.000000,2.500000,2.000000,3.000000,1,1,0,1,0
minute_37_01,66662,242,5629,1,27,caption_plus_3,24,26,1,measured,27.956249,4.876086,0.763693,1.000000,0.250000,1.000000,2.500000,2.000000,3.000000,1,1,0,1,0
minute_37_01,66662,242,5629,2,286,line_286,-1,288,1,measured,6.393750,1.448477,0.796557,1.000000,0.250000,1.000000,2.500000,2.000000,3.000000,1,0,0,1,0
minute_37_01,66662,242,5629,2,287,line_287,-1,288,1,measured,6.462500,2.354218,0.762128,1.000000,0.250000,1.000000,2.500000,2.000000,3.000000,1,1,0,1,0
minute_37_01,66662,242,5629,2,288,line_288,-1,288,1,measured,29.243750,5.929004,0.830986,1.000000,0.250000,1.000000,2.500000,2.000000,3.000000,1,1,0,1,0
minute_37_01,66663,243,5630,1,25,caption_plus_1,24,26,1,measured,6.723437,1.767788,0.749609,1.000000,0.250000,1.000000,2.500000,2.000000,3.000000,1,0,0,1,0
minute_37_01,66663,243,5630,1,26,caption_plus_2,24,26,1,measured,28.493750,6.392131,0.856025,1.000000,0.250000,1.000000,2.500000,2.000000,3.000000,1,1,0,1,0
minute_37_01,66663,243,5630,1,27,caption_plus_3,24,26,1,measured,29.185938,5.069652,0.832551,1.000000,0.250000,1.000000,2.500000,2.000000,3.000000,1,1,0,1,0
minute_37_01,66663,243,5630,2,286,line_286,-1,288,1,measured,6.287500,1.540647,0.857590,1.000000,0.250000,1.000000,2.500000,2.000000,3.000000,1,0,0,1,0
minute_37_01,66663,243,5630,2,287,line_287,-1,288,1,measured,6.193750,2.134528,0.701095,1.000000,0.250000,1.000000,2.500000,2.000000,3.000000,1,1,0,1,0
minute_37_01,66663,243,5630,2,288,line_288,-1,288,1,measured,29.431250,6.168845,0.832551,1.000000,0.250000,1.000000,2.500000,2.000000,3.000000,1,1,0,1,0
minute_37_01,66664,244,5631,1,25,caption_plus_1,24,26,1,measured,6.884375,1.877267,0.807512,1.000000,0.250000,1.000000,2.500000,2.000000,3.000000,1,0,0,1,0
minute_37_01,66664,244,5631,1,26,caption_plus_2,24,26,1,measured,28.634375,6.344097,0.802817,1.000000,0.250000,1.000000,2.500000,2.000000,3.000000,1,1,0,1,0
minute_37_01,66664,244,5631,1,27,caption_plus_3,24,26,1,measured,28.806250,5.534830,0.852895,1.000000,0.250000,1.000000,2.500000,2.000000,3.000000,1,1,0,1,0
minute_37_01,66664,244,5631,2,286,line_286,-1,288,1,measured,5.962500,1.577726,0.818466,1.000000,0.250000,1.000000,2.500000,2.000000,3.000000,1,0,0,1,0
minute_37_01,66664,244,5631,2,287,line_287,-1,288,1,measured,5.832812,1.932902,0.813772,1.000000,0.250000,1.000000,2.500000,2.000000,3.000000,1,0,0,1,0
minute_37_01,66664,244,5631,2,288,line_288,-1,288,1,measured,28.015625,6.287120,0.809077,1.000000,0.250000,1.000000,2.500000,2.000000,3.000000,1,1,0,1,0
minute_37_01,66665,245,5632,1,25,caption_plus_1,24,26,1,measured,6.732812,2.053698,0.788732,1.000000,0.250000,1.000000,2.500000,2.000000,3.000000,1,1,0,1,0
minute_37_01,66665,245,5632,1,26,caption_plus_2,24,26,1,measured,29.414062,6.832971,0.785603,1.000000,0.250000,1.000000,2.500000,2.000000,3.000000,1,1,0,1,0
minute_37_01,66665,245,5632,1,27,caption_plus_3,24,26,1,measured,29.317188,5.642004,0.788732,1.000000,0.250000,1.000000,2.500000,2.000000,3.000000,1,1,0,1,0
minute_37_01,66665,245,5632,2,286,line_286,-1,288,1,measured,6.326562,1.323318,0.726135,1.000000,0.250000,1.000000,2.500000,2.000000,3.000000,1,0,0,1,0
minute_37_01,66665,245,5632,2,287,line_287,-1,288,1,measured,5.410937,1.921475,0.780908,1.000000,0.250000,1.000000,2.500000,2.000000,3.000000,1,0,0,1,0
minute_37_01,66665,245,5632,2,288,line_288,-1,288,1,measured,29.032812,7.178126,0.769953,1.000000,0.250000,1.000000,2.500000,2.000000,3.000000,1,1,0,1,0
minute_37_01,66666,246,5633,1,25,caption_plus_1,24,26,1,measured,7.153125,2.284114,0.829421,1.000000,0.250000,1.000000,2.500000,2.000000,3.000000,1,1,0,1,0
minute_37_01,66666,246,5633,1,26,caption_plus_2,24,26,1,measured,29.009375,7.222138,0.846635,1.000000,0.250000,1.000000,2.500000,2.000000,3.000000,1,1,0,1,0
minute_37_01,66666,246,5633,1,27,caption_plus_3,24,26,1,measured,28.825001,5.832881,0.752739,1.000000,0.250000,1.000000,2.500000,2.000000,3.000000,1,1,0,1,0
minute_37_01,66666,246,5633,2,286,line_286,-1,288,1,measured,5.923438,1.398240,0.748044,1.000000,0.250000,1.000000,2.500000,2.000000,3.000000,1,0,0,1,0
minute_37_01,66666,246,5633,2,287,line_287,-1,288,1,measured,6.156250,2.115558,0.805947,1.000000,0.250000,1.000000,2.500000,2.000000,3.000000,1,1,0,1,0
minute_37_01,66666,246,5633,2,288,line_288,-1,288,1,measured,29.604687,7.352612,0.809077,1.000000,0.250000,1.000000,2.500000,2.000000,3.000000,1,1,0,1,0
minute_37_01,66667,247,5634,1,25,caption_plus_1,24,26,1,measured,6.654687,1.910778,0.802817,1.000000,0.250000,1.000000,2.500000,2.000000,3.000000,1,0,0,1,0
minute_37_01,66667,247,5634,1,26,caption_plus_2,24,26,1,measured,28.207813,6.938498,0.834116,1.000000,0.250000,1.000000,2.500000,2.000000,3.000000,1,1,0,1,0
minute_37_01,66667,247,5634,1,27,caption_plus_3,24,26,1,measured,28.914062,5.861190,0.771518,1.000000,0.250000,1.000000,2.500000,2.000000,3.000000,1,1,0,1,0
minute_37_01,66667,247,5634,2,286,line_286,-1,288,1,measured,6.650000,1.340243,0.813772,1.000000,0.250000,1.000000,2.500000,2.000000,3.000000,1,0,0,1,0
minute_37_01,66667,247,5634,2,287,line_287,-1,288,1,measured,6.139062,1.938356,0.798122,1.000000,0.250000,1.000000,2.500000,2.000000,3.000000,1,0,0,1,0
minute_37_01,66667,247,5634,2,288,line_288,-1,288,1,measured,29.600000,6.578088,0.840376,1.000000,0.250000,1.000000,2.500000,2.000000,3.000000,1,1,0,1,0
minute_37_01,66668,248,5635,1,25,caption_plus_1,24,26,1,measured,6.384375,1.869761,0.799687,1.000000,0.250000,1.000000,2.500000,2.000000,3.000000,1,0,0,1,0
minute_37_01,66668,248,5635,1,26,caption_plus_2,24,26,1,measured,27.570312,6.737585,0.788732,1.000000,0.250000,1.000000,2.500000,2.000000,3.000000,1,1,0,1,0
minute_37_01,66668,248,5635,1,27,caption_plus_3,24,26,1,measured,28.406250,5.907936,0.784038,1.000000,0.250000,1.000000,2.500000,2.000000,3.000000,1,1,0,1,0
minute_37_01,66668,248,5635,2,286,line_286,-1,288,1,measured,6.579688,1.373827,0.771518,1.000000,0.250000,1.000000,2.500000,2.000000,3.000000,1,0,0,1,0
minute_37_01,66668,248,5635,2,287,line_287,-1,288,1,measured,6.825000,1.865141,0.780908,1.000000,0.250000,1.000000,2.500000,2.000000,3.000000,1,0,0,1,0
minute_37_01,66668,248,5635,2,288,line_288,-1,288,1,measured,29.581249,6.207326,0.766823,1.000000,0.250000,1.000000,2.500000,2.000000,3.000000,1,1,0,1,0
minute_37_01,66669,249,5636,1,25,caption_plus_1,24,26,1,measured,6.548438,1.800390,0.826291,1.000000,0.250000,1.000000,2.500000,2.000000,3.000000,1,0,0,1,0
minute_37_01,66669,249,5636,1,26,caption_plus_2,24,26,1,measured,27.929688,6.854724,0.832551,1.000000,0.250000,1.000000,2.500000,2.000000,3.000000,1,1,0,1,0
minute_37_01,66669,249,5636,1,27,caption_plus_3,24,26,1,measured,28.529688,5.585337,0.809077,1.000000,0.250000,1.000000,2.500000,2.000000,3.000000,1,1,0,1,0
minute_37_01,66669,249,5636,2,286,line_286,-1,288,1,measured,6.231250,1.325103,0.846635,1.000000,0.250000,1.000000,2.500000,2.000000,3.000000,1,0,0,1,0
minute_37_01,66669,249,5636,2,287,line_287,-1,288,1,measured,5.984375,1.934006,0.799687,1.000000,0.250000,1.000000,2.500000,2.000000,3.000000,1,0,0,1,0
minute_37_01,66669,249,5636,2,288,line_288,-1,288,1,measured,28.165625,6.591003,0.881064,1.000000,0.250000,1.000000,2.500000,2.000000,3.000000,1,1,0,1,0
minute_37_01,66670,250,5637,1,25,caption_plus_1,24,26,1,measured,7.271875,2.018157,0.813772,1.000000,0.250000,1.000000,2.500000,2.000000,3.000000,1,1,0,1,0
minute_37_01,66670,250,5637,1,26,caption_plus_2,24,26,1,measured,28.937500,6.777202,0.835681,1.000000,0.250000,1.000000,2.500000,2.000000,3.000000,1,1,0,1,0
minute_37_01,66670,250,5637,1,27,caption_plus_3,24,26,1,measured,29.209375,5.699499,0.801252,1.000000,0.250000,1.000000,2.500000,2.000000,3.000000,1,1,0,1,0
minute_37_01,66670,250,5637,2,286,line_286,-1,288,1,measured,6.223437,1.327032,0.779343,1.000000,0.250000,1.000000,2.500000,2.000000,3.000000,1,0,0,1,0
minute_37_01,66670,250,5637,2,287,line_287,-1,288,1,measured,6.303125,2.386549,0.788732,1.000000,0.250000,1.000000,2.500000,2.000000,3.000000,1,1,0,1,0
minute_37_01,66670,250,5637,2,288,line_288,-1,288,1,measured,28.648438,7.067962,0.794992,1.000000,0.250000,1.000000,2.500000,2.000000,3.000000,1,1,0,1,0
minute_37_01,66671,251,5638,1,25,caption_plus_1,24,26,1,measured,7.292188,1.906551,0.787167,1.000000,0.250000,1.000000,2.500000,2.000000,3.000000,1,0,0,1,0
minute_37_01,66671,251,5638,1,26,caption_plus_2,24,26,1,measured,27.850000,6.916873,0.760563,1.000000,0.250000,1.000000,2.500000,2.000000,3.000000,1,1,0,1,0
minute_37_01,66671,251,5638,1,27,caption_plus_3,24,26,1,measured,29.081249,6.158299,0.823161,1.000000,0.250000,1.000000,2.500000,2.000000,3.000000,1,1,0,1,0
minute_37_01,66671,251,5638,2,286,line_286,-1,288,1,measured,6.657813,1.349804,0.704225,1.000000,0.250000,1.000000,2.500000,2.000000,3.000000,1,0,0,1,0
minute_37_01,66671,251,5638,2,287,line_287,-1,288,1,measured,7.246875,2.029853,0.794992,1.000000,0.250000,1.000000,2.500000,2.000000,3.000000,1,1,0,1,0
minute_37_01,66671,251,5638,2,288,line_288,-1,288,1,measured,29.590626,6.996957,0.724570,1.000000,0.250000,1.000000,2.500000,2.000000,3.000000,1,1,0,1,0
minute_37_01,66672,252,5639,1,25,caption_plus_1,24,26,1,measured,6.303125,2.040678,0.762128,1.000000,0.250000,1.000000,2.500000,2.000000,3.000000,1,1,0,1,0
minute_37_01,66672,252,5639,1,26,caption_plus_2,24,26,1,measured,28.928125,7.903589,0.841941,1.000000,0.250000,1.000000,2.500000,2.000000,3.000000,1,1,0,1,0
minute_37_01,66672,252,5639,1,27,caption_plus_3,24,26,1,measured,29.343750,6.332749,0.787167,1.000000,0.250000,1.000000,2.500000,2.000000,3.000000,1,1,0,1,0
minute_37_01,66672,252,5639,2,286,line_286,-1,288,1,measured,6.140625,1.516237,0.804382,1.000000,0.250000,1.000000,2.500000,2.000000,3.000000,1,0,0,1,0
minute_37_01,66672,252,5639,2,287,line_287,-1,288,1,measured,6.546875,1.839070,0.829421,1.000000,0.250000,1.000000,2.500000,2.000000,3.000000,1,0,0,1,0
minute_37_01,66672,252,5639,2,288,line_288,-1,288,1,measured,28.804688,7.441499,0.810642,1.000000,0.250000,1.000000,2.500000,2.000000,3.000000,1,1,0,1,0
minute_37_01,66673,253,5640,1,25,caption_plus_1,24,26,1,measured,6.835938,2.006152,0.771518,1.000000,0.250000,1.000000,2.500000,2.000000,3.000000,1,1,0,1,0
minute_37_01,66673,253,5640,1,26,caption_plus_2,24,26,1,measured,29.549999,7.823282,0.830986,1.000000,0.250000,1.000000,2.500000,2.000000,3.000000,1,1,0,1,0
minute_37_01,66673,253,5640,1,27,caption_plus_3,24,26,1,measured,29.460938,6.361876,0.785603,1.000000,0.250000,1.000000,2.500000,2.000000,3.000000,1,1,0,1,0
minute_37_01,66673,253,5640,2,286,line_286,-1,288,1,measured,6.690625,1.508695,0.838811,1.000000,0.250000,1.000000,2.500000,2.000000,3.000000,1,0,0,1,0
minute_37_01,66673,253,5640,2,287,line_287,-1,288,1,measured,6.323438,2.054739,0.834116,1.000000,0.250000,1.000000,2.500000,2.000000,3.000000,1,1,0,1,0
minute_37_01,66673,253,5640,2,288,line_288,-1,288,1,measured,29.503124,7.784801,0.834116,1.000000,0.250000,1.000000,2.500000,2.000000,3.000000,1,1,0,1,0
minute_37_01,66674,254,5641,1,25,caption_plus_1,24,26,1,measured,6.710938,1.954771,0.834116,1.000000,0.250000,1.000000,2.500000,2.000000,3.000000,1,0,0,1,0
minute_37_01,66674,254,5641,1,26,caption_plus_2,24,26,1,measured,28.887501,8.092618,0.818466,1.000000,0.250000,1.000000,2.500000,2.000000,3.000000,1,1,0,1,0
minute_37_01,66674,254,5641,1,27,caption_plus_3,24,26,1,measured,29.132812,6.974923,0.807512,1.000000,0.250000,1.000000,2.500000,2.000000,3.000000,1,1,0,1,0
minute_37_01,66674,254,5641,2,286,line_286,-1,288,1,measured,5.592187,1.570510,0.810642,1.000000,0.250000,1.000000,2.500000,2.000000,3.000000,1,0,0,1,0
minute_37_01,66674,254,5641,2,287,line_287,-1,288,1,measured,5.792188,2.113706,0.802817,1.000000,0.250000,1.000000,2.500000,2.000000,3.000000,1,1,0,1,0
minute_37_01,66674,254,5641,2,288,line_288,-1,288,1,measured,29.801563,8.304724,0.798122,1.000000,0.250000,1.000000,2.500000,2.000000,3.000000,1,1,0,1,0
minute_37_01,66675,255,5642,1,25,caption_plus_1,24,26,1,measured,6.370313,2.135721,0.807512,1.000000,0.250000,1.000000,2.500000,2.000000,3.000000,1,1,0,1,0
minute_37_01,66675,255,5642,1,26,caption_plus_2,24,26,1,measured,28.418751,7.869221,0.802817,1.000000,0.250000,1.000000,2.500000,2.000000,3.000000,1,1,0,1,0
minute_37_01,66675,255,5642,1,27,caption_plus_3,24,26,1,measured,29.426563,6.971880,0.804382,1.000000,0.250000,1.000000,2.500000,2.000000,3.000000,1,1,0,1,0
minute_37_01,66675,255,5642,2,286,line_286,-1,288,1,measured,6.115625,1.445599,0.787167,1.000000,0.250000,1.000000,2.500000,2.000000,3.000000,1,0,0,1,0
minute_37_01,66675,255,5642,2,287,line_287,-1,288,1,measured,6.245313,2.027347,0.805947,1.000000,0.250000,1.000000,2.500000,2.000000,3.000000,1,1,0,1,0
minute_37_01,66675,255,5642,2,288,line_288,-1,288,1,measured,30.368750,8.006733,0.827856,1.000000,0.250000,1.000000,2.500000,2.000000,3.000000,1,1,0,1,0
minute_37_01,66676,256,5643,1,25,caption_plus_1,24,26,1,measured,6.459375,1.756659,0.782473,1.000000,0.250000,1.000000,2.500000,2.000000,3.000000,1,0,0,1,0
minute_37_01,66676,256,5643,1,26,caption_plus_2,24,26,1,measured,28.793751,7.592634,0.862285,1.000000,0.250000,1.000000,2.500000,2.000000,3.000000,1,1,0,1,0
minute_37_01,66676,256,5643,1,27,caption_plus_3,24,26,1,measured,29.250000,6.445202,0.798122,1.000000,0.250000,1.000000,2.500000,2.000000,3.000000,1,1,0,1,0
minute_37_01,66676,256,5643,2,286,line_286,-1,288,1,measured,6.385938,1.514345,0.813772,1.000000,0.250000,1.000000,2.500000,2.000000,3.000000,1,0,0,1,0
minute_37_01,66676,256,5643,2,287,line_287,-1,288,1,measured,6.300000,1.657558,0.758998,1.000000,0.250000,1.000000,2.500000,2.000000,3.000000,1,0,0,1,0
minute_37_01,66676,256,5643,2,288,line_288,-1,288,1,measured,29.101562,7.492329,0.873239,1.000000,0.250000,1.000000,2.500000,2.000000,3.000000,1,1,0,1,0
minute_37_01,66677,257,5644,1,25,caption_plus_1,24,26,1,measured,7.682813,1.922974,0.769953,1.000000,0.250000,1.000000,2.500000,2.000000,3.000000,1,0,0,1,0
minute_37_01,66677,257,5644,1,26,caption_plus_2,24,26,1,measured,29.184376,7.851577,0.788732,1.000000,0.250000,1.000000,2.500000,2.000000,3.000000,1,1,0,1,0
minute_37_01,66677,257,5644,1,27,caption_plus_3,24,26,1,measured,28.915625,6.220863,0.820031,1.000000,0.250000,1.000000,2.500000,2.000000,3.000000,1,1,0,1,0
minute_37_01,66677,257,5644,2,286,line_286,-1,288,1,measured,5.745313,1.406173,0.820031,1.000000,0.250000,1.000000,2.500000,2.000000,3.000000,1,0,0,1,0
minute_37_01,66677,257,5644,2,287,line_287,-1,288,1,measured,6.085938,1.962251,0.793427,1.000000,0.250000,1.000000,2.500000,2.000000,3.000000,1,0,0,1,0
minute_37_01,66677,257,5644,2,288,line_288,-1,288,1,measured,29.795313,7.547991,0.780908,1.000000,0.250000,1.000000,2.500000,2.000000,3.000000,1,1,0,1,0
minute_37_01,66678,258,5645,1,25,caption_plus_1,24,26,1,measured,7.987500,2.127168,0.837246,1.000000,0.250000,1.000000,2.500000,2.000000,3.000000,1,1,0,1,0
minute_37_01,66678,258,5645,1,26,caption_plus_2,24,26,1,measured,29.515625,7.545885,0.768388,1.000000,0.250000,1.000000,2.500000,2.000000,3.000000,1,1,0,1,0
minute_37_01,66678,258,5645,1,27,caption_plus_3,24,26,1,measured,28.364063,5.715682,0.773083,1.000000,0.250000,1.000000,2.500000,2.000000,3.000000,1,1,0,1,0
minute_37_01,66678,258,5645,2,286,line_286,-1,288,1,measured,6.798438,1.498436,0.834116,1.000000,0.250000,1.000000,2.500000,2.000000,3.000000,1,0,0,1,0
minute_37_01,66678,258,5645,2,287,line_287,-1,288,1,measured,6.045312,2.200031,0.751174,1.000000,0.250000,1.000000,2.500000,2.000000,3.000000,1,1,0,1,0
minute_37_01,66678,258,5645,2,288,line_288,-1,288,1,measured,28.810938,7.092704,0.841941,1.000000,0.250000,1.000000,2.500000,2.000000,3.000000,1,1,0,1,0
minute_37_01,66679,259,5646,1,25,caption_plus_1,24,26,1,measured,9.220312,2.008550,0.801252,1.000000,0.250000,1.000000,2.500000,2.000000,3.000000,1,1,0,1,0
minute_37_01,66679,259,5646,1,26,caption_plus_2,24,26,1,measured,29.551563,6.916726,0.876369,1.000000,0.250000,1.000000,2.500000,2.000000,3.000000,1,1,0,1,0
minute_37_01,66679,259,5646,1,27,caption_plus_3,24,26,1,measured,29.579687,5.983563,0.755869,1.000000,0.250000,1.000000,2.500000,2.000000,3.000000,1,1,0,1,0
minute_37_01,66679,259,5646,2,286,line_286,-1,288,1,measured,5.476562,1.473542,0.782473,1.000000,0.250000,1.000000,2.500000,2.000000,3.000000,1,0,0,1,0
minute_37_01,66679,259,5646,2,287,line_287,-1,288,1,measured,5.428125,2.248157,0.790297,1.000000,0.250000,1.000000,2.500000,2.000000,3.000000,1,1,0,1,0
minute_37_01,66679,259,5646,2,288,line_288,-1,288,1,measured,29.245312,7.262327,0.846635,1.000000,0.250000,1.000000,2.500000,2.000000,3.000000,1,1,0,1,0
minute_37_01,66680,260,5647,1,25,caption_plus_1,24,26,1,measured,8.976562,1.894337,0.805947,1.000000,0.250000,1.000000,2.500000,2.000000,3.000000,1,0,0,1,0
minute_37_01,66680,260,5647,1,26,caption_plus_2,24,26,1,measured,29.112499,7.319697,0.837246,1.000000,0.250000,1.000000,2.500000,2.000000,3.000000,1,1,0,1,0
minute_37_01,66680,260,5647,1,27,caption_plus_3,24,26,1,measured,28.904688,6.313822,0.801252,1.000000,0.250000,1.000000,2.500000,2.000000,3.000000,1,1,0,1,0
minute_37_01,66680,260,5647,2,286,line_286,-1,288,1,measured,5.320312,1.818024,0.779343,1.000000,0.250000,1.000000,2.500000,2.000000,3.000000,1,0,0,1,0
minute_37_01,66680,260,5647,2,287,line_287,-1,288,1,measured,6.176562,2.137846,0.866980,1.000000,0.250000,1.000000,2.500000,2.000000,3.000000,1,1,0,1,0
minute_37_01,66680,260,5647,2,288,line_288,-1,288,1,measured,29.315624,7.451535,0.818466,1.000000,0.250000,1.000000,2.500000,2.000000,3.000000,1,1,0,1,0
minute_37_01,66681,261,5648,1,25,caption_plus_1,24,26,1,measured,9.792188,2.239336,0.832551,1.000000,0.250000,1.000000,2.500000,2.000000,3.000000,1,1,0,1,0
minute_37_01,66681,261,5648,1,26,caption_plus_2,24,26,1,measured,30.607813,7.751468,0.818466,1.000000,0.250000,1.000000,2.500000,2.000000,3.000000,1,1,0,1,0
minute_37_01,66681,261,5648,1,27,caption_plus_3,24,26,1,measured,29.110937,6.280068,0.757433,1.000000,0.250000,1.000000,2.500000,2.000000,3.000000,1,1,0,1,0
minute_37_01,66681,261,5648,2,286,line_286,-1,288,1,measured,6.598437,1.679750,0.774648,1.000000,0.250000,1.000000,2.500000,2.000000,3.000000,1,0,0,1,0
minute_37_01,66681,261,5648,2,287,line_287,-1,288,1,measured,6.198438,2.056924,0.799687,1.000000,0.250000,1.000000,2.500000,2.000000,3.000000,1,1,0,1,0
minute_37_01,66681,261,5648,2,288,line_288,-1,288,1,measured,29.664062,7.962880,0.816901,1.000000,0.250000,1.000000,2.500000,2.000000,3.000000,1,1,0,1,0
minute_37_01,66682,262,5649,1,25,caption_plus_1,24,26,1,measured,8.795313,2.167295,0.740219,1.000000,0.250000,1.000000,2.500000,2.000000,3.000000,1,1,0,1,0
minute_37_01,66682,262,5649,1,26,caption_plus_2,24,26,1,measured,30.242188,8.594462,0.826291,1.000000,0.250000,1.000000,2.500000,2.000000,3.000000,1,1,0,1,0
minute_37_01,66682,262,5649,1,27,caption_plus_3,24,26,1,measured,28.934376,6.785237,0.829421,1.000000,0.250000,1.000000,2.500000,2.000000,3.000000,1,1,0,1,0
minute_37_01,66682,262,5649,2,286,line_286,-1,288,1,measured,7.343750,1.599988,0.785603,1.000000,0.250000,1.000000,2.500000,2.000000,3.000000,1,0,0,1,0
minute_37_01,66682,262,5649,2,287,line_287,-1,288,1,measured,7.471875,2.016918,0.812207,1.000000,0.250000,1.000000,2.500000,2.000000,3.000000,1,1,0,1,0
minute_37_01,66682,262,5649,2,288,line_288,-1,288,1,measured,30.512501,8.352199,0.856025,1.000000,0.250000,1.000000,2.500000,2.000000,3.000000,1,1,0,1,0
minute_37_01,66683,263,5650,1,25,caption_plus_1,24,26,1,measured,8.685938,2.280308,0.843506,1.000000,0.250000,1.000000,2.500000,2.000000,3.000000,1,1,0,1,0
minute_37_01,66683,263,5650,1,26,caption_plus_2,24,26,1,measured,30.032812,8.266869,0.849765,1.000000,0.250000,1.000000,2.500000,2.000000,3.000000,1,1,0,1,0
minute_37_01,66683,263,5650,1,27,caption_plus_3,24,26,1,measured,29.787500,7.194302,0.796557,1.000000,0.250000,1.000000,2.500000,2.000000,3.000000,1,1,0,1,0
minute_37_01,66683,263,5650,2,286,line_286,-1,288,1,measured,5.804688,1.550497,0.807512,1.000000,0.250000,1.000000,2.500000,2.000000,3.000000,1,0,0,1,0
minute_37_01,66683,263,5650,2,287,line_287,-1,288,1,measured,5.945312,2.117297,0.827856,1.000000,0.250000,1.000000,2.500000,2.000000,3.000000,1,1,0,1,0
minute_37_01,66683,263,5650,2,288,line_288,-1,288,1,measured,30.184376,7.909077,0.773083,1.000000,0.250000,1.000000,2.500000,2.000000,3.000000,1,1,0,1,0
minute_37_01,66684,264,5651,1,25,caption_plus_1,24,26,1,measured,8.342188,1.925998,0.845070,1.000000,0.250000,1.000000,2.500000,2.000000,3.000000,1,0,0,1,0
minute_37_01,66684,264,5651,1,26,caption_plus_2,24,26,1,measured,30.275000,8.838269,0.838811,1.000000,0.250000,1.000000,2.500000,2.000000,3.000000,1,1,0,1,0
minute_37_01,66684,264,5651,1,27,caption_plus_3,24,26,1,measured,30.071875,7.592420,0.802817,1.000000,0.250000,1.000000,2.500000,2.000000,3.000000,1,1,0,1,0
minute_37_01,66684,264,5651,2,286,line_286,-1,288,1,measured,6.154687,1.532811,0.794992,1.000000,0.250000,1.000000,2.500000,2.000000,3.000000,1,0,0,1,0
minute_37_01,66684,264,5651,2,287,line_287,-1,288,1,measured,6.343750,2.254986,0.763693,1.000000,0.250000,1.000000,2.500000,2.000000,3.000000,1,1,0,1,0
minute_37_01,66684,264,5651,2,288,line_288,-1,288,1,measured,30.095312,8.295253,0.843506,1.000000,0.250000,1.000000,2.500000,2.000000,3.000000,1,1,0,1,0
minute_37_01,66685,265,5652,1,24,caption_plus_1,23,25,1,measured,8.156250,1.885129,0.798122,1.000000,0.250000,1.000000,2.500000,2.000000,3.000000,1,0,0,1,0
minute_37_01,66685,265,5652,1,25,caption_plus_2,23,25,1,measured,30.226562,8.776224,0.809077,1.000000,0.250000,1.000000,2.500000,2.000000,3.000000,1,1,0,1,0
minute_37_01,66685,265,5652,1,26,caption_plus_3,23,25,1,measured,29.665625,7.228032,0.823161,1.000000,0.250000,1.000000,2.500000,2.000000,3.000000,1,1,0,1,0
minute_37_01,66685,265,5652,2,286,line_286,-1,288,1,measured,6.965625,1.412690,0.809077,1.000000,0.250000,1.000000,2.500000,2.000000,3.000000,1,0,0,1,0
minute_37_01,66685,265,5652,2,287,line_287,-1,288,1,measured,6.768750,1.977125,0.780908,1.000000,0.250000,1.000000,2.500000,2.000000,3.000000,1,0,0,1,0
minute_37_01,66685,265,5652,2,288,line_288,-1,288,1,measured,31.896875,9.018833,0.816901,1.000000,0.250000,1.000000,2.500000,2.000000,3.000000,1,1,0,1,0
minute_37_01,66686,266,5653,1,25,caption_plus_1,24,26,1,measured,8.207812,2.052955,0.748044,1.000000,0.250000,1.000000,2.500000,2.000000,3.000000,1,1,0,1,0
minute_37_01,66686,266,5653,1,26,caption_plus_2,24,26,1,measured,30.585938,8.936169,0.824726,1.000000,0.250000,1.000000,2.500000,2.000000,3.000000,1,1,0,1,0
minute_37_01,66686,266,5653,1,27,caption_plus_3,24,26,1,measured,30.045313,7.383860,0.782473,1.000000,0.250000,1.000000,2.500000,2.000000,3.000000,1,1,0,1,0
minute_37_01,66686,266,5653,2,286,line_286,-1,288,1,measured,6.975000,1.701837,0.801252,1.000000,0.250000,1.000000,2.500000,2.000000,3.000000,1,0,0,1,0
minute_37_01,66686,266,5653,2,287,line_287,-1,288,1,measured,6.778125,1.941525,0.777778,1.000000,0.250000,1.000000,2.500000,2.000000,3.000000,1,0,0,1,0
minute_37_01,66686,266,5653,2,288,line_288,-1,288,1,measured,31.367188,8.670236,0.902973,1.000000,0.250000,1.000000,2.500000,2.000000,3.000000,1,1,0,1,0
minute_37_01,66687,267,5654,1,25,caption_plus_1,24,26,1,measured,8.412500,2.094300,0.776213,1.000000,0.250000,1.000000,2.500000,2.000000,3.000000,1,1,0,1,0
minute_37_01,66687,267,5654,1,26,caption_plus_2,24,26,1,measured,30.459375,9.259028,0.874804,1.000000,0.250000,1.000000,2.500000,2.000000,3.000000,1,1,0,1,0
minute_37_01,66687,267,5654,1,27,caption_plus_3,24,26,1,measured,29.887501,7.354197,0.818466,1.000000,0.250000,1.000000,2.500000,2.000000,3.000000,1,1,0,1,0
minute_37_01,66687,267,5654,2,286,line_286,-1,288,1,measured,5.323438,1.734777,0.682316,1.000000,0.250000,1.000000,2.500000,2.000000,3.000000,1,0,0,1,0
minute_37_01,66687,267,5654,2,287,line_287,-1,288,1,measured,5.706250,2.088202,0.765258,1.000000,0.250000,1.000000,2.500000,2.000000,3.000000,1,1,0,1,0
minute_37_01,66687,267,5654,2,288,line_288,-1,288,1,measured,30.046875,8.802751,0.837246,1.000000,0.250000,1.000000,2.500000,2.000000,3.000000,1,1,0,1,0
minute_37_01,66688,268,5655,1,25,caption_plus_1,24,26,1,measured,8.420313,2.027135,0.841941,1.000000,0.250000,1.000000,2.500000,2.000000,3.000000,1,1,0,1,0
minute_37_01,66688,268,5655,1,26,caption_plus_2,24,26,1,measured,30.679688,8.687935,0.751174,1.000000,0.250000,1.000000,2.500000,2.000000,3.000000,1,1,0,1,0
minute_37_01,66688,268,5655,1,27,caption_plus_3,24,26,1,measured,29.931250,7.150063,0.777778,1.000000,0.250000,1.000000,2.500000,2.000000,3.000000,1,1,0,1,0
minute_37_01,66688,268,5655,2,286,line_286,-1,288,1,measured,7.512500,1.466235,0.809077,1.000000,0.250000,1.000000,2.500000,2.000000,3.000000,1,0,0,1,0
minute_37_01,66688,268,5655,2,287,line_287,-1,288,1,measured,7.215625,2.709429,0.816901,1.000000,0.250000,1.000000,2.500000,2.000000,3.000000,1,1,0,1,0
minute_37_01,66688,268,5655,2,288,line_288,-1,288,1,measured,31.071875,7.578000,0.824726,1.000000,0.250000,1.000000,2.500000,2.000000,3.000000,1,1,0,1,0
minute_37_01,66689,269,5656,1,25,caption_plus_1,24,26,1,measured,8.970312,2.030408,0.868545,1.000000,0.250000,1.000000,2.500000,2.000000,3.000000,1,1,0,1,0
minute_37_01,66689,269,5656,1,26,caption_plus_2,24,26,1,measured,29.650000,8.178822,0.769953,1.000000,0.250000,1.000000,2.500000,2.000000,3.000000,1,1,0,1,0
minute_37_01,66689,269,5656,1,27,caption_plus_3,24,26,1,measured,29.167187,6.879216,0.796557,1.000000,0.250000,1.000000,2.500000,2.000000,3.000000,1,1,0,1,0
minute_37_01,66689,269,5656,2,286,line_286,-1,288,1,measured,6.429688,1.474171,0.740219,1.000000,0.250000,1.000000,2.500000,2.000000,3.000000,1,0,0,1,0
minute_37_01,66689,269,5656,2,287,line_287,-1,288,1,measured,6.650000,2.311520,0.801252,1.000000,0.250000,1.000000,2.500000,2.000000,3.000000,1,1,0,1,0
minute_37_01,66689,269,5656,2,288,line_288,-1,288,1,measured,29.759375,7.194719,0.843506,1.000000,0.250000,1.000000,2.500000,2.000000,3.000000,1,1,0,1,0
minute_37_01,66690,270,5657,1,25,caption_plus_1,24,26,1,measured,6.114062,1.964002,0.835681,1.000000,0.250000,1.000000,2.500000,2.000000,3.000000,1,0,0,1,0
minute_37_01,66690,270,5657,1,26,caption_plus_2,24,26,1,measured,29.256250,7.380080,0.777778,1.000000,0.250000,1.000000,2.500000,2.000000,3.000000,1,1,0,1,0
minute_37_01,66690,270,5657,1,27,caption_plus_3,24,26,1,measured,28.557812,5.974669,0.826291,1.000000,0.250000,1.000000,2.500000,2.000000,3.000000,1,1,0,1,0
minute_37_01,66690,270,5657,2,286,line_286,-1,288,1,measured,5.190625,1.211110,0.784038,1.000000,0.250000,1.000000,2.500000,2.000000,3.000000,1,0,0,1,0
minute_37_01,66690,270,5657,2,287,line_287,-1,288,1,measured,6.075000,2.281858,0.821596,1.000000,0.250000,1.000000,2.500000,2.000000,3.000000,1,1,0,1,0
minute_37_01,66690,270,5657,2,288,line_288,-1,288,1,measured,28.400000,7.466132,0.902973,1.000000,0.250000,1.000000,2.500000,2.000000,3.000000,1,1,0,1,0
minute_37_01,66691,271,5658,1,25,caption_plus_1,24,26,1,measured,8.050000,2.107427,0.837246,1.000000,0.250000,1.000000,2.500000,2.000000,3.000000,1,1,0,1,0
minute_37_01,66691,271,5658,1,26,caption_plus_2,24,26,1,measured,28.789062,7.190763,0.798122,1.000000,0.250000,1.000000,2.500000,2.000000,3.000000,1,1,0,1,0
minute_37_01,66691,271,5658,1,27,caption_plus_3,24,26,1,measured,27.790625,5.577010,0.760563,1.000000,0.250000,1.000000,2.500000,2.000000,3.000000,1,1,0,1,0
minute_37_01,66691,271,5658,2,286,line_286,-1,288,1,measured,6.140625,1.411639,0.823161,1.000000,0.250000,1.000000,2.500000,2.000000,3.000000,1,0,0,1,0
minute_37_01,66691,271,5658,2,287,line_287,-1,288,1,measured,5.968750,2.223235,0.821596,1.000000,0.250000,1.000000,2.500000,2.000000,3.000000,1,1,0,1,0
minute_37_01,66691,271,5658,2,288,line_288,-1,288,1,measured,28.775000,6.869043,0.785603,1.000000,0.250000,1.000000,2.500000,2.000000,3.000000,1,1,0,1,0
minute_37_01,66692,272,5659,1,25,caption_plus_1,24,26,1,measured,7.964063,2.154999,0.718310,1.000000,0.250000,1.000000,2.500000,2.000000,3.000000,1,1,0,1,0
minute_37_01,66692,272,5659,1,26,caption_plus_2,24,26,1,measured,28.587500,6.769312,0.774648,1.000000,0.250000,1.000000,2.500000,2.000000,3.000000,1,1,0,1,0
minute_37_01,66692,272,5659,1,27,caption_plus_3,24,26,1,measured,27.664062,5.690010,0.840376,1.000000,0.250000,1.000000,2.500000,2.000000,3.000000,1,1,0,1,0
minute_37_01,66692,272,5659,2,286,line_286,-1,288,1,measured,6.993750,1.464142,0.718310,1.000000,0.250000,1.000000,2.500000,2.000000,3.000000,1,0,0,1,0
minute_37_01,66692,272,5659,2,287,line_287,-1,288,1,measured,7.228125,2.189711,0.787167,1.000000,0.250000,1.000000,2.500000,2.000000,3.000000,1,1,0,1,0
minute_37_01,66692,272,5659,2,288,line_288,-1,288,1,measured,29.523438,6.844437,0.840376,1.000000,0.250000,1.000000,2.500000,2.000000,3.000000,1,1,0,1,0
minute_37_01,66693,273,5660,1,25,caption_plus_1,24,26,1,measured,8.778125,1.966315,0.788732,1.000000,0.250000,1.000000,2.500000,2.000000,3.000000,1,0,0,1,0
minute_37_01,66693,273,5660,1,26,caption_plus_2,24,26,1,measured,29.023438,7.423427,0.763693,1.000000,0.250000,1.000000,2.500000,2.000000,3.000000,1,1,0,1,0
minute_37_01,66693,273,5660,1,27,caption_plus_3,24,26,1,measured,28.860937,6.055295,0.790297,1.000000,0.250000,1.000000,2.500000,2.000000,3.000000,1,1,0,1,0
minute_37_01,66693,273,5660,2,286,line_286,-1,288,1,measured,6.442187,1.612384,0.766823,1.000000,0.250000,1.000000,2.500000,2.000000,3.000000,1,0,0,1,0
minute_37_01,66693,273,5660,2,287,line_287,-1,288,1,measured,6.534375,2.559676,0.812207,1.000000,0.250000,1.000000,2.500000,2.000000,3.000000,1,1,0,1,0
minute_37_01,66693,273,5660,2,288,line_288,-1,288,1,measured,36.876564,4.473402,0.863850,1.000000,0.250000,1.000000,2.500000,2.000000,3.000000,1,1,0,1,0
minute_37_01,66694,274,5661,1,25,caption_plus_1,24,26,1,measured,9.481250,1.950070,0.818466,1.000000,0.250000,1.000000,2.500000,2.000000,3.000000,1,0,0,1,0
minute_37_01,66694,274,5661,1,26,caption_plus_2,24,26,1,measured,37.556252,4.499996,0.818466,1.000000,0.250000,1.000000,2.500000,2.000000,3.000000,1,1,0,1,0
minute_37_01,66694,274,5661,1,27,caption_plus_3,24,26,1,measured,36.354687,4.141725,0.810642,1.000000,0.250000,1.000000,2.500000,2.000000,3.000000,1,1,0,1,0
minute_37_01,66694,274,5661,2,286,line_286,-1,288,1,measured,6.318750,1.534486,0.766823,1.000000,0.250000,1.000000,2.500000,2.000000,3.000000,1,0,0,1,0
minute_37_01,66694,274,5661,2,287,line_287,-1,288,1,measured,5.103125,2.593018,0.801252,1.000000,0.250000,1.000000,2.500000,2.000000,3.000000,1,1,0,1,0
minute_37_01,66694,274,5661,2,288,line_288,-1,288,1,measured,36.876564,5.090931,0.854460,1.000000,0.250000,1.000000,2.500000,2.000000,3.000000,1,1,0,1,0
minute_37_01,66695,275,5662,1,25,caption_plus_1,24,26,1,measured,6.726562,1.991838,0.799687,1.000000,0.250000,1.000000,2.500000,2.000000,3.000000,1,0,0,1,0
minute_37_01,66695,275,5662,1,26,caption_plus_2,24,26,1,measured,35.965626,4.760062,0.863850,1.000000,0.250000,1.000000,2.500000,2.000000,3.000000,1,1,0,1,0
minute_37_01,66695,275,5662,1,27,caption_plus_3,24,26,1,measured,35.487499,4.692398,0.849765,1.000000,0.250000,1.000000,2.500000,2.000000,3.000000,1,1,0,1,0
minute_37_01,66695,275,5662,2,286,line_286,-1,288,1,measured,5.646875,1.668735,0.766823,1.000000,0.250000,1.000000,2.500000,2.000000,3.000000,1,0,0,1,0
minute_37_01,66695,275,5662,2,287,line_287,-1,288,1,measured,5.665625,2.593997,0.768388,1.000000,0.250000,1.000000,2.500000,2.000000,3.000000,1,1,0,1,0
minute_37_01,66695,275,5662,2,288,line_288,-1,288,1,measured,36.910938,4.937725,0.840376,1.000000,0.250000,1.000000,2.500000,2.000000,3.000000,1,1,0,1,0
minute_37_01,66696,276,5663,1,25,caption_plus_1,24,26,1,measured,6.756250,2.154927,0.751174,1.000000,0.250000,1.000000,2.500000,2.000000,3.000000,1,1,0,1,0
minute_37_01,66696,276,5663,1,26,caption_plus_2,24,26,1,measured,36.673439,5.224753,0.826291,1.000000,0.250000,1.000000,2.500000,2.000000,3.000000,1,1,0,1,0
minute_37_01,66696,276,5663,1,27,caption_plus_3,24,26,1,measured,35.926563,5.171368,0.856025,1.000000,0.250000,1.000000,2.500000,2.000000,3.000000,1,1,0,1,0
minute_37_01,66696,276,5663,2,286,line_286,-1,288,1,measured,6.425000,1.318380,0.782473,1.000000,0.250000,1.000000,2.500000,2.000000,3.000000,1,0,0,1,0
minute_37_01,66696,276,5663,2,287,line_287,-1,288,1,measured,6.140625,2.843123,0.769953,1.000000,0.250000,1.000000,2.500000,2.000000,3.000000,1,1,0,1,0
minute_37_01,66696,276,5663,2,288,line_288,-1,288,1,measured,37.007812,4.841384,0.848200,1.000000,0.250000,1.000000,2.500000,2.000000,3.000000,1,1,0,1,0
minute_37_01,66697,277,5664,1,25,caption_plus_1,24,26,1,measured,6.418750,1.913674,0.801252,1.000000,0.250000,1.000000,2.500000,2.000000,3.000000,1,0,0,1,0
minute_37_01,66697,277,5664,1,26,caption_plus_2,24,26,1,measured,36.232811,5.396224,0.937402,1.000000,0.250000,1.000000,2.500000,2.000000,3.000000,1,1,0,1,0
minute_37_01,66697,277,5664,1,27,caption_plus_3,24,26,1,measured,36.057812,4.969730,0.774648,1.000000,0.250000,1.000000,2.500000,2.000000,3.000000,1,1,0,1,0
minute_37_01,66697,277,5664,2,286,line_286,-1,288,1,measured,5.515625,1.689047,0.765258,1.000000,0.250000,1.000000,2.500000,2.000000,3.000000,1,0,0,1,0
minute_37_01,66697,277,5664,2,287,line_287,-1,288,1,measured,5.896875,2.388512,0.773083,1.000000,0.250000,1.000000,2.500000,2.000000,3.000000,1,1,0,1,0
minute_37_01,66697,277,5664,2,288,line_288,-1,288,1,measured,36.989063,5.935714,0.904538,1.000000,0.250000,1.000000,2.500000,2.000000,3.000000,1,1,0,1,0
minute_37_01,66698,278,5665,1,25,caption_plus_1,24,26,1,measured,6.356250,1.732400,0.813772,1.000000,0.250000,1.000000,2.500000,2.000000,3.000000,1,0,0,1,0
minute_37_01,66698,278,5665,1,26,caption_plus_2,24,26,1,measured,37.004688,5.186067,0.852895,1.000000,0.250000,1.000000,2.500000,2.000000,3.000000,1,1,0,1,0
minute_37_01,66698,278,5665,1,27,caption_plus_3,24,26,1,measured,36.950001,4.951705,0.824726,1.000000,0.250000,1.000000,2.500000,2.000000,3.000000,1,1,0,1,0
minute_37_01,66698,278,5665,2,286,line_286,-1,288,1,measured,6.471875,1.328470,0.785603,1.000000,0.250000,1.000000,2.500000,2.000000,3.000000,1,0,0,1,0
minute_37_01,66698,278,5665,2,287,line_287,-1,288,1,measured,7.200000,2.796314,0.815336,1.000000,0.250000,1.000000,2.500000,2.000000,3.000000,1,1,0,1,0
minute_37_01,66698,278,5665,2,288,line_288,-1,288,1,measured,37.976562,5.494407,0.887324,1.000000,0.250000,1.000000,2.500000,2.000000,3.000000,1,1,0,1,0
minute_37_01,66699,279,5666,1,25,caption_plus_1,24,26,1,measured,6.939063,1.771574,0.816901,1.000000,0.250000,1.000000,2.500000,2.000000,3.000000,1,0,0,1,0
minute_37_01,66699,279,5666,1,26,caption_plus_2,24,26,1,measured,36.234375,5.265282,0.835681,1.000000,0.250000,1.000000,2.500000,2.000000,3.000000,1,1,0,1,0
minute_37_01,66699,279,5666,1,27,caption_plus_3,24,26,1,measured,37.265625,5.192068,0.854460,1.000000,0.250000,1.000000,2.500000,2.000000,3.000000,1,1,0,1,0
minute_37_01,66699,279,5666,2,286,line_286,-1,288,1,measured,6.153125,1.505715,0.818466,1.000000,0.250000,1.000000,2.500000,2.000000,3.000000,1,0,0,1,0
minute_37_01,66699,279,5666,2,287,line_287,-1,288,1,measured,6.082812,2.483260,0.805947,1.000000,0.250000,1.000000,2.500000,2.000000,3.000000,1,1,0,1,0
minute_37_01,66699,279,5666,2,288,line_288,-1,288,1,measured,39.207813,6.332870,0.917058,1.000000,0.250000,1.000000,2.500000,2.000000,3.000000,1,1,0,1,0
minute_37_01,66700,280,5667,1,25,caption_plus_1,24,26,1,measured,6.925000,1.930188,0.832551,1.000000,0.250000,1.000000,2.500000,2.000000,3.000000,1,0,0,1,0
minute_37_01,66700,280,5667,1,26,caption_plus_2,24,26,1,measured,39.437500,6.301476,0.935837,1.000000,0.250000,1.000000,2.500000,2.000000,3.000000,1,1,0,1,0
minute_37_01,66700,280,5667,1,27,caption_plus_3,24,26,1,measured,38.393749,5.796116,0.899844,1.000000,0.250000,1.000000,2.500000,2.000000,3.000000,1,1,0,1,0
minute_37_01,66700,280,5667,2,286,line_286,-1,288,1,measured,6.448438,1.689258,0.776213,1.000000,0.250000,1.000000,2.500000,2.000000,3.000000,1,0,0,1,0
minute_37_01,66700,280,5667,2,287,line_287,-1,288,1,measured,5.781250,2.639654,0.762128,1.000000,0.250000,1.000000,2.500000,2.000000,3.000000,1,1,0,1,0
minute_37_01,66700,280,5667,2,288,line_288,-1,288,1,measured,40.551563,6.692381,0.920188,1.000000,0.250000,1.000000,2.500000,2.000000,3.000000,1,1,0,1,0
minute_37_01,66701,281,5668,1,25,caption_plus_1,24,26,1,measured,7.329688,2.115950,0.816901,1.000000,0.250000,1.000000,2.500000,2.000000,3.000000,1,1,0,1,0
minute_37_01,66701,281,5668,1,26,caption_plus_2,24,26,1,measured,40.576561,7.183776,0.912363,1.000000,0.250000,1.000000,2.500000,2.000000,3.000000,1,1,0,1,0
minute_37_01,66701,281,5668,1,27,caption_plus_3,24,26,1,measured,40.887501,6.731677,0.826291,1.000000,0.250000,1.000000,2.500000,2.000000,3.000000,1,1,0,1,0
minute_37_01,66701,281,5668,2,286,line_286,-1,288,1,measured,6.181250,1.489009,0.823161,1.000000,0.250000,1.000000,2.500000,2.000000,3.000000,1,0,0,1,0
minute_37_01,66701,281,5668,2,287,line_287,-1,288,1,measured,6.318750,2.833663,0.835681,1.000000,0.250000,1.000000,2.500000,2.000000,3.000000,1,1,0,1,0
minute_37_01,66701,281,5668,2,288,line_288,-1,288,1,measured,42.168751,7.429857,0.868545,1.000000,0.250000,1.000000,2.500000,2.000000,3.000000,1,1,0,1,0
minute_37_01,66702,282,5669,1,25,caption_plus_1,24,26,1,measured,7.318750,1.823876,0.758998,1.000000,0.250000,1.000000,2.500000,2.000000,3.000000,1,0,0,1,0
minute_37_01,66702,282,5669,1,26,caption_plus_2,24,26,1,measured,43.154686,7.659521,0.915493,1.000000,0.250000,1.000000,2.500000,2.000000,3.000000,1,1,0,1,0
minute_37_01,66702,282,5669,1,27,caption_plus_3,24,26,1,measured,42.150002,7.323934,0.895149,1.000000,0.250000,1.000000,2.500000,2.000000,3.000000,1,1,0,1,0
minute_37_01,66702,282,5669,2,286,line_286,-1,288,1,measured,6.892188,1.491413,0.777778,1.000000,0.250000,1.000000,2.500000,2.000000,3.000000,1,0,0,1,0
minute_37_01,66702,282,5669,2,287,line_287,-1,288,1,measured,7.707812,2.073026,0.780908,1.000000,0.250000,1.000000,2.500000,2.000000,3.000000,1,1,0,1,0
minute_37_01,66702,282,5669,2,288,line_288,-1,288,1,measured,43.256248,7.398266,0.910798,1.000000,0.250000,1.000000,2.500000,2.000000,3.000000,1,1,0,1,0
minute_37_01,66703,283,5670,1,25,caption_plus_1,24,26,1,measured,7.210938,1.740386,0.801252,1.000000,0.250000,1.000000,2.500000,2.000000,3.000000,1,0,0,1,0
minute_37_01,66703,283,5670,1,26,caption_plus_2,24,26,1,measured,43.853127,7.813469,0.901408,1.000000,0.250000,1.000000,2.500000,2.000000,3.000000,1,1,0,1,0
minute_37_01,66703,283,5670,1,27,caption_plus_3,24,26,1,measured,43.323437,7.563280,0.870110,1.000000,0.250000,1.000000,2.500000,2.000000,3.000000,1,1,0,1,0
minute_37_01,66703,283,5670,2,286,line_286,-1,288,1,measured,6.884375,1.496581,0.774648,1.000000,0.250000,1.000000,2.500000,2.000000,3.000000,1,0,0,1,0
minute_37_01,66703,283,5670,2,287,line_287,-1,288,1,measured,6.720313,2.436357,0.769953,1.000000,0.250000,1.000000,2.500000,2.000000,3.000000,1,1,0,1,0
minute_37_01,66703,283,5670,2,288,line_288,-1,288,1,measured,44.198437,7.695352,0.976526,1.000000,0.250000,1.000000,2.500000,2.000000,3.000000,1,1,0,1,0
minute_37_01,66704,284,5671,1,25,caption_plus_1,24,26,1,measured,7.026563,2.011121,0.763693,1.000000,0.250000,1.000000,2.500000,2.000000,3.000000,1,1,0,1,0
minute_37_01,66704,284,5671,1,26,caption_plus_2,24,26,1,measured,43.885937,7.505068,0.928012,1.000000,0.250000,1.000000,2.500000,2.000000,3.000000,1,1,0,1,0
minute_37_01,66704,284,5671,1,27,caption_plus_3,24,26,1,measured,43.778126,7.422358,0.848200,1.000000,0.250000,1.000000,2.500000,2.000000,3.000000,1,1,0,1,0
minute_37_01,66704,284,5671,2,286,line_286,-1,288,1,measured,6.742188,1.344236,0.776213,1.000000,0.250000,1.000000,2.500000,2.000000,3.000000,1,0,0,1,0
minute_37_01,66704,284,5671,2,287,line_287,-1,288,1,measured,7.164062,2.310903,0.794992,1.000000,0.250000,1.000000,2.500000,2.000000,3.000000,1,1,0,1,0
minute_37_01,66704,284,5671,2,288,line_288,-1,288,1,measured,45.471874,7.714586,0.881064,1.000000,0.250000,1.000000,2.500000,2.000000,3.000000,1,1,0,1,0
minute_37_01,66705,285,5672,1,25,caption_plus_1,24,26,1,measured,6.676562,2.032566,0.765258,1.000000,0.250000,1.000000,2.500000,2.000000,3.000000,1,1,0,1,0
minute_37_01,66705,285,5672,1,26,caption_plus_2,24,26,1,measured,44.217186,7.665549,0.877934,1.000000,0.250000,1.000000,2.500000,2.000000,3.000000,1,1,0,1,0
minute_37_01,66705,285,5672,1,27,caption_plus_3,24,26,1,measured,44.207813,7.521153,0.909233,1.000000,0.250000,1.000000,2.500000,2.000000,3.000000,1,1,0,1,0
minute_37_01,66705,285,5672,2,286,line_286,-1,288,1,measured,7.223437,1.372184,0.777778,1.000000,0.250000,1.000000,2.500000,2.000000,3.000000,1,0,0,1,0
minute_37_01,66705,285,5672,2,287,line_287,-1,288,1,measured,7.362500,2.484923,0.771518,1.000000,0.250000,1.000000,2.500000,2.000000,3.000000,1,1,0,1,0
minute_37_01,66705,285,5672,2,288,line_288,-1,288,1,measured,46.390625,7.782226,0.896714,1.000000,0.250000,1.000000,2.500000,2.000000,3.000000,1,1,0,1,0
minute_37_01,66706,286,5673,1,25,caption_plus_1,24,26,1,measured,6.818750,1.943328,0.840376,1.000000,0.250000,1.000000,2.500000,2.000000,3.000000,1,0,0,1,0
minute_37_01,66706,286,5673,1,26,caption_plus_2,24,26,1,measured,44.942188,8.259735,0.913928,1.000000,0.250000,1.000000,2.500000,2.000000,3.000000,1,1,0,1,0
minute_37_01,66706,286,5673,1,27,caption_plus_3,24,26,1,measured,44.806252,7.981813,0.937402,1.000000,0.250000,1.000000,2.500000,2.000000,3.000000,1,1,0,1,0
minute_37_01,66706,286,5673,2,286,line_286,-1,288,1,measured,6.931250,1.393610,0.726135,1.000000,0.250000,1.000000,2.500000,2.000000,3.000000,1,0,0,1,0
minute_37_01,66706,286,5673,2,287,line_287,-1,288,1,measured,7.443750,2.164333,0.762128,1.000000,0.250000,1.000000,2.500000,2.000000,3.000000,1,1,0,1,0
minute_37_01,66706,286,5673,2,288,line_288,-1,288,1,measured,46.264061,8.568326,0.929577,1.000000,0.250000,1.000000,2.500000,2.000000,3.000000,1,1,0,1,0
minute_37_01,66707,287,5674,1,25,caption_plus_1,24,26,1,measured,8.046875,2.326677,0.838811,1.000000,0.250000,1.000000,2.500000,2.000000,3.000000,1,1,0,1,0
minute_37_01,66707,287,5674,1,26,caption_plus_2,24,26,1,measured,46.081249,7.865250,0.910798,1.000000,0.250000,1.000000,2.500000,2.000000,3.000000,1,1,0,1,0
minute_37_01,66707,287,5674,1,27,caption_plus_3,24,26,1,measured,44.607811,7.729263,0.943662,1.000000,0.250000,1.000000,2.500000,2.000000,3.000000,1,1,0,1,0
minute_37_01,66707,287,5674,2,286,line_286,-1,288,1,measured,6.896875,1.544746,0.746479,1.000000,0.250000,1.000000,2.500000,2.000000,3.000000,1,0,0,1,0
minute_37_01,66707,287,5674,2,287,line_287,-1,288,1,measured,7.189063,2.298819,0.837246,1.000000,0.250000,1.000000,2.500000,2.000000,3.000000,1,1,0,1,0
minute_37_01,66707,287,5674,2,288,line_288,-1,288,1,measured,46.170311,8.510511,0.929577,1.000000,0.250000,1.000000,2.500000,2.000000,3.000000,1,1,0,1,0
minute_37_01,66708,288,5675,1,25,caption_plus_1,24,26,1,measured,7.679688,1.802488,0.757433,1.000000,0.250000,1.000000,2.500000,2.000000,3.000000,1,0,0,1,0
minute_37_01,66708,288,5675,1,26,caption_plus_2,24,26,1,measured,45.256248,7.395731,0.899844,1.000000,0.250000,1.000000,2.500000,2.000000,3.000000,1,1,0,1,0
minute_37_01,66708,288,5675,1,27,caption_plus_3,24,26,1,measured,43.781250,7.169312,0.931142,1.000000,0.250000,1.000000,2.500000,2.000000,3.000000,1,1,0,1,0
minute_37_01,66708,288,5675,2,286,line_286,-1,288,1,measured,6.581250,1.594804,0.791862,1.000000,0.250000,1.000000,2.500000,2.000000,3.000000,1,0,0,1,0
minute_37_01,66708,288,5675,2,287,line_287,-1,288,1,measured,6.665625,2.498888,0.810642,1.000000,0.250000,1.000000,2.500000,2.000000,3.000000,1,1,0,1,0
minute_37_01,66708,288,5675,2,288,line_288,-1,288,1,measured,44.514061,7.375834,0.909233,1.000000,0.250000,1.000000,2.500000,2.000000,3.000000,1,1,0,1,0
minute_37_01,66709,289,5676,1,24,caption_plus_1,23,25,1,measured,7.932813,2.245868,0.794992,1.000000,0.250000,1.000000,2.500000,2.000000,3.000000,1,1,0,1,0
minute_37_01,66709,289,5676,1,25,caption_plus_2,23,25,1,measured,43.807812,6.937147,0.863850,1.000000,0.250000,1.000000,2.500000,2.000000,3.000000,1,1,0,1,0
minute_37_01,66709,289,5676,1,26,caption_plus_3,23,25,1,measured,42.190624,6.429758,0.884194,1.000000,0.250000,1.000000,2.500000,2.000000,3.000000,1,1,0,1,0
minute_37_01,66709,289,5676,2,286,line_286,-1,288,1,measured,6.607812,1.345456,0.760563,1.000000,0.250000,1.000000,2.500000,2.000000,3.000000,1,0,0,1,0
minute_37_01,66709,289,5676,2,287,line_287,-1,288,1,measured,7.093750,2.629275,0.798122,1.000000,0.250000,1.000000,2.500000,2.000000,3.000000,1,1,0,1,0
minute_37_01,66709,289,5676,2,288,line_288,-1,288,1,measured,43.573437,6.264801,0.862285,1.000000,0.250000,1.000000,2.500000,2.000000,3.000000,1,1,0,1,0
minute_37_01,66710,290,5677,1,25,caption_plus_1,24,26,1,measured,8.712500,2.353554,0.865415,1.000000,0.250000,1.000000,2.500000,2.000000,3.000000,1,1,0,1,0
minute_37_01,66710,290,5677,1,26,caption_plus_2,24,26,1,measured,43.012501,6.573134,0.888889,1.000000,0.250000,1.000000,2.500000,2.000000,3.000000,1,1,0,1,0
minute_37_01,66710,290,5677,1,27,caption_plus_3,24,26,1,measured,41.131248,6.066169,0.851330,1.000000,0.250000,1.000000,2.500000,2.000000,3.000000,1,1,0,1,0
minute_37_01,66710,290,5677,2,286,line_286,-1,288,1,measured,5.503125,1.851517,0.744914,1.000000,0.250000,1.000000,2.500000,2.000000,3.000000,1,0,0,1,0
minute_37_01,66710,290,5677,2,287,line_287,-1,288,1,measured,6.871875,2.779246,0.866980,1.000000,0.250000,1.000000,2.500000,2.000000,3.000000,1,1,0,1,0
minute_37_01,66710,290,5677,2,288,line_288,-1,288,1,measured,41.665627,6.631417,0.924883,1.000000,0.250000,1.000000,2.500000,2.000000,3.000000,1,1,0,1,0
minute_37_01,66711,291,5678,1,25,caption_plus_1,24,26,1,measured,10.481250,2.242966,0.812207,1.000000,0.250000,1.000000,2.500000,2.000000,3.000000,1,1,0,1,0
minute_37_01,66711,291,5678,1,26,caption_plus_2,24,26,1,measured,42.162498,6.668853,0.834116,1.000000,0.250000,1.000000,2.500000,2.000000,3.000000,1,1,0,1,0
minute_37_01,66711,291,5678,1,27,caption_plus_3,24,26,1,measured,40.715626,5.834199,0.859155,1.000000,0.250000,1.000000,2.500000,2.000000,3.000000,1,1,0,1,0
minute_37_01,66711,291,5678,2,286,line_286,-1,288,1,measured,6.398438,1.626633,0.804382,1.000000,0.250000,1.000000,2.500000,2.000000,3.000000,1,0,0,1,0
minute_37_01,66711,291,5678,2,287,line_287,-1,288,1,measured,6.651563,2.766795,0.812207,1.000000,0.250000,1.000000,2.500000,2.000000,3.000000,1,1,0,1,0
minute_37_01,66711,291,5678,2,288,line_288,-1,288,1,measured,41.039062,6.301292,0.873239,1.000000,0.250000,1.000000,2.500000,2.000000,3.000000,1,1,0,1,0
minute_37_01,66712,292,5679,1,25,caption_plus_1,24,26,1,measured,8.843750,2.238992,0.860720,1.000000,0.250000,1.000000,2.500000,2.000000,3.000000,1,1,0,1,0
minute_37_01,66712,292,5679,1,26,caption_plus_2,24,26,1,measured,40.276562,5.928223,0.874804,1.000000,0.250000,1.000000,2.500000,2.000000,3.000000,1,1,0,1,0
minute_37_01,66712,292,5679,1,27,caption_plus_3,24,26,1,measured,39.189064,5.670665,0.873239,1.000000,0.250000,1.000000,2.500000,2.000000,3.000000,1,1,0,1,0
minute_37_01,66712,292,5679,2,286,line_286,-1,288,1,measured,6.775000,1.507067,0.784038,1.000000,0.250000,1.000000,2.500000,2.000000,3.000000,1,0,0,1,0
minute_37_01,66712,292,5679,2,287,line_287,-1,288,1,measured,7.293750,2.273755,0.818466,1.000000,0.250000,1.000000,2.500000,2.000000,3.000000,1,1,0,1,0
minute_37_01,66712,292,5679,2,288,line_288,-1,288,1,measured,39.982811,5.650333,0.910798,1.000000,0.250000,1.000000,2.500000,2.000000,3.000000,1,1,0,1,0
minute_37_01,66713,293,5680,1,25,caption_plus_1,24,26,1,measured,8.315625,2.114771,0.813772,1.000000,0.250000,1.000000,2.500000,2.000000,3.000000,1,1,0,1,0
minute_37_01,66713,293,5680,1,26,caption_plus_2,24,26,1,measured,38.650002,5.693966,0.812207,1.000000,0.250000,1.000000,2.500000,2.000000,3.000000,1,1,0,1,0
minute_37_01,66713,293,5680,1,27,caption_plus_3,24,26,1,measured,38.270313,5.725523,0.829421,1.000000,0.250000,1.000000,2.500000,2.000000,3.000000,1,1,0,1,0
minute_37_01,66713,293,5680,2,286,line_286,-1,288,1,measured,6.945312,1.506800,0.777778,1.000000,0.250000,1.000000,2.500000,2.000000,3.000000,1,0,0,1,0
minute_37_01,66713,293,5680,2,287,line_287,-1,288,1,measured,6.978125,2.856378,0.813772,1.000000,0.250000,1.000000,2.500000,2.000000,3.000000,1,1,0,1,0
minute_37_01,66713,293,5680,2,288,line_288,-1,288,1,measured,39.053123,6.236509,0.877934,1.000000,0.250000,1.000000,2.500000,2.000000,3.000000,1,1,0,1,0
minute_37_01,66714,294,5681,1,25,caption_plus_1,24,26,1,measured,8.112500,2.095345,0.816901,1.000000,0.250000,1.000000,2.500000,2.000000,3.000000,1,1,0,1,0
minute_37_01,66714,294,5681,1,26,caption_plus_2,24,26,1,measured,38.542187,5.850595,0.932707,1.000000,0.250000,1.000000,2.500000,2.000000,3.000000,1,1,0,1,0
minute_37_01,66714,294,5681,1,27,caption_plus_3,24,26,1,measured,36.789062,5.367513,0.798122,1.000000,0.250000,1.000000,2.500000,2.000000,3.000000,1,1,0,1,0
minute_37_01,66714,294,5681,2,286,line_286,-1,288,1,measured,6.717187,1.509248,0.784038,1.000000,0.250000,1.000000,2.500000,2.000000,3.000000,1,0,0,1,0
minute_37_01,66714,294,5681,2,287,line_287,-1,288,1,measured,6.843750,2.715228,0.818466,1.000000,0.250000,1.000000,2.500000,2.000000,3.000000,1,1,0,1,0
minute_37_01,66714,294,5681,2,288,line_288,-1,288,1,measured,39.159374,6.201530,0.866980,1.000000,0.250000,1.000000,2.500000,2.000000,3.000000,1,1,0,1,0
minute_37_01,66715,295,5682,1,25,caption_plus_1,24,26,1,measured,9.045313,1.978670,0.837246,1.000000,0.250000,1.000000,2.500000,2.000000,3.000000,1,0,0,1,0
minute_37_01,66715,295,5682,1,26,caption_plus_2,24,26,1,measured,38.765625,5.910114,0.865415,1.000000,0.250000,1.000000,2.500000,2.000000,3.000000,1,1,0,1,0
minute_37_01,66715,295,5682,1,27,caption_plus_3,24,26,1,measured,37.379688,5.162778,0.810642,1.000000,0.250000,1.000000,2.500000,2.000000,3.000000,1,1,0,1,0
minute_37_01,66715,295,5682,2,286,line_286,-1,288,1,measured,7.125000,1.630759,0.812207,1.000000,0.250000,1.000000,2.500000,2.000000,3.000000,1,0,0,1,0
minute_37_01,66715,295,5682,2,287,line_287,-1,288,1,measured,7.543750,2.288140,0.848200,1.000000,0.250000,1.000000,2.500000,2.000000,3.000000,1,1,0,1,0
minute_37_01,66715,295,5682,2,288,line_288,-1,288,1,measured,38.684376,5.633916,0.837246,1.000000,0.250000,1.000000,2.500000,2.000000,3.000000,1,1,0,1,0
minute_37_01,66716,296,5683,1,25,caption_plus_1,24,26,1,measured,8.579687,1.810532,0.768388,1.000000,0.250000,1.000000,2.500000,2.000000,3.000000,1,0,0,1,0
minute_37_01,66716,296,5683,1,26,caption_plus_2,24,26,1,measured,39.335938,5.459334,0.881064,1.000000,0.250000,1.000000,2.500000,2.000000,3.000000,1,1,0,1,0
minute_37_01,66716,296,5683,1,27,caption_plus_3,24,26,1,measured,38.492188,5.192236,0.863850,1.000000,0.250000,1.000000,2.500000,2.000000,3.000000,1,1,0,1,0
minute_37_01,66716,296,5683,2,286,line_286,-1,288,1,measured,6.950000,1.610706,0.751174,1.000000,0.250000,1.000000,2.500000,2.000000,3.000000,1,0,0,1,0
minute_37_01,66716,296,5683,2,287,line_287,-1,288,1,measured,7.065625,2.389836,0.851330,1.000000,0.250000,1.000000,2.500000,2.000000,3.000000,1,1,0,1,0
minute_37_01,66716,296,5683,2,288,line_288,-1,288,1,measured,39.176563,6.374883,0.909233,1.000000,0.250000,1.000000,2.500000,2.000000,3.000000,1,1,0,1,0
minute_37_01,66717,297,5684,1,25,caption_plus_1,24,26,1,measured,8.507812,1.879146,0.777778,1.000000,0.250000,1.000000,2.500000,2.000000,3.000000,1,0,0,1,0
minute_37_01,66717,297,5684,1,26,caption_plus_2,24,26,1,measured,39.696877,5.758580,0.826291,1.000000,0.250000,1.000000,2.500000,2.000000,3.000000,1,1,0,1,0
minute_37_01,66717,297,5684,1,27,caption_plus_3,24,26,1,measured,39.031250,5.762402,0.904538,1.000000,0.250000,1.000000,2.500000,2.000000,3.000000,1,1,0,1,0
minute_37_01,66717,297,5684,2,286,line_286,-1,288,1,measured,6.873437,1.611845,0.780908,1.000000,0.250000,1.000000,2.500000,2.000000,3.000000,1,0,0,1,0
minute_37_01,66717,297,5684,2,287,line_287,-1,288,1,measured,6.760938,2.867496,0.830986,1.000000,0.250000,1.000000,2.500000,2.000000,3.000000,1,1,0,1,0
minute_37_01,66717,297,5684,2,288,line_288,-1,288,1,measured,41.407814,6.769019,0.881064,1.000000,0.250000,1.000000,2.500000,2.000000,3.000000,1,1,0,1,0
minute_37_01,66718,298,5685,1,25,caption_plus_1,24,26,1,measured,9.248438,2.333686,0.882629,1.000000,0.250000,1.000000,2.500000,2.000000,3.000000,1,1,0,1,0
minute_37_01,66718,298,5685,1,26,caption_plus_2,24,26,1,measured,41.656250,6.991331,0.892019,1.000000,0.250000,1.000000,2.500000,2.000000,3.000000,1,1,0,1,0
minute_37_01,66718,298,5685,1,27,caption_plus_3,24,26,1,measured,40.653126,6.652889,0.812207,1.000000,0.250000,1.000000,2.500000,2.000000,3.000000,1,1,0,1,0
minute_37_01,66718,298,5685,2,286,line_286,-1,288,1,measured,6.417188,1.511214,0.758998,1.000000,0.250000,1.000000,2.500000,2.000000,3.000000,1,0,0,1,0
minute_37_01,66718,298,5685,2,287,line_287,-1,288,1,measured,6.476562,2.504261,0.829421,1.000000,0.250000,1.000000,2.500000,2.000000,3.000000,1,1,0,1,0
minute_37_01,66718,298,5685,2,288,line_288,-1,288,1,measured,42.135937,7.052612,0.890454,1.000000,0.250000,1.000000,2.500000,2.000000,3.000000,1,1,0,1,0
minute_37_01,66719,299,5686,1,25,caption_plus_1,24,26,1,measured,10.562500,2.357004,0.818466,1.000000,0.250000,1.000000,2.500000,2.000000,3.000000,1,1,0,1,0
minute_37_01,66719,299,5686,1,26,caption_plus_2,24,26,1,measured,43.924999,7.621146,0.871674,1.000000,0.250000,1.000000,2.500000,2.000000,3.000000,1,1,0,1,0
minute_37_01,66719,299,5686,1,27,caption_plus_3,24,26,1,measured,42.775002,6.947077,0.893584,1.000000,0.250000,1.000000,2.500000,2.000000,3.000000,1,1,0,1,0
minute_37_01,66719,299,5686,2,286,line_286,-1,288,1,measured,6.539062,1.653133,0.779343,1.000000,0.250000,1.000000,2.500000,2.000000,3.000000,1,0,0,1,0
minute_37_01,66719,299,5686,2,287,line_287,-1,288,1,measured,6.757812,2.652670,0.838811,1.000000,0.250000,1.000000,2.500000,2.000000,3.000000,1,1,0,1,0
minute_37_01,66719,299,5686,2,288,line_288,-1,288,1,measured,43.410938,7.363012,0.885759,1.000000,0.250000,1.000000,2.500000,2.000000,3.000000,1,1,0,1,0
minute_37_01,66720,300,5687,1,25,caption_plus_1,24,26,1,measured,9.048437,2.284971,0.798122,1.000000,0.250000,1.000000,2.500000,2.000000,3.000000,1,1,0,1,0
minute_37_01,66720,300,5687,1,26,caption_plus_2,24,26,1,measured,44.734375,7.641258,0.866980,1.000000,0.250000,1.000000,2.500000,2.000000,3.000000,1,1,0,1,0
minute_37_01,66720,300,5687,1,27,caption_plus_3,24,26,1,measured,42.723438,7.206556,0.909233,1.000000,0.250000,1.000000,2.500000,2.000000,3.000000,1,1,0,1,0
minute_37_01,66720,300,5687,2,286,line_286,-1,288,1,measured,7.492188,1.562230,0.812207,1.000000,0.250000,1.000000,2.500000,2.000000,3.000000,1,0,0,1,0
minute_37_01,66720,300,5687,2,287,line_287,-1,288,1,measured,7.557813,2.643938,0.818466,1.000000,0.250000,1.000000,2.500000,2.000000,3.000000,1,1,0,1,0
minute_37_01,66720,300,5687,2,288,line_288,-1,288,1,measured,44.293751,8.380667,0.971831,1.000000,0.250000,1.000000,2.500000,2.000000,3.000000,1,1,0,1,0
minute_37_01,66721,301,5688,1,25,caption_plus_1,24,26,1,measured,6.753125,2.019047,0.837246,1.000000,0.250000,1.000000,2.500000,2.000000,3.000000,1,1,0,1,0
minute_37_01,66721,301,5688,1,26,caption_plus_2,24,26,1,measured,44.010937,7.946985,0.887324,1.000000,0.250000,1.000000,2.500000,2.000000,3.000000,1,1,0,1,0
minute_37_01,66721,301,5688,1,27,caption_plus_3,24,26,1,measured,43.643749,7.302052,0.870110,1.000000,0.250000,1.000000,2.500000,2.000000,3.000000,1,1,0,1,0
minute_37_01,66721,301,5688,2,286,line_286,-1,288,1,measured,6.656250,1.527035,0.780908,1.000000,0.250000,1.000000,2.500000,2.000000,3.000000,1,0,0,1,0
minute_37_01,66721,301,5688,2,287,line_287,-1,288,1,measured,6.357812,2.516527,0.857590,1.000000,0.250000,1.000000,2.500000,2.000000,3.000000,1,1,0,1,0
minute_37_01,66721,301,5688,2,288,line_288,-1,288,1,measured,44.540627,8.140269,0.909233,1.000000,0.250000,1.000000,2.500000,2.000000,3.000000,1,1,0,1,0
minute_37_01,66722,302,5689,1,25,caption_plus_1,24,26,1,measured,8.550000,2.317191,0.804382,1.000000,0.250000,1.000000,2.500000,2.000000,3.000000,1,1,0,1,0
minute_37_01,66722,302,5689,1,26,caption_plus_2,24,26,1,measured,45.671875,7.875902,0.937402,1.000000,0.250000,1.000000,2.500000,2.000000,3.000000,1,1,0,1,0
minute_37_01,66722,302,5689,1,27,caption_plus_3,24,26,1,measured,44.307812,7.804682,0.917058,1.000000,0.250000,1.000000,2.500000,2.000000,3.000000,1,1,0,1,0
minute_37_01,66722,302,5689,2,286,line_286,-1,288,1,measured,6.931250,1.578654,0.751174,1.000000,0.250000,1.000000,2.500000,2.000000,3.000000,1,0,0,1,0
minute_37_01,66722,302,5689,2,287,line_287,-1,288,1,measured,7.473437,2.488583,0.787167,1.000000,0.250000,1.000000,2.500000,2.000000,3.000000,1,1,0,1,0
minute_37_01,66722,302,5689,2,288,line_288,-1,288,1,measured,46.568748,7.698313,0.910798,1.000000,0.250000,1.000000,2.500000,2.000000,3.000000,1,1,0,1,0
minute_37_01,66723,303,5690,1,25,caption_plus_1,24,26,1,measured,9.687500,1.888907,0.810642,1.000000,0.250000,1.000000,2.500000,2.000000,3.000000,1,0,0,1,0
minute_37_01,66723,303,5690,1,26,caption_plus_2,24,26,1,measured,47.695312,7.908814,0.877934,1.000000,0.250000,1.000000,2.500000,2.000000,3.000000,1,1,0,1,0
minute_37_01,66723,303,5690,1,27,caption_plus_3,24,26,1,measured,46.910938,7.270866,0.892019,1.000000,0.250000,1.000000,2.500000,2.000000,3.000000,1,1,0,1,0
minute_37_01,66723,303,5690,2,286,line_286,-1,288,1,measured,6.328125,1.689625,0.843506,1.000000,0.250000,1.000000,2.500000,2.000000,3.000000,1,0,0,1,0
minute_37_01,66723,303,5690,2,287,line_287,-1,288,1,measured,6.487500,2.608849,0.821596,1.000000,0.250000,1.000000,2.500000,2.000000,3.000000,1,1,0,1,0
minute_37_01,66723,303,5690,2,288,line_288,-1,288,1,measured,45.473438,8.600831,0.899844,1.000000,0.250000,1.000000,2.500000,2.000000,3.000000,1,1,0,1,0
minute_37_01,66724,304,5691,1,25,caption_plus_1,24,26,1,measured,9.032812,1.882614,0.796557,1.000000,0.250000,1.000000,2.500000,2.000000,3.000000,1,0,0,1,0
minute_37_01,66724,304,5691,1,26,caption_plus_2,24,26,1,measured,46.365623,8.561583,0.899844,1.000000,0.250000,1.000000,2.500000,2.000000,3.000000,1,1,0,1,0
minute_37_01,66724,304,5691,1,27,caption_plus_3,24,26,1,measured,45.343750,7.645094,0.931142,1.000000,0.250000,1.000000,2.500000,2.000000,3.000000,1,1,0,1,0
minute_37_01,66724,304,5691,2,286,line_286,-1,288,1,measured,6.745313,1.491374,0.876369,1.000000,0.250000,1.000000,2.500000,2.000000,3.000000,1,0,0,1,0
minute_37_01,66724,304,5691,2,287,line_287,-1,288,1,measured,7.134375,2.585550,0.774648,1.000000,0.250000,1.000000,2.500000,2.000000,3.000000,1,1,0,1,0
minute_37_01,66724,304,5691,2,288,line_288,-1,288,1,measured,45.684376,8.636971,0.910798,1.000000,0.250000,1.000000,2.500000,2.000000,3.000000,1,1,0,1,0
minute_37_01,66725,305,5692,1,25,caption_plus_1,24,26,1,measured,9.139063,2.197521,0.796557,1.000000,0.250000,1.000000,2.500000,2.000000,3.000000,1,1,0,1,0
minute_37_01,66725,305,5692,1,26,caption_plus_2,24,26,1,measured,47.089062,7.993936,0.876369,1.000000,0.250000,1.000000,2.500000,2.000000,3.000000,1,1,0,1,0
minute_37_01,66725,305,5692,1,27,caption_plus_3,24,26,1,measured,45.192188,7.704641,0.873239,1.000000,0.250000,1.000000,2.500000,2.000000,3.000000,1,1,0,1,0
minute_37_01,66725,305,5692,2,286,line_286,-1,288,1,measured,7.817187,1.455384,0.809077,1.000000,0.250000,1.000000,2.500000,2.000000,3.000000,1,0,0,1,0
minute_37_01,66725,305,5692,2,287,line_287,-1,288,1,measured,7.939063,2.515770,0.857590,1.000000,0.250000,1.000000,2.500000,2.000000,3.000000,1,1,0,1,0
minute_37_01,66725,305,5692,2,288,line_288,-1,288,1,measured,46.835938,8.322577,0.928012,1.000000,0.250000,1.000000,2.500000,2.000000,3.000000,1,1,0,1,0
minute_37_01,66726,306,5693,1,25,caption_plus_1,24,26,1,measured,7.679688,1.880548,0.809077,1.000000,0.250000,1.000000,2.500000,2.000000,3.000000,1,0,0,1,0
minute_37_01,66726,306,5693,1,26,caption_plus_2,24,26,1,measured,46.450001,8.032979,0.876369,1.000000,0.250000,1.000000,2.500000,2.000000,3.000000,1,1,0,1,0
minute_37_01,66726,306,5693,1,27,caption_plus_3,24,26,1,measured,44.793751,7.666564,0.910798,1.000000,0.250000,1.000000,2.500000,2.000000,3.000000,1,1,0,1,0
minute_37_01,66726,306,5693,2,286,line_286,-1,288,1,measured,7.542188,1.434432,0.782473,1.000000,0.250000,1.000000,2.500000,2.000000,3.000000,1,0,0,1,0
minute_37_01,66726,306,5693,2,287,line_287,-1,288,1,measured,6.232812,2.566098,0.787167,1.000000,0.250000,1.000000,2.500000,2.000000,3.000000,1,1,0,1,0
minute_37_01,66726,306,5693,2,288,line_288,-1,288,1,measured,47.104687,8.908211,0.899844,1.000000,0.250000,1.000000,2.500000,2.000000,3.000000,1,1,0,1,0
minute_37_01,66727,307,5694,1,25,caption_plus_1,24,26,1,measured,8.485937,2.103521,0.794992,1.000000,0.250000,1.000000,2.500000,2.000000,3.000000,1,1,0,1,0
minute_37_01,66727,307,5694,1,26,caption_plus_2,24,26,1,measured,47.053123,8.268181,0.910798,1.000000,0.250000,1.000000,2.500000,2.000000,3.000000,1,1,0,1,0
minute_37_01,66727,307,5694,1,27,caption_plus_3,24,26,1,measured,45.632812,7.970523,0.935837,1.000000,0.250000,1.000000,2.500000,2.000000,3.000000,1,1,0,1,0
minute_37_01,66727,307,5694,2,286,line_286,-1,288,1,measured,7.084375,1.259615,0.799687,1.000000,0.250000,1.000000,2.500000,2.000000,3.000000,1,0,0,1,0
minute_37_01,66727,307,5694,2,287,line_287,-1,288,1,measured,7.829688,2.342687,0.854460,1.000000,0.250000,1.000000,2.500000,2.000000,3.000000,1,1,0,1,0
minute_37_01,66727,307,5694,2,288,line_288,-1,288,1,measured,47.518749,8.111313,0.909233,1.000000,0.250000,1.000000,2.500000,2.000000,3.000000,1,1,0,1,0
minute_37_01,66728,308,5695,1,25,caption_plus_1,24,26,1,measured,9.223437,2.044447,0.856025,1.000000,0.250000,1.000000,2.500000,2.000000,3.000000,1,1,0,1,0
minute_37_01,66728,308,5695,1,26,caption_plus_2,24,26,1,measured,46.853127,8.396259,0.888889,1.000000,0.250000,1.000000,2.500000,2.000000,3.000000,1,1,0,1,0
minute_37_01,66728,308,5695,1,27,caption_plus_3,24,26,1,measured,45.565624,8.045112,0.926448,1.000000,0.250000,1.000000,2.500000,2.000000,3.000000,1,1,0,1,0
minute_37_01,66728,308,5695,2,286,line_286,-1,288,1,measured,7.342187,1.344003,0.749609,1.000000,0.250000,1.000000,2.500000,2.000000,3.000000,1,0,0,1,0
minute_37_01,66728,308,5695,2,287,line_287,-1,288,1,measured,7.417188,2.440418,0.776213,1.000000,0.250000,1.000000,2.500000,2.000000,3.000000,1,1,0,1,0
minute_37_01,66728,308,5695,2,288,line_288,-1,288,1,measured,46.482811,8.239749,0.913928,1.000000,0.250000,1.000000,2.500000,2.000000,3.000000,1,1,0,1,0
minute_37_01,66729,309,5696,1,25,caption_plus_1,24,26,1,measured,8.342188,1.976448,0.758998,1.000000,0.250000,1.000000,2.500000,2.000000,3.000000,1,0,0,1,0
minute_37_01,66729,309,5696,1,26,caption_plus_2,24,26,1,measured,45.878124,8.178525,0.921753,1.000000,0.250000,1.000000,2.500000,2.000000,3.000000,1,1,0,1,0
minute_37_01,66729,309,5696,1,27,caption_plus_3,24,26,1,measured,45.109375,7.872256,0.948357,1.000000,0.250000,1.000000,2.500000,2.000000,3.000000,1,1,0,1,0
minute_37_01,66729,309,5696,2,286,line_286,-1,288,1,measured,6.431250,1.336375,0.802817,1.000000,0.250000,1.000000,2.500000,2.000000,3.000000,1,0,0,1,0
minute_37_01,66729,309,5696,2,287,line_287,-1,288,1,measured,6.684375,2.128029,0.785603,1.000000,0.250000,1.000000,2.500000,2.000000,3.000000,1,1,0,1,0
minute_37_01,66729,309,5696,2,288,line_288,-1,288,1,measured,45.548439,8.075474,0.884194,1.000000,0.250000,1.000000,2.500000,2.000000,3.000000,1,1,0,1,0
minute_37_01,66730,310,5697,1,25,caption_plus_1,24,26,1,measured,7.192187,1.899573,0.771518,1.000000,0.250000,1.000000,2.500000,2.000000,3.000000,1,0,0,1,0
minute_37_01,66730,310,5697,1,26,caption_plus_2,24,26,1,measured,44.200001,7.729853,0.909233,1.000000,0.250000,1.000000,2.500000,2.000000,3.000000,1,1,0,1,0
minute_37_01,66730,310,5697,1,27,caption_plus_3,24,26,1,measured,43.332813,7.498761,0.924883,1.000000,0.250000,1.000000,2.500000,2.000000,3.000000,1,1,0,1,0
minute_37_01,66730,310,5697,2,286,line_286,-1,288,1,measured,7.721875,1.438583,0.785603,1.000000,0.250000,1.000000,2.500000,2.000000,3.000000,1,0,0,1,0
minute_37_01,66730,310,5697,2,287,line_287,-1,288,1,measured,7.089063,2.462190,0.865415,1.000000,0.250000,1.000000,2.500000,2.000000,3.000000,1,1,0,1,0
minute_37_01,66730,310,5697,2,288,line_288,-1,288,1,measured,44.253124,7.936564,0.898279,1.000000,0.250000,1.000000,2.500000,2.000000,3.000000,1,1,0,1,0
minute_37_01,66731,311,5698,1,25,caption_plus_1,24,26,1,measured,8.045313,1.883185,0.766823,1.000000,0.250000,1.000000,2.500000,2.000000,3.000000,1,0,0,1,0
minute_37_01,66731,311,5698,1,26,caption_plus_2,24,26,1,measured,43.328125,7.082228,0.943662,1.000000,0.250000,1.000000,2.500000,2.000000,3.000000,1,1,0,1,0
minute_37_01,66731,311,5698,1,27,caption_plus_3,24,26,1,measured,41.139061,6.700352,0.909233,1.000000,0.250000,1.000000,2.500000,2.000000,3.000000,1,1,0,1,0
minute_37_01,66731,311,5698,2,286,line_286,-1,288,1,measured,7.335938,1.428927,0.721440,1.000000,0.250000,1.000000,2.500000,2.000000,3.000000,1,0,0,1,0
minute_37_01,66731,311,5698,2,287,line_287,-1,288,1,measured,7.778125,2.239731,0.793427,1.000000,0.250000,1.000000,2.500000,2.000000,3.000000,1,1,0,1,0
minute_37_01,66731,311,5698,2,288,line_288,-1,288,1,measured,43.428123,6.815962,0.888889,1.000000,0.250000,1.000000,2.500000,2.000000,3.000000,1,1,0,1,0
minute_37_01,66732,312,5699,1,25,caption_plus_1,24,26,1,measured,8.167188,1.953007,0.835681,1.000000,0.250000,1.000000,2.500000,2.000000,3.000000,1,0,0,1,0
minute_37_01,66732,312,5699,1,26,caption_plus_2,24,26,1,measured,40.656250,6.356883,0.901408,1.000000,0.250000,1.000000,2.500000,2.000000,3.000000,1,1,0,1,0
minute_37_01,66732,312,5699,1,27,caption_plus_3,24,26,1,measured,39.129688,6.183172,0.856025,1.000000,0.250000,1.000000,2.500000,2.000000,3.000000,1,1,0,1,0
minute_37_01,66732,312,5699,2,286,line_286,-1,288,1,measured,6.798438,1.480603,0.774648,1.000000,0.250000,1.000000,2.500000,2.000000,3.000000,1,0,0,1,0
minute_37_01,66732,312,5699,2,287,line_287,-1,288,1,measured,7.537500,2.364814,0.763693,1.000000,0.250000,1.000000,2.500000,2.000000,3.000000,1,1,0,1,0
minute_37_01,66732,312,5699,2,288,line_288,-1,288,1,measured,41.692188,6.631407,0.888889,1.000000,0.250000,1.000000,2.500000,2.000000,3.000000,1,1,0,1,0
minute_37_01,66733,313,5700,1,25,caption_plus_1,24,26,1,measured,9.417188,2.190038,0.841941,1.000000,0.250000,1.000000,2.500000,2.000000,3.000000,1,1,0,1,0
minute_37_01,66733,313,5700,1,26,caption_plus_2,24,26,1,measured,40.578125,6.102266,0.859155,1.000000,0.250000,1.000000,2.500000,2.000000,3.000000,1,1,0,1,0
minute_37_01,66733,313,5700,1,27,caption_plus_3,24,26,1,measured,39.534374,6.354777,0.859155,1.000000,0.250000,1.000000,2.500000,2.000000,3.000000,1,1,0,1,0
minute_37_01,66733,313,5700,2,286,line_286,-1,288,1,measured,7.176562,1.372184,0.754304,1.000000,0.250000,1.000000,2.500000,2.000000,3.000000,1,0,0,1,0
minute_37_01,66733,313,5700,2,287,line_287,-1,288,1,measured,6.939063,2.169614,0.762128,1.000000,0.250000,1.000000,2.500000,2.000000,3.000000,1,1,0,1,0
minute_37_01,66733,313,5700,2,288,line_288,-1,288,1,measured,41.576561,6.429698,0.896714,1.000000,0.250000,1.000000,2.500000,2.000000,3.000000,1,1,0,1,0
minute_37_01,66734,314,5701,1,25,caption_plus_1,24,26,1,measured,9.609375,1.877641,0.774648,1.000000,0.250000,1.000000,2.500000,2.000000,3.000000,1,0,0,1,0
minute_37_01,66734,314,5701,1,26,caption_plus_2,24,26,1,measured,41.250000,6.374265,0.902973,1.000000,0.250000,1.000000,2.500000,2.000000,3.000000,1,1,0,1,0
minute_37_01,66734,314,5701,1,27,caption_plus_3,24,26,1,measured,40.320312,5.950753,0.870110,1.000000,0.250000,1.000000,2.500000,2.000000,3.000000,1,1,0,1,0
minute_37_01,66734,314,5701,2,286,line_286,-1,288,1,measured,7.532813,1.527514,0.802817,1.000000,0.250000,1.000000,2.500000,2.000000,3.000000,1,0,0,1,0
minute_37_01,66734,314,5701,2,287,line_287,-1,288,1,measured,7.342187,2.356527,0.799687,1.000000,0.250000,1.000000,2.500000,2.000000,3.000000,1,1,0,1,0
minute_37_01,66734,314,5701,2,288,line_288,-1,288,1,measured,42.493752,7.167633,0.949922,1.000000,0.250000,1.000000,2.500000,2.000000,3.000000,1,1,0,1,0
minute_37_01,66735,315,5702,1,25,caption_plus_1,24,26,1,measured,8.909375,1.866959,0.807512,1.000000,0.250000,1.000000,2.500000,2.000000,3.000000,1,0,0,1,0
minute_37_01,66735,315,5702,1,26,caption_plus_2,24,26,1,measured,42.337502,7.077153,0.865415,1.000000,0.250000,1.000000,2.500000,2.000000,3.000000,1,1,0,1,0
minute_37_01,66735,315,5702,1,27,caption_plus_3,24,26,1,measured,40.853127,6.303545,0.874804,1.000000,0.250000,1.000000,2.500000,2.000000,3.000000,1,1,0,1,0
minute_37_01,66735,315,5702,2,286,line_286,-1,288,1,measured,7.451562,1.513738,0.793427,1.000000,0.250000,1.000000,2.500000,2.000000,3.000000,1,0,0,1,0
minute_37_01,66735,315,5702,2,287,line_287,-1,288,1,measured,7.404687,2.309690,0.807512,1.000000,0.250000,1.000000,2.500000,2.000000,3.000000,1,1,0,1,0
minute_37_01,66735,315,5702,2,288,line_288,-1,288,1,measured,44.285938,7.909910,0.870110,1.000000,0.250000,1.000000,2.500000,2.000000,3.000000,1,1,0,1,0
minute_37_01,66736,316,5703,1,25,caption_plus_1,24,26,1,measured,7.714063,1.833147,0.760563,1.000000,0.250000,1.000000,2.500000,2.000000,3.000000,1,0,0,1,0
minute_37_01,66736,316,5703,1,26,caption_plus_2,24,26,1,measured,42.573437,7.487964,0.981221,1.000000,0.250000,1.000000,2.500000,2.000000,3.000000,1,1,0,1,0
minute_37_01,66736,316,5703,1,27,caption_plus_3,24,26,1,measured,42.764061,6.946377,0.904538,1.000000,0.250000,1.000000,2.500000,2.000000,3.000000,1,1,0,1,0
minute_37_01,66736,316,5703,2,286,line_286,-1,288,1,measured,7.675000,1.547377,0.813772,1.000000,0.250000,1.000000,2.500000,2.000000,3.000000,1,0,0,1,0
minute_37_01,66736,316,5703,2,287,line_287,-1,288,1,measured,7.603125,2.619993,0.802817,1.000000,0.250000,1.000000,2.500000,2.000000,3.000000,1,1,0,1,0
minute_37_01,66736,316,5703,2,288,line_288,-1,288,1,measured,44.754688,7.952249,0.929577,1.000000,0.250000,1.000000,2.500000,2.000000,3.000000,1,1,0,1,0
minute_37_01,66737,317,5704,1,25,caption_plus_1,24,26,1,measured,10.059375,2.035522,0.826291,1.000000,0.250000,1.000000,2.500000,2.000000,3.000000,1,1,0,1,0
minute_37_01,66737,317,5704,1,26,caption_plus_2,24,26,1,measured,45.135937,7.527987,0.912363,1.000000,0.250000,1.000000,2.500000,2.000000,3.000000,1,1,0,1,0
minute_37_01,66737,317,5704,1,27,caption_plus_3,24,26,1,measured,44.293751,7.311033,0.923318,1.000000,0.250000,1.000000,2.500000,2.000000,3.000000,1,1,0,1,0
minute_37_01,66737,317,5704,2,286,line_286,-1,288,1,measured,8.603125,1.584689,0.804382,1.000000,0.250000,1.000000,2.500000,2.000000,3.000000,1,0,0,1,0
minute_37_01,66737,317,5704,2,287,line_287,-1,288,1,measured,8.217188,2.442082,0.846635,1.000000,0.250000,1.000000,2.500000,2.000000,3.000000,1,1,0,1,0
minute_37_01,66737,317,5704,2,288,line_288,-1,288,1,measured,46.007812,7.651896,0.920188,1.000000,0.250000,1.000000,2.500000,2.000000,3.000000,1,1,0,1,0
minute_37_01,66738,318,5705,1,25,caption_plus_1,24,26,1,measured,8.945312,2.100255,0.805947,1.000000,0.250000,1.000000,2.500000,2.000000,3.000000,1,1,0,1,0
minute_37_01,66738,318,5705,1,26,caption_plus_2,24,26,1,measured,44.781250,7.593724,0.874804,1.000000,0.250000,1.000000,2.500000,2.000000,3.000000,1,1,0,1,0
minute_37_01,66738,318,5705,1,27,caption_plus_3,24,26,1,measured,43.698437,7.519225,0.909233,1.000000,0.250000,1.000000,2.500000,2.000000,3.000000,1,1,0,1,0
minute_37_01,66738,318,5705,2,286,line_286,-1,288,1,measured,7.526563,1.479838,0.859155,1.000000,0.250000,1.000000,2.500000,2.000000,3.000000,1,0,0,1,0
minute_37_01,66738,318,5705,2,287,line_287,-1,288,1,measured,7.096875,2.436697,0.754304,1.000000,0.250000,1.000000,2.500000,2.000000,3.000000,1,1,0,1,0
minute_37_01,66738,318,5705,2,288,line_288,-1,288,1,measured,45.059376,7.566760,0.946792,1.000000,0.250000,1.000000,2.500000,2.000000,3.000000,1,1,0,1,0
minute_37_01,66739,319,5706,1,25,caption_plus_1,24,26,1,measured,10.835938,2.209982,0.837246,1.000000,0.250000,1.000000,2.500000,2.000000,3.000000,1,1,0,1,0
minute_37_01,66739,319,5706,1,26,caption_plus_2,24,26,1,measured,35.359375,3.962193,0.881064,1.000000,0.250000,1.000000,2.500000,2.000000,3.000000,1,1,0,1,0
minute_37_01,66739,319,5706,1,27,caption_plus_3,24,26,1,measured,35.782814,3.723828,0.758998,1.000000,0.250000,1.000000,2.500000,2.000000,3.000000,1,1,0,1,0
minute_37_01,66739,319,5706,2,286,line_286,-1,288,1,measured,6.201562,1.499478,0.802817,1.000000,0.250000,1.000000,2.500000,2.000000,3.000000,1,0,0,1,0
minute_37_01,66739,319,5706,2,287,line_287,-1,288,1,measured,5.598437,2.019359,0.824726,1.000000,0.250000,1.000000,2.500000,2.000000,3.000000,1,1,0,1,0
minute_37_01,66739,319,5706,2,288,line_288,-1,288,1,measured,30.803125,3.859889,0.877934,1.000000,0.250000,1.000000,2.500000,2.000000,3.000000,1,1,0,1,0
minute_37_01,66740,320,5707,1,25,caption_plus_1,24,26,1,measured,10.750000,2.369731,0.784038,1.000000,0.250000,1.000000,2.500000,2.000000,3.000000,1,1,0,1,0
minute_37_01,66740,320,5707,1,26,caption_plus_2,24,26,1,measured,31.485937,3.663134,0.766823,1.000000,0.250000,1.000000,2.500000,2.000000,3.000000,1,1,0,1,0
minute_37_01,66740,320,5707,1,27,caption_plus_3,24,26,1,measured,30.920313,3.471522,0.807512,1.000000,0.250000,1.000000,2.500000,2.000000,3.000000,1,1,0,1,0
minute_37_01,66740,320,5707,2,286,line_286,-1,288,1,measured,7.137500,1.297775,0.798122,1.000000,0.250000,1.000000,2.500000,2.000000,3.000000,1,0,0,1,0
minute_37_01,66740,320,5707,2,287,line_287,-1,288,1,measured,7.579688,2.304864,0.758998,1.000000,0.250000,1.000000,2.500000,2.000000,3.000000,1,1,0,1,0
minute_37_01,66740,320,5707,2,288,line_288,-1,288,1,measured,30.382812,3.807725,0.871674,1.000000,0.250000,1.000000,2.500000,2.000000,3.000000,1,1,0,1,0
minute_37_01,66741,321,5708,1,25,caption_plus_1,24,26,1,measured,7.778125,1.859307,0.794992,1.000000,0.250000,1.000000,2.500000,2.000000,3.000000,1,0,0,1,0
minute_37_01,66741,321,5708,1,26,caption_plus_2,24,26,1,measured,29.292187,4.065549,0.785603,1.000000,0.250000,1.000000,2.500000,2.000000,3.000000,1,1,0,1,0
minute_37_01,66741,321,5708,1,27,caption_plus_3,24,26,1,measured,30.049999,3.758407,0.790297,1.000000,0.250000,1.000000,2.500000,2.000000,3.000000,1,1,0,1,0
minute_37_01,66741,321,5708,2,286,line_286,-1,288,1,measured,6.793750,1.275230,0.823161,1.000000,0.250000,1.000000,2.500000,2.000000,3.000000,1,0,0,1,0
minute_37_01,66741,321,5708,2,287,line_287,-1,288,1,measured,7.226562,1.980431,0.751174,1.000000,0.250000,1.000000,2.500000,2.000000,3.000000,1,0,0,1,0
minute_37_01,66741,321,5708,2,288,line_288,-1,288,1,measured,30.067188,3.548792,0.812207,1.000000,0.250000,1.000000,2.500000,2.000000,3.000000,1,1,0,1,0
minute_37_01,66742,322,5709,1,25,caption_plus_1,24,26,1,measured,7.031250,1.697137,0.868545,1.000000,0.250000,1.000000,2.500000,2.000000,3.000000,1,0,0,1,0
minute_37_01,66742,322,5709,1,26,caption_plus_2,24,26,1,measured,28.700001,3.842281,0.835681,1.000000,0.250000,1.000000,2.500000,2.000000,3.000000,1,1,0,1,0
minute_37_01,66742,322,5709,1,27,caption_plus_3,24,26,1,measured,29.026562,3.638455,0.768388,1.000000,0.250000,1.000000,2.500000,2.000000,3.000000,1,1,0,1,0
minute_37_01,66742,322,5709,2,286,line_286,-1,288,1,measured,6.090625,1.565619,0.791862,1.000000,0.250000,1.000000,2.500000,2.000000,3.000000,1,0,0,1,0
minute_37_01,66742,322,5709,2,287,line_287,-1,288,1,measured,6.493750,2.345866,0.791862,1.000000,0.250000,1.000000,2.500000,2.000000,3.000000,1,1,0,1,0
minute_37_01,66742,322,5709,2,288,line_288,-1,288,1,measured,28.651562,3.939245,0.866980,1.000000,0.250000,1.000000,2.500000,2.000000,3.000000,1,1,0,1,0
minute_37_01,66743,323,5710,1,25,caption_plus_1,24,26,1,measured,7.696875,2.167658,0.791862,1.000000,0.250000,1.000000,2.500000,2.000000,3.000000,1,1,0,1,0
minute_37_01,66743,323,5710,1,26,caption_plus_2,24,26,1,measured,28.662500,3.858655,0.801252,1.000000,0.250000,1.000000,2.500000,2.000000,3.000000,1,1,0,1,0
minute_37_01,66743,323,5710,1,27,caption_plus_3,24,26,1,measured,29.354687,3.667527,0.782473,1.000000,0.250000,1.000000,2.500000,2.000000,3.000000,1,1,0,1,0
minute_37_01,66743,323,5710,2,286,line_286,-1,288,1,measured,7.296875,1.351847,0.740219,1.000000,0.250000,1.000000,2.500000,2.000000,3.000000,1,0,0,1,0
minute_37_01,66743,323,5710,2,287,line_287,-1,288,1,measured,6.251563,2.421421,0.762128,1.000000,0.250000,1.000000,2.500000,2.000000,3.000000,1,1,0,1,0
minute_37_01,66743,323,5710,2,288,line_288,-1,288,1,measured,29.485937,3.982358,0.843506,1.000000,0.250000,1.000000,2.500000,2.000000,3.000000,1,1,0,1,0
minute_37_01,66744,324,5711,1,25,caption_plus_1,24,26,1,measured,6.629687,2.135721,0.790297,1.000000,0.250000,1.000000,2.500000,2.000000,3.000000,1,1,0,1,0
minute_37_01,66744,324,5711,1,26,caption_plus_2,24,26,1,measured,28.029688,3.811667,0.798122,1.000000,0.250000,1.000000,2.500000,2.000000,3.000000,1,1,0,1,0
minute_37_01,66744,324,5711,1,27,caption_plus_3,24,26,1,measured,28.882812,3.642675,0.782473,1.000000,0.250000,1.000000,2.500000,2.000000,3.000000,1,1,0,1,0
minute_37_01,66744,324,5711,2,286,line_286,-1,288,1,measured,6.556250,1.802765,0.754304,1.000000,0.250000,1.000000,2.500000,2.000000,3.000000,1,0,0,1,0
minute_37_01,66744,324,5711,2,287,line_287,-1,288,1,measured,5.998437,2.012072,0.799687,1.000000,0.250000,1.000000,2.500000,2.000000,3.000000,1,1,0,1,0
minute_37_01,66744,324,5711,2,288,line_288,-1,288,1,measured,29.214062,3.949619,0.877934,1.000000,0.250000,1.000000,2.500000,2.000000,3.000000,1,1,0,1,0
minute_37_01,66745,325,5712,1,25,caption_plus_1,24,26,1,measured,6.746875,2.277263,0.777778,1.000000,0.250000,1.000000,2.500000,2.000000,3.000000,1,1,0,1,0
minute_37_01,66745,325,5712,1,26,caption_plus_2,24,26,1,measured,27.023438,3.810891,0.829421,1.000000,0.250000,1.000000,2.500000,2.000000,3.000000,1,1,0,1,0
minute_37_01,66745,325,5712,1,27,caption_plus_3,24,26,1,measured,28.287500,3.741052,0.769953,1.000000,0.250000,1.000000,2.500000,2.000000,3.000000,1,1,0,1,0
minute_37_01,66745,325,5712,2,286,line_286,-1,288,1,measured,6.270312,1.560367,0.824726,1.000000,0.250000,1.000000,2.500000,2.000000,3.000000,1,0,0,1,0
minute_37_01,66745,325,5712,2,287,line_287,-1,288,1,measured,6.382812,2.452426,0.807512,1.000000,0.250000,1.000000,2.500000,2.000000,3.000000,1,1,0,1,0
minute_37_01,66745,325,5712,2,288,line_288,-1,288,1,measured,29.660938,4.244376,0.837246,1.000000,0.250000,1.000000,2.500000,2.000000,3.000000,1,1,0,1,0
minute_37_01,66746,326,5713,1,25,caption_plus_1,24,26,1,measured,6.618750,2.048237,0.779343,1.000000,0.250000,1.000000,2.500000,2.000000,3.000000,1,1,0,1,0
minute_37_01,66746,326,5713,1,26,caption_plus_2,24,26,1,measured,27.904688,3.785909,0.818466,1.000000,0.250000,1.000000,2.500000,2.000000,3.000000,1,1,0,1,0
minute_37_01,66746,326,5713,1,27,caption_plus_3,24,26,1,measured,28.975000,3.782278,0.790297,1.000000,0.250000,1.000000,2.500000,2.000000,3.000000,1,1,0,1,0
minute_37_01,66746,326,5713,2,286,line_286,-1,288,1,measured,7.714063,1.429966,0.830986,1.000000,0.250000,1.000000,2.500000,2.000000,3.000000,1,0,0,1,0
minute_37_01,66746,326,5713,2,287,line_287,-1,288,1,measured,7.698438,2.377892,0.704225,1.000000,0.250000,1.000000,2.500000,2.000000,3.000000,1,1,0,1,0
minute_37_01,66746,326,5713,2,288,line_288,-1,288,1,measured,30.990625,4.152173,0.838811,1.000000,0.250000,1.000000,2.500000,2.000000,3.000000,1,1,0,1,0
minute_37_01,66747,327,5714,1,25,caption_plus_1,24,26,1,measured,6.717187,2.101269,0.840376,1.000000,0.250000,1.000000,2.500000,2.000000,3.000000,1,1,0,1,0
minute_37_01,66747,327,5714,1,26,caption_plus_2,24,26,1,measured,27.821875,3.832365,0.820031,1.000000,0.250000,1.000000,2.500000,2.000000,3.000000,1,1,0,1,0
minute_37_01,66747,327,5714,1,27,caption_plus_3,24,26,1,measured,29.384375,3.813513,0.804382,1.000000,0.250000,1.000000,2.500000,2.000000,3.000000,1,1,0,1,0
minute_37_01,66747,327,5714,2,286,line_286,-1,288,1,measured,7.104688,1.626915,0.834116,1.000000,0.250000,1.000000,2.500000,2.000000,3.000000,1,0,0,1,0
minute_37_01,66747,327,5714,2,287,line_287,-1,288,1,measured,6.429688,2.251678,0.843506,1.000000,0.250000,1.000000,2.500000,2.000000,3.000000,1,1,0,1,0
minute_37_01,66747,327,5714,2,288,line_288,-1,288,1,measured,29.237499,3.501317,0.801252,1.000000,0.250000,1.000000,2.500000,2.000000,3.000000,1,1,0,1,0
minute_37_01,66748,328,5715,1,25,caption_plus_1,24,26,1,measured,6.978125,1.977093,0.755869,1.000000,0.250000,1.000000,2.500000,2.000000,3.000000,1,0,0,1,0
minute_37_01,66748,328,5715,1,26,caption_plus_2,24,26,1,measured,28.996876,3.856811,0.870110,1.000000,0.250000,1.000000,2.500000,2.000000,3.000000,1,1,0,1,0
minute_37_01,66748,328,5715,1,27,caption_plus_3,24,26,1,measured,29.517187,3.667810,0.810642,1.000000,0.250000,1.000000,2.500000,2.000000,3.000000,1,1,0,1,0
minute_37_01,66748,328,5715,2,286,line_286,-1,288,1,measured,6.357812,1.318771,0.816901,1.000000,0.250000,1.000000,2.500000,2.000000,3.000000,1,0,0,1,0
minute_37_01,66748,328,5715,2,287,line_287,-1,288,1,measured,5.828125,2.251074,0.765258,1.000000,0.250000,1.000000,2.500000,2.000000,3.000000,1,1,0,1,0
minute_37_01,66748,328,5715,2,288,line_288,-1,288,1,measured,28.771875,3.562104,0.774648,1.000000,0.250000,1.000000,2.500000,2.000000,3.000000,1,1,0,1,0
