capture,ordinal,counter,field,previous_picture_top_line,picture_top_line,previous_switch_first_line,switch_first_line,dp,ds,previous_status,status,raw_rows
sp_vstab_off,1,172,1,23,23,260,260,0,0,observed,observed,L23=112.834/28.973 L259=103.173/40.571 L260=85.142/41.620 L262=71.722/56.117 L263=1.391/0.534
sp_vstab_off,1,172,2,286,286,523,523,0,0,observed,inferred,L286=115.484/28.332 L522=101.995/41.163 L523=96.778/41.585 L525=97.678/52.958 L526=1.381/0.532
sp_vstab_off,2,173,1,23,23,260,260,0,0,observed,observed,L23=115.369/29.167 L259=101.305/40.932 L260=93.645/39.637 L262=74.847/56.829 L263=1.384/0.493
sp_vstab_off,2,173,2,286,286,523,524,0,1,inferred,observed,L286=115.955/28.223 L523=101.720/46.176 L524=103.095/47.679 L525=79.241/58.866 L526=1.373/0.530
sp_vstab_off,3,174,1,23,23,260,260,0,0,observed,observed,L23=114.492/29.220 L259=101.461/40.522 L260=92.352/43.734 L262=71.506/53.698 L263=1.394/0.504
sp_vstab_off,3,174,2,286,286,524,524,0,0,observed,inferred,L286=115.084/26.256 L523=100.741/41.003 L524=95.378/50.885 L525=95.784/53.861 L526=1.380/0.517
sp_vstab_off,4,175,1,23,23,260,260,0,0,observed,observed,L23=114.936/28.418 L259=101.153/41.216 L260=88.984/40.504 L262=75.289/53.866 L263=1.384/0.499
sp_vstab_off,4,175,2,286,286,524,523,0,-1,inferred,observed,L286=116.169/28.169 L522=98.958/40.553 L523=108.930/47.371 L525=75.730/56.981 L526=1.391/0.519
sp_vstab_off,5,176,1,23,23,260,260,0,0,observed,observed,L23=112.145/26.993 L259=103.392/40.281 L260=93.103/39.351 L262=70.811/54.600 L263=1.381/0.517
sp_vstab_off,5,176,2,286,286,523,523,0,0,observed,observed,L286=115.311/28.021 L522=98.194/40.663 L523=105.933/44.793 L525=97.856/55.435 L526=1.381/0.505
sp_vstab_off,6,177,1,23,23,260,260,0,0,observed,observed,L23=111.042/28.146 L259=101.931/40.654 L260=89.272/40.689 L262=74.644/57.718 L263=1.383/0.508
sp_vstab_off,6,177,2,286,286,523,523,0,0,observed,observed,L286=113.502/27.862 L522=102.366/39.853 L523=107.306/44.668 L525=77.708/58.357 L526=1.373/0.530
sp_vstab_off,7,178,1,23,23,260,260,0,0,observed,observed,L23=111.736/27.491 L259=102.914/39.990 L260=92.134/38.837 L262=74.586/55.944 L263=1.386/0.499
sp_vstab_off,7,178,2,286,286,523,523,0,0,observed,observed,L286=114.267/27.657 L522=100.997/40.171 L523=94.167/37.409 L525=82.583/58.730 L526=1.386/0.518
sp_vstab_off,8,179,1,23,23,260,260,0,0,observed,observed,L23=110.695/28.917 L259=100.555/40.669 L260=88.205/40.347 L262=75.300/57.035 L263=1.386/0.506
sp_vstab_off,8,179,2,286,286,523,523,0,0,observed,observed,L286=111.725/28.040 L522=97.397/40.639 L523=106.945/46.257 L525=75.002/55.434 L526=1.387/0.533
sp_vstab_off,9,180,1,23,23,260,260,0,0,observed,observed,L23=110.828/27.926 L259=98.127/39.399 L260=95.287/41.677 L262=69.520/55.766 L263=1.392/0.491
sp_vstab_off,9,180,2,286,286,523,523,0,0,observed,observed,L286=108.217/27.803 L522=99.478/39.266 L523=99.392/41.834 L525=78.745/57.561 L526=1.405/0.536
sp_vstab_off,10,181,1,23,23,260,260,0,0,observed,observed,L23=106.838/26.554 L259=99.864/40.440 L260=95.867/45.062 L262=77.356/55.820 L263=1.392/0.498
sp_vstab_off,10,181,2,286,286,523,523,0,0,observed,observed,L286=108.416/27.799 L522=96.658/40.979 L523=102.555/41.420 L525=77.281/57.470 L526=1.375/0.515
sp_vstab_off,11,182,1,23,23,260,260,0,0,observed,observed,L23=106.269/27.834 L259=100.409/39.709 L260=93.866/41.043 L262=72.688/55.275 L263=1.386/0.512
sp_vstab_off,11,182,2,286,286,523,523,0,0,observed,observed,L286=111.219/28.203 L522=99.780/39.911 L523=104.608/44.196 L525=79.572/56.177 L526=1.392/0.534
sp_vstab_off,12,183,1,23,23,260,260,0,0,observed,observed,L23=107.000/29.118 L259=102.417/39.664 L260=87.647/40.051 L262=74.945/58.168 L263=1.381/0.498
sp_vstab_off,12,183,2,286,286,523,523,0,0,observed,observed,L286=111.036/28.045 L522=97.922/40.699 L523=105.870/47.761 L525=78.173/56.442 L526=1.367/0.513
sp_vstab_off,13,184,1,23,23,260,260,0,0,observed,observed,L23=107.495/29.905 L259=100.300/39.231 L260=93.350/39.739 L262=71.989/55.111 L263=1.381/0.495
sp_vstab_off,13,184,2,286,286,523,524,0,1,observed,observed,L286=110.147/28.221 L523=110.866/41.453 L524=99.370/48.778 L525=82.156/57.954 L526=1.391/0.519
sp_vstab_off,14,185,1,23,23,260,260,0,0,observed,observed,L23=110.209/28.305 L259=100.602/39.085 L260=94.680/41.674 L262=73.975/55.515 L263=1.370/0.532
sp_vstab_off,14,185,2,286,286,524,523,0,-1,observed,observed,L286=111.808/29.023 L522=99.263/41.046 L523=99.470/42.300 L525=79.481/58.168 L526=1.391/0.519
sp_vstab_off,15,186,1,23,23,260,261,0,1,observed,observed,L23=112.416/29.298 L260=95.580/39.078 L261=81.439/58.498 L262=73.531/54.100 L263=1.400/0.493
sp_vstab_off,15,186,2,286,286,523,523,0,0,observed,observed,L286=114.125/29.284 L522=101.292/40.010 L523=106.561/42.863 L525=80.305/58.332 L526=1.381/0.532
sp_vstab_off,16,187,1,23,23,261,260,0,-1,observed,observed,L23=110.189/29.081 L259=103.209/39.355 L260=87.644/40.906 L262=71.995/54.219 L263=1.398/0.526
sp_vstab_off,16,187,2,286,286,523,523,0,0,observed,observed,L286=113.611/29.761 L522=101.808/39.847 L523=96.631/44.694 L525=78.995/57.819 L526=1.375/0.503
sp_vstab_off,17,188,1,23,23,260,260,0,0,observed,observed,L23=112.891/28.358 L259=102.431/39.618 L260=88.095/38.919 L262=72.744/54.961 L263=1.386/0.493
sp_vstab_off,17,188,2,286,286,523,523,0,0,observed,observed,L286=113.294/29.552 L522=100.559/39.825 L523=105.905/45.249 L525=79.338/56.786 L526=1.356/0.501
sp_vstab_off,18,189,1,23,23,260,260,0,0,observed,observed,L23=112.456/29.726 L259=102.511/40.184 L260=93.541/42.747 L262=71.736/56.320 L263=1.378/0.494
sp_vstab_off,18,189,2,286,286,523,523,0,0,observed,observed,L286=117.084/29.457 L522=99.041/39.285 L523=112.889/45.577 L525=77.250/58.410 L526=1.391/0.507
sp_vstab_off,19,190,1,23,23,260,260,0,0,observed,observed,L23=109.261/29.093 L259=101.180/40.150 L260=89.611/40.273 L262=70.534/51.605 L263=1.392/0.495
sp_vstab_off,19,190,2,286,286,523,523,0,0,observed,observed,L286=114.408/28.955 L522=98.472/38.762 L523=108.058/45.776 L525=75.703/56.437 L526=1.391/0.519
sp_vstab_off,20,191,1,23,23,260,261,0,1,observed,observed,L23=110.777/29.816 L260=90.898/38.696 L261=75.945/55.119 L262=70.583/53.325 L263=1.392/0.498
sp_vstab_off,20,191,2,286,286,523,523,0,0,observed,observed,L286=117.405/27.875 L522=100.005/39.360 L523=106.223/46.245 L525=78.548/59.952 L526=1.381/0.532
sp_vstab_off,21,192,1,23,23,261,260,0,-1,observed,observed,L23=113.592/29.736 L259=100.237/39.471 L260=91.452/40.816 L262=71.259/55.096 L263=1.387/0.494
sp_vstab_off,21,192,2,286,286,523,523,0,0,observed,observed,L286=115.081/28.692 L522=97.597/39.309 L523=100.162/39.632 L525=74.208/57.171 L526=1.384/0.505
sp_vstab_off,22,193,1,23,23,260,261,0,1,observed,observed,L23=113.998/29.871 L260=90.573/39.658 L261=74.398/55.888 L262=71.141/52.300 L263=1.366/0.485
sp_vstab_off,22,193,2,286,286,523,523,0,0,observed,observed,L286=118.572/28.229 L522=97.064/38.425 L523=97.491/49.382 L525=75.675/56.397 L526=1.361/0.512
sp_vstab_off,23,194,1,23,23,261,260,0,-1,observed,observed,L23=116.828/28.756 L259=99.922/39.018 L260=90.167/38.856 L262=70.367/55.344 L263=1.359/0.489
sp_vstab_off,23,194,2,286,286,523,523,0,0,observed,observed,L286=115.992/28.090 L522=95.819/38.182 L523=97.930/41.148 L525=77.780/56.728 L526=1.364/0.513
sp_vstab_off,24,195,1,23,23,260,260,0,0,observed,observed,L23=114.734/29.897 L259=98.505/38.131 L260=88.898/38.138 L262=69.067/51.112 L263=1.373/0.490
sp_vstab_off,24,195,2,286,286,523,523,0,0,observed,observed,L286=117.955/28.557 L522=96.236/38.715 L523=95.409/41.875 L525=76.002/55.280 L526=1.370/0.502
sp_vstab_off,25,196,1,23,23,260,260,0,0,observed,observed,L23=117.509/29.629 L259=97.173/38.343 L260=90.375/40.648 L262=68.166/51.422 L263=1.381/0.489
sp_vstab_off,25,196,2,286,286,523,523,0,0,observed,observed,L286=117.852/28.015 L522=95.241/38.386 L523=96.481/40.355 L525=74.406/56.837 L526=1.394/0.520
sp_vstab_off,26,197,1,23,23,260,261,0,1,observed,observed,L23=115.963/29.964 L260=89.892/39.985 L261=73.025/56.321 L262=70.008/52.435 L263=1.355/0.498
sp_vstab_off,26,197,2,286,286,523,523,0,0,observed,observed,L286=119.069/27.982 L522=96.839/39.376 L523=97.734/39.237 L525=77.336/55.916 L526=1.398/0.553
sp_vstab_off,27,198,1,23,23,261,260,0,-1,observed,observed,L23=118.097/29.971 L259=97.123/38.366 L260=87.520/40.313 L262=68.823/52.347 L263=1.398/0.532
sp_vstab_off,27,198,2,286,286,523,523,0,0,observed,observed,L286=117.489/28.378 L522=93.987/39.404 L523=104.269/46.410 L525=74.172/55.980 L526=1.406/0.522
sp_vstab_off,28,199,1,23,23,260,260,0,0,observed,observed,L23=117.258/29.341 L259=96.155/39.093 L260=83.042/38.317 L262=67.316/53.358 L263=1.375/0.497
sp_vstab_off,28,199,2,286,286,523,523,0,0,observed,observed,L286=121.673/27.671 L522=94.819/39.259 L523=102.353/46.374 L525=73.414/56.259 L526=1.386/0.550
sp_vstab_off,29,200,1,23,23,260,260,0,0,observed,observed,L23=121.316/28.336 L259=97.064/39.463 L260=88.991/42.979 L262=70.475/54.791 L263=1.381/0.543
sp_vstab_off,29,200,2,286,286,523,523,0,0,observed,observed,L286=122.277/28.179 L522=94.389/37.832 L523=99.263/44.951 L525=74.953/53.631 L526=1.367/0.513
sp_vstab_off,30,201,1,23,23,260,260,0,0,observed,observed,L23=118.577/30.015 L259=95.369/38.881 L260=87.522/41.354 L262=68.758/52.492 L263=1.361/0.503
sp_vstab_off,30,201,2,286,286,523,523,0,0,observed,observed,L286=121.116/29.627 L522=93.255/40.315 L523=102.739/43.830 L525=73.983/53.930 L526=1.373/0.530
sp_vstab_off,31,202,1,23,23,260,260,0,0,observed,observed,L23=119.034/29.531 L259=95.416/39.007 L260=81.433/38.289 L262=66.973/51.968 L263=1.386/0.509
sp_vstab_off,31,202,2,286,286,523,523,0,0,observed,observed,L286=118.631/27.337 L522=92.544/38.966 L523=97.250/45.571 L525=73.945/53.905 L526=1.380/0.517
sp_vstab_off,32,203,1,23,23,260,260,0,0,observed,observed,L23=119.055/28.741 L259=94.573/38.860 L260=87.500/41.165 L262=67.905/53.424 L263=1.405/0.506
sp_vstab_off,32,203,2,286,286,523,523,0,0,observed,observed,L286=120.623/29.028 L522=95.009/39.091 L523=96.991/46.718 L525=74.431/54.120 L526=1.386/0.518
sp_vstab_off,33,204,1,23,23,260,260,0,0,observed,observed,L23=121.297/29.665 L259=97.509/39.530 L260=83.992/37.975 L262=69.842/52.169 L263=1.398/0.511
sp_vstab_off,33,204,2,286,286,523,523,0,0,observed,observed,L286=30.116/49.111 L522=93.302/39.411 L523=100.894/42.869 L525=73.261/53.993 L526=1.392/0.537
sp_vstab_off,34,205,1,23,23,260,260,0,0,observed,observed,L23=121.013/29.603 L259=94.748/39.125 L260=83.328/37.684 L262=69.194/52.947 L263=1.370/0.486
sp_vstab_off,34,205,2,286,286,523,523,0,0,observed,observed,L286=122.292/29.462 L522=95.703/39.390 L523=100.853/47.622 L525=74.389/54.816 L526=1.384/0.505
sp_vstab_off,35,206,1,23,23,260,260,0,0,observed,observed,L23=121.808/29.128 L259=93.455/39.677 L260=82.641/38.764 L262=67.150/51.117 L263=1.387/0.506
sp_vstab_off,35,206,2,286,286,523,523,0,0,observed,observed,L286=121.464/28.818 L522=93.220/39.860 L523=101.669/46.636 L525=73.892/53.170 L526=1.386/0.518
sp_vstab_off,36,207,1,23,23,260,260,0,0,observed,observed,L23=122.806/29.913 L259=94.827/38.642 L260=80.794/39.315 L262=68.053/52.820 L263=1.392/0.510
sp_vstab_off,36,207,2,286,286,523,523,0,0,observed,observed,L286=121.548/29.447 L522=93.673/39.288 L523=100.125/45.155 L525=73.925/54.225 L526=1.381/0.517
sp_vstab_off,37,208,1,23,23,260,260,0,0,observed,observed,L23=121.592/29.132 L259=94.156/38.505 L260=80.341/37.832 L262=67.873/52.749 L263=1.386/0.496
sp_vstab_off,37,208,2,286,286,523,523,0,0,observed,observed,L286=123.653/28.109 L522=94.131/39.659 L523=101.848/44.752 L525=75.073/55.433 L526=1.392/0.519
sp_vstab_off,38,209,1,23,23,260,260,0,0,observed,observed,L23=122.503/28.988 L259=93.027/39.218 L260=79.325/39.266 L262=67.917/52.336 L263=1.392/0.498
sp_vstab_off,38,209,2,286,286,523,523,0,0,observed,observed,L286=124.219/29.018 L522=94.256/39.476 L523=103.344/44.614 L525=74.461/54.230 L526=1.375/0.530
sp_vstab_off,39,210,1,23,23,260,260,0,0,observed,observed,L23=123.545/28.499 L259=93.066/38.526 L260=83.267/37.935 L262=66.713/51.157 L263=1.398/0.499
sp_vstab_off,39,210,2,286,286,523,523,0,0,observed,observed,L286=123.206/28.596 L522=94.000/40.101 L523=94.803/46.646 L525=73.192/54.698 L526=1.366/0.528
sp_vstab_off,40,211,1,23,23,260,260,0,0,observed,observed,L23=121.253/29.296 L259=93.605/39.216 L260=86.686/39.582 L262=68.381/53.592 L263=1.402/0.512
sp_vstab_off,40,211,2,286,286,523,523,0,0,observed,observed,L286=123.294/28.309 L522=94.011/39.135 L523=96.438/45.770 L525=73.516/54.467 L526=1.395/0.520
sp_vstab_off,41,212,1,23,23,260,260,0,0,observed,observed,L23=122.258/30.221 L259=94.567/38.786 L260=80.830/40.041 L262=66.688/52.178 L263=1.384/0.490
sp_vstab_off,41,212,2,286,286,523,523,0,0,observed,observed,L286=122.330/29.100 L522=92.925/38.412 L523=94.112/48.673 L525=74.108/53.732 L526=1.375/0.503
sp_vstab_off,42,213,1,23,23,260,260,0,0,observed,observed,L23=123.936/28.897 L259=94.222/38.980 L260=85.606/37.906 L262=67.766/52.350 L263=1.389/0.503
sp_vstab_off,42,213,2,286,286,523,523,0,0,observed,observed,L286=125.005/27.941 L522=92.166/39.517 L523=95.517/47.508 L525=71.811/54.946 L526=1.395/0.520
sp_vstab_off,43,214,1,23,23,260,260,0,0,observed,observed,L23=123.684/28.131 L259=94.497/38.303 L260=81.178/38.654 L262=68.777/52.977 L263=1.375/0.497
sp_vstab_off,43,214,2,286,286,523,523,0,0,observed,observed,L286=124.756/27.688 L522=91.938/39.406 L523=100.769/43.191 L525=73.086/54.129 L526=1.372/0.502
sp_vstab_off,44,215,1,23,23,260,260,0,0,observed,observed,L23=122.116/30.319 L259=93.162/39.108 L260=82.338/38.161 L262=66.870/51.778 L263=1.386/0.499
sp_vstab_off,44,215,2,286,286,523,523,0,0,observed,observed,L286=123.744/28.590 L522=92.914/39.084 L523=98.903/44.646 L525=72.553/52.940 L526=1.387/0.533
sp_vstab_off,45,216,1,23,23,260,260,0,0,observed,observed,L23=122.139/29.148 L259=93.445/38.648 L260=83.123/38.503 L262=66.809/51.292 L263=1.378/0.498
sp_vstab_off,45,216,2,286,286,523,523,0,0,observed,observed,L286=124.283/29.370 L522=90.722/39.491 L523=97.591/43.984 L525=71.692/52.748 L526=1.406/0.537
sp_vstab_off,46,217,1,23,23,260,260,0,0,observed,observed,L23=123.561/29.263 L259=92.561/39.765 L260=79.450/39.196 L262=67.208/50.772 L263=1.392/0.498
sp_vstab_off,46,217,2,286,286,523,523,0,0,observed,observed,L286=123.234/29.739 L522=90.844/39.385 L523=97.841/44.900 L525=70.497/53.897 L526=1.369/0.502
sp_vstab_off,47,218,1,23,23,260,260,0,0,observed,observed,L23=122.250/29.679 L259=94.094/38.261 L260=85.177/38.757 L262=67.686/51.851 L263=1.381/0.489
sp_vstab_off,47,218,2,286,286,523,523,0,0,observed,observed,L286=122.386/29.769 L522=93.845/38.571 L523=90.570/42.414 L525=72.181/54.802 L526=1.363/0.500
sp_vstab_off,48,219,1,23,23,260,260,0,0,observed,observed,L23=122.172/27.995 L259=93.728/39.675 L260=83.720/39.466 L262=69.323/51.065 L263=1.394/0.492
sp_vstab_off,48,219,2,286,286,523,523,0,0,observed,observed,L286=124.608/27.983 L522=94.122/38.534 L523=87.164/39.804 L525=71.109/55.514 L526=1.380/0.517
sp_vstab_off,49,220,1,23,23,260,261,0,1,observed,observed,L23=105.906/30.909 L260=80.548/35.639 L261=60.536/46.135 L262=60.150/45.723 L263=1.366/0.494
sp_vstab_off,49,220,2,286,286,523,523,0,0,observed,observed,L286=105.359/31.362 L522=83.803/35.270 L523=75.289/30.663 L525=64.130/44.959 L526=1.370/0.502
sp_vstab_off,50,221,1,23,23,261,261,0,0,observed,observed,L23=104.747/31.457 L260=81.792/35.536 L261=58.073/44.382 L262=58.786/45.154 L263=1.367/0.492
sp_vstab_off,50,221,2,286,286,523,523,0,0,observed,observed,L286=108.242/31.420 L522=84.348/35.689 L523=69.677/30.740 L525=61.625/45.390 L526=1.370/0.529
sp_vstab_off,51,222,1,23,23,261,261,0,0,observed,observed,L23=104.047/31.132 L260=81.963/35.471 L261=59.942/44.797 L262=57.373/44.829 L263=1.389/0.497
sp_vstab_off,51,222,2,286,286,523,523,0,0,observed,observed,L286=106.322/30.858 L522=81.952/34.583 L523=66.647/31.209 L525=60.648/44.161 L526=1.372/0.518
sp_vstab_off,52,223,1,23,23,261,261,0,0,observed,observed,L23=103.966/30.825 L260=80.658/34.553 L261=60.817/47.160 L262=58.053/45.037 L263=1.394/0.510
sp_vstab_off,52,223,2,286,286,523,523,0,0,observed,observed,L286=107.222/31.445 L522=82.506/34.978 L523=66.455/30.859 L525=60.798/44.398 L526=1.364/0.531
sp_vstab_off,53,224,1,23,23,261,261,0,0,observed,observed,L23=103.267/29.658 L260=80.795/35.009 L261=60.759/45.749 L262=57.994/44.654 L263=1.367/0.492
sp_vstab_off,53,224,2,286,286,523,523,0,0,observed,observed,L286=106.603/31.875 L522=80.914/35.252 L523=68.581/30.250 L525=58.350/43.827 L526=1.397/0.508
sp_vstab_off,54,225,1,23,23,261,261,0,0,observed,observed,L23=102.422/31.865 L260=79.678/34.618 L261=59.150/45.460 L262=58.017/45.416 L263=1.381/0.495
sp_vstab_off,54,225,2,286,286,523,523,0,0,observed,observed,L286=104.223/31.937 L522=81.342/35.474 L523=66.344/31.016 L525=58.809/44.985 L526=1.394/0.520
sp_vstab_off,55,226,1,23,23,261,261,0,0,observed,observed,L23=105.717/31.022 L260=79.286/35.464 L261=58.328/45.381 L262=56.483/46.048 L263=1.406/0.510
sp_vstab_off,55,226,2,286,286,523,523,0,0,observed,observed,L286=107.145/31.134 L522=80.356/35.204 L523=64.794/29.898 L525=56.047/43.951 L526=1.384/0.505
sp_vstab_off,56,227,1,23,23,261,261,0,0,observed,observed,L23=105.117/31.087 L260=80.147/35.593 L261=57.931/45.185 L262=54.291/43.617 L263=1.391/0.537
sp_vstab_off,56,227,2,286,286,523,523,0,0,observed,observed,L286=106.272/31.947 L522=81.959/36.112 L523=66.942/30.607 L525=56.255/43.592 L526=1.403/0.521
sp_vstab_off,57,228,1,23,23,261,261,0,0,observed,observed,L23=105.609/32.304 L260=80.131/35.572 L261=59.022/45.764 L262=54.745/44.976 L263=1.400/0.515
sp_vstab_off,57,228,2,286,286,523,523,0,0,observed,observed,L286=107.591/30.584 L522=80.583/35.923 L523=66.513/31.108 L525=58.747/45.743 L526=1.398/0.521
sp_vstab_off,58,229,1,23,23,261,261,0,0,observed,observed,L23=107.925/30.885 L260=78.478/36.069 L261=54.041/44.279 L262=55.184/44.768 L263=1.375/0.515
sp_vstab_off,58,229,2,286,286,523,523,0,0,observed,observed,L286=109.647/30.891 L522=80.409/36.025 L523=65.806/32.038 L525=60.364/45.857 L526=1.402/0.521
sp_vstab_off,59,230,1,23,23,261,261,0,0,observed,observed,L23=107.131/31.063 L260=77.188/35.741 L261=54.061/44.979 L262=55.498/46.305 L263=1.370/0.517
sp_vstab_off,59,230,2,286,286,523,523,0,0,observed,observed,L286=109.278/31.013 L522=76.514/36.423 L523=61.764/32.046 L525=58.917/44.462 L526=1.394/0.520
sp_vstab_off,60,231,1,23,23,261,261,0,0,observed,observed,L23=109.245/30.797 L260=75.628/37.519 L261=56.808/45.909 L262=60.306/45.799 L263=1.381/0.489
sp_vstab_off,60,231,2,286,286,523,523,0,0,observed,observed,L286=108.002/32.183 L522=78.350/36.636 L523=69.873/34.125 L525=60.722/46.870 L526=1.378/0.531
sp_vstab_off,61,232,1,23,23,261,261,0,0,observed,observed,L23=109.714/30.215 L260=74.633/36.456 L261=57.259/44.411 L262=58.869/46.188 L263=1.387/0.506
sp_vstab_off,61,232,2,286,286,523,523,0,0,observed,observed,L286=36.066/55.925 L522=75.266/37.326 L523=71.278/31.561 L525=64.263/45.714 L526=1.366/0.513
sp_vstab_off,62,233,1,23,23,261,261,0,0,observed,observed,L23=109.055/31.426 L260=74.567/37.783 L261=57.195/45.635 L262=58.847/46.850 L263=1.383/0.496
sp_vstab_off,62,233,2,286,286,523,523,0,0,observed,observed,L286=110.097/31.789 L522=79.034/38.228 L523=76.167/30.087 L525=64.047/48.384 L526=1.389/0.519
sp_vstab_off,63,234,1,23,23,261,260,0,-1,observed,observed,L23=108.322/30.659 L259=78.433/37.497 L260=77.048/36.296 L262=60.389/46.849 L263=1.375/0.494
sp_vstab_off,63,234,2,286,286,523,523,0,0,observed,observed,L286=36.816/56.684 L522=78.147/37.685 L523=78.153/31.988 L525=62.867/47.181 L526=1.369/0.514
sp_vstab_off,64,235,1,23,23,260,260,0,0,observed,observed,L23=109.527/31.415 L259=76.606/36.060 L260=76.727/36.833 L262=59.414/47.005 L263=1.381/0.498
sp_vstab_off,64,235,2,286,286,523,523,0,0,observed,observed,L286=35.959/56.300 L522=81.006/37.833 L523=78.414/31.046 L525=65.409/47.533 L526=1.373/0.515
sp_vstab_off,65,236,1,23,23,260,261,0,1,observed,observed,L23=108.048/31.309 L260=77.614/36.695 L261=59.630/46.179 L262=60.639/47.938 L263=1.408/0.522
sp_vstab_off,65,236,2,286,287,523,524,1,1,observed,censored,L287=108.466/31.482 L523=79.636/37.032 L524=78.456/30.877 L525=58.536/43.605 L526=1.377/0.504
sp_vstab_off,66,237,1,23,23,261,260,0,-1,observed,observed,L23=108.044/30.362 L259=77.030/35.780 L260=77.233/37.302 L262=61.062/46.524 L263=1.398/0.508
sp_vstab_off,66,237,2,287,286,524,523,-1,-1,censored,observed,L286=37.094/56.771 L522=80.577/38.030 L523=79.789/31.984 L525=63.325/47.208 L526=1.397/0.520
sp_vstab_off,67,238,1,23,23,260,260,0,0,observed,observed,L23=111.272/31.256 L259=80.133/37.494 L260=79.388/38.769 L262=60.359/46.629 L263=1.370/0.489
sp_vstab_off,67,238,2,286,286,523,523,0,0,observed,observed,L286=36.400/54.870 L522=80.798/37.085 L523=86.253/40.494 L525=66.994/47.992 L526=1.392/0.537
sp_vstab_off,68,239,1,23,23,260,261,0,1,observed,observed,L23=109.372/30.328 L260=80.573/38.790 L261=59.513/46.434 L262=61.486/46.289 L263=1.380/0.540
sp_vstab_off,68,239,2,286,287,523,524,1,1,observed,censored,L287=109.189/32.413 L523=83.959/38.326 L524=81.123/33.652 L525=63.117/45.258 L526=1.372/0.515
sp_vstab_off,69,240,1,23,23,261,260,0,-1,observed,observed,L23=110.787/31.065 L259=81.227/38.258 L260=77.673/36.470 L262=61.628/47.282 L263=1.386/0.490
sp_vstab_off,69,240,2,287,286,524,523,-1,-1,censored,observed,L286=110.145/32.005 L522=82.050/37.247 L523=84.902/33.311 L525=64.658/46.630 L526=1.395/0.535
sp_vstab_off,70,241,1,23,23,260,260,0,0,observed,observed,L23=109.094/31.265 L259=83.136/35.703 L260=78.745/35.515 L262=64.134/48.849 L263=1.391/0.504
sp_vstab_off,70,241,2,286,286,523,523,0,0,observed,observed,L286=111.411/32.098 L522=83.748/37.740 L523=85.517/34.244 L525=68.912/49.037 L526=1.381/0.532
sp_vstab_off,71,242,1,23,23,260,261,0,1,observed,observed,L23=110.894/32.292 L260=78.287/35.453 L261=64.395/48.059 L262=63.827/50.079 L263=1.383/0.489
sp_vstab_off,71,242,2,286,286,523,523,0,0,observed,observed,L286=36.800/55.985 L522=86.025/36.958 L523=87.627/35.350 L525=66.658/47.478 L526=1.380/0.517
sp_vstab_off,72,243,1,23,23,261,260,0,-1,observed,observed,L23=109.622/31.508 L259=83.683/36.879 L260=82.312/40.661 L262=64.505/48.947 L263=1.358/0.489
sp_vstab_off,72,243,2,286,286,523,523,0,0,observed,observed,L286=37.167/57.280 L522=85.658/37.516 L523=87.348/33.419 L525=67.089/47.631 L526=1.383/0.517
sp_vstab_off,73,244,1,23,23,260,261,0,1,observed,observed,L23=111.384/31.799 L260=81.502/36.299 L261=62.858/48.429 L262=63.441/48.828 L263=1.367/0.504
sp_vstab_off,73,244,2,286,287,523,524,1,1,observed,censored,L287=106.434/31.693 L523=81.536/35.902 L524=73.559/31.165 L525=62.688/44.918 L526=1.381/0.520
sp_vstab_off,74,245,1,23,23,261,261,0,0,observed,observed,L23=105.492/30.365 L260=81.339/36.240 L261=69.589/32.631 L262=62.119/47.999 L263=1.383/0.499
sp_vstab_off,74,245,2,287,286,524,524,-1,0,censored,observed,L286=34.388/53.863 L523=84.091/36.430 L524=61.769/43.077 L525=66.111/46.492 L526=1.394/0.520
sp_vstab_off,75,246,1,23,23,261,261,0,0,observed,observed,L23=107.981/31.681 L260=83.002/36.071 L261=79.509/30.886 L262=64.025/48.552 L263=1.378/0.507
sp_vstab_off,75,246,2,286,286,524,523,0,-1,observed,observed,L286=36.895/56.194 L522=83.930/36.825 L523=79.470/28.752 L525=66.152/45.420 L526=1.386/0.518
sp_vstab_off,76,247,1,23,23,261,261,0,0,observed,observed,L23=107.889/30.874 L260=84.378/36.077 L261=64.388/44.959 L262=64.442/48.125 L263=1.361/0.487
sp_vstab_off,76,247,2,286,287,523,524,1,1,observed,censored,L287=108.452/31.996 L523=83.886/36.996 L524=76.600/31.438 L525=61.633/43.445 L526=1.372/0.518
sp_vstab_off,77,248,1,23,23,261,261,0,0,observed,observed,L23=108.216/31.785 L260=84.405/36.456 L261=62.109/45.818 L262=64.308/49.339 L263=1.363/0.503
sp_vstab_off,77,248,2,287,286,524,523,-1,-1,censored,observed,L286=108.031/31.650 L522=85.470/37.613 L523=71.569/34.367 L525=67.986/48.390 L526=1.375/0.503
sp_vstab_off,78,249,1,23,23,261,261,0,0,observed,observed,L23=106.517/31.527 L260=84.780/36.374 L261=63.422/48.552 L262=63.475/49.276 L263=1.380/0.492
sp_vstab_off,78,249,2,286,286,523,523,0,0,observed,observed,L286=108.841/31.924 L522=86.906/35.948 L523=72.583/34.132 L525=66.294/47.318 L526=1.380/0.531
sp_vstab_off,79,250,1,23,23,261,261,0,0,observed,observed,L23=109.516/30.716 L260=82.511/36.754 L261=63.208/49.202 L262=64.709/49.150 L263=1.377/0.500
sp_vstab_off,79,250,2,286,286,523,523,0,0,observed,observed,L286=109.195/31.304 L522=87.109/37.665 L523=73.797/30.492 L525=66.416/47.140 L526=1.378/0.504
sp_vstab_off,80,251,1,23,23,261,261,0,0,observed,observed,L23=108.406/31.318 L260=86.194/35.837 L261=60.819/47.185 L262=63.337/47.858 L263=1.378/0.507
sp_vstab_off,80,251,2,286,286,523,523,0,0,observed,observed,L286=107.181/32.280 L522=85.545/36.861 L523=71.441/33.450 L525=66.862/48.523 L526=1.370/0.529
sp_vstab_off,81,252,1,23,23,261,261,0,0,observed,observed,L23=106.409/31.444 L260=85.858/37.075 L261=63.589/47.880 L262=63.938/48.399 L263=1.373/0.506
sp_vstab_off,81,252,2,286,286,523,523,0,0,observed,observed,L286=109.164/31.378 L522=86.073/37.012 L523=83.156/31.176 L525=68.381/47.858 L526=1.378/0.504
sp_vstab_off,82,253,1,23,23,261,261,0,0,observed,observed,L23=107.745/30.101 L260=85.338/36.662 L261=64.848/50.245 L262=64.533/49.467 L263=1.389/0.500
sp_vstab_off,82,253,2,286,286,523,523,0,0,observed,observed,L286=108.552/31.302 L522=88.722/36.744 L523=86.403/36.587 L525=65.944/46.676 L526=1.391/0.507
sp_vstab_off,83,254,1,23,23,261,260,0,-1,observed,observed,L23=108.905/30.867 L259=86.731/36.874 L260=84.838/39.795 L262=63.048/46.771 L263=1.369/0.514
sp_vstab_off,83,254,2,286,286,523,523,0,0,observed,observed,L286=106.505/32.402 L522=86.881/37.681 L523=87.005/32.687 L525=68.480/47.831 L526=1.389/0.519
sp_vstab_off,84,255,1,23,23,260,261,0,1,observed,observed,L23=108.014/31.008 L260=83.828/35.687 L261=63.792/49.702 L262=64.495/48.441 L263=1.386/0.499
sp_vstab_off,84,255,2,286,286,523,523,0,0,observed,observed,L286=109.064/32.495 L522=90.498/36.476 L523=90.787/35.671 L525=66.797/47.368 L526=1.378/0.504
sp_vstab_off,85,256,1,23,23,261,260,0,-1,observed,observed,L23=109.120/31.409 L259=86.753/35.899 L260=78.970/34.625 L262=64.694/47.228 L263=1.389/0.500
sp_vstab_off,85,256,2,286,286,523,523,0,0,observed,observed,L286=109.758/31.234 L522=87.217/37.461 L523=92.438/32.814 L525=69.287/49.355 L526=1.383/0.517
sp_vstab_off,86,257,1,23,23,260,260,0,0,observed,observed,L23=108.241/30.048 L259=85.108/37.462 L260=75.870/29.826 L262=65.984/49.217 L263=1.394/0.498
sp_vstab_off,86,257,2,286,286,523,523,0,0,observed,observed,L286=36.353/55.660 L522=91.950/36.473 L523=74.330/43.676 L525=68.827/49.490 L526=1.381/0.517
sp_vstab_off,87,258,1,23,23,260,260,0,0,observed,observed,L23=109.867/31.243 L259=86.706/35.803 L260=69.058/33.700 L262=66.100/49.039 L263=1.416/0.541
sp_vstab_off,87,258,2,286,286,523,523,0,0,observed,observed,L286=36.500/56.478 L522=88.286/37.536 L523=66.608/44.806 L525=70.483/48.361 L526=1.372/0.533
sp_vstab_off,88,259,1,23,23,260,260,0,0,observed,observed,L23=106.920/31.603 L259=86.194/37.167 L260=76.719/34.300 L262=65.031/48.777 L263=1.395/0.498
sp_vstab_off,88,259,2,286,286,523,524,0,1,observed,observed,L286=16.102/30.313 L523=91.647/37.265 L524=63.097/43.415 L525=63.773/44.369 L526=1.384/0.532
sp_vstab_off,89,260,1,23,23,260,260,0,0,observed,observed,L23=107.823/31.627 L259=87.578/35.929 L260=67.047/34.056 L262=65.605/47.301 L263=1.392/0.516
sp_vstab_off,89,260,2,286,287,524,524,1,0,observed,censored,L287=109.197/32.712 L523=89.747/37.566 L524=63.605/43.775 L525=66.987/45.650 L526=1.373/0.530
sp_vstab_off,90,261,1,23,23,260,260,0,0,observed,observed,L23=108.128/30.877 L259=87.287/37.721 L260=70.350/33.505 L262=66.233/48.756 L263=1.380/0.495
sp_vstab_off,90,261,2,287,286,524,523,-1,-1,censored,observed,L286=107.583/31.822 L522=92.256/37.031 L523=65.822/46.966 L525=70.394/49.457 L526=1.384/0.532
sp_vstab_off,91,262,1,23,23,260,260,0,0,observed,observed,L23=109.088/31.340 L259=88.517/36.636 L260=73.900/33.533 L262=65.939/49.189 L263=1.364/0.503
sp_vstab_off,91,262,2,286,286,523,523,0,0,observed,observed,L286=110.923/31.542 L522=89.803/37.601 L523=64.806/45.021 L525=71.114/48.971 L526=1.380/0.517
sp_vstab_off,92,263,1,23,23,260,260,0,0,observed,observed,L23=109.380/30.668 L259=88.830/37.023 L260=74.317/31.861 L262=66.464/50.380 L263=1.381/0.498
sp_vstab_off,92,263,2,286,286,523,523,0,0,observed,observed,L286=37.858/56.540 L522=90.145/37.284 L523=66.692/45.375 L525=69.086/48.518 L526=1.372/0.515
sp_vstab_off,93,264,1,23,23,260,260,0,0,observed,observed,L23=108.264/31.914 L259=88.470/36.062 L260=74.975/34.485 L262=65.595/48.444 L263=1.383/0.508
sp_vstab_off,93,264,2,286,286,523,523,0,0,observed,observed,L286=107.463/32.629 L522=90.577/37.745 L523=64.127/45.593 L525=70.237/48.444 L526=1.402/0.521
sp_vstab_off,94,265,1,23,23,260,260,0,0,observed,observed,L23=108.819/31.780 L259=87.617/37.220 L260=74.516/34.365 L262=68.500/50.886 L263=1.406/0.504
sp_vstab_off,94,265,2,286,286,523,523,0,0,observed,observed,L286=37.069/56.584 L522=91.122/37.385 L523=66.773/46.653 L525=71.309/48.982 L526=1.377/0.516
sp_vstab_off,95,266,1,23,23,260,260,0,0,observed,observed,L23=111.477/31.025 L259=90.377/36.365 L260=74.633/32.940 L262=65.308/49.916 L263=1.383/0.517
sp_vstab_off,95,266,2,286,286,523,523,0,0,observed,observed,L286=108.514/32.575 L522=91.206/38.277 L523=65.117/45.269 L525=71.880/49.555 L526=1.384/0.518
sp_vstab_off,96,267,1,23,23,260,260,0,0,observed,observed,L23=108.269/32.591 L259=89.236/37.019 L260=72.391/32.026 L262=68.275/50.158 L263=1.366/0.485
sp_vstab_off,96,267,2,286,286,523,523,0,0,observed,observed,L286=37.250/56.454 L522=92.362/37.965 L523=66.478/44.411 L525=70.552/49.043 L526=1.397/0.520
sp_vstab_off,97,268,1,23,23,260,260,0,0,observed,observed,L23=108.458/31.903 L259=88.667/37.135 L260=71.117/31.455 L262=66.114/49.597 L263=1.378/0.494
sp_vstab_off,97,268,2,286,286,523,523,0,0,observed,observed,L286=37.464/55.565 L522=91.495/37.258 L523=67.589/43.838 L525=71.619/49.692 L526=1.375/0.530
sp_vstab_off,98,269,1,23,23,260,260,0,0,observed,observed,L23=109.169/32.238 L259=90.903/38.029 L260=73.806/31.863 L262=69.042/50.443 L263=1.398/0.508
sp_vstab_off,98,269,2,286,286,523,524,0,1,observed,observed,L286=17.367/31.565 L523=93.103/38.108 L524=71.497/45.952 L525=67.544/47.443 L526=1.389/0.519
sp_vstab_off,99,270,1,23,23,260,260,0,0,observed,observed,L23=109.572/31.391 L259=91.586/37.450 L260=74.434/32.958 L262=68.339/51.783 L263=1.397/0.502
sp_vstab_off,99,270,2,286,286,524,524,0,0,observed,observed,L286=17.119/31.440 L523=91.794/37.693 L524=72.006/45.880 L525=67.658/45.420 L526=1.378/0.531
sp_vstab_off,100,271,1,23,23,260,260,0,0,observed,observed,L23=110.011/31.781 L259=93.903/37.073 L260=81.277/33.199 L262=70.141/50.752 L263=1.389/0.500
sp_vstab_off,100,271,2,286,286,524,524,0,0,observed,observed,L286=19.169/32.003 L523=92.972/37.206 L524=77.122/45.385 L525=67.595/45.443 L526=1.370/0.502
sp_vstab_off,101,272,1,23,23,260,260,0,0,observed,observed,L23=110.664/31.456 L259=92.808/36.986 L260=81.272/29.720 L262=70.111/51.779 L263=1.387/0.494
sp_vstab_off,101,272,2,286,286,524,524,0,0,observed,observed,L286=17.069/30.858 L523=93.619/37.893 L524=80.102/43.251 L525=67.459/47.863 L526=1.428/0.540
sp_vstab_off,102,273,1,23,23,260,260,0,0,observed,observed,L23=111.447/31.250 L259=92.817/36.802 L260=79.169/29.815 L262=70.219/49.812 L263=1.398/0.502
sp_vstab_off,102,273,2,286,287,524,524,1,0,observed,censored,L287=111.537/31.946 L523=92.906/37.347 L524=81.077/45.478 L525=68.342/46.289 L526=1.394/0.520
sp_vstab_off,103,274,1,23,23,260,260,0,0,observed,observed,L23=110.516/31.452 L259=92.308/37.192 L260=81.570/31.286 L262=69.580/50.571 L263=1.380/0.495
sp_vstab_off,103,274,2,287,286,524,523,-1,-1,censored,observed,L286=36.833/56.823 L522=93.244/37.088 L523=83.009/41.186 L525=73.537/50.980 L526=1.391/0.522
sp_vstab_off,104,275,1,23,23,260,260,0,0,observed,observed,L23=111.341/31.533 L259=93.197/36.656 L260=79.042/29.846 L262=69.645/48.767 L263=1.378/0.488
sp_vstab_off,104,275,2,286,286,523,523,0,0,observed,observed,L286=113.464/32.036 L522=92.705/37.433 L523=79.589/42.490 L525=69.455/49.640 L526=1.392/0.519
sp_vstab_off,105,276,1,23,23,260,260,0,0,observed,observed,L23=110.844/31.316 L259=92.706/37.353 L260=83.816/32.662 L262=69.791/51.885 L263=1.372/0.496
sp_vstab_off,105,276,2,286,286,523,523,0,0,observed,observed,L286=36.986/57.657 L522=95.611/37.156 L523=81.844/43.933 L525=72.987/51.859 L526=1.386/0.518
sp_vstab_off,106,277,1,23,23,260,260,0,0,observed,observed,L23=110.027/31.504 L259=91.408/37.262 L260=80.241/30.685 L262=71.848/50.896 L263=1.366/0.510
sp_vstab_off,106,277,2,286,286,523,523,0,0,observed,observed,L286=37.734/57.693 L522=93.680/38.348 L523=80.366/44.101 L525=72.480/50.883 L526=1.370/0.502
sp_vstab_off,107,278,1,23,23,260,260,0,0,observed,observed,L23=110.589/31.229 L259=94.169/37.053 L260=83.136/30.545 L262=69.359/50.901 L263=1.373/0.500
sp_vstab_off,107,278,2,286,286,523,524,0,1,observed,observed,L286=16.644/31.159 L523=93.559/37.279 L524=82.561/42.161 L525=67.827/46.600 L526=1.367/0.513
sp_vstab_off,108,279,1,23,23,260,260,0,0,observed,observed,L23=111.609/31.175 L259=93.114/37.141 L260=76.022/31.970 L262=71.222/52.186 L263=1.373/0.496
sp_vstab_off,108,279,2,286,286,524,524,0,0,observed,observed,L286=17.398/31.271 L523=92.792/38.920 L524=83.878/39.888 L525=67.697/46.321 L526=1.373/0.515
sp_vstab_off,109,280,1,23,23,260,260,0,0,observed,observed,L23=107.534/30.447 L259=94.047/37.407 L260=76.528/31.313 L262=70.466/51.890 L263=1.389/0.516
sp_vstab_off,109,280,2,286,286,524,524,0,0,observed,observed,L286=16.097/31.027 L523=91.923/36.496 L524=85.073/40.350 L525=67.272/46.114 L526=1.387/0.518
sp_vstab_off,110,281,1,23,23,260,260,0,0,observed,observed,L23=107.662/30.777 L259=93.247/36.893 L260=81.203/31.939 L262=71.723/51.264 L263=1.387/0.490
sp_vstab_off,110,281,2,286,286,524,524,0,0,observed,observed,L286=11.191/22.468 L523=91.941/37.660 L524=82.666/43.371 L525=69.817/47.306 L526=1.364/0.513
sp_vstab_off,111,282,1,23,23,260,260,0,0,observed,observed,L23=110.320/30.538 L259=93.388/36.894 L260=82.202/29.315 L262=69.364/51.180 L263=1.395/0.526
sp_vstab_off,111,282,2,286,286,524,524,0,0,observed,observed,L286=43.542/52.942 L523=92.072/37.129 L524=88.294/36.295 L525=66.905/46.286 L526=1.384/0.518
sp_vstab_off,112,283,1,23,23,260,260,0,0,observed,observed,L23=107.252/30.709 L259=93.566/36.721 L260=84.584/34.068 L262=70.205/51.086 L263=1.375/0.494
sp_vstab_off,112,283,2,286,287,524,524,1,0,observed,censored,L287=112.064/32.396 L523=93.194/37.426 L524=89.716/36.653 L525=68.659/46.607 L526=1.359/0.511
sp_vstab_off,113,284,1,23,23,260,260,0,0,observed,observed,L23=110.970/31.528 L259=93.714/37.034 L260=81.811/33.868 L262=70.537/51.620 L263=1.395/0.511
sp_vstab_off,113,284,2,287,286,524,523,-1,-1,censored,observed,L286=37.767/57.619 L522=97.544/36.784 L523=99.008/37.159 L525=73.356/51.560 L526=1.378/0.516
sp_vstab_off,114,285,1,23,23,260,260,0,0,observed,observed,L23=110.933/31.231 L259=93.923/37.202 L260=90.361/40.933 L262=73.138/52.652 L263=1.387/0.509
sp_vstab_off,114,285,2,286,286,523,523,0,0,observed,observed,L286=115.358/32.015 L522=97.805/39.226 L523=94.825/38.970 L525=75.172/51.198 L526=1.380/0.504
sp_vstab_off,115,286,1,23,23,260,260,0,0,observed,observed,L23=113.148/31.269 L259=96.438/38.537 L260=87.338/34.207 L262=72.158/52.628 L263=1.402/0.497
sp_vstab_off,115,286,2,286,286,523,523,0,0,observed,observed,L286=113.200/32.923 L522=96.314/37.805 L523=101.303/36.710 L525=76.647/52.098 L526=1.381/0.505
sp_vstab_off,116,287,1,23,23,260,260,0,0,observed,observed,L23=112.105/31.940 L259=96.631/37.400 L260=88.025/36.789 L262=72.336/51.864 L263=1.392/0.507
sp_vstab_off,116,287,2,286,286,523,523,0,0,observed,observed,L286=113.669/32.256 L522=95.066/39.579 L523=96.495/37.447 L525=74.148/50.897 L526=1.369/0.514
sp_vstab_off,117,288,1,23,23,260,260,0,0,observed,observed,L23=113.252/31.985 L259=95.920/39.450 L260=86.903/39.037 L262=72.161/51.703 L263=1.391/0.501
sp_vstab_off,117,288,2,286,286,523,523,0,0,observed,observed,L286=37.697/58.340 L522=96.378/38.615 L523=96.386/39.831 L525=73.373/50.875 L526=1.372/0.502
sp_vstab_off,118,289,1,23,23,260,260,0,0,observed,observed,L23=111.203/31.829 L259=95.791/38.153 L260=88.936/36.511 L262=74.280/52.338 L263=1.395/0.508
sp_vstab_off,118,289,2,286,286,523,523,0,0,observed,observed,L286=38.333/58.380 L522=94.945/36.928 L523=93.883/30.721 L525=75.447/49.066 L526=1.386/0.506
sp_vstab_off,119,290,1,23,23,260,261,0,1,observed,observed,L23=114.208/31.478 L260=87.164/31.273 L261=71.800/49.698 L262=71.786/50.115 L263=1.353/0.513
sp_vstab_off,119,290,2,286,287,523,524,1,1,observed,censored,L287=111.681/31.957 L523=93.939/35.849 L524=93.456/31.941 L525=68.333/44.199 L526=1.395/0.520
sp_vstab_off,120,291,1,23,23,261,260,0,-1,observed,observed,L23=111.761/30.715 L259=94.416/36.108 L260=85.980/33.759 L262=70.569/50.226 L263=1.397/0.502
sp_vstab_off,120,291,2,287,286,524,523,-1,-1,censored,observed,L286=38.003/58.667 L522=95.442/36.440 L523=93.870/30.280 L525=72.984/48.775 L526=1.383/0.517
sp_vstab_off,121,292,1,23,23,260,260,0,0,observed,observed,L23=113.358/31.640 L259=91.398/36.751 L260=84.616/35.266 L262=70.316/50.123 L263=1.394/0.510
sp_vstab_off,121,292,2,286,286,523,523,0,0,observed,observed,L286=34.784/56.498 L522=94.261/37.177 L523=102.070/34.394 L525=76.906/49.411 L526=1.400/0.509
sp_vstab_off,122,293,1,23,23,260,261,0,1,observed,observed,L23=114.741/31.688 L260=86.758/32.957 L261=67.259/49.071 L262=69.094/49.517 L263=1.397/0.508
sp_vstab_off,122,293,2,286,287,523,524,1,1,observed,censored,L287=114.792/31.350 L523=93.400/37.554 L524=97.670/39.589 L525=68.223/43.648 L526=1.378/0.519
sp_vstab_off,123,294,1,23,23,261,260,0,-1,observed,observed,L23=112.694/30.898 L259=93.522/36.431 L260=90.800/38.146 L262=70.667/50.438 L263=1.366/0.510
sp_vstab_off,123,294,2,287,286,524,523,-1,-1,censored,observed,L286=112.561/31.892 L522=97.125/38.402 L523=100.016/35.238 L525=75.438/52.894 L526=1.408/0.522
sp_vstab_off,124,295,1,23,23,260,260,0,0,observed,observed,L23=112.277/30.940 L259=97.880/37.440 L260=93.188/35.583 L262=72.116/52.608 L263=1.359/0.493
sp_vstab_off,124,295,2,286,286,523,523,0,0,observed,observed,L286=37.814/57.237 L522=96.958/38.268 L523=98.606/34.653 L525=76.128/51.708 L526=1.366/0.513
sp_vstab_off,125,296,1,23,23,260,260,0,0,observed,observed,L23=113.389/31.447 L259=97.155/38.792 L260=91.320/37.384 L262=73.848/52.416 L263=1.372/0.490
sp_vstab_off,125,296,2,286,286,523,523,0,0,observed,observed,L286=37.275/58.278 L522=95.525/38.762 L523=99.439/35.765 L525=77.728/52.991 L526=1.391/0.534
sp_vstab_off,126,297,1,23,23,260,260,0,0,observed,observed,L23=109.917/31.554 L259=96.952/37.298 L260=91.350/36.364 L262=72.158/52.970 L263=1.394/0.507
sp_vstab_off,126,297,2,286,286,523,524,0,1,observed,observed,L286=16.428/30.418 L523=95.755/37.634 L524=96.931/36.001 L525=70.778/49.230 L526=1.370/0.502
sp_vstab_off,127,298,1,23,23,260,260,0,0,observed,observed,L23=110.838/31.215 L259=99.564/38.660 L260=90.386/36.533 L262=73.970/52.925 L263=1.369/0.495
sp_vstab_off,127,298,2,286,286,524,524,0,0,observed,observed,L286=16.747/31.080 L523=95.066/38.160 L524=97.116/34.522 L525=70.188/48.497 L526=1.389/0.519
sp_vstab_off,128,299,1,23,23,260,260,0,0,observed,observed,L23=110.994/31.668 L259=96.764/37.676 L260=90.877/35.000 L262=71.022/52.024 L263=1.381/0.495
sp_vstab_off,128,299,2,286,286,524,524,0,0,observed,observed,L286=18.131/31.477 L523=98.373/39.306 L524=95.812/38.762 L525=69.720/49.371 L526=1.392/0.551
sp_vstab_off,129,300,1,23,23,260,260,0,0,observed,observed,L23=167.019/11.676 L259=107.759/49.263 L260=97.189/49.705 L262=72.655/57.037 L263=1.384/0.499
sp_vstab_off,129,300,2,286,286,524,524,0,0,observed,observed,L286=18.116/30.747 L523=105.289/49.485 L524=80.111/38.979 L525=72.416/54.508 L526=1.391/0.519
sp_vstab_off,130,301,1,23,23,260,260,0,0,observed,observed,L23=165.273/11.644 L259=107.875/49.411 L260=98.514/45.647 L262=71.148/57.065 L263=1.377/0.491
sp_vstab_off,130,301,2,286,286,524,524,0,0,observed,observed,L286=16.641/30.400 L523=107.142/49.347 L524=74.277/40.990 L525=72.248/55.741 L526=1.386/0.533
sp_vstab_off,131,302,1,23,23,260,260,0,0,observed,observed,L23=166.933/11.407 L259=111.258/49.768 L260=98.680/46.438 L262=72.670/56.315 L263=1.397/0.502
sp_vstab_off,131,302,2,286,287,524,524,1,0,observed,censored,L287=168.341/10.227 L523=105.987/51.163 L524=79.553/42.812 L525=74.584/57.200 L526=1.378/0.504
sp_vstab_off,132,303,1,23,23,260,260,0,0,observed,observed,L23=165.739/11.846 L259=107.117/49.226 L260=97.142/44.382 L262=71.791/58.288 L263=1.391/0.501
sp_vstab_off,132,303,2,287,286,524,523,-1,-1,censored,observed,L286=44.656/67.795 L522=110.541/49.093 L523=84.994/42.788 L525=75.777/58.556 L526=1.378/0.516
sp_vstab_off,133,304,1,23,23,260,260,0,0,observed,observed,L23=166.219/13.484 L259=113.628/46.879 L260=98.316/46.393 L262=71.317/57.313 L263=1.394/0.501
sp_vstab_off,133,304,2,286,286,523,523,0,0,observed,observed,L286=44.462/68.566 L522=107.002/48.659 L523=83.300/42.865 L525=75.772/57.634 L526=1.370/0.529
sp_vstab_off,134,305,1,23,23,260,260,0,0,observed,observed,L23=166.786/11.803 L259=110.717/46.588 L260=89.647/44.549 L262=70.838/57.381 L263=1.386/0.509
sp_vstab_off,134,305,2,286,286,523,524,0,1,observed,observed,L286=18.781/31.319 L523=109.675/49.623 L524=82.341/41.984 L525=72.355/54.592 L526=1.364/0.513
sp_vstab_off,135,306,1,23,23,260,260,0,0,observed,observed,L23=167.748/11.886 L259=115.661/45.720 L260=90.309/46.795 L262=71.289/56.728 L263=1.375/0.506
sp_vstab_off,135,306,2,286,286,524,524,0,0,observed,observed,L286=16.663/30.719 L523=113.005/45.863 L524=75.270/46.871 L525=72.441/54.496 L526=1.377/0.504
sp_vstab_off,136,307,1,23,23,260,260,0,0,observed,observed,L23=165.731/11.376 L259=112.344/47.403 L260=93.298/42.496 L262=74.392/57.205 L263=1.378/0.494
sp_vstab_off,136,307,2,286,286,524,524,0,0,observed,observed,L286=19.033/30.800 L523=114.339/45.467 L524=76.223/46.370 L525=71.114/54.284 L526=1.392/0.534
sp_vstab_off,137,308,1,23,23,260,260,0,0,observed,observed,L23=168.411/12.251 L259=115.297/44.452 L260=101.233/45.067 L262=73.152/58.016 L263=1.378/0.491
sp_vstab_off,137,308,2,286,286,524,524,0,0,observed,observed,L286=16.639/30.355 L523=113.752/46.484 L524=77.591/49.904 L525=71.228/53.763 L526=1.377/0.516
sp_vstab_off,138,309,1,23,23,260,260,0,0,observed,observed,L23=168.323/11.501 L259=114.672/47.153 L260=96.494/46.576 L262=70.661/54.590 L263=1.406/0.531
sp_vstab_off,138,309,2,286,287,524,524,1,0,observed,censored,L287=170.688/12.423 L523=108.253/49.529 L524=80.662/43.253 L525=73.119/55.421 L526=1.389/0.519
sp_vstab_off,139,310,1,23,23,260,260,0,0,observed,observed,L23=169.297/11.864 L259=116.400/45.774 L260=94.802/47.830 L262=70.728/55.712 L263=1.383/0.508
sp_vstab_off,139,310,2,287,286,524,523,-1,-1,censored,observed,L286=169.812/11.130 L522=107.812/49.195 L523=77.652/41.175 L525=75.138/57.636 L526=1.375/0.515
sp_vstab_off,140,311,1,23,23,260,260,0,0,observed,observed,L23=168.214/11.958 L259=113.023/47.024 L260=92.805/45.504 L262=72.841/55.711 L263=1.400/0.512
sp_vstab_off,140,311,2,286,286,523,523,0,0,observed,observed,L286=44.494/67.842 L522=104.155/50.011 L523=75.778/39.419 L525=72.853/56.003 L526=1.389/0.533
sp_vstab_off,141,312,1,23,23,260,260,0,0,observed,observed,L23=166.853/11.349 L259=108.478/50.261 L260=91.603/43.280 L262=72.206/56.367 L263=1.395/0.502
sp_vstab_off,141,312,2,286,286,523,523,0,0,observed,observed,L286=44.430/68.720 L522=106.528/50.982 L523=76.673/39.843 L525=76.797/58.341 L526=1.381/0.505
sp_vstab_off,142,313,1,23,23,260,260,0,0,observed,observed,L23=167.881/11.244 L259=105.914/51.092 L260=91.508/45.783 L262=71.217/56.670 L263=1.387/0.500
sp_vstab_off,142,313,2,286,286,523,524,0,1,observed,observed,L286=17.559/31.158 L523=107.144/51.545 L524=77.763/43.633 L525=72.819/54.374 L526=1.394/0.520
sp_vstab_off,143,314,1,23,23,260,260,0,0,observed,observed,L23=166.730/10.993 L259=116.908/47.009 L260=87.628/42.234 L262=72.048/57.876 L263=1.378/0.488
sp_vstab_off,143,314,2,286,286,524,524,0,0,observed,observed,L286=17.128/31.754 L523=114.041/45.638 L524=79.917/41.887 L525=73.144/56.452 L526=1.353/0.510
sp_vstab_off,144,315,1,23,23,260,260,0,0,observed,observed,L23=166.458/11.793 L259=113.659/47.519 L260=95.555/45.273 L262=72.267/57.470 L263=1.389/0.497
sp_vstab_off,144,315,2,286,286,524,524,0,0,observed,observed,L286=17.005/30.635 L523=110.628/46.267 L524=78.828/44.508 L525=72.678/55.292 L526=1.383/0.517
sp_vstab_off,145,316,1,23,23,260,260,0,0,observed,observed,L23=164.339/12.016 L259=115.305/45.420 L260=88.819/43.118 L262=71.789/57.818 L263=1.394/0.517
sp_vstab_off,145,316,2,286,286,524,524,0,0,observed,observed,L286=16.858/31.278 L523=114.816/44.997 L524=81.595/41.976 L525=71.800/54.905 L526=1.383/0.505
sp_vstab_off,146,317,1,23,23,260,260,0,0,observed,observed,L23=168.409/11.769 L259=114.248/46.110 L260=89.403/44.669 L262=72.114/56.979 L263=1.387/0.506
sp_vstab_off,146,317,2,286,286,524,524,0,0,observed,observed,L286=18.403/32.410 L523=112.450/45.086 L524=80.377/43.415 L525=71.853/54.600 L526=1.375/0.515
sp_vstab_off,147,318,1,23,23,260,260,0,0,observed,observed,L23=166.397/10.118 L259=115.114/45.457 L260=89.997/43.021 L262=71.078/56.843 L263=1.389/0.500
sp_vstab_off,147,318,2,286,286,524,524,0,0,observed,observed,L286=30.064/45.484 L523=114.516/44.844 L524=76.037/44.729 L525=72.698/55.283 L526=1.367/0.528
sp_vstab_off,148,319,1,23,23,260,260,0,0,observed,observed,L23=167.792/12.334 L259=111.659/46.515 L260=94.586/41.202 L262=72.256/57.525 L263=1.384/0.490
sp_vstab_off,148,319,2,286,286,524,524,0,0,observed,observed,L286=23.297/39.067 L523=113.197/45.526 L524=88.967/41.941 L525=73.291/54.597 L526=1.386/0.533
sp_vstab_off,149,320,1,23,23,260,260,0,0,observed,observed,L23=165.669/12.181 L259=113.816/45.824 L260=95.739/39.807 L262=71.005/56.144 L263=1.369/0.508
sp_vstab_off,149,320,2,286,286,524,524,0,0,observed,observed,L286=34.319/47.694 L523=114.241/44.630 L524=88.831/42.468 L525=71.419/55.965 L526=1.389/0.519
sp_vstab_off,150,321,1,23,23,260,260,0,0,observed,observed,L23=166.972/10.588 L259=115.052/45.957 L260=104.598/41.105 L262=75.388/57.811 L263=1.377/0.494
sp_vstab_off,150,321,2,286,286,524,524,0,0,observed,observed,L286=18.070/31.859 L523=112.091/45.611 L524=87.750/39.713 L525=72.770/56.917 L526=1.389/0.533
sp_vstab_off,151,322,1,23,23,260,260,0,0,observed,observed,L23=167.402/11.411 L259=115.241/45.778 L260=102.359/41.732 L262=70.619/55.682 L263=1.377/0.494
sp_vstab_off,151,322,2,286,286,524,524,0,0,observed,observed,L286=18.091/31.522 L523=112.642/45.361 L524=87.581/39.950 L525=71.972/56.448 L526=1.377/0.516
sp_vstab_off,152,323,1,23,23,260,260,0,0,observed,observed,L23=166.445/11.963 L259=114.211/45.954 L260=101.483/43.778 L262=73.398/54.961 L263=1.367/0.488
sp_vstab_off,152,323,2,286,287,524,524,1,0,observed,censored,L287=167.075/10.368 L523=116.089/45.994 L524=86.616/39.995 L525=75.959/56.864 L526=1.372/0.515
sp_vstab_off,153,324,1,23,23,260,261,0,1,observed,observed,L23=169.344/12.002 L260=103.347/43.233 L261=69.952/56.137 L262=71.069/55.979 L263=1.381/0.489
sp_vstab_off,153,324,2,287,286,524,523,-1,-1,censored,observed,L286=42.614/66.148 L522=115.428/46.243 L523=88.777/41.058 L525=75.394/58.528 L526=1.375/0.530
sp_vstab_off,154,325,1,23,23,261,260,0,-1,observed,observed,L23=168.128/12.157 L259=115.883/46.310 L260=103.922/43.275 L262=74.794/57.118 L263=1.373/0.506
sp_vstab_off,154,325,2,286,286,523,523,0,0,observed,observed,L286=169.997/11.423 L522=115.458/46.587 L523=82.295/44.105 L525=75.642/57.178 L526=1.369/0.514
sp_vstab_off,155,326,1,23,23,260,260,0,0,observed,observed,L23=169.956/11.688 L259=114.909/46.260 L260=103.475/43.512 L262=72.723/57.771 L263=1.384/0.496
sp_vstab_off,155,326,2,286,286,523,523,0,0,observed,observed,L286=40.044/65.217 L522=116.711/44.812 L523=89.830/42.690 L525=74.264/58.172 L526=1.387/0.533
sp_vstab_off,156,327,1,23,23,260,260,0,0,observed,observed,L23=167.958/11.277 L259=116.930/46.267 L260=100.925/42.439 L262=75.216/57.484 L263=1.378/0.498
sp_vstab_off,156,327,2,286,286,523,523,0,0,observed,observed,L286=41.277/66.757 L522=113.252/46.172 L523=90.647/42.400 L525=73.652/58.224 L526=1.380/0.520
sp_vstab_off,157,328,1,23,23,260,260,0,0,observed,observed,L23=167.180/11.674 L259=117.275/47.270 L260=106.688/43.223 L262=72.250/56.976 L263=1.394/0.501
sp_vstab_off,157,328,2,286,286,523,524,0,1,observed,observed,L286=26.538/41.447 L523=112.980/45.870 L524=89.927/43.156 L525=72.017/57.235 L526=1.384/0.518
sp_vstab_off,158,329,1,23,23,260,260,0,0,observed,observed,L23=168.191/11.455 L259=117.105/45.506 L260=102.934/43.842 L262=72.811/54.864 L263=1.391/0.507
sp_vstab_off,158,329,2,286,286,524,524,0,0,observed,observed,L286=26.377/41.513 L523=113.341/45.548 L524=90.250/45.872 L525=73.325/55.648 L526=1.375/0.503
sp_vstab_off,159,330,1,23,23,260,260,0,0,observed,observed,L23=167.867/11.781 L259=113.911/47.525 L260=105.703/44.618 L262=70.300/55.153 L263=1.391/0.497
sp_vstab_off,159,330,2,286,286,524,524,0,0,observed,observed,L286=17.034/32.374 L523=113.594/45.073 L524=86.766/40.021 L525=70.806/56.022 L526=1.394/0.537
sp_vstab_off,160,331,1,23,23,260,260,0,0,observed,observed,L23=164.314/12.275 L259=114.036/46.261 L260=104.889/43.276 L262=69.681/54.978 L263=1.391/0.497
sp_vstab_off,160,331,2,286,286,524,524,0,0,observed,observed,L286=15.113/31.179 L523=116.694/45.896 L524=89.683/45.984 L525=73.798/55.158 L526=1.383/0.517
sp_vstab_off,161,332,1,23,23,260,260,0,0,observed,observed,L23=169.909/11.858 L259=115.242/46.787 L260=102.230/45.744 L262=68.523/54.468 L263=1.389/0.494
sp_vstab_off,161,332,2,286,286,524,524,0,0,observed,observed,L286=17.858/31.354 L523=114.489/44.127 L524=90.392/41.637 L525=71.536/56.245 L526=1.375/0.515
sp_vstab_off,162,333,1,23,23,260,260,0,0,observed,observed,L23=166.653/12.293 L259=116.027/46.158 L260=105.222/45.863 L262=70.561/55.913 L263=1.370/0.486
sp_vstab_off,162,333,2,286,287,524,524,1,0,observed,censored,L287=167.594/11.544 L523=114.180/46.747 L524=89.106/42.611 L525=74.366/56.591 L526=1.381/0.505
sp_vstab_off,163,334,1,23,23,260,260,0,0,observed,observed,L23=167.342/11.329 L259=114.270/46.636 L260=104.034/43.244 L262=70.067/54.048 L263=1.402/0.524
sp_vstab_off,163,334,2,287,286,524,523,-1,-1,censored,observed,L286=43.800/67.296 L522=114.506/44.504 L523=84.745/43.756 L525=71.356/56.627 L526=1.384/0.505
sp_vstab_off,164,335,1,23,23,260,260,0,0,observed,observed,L23=165.581/11.565 L259=115.797/45.442 L260=97.098/44.723 L262=68.348/54.420 L263=1.370/0.517
sp_vstab_off,164,335,2,286,286,523,523,0,0,observed,observed,L286=43.639/68.341 L522=114.989/45.862 L523=81.466/44.017 L525=72.787/57.146 L526=1.386/0.518
sp_vstab_off,165,336,1,23,23,260,260,0,0,observed,observed,L23=167.861/12.753 L259=115.295/46.246 L260=101.067/45.885 L262=70.620/53.246 L263=1.380/0.498
sp_vstab_off,165,336,2,286,286,523,524,0,1,observed,observed,L286=17.531/30.923 L523=114.277/45.512 L524=87.516/41.005 L525=71.844/55.399 L526=1.377/0.531
sp_vstab_off,166,337,1,23,23,260,260,0,0,observed,observed,L23=167.691/12.650 L259=116.142/46.267 L260=102.361/43.802 L262=67.845/54.368 L263=1.369/0.502
sp_vstab_off,166,337,2,286,286,524,524,0,0,observed,observed,L286=16.752/31.264 L523=114.894/45.750 L524=82.689/41.586 L525=72.662/56.250 L526=1.372/0.515
sp_vstab_off,167,338,1,23,23,260,260,0,0,observed,observed,L23=168.758/11.018 L259=114.481/46.795 L260=99.889/43.947 L262=69.684/55.244 L263=1.387/0.509
sp_vstab_off,167,338,2,286,286,524,524,0,0,observed,observed,L286=17.008/30.877 L523=112.791/45.664 L524=87.037/40.695 L525=72.653/55.985 L526=1.381/0.532
sp_vstab_off,168,339,1,23,23,260,260,0,0,observed,observed,L23=167.231/12.044 L259=114.548/46.976 L260=102.650/42.730 L262=70.408/56.048 L263=1.397/0.511
sp_vstab_off,168,339,2,286,286,524,524,0,0,observed,observed,L286=17.450/31.729 L523=115.386/46.180 L524=84.906/43.806 L525=72.720/57.397 L526=1.366/0.513
sp_vstab_off,169,340,1,23,23,260,260,0,0,observed,observed,L23=167.222/12.070 L259=114.312/47.544 L260=107.619/43.086 L262=73.241/57.862 L263=1.386/0.490
sp_vstab_off,169,340,2,286,286,524,524,0,0,observed,observed,L286=16.483/31.644 L523=116.498/48.333 L524=107.502/37.808 L525=69.397/53.581 L526=1.378/0.516
sp_vstab_off,170,341,1,23,23,260,260,0,0,observed,observed,L23=128.231/34.144 L259=100.850/47.899 L260=102.977/50.283 L262=85.802/61.496 L263=1.383/0.535
sp_vstab_off,170,341,2,286,286,524,524,0,0,observed,observed,L286=33.008/47.240 L523=103.370/47.305 L524=124.208/49.183 L525=87.023/60.772 L526=1.400/0.536
sp_vstab_off,171,342,1,23,23,260,260,0,0,observed,observed,L23=133.247/34.152 L259=100.641/48.280 L260=99.034/48.181 L262=86.397/62.319 L263=1.380/0.498
sp_vstab_off,171,342,2,286,286,524,524,0,0,observed,observed,L286=25.184/40.717 L523=101.264/46.514 L524=123.408/45.659 L525=86.953/61.476 L526=1.366/0.501
sp_vstab_off,172,343,1,23,23,260,260,0,0,observed,observed,L23=130.027/33.736 L259=99.719/47.297 L260=102.864/49.706 L262=85.155/60.714 L263=1.380/0.510
sp_vstab_off,172,343,2,286,286,524,524,0,0,observed,observed,L286=35.386/49.065 L523=104.330/46.799 L524=122.322/45.687 L525=86.283/59.749 L526=1.383/0.517
sp_vstab_off,173,344,1,23,23,260,260,0,0,observed,observed,L23=131.100/34.093 L259=99.656/48.348 L260=100.173/49.468 L262=86.444/61.086 L263=1.397/0.541
sp_vstab_off,173,344,2,286,286,524,524,0,0,observed,observed,L286=18.445/30.690 L523=100.705/46.400 L524=125.062/45.170 L525=87.273/60.052 L526=1.381/0.532
sp_vstab_off,174,345,1,23,23,260,260,0,0,observed,observed,L23=130.619/34.309 L259=100.034/47.574 L260=101.431/48.245 L262=87.031/61.737 L263=1.383/0.489
sp_vstab_off,174,345,2,286,286,524,524,0,0,observed,observed,L286=18.219/31.520 L523=102.237/47.075 L524=120.597/47.583 L525=88.016/60.495 L526=1.391/0.519
sp_vstab_off,175,346,1,23,23,260,260,0,0,observed,observed,L23=131.422/33.403 L259=101.464/46.352 L260=99.558/49.368 L262=87.077/61.332 L263=1.389/0.494
sp_vstab_off,175,346,2,286,286,524,524,0,0,observed,observed,L286=16.233/30.590 L523=99.763/46.919 L524=123.861/47.704 L525=88.211/62.805 L526=1.400/0.536
sp_vstab_off,176,347,1,23,23,260,260,0,0,observed,observed,L23=130.203/32.829 L259=101.797/46.769 L260=103.667/49.257 L262=84.669/61.020 L263=1.378/0.488
sp_vstab_off,176,347,2,286,286,524,524,0,0,observed,observed,L286=16.717/31.882 L523=101.850/47.060 L524=112.912/48.126 L525=85.094/61.335 L526=1.397/0.520
sp_vstab_off,177,348,1,23,23,260,260,0,0,observed,observed,L23=131.102/34.263 L259=102.617/46.688 L260=100.531/50.502 L262=85.742/62.420 L263=1.375/0.497
sp_vstab_off,177,348,2,286,287,524,524,1,0,observed,censored,L287=133.923/32.927 L523=99.573/46.801 L524=125.195/48.618 L525=89.033/62.326 L526=1.402/0.521
sp_vstab_off,178,349,1,23,23,260,260,0,0,observed,observed,L23=130.080/34.736 L259=101.000/46.946 L260=95.778/50.864 L262=84.297/60.201 L263=1.380/0.513
sp_vstab_off,178,349,2,287,286,524,523,-1,-1,censored,observed,L286=32.633/50.685 L522=101.388/48.294 L523=122.223/47.587 L525=91.298/68.934 L526=1.391/0.519
sp_vstab_off,179,350,1,23,23,260,260,0,0,observed,observed,L23=128.622/34.163 L259=100.858/46.622 L260=96.997/51.678 L262=85.431/61.933 L263=1.389/0.497
sp_vstab_off,179,350,2,286,286,523,523,0,0,observed,observed,L286=30.520/49.945 L522=99.297/46.820 L523=121.239/46.875 L525=90.725/69.867 L526=1.373/0.503
sp_vstab_off,180,351,1,23,23,260,260,0,0,observed,observed,L23=128.953/33.497 L259=100.744/47.728 L260=94.463/49.441 L262=84.088/61.357 L263=1.373/0.490
sp_vstab_off,180,351,2,286,286,523,524,0,1,observed,observed,L286=28.130/42.942 L523=102.681/47.194 L524=120.792/48.821 L525=85.809/61.487 L526=1.356/0.510
sp_vstab_off,181,352,1,23,23,260,260,0,0,observed,observed,L23=131.902/34.352 L259=100.567/47.057 L260=96.656/49.739 L262=84.652/60.842 L263=1.387/0.490
sp_vstab_off,181,352,2,286,286,524,524,0,0,observed,observed,L286=24.916/42.675 L523=99.206/46.316 L524=118.378/43.647 L525=88.463/62.565 L526=1.387/0.518
sp_vstab_off,182,353,1,23,23,260,260,0,0,observed,observed,L23=130.453/33.747 L259=99.588/47.248 L260=97.606/47.407 L262=85.456/61.284 L263=1.372/0.499
sp_vstab_off,182,353,2,286,286,524,524,0,0,observed,observed,L286=17.534/32.348 L523=102.058/47.599 L524=120.017/44.035 L525=86.352/60.813 L526=1.403/0.521
sp_vstab_off,183,354,1,23,23,260,260,0,0,observed,observed,L23=129.373/34.516 L259=104.330/47.305 L260=99.287/49.155 L262=85.856/61.049 L263=1.389/0.509
sp_vstab_off,183,354,2,286,286,524,524,0,0,observed,observed,L286=16.880/31.587 L523=100.039/46.885 L524=123.400/39.627 L525=87.175/61.470 L526=1.370/0.502
sp_vstab_off,184,355,1,23,23,260,260,0,0,observed,observed,L23=132.111/33.167 L259=99.120/46.454 L260=101.283/49.513 L262=86.059/61.568 L263=1.395/0.511
sp_vstab_off,184,355,2,286,286,524,524,0,0,observed,observed,L286=16.950/31.537 L523=101.672/47.090 L524=127.583/51.624 L525=86.584/60.769 L526=1.377/0.504
sp_vstab_off,185,356,1,23,23,260,260,0,0,observed,observed,L23=129.159/34.122 L259=103.377/47.297 L260=95.700/51.533 L262=86.362/62.079 L263=1.367/0.495
sp_vstab_off,185,356,2,286,286,524,524,0,0,observed,observed,L286=17.923/30.679 L523=100.072/46.854 L524=122.194/44.922 L525=89.169/61.174 L526=1.392/0.537
sp_vstab_off,186,357,1,23,23,260,260,0,0,observed,observed,L23=131.088/33.914 L259=100.902/46.648 L260=100.133/47.995 L262=86.331/60.726 L263=1.370/0.502
sp_vstab_off,186,357,2,286,286,524,524,0,0,observed,observed,L286=19.152/32.082 L523=102.639/47.230 L524=119.555/42.950 L525=95.456/56.184 L526=1.366/0.528
sp_vstab_off,187,358,1,23,23,260,260,0,0,observed,observed,L23=129.694/32.982 L259=103.722/47.065 L260=101.927/51.017 L262=85.492/61.568 L263=1.377/0.500
sp_vstab_off,187,358,2,286,287,524,524,1,0,observed,censored,L287=132.047/33.305 L523=101.981/46.468 L524=118.505/44.605 L525=87.941/61.137 L526=1.414/0.538
sp_vstab_off,188,359,1,23,23,260,260,0,0,observed,observed,L23=130.542/34.231 L259=100.209/47.236 L260=97.664/49.762 L262=87.573/60.859 L263=1.400/0.524
sp_vstab_off,188,359,2,287,286,524,523,-1,-1,censored,observed,L286=30.694/50.408 L522=105.155/47.661 L523=121.795/45.957 L525=93.153/70.325 L526=1.375/0.515
sp_vstab_off,189,360,1,23,23,260,260,0,0,observed,observed,L23=131.169/33.959 L259=101.225/46.708 L260=98.931/48.245 L262=84.381/60.173 L263=1.375/0.494
sp_vstab_off,189,360,2,286,286,523,523,0,0,observed,observed,L286=32.022/49.918 L522=99.239/46.772 L523=114.964/45.343 L525=91.578/67.895 L526=1.394/0.534
sp_vstab_off,190,361,1,23,23,260,260,0,0,observed,observed,L23=129.895/33.599 L259=99.756/46.855 L260=101.164/48.996 L262=84.497/62.692 L263=1.386/0.496
sp_vstab_off,190,361,2,286,286,523,524,0,1,observed,observed,L286=37.112/50.315 L523=100.120/47.212 L524=115.494/46.317 L525=87.489/61.570 L526=1.387/0.506
sp_vstab_off,191,362,1,23,23,260,260,0,0,observed,observed,L23=129.475/34.261 L259=101.653/46.831 L260=101.522/48.372 L262=85.191/61.054 L263=1.386/0.490
sp_vstab_off,191,362,2,286,287,524,524,1,0,observed,censored,L287=132.942/33.967 L523=98.814/46.982 L524=115.470/44.203 L525=87.141/60.417 L526=1.391/0.519
sp_vstab_off,192,363,1,23,23,260,260,0,0,observed,observed,L23=130.205/33.633 L259=97.319/47.322 L260=100.067/49.482 L262=84.358/60.540 L263=1.378/0.494
sp_vstab_off,192,363,2,287,286,524,523,-1,-1,censored,observed,L286=131.034/32.480 L522=100.833/47.086 L523=122.911/48.176 L525=92.345/68.761 L526=1.370/0.514
sp_vstab_off,193,364,1,23,23,260,260,0,0,observed,observed,L23=131.952/32.687 L259=99.298/47.376 L260=100.713/51.528 L262=85.850/59.569 L263=1.386/0.509
sp_vstab_off,193,364,2,286,286,523,523,0,0,observed,observed,L286=31.933/49.547 L522=100.342/46.802 L523=117.412/46.200 L525=92.220/68.806 L526=1.384/0.518
sp_vstab_off,194,365,1,23,23,260,260,0,0,observed,observed,L23=130.742/33.921 L259=99.106/47.842 L260=103.064/50.051 L262=84.927/60.561 L263=1.406/0.516
sp_vstab_off,194,365,2,286,286,523,523,0,0,observed,observed,L286=30.205/49.499 L522=101.677/45.932 L523=111.053/53.865 L525=88.353/66.698 L526=1.395/0.520
sp_vstab_off,195,366,1,23,23,260,260,0,0,observed,observed,L23=130.012/34.706 L259=103.938/46.211 L260=98.911/49.523 L262=83.525/61.132 L263=1.380/0.513
sp_vstab_off,195,366,2,286,286,523,524,0,1,observed,observed,L286=16.578/31.228 L523=101.056/47.247 L524=120.848/44.377 L525=87.173/61.896 L526=1.383/0.517
sp_vstab_off,196,367,1,23,23,260,260,0,0,observed,observed,L23=130.152/33.403 L259=99.614/45.276 L260=96.453/48.649 L262=84.795/60.576 L263=1.395/0.495
sp_vstab_off,196,367,2,286,286,524,524,0,0,observed,observed,L286=16.245/31.371 L523=102.169/47.127 L524=126.314/47.999 L525=86.831/61.283 L526=1.387/0.506
sp_vstab_off,197,368,1,23,23,260,260,0,0,observed,observed,L23=130.491/33.850 L259=102.295/46.859 L260=98.411/51.217 L262=84.403/60.593 L263=1.398/0.493
sp_vstab_off,197,368,2,286,286,524,524,0,0,observed,observed,L286=16.061/30.718 L523=102.291/47.538 L524=124.052/49.517 L525=85.459/60.433 L526=1.395/0.552
sp_vstab_off,198,369,1,23,23,260,260,0,0,observed,observed,L23=131.052/33.542 L259=98.931/45.843 L260=96.531/49.776 L262=84.756/62.112 L263=1.361/0.503
sp_vstab_off,198,369,2,286,287,524,524,1,0,observed,censored,L287=131.316/34.039 L523=101.495/47.370 L524=126.688/47.783 L525=99.581/57.204 L526=1.381/0.532
sp_vstab_off,199,370,1,23,23,260,260,0,0,observed,observed,L23=129.364/33.211 L259=102.463/47.167 L260=94.748/50.604 L262=85.369/59.309 L263=1.378/0.513
sp_vstab_off,199,370,2,287,286,524,523,-1,-1,censored,observed,L286=30.928/49.759 L522=100.770/47.522 L523=114.291/47.377 L525=82.403/62.387 L526=1.391/0.519
sp_vstab_off,200,371,1,23,23,260,260,0,0,observed,observed,L23=129.694/34.562 L259=99.327/46.521 L260=98.269/49.860 L262=84.536/60.725 L263=1.380/0.495
sp_vstab_off,200,371,2,286,286,523,523,0,0,observed,observed,L286=131.887/33.663 L522=99.395/46.841 L523=102.498/48.082 L525=92.327/69.049 L526=1.384/0.505
sp_vstab_off,201,372,1,23,23,260,260,0,0,observed,observed,L23=128.723/33.958 L259=100.583/46.625 L260=104.966/48.081 L262=84.027/60.358 L263=1.378/0.507
sp_vstab_off,201,372,2,286,286,523,523,0,0,observed,observed,L286=31.873/50.008 L522=101.511/46.757 L523=116.444/44.506 L525=93.786/68.116 L526=1.378/0.504
sp_vstab_off,202,373,1,23,23,260,261,0,1,observed,observed,L23=131.034/33.723 L260=97.983/49.532 L261=99.742/50.998 L262=83.766/60.178 L263=1.395/0.511
sp_vstab_off,202,373,2,286,286,523,523,0,0,observed,observed,L286=132.105/33.710 L522=100.312/45.872 L523=116.689/44.891 L525=88.869/68.797 L526=1.369/0.502
sp_vstab_off,203,374,1,23,23,261,260,0,-1,observed,observed,L23=128.950/33.634 L259=102.783/47.424 L260=105.720/52.258 L262=84.302/62.547 L263=1.384/0.527
sp_vstab_off,203,374,2,286,286,523,523,0,0,observed,observed,L286=132.573/33.302 L522=103.608/47.793 L523=101.930/48.002 L525=89.281/67.132 L526=1.384/0.518
sp_vstab_off,204,375,1,23,23,260,261,0,1,observed,observed,L23=131.227/35.245 L260=96.070/50.179 L261=106.822/47.808 L262=82.573/61.372 L263=1.389/0.509
sp_vstab_off,204,375,2,286,286,523,523,0,0,observed,observed,L286=132.017/32.482 L522=101.845/46.458 L523=97.362/49.366 L525=92.770/68.915 L526=1.378/0.531
sp_vstab_off,205,376,1,23,23,261,260,0,-1,observed,observed,L23=130.430/35.122 L259=100.233/46.358 L260=99.791/48.329 L262=82.833/60.359 L263=1.378/0.504
sp_vstab_off,205,376,2,286,286,523,523,0,0,observed,observed,L286=30.606/49.181 L522=103.017/47.112 L523=125.769/49.941 L525=88.400/64.362 L526=1.378/0.531
sp_vstab_off,206,377,1,23,23,260,260,0,0,observed,observed,L23=131.014/34.195 L259=99.711/47.951 L260=99.412/48.425 L262=82.533/57.735 L263=1.380/0.492
sp_vstab_off,206,377,2,286,286,523,523,0,0,observed,observed,L286=30.586/50.007 L522=99.748/46.768 L523=127.847/45.404 L525=92.061/67.950 L526=1.395/0.535
sp_vstab_off,207,378,1,23,23,260,260,0,0,observed,observed,L23=129.339/34.513 L259=99.364/47.326 L260=102.188/50.903 L262=83.873/60.587 L263=1.392/0.501
sp_vstab_off,207,378,2,286,286,523,522,0,-1,observed,inferred,L286=16.819/31.404 L521=98.455/47.769 L522=99.167/48.069 L525=85.689/51.435 L526=1.387/0.497
sp_vstab_off,208,379,1,23,23,260,260,0,0,observed,observed,L23=130.509/34.501 L259=99.392/47.881 L260=98.747/48.485 L262=85.833/61.855 L263=1.384/0.499
sp_vstab_off,208,379,2,286,286,522,525,0,3,inferred,observed,L286=37.867/50.939 L524=108.597/39.911 L525=92.828/53.759 L526=1.381/0.517
sp_vstab_off,209,380,1,23,23,260,260,0,0,observed,observed,L23=129.142/34.715 L259=99.386/47.500 L260=100.700/49.725 L262=73.652/58.460 L263=1.395/0.508
sp_vstab_off,209,380,2,286,286,525,522,0,-3,observed,inferred,L286=26.066/39.974 L521=98.634/47.071 L522=99.247/48.502 L525=99.800/48.381 L526=1.387/0.518
sp_vstab_off,210,381,1,23,23,260,260,0,0,observed,observed,L23=129.944/32.846 L259=100.422/47.275 L260=94.770/50.329 L262=82.647/59.555 L263=1.380/0.489
sp_vstab_off,210,381,2,286,287,522,522,1,0,inferred,censored,L287=133.523/33.642 L521=102.281/48.414 L522=100.808/48.967 L525=100.409/50.214 L526=1.384/0.532
sp_vstab_off,211,382,1,23,23,260,261,0,1,observed,observed,L23=130.213/34.130 L260=100.211/50.164 L261=114.436/42.774 L262=86.173/59.254 L263=1.386/0.527
sp_vstab_off,211,382,2,287,286,522,522,-1,0,censored,inferred,L286=33.442/50.830 L521=100.397/49.345 L522=103.369/47.789 L525=99.608/47.641 L526=1.402/0.521
sp_vstab_off,212,383,1,23,23,261,260,0,-1,observed,observed,L23=129.277/33.589 L259=103.048/48.201 L260=97.497/49.684 L262=86.886/63.907 L263=1.384/0.493
sp_vstab_off,212,383,2,286,286,522,525,0,3,inferred,inferred,L286=133.975/33.211 L524=102.713/51.479 L525=108.664/55.138 L526=1.375/0.530
sp_vstab_off,213,384,1,23,23,260,260,0,0,observed,observed,L23=128.727/34.879 L259=102.111/46.561 L260=95.469/48.740 L262=87.189/62.965 L263=1.397/0.502
sp_vstab_off,213,384,2,286,286,525,522,0,-3,inferred,inferred,L286=133.181/33.759 L521=100.320/48.802 L522=102.078/48.328 L525=105.602/53.660 L526=1.389/0.506
sp_vstab_off,214,385,1,23,23,260,260,0,0,observed,observed,L23=129.762/34.620 L259=100.739/47.280 L260=94.850/48.727 L262=86.134/62.979 L263=1.384/0.521
sp_vstab_off,214,385,2,286,286,522,522,0,0,inferred,inferred,L286=133.875/33.026 L521=101.011/48.440 L522=100.306/47.493 L525=98.298/49.297 L526=1.378/0.516
sp_vstab_off,215,386,1,23,23,260,260,0,0,observed,observed,L23=127.622/34.312 L259=102.195/47.295 L260=97.653/45.363 L262=88.013/60.815 L263=1.370/0.505
sp_vstab_off,215,386,2,286,286,522,522,0,0,inferred,inferred,L286=130.552/32.765 L521=103.147/48.682 L522=103.852/47.749 L525=99.981/48.161 L526=1.383/0.532
sp_vstab_off,216,387,1,23,23,260,261,0,1,observed,observed,L23=130.816/34.432 L260=99.075/47.268 L261=95.911/47.905 L262=65.564/56.933 L263=1.383/0.489
sp_vstab_off,216,387,2,286,286,522,522,0,0,inferred,inferred,L286=132.472/34.075 L521=101.323/48.095 L522=101.402/47.431 L525=103.441/49.557 L526=1.387/0.518
sp_vstab_off,217,388,1,23,23,261,261,0,0,observed,inferred,L23=131.114/34.232 L260=97.447/49.925 L261=98.942/48.761 L262=103.052/50.536 L263=1.373/0.490
sp_vstab_off,217,388,2,286,286,522,522,0,0,inferred,inferred,L286=31.028/50.522 L521=101.531/47.348 L522=102.373/47.471 L525=100.272/49.282 L526=1.389/0.533
sp_vstab_off,218,389,1,23,23,261,259,0,-2,inferred,inferred,L23=129.298/34.496 L258=99.478/47.618 L259=101.484/47.997 L262=89.466/53.920 L263=1.406/0.525
sp_vstab_off,218,389,2,286,286,522,522,0,0,inferred,inferred,L286=133.248/32.157 L521=102.459/48.648 L522=103.886/46.951 L525=101.612/47.515 L526=1.378/0.504
sp_vstab_off,219,390,1,23,23,259,259,0,0,inferred,inferred,L23=130.753/35.365 L258=101.367/49.060 L259=102.900/47.981 L262=97.031/48.457 L263=1.369/0.498
sp_vstab_off,219,390,2,286,286,522,522,0,0,inferred,inferred,L286=134.078/33.255 L521=102.111/49.214 L522=104.142/48.130 L525=101.772/49.232 L526=1.408/0.510
sp_vstab_off,220,391,1,23,23,259,261,0,2,inferred,inferred,L23=130.133/34.512 L260=96.803/51.696 L261=101.064/54.649 L262=17.528/40.780 L263=1.370/0.489
sp_vstab_off,220,391,2,286,286,522,522,0,0,inferred,inferred,L286=132.091/34.769 L521=99.764/49.018 L522=101.884/48.110 L525=100.572/51.113 L526=1.381/0.517
sp_vstab_off,221,392,1,23,23,261,262,0,1,inferred,inferred,L23=127.895/33.252 L261=97.491/47.977 L262=58.100/57.577 L263=1.377/0.513
sp_vstab_off,221,392,2,286,286,522,522,0,0,inferred,inferred,L286=134.659/33.295 L521=102.311/48.560 L522=103.317/48.433 L525=102.270/49.480 L526=1.356/0.510
sp_vstab_off,222,393,1,23,23,262,259,0,-3,inferred,inferred,L23=130.014/34.774 L258=98.547/47.998 L259=99.170/47.337 L262=97.130/49.851 L263=1.373/0.506
sp_vstab_off,222,393,2,286,286,522,522,0,0,inferred,inferred,L286=135.369/32.985 L521=103.384/48.904 L522=105.009/48.251 L525=101.486/48.629 L526=1.378/0.531
sp_vstab_off,223,394,1,23,23,259,262,0,3,inferred,inferred,L23=130.042/32.786 L261=94.912/49.225 L262=18.570/40.247 L263=1.397/0.502
sp_vstab_off,223,394,2,286,286,522,522,0,0,inferred,inferred,L286=130.425/33.267 L521=103.191/47.348 L522=100.556/47.139 L525=100.678/47.898 L526=1.397/0.520
sp_vstab_off,224,395,1,23,23,262,262,0,0,inferred,inferred,L23=128.748/35.379 L261=92.178/51.868 L262=44.823/61.629 L263=1.394/0.498
sp_vstab_off,224,395,2,286,286,522,523,0,1,inferred,observed,L286=129.916/33.518 L522=103.198/51.814 L523=100.025/52.305 L525=23.369/48.235 L526=1.381/0.532
sp_vstab_off,225,396,1,23,24,262,259,1,-3,inferred,censored,L24=134.211/32.231 L258=101.108/49.297 L259=102.308/48.169 L262=102.894/49.864 L263=1.378/0.498
sp_vstab_off,225,396,2,286,286,523,524,0,1,observed,observed,L286=132.305/33.026 L523=97.914/48.684 L524=85.358/58.311 L525=29.475/53.520 L526=1.366/0.513
sp_vstab_off,226,397,1,24,23,259,261,-1,2,censored,observed,L23=132.356/33.043 L260=97.828/48.733 L261=85.277/58.332 L262=29.484/53.555 L263=1.402/0.521
sp_vstab_off,226,397,2,286,286,524,524,0,0,observed,observed,L286=132.409/33.072 L523=97.814/48.694 L524=85.064/58.283 L525=29.455/53.485 L526=1.387/0.533
sp_vstab_off,227,398,1,23,24,261,259,1,-2,observed,censored,L24=135.373/34.297 L258=99.144/48.469 L259=103.537/47.398 L262=101.530/49.777 L263=1.389/0.503
sp_vstab_off,227,398,2,286,287,524,522,1,-2,observed,censored,L287=135.259/32.329 L521=98.638/48.800 L522=100.631/47.747 L525=102.478/53.582 L526=1.400/0.536
sp_vstab_off,228,399,1,24,23,259,260,-1,1,censored,observed,L23=128.373/33.066 L259=101.542/47.718 L260=99.780/51.889 L262=87.183/63.100 L263=1.402/0.497
sp_vstab_off,228,399,2,287,286,522,525,-1,3,censored,inferred,L286=136.125/31.867 L524=103.148/48.383 L525=91.889/53.488 L526=1.387/0.533
sp_vstab_off,229,400,1,23,23,260,260,0,0,observed,observed,L23=132.597/33.331 L259=98.858/47.029 L260=95.172/49.104 L262=87.325/62.341 L263=1.378/0.488
sp_vstab_off,229,400,2,286,286,525,523,0,-2,inferred,observed,L286=33.564/49.710 L522=100.158/46.810 L523=95.936/50.253 L525=95.634/68.443 L526=1.373/0.503
sp_vstab_off,230,401,1,23,23,260,261,0,1,observed,observed,L23=129.816/33.779 L260=98.753/47.028 L261=110.691/45.263 L262=82.806/60.820 L263=1.364/0.503
sp_vstab_off,230,401,2,286,286,523,523,0,0,observed,observed,L286=132.244/31.637 L522=100.591/46.567 L523=108.378/43.995 L525=91.114/68.600 L526=1.398/0.521
sp_vstab_off,231,402,1,23,23,261,261,0,0,observed,observed,L23=131.223/33.971 L260=97.787/47.520 L261=85.770/60.938 L262=85.136/61.019 L263=1.394/0.510
sp_vstab_off,231,402,2,286,286,523,523,0,0,observed,observed,L286=131.641/33.514 L522=99.764/47.317 L523=118.528/44.959 L525=92.561/69.442 L526=1.369/0.514
sp_vstab_off,232,403,1,23,23,261,261,0,0,observed,observed,L23=129.000/32.925 L260=99.098/46.847 L261=82.108/59.016 L262=81.630/60.844 L263=1.377/0.500
sp_vstab_off,232,403,2,286,286,523,523,0,0,observed,observed,L286=30.975/49.469 L522=99.412/47.415 L523=115.830/43.291 L525=86.067/64.664 L526=1.363/0.512
sp_vstab_off,233,404,1,23,23,261,261,0,0,observed,observed,L23=128.269/32.123 L260=95.545/46.002 L261=84.053/59.365 L262=82.147/61.054 L263=1.409/0.504
sp_vstab_off,233,404,2,286,286,523,523,0,0,observed,observed,L286=128.584/31.114 L522=99.405/48.066 L523=120.872/46.585 L525=92.550/69.003 L526=1.398/0.521
sp_vstab_off,234,405,1,23,23,261,261,0,0,observed,observed,L23=128.455/34.416 L260=97.964/47.378 L261=84.922/57.129 L262=82.327/59.516 L263=1.408/0.504
sp_vstab_off,234,405,2,286,286,523,523,0,0,observed,observed,L286=128.803/33.955 L522=100.911/47.855 L523=114.503/40.765 L525=92.667/69.743 L526=1.380/0.517
sp_vstab_off,235,406,1,23,23,261,261,0,0,observed,observed,L23=126.894/33.014 L260=97.031/46.661 L261=86.062/58.071 L262=85.858/60.048 L263=1.366/0.488
sp_vstab_off,235,406,2,286,286,523,523,0,0,observed,observed,L286=129.970/31.732 L522=99.514/46.024 L523=120.481/44.986 L525=91.877/69.084 L526=1.381/0.517
sp_vstab_off,236,407,1,23,23,261,261,0,0,observed,observed,L23=126.978/33.211 L260=98.081/47.054 L261=84.545/59.449 L262=83.394/59.331 L263=1.386/0.499
sp_vstab_off,236,407,2,286,286,523,523,0,0,observed,observed,L286=128.609/32.610 L522=100.664/46.785 L523=113.470/42.910 L525=91.780/67.271 L526=1.386/0.518
sp_vstab_off,237,408,1,23,23,261,261,0,0,observed,observed,L23=125.284/33.007 L260=97.614/47.948 L261=84.584/58.907 L262=85.088/61.186 L263=1.377/0.494
sp_vstab_off,237,408,2,286,286,523,523,0,0,observed,observed,L286=128.731/31.668 L522=100.528/46.360 L523=116.466/40.861 L525=92.244/66.809 L526=1.381/0.532
sp_vstab_off,238,409,1,23,23,261,261,0,0,observed,observed,L23=126.128/33.552 L260=96.858/47.479 L261=83.064/59.041 L262=83.756/60.313 L263=1.380/0.495
sp_vstab_off,238,409,2,286,286,523,523,0,0,observed,observed,L286=129.423/32.139 L522=100.125/47.828 L523=116.009/44.170 L525=92.319/67.256 L526=1.363/0.512
sp_vstab_off,239,410,1,23,23,261,261,0,0,observed,observed,L23=125.941/32.786 L260=95.669/46.660 L261=84.203/58.927 L262=81.562/59.925 L263=1.405/0.510
sp_vstab_off,239,410,2,286,286,523,523,0,0,observed,observed,L286=126.734/32.029 L522=100.175/47.693 L523=116.442/43.705 L525=91.058/68.439 L526=1.363/0.500
sp_vstab_off,240,411,1,23,23,261,261,0,0,observed,observed,L23=125.853/32.702 L260=96.711/46.395 L261=81.694/56.653 L262=81.809/59.996 L263=1.389/0.491
sp_vstab_off,240,411,2,286,286,523,523,0,0,observed,observed,L286=128.831/31.125 L522=99.402/47.686 L523=112.783/44.841 L525=91.223/67.077 L526=1.373/0.503
sp_vstab_off,241,412,1,23,23,261,261,0,0,observed,observed,L23=124.920/32.801 L260=95.945/45.440 L261=80.961/57.388 L262=83.448/60.307 L263=1.397/0.511
sp_vstab_off,241,412,2,286,286,523,523,0,0,observed,observed,L286=126.669/31.111 L522=101.438/47.746 L523=119.970/45.734 L525=92.144/69.686 L526=1.387/0.533
sp_vstab_off,242,413,1,23,23,261,261,0,0,observed,observed,L23=124.877/33.630 L260=98.550/47.392 L261=84.780/59.404 L262=83.206/60.094 L263=1.381/0.508
sp_vstab_off,242,413,2,286,286,523,523,0,0,observed,observed,L286=129.772/33.533 L522=101.850/47.745 L523=117.556/45.332 L525=90.814/68.417 L526=1.389/0.506
sp_vstab_off,243,414,1,23,23,261,261,0,0,observed,observed,L23=125.236/32.714 L260=96.870/46.514 L261=83.172/58.930 L262=84.831/60.937 L263=1.378/0.513
sp_vstab_off,243,414,2,286,286,523,523,0,0,observed,observed,L286=128.050/32.368 L522=102.227/46.492 L523=117.055/43.128 L525=90.900/67.876 L526=1.383/0.505
sp_vstab_off,244,415,1,23,23,261,261,0,0,observed,observed,L23=124.059/33.434 L260=97.508/47.650 L261=85.244/57.388 L262=83.655/59.677 L263=1.391/0.504
sp_vstab_off,244,415,2,286,286,523,523,0,0,observed,observed,L286=128.175/33.090 L522=102.709/47.153 L523=118.942/43.432 L525=90.536/67.287 L526=1.391/0.519
sp_vstab_off,245,416,1,23,23,261,260,0,-1,observed,observed,L23=124.091/33.092 L259=101.675/47.546 L260=96.839/47.789 L262=84.423/59.732 L263=1.370/0.492
sp_vstab_off,245,416,2,286,286,523,523,0,0,observed,observed,L286=127.717/32.896 L522=103.162/45.913 L523=116.689/42.941 L525=93.164/67.810 L526=1.375/0.530
sp_vstab_off,246,417,1,23,23,260,260,0,0,observed,observed,L23=124.173/32.942 L259=100.480/46.974 L260=97.898/48.517 L262=84.355/60.753 L263=1.397/0.511
sp_vstab_off,246,417,2,286,286,523,523,0,0,observed,observed,L286=127.763/31.730 L522=101.175/46.310 L523=114.366/42.932 L525=89.706/67.213 L526=1.378/0.516
sp_vstab_off,247,418,1,23,23,260,260,0,0,observed,observed,L23=122.550/33.511 L259=101.270/47.439 L260=97.372/46.153 L262=83.655/60.643 L263=1.386/0.496
sp_vstab_off,247,418,2,286,286,523,523,0,0,observed,observed,L286=129.759/32.727 L522=99.867/47.292 L523=121.864/44.991 L525=91.884/68.378 L526=1.400/0.521
sp_vstab_off,248,419,1,23,23,260,260,0,0,observed,observed,L23=126.759/32.082 L259=100.042/46.021 L260=97.880/46.934 L262=85.300/61.321 L263=1.378/0.501
sp_vstab_off,248,419,2,286,286,523,523,0,0,observed,observed,L286=124.683/32.477 L522=99.084/46.866 L523=115.653/43.449 L525=89.756/66.899 L526=1.377/0.531
sp_vstab_off,249,420,1,23,23,260,260,0,0,observed,observed,L23=123.634/33.003 L259=101.927/46.253 L260=97.638/46.156 L262=82.167/60.362 L263=1.389/0.513
sp_vstab_off,249,420,2,286,286,523,523,0,0,observed,observed,L286=126.272/30.743 L522=101.172/46.018 L523=113.273/44.437 L525=90.145/68.093 L526=1.397/0.523
sp_vstab_off,250,421,1,23,23,260,260,0,0,observed,observed,L23=122.625/31.740 L259=100.531/46.305 L260=96.334/46.159 L262=83.273/61.245 L263=1.391/0.510
sp_vstab_off,250,421,2,286,286,523,523,0,0,observed,observed,L286=125.422/32.841 L522=100.503/47.047 L523=119.325/42.709 L525=90.100/66.566 L526=1.405/0.536
sp_vstab_off,251,422,1,23,23,260,260,0,0,observed,observed,L23=124.489/32.850 L259=104.422/46.931 L260=98.750/47.048 L262=85.436/61.807 L263=1.391/0.494
sp_vstab_off,251,422,2,286,286,523,523,0,0,observed,observed,L286=128.664/32.123 L522=100.466/47.624 L523=119.455/42.244 L525=92.439/68.279 L526=1.397/0.535
sp_vstab_off,252,423,1,23,23,260,260,0,0,observed,observed,L23=123.436/33.022 L259=99.409/47.186 L260=94.480/46.880 L262=84.867/61.400 L263=1.398/0.499
sp_vstab_off,252,423,2,286,286,523,523,0,0,observed,observed,L286=126.347/32.727 L522=100.202/47.394 L523=117.048/43.076 L525=93.231/68.197 L526=1.366/0.501
sp_vstab_off,253,424,1,23,23,260,260,0,0,observed,observed,L23=123.703/32.574 L259=100.492/45.984 L260=96.197/47.092 L262=81.970/59.408 L263=1.373/0.533
sp_vstab_off,253,424,2,286,286,523,523,0,0,observed,observed,L286=122.230/30.526 L522=97.436/47.143 L523=111.994/40.988 L525=91.005/68.109 L526=1.389/0.519
sp_vstab_off,254,425,1,23,23,260,260,0,0,observed,observed,L23=120.972/33.084 L259=97.517/47.012 L260=90.622/49.329 L262=84.009/61.115 L263=1.405/0.506
sp_vstab_off,254,425,2,286,286,523,523,0,0,observed,observed,L286=124.761/32.022 L522=99.991/46.126 L523=120.783/43.802 L525=89.575/67.657 L526=1.377/0.531
sp_vstab_off,255,426,1,23,23,260,260,0,0,observed,observed,L23=122.984/32.095 L259=100.456/46.243 L260=91.753/50.616 L262=82.487/59.701 L263=1.372/0.493
sp_vstab_off,255,426,2,286,286,523,523,0,0,observed,observed,L286=123.592/32.358 L522=98.530/45.818 L523=119.373/48.229 L525=91.781/67.847 L526=1.400/0.536
sp_vstab_off,256,427,1,23,23,260,260,0,0,observed,observed,L23=121.467/33.307 L259=100.953/45.795 L260=96.666/48.004 L262=84.763/60.768 L263=1.391/0.501
sp_vstab_off,256,427,2,286,286,523,523,0,0,observed,observed,L286=125.400/33.494 L522=99.773/45.832 L523=118.653/43.072 L525=90.073/67.699 L526=1.363/0.512
sp_vstab_off,257,428,1,23,23,260,260,0,0,observed,observed,L23=122.105/32.687 L259=98.612/47.001 L260=95.011/49.242 L262=82.152/59.489 L263=1.384/0.515
sp_vstab_off,257,428,2,286,286,523,523,0,0,observed,observed,L286=123.703/31.595 L522=99.708/45.989 L523=104.600/50.962 L525=92.759/69.217 L526=1.378/0.531
sp_vstab_off,258,429,1,23,23,260,260,0,0,observed,observed,L23=119.864/31.917 L259=99.648/46.882 L260=107.816/47.058 L262=85.305/60.675 L263=1.381/0.498
sp_vstab_off,258,429,2,286,286,523,523,0,0,observed,observed,L286=29.062/47.388 L522=101.027/47.020 L523=99.373/58.261 L525=91.141/68.332 L526=1.391/0.519
sp_vstab_off,259,430,1,23,23,260,260,0,0,observed,observed,L23=120.203/33.159 L259=100.277/46.335 L260=106.825/46.485 L262=83.081/59.233 L263=1.391/0.510
sp_vstab_off,259,430,2,286,286,523,523,0,0,observed,observed,L286=122.816/31.920 L522=101.520/46.001 L523=96.305/58.625 L525=91.597/67.560 L526=1.378/0.504
sp_vstab_off,260,431,1,23,23,260,260,0,0,observed,observed,L23=120.820/32.806 L259=100.678/46.750 L260=108.456/46.418 L262=85.131/61.336 L263=1.356/0.485
sp_vstab_off,260,431,2,286,286,523,523,0,0,observed,observed,L286=122.141/32.187 L522=102.612/45.616 L523=97.105/58.243 L525=92.480/68.480 L526=1.366/0.528
sp_vstab_off,261,432,1,23,23,260,260,0,0,observed,observed,L23=121.517/31.945 L259=102.178/46.648 L260=108.800/45.198 L262=82.397/60.389 L263=1.377/0.534
sp_vstab_off,261,432,2,286,286,523,523,0,0,observed,observed,L286=121.114/31.990 L522=100.003/46.296 L523=95.208/59.640 L525=91.233/69.302 L526=1.364/0.500
sp_vstab_off,262,433,1,23,23,260,260,0,0,observed,observed,L23=121.264/31.993 L259=99.752/46.076 L260=105.270/46.361 L262=85.081/61.128 L263=1.397/0.511
sp_vstab_off,262,433,2,286,286,523,523,0,0,observed,observed,L286=121.611/30.064 L522=101.294/45.971 L523=93.552/60.715 L525=89.872/67.302 L526=1.398/0.535
sp_vstab_off,263,434,1,23,23,260,260,0,0,observed,observed,L23=119.155/32.005 L259=101.625/46.817 L260=109.814/46.401 L262=83.956/60.021 L263=1.381/0.492
sp_vstab_off,263,434,2,286,286,523,523,0,0,observed,observed,L286=121.148/31.294 L522=102.052/46.435 L523=95.302/60.926 L525=90.752/68.353 L526=1.373/0.530
sp_vstab_off,264,435,1,23,23,260,260,0,0,observed,observed,L23=122.198/31.561 L259=101.669/46.558 L260=110.067/44.351 L262=85.891/61.537 L263=1.366/0.494
sp_vstab_off,264,435,2,286,286,523,523,0,0,observed,observed,L286=120.570/31.268 L522=102.286/46.017 L523=82.836/57.823 L525=91.545/69.188 L526=1.384/0.532
sp_vstab_off,265,436,1,23,23,260,260,0,0,observed,observed,L23=117.875/31.614 L259=105.202/45.945 L260=112.683/44.651 L262=82.736/60.768 L263=1.386/0.503
sp_vstab_off,265,436,2,286,286,523,523,0,0,observed,observed,L286=123.080/31.384 L522=100.409/47.041 L523=94.945/61.746 L525=92.453/70.301 L526=1.381/0.517
sp_vstab_off,266,437,1,23,23,260,260,0,0,observed,observed,L23=118.995/30.734 L259=100.875/47.546 L260=108.411/43.802 L262=85.045/61.590 L263=1.391/0.501
sp_vstab_off,266,437,2,286,286,523,523,0,0,observed,observed,L286=122.364/31.279 L522=104.653/45.286 L523=90.416/63.289 L525=90.552/68.213 L526=1.366/0.528
sp_vstab_off,267,438,1,23,23,260,260,0,0,observed,observed,L23=120.806/30.104 L259=102.636/47.235 L260=111.191/44.654 L262=83.622/59.622 L263=1.386/0.503
sp_vstab_off,267,438,2,286,286,523,523,0,0,observed,observed,L286=124.827/31.686 L522=100.866/46.090 L523=89.820/59.943 L525=91.989/68.091 L526=1.378/0.504
sp_vstab_off,268,439,1,23,23,260,260,0,0,observed,observed,L23=119.327/32.797 L259=101.661/46.563 L260=110.991/45.676 L262=84.822/60.641 L263=1.383/0.517
sp_vstab_off,268,439,2,286,286,523,523,0,0,observed,observed,L286=119.411/32.367 L522=100.505/45.883 L523=93.253/61.378 L525=88.280/67.625 L526=1.384/0.505
sp_vstab_off,269,440,1,23,23,260,260,0,0,observed,observed,L23=119.133/32.724 L259=103.487/46.319 L260=107.398/49.523 L262=83.628/60.521 L263=1.387/0.512
sp_vstab_off,269,440,2,286,286,523,523,0,0,observed,observed,L286=121.992/31.762 L522=103.456/46.369 L523=99.737/58.394 L525=92.722/68.885 L526=1.377/0.531
sp_vstab_off,270,441,1,23,23,260,260,0,0,observed,observed,L23=116.928/33.003 L259=104.377/46.128 L260=106.570/49.180 L262=84.303/60.363 L263=1.387/0.497
sp_vstab_off,270,441,2,286,286,523,523,0,0,observed,observed,L286=119.445/31.286 L522=104.045/45.268 L523=100.609/57.593 L525=91.884/67.983 L526=1.372/0.515
sp_vstab_off,271,442,1,23,23,260,260,0,0,observed,observed,L23=119.297/32.796 L259=100.673/45.963 L260=105.759/48.374 L262=81.656/59.921 L263=1.375/0.500
sp_vstab_off,271,442,2,286,286,523,523,0,0,observed,observed,L286=118.998/31.758 L522=102.784/46.826 L523=97.775/59.021 L525=94.742/70.321 L526=1.384/0.518
sp_vstab_off,272,443,1,23,23,260,260,0,0,observed,observed,L23=116.112/33.491 L259=106.622/45.982 L260=106.180/48.757 L262=87.555/62.006 L263=1.378/0.498
sp_vstab_off,272,443,2,286,286,523,523,0,0,observed,observed,L286=118.459/31.751 L522=102.558/46.567 L523=99.792/56.038 L525=93.120/68.684 L526=1.380/0.504
sp_vstab_off,273,444,1,23,23,260,260,0,0,observed,observed,L23=116.292/32.771 L259=103.842/46.879 L260=106.662/47.070 L262=82.934/60.665 L263=1.377/0.488
sp_vstab_off,273,444,2,286,286,523,523,0,0,observed,observed,L286=122.338/32.847 L522=102.312/45.851 L523=102.389/57.473 L525=91.873/68.108 L526=1.372/0.530
sp_vstab_off,274,445,1,23,23,260,260,0,0,observed,observed,L23=115.219/33.714 L259=103.311/46.221 L260=106.369/48.523 L262=86.450/62.209 L263=1.384/0.493
sp_vstab_off,274,445,2,286,286,523,523,0,0,observed,observed,L286=119.638/33.207 L522=103.906/45.590 L523=105.269/53.248 L525=92.622/68.404 L526=1.369/0.532
sp_vstab_off,275,446,1,23,23,260,260,0,0,observed,observed,L23=117.702/33.435 L259=102.594/46.015 L260=108.548/46.628 L262=85.912/60.607 L263=1.380/0.507
sp_vstab_off,275,446,2,286,286,523,523,0,0,observed,observed,L286=121.739/33.544 L522=104.039/45.503 L523=106.617/56.980 L525=91.934/67.425 L526=1.386/0.536
sp_vstab_off,276,447,1,23,23,260,260,0,0,observed,observed,L23=117.311/32.112 L259=103.941/46.211 L260=105.716/48.355 L262=85.639/61.660 L263=1.380/0.507
sp_vstab_off,276,447,2,286,286,523,523,0,0,observed,observed,L286=120.077/33.212 L522=102.623/46.208 L523=103.202/55.617 L525=91.942/69.304 L526=1.394/0.534
sp_vstab_off,277,448,1,23,23,260,260,0,0,observed,observed,L23=119.822/34.118 L259=104.909/47.006 L260=108.153/47.155 L262=86.492/61.893 L263=1.383/0.492
sp_vstab_off,277,448,2,286,286,523,523,0,0,observed,observed,L286=122.544/33.420 L522=104.053/45.532 L523=111.847/49.674 L525=92.114/68.877 L526=1.375/0.515
sp_vstab_off,278,449,1,23,23,260,260,0,0,observed,observed,L23=116.730/33.617 L259=105.183/45.885 L260=106.423/47.348 L262=84.678/60.223 L263=1.378/0.498
sp_vstab_off,278,449,2,286,286,523,523,0,0,observed,observed,L286=121.894/32.961 L522=104.502/45.259 L523=110.006/51.598 L525=92.688/67.612 L526=1.395/0.520
sp_vstab_off,279,450,1,23,23,260,260,0,0,observed,observed,L23=121.078/33.676 L259=104.759/47.083 L260=108.272/47.814 L262=83.355/60.160 L263=1.370/0.496
sp_vstab_off,279,450,2,286,286,523,523,0,0,observed,observed,L286=126.514/33.108 L522=105.716/46.378 L523=116.922/49.562 L525=92.934/68.174 L526=1.361/0.544
sp_vstab_off,280,451,1,23,23,260,260,0,0,observed,observed,L23=121.836/34.328 L259=104.127/45.766 L260=107.714/46.752 L262=84.566/59.975 L263=1.394/0.495
sp_vstab_off,280,451,2,286,286,523,523,0,0,observed,observed,L286=125.791/32.802 L522=105.008/45.506 L523=111.502/49.175 L525=92.561/67.596 L526=1.377/0.531
sp_vstab_off,281,452,1,23,23,260,260,0,0,observed,observed,L23=124.175/34.600 L259=107.378/46.493 L260=109.125/48.874 L262=84.480/59.670 L263=1.369/0.508
sp_vstab_off,281,452,2,286,286,523,523,0,0,observed,observed,L286=128.227/32.478 L522=104.361/45.854 L523=113.088/49.601 L525=90.327/67.506 L526=1.377/0.516
sp_vstab_off,282,453,1,23,23,260,260,0,0,observed,observed,L23=123.620/34.402 L259=107.142/45.569 L260=107.862/47.820 L262=83.673/61.058 L263=1.383/0.492
sp_vstab_off,282,453,2,286,286,523,523,0,0,observed,observed,L286=130.506/33.487 L522=105.075/45.924 L523=119.103/44.342 L525=91.127/68.008 L526=1.370/0.514
sp_vstab_off,283,454,1,23,23,260,260,0,0,observed,observed,L23=124.817/35.208 L259=104.566/44.930 L260=99.117/49.185 L262=81.825/59.070 L263=1.389/0.509
sp_vstab_off,283,454,2,286,286,523,523,0,0,observed,observed,L286=127.438/33.696 L522=102.536/44.403 L523=114.177/43.431 L525=89.222/67.327 L526=1.375/0.533
sp_vstab_off,284,455,1,23,23,260,260,0,0,observed,observed,L23=122.248/33.732 L259=106.050/44.452 L260=104.933/48.251 L262=83.373/60.016 L263=1.370/0.496
sp_vstab_off,284,455,2,286,286,523,523,0,0,observed,observed,L286=129.294/33.307 L522=103.747/46.517 L523=114.648/43.783 L525=90.219/67.526 L526=1.394/0.534
sp_vstab_off,285,456,1,23,23,260,260,0,0,observed,observed,L23=125.903/34.276 L259=105.095/46.458 L260=105.666/49.459 L262=82.822/59.425 L263=1.372/0.521
sp_vstab_off,285,456,2,286,286,523,523,0,0,observed,observed,L286=128.161/33.937 L522=103.145/45.954 L523=119.144/41.792 L525=89.347/67.378 L526=1.384/0.518
sp_vstab_off,286,457,1,23,23,260,260,0,0,observed,observed,L23=124.995/34.502 L259=102.758/46.329 L260=96.583/49.866 L262=81.625/60.464 L263=1.381/0.492
sp_vstab_off,286,457,2,286,286,523,523,0,0,observed,observed,L286=130.017/33.856 L522=102.800/46.292 L523=119.980/45.247 L525=91.991/67.482 L526=1.361/0.499
sp_vstab_off,287,458,1,23,23,260,260,0,0,observed,observed,L23=127.602/34.612 L259=101.780/45.817 L260=95.281/49.597 L262=81.219/60.248 L263=1.367/0.492
sp_vstab_off,287,458,2,286,286,523,523,0,0,observed,observed,L286=129.777/33.709 L522=102.502/46.819 L523=119.445/45.410 L525=91.744/68.968 L526=1.387/0.518
sp_vstab_off,288,459,1,23,23,260,260,0,0,observed,observed,L23=130.500/34.663 L259=101.547/46.302 L260=96.669/48.305 L262=81.828/60.499 L263=1.386/0.503
sp_vstab_off,288,459,2,286,286,523,523,0,0,observed,observed,L286=130.995/34.409 L522=101.411/45.949 L523=118.192/42.737 L525=90.455/66.375 L526=1.392/0.507
sp_vstab_off,289,460,1,23,23,260,260,0,0,observed,observed,L23=128.498/34.655 L259=100.502/46.714 L260=93.134/49.074 L262=80.394/59.293 L263=1.395/0.511
sp_vstab_off,289,460,2,286,286,523,523,0,0,observed,observed,L286=130.152/34.228 L522=100.378/46.119 L523=118.853/44.812 L525=89.800/67.297 L526=1.380/0.517
sp_vstab_off,290,461,1,23,23,260,260,0,0,observed,observed,L23=128.486/35.351 L259=103.672/46.004 L260=95.830/50.232 L262=82.072/59.985 L263=1.366/0.504
sp_vstab_off,290,461,2,286,286,523,523,0,0,observed,observed,L286=131.677/33.544 L522=101.320/46.557 L523=118.130/44.901 L525=90.264/67.750 L526=1.400/0.509
sp_vstab_off,291,462,1,23,23,260,260,0,0,observed,observed,L23=129.688/34.927 L259=101.948/46.069 L260=94.355/49.503 L262=82.498/60.525 L263=1.398/0.493
sp_vstab_off,291,462,2,286,286,523,523,0,0,observed,observed,L286=133.183/34.017 L522=99.855/46.555 L523=123.775/47.350 L525=89.103/66.777 L526=1.375/0.518
sp_vstab_off,292,463,1,23,23,260,260,0,0,observed,observed,L23=128.167/34.932 L259=102.341/46.067 L260=96.500/50.653 L262=82.891/59.018 L263=1.377/0.497
sp_vstab_off,292,463,2,286,286,523,523,0,0,observed,observed,L286=132.531/33.372 L522=99.711/46.904 L523=117.269/42.429 L525=88.809/66.954 L526=1.397/0.520
sp_vstab_off,293,464,1,23,23,260,260,0,0,observed,observed,L23=129.188/33.999 L259=101.131/46.393 L260=93.784/49.583 L262=82.559/60.187 L263=1.380/0.498
sp_vstab_off,293,464,2,286,286,523,523,0,0,observed,observed,L286=130.966/34.105 L522=97.892/45.515 L523=122.445/47.268 L525=88.500/67.045 L526=1.394/0.520
sp_vstab_off,294,465,1,23,23,260,260,0,0,observed,observed,L23=127.270/33.484 L259=99.130/46.065 L260=94.197/50.559 L262=81.892/59.186 L263=1.377/0.494
sp_vstab_off,294,465,2,286,286,523,523,0,0,observed,observed,L286=133.150/32.972 L522=99.230/44.957 L523=118.042/42.654 L525=89.047/66.878 L526=1.398/0.535
sp_vstab_off,295,466,1,23,23,260,260,0,0,observed,observed,L23=131.216/33.277 L259=96.917/46.137 L260=93.195/48.654 L262=81.833/57.515 L263=1.400/0.524
sp_vstab_off,295,466,2,286,286,523,523,0,0,observed,observed,L286=132.009/34.539 L522=99.470/46.216 L523=128.375/48.125 L525=92.139/65.364 L526=1.398/0.553
sp_vstab_off,296,467,1,23,23,260,260,0,0,observed,observed,L23=131.161/32.215 L259=95.250/46.907 L260=93.852/49.248 L262=83.067/58.736 L263=1.381/0.492
sp_vstab_off,296,467,2,286,286,523,523,0,0,observed,observed,L286=131.392/32.255 L522=97.869/47.304 L523=120.567/42.696 L525=91.502/64.452 L526=1.377/0.531
sp_vstab_off,297,468,1,23,23,260,260,0,0,observed,observed,L23=135.489/32.156 L259=98.167/45.899 L260=95.237/47.227 L262=82.558/59.038 L263=1.400/0.499
sp_vstab_off,297,468,2,286,286,523,523,0,0,observed,observed,L286=132.400/33.356 L522=98.978/47.466 L523=119.412/43.447 L525=91.270/65.581 L526=1.389/0.519
sp_vstab_off,298,469,1,23,23,260,260,0,0,observed,observed,L23=127.516/45.990 L259=97.305/54.073 L260=94.841/56.527 L262=55.889/46.723 L263=1.395/0.502
sp_vstab_off,298,469,2,286,286,523,523,0,0,observed,observed,L286=132.223/36.650 L522=97.028/54.146 L523=69.963/39.995 L525=65.963/53.299 L526=1.377/0.516
sp_vstab_off,299,470,1,23,23,260,261,0,1,observed,observed,L23=126.423/44.729 L260=94.427/52.837 L261=55.820/45.016 L262=57.133/45.924 L263=1.389/0.497
sp_vstab_off,299,470,2,286,286,523,523,0,0,observed,observed,L286=131.473/40.201 L522=97.297/55.966 L523=77.692/42.573 L525=67.555/55.575 L526=1.383/0.517
sp_vstab_off,300,471,1,23,23,261,261,0,0,observed,observed,L23=125.186/44.675 L260=93.681/53.652 L261=56.320/46.678 L262=57.509/47.902 L263=1.372/0.493
sp_vstab_off,300,471,2,286,286,523,523,0,0,observed,observed,L286=129.700/39.460 L522=98.764/54.596 L523=80.572/41.765 L525=65.575/55.856 L526=1.373/0.503
sp_vstab_off,301,472,1,23,23,261,260,0,-1,observed,observed,L23=125.438/45.361 L259=95.136/55.912 L260=90.092/56.209 L262=55.680/46.892 L263=1.384/0.518
sp_vstab_off,301,472,2,286,286,523,523,0,0,observed,observed,L286=130.177/41.045 L522=95.047/54.720 L523=74.056/42.051 L525=65.072/54.212 L526=1.380/0.531
sp_vstab_off,302,473,1,23,23,260,260,0,0,observed,observed,L23=124.033/44.756 L259=97.391/55.708 L260=94.166/55.280 L262=56.447/46.835 L263=1.383/0.505
sp_vstab_off,302,473,2,286,286,523,523,0,0,observed,observed,L286=133.814/41.473 L522=95.941/55.549 L523=75.969/39.520 L525=62.962/54.957 L526=1.392/0.534
sp_vstab_off,303,474,1,23,23,260,260,0,0,observed,observed,L23=125.828/44.902 L259=95.973/56.365 L260=88.509/48.456 L262=57.323/48.404 L263=1.377/0.491
sp_vstab_off,303,474,2,286,286,523,523,0,0,observed,observed,L286=133.327/39.217 L522=97.844/56.101 L523=79.188/40.780 L525=66.938/56.607 L526=1.402/0.536
sp_vstab_off,304,475,1,23,23,260,260,0,0,observed,observed,L23=126.791/44.488 L259=97.295/55.419 L260=94.748/57.458 L262=54.334/47.340 L263=1.384/0.518
sp_vstab_off,304,475,2,286,286,523,523,0,0,observed,observed,L286=135.478/38.825 L522=98.064/54.722 L523=76.203/39.216 L525=66.405/55.328 L526=1.387/0.550
sp_vstab_off,305,476,1,23,23,260,260,0,0,observed,observed,L23=126.539/44.425 L259=96.934/55.219 L260=88.630/49.191 L262=54.944/47.236 L263=1.381/0.489
sp_vstab_off,305,476,2,286,286,523,523,0,0,observed,observed,L286=131.964/40.621 L522=96.778/55.409 L523=77.361/39.870 L525=65.338/53.474 L526=1.395/0.520
sp_vstab_off,306,477,1,23,23,260,261,0,1,observed,observed,L23=124.469/44.683 L260=95.300/58.037 L261=53.872/45.882 L262=54.539/46.327 L263=1.383/0.508
sp_vstab_off,306,477,2,286,286,523,523,0,0,observed,observed,L286=131.175/41.027 L522=97.422/54.993 L523=79.852/38.644 L525=64.963/54.703 L526=1.389/0.519
sp_vstab_off,307,478,1,23,23,261,260,0,-1,observed,observed,L23=126.716/46.127 L259=95.523/54.458 L260=87.662/50.608 L262=53.780/46.999 L263=1.389/0.522
sp_vstab_off,307,478,2,286,286,523,523,0,0,observed,observed,L286=130.167/37.440 L522=94.159/55.780 L523=76.764/38.885 L525=64.816/53.746 L526=1.386/0.533
sp_vstab_off,308,479,1,23,23,260,261,0,1,observed,observed,L23=128.050/42.189 L260=87.409/49.222 L261=52.586/44.910 L262=54.377/47.253 L263=1.391/0.494
sp_vstab_off,308,479,2,286,286,523,523,0,0,observed,observed,L286=137.853/34.741 L522=95.405/54.508 L523=77.095/40.126 L525=65.611/54.492 L526=1.377/0.504
sp_vstab_off,309,480,1,23,23,261,261,0,0,observed,observed,L23=128.519/42.805 L260=88.233/51.478 L261=53.669/46.032 L262=54.594/47.136 L263=1.378/0.510
sp_vstab_off,309,480,2,286,286,523,523,0,0,observed,observed,L286=135.244/35.969 L522=102.316/52.195 L523=86.372/39.739 L525=71.381/55.458 L526=1.391/0.534
sp_vstab_off,310,481,1,23,23,261,261,0,0,observed,observed,L23=126.125/45.186 L260=95.953/48.092 L261=61.759/47.438 L262=61.853/49.898 L263=1.380/0.510
sp_vstab_off,310,481,2,286,286,523,523,0,0,observed,observed,L286=133.131/39.459 L522=103.377/52.739 L523=81.802/39.589 L525=71.795/56.022 L526=1.381/0.532
sp_vstab_off,311,482,1,23,23,261,261,0,0,observed,observed,L23=126.305/45.585 L260=98.412/48.103 L261=62.792/47.991 L262=62.413/49.411 L263=1.381/0.520
sp_vstab_off,311,482,2,286,286,523,523,0,0,observed,observed,L286=130.389/39.009 L522=103.236/52.199 L523=83.872/40.826 L525=72.120/56.072 L526=1.361/0.527
sp_vstab_off,312,483,1,23,23,261,261,0,0,observed,observed,L23=128.602/45.332 L260=96.416/49.550 L261=60.869/48.444 L262=58.800/49.819 L263=1.380/0.517
sp_vstab_off,312,483,2,286,286,523,523,0,0,observed,observed,L286=129.347/40.817 L522=103.850/53.472 L523=82.592/41.776 L525=68.281/55.012 L526=1.397/0.535
sp_vstab_off,313,484,1,23,23,261,261,0,0,observed,observed,L23=127.109/45.709 L260=98.216/51.049 L261=61.348/50.384 L262=59.764/50.126 L263=1.389/0.494
sp_vstab_off,313,484,2,286,286,523,523,0,0,observed,observed,L286=132.436/38.520 L522=101.841/53.459 L523=82.647/40.714 L525=70.245/56.963 L526=1.381/0.517
sp_vstab_off,314,485,1,23,23,261,261,0,0,observed,observed,L23=126.014/45.488 L260=98.633/51.955 L261=60.430/49.201 L262=60.061/50.104 L263=1.380/0.517
sp_vstab_off,314,485,2,286,286,523,523,0,0,observed,observed,L286=130.703/39.995 L522=95.273/57.009 L523=75.791/40.769 L525=61.694/53.651 L526=1.383/0.532
sp_vstab_off,315,486,1,23,23,261,261,0,0,observed,observed,L23=127.178/46.266 L260=90.439/54.607 L261=52.658/44.978 L262=51.805/46.235 L263=1.386/0.496
sp_vstab_off,315,486,2,286,286,523,523,0,0,observed,observed,L286=133.738/39.561 L522=94.208/56.903 L523=75.864/41.402 L525=60.925/52.916 L526=1.392/0.537
sp_vstab_off,316,487,1,23,23,261,260,0,-1,observed,observed,L23=128.055/45.688 L259=95.017/55.956 L260=90.817/55.041 L262=51.498/46.049 L263=1.381/0.498
sp_vstab_off,316,487,2,286,286,523,523,0,0,observed,observed,L286=132.598/40.598 L522=94.691/56.032 L523=75.739/40.147 L525=61.337/52.559 L526=1.394/0.520
sp_vstab_off,317,488,1,23,23,260,261,0,1,observed,observed,L23=127.533/45.729 L260=90.586/56.071 L261=51.969/44.501 L262=50.319/45.771 L263=1.386/0.496
sp_vstab_off,317,488,2,286,286,523,523,0,0,observed,observed,L286=130.955/40.779 L522=94.644/55.682 L523=78.783/41.221 L525=59.953/53.896 L526=1.387/0.506
sp_vstab_off,318,489,1,23,23,261,261,0,0,observed,observed,L23=127.833/46.175 L260=91.345/58.342 L261=50.953/44.044 L262=49.702/44.883 L263=1.384/0.496
sp_vstab_off,318,489,2,286,286,523,523,0,0,observed,observed,L286=131.789/39.813 L522=94.286/55.819 L523=75.911/39.752 L525=57.489/52.861 L526=1.386/0.550
sp_vstab_off,319,490,1,23,23,261,261,0,0,observed,observed,L23=126.798/46.125 L260=86.034/49.595 L261=50.842/45.247 L262=49.427/44.689 L263=1.395/0.502
sp_vstab_off,319,490,2,286,286,523,523,0,0,observed,observed,L286=135.206/37.291 L522=92.075/56.554 L523=76.972/41.386 L525=58.384/53.170 L526=1.398/0.521
sp_vstab_off,320,491,1,23,23,261,261,0,0,observed,observed,L23=127.952/46.116 L260=91.647/58.088 L261=52.325/45.630 L262=49.800/46.744 L263=1.394/0.498
sp_vstab_off,320,491,2,286,286,523,523,0,0,observed,observed,L286=135.791/36.293 L522=93.658/56.796 L523=76.078/38.589 L525=55.425/53.935 L526=1.372/0.530
sp_vstab_off,321,492,1,23,23,261,261,0,0,observed,observed,L23=128.153/45.712 L260=83.680/49.015 L261=49.109/43.705 L262=46.856/45.128 L263=1.370/0.486
sp_vstab_off,321,492,2,286,286,523,523,0,0,observed,observed,L286=135.809/36.867 L522=91.694/55.386 L523=76.630/40.269 L525=54.355/53.595 L526=1.377/0.531
sp_vstab_off,322,493,1,23,23,261,261,0,0,observed,observed,L23=128.625/45.681 L260=87.995/55.971 L261=49.259/43.771 L262=45.209/43.716 L263=1.392/0.507
sp_vstab_off,322,493,2,286,286,523,523,0,0,observed,observed,L286=131.275/38.970 L522=92.173/56.338 L523=72.009/40.987 L525=56.355/53.410 L526=1.372/0.515
sp_vstab_off,323,494,1,23,23,261,260,0,-1,observed,observed,L23=129.684/44.996 L259=92.233/54.552 L260=87.080/54.734 L262=45.067/44.410 L263=1.369/0.495
sp_vstab_off,323,494,2,286,286,523,523,0,0,observed,observed,L286=133.089/40.411 L522=92.102/55.685 L523=73.939/40.636 L525=58.133/53.371 L526=1.394/0.520
sp_vstab_off,324,495,1,23,23,260,261,0,1,observed,observed,L23=129.655/46.682 L260=81.694/50.382 L261=47.750/44.167 L262=47.802/46.078 L263=1.372/0.538
sp_vstab_off,324,495,2,286,286,523,523,0,0,observed,observed,L286=133.775/38.608 L522=90.392/56.069 L523=71.203/38.965 L525=57.334/53.699 L526=1.366/0.513
sp_vstab_off,325,496,1,23,23,261,259,0,-2,observed,observed,L23=128.703/46.199 L258=91.900/55.737 L259=90.578/55.537 L262=46.314/44.712 L263=1.361/0.515
sp_vstab_off,325,496,2,286,286,523,523,0,0,observed,observed,L286=134.097/37.782 L522=89.500/55.937 L523=69.742/41.087 L525=58.667/54.053 L526=1.380/0.517
sp_vstab_off,326,497,1,23,23,259,260,0,1,observed,observed,L23=128.455/46.841 L259=87.748/55.860 L260=78.817/51.692 L262=47.348/44.724 L263=1.378/0.498
sp_vstab_off,326,497,2,286,286,523,523,0,0,observed,observed,L286=132.716/38.384 L522=87.013/55.633 L523=69.131/40.164 L525=55.450/54.439 L526=1.378/0.516
sp_vstab_off,327,498,1,23,23,260,260,0,0,observed,observed,L23=127.227/45.726 L259=88.066/56.223 L260=83.255/56.370 L262=47.000/45.760 L263=1.389/0.494
sp_vstab_off,327,498,2,286,286,523,522,0,-1,observed,observed,L286=136.838/38.598 L521=88.797/55.765 L522=86.273/57.745 L525=58.427/55.044 L526=1.377/0.504
sp_vstab_off,328,499,1,23,23,260,259,0,-1,observed,observed,L23=129.775/46.750 L258=89.942/55.969 L259=85.255/56.387 L262=47.956/45.689 L263=1.386/0.518
sp_vstab_off,328,499,2,286,286,522,523,0,1,observed,observed,L286=134.877/38.241 L522=86.062/56.984 L523=72.627/46.359 L525=59.125/54.295 L526=1.364/0.513
sp_vstab_off,329,500,1,23,23,259,261,0,2,observed,observed,L23=127.211/45.554 L260=81.697/52.558 L261=49.016/45.374 L262=49.136/46.127 L263=1.405/0.503
sp_vstab_off,329,500,2,286,286,523,523,0,0,observed,observed,L286=135.005/38.706 L522=86.030/57.179 L523=70.284/41.921 L525=57.383/55.870 L526=1.358/0.511
sp_vstab_off,330,501,1,23,23,261,260,0,-1,observed,observed,L23=130.175/45.405 L259=86.614/57.775 L260=80.669/51.365 L262=48.886/46.722 L263=1.364/0.497
sp_vstab_off,330,501,2,286,286,523,523,0,0,observed,observed,L286=133.558/37.564 L522=89.320/57.305 L523=73.609/45.461 L525=56.456/55.262 L526=1.386/0.518
sp_vstab_off,331,502,1,23,23,260,260,0,0,observed,observed,L23=129.833/45.242 L259=89.256/57.849 L260=82.747/51.976 L262=48.216/47.528 L263=1.386/0.506
sp_vstab_off,331,502,2,286,286,523,523,0,0,observed,observed,L286=136.287/38.321 L522=88.680/58.818 L523=73.723/42.890 L525=58.820/55.970 L526=1.383/0.505
sp_vstab_off,332,503,1,23,23,260,261,0,1,observed,observed,L23=128.806/45.248 L260=81.269/52.064 L261=48.744/44.677 L262=49.388/47.339 L263=1.386/0.499
sp_vstab_off,332,503,2,286,286,523,523,0,0,observed,observed,L286=134.975/35.665 L522=88.930/58.200 L523=66.364/40.863 L525=56.128/54.566 L526=1.391/0.519
sp_vstab_off,333,504,1,23,23,261,261,0,0,observed,observed,L23=127.300/45.432 L260=85.080/55.085 L261=49.728/44.833 L262=47.430/46.567 L263=1.377/0.488
sp_vstab_off,333,504,2,286,286,523,523,0,0,observed,observed,L286=134.497/36.401 L522=87.508/58.699 L523=74.923/43.475 L525=58.402/55.240 L526=1.370/0.514
sp_vstab_off,334,505,1,23,23,261,260,0,-1,observed,observed,L23=127.248/44.684 L259=88.953/57.250 L260=82.772/51.869 L262=48.653/47.511 L263=1.380/0.489
sp_vstab_off,334,505,2,286,286,523,523,0,0,observed,observed,L286=134.037/36.233 L522=92.013/58.123 L523=75.686/42.296 L525=59.923/56.465 L526=1.395/0.535
sp_vstab_off,335,506,1,23,23,260,261,0,1,observed,observed,L23=128.938/45.579 L260=88.900/57.505 L261=52.075/45.818 L262=48.259/47.245 L263=1.367/0.504
sp_vstab_off,335,506,2,286,286,523,523,0,0,observed,observed,L286=133.927/37.160 L522=93.292/57.795 L523=77.231/43.650 L525=60.714/57.196 L526=1.359/0.529
sp_vstab_off,336,507,1,23,23,261,260,0,-1,observed,observed,L23=129.561/45.864 L259=91.758/58.088 L260=90.647/61.151 L262=49.639/47.564 L263=1.395/0.517
sp_vstab_off,336,507,2,286,286,523,523,0,0,observed,observed,L286=134.547/35.999 L522=93.383/58.412 L523=75.358/42.662 L525=60.006/57.301 L526=1.400/0.553
sp_vstab_off,337,508,1,23,23,260,260,0,0,observed,observed,L23=129.769/44.529 L259=92.175/58.415 L260=90.177/59.156 L262=49.288/46.054 L263=1.381/0.498
sp_vstab_off,337,508,2,286,286,523,523,0,0,observed,observed,L286=135.575/36.001 L522=93.450/58.849 L523=74.438/42.087 L525=60.987/57.074 L526=1.383/0.517
sp_vstab_off,338,509,1,23,23,260,261,0,1,observed,observed,L23=129.550/45.726 L260=90.669/59.945 L261=51.173/45.844 L262=49.433/47.532 L263=1.386/0.506
sp_vstab_off,338,509,2,286,286,523,523,0,0,observed,observed,L286=137.833/36.834 L522=92.847/59.231 L523=74.002/41.423 L525=61.131/57.251 L526=1.384/0.518
sp_vstab_off,339,510,1,23,23,261,261,0,0,observed,observed,L23=132.033/44.253 L260=90.297/56.270 L261=51.819/46.270 L262=50.575/47.571 L263=1.364/0.494
sp_vstab_off,339,510,2,286,286,523,523,0,0,observed,observed,L286=134.588/36.805 L522=95.348/58.655 L523=75.112/41.416 L525=60.867/56.498 L526=1.391/0.519
sp_vstab_off,340,511,1,23,23,261,261,0,0,observed,observed,L23=129.394/45.923 L260=93.334/61.607 L261=52.169/45.976 L262=52.022/48.708 L263=1.387/0.490
sp_vstab_off,340,511,2,286,286,523,523,0,0,observed,observed,L286=139.159/34.942 L522=93.720/58.418 L523=78.202/41.449 L525=60.837/57.591 L526=1.378/0.516
sp_vstab_off,341,512,1,23,23,261,261,0,0,observed,observed,L23=128.711/44.905 L260=92.527/56.411 L261=53.777/47.412 L262=50.653/48.350 L263=1.366/0.491
sp_vstab_off,341,512,2,286,286,523,523,0,0,observed,observed,L286=135.759/35.189 L522=96.692/58.504 L523=74.438/44.849 L525=62.531/57.285 L526=1.384/0.518
sp_vstab_off,342,513,1,23,23,261,261,0,0,observed,observed,L23=131.491/45.611 L260=91.205/57.077 L261=55.459/48.046 L262=54.103/50.003 L263=1.363/0.487
sp_vstab_off,342,513,2,286,286,523,523,0,0,observed,observed,L286=140.427/35.951 L522=98.297/58.764 L523=82.897/44.093 L525=61.556/56.916 L526=1.384/0.505
sp_vstab_off,343,514,1,23,23,261,260,0,-1,observed,observed,L23=133.058/45.436 L259=97.181/58.643 L260=93.969/57.176 L262=54.175/49.597 L263=1.386/0.493
sp_vstab_off,343,514,2,286,286,523,523,0,0,observed,observed,L286=138.812/34.793 L522=98.394/58.248 L523=80.362/43.589 L525=63.952/59.007 L526=1.381/0.505
sp_vstab_off,344,515,1,23,23,260,261,0,1,observed,observed,L23=132.403/45.522 L260=95.653/57.971 L261=56.134/48.066 L262=55.877/49.509 L263=1.392/0.513
sp_vstab_off,344,515,2,286,286,523,523,0,0,observed,observed,L286=142.530/36.098 L522=98.847/60.013 L523=79.322/41.840 L525=64.056/58.308 L526=1.375/0.530
sp_vstab_off,345,516,1,23,23,261,261,0,0,observed,observed,L23=134.141/45.775 L260=89.920/53.151 L261=54.823/46.963 L262=53.339/49.323 L263=1.413/0.535
sp_vstab_off,345,516,2,286,286,523,523,0,0,observed,observed,L286=140.688/35.677 L522=98.955/59.570 L523=78.194/42.370 L525=66.216/57.963 L526=1.387/0.536
sp_vstab_off,346,517,1,23,23,261,261,0,0,observed,observed,L23=130.745/45.839 L260=90.934/53.778 L261=55.108/48.871 L262=53.614/48.998 L263=1.372/0.496
sp_vstab_off,346,517,2,286,286,523,523,0,0,observed,observed,L286=137.152/34.360 L522=98.970/58.993 L523=77.411/45.080 L525=65.756/58.071 L526=1.380/0.531
sp_vstab_off,347,518,1,23,23,261,260,0,-1,observed,observed,L23=131.695/46.445 L259=98.252/58.886 L260=90.355/50.153 L262=53.655/49.461 L263=1.375/0.506
sp_vstab_off,347,518,2,286,286,523,523,0,0,observed,observed,L286=137.488/35.623 L522=99.886/58.345 L523=80.898/42.502 L525=64.267/59.110 L526=1.402/0.553
sp_vstab_off,348,519,1,23,23,260,260,0,0,observed,observed,L23=131.341/45.241 L259=97.281/57.967 L260=88.622/50.579 L262=53.753/49.331 L263=1.369/0.489
sp_vstab_off,348,519,2,286,286,523,523,0,0,observed,observed,L286=138.156/36.732 L522=98.753/58.892 L523=77.873/44.150 L525=64.378/57.766 L526=1.367/0.528
sp_vstab_off,349,520,1,23,23,260,261,0,1,observed,observed,L23=132.320/45.447 L260=92.797/54.046 L261=55.608/48.137 L262=53.733/49.462 L263=1.378/0.494
sp_vstab_off,349,520,2,286,286,523,523,0,0,observed,observed,L286=137.773/35.391 L522=98.750/58.220 L523=76.588/44.138 L525=66.905/57.301 L526=1.386/0.518
sp_vstab_off,350,521,1,23,23,261,261,0,0,observed,observed,L23=128.858/44.642 L260=92.886/55.075 L261=56.964/48.320 L262=55.619/50.408 L263=1.373/0.496
sp_vstab_off,350,521,2,286,286,523,523,0,0,observed,observed,L286=138.117/36.190 L522=99.645/58.465 L523=79.030/43.079 L525=65.386/56.988 L526=1.361/0.499
sp_vstab_off,351,522,1,23,23,261,260,0,-1,observed,observed,L23=132.092/45.501 L259=97.922/59.270 L260=94.862/58.679 L262=54.633/49.371 L263=1.381/0.517
sp_vstab_off,351,522,2,286,286,523,523,0,0,observed,observed,L286=136.713/35.823 L522=99.280/58.424 L523=82.528/41.301 L525=65.714/58.168 L526=1.361/0.527
sp_vstab_off,352,523,1,23,23,260,261,0,1,observed,observed,L23=129.631/44.452 L260=93.605/55.236 L261=55.172/48.661 L262=54.987/49.315 L263=1.406/0.510
sp_vstab_off,352,523,2,286,286,523,523,0,0,observed,observed,L286=137.436/35.339 L522=98.558/59.100 L523=79.948/42.236 L525=66.213/58.909 L526=1.370/0.514
sp_vstab_off,353,524,1,23,23,261,260,0,-1,observed,observed,L23=128.622/45.047 L259=95.481/57.489 L260=92.034/56.953 L262=53.245/48.605 L263=1.391/0.510
sp_vstab_off,353,524,2,286,286,523,523,0,0,observed,observed,L286=135.111/35.539 L522=97.722/58.311 L523=78.802/42.369 L525=65.661/57.314 L526=1.400/0.536
sp_vstab_off,354,525,1,23,23,260,261,0,1,observed,observed,L23=127.916/45.041 L260=93.069/58.334 L261=54.083/48.063 L262=54.783/48.672 L263=1.373/0.496
sp_vstab_off,354,525,2,286,286,523,523,0,0,observed,observed,L286=133.927/33.448 L522=95.683/58.738 L523=78.850/43.512 L525=63.994/55.858 L526=1.372/0.502
sp_vstab_off,355,526,1,23,23,261,260,0,-1,observed,observed,L23=126.777/44.538 L259=95.833/58.289 L260=88.467/54.029 L262=54.978/49.019 L263=1.377/0.507
sp_vstab_off,355,526,2,286,286,523,523,0,0,observed,observed,L286=136.492/33.972 L522=97.086/59.221 L523=73.469/42.282 L525=66.642/57.358 L526=1.397/0.511
sp_vstab_off,356,527,1,23,23,260,260,0,0,observed,observed,L23=128.484/44.514 L259=95.272/58.201 L260=88.570/53.849 L262=54.706/48.314 L263=1.384/0.511
sp_vstab_off,356,527,2,286,286,523,523,0,0,observed,observed,L286=135.794/33.459 L522=96.106/59.099 L523=73.870/42.984 L525=65.498/55.620 L526=1.394/0.520
sp_vstab_off,357,528,1,23,23,260,261,0,1,observed,observed,L23=129.342/45.039 L260=94.067/58.931 L261=54.837/46.673 L262=52.492/49.574 L263=1.380/0.504
sp_vstab_off,357,528,2,286,286,523,523,0,0,observed,observed,L286=132.745/34.514 L522=98.356/57.762 L523=77.066/41.488 L525=66.338/57.669 L526=1.384/0.532
sp_vstab_off,358,529,1,23,23,261,261,0,0,observed,observed,L23=128.766/44.284 L260=92.298/54.256 L261=55.630/47.583 L262=54.525/49.184 L263=1.397/0.511
sp_vstab_off,358,529,2,286,286,523,523,0,0,observed,observed,L286=135.570/35.176 L522=97.509/58.455 L523=77.914/43.391 L525=67.034/57.334 L526=1.375/0.515
sp_vstab_off,359,530,1,23,23,261,261,0,0,observed,observed,L23=127.689/44.458 L260=91.969/54.112 L261=55.106/47.689 L262=53.183/48.369 L263=1.373/0.506
sp_vstab_off,359,530,2,286,286,523,523,0,0,observed,observed,L286=136.066/34.390 L522=99.638/57.952 L523=84.602/41.796 L525=65.989/57.976 L526=1.386/0.518
sp_vstab_off,360,531,1,23,23,261,261,0,0,observed,observed,L23=129.269/44.474 L260=91.780/53.158 L261=54.784/48.437 L262=54.528/49.103 L263=1.389/0.500
sp_vstab_off,360,531,2,286,286,523,523,0,0,observed,observed,L286=136.113/35.109 L522=99.789/59.464 L523=81.550/40.535 L525=67.431/57.826 L526=1.392/0.534
sp_vstab_off,361,532,1,23,23,261,261,0,0,observed,observed,L23=128.189/46.131 L260=90.228/54.288 L261=56.539/48.313 L262=52.688/48.399 L263=1.398/0.499
sp_vstab_off,361,532,2,286,286,523,523,0,0,observed,observed,L286=134.116/35.887 L522=97.881/58.485 L523=82.098/42.972 L525=65.275/57.684 L526=1.366/0.513
sp_vstab_off,362,533,1,23,23,261,261,0,0,observed,observed,L23=130.847/44.208 L260=96.159/60.408 L261=55.922/48.442 L262=55.445/48.650 L263=1.380/0.495
sp_vstab_off,362,533,2,286,286,523,523,0,0,observed,observed,L286=135.742/35.501 L522=98.791/57.910 L523=80.638/42.218 L525=64.528/57.753 L526=1.384/0.532
sp_vstab_off,363,534,1,23,23,261,260,0,-1,observed,observed,L23=130.208/44.379 L259=99.547/58.456 L260=90.123/52.556 L262=54.178/49.538 L263=1.400/0.518
sp_vstab_off,363,534,2,286,286,523,523,0,0,observed,observed,L286=136.156/35.267 L522=99.842/58.932 L523=86.037/41.686 L525=67.397/58.073 L526=1.403/0.521
sp_vstab_off,364,535,1,23,23,260,260,0,0,observed,observed,L23=128.497/43.869 L259=98.703/58.479 L260=90.964/52.671 L262=54.627/49.418 L263=1.403/0.500
sp_vstab_off,364,535,2,286,286,523,523,0,0,observed,observed,L286=135.830/34.418 L522=98.703/57.864 L523=81.734/42.698 L525=67.081/57.008 L526=1.381/0.532
sp_vstab_off,365,536,1,23,23,260,260,0,0,observed,observed,L23=128.633/44.600 L259=98.259/58.333 L260=90.933/52.489 L262=55.489/49.099 L263=1.373/0.493
sp_vstab_off,365,536,2,286,286,523,523,0,0,observed,observed,L286=133.963/34.590 L522=98.002/58.808 L523=78.142/41.185 L525=66.616/58.088 L526=1.381/0.505
sp_vstab_off,366,537,1,23,23,260,260,0,0,observed,observed,L23=130.400/44.281 L259=97.809/59.036 L260=91.173/52.321 L262=55.862/49.501 L263=1.364/0.503
sp_vstab_off,366,537,2,286,286,523,523,0,0,observed,observed,L286=135.767/34.849 L522=100.005/58.049 L523=83.111/42.037 L525=66.817/57.594 L526=1.375/0.515
sp_vstab_off,367,538,1,23,23,260,261,0,1,observed,observed,L23=129.245/44.322 L260=95.781/56.875 L261=56.523/46.418 L262=53.995/49.344 L263=1.380/0.507
sp_vstab_off,367,538,2,286,286,523,523,0,0,observed,observed,L286=135.542/33.897 L522=98.438/59.045 L523=81.750/41.270 L525=66.930/59.070 L526=1.403/0.521
sp_vstab_off,368,539,1,23,23,261,261,0,0,observed,observed,L23=129.628/44.537 L260=93.369/52.712 L261=56.891/47.766 L262=55.797/49.834 L263=1.377/0.491
sp_vstab_off,368,539,2,286,286,523,523,0,0,observed,observed,L286=135.403/34.272 L522=100.186/58.621 L523=76.175/43.921 L525=66.416/59.014 L526=1.386/0.533
sp_vstab_off,369,540,1,23,23,261,261,0,0,observed,observed,L23=129.095/44.624 L260=93.703/54.151 L261=55.794/47.621 L262=54.645/49.335 L263=1.389/0.531
sp_vstab_off,369,540,2,286,286,523,523,0,0,observed,observed,L286=133.928/34.889 L522=100.070/58.015 L523=79.742/41.121 L525=65.930/57.443 L526=1.389/0.506
sp_vstab_off,370,541,1,23,23,261,261,0,0,observed,observed,L23=129.864/44.634 L260=96.566/57.208 L261=57.161/48.381 L262=56.202/50.235 L263=1.386/0.509
sp_vstab_off,370,541,2,286,286,523,523,0,0,observed,observed,L286=137.364/34.452 L522=99.584/58.525 L523=79.781/42.234 L525=66.688/57.611 L526=1.373/0.503
sp_vstab_off,371,542,1,23,23,261,261,0,0,observed,observed,L23=128.450/45.214 L260=94.881/54.687 L261=57.466/47.757 L262=55.916/50.402 L263=1.386/0.496
sp_vstab_off,371,542,2,286,286,523,523,0,0,observed,observed,L286=135.980/35.238 L522=99.911/59.057 L523=87.544/42.692 L525=65.786/57.435 L526=1.384/0.518
sp_vstab_off,372,543,1,23,23,261,260,0,-1,observed,observed,L23=128.000/44.387 L259=96.017/58.082 L260=89.848/52.165 L262=55.106/49.702 L263=1.375/0.491
sp_vstab_off,372,543,2,286,286,523,523,0,0,observed,observed,L286=134.422/35.050 L522=98.120/58.248 L523=76.764/43.704 L525=65.125/56.381 L526=1.383/0.505
sp_vstab_off,373,544,1,23,23,260,261,0,1,observed,observed,L23=127.312/44.838 L260=94.269/55.593 L261=56.425/47.142 L262=54.300/48.701 L263=1.364/0.528
sp_vstab_off,373,544,2,286,286,523,523,0,0,observed,observed,L286=134.467/34.424 L522=99.802/58.342 L523=83.781/44.339 L525=67.148/56.606 L526=1.377/0.531
sp_vstab_off,374,545,1,23,23,261,261,0,0,observed,observed,L23=129.044/44.704 L260=96.477/56.150 L261=54.853/47.388 L262=55.031/48.422 L263=1.383/0.496
sp_vstab_off,374,545,2,286,286,523,523,0,0,observed,observed,L286=133.445/35.445 L522=100.266/58.228 L523=78.928/46.315 L525=65.092/57.361 L526=1.400/0.524
sp_vstab_off,375,546,1,23,23,261,261,0,0,observed,observed,L23=126.491/45.595 L260=96.777/56.787 L261=59.466/49.510 L262=54.345/48.377 L263=1.397/0.511
sp_vstab_off,375,546,2,286,286,523,523,0,0,observed,observed,L286=134.702/37.552 L522=100.077/59.111 L523=81.402/40.916 L525=66.217/57.292 L526=1.375/0.530
sp_vstab_off,376,547,1,23,23,261,260,0,-1,observed,observed,L23=129.045/45.311 L259=99.631/57.567 L260=96.269/56.803 L262=54.239/49.075 L263=1.389/0.494
sp_vstab_off,376,547,2,286,286,523,523,0,0,observed,observed,L286=134.475/36.062 L522=99.039/58.077 L523=75.352/46.895 L525=65.537/57.760 L526=1.377/0.504
sp_vstab_off,377,548,1,23,23,260,261,0,1,observed,observed,L23=127.178/46.227 L260=98.522/58.049 L261=57.753/48.439 L262=54.273/48.574 L263=1.380/0.489
sp_vstab_off,377,548,2,286,286,523,523,0,0,observed,observed,L286=133.625/36.740 L522=100.142/58.592 L523=73.628/44.951 L525=65.308/57.669 L526=1.391/0.537
sp_vstab_off,378,549,1,23,23,261,260,0,-1,observed,observed,L23=128.677/45.512 L259=100.372/57.869 L260=98.275/57.194 L262=55.806/49.299 L263=1.383/0.508
sp_vstab_off,378,549,2,286,286,523,523,0,0,observed,observed,L286=134.102/37.805 L522=101.245/58.637 L523=68.845/46.889 L525=66.250/58.190 L526=1.391/0.507
sp_vstab_off,379,550,1,23,23,260,261,0,1,observed,observed,L23=128.730/45.525 L260=97.142/58.534 L261=57.208/48.468 L262=55.470/49.489 L263=1.372/0.487
sp_vstab_off,379,550,2,286,286,523,523,0,0,observed,observed,L286=138.514/37.750 L522=99.881/57.479 L523=65.312/47.763 L525=67.547/57.453 L526=1.384/0.518
sp_vstab_off,380,551,1,23,23,261,261,0,0,observed,observed,L23=129.961/46.108 L260=99.992/57.026 L261=56.448/47.800 L262=56.031/48.835 L263=1.372/0.487
sp_vstab_off,380,551,2,286,286,523,523,0,0,observed,observed,L286=137.520/37.354 L522=103.263/57.652 L523=71.445/46.766 L525=69.541/58.958 L526=1.402/0.521
sp_vstab_off,381,552,1,23,23,261,261,0,0,observed,observed,L23=131.316/45.796 L260=100.527/57.824 L261=57.389/47.934 L262=54.755/48.125 L263=1.380/0.507
sp_vstab_off,381,552,2,286,286,523,523,0,0,observed,observed,L286=135.536/37.641 L522=102.862/58.695 L523=73.430/47.549 L525=67.447/58.129 L526=1.377/0.504
sp_vstab_off,382,553,1,23,23,261,260,0,-1,observed,observed,L23=130.209/45.456 L259=103.516/59.148 L260=100.344/58.070 L262=57.695/49.236 L263=1.405/0.506
sp_vstab_off,382,553,2,286,286,523,523,0,0,observed,observed,L286=135.327/39.009 L522=103.062/58.520 L523=67.770/47.968 L525=68.809/58.367 L526=1.392/0.534
sp_vstab_off,383,554,1,23,23,260,261,0,1,observed,observed,L23=131.220/47.039 L260=99.217/59.448 L261=58.381/48.855 L262=57.355/49.253 L263=1.375/0.503
sp_vstab_off,383,554,2,286,286,523,523,0,0,observed,observed,L286=135.269/38.583 L522=102.209/59.138 L523=68.289/45.528 L525=68.820/57.849 L526=1.395/0.508
sp_vstab_off,384,555,1,23,23,261,261,0,0,observed,observed,L23=132.886/46.431 L260=100.108/58.203 L261=55.516/49.253 L262=55.244/48.465 L263=1.380/0.492
sp_vstab_off,384,555,2,286,286,523,523,0,0,observed,observed,L286=136.498/38.228 L522=104.319/58.752 L523=70.564/48.310 L525=69.477/57.996 L526=1.381/0.535
sp_vstab_off,385,556,1,23,23,261,261,0,0,observed,observed,L23=130.839/45.980 L260=99.895/60.376 L261=59.261/50.600 L262=58.589/51.271 L263=1.373/0.496
sp_vstab_off,385,556,2,286,286,523,523,0,0,observed,observed,L286=136.403/38.337 L522=102.131/59.138 L523=72.448/50.119 L525=69.441/59.010 L526=1.364/0.500
sp_vstab_off,386,557,1,23,23,261,261,0,0,observed,observed,L23=129.262/46.566 L260=102.680/59.055 L261=59.987/51.583 L262=58.342/51.485 L263=1.373/0.506
sp_vstab_off,386,557,2,286,286,523,523,0,0,observed,observed,L286=134.814/39.130 L522=102.006/58.872 L523=69.448/49.309 L525=71.381/60.031 L526=1.392/0.507
sp_vstab_off,387,558,1,23,23,261,261,0,0,observed,observed,L23=132.573/46.441 L260=100.783/58.635 L261=61.314/50.626 L262=57.039/49.264 L263=1.380/0.498
sp_vstab_off,387,558,2,286,286,523,523,0,0,observed,observed,L286=137.373/37.913 L522=104.075/59.168 L523=77.973/51.683 L525=72.005/58.285 L526=1.344/0.494
sp_vstab_off,388,559,1,23,23,261,261,0,0,observed,observed,L23=130.073/46.045 L260=102.480/58.509 L261=60.155/50.177 L262=59.533/50.771 L263=1.395/0.520
sp_vstab_off,388,559,2,286,286,523,523,0,0,observed,observed,L286=136.428/38.508 L522=103.166/59.236 L523=75.925/49.989 L525=68.570/56.957 L526=1.394/0.534
sp_vstab_off,389,560,1,23,23,261,261,0,0,observed,observed,L23=131.559/46.638 L260=103.969/58.351 L261=61.312/49.901 L262=60.145/50.873 L263=1.389/0.494
sp_vstab_off,389,560,2,286,286,523,523,0,0,observed,observed,L286=135.841/36.941 L522=104.230/57.551 L523=70.500/46.064 L525=69.030/57.863 L526=1.397/0.520
sp_vstab_off,390,561,1,23,23,261,260,0,-1,observed,observed,L23=130.278/45.531 L259=105.350/57.561 L260=104.289/57.659 L262=59.552/50.954 L263=1.378/0.501
sp_vstab_off,390,561,2,286,286,523,523,0,0,observed,observed,L286=138.948/37.546 L522=103.400/57.638 L523=74.161/52.321 L525=70.202/58.015 L526=1.375/0.503
sp_vstab_off,391,562,1,23,23,260,261,0,1,observed,observed,L23=129.731/45.208 L260=102.498/57.616 L261=61.136/51.409 L262=60.283/51.566 L263=1.384/0.511
sp_vstab_off,391,562,2,286,286,523,523,0,0,observed,observed,L286=136.461/36.737 L522=103.777/57.185 L523=75.891/48.011 L525=70.908/59.699 L526=1.377/0.516
sp_vstab_off,392,563,1,23,23,261,261,0,0,observed,observed,L23=128.434/46.078 L260=112.059/51.091 L261=70.081/50.893 L262=68.578/51.053 L263=1.391/0.510
sp_vstab_off,392,563,2,286,286,523,523,0,0,observed,observed,L286=138.188/36.536 L522=115.781/49.924 L523=98.411/42.620 L525=80.739/57.607 L526=1.391/0.507
sp_vstab_off,393,564,1,23,23,261,260,0,-1,observed,observed,L23=130.600/45.968 L259=117.152/49.568 L260=112.759/51.111 L262=67.900/50.302 L263=1.366/0.488
sp_vstab_off,393,564,2,286,286,523,523,0,0,observed,observed,L286=137.289/37.222 L522=116.461/50.866 L523=98.964/40.690 L525=81.388/60.114 L526=1.380/0.517
sp_vstab_off,394,565,1,23,23,260,260,0,0,observed,observed,L23=130.416/46.113 L259=114.986/50.710 L260=113.798/51.389 L262=70.217/51.622 L263=1.372/0.490
sp_vstab_off,394,565,2,286,286,523,523,0,0,observed,observed,L286=135.995/37.183 L522=109.628/55.456 L523=83.452/45.800 L525=70.964/59.261 L526=1.402/0.509
sp_vstab_off,395,566,1,23,23,260,261,0,1,observed,observed,L23=132.942/47.037 L260=104.219/56.752 L261=62.202/50.626 L262=60.175/50.713 L263=1.391/0.501
sp_vstab_off,395,566,2,286,286,523,523,0,0,observed,observed,L286=136.906/37.619 L522=108.095/54.713 L523=82.242/42.747 L525=72.831/59.166 L526=1.381/0.520
sp_vstab_off,396,567,1,23,23,261,261,0,0,observed,observed,L23=130.709/45.287 L260=104.414/56.114 L261=62.558/50.704 L262=62.264/51.190 L263=1.384/0.508
sp_vstab_off,396,567,2,286,286,523,525,0,2,observed,observed,L286=137.569/38.271 L524=89.131/41.131 L525=72.213/58.544 L526=1.389/0.506
sp_vstab_off,397,568,1,23,23,261,261,0,0,observed,observed,L23=132.241/47.389 L260=106.272/60.830 L261=61.509/50.033 L262=60.480/50.757 L263=1.383/0.499
sp_vstab_off,397,568,2,286,286,525,523,0,-2,observed,observed,L286=135.742/37.855 L522=105.388/58.271 L523=79.369/45.491 L525=73.056/57.929 L526=1.389/0.533
sp_vstab_off,398,569,1,23,23,261,261,0,0,observed,observed,L23=131.900/46.088 L260=105.681/59.191 L261=61.038/49.710 L262=62.128/52.141 L263=1.394/0.495
sp_vstab_off,398,569,2,286,286,523,523,0,0,observed,observed,L286=136.512/38.708 L522=105.208/57.309 L523=80.711/42.884 L525=70.686/57.752 L526=1.395/0.520
sp_vstab_off,399,570,1,23,23,261,260,0,-1,observed,observed,L23=131.086/45.469 L259=106.952/57.118 L260=99.252/55.081 L262=59.934/50.428 L263=1.367/0.492
sp_vstab_off,399,570,2,286,286,523,523,0,0,observed,observed,L286=135.931/37.628 L522=102.970/58.558 L523=86.450/44.978 L525=69.467/59.059 L526=1.386/0.533
sp_vstab_off,400,571,1,23,23,260,260,0,0,observed,observed,L23=131.341/46.316 L259=102.897/58.556 L260=98.306/57.006 L262=59.048/49.564 L263=1.384/0.490
sp_vstab_off,400,571,2,286,286,523,523,0,0,observed,observed,L286=135.109/39.276 L522=106.114/57.833 L523=79.998/44.112 L525=68.058/59.249 L526=1.392/0.519
sp_vstab_off,401,572,1,23,23,260,261,0,1,observed,observed,L23=132.061/46.108 L260=98.367/54.727 L261=60.212/49.888 L262=62.084/49.968 L263=1.358/0.489
sp_vstab_off,401,572,2,286,286,523,523,0,0,observed,observed,L286=136.981/39.374 L522=103.556/58.823 L523=84.447/41.180 L525=69.911/59.729 L526=1.369/0.502
sp_vstab_off,402,573,1,23,23,261,261,0,0,observed,observed,L23=131.417/45.779 L260=106.088/48.405 L261=66.831/49.972 L262=63.919/50.396 L263=1.375/0.497
sp_vstab_off,402,573,2,286,286,523,523,0,0,observed,observed,L286=134.895/39.456 L522=112.509/52.893 L523=99.614/47.222 L525=73.991/58.835 L526=1.392/0.519
sp_vstab_off,403,574,1,23,23,261,261,0,0,observed,observed,L23=131.269/46.023 L260=106.977/53.262 L261=66.202/49.943 L262=65.777/51.780 L263=1.384/0.499
sp_vstab_off,403,574,2,286,286,523,523,0,0,observed,observed,L286=135.656/39.459 L522=111.842/53.364 L523=88.127/47.592 L525=78.395/59.829 L526=1.383/0.505
sp_vstab_off,404,575,1,23,23,261,260,0,-1,observed,observed,L23=131.200/46.277 L259=112.856/52.810 L260=103.234/46.922 L262=66.752/50.569 L263=1.398/0.493
sp_vstab_off,404,575,2,286,286,523,523,0,0,observed,observed,L286=137.205/38.580 L522=112.323/54.683 L523=95.134/37.984 L525=74.398/57.666 L526=1.372/0.515
sp_vstab_off,405,576,1,23,23,260,261,0,1,observed,observed,L23=132.681/46.062 L260=109.631/54.579 L261=67.616/52.314 L262=66.023/53.094 L263=1.386/0.499
sp_vstab_off,405,576,2,286,286,523,523,0,0,observed,observed,L286=137.613/38.202 L522=110.775/55.383 L523=88.611/46.314 L525=78.581/60.454 L526=1.387/0.533
sp_vstab_off,406,577,1,23,23,261,260,0,-1,observed,observed,L23=132.005/46.080 L259=109.733/53.480 L260=101.447/49.030 L262=63.163/51.826 L263=1.381/0.495
sp_vstab_off,406,577,2,286,286,523,523,0,0,observed,observed,L286=134.514/38.247 L522=112.744/54.751 L523=92.222/45.616 L525=78.162/60.110 L526=1.381/0.505
sp_vstab_off,407,578,1,23,23,260,261,0,1,observed,observed,L23=132.944/46.795 L260=102.045/50.482 L261=90.709/45.065 L262=70.062/56.156 L263=1.381/0.489
sp_vstab_off,407,578,2,286,286,523,523,0,0,observed,inferred,L286=137.073/39.060 L522=111.306/55.283 L523=95.811/39.089 L525=90.591/43.186 L526=1.361/0.512
sp_vstab_off,408,579,1,23,23,261,261,0,0,observed,observed,L23=130.691/46.285 L260=108.311/57.653 L261=95.592/64.703 L262=66.094/53.287 L263=1.373/0.496
sp_vstab_off,408,579,2,286,286,523,525,0,2,inferred,observed,L286=137.273/37.970 L524=100.167/54.591 L525=74.111/56.593 L526=1.361/0.527
sp_vstab_off,409,580,1,23,23,261,260,0,-1,observed,observed,L23=130.655/46.319 L259=109.275/55.319 L260=100.562/48.202 L262=63.905/50.135 L263=1.378/0.491
sp_vstab_off,409,580,2,286,286,525,525,0,0,observed,inferred,L286=136.198/38.944 L524=105.611/55.744 L525=102.452/56.285 L526=1.387/0.533
sp_vstab_off,410,581,1,23,23,260,260,0,0,observed,observed,L23=129.598/45.919 L259=105.041/56.318 L260=103.047/56.061 L262=61.241/48.729 L263=1.380/0.517
sp_vstab_off,410,581,2,286,286,525,523,0,-2,inferred,inferred,L286=136.850/39.395 L522=107.636/56.028 L523=117.938/46.383 L525=88.836/41.121 L526=1.370/0.514
sp_vstab_off,411,582,1,23,23,260,260,0,0,observed,inferred,L23=132.988/45.536 L259=106.339/57.031 L260=104.031/56.897 L262=77.753/41.156 L263=1.380/0.513
sp_vstab_off,411,582,2,286,286,523,523,0,0,inferred,inferred,L286=136.598/39.974 L522=107.150/56.589 L523=106.588/57.131 L525=106.289/58.187 L526=1.389/0.519
sp_vstab_off,412,583,1,23,23,260,261,0,1,inferred,observed,L23=133.227/45.843 L260=105.411/56.902 L261=59.389/46.462 L262=62.830/51.377 L263=1.375/0.491
sp_vstab_off,412,583,2,286,286,523,523,0,0,inferred,inferred,L286=137.569/38.919 L522=107.037/55.896 L523=108.556/54.199 L525=108.308/55.092 L526=1.394/0.520
sp_vstab_off,413,584,1,23,23,261,261,0,0,observed,observed,L23=130.461/46.381 L260=103.077/55.465 L261=70.287/42.982 L262=59.163/49.572 L263=1.392/0.519
sp_vstab_off,413,584,2,286,286,523,523,0,0,inferred,inferred,L286=139.141/38.093 L522=106.727/56.153 L523=118.420/45.043 L525=118.638/45.902 L526=1.372/0.530
sp_vstab_off,414,585,1,23,23,261,261,0,0,observed,observed,L23=132.234/44.446 L260=104.291/56.251 L261=75.466/56.463 L262=62.116/50.093 L263=1.378/0.491
sp_vstab_off,414,585,2,286,286,523,523,0,0,inferred,inferred,L286=139.789/38.288 L522=108.931/56.204 L523=109.862/55.347 L525=109.534/55.867 L526=1.359/0.511
sp_vstab_off,415,586,1,23,23,261,261,0,0,observed,inferred,L23=133.434/46.372 L260=97.661/47.889 L261=65.402/41.990 L262=63.291/41.147 L263=1.389/0.509
sp_vstab_off,415,586,2,286,286,523,525,0,2,inferred,inferred,L286=138.434/38.670 L524=104.395/59.658 L525=83.189/53.233 L526=1.373/0.503
sp_vstab_off,416,587,1,23,23,261,261,0,0,inferred,inferred,L23=132.489/46.092 L260=105.727/54.748 L261=71.180/42.179 L262=69.338/42.665 L263=1.386/0.493
sp_vstab_off,416,587,2,286,286,525,523,0,-2,inferred,inferred,L286=141.453/38.809 L522=109.652/56.150 L523=120.230/44.829 L525=119.673/45.688 L526=1.364/0.513
sp_vstab_off,417,588,1,23,23,261,261,0,0,inferred,inferred,L23=135.316/45.248 L260=113.066/52.717 L261=82.489/44.172 L262=84.945/42.310 L263=1.406/0.513
sp_vstab_off,417,588,2,286,286,523,523,0,0,inferred,inferred,L286=142.080/36.572 L522=117.192/55.276 L523=116.064/54.572 L525=115.948/55.564 L526=1.363/0.512
sp_vstab_off,418,589,1,23,23,261,261,0,0,inferred,inferred,L23=132.378/46.337 L260=108.130/48.900 L261=105.772/47.539 L262=81.794/46.522 L263=1.394/0.495
sp_vstab_off,418,589,2,286,286,523,523,0,0,inferred,inferred,L286=139.950/37.871 L522=115.622/54.762 L523=118.209/53.354 L525=117.977/54.061 L526=1.383/0.505
sp_vstab_off,419,590,1,23,23,261,261,0,0,inferred,inferred,L23=135.598/44.218 L260=115.173/56.381 L261=104.056/55.983 L262=76.961/50.286 L263=1.372/0.499
sp_vstab_off,419,590,2,286,286,523,522,0,-1,inferred,inferred,L286=139.944/36.548 L521=116.642/55.135 L522=116.703/53.393 L525=114.481/53.480 L526=1.398/0.508
sp_vstab_off,420,591,1,23,23,261,260,0,-1,inferred,inferred,L23=136.486/44.873 L259=119.016/53.619 L260=119.170/56.927 L262=116.948/57.596 L263=1.389/0.494
sp_vstab_off,420,591,2,286,286,522,522,0,0,inferred,inferred,L286=141.573/37.197 L521=118.694/54.548 L522=118.828/53.984 L525=117.280/54.606 L526=1.395/0.508
sp_vstab_off,421,592,1,23,23,260,262,0,2,inferred,inferred,L23=132.702/46.621 L261=108.248/46.752 L262=87.164/47.377 L263=1.384/0.502
sp_vstab_off,421,592,2,286,286,522,522,0,0,inferred,inferred,L286=142.948/37.018 L521=119.297/54.511 L522=118.981/54.303 L525=117.628/55.349 L526=1.386/0.506
sp_vstab_off,422,593,1,23,23,262,261,0,-1,inferred,observed,L23=134.881/46.295 L260=103.419/51.137 L261=74.542/44.975 L262=64.142/52.817 L263=1.380/0.489
sp_vstab_off,422,593,2,286,286,522,522,0,0,inferred,inferred,L286=144.236/35.945 L521=108.786/58.189 L522=109.727/58.319 L525=108.494/59.504 L526=1.370/0.502
sp_vstab_off,423,594,1,23,23,261,260,0,-1,observed,inferred,L23=134.247/46.414 L259=111.558/58.501 L260=103.066/51.348 L262=98.706/51.595 L263=1.381/0.489
sp_vstab_off,423,594,2,286,286,522,522,0,0,inferred,inferred,L286=145.641/36.747 L521=110.077/57.309 L522=110.033/57.730 L525=106.445/58.498 L526=1.355/0.525
sp_vstab_off,424,595,1,23,23,260,262,0,2,inferred,inferred,L23=134.061/45.345 L261=102.759/50.358 L262=97.264/49.643 L263=1.384/0.496
sp_vstab_off,424,595,2,286,286,522,522,0,0,inferred,inferred,L286=142.436/36.671 L521=106.800/58.263 L522=109.511/57.413 L525=109.073/58.295 L526=1.375/0.530
sp_vstab_off,425,596,1,23,23,262,261,0,-1,inferred,inferred,L23=138.544/45.954 L260=107.030/56.940 L261=91.797/55.223 L262=90.920/55.488 L263=1.381/0.492
sp_vstab_off,425,596,2,286,286,522,523,0,1,inferred,inferred,L286=140.045/36.102 L522=108.819/57.693 L523=110.541/56.301 L525=109.486/57.315 L526=1.378/0.516
sp_vstab_off,426,597,1,23,23,261,261,0,0,inferred,inferred,L23=144.277/28.762 L260=90.664/48.609 L261=68.947/44.785 L262=6.123/19.171 L263=1.384/0.499
sp_vstab_off,426,597,2,286,286,523,523,0,0,inferred,inferred,L286=141.836/36.407 L522=108.475/57.998 L523=123.878/47.512 L525=124.328/48.280 L526=1.372/0.502
sp_vstab_off,427,598,1,23,23,261,261,0,0,inferred,observed,L23=136.369/45.309 L260=100.789/53.412 L261=89.933/48.899 L262=47.806/50.887 L263=1.381/0.489
sp_vstab_off,427,598,2,286,286,523,523,0,0,inferred,inferred,L286=141.920/36.837 L522=108.398/58.660 L523=104.906/61.433 L525=103.695/62.525 L526=1.406/0.522
sp_vstab_off,428,599,1,23,23,261,261,0,0,observed,observed,L23=135.783/45.886 L260=101.092/55.237 L261=64.459/52.034 L262=64.877/53.212 L263=1.375/0.491
sp_vstab_off,428,599,2,286,286,523,524,0,1,inferred,inferred,L286=144.011/36.548 L523=105.209/59.804 L524=89.316/55.039 L525=76.348/55.088 L526=1.380/0.504
sp_vstab_off,429,600,1,23,23,261,261,0,0,observed,observed,L23=134.867/44.937 L260=100.375/54.545 L261=50.025/49.323 L262=64.206/51.493 L263=1.389/0.500
sp_vstab_off,429,600,2,286,286,524,523,0,-1,inferred,observed,L286=139.748/37.786 L522=106.625/59.318 L523=105.878/54.071 L525=73.002/59.154 L526=1.377/0.531
sp_vstab_off,430,601,1,23,23,261,261,0,0,observed,observed,L23=133.314/45.615 L260=101.186/53.797 L261=62.413/52.250 L262=60.017/51.018 L263=1.383/0.489
sp_vstab_off,430,601,2,286,286,523,523,0,0,observed,observed,L286=139.784/37.348 L522=105.023/59.286 L523=109.695/38.804 L525=70.341/60.001 L526=1.398/0.535
sp_vstab_off,431,602,1,23,23,261,261,0,0,observed,observed,L23=133.652/46.237 L260=102.586/56.514 L261=61.525/51.437 L262=59.712/50.090 L263=1.394/0.498
sp_vstab_off,431,602,2,286,286,523,524,0,1,observed,observed,L286=139.552/37.795 L523=81.567/49.461 L524=76.928/47.498 L525=60.433/58.848 L526=1.380/0.517
sp_vstab_off,432,603,1,23,23,261,261,0,0,observed,observed,L23=132.975/45.459 L260=102.706/53.658 L261=62.736/51.429 L262=62.116/51.229 L263=1.380/0.498
sp_vstab_off,432,603,2,286,286,524,523,0,-1,observed,observed,L286=137.489/37.532 L522=108.048/58.128 L523=89.359/42.524 L525=72.325/58.299 L526=1.381/0.532
sp_vstab_off,433,604,1,23,23,261,261,0,0,observed,observed,L23=132.509/44.607 L260=103.006/57.336 L261=60.684/51.163 L262=61.844/50.096 L263=1.386/0.490
sp_vstab_off,433,604,2,286,286,523,523,0,0,observed,observed,L286=137.811/36.856 L522=106.775/56.490 L523=85.103/41.098 L525=73.844/60.685 L526=1.381/0.517
sp_vstab_off,434,605,1,23,23,261,261,0,0,observed,observed,L23=131.639/45.261 L260=102.731/56.131 L261=59.019/49.603 L262=61.261/51.104 L263=1.392/0.522
sp_vstab_off,434,605,2,286,286,523,523,0,0,observed,observed,L286=136.734/38.147 L522=108.855/58.430 L523=81.878/47.990 L525=71.661/59.083 L526=1.391/0.519
sp_vstab_off,435,606,1,23,23,261,261,0,0,observed,observed,L23=131.817/44.652 L260=102.691/56.312 L261=63.778/52.529 L262=62.547/51.201 L263=1.381/0.489
sp_vstab_off,435,606,2,286,286,523,523,0,0,observed,observed,L286=136.883/36.941 L522=110.502/56.913 L523=88.383/42.469 L525=73.880/61.725 L526=1.383/0.517
sp_vstab_off,436,607,1,23,23,261,261,0,0,observed,observed,L23=132.280/45.619 L260=99.130/51.547 L261=64.537/53.011 L262=62.928/52.689 L263=1.392/0.501
sp_vstab_off,436,607,2,286,286,523,523,0,0,observed,observed,L286=137.575/38.168 L522=107.213/57.377 L523=86.627/42.801 L525=74.447/62.472 L526=1.409/0.510
sp_vstab_off,437,608,1,23,23,261,261,0,0,observed,observed,L23=131.581/45.040 L260=95.989/51.216 L261=62.089/48.720 L262=61.181/49.931 L263=1.391/0.501
sp_vstab_off,437,608,2,286,286,523,523,0,0,observed,observed,L286=136.611/39.878 L522=103.355/55.676 L523=93.209/38.799 L525=73.669/57.019 L526=1.394/0.520
sp_vstab_off,438,609,1,23,23,261,261,0,0,observed,observed,L23=134.034/45.740 L260=96.984/50.244 L261=61.455/49.117 L262=62.459/50.250 L263=1.394/0.507
sp_vstab_off,438,609,2,286,286,523,523,0,0,observed,observed,L286=136.014/38.959 L522=104.513/56.189 L523=102.509/39.052 L525=72.094/56.521 L526=1.367/0.501
sp_vstab_off,439,610,1,23,23,261,260,0,-1,observed,observed,L23=133.200/45.191 L259=105.153/55.840 L260=91.417/46.850 L262=62.652/49.614 L263=1.408/0.540
sp_vstab_off,439,610,2,286,286,523,523,0,0,observed,observed,L286=138.736/36.907 L522=101.763/57.701 L523=65.612/48.675 L525=70.025/54.748 L526=1.391/0.507
sp_vstab_off,440,611,1,23,23,260,260,0,0,observed,observed,L23=131.762/45.504 L259=100.447/55.653 L260=76.409/42.857 L262=58.477/48.648 L263=1.395/0.523
sp_vstab_off,440,611,2,286,286,523,523,0,0,observed,observed,L286=138.853/36.762 L522=99.886/58.071 L523=64.787/49.811 L525=69.431/54.604 L526=1.380/0.517
sp_vstab_off,441,612,1,23,23,260,260,0,0,observed,observed,L23=132.403/44.952 L259=102.870/56.602 L260=74.562/42.381 L262=61.148/48.064 L263=1.370/0.505
sp_vstab_off,441,612,2,286,286,523,523,0,0,observed,observed,L286=137.684/37.673 L522=102.084/56.287 L523=66.219/50.214 L525=69.208/54.064 L526=1.366/0.513
sp_vstab_off,442,613,1,23,23,260,260,0,0,observed,observed,L23=134.914/44.833 L259=98.656/53.854 L260=73.638/45.472 L262=58.177/49.938 L263=1.366/0.504
sp_vstab_off,442,613,2,286,286,523,523,0,0,observed,observed,L286=137.478/37.559 L522=99.225/56.368 L523=65.944/52.481 L525=71.136/59.628 L526=1.386/0.533
sp_vstab_off,443,614,1,23,23,260,260,0,0,observed,observed,L23=132.527/45.927 L259=99.970/53.506 L260=78.544/45.669 L262=61.184/51.114 L263=1.373/0.490
sp_vstab_off,443,614,2,286,286,523,523,0,0,observed,observed,L286=136.792/38.892 L522=103.131/55.885 L523=67.564/53.539 L525=69.819/58.251 L526=1.397/0.520
sp_vstab_off,444,615,1,23,23,260,260,0,0,observed,observed,L23=134.848/45.008 L259=100.641/54.316 L260=77.845/46.218 L262=60.788/51.458 L263=1.387/0.512
sp_vstab_off,444,615,2,286,286,523,523,0,0,observed,observed,L286=135.692/39.284 L522=101.641/56.339 L523=66.048/50.787 L525=69.878/57.520 L526=1.381/0.517
sp_vstab_off,445,616,1,23,23,260,260,0,0,observed,observed,L23=135.158/45.451 L259=96.073/54.260 L260=72.878/42.200 L262=59.653/50.128 L263=1.387/0.497
sp_vstab_off,445,616,2,286,286,523,523,0,0,observed,observed,L286=136.992/39.122 L522=103.273/55.263 L523=65.611/50.328 L525=72.273/58.376 L526=1.372/0.515
sp_vstab_off,446,617,1,23,23,260,260,0,0,observed,observed,L23=131.978/45.925 L259=99.316/54.642 L260=76.497/43.850 L262=61.939/49.642 L263=1.375/0.494
sp_vstab_off,446,617,2,286,286,523,523,0,0,observed,observed,L286=139.037/39.425 L522=102.600/55.509 L523=69.670/52.632 L525=71.336/57.235 L526=1.386/0.533
sp_vstab_off,447,618,1,23,23,260,260,0,0,observed,observed,L23=135.705/44.725 L259=98.145/55.992 L260=80.436/45.009 L262=60.089/49.755 L263=1.378/0.501
sp_vstab_off,447,618,2,286,286,523,523,0,0,observed,observed,L286=139.336/37.873 L522=102.572/56.168 L523=65.694/52.335 L525=71.572/57.967 L526=1.383/0.517
sp_vstab_off,448,619,1,23,23,260,260,0,0,observed,observed,L23=132.941/45.863 L259=100.892/54.550 L260=73.055/45.533 L262=61.380/49.932 L263=1.387/0.524
sp_vstab_off,448,619,2,286,286,523,523,0,0,observed,observed,L286=137.912/39.498 L522=103.484/56.643 L523=67.278/50.165 L525=70.700/58.875 L526=1.367/0.513
sp_vstab_off,449,620,1,23,23,260,260,0,0,observed,observed,L23=134.491/45.207 L259=99.675/55.173 L260=84.697/44.255 L262=60.337/49.898 L263=1.405/0.497
sp_vstab_off,449,620,2,286,286,523,523,0,0,observed,observed,L286=137.091/38.766 L522=97.527/55.696 L523=82.155/42.325 L525=71.294/56.089 L526=1.377/0.531
sp_vstab_off,450,621,1,23,23,260,260,0,0,observed,observed,L23=134.944/44.379 L259=95.966/54.281 L260=91.564/52.429 L262=60.141/48.233 L263=1.392/0.522
sp_vstab_off,450,621,2,286,286,523,523,0,0,observed,observed,L286=137.866/38.021 L522=98.036/56.224 L523=87.047/37.710 L525=72.436/56.571 L526=1.392/0.534
sp_vstab_off,451,622,1,23,23,260,260,0,0,observed,observed,L23=133.027/45.234 L259=95.497/54.565 L260=89.384/47.792 L262=58.413/47.483 L263=1.378/0.488
sp_vstab_off,451,622,2,286,286,523,523,0,0,observed,observed,L286=136.761/37.790 L522=96.705/55.561 L523=87.220/38.774 L525=71.925/57.526 L526=1.378/0.504
sp_vstab_off,452,623,1,23,23,260,260,0,0,observed,observed,L23=133.645/45.092 L259=94.633/54.037 L260=89.961/52.598 L262=57.650/47.413 L263=1.391/0.519
sp_vstab_off,452,623,2,286,286,523,523,0,0,observed,observed,L286=137.502/39.816 L522=94.787/54.542 L523=76.150/37.451 L525=65.731/54.473 L526=1.372/0.515
sp_vstab_off,453,624,1,23,23,260,260,0,0,observed,observed,L23=133.453/45.498 L259=98.108/52.938 L260=92.467/54.523 L262=56.695/47.117 L263=1.366/0.494
sp_vstab_off,453,624,2,286,286,523,523,0,0,observed,observed,L286=137.116/40.842 L522=96.717/54.248 L523=70.272/39.522 L525=66.998/54.345 L526=1.372/0.515
sp_vstab_off,454,625,1,23,23,260,261,0,1,observed,observed,L23=132.277/45.784 L260=94.933/55.814 L261=58.497/47.299 L262=56.812/47.266 L263=1.363/0.494
sp_vstab_off,454,625,2,286,286,523,523,0,0,observed,observed,L286=134.964/40.765 L522=93.491/54.098 L523=67.009/36.697 L525=66.697/54.477 L526=1.375/0.515
sp_vstab_off,455,626,1,23,23,261,260,0,-1,observed,observed,L23=131.625/45.967 L259=93.998/53.785 L260=92.734/54.215 L262=54.848/45.343 L263=1.398/0.499
sp_vstab_off,455,626,2,286,286,523,523,0,0,observed,observed,L286=134.920/39.669 L522=92.589/53.781 L523=65.286/38.207 L525=68.213/54.288 L526=1.395/0.520
sp_vstab_off,456,627,1,23,23,260,260,0,0,observed,observed,L23=130.659/44.806 L259=96.019/52.585 L260=92.709/54.798 L262=56.823/45.530 L263=1.377/0.488
sp_vstab_off,456,627,2,286,286,523,523,0,0,observed,observed,L286=136.623/40.189 L522=93.131/54.757 L523=70.428/39.251 L525=65.256/53.901 L526=1.366/0.513
sp_vstab_off,457,628,1,23,23,260,261,0,1,observed,observed,L23=131.708/45.524 L260=90.972/55.045 L261=57.877/47.261 L262=57.128/47.525 L263=1.369/0.505
sp_vstab_off,457,628,2,286,286,523,523,0,0,observed,observed,L286=134.258/41.500 L522=95.331/54.670 L523=69.688/41.323 L525=68.572/56.050 L526=1.391/0.534
sp_vstab_off,458,629,1,23,23,261,261,0,0,observed,observed,L23=131.197/45.589 L260=93.100/54.888 L261=55.920/46.857 L262=59.248/48.355 L263=1.397/0.514
sp_vstab_off,458,629,2,286,286,523,523,0,0,observed,observed,L286=136.778/41.386 L522=93.809/53.790 L523=70.525/42.551 L525=68.105/56.444 L526=1.363/0.512
sp_vstab_off,459,630,1,23,23,261,260,0,-1,observed,observed,L23=132.817/44.643 L259=94.416/53.807 L260=90.072/55.785 L262=56.166/48.529 L263=1.395/0.495
sp_vstab_off,459,630,2,286,286,523,523,0,0,observed,observed,L286=133.477/40.810 L522=96.239/54.526 L523=71.948/41.947 L525=67.634/56.484 L526=1.389/0.519
sp_vstab_off,460,631,1,23,23,260,261,0,1,observed,observed,L23=130.470/45.771 L260=96.556/54.887 L261=60.795/48.988 L262=58.584/49.323 L263=1.394/0.498
sp_vstab_off,460,631,2,286,286,523,523,0,0,observed,observed,L286=28.120/54.224 L522=93.998/55.378 L523=71.319/40.749 L525=65.944/55.206 L526=1.386/0.518
sp_vstab_off,461,632,1,23,23,261,261,0,0,observed,observed,L23=131.012/44.452 L260=94.098/54.723 L261=60.067/47.769 L262=56.681/46.899 L263=1.392/0.495
sp_vstab_off,461,632,2,286,286,523,523,0,0,observed,observed,L286=131.861/41.445 L522=96.667/53.856 L523=72.241/41.360 L525=67.784/56.155 L526=1.372/0.530
sp_vstab_off,462,633,1,23,23,261,260,0,-1,observed,observed,L23=128.777/45.081 L259=93.572/54.094 L260=97.645/54.151 L262=57.183/48.192 L263=1.373/0.490
sp_vstab_off,462,633,2,286,286,523,523,0,0,observed,observed,L286=133.473/40.783 L522=93.923/55.765 L523=75.245/41.963 L525=68.489/56.144 L526=1.377/0.516
sp_vstab_off,463,634,1,23,23,260,261,0,1,observed,observed,L23=131.197/45.207 L260=97.314/56.481 L261=60.733/49.296 L262=58.625/47.557 L263=1.392/0.498
sp_vstab_off,463,634,2,286,286,523,523,0,0,observed,observed,L286=133.528/41.667 L522=95.400/53.724 L523=79.242/42.066 L525=68.377/56.238 L526=1.384/0.505
sp_vstab_off,464,635,1,23,23,261,260,0,-1,observed,observed,L23=128.583/44.784 L259=95.344/54.266 L260=87.536/50.655 L262=59.503/48.188 L263=1.400/0.509
sp_vstab_off,464,635,2,286,286,523,523,0,0,observed,observed,L286=135.003/43.005 L522=100.225/54.423 L523=85.305/40.569 L525=68.667/57.510 L526=1.369/0.514
sp_vstab_off,465,636,1,23,23,260,260,0,0,observed,observed,L23=132.680/43.933 L259=97.828/54.487 L260=84.058/47.418 L262=59.458/49.729 L263=1.384/0.493
sp_vstab_off,465,636,2,286,286,523,523,0,0,observed,observed,L286=133.103/42.569 L522=98.794/55.096 L523=79.258/44.503 L525=71.611/56.485 L526=1.392/0.519
sp_vstab_off,466,637,1,23,23,260,260,0,0,observed,observed,L23=131.881/43.920 L259=95.370/54.579 L260=88.108/47.585 L262=58.928/48.510 L263=1.389/0.513
sp_vstab_off,466,637,2,286,286,523,523,0,0,observed,observed,L286=135.164/42.731 L522=97.664/55.623 L523=72.586/49.098 L525=68.705/56.673 L526=1.363/0.500
sp_vstab_off,467,638,1,23,23,260,260,0,0,observed,observed,L23=130.536/44.129 L259=96.672/55.636 L260=83.041/43.824 L262=58.920/48.171 L263=1.381/0.520
sp_vstab_off,467,638,2,286,286,523,523,0,0,observed,observed,L286=133.086/42.584 L522=98.781/56.148 L523=67.661/50.895 L525=70.862/56.613 L526=1.384/0.532
sp_vstab_off,468,639,1,23,23,260,260,0,0,observed,observed,L23=132.164/42.236 L259=97.780/54.552 L260=79.327/43.394 L262=59.958/49.101 L263=1.391/0.507
sp_vstab_off,468,639,2,286,286,523,523,0,0,observed,observed,L286=133.348/43.887 L522=100.134/56.622 L523=68.184/49.640 L525=69.231/56.004 L526=1.389/0.519
sp_vstab_off,469,640,1,23,23,260,260,0,0,observed,observed,L23=132.494/42.477 L259=96.866/55.619 L260=80.197/44.512 L262=58.817/48.567 L263=1.389/0.500
sp_vstab_off,469,640,2,286,286,523,523,0,0,observed,observed,L286=132.505/43.258 L522=100.383/55.439 L523=70.589/49.465 L525=70.122/57.591 L526=1.386/0.536
sp_vstab_off,470,641,1,23,23,260,260,0,0,observed,observed,L23=129.789/43.658 L259=96.684/54.968 L260=88.261/51.449 L262=59.406/49.046 L263=1.398/0.505
sp_vstab_off,470,641,2,286,286,523,523,0,0,observed,observed,L286=133.747/43.745 L522=99.202/56.007 L523=73.889/49.265 L525=70.356/56.155 L526=1.380/0.520
sp_vstab_off,471,642,1,23,23,260,260,0,0,observed,observed,L23=131.305/43.504 L259=97.938/54.262 L260=82.347/45.109 L262=58.745/48.586 L263=1.370/0.492
sp_vstab_off,471,642,2,286,286,523,523,0,0,observed,observed,L286=132.400/42.586 L522=101.114/55.207 L523=72.773/49.493 L525=69.044/56.647 L526=1.394/0.520
sp_vstab_off,472,643,1,23,23,260,260,0,0,observed,observed,L23=132.012/44.012 L259=98.717/55.022 L260=86.677/49.625 L262=59.003/47.681 L263=1.383/0.526
sp_vstab_off,472,643,2,286,286,523,523,0,0,observed,observed,L286=132.698/42.271 L522=100.458/55.825 L523=72.673/46.190 L525=69.325/57.283 L526=1.387/0.518
sp_vstab_off,473,644,1,23,23,260,260,0,0,observed,observed,L23=131.142/43.253 L259=97.466/55.546 L260=81.008/47.160 L262=57.959/49.062 L263=1.389/0.491
sp_vstab_off,473,644,2,286,286,523,523,0,0,observed,observed,L286=132.005/42.099 L522=97.473/55.994 L523=79.300/43.077 L525=68.348/57.623 L526=1.394/0.552
sp_vstab_off,474,645,1,23,23,260,260,0,0,observed,observed,L23=129.955/43.503 L259=95.669/54.760 L260=83.795/46.368 L262=57.366/48.775 L263=1.380/0.517
sp_vstab_off,474,645,2,286,286,523,523,0,0,observed,observed,L286=132.064/42.330 L522=96.883/56.227 L523=81.725/43.230 L525=70.266/56.633 L526=1.386/0.518
sp_vstab_off,475,646,1,23,23,260,260,0,0,observed,observed,L23=131.391/43.681 L259=96.634/54.845 L260=82.445/45.342 L262=58.461/48.798 L263=1.383/0.502
sp_vstab_off,475,646,2,286,286,523,523,0,0,observed,observed,L286=131.366/41.116 L522=95.786/55.764 L523=81.412/43.532 L525=68.217/56.578 L526=1.387/0.506
sp_vstab_off,476,647,1,23,23,260,260,0,0,observed,observed,L23=130.970/43.329 L259=96.855/55.029 L260=82.253/47.021 L262=58.095/48.229 L263=1.377/0.488
sp_vstab_off,476,647,2,286,286,523,523,0,0,observed,observed,L286=132.684/41.650 L522=98.847/54.608 L523=71.808/45.159 L525=67.395/56.104 L526=1.380/0.534
sp_vstab_off,477,648,1,23,23,260,260,0,0,observed,observed,L23=130.909/44.341 L259=95.200/55.747 L260=76.920/47.348 L262=58.144/48.298 L263=1.405/0.528
sp_vstab_off,477,648,2,286,286,523,523,0,0,observed,observed,L286=133.592/42.447 L522=98.750/55.648 L523=71.444/47.892 L525=70.183/57.692 L526=1.373/0.515
sp_vstab_off,478,649,1,23,23,260,260,0,0,observed,observed,L23=130.616/43.632 L259=96.670/56.066 L260=85.252/47.468 L262=59.370/49.816 L263=1.384/0.508
sp_vstab_off,478,649,2,286,286,523,523,0,0,observed,observed,L286=134.528/42.706 L522=98.659/56.226 L523=74.327/45.314 L525=69.489/57.620 L526=1.389/0.509
sp_vstab_off,479,650,1,23,23,260,260,0,0,observed,observed,L23=130.997/45.265 L259=98.136/55.927 L260=81.597/45.051 L262=57.028/48.137 L263=1.403/0.512
sp_vstab_off,479,650,2,286,286,523,523,0,0,observed,observed,L286=133.948/42.306 L522=98.705/56.600 L523=75.905/45.131 L525=69.037/56.133 L526=1.387/0.518
sp_vstab_off,480,651,1,23,23,260,260,0,0,observed,observed,L23=131.380/43.912 L259=96.531/55.215 L260=84.345/47.482 L262=59.483/49.313 L263=1.392/0.504
sp_vstab_off,480,651,2,286,286,523,523,0,0,observed,observed,L286=133.945/42.803 L522=97.986/56.905 L523=74.031/46.338 L525=69.022/57.153 L526=1.384/0.532
sp_vstab_off,481,652,1,23,23,260,260,0,0,observed,observed,L23=129.419/44.788 L259=96.138/55.758 L260=81.475/45.978 L262=59.345/49.208 L263=1.367/0.501
sp_vstab_off,481,652,2,286,286,523,523,0,0,observed,observed,L286=132.655/43.080 L522=96.272/55.912 L523=79.264/44.372 L525=68.881/57.170 L526=1.384/0.505
sp_vstab_off,482,653,1,23,23,260,260,0,0,observed,observed,L23=131.359/43.711 L259=93.367/54.372 L260=83.250/44.122 L262=57.837/47.661 L263=1.356/0.492
sp_vstab_off,482,653,2,286,286,523,523,0,0,observed,observed,L286=130.577/43.987 L522=96.295/54.900 L523=80.144/42.652 L525=69.094/57.045 L526=1.386/0.518
sp_vstab_off,483,654,1,23,23,260,260,0,0,observed,observed,L23=130.159/43.795 L259=95.466/54.383 L260=81.316/46.336 L262=58.811/48.591 L263=1.377/0.488
sp_vstab_off,483,654,2,286,286,523,523,0,0,observed,observed,L286=133.559/41.231 L522=96.156/55.676 L523=80.064/42.044 L525=67.358/57.219 L526=1.381/0.517
sp_vstab_off,484,655,1,23,23,260,260,0,0,observed,observed,L23=131.216/43.787 L259=96.219/54.459 L260=83.980/46.099 L262=57.034/48.448 L263=1.367/0.516
sp_vstab_off,484,655,2,286,286,523,523,0,0,observed,observed,L286=135.034/42.344 L522=95.778/54.235 L523=78.981/41.459 L525=67.173/55.638 L526=1.389/0.533
sp_vstab_off,485,656,1,23,23,260,260,0,0,observed,observed,L23=130.230/44.431 L259=95.153/54.842 L260=82.973/44.555 L262=58.816/48.113 L263=1.377/0.497
sp_vstab_off,485,656,2,286,286,523,523,0,0,observed,observed,L286=133.364/42.007 L522=94.652/54.793 L523=80.997/42.608 L525=69.686/56.140 L526=1.359/0.499
sp_vstab_off,486,657,1,23,23,260,260,0,0,observed,observed,L23=131.220/43.320 L259=93.713/55.049 L260=81.450/42.648 L262=57.842/48.015 L263=1.386/0.490
sp_vstab_off,486,657,2,286,286,523,523,0,0,observed,observed,L286=132.731/41.474 L522=96.013/54.860 L523=77.497/42.117 L525=66.291/55.822 L526=1.386/0.533
sp_vstab_off,487,658,1,23,23,260,260,0,0,observed,observed,L23=129.347/43.586 L259=94.658/53.813 L260=79.470/43.125 L262=57.106/47.014 L263=1.375/0.494
sp_vstab_off,487,658,2,286,286,523,523,0,0,observed,observed,L286=133.098/41.635 L522=96.275/54.941 L523=75.708/42.076 L525=67.858/56.360 L526=1.377/0.531
sp_vstab_off,488,659,1,23,23,260,260,0,0,observed,observed,L23=129.423/44.198 L259=92.392/54.077 L260=86.325/48.523 L262=57.128/47.000 L263=1.363/0.503
sp_vstab_off,488,659,2,286,286,523,523,0,0,observed,observed,L286=131.241/42.064 L522=97.127/54.633 L523=80.161/41.654 L525=64.478/54.019 L526=1.369/0.529
sp_vstab_off,489,660,1,23,23,260,260,0,0,observed,observed,L23=131.584/44.037 L259=97.489/53.911 L260=83.533/49.442 L262=59.411/48.121 L263=1.373/0.487
sp_vstab_off,489,660,2,286,286,523,523,0,0,observed,observed,L286=134.566/42.214 L522=94.156/55.089 L523=79.878/38.204 L525=66.425/54.355 L526=1.395/0.508
sp_vstab_off,490,661,1,23,23,260,260,0,0,observed,observed,L23=129.452/44.198 L259=93.516/54.850 L260=74.150/45.426 L262=56.712/46.639 L263=1.380/0.498
sp_vstab_off,490,661,2,286,286,523,523,0,0,observed,observed,L286=132.105/42.629 L522=94.427/55.087 L523=78.406/37.945 L525=67.147/55.499 L526=1.394/0.523
sp_vstab_off,491,662,1,23,23,260,260,0,0,observed,observed,L23=131.892/44.379 L259=96.830/53.281 L260=74.025/46.451 L262=57.138/47.717 L263=1.384/0.505
sp_vstab_off,491,662,2,286,286,523,523,0,0,observed,observed,L286=135.603/42.632 L522=94.377/54.977 L523=80.548/38.111 L525=67.933/54.972 L526=1.383/0.517
sp_vstab_off,492,663,1,23,23,260,260,0,0,observed,observed,L23=132.725/43.981 L259=93.983/53.479 L260=85.016/49.322 L262=55.759/44.831 L263=1.392/0.504
sp_vstab_off,492,663,2,286,286,523,523,0,0,observed,observed,L286=133.113/41.590 L522=91.366/53.796 L523=79.237/35.060 L525=65.592/53.115 L526=1.383/0.505
sp_vstab_off,493,664,1,23,23,260,260,0,0,observed,observed,L23=128.478/45.442 L259=93.520/52.170 L260=81.891/47.682 L262=53.461/43.838 L263=1.364/0.510
sp_vstab_off,493,664,2,286,286,523,523,0,0,observed,observed,L286=131.963/39.822 L522=94.166/54.649 L523=80.861/35.178 L525=69.002/54.732 L526=1.394/0.507
sp_vstab_off,494,665,1,23,23,260,260,0,0,observed,observed,L23=129.711/44.499 L259=93.603/53.420 L260=82.575/47.791 L262=57.073/45.021 L263=1.370/0.502
sp_vstab_off,494,665,2,286,286,523,523,0,0,observed,observed,L286=134.878/40.603 L522=92.408/53.533 L523=79.864/36.541 L525=66.531/54.814 L526=1.384/0.532
sp_vstab_off,495,666,1,23,23,260,260,0,0,observed,observed,L23=133.011/43.519 L259=93.789/52.617 L260=79.834/47.595 L262=54.431/43.182 L263=1.370/0.489
sp_vstab_off,495,666,2,286,286,523,523,0,0,observed,observed,L286=134.272/41.571 L522=92.391/54.715 L523=76.577/35.878 L525=65.122/53.125 L526=1.398/0.521
sp_vstab_off,496,667,1,23,23,260,260,0,0,observed,observed,L23=130.045/42.881 L259=93.341/53.565 L260=76.873/43.742 L262=55.741/44.554 L263=1.378/0.488
sp_vstab_off,496,667,2,286,286,523,523,0,0,observed,observed,L286=134.256/41.210 L522=93.731/54.583 L523=78.059/34.601 L525=66.491/53.812 L526=1.381/0.517
sp_vstab_off,497,668,1,23,23,260,260,0,0,observed,observed,L23=132.294/43.218 L259=93.234/53.976 L260=81.902/44.437 L262=55.811/44.485 L263=1.400/0.515
sp_vstab_off,497,668,2,286,286,523,523,0,0,observed,observed,L286=133.139/42.075 L522=95.039/53.797 L523=82.886/38.098 L525=65.638/53.425 L526=1.402/0.521
sp_vstab_off,498,669,1,23,23,260,260,0,0,observed,observed,L23=130.325/43.343 L259=92.423/53.641 L260=79.231/44.660 L262=53.670/44.277 L263=1.375/0.509
sp_vstab_off,498,669,2,286,286,523,523,0,0,observed,observed,L286=132.472/41.633 L522=91.927/53.601 L523=75.255/34.407 L525=64.222/53.094 L526=1.381/0.505
sp_vstab_off,499,670,1,23,23,260,260,0,0,observed,observed,L23=130.408/42.871 L259=94.186/52.895 L260=80.533/44.401 L262=55.522/44.535 L263=1.391/0.497
sp_vstab_off,499,670,2,286,286,523,523,0,0,observed,observed,L286=132.892/41.464 L522=93.080/54.409 L523=75.583/36.981 L525=65.119/54.303 L526=1.391/0.519
sp_vstab_off,500,671,1,23,23,260,260,0,0,observed,observed,L23=128.578/43.521 L259=92.436/53.840 L260=78.627/45.045 L262=54.836/45.424 L263=1.367/0.504
sp_vstab_off,500,671,2,286,286,523,523,0,0,observed,observed,L286=133.162/42.279 L522=93.175/53.414 L523=82.386/37.104 L525=64.347/54.016 L526=1.398/0.553
sp_vstab_off,501,672,1,23,23,260,260,0,0,observed,observed,L23=129.425/43.323 L259=95.536/53.165 L260=81.272/46.330 L262=54.134/43.968 L263=1.377/0.497
sp_vstab_off,501,672,2,286,286,523,523,0,0,observed,observed,L286=132.317/41.199 L522=93.942/54.104 L523=79.394/35.366 L525=68.131/55.326 L526=1.383/0.517
sp_vstab_off,502,673,1,23,23,260,260,0,0,observed,observed,L23=130.389/42.916 L259=92.598/53.208 L260=80.412/45.769 L262=55.855/44.127 L263=1.381/0.498
sp_vstab_off,502,673,2,286,286,523,523,0,0,observed,observed,L286=131.439/41.527 L522=95.644/53.898 L523=83.183/41.065 L525=66.536/54.753 L526=1.383/0.517
sp_vstab_off,503,674,1,23,23,260,260,0,0,observed,observed,L23=130.078/42.244 L259=96.625/53.951 L260=85.112/46.434 L262=53.902/44.633 L263=1.378/0.494
sp_vstab_off,503,674,2,286,286,523,523,0,0,observed,observed,L286=132.255/43.185 L522=96.028/53.318 L523=78.291/36.090 L525=67.689/54.459 L526=1.389/0.551
sp_vstab_off,504,675,1,23,23,260,260,0,0,observed,observed,L23=130.958/41.755 L259=93.936/53.083 L260=84.158/47.325 L262=57.056/43.967 L263=1.378/0.519
sp_vstab_off,504,675,2,286,286,523,523,0,0,observed,observed,L286=132.536/41.797 L522=94.731/54.195 L523=78.959/34.909 L525=64.783/53.555 L526=1.380/0.517
sp_vstab_off,505,676,1,23,23,260,260,0,0,observed,observed,L23=127.669/42.475 L259=93.808/53.887 L260=83.423/47.873 L262=52.992/44.890 L263=1.403/0.506
sp_vstab_off,505,676,2,286,286,523,523,0,0,observed,observed,L286=129.812/41.904 L522=92.987/53.784 L523=78.725/36.501 L525=66.592/54.428 L526=1.386/0.518
sp_vstab_off,506,677,1,23,23,260,260,0,0,observed,observed,L23=127.366/43.690 L259=93.364/53.278 L260=75.730/42.938 L262=54.817/44.213 L263=1.392/0.510
sp_vstab_off,506,677,2,286,286,523,523,0,0,observed,observed,L286=130.761/41.056 L522=94.144/54.192 L523=78.239/35.996 L525=64.452/54.282 L526=1.375/0.515
sp_vstab_off,507,678,1,23,23,260,260,0,0,observed,observed,L23=126.995/41.903 L259=93.716/54.160 L260=74.009/44.714 L262=57.958/47.726 L263=1.389/0.500
sp_vstab_off,507,678,2,286,286,523,523,0,0,observed,observed,L286=129.467/42.032 L522=91.002/54.358 L523=78.513/37.314 L525=65.303/54.579 L526=1.402/0.521
sp_vstab_off,508,679,1,23,23,260,260,0,0,observed,observed,L23=125.681/42.342 L259=94.372/53.197 L260=83.006/50.907 L262=58.247/47.114 L263=1.375/0.506
sp_vstab_off,508,679,2,286,286,523,523,0,0,observed,observed,L286=126.705/41.777 L522=94.888/54.349 L523=77.266/36.778 L525=68.220/55.244 L526=1.387/0.518
sp_vstab_off,509,680,1,23,23,260,260,0,0,observed,observed,L23=128.777/42.769 L259=95.253/53.564 L260=75.623/45.383 L262=55.819/46.532 L263=1.389/0.497
sp_vstab_off,509,680,2,286,286,523,523,0,0,observed,observed,L286=129.231/41.848 L522=94.809/54.853 L523=81.516/39.529 L525=68.148/54.673 L526=1.375/0.515
sp_vstab_off,510,681,1,23,23,260,260,0,0,observed,observed,L23=127.323/43.742 L259=94.013/54.195 L260=82.487/47.708 L262=57.070/47.480 L263=1.381/0.508
sp_vstab_off,510,681,2,286,286,523,523,0,0,observed,observed,L286=129.758/41.995 L522=96.284/55.334 L523=78.942/39.696 L525=66.622/55.010 L526=1.363/0.503
sp_vstab_off,511,682,1,23,23,260,260,0,0,observed,observed,L23=126.827/42.417 L259=91.822/54.217 L260=85.531/50.846 L262=55.122/47.114 L263=1.402/0.503
sp_vstab_off,511,682,2,286,286,523,523,0,0,observed,observed,L286=126.283/40.758 L522=95.916/55.438 L523=83.713/39.488 L525=69.911/56.057 L526=1.400/0.521
sp_vstab_off,512,683,1,23,23,260,260,0,0,observed,observed,L23=127.430/40.792 L259=91.703/54.933 L260=86.750/47.708 L262=60.255/48.626 L263=1.384/0.499
sp_vstab_off,512,683,2,286,286,523,523,0,0,observed,observed,L286=127.847/42.854 L522=95.161/55.242 L523=88.656/41.308 L525=67.062/54.834 L526=1.392/0.519
sp_vstab_off,513,684,1,23,23,260,260,0,0,observed,observed,L23=126.189/40.710 L259=93.936/55.076 L260=90.202/55.256 L262=57.800/47.167 L263=1.366/0.488
sp_vstab_off,513,684,2,286,286,523,523,0,0,observed,observed,L286=127.178/43.408 L522=92.741/54.600 L523=85.108/39.100 L525=67.059/55.001 L526=1.384/0.532
sp_vstab_off,514,685,1,23,23,260,260,0,0,observed,observed,L23=126.444/40.203 L259=93.694/55.245 L260=87.066/50.874 L262=57.550/47.666 L263=1.370/0.489
sp_vstab_off,514,685,2,286,286,523,523,0,0,observed,observed,L286=126.161/42.542 L522=99.552/54.885 L523=85.927/38.928 L525=67.317/55.754 L526=1.372/0.533
sp_vstab_off,515,686,1,23,23,260,260,0,0,observed,observed,L23=127.478/40.675 L259=96.322/55.102 L260=89.859/48.043 L262=57.977/48.838 L263=1.344/0.491
sp_vstab_off,515,686,2,286,286,523,523,0,0,observed,observed,L286=127.986/42.490 L522=98.109/54.878 L523=81.267/41.526 L525=67.825/56.196 L526=1.387/0.533
sp_vstab_off,516,687,1,23,23,260,260,0,0,observed,observed,L23=124.862/40.189 L259=96.364/55.185 L260=88.952/47.338 L262=58.616/48.474 L263=1.367/0.507
sp_vstab_off,516,687,2,286,286,523,523,0,0,observed,observed,L286=125.292/42.212 L522=96.280/55.593 L523=82.795/41.073 L525=66.391/55.096 L526=1.372/0.502
sp_vstab_off,517,688,1,23,23,260,260,0,0,observed,observed,L23=126.094/39.955 L259=97.459/54.791 L260=90.698/50.523 L262=57.656/48.328 L263=1.373/0.503
sp_vstab_off,517,688,2,286,286,523,523,0,0,observed,observed,L286=127.509/43.003 L522=99.911/56.232 L523=81.116/42.004 L525=70.095/57.204 L526=1.384/0.518
sp_vstab_off,518,689,1,23,23,260,260,0,0,observed,observed,L23=126.567/41.079 L259=98.486/55.736 L260=88.803/50.178 L262=58.827/48.709 L263=1.402/0.515
sp_vstab_off,518,689,2,286,286,523,523,0,0,observed,observed,L286=127.255/43.306 L522=96.989/56.699 L523=81.469/43.927 L525=67.345/56.364 L526=1.384/0.532
sp_vstab_off,519,690,1,23,23,260,260,0,0,observed,observed,L23=126.303/40.160 L259=97.036/55.371 L260=82.213/45.897 L262=57.823/48.242 L263=1.369/0.489
sp_vstab_off,519,690,2,286,286,523,523,0,0,observed,observed,L286=127.283/42.680 L522=97.605/55.951 L523=75.394/45.539 L525=69.978/56.952 L526=1.373/0.515
sp_vstab_off,520,691,1,23,23,260,260,0,0,observed,observed,L23=123.484/40.859 L259=97.078/55.190 L260=84.077/44.641 L262=58.478/48.615 L263=1.378/0.494
sp_vstab_off,520,691,2,286,286,523,523,0,0,observed,observed,L286=127.056/42.295 L522=96.784/55.639 L523=77.452/40.592 L525=66.608/54.913 L526=1.381/0.517
sp_vstab_off,521,692,1,23,23,260,260,0,0,observed,observed,L23=125.192/41.100 L259=95.367/55.491 L260=83.906/49.653 L262=59.409/48.627 L263=1.384/0.518
sp_vstab_off,521,692,2,286,286,523,523,0,0,observed,observed,L286=124.914/42.358 L522=95.048/56.537 L523=84.436/38.750 L525=67.700/55.640 L526=1.389/0.519
sp_vstab_off,522,693,1,23,23,260,260,0,0,observed,observed,L23=137.008/31.500 L259=94.081/54.363 L260=83.662/47.438 L262=60.277/48.310 L263=1.395/0.495
sp_vstab_off,522,693,2,286,286,523,523,0,0,observed,observed,L286=131.170/35.033 L522=93.631/56.334 L523=84.431/38.192 L525=64.870/54.473 L526=1.378/0.516
sp_vstab_off,523,694,1,23,23,260,260,0,0,observed,observed,L23=153.916/30.922 L259=119.844/42.138 L260=110.088/41.282 L262=87.477/60.896 L263=1.378/0.504
sp_vstab_off,523,694,2,286,286,523,523,0,0,observed,observed,L286=152.127/29.463 L522=119.752/42.679 L523=124.719/49.660 L525=91.708/64.069 L526=1.389/0.506
sp_vstab_off,524,695,1,23,23,260,261,0,1,observed,observed,L23=152.528/30.908 L260=111.287/43.230 L261=87.077/61.623 L262=91.141/62.208 L263=1.375/0.500
sp_vstab_off,524,695,2,286,286,523,523,0,0,observed,observed,L286=156.047/29.403 L522=122.070/41.978 L523=123.072/48.380 L525=92.039/64.689 L526=1.411/0.526
sp_vstab_off,525,696,1,23,23,261,261,0,0,observed,observed,L23=154.053/29.084 L260=111.108/41.290 L261=88.105/61.424 L262=87.064/60.685 L263=1.397/0.508
sp_vstab_off,525,696,2,286,286,523,523,0,0,observed,observed,L286=153.747/29.817 L522=120.808/42.582 L523=124.844/47.723 L525=93.928/65.131 L526=1.380/0.531
sp_vstab_off,526,697,1,23,23,261,261,0,0,observed,observed,L23=152.795/29.713 L260=118.442/42.647 L261=88.192/62.770 L262=89.958/61.264 L263=1.380/0.507
sp_vstab_off,526,697,2,286,286,523,523,0,0,observed,observed,L286=155.170/29.988 L522=121.461/42.430 L523=123.578/48.663 L525=94.258/65.421 L526=1.386/0.518
sp_vstab_off,527,698,1,23,23,261,261,0,0,observed,observed,L23=151.233/30.849 L260=114.897/41.916 L261=87.152/61.427 L262=86.092/60.135 L263=1.380/0.501
sp_vstab_off,527,698,2,286,286,523,523,0,0,observed,observed,L286=152.608/28.900 L522=121.698/42.275 L523=119.236/50.209 L525=93.156/65.080 L526=1.373/0.515
sp_vstab_off,528,699,1,23,23,261,261,0,0,observed,observed,L23=152.239/29.453 L260=113.820/41.832 L261=87.664/62.193 L262=86.341/59.836 L263=1.392/0.501
sp_vstab_off,528,699,2,286,286,523,523,0,0,observed,observed,L286=151.692/29.543 L522=120.147/41.186 L523=119.214/48.999 L525=90.819/64.061 L526=1.395/0.535
sp_vstab_off,529,700,1,23,23,261,261,0,0,observed,observed,L23=148.802/30.338 L260=113.681/41.850 L261=87.778/61.119 L262=87.467/60.954 L263=1.366/0.504
sp_vstab_off,529,700,2,286,286,523,523,0,0,observed,observed,L286=148.541/29.307 L522=119.267/42.115 L523=120.958/47.378 L525=92.802/65.014 L526=1.373/0.503
sp_vstab_off,530,701,1,23,23,261,261,0,0,observed,observed,L23=148.495/30.127 L260=114.641/40.968 L261=85.734/60.543 L262=88.861/61.154 L263=1.383/0.492
sp_vstab_off,530,701,2,286,286,523,523,0,0,observed,observed,L286=150.261/29.938 L522=121.352/41.830 L523=120.789/47.890 L525=92.961/64.732 L526=1.381/0.505
sp_vstab_off,531,702,1,23,23,261,261,0,0,observed,observed,L23=150.591/29.810 L260=114.316/41.889 L261=88.867/61.869 L262=87.491/61.051 L263=1.372/0.515
sp_vstab_off,531,702,2,286,286,523,523,0,0,observed,observed,L286=151.209/29.793 L522=121.961/41.842 L523=122.936/47.420 L525=94.169/66.391 L526=1.395/0.535
sp_vstab_off,532,703,1,23,23,261,260,0,-1,observed,observed,L23=148.934/30.472 L259=121.533/42.831 L260=115.316/43.222 L262=87.964/61.819 L263=1.389/0.497
sp_vstab_off,532,703,2,286,286,523,523,0,0,observed,observed,L286=151.363/29.512 L522=121.355/41.768 L523=122.842/47.656 L525=90.855/63.592 L526=1.400/0.521
sp_vstab_off,533,704,1,23,23,260,260,0,0,observed,observed,L23=148.566/30.117 L259=120.600/41.834 L260=109.075/43.178 L262=88.558/60.781 L263=1.398/0.511
sp_vstab_off,533,704,2,286,286,523,523,0,0,observed,observed,L286=151.133/30.134 L522=122.961/42.502 L523=124.688/47.983 L525=91.787/64.027 L526=1.392/0.519
sp_vstab_off,534,705,1,23,23,260,261,0,1,observed,observed,L23=147.683/29.457 L260=117.278/42.869 L261=88.594/62.340 L262=89.820/60.717 L263=1.391/0.510
sp_vstab_off,534,705,2,286,286,523,523,0,0,observed,observed,L286=149.711/30.028 L522=120.936/41.734 L523=120.402/46.004 L525=91.433/64.291 L526=1.387/0.536
sp_vstab_off,535,706,1,23,23,261,260,0,-1,observed,observed,L23=147.186/29.150 L259=122.033/41.488 L260=116.641/42.458 L262=87.403/60.715 L263=1.359/0.502
sp_vstab_off,535,706,2,286,286,523,523,0,0,observed,observed,L286=149.819/31.129 L522=118.244/40.582 L523=120.698/45.679 L525=91.880/64.589 L526=1.380/0.531
sp_vstab_off,536,707,1,23,23,260,260,0,0,observed,observed,L23=146.520/28.984 L259=118.934/41.271 L260=108.336/43.532 L262=87.886/60.642 L263=1.381/0.489
sp_vstab_off,536,707,2,286,286,523,525,0,2,observed,observed,L286=150.269/29.244 L524=121.489/46.256 L525=85.819/61.916 L526=1.398/0.521
sp_vstab_off,537,708,1,23,23,260,260,0,0,observed,observed,L23=149.091/29.123 L259=121.023/41.459 L260=116.213/42.512 L262=87.348/61.016 L263=1.387/0.494
sp_vstab_off,537,708,2,286,286,525,523,0,-2,observed,observed,L286=38.828/64.697 L522=119.895/40.554 L523=119.027/47.383 L525=91.708/64.160 L526=1.364/0.513
sp_vstab_off,538,709,1,23,23,260,261,0,1,observed,observed,L23=144.580/29.259 L260=114.873/40.860 L261=85.080/60.993 L262=87.434/60.861 L263=1.383/0.496
sp_vstab_off,538,709,2,286,286,523,523,0,0,observed,observed,L286=146.930/29.012 L522=120.414/41.365 L523=126.372/47.217 L525=92.758/64.892 L526=1.383/0.517
sp_vstab_off,539,710,1,23,23,261,260,0,-1,observed,observed,L23=147.947/29.566 L259=120.831/41.485 L260=113.336/40.774 L262=87.298/60.041 L263=1.383/0.489
sp_vstab_off,539,710,2,286,286,523,523,0,0,observed,observed,L286=147.452/29.277 L522=120.569/41.103 L523=125.420/46.600 L525=92.689/63.888 L526=1.381/0.517
sp_vstab_off,540,711,1,23,23,260,260,0,0,observed,observed,L23=144.730/28.818 L259=119.834/41.062 L260=115.734/42.256 L262=87.864/59.887 L263=1.392/0.495
sp_vstab_off,540,711,2,286,286,523,523,0,0,observed,observed,L286=145.978/28.969 L522=121.716/41.323 L523=116.688/47.922 L525=93.072/64.185 L526=1.391/0.534
sp_vstab_off,541,712,1,23,23,260,261,0,1,observed,observed,L23=145.516/29.431 L260=115.614/41.663 L261=86.661/62.478 L262=85.567/59.531 L263=1.381/0.520
sp_vstab_off,541,712,2,286,286,523,523,0,0,observed,observed,L286=144.523/28.754 L522=119.333/41.512 L523=121.675/46.373 L525=92.467/63.529 L526=1.397/0.520
sp_vstab_off,542,713,1,23,23,261,260,0,-1,observed,observed,L23=146.105/29.018 L259=120.216/42.013 L260=109.450/43.803 L262=87.152/61.439 L263=1.391/0.507
sp_vstab_off,542,713,2,286,286,523,523,0,0,observed,observed,L286=146.850/29.348 L522=122.102/41.303 L523=122.438/46.496 L525=93.162/64.561 L526=1.373/0.515
sp_vstab_off,543,714,1,23,23,260,260,0,0,observed,observed,L23=145.783/28.080 L259=120.466/41.303 L260=110.792/41.564 L262=87.577/59.758 L263=1.375/0.506
sp_vstab_off,543,714,2,286,286,523,523,0,0,observed,observed,L286=142.017/29.596 L522=118.978/41.143 L523=121.253/47.649 L525=91.781/63.872 L526=1.395/0.508
sp_vstab_off,544,715,1,23,23,260,261,0,1,observed,observed,L23=144.169/29.533 L260=111.100/42.021 L261=88.041/60.863 L262=88.392/59.169 L263=1.386/0.506
sp_vstab_off,544,715,2,286,286,523,523,0,0,observed,observed,L286=144.116/30.757 L522=119.572/41.263 L523=115.441/51.139 L525=91.758/63.093 L526=1.380/0.517
sp_vstab_off,545,716,1,23,23,261,261,0,0,observed,observed,L23=139.392/31.411 L260=108.766/40.145 L261=85.669/60.565 L262=86.170/58.860 L263=1.378/0.501
sp_vstab_off,545,716,2,286,286,523,523,0,0,observed,observed,L286=142.400/29.738 L522=117.616/40.763 L523=123.125/46.893 L525=89.703/61.723 L526=1.386/0.533
sp_vstab_off,546,717,1,23,23,261,261,0,0,observed,observed,L23=142.191/29.396 L260=112.628/41.210 L261=86.312/61.855 L262=87.412/60.806 L263=1.377/0.491
sp_vstab_off,546,717,2,286,286,523,523,0,0,observed,observed,L286=147.863/30.639 L522=119.305/40.758 L523=121.980/49.697 L525=91.325/64.014 L526=1.370/0.514
sp_vstab_off,547,718,1,23,23,261,261,0,0,observed,observed,L23=142.052/29.824 L260=110.216/40.416 L261=89.509/60.680 L262=88.103/59.787 L263=1.414/0.514
sp_vstab_off,547,718,2,286,286,523,523,0,0,observed,observed,L286=144.569/30.565 L522=121.269/40.938 L523=124.884/48.556 L525=92.116/63.514 L526=1.373/0.515
sp_vstab_off,548,719,1,23,23,261,261,0,0,observed,observed,L23=144.230/30.798 L260=113.267/40.951 L261=86.472/61.218 L262=88.138/60.527 L263=1.369/0.502
sp_vstab_off,548,719,2,286,286,523,523,0,0,observed,observed,L286=147.841/29.882 L522=120.597/40.693 L523=122.227/47.882 L525=90.133/62.496 L526=1.402/0.521
sp_vstab_off,549,720,1,23,23,261,261,0,0,observed,observed,L23=143.802/31.231 L260=109.761/41.185 L261=85.995/60.985 L262=87.428/59.666 L263=1.364/0.491
sp_vstab_off,549,720,2,286,286,523,523,0,0,observed,observed,L286=146.150/30.346 L522=119.464/41.136 L523=125.148/48.505 L525=90.094/63.366 L526=1.375/0.515
sp_vstab_off,550,721,1,23,23,261,261,0,0,observed,observed,L23=146.438/32.080 L260=111.856/40.558 L261=84.572/60.385 L262=86.378/59.531 L263=1.375/0.491
sp_vstab_off,550,721,2,286,286,523,523,0,0,observed,observed,L286=148.583/28.970 L522=118.450/40.641 L523=115.839/46.677 L525=86.953/60.820 L526=1.380/0.517
sp_vstab_off,551,722,1,23,23,261,261,0,0,observed,observed,L23=144.116/31.084 L260=110.152/40.204 L261=84.812/59.650 L262=84.730/59.278 L263=1.378/0.488
sp_vstab_off,551,722,2,286,286,523,523,0,0,observed,observed,L286=146.505/30.195 L522=118.867/40.370 L523=116.203/47.739 L525=89.516/61.932 L526=1.389/0.533
sp_vstab_off,552,723,1,23,23,261,260,0,-1,observed,observed,L23=147.498/30.882 L259=116.612/40.682 L260=111.217/43.551 L262=84.597/57.680 L263=1.386/0.503
sp_vstab_off,552,723,2,286,286,523,523,0,0,observed,observed,L286=149.420/31.127 L522=120.389/40.112 L523=118.667/46.495 L525=88.727/62.003 L526=1.394/0.507
sp_vstab_off,553,724,1,23,23,260,261,0,1,observed,observed,L23=143.866/30.471 L260=112.481/41.342 L261=84.289/59.682 L262=83.791/58.103 L263=1.409/0.498
sp_vstab_off,553,724,2,286,286,523,523,0,0,observed,observed,L286=148.786/30.369 L522=120.453/40.395 L523=119.519/47.773 L525=89.434/62.307 L526=1.405/0.510
sp_vstab_off,554,725,1,23,23,261,261,0,0,observed,observed,L23=149.664/31.944 L260=113.775/40.481 L261=86.430/59.222 L262=85.138/59.499 L263=1.378/0.494
sp_vstab_off,554,725,2,286,286,523,523,0,0,observed,observed,L286=150.887/30.530 L522=119.166/40.393 L523=116.925/46.276 L525=87.517/62.302 L526=1.409/0.510
sp_vstab_off,555,726,1,23,23,261,261,0,0,observed,observed,L23=148.273/31.269 L260=108.572/40.372 L261=83.133/58.782 L262=81.956/57.039 L263=1.395/0.502
sp_vstab_off,555,726,2,286,286,523,523,0,0,observed,observed,L286=148.963/30.776 L522=117.533/39.435 L523=113.845/46.520 L525=87.477/61.494 L526=1.369/0.502
sp_vstab_off,556,727,1,23,23,261,260,0,-1,observed,observed,L23=147.364/31.746 L259=120.702/40.564 L260=112.400/41.172 L262=84.756/58.745 L263=1.391/0.494
sp_vstab_off,556,727,2,286,286,523,523,0,0,observed,observed,L286=152.058/31.966 L522=116.675/40.585 L523=117.833/47.298 L525=86.784/61.484 L526=1.398/0.508
sp_vstab_off,557,728,1,23,23,260,261,0,1,observed,observed,L23=149.030/31.528 L260=106.906/40.295 L261=83.159/59.194 L262=83.575/57.268 L263=1.375/0.494
sp_vstab_off,557,728,2,286,286,523,523,0,0,observed,observed,L286=152.755/30.955 L522=116.700/40.615 L523=114.125/46.596 L525=86.956/61.473 L526=1.366/0.513
sp_vstab_off,558,729,1,23,23,261,260,0,-1,observed,observed,L23=148.512/31.432 L259=116.861/40.861 L260=108.713/41.108 L262=82.783/58.303 L263=1.372/0.499
sp_vstab_off,558,729,2,286,286,523,523,0,0,observed,observed,L286=153.278/31.093 L522=113.513/40.647 L523=117.144/45.911 L525=84.694/61.190 L526=1.383/0.532
sp_vstab_off,559,730,1,23,23,260,260,0,0,observed,observed,L23=147.842/29.976 L259=117.037/40.815 L260=106.298/42.983 L262=82.114/57.829 L263=1.384/0.496
sp_vstab_off,559,730,2,286,286,523,523,0,0,observed,observed,L286=152.464/31.697 L522=116.259/40.629 L523=121.727/45.134 L525=87.539/62.415 L526=1.383/0.517
sp_vstab_off,560,731,1,23,23,260,260,0,0,observed,observed,L23=150.764/30.934 L259=116.708/40.299 L260=110.831/40.611 L262=82.180/56.913 L263=1.377/0.494
sp_vstab_off,560,731,2,286,286,523,523,0,0,observed,observed,L286=153.925/31.230 L522=116.358/39.936 L523=118.900/43.977 L525=86.195/60.586 L526=1.383/0.517
sp_vstab_off,561,732,1,23,23,260,260,0,0,observed,observed,L23=150.694/30.490 L259=117.014/40.184 L260=111.222/42.456 L262=80.969/56.932 L263=1.383/0.505
sp_vstab_off,561,732,2,286,286,523,523,0,0,observed,observed,L286=152.073/29.277 L522=113.734/40.144 L523=116.828/45.968 L525=85.838/61.075 L526=1.383/0.532
sp_vstab_off,562,733,1,23,23,260,260,0,0,observed,observed,L23=151.267/30.783 L259=115.612/40.271 L260=110.306/41.110 L262=82.722/58.140 L263=1.372/0.505
sp_vstab_off,562,733,2,286,286,523,523,0,0,observed,observed,L286=158.155/30.193 L522=114.539/40.384 L523=116.037/47.117 L525=85.733/60.848 L526=1.387/0.533
sp_vstab_off,563,734,1,23,23,260,260,0,0,observed,observed,L23=151.355/30.835 L259=116.433/40.638 L260=110.527/41.516 L262=82.456/56.643 L263=1.373/0.496
sp_vstab_off,563,734,2,286,286,523,523,0,0,observed,observed,L286=155.581/30.045 L522=114.783/40.326 L523=115.662/42.986 L525=88.411/61.047 L526=1.386/0.518
sp_vstab_off,564,735,1,23,23,260,260,0,0,observed,observed,L23=153.119/30.074 L259=115.930/41.225 L260=110.670/41.049 L262=82.023/57.743 L263=1.386/0.493
sp_vstab_off,564,735,2,286,286,523,523,0,0,observed,observed,L286=156.280/31.463 L522=115.945/40.110 L523=116.247/46.266 L525=86.714/60.950 L526=1.366/0.528
sp_vstab_off,565,736,1,23,23,260,260,0,0,observed,observed,L23=155.598/30.914 L259=114.977/40.600 L260=102.392/42.842 L262=82.809/57.760 L263=1.350/0.499
sp_vstab_off,565,736,2,286,286,523,523,0,0,observed,observed,L286=157.456/30.608 L522=113.447/39.928 L523=114.234/45.330 L525=86.612/61.713 L526=1.398/0.521
sp_vstab_off,566,737,1,23,23,260,261,0,1,observed,observed,L23=153.728/30.815 L260=107.967/40.125 L261=83.398/58.622 L262=82.697/57.253 L263=1.392/0.510
sp_vstab_off,566,737,2,286,286,523,523,0,0,observed,observed,L286=158.023/29.605 L522=116.691/40.529 L523=115.973/44.788 L525=87.986/61.703 L526=1.372/0.530
sp_vstab_off,567,738,1,23,23,261,261,0,0,observed,observed,L23=157.225/32.505 L260=109.814/40.082 L261=105.616/42.817 L262=82.377/57.129 L263=1.375/0.500
sp_vstab_off,567,738,2,286,286,523,523,0,0,observed,observed,L286=159.033/30.170 L522=113.689/39.621 L523=113.852/45.084 L525=86.900/61.468 L526=1.383/0.532
sp_vstab_off,568,739,1,23,23,261,261,0,0,observed,observed,L23=154.356/30.752 L260=107.745/40.117 L261=82.667/58.655 L262=81.722/57.917 L263=1.364/0.491
sp_vstab_off,568,739,2,286,286,523,523,0,0,observed,observed,L286=158.311/29.361 L522=114.705/39.221 L523=114.031/45.560 L525=87.005/60.179 L526=1.356/0.526
sp_vstab_off,569,740,1,23,23,261,260,0,-1,observed,observed,L23=157.477/30.008 L259=114.856/41.390 L260=107.755/39.512 L262=82.553/56.933 L263=1.372/0.502
sp_vstab_off,569,740,2,286,286,523,523,0,0,observed,observed,L286=159.503/30.343 L522=113.361/40.805 L523=113.869/45.295 L525=86.077/60.363 L526=1.380/0.504
sp_vstab_off,570,741,1,23,23,260,260,0,0,observed,observed,L23=155.069/30.825 L259=112.352/39.764 L260=105.556/39.022 L262=81.275/56.827 L263=1.377/0.507
sp_vstab_off,570,741,2,286,286,523,523,0,0,observed,observed,L286=157.461/30.796 L522=113.947/38.997 L523=112.338/46.025 L525=86.366/60.512 L526=1.384/0.532
sp_vstab_off,571,742,1,23,23,260,261,0,1,observed,observed,L23=155.698/29.480 L260=108.595/39.789 L261=83.286/59.153 L262=83.211/56.839 L263=1.377/0.497
sp_vstab_off,571,742,2,286,286,523,523,0,0,observed,observed,L286=159.527/29.866 L522=114.016/40.557 L523=112.852/45.279 L525=85.652/61.545 L526=1.394/0.534
sp_vstab_off,572,743,1,23,23,261,261,0,0,observed,observed,L23=160.113/31.274 L260=107.161/40.021 L261=81.728/58.195 L262=80.956/56.202 L263=1.369/0.486
sp_vstab_off,572,743,2,286,286,523,523,0,0,observed,observed,L286=157.805/30.571 L522=112.338/39.607 L523=111.320/45.604 L525=82.033/58.586 L526=1.383/0.517
sp_vstab_off,573,744,1,23,23,261,261,0,0,observed,observed,L23=156.394/31.295 L260=106.677/40.381 L261=80.781/58.212 L262=80.655/56.447 L263=1.384/0.493
sp_vstab_off,573,744,2,286,286,523,523,0,0,observed,observed,L286=161.041/29.813 L522=111.059/40.465 L523=113.652/44.523 L525=82.197/59.248 L526=1.380/0.517
sp_vstab_off,574,745,1,23,23,261,261,0,0,observed,observed,L23=156.787/29.921 L260=104.053/39.645 L261=81.302/57.419 L262=78.317/56.037 L263=1.386/0.496
sp_vstab_off,574,745,2,286,286,523,523,0,0,observed,observed,L286=159.073/30.299 L522=108.897/38.470 L523=109.455/44.611 L525=79.980/57.488 L526=1.394/0.534
sp_vstab_off,575,746,1,23,23,261,260,0,-1,observed,observed,L23=152.764/29.943 L259=109.862/39.807 L260=102.077/40.551 L262=75.703/54.207 L263=1.342/0.487
sp_vstab_off,575,746,2,286,286,523,523,0,0,observed,observed,L286=153.891/30.064 L522=108.420/39.298 L523=110.166/42.938 L525=80.802/58.156 L526=1.400/0.539
sp_vstab_off,576,747,1,23,23,260,261,0,1,observed,observed,L23=154.903/30.053 L260=105.072/37.917 L261=79.966/56.299 L262=78.478/55.251 L263=1.375/0.491
sp_vstab_off,576,747,2,286,286,523,523,0,0,observed,observed,L286=160.889/29.946 L522=110.520/39.388 L523=107.831/42.236 L525=80.688/57.100 L526=1.384/0.505
sp_vstab_off,577,748,1,23,23,261,261,0,0,observed,observed,L23=156.887/30.182 L260=102.520/39.557 L261=78.303/55.207 L262=77.644/53.875 L263=1.372/0.505
sp_vstab_off,577,748,2,286,286,523,523,0,0,observed,observed,L286=42.303/70.881 L522=105.109/39.070 L523=97.713/42.358 L525=78.920/55.255 L526=1.392/0.519
sp_vstab_off,578,749,1,23,23,261,261,0,0,observed,observed,L23=155.242/30.543 L260=97.061/36.837 L261=75.778/52.965 L262=74.861/51.377 L263=1.358/0.492
sp_vstab_off,578,749,2,286,286,523,523,0,0,observed,observed,L286=41.053/70.511 L522=102.956/36.736 L523=95.522/40.901 L525=72.438/51.400 L526=1.395/0.508
sp_vstab_off,579,750,1,23,23,261,261,0,0,observed,observed,L23=159.217/29.419 L260=87.967/36.141 L261=71.314/50.599 L262=70.033/50.149 L263=1.394/0.492
sp_vstab_off,579,750,2,286,286,523,524,0,1,observed,observed,L286=20.356/37.814 L523=100.062/36.959 L524=92.448/38.766 L525=69.647/47.862 L526=1.387/0.506
sp_vstab_off,580,751,1,23,23,261,261,0,0,observed,observed,L23=154.764/29.495 L260=82.022/33.747 L261=64.723/47.661 L262=66.562/46.360 L263=1.356/0.485
sp_vstab_off,580,751,2,286,286,524,524,0,0,observed,observed,L286=32.436/46.416 L523=94.269/36.674 L524=84.263/39.376 L525=64.623/45.181 L526=1.359/0.499
sp_vstab_off,581,752,1,23,23,261,261,0,0,observed,observed,L23=153.006/28.163 L260=80.567/33.765 L261=67.309/47.143 L262=68.764/48.290 L263=1.391/0.504
sp_vstab_off,581,752,2,286,286,524,524,0,0,observed,observed,L286=14.103/29.161 L523=92.189/36.044 L524=83.145/33.934 L525=67.017/46.449 L526=1.370/0.514
sp_vstab_off,582,753,1,23,23,261,261,0,0,observed,observed,L23=155.037/28.992 L260=82.459/32.658 L261=66.053/46.710 L262=68.025/47.669 L263=1.375/0.487
sp_vstab_off,582,753,2,286,286,524,524,0,0,observed,observed,L286=16.408/31.987 L523=89.594/35.770 L524=85.267/37.462 L525=68.511/46.448 L526=1.408/0.522
sp_vstab_off,583,754,1,23,23,261,261,0,0,observed,observed,L23=152.636/28.405 L260=82.352/33.853 L261=67.020/45.971 L262=66.730/45.733 L263=1.380/0.498
sp_vstab_off,583,754,2,286,287,524,524,1,0,observed,censored,L287=155.014/28.868 L523=89.369/35.567 L524=85.520/34.258 L525=67.725/46.018 L526=1.394/0.498
sp_vstab_off,584,755,1,23,23,261,260,0,-1,observed,observed,L23=153.448/28.685 L259=91.245/35.225 L260=85.889/34.168 L262=71.298/47.882 L263=1.375/0.506
sp_vstab_off,584,755,2,287,286,524,523,-1,-1,censored,observed,L286=42.045/71.981 L522=90.670/34.517 L523=88.873/37.350 L525=73.303/49.927 L526=1.413/0.538
sp_vstab_off,585,756,1,23,23,260,261,0,1,observed,observed,L23=156.695/29.910 L260=87.780/34.567 L261=70.336/48.252 L262=70.103/46.858 L263=1.389/0.503
sp_vstab_off,585,756,2,286,286,523,523,0,0,observed,observed,L286=157.123/28.603 L522=90.984/35.032 L523=89.263/34.331 L525=71.541/49.805 L526=1.389/0.519
sp_vstab_off,586,757,1,23,23,261,261,0,0,observed,observed,L23=153.491/28.690 L260=84.794/37.305 L261=70.677/48.740 L262=69.853/47.929 L263=1.378/0.488
sp_vstab_off,586,757,2,286,286,523,524,0,1,observed,observed,L286=158.195/28.666 L523=92.003/35.625 L524=72.702/49.207 L525=74.469/51.659 L526=1.372/0.515
sp_vstab_off,587,758,1,23,23,261,261,0,0,observed,observed,L23=156.302/29.060 L260=84.425/37.430 L261=69.808/47.145 L262=69.030/46.749 L263=1.375/0.497
sp_vstab_off,587,758,2,286,286,524,524,0,0,observed,observed,L286=157.762/29.608 L523=96.495/36.577 L524=70.808/48.372 L525=75.245/52.329 L526=1.402/0.521
sp_vstab_off,588,759,1,23,23,261,260,0,-1,observed,observed,L23=153.723/28.776 L259=89.039/34.965 L260=86.334/36.718 L262=67.809/47.441 L263=1.377/0.497
sp_vstab_off,588,759,2,286,286,524,524,0,0,observed,observed,L286=154.900/28.812 L523=94.386/35.798 L524=68.698/47.291 L525=72.261/51.700 L526=1.377/0.516
sp_vstab_off,589,760,1,23,23,260,261,0,1,observed,observed,L23=150.537/29.278 L260=84.256/33.457 L261=66.761/45.791 L262=64.705/45.360 L263=1.384/0.493
sp_vstab_off,589,760,2,286,286,524,523,0,-1,observed,observed,L286=156.209/29.295 L522=87.688/34.602 L523=90.739/38.831 L525=73.944/53.035 L526=1.370/0.532
sp_vstab_off,590,761,1,23,23,261,261,0,0,observed,observed,L23=155.284/28.932 L260=87.330/32.525 L261=69.492/48.184 L262=67.509/47.353 L263=1.383/0.508
sp_vstab_off,590,761,2,286,286,523,524,0,1,observed,observed,L286=158.427/29.609 L523=95.938/35.978 L524=69.714/47.654 L525=69.666/51.131 L526=1.387/0.521
sp_vstab_off,591,762,1,23,23,261,261,0,0,observed,observed,L23=154.920/28.231 L260=80.225/35.513 L261=67.420/47.224 L262=63.991/45.072 L263=1.394/0.501
sp_vstab_off,591,762,2,286,286,524,523,0,-1,observed,observed,L286=156.703/27.929 L522=87.037/33.720 L523=97.261/35.801 L525=70.558/52.376 L526=1.380/0.531
sp_vstab_off,592,763,1,23,23,261,260,0,-1,observed,observed,L23=156.878/29.379 L259=86.447/35.217 L260=80.353/35.804 L262=61.253/44.794 L263=1.377/0.488
sp_vstab_off,592,763,2,286,286,523,523,0,0,observed,observed,L286=158.273/29.340 L522=85.697/34.650 L523=97.502/37.739 L525=72.661/52.195 L526=1.386/0.506
sp_vstab_off,593,764,1,23,23,260,260,0,0,observed,observed,L23=157.981/29.937 L259=85.880/35.216 L260=80.078/36.891 L262=62.886/46.462 L263=1.378/0.494
sp_vstab_off,593,764,2,286,286,523,523,0,0,observed,observed,L286=162.216/28.466 L522=84.570/34.321 L523=97.345/36.578 L525=71.631/52.997 L526=1.408/0.537
sp_vstab_off,594,765,1,23,23,260,260,0,0,observed,observed,L23=156.422/29.461 L259=84.484/35.192 L260=80.531/35.615 L262=63.333/45.852 L263=1.353/0.481
sp_vstab_off,594,765,2,286,286,523,523,0,0,observed,observed,L286=156.450/29.195 L522=84.797/35.095 L523=95.208/35.280 L525=71.686/52.270 L526=1.389/0.497
sp_vstab_off,595,766,1,23,23,260,260,0,0,observed,observed,L23=154.216/28.561 L259=82.703/34.848 L260=78.964/35.793 L262=62.616/45.136 L263=1.397/0.496
sp_vstab_off,595,766,2,286,286,523,523,0,0,observed,observed,L286=154.750/28.945 L522=81.961/35.325 L523=92.797/37.142 L525=73.033/52.677 L526=1.378/0.516
sp_vstab_off,596,767,1,23,23,260,260,0,0,observed,observed,L23=156.706/29.145 L259=83.861/35.843 L260=80.269/38.752 L262=65.344/46.409 L263=1.375/0.487
sp_vstab_off,596,767,2,286,286,523,524,0,1,observed,observed,L286=159.266/28.459 L523=88.237/38.550 L524=67.950/48.456 L525=72.605/52.523 L526=1.405/0.510
sp_vstab_off,597,768,1,23,23,260,260,0,0,observed,observed,L23=154.662/29.657 L259=81.278/35.195 L260=77.934/37.503 L262=65.084/46.511 L263=1.384/0.496
sp_vstab_off,597,768,2,286,286,524,523,0,-1,observed,observed,L286=45.109/71.715 L522=78.141/35.321 L523=97.158/37.181 L525=72.398/52.710 L526=1.377/0.504
sp_vstab_off,598,769,1,23,23,260,260,0,0,observed,observed,L23=152.869/28.446 L259=76.730/36.780 L260=73.642/38.343 L262=63.520/45.900 L263=1.389/0.494
sp_vstab_off,598,769,2,286,286,523,524,0,1,observed,observed,L286=157.445/28.262 L523=90.030/36.856 L524=69.964/48.716 L525=74.328/53.760 L526=1.380/0.531
sp_vstab_off,599,770,1,23,23,260,261,0,1,observed,observed,L23=155.920/28.894 L260=76.592/39.143 L261=65.002/46.946 L262=65.830/46.648 L263=1.377/0.488
sp_vstab_off,599,770,2,286,286,524,523,0,-1,observed,observed,L286=158.267/28.403 L522=80.684/36.249 L523=95.391/35.034 L525=74.625/54.084 L526=1.380/0.517
sp_vstab_off,600,771,1,23,23,261,261,0,0,observed,observed,L23=156.869/28.170 L260=81.602/35.225 L261=66.561/46.135 L262=67.438/47.361 L263=1.392/0.498
sp_vstab_off,600,771,2,286,286,523,523,0,0,observed,observed,L286=158.353/27.823 L522=82.191/35.788 L523=85.287/42.123 L525=74.030/53.742 L526=1.397/0.508
sp_vstab_off,601,772,1,23,23,261,260,0,-1,observed,observed,L23=153.436/28.130 L259=81.016/37.217 L260=78.088/38.427 L262=65.973/47.038 L263=1.383/0.492
sp_vstab_off,601,772,2,286,286,523,523,0,0,observed,observed,L286=156.906/29.925 L522=83.903/35.127 L523=85.855/42.749 L525=78.078/55.105 L526=1.391/0.519
sp_vstab_off,602,773,1,23,23,260,261,0,1,observed,observed,L23=157.508/29.246 L260=80.463/36.030 L261=66.430/46.444 L262=68.412/48.211 L263=1.389/0.491
sp_vstab_off,602,773,2,286,286,523,524,0,1,observed,observed,L286=157.817/28.453 L523=94.378/36.167 L524=75.375/51.403 L525=77.295/54.533 L526=1.373/0.515
sp_vstab_off,603,774,1,23,23,261,261,0,0,observed,observed,L23=153.983/29.545 L260=81.003/37.500 L261=68.497/47.297 L262=68.198/48.089 L263=1.387/0.494
sp_vstab_off,603,774,2,286,286,524,523,0,-1,observed,observed,L286=160.053/28.527 L522=84.441/35.049 L523=99.394/35.193 L525=75.808/53.850 L526=1.392/0.507
sp_vstab_off,604,775,1,23,23,261,261,0,0,observed,observed,L23=154.028/28.454 L260=84.559/36.457 L261=69.075/47.709 L262=68.770/47.633 L263=1.377/0.497
sp_vstab_off,604,775,2,286,286,523,523,0,0,observed,observed,L286=156.984/29.420 L522=84.452/35.248 L523=103.934/40.772 L525=76.969/54.747 L526=1.375/0.530
sp_vstab_off,605,776,1,23,23,261,261,0,0,observed,observed,L23=155.653/29.317 L260=80.605/36.894 L261=68.127/47.450 L262=68.486/48.826 L263=1.381/0.505
sp_vstab_off,605,776,2,286,286,523,524,0,1,observed,observed,L286=156.758/28.363 L523=99.414/35.502 L524=71.323/49.612 L525=77.998/55.782 L526=1.378/0.504
sp_vstab_off,606,777,1,23,23,261,261,0,0,observed,observed,L23=153.852/29.125 L260=83.272/36.010 L261=69.783/47.829 L262=69.277/48.210 L263=1.383/0.489
sp_vstab_off,606,777,2,286,286,524,524,0,0,observed,observed,L286=158.898/28.855 L523=102.384/36.385 L524=73.697/50.206 L525=78.670/56.546 L526=1.380/0.504
sp_vstab_off,607,778,1,23,23,261,260,0,-1,observed,observed,L23=156.900/30.209 L259=85.636/36.406 L260=85.186/38.352 L262=69.733/48.485 L263=1.369/0.498
sp_vstab_off,607,778,2,286,286,524,524,0,0,observed,observed,L286=156.562/29.647 L523=108.906/39.907 L524=73.445/50.766 L525=78.287/54.771 L526=1.375/0.515
