capture,ordinal,counter,field,previous_picture_top_line,picture_top_line,previous_switch_first_line,switch_first_line,dp,ds,previous_status,status,raw_rows
w_2100s,1,1911,1,25,25,261,261,0,0,censored,censored,L25=98.766/48.818 L260=28.050/2.164 L261=19.106/8.372 L262=12.764/0.897 L263=1.381/0.498 L264=1.387/0.487
w_2100s,1,1911,2,288,288,523,523,0,0,censored,censored,L288=135.923/64.963 L522=26.978/1.868 L523=12.891/0.820 L525=12.159/0.752 L526=1.383/0.517 L527=16.000/0.000
w_2100s,2,1912,1,25,25,261,261,0,0,censored,censored,L25=88.745/44.372 L260=26.439/1.774 L261=18.361/7.254 L262=12.534/0.864 L263=1.389/0.491 L264=1.373/0.484
w_2100s,2,1912,2,288,288,523,523,0,0,censored,censored,L288=118.797/61.191 L522=25.831/1.656 L523=12.753/0.919 L525=12.411/0.765 L526=1.372/0.502 L527=16.000/0.000
w_2100s,3,1913,1,25,25,261,261,0,0,censored,censored,L25=87.306/45.660 L260=26.188/1.446 L261=17.988/7.101 L262=12.584/0.832 L263=1.384/0.496 L264=1.387/0.487
w_2100s,3,1913,2,288,288,523,523,0,0,censored,censored,L288=119.002/62.686 L522=26.523/1.754 L523=12.731/0.840 L525=12.073/0.766 L526=1.377/0.494 L527=16.000/0.000
w_2100s,4,1914,1,25,24,261,260,-1,-1,censored,censored,L24=87.500/45.909 L259=27.084/1.732 L260=18.816/7.617 L262=12.025/0.786 L263=1.398/0.502
w_2100s,4,1914,2,288,288,523,523,0,0,censored,censored,L288=113.531/66.368 L522=26.431/1.587 L523=12.695/0.882 L525=11.941/0.818 L526=1.375/0.515 L527=16.000/0.000
w_2100s,5,1915,1,24,25,260,261,1,1,censored,censored,L25=94.614/44.576 L260=26.736/1.617 L261=18.883/7.520 L262=12.569/0.885 L263=1.369/0.502 L264=1.380/0.485
w_2100s,5,1915,2,288,288,523,523,0,0,censored,censored,L288=123.786/63.915 L522=26.767/1.376 L523=12.756/0.882 L525=12.377/0.861 L526=1.364/0.500 L527=16.000/0.000
w_2100s,6,1916,1,25,24,261,260,-1,-1,censored,censored,L24=114.369/47.152 L259=28.217/5.480 L260=18.536/7.238 L262=11.941/0.812 L263=1.384/0.490
w_2100s,6,1916,2,288,288,523,523,0,0,censored,censored,L288=153.219/66.781 L522=27.875/5.947 L523=13.208/0.864 L525=12.533/0.800 L526=1.364/0.513 L527=16.000/0.000
w_2100s,7,1917,1,24,24,260,260,0,0,censored,censored,L24=105.809/50.773 L259=30.491/9.552 L260=18.317/6.666 L262=11.781/0.747 L263=1.397/0.499
w_2100s,7,1917,2,288,288,523,522,0,-1,censored,censored,L288=146.217/69.844 L521=29.075/9.085 L522=29.783/10.164 L525=12.117/0.797 L526=1.387/0.506 L527=16.000/0.000
w_2100s,8,1918,1,24,24,260,260,0,0,censored,censored,L24=114.895/54.226 L259=35.642/17.322 L260=18.212/7.022 L262=11.717/0.705 L263=1.378/0.488
w_2100s,8,1918,2,288,288,522,522,0,0,censored,censored,L288=154.955/74.954 L521=34.241/16.226 L522=34.212/17.637 L525=12.041/0.819 L526=1.405/0.510 L527=16.000/0.000
w_2100s,9,1919,1,24,25,260,261,1,1,censored,censored,L25=117.453/57.886 L260=40.683/24.113 L261=17.627/6.648 L262=12.470/0.862 L263=1.387/0.490 L264=1.373/0.484
w_2100s,9,1919,2,288,288,522,522,0,0,censored,censored,L288=154.033/78.355 L521=39.962/23.448 L522=40.908/23.764 L525=11.630/0.730 L526=1.392/0.519 L527=16.000/0.000
w_2100s,10,1920,1,25,25,261,261,0,0,censored,censored,L25=121.405/30.355 L260=47.462/28.747 L261=17.531/6.736 L262=12.347/0.849 L263=1.391/0.501 L264=1.363/0.481
w_2100s,10,1920,2,288,288,522,522,0,0,censored,censored,L288=161.822/40.905 L521=47.592/28.186 L522=48.397/29.115 L525=11.464/0.726 L526=1.373/0.530 L527=16.000/0.000
w_2100s,11,1921,1,25,25,261,261,0,0,censored,censored,L25=115.412/24.871 L260=56.353/32.366 L261=17.439/6.670 L262=12.152/0.902 L263=1.403/0.497 L264=1.380/0.485
w_2100s,11,1921,2,288,288,522,522,0,0,censored,censored,L288=156.152/31.447 L521=56.402/32.052 L522=57.350/32.246 L525=11.647/0.720 L526=1.387/0.518 L527=16.000/0.000
w_2100s,12,1922,1,25,25,261,261,0,0,censored,censored,L25=104.306/21.881 L260=65.950/34.700 L261=17.698/7.730 L262=11.903/0.850 L263=1.364/0.491 L264=1.369/0.482
w_2100s,12,1922,2,288,288,522,522,0,0,censored,censored,L288=138.162/29.830 L521=64.956/35.355 L522=65.630/34.980 L525=11.314/0.649 L526=1.381/0.505 L527=16.000/0.000
w_2100s,13,1923,1,25,25,261,261,0,0,censored,censored,L25=95.616/22.251 L260=75.453/34.045 L261=26.184/24.816 L262=11.294/0.911 L263=1.373/0.493 L264=1.377/0.485
w_2100s,13,1923,2,288,288,522,523,0,1,censored,censored,L288=125.980/29.773 L522=74.969/34.374 L523=12.466/1.039 L525=11.448/0.757 L526=1.380/0.531 L527=16.000/0.000
w_2100s,14,1924,1,25,25,261,261,0,0,censored,censored,L25=93.002/22.580 L260=84.822/28.046 L261=36.428/36.393 L262=11.778/1.008 L263=1.381/0.492 L264=1.355/0.478
w_2100s,14,1924,2,288,288,523,522,0,-1,censored,censored,L288=122.461/29.310 L521=83.194/29.452 L522=83.645/27.954 L525=11.280/0.717 L526=1.381/0.505 L527=16.000/0.000
w_2100s,15,1925,1,25,25,261,261,0,0,censored,censored,L25=87.242/26.323 L260=93.055/19.808 L261=44.733/42.681 L262=11.619/0.964 L263=1.409/0.495 L264=1.394/0.489
w_2100s,15,1925,2,288,288,522,522,0,0,censored,censored,L288=118.425/37.336 L521=92.672/19.760 L522=92.436/20.212 L525=10.938/0.733 L526=1.383/0.517 L527=16.000/0.000
w_2100s,16,1926,1,25,25,261,261,0,0,censored,censored,L25=78.742/35.395 L260=94.531/18.051 L261=45.927/43.330 L262=11.572/0.964 L263=1.367/0.488 L264=1.355/0.478
w_2100s,16,1926,2,288,288,522,522,0,0,censored,censored,L288=106.602/49.204 L521=94.366/17.532 L522=92.722/18.215 L525=10.916/0.737 L526=1.367/0.513 L527=16.000/0.000
w_2100s,17,1927,1,25,25,261,261,0,0,censored,censored,L25=62.862/32.382 L260=91.206/21.200 L261=45.067/42.880 L262=11.394/0.881 L263=1.358/0.489 L264=1.359/0.480
w_2100s,17,1927,2,288,288,522,522,0,0,censored,censored,L288=82.509/38.953 L521=89.130/20.698 L522=89.130/20.314 L525=10.703/0.724 L526=1.364/0.500 L527=16.000/0.000
w_2100s,18,1928,1,25,25,261,261,0,0,censored,censored,L25=47.461/20.203 L260=91.144/23.361 L261=44.253/42.590 L262=10.709/0.983 L263=1.391/0.494 L264=1.380/0.485
w_2100s,18,1928,2,288,288,522,522,0,0,censored,censored,L288=70.977/20.242 L521=89.614/23.260 L522=89.733/21.961 L525=10.358/0.734 L526=1.361/0.499 L527=16.000/0.000
w_2100s,19,1929,1,25,25,261,261,0,0,censored,censored,L25=50.019/19.868 L260=84.217/28.293 L261=38.750/40.704 L262=11.009/0.965 L263=1.381/0.489 L264=1.384/0.486
w_2100s,19,1929,2,288,288,522,522,0,0,censored,censored,L288=67.455/23.551 L521=84.334/27.474 L522=83.734/27.950 L525=10.527/0.709 L526=1.378/0.494 L527=16.000/0.000
w_2100s,20,1930,1,25,25,261,261,0,0,censored,censored,L25=60.502/15.807 L260=78.839/22.028 L261=40.856/38.853 L262=10.966/0.896 L263=1.373/0.484 L264=1.383/0.486
w_2100s,20,1930,2,288,288,522,523,0,1,censored,censored,L288=82.505/20.013 L522=76.683/21.186 L523=11.570/0.948 L525=10.553/0.729 L526=1.380/0.504 L527=16.000/0.000
w_2100s,21,1931,1,25,25,261,261,0,0,censored,censored,L25=56.219/16.269 L260=74.761/22.476 L261=39.125/36.769 L262=10.963/0.980 L263=1.384/0.502 L264=1.377/0.485
w_2100s,21,1931,2,288,288,523,523,0,0,censored,censored,L288=76.256/20.938 L522=73.000/22.285 L523=10.988/0.915 L525=10.828/0.766 L526=1.373/0.503 L527=16.000/0.000
w_2100s,22,1932,1,25,24,261,260,-1,-1,censored,censored,L24=55.917/15.945 L259=73.069/17.985 L260=37.170/33.126 L262=10.558/0.780 L263=1.358/0.479
w_2100s,22,1932,2,288,288,523,523,0,0,censored,censored,L288=76.450/18.974 L522=71.555/17.910 L523=11.603/0.892 L525=10.522/0.711 L526=1.361/0.490 L527=16.000/0.000
w_2100s,23,1933,1,24,25,260,261,1,1,censored,censored,L25=48.539/10.047 L260=77.900/20.442 L261=44.948/41.116 L262=10.897/0.862 L263=1.370/0.496 L264=1.384/0.486
w_2100s,23,1933,2,288,288,523,522,0,-1,censored,censored,L288=65.875/13.345 L521=75.994/20.693 L522=76.166/20.332 L525=10.411/0.713 L526=1.375/0.494 L527=16.000/0.000
w_2100s,24,1934,1,25,24,261,260,-1,-1,censored,censored,L24=42.888/9.235 L259=76.806/19.802 L260=43.562/39.299 L262=10.664/0.695 L263=1.373/0.496
w_2100s,24,1934,2,288,288,522,523,0,1,censored,censored,L288=60.138/10.245 L522=74.391/19.388 L523=11.525/0.884 L525=10.539/0.732 L526=1.367/0.501 L527=16.000/0.000
w_2100s,25,1935,1,24,24,260,260,0,0,censored,censored,L24=39.795/7.599 L259=72.666/18.844 L260=40.353/36.501 L262=10.469/0.695 L263=1.391/0.501
w_2100s,25,1935,2,288,288,523,523,0,0,censored,censored,L288=55.597/10.205 L522=70.678/19.279 L523=11.561/0.957 L525=10.698/0.695 L526=1.391/0.534 L527=16.000/0.000
w_2100s,26,1936,1,24,24,260,260,0,0,censored,censored,L24=37.511/7.064 L259=72.016/20.720 L260=42.492/37.709 L262=10.616/0.724 L263=1.395/0.495
w_2100s,26,1936,2,288,288,523,522,0,-1,censored,censored,L288=51.902/9.130 L521=70.170/19.293 L522=69.391/20.342 L525=10.672/0.730 L526=1.389/0.506 L527=16.000/0.000
w_2100s,27,1937,1,24,25,260,261,1,1,censored,censored,L25=35.569/7.095 L260=75.280/21.390 L261=42.491/39.105 L262=11.605/0.972 L263=1.369/0.489 L264=1.381/0.486
w_2100s,27,1937,2,288,288,522,523,0,1,censored,censored,L288=48.130/9.100 L522=73.983/22.116 L523=11.517/0.849 L525=10.664/0.692 L526=1.377/0.494 L527=16.000/0.000
w_2100s,28,1938,1,25,24,261,260,-1,-1,censored,censored,L24=32.881/5.794 L259=82.080/25.557 L260=44.986/40.065 L262=10.792/0.749 L263=1.384/0.493
w_2100s,28,1938,2,288,288,523,523,0,0,censored,censored,L288=44.658/7.397 L522=78.908/25.813 L523=11.644/0.964 L525=10.839/0.723 L526=1.384/0.518 L527=16.000/0.000
w_2100s,29,1939,1,24,24,260,260,0,0,censored,censored,L24=31.197/5.120 L259=86.398/29.691 L260=43.761/38.841 L262=10.669/0.752 L263=1.391/0.504
w_2100s,29,1939,2,288,288,523,523,0,0,censored,censored,L288=40.450/5.986 L522=85.255/29.415 L523=11.589/0.916 L525=10.639/0.691 L526=1.381/0.505 L527=16.000/0.000
w_2100s,30,1940,1,24,25,260,261,1,1,censored,censored,L25=28.708/4.118 L260=90.455/31.766 L261=41.673/37.532 L262=11.147/0.882 L263=1.383/0.489 L264=1.378/0.485
w_2100s,30,1940,2,288,288,523,522,0,-1,censored,censored,L288=38.566/4.577 L521=88.233/30.922 L522=87.095/30.935 L525=10.797/0.720 L526=1.391/0.507 L527=16.000/0.000
w_2100s,31,1941,1,25,24,261,259,-1,-2,censored,censored,L24=28.131/4.126 L258=85.983/31.529 L259=84.716/32.354 L262=10.389/0.654 L263=1.386/0.490
w_2100s,31,1941,2,288,288,522,522,0,0,censored,censored,L288=35.636/5.047 L521=85.513/32.196 L522=84.203/32.002 L525=10.639/0.722 L526=1.358/0.489 L527=16.000/0.000
w_2100s,32,1942,1,24,24,259,259,0,0,censored,censored,L24=28.377/4.171 L258=82.513/28.189 L259=82.648/28.442 L262=10.769/0.743 L263=1.378/0.494
w_2100s,32,1942,2,288,288,522,522,0,0,censored,censored,L288=35.166/4.547 L521=82.108/27.833 L522=82.206/30.290 L525=10.886/0.761 L526=1.392/0.498 L527=16.000/0.000
w_2100s,33,1943,1,24,24,259,259,0,0,censored,censored,L24=29.123/6.943 L258=88.702/34.798 L259=89.763/37.769 L262=10.897/0.770 L263=1.394/0.495
w_2100s,33,1943,2,288,288,522,522,0,0,censored,censored,L288=36.337/7.714 L521=87.991/37.103 L522=88.314/37.992 L525=11.302/0.701 L526=1.380/0.504 L527=16.000/0.000
w_2100s,34,1944,1,24,24,259,260,0,1,censored,censored,L24=28.408/7.922 L259=81.509/26.058 L260=40.156/34.944 L262=11.205/0.696 L263=1.413/0.495
w_2100s,34,1944,2,288,288,522,522,0,0,censored,censored,L288=31.964/7.675 L521=82.763/25.902 L522=82.017/24.500 L525=11.261/0.622 L526=1.381/0.505 L527=16.000/0.000
w_2100s,35,1945,1,24,25,260,260,1,0,censored,censored,L25=30.578/10.898 L259=84.078/30.494 L260=87.162/35.753 L262=12.088/0.969 L263=1.366/0.494 L264=1.392/0.488
w_2100s,35,1945,2,288,288,522,522,0,0,censored,censored,L288=35.183/13.967 L521=86.230/32.819 L522=88.309/37.428 L525=11.580/0.678 L526=1.383/0.505 L527=16.000/0.000
w_2100s,36,1946,1,25,25,260,260,0,0,censored,censored,L25=36.247/16.401 L259=93.956/43.703 L260=95.700/46.166 L262=12.084/1.050 L263=1.391/0.494 L264=1.370/0.483
w_2100s,36,1946,2,288,288,522,522,0,0,censored,censored,L288=43.472/21.167 L521=93.963/44.058 L522=94.912/46.301 L525=11.542/0.755 L526=1.411/0.523 L527=16.000/0.000
w_2100s,37,1947,1,25,25,260,261,0,1,censored,censored,L25=38.755/17.629 L260=104.084/51.104 L261=39.981/33.101 L262=11.917/0.964 L263=1.377/0.491 L264=1.366/0.482
w_2100s,37,1947,2,288,288,522,522,0,0,censored,censored,L288=43.919/21.987 L521=103.402/51.042 L522=104.600/51.401 L525=11.653/0.751 L526=1.358/0.489 L527=16.000/0.000
w_2100s,38,1948,1,25,25,261,261,0,0,censored,censored,L25=37.866/16.942 L260=98.772/46.855 L261=39.339/33.078 L262=12.147/0.929 L263=1.375/0.491 L264=1.366/0.482
w_2100s,38,1948,2,288,288,522,522,0,0,censored,censored,L288=46.773/22.274 L521=100.072/47.044 L522=97.970/48.232 L525=11.784/0.727 L526=1.383/0.505 L527=16.000/0.000
w_2100s,39,1949,1,25,25,261,261,0,0,censored,censored,L25=43.273/14.128 L260=95.859/45.795 L261=38.816/33.004 L262=12.048/0.987 L263=1.386/0.490 L264=1.369/0.482
w_2100s,39,1949,2,288,288,522,523,0,1,censored,censored,L288=59.328/21.704 L522=94.652/44.647 L523=12.453/0.881 L525=11.866/0.736 L526=1.383/0.505 L527=16.000/0.000
w_2100s,40,1950,1,25,25,261,261,0,0,censored,censored,L25=51.794/19.488 L260=94.398/43.805 L261=40.980/33.732 L262=12.653/0.990 L263=1.372/0.499 L264=1.373/0.484
w_2100s,40,1950,2,288,288,523,522,0,-1,censored,censored,L288=74.730/29.198 L521=93.517/43.598 L522=92.286/43.064 L525=11.575/0.734 L526=1.384/0.505 L527=16.000/0.000
w_2100s,41,1951,1,25,24,261,260,-1,-1,censored,censored,L24=58.495/27.306 L259=86.112/41.014 L260=38.381/32.976 L262=11.350/0.689 L263=1.363/0.490
w_2100s,41,1951,2,288,288,522,523,0,1,censored,censored,L288=82.658/40.877 L522=85.742/39.988 L523=12.338/0.930 L525=11.287/0.681 L526=1.367/0.501 L527=16.000/0.000
w_2100s,42,1952,1,24,24,260,260,0,0,censored,censored,L24=71.270/30.845 L259=83.406/37.792 L260=39.723/33.310 L262=11.419/0.664 L263=1.377/0.488
w_2100s,42,1952,2,288,288,523,522,0,-1,censored,censored,L288=99.598/45.870 L521=84.287/38.896 L522=83.369/37.951 L525=11.573/0.744 L526=1.387/0.518 L527=16.000/0.000
w_2100s,43,1953,1,24,25,260,261,1,1,censored,censored,L25=74.869/33.361 L260=79.155/28.664 L261=39.139/33.210 L262=11.611/0.895 L263=1.383/0.489 L264=1.378/0.485
w_2100s,43,1953,2,288,288,522,522,0,0,censored,censored,L288=105.477/48.816 L521=80.628/32.326 L522=78.381/26.089 L525=11.366/0.723 L526=1.398/0.499 L527=16.000/0.000
w_2100s,44,1954,1,25,25,261,261,0,0,censored,censored,L25=82.028/37.173 L260=76.927/18.151 L261=38.702/33.054 L262=12.234/1.037 L263=1.364/0.484 L264=1.389/0.488
w_2100s,44,1954,2,288,288,522,522,0,0,censored,censored,L288=115.591/55.617 L521=76.483/18.653 L522=75.611/16.874 L525=11.586/0.686 L526=1.384/0.518 L527=16.000/0.000
w_2100s,45,1955,1,25,25,261,261,0,0,censored,censored,L25=84.491/39.764 L260=76.736/18.035 L261=37.959/32.621 L262=11.972/0.948 L263=1.381/0.492 L264=1.395/0.489
w_2100s,45,1955,2,288,288,522,523,0,1,censored,censored,L288=117.922/56.191 L522=76.650/17.592 L523=12.839/0.934 L525=11.981/0.819 L526=1.395/0.508 L527=16.000/0.000
w_2100s,46,1956,1,25,25,261,261,0,0,censored,censored,L25=89.011/40.046 L260=77.320/19.321 L261=38.013/32.482 L262=11.983/0.939 L263=1.370/0.492 L264=1.375/0.484
w_2100s,46,1956,2,288,288,523,522,0,-1,censored,censored,L288=127.737/56.732 L521=75.527/17.673 L522=74.527/20.362 L525=11.428/0.631 L526=1.375/0.503 L527=16.000/0.000
w_2100s,47,1957,1,25,25,261,261,0,0,censored,censored,L25=97.175/36.383 L260=74.430/18.856 L261=36.061/30.889 L262=11.736/0.900 L263=1.369/0.486 L264=1.366/0.482
w_2100s,47,1957,2,288,288,522,522,0,0,censored,censored,L288=133.600/57.954 L521=76.164/19.550 L522=74.797/17.574 L525=11.345/0.636 L526=1.370/0.514 L527=16.000/0.000
w_2100s,48,1958,1,25,25,261,261,0,0,censored,censored,L25=96.502/38.132 L260=76.392/12.421 L261=36.444/31.809 L262=11.861/0.975 L263=1.373/0.490 L264=1.367/0.482
w_2100s,48,1958,2,288,288,522,523,0,1,censored,censored,L288=138.861/54.074 L522=71.939/11.937 L523=12.150/0.915 L525=11.392/0.717 L526=1.387/0.506 L527=16.000/0.000
w_2100s,49,1959,1,25,25,261,261,0,0,censored,censored,L25=96.338/38.612 L260=73.644/10.742 L261=37.353/31.588 L262=12.230/0.936 L263=1.383/0.499 L264=1.369/0.482
w_2100s,49,1959,2,288,288,523,522,0,-1,censored,censored,L288=136.281/53.307 L521=72.089/11.852 L522=71.661/10.470 L525=11.575/0.696 L526=1.395/0.508 L527=16.000/0.000
w_2100s,50,1960,1,25,25,261,261,0,0,censored,censored,L25=94.511/41.136 L260=73.519/11.521 L261=38.553/31.691 L262=11.419/0.878 L263=1.380/0.489 L264=1.370/0.483
w_2100s,50,1960,2,288,288,522,523,0,1,censored,censored,L288=135.780/53.770 L522=73.270/10.652 L523=11.878/0.900 L525=11.561/0.768 L526=1.370/0.502 L527=16.000/0.000
w_2100s,51,1961,1,25,24,261,260,-1,-1,censored,censored,L24=95.925/41.271 L259=72.175/10.050 L260=37.694/31.205 L262=11.395/0.738 L263=1.377/0.494
w_2100s,51,1961,2,288,288,523,523,0,0,censored,censored,L288=135.981/53.569 L522=71.658/9.890 L523=11.945/0.888 L525=11.609/0.703 L526=1.381/0.505 L527=16.000/0.000
w_2100s,52,1962,1,24,25,260,261,1,1,censored,censored,L25=94.259/40.490 L260=72.059/10.005 L261=37.989/31.278 L262=12.000/0.983 L263=1.380/0.489 L264=1.358/0.479
w_2100s,52,1962,2,288,288,523,522,0,-1,censored,censored,L288=136.312/53.265 L521=73.164/10.246 L522=72.164/10.254 L525=11.548/0.671 L526=1.389/0.506 L527=16.000/0.000
w_2100s,53,1963,1,25,25,261,261,0,0,censored,censored,L25=98.995/39.878 L260=73.122/10.715 L261=38.959/31.962 L262=11.978/0.880 L263=1.394/0.498 L264=1.387/0.487
w_2100s,53,1963,2,288,288,522,522,0,0,censored,censored,L288=135.128/54.173 L521=73.045/10.836 L522=72.247/10.404 L525=11.450/0.683 L526=1.375/0.515 L527=16.000/0.000
w_2100s,54,1964,1,25,25,261,261,0,0,censored,censored,L25=98.739/38.105 L260=73.725/10.488 L261=36.736/31.266 L262=12.302/0.966 L263=1.372/0.499 L264=1.387/0.487
w_2100s,54,1964,2,288,288,522,523,0,1,censored,censored,L288=136.911/53.868 L522=72.922/10.770 L523=12.398/1.045 L525=11.600/0.718 L526=1.391/0.519 L527=16.000/0.000
w_2100s,55,1965,1,25,24,261,260,-1,-1,censored,censored,L24=98.625/39.896 L259=74.323/11.383 L260=38.508/31.716 L262=11.428/0.719 L263=1.370/0.489
w_2100s,55,1965,2,288,288,523,522,0,-1,censored,censored,L288=138.244/52.951 L521=74.594/12.049 L522=72.239/10.544 L525=11.647/0.723 L526=1.409/0.510 L527=16.000/0.000
w_2100s,56,1966,1,24,25,260,261,1,1,censored,censored,L25=99.102/40.125 L260=75.278/11.485 L261=38.837/32.051 L262=12.581/1.029 L263=1.384/0.502 L264=1.350/0.477
w_2100s,56,1966,2,288,288,522,523,0,1,censored,censored,L288=138.683/52.527 L522=72.858/10.460 L523=12.622/1.008 L525=11.667/0.723 L526=1.397/0.508 L527=16.000/0.000
w_2100s,57,1967,1,25,24,261,260,-1,-1,censored,censored,L24=98.800/39.317 L259=74.373/11.580 L260=39.008/31.636 L262=11.381/0.749 L263=1.397/0.499
w_2100s,57,1967,2,288,288,523,523,0,0,censored,censored,L288=137.452/53.063 L522=72.577/10.622 L523=12.781/0.987 L525=11.809/0.759 L526=1.383/0.505 L527=16.000/0.000
w_2100s,58,1968,1,24,24,260,260,0,0,censored,censored,L24=99.155/37.021 L259=74.875/12.171 L260=39.252/32.057 L262=11.659/0.724 L263=1.387/0.500
w_2100s,58,1968,2,288,288,523,523,0,0,censored,censored,L288=138.642/52.526 L522=72.464/10.742 L523=12.953/1.028 L525=11.544/0.708 L526=1.391/0.507 L527=16.000/0.000
w_2100s,59,1969,1,24,25,260,261,1,1,censored,censored,L25=97.934/38.406 L260=76.513/12.513 L261=38.981/32.335 L262=12.447/0.992 L263=1.392/0.491 L264=1.384/0.486
w_2100s,59,1969,2,288,288,523,522,0,-1,censored,censored,L288=137.244/52.563 L521=74.295/12.053 L522=73.420/11.383 L525=11.634/0.701 L526=1.375/0.503 L527=16.000/0.000
w_2100s,60,1970,1,25,25,261,261,0,0,censored,censored,L25=97.688/37.103 L260=74.752/11.969 L261=38.334/31.851 L262=12.861/1.058 L263=1.381/0.498 L264=1.387/0.487
w_2100s,60,1970,2,288,288,522,522,0,0,censored,censored,L288=139.692/51.903 L521=75.144/12.825 L522=73.778/11.201 L525=11.564/0.726 L526=1.387/0.533 L527=16.000/0.000
w_2100s,61,1971,1,25,25,261,261,0,0,censored,censored,L25=98.752/38.495 L260=73.741/11.941 L261=39.339/31.747 L262=12.781/1.029 L263=1.397/0.511 L264=1.381/0.486
w_2100s,61,1971,2,288,288,522,523,0,1,censored,censored,L288=136.586/52.143 L522=73.452/11.256 L523=12.477/0.889 L525=11.780/0.729 L526=1.381/0.517 L527=16.000/0.000
w_2100s,62,1972,1,25,25,261,261,0,0,censored,censored,L25=95.895/40.687 L260=74.558/11.675 L261=38.286/32.078 L262=12.453/0.997 L263=1.384/0.493 L264=1.381/0.486
w_2100s,62,1972,2,288,288,523,523,0,0,censored,censored,L288=139.277/53.531 L522=73.628/10.869 L523=12.514/0.912 L525=11.586/0.737 L526=1.387/0.518 L527=16.000/0.000
w_2100s,63,1973,1,25,25,261,261,0,0,censored,censored,L25=99.170/36.692 L260=74.906/11.285 L261=40.178/32.597 L262=12.853/1.031 L263=1.367/0.488 L264=1.383/0.486
w_2100s,63,1973,2,288,288,523,523,0,0,censored,censored,L288=137.120/52.540 L522=72.994/11.052 L523=13.312/0.982 L525=12.289/0.810 L526=1.384/0.518 L527=16.000/0.000
w_2100s,64,1974,1,25,24,261,260,-1,-1,censored,censored,L24=97.195/38.742 L259=73.592/11.212 L260=39.148/32.297 L262=11.597/0.668 L263=1.369/0.486
w_2100s,64,1974,2,288,288,523,523,0,0,censored,censored,L288=135.716/56.431 L522=72.864/10.521 L523=12.787/0.943 L525=11.777/0.736 L526=1.389/0.506 L527=16.000/0.000
w_2100s,65,1975,1,24,24,260,260,0,0,censored,censored,L24=95.148/38.569 L259=73.725/10.712 L260=37.764/31.365 L262=11.522/0.652 L263=1.372/0.496
w_2100s,65,1975,2,288,288,523,522,0,-1,censored,censored,L288=131.356/57.632 L521=73.098/11.230 L522=71.456/10.852 L525=11.675/0.674 L526=1.380/0.531 L527=16.000/0.000
w_2100s,66,1976,1,24,25,260,261,1,1,censored,censored,L25=94.119/40.354 L260=73.794/10.777 L261=38.831/32.129 L262=12.380/0.975 L263=1.375/0.487 L264=1.363/0.481
w_2100s,66,1976,2,288,288,522,522,0,0,censored,censored,L288=131.639/58.150 L521=71.830/11.152 L522=70.872/10.605 L525=11.669/0.705 L526=1.395/0.520 L527=16.000/0.000
w_2100s,67,1977,1,25,25,261,261,0,0,censored,censored,L25=94.667/40.503 L260=72.728/10.648 L261=36.361/30.387 L262=12.583/1.095 L263=1.394/0.498 L264=1.381/0.486
w_2100s,67,1977,2,288,288,522,522,0,0,censored,censored,L288=128.750/58.193 L521=71.606/10.673 L522=71.130/10.559 L525=11.325/0.699 L526=1.370/0.514 L527=16.000/0.000
w_2100s,68,1978,1,25,25,261,261,0,0,censored,censored,L25=98.306/36.643 L260=72.958/10.775 L261=36.806/30.810 L262=12.433/1.030 L263=1.386/0.496 L264=1.364/0.481
w_2100s,68,1978,2,288,288,522,522,0,0,censored,censored,L288=131.037/55.841 L521=72.666/10.867 L522=71.411/10.602 L525=11.441/0.671 L526=1.387/0.506 L527=16.000/0.000
w_2100s,69,1979,1,25,25,261,261,0,0,censored,censored,L25=99.734/36.899 L260=73.148/11.043 L261=38.386/31.151 L262=12.786/1.004 L263=1.383/0.492 L264=1.367/0.482
w_2100s,69,1979,2,288,288,522,523,0,1,censored,censored,L288=132.213/55.384 L522=70.194/10.948 L523=12.812/1.021 L525=11.816/0.820 L526=1.372/0.502 L527=16.000/0.000
w_2100s,70,1980,1,25,25,261,261,0,0,censored,censored,L25=98.834/36.484 L260=72.806/11.446 L261=37.744/31.506 L262=12.533/1.066 L263=1.397/0.492 L264=1.372/0.483
w_2100s,70,1980,2,288,288,523,523,0,0,censored,censored,L288=135.319/52.293 L522=71.370/10.879 L523=12.684/0.972 L525=11.442/0.709 L526=1.387/0.533 L527=16.000/0.000
w_2100s,71,1981,1,25,24,261,260,-1,-1,censored,censored,L24=99.828/36.504 L259=73.720/12.067 L260=36.958/31.714 L262=11.303/0.646 L263=1.403/0.497
w_2100s,71,1981,2,288,288,523,523,0,0,censored,censored,L288=134.295/52.879 L522=71.527/11.339 L523=12.331/0.947 L525=11.167/0.711 L526=1.372/0.493 L527=16.000/0.000
w_2100s,72,1982,1,24,24,260,260,0,0,censored,censored,L24=98.720/36.355 L259=72.648/13.341 L260=38.639/31.913 L262=11.086/0.694 L263=1.391/0.491
w_2100s,72,1982,2,288,288,523,522,0,-1,censored,censored,L288=136.287/50.949 L521=72.342/13.078 L522=71.583/12.572 L525=11.336/0.699 L526=1.383/0.505 L527=16.000/0.000
w_2100s,73,1983,1,24,25,260,261,1,1,censored,censored,L25=98.630/35.532 L260=73.031/14.436 L261=37.202/31.705 L262=12.067/0.954 L263=1.392/0.501 L264=1.389/0.488
w_2100s,73,1983,2,288,288,522,523,0,1,censored,censored,L288=134.595/52.591 L522=70.509/13.498 L523=11.911/0.889 L525=11.172/0.699 L526=1.372/0.515 L527=16.000/0.000
w_2100s,74,1984,1,25,25,261,261,0,0,censored,censored,L25=98.680/35.908 L260=72.470/13.061 L261=37.734/32.466 L262=11.956/0.974 L263=1.372/0.493 L264=1.409/0.495
w_2100s,74,1984,2,288,288,523,522,0,-1,censored,censored,L288=138.328/51.435 L521=71.359/13.880 L522=71.531/13.949 L525=11.239/0.783 L526=1.375/0.503 L527=16.000/0.000
w_2100s,75,1985,1,25,25,261,261,0,0,censored,censored,L25=98.620/35.109 L260=72.522/14.209 L261=39.027/32.327 L262=11.892/1.062 L263=1.397/0.502 L264=1.378/0.485
w_2100s,75,1985,2,288,288,522,523,0,1,censored,censored,L288=135.658/50.168 L522=71.155/13.408 L523=12.205/0.980 L525=11.308/0.775 L526=1.391/0.507 L527=16.000/0.000
w_2100s,76,1986,1,25,24,261,260,-1,-1,censored,censored,L24=98.666/34.615 L259=72.027/14.266 L260=37.170/31.889 L262=11.148/0.670 L263=1.378/0.491
w_2100s,76,1986,2,288,288,523,522,0,-1,censored,censored,L288=133.467/56.075 L521=71.542/13.950 L522=70.444/14.576 L525=11.194/0.673 L526=1.378/0.516 L527=16.000/0.000
w_2100s,77,1987,1,24,25,260,261,1,1,censored,censored,L25=97.720/34.518 L260=71.895/13.817 L261=37.741/31.602 L262=12.014/1.089 L263=1.386/0.496 L264=1.378/0.485
w_2100s,77,1987,2,288,288,522,522,0,0,censored,censored,L288=133.561/56.246 L521=72.828/13.957 L522=71.827/14.285 L525=11.834/0.769 L526=1.398/0.521 L527=16.000/0.000
w_2100s,78,1988,1,25,25,261,261,0,0,censored,censored,L25=98.080/33.654 L260=73.397/14.329 L261=37.737/32.185 L262=11.875/0.949 L263=1.395/0.495 L264=1.414/0.493
w_2100s,78,1988,2,288,288,522,522,0,0,censored,censored,L288=137.656/50.537 L521=71.908/14.853 L522=70.506/14.274 L525=10.938/0.786 L526=1.366/0.501 L527=16.000/0.000
w_2100s,79,1989,1,25,25,261,261,0,0,censored,censored,L25=97.095/34.497 L260=73.853/14.933 L261=38.697/32.548 L262=11.425/0.902 L263=1.389/0.500 L264=1.384/0.486
w_2100s,79,1989,2,288,288,522,522,0,0,censored,censored,L288=138.037/52.014 L521=74.248/16.224 L522=72.314/14.184 L525=11.900/0.831 L526=1.378/0.516 L527=16.000/0.000
w_2100s,80,1990,1,25,25,261,261,0,0,censored,censored,L25=98.594/34.940 L260=72.498/14.462 L261=38.856/32.399 L262=11.656/0.919 L263=1.372/0.487 L264=1.359/0.480
w_2100s,80,1990,2,288,288,522,522,0,0,censored,censored,L288=135.777/51.186 L521=73.319/15.263 L522=72.180/14.853 L525=11.098/0.699 L526=1.364/0.500 L527=16.000/0.000
w_2100s,81,1991,1,25,25,261,261,0,0,censored,censored,L25=97.336/34.539 L260=72.691/14.483 L261=37.245/31.700 L262=11.586/1.010 L263=1.384/0.499 L264=1.380/0.485
w_2100s,81,1991,2,288,288,522,523,0,1,censored,censored,L288=136.336/51.079 L522=72.020/15.006 L523=12.067/0.827 L525=10.905/0.753 L526=1.380/0.517 L527=16.000/0.000
w_2100s,82,1992,1,25,25,261,261,0,0,censored,censored,L25=95.916/34.351 L260=73.009/16.317 L261=38.420/31.893 L262=11.348/0.867 L263=1.392/0.498 L264=1.366/0.482
w_2100s,82,1992,2,288,288,523,523,0,0,censored,censored,L288=136.850/50.686 L522=72.350/15.381 L523=11.702/0.922 L525=11.111/0.743 L526=1.363/0.500 L527=16.000/0.000
w_2100s,83,1993,1,25,25,261,261,0,0,censored,censored,L25=94.205/34.638 L260=73.017/16.123 L261=37.413/32.025 L262=11.695/0.935 L263=1.387/0.487 L264=1.384/0.486
w_2100s,83,1993,2,288,288,523,523,0,0,censored,censored,L288=135.420/50.883 L522=73.242/15.703 L523=11.673/0.867 L525=11.148/0.688 L526=1.375/0.530 L527=16.000/0.000
w_2100s,84,1994,1,25,25,261,261,0,0,censored,censored,L25=92.373/35.554 L260=73.414/15.443 L261=37.202/32.055 L262=11.161/0.905 L263=1.366/0.488 L264=1.364/0.481
w_2100s,84,1994,2,288,288,523,522,0,-1,censored,censored,L288=136.144/50.276 L521=73.284/15.316 L522=73.164/16.408 L525=11.339/0.656 L526=1.363/0.500 L527=16.000/0.000
w_2100s,85,1995,1,25,25,261,261,0,0,censored,censored,L25=90.406/36.644 L260=72.578/14.573 L261=39.397/32.820 L262=11.511/0.913 L263=1.372/0.490 L264=1.378/0.485
w_2100s,85,1995,2,288,288,522,523,0,1,censored,censored,L288=135.558/49.447 L522=72.697/15.645 L523=11.903/0.920 L525=11.073/0.704 L526=1.400/0.509 L527=16.000/0.000
w_2100s,86,1996,1,25,25,261,261,0,0,censored,censored,L25=88.377/37.525 L260=72.703/14.491 L261=38.614/32.722 L262=11.231/0.903 L263=1.372/0.490 L264=1.383/0.486
w_2100s,86,1996,2,288,288,523,522,0,-1,censored,censored,L288=133.492/49.414 L521=73.580/15.657 L522=72.922/15.704 L525=11.045/0.693 L526=1.372/0.502 L527=16.000/0.000
w_2100s,87,1997,1,25,25,261,261,0,0,censored,censored,L25=88.831/37.511 L260=73.020/14.564 L261=36.466/32.191 L262=11.294/1.002 L263=1.380/0.492 L264=1.366/0.482
w_2100s,87,1997,2,288,288,522,522,0,0,censored,censored,L288=133.714/48.979 L521=72.172/16.394 L522=71.119/15.416 L525=10.700/0.710 L526=1.381/0.517 L527=16.000/0.000
w_2100s,88,1998,1,25,25,261,261,0,0,censored,censored,L25=88.269/37.447 L260=73.112/14.992 L261=38.533/32.231 L262=11.589/0.948 L263=1.384/0.496 L264=1.358/0.479
w_2100s,88,1998,2,288,288,522,523,0,1,censored,censored,L288=133.423/48.641 L522=71.323/14.056 L523=11.472/0.942 L525=11.031/0.722 L526=1.369/0.502 L527=16.000/0.000
w_2100s,89,1999,1,25,24,261,260,-1,-1,censored,censored,L24=87.092/37.406 L259=72.845/15.317 L260=38.811/32.730 L262=11.080/0.769 L263=1.377/0.491
w_2100s,89,1999,2,288,288,523,523,0,0,censored,censored,L288=131.403/49.680 L522=70.711/15.575 L523=11.353/0.949 L525=10.969/0.720 L526=1.387/0.506 L527=16.000/0.000
w_2100s,90,2000,1,24,25,260,261,1,1,censored,censored,L25=87.389/38.236 L260=73.763/15.461 L261=38.639/32.802 L262=11.895/0.997 L263=1.394/0.504 L264=1.369/0.482
w_2100s,90,2000,2,288,288,523,522,0,-1,censored,censored,L288=131.484/47.948 L521=72.547/16.317 L522=72.202/14.734 L525=10.972/0.695 L526=1.377/0.494 L527=16.000/0.000
w_2100s,91,2001,1,25,25,261,261,0,0,censored,censored,L25=88.361/37.292 L260=73.717/16.644 L261=39.814/33.009 L262=10.938/0.910 L263=1.373/0.487 L264=1.363/0.481
w_2100s,91,2001,2,288,288,522,523,0,1,censored,censored,L288=127.777/49.294 L522=71.819/15.194 L523=11.714/0.895 L525=11.117/0.676 L526=1.386/0.518 L527=16.000/0.000
w_2100s,92,2002,1,25,24,261,260,-1,-1,censored,censored,L24=87.500/36.451 L259=72.977/16.915 L260=39.255/32.862 L262=10.928/0.765 L263=1.386/0.490
w_2100s,92,2002,2,288,288,523,523,0,0,censored,censored,L288=124.791/51.205 L522=71.975/16.317 L523=11.705/0.966 L525=11.044/0.747 L526=1.367/0.513 L527=16.000/0.000
w_2100s,93,2003,1,24,24,260,260,0,0,censored,censored,L24=85.425/36.035 L259=74.309/17.207 L260=38.845/33.400 L262=10.909/0.751 L263=1.391/0.494
w_2100s,93,2003,2,288,288,523,523,0,0,censored,censored,L288=123.911/52.755 L522=72.575/16.463 L523=11.631/0.906 L525=11.002/0.686 L526=1.386/0.518 L527=16.000/0.000
w_2100s,94,2004,1,24,24,260,260,0,0,censored,censored,L24=85.045/35.284 L259=73.395/17.042 L260=37.900/32.834 L262=10.722/0.742 L263=1.400/0.499
w_2100s,94,2004,2,288,288,523,522,0,-1,censored,censored,L288=119.022/55.287 L521=72.644/18.079 L522=72.014/16.682 L525=11.000/0.733 L526=1.402/0.493 L527=16.000/0.000
w_2100s,95,2005,1,24,25,260,261,1,1,censored,censored,L25=83.730/35.955 L260=72.570/16.508 L261=36.822/32.272 L262=11.216/0.989 L263=1.384/0.490 L264=1.363/0.481
w_2100s,95,2005,2,288,288,522,522,0,0,censored,censored,L288=121.383/55.809 L521=73.219/17.505 L522=72.002/16.277 L525=11.247/0.690 L526=1.356/0.489 L527=16.000/0.000
w_2100s,96,2006,1,25,25,261,261,0,0,censored,censored,L25=87.428/36.134 L260=73.666/15.877 L261=38.933/33.208 L262=11.655/0.964 L263=1.366/0.491 L264=1.367/0.482
w_2100s,96,2006,2,288,288,522,523,0,1,censored,censored,L288=122.963/55.043 L522=71.736/16.742 L523=11.725/0.958 L525=11.247/0.706 L526=1.372/0.502 L527=16.000/0.000
w_2100s,97,2007,1,25,25,261,261,0,0,censored,censored,L25=83.792/37.649 L260=73.248/14.986 L261=40.045/33.575 L262=11.670/0.901 L263=1.375/0.484 L264=1.383/0.486
w_2100s,97,2007,2,288,288,523,523,0,0,censored,censored,L288=123.556/54.384 L522=70.647/15.858 L523=11.630/0.867 L525=11.155/0.718 L526=1.397/0.499 L527=16.000/0.000
w_2100s,98,2008,1,25,24,261,260,-1,-1,censored,censored,L24=84.666/37.552 L259=72.169/16.916 L260=40.414/33.178 L262=10.878/0.705 L263=1.363/0.487
w_2100s,98,2008,2,288,288,523,523,0,0,censored,censored,L288=125.472/52.270 L522=71.509/16.328 L523=11.711/0.982 L525=11.067/0.742 L526=1.381/0.505 L527=16.000/0.000
w_2100s,99,2009,1,24,25,260,261,1,1,censored,censored,L25=85.420/38.233 L260=74.109/16.623 L261=41.042/33.105 L262=11.653/0.969 L263=1.381/0.489 L264=1.380/0.485
w_2100s,99,2009,2,288,288,523,523,0,0,censored,censored,L288=125.825/52.043 L522=72.720/15.970 L523=11.775/0.960 L525=10.988/0.696 L526=1.395/0.508 L527=16.000/0.000
w_2100s,100,2010,1,25,24,261,260,-1,-1,censored,censored,L24=85.714/37.955 L259=73.595/16.672 L260=39.569/33.313 L262=10.695/0.741 L263=1.398/0.502
w_2100s,100,2010,2,288,288,523,523,0,0,censored,censored,L288=130.803/47.623 L522=71.611/15.156 L523=11.956/0.997 L525=10.981/0.713 L526=1.375/0.494 L527=16.000/0.000
w_2100s,101,2011,1,24,24,260,260,0,0,censored,censored,L24=86.467/38.534 L259=71.486/16.308 L260=39.620/32.714 L262=10.886/0.773 L263=1.386/0.496
w_2100s,101,2011,2,288,288,523,523,0,0,censored,censored,L288=128.484/47.823 L522=72.050/15.710 L523=12.100/0.973 L525=11.180/0.723 L526=1.378/0.516 L527=16.000/0.000
w_2100s,102,2012,1,24,25,260,261,1,1,censored,censored,L25=88.391/36.960 L260=72.667/16.036 L261=37.930/32.633 L262=11.217/0.914 L263=1.370/0.486 L264=1.356/0.479
w_2100s,102,2012,2,288,288,523,523,0,0,censored,censored,L288=130.544/47.680 L522=72.436/14.726 L523=12.016/0.986 L525=11.158/0.679 L526=1.380/0.504 L527=16.000/0.000
w_2100s,103,2013,1,25,24,261,260,-1,-1,censored,censored,L24=86.494/38.092 L259=73.077/15.267 L260=38.442/32.564 L262=10.752/0.794 L263=1.373/0.487
w_2100s,103,2013,2,288,288,523,523,0,0,censored,censored,L288=129.878/48.577 L522=71.289/15.488 L523=11.956/0.977 L525=11.075/0.723 L526=1.381/0.505 L527=16.000/0.000
w_2100s,104,2014,1,24,25,260,261,1,1,censored,censored,L25=87.864/36.707 L260=73.497/15.569 L261=39.758/33.040 L262=11.953/1.034 L263=1.395/0.489 L264=1.384/0.486
w_2100s,104,2014,2,288,288,523,523,0,0,censored,censored,L288=129.709/46.556 L522=71.483/15.121 L523=11.923/0.984 L525=11.256/0.689 L526=1.381/0.505 L527=16.000/0.000
w_2100s,105,2015,1,25,24,261,260,-1,-1,censored,censored,L24=86.892/36.490 L259=71.362/15.624 L260=38.386/31.887 L262=10.964/0.720 L263=1.400/0.493
w_2100s,105,2015,2,288,288,523,523,0,0,censored,censored,L288=126.827/46.709 L522=71.827/14.721 L523=11.887/0.900 L525=11.123/0.668 L526=1.356/0.510 L527=16.000/0.000
w_2100s,106,2016,1,24,24,260,260,0,0,censored,censored,L24=87.755/36.585 L259=72.286/15.852 L260=39.255/32.981 L262=11.037/0.713 L263=1.378/0.498
w_2100s,106,2016,2,288,288,523,523,0,0,censored,censored,L288=124.594/52.889 L522=71.978/15.354 L523=11.903/0.927 L525=11.195/0.740 L526=1.400/0.521 L527=16.000/0.000
w_2100s,107,2017,1,24,24,260,260,0,0,censored,censored,L24=84.853/38.218 L259=73.197/15.950 L260=39.753/33.314 L262=10.894/0.745 L263=1.370/0.486
w_2100s,107,2017,2,288,288,523,523,0,0,censored,censored,L288=124.194/52.933 L522=72.319/14.945 L523=11.955/0.899 L525=11.119/0.697 L526=1.369/0.502 L527=16.000/0.000
w_2100s,108,2018,1,24,24,260,260,0,0,censored,censored,L24=87.042/36.044 L259=71.798/16.503 L260=38.691/32.577 L262=10.783/0.717 L263=1.386/0.493
w_2100s,108,2018,2,288,288,523,523,0,0,censored,censored,L288=125.909/48.198 L522=72.348/15.655 L523=11.964/0.968 L525=11.027/0.694 L526=1.375/0.503 L527=16.000/0.000
w_2100s,109,2019,1,24,24,260,260,0,0,censored,censored,L24=85.731/37.829 L259=73.869/15.823 L260=39.764/33.504 L262=10.880/0.754 L263=1.370/0.492
w_2100s,109,2019,2,288,288,523,522,0,-1,censored,censored,L288=127.141/49.394 L521=73.978/17.071 L522=72.155/16.071 L525=11.264/0.635 L526=1.373/0.503 L527=16.000/0.000
w_2100s,110,2020,1,24,25,260,261,1,1,censored,censored,L25=87.133/37.015 L260=73.897/15.621 L261=39.067/33.288 L262=11.308/1.013 L263=1.361/0.490 L264=1.386/0.487
w_2100s,110,2020,2,288,288,522,523,0,1,censored,censored,L288=128.103/48.900 L522=72.603/16.145 L523=12.123/0.950 L525=10.977/0.723 L526=1.361/0.499 L527=16.000/0.000
w_2100s,111,2021,1,25,25,261,261,0,0,censored,censored,L25=86.336/36.602 L260=72.978/15.822 L261=39.261/32.976 L262=11.511/1.028 L263=1.372/0.487 L264=1.380/0.485
w_2100s,111,2021,2,288,288,523,523,0,0,censored,censored,L288=127.231/49.167 L522=72.362/15.550 L523=11.602/0.832 L525=11.069/0.697 L526=1.373/0.503 L527=16.000/0.000
w_2100s,112,2022,1,25,25,261,261,0,0,censored,censored,L25=88.583/35.453 L260=73.569/16.192 L261=38.947/32.978 L262=11.745/1.057 L263=1.387/0.497 L264=1.366/0.482
w_2100s,112,2022,2,288,288,523,523,0,0,censored,censored,L288=127.367/48.347 L522=73.002/15.298 L523=12.048/0.899 L525=11.209/0.737 L526=1.373/0.503 L527=16.000/0.000
w_2100s,113,2023,1,25,25,261,261,0,0,censored,censored,L25=87.084/36.584 L260=72.884/16.761 L261=39.005/32.629 L262=12.055/0.964 L263=1.383/0.492 L264=1.378/0.485
w_2100s,113,2023,2,288,288,523,522,0,-1,censored,censored,L288=124.805/49.335 L521=73.612/17.237 L522=72.442/15.221 L525=11.367/0.714 L526=1.377/0.504 L527=16.000/0.000
w_2100s,114,2024,1,25,24,261,260,-1,-1,censored,censored,L24=85.659/36.491 L259=73.658/17.630 L260=39.672/33.251 L262=11.036/0.676 L263=1.377/0.497
w_2100s,114,2024,2,288,288,522,523,0,1,censored,censored,L288=126.230/49.556 L522=72.728/15.103 L523=12.134/0.879 L525=11.011/0.681 L526=1.392/0.498 L527=16.000/0.000
w_2100s,115,2025,1,24,24,260,260,0,0,censored,censored,L24=110.822/20.110 L259=139.225/72.740 L260=32.519/39.108 L262=10.128/0.689 L263=1.383/0.489
w_2100s,115,2025,2,288,288,523,523,0,0,censored,censored,L288=150.511/26.329 L522=143.164/72.955 L523=11.298/0.922 L525=10.317/0.618 L526=1.381/0.495 L527=16.000/0.000
w_2100s,116,2026,1,24,24,260,260,0,0,censored,censored,L24=108.348/20.574 L259=144.345/72.370 L260=32.075/38.642 L262=10.095/0.684 L263=1.369/0.486
w_2100s,116,2026,2,288,288,523,522,0,-1,censored,censored,L288=153.752/26.274 L521=142.067/73.318 L522=145.828/70.874 L525=10.569/0.693 L526=1.389/0.519 L527=16.000/0.000
w_2100s,117,2027,1,24,25,260,261,1,1,censored,censored,L25=110.406/17.174 L260=144.914/71.684 L261=34.459/41.227 L262=10.777/0.899 L263=1.370/0.489 L264=1.373/0.484
w_2100s,117,2027,2,288,288,522,523,0,1,censored,censored,L288=151.400/26.430 L522=144.977/71.212 L523=12.009/0.997 L525=10.831/0.800 L526=1.377/0.504 L527=16.000/0.000
w_2100s,118,2028,1,25,24,261,260,-1,-1,censored,censored,L24=110.564/16.827 L259=146.141/71.269 L260=36.183/42.378 L262=10.594/0.740 L263=1.378/0.494
w_2100s,118,2028,2,288,288,523,522,0,-1,censored,censored,L288=153.536/26.648 L521=145.338/71.877 L522=146.505/71.427 L525=11.698/0.839 L526=1.356/0.489 L527=16.000/0.000
w_2100s,119,2029,1,24,25,260,261,1,1,censored,censored,L25=110.673/17.131 L260=146.213/71.195 L261=35.947/41.177 L262=12.267/1.105 L263=1.378/0.491 L264=1.363/0.481
w_2100s,119,2029,2,288,288,522,522,0,0,censored,censored,L288=152.433/25.875 L521=145.477/71.668 L522=148.028/69.761 L525=11.270/0.761 L526=1.383/0.532 L527=16.000/0.000
w_2100s,120,2030,1,25,25,261,261,0,0,censored,censored,L25=110.092/17.232 L260=145.883/70.978 L261=41.884/49.310 L262=12.137/1.015 L263=1.381/0.486 L264=1.383/0.486
w_2100s,120,2030,2,288,288,522,523,0,1,censored,censored,L288=152.869/25.702 L522=146.559/70.408 L523=11.884/0.992 L525=11.325/0.742 L526=1.389/0.506 L527=16.000/0.000
w_2100s,121,2031,1,25,24,261,260,-1,-1,censored,censored,L24=110.777/16.398 L259=144.906/71.478 L260=35.464/40.765 L262=11.144/0.683 L263=1.387/0.490
w_2100s,121,2031,2,288,288,523,523,0,0,censored,censored,L288=153.078/26.070 L522=145.005/70.867 L523=11.988/0.991 L525=11.247/0.730 L526=1.364/0.491 L527=16.000/0.000
w_2100s,122,2032,1,24,25,260,261,1,1,censored,censored,L25=110.283/16.836 L260=143.798/72.059 L261=35.180/41.353 L262=11.603/0.926 L263=1.387/0.500 L264=1.361/0.480
w_2100s,122,2032,2,288,288,523,523,0,0,censored,censored,L288=152.802/25.763 L522=143.105/71.867 L523=11.873/0.961 L525=11.336/0.674 L526=1.381/0.505 L527=16.000/0.000
w_2100s,123,2033,1,25,24,261,260,-1,-1,censored,censored,L24=109.691/16.161 L259=141.641/72.622 L260=34.031/39.673 L262=11.070/0.714 L263=1.380/0.495
w_2100s,123,2033,2,288,288,523,522,0,-1,censored,censored,L288=150.669/26.073 L521=139.787/73.170 L522=142.289/72.014 L525=11.383/0.663 L526=1.395/0.508 L527=16.000/0.000
w_2100s,124,2034,1,24,24,260,260,0,0,censored,censored,L24=110.164/14.400 L259=140.564/74.029 L260=29.727/33.017 L262=11.005/0.704 L263=1.380/0.489
w_2100s,124,2034,2,288,288,522,523,0,1,censored,censored,L288=151.748/27.268 L522=141.247/72.888 L523=12.170/0.818 L525=11.277/0.607 L526=1.394/0.507 L527=16.000/0.000
w_2100s,125,2035,1,24,25,260,261,1,1,censored,censored,L25=111.433/13.596 L260=138.480/75.289 L261=29.569/32.729 L262=11.886/0.970 L263=1.389/0.491 L264=1.381/0.486
w_2100s,125,2035,2,288,288,523,522,0,-1,censored,censored,L288=151.316/26.223 L521=137.278/76.285 L522=140.588/74.460 L525=11.234/0.660 L526=1.378/0.504 L527=16.000/0.000
w_2100s,126,2036,1,25,25,261,261,0,0,censored,censored,L25=112.155/13.814 L260=137.741/77.015 L261=25.195/26.806 L262=11.534/0.860 L263=1.383/0.489 L264=1.383/0.486
w_2100s,126,2036,2,288,288,522,522,0,0,censored,censored,L288=153.900/24.056 L521=134.530/77.523 L522=137.542/75.612 L525=11.092/0.680 L526=1.395/0.508 L527=16.000/0.000
w_2100s,127,2037,1,25,24,261,260,-1,-1,censored,censored,L24=111.319/14.788 L259=134.938/77.764 L260=26.042/27.256 L262=11.136/0.653 L263=1.386/0.499
w_2100s,127,2037,2,288,288,522,522,0,0,censored,censored,L288=153.227/22.902 L521=133.106/79.033 L522=136.398/76.662 L525=11.127/0.771 L526=1.366/0.491 L527=16.000/0.000
w_2100s,128,2038,1,24,24,260,260,0,0,censored,censored,L24=111.295/14.270 L259=134.723/78.065 L260=25.550/26.374 L262=11.086/0.710 L263=1.397/0.502
w_2100s,128,2038,2,288,288,522,522,0,0,censored,censored,L288=154.636/22.558 L521=133.528/79.045 L522=136.992/77.296 L525=11.273/0.684 L526=1.363/0.500 L527=16.000/0.000
w_2100s,129,2039,1,24,25,260,261,1,1,censored,censored,L25=112.506/14.407 L260=135.441/77.224 L261=26.311/27.988 L262=11.906/1.031 L263=1.381/0.492 L264=1.389/0.488
w_2100s,129,2039,2,288,288,522,522,0,0,censored,censored,L288=154.022/22.996 L521=133.458/77.841 L522=136.600/75.987 L525=11.464/0.651 L526=1.389/0.506 L527=16.000/0.000
w_2100s,130,2040,1,25,25,261,261,0,0,censored,censored,L25=111.352/14.443 L260=137.073/76.422 L261=25.387/27.056 L262=11.958/0.953 L263=1.387/0.497 L264=1.369/0.482
w_2100s,130,2040,2,288,288,522,522,0,0,censored,censored,L288=153.220/21.319 L521=134.883/76.911 L522=136.725/75.609 L525=11.197/0.691 L526=1.363/0.500 L527=16.000/0.000
w_2100s,131,2041,1,25,25,261,261,0,0,censored,censored,L25=111.397/14.838 L260=137.761/75.491 L261=27.758/29.547 L262=12.478/1.071 L263=1.391/0.494 L264=1.373/0.484
w_2100s,131,2041,2,288,288,522,522,0,0,censored,censored,L288=151.698/21.353 L521=134.838/76.387 L522=137.792/74.185 L525=11.273/0.688 L526=1.381/0.505 L527=16.000/0.000
w_2100s,132,2042,1,25,25,261,261,0,0,censored,censored,L25=111.336/14.985 L260=138.130/75.833 L261=29.531/32.871 L262=11.972/0.990 L263=1.366/0.485 L264=1.350/0.477
w_2100s,132,2042,2,288,288,522,523,0,1,censored,censored,L288=153.428/21.942 L522=136.823/74.868 L523=11.777/0.935 L525=11.150/0.709 L526=1.372/0.502 L527=16.000/0.000
w_2100s,133,2043,1,25,24,261,260,-1,-1,censored,censored,L24=110.848/13.969 L259=138.184/75.477 L260=29.067/31.985 L262=11.328/0.674 L263=1.381/0.492
w_2100s,133,2043,2,288,288,523,522,0,-1,censored,censored,L288=152.169/21.844 L521=136.262/75.774 L522=138.805/74.140 L525=11.395/0.690 L526=1.392/0.498 L527=16.000/0.000
w_2100s,134,2044,1,24,25,260,261,1,1,censored,censored,L25=111.567/14.442 L260=137.858/75.971 L261=27.128/29.162 L262=11.972/0.945 L263=1.389/0.500 L264=1.356/0.479
w_2100s,134,2044,2,288,288,522,522,0,0,censored,censored,L288=153.145/22.363 L521=136.839/76.230 L522=139.963/74.475 L525=11.497/0.718 L526=1.387/0.497 L527=16.000/0.000
w_2100s,135,2045,1,25,25,261,261,0,0,censored,censored,L25=113.189/14.170 L260=136.275/77.282 L261=26.048/27.447 L262=11.800/0.852 L263=1.389/0.494 L264=1.366/0.482
w_2100s,135,2045,2,288,288,522,522,0,0,censored,censored,L288=151.653/21.329 L521=134.527/78.380 L522=136.617/76.651 L525=11.344/0.635 L526=1.389/0.519 L527=16.000/0.000
w_2100s,136,2046,1,25,25,261,261,0,0,censored,censored,L25=112.797/14.459 L260=133.236/79.578 L261=25.716/28.584 L262=12.005/1.015 L263=1.395/0.492 L264=1.391/0.488
w_2100s,136,2046,2,288,288,522,522,0,0,censored,censored,L288=154.753/23.028 L521=131.220/79.656 L522=132.753/78.323 L525=11.592/0.708 L526=1.394/0.507 L527=16.000/0.000
w_2100s,137,2047,1,25,25,261,261,0,0,censored,censored,L25=110.114/13.738 L260=131.558/81.301 L261=20.805/16.856 L262=12.259/0.972 L263=1.400/0.499 L264=1.378/0.485
w_2100s,137,2047,2,288,288,522,522,0,0,censored,censored,L288=152.917/22.559 L521=129.859/81.127 L522=131.630/80.218 L525=11.542/0.658 L526=1.384/0.518 L527=16.000/0.000
w_2100s,138,2048,1,25,25,261,261,0,0,censored,censored,L25=111.231/14.155 L260=130.520/81.925 L261=18.719/12.812 L262=12.116/0.933 L263=1.391/0.488 L264=1.373/0.484
w_2100s,138,2048,2,288,288,522,522,0,0,censored,censored,L288=153.919/22.032 L521=129.359/81.997 L522=130.803/81.399 L525=11.559/0.677 L526=1.383/0.505 L527=16.000/0.000
w_2100s,139,2049,1,25,24,261,260,-1,-1,censored,censored,L24=111.505/14.138 L259=130.550/82.476 L260=21.805/23.173 L262=11.584/0.654 L263=1.370/0.496
w_2100s,139,2049,2,288,288,522,523,0,1,censored,censored,L288=152.575/21.874 L522=129.761/81.797 L523=12.250/1.016 L525=11.481/0.678 L526=1.400/0.536 L527=16.000/0.000
w_2100s,140,2050,1,24,24,260,260,0,0,censored,censored,L24=113.070/13.538 L259=128.705/82.379 L260=18.978/18.282 L262=11.287/0.631 L263=1.394/0.501
w_2100s,140,2050,2,288,288,523,522,0,-1,censored,censored,L288=152.903/22.422 L521=126.245/81.627 L522=128.348/81.379 L525=11.412/0.702 L526=1.383/0.505 L527=16.000/0.000
w_2100s,141,2051,1,24,25,260,261,1,1,censored,censored,L25=111.586/13.871 L260=128.256/82.268 L261=18.277/15.718 L262=11.666/0.931 L263=1.361/0.487 L264=1.366/0.482
w_2100s,141,2051,2,288,288,522,523,0,1,censored,censored,L288=152.367/22.528 L522=126.533/81.678 L523=11.677/0.875 L525=10.995/0.710 L526=1.370/0.514 L527=16.000/0.000
w_2100s,142,2052,1,25,25,261,261,0,0,censored,censored,L25=112.058/14.022 L260=127.898/82.148 L261=19.661/19.368 L262=11.814/0.869 L263=1.373/0.487 L264=1.373/0.484
w_2100s,142,2052,2,288,288,523,522,0,-1,censored,censored,L288=152.017/22.292 L521=126.036/81.535 L522=125.217/81.838 L525=11.200/0.761 L526=1.402/0.509 L527=16.000/0.000
w_2100s,143,2053,1,25,25,261,261,0,0,censored,censored,L25=112.867/14.084 L260=128.441/82.613 L261=17.169/8.388 L262=12.141/0.945 L263=1.363/0.484 L264=1.389/0.488
w_2100s,143,2053,2,288,288,522,522,0,0,censored,censored,L288=153.308/21.850 L521=126.117/81.522 L522=126.694/81.667 L525=11.442/0.752 L526=1.402/0.500 L527=16.000/0.000
w_2100s,144,2054,1,25,25,261,261,0,0,censored,censored,L25=111.691/13.862 L260=125.016/82.429 L261=16.223/8.372 L262=11.656/0.852 L263=1.370/0.489 L264=1.375/0.484
w_2100s,144,2054,2,288,288,522,523,0,1,censored,censored,L288=153.286/21.552 L522=124.930/82.281 L523=11.333/0.848 L525=11.327/0.686 L526=1.367/0.528 L527=16.000/0.000
w_2100s,145,2055,1,25,25,261,261,0,0,censored,censored,L25=112.880/14.382 L260=127.180/82.912 L261=17.144/9.388 L262=11.545/0.921 L263=1.363/0.490 L264=1.381/0.486
w_2100s,145,2055,2,288,288,523,523,0,0,censored,censored,L288=154.178/22.347 L522=125.794/82.056 L523=12.012/0.981 L525=11.353/0.664 L526=1.392/0.498 L527=16.000/0.000
w_2100s,146,2056,1,25,25,261,261,0,0,censored,censored,L25=112.172/14.557 L260=126.620/82.493 L261=18.403/13.885 L262=11.723/0.829 L263=1.398/0.493 L264=1.361/0.480
w_2100s,146,2056,2,288,288,523,522,0,-1,censored,censored,L288=154.523/22.416 L521=126.378/82.818 L522=127.106/82.555 L525=11.469/0.709 L526=1.394/0.507 L527=16.000/0.000
w_2100s,147,2057,1,25,25,261,261,0,0,censored,censored,L25=114.189/15.274 L260=126.894/83.043 L261=18.986/17.630 L262=11.845/0.873 L263=1.389/0.491 L264=1.366/0.482
w_2100s,147,2057,2,288,288,522,523,0,1,censored,censored,L288=153.850/21.978 L522=126.114/82.580 L523=12.127/0.939 L525=11.409/0.636 L526=1.392/0.534 L527=16.000/0.000
w_2100s,148,2058,1,25,24,261,260,-1,-1,censored,censored,L24=114.025/15.257 L259=126.447/82.512 L260=19.494/18.362 L262=11.269/0.644 L263=1.378/0.494
w_2100s,148,2058,2,288,288,523,522,0,-1,censored,censored,L288=156.384/21.448 L521=125.803/82.520 L522=126.600/82.497 L525=11.403/0.627 L526=1.378/0.516 L527=16.000/0.000
w_2100s,149,2059,1,24,25,260,261,1,1,censored,censored,L25=112.483/16.255 L260=126.042/82.571 L261=17.387/9.072 L262=11.930/0.893 L263=1.383/0.502 L264=1.383/0.486
w_2100s,149,2059,2,288,288,522,522,0,0,censored,censored,L288=154.158/21.728 L521=124.689/82.462 L522=126.194/82.060 L525=11.378/0.683 L526=1.384/0.505 L527=16.000/0.000
w_2100s,150,2060,1,25,25,261,261,0,0,censored,censored,L25=111.580/16.270 L260=125.877/83.072 L261=17.445/9.503 L262=12.314/1.009 L263=1.375/0.500 L264=1.381/0.486
w_2100s,150,2060,2,288,288,522,523,0,1,censored,censored,L288=157.242/21.107 L522=124.566/82.275 L523=12.264/0.949 L525=12.020/0.787 L526=1.394/0.520 L527=16.000/0.000
w_2100s,151,2061,1,25,24,261,260,-1,-1,censored,censored,L24=112.606/15.969 L259=125.758/82.801 L260=17.770/9.486 L262=11.267/0.663 L263=1.375/0.494
w_2100s,151,2061,2,288,288,523,523,0,0,censored,censored,L288=154.592/20.921 L522=125.906/82.484 L523=12.086/0.944 L525=11.600/0.715 L526=1.397/0.508 L527=16.000/0.000
w_2100s,152,2062,1,24,24,260,260,0,0,censored,censored,L24=112.541/15.955 L259=125.225/82.725 L260=19.887/18.489 L262=11.361/0.594 L263=1.380/0.492
w_2100s,152,2062,2,288,288,523,522,0,-1,censored,censored,L288=157.473/21.862 L521=123.108/81.847 L522=124.880/82.001 L525=11.647/0.761 L526=1.369/0.529 L527=16.000/0.000
w_2100s,153,2063,1,24,25,260,261,1,1,censored,censored,L25=111.381/16.949 L260=126.109/83.298 L261=17.903/9.361 L262=11.863/0.987 L263=1.397/0.499 L264=1.364/0.481
w_2100s,153,2063,2,288,288,522,522,0,0,censored,censored,L288=154.711/21.923 L521=123.558/82.233 L522=124.970/82.130 L525=11.405/0.696 L526=1.363/0.500 L527=16.000/0.000
w_2100s,154,2064,1,25,24,261,260,-1,-1,censored,censored,L24=111.102/16.983 L259=125.145/82.834 L260=17.613/8.989 L262=11.323/0.642 L263=1.373/0.487
w_2100s,154,2064,2,288,288,522,523,0,1,censored,censored,L288=156.019/23.641 L522=124.025/82.676 L523=11.845/0.948 L525=11.405/0.777 L526=1.389/0.519 L527=16.000/0.000
w_2100s,155,2065,1,24,25,260,261,1,1,censored,censored,L25=112.338/17.163 L260=124.748/82.795 L261=18.355/12.012 L262=11.884/0.876 L263=1.383/0.492 L264=1.378/0.485
w_2100s,155,2065,2,288,288,523,523,0,0,censored,censored,L288=155.242/23.746 L522=123.866/82.849 L523=11.941/0.970 L525=11.319/0.774 L526=1.375/0.503 L527=16.000/0.000
w_2100s,156,2066,1,25,26,261,261,1,0,censored,censored,L26=164.020/22.465 L260=124.894/82.934 L261=17.666/10.067 L262=11.411/0.924 L263=1.375/0.497 L265=16.000/0.000
w_2100s,156,2066,2,288,288,523,523,0,0,censored,censored,L288=164.773/25.018 L522=123.798/82.757 L523=12.083/0.936 L525=11.358/0.713 L526=1.367/0.492 L527=16.000/0.000
w_2100s,157,2067,1,26,24,261,260,-2,-1,censored,censored,L24=110.178/17.243 L259=125.023/82.943 L260=17.022/8.347 L262=10.970/0.742 L263=1.366/0.488
w_2100s,157,2067,2,288,288,523,522,0,-1,censored,censored,L288=156.136/23.797 L521=124.050/82.264 L522=124.641/82.506 L525=11.266/0.732 L526=1.387/0.506 L527=16.000/0.000
w_2100s,158,2068,1,24,25,260,261,1,1,censored,censored,L25=110.948/16.861 L260=124.256/82.367 L261=16.712/8.236 L262=11.828/1.105 L263=1.389/0.500 L264=1.369/0.482
w_2100s,158,2068,2,288,288,522,522,0,0,censored,censored,L288=156.094/23.405 L521=124.166/82.153 L522=122.711/82.721 L525=10.991/0.725 L526=1.378/0.504 L527=16.000/0.000
w_2100s,159,2069,1,25,25,261,261,0,0,censored,censored,L25=109.997/16.654 L260=123.805/82.619 L261=16.211/7.996 L262=11.536/1.016 L263=1.367/0.482 L264=1.372/0.483
w_2100s,159,2069,2,288,288,522,522,0,0,censored,censored,L288=155.520/23.869 L521=124.227/82.190 L522=124.917/82.073 L525=11.287/0.739 L526=1.386/0.518 L527=16.000/0.000
w_2100s,160,2070,1,25,24,261,260,-1,-1,censored,censored,L24=110.197/16.211 L259=125.294/82.630 L260=17.097/9.347 L262=10.892/0.737 L263=1.384/0.496
w_2100s,160,2070,2,288,288,522,522,0,0,censored,censored,L288=156.753/22.482 L521=123.428/82.496 L522=124.941/82.505 L525=11.061/0.793 L526=1.387/0.506 L527=16.000/0.000
w_2100s,161,2071,1,24,25,260,261,1,1,censored,censored,L25=110.000/16.900 L260=123.906/82.763 L261=16.736/8.837 L262=11.489/0.955 L263=1.384/0.493 L264=1.400/0.490
w_2100s,161,2071,2,288,288,522,522,0,0,censored,censored,L288=152.645/21.709 L521=123.127/82.517 L522=124.200/82.684 L525=10.870/0.765 L526=1.372/0.502 L527=16.000/0.000
w_2100s,162,2072,1,25,24,261,260,-1,-1,censored,censored,L24=111.036/16.614 L259=125.062/83.142 L260=17.538/11.854 L262=10.720/0.686 L263=1.373/0.487
w_2100s,162,2072,2,288,288,522,523,0,1,censored,censored,L288=155.738/21.601 L522=123.433/83.148 L523=11.747/0.950 L525=11.105/0.727 L526=1.375/0.494 L527=16.000/0.000
w_2100s,163,2073,1,24,24,260,260,0,0,censored,censored,L24=112.653/16.919 L259=124.633/83.401 L260=17.947/14.994 L262=10.738/0.714 L263=1.389/0.491
w_2100s,163,2073,2,288,288,523,523,0,0,censored,censored,L288=155.258/22.083 L522=125.997/82.765 L523=11.641/0.943 L525=11.027/0.759 L526=1.370/0.502 L527=16.000/0.000
w_2100s,164,2074,1,24,25,260,261,1,1,censored,censored,L25=111.250/16.483 L260=124.661/83.487 L261=16.942/10.709 L262=11.117/1.050 L263=1.372/0.487 L264=1.383/0.486
w_2100s,164,2074,2,288,288,523,523,0,0,censored,censored,L288=155.345/20.934 L522=123.036/82.916 L523=11.670/0.973 L525=10.941/0.746 L526=1.372/0.502 L527=16.000/0.000
w_2100s,165,2075,1,25,24,261,260,-1,-1,censored,censored,L24=110.239/16.211 L259=122.505/82.635 L260=17.461/12.789 L262=10.769/0.735 L263=1.373/0.490
w_2100s,165,2075,2,288,288,523,523,0,0,censored,censored,L288=152.266/21.951 L522=122.847/83.515 L523=10.633/0.934 L525=10.608/0.773 L526=1.367/0.492 L527=16.000/0.000
w_2100s,166,2076,1,24,24,260,260,0,0,censored,censored,L24=113.017/16.167 L259=123.609/83.382 L260=18.277/14.333 L262=10.922/0.716 L263=1.375/0.484
w_2100s,166,2076,2,288,288,523,523,0,0,censored,censored,L288=155.841/22.909 L522=123.869/82.944 L523=11.441/0.903 L525=11.047/0.820 L526=1.369/0.492 L527=16.000/0.000
w_2100s,167,2077,1,24,25,260,261,1,1,censored,censored,L25=111.263/16.698 L260=121.891/82.814 L261=17.111/11.940 L262=11.069/0.904 L263=1.372/0.490 L264=1.377/0.485
w_2100s,167,2077,2,288,288,523,523,0,0,censored,censored,L288=153.787/23.129 L522=123.952/82.876 L523=10.872/0.842 L525=10.572/0.799 L526=1.384/0.496 L527=16.000/0.000
w_2100s,168,2078,1,25,25,261,261,0,0,censored,censored,L25=109.936/16.429 L260=123.037/83.305 L261=17.233/11.310 L262=11.286/0.861 L263=1.370/0.486 L264=1.375/0.484
w_2100s,168,2078,2,288,288,523,523,0,0,censored,censored,L288=155.573/20.911 L522=123.806/82.703 L523=11.055/0.871 L525=11.075/0.752 L526=1.375/0.487 L527=16.000/0.000
w_2100s,169,2079,1,25,25,261,261,0,0,censored,censored,L25=111.658/15.912 L260=122.552/83.183 L261=16.067/7.432 L262=10.766/0.858 L263=1.392/0.488 L264=1.372/0.483
w_2100s,169,2079,2,288,288,523,522,0,-1,censored,censored,L288=152.595/21.626 L521=121.905/82.811 L522=122.602/82.887 L525=10.700/0.729 L526=1.366/0.501 L527=16.000/0.000
w_2100s,170,2080,1,25,25,261,261,0,0,censored,censored,L25=110.594/15.686 L260=122.417/82.906 L261=16.242/7.717 L262=10.867/0.827 L263=1.398/0.499 L264=1.373/0.484
w_2100s,170,2080,2,288,288,522,523,0,1,censored,censored,L288=154.102/20.739 L522=121.709/82.765 L523=11.134/0.781 L525=10.864/0.722 L526=1.372/0.502 L527=16.000/0.000
w_2100s,171,2081,1,25,25,261,261,0,0,censored,censored,L25=110.347/16.768 L260=121.942/83.036 L261=17.684/12.992 L262=10.970/0.865 L263=1.387/0.487 L264=1.389/0.488
w_2100s,171,2081,2,288,288,523,523,0,0,censored,censored,L288=151.613/21.176 L522=120.777/82.905 L523=11.250/0.903 L525=10.684/0.740 L526=1.397/0.508 L527=16.000/0.000
w_2100s,172,2082,1,25,24,261,260,-1,-1,censored,censored,L24=109.864/15.045 L259=122.497/83.085 L260=16.375/7.923 L262=10.752/0.768 L263=1.386/0.493
w_2100s,172,2082,2,288,288,523,522,0,-1,censored,censored,L288=153.742/20.972 L521=119.573/82.670 L522=121.130/82.576 L525=10.891/0.734 L526=1.380/0.504 L527=16.000/0.000
w_2100s,173,2083,1,24,25,260,261,1,1,censored,censored,L25=111.244/14.902 L260=122.867/82.929 L261=16.066/6.179 L262=10.981/0.887 L263=1.363/0.484 L264=1.384/0.486
w_2100s,173,2083,2,288,288,522,522,0,0,censored,censored,L288=152.248/21.348 L521=122.175/83.212 L522=122.273/83.483 L525=10.605/0.683 L526=1.375/0.494 L527=16.000/0.000
w_2100s,174,2084,1,25,25,261,261,0,0,censored,censored,L25=112.531/14.806 L260=122.727/83.154 L261=15.973/5.911 L262=11.439/1.012 L263=1.355/0.482 L264=1.378/0.485
w_2100s,174,2084,2,288,288,522,522,0,0,censored,censored,L288=154.019/21.771 L521=122.338/83.233 L522=123.830/82.897 L525=10.631/0.677 L526=1.367/0.501 L527=16.000/0.000
w_2100s,175,2085,1,25,24,261,260,-1,-1,censored,censored,L24=110.966/14.511 L259=123.686/83.519 L260=15.998/6.766 L262=10.797/0.745 L263=1.367/0.488
w_2100s,175,2085,2,288,288,522,523,0,1,censored,censored,L288=152.841/21.651 L522=121.936/83.409 L523=11.264/0.854 L525=11.037/0.715 L526=1.387/0.497 L527=16.000/0.000
w_2100s,176,2086,1,24,24,260,260,0,0,censored,censored,L24=111.672/15.462 L259=122.386/83.120 L260=17.397/11.415 L262=10.988/0.737 L263=1.375/0.484
w_2100s,176,2086,2,288,288,523,523,0,0,censored,censored,L288=154.123/22.077 L522=122.362/82.803 L523=11.114/0.893 L525=10.863/0.714 L526=1.397/0.508 L527=16.000/0.000
w_2100s,177,2087,1,24,25,260,261,1,1,censored,censored,L25=111.209/15.341 L260=123.567/83.371 L261=17.075/10.115 L262=11.414/0.950 L263=1.411/0.498 L264=1.386/0.487
w_2100s,177,2087,2,288,288,523,523,0,0,censored,censored,L288=153.694/21.638 L522=121.645/82.886 L523=10.836/0.806 L525=11.014/0.712 L526=1.364/0.500 L527=16.000/0.000
w_2100s,178,2088,1,25,24,261,260,-1,-1,censored,censored,L24=112.011/15.356 L259=123.872/83.664 L260=16.961/11.233 L262=10.852/0.778 L263=1.392/0.495
w_2100s,178,2088,2,288,288,523,523,0,0,censored,censored,L288=154.872/21.522 L522=121.487/83.129 L523=10.703/0.887 L525=10.850/0.800 L526=1.377/0.504 L527=16.000/0.000
w_2100s,179,2089,1,24,24,260,260,0,0,censored,censored,L24=111.809/15.440 L259=122.105/83.231 L260=19.934/20.502 L262=11.123/0.702 L263=1.380/0.492
w_2100s,179,2089,2,288,288,523,523,0,0,censored,censored,L288=151.505/22.101 L522=122.044/82.795 L523=10.998/0.909 L525=10.947/0.689 L526=1.405/0.510 L527=16.000/0.000
w_2100s,180,2090,1,24,24,260,260,0,0,censored,censored,L24=111.206/15.379 L259=121.852/83.269 L260=18.973/19.148 L262=10.548/0.685 L263=1.372/0.483
w_2100s,180,2090,2,288,288,523,523,0,0,censored,censored,L288=154.333/22.563 L522=121.873/82.948 L523=11.242/0.901 L525=10.645/0.744 L526=1.372/0.493 L527=16.000/0.000
w_2100s,181,2091,1,24,24,260,260,0,0,censored,censored,L24=111.169/14.919 L259=120.952/82.500 L260=18.636/19.042 L262=10.870/0.705 L263=1.359/0.480
w_2100s,181,2091,2,288,288,523,523,0,0,censored,censored,L288=152.250/22.300 L522=122.398/83.150 L523=11.456/0.907 L525=10.806/0.711 L526=1.373/0.503 L527=16.000/0.000
w_2100s,182,2092,1,24,24,260,260,0,0,censored,censored,L24=111.759/15.424 L259=122.602/82.906 L260=20.025/20.690 L262=10.909/0.708 L263=1.367/0.488
w_2100s,182,2092,2,288,288,523,523,0,0,censored,censored,L288=154.545/23.375 L522=123.402/83.190 L523=11.219/0.901 L525=10.866/0.757 L526=1.378/0.516 L527=16.000/0.000
w_2100s,183,2093,1,24,24,260,260,0,0,censored,censored,L24=113.261/15.796 L259=121.659/82.722 L260=16.056/7.657 L262=10.789/0.723 L263=1.367/0.488
w_2100s,183,2093,2,288,288,523,523,0,0,censored,censored,L288=151.086/23.671 L522=120.586/83.280 L523=11.306/0.889 L525=10.739/0.747 L526=1.386/0.506 L527=16.000/0.000
w_2100s,184,2094,1,24,24,260,260,0,0,censored,censored,L24=111.994/15.482 L259=120.150/82.699 L260=16.820/12.538 L262=10.664/0.728 L263=1.373/0.493
w_2100s,184,2094,2,288,288,523,523,0,0,censored,censored,L288=154.834/24.254 L522=121.691/82.505 L523=11.075/0.882 L525=10.548/0.736 L526=1.386/0.496 L527=16.000/0.000
w_2100s,185,2095,1,24,24,260,260,0,0,censored,censored,L24=110.247/15.280 L259=120.306/82.522 L260=15.884/7.671 L262=10.786/0.722 L263=1.395/0.492
w_2100s,185,2095,2,288,288,523,523,0,0,censored,censored,L288=151.609/24.032 L522=121.775/82.891 L523=11.152/0.919 L525=10.584/0.745 L526=1.384/0.505 L527=16.000/0.000
w_2100s,186,2096,1,24,24,260,260,0,0,censored,censored,L24=110.053/15.823 L259=121.439/82.901 L260=16.336/7.603 L262=10.703/0.728 L263=1.355/0.482
w_2100s,186,2096,2,288,288,523,523,0,0,censored,censored,L288=154.481/23.424 L522=122.980/82.836 L523=11.136/0.853 L525=10.633/0.712 L526=1.389/0.497 L527=16.000/0.000
w_2100s,187,2097,1,24,24,260,260,0,0,censored,censored,L24=110.544/15.230 L259=119.959/82.989 L260=15.900/7.462 L262=10.664/0.719 L263=1.387/0.497
w_2100s,187,2097,2,288,288,523,522,0,-1,censored,censored,L288=153.800/24.719 L521=120.734/82.735 L522=121.158/82.962 L525=10.934/0.730 L526=1.389/0.506 L527=16.000/0.000
w_2100s,188,2098,1,24,25,260,261,1,1,censored,censored,L25=110.322/15.980 L260=120.287/83.410 L261=15.077/5.253 L262=10.955/0.930 L263=1.398/0.502 L264=1.386/0.487
w_2100s,188,2098,2,288,288,522,522,0,0,censored,censored,L288=155.725/23.552 L521=120.719/83.136 L522=122.016/83.076 L525=10.723/0.746 L526=1.395/0.498 L527=16.000/0.000
w_2100s,189,2099,1,25,25,261,261,0,0,censored,censored,L25=111.170/15.366 L260=120.898/83.452 L261=15.344/5.824 L262=10.791/0.917 L263=1.386/0.496 L264=1.387/0.487
w_2100s,189,2099,2,288,288,522,523,0,1,censored,censored,L288=153.583/24.564 L522=122.339/82.814 L523=10.609/0.877 L525=10.836/0.739 L526=1.387/0.497 L527=16.000/0.000
w_2100s,190,2100,1,25,25,261,261,0,0,censored,censored,L25=110.081/14.642 L260=121.042/83.671 L261=16.203/7.844 L262=10.728/0.881 L263=1.372/0.487 L264=1.380/0.485
w_2100s,190,2100,2,288,288,523,522,0,-1,censored,censored,L288=154.447/23.857 L521=120.403/82.897 L522=121.516/83.106 L525=11.070/0.696 L526=1.387/0.506 L527=16.000/0.000
w_2100s,191,2101,1,25,24,261,260,-1,-1,censored,censored,L24=111.589/15.648 L259=121.338/83.553 L260=15.617/7.283 L262=10.689/0.730 L263=1.384/0.496
w_2100s,191,2101,2,288,288,522,522,0,0,censored,censored,L288=151.609/24.720 L521=121.769/83.338 L522=122.697/83.118 L525=10.853/0.735 L526=1.392/0.507 L527=16.000/0.000
w_2100s,192,2102,1,24,25,260,261,1,1,censored,censored,L25=112.378/14.737 L260=122.194/83.248 L261=16.273/8.606 L262=10.798/0.839 L263=1.384/0.496 L264=1.355/0.478
w_2100s,192,2102,2,288,288,522,522,0,0,censored,censored,L288=153.417/24.533 L521=121.344/83.104 L522=122.545/83.311 L525=10.873/0.704 L526=1.361/0.499 L527=16.000/0.000
w_2100s,193,2103,1,25,25,261,261,0,0,censored,censored,L25=112.766/14.733 L260=122.989/83.287 L261=16.333/8.724 L262=10.528/0.858 L263=1.363/0.490 L264=1.397/0.489
w_2100s,193,2103,2,288,288,522,522,0,0,censored,censored,L288=153.619/24.391 L521=122.497/82.949 L522=123.430/83.005 L525=10.834/0.736 L526=1.380/0.504 L527=16.000/0.000
w_2100s,194,2104,1,25,25,261,261,0,0,censored,censored,L25=113.733/14.240 L260=123.409/82.915 L261=16.642/9.513 L262=11.269/0.906 L263=1.377/0.488 L264=1.378/0.485
w_2100s,194,2104,2,288,288,522,523,0,1,censored,censored,L288=153.817/23.699 L522=122.031/82.871 L523=11.058/0.879 L525=10.841/0.760 L526=1.370/0.502 L527=16.000/0.000
w_2100s,195,2105,1,25,25,261,261,0,0,censored,censored,L25=112.705/14.098 L260=121.669/82.511 L261=16.703/10.619 L262=11.058/0.909 L263=1.380/0.489 L264=1.372/0.483
w_2100s,195,2105,2,288,288,523,523,0,0,censored,censored,L288=151.228/22.949 L522=124.088/82.643 L523=11.334/0.980 L525=10.789/0.714 L526=1.380/0.495 L527=16.000/0.000
w_2100s,196,2106,1,25,24,261,260,-1,-1,censored,censored,L24=113.237/14.052 L259=123.358/83.057 L260=16.905/9.603 L262=11.019/0.729 L263=1.378/0.488
w_2100s,196,2106,2,288,288,523,522,0,-1,censored,censored,L288=156.861/24.205 L521=122.748/82.778 L522=123.395/82.796 L525=10.591/0.667 L526=1.384/0.505 L527=16.000/0.000
w_2100s,197,2107,1,24,25,260,261,1,1,censored,censored,L25=112.125/14.148 L260=123.942/83.275 L261=17.719/12.857 L262=11.103/0.878 L263=1.369/0.489 L264=1.358/0.479
w_2100s,197,2107,2,288,288,522,522,0,0,censored,censored,L288=156.137/24.405 L521=123.809/82.800 L522=125.053/82.938 L525=10.722/0.719 L526=1.394/0.498 L527=16.000/0.000
w_2100s,198,2108,1,25,25,261,261,0,0,censored,censored,L25=112.081/14.445 L260=124.147/82.737 L261=18.106/13.732 L262=11.277/0.967 L263=1.387/0.490 L264=1.369/0.482
w_2100s,198,2108,2,288,288,522,523,0,1,censored,censored,L288=154.786/22.812 L522=123.775/82.493 L523=11.117/0.920 L525=10.528/0.713 L526=1.384/0.505 L527=16.000/0.000
w_2100s,199,2109,1,25,25,261,261,0,0,censored,censored,L25=112.503/13.961 L260=124.377/82.788 L261=17.256/11.748 L262=11.466/0.960 L263=1.384/0.496 L264=1.377/0.485
w_2100s,199,2109,2,288,288,523,522,0,-1,censored,censored,L288=152.792/23.262 L521=124.614/82.588 L522=124.736/82.777 L525=10.825/0.719 L526=1.383/0.505 L527=16.000/0.000
w_2100s,200,2110,1,25,25,261,261,0,0,censored,censored,L25=112.914/14.791 L260=125.803/82.997 L261=19.062/18.296 L262=11.309/0.948 L263=1.364/0.491 L264=1.384/0.486
w_2100s,200,2110,2,288,288,522,523,0,1,censored,censored,L288=154.394/22.872 L522=125.302/82.530 L523=11.375/0.882 L525=10.825/0.712 L526=1.387/0.518 L527=16.000/0.000
w_2100s,201,2111,1,25,25,261,261,0,0,censored,censored,L25=112.338/14.251 L260=125.686/83.040 L261=17.572/14.286 L262=11.355/0.944 L263=1.375/0.494 L264=1.377/0.485
w_2100s,201,2111,2,288,288,523,522,0,-1,censored,censored,L288=153.319/23.116 L521=124.138/82.687 L522=126.327/82.544 L525=10.944/0.700 L526=1.366/0.501 L527=16.000/0.000
w_2100s,202,2112,1,25,24,261,260,-1,-1,censored,censored,L24=113.731/13.707 L259=125.139/82.520 L260=18.480/16.903 L262=10.802/0.756 L263=1.395/0.492
w_2100s,202,2112,2,288,288,522,523,0,1,censored,censored,L288=153.077/22.057 L522=126.783/82.637 L523=11.647/0.864 L525=11.092/0.663 L526=1.375/0.503 L527=16.000/0.000
w_2100s,203,2113,1,24,24,260,260,0,0,censored,censored,L24=112.067/14.367 L259=125.606/82.616 L260=20.794/23.473 L262=10.769/0.748 L263=1.367/0.488
w_2100s,203,2113,2,288,288,523,523,0,0,censored,censored,L288=151.397/22.379 L522=125.986/82.112 L523=10.775/0.885 L525=10.497/0.689 L526=1.375/0.503 L527=16.000/0.000
w_2100s,204,2114,1,24,25,260,261,1,1,censored,censored,L25=112.200/14.491 L260=126.161/82.592 L261=19.930/21.203 L262=10.866/0.922 L263=1.387/0.500 L264=1.370/0.483
w_2100s,204,2114,2,288,288,523,523,0,0,censored,censored,L288=152.827/22.002 L522=126.963/82.224 L523=10.864/0.834 L525=10.556/0.700 L526=1.383/0.505 L527=16.000/0.000
w_2100s,205,2115,1,25,25,261,261,0,0,censored,censored,L25=113.033/13.965 L260=127.209/82.485 L261=17.459/13.396 L262=10.452/0.845 L263=1.383/0.492 L264=1.375/0.484
w_2100s,205,2115,2,288,288,523,523,0,0,censored,censored,L288=152.539/23.065 L522=127.675/82.411 L523=10.891/0.872 L525=10.692/0.746 L526=1.400/0.509 L527=16.000/0.000
w_2100s,206,2116,1,25,25,261,261,0,0,censored,censored,L25=114.014/14.093 L260=126.961/82.161 L261=20.705/24.145 L262=10.723/0.879 L263=1.373/0.487 L264=1.367/0.482
w_2100s,206,2116,2,288,288,523,522,0,-1,censored,censored,L288=154.748/22.990 L521=127.234/82.688 L522=127.203/83.083 L525=10.744/0.716 L526=1.383/0.517 L527=16.000/0.000
w_2100s,207,2117,1,25,25,261,261,0,0,censored,censored,L25=113.984/14.000 L260=128.041/82.392 L261=17.028/11.137 L262=11.398/0.849 L263=1.369/0.486 L264=1.363/0.481
w_2100s,207,2117,2,288,288,522,522,0,0,censored,censored,L288=152.275/22.841 L521=127.633/82.692 L522=128.316/82.666 L525=10.781/0.737 L526=1.392/0.519 L527=16.000/0.000
w_2100s,208,2118,1,25,25,261,261,0,0,censored,censored,L25=113.622/13.566 L260=127.873/82.470 L261=18.308/17.656 L262=11.148/0.879 L263=1.405/0.494 L264=1.369/0.482
w_2100s,208,2118,2,288,288,522,523,0,1,censored,censored,L288=153.409/23.046 L522=128.634/82.310 L523=11.256/0.981 L525=10.655/0.706 L526=1.384/0.505 L527=16.000/0.000
w_2100s,209,2119,1,25,24,261,260,-1,-1,censored,censored,L24=112.942/13.556 L259=127.841/82.821 L260=21.538/26.554 L262=10.623/0.716 L263=1.363/0.487
w_2100s,209,2119,2,288,288,523,523,0,0,censored,censored,L288=153.136/23.624 L522=128.162/82.057 L523=11.109/0.932 L525=10.591/0.660 L526=1.389/0.497 L527=16.000/0.000
w_2100s,210,2120,1,24,24,260,260,0,0,censored,censored,L24=113.006/13.399 L259=127.312/82.379 L260=19.500/21.083 L262=10.658/0.746 L263=1.398/0.502
w_2100s,210,2120,2,288,288,523,523,0,0,censored,censored,L288=153.205/22.359 L522=127.859/81.812 L523=10.883/0.912 L525=10.938/0.758 L526=1.372/0.530 L527=16.000/0.000
w_2100s,211,2121,1,24,24,260,260,0,0,censored,censored,L24=113.098/13.116 L259=126.870/82.452 L260=23.861/31.817 L262=10.611/0.703 L263=1.395/0.498
w_2100s,211,2121,2,288,288,523,523,0,0,censored,censored,L288=151.952/22.715 L522=128.228/82.268 L523=10.872/0.838 L525=10.781/0.702 L526=1.381/0.505 L527=16.000/0.000
w_2100s,212,2122,1,24,24,260,260,0,0,censored,censored,L24=112.898/14.018 L259=127.239/82.128 L260=19.350/19.724 L262=10.812/0.762 L263=1.387/0.490
w_2100s,212,2122,2,288,288,523,523,0,0,censored,censored,L288=151.825/23.742 L522=126.425/82.288 L523=10.550/0.846 L525=10.775/0.713 L526=1.383/0.505 L527=16.000/0.000
w_2100s,213,2123,1,24,24,260,260,0,0,censored,censored,L24=112.195/13.122 L259=128.387/82.522 L260=22.309/26.708 L262=10.552/0.759 L263=1.389/0.488
w_2100s,213,2123,2,288,288,523,523,0,0,censored,censored,L288=150.852/23.647 L522=127.131/82.087 L523=10.761/0.921 L525=10.739/0.735 L526=1.359/0.499 L527=16.000/0.000
w_2100s,214,2124,1,24,24,260,260,0,0,censored,censored,L24=112.272/13.739 L259=127.514/81.997 L260=21.955/26.074 L262=10.683/0.793 L263=1.392/0.491
w_2100s,214,2124,2,288,288,523,523,0,0,censored,censored,L288=153.481/24.912 L522=127.958/81.798 L523=10.588/0.849 L525=10.573/0.683 L526=1.380/0.517 L527=16.000/0.000
w_2100s,215,2125,1,24,25,260,261,1,1,censored,censored,L25=111.944/13.489 L260=127.561/82.480 L261=19.244/19.198 L262=10.769/0.853 L263=1.380/0.495 L264=1.355/0.478
w_2100s,215,2125,2,288,288,523,523,0,0,censored,censored,L288=152.719/25.419 L522=126.487/82.291 L523=10.853/0.842 L525=10.709/0.764 L526=1.377/0.494 L527=16.000/0.000
w_2100s,216,2126,1,25,24,261,260,-1,-1,censored,censored,L24=112.036/13.027 L259=127.625/82.517 L260=19.534/20.598 L262=10.491/0.735 L263=1.387/0.490
w_2100s,216,2126,2,288,288,523,523,0,0,censored,censored,L288=155.892/24.596 L522=125.888/82.166 L523=10.869/0.874 L525=10.836/0.731 L526=1.381/0.495 L527=16.000/0.000
w_2100s,217,2127,1,24,24,260,260,0,0,censored,censored,L24=112.294/12.373 L259=127.284/82.683 L260=20.367/23.439 L262=10.723/0.775 L263=1.377/0.488
w_2100s,217,2127,2,288,288,523,523,0,0,censored,censored,L288=153.395/25.179 L522=128.231/82.712 L523=11.309/0.953 L525=10.600/0.726 L526=1.369/0.502 L527=16.000/0.000
w_2100s,218,2128,1,24,25,260,261,1,1,censored,censored,L25=114.486/12.376 L260=127.630/82.824 L261=19.700/20.700 L262=11.442/0.898 L263=1.381/0.489 L264=1.397/0.489
w_2100s,218,2128,2,288,288,523,522,0,-1,censored,censored,L288=154.928/23.985 L521=128.402/83.006 L522=129.748/82.098 L525=10.945/0.749 L526=1.398/0.493 L527=16.000/0.000
w_2100s,219,2129,1,25,25,261,261,0,0,censored,censored,L25=113.656/11.130 L260=126.275/82.758 L261=18.575/17.775 L262=11.097/0.917 L263=1.380/0.492 L264=1.373/0.484
w_2100s,219,2129,2,288,288,522,523,0,1,censored,censored,L288=153.219/23.886 L522=127.342/82.770 L523=11.461/0.940 L525=10.811/0.685 L526=1.377/0.516 L527=16.000/0.000
w_2100s,220,2130,1,25,25,261,261,0,0,censored,censored,L25=113.755/11.157 L260=126.842/82.703 L261=16.036/7.802 L262=11.247/0.935 L263=1.389/0.500 L264=1.367/0.482
w_2100s,220,2130,2,288,288,523,522,0,-1,censored,censored,L288=154.831/22.235 L521=126.909/82.810 L522=128.178/82.482 L525=10.798/0.699 L526=1.391/0.497 L527=16.000/0.000
w_2100s,221,2131,1,25,25,261,261,0,0,censored,censored,L25=115.222/10.348 L260=127.386/82.439 L261=16.356/7.858 L262=11.314/0.983 L263=1.378/0.488 L264=1.377/0.485
w_2100s,221,2131,2,288,288,522,523,0,1,censored,censored,L288=153.452/21.966 L522=126.975/82.835 L523=12.236/1.010 L525=11.558/0.810 L526=1.395/0.508 L527=16.000/0.000
w_2100s,222,2132,1,25,24,261,260,-1,-1,censored,censored,L24=114.852/10.133 L259=127.355/83.273 L260=21.783/26.166 L262=10.537/0.719 L263=1.370/0.486
w_2100s,222,2132,2,288,288,523,523,0,0,censored,censored,L288=156.372/21.318 L522=126.011/82.617 L523=11.694/0.950 L525=10.516/0.702 L526=1.373/0.515 L527=16.000/0.000
w_2100s,223,2133,1,24,24,260,260,0,0,censored,censored,L24=116.086/9.923 L259=127.830/82.465 L260=17.680/12.884 L262=10.842/0.745 L263=1.366/0.491
w_2100s,223,2133,2,288,288,523,523,0,0,censored,censored,L288=156.562/22.440 L522=127.925/82.193 L523=11.309/0.850 L525=10.627/0.718 L526=1.380/0.504 L527=16.000/0.000
w_2100s,224,2134,1,24,24,260,260,0,0,censored,censored,L24=115.244/11.360 L259=127.216/82.441 L260=19.534/21.195 L262=10.867/0.729 L263=1.384/0.499
w_2100s,224,2134,2,288,288,523,522,0,-1,censored,censored,L288=155.995/21.440 L521=126.411/82.226 L522=127.244/81.928 L525=10.811/0.729 L526=1.380/0.495 L527=16.000/0.000
w_2100s,225,2135,1,24,25,260,261,1,1,censored,censored,L25=115.741/10.488 L260=126.986/82.345 L261=20.984/25.690 L262=11.192/0.938 L263=1.367/0.482 L264=1.392/0.488
w_2100s,225,2135,2,288,288,522,523,0,1,censored,censored,L288=151.572/21.687 L522=127.600/81.854 L523=11.133/0.922 L525=10.505/0.718 L526=1.402/0.509 L527=16.000/0.000
w_2100s,226,2136,1,25,24,261,260,-1,-1,censored,censored,L24=113.941/11.427 L259=127.175/82.405 L260=19.222/20.367 L262=10.598/0.764 L263=1.353/0.481
w_2100s,226,2136,2,288,288,523,523,0,0,censored,censored,L288=156.278/23.755 L522=126.095/82.540 L523=11.359/0.899 L525=10.725/0.711 L526=1.381/0.505 L527=16.000/0.000
w_2100s,227,2137,1,24,24,260,260,0,0,censored,censored,L24=114.245/10.548 L259=127.173/81.953 L260=19.919/20.964 L262=10.631/0.713 L263=1.377/0.491
w_2100s,227,2137,2,288,288,523,523,0,0,censored,censored,L288=152.009/24.302 L522=127.209/81.963 L523=11.391/0.937 L525=10.536/0.653 L526=1.364/0.491 L527=16.000/0.000
w_2100s,228,2138,1,24,24,260,260,0,0,censored,censored,L24=113.253/12.288 L259=128.672/82.289 L260=20.977/21.872 L262=10.619/0.695 L263=1.350/0.483
w_2100s,228,2138,2,288,288,523,523,0,0,censored,censored,L288=153.977/22.844 L522=129.284/81.760 L523=11.133/0.952 L525=10.366/0.676 L526=1.375/0.494 L527=16.000/0.000
w_2100s,229,2139,1,24,24,260,260,0,0,censored,censored,L24=113.317/12.193 L259=128.170/81.935 L260=21.403/22.518 L262=10.656/0.705 L263=1.389/0.494
w_2100s,229,2139,2,288,288,523,523,0,0,censored,censored,L288=153.880/23.340 L522=128.500/81.109 L523=11.264/0.882 L525=10.739/0.737 L526=1.366/0.501 L527=16.000/0.000
w_2100s,230,2140,1,24,24,260,260,0,0,censored,censored,L24=112.578/12.586 L259=127.778/81.680 L260=25.098/31.509 L262=10.380/0.736 L263=1.389/0.500
w_2100s,230,2140,2,288,288,523,523,0,0,censored,censored,L288=154.734/22.605 L522=130.016/80.724 L523=11.081/0.903 L525=10.647/0.710 L526=1.387/0.518 L527=16.000/0.000
w_2100s,231,2141,1,24,24,260,260,0,0,censored,censored,L24=112.934/12.818 L259=129.716/81.614 L260=24.250/27.609 L262=10.423/0.705 L263=1.386/0.487
w_2100s,231,2141,2,288,288,523,523,0,0,censored,censored,L288=153.625/22.982 L522=130.839/80.812 L523=11.280/0.902 L525=10.713/0.784 L526=1.386/0.506 L527=16.000/0.000
w_2100s,232,2142,1,24,24,260,260,0,0,censored,censored,L24=114.448/12.371 L259=130.478/81.442 L260=26.127/31.033 L262=10.308/0.803 L263=1.391/0.491
w_2100s,232,2142,2,288,288,523,523,0,0,censored,censored,L288=153.908/21.501 L522=130.198/80.158 L523=11.166/0.924 L525=10.562/0.766 L526=1.366/0.501 L527=16.000/0.000
w_2100s,233,2143,1,24,24,260,260,0,0,censored,censored,L24=113.536/12.435 L259=131.881/79.677 L260=29.047/35.436 L262=10.363/0.720 L263=1.372/0.493
w_2100s,233,2143,2,288,288,523,523,0,0,censored,censored,L288=155.142/22.646 L522=131.544/78.522 L523=10.983/0.832 L525=10.720/0.732 L526=1.386/0.506 L527=16.000/0.000
w_2100s,234,2144,1,24,24,260,260,0,0,censored,censored,L24=113.975/11.178 L259=133.012/78.385 L260=26.798/29.293 L262=10.442/0.766 L263=1.361/0.490
w_2100s,234,2144,2,288,288,523,523,0,0,censored,censored,L288=154.120/22.350 L522=135.161/77.016 L523=11.241/0.876 L525=10.695/0.747 L526=1.380/0.495 L527=16.000/0.000
w_2100s,235,2145,1,24,24,260,260,0,0,censored,censored,L24=115.431/11.794 L259=134.644/77.235 L260=27.555/30.622 L262=10.534/0.751 L263=1.380/0.492
w_2100s,235,2145,2,288,288,523,522,0,-1,censored,censored,L288=153.906/23.107 L521=132.452/78.092 L522=135.769/75.830 L525=10.742/0.761 L526=1.384/0.505 L527=16.000/0.000
w_2100s,236,2146,1,24,24,260,260,0,0,censored,censored,L24=115.509/10.240 L259=135.170/76.980 L260=27.777/31.080 L262=10.616/0.796 L263=1.375/0.497
w_2100s,236,2146,2,288,288,522,523,0,1,censored,censored,L288=155.613/21.732 L522=134.680/76.007 L523=10.908/0.883 L525=10.470/0.691 L526=1.395/0.508 L527=16.000/0.000
w_2100s,237,2147,1,24,24,260,260,0,0,censored,censored,L24=116.042/12.294 L259=136.100/77.012 L260=26.717/30.328 L262=10.369/0.788 L263=1.386/0.496
w_2100s,237,2147,2,288,288,523,523,0,0,censored,censored,L288=154.484/21.697 L522=136.861/76.725 L523=11.720/0.983 L525=10.747/0.738 L526=1.397/0.508 L527=16.000/0.000
w_2100s,238,2148,1,24,25,260,261,1,1,censored,censored,L25=115.827/12.841 L260=135.009/77.282 L261=27.278/30.602 L262=11.372/0.987 L263=1.389/0.494 L264=1.373/0.484
w_2100s,238,2148,2,288,288,523,523,0,0,censored,censored,L288=156.128/20.947 L522=136.466/76.144 L523=11.041/0.869 L525=10.512/0.711 L526=1.397/0.499 L527=16.000/0.000
w_2100s,239,2149,1,25,24,261,260,-1,-1,censored,censored,L24=116.402/10.578 L259=132.908/78.128 L260=25.250/27.509 L262=10.722/0.793 L263=1.364/0.491
w_2100s,239,2149,2,288,288,523,523,0,0,censored,censored,L288=156.505/19.584 L522=133.664/77.477 L523=11.069/0.904 L525=10.552/0.659 L526=1.375/0.494 L527=16.000/0.000
w_2100s,240,2150,1,24,24,260,260,0,0,censored,censored,L24=117.067/13.310 L259=131.573/79.468 L260=25.738/28.623 L262=10.381/0.665 L263=1.369/0.489
w_2100s,240,2150,2,288,288,523,523,0,0,censored,censored,L288=158.780/19.383 L522=135.575/78.513 L523=11.303/0.887 L525=10.689/0.715 L526=1.372/0.502 L527=16.000/0.000
w_2100s,241,2151,1,24,24,260,260,0,0,censored,censored,L24=118.463/14.514 L259=131.375/79.783 L260=24.528/25.811 L262=10.575/0.734 L263=1.411/0.495
w_2100s,241,2151,2,288,288,523,523,0,0,censored,censored,L288=156.613/17.023 L522=132.261/78.742 L523=11.169/0.887 L525=10.602/0.702 L526=1.383/0.496 L527=16.000/0.000
w_2100s,242,2152,1,24,25,260,261,1,1,censored,censored,L25=117.995/13.518 L260=130.761/80.120 L261=22.727/22.716 L262=11.011/0.918 L263=1.381/0.489 L264=1.366/0.482
w_2100s,242,2152,2,288,288,523,523,0,0,censored,censored,L288=158.198/18.813 L522=132.892/78.467 L523=10.906/0.882 L525=10.453/0.714 L526=1.361/0.499 L527=16.000/0.000
w_2100s,243,2153,1,25,24,261,260,-1,-1,censored,censored,L24=117.372/14.296 L259=130.577/80.237 L260=25.392/27.210 L262=10.242/0.735 L263=1.370/0.483
w_2100s,243,2153,2,288,288,523,523,0,0,censored,censored,L288=158.367/18.479 L522=131.061/79.237 L523=10.512/0.875 L525=10.517/0.702 L526=1.380/0.504 L527=16.000/0.000
w_2100s,244,2154,1,24,24,260,260,0,0,censored,censored,L24=117.447/14.617 L259=131.302/80.124 L260=25.014/26.739 L262=10.298/0.758 L263=1.389/0.491
w_2100s,244,2154,2,288,288,523,523,0,0,censored,censored,L288=161.831/21.077 L522=132.569/78.836 L523=10.508/0.862 L525=10.719/0.709 L526=1.378/0.504 L527=16.000/0.000
w_2100s,245,2155,1,24,24,260,260,0,0,censored,censored,L24=115.405/14.788 L259=130.652/79.137 L260=23.375/24.266 L262=10.370/0.782 L263=1.380/0.489
w_2100s,245,2155,2,288,288,523,523,0,0,censored,censored,L288=160.072/20.005 L522=130.662/78.231 L523=11.230/0.933 L525=10.492/0.729 L526=1.369/0.492 L527=16.000/0.000
w_2100s,246,2156,1,24,25,260,261,1,1,censored,censored,L25=117.103/12.142 L260=131.855/78.301 L261=24.159/26.978 L262=10.486/0.880 L263=1.375/0.487 L264=1.356/0.479
w_2100s,246,2156,2,288,288,523,523,0,0,censored,censored,L288=161.084/19.271 L522=135.037/77.321 L523=11.072/0.883 L525=10.336/0.719 L526=1.364/0.500 L527=16.000/0.000
w_2100s,247,2157,1,25,24,261,260,-1,-1,censored,censored,L24=118.263/12.519 L259=133.633/78.108 L260=25.712/28.563 L262=10.439/0.768 L263=1.386/0.493
w_2100s,247,2157,2,288,288,523,523,0,0,censored,censored,L288=161.469/20.118 L522=132.019/77.220 L523=10.345/0.934 L525=10.738/0.716 L526=1.375/0.494 L527=16.000/0.000
w_2100s,248,2158,1,24,24,260,260,0,0,censored,censored,L24=117.653/12.746 L259=133.128/78.484 L260=25.988/29.726 L262=10.438/0.718 L263=1.392/0.491
w_2100s,248,2158,2,288,288,523,523,0,0,censored,censored,L288=162.945/19.750 L522=134.545/76.940 L523=10.267/0.911 L525=10.494/0.727 L526=1.387/0.506 L527=16.000/0.000
w_2100s,249,2159,1,24,25,260,261,1,1,censored,censored,L25=118.213/13.174 L260=131.675/79.978 L261=23.831/24.913 L262=10.955/0.945 L263=1.381/0.492 L264=1.361/0.480
w_2100s,249,2159,2,288,288,523,523,0,0,censored,censored,L288=163.914/20.535 L522=131.419/79.130 L523=10.881/0.879 L525=10.762/0.720 L526=1.367/0.501 L527=16.000/0.000
w_2100s,250,2160,1,25,25,261,261,0,0,censored,censored,L25=119.628/13.499 L260=131.620/81.646 L261=23.012/21.988 L262=11.564/1.039 L263=1.375/0.491 L264=1.363/0.481
w_2100s,250,2160,2,288,288,523,522,0,-1,censored,censored,L288=163.961/19.267 L521=129.634/82.364 L522=133.884/80.120 L525=11.083/0.769 L526=1.384/0.505 L527=16.000/0.000
w_2100s,251,2161,1,25,25,261,261,0,0,censored,censored,L25=120.028/14.211 L260=130.333/81.267 L261=22.069/20.790 L262=11.405/1.019 L263=1.381/0.492 L264=1.377/0.485
w_2100s,251,2161,2,288,288,522,523,0,1,censored,censored,L288=162.537/18.975 L522=130.916/79.972 L523=11.602/0.869 L525=10.891/0.748 L526=1.372/0.493 L527=16.000/0.000
w_2100s,252,2162,1,25,24,261,260,-1,-1,censored,censored,L24=119.050/14.694 L259=130.798/80.360 L260=22.748/22.694 L262=10.512/0.781 L263=1.378/0.488
w_2100s,252,2162,2,288,288,523,523,0,0,censored,censored,L288=164.789/19.500 L522=131.664/79.611 L523=11.559/0.974 L525=10.789/0.767 L526=1.391/0.497 L527=16.000/0.000
w_2100s,253,2163,1,24,25,260,261,1,1,censored,censored,L25=119.970/15.712 L260=129.383/82.086 L261=20.967/17.886 L262=10.936/0.912 L263=1.378/0.485 L264=1.402/0.490
w_2100s,253,2163,2,288,288,523,523,0,0,censored,censored,L288=164.463/19.547 L522=128.463/82.167 L523=11.717/1.006 L525=10.803/0.770 L526=1.384/0.496 L527=16.000/0.000
w_2100s,254,2164,1,25,24,261,260,-1,-1,censored,censored,L24=119.677/15.581 L259=127.069/83.283 L260=18.430/11.765 L262=10.347/0.755 L263=1.370/0.492
w_2100s,254,2164,2,288,288,523,522,0,-1,censored,censored,L288=165.120/19.428 L521=126.933/83.319 L522=128.861/83.004 L525=10.770/0.711 L526=1.367/0.492 L527=16.000/0.000
w_2100s,255,2165,1,24,24,260,260,0,0,censored,censored,L24=119.595/15.529 L259=126.494/83.149 L260=18.116/11.007 L262=10.686/0.760 L263=1.389/0.497
w_2100s,255,2165,2,288,288,522,523,0,1,censored,censored,L288=162.416/20.041 L522=125.861/83.512 L523=10.634/0.931 L525=10.812/0.747 L526=1.363/0.512 L527=16.000/0.000
w_2100s,256,2166,1,24,25,260,261,1,1,censored,censored,L25=118.761/15.994 L260=126.523/83.487 L261=17.800/11.880 L262=11.027/0.961 L263=1.367/0.482 L264=1.384/0.486
w_2100s,256,2166,2,288,288,523,523,0,0,censored,censored,L288=167.170/23.343 L522=126.138/83.533 L523=10.623/0.914 L525=10.531/0.778 L526=1.381/0.495 L527=16.000/0.000
w_2100s,257,2167,1,25,24,261,260,-1,-1,censored,censored,L24=118.450/15.583 L259=125.967/83.610 L260=19.489/16.772 L262=10.811/0.740 L263=1.375/0.494
w_2100s,257,2167,2,288,288,523,523,0,0,censored,censored,L288=167.253/24.507 L522=126.052/83.208 L523=11.066/0.881 L525=10.870/0.763 L526=1.386/0.518 L527=16.000/0.000
w_2100s,258,2168,1,24,24,260,260,0,0,censored,censored,L24=117.531/15.243 L259=125.167/83.019 L260=17.322/9.946 L262=10.828/0.739 L263=1.373/0.487
w_2100s,258,2168,2,288,288,523,523,0,0,censored,censored,L288=164.917/21.926 L522=125.898/82.828 L523=11.370/0.869 L525=10.762/0.698 L526=1.377/0.516 L527=16.000/0.000
w_2100s,259,2169,1,24,24,260,260,0,0,censored,censored,L24=119.331/15.343 L259=125.766/83.082 L260=18.439/14.958 L262=10.688/0.758 L263=1.352/0.481
w_2100s,259,2169,2,288,288,523,523,0,0,censored,censored,L288=163.881/22.803 L522=124.727/83.316 L523=11.152/0.854 L525=10.652/0.755 L526=1.384/0.518 L527=16.000/0.000
w_2100s,260,2170,1,24,25,260,261,1,1,censored,censored,L25=121.167/14.768 L260=125.442/82.991 L261=17.989/12.779 L262=11.303/0.880 L263=1.381/0.498 L264=1.380/0.485
w_2100s,260,2170,2,288,288,523,523,0,0,censored,censored,L288=165.495/24.266 L522=125.955/82.852 L523=11.203/0.834 L525=10.786/0.735 L526=1.375/0.515 L527=16.000/0.000
w_2100s,261,2171,1,25,24,261,260,-1,-1,censored,censored,L24=120.644/16.539 L259=124.548/82.359 L260=20.997/22.765 L262=10.605/0.759 L263=1.387/0.490
w_2100s,261,2171,2,288,288,523,523,0,0,censored,censored,L288=162.622/24.034 L522=124.692/82.582 L523=10.989/0.854 L525=10.514/0.673 L526=1.378/0.494 L527=16.000/0.000
w_2100s,262,2172,1,24,24,260,260,0,0,censored,censored,L24=119.791/16.415 L259=125.850/83.073 L260=20.341/21.033 L262=10.592/0.755 L263=1.361/0.487
w_2100s,262,2172,2,288,288,523,523,0,0,censored,censored,L288=165.917/24.639 L522=126.353/82.849 L523=10.911/0.840 L525=10.644/0.732 L526=1.380/0.495 L527=16.000/0.000
w_2100s,263,2173,1,24,24,260,260,0,0,censored,censored,L24=122.787/17.020 L259=125.847/82.515 L260=19.289/15.071 L262=10.755/0.736 L263=1.363/0.490
w_2100s,263,2173,2,288,288,523,523,0,0,censored,censored,L288=165.180/23.574 L522=127.091/82.550 L523=11.144/0.847 L525=10.738/0.727 L526=1.398/0.508 L527=16.000/0.000
w_2100s,264,2174,1,24,24,260,260,0,0,censored,censored,L24=122.194/16.806 L259=125.978/82.488 L260=18.030/11.555 L262=10.838/0.749 L263=1.386/0.496
w_2100s,264,2174,2,288,288,523,523,0,0,censored,censored,L288=167.359/23.628 L522=125.353/82.533 L523=11.262/0.857 L525=10.883/0.698 L526=1.366/0.501 L527=16.000/0.000
w_2100s,265,2175,1,24,24,260,260,0,0,censored,censored,L24=121.516/17.458 L259=126.239/82.383 L260=19.062/13.463 L262=10.739/0.749 L263=1.380/0.495
w_2100s,265,2175,2,288,288,523,523,0,0,censored,censored,L288=167.547/23.866 L522=126.984/82.175 L523=11.186/0.826 L525=10.722/0.721 L526=1.373/0.503 L527=16.000/0.000
w_2100s,266,2176,1,24,24,260,260,0,0,censored,censored,L24=121.938/16.016 L259=125.980/82.409 L260=18.078/12.266 L262=10.666/0.755 L263=1.366/0.498
w_2100s,266,2176,2,288,288,523,523,0,0,censored,censored,L288=167.711/24.121 L522=125.220/82.380 L523=11.297/0.808 L525=10.841/0.724 L526=1.378/0.494 L527=16.000/0.000
w_2100s,267,2177,1,24,25,260,261,1,1,censored,censored,L25=121.402/16.947 L260=124.911/81.710 L261=19.023/14.362 L262=10.900/0.899 L263=1.378/0.491 L264=1.372/0.483
w_2100s,267,2177,2,288,288,523,523,0,0,censored,censored,L288=166.822/23.454 L522=124.572/82.009 L523=10.531/0.892 L525=10.762/0.709 L526=1.369/0.502 L527=16.000/0.000
w_2100s,268,2178,1,25,24,261,260,-1,-1,censored,censored,L24=122.636/17.005 L259=126.316/80.958 L260=18.389/13.140 L262=10.730/0.720 L263=1.370/0.489
w_2100s,268,2178,2,288,288,523,522,0,-1,censored,censored,L288=169.713/24.204 L521=125.564/79.966 L522=125.266/80.770 L525=10.759/0.741 L526=1.375/0.503 L527=16.000/0.000
w_2100s,269,2179,1,24,25,260,261,1,1,censored,censored,L25=123.233/16.042 L260=128.062/80.944 L261=19.345/13.567 L262=11.095/0.946 L263=1.381/0.486 L264=1.381/0.486
w_2100s,269,2179,2,288,288,522,522,0,0,censored,censored,L288=171.255/22.742 L521=125.236/79.781 L522=125.098/80.550 L525=10.683/0.736 L526=1.389/0.497 L527=16.000/0.000
w_2100s,270,2180,1,25,24,261,260,-1,-1,censored,censored,L24=123.066/13.257 L259=126.242/80.172 L260=19.425/14.210 L262=10.648/0.716 L263=1.372/0.493
w_2100s,270,2180,2,288,288,522,522,0,0,censored,censored,L288=171.320/23.132 L521=125.434/79.587 L522=126.270/80.686 L525=10.600/0.700 L526=1.381/0.505 L527=16.000/0.000
w_2100s,271,2181,1,24,25,260,261,1,1,censored,censored,L25=124.162/14.313 L260=125.556/80.331 L261=19.256/13.901 L262=10.934/0.963 L263=1.370/0.489 L264=1.377/0.485
w_2100s,271,2181,2,288,288,522,522,0,0,censored,censored,L288=168.675/22.819 L521=125.341/79.794 L522=125.767/80.287 L525=10.734/0.757 L526=1.383/0.496 L527=16.000/0.000
w_2100s,272,2182,1,25,25,261,261,0,0,censored,censored,L25=123.417/14.035 L260=125.220/80.571 L261=19.636/13.712 L262=11.534/0.999 L263=1.367/0.495 L264=1.375/0.484
w_2100s,272,2182,2,288,288,522,523,0,1,censored,censored,L288=167.998/22.818 L522=123.945/80.712 L523=11.438/0.923 L525=10.789/0.697 L526=1.372/0.502 L527=16.000/0.000
w_2100s,273,2183,1,25,24,261,260,-1,-1,censored,censored,L24=121.997/14.656 L259=124.338/80.757 L260=18.581/12.492 L262=10.777/0.749 L263=1.377/0.494
w_2100s,273,2183,2,288,288,523,523,0,0,censored,censored,L288=168.705/22.779 L522=124.794/81.116 L523=11.486/0.802 L525=10.814/0.715 L526=1.358/0.483 L527=16.000/0.000
w_2100s,274,2184,1,24,24,260,260,0,0,censored,censored,L24=121.370/14.017 L259=124.777/81.209 L260=18.273/12.676 L262=10.686/0.731 L263=1.358/0.486
w_2100s,274,2184,2,288,288,523,522,0,-1,censored,censored,L288=171.889/24.793 L521=124.069/80.395 L522=124.487/81.598 L525=11.011/0.717 L526=1.408/0.510 L527=16.000/0.000
w_2100s,275,2185,1,24,24,260,260,0,0,censored,censored,L24=122.280/14.615 L259=123.534/80.345 L260=18.267/12.747 L262=10.906/0.716 L263=1.373/0.496
w_2100s,275,2185,2,288,288,522,522,0,0,censored,censored,L288=169.756/24.348 L521=124.611/80.139 L522=124.944/80.765 L525=10.880/0.743 L526=1.387/0.497 L527=16.000/0.000
w_2100s,276,2186,1,24,25,260,261,1,1,censored,censored,L25=122.356/13.614 L260=124.366/79.917 L261=19.575/13.996 L262=11.208/1.027 L263=1.400/0.499 L264=1.353/0.478
w_2100s,276,2186,2,288,288,522,522,0,0,censored,censored,L288=171.345/25.810 L521=124.370/79.771 L522=123.909/80.417 L525=10.723/0.712 L526=1.383/0.505 L527=16.000/0.000
w_2100s,277,2187,1,25,25,261,261,0,0,censored,censored,L25=122.430/15.762 L260=125.006/79.367 L261=19.345/13.372 L262=11.338/0.968 L263=1.372/0.493 L264=1.391/0.488
w_2100s,277,2187,2,288,288,522,523,0,1,censored,censored,L288=171.002/24.105 L522=123.575/79.685 L523=11.925/0.931 L525=10.892/0.733 L526=1.383/0.505 L527=16.000/0.000
w_2100s,278,2188,1,25,24,261,260,-1,-1,censored,censored,L24=121.306/14.070 L259=124.098/78.515 L260=19.555/14.039 L262=10.517/0.724 L263=1.386/0.493
w_2100s,278,2188,2,288,288,523,522,0,-1,censored,censored,L288=171.022/22.841 L521=125.237/78.316 L522=124.209/78.985 L525=10.708/0.696 L526=1.381/0.505 L527=16.000/0.000
w_2100s,279,2189,1,24,25,260,261,1,1,censored,censored,L25=121.708/15.343 L260=126.338/77.950 L261=20.742/14.591 L262=11.812/0.993 L263=1.383/0.486 L264=1.392/0.488
w_2100s,279,2189,2,288,288,522,522,0,0,censored,censored,L288=170.069/23.088 L521=125.644/77.085 L522=125.031/78.113 L525=10.928/0.727 L526=1.370/0.514 L527=16.000/0.000
w_2100s,280,2190,1,25,25,261,261,0,0,censored,censored,L25=122.142/14.250 L260=126.967/76.473 L261=22.414/16.391 L262=11.661/0.950 L263=1.380/0.492 L264=1.383/0.486
w_2100s,280,2190,2,288,288,522,523,0,1,censored,censored,L288=169.578/22.505 L522=126.102/76.665 L523=11.586/0.955 L525=10.867/0.724 L526=1.361/0.490 L527=16.000/0.000
w_2100s,281,2191,1,25,25,261,261,0,0,censored,censored,L25=121.416/14.073 L260=130.286/73.497 L261=25.152/18.668 L262=11.637/0.955 L263=1.392/0.501 L264=1.369/0.482
w_2100s,281,2191,2,288,288,523,523,0,0,censored,censored,L288=169.519/22.809 L522=128.886/73.313 L523=11.914/0.955 L525=11.130/0.687 L526=1.378/0.504 L527=16.000/0.000
w_2100s,282,2192,1,25,25,261,261,0,0,censored,censored,L25=121.370/15.045 L260=131.402/69.704 L261=26.902/18.691 L262=11.645/0.927 L263=1.386/0.493 L264=1.361/0.480
w_2100s,282,2192,2,288,288,523,522,0,-1,censored,censored,L288=166.798/23.120 L521=131.778/68.530 L522=131.372/70.004 L525=10.873/0.728 L526=1.403/0.509 L527=16.000/0.000
w_2100s,283,2193,1,25,25,261,261,0,0,censored,censored,L25=121.339/14.719 L260=133.406/67.126 L261=30.427/21.864 L262=11.894/0.931 L263=1.383/0.492 L264=1.397/0.489
w_2100s,283,2193,2,288,288,522,523,0,1,censored,censored,L288=166.839/22.837 L522=131.905/67.584 L523=11.939/0.957 L525=10.800/0.721 L526=1.359/0.499 L527=16.000/0.000
w_2100s,284,2194,1,25,24,261,260,-1,-1,censored,censored,L24=121.848/14.536 L259=131.977/67.543 L260=29.869/22.132 L262=10.873/0.749 L263=1.383/0.496
w_2100s,284,2194,2,288,288,523,523,0,0,censored,censored,L288=166.442/22.770 L522=132.572/66.951 L523=11.772/0.892 L525=10.914/0.721 L526=1.386/0.518 L527=16.000/0.000
w_2100s,285,2195,1,24,24,260,260,0,0,censored,censored,L24=120.878/14.372 L259=131.381/66.895 L260=29.913/21.656 L262=10.994/0.696 L263=1.391/0.488
w_2100s,285,2195,2,288,288,523,523,0,0,censored,censored,L288=163.869/23.642 L522=132.025/66.300 L523=11.133/0.925 L525=10.720/0.663 L526=1.370/0.502 L527=16.000/0.000
w_2100s,286,2196,1,24,24,260,260,0,0,censored,censored,L24=119.372/14.856 L259=130.655/67.151 L260=27.808/20.260 L262=10.863/0.750 L263=1.387/0.494
w_2100s,286,2196,2,288,288,523,523,0,0,censored,censored,L288=168.495/25.554 L522=129.980/67.986 L523=11.569/0.890 L525=10.997/0.714 L526=1.375/0.503 L527=16.000/0.000
w_2100s,287,2197,1,24,25,260,261,1,1,censored,censored,L25=118.686/14.721 L260=130.536/69.445 L261=26.980/19.470 L262=10.900/0.971 L263=1.377/0.488 L264=1.375/0.484
w_2100s,287,2197,2,288,288,523,523,0,0,censored,censored,L288=166.469/24.791 L522=130.550/70.348 L523=11.744/0.912 L525=11.098/0.715 L526=1.370/0.502 L527=16.000/0.000
w_2100s,288,2198,1,25,24,261,260,-1,-1,censored,censored,L24=119.291/13.957 L259=131.219/69.817 L260=26.887/20.576 L262=10.873/0.777 L263=1.387/0.503
w_2100s,288,2198,2,288,288,523,523,0,0,censored,censored,L288=166.573/23.659 L522=129.316/70.529 L523=11.738/0.866 L525=11.113/0.727 L526=1.383/0.508 L527=16.000/0.000
w_2100s,289,2199,1,24,25,260,261,1,1,censored,censored,L25=120.989/13.842 L260=128.802/70.600 L261=25.600/18.785 L262=11.100/0.901 L263=1.373/0.490 L264=1.369/0.482
w_2100s,289,2199,2,288,288,523,522,0,-1,censored,censored,L288=163.245/22.416 L521=129.711/70.059 L522=129.561/71.496 L525=10.727/0.670 L526=1.381/0.505 L527=16.000/0.000
w_2100s,290,2200,1,25,25,261,261,0,0,censored,censored,L25=114.170/13.966 L260=128.211/73.023 L261=22.789/16.916 L262=10.897/0.888 L263=1.369/0.498 L264=1.359/0.480
w_2100s,290,2200,2,288,288,522,522,0,0,censored,censored,L288=156.705/24.468 L521=128.817/71.876 L522=128.650/73.611 L525=10.977/0.712 L526=1.378/0.494 L527=16.000/0.000
w_2100s,291,2201,1,25,25,261,261,0,0,censored,censored,L25=112.852/22.100 L260=127.117/73.388 L261=22.564/16.341 L262=11.491/0.891 L263=1.375/0.487 L264=1.375/0.484
w_2100s,291,2201,2,288,288,522,523,0,1,censored,censored,L288=153.927/30.759 L522=126.694/73.958 L523=11.839/0.973 L525=10.941/0.788 L526=1.395/0.498 L527=16.000/0.000
w_2100s,292,2202,1,25,24,261,260,-1,-1,censored,censored,L24=114.828/19.416 L259=128.589/72.502 L260=22.881/16.741 L262=10.764/0.711 L263=1.375/0.487
w_2100s,292,2202,2,288,288,523,522,0,-1,censored,censored,L288=156.214/28.631 L521=128.452/71.660 L522=127.372/72.973 L525=11.142/0.773 L526=1.381/0.517 L527=16.000/0.000
w_2100s,293,2203,1,24,25,260,261,1,1,censored,censored,L25=110.438/19.228 L260=128.308/71.161 L261=24.131/17.293 L262=11.906/1.033 L263=1.378/0.501 L264=1.380/0.485
w_2100s,293,2203,2,288,288,522,522,0,0,censored,censored,L288=151.848/28.518 L521=127.955/70.842 L522=127.177/71.442 L525=11.147/0.683 L526=1.378/0.516 L527=16.000/0.000
w_2100s,294,2204,1,25,25,261,261,0,0,censored,censored,L25=111.289/19.259 L260=127.661/70.589 L261=24.883/17.942 L262=11.869/0.923 L263=1.381/0.492 L264=1.356/0.479
w_2100s,294,2204,2,288,288,522,522,0,0,censored,censored,L288=152.114/29.764 L521=128.025/70.314 L522=128.916/70.571 L525=11.106/0.660 L526=1.389/0.519 L527=16.000/0.000
w_2100s,295,2205,1,25,24,261,260,-1,-1,censored,censored,L24=111.144/18.964 L259=127.259/70.250 L260=25.252/18.438 L262=10.711/0.733 L263=1.395/0.489
w_2100s,295,2205,2,288,288,522,523,0,1,censored,censored,L288=149.858/29.532 L522=126.820/70.396 L523=11.527/1.003 L525=10.978/0.746 L526=1.389/0.506 L527=16.000/0.000
w_2100s,296,2206,1,24,24,260,260,0,0,censored,censored,L24=106.994/19.169 L259=126.755/69.811 L260=24.942/17.933 L262=11.098/0.695 L263=1.384/0.493
w_2100s,296,2206,2,288,288,523,523,0,0,censored,censored,L288=147.211/28.330 L522=126.708/69.968 L523=12.255/0.906 L525=11.273/0.717 L526=1.391/0.507 L527=16.000/0.000
w_2100s,297,2207,1,24,25,260,261,1,1,censored,censored,L25=106.278/19.691 L260=126.469/70.306 L261=26.675/18.851 L262=11.550/0.975 L263=1.355/0.488 L264=1.341/0.474
w_2100s,297,2207,2,288,288,523,523,0,0,censored,censored,L288=148.102/28.021 L522=127.005/70.466 L523=12.011/0.967 L525=11.094/0.725 L526=1.392/0.507 L527=16.000/0.000
w_2100s,298,2208,1,25,24,261,260,-1,-1,censored,censored,L24=108.152/19.134 L259=126.597/70.488 L260=25.383/18.231 L262=10.887/0.752 L263=1.387/0.490
w_2100s,298,2208,2,288,288,523,523,0,0,censored,censored,L288=148.064/27.939 L522=125.433/70.623 L523=11.806/0.922 L525=10.823/0.751 L526=1.380/0.495 L527=16.000/0.000
w_2100s,299,2209,1,24,24,260,260,0,0,censored,censored,L24=108.727/17.302 L259=126.098/71.052 L260=25.455/19.067 L262=11.016/0.727 L263=1.378/0.488
w_2100s,299,2209,2,288,288,523,523,0,0,censored,censored,L288=147.091/28.011 L522=125.770/71.857 L523=11.686/0.900 L525=10.848/0.771 L526=1.380/0.517 L527=16.000/0.000
w_2100s,300,2210,1,24,24,260,260,0,0,censored,censored,L24=109.189/15.696 L259=125.878/72.714 L260=23.936/17.010 L262=11.006/0.720 L263=1.389/0.491
w_2100s,300,2210,2,288,288,523,523,0,0,censored,censored,L288=148.908/27.080 L522=122.811/73.911 L523=11.409/0.877 L525=10.727/0.711 L526=1.398/0.499 L527=16.000/0.000
w_2100s,301,2211,1,24,24,260,260,0,0,censored,censored,L24=110.584/15.315 L259=122.631/74.577 L260=21.378/14.986 L262=10.787/0.794 L263=1.386/0.496
w_2100s,301,2211,2,288,288,523,523,0,0,censored,censored,L288=147.750/24.975 L522=124.181/75.109 L523=11.494/0.831 L525=11.019/0.696 L526=1.403/0.536 L527=16.000/0.000
w_2100s,302,2212,1,24,24,260,260,0,0,censored,censored,L24=112.498/15.875 L259=121.519/75.924 L260=21.095/14.466 L262=10.739/0.733 L263=1.394/0.501
w_2100s,302,2212,2,288,288,523,522,0,-1,censored,censored,L288=152.247/22.646 L521=122.319/75.196 L522=121.578/76.402 L525=10.719/0.730 L526=1.387/0.518 L527=16.000/0.000
w_2100s,303,2213,1,24,25,260,261,1,1,censored,censored,L25=110.970/16.838 L260=121.216/76.249 L261=19.425/13.790 L262=10.952/0.875 L263=1.384/0.490 L264=1.364/0.481
w_2100s,303,2213,2,288,288,522,522,0,0,censored,censored,L288=151.537/23.484 L521=120.303/76.084 L522=120.614/76.605 L525=10.767/0.727 L526=1.378/0.494 L527=16.000/0.000
w_2100s,304,2214,1,25,25,261,261,0,0,censored,censored,L25=111.480/16.817 L260=122.258/77.190 L261=19.742/14.014 L262=11.261/0.993 L263=1.372/0.499 L264=1.350/0.477
w_2100s,304,2214,2,288,288,522,522,0,0,censored,censored,L288=155.922/25.856 L521=120.727/76.422 L522=120.703/76.883 L525=10.773/0.748 L526=1.378/0.504 L527=16.000/0.000
w_2100s,305,2215,1,25,25,261,261,0,0,censored,censored,L25=111.278/15.556 L260=121.803/77.698 L261=19.995/14.038 L262=10.703/0.885 L263=1.358/0.483 L264=1.369/0.482
w_2100s,305,2215,2,288,288,522,522,0,0,censored,censored,L288=156.320/25.788 L521=121.248/77.215 L522=122.231/77.603 L525=10.745/0.737 L526=1.378/0.504 L527=16.000/0.000
w_2100s,306,2216,1,25,24,261,260,-1,-1,censored,censored,L24=112.509/15.794 L259=122.381/78.022 L260=18.731/13.087 L262=10.537/0.681 L263=1.389/0.494
w_2100s,306,2216,2,288,288,522,522,0,0,censored,censored,L288=155.109/24.682 L521=120.620/77.557 L522=119.750/78.263 L525=10.817/0.711 L526=1.380/0.504 L527=16.000/0.000
w_2100s,307,2217,1,24,25,260,261,1,1,censored,censored,L25=110.325/16.876 L260=121.280/78.196 L261=18.330/12.723 L262=10.359/0.762 L263=1.392/0.491 L264=1.381/0.486
w_2100s,307,2217,2,288,288,522,522,0,0,censored,censored,L288=153.492/25.600 L521=121.094/77.750 L522=121.058/78.642 L525=10.783/0.730 L526=1.389/0.506 L527=16.000/0.000
w_2100s,308,2218,1,25,25,261,261,0,0,censored,censored,L25=110.338/16.848 L260=121.814/78.461 L261=19.247/13.532 L262=10.378/0.854 L263=1.378/0.494 L264=1.366/0.482
w_2100s,308,2218,2,288,288,522,522,0,0,censored,censored,L288=151.756/26.542 L521=121.452/77.899 L522=122.022/78.488 L525=10.802/0.746 L526=1.378/0.504 L527=16.000/0.000
w_2100s,309,2219,1,25,25,261,261,0,0,censored,censored,L25=113.555/16.477 L260=120.380/78.828 L261=17.902/11.745 L262=10.645/0.877 L263=1.383/0.496 L264=1.366/0.482
w_2100s,309,2219,2,288,288,522,522,0,0,censored,censored,L288=155.170/25.555 L521=120.412/78.570 L522=121.319/79.618 L525=10.592/0.699 L526=1.378/0.494 L527=16.000/0.000
w_2100s,310,2220,1,25,25,261,261,0,0,censored,censored,L25=114.509/13.459 L260=121.609/80.060 L261=18.872/12.968 L262=11.036/0.879 L263=1.384/0.496 L264=1.359/0.480
w_2100s,310,2220,2,288,288,522,522,0,0,censored,censored,L288=158.139/22.711 L521=121.923/80.077 L522=122.130/80.361 L525=10.947/0.748 L526=1.377/0.494 L527=16.000/0.000
w_2100s,311,2221,1,25,25,261,261,0,0,censored,censored,L25=116.750/13.822 L260=122.361/80.734 L261=18.488/11.758 L262=11.484/0.967 L263=1.372/0.487 L264=1.372/0.483
w_2100s,311,2221,2,288,288,522,522,0,0,censored,censored,L288=159.436/21.547 L521=121.044/79.787 L522=124.820/80.049 L525=10.870/0.756 L526=1.367/0.501 L527=16.000/0.000
w_2100s,312,2222,1,25,24,261,260,-1,-1,censored,censored,L24=115.270/13.535 L259=122.517/81.037 L260=19.148/12.267 L262=10.875/0.716 L263=1.369/0.486
w_2100s,312,2222,2,288,288,522,523,0,1,censored,censored,L288=160.383/22.355 L522=120.767/80.552 L523=11.455/0.956 L525=11.169/0.794 L526=1.386/0.506 L527=16.000/0.000
w_2100s,313,2223,1,24,24,260,260,0,0,censored,censored,L24=114.542/16.705 L259=121.444/80.993 L260=18.223/11.182 L262=10.973/0.742 L263=1.383/0.489
w_2100s,313,2223,2,288,288,523,523,0,0,censored,censored,L288=156.917/23.669 L522=120.341/80.728 L523=11.303/0.872 L525=11.031/0.768 L526=1.377/0.494 L527=16.000/0.000
w_2100s,314,2224,1,24,24,260,260,0,0,censored,censored,L24=114.864/15.225 L259=122.333/81.043 L260=18.384/11.047 L262=11.011/0.723 L263=1.375/0.487
w_2100s,314,2224,2,288,288,523,522,0,-1,censored,censored,L288=157.139/24.088 L521=121.098/80.486 L522=121.725/80.426 L525=10.972/0.800 L526=1.373/0.515 L527=16.000/0.000
w_2100s,315,2225,1,24,25,260,261,1,1,censored,censored,L25=113.609/15.897 L260=123.233/81.304 L261=18.800/12.229 L262=11.369/1.013 L263=1.381/0.486 L264=1.386/0.487
w_2100s,315,2225,2,288,288,522,522,0,0,censored,censored,L288=156.359/23.284 L521=121.742/80.562 L522=122.186/80.725 L525=11.127/0.734 L526=1.373/0.493 L527=16.000/0.000
w_2100s,316,2226,1,25,25,261,261,0,0,censored,censored,L25=115.928/14.992 L260=121.817/81.436 L261=18.103/12.409 L262=11.569/0.974 L263=1.394/0.501 L264=1.364/0.481
w_2100s,316,2226,2,288,288,522,523,0,1,censored,censored,L288=162.327/24.554 L522=120.678/80.965 L523=11.691/0.990 L525=10.986/0.759 L526=1.363/0.512 L527=16.000/0.000
w_2100s,317,2227,1,25,25,261,261,0,0,censored,censored,L25=116.219/14.546 L260=122.161/81.406 L261=18.450/11.761 L262=11.741/0.959 L263=1.391/0.494 L264=1.381/0.486
w_2100s,317,2227,2,288,288,523,523,0,0,censored,censored,L288=160.456/24.090 L522=122.614/81.195 L523=12.002/1.041 L525=10.891/0.744 L526=1.391/0.507 L527=16.000/0.000
w_2100s,318,2228,1,25,25,261,261,0,0,censored,censored,L25=116.275/14.966 L260=122.300/81.089 L261=18.353/12.016 L262=11.223/0.991 L263=1.395/0.498 L264=1.378/0.485
w_2100s,318,2228,2,288,288,523,523,0,0,censored,censored,L288=160.619/21.300 L522=122.209/81.046 L523=11.605/0.909 L525=11.041/0.728 L526=1.380/0.495 L527=16.000/0.000
w_2100s,319,2229,1,25,24,261,260,-1,-1,censored,censored,L24=116.716/15.254 L259=124.316/81.395 L260=18.889/11.829 L262=10.869/0.734 L263=1.372/0.490
w_2100s,319,2229,2,288,288,523,523,0,0,censored,censored,L288=161.727/20.455 L522=123.317/80.932 L523=11.741/0.956 L525=10.778/0.759 L526=1.384/0.496 L527=16.000/0.000
w_2100s,320,2230,1,24,24,260,260,0,0,censored,censored,L24=117.898/15.373 L259=124.041/79.874 L260=19.377/12.508 L262=11.050/0.740 L263=1.356/0.485
w_2100s,320,2230,2,288,288,523,523,0,0,censored,censored,L288=162.653/21.414 L522=125.000/80.098 L523=12.089/1.032 L525=11.205/0.740 L526=1.386/0.506 L527=16.000/0.000
w_2100s,321,2231,1,24,24,260,260,0,0,censored,censored,L24=119.005/15.023 L259=122.698/78.502 L260=20.216/15.904 L262=10.642/0.721 L263=1.389/0.500
w_2100s,321,2231,2,288,288,523,523,0,0,censored,censored,L288=160.175/21.433 L522=123.831/79.169 L523=10.722/0.941 L525=10.755/0.738 L526=1.397/0.520 L527=16.000/0.000
w_2100s,322,2232,1,24,24,260,260,0,0,censored,censored,L24=117.570/15.704 L259=124.267/79.188 L260=19.292/13.665 L262=10.631/0.765 L263=1.375/0.487
w_2100s,322,2232,2,288,288,523,523,0,0,censored,censored,L288=163.242/21.776 L522=123.427/79.175 L523=11.484/0.973 L525=10.775/0.728 L526=1.389/0.497 L527=16.000/0.000
w_2100s,323,2233,1,24,24,260,260,0,0,censored,censored,L24=117.531/15.405 L259=124.139/79.249 L260=19.909/13.566 L262=10.961/0.748 L263=1.391/0.497
w_2100s,323,2233,2,288,288,523,523,0,0,censored,censored,L288=160.150/21.850 L522=125.027/79.878 L523=11.683/0.868 L525=11.134/0.681 L526=1.386/0.518 L527=16.000/0.000
w_2100s,324,2234,1,24,24,260,260,0,0,censored,censored,L24=118.006/15.319 L259=124.255/79.871 L260=19.150/13.205 L262=10.691/0.740 L263=1.383/0.492
w_2100s,324,2234,2,288,288,523,523,0,0,censored,censored,L288=163.852/22.418 L522=123.397/79.589 L523=11.520/0.868 L525=10.861/0.759 L526=1.369/0.502 L527=16.000/0.000
w_2100s,325,2235,1,24,25,260,261,1,1,censored,censored,L25=118.847/14.399 L260=123.519/80.157 L261=19.027/13.063 L262=11.177/0.914 L263=1.387/0.494 L264=1.400/0.490
w_2100s,325,2235,2,288,288,523,523,0,0,censored,censored,L288=160.266/22.414 L522=123.139/80.370 L523=11.475/0.851 L525=10.761/0.705 L526=1.369/0.514 L527=16.000/0.000
w_2100s,326,2236,1,25,25,261,261,0,0,censored,censored,L25=118.552/14.258 L260=123.695/80.497 L261=19.208/12.647 L262=11.134/0.952 L263=1.380/0.501 L264=1.366/0.482
w_2100s,326,2236,2,288,288,523,523,0,0,censored,censored,L288=165.689/22.775 L522=122.552/79.895 L523=11.653/0.867 L525=10.939/0.723 L526=1.391/0.507 L527=16.000/0.000
w_2100s,327,2237,1,25,24,261,260,-1,-1,censored,censored,L24=119.283/13.573 L259=123.373/81.076 L260=18.828/12.748 L262=10.998/0.723 L263=1.373/0.487
w_2100s,327,2237,2,288,288,523,522,0,-1,censored,censored,L288=163.772/23.349 L521=122.866/80.383 L522=122.616/80.474 L525=10.789/0.746 L526=1.397/0.499 L527=16.000/0.000
w_2100s,328,2238,1,24,25,260,261,1,1,censored,censored,L25=118.994/16.609 L260=123.702/80.707 L261=19.278/13.201 L262=11.622/0.897 L263=1.403/0.494 L264=1.369/0.482
w_2100s,328,2238,2,288,288,522,522,0,0,censored,censored,L288=165.150/25.395 L521=121.370/79.845 L522=121.220/80.550 L525=10.934/0.684 L526=1.352/0.497 L527=16.000/0.000
w_2100s,329,2239,1,25,24,261,260,-1,-1,censored,censored,L24=113.188/14.050 L259=119.975/79.734 L260=17.486/11.187 L262=10.842/0.724 L263=1.383/0.492
w_2100s,329,2239,2,288,288,522,522,0,0,censored,censored,L288=151.994/23.763 L521=120.872/80.123 L522=121.706/80.323 L525=10.944/0.746 L526=1.384/0.505 L527=16.000/0.000
w_2100s,330,2240,1,24,25,260,261,1,1,censored,censored,L25=113.603/14.377 L260=119.672/79.879 L261=17.152/11.440 L262=10.512/0.896 L263=1.398/0.490 L264=1.375/0.484
w_2100s,330,2240,2,288,288,522,522,0,0,censored,censored,L288=154.992/23.766 L521=120.541/79.905 L522=121.188/80.103 L525=10.925/0.740 L526=1.372/0.502 L527=16.000/0.000
w_2100s,331,2241,1,25,25,261,261,0,0,censored,censored,L25=108.795/17.321 L260=120.100/79.740 L261=17.317/10.342 L262=11.319/0.824 L263=1.369/0.486 L264=1.363/0.481
w_2100s,331,2241,2,288,288,522,522,0,0,censored,censored,L288=151.016/25.896 L521=120.777/79.805 L522=121.958/80.014 L525=11.083/0.699 L526=1.381/0.505 L527=16.000/0.000
w_2100s,332,2242,1,25,25,261,261,0,0,censored,censored,L25=114.639/16.357 L260=120.816/80.084 L261=17.991/11.270 L262=11.191/0.859 L263=1.386/0.496 L264=1.380/0.485
w_2100s,332,2242,2,288,288,522,522,0,0,censored,censored,L288=155.037/26.339 L521=119.380/79.795 L522=119.994/79.631 L525=10.808/0.722 L526=1.400/0.509 L527=16.000/0.000
w_2100s,333,2243,1,25,24,261,260,-1,-1,censored,censored,L24=118.055/15.707 L259=121.409/79.706 L260=17.163/9.251 L262=10.894/0.730 L263=1.370/0.496
w_2100s,333,2243,2,288,288,522,522,0,0,censored,censored,L288=159.939/23.882 L521=119.527/79.720 L522=120.647/79.975 L525=11.002/0.715 L526=1.387/0.497 L527=16.000/0.000
w_2100s,334,2244,1,24,24,260,260,0,0,censored,censored,L24=118.839/13.891 L259=121.394/80.960 L260=17.839/10.766 L262=10.961/0.694 L263=1.387/0.490
w_2100s,334,2244,2,288,288,522,522,0,0,censored,censored,L288=164.208/25.704 L521=120.028/80.338 L522=121.436/80.659 L525=10.914/0.763 L526=1.369/0.502 L527=16.000/0.000
w_2100s,335,2245,1,24,25,260,261,1,1,censored,censored,L25=118.897/13.801 L260=121.016/80.791 L261=16.822/9.298 L262=10.948/0.911 L263=1.372/0.490 L264=1.381/0.486
w_2100s,335,2245,2,288,288,522,522,0,0,censored,censored,L288=164.684/24.898 L521=120.139/81.017 L522=121.658/81.215 L525=10.756/0.731 L526=1.375/0.515 L527=16.000/0.000
w_2100s,336,2246,1,25,25,261,261,0,0,censored,censored,L25=119.781/13.474 L260=120.744/81.092 L261=16.680/8.634 L262=11.280/0.863 L263=1.372/0.493 L264=1.363/0.481
w_2100s,336,2246,2,288,288,522,523,0,1,censored,censored,L288=165.492/24.400 L522=120.912/80.941 L523=11.348/0.853 L525=10.812/0.770 L526=1.373/0.493 L527=16.000/0.000
w_2100s,337,2247,1,25,25,261,261,0,0,censored,censored,L25=120.042/13.260 L260=119.548/81.087 L261=18.197/11.915 L262=10.992/0.930 L263=1.378/0.488 L264=1.380/0.485
w_2100s,337,2247,2,288,288,523,523,0,0,censored,censored,L288=164.536/24.559 L522=120.272/81.268 L523=10.417/0.928 L525=10.689/0.780 L526=1.392/0.519 L527=16.000/0.000
w_2100s,338,2248,1,25,24,261,260,-1,-1,censored,censored,L24=118.884/14.038 L259=120.184/81.654 L260=17.059/9.226 L262=10.770/0.772 L263=1.392/0.498
w_2100s,338,2248,2,288,288,523,522,0,-1,censored,censored,L288=165.733/24.627 L521=120.027/80.929 L522=121.247/81.537 L525=10.880/0.720 L526=1.389/0.506 L527=16.000/0.000
w_2100s,339,2249,1,24,25,260,261,1,1,censored,censored,L25=119.433/14.548 L260=119.672/81.156 L261=17.331/10.175 L262=11.098/0.863 L263=1.369/0.486 L264=1.377/0.485
w_2100s,339,2249,2,288,288,522,523,0,1,censored,censored,L288=163.095/24.715 L522=119.819/81.945 L523=10.836/0.910 L525=10.702/0.735 L526=1.386/0.506 L527=16.000/0.000
w_2100s,340,2250,1,25,24,261,260,-1,-1,censored,censored,L24=120.125/14.287 L259=120.164/81.709 L260=18.077/11.296 L262=10.922/0.718 L263=1.372/0.493
w_2100s,340,2250,2,288,288,523,522,0,-1,censored,censored,L288=164.033/23.407 L521=120.097/81.508 L522=120.641/81.783 L525=10.795/0.723 L526=1.383/0.496 L527=16.000/0.000
w_2100s,341,2251,1,24,25,260,261,1,1,censored,censored,L25=120.302/13.520 L260=120.430/81.641 L261=16.953/8.887 L262=11.338/0.872 L263=1.363/0.484 L264=1.370/0.483
w_2100s,341,2251,2,288,288,522,523,0,1,censored,censored,L288=164.559/23.827 L522=119.791/81.623 L523=11.120/0.918 L525=10.662/0.711 L526=1.386/0.518 L527=16.000/0.000
w_2100s,342,2252,1,25,25,261,261,0,0,censored,censored,L25=121.839/13.383 L260=119.892/81.828 L261=17.950/11.140 L262=11.009/0.868 L263=1.373/0.490 L264=1.397/0.489
w_2100s,342,2252,2,288,288,523,523,0,0,censored,censored,L288=163.662/23.440 L522=120.400/81.498 L523=11.059/0.819 L525=10.717/0.691 L526=1.383/0.505 L527=16.000/0.000
w_2100s,343,2253,1,25,25,261,261,0,0,censored,censored,L25=119.192/14.676 L260=118.950/81.273 L261=18.045/11.315 L262=11.106/0.847 L263=1.397/0.492 L264=1.369/0.482
w_2100s,343,2253,2,288,288,523,523,0,0,censored,censored,L288=163.963/23.464 L522=119.050/81.594 L523=11.430/0.929 L525=10.892/0.704 L526=1.389/0.497 L527=16.000/0.000
w_2100s,344,2254,1,25,24,261,260,-1,-1,censored,censored,L24=120.902/12.336 L259=118.787/81.371 L260=17.192/8.785 L262=10.917/0.701 L263=1.377/0.485
w_2100s,344,2254,2,288,288,523,523,0,0,censored,censored,L288=164.709/22.692 L522=119.862/81.674 L523=11.517/0.906 L525=10.902/0.690 L526=1.398/0.508 L527=16.000/0.000
w_2100s,345,2255,1,24,24,260,260,0,0,censored,censored,L24=120.089/14.877 L259=118.741/81.105 L260=17.789/11.499 L262=10.586/0.653 L263=1.398/0.502
w_2100s,345,2255,2,288,288,523,523,0,0,censored,censored,L288=165.159/22.484 L522=118.559/80.834 L523=11.209/0.868 L525=10.863/0.722 L526=1.381/0.505 L527=16.000/0.000
w_2100s,346,2256,1,24,24,260,260,0,0,censored,censored,L24=120.409/13.452 L259=118.497/80.836 L260=17.728/11.254 L262=10.652/0.711 L263=1.381/0.492
w_2100s,346,2256,2,288,288,523,522,0,-1,censored,censored,L288=166.448/23.796 L521=118.580/80.010 L522=119.278/80.809 L525=10.745/0.693 L526=1.383/0.505 L527=16.000/0.000
w_2100s,347,2257,1,24,25,260,261,1,1,censored,censored,L25=120.027/13.484 L260=120.145/80.281 L261=18.387/11.850 L262=11.287/0.935 L263=1.361/0.487 L264=1.372/0.483
w_2100s,347,2257,2,288,288,522,523,0,1,censored,censored,L288=167.086/23.269 L522=118.864/80.298 L523=11.158/0.984 L525=10.706/0.704 L526=1.387/0.497 L527=16.000/0.000
w_2100s,348,2258,1,25,24,261,260,-1,-1,censored,censored,L24=119.141/14.657 L259=117.772/79.454 L260=17.959/11.547 L262=10.620/0.734 L263=1.375/0.491
w_2100s,348,2258,2,288,288,523,523,0,0,censored,censored,L288=164.834/22.127 L522=118.994/80.314 L523=10.989/0.919 L525=10.637/0.724 L526=1.370/0.502 L527=16.000/0.000
w_2100s,349,2259,1,24,25,260,261,1,1,censored,censored,L25=120.605/15.520 L260=119.244/79.721 L261=18.992/13.029 L262=11.328/0.895 L263=1.403/0.494 L264=1.359/0.480
w_2100s,349,2259,2,288,288,523,523,0,0,censored,censored,L288=165.966/21.921 L522=118.355/80.183 L523=11.358/0.933 L525=11.073/0.700 L526=1.380/0.531 L527=16.000/0.000
w_2100s,350,2260,1,25,25,261,261,0,0,censored,censored,L25=121.267/13.878 L260=119.489/79.713 L261=19.036/12.604 L262=11.194/0.873 L263=1.356/0.489 L264=1.359/0.480
w_2100s,350,2260,2,288,288,523,523,0,0,censored,censored,L288=167.627/22.199 L522=118.091/79.506 L523=11.442/0.848 L525=11.089/0.666 L526=1.387/0.518 L527=16.000/0.000
w_2100s,351,2261,1,25,24,261,260,-1,-1,censored,censored,L24=121.317/13.556 L259=119.416/80.010 L260=19.486/13.296 L262=10.848/0.773 L263=1.389/0.494
w_2100s,351,2261,2,288,288,523,523,0,0,censored,censored,L288=165.256/22.163 L522=118.080/79.416 L523=11.278/0.897 L525=11.003/0.748 L526=1.378/0.516 L527=16.000/0.000
w_2100s,352,2262,1,24,24,260,260,0,0,censored,censored,L24=120.341/13.775 L259=118.272/79.626 L260=18.913/11.498 L262=11.181/0.681 L263=1.398/0.511
w_2100s,352,2262,2,288,288,523,523,0,0,censored,censored,L288=166.216/22.107 L522=118.681/79.657 L523=11.405/0.944 L525=10.988/0.707 L526=1.375/0.494 L527=16.000/0.000
w_2100s,353,2263,1,24,25,260,261,1,1,censored,censored,L25=120.886/13.505 L260=119.555/79.510 L261=19.272/12.330 L262=11.542/0.890 L263=1.394/0.501 L264=1.384/0.486
w_2100s,353,2263,2,288,288,523,523,0,0,censored,censored,L288=165.794/21.609 L522=118.319/79.617 L523=11.909/0.907 L525=11.141/0.656 L526=1.370/0.514 L527=16.000/0.000
w_2100s,354,2264,1,25,24,261,260,-1,-1,censored,censored,L24=120.197/13.719 L259=118.330/79.595 L260=19.559/12.131 L262=11.086/0.718 L263=1.378/0.485
w_2100s,354,2264,2,288,288,523,523,0,0,censored,censored,L288=166.327/22.454 L522=118.733/79.615 L523=11.880/0.981 L525=10.945/0.697 L526=1.383/0.505 L527=16.000/0.000
w_2100s,355,2265,1,24,25,260,261,1,1,censored,censored,L25=120.508/13.104 L260=119.939/79.775 L261=19.383/12.435 L262=11.256/0.937 L263=1.370/0.496 L264=1.378/0.485
w_2100s,355,2265,2,288,288,523,523,0,0,censored,censored,L288=166.480/22.371 L522=118.994/78.986 L523=11.609/0.934 L525=10.919/0.711 L526=1.370/0.502 L527=16.000/0.000
w_2100s,356,2266,1,25,24,261,260,-1,-1,censored,censored,L24=120.444/12.808 L259=118.050/79.546 L260=19.589/12.606 L262=10.617/0.762 L263=1.389/0.494
w_2100s,356,2266,2,288,288,523,523,0,0,censored,censored,L288=164.883/22.568 L522=119.284/79.439 L523=11.681/0.871 L525=11.191/0.708 L526=1.380/0.504 L527=16.000/0.000
w_2100s,357,2267,1,24,24,260,260,0,0,censored,censored,L24=120.456/12.525 L259=117.898/79.886 L260=18.444/11.584 L262=11.011/0.719 L263=1.384/0.493
w_2100s,357,2267,2,288,288,523,523,0,0,censored,censored,L288=163.598/22.415 L522=117.333/79.455 L523=11.392/0.890 L525=10.963/0.688 L526=1.375/0.494 L527=16.000/0.000
w_2100s,358,2268,1,24,24,260,260,0,0,censored,censored,L24=119.905/13.224 L259=119.709/80.344 L260=18.708/11.728 L262=10.852/0.715 L263=1.384/0.493
w_2100s,358,2268,2,288,288,523,523,0,0,censored,censored,L288=166.613/23.546 L522=117.805/80.473 L523=11.483/0.808 L525=11.123/0.646 L526=1.387/0.497 L527=16.000/0.000
w_2100s,359,2269,1,24,25,260,261,1,1,censored,censored,L25=120.014/12.969 L260=118.795/80.301 L261=17.786/10.417 L262=10.725/0.915 L263=1.372/0.487 L264=1.384/0.486
w_2100s,359,2269,2,288,288,523,523,0,0,censored,censored,L288=164.730/22.860 L522=117.708/80.583 L523=11.422/0.922 L525=10.812/0.722 L526=1.387/0.518 L527=16.000/0.000
w_2100s,360,2270,1,25,24,261,260,-1,-1,censored,censored,L24=120.677/12.479 L259=117.316/80.600 L260=18.181/11.397 L262=10.936/0.725 L263=1.380/0.495
w_2100s,360,2270,2,288,288,523,523,0,0,censored,censored,L288=163.206/22.784 L522=118.653/80.976 L523=11.667/0.895 L525=11.202/0.715 L526=1.391/0.497 L527=16.000/0.000
w_2100s,361,2271,1,24,25,260,261,1,1,censored,censored,L25=120.752/12.707 L260=116.802/80.433 L261=17.483/9.643 L262=11.061/0.926 L263=1.384/0.490 L264=1.378/0.485
w_2100s,361,2271,2,288,288,523,523,0,0,censored,censored,L288=162.900/22.266 L522=118.094/80.805 L523=11.361/0.882 L525=10.883/0.696 L526=1.386/0.496 L527=16.000/0.000
w_2100s,362,2272,1,25,25,261,261,0,0,censored,censored,L25=120.005/12.730 L260=118.439/81.383 L261=17.825/10.706 L262=10.658/0.879 L263=1.384/0.493 L264=1.363/0.481
w_2100s,362,2272,2,288,288,523,522,0,-1,censored,censored,L288=166.139/23.405 L521=118.072/80.905 L522=118.816/81.675 L525=10.689/0.704 L526=1.403/0.509 L527=16.000/0.000
w_2100s,363,2273,1,25,25,261,261,0,0,censored,censored,L25=120.745/13.500 L260=118.100/81.676 L261=17.161/9.137 L262=11.353/0.912 L263=1.383/0.492 L264=1.383/0.486
w_2100s,363,2273,2,288,288,522,523,0,1,censored,censored,L288=163.453/22.323 L522=118.319/81.240 L523=12.159/1.006 L525=10.984/0.796 L526=1.359/0.489 L527=16.000/0.000
w_2100s,364,2274,1,25,24,261,260,-1,-1,censored,censored,L24=120.830/13.529 L259=118.192/81.726 L260=16.881/9.183 L262=10.964/0.744 L263=1.381/0.486
w_2100s,364,2274,2,288,288,523,522,0,-1,censored,censored,L288=166.997/25.377 L521=117.133/81.328 L522=118.175/81.910 L525=11.047/0.751 L526=1.366/0.491 L527=16.000/0.000
w_2100s,365,2275,1,24,25,260,261,1,1,censored,censored,L25=120.644/12.686 L260=118.477/82.534 L261=16.247/8.577 L262=10.662/0.858 L263=1.363/0.487 L264=1.377/0.485
w_2100s,365,2275,2,288,288,522,522,0,0,censored,censored,L288=166.544/26.130 L521=117.463/81.712 L522=117.084/82.278 L525=10.958/0.760 L526=1.395/0.520 L527=16.000/0.000
w_2100s,366,2276,1,25,25,261,261,0,0,censored,censored,L25=120.094/12.506 L260=118.414/83.372 L261=16.444/8.367 L262=10.753/0.890 L263=1.381/0.492 L264=1.378/0.485
w_2100s,366,2276,2,288,288,522,523,0,1,censored,censored,L288=166.931/25.169 L522=115.761/82.408 L523=11.634/0.843 L525=11.009/0.739 L526=1.381/0.505 L527=16.000/0.000
w_2100s,367,2277,1,25,24,261,260,-1,-1,censored,censored,L24=118.802/12.779 L259=116.736/83.120 L260=16.650/9.558 L262=10.823/0.788 L263=1.375/0.497
w_2100s,367,2277,2,288,288,523,523,0,0,censored,censored,L288=166.945/24.409 L522=116.480/82.294 L523=11.344/0.947 L525=10.998/0.702 L526=1.406/0.510 L527=16.000/0.000
w_2100s,368,2278,1,24,24,260,260,0,0,censored,censored,L24=119.497/13.081 L259=117.634/83.264 L260=16.552/8.914 L262=10.762/0.731 L263=1.373/0.493
w_2100s,368,2278,2,288,288,523,523,0,0,censored,censored,L288=166.959/24.526 L522=117.081/83.415 L523=11.297/0.935 L525=10.998/0.704 L526=1.406/0.501 L527=16.000/0.000
w_2100s,369,2279,1,24,24,260,260,0,0,censored,censored,L24=121.427/13.133 L259=117.023/82.761 L260=16.536/8.296 L262=10.861/0.765 L263=1.389/0.491
w_2100s,369,2279,2,288,288,523,523,0,0,censored,censored,L288=166.083/23.428 L522=115.869/82.627 L523=11.058/0.832 L525=10.986/0.730 L526=1.373/0.503 L527=16.000/0.000
w_2100s,370,2280,1,24,24,260,260,0,0,censored,censored,L24=120.625/13.102 L259=116.436/82.797 L260=16.873/8.286 L262=10.745/0.756 L263=1.372/0.493
w_2100s,370,2280,2,288,288,523,522,0,-1,censored,censored,L288=165.331/23.636 L521=117.053/82.063 L522=117.517/82.643 L525=10.966/0.722 L526=1.373/0.493 L527=16.000/0.000
w_2100s,371,2281,1,24,24,260,260,0,0,censored,censored,L24=120.941/13.787 L259=116.670/82.031 L260=17.514/9.147 L262=10.970/0.787 L263=1.408/0.498
w_2100s,371,2281,2,288,288,522,523,0,1,censored,censored,L288=163.992/22.755 L522=115.317/81.959 L523=11.080/0.911 L525=10.828/0.751 L526=1.381/0.505 L527=16.000/0.000
w_2100s,372,2282,1,24,24,260,260,0,0,censored,censored,L24=118.736/12.903 L259=116.756/81.640 L260=17.619/9.580 L262=10.856/0.763 L263=1.372/0.499
w_2100s,372,2282,2,288,288,523,523,0,0,censored,censored,L288=165.903/22.929 L522=116.052/81.829 L523=11.336/0.918 L525=11.139/0.665 L526=1.364/0.491 L527=16.000/0.000
w_2100s,373,2283,1,24,25,260,261,1,1,censored,censored,L25=121.350/13.418 L260=116.713/81.730 L261=17.486/10.731 L262=11.097/0.882 L263=1.375/0.494 L264=1.384/0.486
w_2100s,373,2283,2,288,288,523,522,0,-1,censored,censored,L288=167.392/22.924 L521=115.731/81.295 L522=115.877/81.719 L525=10.766/0.730 L526=1.387/0.506 L527=16.000/0.000
w_2100s,374,2284,1,25,25,261,261,0,0,censored,censored,L25=121.100/13.351 L260=116.622/81.714 L261=18.217/11.254 L262=11.570/0.971 L263=1.395/0.498 L264=1.375/0.484
w_2100s,374,2284,2,288,288,522,522,0,0,censored,censored,L288=170.023/23.224 L521=115.805/81.484 L522=116.694/81.546 L525=10.919/0.720 L526=1.386/0.506 L527=16.000/0.000
w_2100s,375,2285,1,25,25,261,261,0,0,censored,censored,L25=120.708/12.669 L260=115.336/81.878 L261=17.548/11.199 L262=11.503/0.957 L263=1.386/0.493 L264=1.377/0.485
w_2100s,375,2285,2,288,288,522,522,0,0,censored,censored,L288=165.969/22.898 L521=114.856/81.426 L522=114.828/81.335 L525=11.020/0.715 L526=1.383/0.517 L527=16.000/0.000
w_2100s,376,2286,1,25,25,261,261,0,0,censored,censored,L25=120.050/13.597 L260=116.036/81.966 L261=18.248/11.216 L262=11.762/0.995 L263=1.375/0.497 L264=1.384/0.486
w_2100s,376,2286,2,288,288,522,523,0,1,censored,censored,L288=167.502/22.677 L522=115.389/81.716 L523=11.783/0.961 L525=10.866/0.712 L526=1.373/0.503 L527=16.000/0.000
w_2100s,377,2287,1,25,25,261,261,0,0,censored,censored,L25=121.000/13.710 L260=116.867/82.271 L261=17.964/10.346 L262=11.559/1.034 L263=1.386/0.499 L264=1.363/0.481
w_2100s,377,2287,2,288,288,523,523,0,0,censored,censored,L288=166.387/23.104 L522=114.408/81.646 L523=11.442/0.942 L525=11.242/0.754 L526=1.384/0.518 L527=16.000/0.000
w_2100s,378,2288,1,25,24,261,260,-1,-1,censored,censored,L24=119.675/14.079 L259=116.759/82.714 L260=17.191/9.470 L262=10.733/0.728 L263=1.367/0.485
w_2100s,378,2288,2,288,288,523,522,0,-1,censored,censored,L288=167.066/22.629 L521=114.903/81.575 L522=118.756/82.517 L525=11.084/0.730 L526=1.386/0.506 L527=16.000/0.000
w_2100s,379,2289,1,24,24,260,260,0,0,censored,censored,L24=118.608/14.436 L259=115.802/82.537 L260=17.473/9.428 L262=10.911/0.716 L263=1.384/0.493
w_2100s,379,2289,2,288,288,522,522,0,0,censored,censored,L288=165.002/23.918 L521=115.095/82.223 L522=115.764/82.862 L525=11.100/0.747 L526=1.369/0.514 L527=16.000/0.000
w_2100s,380,2290,1,24,25,260,261,1,1,censored,censored,L25=120.155/15.242 L260=116.180/83.464 L261=17.733/9.710 L262=11.603/0.940 L263=1.403/0.503 L264=1.369/0.482
w_2100s,380,2290,2,288,288,522,523,0,1,censored,censored,L288=165.570/23.157 L522=114.250/82.603 L523=11.180/0.927 L525=10.963/0.743 L526=1.358/0.489 L527=16.000/0.000
w_2100s,381,2291,1,25,24,261,260,-1,-1,censored,censored,L24=118.902/14.987 L259=114.812/83.154 L260=17.177/9.994 L262=10.844/0.755 L263=1.372/0.496
w_2100s,381,2291,2,288,288,523,522,0,-1,censored,censored,L288=164.003/23.172 L521=113.867/82.781 L522=115.059/82.594 L525=10.938/0.711 L526=1.384/0.505 L527=16.000/0.000
w_2100s,382,2292,1,24,25,260,261,1,1,censored,censored,L25=119.403/15.179 L260=115.987/83.058 L261=17.350/9.845 L262=11.434/0.931 L263=1.372/0.496 L264=1.380/0.485
w_2100s,382,2292,2,288,288,522,522,0,0,censored,censored,L288=164.506/23.224 L521=113.861/82.629 L522=114.142/82.536 L525=10.986/0.701 L526=1.380/0.504 L527=16.000/0.000
w_2100s,383,2293,1,25,25,261,261,0,0,censored,censored,L25=120.325/15.531 L260=114.827/82.649 L261=17.241/9.897 L262=11.445/1.017 L263=1.369/0.486 L264=1.380/0.485
w_2100s,383,2293,2,288,288,522,522,0,0,censored,censored,L288=163.041/22.528 L521=114.952/82.837 L522=115.770/82.949 L525=10.855/0.726 L526=1.380/0.517 L527=16.000/0.000
w_2100s,384,2294,1,25,24,261,260,-1,-1,censored,censored,L24=119.341/14.914 L259=116.600/83.254 L260=17.098/9.516 L262=10.795/0.720 L263=1.391/0.497
w_2100s,384,2294,2,288,288,522,522,0,0,censored,censored,L288=165.255/23.093 L521=114.881/82.680 L522=115.708/83.150 L525=11.094/0.748 L526=1.397/0.520 L527=16.000/0.000
w_2100s,385,2295,1,24,25,260,261,1,1,censored,censored,L25=120.463/14.466 L260=115.016/82.772 L261=16.942/9.398 L262=11.308/0.900 L263=1.367/0.485 L264=1.381/0.486
w_2100s,385,2295,2,288,288,522,523,0,1,censored,censored,L288=162.134/22.189 L522=114.370/82.656 L523=11.142/0.871 L525=11.012/0.720 L526=1.369/0.529 L527=16.000/0.000
w_2100s,386,2296,1,25,24,261,260,-1,-1,censored,censored,L24=119.880/15.136 L259=116.217/83.465 L260=17.459/9.559 L262=10.963/0.734 L263=1.397/0.496
w_2100s,386,2296,2,288,288,523,522,0,-1,censored,censored,L288=164.478/23.436 L521=115.081/82.764 L522=115.619/82.969 L525=10.886/0.732 L526=1.381/0.505 L527=16.000/0.000
w_2100s,387,2297,1,24,25,260,261,1,1,censored,censored,L25=118.928/14.667 L260=116.452/83.348 L261=17.233/9.121 L262=11.137/0.945 L263=1.391/0.494 L264=1.380/0.485
w_2100s,387,2297,2,288,288,522,523,0,1,censored,censored,L288=164.178/23.375 L522=115.339/82.813 L523=11.080/0.907 L525=10.795/0.707 L526=1.394/0.534 L527=16.000/0.000
w_2100s,388,2298,1,25,24,261,260,-1,-1,censored,censored,L24=118.692/15.069 L259=116.098/83.112 L260=17.611/9.353 L262=11.119/0.776 L263=1.383/0.489
w_2100s,388,2298,2,288,288,523,523,0,0,censored,censored,L288=163.952/23.100 L522=116.275/83.005 L523=11.153/0.878 L525=10.872/0.704 L526=1.372/0.493 L527=16.000/0.000
w_2100s,389,2299,1,24,24,260,260,0,0,censored,censored,L24=119.283/15.274 L259=114.470/82.699 L260=16.702/9.092 L262=10.934/0.722 L263=1.380/0.498
w_2100s,389,2299,2,288,288,523,523,0,0,censored,censored,L288=162.803/23.357 L522=114.709/82.460 L523=11.217/0.858 L525=10.903/0.696 L526=1.378/0.531 L527=16.000/0.000
w_2100s,390,2300,1,24,24,260,260,0,0,censored,censored,L24=118.609/14.940 L259=115.425/83.035 L260=17.047/8.918 L262=10.873/0.749 L263=1.391/0.491
w_2100s,390,2300,2,288,288,523,523,0,0,censored,censored,L288=164.317/23.024 L522=115.305/82.632 L523=11.592/0.949 L525=10.967/0.723 L526=1.381/0.505 L527=16.000/0.000
w_2100s,391,2301,1,24,25,260,261,1,1,censored,censored,L25=118.472/14.707 L260=116.319/83.365 L261=16.894/9.319 L262=10.956/0.929 L263=1.392/0.498 L264=1.361/0.480
w_2100s,391,2301,2,288,288,523,523,0,0,censored,censored,L288=163.377/23.373 L522=114.017/82.435 L523=11.508/0.908 L525=11.030/0.723 L526=1.358/0.499 L527=16.000/0.000
w_2100s,392,2302,1,25,24,261,260,-1,-1,censored,censored,L24=118.923/17.496 L259=116.662/82.651 L260=17.363/9.345 L262=10.652/0.749 L263=1.384/0.490
w_2100s,392,2302,2,288,288,523,523,0,0,censored,censored,L288=165.239/25.786 L522=116.384/82.455 L523=11.173/0.882 L525=10.595/0.669 L526=1.370/0.502 L527=16.000/0.000
w_2100s,393,2303,1,24,25,260,260,1,0,censored,censored,L25=73.556/78.568 L259=32.611/6.600 L260=21.731/11.194 L262=12.041/0.793 L263=1.395/0.505 L264=1.370/0.483
w_2100s,393,2303,2,288,288,523,523,0,0,censored,censored,L288=85.328/83.586 L522=30.603/6.391 L523=12.916/0.885 L525=12.164/0.790 L526=1.369/0.502 L527=16.000/0.000
w_2100s,394,2304,1,25,26,260,261,1,1,censored,censored,L26=85.312/86.377 L260=31.009/4.834 L261=20.205/9.930 L262=12.923/0.956 L263=1.391/0.510 L265=16.000/0.000
w_2100s,394,2304,2,288,288,523,522,0,-1,censored,censored,L288=108.452/97.403 L521=30.506/3.945 L522=30.397/4.365 L525=12.191/0.755 L526=1.386/0.518 L527=16.000/0.000
w_2100s,395,2305,1,26,25,261,261,-1,0,censored,censored,L25=22.934/3.196 L260=34.019/5.413 L261=22.011/12.745 L262=11.628/0.904 L263=1.377/0.494 L264=1.353/0.478
w_2100s,395,2305,2,288,288,522,523,0,1,censored,censored,L288=30.717/6.876 L522=35.875/9.292 L523=11.345/0.767 L525=11.272/0.727 L526=1.380/0.517 L527=16.000/0.000
w_2100s,396,2306,1,25,25,261,260,0,-1,censored,censored,L25=34.967/11.988 L259=39.625/18.797 L260=25.419/19.417 L262=10.781/0.754 L263=1.409/0.517 L264=1.372/0.483
w_2100s,396,2306,2,288,288,523,523,0,0,censored,censored,L288=37.766/15.434 L522=32.394/8.891 L523=11.438/0.838 L525=11.222/0.832 L526=1.370/0.502 L527=16.000/0.000
w_2100s,397,2307,1,25,25,260,260,0,0,censored,censored,L25=38.973/15.671 L259=30.577/6.672 L260=19.864/11.357 L262=10.530/0.691 L263=1.398/0.502 L264=1.402/0.490
w_2100s,397,2307,2,288,288,523,522,0,-1,censored,censored,L288=30.533/8.453 L521=82.408/82.995 L522=82.534/82.997 L525=10.367/0.753 L526=1.394/0.507 L527=16.000/0.000
w_2100s,398,2308,1,25,24,260,260,-1,0,censored,censored,L24=19.881/2.818 L259=80.998/83.620 L260=31.977/51.538 L262=9.775/0.741 L263=1.381/0.489
w_2100s,398,2308,2,288,288,522,522,0,0,censored,censored,L288=27.597/5.620 L521=76.797/83.536 L522=77.984/84.698 L525=9.286/0.835 L526=1.389/0.506 L527=16.000/0.000
w_2100s,399,2309,1,24,24,260,260,0,0,censored,censored,L24=18.050/2.752 L259=74.178/85.284 L260=29.759/50.576 L262=9.827/0.760 L263=1.370/0.483
w_2100s,399,2309,2,288,288,522,522,0,0,censored,censored,L288=31.616/11.806 L521=71.080/86.369 L522=71.306/85.616 L525=9.872/0.778 L526=1.402/0.500 L527=16.000/0.000
w_2100s,400,2310,1,24,24,260,260,0,0,censored,censored,L24=20.106/2.637 L259=72.158/87.251 L260=29.625/51.069 L262=9.616/0.711 L263=1.377/0.485
w_2100s,400,2310,2,288,288,522,523,0,1,censored,censored,L288=27.936/4.998 L522=73.123/86.434 L523=10.661/0.897 L525=10.180/0.707 L526=1.375/0.503 L527=16.000/0.000
w_2100s,401,2311,1,24,24,260,260,0,0,censored,censored,L24=19.270/2.726 L259=81.309/82.953 L260=34.094/52.249 L262=9.911/0.735 L263=1.389/0.488
w_2100s,401,2311,2,288,288,523,522,0,-1,censored,censored,L288=32.405/10.246 L521=75.598/83.329 L522=75.823/83.128 L525=9.591/0.732 L526=1.391/0.497 L527=16.000/0.000
w_2100s,402,2312,1,24,25,260,260,1,0,censored,censored,L25=34.639/14.422 L259=74.039/86.729 L260=29.495/50.390 L262=9.803/0.722 L263=1.389/0.491 L264=1.387/0.487
w_2100s,402,2312,2,288,288,522,523,0,1,censored,censored,L288=33.753/11.782 L522=73.689/85.899 L523=10.627/0.782 L525=9.995/0.786 L526=1.367/0.501 L527=16.000/0.000
w_2100s,403,2313,1,25,25,260,261,0,1,censored,censored,L25=19.872/2.184 L260=27.161/4.868 L261=18.266/10.120 L262=10.428/0.769 L263=1.364/0.484 L264=1.377/0.485
w_2100s,403,2313,2,288,288,523,522,0,-1,censored,censored,L288=30.356/7.584 L521=89.847/91.515 L522=89.795/89.588 L525=10.359/0.728 L526=1.372/0.515 L527=16.000/0.000
w_2100s,404,2314,1,25,24,261,260,-1,-1,censored,censored,L24=21.591/2.604 L259=70.205/78.949 L260=25.423/39.781 L262=10.208/0.706 L263=1.389/0.500
w_2100s,404,2314,2,288,288,522,523,0,1,censored,censored,L288=32.523/9.899 L522=69.248/78.587 L523=10.711/0.808 L525=10.244/0.687 L526=1.372/0.502 L527=16.000/0.000
w_2100s,405,2315,1,24,26,260,261,2,1,censored,censored,L26=30.722/9.002 L260=63.245/74.531 L261=25.077/39.915 L262=10.395/0.815 L263=1.381/0.489 L265=16.000/0.000
w_2100s,405,2315,2,288,288,523,523,0,0,censored,censored,L288=34.234/15.252 L522=60.811/75.915 L523=10.600/0.829 L525=10.252/0.681 L526=1.375/0.503 L527=16.000/0.000
w_2100s,406,2316,1,26,25,261,261,-1,0,censored,censored,L25=19.666/2.519 L260=67.511/81.328 L261=24.316/39.715 L262=10.409/0.850 L263=1.384/0.490 L264=1.367/0.482
w_2100s,406,2316,2,288,288,523,523,0,0,censored,censored,L288=29.641/7.632 L522=27.336/7.046 L523=10.486/0.875 L525=9.798/0.768 L526=1.380/0.504 L527=16.000/0.000
w_2100s,407,2317,1,25,24,261,260,-1,-1,censored,censored,L24=19.928/3.022 L259=36.353/13.657 L260=23.111/17.488 L262=10.006/0.739 L263=1.392/0.498
w_2100s,407,2317,2,288,288,523,523,0,0,censored,censored,L288=32.917/9.802 L522=33.073/10.370 L523=11.045/0.819 L525=10.453/0.650 L526=1.392/0.507 L527=16.000/0.000
w_2100s,408,2318,1,24,25,260,260,1,0,censored,censored,L25=38.744/16.612 L259=28.252/4.939 L260=19.078/9.922 L262=10.495/0.664 L263=1.383/0.499 L264=1.358/0.479
w_2100s,408,2318,2,288,288,523,523,0,0,censored,censored,L288=34.170/11.206 L522=27.659/4.262 L523=10.884/0.813 L525=10.439/0.731 L526=1.394/0.520 L527=16.000/0.000
w_2100s,409,2319,1,25,25,260,261,0,1,censored,censored,L25=21.714/3.233 L260=32.098/11.878 L261=21.414/15.884 L262=10.387/0.802 L263=1.373/0.490 L264=1.375/0.484
w_2100s,409,2319,2,288,288,523,523,0,0,censored,censored,L288=33.142/9.572 L522=30.239/6.400 L523=10.614/0.762 L525=10.303/0.691 L526=1.375/0.515 L527=16.000/0.000
w_2100s,410,2320,1,25,25,261,261,0,0,censored,censored,L25=22.114/2.773 L260=29.458/4.250 L261=18.630/10.113 L262=10.558/0.800 L263=1.383/0.492 L264=1.369/0.482
w_2100s,410,2320,2,288,288,523,523,0,0,censored,censored,L288=32.397/7.791 L522=28.483/4.124 L523=10.623/0.756 L525=10.327/0.650 L526=1.386/0.496 L527=16.000/0.000
w_2100s,411,2321,1,25,24,261,260,-1,-1,censored,censored,L24=21.722/2.782 L259=28.347/4.677 L260=18.619/10.262 L262=10.119/0.782 L263=1.389/0.500
w_2100s,411,2321,2,288,288,523,523,0,0,censored,censored,L288=28.728/4.662 L522=31.938/9.242 L523=10.720/0.821 L525=10.436/0.724 L526=1.363/0.512 L527=16.000/0.000
w_2100s,412,2322,1,24,26,260,261,2,1,censored,censored,L26=35.927/10.829 L260=30.753/7.962 L261=19.425/11.674 L262=10.494/0.777 L263=1.392/0.495 L265=16.000/0.000
w_2100s,412,2322,2,288,288,523,523,0,0,censored,censored,L288=45.975/21.534 L522=28.534/4.499 L523=10.672/0.732 L525=10.420/0.666 L526=1.372/0.502 L527=16.000/0.000
w_2100s,413,2323,1,26,25,261,260,-1,-1,censored,censored,L25=36.717/12.172 L259=27.766/3.854 L260=18.809/9.466 L262=10.339/0.724 L263=1.397/0.496 L264=1.389/0.488
w_2100s,413,2323,2,288,288,523,523,0,0,censored,censored,L288=29.116/5.153 L522=28.042/4.075 L523=10.641/0.758 L525=10.277/0.752 L526=1.397/0.508 L527=16.000/0.000
w_2100s,414,2324,1,25,24,260,260,-1,0,censored,censored,L24=20.798/2.574 L259=31.056/10.934 L260=21.153/15.240 L262=10.253/0.726 L263=1.400/0.499
w_2100s,414,2324,2,288,288,523,523,0,0,censored,censored,L288=32.542/8.975 L522=31.483/8.722 L523=10.608/0.732 L525=10.577/0.752 L526=1.375/0.494 L527=16.000/0.000
w_2100s,415,2325,1,24,25,260,260,1,0,censored,censored,L25=34.092/12.586 L259=27.719/5.115 L260=18.650/9.762 L262=10.273/0.691 L263=1.391/0.491 L264=1.373/0.484
w_2100s,415,2325,2,288,288,523,523,0,0,censored,censored,L288=33.448/10.966 L522=26.039/4.041 L523=10.639/0.776 L525=10.567/0.706 L526=1.397/0.508 L527=16.000/0.000
w_2100s,416,2326,1,25,24,260,260,-1,0,censored,censored,L24=20.923/2.152 L259=27.298/4.289 L260=17.930/9.046 L262=10.398/0.627 L263=1.381/0.489
w_2100s,416,2326,2,288,288,523,523,0,0,censored,censored,L288=28.058/4.287 L522=29.511/9.208 L523=10.711/0.752 L525=10.527/0.796 L526=1.372/0.493 L527=16.000/0.000
w_2100s,417,2327,1,24,24,260,260,0,0,censored,censored,L24=21.172/2.627 L259=32.167/11.256 L260=21.581/14.586 L262=10.514/0.691 L263=1.363/0.487
w_2100s,417,2327,2,288,288,523,523,0,0,censored,censored,L288=36.752/14.080 L522=27.652/5.090 L523=11.291/0.768 L525=11.000/0.725 L526=1.386/0.533 L527=16.000/0.000
w_2100s,418,2328,1,24,25,260,260,1,0,censored,censored,L25=35.712/13.751 L259=27.711/4.721 L260=19.337/9.916 L262=10.853/0.735 L263=1.397/0.496 L264=1.381/0.486
w_2100s,418,2328,2,288,288,523,523,0,0,censored,censored,L288=29.003/5.712 L522=27.786/6.102 L523=11.755/0.922 L525=11.042/0.778 L526=1.358/0.511 L527=16.000/0.000
w_2100s,419,2329,1,25,24,260,260,-1,0,censored,censored,L24=20.717/2.650 L259=32.414/10.386 L260=21.216/14.162 L262=10.609/0.701 L263=1.367/0.488
w_2100s,419,2329,2,288,288,523,523,0,0,censored,censored,L288=35.491/12.579 L522=35.370/13.074 L523=11.272/0.858 L525=10.669/0.698 L526=1.381/0.495 L527=16.000/0.000
w_2100s,420,2330,1,24,25,260,260,1,0,censored,censored,L25=32.086/9.741 L259=30.967/7.779 L260=20.139/11.035 L262=10.883/0.698 L263=1.370/0.492 L264=1.380/0.485
w_2100s,420,2330,2,288,288,523,523,0,0,censored,censored,L288=32.394/10.733 L522=27.005/4.688 L523=11.497/0.756 L525=10.995/0.719 L526=1.386/0.506 L527=16.000/0.000
w_2100s,421,2331,1,25,24,260,260,-1,0,censored,censored,L24=20.759/2.555 L259=26.938/3.983 L260=18.589/8.844 L262=11.039/0.703 L263=1.392/0.498
w_2100s,421,2331,2,288,288,523,523,0,0,censored,censored,L288=29.038/4.815 L522=31.113/9.361 L523=11.583/0.689 L525=11.292/0.694 L526=1.383/0.505 L527=16.000/0.000
w_2100s,422,2332,1,24,24,260,260,0,0,censored,censored,L24=20.469/2.459 L259=37.794/14.333 L260=23.714/17.508 L262=10.930/0.750 L263=1.397/0.496
w_2100s,422,2332,2,288,288,523,523,0,0,censored,censored,L288=34.567/12.504 L522=31.880/8.495 L523=11.641/0.772 L525=11.208/0.737 L526=1.364/0.500 L527=16.000/0.000
w_2100s,423,2333,1,24,25,260,260,1,0,censored,censored,L25=36.516/14.067 L259=28.377/4.756 L260=19.373/9.705 L262=11.023/0.761 L263=1.389/0.509 L264=1.387/0.487
w_2100s,423,2333,2,288,288,523,523,0,0,censored,censored,L288=28.620/7.251 L522=26.894/3.894 L523=11.739/0.844 L525=11.453/0.789 L526=1.378/0.504 L527=16.000/0.000
w_2100s,424,2334,1,25,24,260,260,-1,0,censored,censored,L24=21.633/3.010 L259=29.733/5.785 L260=19.877/10.845 L262=11.170/0.779 L263=1.375/0.494
w_2100s,424,2334,2,288,288,523,522,0,-1,censored,censored,L288=26.652/4.363 L521=31.491/9.513 L522=33.086/10.537 L525=11.544/0.692 L526=1.411/0.523 L527=16.000/0.000
w_2100s,425,2335,1,24,26,260,261,2,1,censored,censored,L26=32.811/9.383 L260=28.427/6.407 L261=20.202/10.824 L262=11.458/0.803 L263=1.375/0.509 L265=16.000/0.000
w_2100s,425,2335,2,288,288,522,523,0,1,censored,censored,L288=32.000/11.335 L522=28.295/5.975 L523=12.281/0.830 L525=11.812/0.762 L526=1.366/0.513 L527=16.000/0.000
w_2100s,426,2336,1,26,25,261,260,-1,-1,censored,censored,L25=31.672/9.262 L259=28.141/4.294 L260=18.583/8.602 L262=11.453/0.773 L263=1.381/0.498 L264=1.359/0.480
w_2100s,426,2336,2,288,288,523,523,0,0,censored,censored,L288=29.316/6.398 L522=27.688/4.560 L523=12.292/0.805 L525=12.114/0.742 L526=1.369/0.529 L527=16.000/0.000
w_2100s,427,2337,1,25,24,260,260,-1,0,censored,censored,L24=20.553/2.185 L259=29.391/5.152 L260=20.161/10.604 L262=11.453/0.779 L263=1.372/0.499
w_2100s,427,2337,2,288,288,523,523,0,0,censored,censored,L288=29.814/7.340 L522=32.356/8.522 L523=12.153/0.797 L525=11.741/0.745 L526=1.369/0.502 L527=16.000/0.000
w_2100s,428,2338,1,24,26,260,261,2,1,censored,censored,L26=32.908/10.557 L260=37.003/16.490 L261=23.748/18.475 L262=11.463/0.823 L263=1.386/0.499 L265=16.000/0.000
w_2100s,428,2338,2,288,288,523,523,0,0,censored,censored,L288=38.505/15.151 L522=32.027/8.010 L523=12.128/0.749 L525=11.950/0.793 L526=1.373/0.515 L527=16.000/0.000
w_2100s,429,2339,1,26,25,261,260,-1,-1,censored,censored,L25=38.148/14.141 L259=31.050/6.047 L260=21.252/11.527 L262=11.484/0.780 L263=1.364/0.491 L264=1.359/0.480
w_2100s,429,2339,2,288,288,523,523,0,0,censored,censored,L288=31.331/7.766 L522=35.869/11.209 L523=12.287/0.809 L525=12.022/0.780 L526=1.377/0.516 L527=16.000/0.000
w_2100s,430,2340,1,25,24,260,260,-1,0,censored,censored,L24=23.233/2.142 L259=34.603/11.420 L260=21.827/13.518 L262=11.259/0.757 L263=1.377/0.516
w_2100s,430,2340,2,288,288,523,523,0,0,censored,censored,L288=29.812/4.437 L522=31.864/11.982 L523=12.113/0.816 L525=11.717/0.741 L526=1.369/0.514 L527=16.000/0.000
w_2100s,431,2341,1,24,24,260,260,0,0,censored,censored,L24=22.214/2.425 L259=28.825/6.559 L260=19.719/9.930 L262=11.397/0.726 L263=1.375/0.497
w_2100s,431,2341,2,288,288,523,523,0,0,censored,censored,L288=35.263/11.889 L522=27.194/4.321 L523=12.122/0.803 L525=11.641/0.770 L526=1.395/0.535 L527=16.000/0.000
w_2100s,432,2342,1,24,24,260,260,0,0,censored,censored,L24=22.223/2.534 L259=27.558/3.448 L260=18.772/8.469 L262=11.256/0.720 L263=1.377/0.504
w_2100s,432,2342,2,288,288,523,523,0,0,censored,censored,L288=31.072/6.007 L522=28.197/4.995 L523=11.380/0.769 L525=10.927/0.782 L526=1.370/0.502 L527=16.000/0.000
w_2100s,433,2343,1,24,25,260,261,1,1,censored,censored,L25=21.712/2.737 L260=36.427/14.226 L261=23.175/15.862 L262=11.594/0.863 L263=1.394/0.510 L264=1.367/0.482
w_2100s,433,2343,2,288,288,523,523,0,0,censored,censored,L288=33.800/10.604 L522=31.141/8.605 L523=11.659/0.780 L525=11.167/0.717 L526=1.387/0.518 L527=16.000/0.000
w_2100s,434,2344,1,25,25,261,260,0,-1,censored,censored,L25=37.102/13.607 L259=27.489/4.568 L260=19.425/9.539 L262=11.167/0.704 L263=1.397/0.492 L264=1.359/0.480
w_2100s,434,2344,2,288,288,523,523,0,0,censored,censored,L288=32.656/11.488 L522=26.428/4.111 L523=11.595/0.767 L525=11.144/0.785 L526=1.387/0.533 L527=16.000/0.000
w_2100s,435,2345,1,25,24,260,260,-1,0,censored,censored,L24=22.023/2.791 L259=27.677/4.327 L260=19.191/9.133 L262=10.853/0.750 L263=1.375/0.491
w_2100s,435,2345,2,288,288,523,523,0,0,censored,censored,L288=29.758/4.688 L522=29.719/10.500 L523=11.514/0.798 L525=11.069/0.811 L526=1.375/0.515 L527=16.000/0.000
w_2100s,436,2346,1,24,24,260,260,0,0,censored,censored,L24=20.152/2.376 L259=29.817/7.797 L260=21.438/12.694 L262=10.856/0.777 L263=1.413/0.495
w_2100s,436,2346,2,288,288,523,523,0,0,censored,censored,L288=29.280/5.350 L522=26.841/4.252 L523=11.553/0.712 L525=11.195/0.703 L526=1.389/0.519 L527=16.000/0.000
w_2100s,437,2347,1,24,24,260,260,0,0,censored,censored,L24=20.975/2.791 L259=34.050/10.043 L260=21.658/13.509 L262=10.858/0.731 L263=1.378/0.507
w_2100s,437,2347,2,288,288,523,523,0,0,censored,censored,L288=30.884/6.819 L522=34.606/11.492 L523=11.280/0.736 L525=10.741/0.730 L526=1.386/0.518 L527=16.000/0.000
w_2100s,438,2348,1,24,26,260,259,2,-1,censored,censored,L26=38.305/13.169 L258=36.630/16.563 L259=31.644/12.121 L262=10.956/0.785 L263=1.370/0.505 L265=16.000/0.000
w_2100s,438,2348,2,288,288,523,523,0,0,censored,censored,L288=40.094/14.845 L522=32.816/9.984 L523=11.584/0.752 L525=10.844/0.797 L526=1.380/0.517 L527=16.000/0.000
w_2100s,439,2349,1,26,25,259,260,-1,1,censored,censored,L25=34.473/12.449 L259=30.136/7.643 L260=19.781/10.995 L262=10.689/0.706 L263=1.384/0.508 L264=1.364/0.481
w_2100s,439,2349,2,288,288,523,523,0,0,censored,censored,L288=35.077/12.027 L522=28.300/5.501 L523=11.434/0.758 L525=10.944/0.758 L526=1.367/0.513 L527=16.000/0.000
w_2100s,440,2350,1,25,24,260,260,-1,0,censored,censored,L24=22.398/2.721 L259=27.123/4.171 L260=18.258/8.972 L262=10.702/0.758 L263=1.363/0.490
w_2100s,440,2350,2,288,288,523,523,0,0,censored,censored,L288=32.372/9.642 L522=26.992/4.557 L523=11.608/0.655 L525=11.106/0.755 L526=1.373/0.515 L527=16.000/0.000
w_2100s,441,2351,1,24,25,260,261,1,1,censored,censored,L25=21.602/2.669 L260=29.533/6.153 L261=19.430/11.015 L262=11.045/0.810 L263=1.395/0.505 L264=1.400/0.490
w_2100s,441,2351,2,288,288,523,523,0,0,censored,censored,L288=35.250/9.264 L522=34.497/11.158 L523=11.366/0.777 L525=11.083/0.721 L526=1.405/0.522 L527=16.000/0.000
w_2100s,442,2352,1,25,24,261,260,-1,-1,censored,censored,L24=20.906/2.382 L259=33.909/10.947 L260=22.158/15.048 L262=10.558/0.707 L263=1.367/0.488
w_2100s,442,2352,2,288,288,523,523,0,0,censored,censored,L288=40.206/15.069 L522=27.636/5.144 L523=10.973/0.841 L525=10.825/0.690 L526=1.384/0.505 L527=16.000/0.000
w_2100s,443,2353,1,24,25,260,260,1,0,censored,censored,L25=34.173/13.634 L259=27.695/4.369 L260=18.486/9.574 L262=10.562/0.726 L263=1.380/0.495 L264=1.383/0.486
w_2100s,443,2353,2,288,288,523,523,0,0,censored,censored,L288=28.659/5.221 L522=25.041/6.355 L523=10.758/0.849 L525=10.481/0.720 L526=1.387/0.518 L527=16.000/0.000
w_2100s,444,2354,1,25,24,260,260,-1,0,censored,censored,L24=20.136/2.349 L259=33.169/10.837 L260=21.711/13.948 L262=10.573/0.761 L263=1.372/0.496
w_2100s,444,2354,2,288,288,523,523,0,0,censored,censored,L288=35.883/12.239 L522=33.997/13.954 L523=10.602/0.916 L525=10.614/0.788 L526=1.380/0.504 L527=16.000/0.000
w_2100s,445,2355,1,24,25,260,260,1,0,censored,censored,L25=31.650/9.765 L259=30.198/7.492 L260=19.723/11.126 L262=10.572/0.717 L263=1.384/0.493 L264=1.366/0.482
w_2100s,445,2355,2,288,288,523,523,0,0,censored,censored,L288=34.069/11.402 L522=26.956/5.154 L523=10.956/0.793 L525=10.550/0.683 L526=1.409/0.523 L527=16.000/0.000
w_2100s,446,2356,1,25,24,260,260,-1,0,censored,censored,L24=20.983/2.396 L259=26.508/4.059 L260=18.250/8.958 L262=10.717/0.684 L263=1.370/0.496
w_2100s,446,2356,2,288,288,523,523,0,0,censored,censored,L288=29.419/4.741 L522=31.972/9.162 L523=11.069/0.786 L525=10.522/0.654 L526=1.405/0.522 L527=16.000/0.000
w_2100s,447,2357,1,24,24,260,260,0,0,censored,censored,L24=21.386/2.614 L259=36.459/14.237 L260=23.147/16.724 L262=10.414/0.693 L263=1.387/0.500
w_2100s,447,2357,2,288,288,523,523,0,0,censored,censored,L288=35.923/12.500 L522=30.652/9.049 L523=10.927/0.829 L525=10.491/0.691 L526=1.363/0.500 L527=16.000/0.000
w_2100s,448,2358,1,24,25,260,260,1,0,censored,censored,L25=36.252/15.116 L259=27.067/4.688 L260=18.727/9.405 L262=10.953/0.763 L263=1.386/0.512 L264=1.372/0.483
w_2100s,448,2358,2,288,288,523,522,0,-1,censored,censored,L288=32.747/7.566 L521=27.609/4.247 L522=26.108/3.909 L525=10.700/0.734 L526=1.384/0.505 L527=16.000/0.000
w_2100s,449,2359,1,25,25,260,261,0,1,censored,censored,L25=21.336/2.379 L260=28.467/6.263 L261=19.878/11.538 L262=10.975/0.898 L263=1.389/0.500 L264=1.364/0.481
w_2100s,449,2359,2,288,288,522,522,0,0,censored,censored,L288=29.053/5.180 L521=31.680/9.128 L522=33.906/11.289 L525=10.617/0.708 L526=1.384/0.505 L527=16.000/0.000
w_2100s,450,2360,1,25,25,261,260,0,-1,censored,censored,L25=150.605/26.784 L259=52.022/17.200 L260=28.695/24.616 L262=10.441/0.698 L263=1.381/0.508 L264=1.381/0.486
w_2100s,450,2360,2,288,288,522,523,0,1,censored,censored,L288=150.963/28.106 L522=50.123/17.034 L523=11.047/0.781 L525=10.634/0.736 L526=1.392/0.507 L527=16.000/0.000
w_2100s,451,2361,1,25,25,260,260,0,0,censored,censored,L25=145.639/27.602 L259=49.678/16.841 L260=27.158/23.034 L262=10.342/0.689 L263=1.392/0.495 L264=1.367/0.482
w_2100s,451,2361,2,288,288,523,523,0,0,censored,censored,L288=145.803/29.541 L522=49.319/17.928 L523=11.323/0.795 L525=10.727/0.728 L526=1.377/0.516 L527=16.000/0.000
w_2100s,452,2362,1,25,25,260,260,0,0,censored,censored,L25=141.033/29.171 L259=51.325/19.566 L260=28.938/24.039 L262=11.080/0.778 L263=1.405/0.503 L264=1.364/0.481
w_2100s,452,2362,2,288,288,523,523,0,0,censored,censored,L288=144.252/34.229 L522=53.969/20.494 L523=12.172/0.888 L525=11.505/0.760 L526=1.402/0.521 L527=16.000/0.000
w_2100s,453,2363,1,25,25,260,260,0,0,censored,censored,L25=140.641/31.429 L259=52.555/20.111 L260=28.583/24.620 L262=11.417/0.691 L263=1.381/0.492 L264=1.375/0.484
w_2100s,453,2363,2,288,288,523,523,0,0,censored,censored,L288=143.400/36.573 L522=61.952/20.605 L523=12.256/0.915 L525=11.364/0.716 L526=1.397/0.508 L527=16.000/0.000
w_2100s,454,2364,1,25,26,260,261,1,1,censored,censored,L26=139.739/34.607 L260=66.234/27.350 L261=27.892/22.715 L262=12.297/1.023 L263=1.389/0.491 L265=16.000/0.000
w_2100s,454,2364,2,288,288,523,523,0,0,censored,censored,L288=141.122/37.846 L522=72.734/31.924 L523=12.713/0.979 L525=11.875/0.746 L526=1.391/0.519 L527=16.000/0.000
w_2100s,455,2365,1,26,26,261,261,0,0,censored,censored,L26=137.881/35.255 L260=90.983/58.317 L261=27.930/22.126 L262=12.348/0.935 L263=1.383/0.489 L265=16.000/0.000
w_2100s,455,2365,2,288,288,523,523,0,0,censored,censored,L288=137.197/37.541 L522=94.584/62.969 L523=12.583/0.896 L525=11.909/0.721 L526=1.383/0.517 L527=16.000/0.000
w_2100s,456,2366,1,26,26,261,261,0,0,censored,censored,L26=131.541/35.114 L260=93.275/61.648 L261=24.328/18.295 L262=12.194/0.873 L263=1.377/0.488 L265=16.000/0.000
w_2100s,456,2366,2,288,288,523,522,0,-1,censored,censored,L288=131.914/37.319 L521=82.888/59.631 L522=81.131/60.098 L525=11.203/0.770 L526=1.384/0.496 L527=16.000/0.000
w_2100s,457,2367,1,26,26,261,261,0,0,censored,censored,L26=131.206/36.018 L260=76.234/57.384 L261=24.153/19.735 L262=11.656/0.988 L263=1.386/0.490 L265=16.000/0.000
w_2100s,457,2367,2,288,288,522,522,0,0,censored,censored,L288=134.344/39.804 L521=73.698/56.294 L522=74.269/55.886 L525=11.456/0.669 L526=1.386/0.506 L527=16.000/0.000
w_2100s,458,2368,1,26,25,261,260,-1,-1,censored,censored,L25=131.723/37.858 L259=70.736/53.083 L260=25.597/19.857 L262=11.297/0.726 L263=1.377/0.491 L264=1.370/0.483
w_2100s,458,2368,2,288,288,522,523,0,1,censored,censored,L288=133.703/39.018 L522=70.648/51.719 L523=11.683/0.911 L525=11.631/0.688 L526=1.383/0.496 L527=16.000/0.000
w_2100s,459,2369,1,25,25,260,260,0,0,censored,censored,L25=131.589/39.221 L259=73.638/51.211 L260=25.239/19.958 L262=11.514/0.776 L263=1.389/0.494 L264=1.394/0.489
w_2100s,459,2369,2,288,288,523,523,0,0,censored,censored,L288=135.406/40.000 L522=66.203/46.058 L523=12.498/0.896 L525=11.616/0.722 L526=1.395/0.535 L527=16.000/0.000
w_2100s,460,2370,1,25,25,260,260,0,0,censored,censored,L25=131.655/38.573 L259=50.509/20.206 L260=25.945/20.984 L262=11.348/0.711 L263=1.387/0.497 L264=1.381/0.486
w_2100s,460,2370,2,288,288,523,523,0,0,censored,censored,L288=134.084/39.371 L522=51.389/20.288 L523=11.878/0.912 L525=11.670/0.726 L526=1.391/0.534 L527=16.000/0.000
w_2100s,461,2371,1,25,26,260,261,1,1,censored,censored,L26=131.842/39.050 L260=51.280/19.895 L261=27.045/22.102 L262=12.320/0.932 L263=1.386/0.493 L265=16.000/0.000
w_2100s,461,2371,2,288,288,523,523,0,0,censored,censored,L288=136.575/39.973 L522=51.833/19.535 L523=12.569/0.941 L525=11.938/0.720 L526=1.373/0.515 L527=16.000/0.000
w_2100s,462,2372,1,26,25,261,260,-1,-1,censored,censored,L25=132.164/38.839 L259=50.908/19.080 L260=27.609/21.564 L262=11.673/0.712 L263=1.355/0.482 L264=1.367/0.482
w_2100s,462,2372,2,288,288,523,523,0,0,censored,censored,L288=134.748/38.822 L522=49.667/20.310 L523=12.703/0.970 L525=11.762/0.722 L526=1.384/0.518 L527=16.000/0.000
w_2100s,463,2373,1,25,25,260,260,0,0,censored,censored,L25=131.444/39.035 L259=49.223/19.659 L260=25.873/19.215 L262=11.642/0.734 L263=1.373/0.493 L264=1.377/0.485
w_2100s,463,2373,2,288,288,523,523,0,0,censored,censored,L288=134.609/38.844 L522=49.030/20.878 L523=12.463/0.916 L525=11.736/0.734 L526=1.377/0.531 L527=16.000/0.000
w_2100s,464,2374,1,25,25,260,260,0,0,censored,censored,L25=132.028/38.235 L259=48.373/18.389 L260=25.461/18.435 L262=11.667/0.735 L263=1.377/0.488 L264=1.377/0.485
w_2100s,464,2374,2,288,288,523,523,0,0,censored,censored,L288=132.709/40.837 L522=48.612/18.345 L523=12.680/0.935 L525=11.891/0.703 L526=1.364/0.528 L527=16.000/0.000
w_2100s,465,2375,1,25,26,260,261,1,1,censored,censored,L26=132.798/37.696 L260=48.598/18.127 L261=24.897/17.326 L262=12.130/0.968 L263=1.372/0.490 L265=16.000/0.000
w_2100s,465,2375,2,288,288,523,523,0,0,censored,censored,L288=134.648/40.604 L522=48.673/18.740 L523=12.391/0.902 L525=11.816/0.710 L526=1.370/0.492 L527=16.000/0.000
w_2100s,466,2376,1,26,26,261,261,0,0,censored,censored,L26=132.734/37.688 L260=48.394/17.693 L261=24.956/17.181 L262=12.669/0.970 L263=1.384/0.496 L265=16.000/0.000
w_2100s,466,2376,2,288,288,523,523,0,0,censored,censored,L288=135.706/37.296 L522=49.138/18.641 L523=12.305/0.915 L525=11.528/0.691 L526=1.391/0.519 L527=16.000/0.000
w_2100s,467,2377,1,26,26,261,261,0,0,censored,censored,L26=133.511/37.611 L260=48.938/17.830 L261=24.102/16.608 L262=11.644/0.948 L263=1.370/0.486 L265=16.000/0.000
w_2100s,467,2377,2,288,288,523,523,0,0,censored,censored,L288=136.259/36.819 L522=47.670/18.554 L523=12.305/0.884 L525=11.886/0.723 L526=1.377/0.516 L527=16.000/0.000
w_2100s,468,2378,1,26,25,261,260,-1,-1,censored,censored,L25=132.570/36.879 L259=48.445/21.593 L260=24.025/17.171 L262=11.498/0.744 L263=1.363/0.484 L264=1.387/0.487
w_2100s,468,2378,2,288,288,523,522,0,-1,censored,censored,L288=134.731/37.112 L521=57.034/38.180 L522=49.625/21.815 L525=11.950/0.708 L526=1.384/0.532 L527=16.000/0.000
w_2100s,469,2379,1,25,26,260,261,1,1,censored,censored,L26=132.589/37.082 L260=56.581/39.641 L261=24.070/16.926 L262=12.102/0.999 L263=1.398/0.502 L265=16.000/0.000
w_2100s,469,2379,2,288,288,522,522,0,0,censored,censored,L288=136.777/36.245 L521=63.102/48.681 L522=57.877/41.304 L525=11.545/0.717 L526=1.383/0.505 L527=16.000/0.000
w_2100s,470,2380,1,26,26,261,261,0,0,censored,censored,L26=134.069/36.683 L260=64.342/51.151 L261=23.842/16.891 L262=12.139/1.028 L263=1.372/0.490 L265=16.000/0.000
w_2100s,470,2380,2,288,288,522,522,0,0,censored,censored,L288=135.398/35.764 L521=70.114/57.354 L522=66.609/53.988 L525=11.502/0.725 L526=1.384/0.505 L527=16.000/0.000
w_2100s,471,2381,1,26,26,261,261,0,0,censored,censored,L26=132.488/36.636 L260=73.084/58.345 L261=24.956/18.296 L262=11.683/0.954 L263=1.366/0.488 L265=16.000/0.000
w_2100s,471,2381,2,288,288,522,523,0,1,censored,censored,L288=135.744/36.787 L522=74.980/60.167 L523=12.631/0.872 L525=11.472/0.760 L526=1.386/0.506 L527=16.000/0.000
w_2100s,472,2382,1,26,25,261,260,-1,-1,censored,censored,L25=133.720/36.041 L259=78.392/62.608 L260=24.644/17.489 L262=11.202/0.728 L263=1.380/0.492 L264=1.387/0.487
w_2100s,472,2382,2,288,288,523,523,0,0,censored,censored,L288=135.653/36.442 L522=78.612/63.166 L523=11.838/0.913 L525=11.536/0.755 L526=1.391/0.507 L527=16.000/0.000
w_2100s,473,2383,1,25,26,260,261,1,1,censored,censored,L26=133.036/36.243 L260=79.673/63.640 L261=25.772/18.755 L262=11.872/0.923 L263=1.386/0.493 L265=16.000/0.000
w_2100s,473,2383,2,288,288,523,523,0,0,censored,censored,L288=136.356/36.269 L522=78.091/61.814 L523=12.384/1.009 L525=11.673/0.755 L526=1.373/0.503 L527=16.000/0.000
w_2100s,474,2384,1,26,25,261,260,-1,-1,censored,censored,L25=131.203/35.584 L259=80.209/63.226 L260=26.909/19.755 L262=11.694/0.735 L263=1.397/0.505 L264=1.367/0.482
w_2100s,474,2384,2,288,288,523,523,0,0,censored,censored,L288=136.119/36.833 L522=77.273/61.693 L523=12.231/0.970 L525=11.664/0.755 L526=1.386/0.518 L527=16.000/0.000
w_2100s,475,2385,1,25,25,260,260,0,0,censored,censored,L25=130.328/35.742 L259=78.627/60.830 L260=26.955/19.974 L262=11.562/0.798 L263=1.395/0.523 L264=1.367/0.482
w_2100s,475,2385,2,288,288,523,523,0,0,censored,censored,L288=134.967/37.386 L522=73.811/58.002 L523=12.350/1.024 L525=11.581/0.746 L526=1.383/0.496 L527=16.000/0.000
w_2100s,476,2386,1,25,25,260,260,0,0,censored,censored,L25=131.934/36.447 L259=72.372/56.254 L260=26.730/19.667 L262=11.531/0.739 L263=1.366/0.485 L264=1.372/0.483
w_2100s,476,2386,2,288,288,523,522,0,-1,censored,censored,L288=134.709/36.988 L521=68.080/52.536 L522=63.584/45.530 L525=11.741/0.753 L526=1.391/0.519 L527=16.000/0.000
w_2100s,477,2387,1,25,26,260,260,1,0,censored,censored,L26=131.153/36.943 L259=62.098/43.220 L260=55.639/25.910 L262=12.606/0.926 L263=1.392/0.491 L265=16.000/0.000
w_2100s,477,2387,2,288,288,522,523,0,1,censored,censored,L288=134.923/37.805 L522=48.505/16.761 L523=12.577/1.011 L525=11.791/0.725 L526=1.373/0.515 L527=16.000/0.000
w_2100s,478,2388,1,26,25,260,260,-1,0,censored,censored,L25=132.267/37.527 L259=49.567/15.445 L260=25.823/18.129 L262=12.095/0.724 L263=1.402/0.493 L264=1.386/0.487
w_2100s,478,2388,2,288,288,523,523,0,0,censored,censored,L288=134.484/37.823 L522=46.767/13.303 L523=12.722/0.921 L525=12.094/0.718 L526=1.384/0.505 L527=16.000/0.000
w_2100s,479,2389,1,25,25,260,260,0,0,censored,censored,L25=132.502/37.443 L259=47.064/13.863 L260=25.306/17.394 L262=11.658/0.692 L263=1.370/0.496 L264=1.364/0.481
w_2100s,479,2389,2,288,288,523,523,0,0,censored,censored,L288=134.714/37.216 L522=45.575/13.242 L523=12.566/0.883 L525=12.019/0.737 L526=1.405/0.510 L527=16.000/0.000
w_2100s,480,2390,1,25,25,260,260,0,0,censored,censored,L25=132.697/37.869 L259=45.655/13.627 L260=24.975/17.382 L262=11.722/0.753 L263=1.370/0.496 L264=1.381/0.486
w_2100s,480,2390,2,288,288,523,523,0,0,censored,censored,L288=135.787/38.104 L522=46.052/13.760 L523=12.681/0.969 L525=11.977/0.681 L526=1.363/0.512 L527=16.000/0.000
w_2100s,481,2391,1,25,26,260,261,1,1,censored,censored,L26=134.353/37.768 L260=45.948/13.776 L261=26.858/19.250 L262=12.556/0.907 L263=1.387/0.512 L265=16.000/0.000
w_2100s,481,2391,2,288,288,523,523,0,0,censored,censored,L288=137.170/37.986 L522=46.333/13.817 L523=12.464/0.874 L525=11.791/0.716 L526=1.387/0.518 L527=16.000/0.000
w_2100s,482,2392,1,26,25,261,260,-1,-1,censored,censored,L25=134.322/37.552 L259=45.978/14.802 L260=27.328/20.103 L262=11.733/0.743 L263=1.400/0.502 L264=1.391/0.488
w_2100s,482,2392,2,288,288,523,523,0,0,censored,censored,L288=138.775/40.193 L522=44.630/13.290 L523=12.525/0.860 L525=12.083/0.699 L526=1.361/0.499 L527=16.000/0.000
w_2100s,483,2393,1,25,25,260,260,0,0,censored,censored,L25=133.256/36.551 L259=45.953/13.836 L260=26.253/18.378 L262=12.033/0.701 L263=1.391/0.494 L264=1.395/0.489
w_2100s,483,2393,2,288,288,523,523,0,0,censored,censored,L288=136.997/40.349 L522=46.523/14.626 L523=12.484/0.955 L525=12.127/0.686 L526=1.391/0.534 L527=16.000/0.000
w_2100s,484,2394,1,25,25,260,260,0,0,censored,censored,L25=134.847/36.872 L259=47.155/13.698 L260=26.020/18.249 L262=11.958/0.709 L263=1.383/0.499 L264=1.383/0.486
w_2100s,484,2394,2,288,288,523,523,0,0,censored,censored,L288=138.880/40.501 L522=45.470/14.680 L523=12.588/0.856 L525=11.958/0.735 L526=1.375/0.530 L527=16.000/0.000
w_2100s,485,2395,1,25,26,260,261,1,1,censored,censored,L26=134.484/36.886 L260=46.358/14.313 L261=25.077/18.086 L262=12.550/0.929 L263=1.366/0.488 L265=16.000/0.000
w_2100s,485,2395,2,288,288,523,522,0,-1,censored,censored,L288=136.348/39.537 L521=47.991/14.318 L522=46.355/14.202 L525=11.952/0.737 L526=1.389/0.519 L527=16.000/0.000
w_2100s,486,2396,1,26,26,261,261,0,0,censored,censored,L26=135.083/37.194 L260=47.481/14.295 L261=25.150/17.862 L262=12.363/0.882 L263=1.361/0.493 L265=16.000/0.000
w_2100s,486,2396,2,288,288,522,522,0,0,censored,censored,L288=137.158/39.465 L521=47.678/14.779 L522=45.970/13.313 L525=12.094/0.738 L526=1.384/0.532 L527=16.000/0.000
w_2100s,487,2397,1,26,26,261,261,0,0,censored,censored,L26=134.203/36.835 L260=45.856/13.803 L261=24.648/17.249 L262=11.941/0.928 L263=1.387/0.500 L265=16.000/0.000
w_2100s,487,2397,2,288,288,522,522,0,0,censored,censored,L288=136.655/40.890 L521=48.531/13.572 L522=46.650/14.533 L525=12.339/0.780 L526=1.381/0.505 L527=16.000/0.000
w_2100s,488,2398,1,26,26,261,261,0,0,censored,censored,L26=134.705/37.516 L260=46.888/14.314 L261=24.672/17.328 L262=12.289/0.930 L263=1.372/0.502 L265=16.000/0.000
w_2100s,488,2398,2,288,288,522,522,0,0,censored,censored,L288=137.223/37.805 L521=47.706/13.947 L522=47.153/13.569 L525=12.169/0.702 L526=1.398/0.521 L527=16.000/0.000
w_2100s,489,2399,1,26,26,261,261,0,0,censored,censored,L26=135.117/37.435 L260=46.741/14.642 L261=25.697/18.014 L262=12.723/0.900 L263=1.367/0.488 L265=16.000/0.000
w_2100s,489,2399,2,288,288,522,522,0,0,censored,censored,L288=139.092/37.685 L521=48.125/14.395 L522=46.731/14.403 L525=12.022/0.768 L526=1.380/0.517 L527=16.000/0.000
w_2100s,490,2400,1,26,26,261,261,0,0,censored,censored,L26=136.430/36.989 L260=47.587/14.151 L261=26.972/19.790 L262=12.647/0.875 L263=1.378/0.504 L265=16.000/0.000
w_2100s,490,2400,2,288,288,522,522,0,0,censored,censored,L288=140.016/37.277 L521=47.714/14.885 L522=46.889/13.889 L525=12.381/0.717 L526=1.386/0.518 L527=16.000/0.000
w_2100s,491,2401,1,26,26,261,261,0,0,censored,censored,L26=137.042/36.486 L260=47.572/13.588 L261=26.219/18.213 L262=13.023/0.883 L263=1.383/0.499 L265=16.000/0.000
w_2100s,491,2401,2,288,288,522,522,0,0,censored,censored,L288=140.920/36.711 L521=47.958/13.954 L522=46.641/15.279 L525=12.458/0.701 L526=1.387/0.506 L527=16.000/0.000
w_2100s,492,2402,1,26,26,261,261,0,0,censored,censored,L26=137.020/36.826 L260=48.480/13.994 L261=26.553/18.604 L262=12.933/0.941 L263=1.408/0.501 L265=16.000/0.000
w_2100s,492,2402,2,288,288,522,522,0,0,censored,censored,L288=140.852/36.201 L521=46.664/15.023 L522=47.223/13.500 L525=12.239/0.703 L526=1.366/0.501 L527=16.000/0.000
w_2100s,493,2403,1,26,26,261,261,0,0,censored,censored,L26=135.780/36.818 L260=49.372/14.182 L261=26.188/18.939 L262=12.997/0.954 L263=1.381/0.495 L265=16.000/0.000
w_2100s,493,2403,2,288,288,522,522,0,0,censored,censored,L288=140.188/36.208 L521=46.327/15.087 L522=47.617/13.889 L525=11.942/0.723 L526=1.386/0.518 L527=16.000/0.000
w_2100s,494,2404,1,26,26,261,261,0,0,censored,censored,L26=135.973/37.239 L260=49.494/14.619 L261=26.602/18.891 L262=12.745/1.003 L263=1.370/0.492 L265=16.000/0.000
w_2100s,494,2404,2,288,288,522,522,0,0,censored,censored,L288=140.881/39.109 L521=49.120/14.595 L522=49.711/14.287 L525=12.170/0.692 L526=1.387/0.533 L527=16.000/0.000
w_2100s,495,2405,1,26,26,261,261,0,0,censored,censored,L26=137.275/36.853 L260=49.489/14.969 L261=25.673/18.009 L262=12.698/0.921 L263=1.375/0.487 L265=16.000/0.000
w_2100s,495,2405,2,288,288,522,522,0,0,censored,censored,L288=141.789/39.978 L521=49.489/14.234 L522=49.866/14.301 L525=12.397/0.668 L526=1.402/0.536 L527=16.000/0.000
w_2100s,496,2406,1,26,26,261,261,0,0,censored,censored,L26=137.409/36.895 L260=48.802/14.796 L261=26.369/18.985 L262=12.231/0.882 L263=1.381/0.495 L265=16.000/0.000
w_2100s,496,2406,2,288,288,522,522,0,0,censored,censored,L288=139.347/37.543 L521=49.359/13.308 L522=49.983/15.299 L525=12.192/0.688 L526=1.383/0.517 L527=16.000/0.000
w_2100s,497,2407,1,26,26,261,261,0,0,censored,censored,L26=137.409/35.854 L260=50.336/14.929 L261=25.367/17.423 L262=12.320/0.901 L263=1.384/0.499 L265=16.000/0.000
w_2100s,497,2407,2,288,288,522,522,0,0,censored,censored,L288=141.136/37.882 L521=48.323/14.301 L522=48.430/15.211 L525=12.158/0.730 L526=1.386/0.518 L527=16.000/0.000
w_2100s,498,2408,1,26,26,261,261,0,0,censored,censored,L26=137.064/36.614 L260=50.217/15.126 L261=26.153/18.234 L262=12.941/1.003 L263=1.391/0.522 L265=16.000/0.000
w_2100s,498,2408,2,288,288,522,522,0,0,censored,censored,L288=141.795/37.477 L521=49.305/14.152 L522=49.678/15.689 L525=12.128/0.739 L526=1.387/0.518 L527=16.000/0.000
w_2100s,499,2409,1,26,26,261,261,0,0,censored,censored,L26=137.270/35.670 L260=49.967/15.441 L261=25.575/18.484 L262=12.519/0.925 L263=1.381/0.520 L265=16.000/0.000
w_2100s,499,2409,2,288,288,522,522,0,0,censored,censored,L288=141.938/36.592 L521=49.467/15.732 L522=50.416/16.091 L525=12.019/0.716 L526=1.384/0.518 L527=16.000/0.000
w_2100s,500,2410,1,26,26,261,261,0,0,censored,censored,L26=138.834/35.562 L260=50.444/15.516 L261=25.720/18.041 L262=12.802/0.955 L263=1.387/0.500 L265=16.000/0.000
w_2100s,500,2410,2,288,288,522,522,0,0,censored,censored,L288=142.450/37.073 L521=49.491/15.476 L522=50.548/15.939 L525=12.111/0.708 L526=1.380/0.517 L527=16.000/0.000
w_2100s,501,2411,1,26,26,261,261,0,0,censored,censored,L26=138.458/35.906 L260=49.987/15.790 L261=26.561/18.752 L262=12.722/0.942 L263=1.356/0.489 L265=16.000/0.000
w_2100s,501,2411,2,288,288,522,522,0,0,censored,censored,L288=140.577/36.647 L521=48.423/14.193 L522=49.361/15.880 L525=12.281/0.717 L526=1.391/0.519 L527=16.000/0.000
w_2100s,502,2412,1,26,26,261,261,0,0,censored,censored,L26=138.912/35.474 L260=50.462/15.669 L261=25.964/18.115 L262=12.944/0.925 L263=1.394/0.501 L265=16.000/0.000
w_2100s,502,2412,2,288,288,522,522,0,0,censored,censored,L288=142.769/35.005 L521=48.778/14.921 L522=50.045/15.833 L525=12.127/0.732 L526=1.377/0.516 L527=16.000/0.000
w_2100s,503,2413,1,26,26,261,261,0,0,censored,censored,L26=139.119/34.623 L260=49.389/15.506 L261=25.552/17.900 L262=12.714/0.948 L263=1.375/0.497 L265=16.000/0.000
w_2100s,503,2413,2,288,288,522,522,0,0,censored,censored,L288=142.167/35.672 L521=49.581/14.738 L522=50.333/16.032 L525=12.123/0.702 L526=1.395/0.555 L527=16.000/0.000
w_2100s,504,2414,1,26,26,261,261,0,0,censored,censored,L26=139.350/34.315 L260=50.189/15.703 L261=24.939/17.128 L262=12.878/0.905 L263=1.384/0.511 L265=16.000/0.000
w_2100s,504,2414,2,288,288,522,522,0,0,censored,censored,L288=143.927/35.430 L521=49.192/14.430 L522=49.800/15.586 L525=12.277/0.687 L526=1.389/0.506 L527=16.000/0.000
w_2100s,505,2415,1,26,26,261,261,0,0,censored,censored,L26=139.363/34.310 L260=50.505/14.885 L261=26.234/18.521 L262=12.727/0.977 L263=1.369/0.489 L265=16.000/0.000
w_2100s,505,2415,2,288,288,522,522,0,0,censored,censored,L288=143.412/35.520 L521=48.317/14.260 L522=50.409/14.569 L525=12.591/0.719 L526=1.387/0.518 L527=16.000/0.000
w_2100s,506,2416,1,26,26,261,261,0,0,censored,censored,L26=140.316/33.391 L260=50.358/14.610 L261=27.452/19.652 L262=12.719/0.896 L263=1.375/0.497 L265=16.000/0.000
w_2100s,506,2416,2,288,288,522,522,0,0,censored,censored,L288=142.022/35.289 L521=48.930/13.380 L522=50.194/13.903 L525=12.052/0.730 L526=1.389/0.519 L527=16.000/0.000
w_2100s,507,2417,1,26,26,261,261,0,0,censored,censored,L26=138.828/34.266 L260=50.998/14.679 L261=25.311/17.484 L262=12.772/0.917 L263=1.366/0.498 L265=16.000/0.000
w_2100s,507,2417,2,288,288,522,522,0,0,censored,censored,L288=142.547/35.446 L521=48.423/12.982 L522=49.381/15.070 L525=12.222/0.723 L526=1.373/0.515 L527=16.000/0.000
w_2100s,508,2418,1,26,26,261,261,0,0,censored,censored,L26=138.366/33.763 L260=50.114/13.440 L261=25.528/17.868 L262=12.875/0.945 L263=1.380/0.489 L265=16.000/0.000
w_2100s,508,2418,2,288,288,522,522,0,0,censored,censored,L288=141.863/34.789 L521=49.400/13.405 L522=50.575/14.278 L525=12.353/0.647 L526=1.400/0.521 L527=16.000/0.000
w_2100s,509,2419,1,26,26,261,261,0,0,censored,censored,L26=139.287/33.163 L260=50.050/13.731 L261=27.180/19.012 L262=12.894/0.841 L263=1.384/0.499 L265=16.000/0.000
w_2100s,509,2419,2,288,288,522,523,0,1,censored,censored,L288=142.902/35.514 L522=50.220/16.516 L523=13.119/0.885 L525=12.317/0.706 L526=1.397/0.520 L527=16.000/0.000
w_2100s,510,2420,1,26,26,261,261,0,0,censored,censored,L26=139.989/33.365 L260=51.997/17.182 L261=26.217/17.733 L262=13.034/0.858 L263=1.389/0.491 L265=16.000/0.000
w_2100s,510,2420,2,288,288,523,522,0,-1,censored,censored,L288=141.975/35.034 L521=50.561/16.935 L522=53.430/19.466 L525=12.434/0.682 L526=1.375/0.503 L527=16.000/0.000
w_2100s,511,2421,1,26,26,261,261,0,0,censored,censored,L26=140.025/33.110 L260=53.997/19.928 L261=26.238/18.290 L262=12.864/0.845 L263=1.397/0.526 L265=16.000/0.000
w_2100s,511,2421,2,288,288,522,522,0,0,censored,censored,L288=142.453/34.371 L521=51.627/20.433 L522=53.300/20.848 L525=12.236/0.706 L526=1.369/0.514 L527=16.000/0.000
w_2100s,512,2422,1,26,26,261,261,0,0,censored,censored,L26=138.242/33.077 L260=53.837/19.808 L261=25.420/17.642 L262=12.506/0.855 L263=1.373/0.493 L265=16.000/0.000
w_2100s,512,2422,2,288,288,522,523,0,1,censored,censored,L288=143.150/36.475 L522=53.559/20.894 L523=13.059/0.930 L525=12.167/0.646 L526=1.381/0.517 L527=16.000/0.000
w_2100s,513,2423,1,26,26,261,261,0,0,censored,censored,L26=139.097/33.258 L260=53.678/21.129 L261=25.991/17.701 L262=12.827/0.864 L263=1.389/0.525 L265=16.000/0.000
w_2100s,513,2423,2,288,288,523,523,0,0,censored,censored,L288=143.147/37.265 L522=54.284/21.056 L523=12.569/0.931 L525=12.052/0.735 L526=1.378/0.516 L527=16.000/0.000
w_2100s,514,2424,1,26,25,261,260,-1,-1,censored,censored,L25=139.625/33.718 L259=54.575/20.470 L260=25.209/16.991 L262=12.172/0.702 L263=1.381/0.492 L264=1.378/0.485
w_2100s,514,2424,2,288,288,523,522,0,-1,censored,censored,L288=142.231/36.788 L521=51.958/19.804 L522=53.288/20.944 L525=12.214/0.668 L526=1.381/0.532 L527=16.000/0.000
w_2100s,515,2425,1,25,26,260,261,1,1,censored,censored,L26=137.272/33.954 L260=54.222/20.288 L261=24.764/17.275 L262=12.711/0.942 L263=1.378/0.488 L265=16.000/0.000
w_2100s,515,2425,2,288,288,522,522,0,0,censored,censored,L288=141.884/38.327 L521=52.425/22.037 L522=53.550/21.232 L525=11.941/0.733 L526=1.363/0.512 L527=16.000/0.000
w_2100s,516,2426,1,26,26,261,261,0,0,censored,censored,L26=137.256/34.735 L260=53.678/22.058 L261=25.508/18.070 L262=12.633/0.941 L263=1.372/0.490 L265=16.000/0.000
w_2100s,516,2426,2,288,288,522,522,0,0,censored,censored,L288=140.252/38.857 L521=54.497/21.977 L522=55.491/22.117 L525=12.037/0.697 L526=1.391/0.534 L527=16.000/0.000
w_2100s,517,2427,1,26,26,261,261,0,0,censored,censored,L26=136.836/35.010 L260=56.136/22.821 L261=26.619/18.947 L262=12.887/1.009 L263=1.386/0.524 L265=16.000/0.000
w_2100s,517,2427,2,288,288,522,523,0,1,censored,censored,L288=140.170/38.472 L522=56.191/22.329 L523=12.948/0.915 L525=12.172/0.699 L526=1.386/0.536 L527=16.000/0.000
w_2100s,518,2428,1,26,26,261,261,0,0,censored,censored,L26=138.036/35.135 L260=55.534/21.309 L261=26.280/18.180 L262=13.162/1.032 L263=1.378/0.507 L265=16.000/0.000
w_2100s,518,2428,2,288,288,523,522,0,-1,censored,censored,L288=140.531/36.536 L521=52.587/20.178 L522=52.756/20.945 L525=12.352/0.735 L526=1.405/0.522 L527=16.000/0.000
w_2100s,519,2429,1,26,26,261,261,0,0,censored,censored,L26=137.417/34.745 L260=53.677/20.124 L261=25.347/17.510 L262=12.605/0.930 L263=1.398/0.511 L265=16.000/0.000
w_2100s,519,2429,2,288,288,522,522,0,0,censored,censored,L288=141.223/36.309 L521=52.655/20.021 L522=53.342/20.414 L525=12.627/0.840 L526=1.392/0.498 L527=16.000/0.000
w_2100s,520,2430,1,26,26,261,261,0,0,censored,censored,L26=138.959/35.182 L260=52.028/20.242 L261=25.817/18.051 L262=12.895/1.050 L263=1.387/0.500 L265=16.000/0.000
w_2100s,520,2430,2,288,288,522,522,0,0,censored,censored,L288=141.250/34.962 L521=52.067/21.067 L522=51.722/19.715 L525=12.402/0.758 L526=1.387/0.518 L527=16.000/0.000
w_2100s,521,2431,1,26,26,261,261,0,0,censored,censored,L26=138.006/34.521 L260=53.341/19.831 L261=27.184/19.564 L262=12.747/1.075 L263=1.356/0.485 L265=16.000/0.000
w_2100s,521,2431,2,288,288,522,523,0,1,censored,censored,L288=142.155/35.371 L522=51.719/19.595 L523=12.389/0.898 L525=11.966/0.743 L526=1.375/0.515 L527=16.000/0.000
w_2100s,522,2432,1,26,25,261,260,-1,-1,censored,censored,L25=138.241/34.691 L259=52.891/20.111 L260=27.898/20.289 L262=12.248/0.718 L263=1.380/0.489 L264=1.377/0.485
w_2100s,522,2432,2,288,288,523,522,0,-1,censored,censored,L288=142.911/34.758 L521=51.536/19.821 L522=51.106/19.055 L525=11.931/0.736 L526=1.384/0.532 L527=16.000/0.000
w_2100s,523,2433,1,25,26,260,261,1,1,censored,censored,L26=139.131/33.971 L260=52.845/19.485 L261=25.681/18.048 L262=12.456/0.929 L263=1.377/0.494 L265=16.000/0.000
w_2100s,523,2433,2,288,288,522,522,0,0,censored,censored,L288=143.203/33.693 L521=51.616/20.217 L522=51.256/19.277 L525=12.072/0.749 L526=1.377/0.531 L527=16.000/0.000
w_2100s,524,2434,1,26,26,261,261,0,0,censored,censored,L26=137.708/33.973 L260=51.408/19.814 L261=25.747/17.859 L262=12.597/0.962 L263=1.375/0.500 L265=16.000/0.000
w_2100s,524,2434,2,288,288,522,523,0,1,censored,censored,L288=140.567/36.958 L522=51.092/20.117 L523=12.067/1.003 L525=11.816/0.767 L526=1.372/0.502 L527=16.000/0.000
w_2100s,525,2435,1,26,25,261,260,-1,-1,censored,censored,L25=138.359/33.918 L259=52.141/20.310 L260=27.677/19.652 L262=12.055/0.751 L263=1.364/0.491 L264=1.373/0.484
w_2100s,525,2435,2,288,288,523,523,0,0,censored,censored,L288=140.988/37.327 L522=51.742/19.280 L523=12.694/0.935 L525=11.905/0.730 L526=1.389/0.506 L527=16.000/0.000
w_2100s,526,2436,1,25,25,260,260,0,0,censored,censored,L25=138.675/34.784 L259=50.283/18.729 L260=26.153/19.066 L262=11.797/0.780 L263=1.381/0.498 L264=1.387/0.487
w_2100s,526,2436,2,288,288,523,522,0,-1,censored,censored,L288=140.686/34.843 L521=50.436/17.341 L522=49.789/17.316 L525=11.841/0.739 L526=1.394/0.507 L527=16.000/0.000
w_2100s,527,2437,1,25,26,260,261,1,1,censored,censored,L26=137.822/34.709 L260=50.473/17.100 L261=26.188/18.856 L262=12.869/0.921 L263=1.383/0.508 L265=16.000/0.000
w_2100s,527,2437,2,288,288,522,522,0,0,censored,censored,L288=140.933/36.636 L521=49.138/16.164 L522=48.642/15.505 L525=11.795/0.723 L526=1.367/0.513 L527=16.000/0.000
w_2100s,528,2438,1,26,26,261,261,0,0,censored,censored,L26=137.005/35.334 L260=50.102/16.261 L261=26.022/19.562 L262=12.198/0.934 L263=1.377/0.519 L265=16.000/0.000
w_2100s,528,2438,2,288,288,522,523,0,1,censored,censored,L288=142.278/35.480 L522=49.592/15.047 L523=12.466/0.925 L525=11.506/0.722 L526=1.397/0.535 L527=16.000/0.000
w_2100s,529,2439,1,26,26,261,261,0,0,censored,censored,L26=137.577/34.546 L260=50.552/15.305 L261=25.603/19.133 L262=12.258/0.910 L263=1.389/0.503 L265=16.000/0.000
w_2100s,529,2439,2,288,288,523,522,0,-1,censored,censored,L288=141.302/36.258 L521=48.623/15.732 L522=47.881/14.832 L525=11.541/0.710 L526=1.387/0.533 L527=16.000/0.000
w_2100s,530,2440,1,26,26,261,261,0,0,censored,censored,L26=136.353/34.150 L260=48.930/14.317 L261=24.978/18.617 L262=12.356/0.953 L263=1.375/0.500 L265=16.000/0.000
w_2100s,530,2440,2,288,288,522,523,0,1,censored,censored,L288=141.197/35.097 L522=47.758/15.143 L523=12.217/0.967 L525=11.802/0.739 L526=1.370/0.532 L527=16.000/0.000
w_2100s,531,2441,1,26,26,261,261,0,0,censored,censored,L26=137.280/34.326 L260=48.497/14.260 L261=26.036/19.489 L262=12.047/0.841 L263=1.400/0.496 L265=16.000/0.000
w_2100s,531,2441,2,288,288,523,522,0,-1,censored,censored,L288=139.802/34.267 L521=47.434/14.011 L522=48.592/14.827 L525=11.742/0.699 L526=1.392/0.519 L527=16.000/0.000
w_2100s,532,2442,1,26,26,261,261,0,0,censored,censored,L26=136.686/33.887 L260=48.331/14.826 L261=24.670/17.453 L262=12.230/0.920 L263=1.377/0.504 L265=16.000/0.000
w_2100s,532,2442,2,288,288,522,523,0,1,censored,censored,L288=140.600/34.523 L522=48.483/15.684 L523=12.266/0.926 L525=11.370/0.679 L526=1.378/0.504 L527=16.000/0.000
w_2100s,533,2443,1,26,25,261,260,-1,-1,censored,censored,L25=135.002/34.722 L259=49.181/16.355 L260=25.978/18.871 L262=11.497/0.703 L263=1.384/0.490 L264=1.364/0.481
w_2100s,533,2443,2,288,288,523,522,0,-1,censored,censored,L288=139.600/35.762 L521=48.362/14.712 L522=48.200/15.468 L525=11.909/0.738 L526=1.380/0.504 L527=16.000/0.000
w_2100s,534,2444,1,25,26,260,261,1,1,censored,censored,L26=134.656/35.668 L260=48.603/15.459 L261=25.494/18.590 L262=12.088/0.938 L263=1.378/0.488 L265=16.000/0.000
w_2100s,534,2444,2,288,288,522,523,0,1,censored,censored,L288=137.803/35.623 L522=48.528/15.652 L523=12.570/0.895 L525=11.798/0.721 L526=1.377/0.504 L527=16.000/0.000
w_2100s,535,2445,1,26,26,261,261,0,0,censored,censored,L26=136.203/35.866 L260=47.659/16.095 L261=26.225/19.398 L262=12.086/0.902 L263=1.358/0.483 L265=16.000/0.000
w_2100s,535,2445,2,288,288,523,523,0,0,censored,censored,L288=137.781/36.857 L522=47.667/15.143 L523=12.070/0.922 L525=11.623/0.742 L526=1.383/0.505 L527=16.000/0.000
w_2100s,536,2446,1,26,25,261,260,-1,-1,censored,censored,L25=134.278/35.926 L259=48.052/14.282 L260=25.742/18.721 L262=11.438/0.691 L263=1.395/0.492 L264=1.383/0.486
w_2100s,536,2446,2,288,288,523,522,0,-1,censored,censored,L288=135.886/37.763 L521=48.045/13.177 L522=47.295/13.195 L525=11.564/0.720 L526=1.395/0.520 L527=16.000/0.000
w_2100s,537,2447,1,25,26,260,261,1,1,censored,censored,L26=134.031/37.699 L260=46.666/13.266 L261=25.819/18.786 L262=11.906/0.866 L263=1.387/0.494 L265=16.000/0.000
w_2100s,537,2447,2,288,288,522,523,0,1,censored,censored,L288=137.492/38.549 L522=47.434/13.473 L523=11.909/0.924 L525=11.392/0.703 L526=1.372/0.515 L527=16.000/0.000
w_2100s,538,2448,1,26,25,261,260,-1,-1,censored,censored,L25=132.609/37.789 L259=49.538/14.063 L260=26.470/19.061 L262=11.522/0.670 L263=1.394/0.507 L264=1.367/0.482
w_2100s,538,2448,2,288,288,523,523,0,0,censored,censored,L288=135.986/38.059 L522=47.017/14.952 L523=12.516/0.971 L525=11.770/0.737 L526=1.383/0.517 L527=16.000/0.000
w_2100s,539,2449,1,25,25,260,260,0,0,censored,censored,L25=132.314/38.585 L259=50.400/15.443 L260=25.859/17.931 L262=11.902/0.699 L263=1.389/0.516 L264=1.377/0.485
w_2100s,539,2449,2,288,288,523,522,0,-1,censored,censored,L288=137.628/40.210 L521=49.919/16.312 L522=49.089/17.502 L525=11.769/0.705 L526=1.395/0.508 L527=16.000/0.000
w_2100s,540,2450,1,25,26,260,261,1,1,censored,censored,L26=131.986/39.851 L260=50.889/17.376 L261=24.242/16.408 L262=12.308/0.917 L263=1.378/0.488 L265=16.000/0.000
w_2100s,540,2450,2,288,288,522,522,0,0,censored,censored,L288=136.014/40.205 L521=51.252/17.279 L522=50.700/18.000 L525=11.967/0.759 L526=1.378/0.516 L527=16.000/0.000
w_2100s,541,2451,1,26,26,261,261,0,0,censored,censored,L26=133.044/40.744 L260=50.888/17.077 L261=24.691/16.658 L262=12.613/0.930 L263=1.373/0.490 L265=16.000/0.000
w_2100s,541,2451,2,288,288,522,522,0,0,censored,censored,L288=135.181/40.324 L521=50.697/16.088 L522=49.969/14.765 L525=11.983/0.761 L526=1.375/0.503 L527=16.000/0.000
w_2100s,542,2452,1,26,26,261,261,0,0,censored,censored,L26=131.991/41.159 L260=50.627/14.545 L261=23.517/16.375 L262=12.477/0.933 L263=1.383/0.496 L265=16.000/0.000
w_2100s,542,2452,2,288,288,522,522,0,0,censored,censored,L288=133.875/44.226 L521=49.647/16.007 L522=49.591/15.365 L525=12.264/0.708 L526=1.363/0.512 L527=16.000/0.000
w_2100s,543,2453,1,26,26,261,261,0,0,censored,censored,L26=130.355/41.141 L260=49.600/16.723 L261=25.055/18.333 L262=12.311/0.904 L263=1.389/0.503 L265=16.000/0.000
w_2100s,543,2453,2,288,288,522,522,0,0,censored,censored,L288=132.306/44.768 L521=50.362/17.860 L522=50.439/18.223 L525=11.925/0.721 L526=1.378/0.516 L527=16.000/0.000
w_2100s,544,2454,1,26,26,261,261,0,0,censored,censored,L26=130.742/41.128 L260=49.878/18.813 L261=25.003/17.954 L262=11.964/0.886 L263=1.402/0.500 L265=16.000/0.000
w_2100s,544,2454,2,288,288,522,522,0,0,censored,censored,L288=131.602/44.101 L521=52.442/18.821 L522=51.625/18.493 L525=12.200/0.719 L526=1.391/0.507 L527=16.000/0.000
w_2100s,545,2455,1,26,26,261,261,0,0,censored,censored,L26=130.666/40.388 L260=53.434/18.413 L261=25.686/19.639 L262=12.616/0.878 L263=1.389/0.500 L265=16.000/0.000
w_2100s,545,2455,2,288,288,522,522,0,0,censored,censored,L288=134.570/43.066 L521=56.022/21.400 L522=57.023/20.485 L525=12.070/0.720 L526=1.369/0.529 L527=16.000/0.000
w_2100s,546,2456,1,26,26,261,261,0,0,censored,censored,L26=129.923/39.902 L260=57.534/22.805 L261=25.988/19.758 L262=12.262/0.896 L263=1.387/0.497 L265=16.000/0.000
w_2100s,546,2456,2,288,288,522,522,0,0,censored,censored,L288=134.022/43.673 L521=56.109/22.488 L522=56.709/22.555 L525=11.831/0.724 L526=1.364/0.528 L527=16.000/0.000
w_2100s,547,2457,1,26,26,261,261,0,0,censored,censored,L26=128.973/40.036 L260=57.237/21.756 L261=24.331/17.697 L262=11.978/0.920 L263=1.384/0.511 L265=16.000/0.000
w_2100s,547,2457,2,288,288,522,522,0,0,censored,censored,L288=134.375/42.841 L521=58.816/27.136 L522=59.330/26.380 L525=11.672/0.679 L526=1.377/0.531 L527=16.000/0.000
w_2100s,548,2458,1,26,26,261,261,0,0,censored,censored,L26=131.692/40.477 L260=62.030/29.770 L261=24.984/18.272 L262=12.433/0.956 L263=1.367/0.492 L265=16.000/0.000
w_2100s,548,2458,2,288,288,522,522,0,0,censored,censored,L288=135.777/40.159 L521=62.780/36.394 L522=63.372/35.793 L525=12.070/0.694 L526=1.363/0.515 L527=16.000/0.000
w_2100s,549,2459,1,26,26,261,261,0,0,censored,censored,L26=132.878/39.710 L260=62.225/32.762 L261=23.681/16.401 L262=12.117/0.967 L263=1.389/0.494 L265=16.000/0.000
w_2100s,549,2459,2,288,288,522,522,0,0,censored,censored,L288=139.073/38.758 L521=56.737/19.586 L522=58.263/20.641 L525=11.594/0.667 L526=1.394/0.520 L527=16.000/0.000
w_2100s,550,2460,1,26,26,261,261,0,0,censored,censored,L26=136.897/37.142 L260=58.869/19.935 L261=24.922/17.357 L262=12.289/0.984 L263=1.369/0.492 L265=16.000/0.000
w_2100s,550,2460,2,288,288,522,522,0,0,censored,censored,L288=140.347/35.843 L521=58.938/19.913 L522=60.175/20.385 L525=11.659/0.754 L526=1.381/0.549 L527=16.000/0.000
w_2100s,551,2461,1,26,26,261,261,0,0,censored,censored,L26=139.733/34.303 L260=61.180/21.678 L261=24.417/16.814 L262=12.614/0.955 L263=1.391/0.510 L265=16.000/0.000
w_2100s,551,2461,2,288,288,522,522,0,0,censored,censored,L288=140.784/33.327 L521=61.142/21.218 L522=61.806/21.321 L525=11.703/0.728 L526=1.370/0.529 L527=16.000/0.000
w_2100s,552,2462,1,26,26,261,261,0,0,censored,censored,L26=137.858/32.386 L260=62.652/22.184 L261=23.913/16.681 L262=12.052/0.955 L263=1.387/0.500 L265=16.000/0.000
w_2100s,552,2462,2,288,288,522,522,0,0,censored,censored,L288=139.097/31.152 L521=62.003/21.281 L522=61.919/21.722 L525=11.823/0.721 L526=1.392/0.534 L527=16.000/0.000
w_2100s,553,2463,1,26,26,261,261,0,0,censored,censored,L26=134.830/28.246 L260=63.323/22.110 L261=24.497/17.506 L262=12.139/0.975 L263=1.378/0.491 L265=16.000/0.000
w_2100s,553,2463,2,288,288,522,522,0,0,censored,censored,L288=135.806/29.338 L521=61.777/22.307 L522=61.962/21.707 L525=11.647/0.676 L526=1.377/0.494 L527=16.000/0.000
w_2100s,554,2464,1,26,26,261,261,0,0,censored,censored,L26=130.056/29.340 L260=62.630/21.632 L261=25.894/19.448 L262=11.722/0.946 L263=1.378/0.488 L265=16.000/0.000
w_2100s,554,2464,2,288,288,522,522,0,0,censored,censored,L288=127.862/32.684 L521=62.423/21.319 L522=62.973/22.000 L525=11.566/0.708 L526=1.384/0.518 L527=16.000/0.000
w_2100s,555,2465,1,26,26,261,261,0,0,censored,censored,L26=125.575/30.611 L260=63.616/21.165 L261=25.533/19.097 L262=11.955/0.955 L263=1.381/0.489 L265=16.000/0.000
w_2100s,555,2465,2,288,288,522,522,0,0,censored,censored,L288=122.686/35.398 L521=60.647/20.980 L522=61.720/20.534 L525=11.491/0.711 L526=1.373/0.503 L527=16.000/0.000
w_2100s,556,2466,1,26,26,261,261,0,0,censored,censored,L26=117.720/34.993 L260=63.305/20.386 L261=25.948/19.941 L262=11.541/0.885 L263=1.386/0.496 L265=16.000/0.000
w_2100s,556,2466,2,288,288,522,523,0,1,censored,censored,L288=118.494/38.014 L522=62.392/19.904 L523=12.330/0.950 L525=11.431/0.708 L526=1.395/0.520 L527=16.000/0.000
w_2100s,557,2467,1,26,26,261,261,0,0,censored,censored,L26=119.092/35.575 L260=64.138/20.484 L261=28.106/22.454 L262=11.897/0.933 L263=1.372/0.487 L265=16.000/0.000
w_2100s,557,2467,2,288,288,523,523,0,0,censored,censored,L288=121.502/37.506 L522=62.114/19.565 L523=12.508/0.922 L525=11.886/0.708 L526=1.369/0.502 L527=16.000/0.000
w_2100s,558,2468,1,26,26,261,261,0,0,censored,censored,L26=122.742/34.564 L260=63.109/18.301 L261=26.753/21.946 L262=11.611/1.056 L263=1.381/0.508 L265=16.000/0.000
w_2100s,558,2468,2,288,288,523,522,0,-1,censored,censored,L288=120.322/37.105 L521=63.833/17.661 L522=62.619/18.048 L525=11.405/0.618 L526=1.370/0.514 L527=16.000/0.000
w_2100s,559,2469,1,26,26,261,261,0,0,censored,censored,L26=117.241/35.141 L260=64.931/19.856 L261=31.655/26.209 L262=11.541/0.911 L263=1.386/0.496 L265=16.000/0.000
w_2100s,559,2469,2,288,288,522,522,0,0,censored,censored,L288=116.803/36.353 L521=67.261/23.067 L522=65.287/21.639 L525=11.428/0.672 L526=1.375/0.503 L527=16.000/0.000
w_2100s,560,2470,1,26,26,261,261,0,0,censored,censored,L26=113.888/38.031 L260=68.581/22.113 L261=32.972/28.204 L262=11.977/0.934 L263=1.359/0.489 L265=16.000/0.000
w_2100s,560,2470,2,288,288,522,522,0,0,censored,censored,L288=108.577/40.012 L521=70.423/24.063 L522=70.033/22.909 L525=11.438/0.743 L526=1.383/0.517 L527=16.000/0.000
w_2100s,561,2471,1,26,26,261,261,0,0,censored,censored,L26=102.250/37.573 L260=65.908/18.873 L261=33.989/30.202 L262=12.178/0.979 L263=1.398/0.499 L265=16.000/0.000
w_2100s,561,2471,2,288,288,522,523,0,1,censored,censored,L288=97.606/37.908 L522=63.691/21.978 L523=12.470/0.856 L525=11.567/0.653 L526=1.389/0.506 L527=16.000/0.000
w_2100s,562,2472,1,26,26,261,261,0,0,censored,censored,L26=96.037/37.776 L260=64.586/21.495 L261=35.886/31.652 L262=11.977/0.933 L263=1.366/0.494 L265=16.000/0.000
w_2100s,562,2472,2,288,288,523,523,0,0,censored,censored,L288=93.853/37.116 L522=61.667/22.676 L523=12.378/0.969 L525=11.861/0.789 L526=1.355/0.501 L527=16.000/0.000
w_2100s,563,2473,1,26,26,261,261,0,0,censored,censored,L26=96.059/37.936 L260=65.483/23.955 L261=36.233/32.568 L262=12.047/1.011 L263=1.380/0.495 L265=16.000/0.000
w_2100s,563,2473,2,288,288,523,523,0,0,censored,censored,L288=95.586/38.801 L522=64.609/25.416 L523=12.350/0.948 L525=11.853/0.806 L526=1.364/0.500 L527=16.000/0.000
w_2100s,564,2474,1,26,26,261,261,0,0,censored,censored,L26=97.575/41.252 L260=66.266/25.910 L261=37.553/35.223 L262=12.270/1.011 L263=1.397/0.517 L265=16.000/0.000
w_2100s,564,2474,2,288,288,523,523,0,0,censored,censored,L288=98.386/42.311 L522=66.520/26.436 L523=12.648/0.930 L525=11.583/0.715 L526=1.378/0.516 L527=16.000/0.000
w_2100s,565,2475,1,26,26,261,261,0,0,censored,censored,L26=99.584/41.285 L260=66.391/27.285 L261=41.575/38.489 L262=12.111/0.971 L263=1.381/0.502 L265=16.000/0.000
w_2100s,565,2475,2,288,288,523,523,0,0,censored,censored,L288=100.039/40.338 L522=64.264/26.932 L523=12.483/1.009 L525=12.017/0.834 L526=1.398/0.521 L527=16.000/0.000
w_2100s,566,2476,1,26,26,261,261,0,0,censored,censored,L26=101.356/41.165 L260=63.367/29.107 L261=40.823/39.107 L262=11.747/1.033 L263=1.384/0.496 L265=16.000/0.000
w_2100s,566,2476,2,288,288,523,523,0,0,censored,censored,L288=99.897/42.087 L522=64.597/29.955 L523=12.669/0.973 L525=11.561/0.691 L526=1.372/0.502 L527=16.000/0.000
w_2100s,567,2477,1,26,26,261,261,0,0,censored,censored,L26=97.644/43.736 L260=67.500/29.871 L261=43.869/41.325 L262=12.003/0.965 L263=1.364/0.503 L265=16.000/0.000
w_2100s,567,2477,2,288,288,523,523,0,0,censored,censored,L288=97.222/46.819 L522=67.431/29.350 L523=12.978/0.950 L525=11.238/0.770 L526=1.352/0.524 L527=16.000/0.000
w_2100s,568,2478,1,26,25,261,260,-1,-1,censored,censored,L25=101.308/46.758 L259=68.006/30.793 L260=44.520/43.570 L262=11.523/0.726 L263=1.409/0.504 L264=1.364/0.481
w_2100s,568,2478,2,288,288,523,522,0,-1,censored,censored,L288=104.380/47.202 L521=67.323/32.169 L522=67.283/31.761 L525=11.450/0.740 L526=1.380/0.504 L527=16.000/0.000
w_2100s,569,2479,1,25,26,260,261,1,1,censored,censored,L26=106.250/45.648 L260=68.200/32.542 L261=45.192/45.131 L262=11.997/0.949 L263=1.377/0.497 L265=16.000/0.000
w_2100s,569,2479,2,288,288,522,523,0,1,censored,censored,L288=107.572/47.279 L522=66.834/33.325 L523=12.030/0.942 L525=11.530/0.684 L526=1.386/0.518 L527=16.000/0.000
w_2100s,570,2480,1,26,26,261,261,0,0,censored,censored,L26=110.798/45.591 L260=68.222/35.113 L261=45.078/45.682 L262=12.164/1.063 L263=1.381/0.489 L265=16.000/0.000
w_2100s,570,2480,2,288,288,523,523,0,0,censored,censored,L288=114.206/45.333 L522=67.258/32.573 L523=12.242/0.950 L525=11.633/0.712 L526=1.397/0.508 L527=16.000/0.000
w_2100s,571,2481,1,26,26,261,261,0,0,censored,censored,L26=117.445/44.862 L260=67.502/34.675 L261=45.641/44.892 L262=12.722/1.034 L263=1.370/0.496 L265=16.000/0.000
w_2100s,571,2481,2,288,288,523,522,0,-1,censored,censored,L288=118.945/46.444 L521=67.273/34.123 L522=66.725/31.928 L525=11.350/0.691 L526=1.375/0.503 L527=16.000/0.000
w_2100s,572,2482,1,26,26,261,261,0,0,censored,censored,L26=119.120/46.106 L260=68.634/33.394 L261=45.119/44.322 L262=12.570/0.948 L263=1.377/0.494 L265=16.000/0.000
w_2100s,572,2482,2,288,288,522,522,0,0,censored,censored,L288=116.611/53.815 L521=69.289/32.433 L522=69.128/32.900 L525=11.998/0.794 L526=1.377/0.516 L527=16.000/0.000
w_2100s,573,2483,1,26,26,261,261,0,0,censored,censored,L26=121.628/49.095 L260=68.495/32.650 L261=45.478/44.305 L262=12.627/0.966 L263=1.381/0.492 L265=16.000/0.000
w_2100s,573,2483,2,288,288,522,523,0,1,censored,censored,L288=121.561/53.781 L522=67.820/32.472 L523=12.873/0.865 L525=11.928/0.759 L526=1.375/0.518 L527=16.000/0.000
w_2100s,574,2484,1,26,25,261,260,-1,-1,censored,censored,L25=129.902/48.860 L259=67.573/32.766 L260=43.109/43.923 L262=11.780/0.727 L263=1.375/0.509 L264=1.372/0.483
w_2100s,574,2484,2,288,288,523,523,0,0,censored,censored,L288=130.658/53.278 L522=67.258/31.581 L523=12.300/0.977 L525=11.875/0.714 L526=1.391/0.507 L527=16.000/0.000
w_2100s,575,2485,1,25,26,260,261,1,1,censored,censored,L26=134.436/46.863 L260=67.747/33.778 L261=45.522/45.812 L262=12.203/0.948 L263=1.394/0.495 L265=16.000/0.000
w_2100s,575,2485,2,288,288,523,523,0,0,censored,censored,L288=137.158/51.505 L522=66.841/32.446 L523=12.639/0.966 L525=11.781/0.730 L526=1.389/0.533 L527=16.000/0.000
w_2100s,576,2486,1,26,26,261,261,0,0,censored,censored,L26=137.897/44.933 L260=68.769/32.610 L261=44.598/45.092 L262=12.591/1.001 L263=1.367/0.485 L265=16.000/0.000
w_2100s,576,2486,2,288,288,523,523,0,0,censored,censored,L288=141.136/50.514 L522=67.284/32.410 L523=13.109/1.028 L525=11.933/0.775 L526=1.391/0.519 L527=16.000/0.000
w_2100s,577,2487,1,26,26,261,261,0,0,censored,censored,L26=138.833/44.744 L260=67.402/32.136 L261=43.536/43.583 L262=12.783/1.074 L263=1.392/0.491 L265=16.000/0.000
w_2100s,577,2487,2,288,288,523,523,0,0,censored,censored,L288=142.270/50.030 L522=63.663/30.407 L523=12.819/0.919 L525=11.975/0.786 L526=1.375/0.530 L527=16.000/0.000
w_2100s,578,2488,1,26,26,261,261,0,0,censored,censored,L26=142.078/43.092 L260=62.581/30.593 L261=41.914/42.213 L262=12.659/0.947 L263=1.391/0.494 L265=16.000/0.000
w_2100s,578,2488,2,288,288,523,523,0,0,censored,censored,L288=142.673/44.708 L522=62.875/29.869 L523=12.823/0.845 L525=11.831/0.748 L526=1.395/0.520 L527=16.000/0.000
w_2100s,579,2489,1,26,26,261,261,0,0,censored,censored,L26=144.425/42.620 L260=61.594/31.732 L261=39.786/41.330 L262=12.392/0.939 L263=1.391/0.516 L265=16.000/0.000
w_2100s,579,2489,2,288,288,523,523,0,0,censored,censored,L288=146.000/44.778 L522=61.480/31.292 L523=12.628/0.993 L525=12.216/0.797 L526=1.398/0.521 L527=16.000/0.000
w_2100s,580,2490,1,26,26,261,261,0,0,censored,censored,L26=147.920/42.253 L260=62.552/32.687 L261=41.800/42.598 L262=12.516/0.965 L263=1.378/0.494 L265=16.000/0.000
w_2100s,580,2490,2,288,288,523,523,0,0,censored,censored,L288=150.075/43.195 L522=61.188/33.225 L523=12.964/0.965 L525=11.850/0.715 L526=1.375/0.515 L527=16.000/0.000
w_2100s,581,2491,1,26,26,261,261,0,0,censored,censored,L26=157.173/28.217 L260=63.612/33.654 L261=41.552/41.819 L262=12.606/0.949 L263=1.381/0.498 L265=16.000/0.000
w_2100s,581,2491,2,288,288,523,523,0,0,censored,censored,L288=160.006/32.105 L522=62.888/33.915 L523=12.973/0.904 L525=12.217/0.732 L526=1.364/0.513 L527=16.000/0.000
w_2100s,582,2492,1,26,26,261,261,0,0,censored,censored,L26=157.167/27.867 L260=63.919/33.241 L261=42.725/43.310 L262=12.530/0.998 L263=1.406/0.497 L265=16.000/0.000
w_2100s,582,2492,2,288,288,523,523,0,0,censored,censored,L288=159.375/30.477 L522=62.380/33.978 L523=12.672/0.946 L525=11.823/0.726 L526=1.372/0.530 L527=16.000/0.000
w_2100s,583,2493,1,26,26,261,261,0,0,censored,censored,L26=157.283/27.908 L260=62.198/32.906 L261=42.102/42.849 L262=12.383/1.001 L263=1.402/0.500 L265=16.000/0.000
w_2100s,583,2493,2,288,288,523,522,0,-1,censored,censored,L288=158.294/31.622 L521=62.263/32.929 L522=61.538/32.378 L525=11.597/0.689 L526=1.378/0.504 L527=16.000/0.000
w_2100s,584,2494,1,26,26,261,261,0,0,censored,censored,L26=156.647/28.829 L260=62.853/32.062 L261=43.259/43.126 L262=12.378/0.981 L263=1.397/0.505 L265=16.000/0.000
w_2100s,584,2494,2,288,288,522,523,0,1,censored,censored,L288=159.944/32.919 L522=63.791/33.475 L523=11.952/0.942 L525=11.834/0.755 L526=1.378/0.504 L527=16.000/0.000
w_2100s,585,2495,1,26,25,261,260,-1,-1,censored,censored,L25=156.172/28.357 L259=63.928/33.367 L260=43.503/43.222 L262=11.631/0.730 L263=1.380/0.492 L264=1.380/0.485
w_2100s,585,2495,2,288,288,523,522,0,-1,censored,censored,L288=159.691/33.040 L521=62.342/33.264 L522=61.639/32.485 L525=11.941/0.739 L526=1.384/0.535 L527=16.000/0.000
w_2100s,586,2496,1,25,26,260,261,1,1,censored,censored,L26=156.217/28.610 L260=63.438/33.592 L261=42.553/43.649 L262=12.181/0.956 L263=1.380/0.498 L265=16.000/0.000
w_2100s,586,2496,2,288,288,522,522,0,0,censored,censored,L288=157.709/32.207 L521=62.642/32.717 L522=63.456/33.686 L525=11.941/0.741 L526=1.386/0.506 L527=16.000/0.000
w_2100s,587,2497,1,26,26,261,261,0,0,censored,censored,L26=157.912/28.987 L260=63.897/34.391 L261=43.217/43.406 L262=12.302/0.948 L263=1.366/0.488 L265=16.000/0.000
w_2100s,587,2497,2,288,288,522,522,0,0,censored,censored,L288=158.755/32.038 L521=63.419/32.742 L522=64.108/34.520 L525=12.256/0.825 L526=1.380/0.517 L527=16.000/0.000
w_2100s,588,2498,1,26,26,261,261,0,0,censored,censored,L26=157.644/28.756 L260=62.862/33.667 L261=43.119/43.352 L262=12.491/0.925 L263=1.386/0.490 L265=16.000/0.000
w_2100s,588,2498,2,288,288,522,522,0,0,censored,censored,L288=158.675/31.795 L521=62.722/33.925 L522=62.727/33.880 L525=11.938/0.756 L526=1.395/0.508 L527=16.000/0.000
w_2100s,589,2499,1,26,26,261,261,0,0,censored,censored,L26=158.292/28.407 L260=62.998/33.416 L261=44.587/44.625 L262=11.958/0.949 L263=1.359/0.493 L265=16.000/0.000
w_2100s,589,2499,2,288,288,522,522,0,0,censored,censored,L288=157.780/31.803 L521=62.755/33.712 L522=63.669/34.728 L525=12.353/0.837 L526=1.397/0.508 L527=16.000/0.000
w_2100s,590,2500,1,26,26,261,261,0,0,censored,censored,L26=158.330/27.913 L260=62.959/34.107 L261=44.220/44.282 L262=12.436/1.020 L263=1.397/0.523 L265=16.000/0.000
w_2100s,590,2500,2,288,288,522,522,0,0,censored,censored,L288=158.902/31.897 L521=62.683/33.481 L522=63.436/34.055 L525=11.864/0.745 L526=1.372/0.515 L527=16.000/0.000
w_2100s,591,2501,1,26,26,261,261,0,0,censored,censored,L26=158.072/28.055 L260=62.153/33.796 L261=43.992/44.225 L262=12.470/0.993 L263=1.389/0.491 L265=16.000/0.000
w_2100s,591,2501,2,288,288,522,522,0,0,censored,censored,L288=159.572/31.149 L521=62.220/32.637 L522=62.578/33.216 L525=11.981/0.772 L526=1.391/0.507 L527=16.000/0.000
w_2100s,592,2502,1,26,26,261,261,0,0,censored,censored,L26=158.534/27.829 L260=61.684/32.952 L261=43.927/43.780 L262=12.552/1.067 L263=1.372/0.490 L265=16.000/0.000
w_2100s,592,2502,2,288,288,522,522,0,0,censored,censored,L288=158.198/31.541 L521=61.873/32.913 L522=61.653/32.026 L525=11.730/0.791 L526=1.377/0.516 L527=16.000/0.000
w_2100s,593,2503,1,26,26,261,261,0,0,censored,censored,L26=157.208/28.349 L260=62.934/32.862 L261=43.744/44.081 L262=12.463/0.993 L263=1.373/0.490 L265=16.000/0.000
w_2100s,593,2503,2,288,288,522,522,0,0,censored,censored,L288=159.297/32.034 L521=62.884/34.783 L522=60.708/32.499 L525=11.667/0.685 L526=1.378/0.516 L527=16.000/0.000
w_2100s,594,2504,1,26,26,261,261,0,0,censored,censored,L26=158.044/28.443 L260=64.333/35.315 L261=44.200/43.673 L262=12.670/0.992 L263=1.378/0.507 L265=16.000/0.000
w_2100s,594,2504,2,288,288,522,522,0,0,censored,censored,L288=161.034/31.841 L521=63.433/35.338 L522=62.128/33.696 L525=12.030/0.868 L526=1.378/0.516 L527=16.000/0.000
w_2100s,595,2505,1,26,26,261,261,0,0,censored,censored,L26=158.808/28.249 L260=64.570/34.765 L261=43.913/44.786 L262=12.369/1.060 L263=1.384/0.493 L265=16.000/0.000
w_2100s,595,2505,2,288,288,522,522,0,0,censored,censored,L288=158.889/31.500 L521=65.258/35.203 L522=64.273/33.895 L525=11.731/0.739 L526=1.384/0.532 L527=16.000/0.000
w_2100s,596,2506,1,26,26,261,261,0,0,censored,censored,L26=159.283/27.377 L260=66.517/35.133 L261=45.791/45.267 L262=12.759/1.036 L263=1.392/0.501 L265=16.000/0.000
w_2100s,596,2506,2,288,288,522,522,0,0,censored,censored,L288=160.228/31.644 L521=66.941/35.813 L522=65.555/34.029 L525=11.967/0.791 L526=1.369/0.502 L527=16.000/0.000
w_2100s,597,2507,1,26,26,261,261,0,0,censored,censored,L26=159.186/27.368 L260=67.978/35.287 L261=45.948/46.057 L262=12.397/0.948 L263=1.358/0.489 L265=16.000/0.000
w_2100s,597,2507,2,288,288,522,522,0,0,censored,censored,L288=160.823/30.306 L521=66.902/35.429 L522=65.103/34.456 L525=11.952/0.768 L526=1.392/0.519 L527=16.000/0.000
w_2100s,598,2508,1,26,25,261,260,-1,-1,censored,censored,L25=158.523/27.065 L259=66.920/35.572 L260=47.028/47.185 L262=11.363/0.632 L263=1.366/0.494 L264=1.348/0.476
w_2100s,598,2508,2,288,288,522,523,0,1,censored,censored,L288=161.938/30.819 L522=65.725/35.871 L523=12.244/0.997 L525=11.600/0.698 L526=1.383/0.517 L527=16.000/0.000
w_2100s,599,2509,1,25,26,260,261,1,1,censored,censored,L26=160.414/27.728 L260=65.714/36.037 L261=46.672/46.690 L262=11.844/0.931 L263=1.366/0.488 L265=16.000/0.000
w_2100s,599,2509,2,288,288,523,522,0,-1,censored,censored,L288=158.034/30.630 L521=65.777/35.850 L522=64.989/36.738 L525=11.611/0.731 L526=1.375/0.503 L527=16.000/0.000
w_2100s,600,2510,1,26,26,261,261,0,0,censored,censored,L26=159.619/27.921 L260=65.428/36.246 L261=46.270/47.154 L262=11.792/0.911 L263=1.391/0.504 L265=16.000/0.000
w_2100s,600,2510,2,288,288,522,522,0,0,censored,censored,L288=160.698/30.417 L521=65.006/36.619 L522=64.092/36.810 L525=11.314/0.647 L526=1.369/0.502 L527=16.000/0.000
w_2100s,601,2511,1,26,26,261,261,0,0,censored,censored,L26=156.744/30.122 L260=65.875/36.982 L261=47.259/47.581 L262=12.202/0.938 L263=1.377/0.488 L265=16.000/0.000
w_2100s,601,2511,2,288,288,522,523,0,1,censored,censored,L288=159.081/32.050 L522=66.450/36.802 L523=12.200/0.960 L525=11.428/0.710 L526=1.375/0.515 L527=16.000/0.000
w_2100s,602,2512,1,26,25,261,260,-1,-1,censored,censored,L25=157.841/29.091 L259=67.392/37.360 L260=47.439/47.682 L262=11.467/0.704 L263=1.384/0.496 L264=1.386/0.487
w_2100s,602,2512,2,288,288,523,522,0,-1,censored,censored,L288=161.031/36.637 L521=66.347/36.922 L522=65.731/36.003 L525=11.533/0.672 L526=1.372/0.515 L527=16.000/0.000
w_2100s,603,2513,1,25,25,260,260,0,0,censored,censored,L25=161.756/19.978 L259=67.802/37.457 L260=49.366/48.807 L262=11.289/0.715 L263=1.383/0.492 L264=1.377/0.485
w_2100s,603,2513,2,288,288,522,522,0,0,censored,censored,L288=165.428/27.545 L521=66.906/37.187 L522=67.269/36.577 L525=11.567/0.732 L526=1.345/0.507 L527=16.000/0.000
w_2100s,604,2514,1,25,26,260,261,1,1,censored,censored,L26=165.942/16.063 L260=68.427/37.657 L261=47.688/48.104 L262=11.617/0.938 L263=1.380/0.498 L265=16.000/0.000
w_2100s,604,2514,2,288,288,522,522,0,0,censored,censored,L288=168.694/18.938 L521=69.220/37.789 L522=69.122/38.001 L525=11.623/0.750 L526=1.373/0.503 L527=16.000/0.000
w_2100s,605,2515,1,26,26,261,261,0,0,censored,censored,L26=165.589/16.408 L260=69.548/37.845 L261=49.897/49.582 L262=11.820/0.992 L263=1.375/0.494 L265=16.000/0.000
w_2100s,605,2515,2,288,288,522,523,0,1,censored,censored,L288=170.592/19.337 L522=69.248/37.987 L523=12.273/0.987 L525=11.573/0.740 L526=1.395/0.508 L527=16.000/0.000
w_2100s,606,2516,1,26,25,261,260,-1,-1,censored,censored,L25=164.983/16.282 L259=68.858/37.610 L260=49.434/49.189 L262=11.023/0.681 L263=1.397/0.496 L264=1.381/0.486
w_2100s,606,2516,2,288,288,523,522,0,-1,censored,censored,L288=169.214/18.717 L521=69.475/37.326 L522=70.017/37.917 L525=11.238/0.731 L526=1.363/0.512 L527=16.000/0.000
w_2100s,607,2517,1,25,25,260,260,0,0,censored,censored,L25=165.475/16.337 L259=70.023/37.743 L260=50.011/49.415 L262=11.027/0.725 L263=1.380/0.485 L264=1.355/0.478
w_2100s,607,2517,2,288,288,522,522,0,0,censored,censored,L288=170.406/18.715 L521=69.194/37.825 L522=68.839/36.950 L525=11.619/0.719 L526=1.383/0.532 L527=16.000/0.000
w_2100s,608,2518,1,25,26,260,261,1,1,censored,censored,L26=163.169/17.042 L260=70.197/37.087 L261=48.995/49.120 L262=12.198/0.968 L263=1.391/0.491 L265=16.000/0.000
w_2100s,608,2518,2,288,288,522,522,0,0,censored,censored,L288=168.208/18.191 L521=70.817/36.994 L522=70.445/36.387 L525=11.355/0.621 L526=1.378/0.516 L527=16.000/0.000
w_2100s,609,2519,1,26,26,261,261,0,0,censored,censored,L26=164.145/17.094 L260=71.705/37.571 L261=48.031/48.962 L262=12.136/0.964 L263=1.370/0.483 L265=16.000/0.000
w_2100s,609,2519,2,288,288,522,522,0,0,censored,censored,L288=168.750/18.146 L521=71.759/37.152 L522=72.186/36.918 L525=11.805/0.719 L526=1.377/0.516 L527=16.000/0.000
w_2100s,610,2520,1,26,26,261,261,0,0,censored,censored,L26=163.553/17.345 L260=73.323/37.340 L261=51.103/50.132 L262=13.250/1.132 L263=1.364/0.516 L265=16.000/0.000
w_2100s,610,2520,2,288,288,522,522,0,0,censored,censored,L288=168.003/18.129 L521=71.030/37.056 L522=70.428/36.193 L525=11.989/0.728 L526=1.395/0.520 L527=16.000/0.000
w_2100s,611,2521,1,26,26,261,261,0,0,censored,censored,L26=163.792/17.696 L260=72.928/37.622 L261=51.356/48.958 L262=12.238/0.979 L263=1.366/0.491 L265=16.000/0.000
w_2100s,611,2521,2,288,288,522,522,0,0,censored,censored,L288=166.227/17.575 L521=72.941/37.093 L522=73.173/36.973 L525=12.400/0.819 L526=1.370/0.529 L527=16.000/0.000
w_2100s,612,2522,1,26,26,261,261,0,0,censored,censored,L26=164.519/17.233 L260=74.984/37.822 L261=49.688/49.300 L262=12.475/1.041 L263=1.398/0.499 L265=16.000/0.000
w_2100s,612,2522,2,288,288,522,522,0,0,censored,censored,L288=166.308/17.825 L521=74.005/37.909 L522=73.759/37.320 L525=11.961/0.756 L526=1.384/0.505 L527=16.000/0.000
w_2100s,613,2523,1,26,26,261,261,0,0,censored,censored,L26=163.309/17.683 L260=74.422/37.560 L261=50.448/49.780 L262=12.111/0.971 L263=1.359/0.483 L265=16.000/0.000
w_2100s,613,2523,2,288,288,522,522,0,0,censored,censored,L288=165.545/18.410 L521=74.158/37.348 L522=76.711/37.566 L525=11.745/0.722 L526=1.397/0.508 L527=16.000/0.000
w_2100s,614,2524,1,26,26,261,261,0,0,censored,censored,L26=164.816/18.226 L260=75.542/37.288 L261=50.742/49.859 L262=11.938/0.925 L263=1.394/0.495 L265=16.000/0.000
w_2100s,614,2524,2,288,288,522,523,0,1,censored,censored,L288=167.161/20.206 L522=76.447/37.375 L523=12.312/0.922 L525=11.297/0.661 L526=1.381/0.517 L527=16.000/0.000
w_2100s,615,2525,1,26,25,261,260,-1,-1,censored,censored,L25=164.411/17.896 L259=77.020/37.650 L260=51.433/50.020 L262=11.194/0.748 L263=1.381/0.492 L264=1.384/0.486
w_2100s,615,2525,2,288,288,523,522,0,-1,censored,censored,L288=168.147/20.596 L521=77.102/37.324 L522=77.537/37.149 L525=11.406/0.676 L526=1.392/0.498 L527=16.000/0.000
w_2100s,616,2526,1,25,25,260,260,0,0,censored,censored,L25=165.003/17.613 L259=78.323/37.173 L260=51.897/50.533 L262=11.320/0.682 L263=1.394/0.492 L264=1.369/0.482
w_2100s,616,2526,2,288,288,522,522,0,0,censored,censored,L288=167.512/18.152 L521=78.698/37.699 L522=78.638/37.315 L525=11.473/0.677 L526=1.387/0.533 L527=16.000/0.000
w_2100s,617,2527,1,25,26,260,261,1,1,censored,censored,L26=164.078/17.535 L260=78.798/37.318 L261=49.719/49.207 L262=12.725/1.001 L263=1.389/0.503 L265=16.000/0.000
w_2100s,617,2527,2,288,288,522,522,0,0,censored,censored,L288=166.967/18.708 L521=78.838/36.924 L522=78.402/36.913 L525=11.528/0.724 L526=1.383/0.517 L527=16.000/0.000
w_2100s,618,2528,1,26,26,261,261,0,0,censored,censored,L26=163.517/17.209 L260=78.455/36.965 L261=49.733/49.478 L262=11.347/0.933 L263=1.391/0.497 L265=16.000/0.000
w_2100s,618,2528,2,288,288,522,522,0,0,censored,censored,L288=166.208/18.601 L521=78.577/36.747 L522=77.873/36.203 L525=11.309/0.755 L526=1.350/0.509 L527=16.000/0.000
w_2100s,619,2529,1,26,26,261,261,0,0,censored,censored,L26=163.028/17.383 L260=80.316/36.729 L261=48.936/49.170 L262=11.558/0.971 L263=1.395/0.492 L265=16.000/0.000
w_2100s,619,2529,2,288,288,522,522,0,0,censored,censored,L288=167.206/18.835 L521=78.353/36.662 L522=78.675/36.201 L525=11.331/0.687 L526=1.397/0.508 L527=16.000/0.000
w_2100s,620,2530,1,26,26,261,261,0,0,censored,censored,L26=164.045/17.706 L260=79.394/36.689 L261=47.581/48.374 L262=11.441/0.944 L263=1.372/0.496 L265=16.000/0.000
w_2100s,620,2530,2,288,288,522,522,0,0,censored,censored,L288=164.369/18.048 L521=78.381/36.341 L522=77.777/36.085 L525=11.333/0.712 L526=1.386/0.506 L527=16.000/0.000
