capture,ordinal,counter,field,previous_picture_top_line,picture_top_line,previous_switch_first_line,switch_first_line,dp,ds,previous_status,status,raw_rows
composite,212,6254,1,24,24,262,262,0,0,censored,censored,L24=26.930/1.612 L261=22.634/1.260 L262=16.072/6.420 L263=10.963/0.876 L264=1.400/0.521
composite,212,6254,2,286,286,524,524,0,0,inferred,inferred,L286=5.280/1.009 L523=22.842/1.788 L524=16.728/6.792 L525=10.203/0.892 L526=1.372/0.496
composite,215,6257,1,24,24,262,261,0,-1,censored,censored,L24=25.819/1.088 L260=21.425/1.456 L261=16.272/6.101 L262=10.436/0.930 L263=1.395/0.489
composite,215,6257,2,286,286,524,524,0,0,inferred,inferred,L286=25.983/1.385 L523=22.467/1.106 L524=16.541/6.204 L525=10.936/0.854 L526=1.384/0.505
composite,217,6259,1,24,24,261,261,0,0,censored,censored,L24=25.773/1.103 L260=21.619/1.574 L261=16.414/6.277 L262=10.184/0.882 L263=1.381/0.492
composite,217,6259,2,286,286,524,524,0,0,inferred,inferred,L286=25.609/1.350 L523=22.295/1.171 L524=16.516/6.133 L525=10.933/0.842 L526=1.386/0.506
composite,218,6260,1,24,24,261,261,0,0,censored,censored,L24=25.548/1.101 L260=22.230/1.480 L261=16.834/6.366 L262=10.214/0.860 L263=1.369/0.492
composite,218,6260,2,286,286,524,524,0,0,inferred,inferred,L286=26.147/1.403 L523=22.453/1.228 L524=16.692/6.074 L525=11.083/0.828 L526=1.366/0.501
composite,219,6261,1,24,24,261,261,0,0,censored,censored,L24=25.900/1.133 L260=22.216/1.645 L261=16.741/6.631 L262=10.075/0.841 L263=1.386/0.490
composite,219,6261,2,286,286,524,524,0,0,inferred,inferred,L286=26.109/1.321 L523=22.436/1.284 L524=16.847/6.159 L525=11.075/0.839 L526=1.384/0.505
composite,220,6262,1,24,24,261,261,0,0,censored,censored,L24=25.648/1.171 L260=22.155/1.733 L261=16.769/6.623 L262=10.216/0.937 L263=1.384/0.499
composite,220,6262,2,286,286,524,524,0,0,inferred,inferred,L286=26.323/1.484 L523=22.367/1.308 L524=16.980/6.151 L525=11.306/0.812 L526=1.380/0.504
composite,221,6263,1,24,24,261,261,0,0,censored,censored,L24=25.830/1.134 L260=22.327/1.710 L261=16.819/6.666 L262=10.033/0.848 L263=1.373/0.487
composite,221,6263,2,286,286,524,524,0,0,inferred,inferred,L286=26.714/1.579 L523=22.597/1.306 L524=16.909/6.128 L525=11.050/0.793 L526=1.372/0.493
composite,222,6264,1,24,24,261,261,0,0,censored,censored,L24=25.627/1.162 L260=22.709/1.624 L261=17.008/6.739 L262=10.272/0.897 L263=1.370/0.486
composite,222,6264,2,286,286,524,524,0,0,inferred,inferred,L286=26.756/1.462 L523=22.908/1.350 L524=17.170/6.371 L525=11.328/0.860 L526=1.403/0.536
composite,223,6265,1,24,24,261,261,0,0,censored,censored,L24=25.989/1.049 L260=22.856/1.619 L261=17.308/6.898 L262=10.522/0.982 L263=1.394/0.492
composite,223,6265,2,286,286,524,524,0,0,inferred,inferred,L286=27.247/1.453 L523=23.495/1.421 L524=17.691/6.261 L525=11.727/0.901 L526=1.372/0.502
composite,224,6266,1,24,24,261,261,0,0,censored,censored,L24=26.700/1.064 L260=23.167/1.498 L261=17.375/6.920 L262=10.745/0.932 L263=1.358/0.489
composite,224,6266,2,286,286,524,524,0,0,inferred,inferred,L286=27.514/1.599 L523=23.420/1.368 L524=17.441/6.306 L525=11.516/0.889 L526=1.386/0.518
composite,225,6267,1,24,24,261,261,0,0,censored,censored,L24=26.339/1.027 L260=22.875/1.637 L261=16.917/6.618 L262=10.711/0.857 L263=1.386/0.493
composite,225,6267,2,286,286,524,524,0,0,inferred,inferred,L286=27.017/1.649 L523=23.312/1.347 L524=20.363/4.840 L525=11.613/0.842 L526=1.395/0.508
composite,226,6268,1,24,24,261,261,0,0,censored,censored,L24=26.636/1.425 L260=22.731/1.345 L261=22.031/1.929 L262=15.363/5.612 L263=1.391/0.491
composite,226,6268,2,286,286,524,524,0,0,inferred,inferred,L286=8.662/3.379 L523=23.580/1.824 L524=23.181/2.277 L525=20.442/4.678 L526=1.408/0.510
composite,227,6269,1,24,25,261,261,1,0,censored,censored,L25=21.831/18.186 L260=23.137/1.152 L261=22.177/1.540 L262=21.548/1.416 L263=1.378/0.491 L264=1.395/0.489
composite,227,6269,2,286,286,524,525,0,1,inferred,inferred,L286=22.773/8.752 L524=23.528/1.506 L525=23.816/1.227 L526=1.383/0.505
composite,228,6270,1,25,25,261,262,0,1,censored,censored,L25=26.783/8.985 L261=24.323/1.288 L262=23.916/1.339 L263=1.380/0.501 L264=1.386/0.487
composite,228,6270,2,286,-1,525,-1,unmeasurable,unmeasurable,inferred,unmeasurable,L286=12.559/2.057 L525=20.186/1.507
composite,229,6271,1,25,-1,262,-1,unmeasurable,unmeasurable,censored,unmeasurable,L23=19.812/12.692 L262=19.284/1.300
composite,229,6271,2,-1,-1,-1,-1,unmeasurable,unmeasurable,unmeasurable,unmeasurable,L286=19.994/11.766 L525=16.544/1.993
composite,230,6272,1,-1,-1,-1,-1,unmeasurable,unmeasurable,unmeasurable,unmeasurable,L23=9.136/7.810 L262=17.833/1.141
composite,230,6272,2,-1,-1,-1,-1,unmeasurable,unmeasurable,unmeasurable,unmeasurable,L286=18.819/12.253 L525=15.403/2.769
composite,231,6273,1,-1,-1,-1,-1,unmeasurable,unmeasurable,unmeasurable,unmeasurable,L23=19.055/12.293 L262=15.241/2.707
composite,231,6273,2,-1,-1,-1,-1,unmeasurable,unmeasurable,unmeasurable,unmeasurable,L286=18.894/12.279 L525=15.534/2.683
composite,232,6274,1,-1,-1,-1,-1,unmeasurable,unmeasurable,unmeasurable,unmeasurable,L23=33.455/15.027 L262=19.961/0.959
composite,232,6274,2,-1,-1,-1,-1,unmeasurable,unmeasurable,unmeasurable,unmeasurable,L286=47.731/3.719 L525=17.341/1.811
composite,233,6275,1,-1,-1,-1,-1,unmeasurable,unmeasurable,unmeasurable,unmeasurable,L23=76.559/3.859 L262=16.456/8.458
composite,233,6275,2,-1,-1,-1,-1,unmeasurable,unmeasurable,unmeasurable,unmeasurable,L286=47.345/4.570 L525=5.722/0.753
composite,234,6276,1,-1,23,-1,258,unmeasurable,unmeasurable,unmeasurable,inferred,L23=41.045/3.810 L257=8.447/1.741 L258=8.431/2.405 L262=6.884/2.648 L263=1.397/0.505
composite,234,6276,2,-1,-1,-1,-1,unmeasurable,unmeasurable,unmeasurable,unmeasurable,L286=236.439/0.947 L525=1.375/0.506
composite,235,6277,1,23,-1,258,-1,unmeasurable,unmeasurable,inferred,unmeasurable,L23=10.039/1.567 L262=2.831/1.773
composite,235,6277,2,-1,-1,-1,-1,unmeasurable,unmeasurable,unmeasurable,unmeasurable,L286=11.025/2.166 L525=5.612/1.338
composite,236,6278,1,-1,-1,-1,-1,unmeasurable,unmeasurable,unmeasurable,unmeasurable,L23=12.945/1.449 L262=6.353/1.555
composite,236,6278,2,-1,-1,-1,-1,unmeasurable,unmeasurable,unmeasurable,unmeasurable,L286=14.839/2.270 L525=8.925/1.485
composite,237,6279,1,-1,-1,-1,-1,unmeasurable,unmeasurable,unmeasurable,unmeasurable,L23=16.123/1.549 L262=8.523/1.378
composite,237,6279,2,-1,-1,-1,-1,unmeasurable,unmeasurable,unmeasurable,unmeasurable,L286=16.988/2.187 L525=9.706/2.064
composite,238,6280,1,-1,-1,-1,-1,unmeasurable,unmeasurable,unmeasurable,unmeasurable,L23=2.025/1.226 L262=10.659/1.345
composite,238,6280,2,-1,-1,-1,-1,unmeasurable,unmeasurable,unmeasurable,unmeasurable,L286=18.834/2.514 L525=11.409/2.247
composite,239,6281,1,-1,-1,-1,-1,unmeasurable,unmeasurable,unmeasurable,unmeasurable,L23=4.216/1.673 L262=11.947/1.276
composite,239,6281,2,-1,-1,-1,-1,unmeasurable,unmeasurable,unmeasurable,unmeasurable,L286=21.141/2.259 L525=13.603/2.346
composite,240,6282,1,-1,-1,-1,-1,unmeasurable,unmeasurable,unmeasurable,unmeasurable,L23=4.303/1.443 L262=13.377/1.306
composite,240,6282,2,-1,-1,-1,-1,unmeasurable,unmeasurable,unmeasurable,unmeasurable,L286=23.005/2.586 L525=13.814/2.300
composite,241,6283,1,-1,-1,-1,-1,unmeasurable,unmeasurable,unmeasurable,unmeasurable,L23=4.275/1.362 L262=14.544/1.311
composite,241,6283,2,-1,-1,-1,-1,unmeasurable,unmeasurable,unmeasurable,unmeasurable,L286=23.887/2.400 L525=14.525/2.432
composite,242,6284,1,-1,-1,-1,-1,unmeasurable,unmeasurable,unmeasurable,unmeasurable,L23=4.805/1.344 L262=14.969/1.297
composite,242,6284,2,-1,-1,-1,-1,unmeasurable,unmeasurable,unmeasurable,unmeasurable,L286=24.058/2.337 L525=14.412/2.569
composite,243,6285,1,-1,-1,-1,-1,unmeasurable,unmeasurable,unmeasurable,unmeasurable,L23=8.978/1.703 L262=14.984/1.402
composite,243,6285,2,-1,-1,-1,-1,unmeasurable,unmeasurable,unmeasurable,unmeasurable,L286=23.917/2.299 L525=13.784/2.808
composite,244,6286,1,-1,-1,-1,-1,unmeasurable,unmeasurable,unmeasurable,unmeasurable,L23=24.663/2.557 L262=14.239/3.289
composite,244,6286,2,-1,-1,-1,-1,unmeasurable,unmeasurable,unmeasurable,unmeasurable,L286=23.983/1.654 L525=15.842/1.577
composite,245,6287,1,-1,-1,-1,-1,unmeasurable,unmeasurable,unmeasurable,unmeasurable,L23=17.027/8.575 L262=17.105/1.518
composite,245,6287,2,-1,-1,-1,-1,unmeasurable,unmeasurable,unmeasurable,unmeasurable,L286=23.931/1.431 L525=16.886/1.565
composite,246,6288,1,-1,-1,-1,-1,unmeasurable,unmeasurable,unmeasurable,unmeasurable,L23=24.100/1.453 L262=16.873/1.508
composite,246,6288,2,-1,-1,-1,-1,unmeasurable,unmeasurable,unmeasurable,unmeasurable,L286=23.998/1.449 L525=16.852/1.551
composite,247,6289,1,-1,-1,-1,-1,unmeasurable,unmeasurable,unmeasurable,unmeasurable,L23=18.153/8.639 L262=17.330/1.463
composite,247,6289,2,-1,-1,-1,-1,unmeasurable,unmeasurable,unmeasurable,unmeasurable,L286=24.158/1.297 L525=15.709/1.896
composite,248,6290,1,-1,-1,-1,-1,unmeasurable,unmeasurable,unmeasurable,unmeasurable,L23=17.894/8.829 L262=16.903/1.380
composite,248,6290,2,-1,-1,-1,-1,unmeasurable,unmeasurable,unmeasurable,unmeasurable,L286=23.873/1.353 L525=15.714/1.483
composite,249,6291,1,-1,-1,-1,-1,unmeasurable,unmeasurable,unmeasurable,unmeasurable,L23=17.327/8.685 L262=16.786/1.366
composite,249,6291,2,-1,-1,-1,-1,unmeasurable,unmeasurable,unmeasurable,unmeasurable,L286=24.159/1.283 L525=16.256/1.634
composite,250,6292,1,-1,-1,-1,-1,unmeasurable,unmeasurable,unmeasurable,unmeasurable,L23=17.028/8.574 L262=15.370/4.607
composite,250,6292,2,-1,-1,-1,-1,unmeasurable,unmeasurable,unmeasurable,unmeasurable,L286=23.897/1.228 L525=16.613/1.695
composite,251,6293,1,-1,-1,-1,-1,unmeasurable,unmeasurable,unmeasurable,unmeasurable,L23=17.427/8.630 L262=16.373/2.063
composite,251,6293,2,-1,286,-1,524,unmeasurable,unmeasurable,unmeasurable,inferred,L286=24.869/1.160 L523=16.670/1.740 L524=16.105/1.606 L525=16.100/1.476 L526=1.403/0.509
composite,252,6294,1,-1,-1,-1,-1,unmeasurable,unmeasurable,unmeasurable,unmeasurable,L23=23.863/1.349 L262=16.837/1.368
composite,252,6294,2,286,-1,524,-1,unmeasurable,unmeasurable,inferred,unmeasurable,L286=25.644/1.198 L525=17.627/1.781
composite,253,6295,1,-1,-1,-1,-1,unmeasurable,unmeasurable,unmeasurable,unmeasurable,L23=24.447/1.271 L262=17.598/1.267
composite,253,6295,2,-1,286,-1,525,unmeasurable,unmeasurable,unmeasurable,inferred,L286=25.928/1.522 L524=17.850/1.618 L525=18.377/1.830 L526=1.367/0.492
composite,254,6296,1,-1,23,-1,260,unmeasurable,unmeasurable,unmeasurable,inferred,L23=25.794/1.688 L259=18.163/1.585 L260=18.002/1.501 L262=18.144/1.429 L263=1.392/0.495
composite,254,6296,2,286,286,525,525,0,0,inferred,inferred,L286=25.986/1.259 L524=18.005/1.572 L525=18.405/2.003 L526=1.383/0.517
composite,255,6297,1,23,23,260,261,0,1,inferred,inferred,L23=25.413/1.389 L260=17.594/1.391 L261=17.841/1.503 L262=17.786/1.382 L263=1.394/0.501
composite,255,6297,2,286,286,525,525,0,0,inferred,inferred,L286=25.917/1.363 L524=17.017/1.377 L525=15.197/1.492 L526=1.383/0.517
composite,256,6298,1,23,23,261,261,0,0,inferred,inferred,L23=24.011/3.851 L260=17.344/1.235 L261=17.309/1.203 L262=17.156/1.162 L263=1.373/0.496
composite,256,6298,2,286,-1,525,-1,unmeasurable,unmeasurable,inferred,unmeasurable,L286=25.705/1.442 L525=16.397/1.584
composite,257,6299,1,23,-1,261,-1,unmeasurable,unmeasurable,inferred,unmeasurable,L23=25.767/1.128 L262=18.234/1.563
composite,257,6299,2,-1,286,-1,525,unmeasurable,unmeasurable,unmeasurable,inferred,L286=26.078/1.587 L524=18.384/1.283 L525=19.688/1.395 L526=1.381/0.505
composite,258,6300,1,-1,-1,-1,-1,unmeasurable,unmeasurable,unmeasurable,unmeasurable,L23=25.887/1.364 L262=18.302/1.093
composite,258,6300,2,286,-1,525,-1,unmeasurable,unmeasurable,inferred,unmeasurable,L286=25.977/1.354 L525=18.533/1.157
composite,259,6301,1,-1,23,-1,259,unmeasurable,unmeasurable,unmeasurable,inferred,L23=26.188/1.436 L258=19.127/1.152 L259=19.031/1.305 L262=18.502/1.140 L263=1.375/0.491
composite,259,6301,2,-1,286,-1,522,unmeasurable,unmeasurable,unmeasurable,inferred,L286=26.552/1.314 L521=18.394/1.121 L522=18.386/1.207 L525=18.309/1.164 L526=1.387/0.518
composite,260,6302,1,23,-1,259,-1,unmeasurable,unmeasurable,inferred,unmeasurable,L23=25.856/1.206 L262=18.475/1.014
composite,260,6302,2,286,-1,522,-1,unmeasurable,unmeasurable,inferred,unmeasurable,L286=25.848/1.264 L525=17.823/1.032
composite,261,6303,1,-1,23,-1,262,unmeasurable,unmeasurable,unmeasurable,inferred,L23=25.172/1.115 L261=18.733/0.865 L262=19.034/1.073 L263=1.373/0.496
composite,261,6303,2,-1,286,-1,523,unmeasurable,unmeasurable,unmeasurable,inferred,L286=26.259/1.233 L522=18.163/1.106 L523=18.202/1.015 L525=17.911/1.044 L526=1.381/0.517
composite,262,6304,1,23,23,262,262,0,0,inferred,inferred,L23=25.020/1.005 L261=18.325/0.973 L262=18.441/1.011 L263=1.389/0.494
composite,262,6304,2,286,286,523,523,0,0,inferred,inferred,L286=26.047/1.989 L522=18.133/0.966 L523=18.186/1.066 L525=18.212/0.930 L526=1.386/0.506
composite,263,6305,1,23,23,262,259,0,-3,inferred,inferred,L23=25.709/1.331 L258=18.306/1.035 L259=18.042/1.110 L262=17.694/1.058 L263=1.383/0.492
composite,263,6305,2,286,286,523,524,0,1,inferred,inferred,L286=25.234/1.369 L523=17.758/0.985 L524=17.994/0.995 L525=17.781/1.089 L526=1.389/0.506
composite,264,6306,1,23,23,259,260,0,1,inferred,inferred,L23=25.709/1.504 L259=18.072/1.134 L260=18.053/1.080 L262=17.986/1.043 L263=1.373/0.490
composite,264,6306,2,286,286,524,523,0,-1,inferred,inferred,L286=25.559/1.524 L522=17.916/1.191 L523=17.834/1.149 L525=17.711/1.068 L526=1.400/0.521
composite,265,6307,1,23,23,260,260,0,0,inferred,inferred,L23=25.258/1.511 L259=17.966/1.202 L260=17.934/1.137 L262=17.844/1.127 L263=1.386/0.490
composite,265,6307,2,286,286,523,525,0,2,inferred,inferred,L286=25.544/1.844 L524=17.134/1.033 L525=17.031/1.050 L526=1.367/0.513
composite,266,6308,1,23,23,260,262,0,2,inferred,inferred,L23=25.278/2.185 L261=16.762/1.160 L262=16.992/1.596 L263=1.387/0.500
composite,266,6308,2,286,286,525,525,0,0,inferred,inferred,L286=22.764/2.311 L524=17.848/1.406 L525=18.409/1.380 L526=1.386/0.533
composite,267,6309,1,23,23,262,260,0,-2,inferred,inferred,L23=25.280/3.830 L259=16.664/1.010 L260=16.636/1.103 L262=16.828/1.057 L263=1.402/0.503
composite,267,6309,2,286,286,525,524,0,-1,inferred,inferred,L286=25.075/1.528 L523=17.052/1.562 L524=17.227/1.549 L525=17.369/1.630 L526=1.395/0.508
composite,268,6310,1,23,23,260,261,0,1,inferred,inferred,L23=25.006/1.928 L260=16.353/1.202 L261=16.708/1.302 L262=16.523/1.155 L263=1.389/0.500
composite,268,6310,2,286,286,524,523,0,-1,inferred,inferred,L286=25.169/1.549 L522=16.227/1.483 L523=16.169/1.395 L525=16.622/1.413 L526=1.389/0.519
composite,269,6311,1,23,23,261,261,0,0,inferred,inferred,L23=24.394/1.562 L260=16.008/1.161 L261=16.625/1.069 L262=16.041/1.241 L263=1.366/0.488
composite,269,6311,2,286,286,523,522,0,-1,inferred,inferred,L286=25.061/1.550 L521=16.886/1.457 L522=16.644/1.473 L525=16.830/1.447 L526=1.378/0.516
composite,270,6312,1,23,23,261,262,0,1,inferred,inferred,L23=24.208/1.527 L261=16.239/1.233 L262=15.883/1.285 L263=1.386/0.493
composite,270,6312,2,286,286,522,525,0,3,inferred,inferred,L286=25.189/1.493 L524=17.303/1.448 L525=17.300/1.459 L526=1.377/0.504
composite,271,6313,1,23,23,262,261,0,-1,inferred,inferred,L23=24.103/1.416 L260=17.028/1.513 L261=18.092/1.572 L262=17.584/1.422 L263=1.375/0.491
composite,271,6313,2,286,286,525,525,0,0,inferred,inferred,L286=24.973/1.515 L524=17.169/1.343 L525=17.558/1.504 L526=1.389/0.519
composite,272,6314,1,23,23,261,261,0,0,inferred,inferred,L23=24.728/1.417 L260=17.728/1.450 L261=18.448/1.418 L262=18.066/1.405 L263=1.380/0.495
composite,272,6314,2,286,286,525,525,0,0,inferred,inferred,L286=25.177/1.584 L524=18.781/1.643 L525=19.352/1.777 L526=1.377/0.531
composite,273,6315,1,23,23,261,261,0,0,inferred,inferred,L23=24.639/1.469 L260=18.184/1.524 L261=18.548/1.263 L262=18.363/1.328 L263=1.380/0.498
composite,273,6315,2,286,286,525,524,0,-1,inferred,inferred,L286=26.356/1.327 L523=18.744/1.918 L524=18.973/1.899 L525=19.502/1.637 L526=1.358/0.511
composite,274,6316,1,23,23,261,259,0,-2,inferred,inferred,L23=24.780/1.380 L258=19.878/1.569 L259=19.055/1.492 L262=19.369/1.609 L263=1.384/0.511
composite,274,6316,2,286,-1,524,-1,unmeasurable,unmeasurable,inferred,unmeasurable,L286=26.509/1.406 L525=21.212/1.610
composite,275,6317,1,23,23,259,259,0,0,inferred,inferred,L23=25.231/1.451 L258=20.353/1.497 L259=19.886/1.420 L262=19.514/1.453 L263=1.370/0.486
composite,275,6317,2,-1,286,-1,521,unmeasurable,unmeasurable,unmeasurable,inferred,L286=27.547/1.513 L520=19.820/2.350 L521=19.545/2.141 L525=21.500/2.015 L526=1.378/0.516
composite,276,6318,1,23,23,259,262,0,3,inferred,inferred,L23=25.762/1.533 L261=19.406/1.422 L262=18.814/1.492 L263=1.386/0.496
composite,276,6318,2,286,286,521,522,0,1,inferred,inferred,L286=26.164/1.351 L521=18.144/1.963 L522=17.447/2.196 L525=18.739/1.781 L526=1.381/0.505
composite,277,6319,1,23,23,262,259,0,-3,inferred,inferred,L23=24.272/1.772 L258=17.300/1.505 L259=17.887/1.237 L262=18.214/1.255 L263=1.367/0.492
composite,277,6319,2,286,286,522,524,0,2,inferred,inferred,L286=25.039/1.346 L523=17.222/1.467 L524=16.730/1.462 L525=16.598/2.380 L526=1.389/0.519
composite,278,6320,1,23,23,259,260,0,1,inferred,inferred,L23=23.647/1.445 L259=15.992/1.458 L260=16.642/1.726 L262=16.120/1.509 L263=1.389/0.494
composite,278,6320,2,286,286,524,524,0,0,inferred,inferred,L286=24.900/1.355 L523=16.428/1.752 L524=16.447/1.879 L525=16.884/1.978 L526=1.367/0.513
composite,279,6321,1,23,-1,260,-1,unmeasurable,unmeasurable,inferred,unmeasurable,L23=22.288/1.472 L262=5.428/1.713
composite,279,6321,2,286,-1,524,-1,unmeasurable,unmeasurable,inferred,unmeasurable,L286=7.198/1.735 L525=1.811/0.983
composite,280,6322,1,-1,-1,-1,-1,unmeasurable,unmeasurable,unmeasurable,unmeasurable,L23=7.098/1.494 L262=2.189/1.153
composite,280,6322,2,-1,-1,-1,-1,unmeasurable,unmeasurable,unmeasurable,unmeasurable,L286=5.284/1.574 L525=1.450/0.571
composite,281,6323,1,-1,-1,-1,-1,unmeasurable,unmeasurable,unmeasurable,unmeasurable,L23=6.662/1.403 L262=1.430/0.552
composite,281,6323,2,-1,-1,-1,-1,unmeasurable,unmeasurable,unmeasurable,unmeasurable,L286=6.005/1.435 L525=1.377/0.504
composite,282,6324,1,-1,-1,-1,-1,unmeasurable,unmeasurable,unmeasurable,unmeasurable,L23=5.984/1.220 L262=1.417/0.518
composite,282,6324,2,-1,-1,-1,-1,unmeasurable,unmeasurable,unmeasurable,unmeasurable,L286=5.691/1.355 L525=6.202/4.465
composite,283,6325,1,-1,-1,-1,-1,unmeasurable,unmeasurable,unmeasurable,unmeasurable,L23=7.084/1.523 L262=4.944/3.902
composite,283,6325,2,-1,-1,-1,-1,unmeasurable,unmeasurable,unmeasurable,unmeasurable,L286=5.873/1.689 L525=1.573/0.669
composite,284,6326,1,-1,-1,-1,-1,unmeasurable,unmeasurable,unmeasurable,unmeasurable,L23=5.777/1.085 L262=10.100/0.794
composite,284,6326,2,-1,-1,-1,-1,unmeasurable,unmeasurable,unmeasurable,unmeasurable,L286=6.491/2.842 L525=10.608/0.848
composite,285,6327,1,-1,-1,-1,-1,unmeasurable,unmeasurable,unmeasurable,unmeasurable,L23=6.330/2.806 L262=10.539/0.745
composite,285,6327,2,-1,-1,-1,-1,unmeasurable,unmeasurable,unmeasurable,unmeasurable,L286=6.227/2.819 L525=10.594/0.833
composite,286,6328,1,-1,-1,-1,-1,unmeasurable,unmeasurable,unmeasurable,unmeasurable,L23=5.000/1.526 L262=4.505/3.830
composite,286,6328,2,-1,-1,-1,-1,unmeasurable,unmeasurable,unmeasurable,unmeasurable,L286=5.819/1.945 L525=10.684/0.789
composite,287,6329,1,-1,-1,-1,-1,unmeasurable,unmeasurable,unmeasurable,unmeasurable,L23=5.158/1.092 L262=9.733/0.853
composite,287,6329,2,-1,-1,-1,-1,unmeasurable,unmeasurable,unmeasurable,unmeasurable,L286=11.250/12.070 L525=10.217/0.785
composite,288,6330,1,-1,-1,-1,-1,unmeasurable,unmeasurable,unmeasurable,unmeasurable,L23=10.339/9.782 L262=10.439/0.737
composite,288,6330,2,-1,-1,-1,-1,unmeasurable,unmeasurable,unmeasurable,unmeasurable,L286=20.723/11.475 L525=10.088/0.908
composite,289,6331,1,-1,-1,-1,-1,unmeasurable,unmeasurable,unmeasurable,unmeasurable,L23=8.264/15.230 L262=9.973/0.795
composite,289,6331,2,-1,-1,-1,-1,unmeasurable,unmeasurable,unmeasurable,unmeasurable,L286=18.464/3.225 L525=7.612/0.746
composite,290,6332,1,-1,-1,-1,-1,unmeasurable,unmeasurable,unmeasurable,unmeasurable,L23=3.973/2.167 L262=7.944/0.718
composite,290,6332,2,-1,-1,-1,-1,unmeasurable,unmeasurable,unmeasurable,unmeasurable,L286=19.538/2.994 L525=7.862/0.748
composite,291,6333,1,-1,-1,-1,-1,unmeasurable,unmeasurable,unmeasurable,unmeasurable,L23=8.467/12.084 L262=7.895/0.711
composite,291,6333,2,-1,-1,-1,-1,unmeasurable,unmeasurable,unmeasurable,unmeasurable,L286=15.213/2.961 L525=8.986/0.757
composite,292,6334,1,-1,-1,-1,-1,unmeasurable,unmeasurable,unmeasurable,unmeasurable,L23=8.209/8.526 L262=8.042/0.764
composite,292,6334,2,-1,-1,-1,-1,unmeasurable,unmeasurable,unmeasurable,unmeasurable,L286=19.027/10.966 L525=8.838/0.708
composite,293,6335,1,-1,-1,-1,-1,unmeasurable,unmeasurable,unmeasurable,unmeasurable,L23=8.309/4.298 L262=7.775/0.752
composite,293,6335,2,-1,-1,-1,-1,unmeasurable,unmeasurable,unmeasurable,unmeasurable,L286=19.358/10.620 L525=6.983/0.787
composite,294,6336,1,-1,-1,-1,-1,unmeasurable,unmeasurable,unmeasurable,unmeasurable,L23=1.405/0.491 L262=8.209/0.700
composite,294,6336,2,-1,-1,-1,-1,unmeasurable,unmeasurable,unmeasurable,unmeasurable,L286=16.967/2.649 L525=11.637/0.894
composite,295,6337,1,-1,-1,-1,-1,unmeasurable,unmeasurable,unmeasurable,unmeasurable,L23=9.238/2.945 L262=8.058/0.736
composite,295,6337,2,-1,-1,-1,-1,unmeasurable,unmeasurable,unmeasurable,unmeasurable,L286=19.180/6.042 L525=8.723/0.850
composite,296,6338,1,-1,-1,-1,-1,unmeasurable,unmeasurable,unmeasurable,unmeasurable,L23=8.350/13.290 L262=7.875/0.709
composite,296,6338,2,-1,-1,-1,-1,unmeasurable,unmeasurable,unmeasurable,unmeasurable,L286=18.422/6.099 L525=8.822/0.812
composite,297,6339,1,-1,-1,-1,-1,unmeasurable,unmeasurable,unmeasurable,unmeasurable,L23=8.566/13.788 L262=6.888/0.912
composite,297,6339,2,-1,-1,-1,-1,unmeasurable,unmeasurable,unmeasurable,unmeasurable,L286=18.492/10.723 L525=8.786/0.857
composite,298,6340,1,-1,-1,-1,-1,unmeasurable,unmeasurable,unmeasurable,unmeasurable,L23=7.516/9.122 L262=7.227/0.837
composite,298,6340,2,-1,-1,-1,-1,unmeasurable,unmeasurable,unmeasurable,unmeasurable,L286=21.473/14.124 L525=8.692/0.881
composite,299,6341,1,-1,-1,-1,-1,unmeasurable,unmeasurable,unmeasurable,unmeasurable,L23=7.669/9.328 L262=6.963/0.832
composite,299,6341,2,-1,-1,-1,-1,unmeasurable,unmeasurable,unmeasurable,unmeasurable,L286=18.220/10.235 L525=8.548/0.755
composite,300,6342,1,-1,-1,-1,-1,unmeasurable,unmeasurable,unmeasurable,unmeasurable,L23=7.941/8.695 L262=7.222/0.789
composite,300,6342,2,-1,-1,-1,-1,unmeasurable,unmeasurable,unmeasurable,unmeasurable,L286=18.389/13.605 L525=7.031/0.800
composite,301,6343,1,-1,-1,-1,-1,unmeasurable,unmeasurable,unmeasurable,unmeasurable,L23=3.086/1.764 L262=6.797/0.731
composite,301,6343,2,-1,-1,-1,-1,unmeasurable,unmeasurable,unmeasurable,unmeasurable,L286=16.152/5.255 L525=8.366/0.755
composite,302,6344,1,-1,-1,-1,-1,unmeasurable,unmeasurable,unmeasurable,unmeasurable,L23=5.709/8.588 L262=6.027/0.753
composite,302,6344,2,-1,-1,-1,-1,unmeasurable,unmeasurable,unmeasurable,unmeasurable,L286=15.350/11.475 L525=6.628/0.825
composite,303,6345,1,-1,-1,-1,-1,unmeasurable,unmeasurable,unmeasurable,unmeasurable,L23=3.466/2.099 L262=5.467/0.706
composite,303,6345,2,-1,-1,-1,-1,unmeasurable,unmeasurable,unmeasurable,unmeasurable,L286=12.919/6.469 L525=4.247/0.732
composite,304,6346,1,-1,-1,-1,-1,unmeasurable,unmeasurable,unmeasurable,unmeasurable,L23=4.197/2.288 L262=5.270/0.779
composite,304,6346,2,-1,-1,-1,-1,unmeasurable,unmeasurable,unmeasurable,unmeasurable,L286=15.028/7.954 L525=6.155/0.778
composite,305,6347,1,-1,-1,-1,-1,unmeasurable,unmeasurable,unmeasurable,unmeasurable,L23=7.205/2.827 L262=5.256/0.839
composite,305,6347,2,-1,-1,-1,-1,unmeasurable,unmeasurable,unmeasurable,unmeasurable,L286=13.592/2.136 L525=5.333/0.822
composite,306,6348,1,-1,-1,-1,-1,unmeasurable,unmeasurable,unmeasurable,unmeasurable,L23=4.952/10.626 L262=8.542/0.715
composite,306,6348,2,-1,-1,-1,-1,unmeasurable,unmeasurable,unmeasurable,unmeasurable,L286=16.694/8.090 L525=5.214/0.768
composite,307,6349,1,-1,-1,-1,-1,unmeasurable,unmeasurable,unmeasurable,unmeasurable,L23=4.011/5.538 L262=7.180/0.808
composite,307,6349,2,-1,-1,-1,-1,unmeasurable,unmeasurable,unmeasurable,unmeasurable,L286=14.508/6.682 L525=5.258/0.755
composite,308,6350,1,-1,-1,-1,-1,unmeasurable,unmeasurable,unmeasurable,unmeasurable,L23=5.827/8.654 L262=6.689/0.909
composite,308,6350,2,-1,-1,-1,-1,unmeasurable,unmeasurable,unmeasurable,unmeasurable,L286=15.294/6.160 L525=6.389/0.781
composite,309,6351,1,-1,-1,-1,-1,unmeasurable,unmeasurable,unmeasurable,unmeasurable,L23=4.903/8.821 L262=6.787/0.840
composite,309,6351,2,-1,-1,-1,-1,unmeasurable,unmeasurable,unmeasurable,unmeasurable,L286=17.756/3.540 L525=6.547/0.793
composite,310,6352,1,-1,-1,-1,-1,unmeasurable,unmeasurable,unmeasurable,unmeasurable,L23=2.889/3.686 L262=6.138/0.783
composite,310,6352,2,-1,-1,-1,-1,unmeasurable,unmeasurable,unmeasurable,unmeasurable,L286=16.634/5.499 L525=5.459/0.665
composite,311,6353,1,-1,-1,-1,-1,unmeasurable,unmeasurable,unmeasurable,unmeasurable,L23=3.986/6.753 L262=6.184/0.842
composite,311,6353,2,-1,-1,-1,-1,unmeasurable,unmeasurable,unmeasurable,unmeasurable,L286=17.594/5.015 L525=5.327/0.745
composite,312,6354,1,-1,-1,-1,-1,unmeasurable,unmeasurable,unmeasurable,unmeasurable,L23=17.619/5.088 L262=5.466/0.688
composite,312,6354,2,-1,-1,-1,-1,unmeasurable,unmeasurable,unmeasurable,unmeasurable,L286=17.556/5.047 L525=5.278/0.783
composite,313,6355,1,-1,-1,-1,-1,unmeasurable,unmeasurable,unmeasurable,unmeasurable,L23=2.667/2.965 L262=6.167/0.811
composite,313,6355,2,-1,-1,-1,-1,unmeasurable,unmeasurable,unmeasurable,unmeasurable,L286=16.728/4.944 L525=7.911/0.729
composite,314,6356,1,-1,-1,-1,-1,unmeasurable,unmeasurable,unmeasurable,unmeasurable,L23=18.233/13.438 L262=8.455/0.714
composite,314,6356,2,-1,-1,-1,-1,unmeasurable,unmeasurable,unmeasurable,unmeasurable,L286=1.386/0.536 L525=6.864/0.821
composite,315,6357,1,-1,-1,-1,-1,unmeasurable,unmeasurable,unmeasurable,unmeasurable,L23=16.903/6.116 L262=8.364/0.696
composite,315,6357,2,-1,-1,-1,-1,unmeasurable,unmeasurable,unmeasurable,unmeasurable,L286=1.853/1.857 L525=6.869/0.843
composite,316,6358,1,-1,-1,-1,-1,unmeasurable,unmeasurable,unmeasurable,unmeasurable,L23=18.828/6.515 L262=9.014/0.717
composite,316,6358,2,-1,-1,-1,-1,unmeasurable,unmeasurable,unmeasurable,unmeasurable,L286=6.886/3.406 L525=7.169/0.901
composite,317,6359,1,-1,-1,-1,-1,unmeasurable,unmeasurable,unmeasurable,unmeasurable,L23=17.444/5.162 L262=6.466/0.819
composite,317,6359,2,-1,-1,-1,-1,unmeasurable,unmeasurable,unmeasurable,unmeasurable,L286=4.806/2.841 L525=6.487/0.781
composite,318,6360,1,-1,-1,-1,-1,unmeasurable,unmeasurable,unmeasurable,unmeasurable,L23=16.284/13.046 L262=8.050/0.771
composite,318,6360,2,-1,-1,-1,-1,unmeasurable,unmeasurable,unmeasurable,unmeasurable,L286=9.039/7.454 L525=6.416/0.770
composite,319,6361,1,-1,-1,-1,-1,unmeasurable,unmeasurable,unmeasurable,unmeasurable,L23=15.617/7.733 L262=7.169/0.784
composite,319,6361,2,-1,-1,-1,-1,unmeasurable,unmeasurable,unmeasurable,unmeasurable,L286=8.855/3.531 L525=5.373/0.716
composite,320,6362,1,-1,-1,-1,-1,unmeasurable,unmeasurable,unmeasurable,unmeasurable,L23=13.098/6.654 L262=7.225/0.756
composite,320,6362,2,-1,-1,-1,-1,unmeasurable,unmeasurable,unmeasurable,unmeasurable,L286=8.336/10.857 L525=5.505/0.671
composite,321,6363,1,-1,-1,-1,-1,unmeasurable,unmeasurable,unmeasurable,unmeasurable,L23=26.961/5.416 L262=6.303/0.821
composite,321,6363,2,-1,-1,-1,-1,unmeasurable,unmeasurable,unmeasurable,unmeasurable,L286=3.709/5.335 L525=5.320/0.726
composite,322,6364,1,-1,-1,-1,-1,unmeasurable,unmeasurable,unmeasurable,unmeasurable,L23=13.075/2.817 L262=7.127/0.874
composite,322,6364,2,-1,-1,-1,-1,unmeasurable,unmeasurable,unmeasurable,unmeasurable,L286=5.633/6.583 L525=5.513/0.694
composite,323,6365,1,-1,-1,-1,-1,unmeasurable,unmeasurable,unmeasurable,unmeasurable,L23=13.653/10.724 L262=7.295/0.823
composite,323,6365,2,-1,-1,-1,-1,unmeasurable,unmeasurable,unmeasurable,unmeasurable,L286=7.461/4.893 L525=5.609/0.705
composite,324,6366,1,-1,-1,-1,-1,unmeasurable,unmeasurable,unmeasurable,unmeasurable,L23=12.694/7.741 L262=7.095/0.871
composite,324,6366,2,-1,-1,-1,-1,unmeasurable,unmeasurable,unmeasurable,unmeasurable,L286=4.355/2.141 L525=5.558/0.673
composite,325,6367,1,-1,-1,-1,-1,unmeasurable,unmeasurable,unmeasurable,unmeasurable,L23=10.625/5.740 L262=7.155/0.778
composite,325,6367,2,-1,-1,-1,-1,unmeasurable,unmeasurable,unmeasurable,unmeasurable,L286=2.158/0.996 L525=3.961/0.777
composite,326,6368,1,-1,-1,-1,-1,unmeasurable,unmeasurable,unmeasurable,unmeasurable,L23=1.378/0.485 L262=2.936/0.761
composite,326,6368,2,-1,-1,-1,-1,unmeasurable,unmeasurable,unmeasurable,unmeasurable,L286=1.369/0.482 L525=3.403/0.703
composite,327,6369,1,-1,-1,-1,-1,unmeasurable,unmeasurable,unmeasurable,unmeasurable,L23=1.383/0.486 L262=3.809/0.719
composite,327,6369,2,-1,-1,-1,-1,unmeasurable,unmeasurable,unmeasurable,unmeasurable,L286=1.397/0.492 L525=4.200/0.799
composite,328,6370,1,-1,-1,-1,-1,unmeasurable,unmeasurable,unmeasurable,unmeasurable,L23=2.825/1.990 L262=4.348/0.778
composite,328,6370,2,-1,-1,-1,-1,unmeasurable,unmeasurable,unmeasurable,unmeasurable,L286=1.417/0.539 L525=5.525/0.698
composite,329,6371,1,-1,-1,-1,-1,unmeasurable,unmeasurable,unmeasurable,unmeasurable,L23=3.861/2.829 L262=6.423/0.725
composite,329,6371,2,-1,-1,-1,-1,unmeasurable,unmeasurable,unmeasurable,unmeasurable,L286=1.738/0.829 L525=7.127/0.905
composite,330,6372,1,-1,-1,-1,-1,unmeasurable,unmeasurable,unmeasurable,unmeasurable,L23=3.017/2.060 L262=7.242/0.764
composite,330,6372,2,-1,-1,-1,-1,unmeasurable,unmeasurable,unmeasurable,unmeasurable,L286=4.411/3.245 L525=6.972/0.756
composite,331,6373,1,-1,-1,-1,-1,unmeasurable,unmeasurable,unmeasurable,unmeasurable,L23=9.880/9.920 L262=2.667/2.593
composite,331,6373,2,-1,-1,-1,-1,unmeasurable,unmeasurable,unmeasurable,unmeasurable,L286=3.942/3.004 L525=8.458/0.669
composite,332,6374,1,-1,-1,-1,-1,unmeasurable,unmeasurable,unmeasurable,unmeasurable,L23=10.336/10.936 L262=2.802/2.814
composite,332,6374,2,-1,-1,-1,-1,unmeasurable,unmeasurable,unmeasurable,unmeasurable,L286=10.464/11.107 L525=2.737/2.685
composite,333,6375,1,-1,-1,-1,-1,unmeasurable,unmeasurable,unmeasurable,unmeasurable,L23=10.438/11.006 L262=2.761/2.716
composite,333,6375,2,-1,-1,-1,-1,unmeasurable,unmeasurable,unmeasurable,unmeasurable,L286=4.480/3.072 L525=8.252/0.727
composite,334,6376,1,-1,-1,-1,-1,unmeasurable,unmeasurable,unmeasurable,unmeasurable,L23=12.508/13.999 L262=2.827/2.797
composite,334,6376,2,-1,-1,-1,-1,unmeasurable,unmeasurable,unmeasurable,unmeasurable,L286=4.312/2.927 L525=8.291/0.700
composite,335,6377,1,-1,-1,-1,-1,unmeasurable,unmeasurable,unmeasurable,unmeasurable,L23=11.059/11.576 L262=2.831/2.801
composite,335,6377,2,-1,-1,-1,-1,unmeasurable,unmeasurable,unmeasurable,unmeasurable,L286=4.317/3.189 L525=8.133/0.675
composite,336,6378,1,-1,-1,-1,-1,unmeasurable,unmeasurable,unmeasurable,unmeasurable,L23=4.594/3.202 L262=8.139/0.685
composite,336,6378,2,-1,-1,-1,-1,unmeasurable,unmeasurable,unmeasurable,unmeasurable,L286=5.814/3.964 L525=8.478/0.680
composite,337,6379,1,-1,-1,-1,-1,unmeasurable,unmeasurable,unmeasurable,unmeasurable,L23=12.127/12.353 L262=3.331/5.747
composite,337,6379,2,-1,-1,-1,-1,unmeasurable,unmeasurable,unmeasurable,unmeasurable,L286=4.478/2.707 L525=8.648/0.716
composite,338,6380,1,-1,-1,-1,-1,unmeasurable,unmeasurable,unmeasurable,unmeasurable,L23=10.073/11.363 L262=3.123/3.196
composite,338,6380,2,-1,-1,-1,-1,unmeasurable,unmeasurable,unmeasurable,unmeasurable,L286=10.077/11.416 L525=3.098/3.141
composite,339,6381,1,-1,-1,-1,-1,unmeasurable,unmeasurable,unmeasurable,unmeasurable,L23=10.169/11.453 L262=3.102/3.157
composite,339,6381,2,-1,-1,-1,-1,unmeasurable,unmeasurable,unmeasurable,unmeasurable,L286=4.375/3.067 L525=8.645/0.716
composite,340,6382,1,-1,-1,-1,-1,unmeasurable,unmeasurable,unmeasurable,unmeasurable,L23=10.689/11.285 L262=3.617/6.259
composite,340,6382,2,-1,-1,-1,-1,unmeasurable,unmeasurable,unmeasurable,unmeasurable,L286=5.202/3.777 L525=9.070/0.718
composite,341,6383,1,-1,-1,-1,-1,unmeasurable,unmeasurable,unmeasurable,unmeasurable,L23=4.450/2.596 L262=9.080/0.695
composite,341,6383,2,-1,-1,-1,-1,unmeasurable,unmeasurable,unmeasurable,unmeasurable,L286=5.583/3.916 L525=8.869/0.713
composite,342,6384,1,-1,-1,-1,-1,unmeasurable,unmeasurable,unmeasurable,unmeasurable,L23=11.014/11.869 L262=3.158/3.270
composite,342,6384,2,-1,-1,-1,-1,unmeasurable,unmeasurable,unmeasurable,unmeasurable,L286=4.783/3.426 L525=9.153/0.708
composite,343,6385,1,-1,-1,-1,-1,unmeasurable,unmeasurable,unmeasurable,unmeasurable,L23=10.336/11.536 L262=3.866/7.676
composite,343,6385,2,-1,-1,-1,-1,unmeasurable,unmeasurable,unmeasurable,unmeasurable,L286=10.578/11.578 L525=3.902/7.707
composite,344,6386,1,-1,-1,-1,-1,unmeasurable,unmeasurable,unmeasurable,unmeasurable,L23=10.583/11.556 L262=3.934/7.706
composite,344,6386,2,-1,-1,-1,-1,unmeasurable,unmeasurable,unmeasurable,unmeasurable,L286=5.673/3.872 L525=9.448/0.705
composite,345,6387,1,-1,-1,-1,-1,unmeasurable,unmeasurable,unmeasurable,unmeasurable,L23=10.781/11.574 L262=3.272/3.411
composite,345,6387,2,-1,-1,-1,-1,unmeasurable,unmeasurable,unmeasurable,unmeasurable,L286=4.906/3.589 L525=9.089/0.729
composite,346,6388,1,-1,-1,-1,-1,unmeasurable,unmeasurable,unmeasurable,unmeasurable,L23=4.219/2.980 L262=9.209/0.689
composite,346,6388,2,-1,-1,-1,-1,unmeasurable,unmeasurable,unmeasurable,unmeasurable,L286=4.848/3.221 L525=9.075/0.716
composite,347,6389,1,-1,-1,-1,-1,unmeasurable,unmeasurable,unmeasurable,unmeasurable,L23=11.128/13.537 L262=3.177/3.293
composite,347,6389,2,-1,-1,-1,-1,unmeasurable,unmeasurable,unmeasurable,unmeasurable,L286=10.786/12.378 L525=3.134/3.270
composite,348,6390,1,-1,-1,-1,-1,unmeasurable,unmeasurable,unmeasurable,unmeasurable,L23=10.697/12.354 L262=3.161/3.303
composite,348,6390,2,-1,-1,-1,-1,unmeasurable,unmeasurable,unmeasurable,unmeasurable,L286=10.727/12.334 L525=3.164/3.332
composite,349,6391,1,-1,-1,-1,-1,unmeasurable,unmeasurable,unmeasurable,unmeasurable,L23=6.381/4.392 L262=9.283/0.682
composite,349,6391,2,-1,-1,-1,-1,unmeasurable,unmeasurable,unmeasurable,unmeasurable,L286=10.267/11.513 L525=10.267/0.862
composite,350,6392,1,-1,-1,-1,-1,unmeasurable,unmeasurable,unmeasurable,unmeasurable,L23=5.412/3.986 L262=9.286/0.712
composite,350,6392,2,-1,-1,-1,-1,unmeasurable,unmeasurable,unmeasurable,unmeasurable,L286=10.286/9.886 L525=10.089/0.838
composite,351,6393,1,-1,-1,-1,-1,unmeasurable,unmeasurable,unmeasurable,unmeasurable,L23=5.109/4.316 L262=9.281/0.663
composite,351,6393,2,-1,-1,-1,-1,unmeasurable,unmeasurable,unmeasurable,unmeasurable,L286=10.245/10.372 L525=10.116/0.856
composite,352,6394,1,-1,-1,-1,-1,unmeasurable,unmeasurable,unmeasurable,unmeasurable,L23=5.789/3.905 L262=9.034/0.737
composite,352,6394,2,-1,-1,-1,-1,unmeasurable,unmeasurable,unmeasurable,unmeasurable,L286=10.988/11.457 L525=10.002/0.826
composite,353,6395,1,-1,-1,-1,-1,unmeasurable,unmeasurable,unmeasurable,unmeasurable,L23=5.822/4.276 L262=9.216/0.669
composite,353,6395,2,-1,-1,-1,-1,unmeasurable,unmeasurable,unmeasurable,unmeasurable,L286=11.080/11.144 L525=10.238/0.859
composite,354,6396,1,-1,-1,-1,-1,unmeasurable,unmeasurable,unmeasurable,unmeasurable,L23=6.459/4.480 L262=9.316/0.705
composite,354,6396,2,-1,-1,-1,-1,unmeasurable,unmeasurable,unmeasurable,unmeasurable,L286=10.492/10.617 L525=10.472/0.855
composite,355,6397,1,-1,-1,-1,-1,unmeasurable,unmeasurable,unmeasurable,unmeasurable,L23=5.544/4.007 L262=9.384/0.661
composite,355,6397,2,-1,-1,-1,-1,unmeasurable,unmeasurable,unmeasurable,unmeasurable,L286=11.477/11.671 L525=10.311/0.776
composite,356,6398,1,-1,-1,-1,-1,unmeasurable,unmeasurable,unmeasurable,unmeasurable,L23=5.744/3.997 L262=9.278/0.703
composite,356,6398,2,-1,-1,-1,-1,unmeasurable,unmeasurable,unmeasurable,unmeasurable,L286=11.958/12.084 L525=3.675/6.671
composite,357,6399,1,-1,-1,-1,-1,unmeasurable,unmeasurable,unmeasurable,unmeasurable,L23=5.311/4.066 L262=9.281/0.688
composite,357,6399,2,-1,-1,-1,-1,unmeasurable,unmeasurable,unmeasurable,unmeasurable,L286=11.042/10.746 L525=4.775/14.972
composite,358,6400,1,-1,-1,-1,-1,unmeasurable,unmeasurable,unmeasurable,unmeasurable,L23=5.802/3.765 L262=9.425/0.674
composite,358,6400,2,-1,-1,-1,-1,unmeasurable,unmeasurable,unmeasurable,unmeasurable,L286=11.183/11.553 L525=3.392/3.645
composite,359,6401,1,-1,-1,-1,-1,unmeasurable,unmeasurable,unmeasurable,unmeasurable,L23=4.891/3.608 L262=9.291/0.678
composite,359,6401,2,-1,-1,-1,-1,unmeasurable,unmeasurable,unmeasurable,unmeasurable,L286=12.544/13.491 L525=3.283/3.543
composite,360,6402,1,-1,-1,-1,-1,unmeasurable,unmeasurable,unmeasurable,unmeasurable,L23=5.680/4.210 L262=9.336/0.676
composite,360,6402,2,-1,-1,-1,-1,unmeasurable,unmeasurable,unmeasurable,unmeasurable,L286=12.270/13.335 L525=4.919/14.448
composite,361,6403,1,-1,-1,-1,-1,unmeasurable,unmeasurable,unmeasurable,unmeasurable,L23=5.089/3.842 L262=9.191/0.667
composite,361,6403,2,-1,-1,-1,-1,unmeasurable,unmeasurable,unmeasurable,unmeasurable,L286=10.730/11.529 L525=10.525/0.741
composite,362,6404,1,-1,-1,-1,-1,unmeasurable,unmeasurable,unmeasurable,unmeasurable,L23=5.356/3.538 L262=9.277/0.640
composite,362,6404,2,-1,-1,-1,-1,unmeasurable,unmeasurable,unmeasurable,unmeasurable,L286=9.800/9.890 L525=10.359/0.741
composite,363,6405,1,-1,-1,-1,-1,unmeasurable,unmeasurable,unmeasurable,unmeasurable,L23=5.666/4.205 L262=9.305/0.686
composite,363,6405,2,-1,-1,-1,-1,unmeasurable,unmeasurable,unmeasurable,unmeasurable,L286=9.170/10.628 L525=10.131/0.699
composite,364,6406,1,-1,-1,-1,-1,unmeasurable,unmeasurable,unmeasurable,unmeasurable,L23=6.028/3.609 L262=9.280/0.653
composite,364,6406,2,-1,-1,-1,-1,unmeasurable,unmeasurable,unmeasurable,unmeasurable,L286=10.359/11.093 L525=10.245/0.791
composite,365,6407,1,-1,-1,-1,-1,unmeasurable,unmeasurable,unmeasurable,unmeasurable,L23=5.709/4.303 L262=9.037/0.697
composite,365,6407,2,-1,-1,-1,-1,unmeasurable,unmeasurable,unmeasurable,unmeasurable,L286=10.433/10.551 L525=9.947/0.750
composite,366,6408,1,-1,-1,-1,-1,unmeasurable,unmeasurable,unmeasurable,unmeasurable,L23=4.652/3.752 L262=8.989/0.693
composite,366,6408,2,-1,-1,-1,-1,unmeasurable,unmeasurable,unmeasurable,unmeasurable,L286=10.048/9.722 L525=10.150/0.693
composite,367,6409,1,-1,-1,-1,-1,unmeasurable,unmeasurable,unmeasurable,unmeasurable,L23=5.503/3.770 L262=9.169/0.705
composite,367,6409,2,-1,-1,-1,-1,unmeasurable,unmeasurable,unmeasurable,unmeasurable,L286=11.042/11.640 L525=10.280/0.749
composite,368,6410,1,-1,-1,-1,-1,unmeasurable,unmeasurable,unmeasurable,unmeasurable,L23=4.195/3.033 L262=8.878/0.727
composite,368,6410,2,-1,-1,-1,-1,unmeasurable,unmeasurable,unmeasurable,unmeasurable,L286=10.061/10.806 L525=10.062/0.713
composite,369,6411,1,-1,-1,-1,-1,unmeasurable,unmeasurable,unmeasurable,unmeasurable,L23=5.156/3.906 L262=9.266/0.641
composite,369,6411,2,-1,-1,-1,-1,unmeasurable,unmeasurable,unmeasurable,unmeasurable,L286=10.497/10.584 L525=10.423/0.742
composite,370,6412,1,-1,-1,-1,-1,unmeasurable,unmeasurable,unmeasurable,unmeasurable,L23=4.820/3.671 L262=9.056/0.735
composite,370,6412,2,-1,-1,-1,-1,unmeasurable,unmeasurable,unmeasurable,unmeasurable,L286=11.122/11.841 L525=10.131/0.770
composite,371,6413,1,-1,-1,-1,-1,unmeasurable,unmeasurable,unmeasurable,unmeasurable,L23=5.398/3.724 L262=9.006/0.735
composite,371,6413,2,-1,-1,-1,-1,unmeasurable,unmeasurable,unmeasurable,unmeasurable,L286=10.689/10.303 L525=10.256/0.758
composite,372,6414,1,-1,-1,-1,-1,unmeasurable,unmeasurable,unmeasurable,unmeasurable,L23=6.350/4.173 L262=9.380/0.685
composite,372,6414,2,-1,-1,-1,-1,unmeasurable,unmeasurable,unmeasurable,unmeasurable,L286=9.939/10.087 L525=10.375/0.742
composite,373,6415,1,-1,-1,-1,-1,unmeasurable,unmeasurable,unmeasurable,unmeasurable,L23=5.480/3.794 L262=8.825/0.731
composite,373,6415,2,-1,-1,-1,-1,unmeasurable,unmeasurable,unmeasurable,unmeasurable,L286=10.445/11.073 L525=10.086/0.718
composite,374,6416,1,-1,-1,-1,-1,unmeasurable,unmeasurable,unmeasurable,unmeasurable,L23=6.338/4.423 L262=9.108/0.722
composite,374,6416,2,-1,-1,-1,-1,unmeasurable,unmeasurable,unmeasurable,unmeasurable,L286=9.966/10.229 L525=10.359/0.726
composite,375,6417,1,-1,-1,-1,-1,unmeasurable,unmeasurable,unmeasurable,unmeasurable,L23=5.898/3.882 L262=9.306/0.750
composite,375,6417,2,-1,-1,-1,-1,unmeasurable,unmeasurable,unmeasurable,unmeasurable,L286=9.908/10.434 L525=10.316/0.727
composite,376,6418,1,-1,-1,-1,-1,unmeasurable,unmeasurable,unmeasurable,unmeasurable,L23=5.472/3.568 L262=9.234/0.747
composite,376,6418,2,-1,-1,-1,-1,unmeasurable,unmeasurable,unmeasurable,unmeasurable,L286=11.391/11.715 L525=10.408/0.714
composite,377,6419,1,-1,-1,-1,-1,unmeasurable,unmeasurable,unmeasurable,unmeasurable,L23=4.905/3.798 L262=9.144/0.771
composite,377,6419,2,-1,-1,-1,-1,unmeasurable,unmeasurable,unmeasurable,unmeasurable,L286=10.081/11.294 L525=10.559/0.743
composite,378,6420,1,-1,-1,-1,-1,unmeasurable,unmeasurable,unmeasurable,unmeasurable,L23=5.580/3.802 L262=9.478/0.726
composite,378,6420,2,-1,-1,-1,-1,unmeasurable,unmeasurable,unmeasurable,unmeasurable,L286=11.117/11.326 L525=10.262/0.718
composite,379,6421,1,-1,-1,-1,-1,unmeasurable,unmeasurable,unmeasurable,unmeasurable,L23=5.178/4.008 L262=9.244/0.735
composite,379,6421,2,-1,-1,-1,-1,unmeasurable,unmeasurable,unmeasurable,unmeasurable,L286=12.219/12.938 L525=3.261/3.536
composite,380,6422,1,-1,-1,-1,-1,unmeasurable,unmeasurable,unmeasurable,unmeasurable,L23=5.755/4.298 L262=9.253/0.753
composite,380,6422,2,-1,-1,-1,-1,unmeasurable,unmeasurable,unmeasurable,unmeasurable,L286=9.164/10.734 L525=10.281/0.747
composite,381,6423,1,-1,-1,-1,-1,unmeasurable,unmeasurable,unmeasurable,unmeasurable,L23=5.866/4.342 L262=9.025/0.802
composite,381,6423,2,-1,-1,-1,-1,unmeasurable,unmeasurable,unmeasurable,unmeasurable,L286=11.016/12.118 L525=10.361/0.700
composite,382,6424,1,-1,-1,-1,-1,unmeasurable,unmeasurable,unmeasurable,unmeasurable,L23=5.564/4.003 L262=9.291/0.754
composite,382,6424,2,-1,-1,-1,-1,unmeasurable,unmeasurable,unmeasurable,unmeasurable,L286=11.355/12.566 L525=3.472/3.759
composite,383,6425,1,-1,-1,-1,-1,unmeasurable,unmeasurable,unmeasurable,unmeasurable,L23=5.711/4.054 L262=9.342/0.740
composite,383,6425,2,-1,-1,-1,-1,unmeasurable,unmeasurable,unmeasurable,unmeasurable,L286=9.958/10.536 L525=10.812/0.733
composite,384,6426,1,-1,-1,-1,-1,unmeasurable,unmeasurable,unmeasurable,unmeasurable,L23=6.300/4.443 L262=9.073/0.782
composite,384,6426,2,-1,-1,-1,-1,unmeasurable,unmeasurable,unmeasurable,unmeasurable,L286=12.969/13.212 L525=10.387/0.689
composite,385,6427,1,-1,-1,-1,-1,unmeasurable,unmeasurable,unmeasurable,unmeasurable,L23=5.720/3.831 L262=9.209/0.722
composite,385,6427,2,-1,-1,-1,-1,unmeasurable,unmeasurable,unmeasurable,unmeasurable,L286=11.033/12.269 L525=10.467/0.675
composite,386,6428,1,-1,-1,-1,-1,unmeasurable,unmeasurable,unmeasurable,unmeasurable,L23=7.106/4.416 L262=9.223/0.753
composite,386,6428,2,-1,-1,-1,-1,unmeasurable,unmeasurable,unmeasurable,unmeasurable,L286=11.709/13.202 L525=3.386/3.728
composite,387,6429,1,-1,-1,-1,-1,unmeasurable,unmeasurable,unmeasurable,unmeasurable,L23=6.219/4.656 L262=9.270/0.810
composite,387,6429,2,-1,-1,-1,-1,unmeasurable,unmeasurable,unmeasurable,unmeasurable,L286=11.492/12.579 L525=3.336/3.642
composite,388,6430,1,-1,-1,-1,-1,unmeasurable,unmeasurable,unmeasurable,unmeasurable,L23=5.952/4.388 L262=9.214/0.792
composite,388,6430,2,-1,-1,-1,-1,unmeasurable,unmeasurable,unmeasurable,unmeasurable,L286=10.144/10.744 L525=10.689/0.693
composite,389,6431,1,-1,-1,-1,-1,unmeasurable,unmeasurable,unmeasurable,unmeasurable,L23=6.316/4.133 L262=9.419/0.760
composite,389,6431,2,-1,-1,-1,-1,unmeasurable,unmeasurable,unmeasurable,unmeasurable,L286=9.941/11.179 L525=10.488/0.731
composite,390,6432,1,-1,-1,-1,-1,unmeasurable,unmeasurable,unmeasurable,unmeasurable,L23=5.461/4.320 L262=9.269/0.726
composite,390,6432,2,-1,-1,-1,-1,unmeasurable,unmeasurable,unmeasurable,unmeasurable,L286=10.306/10.946 L525=10.641/0.743
composite,391,6433,1,-1,-1,-1,-1,unmeasurable,unmeasurable,unmeasurable,unmeasurable,L23=5.789/3.841 L262=9.330/0.774
composite,391,6433,2,-1,-1,-1,-1,unmeasurable,unmeasurable,unmeasurable,unmeasurable,L286=9.073/9.125 L525=10.711/0.760
composite,392,6434,1,-1,-1,-1,-1,unmeasurable,unmeasurable,unmeasurable,unmeasurable,L23=6.112/4.535 L262=9.297/0.709
composite,392,6434,2,-1,-1,-1,-1,unmeasurable,unmeasurable,unmeasurable,unmeasurable,L286=11.908/12.582 L525=3.458/3.781
composite,393,6435,1,-1,-1,-1,-1,unmeasurable,unmeasurable,unmeasurable,unmeasurable,L23=5.630/3.797 L262=9.272/0.771
composite,393,6435,2,-1,-1,-1,-1,unmeasurable,unmeasurable,unmeasurable,unmeasurable,L286=11.062/11.875 L525=3.466/3.754
composite,394,6436,1,-1,-1,-1,-1,unmeasurable,unmeasurable,unmeasurable,unmeasurable,L23=5.980/4.263 L262=9.405/0.756
composite,394,6436,2,-1,-1,-1,-1,unmeasurable,unmeasurable,unmeasurable,unmeasurable,L286=10.972/11.392 L525=3.416/3.783
composite,395,6437,1,-1,-1,-1,-1,unmeasurable,unmeasurable,unmeasurable,unmeasurable,L23=5.872/4.574 L262=9.319/0.747
composite,395,6437,2,-1,-1,-1,-1,unmeasurable,unmeasurable,unmeasurable,unmeasurable,L286=11.703/12.495 L525=3.438/3.800
composite,396,6438,1,-1,-1,-1,-1,unmeasurable,unmeasurable,unmeasurable,unmeasurable,L23=6.608/4.301 L262=9.466/0.770
composite,396,6438,2,-1,-1,-1,-1,unmeasurable,unmeasurable,unmeasurable,unmeasurable,L286=9.794/11.543 L525=10.544/0.712
composite,397,6439,1,-1,-1,-1,-1,unmeasurable,unmeasurable,unmeasurable,unmeasurable,L23=5.511/3.764 L262=9.492/0.840
composite,397,6439,2,-1,-1,-1,-1,unmeasurable,unmeasurable,unmeasurable,unmeasurable,L286=9.797/10.529 L525=10.489/0.724
composite,398,6440,1,-1,-1,-1,-1,unmeasurable,unmeasurable,unmeasurable,unmeasurable,L23=5.928/4.227 L262=9.328/0.807
composite,398,6440,2,-1,-1,-1,-1,unmeasurable,unmeasurable,unmeasurable,unmeasurable,L286=9.916/11.608 L525=10.678/0.752
composite,399,6441,1,-1,-1,-1,-1,unmeasurable,unmeasurable,unmeasurable,unmeasurable,L23=5.797/4.332 L262=9.548/0.785
composite,399,6441,2,-1,-1,-1,-1,unmeasurable,unmeasurable,unmeasurable,unmeasurable,L286=10.448/11.250 L525=10.691/0.717
composite,400,6442,1,-1,-1,-1,-1,unmeasurable,unmeasurable,unmeasurable,unmeasurable,L23=6.808/4.454 L262=9.514/0.810
composite,400,6442,2,-1,-1,-1,-1,unmeasurable,unmeasurable,unmeasurable,unmeasurable,L286=6.875/4.524 L525=9.130/0.826
composite,401,6443,1,-1,-1,-1,-1,unmeasurable,unmeasurable,unmeasurable,unmeasurable,L23=6.447/4.396 L262=9.238/0.788
composite,401,6443,2,-1,-1,-1,-1,unmeasurable,unmeasurable,unmeasurable,unmeasurable,L286=10.561/10.260 L525=10.372/0.743
composite,402,6444,1,-1,-1,-1,-1,unmeasurable,unmeasurable,unmeasurable,unmeasurable,L23=5.019/3.875 L262=9.053/0.773
composite,402,6444,2,-1,-1,-1,-1,unmeasurable,unmeasurable,unmeasurable,unmeasurable,L286=10.078/10.407 L525=10.363/0.722
composite,403,6445,1,-1,-1,-1,-1,unmeasurable,unmeasurable,unmeasurable,unmeasurable,L23=5.361/4.548 L262=8.722/0.791
composite,403,6445,2,-1,-1,-1,-1,unmeasurable,unmeasurable,unmeasurable,unmeasurable,L286=9.936/11.030 L525=10.439/0.743
composite,404,6446,1,-1,-1,-1,-1,unmeasurable,unmeasurable,unmeasurable,unmeasurable,L23=4.411/3.755 L262=8.808/0.756
composite,404,6446,2,-1,-1,-1,-1,unmeasurable,unmeasurable,unmeasurable,unmeasurable,L286=10.600/11.201 L525=10.442/0.737
composite,405,6447,1,-1,-1,-1,-1,unmeasurable,unmeasurable,unmeasurable,unmeasurable,L23=5.670/4.363 L262=8.917/0.789
composite,405,6447,2,-1,-1,-1,-1,unmeasurable,unmeasurable,unmeasurable,unmeasurable,L286=10.903/11.271 L525=10.370/0.661
composite,406,6448,1,-1,-1,-1,-1,unmeasurable,unmeasurable,unmeasurable,unmeasurable,L23=4.948/3.711 L262=9.405/0.742
composite,406,6448,2,-1,-1,-1,-1,unmeasurable,unmeasurable,unmeasurable,unmeasurable,L286=9.716/10.525 L525=10.452/0.664
composite,407,6449,1,-1,-1,-1,-1,unmeasurable,unmeasurable,unmeasurable,unmeasurable,L23=5.494/4.159 L262=9.302/0.723
composite,407,6449,2,-1,-1,-1,-1,unmeasurable,unmeasurable,unmeasurable,unmeasurable,L286=10.125/10.089 L525=10.436/0.622
composite,408,6450,1,-1,-1,-1,-1,unmeasurable,unmeasurable,unmeasurable,unmeasurable,L23=6.062/4.574 L262=9.386/0.724
composite,408,6450,2,-1,-1,-1,-1,unmeasurable,unmeasurable,unmeasurable,unmeasurable,L286=10.625/10.034 L525=10.694/0.718
composite,409,6451,1,-1,-1,-1,-1,unmeasurable,unmeasurable,unmeasurable,unmeasurable,L23=5.467/4.046 L262=9.508/0.720
composite,409,6451,2,-1,-1,-1,-1,unmeasurable,unmeasurable,unmeasurable,unmeasurable,L286=9.694/10.600 L525=10.692/0.694
composite,410,6452,1,-1,-1,-1,-1,unmeasurable,unmeasurable,unmeasurable,unmeasurable,L23=5.338/3.686 L262=9.294/0.742
composite,410,6452,2,-1,-1,-1,-1,unmeasurable,unmeasurable,unmeasurable,unmeasurable,L286=11.083/11.696 L525=10.680/0.722
composite,411,6453,1,-1,-1,-1,-1,unmeasurable,unmeasurable,unmeasurable,unmeasurable,L23=6.362/4.529 L262=9.258/0.750
composite,411,6453,2,-1,-1,-1,-1,unmeasurable,unmeasurable,unmeasurable,unmeasurable,L286=9.984/10.153 L525=10.652/0.724
composite,412,6454,1,-1,-1,-1,-1,unmeasurable,unmeasurable,unmeasurable,unmeasurable,L23=5.584/3.689 L262=9.370/0.649
composite,412,6454,2,-1,-1,-1,-1,unmeasurable,unmeasurable,unmeasurable,unmeasurable,L286=10.861/11.186 L525=10.656/0.725
composite,413,6455,1,-1,-1,-1,-1,unmeasurable,unmeasurable,unmeasurable,unmeasurable,L23=6.459/4.508 L262=9.484/0.684
composite,413,6455,2,-1,-1,-1,-1,unmeasurable,unmeasurable,unmeasurable,unmeasurable,L286=10.089/10.725 L525=10.461/0.695
composite,414,6456,1,-1,-1,-1,-1,unmeasurable,unmeasurable,unmeasurable,unmeasurable,L23=5.544/4.251 L262=9.272/0.708
composite,414,6456,2,-1,-1,-1,-1,unmeasurable,unmeasurable,unmeasurable,unmeasurable,L286=9.473/9.311 L525=10.819/0.755
composite,415,6457,1,-1,-1,-1,-1,unmeasurable,unmeasurable,unmeasurable,unmeasurable,L23=6.653/4.534 L262=9.444/0.682
composite,415,6457,2,-1,-1,-1,-1,unmeasurable,unmeasurable,unmeasurable,unmeasurable,L286=10.570/10.265 L525=10.636/0.769
composite,416,6458,1,-1,-1,-1,-1,unmeasurable,unmeasurable,unmeasurable,unmeasurable,L23=5.673/3.926 L262=9.383/0.627
composite,416,6458,2,-1,-1,-1,-1,unmeasurable,unmeasurable,unmeasurable,unmeasurable,L286=9.978/10.048 L525=10.464/0.634
composite,417,6459,1,-1,-1,-1,-1,unmeasurable,unmeasurable,unmeasurable,unmeasurable,L23=5.191/4.136 L262=9.441/0.687
composite,417,6459,2,-1,-1,-1,-1,unmeasurable,unmeasurable,unmeasurable,unmeasurable,L286=10.511/11.056 L525=10.925/0.734
composite,418,6460,1,-1,-1,-1,-1,unmeasurable,unmeasurable,unmeasurable,unmeasurable,L23=4.942/3.474 L262=9.284/0.689
composite,418,6460,2,-1,-1,-1,-1,unmeasurable,unmeasurable,unmeasurable,unmeasurable,L286=10.762/10.857 L525=10.887/0.760
composite,419,6461,1,-1,-1,-1,-1,unmeasurable,unmeasurable,unmeasurable,unmeasurable,L23=5.148/3.820 L262=9.363/0.707
composite,419,6461,2,-1,-1,-1,-1,unmeasurable,unmeasurable,unmeasurable,unmeasurable,L286=9.675/11.207 L525=10.600/0.707
composite,420,6462,1,-1,-1,-1,-1,unmeasurable,unmeasurable,unmeasurable,unmeasurable,L23=5.880/3.974 L262=9.336/0.681
composite,420,6462,2,-1,-1,-1,-1,unmeasurable,unmeasurable,unmeasurable,unmeasurable,L286=10.003/12.171 L525=10.756/0.739
composite,421,6463,1,-1,-1,-1,-1,unmeasurable,unmeasurable,unmeasurable,unmeasurable,L23=6.675/4.719 L262=9.383/0.715
composite,421,6463,2,-1,-1,-1,-1,unmeasurable,unmeasurable,unmeasurable,unmeasurable,L286=9.875/10.728 L525=10.669/0.696
composite,422,6464,1,-1,-1,-1,-1,unmeasurable,unmeasurable,unmeasurable,unmeasurable,L23=6.142/3.734 L262=9.391/0.771
composite,422,6464,2,-1,-1,-1,-1,unmeasurable,unmeasurable,unmeasurable,unmeasurable,L286=11.192/12.341 L525=10.536/0.691
composite,423,6465,1,-1,-1,-1,-1,unmeasurable,unmeasurable,unmeasurable,unmeasurable,L23=5.570/4.049 L262=9.289/0.731
composite,423,6465,2,-1,-1,-1,-1,unmeasurable,unmeasurable,unmeasurable,unmeasurable,L286=12.455/12.176 L525=10.797/0.728
composite,424,6466,1,-1,-1,-1,-1,unmeasurable,unmeasurable,unmeasurable,unmeasurable,L23=5.494/4.191 L262=9.352/0.711
composite,424,6466,2,-1,-1,-1,-1,unmeasurable,unmeasurable,unmeasurable,unmeasurable,L286=10.903/10.558 L525=10.366/0.748
composite,425,6467,1,-1,-1,-1,-1,unmeasurable,unmeasurable,unmeasurable,unmeasurable,L23=6.136/4.359 L262=9.366/0.767
composite,425,6467,2,-1,-1,-1,-1,unmeasurable,unmeasurable,unmeasurable,unmeasurable,L286=11.620/14.131 L525=10.375/0.722
composite,426,6468,1,-1,-1,-1,-1,unmeasurable,unmeasurable,unmeasurable,unmeasurable,L23=5.147/3.670 L262=9.184/0.701
composite,426,6468,2,-1,-1,-1,-1,unmeasurable,unmeasurable,unmeasurable,unmeasurable,L286=11.506/13.736 L525=10.480/0.722
composite,427,6469,1,-1,-1,-1,-1,unmeasurable,unmeasurable,unmeasurable,unmeasurable,L23=5.948/4.105 L262=9.027/0.714
composite,427,6469,2,-1,-1,-1,-1,unmeasurable,unmeasurable,unmeasurable,unmeasurable,L286=9.289/9.919 L525=10.397/0.668
composite,428,6470,1,-1,-1,-1,-1,unmeasurable,unmeasurable,unmeasurable,unmeasurable,L23=5.520/4.028 L262=9.189/0.718
composite,428,6470,2,-1,-1,-1,-1,unmeasurable,unmeasurable,unmeasurable,unmeasurable,L286=10.380/11.131 L525=3.450/3.796
composite,429,6471,1,-1,-1,-1,-1,unmeasurable,unmeasurable,unmeasurable,unmeasurable,L23=6.084/4.247 L262=9.503/0.750
composite,429,6471,2,-1,-1,-1,-1,unmeasurable,unmeasurable,unmeasurable,unmeasurable,L286=12.028/13.723 L525=10.637/0.705
composite,430,6472,1,-1,-1,-1,-1,unmeasurable,unmeasurable,unmeasurable,unmeasurable,L23=6.264/4.187 L262=9.511/0.768
composite,430,6472,2,-1,-1,-1,-1,unmeasurable,unmeasurable,unmeasurable,unmeasurable,L286=10.817/11.757 L525=10.361/0.724
composite,431,6473,1,-1,-1,-1,-1,unmeasurable,unmeasurable,unmeasurable,unmeasurable,L23=5.403/3.652 L262=9.177/0.809
composite,431,6473,2,-1,-1,-1,-1,unmeasurable,unmeasurable,unmeasurable,unmeasurable,L286=9.213/10.235 L525=10.434/0.695
composite,432,6474,1,-1,-1,-1,-1,unmeasurable,unmeasurable,unmeasurable,unmeasurable,L23=5.367/3.848 L262=9.406/0.767
composite,432,6474,2,-1,-1,-1,-1,unmeasurable,unmeasurable,unmeasurable,unmeasurable,L286=9.905/9.507 L525=10.356/0.708
composite,433,6475,1,-1,-1,-1,-1,unmeasurable,unmeasurable,unmeasurable,unmeasurable,L23=5.202/3.781 L262=9.116/0.842
composite,433,6475,2,-1,-1,-1,-1,unmeasurable,unmeasurable,unmeasurable,unmeasurable,L286=10.133/11.054 L525=10.367/0.679
composite,434,6476,1,-1,-1,-1,-1,unmeasurable,unmeasurable,unmeasurable,unmeasurable,L23=5.552/3.812 L262=9.208/0.862
composite,434,6476,2,-1,-1,-1,-1,unmeasurable,unmeasurable,unmeasurable,unmeasurable,L286=9.698/9.030 L525=10.636/0.701
composite,435,6477,1,-1,-1,-1,-1,unmeasurable,unmeasurable,unmeasurable,unmeasurable,L23=6.109/4.042 L262=9.227/0.846
composite,435,6477,2,-1,-1,-1,-1,unmeasurable,unmeasurable,unmeasurable,unmeasurable,L286=10.809/10.742 L525=10.269/0.731
composite,436,6478,1,-1,-1,-1,-1,unmeasurable,unmeasurable,unmeasurable,unmeasurable,L23=5.864/3.921 L262=9.387/0.878
composite,436,6478,2,-1,-1,-1,-1,unmeasurable,unmeasurable,unmeasurable,unmeasurable,L286=11.919/13.861 L525=3.464/3.781
composite,437,6479,1,-1,-1,-1,-1,unmeasurable,unmeasurable,unmeasurable,unmeasurable,L23=5.719/4.073 L262=9.241/0.867
composite,437,6479,2,-1,-1,-1,-1,unmeasurable,unmeasurable,unmeasurable,unmeasurable,L286=9.734/10.336 L525=3.509/3.811
composite,438,6480,1,-1,-1,-1,-1,unmeasurable,unmeasurable,unmeasurable,unmeasurable,L23=5.583/4.519 L262=9.363/0.893
composite,438,6480,2,-1,-1,-1,-1,unmeasurable,unmeasurable,unmeasurable,unmeasurable,L286=11.506/13.052 L525=4.317/10.240
composite,439,6481,1,-1,-1,-1,-1,unmeasurable,unmeasurable,unmeasurable,unmeasurable,L23=4.828/3.872 L262=9.327/0.890
composite,439,6481,2,-1,-1,-1,-1,unmeasurable,unmeasurable,unmeasurable,unmeasurable,L286=11.330/12.547 L525=10.386/0.707
composite,440,6482,1,-1,-1,-1,-1,unmeasurable,unmeasurable,unmeasurable,unmeasurable,L23=5.320/4.100 L262=9.600/0.815
composite,440,6482,2,-1,-1,-1,-1,unmeasurable,unmeasurable,unmeasurable,unmeasurable,L286=10.400/10.503 L525=10.411/0.683
composite,441,6483,1,-1,-1,-1,-1,unmeasurable,unmeasurable,unmeasurable,unmeasurable,L23=5.516/3.831 L262=9.247/0.872
composite,441,6483,2,-1,-1,-1,-1,unmeasurable,unmeasurable,unmeasurable,unmeasurable,L286=11.159/12.341 L525=3.545/3.884
composite,442,6484,1,-1,-1,-1,-1,unmeasurable,unmeasurable,unmeasurable,unmeasurable,L23=5.112/4.055 L262=9.537/0.782
composite,442,6484,2,-1,-1,-1,-1,unmeasurable,unmeasurable,unmeasurable,unmeasurable,L286=11.102/11.854 L525=10.489/0.659
composite,443,6485,1,-1,-1,-1,-1,unmeasurable,unmeasurable,unmeasurable,unmeasurable,L23=5.769/3.962 L262=8.953/0.859
composite,443,6485,2,-1,-1,-1,-1,unmeasurable,unmeasurable,unmeasurable,unmeasurable,L286=9.405/9.421 L525=10.536/0.713
composite,444,6486,1,-1,-1,-1,-1,unmeasurable,unmeasurable,unmeasurable,unmeasurable,L23=6.362/4.711 L262=9.461/0.763
composite,444,6486,2,-1,-1,-1,-1,unmeasurable,unmeasurable,unmeasurable,unmeasurable,L286=10.236/10.656 L525=10.373/0.693
composite,445,6487,1,-1,-1,-1,-1,unmeasurable,unmeasurable,unmeasurable,unmeasurable,L23=5.647/4.042 L262=9.363/0.774
composite,445,6487,2,-1,-1,-1,-1,unmeasurable,unmeasurable,unmeasurable,unmeasurable,L286=11.711/11.903 L525=10.550/0.664
composite,446,6488,1,-1,-1,-1,-1,unmeasurable,unmeasurable,unmeasurable,unmeasurable,L23=6.125/4.014 L262=8.853/0.750
composite,446,6488,2,-1,-1,-1,-1,unmeasurable,unmeasurable,unmeasurable,unmeasurable,L286=9.941/10.659 L525=10.319/0.717
composite,447,6489,1,-1,-1,-1,-1,unmeasurable,unmeasurable,unmeasurable,unmeasurable,L23=5.664/4.423 L262=9.312/0.724
composite,447,6489,2,-1,-1,-1,-1,unmeasurable,unmeasurable,unmeasurable,unmeasurable,L286=10.137/10.948 L525=10.248/0.661
composite,448,6490,1,-1,-1,-1,-1,unmeasurable,unmeasurable,unmeasurable,unmeasurable,L23=5.741/4.198 L262=9.108/0.788
composite,448,6490,2,-1,-1,-1,-1,unmeasurable,unmeasurable,unmeasurable,unmeasurable,L286=10.408/11.388 L525=10.819/0.713
composite,449,6491,1,-1,-1,-1,-1,unmeasurable,unmeasurable,unmeasurable,unmeasurable,L23=5.436/3.506 L262=9.206/0.777
composite,449,6491,2,-1,-1,-1,-1,unmeasurable,unmeasurable,unmeasurable,unmeasurable,L286=9.173/8.871 L525=10.316/0.669
composite,450,6492,1,-1,-1,-1,-1,unmeasurable,unmeasurable,unmeasurable,unmeasurable,L23=4.698/3.522 L262=9.425/0.828
composite,450,6492,2,-1,-1,-1,-1,unmeasurable,unmeasurable,unmeasurable,unmeasurable,L286=10.047/11.075 L525=10.533/0.661
composite,451,6493,1,-1,-1,-1,-1,unmeasurable,unmeasurable,unmeasurable,unmeasurable,L23=5.416/3.948 L262=9.352/0.840
composite,451,6493,2,-1,-1,-1,-1,unmeasurable,unmeasurable,unmeasurable,unmeasurable,L286=10.597/12.050 L525=10.698/0.749
composite,452,6494,1,-1,-1,-1,-1,unmeasurable,unmeasurable,unmeasurable,unmeasurable,L23=5.948/3.824 L262=9.523/0.899
composite,452,6494,2,-1,-1,-1,-1,unmeasurable,unmeasurable,unmeasurable,unmeasurable,L286=9.488/10.480 L525=10.592/0.763
composite,453,6495,1,-1,-1,-1,-1,unmeasurable,unmeasurable,unmeasurable,unmeasurable,L23=6.598/4.239 L262=9.394/0.799
composite,453,6495,2,-1,-1,-1,-1,unmeasurable,unmeasurable,unmeasurable,unmeasurable,L286=9.666/10.521 L525=10.409/0.703
composite,454,6496,1,-1,-1,-1,-1,unmeasurable,unmeasurable,unmeasurable,unmeasurable,L23=6.436/4.368 L262=9.422/0.839
composite,454,6496,2,-1,-1,-1,-1,unmeasurable,unmeasurable,unmeasurable,unmeasurable,L286=9.148/9.224 L525=10.478/0.720
composite,455,6497,1,-1,-1,-1,-1,unmeasurable,unmeasurable,unmeasurable,unmeasurable,L23=6.348/4.396 L262=9.273/0.815
composite,455,6497,2,-1,-1,-1,-1,unmeasurable,unmeasurable,unmeasurable,unmeasurable,L286=10.155/11.559 L525=10.341/0.649
composite,456,6498,1,-1,-1,-1,-1,unmeasurable,unmeasurable,unmeasurable,unmeasurable,L23=5.359/3.833 L262=9.398/0.774
composite,456,6498,2,-1,-1,-1,-1,unmeasurable,unmeasurable,unmeasurable,unmeasurable,L286=9.808/10.909 L525=10.488/0.714
composite,457,6499,1,-1,-1,-1,-1,unmeasurable,unmeasurable,unmeasurable,unmeasurable,L23=5.420/3.780 L262=9.300/0.734
composite,457,6499,2,-1,-1,-1,-1,unmeasurable,unmeasurable,unmeasurable,unmeasurable,L286=9.648/10.067 L525=10.758/0.778
composite,458,6500,1,-1,-1,-1,-1,unmeasurable,unmeasurable,unmeasurable,unmeasurable,L23=5.217/4.114 L262=9.208/0.815
composite,458,6500,2,-1,-1,-1,-1,unmeasurable,unmeasurable,unmeasurable,unmeasurable,L286=10.127/11.360 L525=10.439/0.707
composite,459,6501,1,-1,-1,-1,-1,unmeasurable,unmeasurable,unmeasurable,unmeasurable,L23=5.405/3.997 L262=9.267/0.766
composite,459,6501,2,-1,-1,-1,-1,unmeasurable,unmeasurable,unmeasurable,unmeasurable,L286=9.613/10.095 L525=10.669/0.726
composite,460,6502,1,-1,-1,-1,-1,unmeasurable,unmeasurable,unmeasurable,unmeasurable,L23=6.541/4.277 L262=9.667/0.771
composite,460,6502,2,-1,-1,-1,-1,unmeasurable,unmeasurable,unmeasurable,unmeasurable,L286=9.613/11.455 L525=10.711/0.752
composite,461,6503,1,-1,-1,-1,-1,unmeasurable,unmeasurable,unmeasurable,unmeasurable,L23=6.014/4.307 L262=9.338/0.796
composite,461,6503,2,-1,-1,-1,-1,unmeasurable,unmeasurable,unmeasurable,unmeasurable,L286=10.400/12.187 L525=10.583/0.720
composite,462,6504,1,-1,-1,-1,-1,unmeasurable,unmeasurable,unmeasurable,unmeasurable,L23=6.150/4.269 L262=9.162/0.788
composite,462,6504,2,-1,-1,-1,-1,unmeasurable,unmeasurable,unmeasurable,unmeasurable,L286=10.170/10.000 L525=10.634/0.744
composite,463,6505,1,-1,-1,-1,-1,unmeasurable,unmeasurable,unmeasurable,unmeasurable,L23=5.481/3.995 L262=9.213/0.784
composite,463,6505,2,-1,-1,-1,-1,unmeasurable,unmeasurable,unmeasurable,unmeasurable,L286=10.550/10.777 L525=11.130/0.736
composite,464,6506,1,-1,-1,-1,-1,unmeasurable,unmeasurable,unmeasurable,unmeasurable,L23=5.731/4.565 L262=9.375/0.775
composite,464,6506,2,-1,-1,-1,-1,unmeasurable,unmeasurable,unmeasurable,unmeasurable,L286=10.294/10.963 L525=10.970/0.765
composite,465,6507,1,-1,-1,-1,-1,unmeasurable,unmeasurable,unmeasurable,unmeasurable,L23=5.789/4.380 L262=9.261/0.768
composite,465,6507,2,-1,-1,-1,-1,unmeasurable,unmeasurable,unmeasurable,unmeasurable,L286=8.420/8.978 L525=10.317/0.765
composite,466,6508,1,-1,-1,-1,-1,unmeasurable,unmeasurable,unmeasurable,unmeasurable,L23=4.930/3.360 L262=9.308/0.714
composite,466,6508,2,-1,-1,-1,-1,unmeasurable,unmeasurable,unmeasurable,unmeasurable,L286=10.833/11.818 L525=10.108/0.752
composite,467,6509,1,-1,-1,-1,-1,unmeasurable,unmeasurable,unmeasurable,unmeasurable,L23=5.653/3.970 L262=9.359/0.774
composite,467,6509,2,-1,-1,-1,-1,unmeasurable,unmeasurable,unmeasurable,unmeasurable,L286=10.581/11.207 L525=10.450/0.755
composite,468,6510,1,-1,-1,-1,-1,unmeasurable,unmeasurable,unmeasurable,unmeasurable,L23=6.050/4.262 L262=9.222/0.771
composite,468,6510,2,-1,-1,-1,-1,unmeasurable,unmeasurable,unmeasurable,unmeasurable,L286=10.595/11.231 L525=10.350/0.741
composite,469,6511,1,-1,-1,-1,-1,unmeasurable,unmeasurable,unmeasurable,unmeasurable,L23=6.006/4.437 L262=9.280/0.715
composite,469,6511,2,-1,-1,-1,-1,unmeasurable,unmeasurable,unmeasurable,unmeasurable,L286=11.884/13.549 L525=10.502/0.703
composite,470,6512,1,-1,-1,-1,-1,unmeasurable,unmeasurable,unmeasurable,unmeasurable,L23=5.420/3.991 L262=9.100/0.733
composite,470,6512,2,-1,-1,-1,-1,unmeasurable,unmeasurable,unmeasurable,unmeasurable,L286=10.267/10.246 L525=10.463/0.734
composite,471,6513,1,-1,-1,-1,-1,unmeasurable,unmeasurable,unmeasurable,unmeasurable,L23=5.978/3.649 L262=9.433/0.728
composite,471,6513,2,-1,-1,-1,-1,unmeasurable,unmeasurable,unmeasurable,unmeasurable,L286=9.686/11.315 L525=3.862/5.685
composite,472,6514,1,-1,-1,-1,-1,unmeasurable,unmeasurable,unmeasurable,unmeasurable,L23=5.548/3.638 L262=9.598/0.780
composite,472,6514,2,-1,-1,-1,-1,unmeasurable,unmeasurable,unmeasurable,unmeasurable,L286=11.000/11.451 L525=10.795/0.714
composite,473,6515,1,-1,-1,-1,-1,unmeasurable,unmeasurable,unmeasurable,unmeasurable,L23=6.378/4.676 L262=9.616/0.735
composite,473,6515,2,-1,-1,-1,-1,unmeasurable,unmeasurable,unmeasurable,unmeasurable,L286=11.020/11.780 L525=10.867/0.752
composite,474,6516,1,-1,-1,-1,-1,unmeasurable,unmeasurable,unmeasurable,unmeasurable,L23=5.650/4.215 L262=9.444/0.768
composite,474,6516,2,-1,-1,-1,-1,unmeasurable,unmeasurable,unmeasurable,unmeasurable,L286=9.231/11.417 L525=3.745/4.585
composite,475,6517,1,-1,-1,-1,-1,unmeasurable,unmeasurable,unmeasurable,unmeasurable,L23=5.661/4.162 L262=9.630/0.753
composite,475,6517,2,-1,-1,-1,-1,unmeasurable,unmeasurable,unmeasurable,unmeasurable,L286=9.445/11.014 L525=10.709/0.691
composite,476,6518,1,-1,-1,-1,-1,unmeasurable,unmeasurable,unmeasurable,unmeasurable,L23=6.281/4.361 L262=9.572/0.785
composite,476,6518,2,-1,-1,-1,-1,unmeasurable,unmeasurable,unmeasurable,unmeasurable,L286=8.534/9.297 L525=10.789/0.690
composite,477,6519,1,-1,-1,-1,-1,unmeasurable,unmeasurable,unmeasurable,unmeasurable,L23=5.833/4.026 L262=9.619/0.743
composite,477,6519,2,-1,-1,-1,-1,unmeasurable,unmeasurable,unmeasurable,unmeasurable,L286=12.448/13.466 L525=3.589/4.020
composite,478,6520,1,-1,-1,-1,-1,unmeasurable,unmeasurable,unmeasurable,unmeasurable,L23=6.102/3.901 L262=9.509/0.779
composite,478,6520,2,-1,-1,-1,-1,unmeasurable,unmeasurable,unmeasurable,unmeasurable,L286=11.275/12.098 L525=3.633/4.082
composite,479,6521,1,-1,-1,-1,-1,unmeasurable,unmeasurable,unmeasurable,unmeasurable,L23=6.948/4.489 L262=9.717/0.735
composite,479,6521,2,-1,-1,-1,-1,unmeasurable,unmeasurable,unmeasurable,unmeasurable,L286=10.453/10.507 L525=10.844/0.740
composite,480,6522,1,-1,-1,-1,-1,unmeasurable,unmeasurable,unmeasurable,unmeasurable,L23=6.283/4.031 L262=9.717/0.733
composite,480,6522,2,-1,-1,-1,-1,unmeasurable,unmeasurable,unmeasurable,unmeasurable,L286=12.230/12.075 L525=10.998/0.723
composite,481,6523,1,-1,-1,-1,-1,unmeasurable,unmeasurable,unmeasurable,unmeasurable,L23=6.678/4.404 L262=9.830/0.781
composite,481,6523,2,-1,-1,-1,-1,unmeasurable,unmeasurable,unmeasurable,unmeasurable,L286=11.137/11.806 L525=10.787/0.747
composite,482,6524,1,-1,-1,-1,-1,unmeasurable,unmeasurable,unmeasurable,unmeasurable,L23=6.700/4.617 L262=9.863/0.785
composite,482,6524,2,-1,-1,-1,-1,unmeasurable,unmeasurable,unmeasurable,unmeasurable,L286=11.542/12.993 L525=11.098/0.763
composite,483,6525,1,-1,-1,-1,-1,unmeasurable,unmeasurable,unmeasurable,unmeasurable,L23=6.052/3.618 L262=9.520/0.770
composite,483,6525,2,-1,-1,-1,-1,unmeasurable,unmeasurable,unmeasurable,unmeasurable,L286=10.828/11.943 L525=11.213/0.759
composite,484,6526,1,-1,-1,-1,-1,unmeasurable,unmeasurable,unmeasurable,unmeasurable,L23=6.216/4.111 L262=9.338/0.721
composite,484,6526,2,-1,-1,-1,-1,unmeasurable,unmeasurable,unmeasurable,unmeasurable,L286=9.467/9.502 L525=10.834/0.729
composite,485,6527,1,-1,-1,-1,-1,unmeasurable,unmeasurable,unmeasurable,unmeasurable,L23=5.533/3.746 L262=9.577/0.736
composite,485,6527,2,-1,-1,-1,-1,unmeasurable,unmeasurable,unmeasurable,unmeasurable,L286=11.722/13.778 L525=10.900/0.715
composite,486,6528,1,-1,-1,-1,-1,unmeasurable,unmeasurable,unmeasurable,unmeasurable,L23=5.688/4.015 L262=9.672/0.788
composite,486,6528,2,-1,-1,-1,-1,unmeasurable,unmeasurable,unmeasurable,unmeasurable,L286=10.469/11.092 L525=10.748/0.738
composite,487,6529,1,-1,-1,-1,-1,unmeasurable,unmeasurable,unmeasurable,unmeasurable,L23=6.278/4.023 L262=9.408/0.742
composite,487,6529,2,-1,-1,-1,-1,unmeasurable,unmeasurable,unmeasurable,unmeasurable,L286=9.359/10.985 L525=10.831/0.718
composite,488,6530,1,-1,-1,-1,-1,unmeasurable,unmeasurable,unmeasurable,unmeasurable,L23=6.439/4.480 L262=9.570/0.712
composite,488,6530,2,-1,-1,-1,-1,unmeasurable,unmeasurable,unmeasurable,unmeasurable,L286=10.689/11.146 L525=11.077/0.734
composite,489,6531,1,-1,-1,-1,-1,unmeasurable,unmeasurable,unmeasurable,unmeasurable,L23=6.511/4.047 L262=9.369/0.753
composite,489,6531,2,-1,-1,-1,-1,unmeasurable,unmeasurable,unmeasurable,unmeasurable,L286=9.634/10.418 L525=11.022/0.722
composite,490,6532,1,-1,-1,-1,-1,unmeasurable,unmeasurable,unmeasurable,unmeasurable,L23=5.819/3.658 L262=9.319/0.688
composite,490,6532,2,-1,-1,-1,-1,unmeasurable,unmeasurable,unmeasurable,unmeasurable,L286=10.002/11.710 L525=10.734/0.723
composite,491,6533,1,-1,-1,-1,-1,unmeasurable,unmeasurable,unmeasurable,unmeasurable,L23=5.253/4.012 L262=9.673/0.732
composite,491,6533,2,-1,-1,-1,-1,unmeasurable,unmeasurable,unmeasurable,unmeasurable,L286=9.869/9.734 L525=10.811/0.725
composite,492,6534,1,-1,-1,-1,-1,unmeasurable,unmeasurable,unmeasurable,unmeasurable,L23=5.897/4.030 L262=9.225/0.735
composite,492,6534,2,-1,-1,-1,-1,unmeasurable,unmeasurable,unmeasurable,unmeasurable,L286=10.947/10.548 L525=10.686/0.689
composite,493,6535,1,-1,-1,-1,-1,unmeasurable,unmeasurable,unmeasurable,unmeasurable,L23=5.977/4.122 L262=9.453/0.717
composite,493,6535,2,-1,-1,-1,-1,unmeasurable,unmeasurable,unmeasurable,unmeasurable,L286=10.870/11.836 L525=10.861/0.744
composite,494,6536,1,-1,-1,-1,-1,unmeasurable,unmeasurable,unmeasurable,unmeasurable,L23=5.856/4.354 L262=9.169/0.716
composite,494,6536,2,-1,-1,-1,-1,unmeasurable,unmeasurable,unmeasurable,unmeasurable,L286=9.239/9.144 L525=10.491/0.691
composite,495,6537,1,-1,-1,-1,-1,unmeasurable,unmeasurable,unmeasurable,unmeasurable,L23=7.117/4.193 L262=9.559/0.711
composite,495,6537,2,-1,-1,-1,-1,unmeasurable,unmeasurable,unmeasurable,unmeasurable,L286=8.564/10.492 L525=10.731/0.722
composite,496,6538,1,-1,-1,-1,-1,unmeasurable,unmeasurable,unmeasurable,unmeasurable,L23=6.161/4.606 L262=9.180/0.748
composite,496,6538,2,-1,-1,-1,-1,unmeasurable,unmeasurable,unmeasurable,unmeasurable,L286=9.805/11.076 L525=10.958/0.762
composite,497,6539,1,-1,-1,-1,-1,unmeasurable,unmeasurable,unmeasurable,unmeasurable,L23=6.662/4.766 L262=9.266/0.725
composite,497,6539,2,-1,-1,-1,-1,unmeasurable,unmeasurable,unmeasurable,unmeasurable,L286=10.448/10.668 L525=10.792/0.737
composite,498,6540,1,-1,-1,-1,-1,unmeasurable,unmeasurable,unmeasurable,unmeasurable,L23=5.933/3.854 L262=9.436/0.706
composite,498,6540,2,-1,-1,-1,-1,unmeasurable,unmeasurable,unmeasurable,unmeasurable,L286=10.348/11.326 L525=10.686/0.731
composite,499,6541,1,-1,-1,-1,-1,unmeasurable,unmeasurable,unmeasurable,unmeasurable,L23=5.759/3.870 L262=9.152/0.816
composite,499,6541,2,-1,-1,-1,-1,unmeasurable,unmeasurable,unmeasurable,unmeasurable,L286=10.472/11.332 L525=3.544/3.955
composite,500,6542,1,-1,-1,-1,-1,unmeasurable,unmeasurable,unmeasurable,unmeasurable,L23=7.211/4.480 L262=9.409/0.749
composite,500,6542,2,-1,-1,-1,-1,unmeasurable,unmeasurable,unmeasurable,unmeasurable,L286=10.267/10.360 L525=11.389/0.801
composite,501,6543,1,-1,-1,-1,-1,unmeasurable,unmeasurable,unmeasurable,unmeasurable,L23=6.391/4.021 L262=9.650/0.743
composite,501,6543,2,-1,-1,-1,-1,unmeasurable,unmeasurable,unmeasurable,unmeasurable,L286=11.198/11.881 L525=11.623/0.744
composite,502,6544,1,-1,-1,-1,-1,unmeasurable,unmeasurable,unmeasurable,unmeasurable,L23=5.477/3.879 L262=9.108/0.821
composite,502,6544,2,-1,-1,-1,-1,unmeasurable,unmeasurable,unmeasurable,unmeasurable,L286=11.289/12.578 L525=11.517/0.796
composite,503,6545,1,-1,-1,-1,-1,unmeasurable,unmeasurable,unmeasurable,unmeasurable,L23=5.480/3.835 L262=9.173/0.836
composite,503,6545,2,-1,-1,-1,-1,unmeasurable,unmeasurable,unmeasurable,unmeasurable,L286=9.952/10.014 L525=11.375/0.752
composite,504,6546,1,-1,-1,-1,-1,unmeasurable,unmeasurable,unmeasurable,unmeasurable,L23=6.362/4.544 L262=9.647/0.824
composite,504,6546,2,-1,-1,-1,-1,unmeasurable,unmeasurable,unmeasurable,unmeasurable,L286=9.292/10.938 L525=11.802/0.766
composite,505,6547,1,-1,-1,-1,-1,unmeasurable,unmeasurable,unmeasurable,unmeasurable,L23=6.039/4.020 L262=9.320/0.825
composite,505,6547,2,-1,-1,-1,-1,unmeasurable,unmeasurable,unmeasurable,unmeasurable,L286=8.072/8.387 L525=11.352/0.731
composite,506,6548,1,-1,-1,-1,-1,unmeasurable,unmeasurable,unmeasurable,unmeasurable,L23=5.602/4.139 L262=9.553/0.742
composite,506,6548,2,-1,-1,-1,-1,unmeasurable,unmeasurable,unmeasurable,unmeasurable,L286=10.248/11.065 L525=11.302/0.745
composite,507,6549,1,-1,-1,-1,-1,unmeasurable,unmeasurable,unmeasurable,unmeasurable,L23=4.689/3.171 L262=9.486/0.887
composite,507,6549,2,-1,-1,-1,-1,unmeasurable,unmeasurable,unmeasurable,unmeasurable,L286=12.091/12.490 L525=11.214/0.718
composite,508,6550,1,-1,-1,-1,-1,unmeasurable,unmeasurable,unmeasurable,unmeasurable,L23=5.622/4.215 L262=9.369/0.811
composite,508,6550,2,-1,-1,-1,-1,unmeasurable,unmeasurable,unmeasurable,unmeasurable,L286=9.541/9.691 L525=11.161/0.685
composite,509,6551,1,-1,-1,-1,-1,unmeasurable,unmeasurable,unmeasurable,unmeasurable,L23=5.106/4.180 L262=9.262/0.886
composite,509,6551,2,-1,-1,-1,-1,unmeasurable,unmeasurable,unmeasurable,unmeasurable,L286=10.303/11.349 L525=11.106/0.749
composite,510,6552,1,-1,-1,-1,-1,unmeasurable,unmeasurable,unmeasurable,unmeasurable,L23=4.952/3.602 L262=9.336/0.824
composite,510,6552,2,-1,-1,-1,-1,unmeasurable,unmeasurable,unmeasurable,unmeasurable,L286=9.814/10.105 L525=11.400/0.752
composite,511,6553,1,-1,-1,-1,-1,unmeasurable,unmeasurable,unmeasurable,unmeasurable,L23=5.619/4.092 L262=9.531/0.829
composite,511,6553,2,-1,-1,-1,-1,unmeasurable,unmeasurable,unmeasurable,unmeasurable,L286=10.344/11.786 L525=11.320/0.720
composite,512,6554,1,-1,-1,-1,-1,unmeasurable,unmeasurable,unmeasurable,unmeasurable,L23=5.328/4.164 L262=9.534/0.832
composite,512,6554,2,-1,-1,-1,-1,unmeasurable,unmeasurable,unmeasurable,unmeasurable,L286=10.408/11.112 L525=10.994/0.711
composite,513,6555,1,-1,-1,-1,-1,unmeasurable,unmeasurable,unmeasurable,unmeasurable,L23=5.353/4.021 L262=9.375/0.853
composite,513,6555,2,-1,-1,-1,-1,unmeasurable,unmeasurable,unmeasurable,unmeasurable,L286=9.630/10.457 L525=11.227/0.718
composite,514,6556,1,-1,-1,-1,-1,unmeasurable,unmeasurable,unmeasurable,unmeasurable,L23=5.423/3.733 L262=9.314/0.782
composite,514,6556,2,-1,-1,-1,-1,unmeasurable,unmeasurable,unmeasurable,unmeasurable,L286=13.925/15.766 L525=3.627/3.987
composite,515,6557,1,-1,-1,-1,-1,unmeasurable,unmeasurable,unmeasurable,unmeasurable,L23=6.786/4.371 L262=9.411/0.858
composite,515,6557,2,-1,-1,-1,-1,unmeasurable,unmeasurable,unmeasurable,unmeasurable,L286=10.411/11.120 L525=11.061/0.688
composite,516,6558,1,-1,-1,-1,-1,unmeasurable,unmeasurable,unmeasurable,unmeasurable,L23=5.445/4.210 L262=9.577/0.877
composite,516,6558,2,-1,-1,-1,-1,unmeasurable,unmeasurable,unmeasurable,unmeasurable,L286=10.545/10.629 L525=10.917/0.736
composite,517,6559,1,-1,-1,-1,-1,unmeasurable,unmeasurable,unmeasurable,unmeasurable,L23=6.317/4.410 L262=9.327/0.803
composite,517,6559,2,-1,-1,-1,-1,unmeasurable,unmeasurable,unmeasurable,unmeasurable,L286=11.848/13.357 L525=3.694/5.080
composite,518,6560,1,-1,-1,-1,-1,unmeasurable,unmeasurable,unmeasurable,unmeasurable,L23=6.378/3.930 L262=9.431/0.854
composite,518,6560,2,-1,-1,-1,-1,unmeasurable,unmeasurable,unmeasurable,unmeasurable,L286=11.716/13.662 L525=3.608/3.988
composite,519,6561,1,-1,-1,-1,-1,unmeasurable,unmeasurable,unmeasurable,unmeasurable,L23=5.630/3.964 L262=9.780/0.837
composite,519,6561,2,-1,-1,-1,-1,unmeasurable,unmeasurable,unmeasurable,unmeasurable,L286=11.628/13.000 L525=3.455/3.741
composite,520,6562,1,-1,-1,-1,-1,unmeasurable,unmeasurable,unmeasurable,unmeasurable,L23=5.608/4.081 L262=9.417/0.802
composite,520,6562,2,-1,-1,-1,-1,unmeasurable,unmeasurable,unmeasurable,unmeasurable,L286=8.930/9.587 L525=11.503/0.744
composite,521,6563,1,-1,-1,-1,-1,unmeasurable,unmeasurable,unmeasurable,unmeasurable,L23=5.720/4.155 L262=9.336/0.902
composite,521,6563,2,-1,-1,-1,-1,unmeasurable,unmeasurable,unmeasurable,unmeasurable,L286=9.272/12.083 L525=11.350/0.745
composite,522,6564,1,-1,-1,-1,-1,unmeasurable,unmeasurable,unmeasurable,unmeasurable,L23=5.420/3.777 L262=9.155/0.844
composite,522,6564,2,-1,-1,-1,-1,unmeasurable,unmeasurable,unmeasurable,unmeasurable,L286=10.111/11.302 L525=11.278/0.674
composite,523,6565,1,-1,-1,-1,-1,unmeasurable,unmeasurable,unmeasurable,unmeasurable,L23=5.523/4.170 L262=9.444/0.744
composite,523,6565,2,-1,-1,-1,-1,unmeasurable,unmeasurable,unmeasurable,unmeasurable,L286=14.831/14.389 L525=11.864/0.780
composite,524,6566,1,-1,-1,-1,-1,unmeasurable,unmeasurable,unmeasurable,unmeasurable,L23=6.894/4.266 L262=9.353/0.877
composite,524,6566,2,-1,-1,-1,-1,unmeasurable,unmeasurable,unmeasurable,unmeasurable,L286=11.642/10.976 L525=11.719/0.770
composite,525,6567,1,-1,-1,-1,-1,unmeasurable,unmeasurable,unmeasurable,unmeasurable,L23=6.253/4.477 L262=9.373/0.819
composite,525,6567,2,-1,-1,-1,-1,unmeasurable,unmeasurable,unmeasurable,unmeasurable,L286=12.470/13.984 L525=3.825/5.014
composite,526,6568,1,-1,-1,-1,-1,unmeasurable,unmeasurable,unmeasurable,unmeasurable,L23=5.508/3.571 L262=9.428/0.826
composite,526,6568,2,-1,-1,-1,-1,unmeasurable,unmeasurable,unmeasurable,unmeasurable,L286=12.536/13.937 L525=3.428/3.824
composite,527,6569,1,-1,-1,-1,-1,unmeasurable,unmeasurable,unmeasurable,unmeasurable,L23=5.786/4.004 L262=9.570/0.830
composite,527,6569,2,-1,-1,-1,-1,unmeasurable,unmeasurable,unmeasurable,unmeasurable,L286=12.162/12.893 L525=11.670/0.751
composite,528,6570,1,-1,-1,-1,-1,unmeasurable,unmeasurable,unmeasurable,unmeasurable,L23=6.428/4.286 L262=9.866/0.841
composite,528,6570,2,-1,-1,-1,-1,unmeasurable,unmeasurable,unmeasurable,unmeasurable,L286=9.466/8.854 L525=11.287/0.713
composite,529,6571,1,-1,-1,-1,-1,unmeasurable,unmeasurable,unmeasurable,unmeasurable,L23=4.702/3.901 L262=9.730/0.791
composite,529,6571,2,-1,-1,-1,-1,unmeasurable,unmeasurable,unmeasurable,unmeasurable,L286=9.494/10.355 L525=11.500/0.760
composite,530,6572,1,-1,-1,-1,-1,unmeasurable,unmeasurable,unmeasurable,unmeasurable,L23=5.525/3.592 L262=9.152/0.864
composite,530,6572,2,-1,-1,-1,-1,unmeasurable,unmeasurable,unmeasurable,unmeasurable,L286=11.134/11.723 L525=3.483/3.783
composite,531,6573,1,-1,-1,-1,-1,unmeasurable,unmeasurable,unmeasurable,unmeasurable,L23=5.602/4.502 L262=9.014/0.793
composite,531,6573,2,-1,-1,-1,-1,unmeasurable,unmeasurable,unmeasurable,unmeasurable,L286=14.114/14.261 L525=10.881/0.834
composite,532,6574,1,-1,-1,-1,-1,unmeasurable,unmeasurable,unmeasurable,unmeasurable,L23=6.511/4.824 L262=9.081/0.816
composite,532,6574,2,-1,-1,-1,-1,unmeasurable,unmeasurable,unmeasurable,unmeasurable,L286=8.953/9.085 L525=11.092/0.752
composite,533,6575,1,-1,-1,-1,-1,unmeasurable,unmeasurable,unmeasurable,unmeasurable,L23=6.481/4.163 L262=9.181/0.869
composite,533,6575,2,-1,-1,-1,-1,unmeasurable,unmeasurable,unmeasurable,unmeasurable,L286=9.717/10.519 L525=10.989/0.745
composite,534,6576,1,-1,-1,-1,-1,unmeasurable,unmeasurable,unmeasurable,unmeasurable,L23=5.461/4.187 L262=8.847/0.828
composite,534,6576,2,-1,-1,-1,-1,unmeasurable,unmeasurable,unmeasurable,unmeasurable,L286=11.086/12.263 L525=3.339/3.665
composite,535,6577,1,-1,-1,-1,-1,unmeasurable,unmeasurable,unmeasurable,unmeasurable,L23=5.562/3.879 L262=9.170/0.803
composite,535,6577,2,-1,-1,-1,-1,unmeasurable,unmeasurable,unmeasurable,unmeasurable,L286=10.784/12.438 L525=3.469/3.867
composite,536,6578,1,-1,-1,-1,-1,unmeasurable,unmeasurable,unmeasurable,unmeasurable,L23=5.916/4.755 L262=9.259/0.786
composite,536,6578,2,-1,-1,-1,-1,unmeasurable,unmeasurable,unmeasurable,unmeasurable,L286=11.923/14.241 L525=3.736/5.920
composite,537,6579,1,-1,-1,-1,-1,unmeasurable,unmeasurable,unmeasurable,unmeasurable,L23=5.831/4.449 L262=9.306/0.842
composite,537,6579,2,-1,-1,-1,-1,unmeasurable,unmeasurable,unmeasurable,unmeasurable,L286=10.858/10.347 L525=11.400/0.739
composite,538,6580,1,-1,-1,-1,-1,unmeasurable,unmeasurable,unmeasurable,unmeasurable,L23=5.520/3.906 L262=9.713/0.813
composite,538,6580,2,-1,-1,-1,-1,unmeasurable,unmeasurable,unmeasurable,unmeasurable,L286=10.441/10.947 L525=11.498/0.760
composite,539,6581,1,-1,-1,-1,-1,unmeasurable,unmeasurable,unmeasurable,unmeasurable,L23=5.686/4.368 L262=9.713/0.751
composite,539,6581,2,-1,-1,-1,-1,unmeasurable,unmeasurable,unmeasurable,unmeasurable,L286=11.369/12.648 L525=3.475/3.910
composite,540,6582,1,-1,-1,-1,-1,unmeasurable,unmeasurable,unmeasurable,unmeasurable,L23=5.922/4.214 L262=9.509/0.825
composite,540,6582,2,-1,-1,-1,-1,unmeasurable,unmeasurable,unmeasurable,unmeasurable,L286=11.909/13.330 L525=11.114/0.710
composite,541,6583,1,-1,-1,-1,-1,unmeasurable,unmeasurable,unmeasurable,unmeasurable,L23=6.419/4.024 L262=9.756/0.766
composite,541,6583,2,-1,-1,-1,-1,unmeasurable,unmeasurable,unmeasurable,unmeasurable,L286=11.078/11.637 L525=11.497/0.703
composite,542,6584,1,-1,-1,-1,-1,unmeasurable,unmeasurable,unmeasurable,unmeasurable,L23=6.045/4.293 L262=9.625/0.785
composite,542,6584,2,-1,-1,-1,-1,unmeasurable,unmeasurable,unmeasurable,unmeasurable,L286=11.544/12.557 L525=11.495/0.789
composite,543,6585,1,-1,-1,-1,-1,unmeasurable,unmeasurable,unmeasurable,unmeasurable,L23=5.634/3.828 L262=9.386/0.810
composite,543,6585,2,-1,-1,-1,-1,unmeasurable,unmeasurable,unmeasurable,unmeasurable,L286=12.047/12.806 L525=3.405/3.833
composite,544,6586,1,-1,-1,-1,-1,unmeasurable,unmeasurable,unmeasurable,unmeasurable,L23=5.889/3.864 L262=9.594/0.777
composite,544,6586,2,-1,-1,-1,-1,unmeasurable,unmeasurable,unmeasurable,unmeasurable,L286=15.684/14.807 L525=11.595/0.769
composite,545,6587,1,-1,-1,-1,-1,unmeasurable,unmeasurable,unmeasurable,unmeasurable,L23=6.122/4.012 L262=9.780/0.851
composite,545,6587,2,-1,-1,-1,-1,unmeasurable,unmeasurable,unmeasurable,unmeasurable,L286=10.327/11.675 L525=11.453/0.801
composite,546,6588,1,-1,-1,-1,-1,unmeasurable,unmeasurable,unmeasurable,unmeasurable,L23=7.072/4.664 L262=9.498/0.787
composite,546,6588,2,-1,-1,-1,-1,unmeasurable,unmeasurable,unmeasurable,unmeasurable,L286=10.336/11.801 L525=3.458/3.816
composite,547,6589,1,-1,-1,-1,-1,unmeasurable,unmeasurable,unmeasurable,unmeasurable,L23=5.766/4.180 L262=9.537/0.759
composite,547,6589,2,-1,-1,-1,-1,unmeasurable,unmeasurable,unmeasurable,unmeasurable,L286=10.133/11.263 L525=11.375/0.733
composite,548,6590,1,-1,-1,-1,-1,unmeasurable,unmeasurable,unmeasurable,unmeasurable,L23=6.108/4.142 L262=9.570/0.888
composite,548,6590,2,-1,-1,-1,-1,unmeasurable,unmeasurable,unmeasurable,unmeasurable,L286=9.152/9.093 L525=11.531/0.749
composite,549,6591,1,-1,-1,-1,-1,unmeasurable,unmeasurable,unmeasurable,unmeasurable,L23=5.369/4.367 L262=9.775/0.810
composite,549,6591,2,-1,-1,-1,-1,unmeasurable,unmeasurable,unmeasurable,unmeasurable,L286=7.755/8.545 L525=11.591/0.732
composite,550,6592,1,-1,-1,-1,-1,unmeasurable,unmeasurable,unmeasurable,unmeasurable,L23=5.180/3.093 L262=9.245/0.850
composite,550,6592,2,-1,-1,-1,-1,unmeasurable,unmeasurable,unmeasurable,unmeasurable,L286=7.502/6.821 L525=11.541/0.786
composite,551,6593,1,-1,-1,-1,-1,unmeasurable,unmeasurable,unmeasurable,unmeasurable,L23=4.664/2.877 L262=9.622/0.809
composite,551,6593,2,-1,-1,-1,-1,unmeasurable,unmeasurable,unmeasurable,unmeasurable,L286=8.178/7.673 L525=11.397/0.724
composite,552,6594,1,-1,-1,-1,-1,unmeasurable,unmeasurable,unmeasurable,unmeasurable,L23=4.433/2.385 L262=9.584/0.845
composite,552,6594,2,-1,-1,-1,-1,unmeasurable,unmeasurable,unmeasurable,unmeasurable,L286=7.411/7.961 L525=3.164/4.732
composite,553,6595,1,-1,-1,-1,-1,unmeasurable,unmeasurable,unmeasurable,unmeasurable,L23=4.625/2.643 L262=9.664/0.867
composite,553,6595,2,-1,-1,-1,-1,unmeasurable,unmeasurable,unmeasurable,unmeasurable,L286=7.397/7.081 L525=3.323/4.751
composite,554,6596,1,-1,-1,-1,-1,unmeasurable,unmeasurable,unmeasurable,unmeasurable,L23=5.183/2.914 L262=9.912/0.854
composite,554,6596,2,-1,-1,-1,-1,unmeasurable,unmeasurable,unmeasurable,unmeasurable,L286=8.772/9.354 L525=2.933/3.481
composite,555,6597,1,-1,-1,-1,-1,unmeasurable,unmeasurable,unmeasurable,unmeasurable,L23=5.539/3.237 L262=9.512/0.840
composite,555,6597,2,-1,-1,-1,-1,unmeasurable,unmeasurable,unmeasurable,unmeasurable,L286=7.777/6.985 L525=2.922/3.463
composite,556,6598,1,-1,-1,-1,-1,unmeasurable,unmeasurable,unmeasurable,unmeasurable,L23=5.223/2.514 L262=9.569/0.899
composite,556,6598,2,-1,-1,-1,-1,unmeasurable,unmeasurable,unmeasurable,unmeasurable,L286=7.331/7.228 L525=3.516/6.762
composite,557,6599,1,-1,-1,-1,-1,unmeasurable,unmeasurable,unmeasurable,unmeasurable,L23=5.658/2.449 L262=9.677/0.853
composite,557,6599,2,-1,-1,-1,-1,unmeasurable,unmeasurable,unmeasurable,unmeasurable,L286=8.458/7.643 L525=2.966/3.608
composite,558,6600,1,-1,-1,-1,-1,unmeasurable,unmeasurable,unmeasurable,unmeasurable,L23=5.553/2.795 L262=3.608/6.852
composite,558,6600,2,-1,-1,-1,-1,unmeasurable,unmeasurable,unmeasurable,unmeasurable,L286=7.755/7.878 L525=2.866/3.449
composite,559,6601,1,-1,-1,-1,-1,unmeasurable,unmeasurable,unmeasurable,unmeasurable,L23=5.311/2.927 L262=3.006/3.238
composite,559,6601,2,-1,-1,-1,-1,unmeasurable,unmeasurable,unmeasurable,unmeasurable,L286=7.666/7.515 L525=2.827/3.313
composite,560,6602,1,-1,-1,-1,-1,unmeasurable,unmeasurable,unmeasurable,unmeasurable,L23=4.961/3.103 L262=3.178/4.461
composite,560,6602,2,-1,-1,-1,-1,unmeasurable,unmeasurable,unmeasurable,unmeasurable,L286=8.470/7.726 L525=2.862/3.334
composite,561,6603,1,-1,-1,-1,-1,unmeasurable,unmeasurable,unmeasurable,unmeasurable,L23=4.517/2.987 L262=2.861/3.178
composite,561,6603,2,-1,-1,-1,-1,unmeasurable,unmeasurable,unmeasurable,unmeasurable,L286=7.252/6.625 L525=2.686/3.185
composite,562,6604,1,-1,-1,-1,-1,unmeasurable,unmeasurable,unmeasurable,unmeasurable,L23=5.014/2.874 L262=4.725/3.533
composite,562,6604,2,-1,-1,-1,-1,unmeasurable,unmeasurable,unmeasurable,unmeasurable,L286=4.839/1.356 L525=8.742/1.073
composite,563,6605,1,-1,-1,-1,-1,unmeasurable,unmeasurable,unmeasurable,unmeasurable,L23=4.230/1.305 L262=10.066/0.728
composite,563,6605,2,-1,-1,-1,-1,unmeasurable,unmeasurable,unmeasurable,unmeasurable,L286=3.852/1.189 L525=11.105/0.727
composite,564,6606,1,-1,-1,-1,-1,unmeasurable,unmeasurable,unmeasurable,unmeasurable,L23=2.836/1.249 L262=8.178/1.736
composite,564,6606,2,-1,-1,-1,-1,unmeasurable,unmeasurable,unmeasurable,unmeasurable,L286=3.805/1.089 L525=11.194/0.768
composite,565,6607,1,-1,-1,-1,-1,unmeasurable,unmeasurable,unmeasurable,unmeasurable,L23=3.555/1.005 L262=11.181/0.770
composite,565,6607,2,-1,-1,-1,-1,unmeasurable,unmeasurable,unmeasurable,unmeasurable,L286=3.775/1.176 L525=10.044/0.747
composite,566,6608,1,-1,-1,-1,-1,unmeasurable,unmeasurable,unmeasurable,unmeasurable,L23=3.441/1.186 L262=10.877/0.745
composite,566,6608,2,-1,-1,-1,-1,unmeasurable,unmeasurable,unmeasurable,unmeasurable,L286=4.064/1.363 L525=10.164/0.800
composite,567,6609,1,-1,-1,-1,-1,unmeasurable,unmeasurable,unmeasurable,unmeasurable,L23=3.984/1.336 L262=10.194/0.768
composite,567,6609,2,-1,-1,-1,-1,unmeasurable,unmeasurable,unmeasurable,unmeasurable,L286=4.181/1.387 L525=9.905/0.743
composite,568,6610,1,-1,-1,-1,-1,unmeasurable,unmeasurable,unmeasurable,unmeasurable,L23=3.009/1.131 L262=10.963/0.768
composite,568,6610,2,-1,-1,-1,-1,unmeasurable,unmeasurable,unmeasurable,unmeasurable,L286=20.339/2.134 L525=9.786/0.814
composite,569,6611,1,-1,-1,-1,-1,unmeasurable,unmeasurable,unmeasurable,unmeasurable,L23=20.314/2.179 L262=10.622/0.712
composite,569,6611,2,-1,286,-1,523,unmeasurable,unmeasurable,unmeasurable,inferred,L286=22.752/1.896 L522=14.567/1.455 L523=8.830/0.738 L525=10.183/0.758 L526=1.378/0.531
composite,570,6612,1,-1,23,-1,261,unmeasurable,unmeasurable,unmeasurable,inferred,L23=22.586/1.807 L260=13.108/3.106 L261=9.306/0.812 L262=10.986/0.732 L263=1.384/0.499
composite,570,6612,2,286,286,523,523,0,0,inferred,inferred,L286=23.634/1.736 L522=15.972/1.204 L523=9.111/0.780 L525=10.231/0.693 L526=1.400/0.509
composite,571,6613,1,23,23,261,260,0,-1,inferred,inferred,L23=23.866/1.691 L259=16.633/1.302 L260=13.909/3.314 L262=11.028/0.728 L263=1.386/0.499
composite,571,6613,2,286,-1,523,-1,unmeasurable,unmeasurable,inferred,unmeasurable,L286=24.517/1.686 L525=10.306/0.711
composite,572,6614,1,23,-1,260,-1,unmeasurable,unmeasurable,inferred,unmeasurable,L23=23.284/1.433 L262=10.906/0.742
composite,572,6614,2,-1,-1,-1,-1,unmeasurable,unmeasurable,unmeasurable,unmeasurable,L286=24.533/1.545 L525=10.459/0.715
composite,573,6615,1,-1,-1,-1,-1,unmeasurable,unmeasurable,unmeasurable,unmeasurable,L23=23.675/1.471 L262=11.080/0.778
composite,573,6615,2,-1,-1,-1,-1,unmeasurable,unmeasurable,unmeasurable,unmeasurable,L286=24.702/1.500 L525=10.539/0.704
composite,574,6616,1,-1,-1,-1,-1,unmeasurable,unmeasurable,unmeasurable,unmeasurable,L23=24.370/1.610 L262=11.514/0.772
composite,574,6616,2,-1,-1,-1,-1,unmeasurable,unmeasurable,unmeasurable,unmeasurable,L286=25.506/1.717 L525=10.581/0.687
composite,575,6617,1,-1,-1,-1,-1,unmeasurable,unmeasurable,unmeasurable,unmeasurable,L23=24.552/1.417 L262=11.339/0.780
composite,575,6617,2,-1,-1,-1,-1,unmeasurable,unmeasurable,unmeasurable,unmeasurable,L286=25.706/1.507 L525=10.817/0.756
composite,576,6618,1,-1,-1,-1,-1,unmeasurable,unmeasurable,unmeasurable,unmeasurable,L23=24.277/1.339 L262=11.281/0.788
composite,576,6618,2,-1,-1,-1,-1,unmeasurable,unmeasurable,unmeasurable,unmeasurable,L286=25.339/1.440 L525=10.766/0.781
composite,577,6619,1,-1,-1,-1,-1,unmeasurable,unmeasurable,unmeasurable,unmeasurable,L23=24.130/1.422 L262=11.441/0.768
composite,577,6619,2,-1,-1,-1,-1,unmeasurable,unmeasurable,unmeasurable,unmeasurable,L286=25.127/1.395 L525=11.025/0.766
composite,578,6620,1,-1,-1,-1,-1,unmeasurable,unmeasurable,unmeasurable,unmeasurable,L23=23.925/1.355 L262=11.659/0.743
composite,578,6620,2,-1,-1,-1,-1,unmeasurable,unmeasurable,unmeasurable,unmeasurable,L286=24.964/1.491 L525=11.017/0.765
composite,579,6621,1,-1,-1,-1,-1,unmeasurable,unmeasurable,unmeasurable,unmeasurable,L23=24.077/1.350 L262=11.480/0.735
composite,579,6621,2,-1,-1,-1,-1,unmeasurable,unmeasurable,unmeasurable,unmeasurable,L286=24.297/1.687 L525=10.767/0.757
composite,580,6622,1,-1,-1,-1,-1,unmeasurable,unmeasurable,unmeasurable,unmeasurable,L23=23.709/1.375 L262=11.537/0.761
composite,580,6622,2,-1,-1,-1,-1,unmeasurable,unmeasurable,unmeasurable,unmeasurable,L286=24.403/1.587 L525=10.739/0.766
composite,581,6623,1,-1,-1,-1,-1,unmeasurable,unmeasurable,unmeasurable,unmeasurable,L23=24.244/1.572 L262=11.573/0.746
composite,581,6623,2,-1,-1,-1,-1,unmeasurable,unmeasurable,unmeasurable,unmeasurable,L286=24.134/1.530 L525=11.012/0.772
composite,582,6624,1,-1,-1,-1,-1,unmeasurable,unmeasurable,unmeasurable,unmeasurable,L23=23.778/1.341 L262=11.539/0.770
composite,582,6624,2,-1,-1,-1,-1,unmeasurable,unmeasurable,unmeasurable,unmeasurable,L286=24.591/1.670 L525=11.030/0.736
composite,583,6625,1,-1,-1,-1,-1,unmeasurable,unmeasurable,unmeasurable,unmeasurable,L23=23.995/1.413 L262=11.684/0.763
composite,583,6625,2,-1,-1,-1,-1,unmeasurable,unmeasurable,unmeasurable,unmeasurable,L286=24.225/1.489 L525=10.823/0.790
composite,584,6626,1,-1,-1,-1,-1,unmeasurable,unmeasurable,unmeasurable,unmeasurable,L23=23.602/1.319 L262=11.620/0.751
composite,584,6626,2,-1,-1,-1,-1,unmeasurable,unmeasurable,unmeasurable,unmeasurable,L286=24.597/1.522 L525=10.825/0.785
composite,585,6627,1,-1,-1,-1,-1,unmeasurable,unmeasurable,unmeasurable,unmeasurable,L23=23.791/1.232 L262=11.580/0.760
composite,585,6627,2,-1,-1,-1,-1,unmeasurable,unmeasurable,unmeasurable,unmeasurable,L286=24.363/1.406 L525=10.772/0.763
composite,586,6628,1,-1,-1,-1,-1,unmeasurable,unmeasurable,unmeasurable,unmeasurable,L23=24.042/1.387 L262=11.662/0.755
composite,586,6628,2,-1,-1,-1,-1,unmeasurable,unmeasurable,unmeasurable,unmeasurable,L286=24.291/1.382 L525=10.930/0.733
composite,587,6629,1,-1,-1,-1,-1,unmeasurable,unmeasurable,unmeasurable,unmeasurable,L23=23.648/1.539 L262=11.728/0.777
composite,587,6629,2,-1,-1,-1,-1,unmeasurable,unmeasurable,unmeasurable,unmeasurable,L286=24.522/1.468 L525=10.986/0.801
composite,588,6630,1,-1,-1,-1,-1,unmeasurable,unmeasurable,unmeasurable,unmeasurable,L23=23.936/1.480 L262=11.602/0.774
composite,588,6630,2,-1,-1,-1,-1,unmeasurable,unmeasurable,unmeasurable,unmeasurable,L286=24.712/1.357 L525=11.017/0.767
composite,589,6631,1,-1,-1,-1,-1,unmeasurable,unmeasurable,unmeasurable,unmeasurable,L23=24.430/1.565 L262=11.628/0.772
composite,589,6631,2,-1,-1,-1,-1,unmeasurable,unmeasurable,unmeasurable,unmeasurable,L286=25.030/1.447 L525=11.278/0.843
composite,590,6632,1,-1,-1,-1,-1,unmeasurable,unmeasurable,unmeasurable,unmeasurable,L23=24.322/1.439 L262=11.630/0.762
composite,590,6632,2,-1,-1,-1,-1,unmeasurable,unmeasurable,unmeasurable,unmeasurable,L286=24.663/1.629 L525=11.452/0.816
composite,591,6633,1,-1,-1,-1,-1,unmeasurable,unmeasurable,unmeasurable,unmeasurable,L23=24.580/1.437 L262=11.684/0.725
composite,591,6633,2,-1,-1,-1,-1,unmeasurable,unmeasurable,unmeasurable,unmeasurable,L286=24.680/1.547 L525=11.395/0.797
composite,592,6634,1,-1,-1,-1,-1,unmeasurable,unmeasurable,unmeasurable,unmeasurable,L23=24.619/1.448 L262=11.670/0.768
composite,592,6634,2,-1,-1,-1,-1,unmeasurable,unmeasurable,unmeasurable,unmeasurable,L286=24.958/1.437 L525=11.242/0.853
composite,593,6635,1,-1,-1,-1,-1,unmeasurable,unmeasurable,unmeasurable,unmeasurable,L23=24.242/1.362 L262=11.762/0.768
composite,593,6635,2,-1,-1,-1,-1,unmeasurable,unmeasurable,unmeasurable,unmeasurable,L286=24.717/1.560 L525=11.398/0.860
composite,594,6636,1,-1,-1,-1,-1,unmeasurable,unmeasurable,unmeasurable,unmeasurable,L23=23.728/1.322 L262=11.858/0.744
composite,594,6636,2,-1,-1,-1,-1,unmeasurable,unmeasurable,unmeasurable,unmeasurable,L286=24.403/1.403 L525=11.233/0.783
composite,595,6637,1,-1,-1,-1,-1,unmeasurable,unmeasurable,unmeasurable,unmeasurable,L23=24.086/1.234 L262=11.483/0.746
composite,595,6637,2,-1,-1,-1,-1,unmeasurable,unmeasurable,unmeasurable,unmeasurable,L286=24.350/1.396 L525=11.509/0.833
composite,596,6638,1,-1,-1,-1,-1,unmeasurable,unmeasurable,unmeasurable,unmeasurable,L23=24.292/1.335 L262=11.628/0.770
composite,596,6638,2,-1,-1,-1,-1,unmeasurable,unmeasurable,unmeasurable,unmeasurable,L286=24.609/1.633 L525=11.381/0.767
composite,597,6639,1,-1,-1,-1,-1,unmeasurable,unmeasurable,unmeasurable,unmeasurable,L23=24.464/1.447 L262=11.403/0.762
composite,597,6639,2,-1,-1,-1,-1,unmeasurable,unmeasurable,unmeasurable,unmeasurable,L286=23.994/1.659 L525=11.316/0.812
composite,598,6640,1,-1,-1,-1,-1,unmeasurable,unmeasurable,unmeasurable,unmeasurable,L23=24.444/1.244 L262=11.569/0.774
composite,598,6640,2,-1,-1,-1,-1,unmeasurable,unmeasurable,unmeasurable,unmeasurable,L286=24.070/1.523 L525=11.205/0.765
composite,599,6641,1,-1,-1,-1,-1,unmeasurable,unmeasurable,unmeasurable,unmeasurable,L23=23.942/1.407 L262=11.464/0.753
composite,599,6641,2,-1,-1,-1,-1,unmeasurable,unmeasurable,unmeasurable,unmeasurable,L286=8.713/3.705 L525=11.387/0.838
composite,600,6642,1,-1,-1,-1,-1,unmeasurable,unmeasurable,unmeasurable,unmeasurable,L23=12.098/1.818 L262=11.600/0.772
composite,600,6642,2,-1,-1,-1,-1,unmeasurable,unmeasurable,unmeasurable,unmeasurable,L286=7.327/3.351 L525=11.311/0.811
composite,601,6643,1,-1,-1,-1,-1,unmeasurable,unmeasurable,unmeasurable,unmeasurable,L23=11.209/1.405 L262=11.480/0.746
composite,601,6643,2,-1,-1,-1,-1,unmeasurable,unmeasurable,unmeasurable,unmeasurable,L286=7.200/3.268 L525=11.697/6.114
composite,602,6644,1,-1,-1,-1,-1,unmeasurable,unmeasurable,unmeasurable,unmeasurable,L23=7.266/2.188 L262=13.505/7.008
composite,602,6644,2,-1,-1,-1,-1,unmeasurable,unmeasurable,unmeasurable,unmeasurable,L286=8.167/1.858 L525=13.608/7.074
composite,603,6645,1,-1,-1,-1,-1,unmeasurable,unmeasurable,unmeasurable,unmeasurable,L23=5.206/3.249 L262=13.420/6.947
composite,603,6645,2,-1,-1,-1,-1,unmeasurable,unmeasurable,unmeasurable,unmeasurable,L286=3.373/1.519 L525=14.330/5.977
composite,604,6646,1,-1,-1,-1,-1,unmeasurable,unmeasurable,unmeasurable,unmeasurable,L23=4.167/3.021 L262=12.912/6.714
composite,604,6646,2,-1,-1,-1,-1,unmeasurable,unmeasurable,unmeasurable,unmeasurable,L286=3.430/1.423 L525=14.231/5.940
composite,605,6647,1,-1,-1,-1,-1,unmeasurable,unmeasurable,unmeasurable,unmeasurable,L23=4.205/2.972 L262=12.758/6.638
composite,605,6647,2,-1,-1,-1,-1,unmeasurable,unmeasurable,unmeasurable,unmeasurable,L286=3.041/1.465 L525=13.586/5.720
composite,606,6648,1,-1,-1,-1,-1,unmeasurable,unmeasurable,unmeasurable,unmeasurable,L23=3.820/2.777 L262=12.297/6.374
composite,606,6648,2,-1,-1,-1,-1,unmeasurable,unmeasurable,unmeasurable,unmeasurable,L286=2.814/1.325 L525=13.498/5.668
composite,607,6649,1,-1,-1,-1,-1,unmeasurable,unmeasurable,unmeasurable,unmeasurable,L23=3.381/2.494 L262=11.977/6.190
composite,607,6649,2,-1,-1,-1,-1,unmeasurable,unmeasurable,unmeasurable,unmeasurable,L286=2.263/1.105 L525=13.042/5.455
composite,608,6650,1,-1,-1,-1,-1,unmeasurable,unmeasurable,unmeasurable,unmeasurable,L23=3.214/2.305 L262=11.903/6.139
composite,608,6650,2,-1,-1,-1,-1,unmeasurable,unmeasurable,unmeasurable,unmeasurable,L286=2.622/1.331 L525=12.889/5.369
composite,609,6651,1,-1,-1,-1,-1,unmeasurable,unmeasurable,unmeasurable,unmeasurable,L23=3.188/2.267 L262=11.819/6.039
composite,609,6651,2,-1,-1,-1,-1,unmeasurable,unmeasurable,unmeasurable,unmeasurable,L286=2.659/1.316 L525=12.864/5.350
composite,610,6652,1,-1,-1,-1,-1,unmeasurable,unmeasurable,unmeasurable,unmeasurable,L23=2.992/2.112 L262=11.975/6.176
composite,610,6652,2,-1,-1,-1,-1,unmeasurable,unmeasurable,unmeasurable,unmeasurable,L286=2.373/1.179 L525=13.361/5.710
composite,611,6653,1,-1,-1,-1,-1,unmeasurable,unmeasurable,unmeasurable,unmeasurable,L23=3.425/2.518 L262=13.287/7.021
composite,611,6653,2,-1,-1,-1,-1,unmeasurable,unmeasurable,unmeasurable,unmeasurable,L286=2.517/1.421 L525=14.491/6.100
composite,612,6654,1,-1,-1,-1,-1,unmeasurable,unmeasurable,unmeasurable,unmeasurable,L23=3.263/2.401 L262=13.113/6.839
composite,612,6654,2,-1,-1,-1,-1,unmeasurable,unmeasurable,unmeasurable,unmeasurable,L286=3.148/1.592 L525=13.531/5.792
composite,613,6655,1,-1,-1,-1,-1,unmeasurable,unmeasurable,unmeasurable,unmeasurable,L23=3.727/2.753 L262=13.106/6.837
composite,613,6655,2,-1,-1,-1,-1,unmeasurable,unmeasurable,unmeasurable,unmeasurable,L286=2.756/1.539 L525=15.042/6.449
composite,614,6656,1,-1,-1,-1,-1,unmeasurable,unmeasurable,unmeasurable,unmeasurable,L23=3.645/2.679 L262=12.916/6.781
composite,614,6656,2,-1,-1,-1,-1,unmeasurable,unmeasurable,unmeasurable,unmeasurable,L286=3.252/1.601 L525=13.544/5.792
composite,615,6657,1,-1,-1,-1,-1,unmeasurable,unmeasurable,unmeasurable,unmeasurable,L23=3.742/2.540 L262=13.075/6.804
composite,615,6657,2,-1,-1,-1,-1,unmeasurable,unmeasurable,unmeasurable,unmeasurable,L286=2.862/1.544 L525=14.256/6.227
composite,616,6658,1,-1,-1,-1,-1,unmeasurable,unmeasurable,unmeasurable,unmeasurable,L23=3.980/2.872 L262=13.284/6.983
composite,616,6658,2,-1,-1,-1,-1,unmeasurable,unmeasurable,unmeasurable,unmeasurable,L286=3.448/1.738 L525=13.869/6.070
composite,617,6659,1,-1,-1,-1,-1,unmeasurable,unmeasurable,unmeasurable,unmeasurable,L23=4.208/3.044 L262=12.728/6.573
composite,617,6659,2,-1,-1,-1,-1,unmeasurable,unmeasurable,unmeasurable,unmeasurable,L286=2.872/1.551 L525=14.208/5.961
composite,618,6660,1,-1,-1,-1,-1,unmeasurable,unmeasurable,unmeasurable,unmeasurable,L23=3.552/2.490 L262=12.834/6.700
composite,618,6660,2,-1,-1,-1,-1,unmeasurable,unmeasurable,unmeasurable,unmeasurable,L286=3.620/1.786 L525=13.780/5.949
composite,619,6661,1,-1,-1,-1,-1,unmeasurable,unmeasurable,unmeasurable,unmeasurable,L23=3.403/2.564 L262=13.047/6.813
composite,619,6661,2,-1,-1,-1,-1,unmeasurable,unmeasurable,unmeasurable,unmeasurable,L286=2.719/1.525 L525=13.756/5.927
composite,620,6662,1,-1,-1,-1,-1,unmeasurable,unmeasurable,unmeasurable,unmeasurable,L23=3.464/2.669 L262=13.036/6.773
composite,620,6662,2,-1,-1,-1,-1,unmeasurable,unmeasurable,unmeasurable,unmeasurable,L286=1.895/0.998 L525=15.137/6.590
composite,621,6663,1,-1,25,-1,260,unmeasurable,unmeasurable,unmeasurable,censored,L25=25.627/3.920 L259=22.822/1.943 L260=17.322/9.466 L262=16.825/9.039 L263=1.363/0.497 L264=1.369/0.482
composite,621,6663,2,-1,286,-1,522,unmeasurable,unmeasurable,unmeasurable,inferred,L286=1.677/0.775 L521=22.988/1.993 L522=21.795/5.205 L525=18.800/8.281 L526=1.378/0.516
composite,622,6664,1,25,25,260,260,0,0,censored,censored,L25=24.800/3.774 L259=22.686/1.895 L260=16.819/9.062 L262=17.156/9.313 L263=1.384/0.490 L264=1.375/0.484
composite,622,6664,2,286,286,522,522,0,0,inferred,inferred,L286=1.916/1.014 L521=22.512/1.725 L522=25.988/16.074 L525=18.980/8.412 L526=1.373/0.515
composite,623,6665,1,25,25,260,259,0,-1,censored,censored,L25=24.863/3.569 L258=23.744/2.553 L259=23.581/1.805 L262=17.628/9.646 L263=1.387/0.500 L264=1.366/0.482
composite,623,6665,2,286,286,522,522,0,0,inferred,inferred,L286=1.948/1.094 L521=22.666/2.124 L522=22.995/2.862 L525=19.094/8.271 L526=1.380/0.504
composite,624,6666,1,25,25,259,260,0,1,censored,censored,L25=25.141/3.462 L259=23.009/1.686 L260=16.902/9.113 L262=16.806/9.175 L263=1.378/0.498 L264=1.386/0.487
composite,624,6666,2,286,286,522,522,0,0,inferred,inferred,L286=2.069/1.089 L521=22.545/2.243 L522=23.572/7.803 L525=19.409/8.381 L526=1.384/0.518
composite,625,6667,1,25,25,260,260,0,0,censored,censored,L25=23.520/3.209 L259=22.953/1.889 L260=16.984/9.261 L262=17.325/9.397 L263=1.369/0.489 L264=1.369/0.482
composite,625,6667,2,286,286,522,522,0,0,inferred,inferred,L286=2.022/1.155 L521=22.161/2.340 L522=21.438/5.631 L525=18.695/8.253 L526=1.383/0.517
composite,626,6668,1,25,25,260,260,0,0,censored,censored,L25=22.372/3.525 L259=22.909/1.858 L260=16.859/9.218 L262=16.872/9.282 L263=1.400/0.499 L264=1.364/0.481
composite,626,6668,2,286,286,522,522,0,0,inferred,inferred,L286=1.988/1.152 L521=22.214/2.267 L522=24.164/9.152 L525=18.816/8.115 L526=1.383/0.517
composite,627,6669,1,25,25,260,260,0,0,censored,censored,L25=21.089/3.084 L259=23.452/1.689 L260=17.053/9.163 L262=16.812/9.401 L263=1.369/0.502 L264=1.378/0.485
composite,627,6669,2,286,286,522,522,0,0,inferred,inferred,L286=2.223/1.399 L521=23.438/2.209 L522=26.217/13.814 L525=18.580/8.210 L526=1.387/0.506
composite,628,6670,1,25,25,260,260,0,0,censored,censored,L25=19.034/3.227 L259=23.611/2.268 L260=16.208/8.892 L262=15.945/8.872 L263=1.383/0.514 L264=1.370/0.483
composite,628,6670,2,286,286,522,522,0,0,inferred,inferred,L286=1.981/1.052 L521=23.522/2.985 L522=24.670/6.517 L525=19.255/8.394 L526=1.391/0.534
composite,629,6671,1,25,25,260,259,0,-1,censored,censored,L25=19.292/3.532 L258=22.705/2.311 L259=22.783/2.129 L262=17.831/8.305 L263=1.391/0.497 L264=1.352/0.477
composite,629,6671,2,286,286,522,522,0,0,inferred,inferred,L286=2.561/1.671 L521=23.091/3.171 L522=26.881/12.777 L525=18.650/8.093 L526=1.366/0.501
composite,630,6672,1,25,25,259,260,0,1,censored,censored,L25=17.977/3.412 L259=23.445/2.672 L260=17.345/9.425 L262=18.508/8.687 L263=1.375/0.487 L264=1.373/0.484
composite,630,6672,2,286,286,522,522,0,0,inferred,inferred,L286=2.837/1.797 L521=22.775/3.271 L522=27.945/20.794 L525=19.756/8.642 L526=1.361/0.512
composite,631,6673,1,25,25,260,259,0,-1,censored,censored,L25=16.738/3.844 L258=24.069/2.729 L259=27.802/20.640 L262=19.528/9.286 L263=1.369/0.489 L264=1.377/0.485
composite,631,6673,2,286,286,522,522,0,0,inferred,inferred,L286=3.048/2.112 L521=23.598/4.238 L522=24.675/3.770 L525=18.797/8.407 L526=1.384/0.518
composite,632,6674,1,25,25,259,259,0,0,censored,censored,L25=15.344/4.030 L258=24.333/2.724 L259=26.897/12.995 L262=17.994/8.716 L263=1.366/0.488 L264=1.361/0.480
composite,632,6674,2,286,286,522,522,0,0,inferred,inferred,L286=2.373/1.986 L521=22.759/4.197 L522=23.292/5.216 L525=18.816/8.485 L526=1.397/0.520
composite,633,6675,1,25,25,259,259,0,0,censored,censored,L25=13.425/4.652 L258=24.936/3.036 L259=25.325/6.913 L262=19.878/9.832 L263=1.378/0.491 L264=1.372/0.483
composite,633,6675,2,286,286,522,522,0,0,inferred,inferred,L286=2.405/1.745 L521=22.405/5.276 L522=25.666/9.188 L525=18.805/8.471 L526=1.375/0.515
composite,634,6676,1,25,28,259,259,3,0,censored,censored,L28=16.709/8.147 L258=24.019/3.299 L259=22.947/10.557 L262=19.577/9.413 L263=1.383/0.492 L267=16.000/0.000
composite,634,6676,2,286,286,522,522,0,0,inferred,inferred,L286=2.758/2.211 L521=22.628/4.128 L522=24.045/6.450 L525=19.311/8.645 L526=1.380/0.517
composite,635,6677,1,28,28,259,259,0,0,censored,censored,L28=17.538/9.072 L258=24.539/3.269 L259=26.114/11.507 L262=19.911/10.001 L263=1.367/0.488 L267=16.000/0.000
composite,635,6677,2,286,286,522,522,0,0,inferred,inferred,L286=2.222/1.418 L521=24.188/5.129 L522=24.920/5.607 L525=19.928/9.092 L526=1.369/0.529
composite,636,6678,1,28,28,259,259,0,0,censored,censored,L28=17.805/9.232 L258=23.644/3.654 L259=22.178/6.944 L262=17.794/8.650 L263=1.363/0.487 L267=16.000/0.000
composite,636,6678,2,286,286,522,522,0,0,inferred,inferred,L286=2.456/1.730 L521=24.044/3.891 L522=27.622/13.317 L525=18.722/8.410 L526=1.387/0.506
composite,637,6679,1,28,28,259,259,0,0,censored,censored,L28=18.383/9.424 L258=24.273/3.585 L259=24.791/10.426 L262=18.512/8.988 L263=1.384/0.493 L267=16.000/0.000
composite,637,6679,2,286,286,522,522,0,0,inferred,inferred,L286=2.066/1.165 L521=22.702/3.682 L522=21.683/6.572 L525=17.900/8.033 L526=1.398/0.535
composite,638,6680,1,28,28,259,260,0,1,censored,censored,L28=17.628/9.280 L259=24.044/3.324 L260=18.103/9.938 L262=18.672/8.663 L263=1.400/0.493 L267=16.000/0.000
composite,638,6680,2,286,286,522,522,0,0,inferred,inferred,L286=2.306/1.372 L521=24.291/4.260 L522=23.519/5.914 L525=19.756/8.572 L526=1.375/0.530
composite,639,6681,1,28,28,260,260,0,0,censored,censored,L28=17.855/9.301 L259=23.900/3.242 L260=17.630/9.834 L262=18.117/8.427 L263=1.383/0.489 L267=16.000/0.000
composite,639,6681,2,286,286,522,522,0,0,inferred,inferred,L286=2.422/1.324 L521=23.772/3.783 L522=23.248/4.405 L525=19.438/8.383 L526=1.386/0.533
composite,640,6682,1,28,28,260,260,0,0,censored,censored,L28=17.397/9.680 L259=23.320/3.507 L260=16.494/9.192 L262=15.762/8.825 L263=1.377/0.488 L267=16.000/0.000
composite,640,6682,2,286,286,522,522,0,0,inferred,inferred,L286=2.431/1.331 L521=23.289/3.761 L522=24.538/6.074 L525=20.039/8.761 L526=1.366/0.501
composite,641,6683,1,28,28,260,260,0,0,censored,censored,L28=18.312/9.422 L259=22.939/3.457 L260=17.573/9.901 L262=18.092/10.099 L263=1.398/0.508 L267=16.000/0.000
composite,641,6683,2,286,286,522,522,0,0,inferred,inferred,L286=2.388/1.309 L521=23.561/3.461 L522=25.370/7.454 L525=19.863/8.723 L526=1.372/0.502
composite,642,6684,1,28,28,260,260,0,0,censored,censored,L28=17.337/9.462 L259=22.923/3.173 L260=17.778/9.948 L262=17.575/9.773 L263=1.402/0.497 L267=16.000/0.000
composite,642,6684,2,286,286,522,522,0,0,inferred,inferred,L286=2.131/1.149 L521=23.819/3.118 L522=22.627/5.531 L525=19.123/8.465 L526=1.395/0.523
composite,643,6685,1,28,28,260,260,0,0,censored,censored,L28=18.042/9.244 L259=22.864/3.298 L260=17.531/9.632 L262=17.205/9.436 L263=1.386/0.493 L267=16.000/0.000
composite,643,6685,2,286,286,522,522,0,0,inferred,inferred,L286=1.936/1.110 L521=23.102/3.062 L522=26.827/18.176 L525=18.166/7.915 L526=1.367/0.546
composite,644,6686,1,28,28,260,260,0,0,censored,censored,L28=17.377/8.953 L259=23.489/2.981 L260=21.014/19.797 L262=17.350/9.619 L263=1.392/0.495 L267=16.000/0.000
composite,644,6686,2,286,286,522,522,0,0,inferred,inferred,L286=2.112/1.115 L521=23.363/3.429 L522=24.217/5.170 L525=20.378/9.148 L526=1.381/0.532
composite,645,6687,1,28,28,260,260,0,0,censored,censored,L28=18.592/9.146 L259=22.491/3.162 L260=19.716/8.024 L262=17.383/9.797 L263=1.406/0.504 L267=16.000/0.000
composite,645,6687,2,286,286,522,522,0,0,inferred,inferred,L286=2.247/1.134 L521=23.566/3.154 L522=23.123/4.530 L525=19.733/8.663 L526=1.372/0.530
composite,646,6688,1,28,28,260,260,0,0,censored,censored,L28=17.095/9.073 L259=22.933/3.205 L260=21.834/6.742 L262=16.858/9.323 L263=1.380/0.495 L267=16.000/0.000
composite,646,6688,2,286,286,522,522,0,0,inferred,inferred,L286=2.159/1.095 L521=24.480/3.033 L522=23.975/3.244 L525=20.030/8.987 L526=1.377/0.516
composite,647,6689,1,28,28,260,260,0,0,censored,censored,L28=17.836/9.181 L259=22.528/3.037 L260=21.961/6.284 L262=17.559/9.580 L263=1.391/0.497 L267=16.000/0.000
composite,647,6689,2,286,286,522,522,0,0,inferred,inferred,L286=2.005/0.961 L521=23.066/2.806 L522=26.505/19.464 L525=17.855/8.039 L526=1.377/0.516
composite,648,6690,1,28,28,260,260,0,0,censored,censored,L28=16.664/8.811 L259=22.158/3.286 L260=22.531/3.302 L262=16.997/9.324 L263=1.383/0.489 L267=16.000/0.000
composite,648,6690,2,286,286,522,523,0,1,inferred,inferred,L286=2.364/1.044 L522=23.270/2.720 L523=18.220/9.780 L525=19.514/8.653 L526=1.386/0.518
composite,649,6691,1,28,28,260,260,0,0,censored,censored,L28=16.892/9.039 L259=22.528/2.938 L260=25.494/13.514 L262=17.083/9.297 L263=1.380/0.489 L267=16.000/0.000
composite,649,6691,2,286,286,523,522,0,-1,inferred,inferred,L286=1.964/0.967 L521=22.653/3.107 L522=22.753/3.182 L525=18.669/8.408 L526=1.378/0.516
composite,650,6692,1,28,28,260,260,0,0,censored,censored,L28=16.800/9.006 L259=22.395/3.236 L260=22.258/4.353 L262=17.405/9.429 L263=1.381/0.492 L267=16.000/0.000
composite,650,6692,2,286,286,522,523,0,1,inferred,inferred,L286=2.053/0.957 L522=22.413/3.246 L523=17.381/9.430 L525=18.005/8.154 L526=1.408/0.522
composite,651,6693,1,28,28,260,260,0,0,censored,censored,L28=17.592/8.591 L259=23.062/3.052 L260=25.225/11.604 L262=16.867/8.998 L263=1.378/0.491 L267=16.000/0.000
composite,651,6693,2,286,286,523,523,0,0,inferred,inferred,L286=2.105/0.942 L522=22.875/3.247 L523=18.400/9.742 L525=17.870/9.593 L526=1.395/0.508
composite,652,6694,1,28,28,260,260,0,0,censored,censored,L28=17.381/8.941 L259=22.728/3.111 L260=21.312/4.913 L262=17.098/9.079 L263=1.392/0.498 L267=16.000/0.000
composite,652,6694,2,286,286,523,522,0,-1,inferred,inferred,L286=1.964/0.922 L521=22.077/2.909 L522=22.495/3.103 L525=18.020/9.824 L526=1.369/0.514
composite,653,6695,1,28,28,260,260,0,0,censored,censored,L28=17.311/8.850 L259=22.786/2.922 L260=26.409/20.011 L262=18.039/9.495 L263=1.367/0.513 L267=16.000/0.000
composite,653,6695,2,286,286,522,523,0,1,inferred,inferred,L286=1.748/0.807 L522=22.848/3.103 L523=17.778/9.606 L525=17.002/9.285 L526=1.378/0.504
composite,654,6696,1,28,28,260,260,0,0,censored,censored,L28=16.673/8.814 L259=22.619/3.059 L260=21.592/5.256 L262=17.217/8.998 L263=1.375/0.497 L267=16.000/0.000
composite,654,6696,2,286,286,523,523,0,0,inferred,inferred,L286=2.095/0.940 L522=22.355/3.298 L523=17.589/9.514 L525=17.300/9.414 L526=1.367/0.501
composite,655,6697,1,28,28,260,260,0,0,censored,censored,L28=18.078/9.031 L259=22.730/2.781 L260=25.181/14.189 L262=17.995/9.441 L263=1.372/0.496 L267=16.000/0.000
composite,655,6697,2,286,286,523,523,0,0,inferred,inferred,L286=1.611/0.696 L522=23.117/3.106 L523=21.381/19.902 L525=17.578/9.372 L526=1.366/0.513
composite,656,6698,1,28,28,260,260,0,0,censored,censored,L28=17.405/8.953 L259=22.363/2.784 L260=21.314/6.976 L262=17.587/9.094 L263=1.383/0.520 L267=16.000/0.000
composite,656,6698,2,286,286,523,523,0,0,inferred,inferred,L286=1.895/0.870 L522=22.991/3.063 L523=19.741/10.839 L525=17.719/9.594 L526=1.369/0.514
composite,657,6699,1,28,28,260,260,0,0,censored,censored,L28=17.909/8.868 L259=22.775/2.894 L260=21.531/7.206 L262=17.748/9.218 L263=1.369/0.486 L267=16.000/0.000
composite,657,6699,2,286,286,523,523,0,0,inferred,inferred,L286=1.919/0.912 L522=23.273/3.234 L523=25.980/19.190 L525=16.872/9.238 L526=1.397/0.538
composite,658,6700,1,28,28,260,260,0,0,censored,censored,L28=17.778/8.923 L259=22.758/3.437 L260=22.827/3.504 L262=17.672/9.107 L263=1.381/0.498 L267=16.000/0.000
composite,658,6700,2,286,286,523,523,0,0,inferred,inferred,L286=2.062/0.996 L522=22.973/2.944 L523=22.447/5.704 L525=17.606/9.626 L526=1.397/0.520
composite,659,6701,1,28,28,260,260,0,0,censored,censored,L28=17.859/9.091 L259=22.473/3.142 L260=26.322/16.804 L262=17.663/9.153 L263=1.383/0.499 L267=16.000/0.000
composite,659,6701,2,286,286,523,523,0,0,inferred,inferred,L286=1.825/0.837 L522=22.808/3.423 L523=24.275/4.241 L525=16.505/9.033 L526=1.373/0.503
composite,660,6702,1,28,28,260,260,0,0,censored,censored,L28=16.655/8.780 L259=23.355/3.137 L260=26.688/19.145 L262=17.534/9.038 L263=1.395/0.495 L267=16.000/0.000
composite,660,6702,2,286,286,523,523,0,0,inferred,inferred,L286=1.962/0.899 L522=21.717/3.254 L523=23.648/3.849 L525=17.636/9.778 L526=1.384/0.518
composite,661,6703,1,28,28,260,260,0,0,censored,censored,L28=17.144/8.908 L259=22.098/2.886 L260=24.866/14.421 L262=18.067/9.138 L263=1.391/0.510 L267=16.000/0.000
composite,661,6703,2,286,286,523,523,0,0,inferred,inferred,L286=2.041/0.916 L522=23.167/3.065 L523=23.137/6.440 L525=17.898/9.840 L526=1.373/0.503
composite,662,6704,1,28,28,260,260,0,0,censored,censored,L28=17.564/9.072 L259=22.614/3.240 L260=23.153/4.906 L262=16.902/8.740 L263=1.392/0.501 L267=16.000/0.000
composite,662,6704,2,286,286,523,523,0,0,inferred,inferred,L286=2.003/0.934 L522=23.180/2.946 L523=26.931/21.403 L525=18.058/9.885 L526=1.378/0.531
composite,663,6705,1,28,28,260,260,0,0,censored,censored,L28=18.067/8.736 L259=22.303/3.346 L260=21.995/3.527 L262=17.944/9.170 L263=1.363/0.494 L267=16.000/0.000
composite,663,6705,2,286,286,523,523,0,0,inferred,inferred,L286=2.331/0.952 L522=23.623/3.277 L523=24.137/7.970 L525=17.938/9.748 L526=1.383/0.532
composite,664,6706,1,28,28,260,260,0,0,censored,censored,L28=17.427/9.163 L259=22.272/3.105 L260=24.041/12.374 L262=16.850/8.613 L263=1.405/0.503 L267=16.000/0.000
composite,664,6706,2,286,286,523,523,0,0,inferred,inferred,L286=1.972/0.887 L522=22.917/3.074 L523=23.716/8.080 L525=17.917/9.899 L526=1.386/0.533
composite,665,6707,1,28,28,260,260,0,0,censored,censored,L28=17.670/9.282 L259=23.123/3.076 L260=22.003/6.382 L262=17.903/9.073 L263=1.387/0.497 L267=16.000/0.000
composite,665,6707,2,286,286,523,523,0,0,inferred,inferred,L286=2.117/0.965 L522=22.542/3.094 L523=24.466/12.433 L525=17.105/9.265 L526=1.394/0.520
composite,666,6708,1,28,28,260,260,0,0,censored,censored,L28=17.414/9.050 L259=23.105/3.088 L260=22.542/3.337 L262=17.708/9.115 L263=1.373/0.487 L267=16.000/0.000
composite,666,6708,2,286,286,523,523,0,0,inferred,inferred,L286=1.948/0.856 L522=22.641/3.198 L523=18.834/9.757 L525=17.877/9.533 L526=1.373/0.503
composite,667,6709,1,28,28,260,260,0,0,censored,censored,L28=17.492/8.943 L259=22.395/3.198 L260=23.217/4.050 L262=18.669/9.828 L263=1.369/0.492 L267=16.000/0.000
composite,667,6709,2,286,286,523,523,0,0,inferred,inferred,L286=1.778/0.773 L522=23.508/3.170 L523=18.172/9.787 L525=18.070/9.976 L526=1.375/0.503
composite,668,6710,1,28,28,260,260,0,0,censored,censored,L28=17.314/9.333 L259=22.766/3.163 L260=25.019/14.600 L262=17.359/9.066 L263=1.384/0.496 L267=16.000/0.000
composite,668,6710,2,286,286,523,523,0,0,inferred,inferred,L286=1.850/0.847 L522=23.222/3.062 L523=16.761/8.890 L525=17.450/9.402 L526=1.395/0.535
composite,669,6711,1,28,28,260,260,0,0,censored,censored,L28=17.733/8.804 L259=22.667/2.946 L260=21.767/6.158 L262=18.194/9.559 L263=1.387/0.500 L267=16.000/0.000
composite,669,6711,2,286,286,523,523,0,0,inferred,inferred,L286=1.848/0.868 L522=23.034/3.009 L523=17.716/9.467 L525=18.791/8.178 L526=1.392/0.519
composite,670,6712,1,28,28,260,260,0,0,censored,censored,L28=16.692/8.782 L259=22.927/2.985 L260=26.898/20.180 L262=17.527/9.239 L263=1.370/0.489 L267=16.000/0.000
composite,670,6712,2,286,286,523,522,0,-1,inferred,inferred,L286=1.927/0.930 L521=23.234/3.131 L522=22.962/3.119 L525=19.712/8.472 L526=1.383/0.517
composite,671,6713,1,28,28,260,260,0,0,censored,censored,L28=17.169/9.107 L259=22.839/2.933 L260=26.953/16.001 L262=17.458/9.145 L263=1.398/0.499 L267=16.000/0.000
composite,671,6713,2,286,286,522,522,0,0,inferred,inferred,L286=1.716/0.779 L521=22.930/3.347 L522=23.823/5.954 L525=19.642/8.639 L526=1.367/0.513
composite,672,6714,1,28,28,260,260,0,0,censored,censored,L28=17.133/8.949 L259=22.883/3.162 L260=19.578/13.324 L262=17.087/9.274 L263=1.392/0.491 L267=16.000/0.000
composite,672,6714,2,286,286,522,522,0,0,inferred,inferred,L286=2.286/1.109 L521=23.512/3.293 L522=22.939/3.176 L525=20.194/8.646 L526=1.403/0.509
composite,673,6715,1,28,28,260,260,0,0,censored,censored,L28=17.620/8.955 L259=22.975/3.246 L260=17.942/9.634 L262=18.198/9.758 L263=1.370/0.489 L267=16.000/0.000
composite,673,6715,2,286,286,522,522,0,0,inferred,inferred,L286=2.298/1.324 L521=22.266/3.255 L522=22.809/4.440 L525=19.277/8.368 L526=1.369/0.529
composite,674,6716,1,28,28,260,260,0,0,censored,censored,L28=17.266/9.003 L259=23.247/2.894 L260=18.089/9.823 L262=18.156/9.964 L263=1.378/0.501 L267=16.000/0.000
composite,674,6716,2,286,286,522,522,0,0,inferred,inferred,L286=2.572/1.518 L521=21.823/2.930 L522=20.883/12.089 L525=18.658/8.209 L526=1.383/0.505
composite,675,6717,1,28,28,260,260,0,0,censored,censored,L28=17.137/9.199 L259=23.387/3.410 L260=18.186/10.080 L262=18.398/10.103 L263=1.395/0.502 L267=16.000/0.000
composite,675,6717,2,286,286,522,522,0,0,inferred,inferred,L286=2.102/1.117 L521=22.397/3.053 L522=25.878/17.352 L525=18.494/8.050 L526=1.380/0.517
composite,676,6718,1,28,28,260,260,0,0,censored,censored,L28=17.528/9.195 L259=22.669/3.189 L260=17.414/9.418 L262=16.289/8.849 L263=1.380/0.492 L267=16.000/0.000
composite,676,6718,2,286,286,522,522,0,0,inferred,inferred,L286=2.056/1.069 L521=21.798/3.451 L522=25.219/14.808 L525=18.864/8.206 L526=1.400/0.521
composite,677,6719,1,28,28,260,260,0,0,censored,censored,L28=17.244/9.294 L259=22.373/2.949 L260=17.214/9.496 L262=17.142/9.312 L263=1.398/0.499 L267=16.000/0.000
composite,677,6719,2,286,286,522,522,0,0,inferred,inferred,L286=2.244/1.260 L521=22.497/3.263 L522=21.405/6.103 L525=18.738/7.901 L526=1.403/0.536
composite,678,6720,1,28,28,260,260,0,0,censored,censored,L28=16.186/9.247 L259=22.980/3.217 L260=17.855/9.699 L262=16.984/9.287 L263=1.400/0.493 L267=16.000/0.000
composite,678,6720,2,286,286,522,522,0,0,inferred,inferred,L286=2.263/1.255 L521=22.261/3.311 L522=21.464/4.389 L525=19.698/8.532 L526=1.375/0.515
composite,679,6721,1,28,28,260,260,0,0,censored,censored,L28=17.975/9.532 L259=22.627/2.911 L260=17.717/9.721 L262=17.780/9.674 L263=1.377/0.494 L267=16.000/0.000
composite,679,6721,2,286,286,522,522,0,0,inferred,inferred,L286=2.312/1.382 L521=23.183/3.471 L522=22.394/4.786 L525=19.016/8.118 L526=1.364/0.513
composite,680,6722,1,28,28,260,260,0,0,censored,censored,L28=18.275/9.228 L259=22.405/3.235 L260=17.883/9.855 L262=16.870/9.431 L263=1.375/0.487 L267=16.000/0.000
composite,680,6722,2,286,286,522,522,0,0,inferred,inferred,L286=2.798/1.486 L521=23.019/3.872 L522=24.473/8.484 L525=20.377/8.648 L526=1.369/0.502
composite,681,6723,1,28,28,260,260,0,0,censored,censored,L28=17.891/9.359 L259=23.270/3.361 L260=18.145/9.909 L262=19.011/10.383 L263=1.397/0.496 L267=16.000/0.000
composite,681,6723,2,286,286,522,522,0,0,inferred,inferred,L286=2.209/1.225 L521=23.163/3.589 L522=23.538/3.599 L525=19.184/8.119 L526=1.383/0.517
composite,682,6724,1,28,28,260,260,0,0,censored,censored,L28=17.431/9.425 L259=22.548/3.559 L260=17.639/9.594 L262=16.511/9.083 L263=1.394/0.495 L267=16.000/0.000
composite,682,6724,2,286,286,522,522,0,0,inferred,inferred,L286=2.352/1.346 L521=22.641/3.466 L522=25.577/16.686 L525=18.620/7.891 L526=1.366/0.513
composite,683,6725,1,28,28,260,260,0,0,censored,censored,L28=17.606/9.340 L259=22.562/3.389 L260=17.436/9.467 L262=17.355/9.378 L263=1.377/0.497 L267=16.000/0.000
composite,683,6725,2,286,286,522,522,0,0,inferred,inferred,L286=2.377/1.304 L521=22.945/3.252 L522=24.964/6.876 L525=19.986/8.625 L526=1.377/0.516
composite,684,6726,1,28,28,260,260,0,0,censored,censored,L28=17.372/8.996 L259=22.972/3.103 L260=17.711/9.651 L262=17.438/9.497 L263=1.378/0.498 L267=16.000/0.000
composite,684,6726,2,286,286,522,522,0,0,inferred,inferred,L286=2.298/1.214 L521=23.933/3.085 L522=23.223/6.967 L525=20.142/8.400 L526=1.372/0.515
composite,685,6727,1,28,28,260,260,0,0,censored,censored,L28=17.152/9.177 L259=23.422/3.334 L260=17.817/9.409 L262=17.834/9.686 L263=1.402/0.512 L267=16.000/0.000
composite,685,6727,2,286,286,522,522,0,0,inferred,inferred,L286=1.977/1.037 L521=22.580/2.992 L522=26.877/18.955 L525=19.339/8.038 L526=1.387/0.497
composite,686,6728,1,28,28,260,260,0,0,censored,censored,L28=16.691/8.937 L259=23.550/3.099 L260=17.884/9.430 L262=16.148/8.643 L263=1.394/0.498 L267=16.000/0.000
composite,686,6728,2,286,286,522,522,0,0,inferred,inferred,L286=1.988/1.058 L521=23.695/3.472 L522=22.533/4.074 L525=20.613/8.683 L526=1.398/0.535
composite,687,6729,1,28,28,260,260,0,0,censored,censored,L28=17.116/8.896 L259=22.900/3.496 L260=17.255/9.136 L262=17.023/9.238 L263=1.386/0.490 L267=16.000/0.000
composite,687,6729,2,286,286,522,522,0,0,inferred,inferred,L286=1.930/1.102 L521=23.406/3.423 L522=22.616/4.611 L525=19.181/8.297 L526=1.356/0.510
composite,688,6730,1,28,28,260,260,0,0,censored,censored,L28=16.822/9.103 L259=23.163/3.324 L260=17.770/9.312 L262=17.178/9.043 L263=1.375/0.491 L267=16.000/0.000
composite,688,6730,2,286,286,522,522,0,0,inferred,inferred,L286=2.205/1.139 L521=22.450/2.936 L522=25.977/18.554 L525=19.097/8.160 L526=1.372/0.518
composite,689,6731,1,28,28,260,260,0,0,censored,censored,L28=16.477/9.119 L259=22.716/3.210 L260=17.686/9.449 L262=17.866/9.619 L263=1.372/0.496 L267=16.000/0.000
composite,689,6731,2,286,286,522,522,0,0,inferred,inferred,L286=2.466/1.512 L521=23.850/2.987 L522=22.566/5.264 L525=19.702/8.317 L526=1.377/0.531
composite,690,6732,1,28,28,260,260,0,0,censored,censored,L28=16.742/8.999 L259=23.067/3.430 L260=17.180/9.197 L262=18.014/9.717 L263=1.369/0.492 L267=16.000/0.000
composite,690,6732,2,286,286,522,522,0,0,inferred,inferred,L286=2.381/1.333 L521=23.900/3.329 L522=21.994/5.119 L525=20.173/8.564 L526=1.377/0.504
composite,691,6733,1,28,28,260,260,0,0,censored,censored,L28=17.163/8.889 L259=23.038/3.323 L260=17.630/9.378 L262=18.078/9.554 L263=1.381/0.489 L267=16.000/0.000
composite,691,6733,2,286,286,522,522,0,0,inferred,inferred,L286=2.127/1.395 L521=22.675/3.175 L522=25.225/12.899 L525=19.666/8.293 L526=1.397/0.535
composite,692,6734,1,28,28,260,260,0,0,censored,censored,L28=17.406/9.239 L259=22.414/3.520 L260=17.502/9.104 L262=17.739/9.393 L263=1.387/0.506 L267=16.000/0.000
composite,692,6734,2,286,286,522,522,0,0,inferred,inferred,L286=1.947/1.014 L521=22.639/2.983 L522=21.852/11.507 L525=18.995/7.969 L526=1.373/0.515
composite,693,6735,1,28,28,260,260,0,0,censored,censored,L28=16.502/9.023 L259=22.822/3.328 L260=18.856/9.837 L262=17.773/9.148 L263=1.381/0.492 L267=16.000/0.000
composite,693,6735,2,286,286,522,521,0,-1,inferred,inferred,L286=1.902/1.011 L520=23.295/3.413 L521=22.603/3.094 L525=18.642/7.710 L526=1.378/0.504
composite,694,6736,1,28,28,260,260,0,0,censored,censored,L28=16.903/9.201 L259=23.198/3.191 L260=20.417/18.981 L262=17.234/8.836 L263=1.377/0.494 L267=16.000/0.000
composite,694,6736,2,286,286,521,522,0,1,inferred,inferred,L286=2.358/1.241 L521=23.887/3.724 L522=26.781/16.156 L525=19.978/8.368 L526=1.400/0.509
composite,695,6737,1,28,28,260,260,0,0,censored,censored,L28=17.917/9.453 L259=22.142/3.250 L260=19.736/8.813 L262=16.492/8.450 L263=1.389/0.491 L267=16.000/0.000
composite,695,6737,2,286,286,522,522,0,0,inferred,inferred,L286=2.141/1.073 L521=23.128/3.111 L522=22.178/7.049 L525=18.961/8.008 L526=1.370/0.502
composite,696,6738,1,28,28,260,260,0,0,censored,censored,L28=16.523/9.438 L259=22.497/3.631 L260=23.983/18.061 L262=17.022/8.974 L263=1.370/0.492 L267=16.000/0.000
composite,696,6738,2,286,286,522,522,0,0,inferred,inferred,L286=2.366/1.100 L521=22.378/3.376 L522=25.337/16.195 L525=18.359/7.920 L526=1.384/0.505
composite,697,6739,1,28,28,260,260,0,0,censored,censored,L28=17.952/9.310 L259=22.711/3.365 L260=25.830/18.742 L262=17.345/9.040 L263=1.375/0.487 L267=16.000/0.000
composite,697,6739,2,286,286,522,522,0,0,inferred,inferred,L286=1.981/0.962 L521=22.200/3.154 L522=21.230/6.909 L525=18.878/7.916 L526=1.375/0.515
composite,698,6740,1,28,28,260,260,0,0,censored,censored,L28=15.858/9.279 L259=22.555/3.248 L260=24.461/6.471 L262=17.247/9.028 L263=1.384/0.511 L267=16.000/0.000
composite,698,6740,2,286,286,522,522,0,0,inferred,inferred,L286=1.647/0.789 L521=22.002/3.195 L522=26.327/19.819 L525=18.584/7.944 L526=1.369/0.502
composite,699,6741,1,28,28,260,260,0,0,censored,censored,L28=16.691/8.865 L259=22.945/3.243 L260=27.502/18.555 L262=17.272/8.927 L263=1.367/0.488 L267=16.000/0.000
composite,699,6741,2,286,286,522,522,0,0,inferred,inferred,L286=2.041/1.002 L521=21.144/3.368 L522=23.592/11.557 L525=18.127/7.816 L526=1.377/0.516
composite,700,6742,1,28,28,260,260,0,0,censored,censored,L28=15.747/8.845 L259=22.630/2.942 L260=22.475/6.439 L262=16.067/8.449 L263=1.397/0.499 L267=16.000/0.000
composite,700,6742,2,286,286,522,522,0,0,inferred,inferred,L286=1.778/0.801 L521=22.933/3.428 L522=22.498/3.477 L525=19.377/8.447 L526=1.380/0.517
composite,701,6743,1,28,28,260,260,0,0,censored,censored,L28=16.525/9.163 L259=22.945/3.283 L260=22.698/4.307 L262=17.302/9.092 L263=1.386/0.493 L267=16.000/0.000
composite,701,6743,2,286,286,522,523,0,1,inferred,inferred,L286=1.805/0.865 L522=23.489/3.397 L523=17.891/9.353 L525=18.353/7.986 L526=1.400/0.521
composite,702,6744,1,28,28,260,260,0,0,censored,censored,L28=16.273/9.306 L259=22.722/3.393 L260=22.512/4.616 L262=18.259/9.490 L263=1.370/0.486 L267=16.000/0.000
composite,702,6744,2,286,286,523,523,0,0,inferred,inferred,L286=1.891/0.861 L522=22.959/2.917 L523=16.795/8.814 L525=17.439/9.222 L526=1.398/0.521
composite,703,6745,1,28,28,260,260,0,0,censored,censored,L28=16.794/8.949 L259=22.722/3.107 L260=23.558/4.493 L262=18.089/9.395 L263=1.389/0.513 L267=16.000/0.000
composite,703,6745,2,286,286,523,522,0,-1,inferred,inferred,L286=1.753/0.795 L521=22.613/3.158 L522=22.334/3.290 L525=17.627/9.419 L526=1.373/0.530
composite,704,6746,1,28,28,260,260,0,0,censored,censored,L28=16.298/8.844 L259=22.216/3.235 L260=24.027/9.103 L262=16.975/8.829 L263=1.386/0.493 L267=16.000/0.000
composite,704,6746,2,286,286,522,523,0,1,inferred,inferred,L286=1.695/0.762 L522=22.972/3.333 L523=17.964/9.569 L525=18.117/9.628 L526=1.373/0.515
composite,705,6747,1,28,28,260,260,0,0,censored,censored,L28=16.631/9.057 L259=21.995/3.196 L260=22.969/5.925 L262=18.200/9.360 L263=1.380/0.501 L267=16.000/0.000
composite,705,6747,2,286,286,523,523,0,0,inferred,inferred,L286=1.834/0.856 L522=22.712/3.203 L523=17.608/9.343 L525=17.606/9.298 L526=1.392/0.534
composite,706,6748,1,28,28,260,260,0,0,censored,censored,L28=16.120/8.908 L259=22.409/2.937 L260=21.817/6.617 L262=17.352/8.868 L263=1.400/0.502 L267=16.000/0.000
composite,706,6748,2,286,286,523,523,0,0,inferred,inferred,L286=1.608/0.697 L522=21.864/3.310 L523=17.820/9.457 L525=16.906/8.904 L526=1.392/0.534
composite,707,6749,1,28,28,260,260,0,0,censored,censored,L28=16.414/9.162 L259=22.677/3.170 L260=22.833/3.645 L262=18.358/9.418 L263=1.370/0.496 L267=16.000/0.000
composite,707,6749,2,286,286,523,523,0,0,inferred,inferred,L286=1.997/0.919 L522=22.552/3.295 L523=20.430/15.236 L525=17.780/9.544 L526=1.384/0.518
composite,708,6750,1,28,28,260,260,0,0,censored,censored,L28=16.023/9.364 L259=22.591/3.289 L260=22.870/3.703 L262=18.106/9.269 L263=1.377/0.513 L267=16.000/0.000
composite,708,6750,2,286,286,523,523,0,0,inferred,inferred,L286=2.114/0.978 L522=22.678/3.217 L523=22.913/9.344 L525=17.683/9.628 L526=1.373/0.515
composite,709,6751,1,28,28,260,260,0,0,censored,censored,L28=16.489/9.309 L259=22.983/3.305 L260=26.208/16.469 L262=18.427/9.394 L263=1.392/0.516 L267=16.000/0.000
composite,709,6751,2,286,286,523,523,0,0,inferred,inferred,L286=1.928/0.912 L522=22.970/3.098 L523=22.058/6.683 L525=17.166/9.254 L526=1.395/0.535
composite,710,6752,1,28,28,260,260,0,0,censored,censored,L28=15.836/8.902 L259=23.052/3.037 L260=26.875/19.917 L262=17.772/8.973 L263=1.372/0.493 L267=16.000/0.000
composite,710,6752,2,286,286,523,523,0,0,inferred,inferred,L286=1.806/0.848 L522=22.453/3.053 L523=25.722/12.836 L525=17.336/9.349 L526=1.389/0.533
composite,711,6753,1,28,28,260,260,0,0,censored,censored,L28=16.528/9.152 L259=23.523/3.328 L260=21.967/5.533 L262=18.800/9.487 L263=1.392/0.501 L267=16.000/0.000
composite,711,6753,2,286,286,523,523,0,0,inferred,inferred,L286=1.936/0.969 L522=23.595/3.400 L523=23.755/6.049 L525=18.481/10.240 L526=1.391/0.519
composite,712,6754,1,28,28,260,260,0,0,censored,censored,L28=16.006/9.298 L259=23.509/3.128 L260=22.244/6.586 L262=18.505/9.081 L263=1.383/0.499 L267=16.000/0.000
composite,712,6754,2,286,286,523,523,0,0,inferred,inferred,L286=2.148/1.010 L522=22.622/3.070 L523=21.552/18.947 L525=17.406/9.363 L526=1.380/0.504
composite,713,6755,1,28,28,260,260,0,0,censored,censored,L28=16.300/9.422 L259=23.706/2.991 L260=22.969/5.631 L262=18.614/9.704 L263=1.366/0.488 L267=16.000/0.000
composite,713,6755,2,286,286,523,523,0,0,inferred,inferred,L286=1.892/0.889 L522=23.739/3.492 L523=18.584/9.716 L525=17.489/9.407 L526=1.387/0.521
composite,714,6756,1,28,28,260,260,0,0,censored,censored,L28=17.109/9.183 L259=22.444/2.915 L260=26.919/20.875 L262=17.592/9.042 L263=1.387/0.490 L267=16.000/0.000
composite,714,6756,2,286,286,523,523,0,0,inferred,inferred,L286=1.816/0.861 L522=23.414/3.589 L523=18.522/9.943 L525=18.558/9.974 L526=1.381/0.517
composite,715,6757,1,28,28,260,260,0,0,censored,censored,L28=16.994/9.163 L259=22.869/3.076 L260=26.981/17.712 L262=18.581/9.697 L263=1.405/0.513 L267=16.000/0.000
composite,715,6757,2,286,286,523,523,0,0,inferred,inferred,L286=1.572/0.692 L522=23.770/3.413 L523=16.525/8.793 L525=15.786/8.538 L526=1.370/0.514
composite,716,6758,1,28,28,260,260,0,0,censored,censored,L28=16.864/9.045 L259=22.989/3.078 L260=25.369/9.769 L262=17.550/9.141 L263=1.387/0.500 L267=16.000/0.000
composite,716,6758,2,286,286,523,523,0,0,inferred,inferred,L286=2.008/1.013 L522=24.061/3.665 L523=18.991/10.166 L525=20.525/8.803 L526=1.413/0.523
composite,717,6759,1,28,28,260,260,0,0,censored,censored,L28=16.738/9.405 L259=23.198/3.192 L260=23.242/5.277 L262=18.019/9.496 L263=1.372/0.496 L267=16.000/0.000
composite,717,6759,2,286,286,523,522,0,-1,inferred,inferred,L286=1.930/1.012 L521=23.564/2.844 L522=23.831/3.127 L525=19.061/8.571 L526=1.394/0.507
composite,718,6760,1,28,28,260,260,0,0,censored,censored,L28=16.653/9.564 L259=22.980/3.006 L260=22.470/5.582 L262=17.292/9.110 L263=1.381/0.495 L267=16.000/0.000
composite,718,6760,2,286,286,522,522,0,0,inferred,inferred,L286=1.858/0.900 L521=24.248/3.547 L522=23.809/3.392 L525=19.342/8.485 L526=1.392/0.534
composite,719,6761,1,28,28,260,260,0,0,censored,censored,L28=17.395/8.938 L259=23.039/2.998 L260=22.955/5.908 L262=17.536/9.465 L263=1.408/0.525 L267=16.000/0.000
composite,719,6761,2,286,286,522,522,0,0,inferred,inferred,L286=1.688/0.819 L521=24.123/3.088 L522=23.756/4.181 L525=19.747/8.513 L526=1.375/0.515
composite,720,6762,1,28,28,260,260,0,0,censored,censored,L28=16.539/9.275 L259=22.742/3.060 L260=27.325/15.783 L262=17.617/9.498 L263=1.370/0.492 L267=16.000/0.000
composite,720,6762,2,286,286,522,522,0,0,inferred,inferred,L286=1.842/0.849 L521=23.375/3.202 L522=25.180/12.969 L525=19.206/8.474 L526=1.392/0.519
composite,721,6763,1,28,28,260,260,0,0,censored,censored,L28=17.150/9.264 L259=22.637/3.249 L260=22.906/5.424 L262=18.136/9.519 L263=1.387/0.497 L267=16.000/0.000
composite,721,6763,2,286,286,522,522,0,0,inferred,inferred,L286=2.109/1.037 L521=22.825/3.248 L522=24.166/9.895 L525=19.081/8.274 L526=1.352/0.524
composite,722,6764,1,28,29,260,260,1,0,censored,censored,L29=28.614/5.575 L259=23.431/3.052 L260=28.777/20.429 L262=18.059/9.595 L263=1.387/0.503 L268=16.000/0.000
composite,722,6764,2,286,286,522,523,0,1,inferred,inferred,L286=2.000/0.983 L522=22.775/3.104 L523=17.597/9.245 L525=18.669/8.179 L526=1.394/0.507
composite,723,6765,1,29,28,260,260,-1,0,censored,censored,L28=16.611/9.381 L259=22.238/2.996 L260=25.077/6.054 L262=18.658/9.668 L263=1.380/0.495 L267=16.000/0.000
composite,723,6765,2,286,286,523,522,0,-1,inferred,inferred,L286=1.931/0.971 L521=23.184/3.002 L522=23.522/9.664 L525=19.594/8.603 L526=1.375/0.503
composite,724,6766,1,28,28,260,260,0,0,censored,censored,L28=17.316/9.311 L259=22.531/3.064 L260=23.062/5.322 L262=18.309/9.642 L263=1.394/0.501 L267=16.000/0.000
composite,724,6766,2,286,286,522,523,0,1,inferred,inferred,L286=1.983/0.919 L522=22.889/3.117 L523=17.814/9.293 L525=19.595/8.500 L526=1.395/0.520
composite,725,6767,1,28,28,260,260,0,0,censored,censored,L28=17.608/9.481 L259=22.506/3.116 L260=27.944/20.675 L262=17.775/9.446 L263=1.370/0.502 L267=16.000/0.000
composite,725,6767,2,286,286,523,522,0,-1,inferred,inferred,L286=2.122/0.986 L521=22.658/3.074 L522=22.880/3.436 L525=19.234/8.596 L526=1.384/0.505
composite,726,6768,1,28,28,260,260,0,0,censored,censored,L28=16.961/9.094 L259=23.538/3.115 L260=23.492/6.878 L262=18.000/9.539 L263=1.380/0.492 L267=16.000/0.000
composite,726,6768,2,286,286,522,522,0,0,inferred,inferred,L286=1.812/0.836 L521=22.516/3.352 L522=23.708/13.511 L525=18.914/8.527 L526=1.378/0.516
composite,727,6769,1,28,28,260,260,0,0,censored,censored,L28=16.716/9.136 L259=23.502/3.165 L260=23.736/5.851 L262=19.177/10.145 L263=1.366/0.501 L267=16.000/0.000
composite,727,6769,2,286,286,522,522,0,0,inferred,inferred,L286=2.153/1.032 L521=22.991/3.120 L522=23.680/5.209 L525=19.045/8.657 L526=1.391/0.522
composite,728,6770,1,28,28,260,260,0,0,censored,censored,L28=15.592/9.415 L259=23.317/3.343 L260=23.809/5.429 L262=17.859/9.437 L263=1.409/0.540 L267=16.000/0.000
composite,728,6770,2,286,286,522,522,0,0,inferred,inferred,L286=2.120/0.995 L521=23.125/3.148 L522=23.120/4.808 L525=19.002/8.389 L526=1.381/0.517
composite,729,6771,1,28,28,260,260,0,0,censored,censored,L28=16.567/9.433 L259=23.225/3.340 L260=24.353/4.863 L262=19.028/10.050 L263=1.353/0.500 L267=16.000/0.000
composite,729,6771,2,286,286,522,522,0,0,inferred,inferred,L286=1.830/0.886 L521=22.734/3.358 L522=23.136/3.546 L525=19.364/8.467 L526=1.377/0.531
composite,730,6772,1,28,28,260,260,0,0,censored,censored,L28=15.819/9.348 L259=23.536/3.152 L260=23.783/6.782 L262=18.284/9.611 L263=1.381/0.492 L267=16.000/0.000
composite,730,6772,2,286,286,522,522,0,0,inferred,inferred,L286=1.852/0.883 L521=23.084/3.357 L522=23.945/7.359 L525=19.680/8.710 L526=1.394/0.520
composite,731,6773,1,28,28,260,260,0,0,censored,censored,L28=16.644/9.271 L259=23.483/3.355 L260=23.870/5.793 L262=18.028/9.619 L263=1.373/0.493 L267=16.000/0.000
composite,731,6773,2,286,286,522,522,0,0,inferred,inferred,L286=1.717/0.816 L521=22.805/3.396 L522=23.697/6.296 L525=18.883/8.136 L526=1.378/0.516
composite,732,6774,1,28,28,260,260,0,0,censored,censored,L28=16.216/9.366 L259=23.431/3.278 L260=25.163/6.030 L262=17.722/9.360 L263=1.373/0.506 L267=16.000/0.000
composite,732,6774,2,286,286,522,522,0,0,inferred,inferred,L286=1.905/0.918 L521=23.105/3.214 L522=24.645/14.655 L525=19.030/8.559 L526=1.392/0.519
composite,733,6775,1,28,28,260,260,0,0,censored,censored,L28=17.103/9.331 L259=22.623/3.182 L260=23.881/4.012 L262=17.425/9.140 L263=1.384/0.502 L267=16.000/0.000
composite,733,6775,2,286,286,522,522,0,0,inferred,inferred,L286=1.777/0.841 L521=23.205/3.300 L522=24.845/9.637 L525=19.305/8.689 L526=1.373/0.530
composite,734,6776,1,28,28,260,260,0,0,censored,censored,L28=17.012/9.356 L259=23.669/3.510 L260=23.605/5.575 L262=18.172/9.572 L263=1.372/0.490 L267=16.000/0.000
composite,734,6776,2,286,286,522,522,0,0,inferred,inferred,L286=2.158/1.058 L521=22.920/3.398 L522=23.711/6.349 L525=19.913/8.634 L526=1.391/0.507
composite,735,6777,1,28,28,260,260,0,0,censored,censored,L28=17.430/9.085 L259=23.337/3.203 L260=27.984/19.275 L262=17.720/9.376 L263=1.375/0.494 L267=16.000/0.000
composite,735,6777,2,286,286,522,522,0,0,inferred,inferred,L286=1.870/0.879 L521=23.488/3.097 L522=24.075/3.852 L525=19.297/8.570 L526=1.414/0.538
composite,736,6778,1,28,28,260,260,0,0,censored,censored,L28=16.375/9.361 L259=24.289/3.079 L260=27.459/12.922 L262=17.645/9.315 L263=1.377/0.488 L267=16.000/0.000
composite,736,6778,2,286,286,522,522,0,0,inferred,inferred,L286=1.945/0.923 L521=22.631/3.381 L522=23.092/3.834 L525=18.953/8.376 L526=1.381/0.517
composite,737,6779,1,28,28,260,260,0,0,censored,censored,L28=16.331/9.385 L259=23.392/3.281 L260=24.817/3.980 L262=17.583/9.351 L263=1.391/0.510 L267=16.000/0.000
composite,737,6779,2,286,286,522,522,0,0,inferred,inferred,L286=1.792/0.817 L521=23.422/2.991 L522=23.966/4.164 L525=18.516/8.051 L526=1.377/0.504
composite,738,6780,1,28,28,260,260,0,0,censored,censored,L28=15.889/9.243 L259=23.119/3.535 L260=23.427/4.142 L262=17.697/9.603 L263=1.389/0.513 L267=16.000/0.000
composite,738,6780,2,286,286,522,523,0,1,inferred,inferred,L286=1.617/0.724 L522=23.917/3.221 L523=18.734/9.962 L525=18.816/8.372 L526=1.361/0.499
composite,739,6781,1,28,28,260,260,0,0,censored,censored,L28=16.295/9.499 L259=23.348/3.294 L260=23.441/5.719 L262=17.866/9.459 L263=1.372/0.490 L267=16.000/0.000
composite,739,6781,2,286,286,523,522,0,-1,inferred,inferred,L286=2.030/1.005 L521=22.950/2.920 L522=25.392/15.138 L525=18.269/7.856 L526=1.405/0.522
composite,740,6782,1,28,28,260,260,0,0,censored,censored,L28=16.756/9.739 L259=23.277/3.200 L260=23.052/6.839 L262=16.741/8.941 L263=1.387/0.490 L267=16.000/0.000
composite,740,6782,2,286,286,522,522,0,0,inferred,inferred,L286=1.691/0.828 L521=23.366/2.982 L522=24.136/9.863 L525=19.442/8.483 L526=1.384/0.521
composite,741,6783,1,28,28,260,260,0,0,censored,censored,L28=16.708/9.795 L259=22.258/3.320 L260=24.120/3.400 L262=18.183/9.720 L263=1.370/0.496 L267=16.000/0.000
composite,741,6783,2,286,286,522,522,0,0,inferred,inferred,L286=1.663/0.713 L521=23.327/3.224 L522=22.784/4.678 L525=18.812/8.229 L526=1.384/0.535
composite,742,6784,1,28,28,260,260,0,0,censored,censored,L28=16.555/9.501 L259=23.636/3.297 L260=23.092/6.445 L262=17.600/9.413 L263=1.381/0.495 L267=16.000/0.000
composite,742,6784,2,286,286,522,522,0,0,inferred,inferred,L286=1.834/0.835 L521=23.020/2.989 L522=26.234/20.071 L525=18.841/8.149 L526=1.387/0.518
composite,743,6785,1,28,28,260,260,0,0,censored,censored,L28=17.470/9.379 L259=24.183/3.075 L260=28.191/17.062 L262=18.353/9.741 L263=1.383/0.496 L267=16.000/0.000
composite,743,6785,2,286,286,522,522,0,0,inferred,inferred,L286=1.723/0.937 L521=23.650/3.025 L522=22.681/6.477 L525=19.005/8.506 L526=1.363/0.512
composite,744,6786,1,28,28,260,260,0,0,censored,censored,L28=17.150/9.050 L259=23.070/3.366 L260=23.872/3.651 L262=16.822/9.119 L263=1.378/0.491 L267=16.000/0.000
composite,744,6786,2,286,286,522,522,0,0,inferred,inferred,L286=1.680/0.756 L521=23.955/3.196 L522=24.861/7.483 L525=20.442/8.920 L526=1.384/0.518
composite,745,6787,1,28,28,260,260,0,0,censored,censored,L28=17.719/9.109 L259=22.842/3.010 L260=25.627/10.073 L262=17.439/9.253 L263=1.358/0.505 L267=16.000/0.000
composite,745,6787,2,286,286,522,522,0,0,inferred,inferred,L286=1.517/0.586 L521=23.613/3.244 L522=24.442/5.235 L525=18.269/8.134 L526=1.392/0.519
composite,746,6788,1,28,28,260,260,0,0,censored,censored,L28=16.505/9.344 L259=23.184/3.343 L260=23.923/3.846 L262=16.769/8.930 L263=1.381/0.495 L267=16.000/0.000
composite,746,6788,2,286,286,522,522,0,0,inferred,inferred,L286=1.661/0.784 L521=24.086/3.070 L522=23.136/4.196 L525=19.914/8.851 L526=1.389/0.506
composite,747,6789,1,28,28,260,260,0,0,censored,censored,L28=17.117/9.270 L259=23.414/3.410 L260=23.302/5.055 L262=17.711/9.318 L263=1.387/0.500 L267=16.000/0.000
composite,747,6789,2,286,286,522,522,0,0,inferred,inferred,L286=1.645/0.801 L521=22.602/3.042 L522=24.536/11.093 L525=17.781/7.724 L526=1.397/0.508
composite,748,6790,1,28,28,260,260,0,0,censored,censored,L28=15.864/9.191 L259=23.462/3.101 L260=27.970/19.674 L262=17.413/9.063 L263=1.394/0.498 L267=16.000/0.000
composite,748,6790,2,286,286,522,522,0,0,inferred,inferred,L286=1.655/0.789 L521=23.130/2.895 L522=25.750/19.138 L525=19.611/8.481 L526=1.372/0.515
composite,749,6791,1,28,28,260,260,0,0,censored,censored,L28=16.247/9.358 L259=22.733/3.212 L260=22.727/5.552 L262=17.498/9.263 L263=1.378/0.491 L267=16.000/0.000
composite,749,6791,2,286,286,522,522,0,0,inferred,inferred,L286=1.878/0.936 L521=21.917/3.146 L522=25.916/19.536 L525=18.002/7.727 L526=1.389/0.519
composite,750,6792,1,28,28,260,260,0,0,censored,censored,L28=16.397/9.392 L259=22.842/3.145 L260=23.281/3.706 L262=17.800/9.397 L263=1.386/0.493 L267=16.000/0.000
composite,750,6792,2,286,286,522,522,0,0,inferred,inferred,L286=1.792/0.915 L521=23.622/3.478 L522=22.627/4.651 L525=19.683/8.726 L526=1.373/0.503
composite,751,6793,1,28,28,260,260,0,0,censored,censored,L28=16.908/9.123 L259=22.769/3.236 L260=23.717/3.766 L262=17.220/9.089 L263=1.356/0.489 L267=16.000/0.000
composite,751,6793,2,286,286,522,522,0,0,inferred,inferred,L286=1.706/0.777 L521=23.278/3.215 L522=26.884/19.736 L525=17.488/7.657 L526=1.391/0.519
composite,752,6794,1,28,28,260,260,0,0,censored,censored,L28=16.369/9.138 L259=22.769/3.389 L260=24.350/5.012 L262=17.105/9.007 L263=1.378/0.491 L267=16.000/0.000
composite,752,6794,2,286,286,522,522,0,0,inferred,inferred,L286=1.783/0.824 L521=23.062/3.383 L522=24.345/9.064 L525=18.908/8.278 L526=1.367/0.504
composite,753,6795,1,28,28,260,260,0,0,censored,censored,L28=16.486/9.020 L259=23.217/2.962 L260=23.334/6.938 L262=18.528/9.689 L263=1.384/0.496 L267=16.000/0.000
composite,753,6795,2,286,286,522,522,0,0,inferred,inferred,L286=2.128/1.021 L521=22.820/3.359 L522=24.978/13.283 L525=17.598/7.721 L526=1.384/0.518
composite,754,6796,1,28,28,260,260,0,0,censored,censored,L28=15.964/9.341 L259=22.906/2.992 L260=27.383/17.001 L262=17.405/9.018 L263=1.381/0.492 L267=16.000/0.000
composite,754,6796,2,286,286,522,522,0,0,inferred,inferred,L286=1.897/0.935 L521=22.352/3.396 L522=24.803/13.712 L525=18.378/7.966 L526=1.383/0.505
composite,755,6797,1,28,28,260,260,0,0,censored,censored,L28=16.291/9.427 L259=22.736/2.916 L260=23.047/7.308 L262=18.144/9.336 L263=1.381/0.508 L267=16.000/0.000
composite,755,6797,2,286,286,522,522,0,0,inferred,inferred,L286=1.853/0.808 L521=23.067/3.281 L522=25.203/15.029 L525=18.372/8.032 L526=1.402/0.536
composite,756,6798,1,28,28,260,260,0,0,censored,censored,L28=17.108/9.549 L259=23.680/3.161 L260=23.105/5.380 L262=17.639/9.087 L263=1.387/0.497 L267=16.000/0.000
composite,756,6798,2,286,286,522,522,0,0,inferred,inferred,L286=1.631/0.763 L521=22.522/3.143 L522=25.484/18.657 L525=19.770/8.425 L526=1.380/0.517
composite,757,6799,1,28,28,260,260,0,0,censored,censored,L28=17.114/8.923 L259=22.431/3.275 L260=22.609/4.690 L262=17.755/9.300 L263=1.386/0.496 L267=16.000/0.000
composite,757,6799,2,286,286,522,522,0,0,inferred,inferred,L286=1.622/0.738 L521=22.897/2.912 L522=25.855/21.073 L525=18.398/7.640 L526=1.391/0.519
composite,758,6800,1,28,28,260,260,0,0,censored,censored,L28=17.331/8.079 L259=22.484/2.674 L260=25.567/12.239 L262=16.980/8.782 L263=1.367/0.492 L267=16.000/0.000
composite,758,6800,2,286,286,522,522,0,0,inferred,inferred,L286=1.723/0.798 L521=23.625/2.673 L522=22.466/4.523 L525=19.555/8.064 L526=1.389/0.506
composite,759,6801,1,28,28,260,260,0,0,censored,censored,L28=17.148/7.847 L259=22.569/2.708 L260=24.283/5.457 L262=17.602/8.958 L263=1.389/0.497 L267=16.000/0.000
composite,759,6801,2,286,286,522,522,0,0,inferred,inferred,L286=1.570/0.669 L521=23.309/2.799 L522=25.183/12.291 L525=18.928/7.980 L526=1.373/0.503
composite,760,6802,1,28,27,260,260,-1,0,censored,censored,L27=13.150/1.908 L259=23.137/2.774 L260=23.198/4.481 L262=16.805/8.588 L263=1.363/0.484 L266=16.000/0.000
composite,760,6802,2,286,286,522,522,0,0,inferred,inferred,L286=1.547/0.669 L521=22.788/2.276 L522=26.736/19.918 L525=18.470/7.604 L526=1.397/0.523
composite,761,6803,1,27,25,260,260,-2,0,censored,censored,L25=13.216/2.471 L259=23.033/2.423 L260=24.772/5.180 L262=16.938/8.585 L263=1.375/0.491 L264=1.375/0.484
composite,761,6803,2,286,286,522,522,0,0,inferred,inferred,L286=1.522/0.705 L521=22.767/2.479 L522=24.925/10.090 L525=18.352/7.645 L526=1.377/0.504
composite,762,6804,1,25,25,260,260,0,0,censored,censored,L25=14.648/2.753 L259=23.061/2.337 L260=22.611/5.684 L262=16.920/8.601 L263=1.375/0.494 L264=1.384/0.486
composite,762,6804,2,286,286,522,522,0,0,inferred,inferred,L286=1.561/0.702 L521=23.214/2.402 L522=25.330/12.181 L525=18.784/7.621 L526=1.383/0.532
composite,763,6805,1,25,25,260,260,0,0,censored,censored,L25=15.645/2.498 L259=22.144/2.188 L260=23.650/5.983 L262=16.766/8.449 L263=1.377/0.494 L264=1.358/0.479
composite,763,6805,2,286,286,522,522,0,0,inferred,inferred,L286=1.556/0.698 L521=22.594/2.117 L522=23.559/8.697 L525=18.014/7.488 L526=1.383/0.505
composite,764,6806,1,25,25,260,260,0,0,censored,censored,L25=17.672/2.529 L259=21.680/2.127 L260=22.913/4.916 L262=16.241/8.236 L263=1.402/0.497 L264=1.383/0.486
composite,764,6806,2,286,286,522,522,0,0,inferred,inferred,L286=1.469/0.585 L521=22.334/1.953 L522=24.181/14.146 L525=19.133/7.970 L526=1.381/0.505
composite,765,6807,1,25,25,260,260,0,0,censored,censored,L25=18.456/2.398 L259=21.859/1.972 L260=24.686/14.059 L262=16.795/8.437 L263=1.380/0.489 L264=1.378/0.485
composite,765,6807,2,286,286,522,522,0,0,inferred,inferred,L286=1.492/0.622 L521=21.700/1.930 L522=23.295/11.256 L525=17.805/7.464 L526=1.369/0.502
composite,766,6808,1,25,25,260,260,0,0,censored,censored,L25=19.327/2.276 L259=21.442/1.747 L260=24.556/12.536 L262=15.959/8.023 L263=1.377/0.497 L264=1.363/0.481
composite,766,6808,2,286,286,522,522,0,0,inferred,inferred,L286=1.489/0.605 L521=22.358/1.749 L522=25.022/18.784 L525=18.227/7.480 L526=1.356/0.510
composite,767,6809,1,25,25,260,260,0,0,censored,censored,L25=19.244/2.121 L259=22.478/1.743 L260=27.188/20.725 L262=17.308/8.652 L263=1.408/0.501 L264=1.386/0.487
composite,767,6809,2,286,286,522,522,0,0,inferred,inferred,L286=1.567/0.690 L521=22.145/1.661 L522=22.833/3.657 L525=18.434/7.399 L526=1.369/0.502
composite,768,6810,1,25,25,260,260,0,0,censored,censored,L25=20.861/2.535 L259=22.248/1.604 L260=21.111/5.270 L262=16.453/8.162 L263=1.361/0.493 L264=1.366/0.482
composite,768,6810,2,286,286,522,522,0,0,inferred,inferred,L286=1.587/0.715 L521=21.962/1.540 L522=22.486/1.292 L525=19.134/7.906 L526=1.381/0.517
composite,769,6811,1,25,25,260,260,0,0,censored,censored,L25=21.080/2.266 L259=22.422/1.518 L260=23.144/2.843 L262=16.675/8.249 L263=1.377/0.497 L264=1.367/0.482
composite,769,6811,2,286,286,522,522,0,0,inferred,inferred,L286=1.503/0.599 L521=22.294/1.665 L522=22.456/1.351 L525=18.606/7.554 L526=1.377/0.504
composite,770,6812,1,25,25,260,260,0,0,censored,censored,L25=24.078/2.751 L259=21.802/1.375 L260=23.920/11.165 L262=16.511/8.111 L263=1.366/0.491 L264=1.361/0.480
composite,770,6812,2,286,286,522,522,0,0,inferred,inferred,L286=1.577/0.816 L521=21.848/1.665 L522=22.941/5.325 L525=19.094/7.850 L526=1.375/0.518
composite,771,6813,1,25,25,260,260,0,0,censored,censored,L25=24.275/2.577 L259=21.681/1.505 L260=22.270/3.405 L262=16.922/8.343 L263=1.383/0.489 L264=1.366/0.482
composite,771,6813,2,286,286,522,522,0,0,inferred,inferred,L286=1.409/0.531 L521=22.505/1.641 L522=23.639/6.718 L525=18.516/7.589 L526=1.383/0.517
composite,772,6814,1,25,25,260,260,0,0,censored,censored,L25=24.637/2.673 L259=22.748/1.398 L260=21.469/4.501 L262=16.995/8.397 L263=1.391/0.516 L264=1.359/0.480
composite,772,6814,2,286,286,522,522,0,0,inferred,inferred,L286=1.647/0.769 L521=22.137/1.357 L522=21.536/5.272 L525=19.058/7.689 L526=1.364/0.500
composite,773,6815,1,25,25,260,260,0,0,censored,censored,L25=24.448/2.757 L259=22.423/1.460 L260=25.669/18.033 L262=17.230/8.501 L263=1.384/0.499 L264=1.380/0.485
composite,773,6815,2,286,286,522,522,0,0,inferred,inferred,L286=1.581/0.687 L521=22.256/1.662 L522=25.702/18.733 L525=18.250/7.391 L526=1.373/0.503
composite,774,6816,1,25,25,260,260,0,0,censored,censored,L25=25.189/3.092 L259=21.755/1.525 L260=21.741/2.630 L262=16.059/7.818 L263=1.391/0.494 L264=1.378/0.485
composite,774,6816,2,286,286,522,522,0,0,inferred,inferred,L286=1.600/0.731 L521=22.700/1.407 L522=22.812/2.747 L525=19.377/7.896 L526=1.372/0.515
composite,775,6817,1,25,25,260,260,0,0,censored,censored,L25=25.656/3.038 L259=22.108/1.656 L260=21.502/1.506 L262=17.464/8.578 L263=1.359/0.489 L264=1.391/0.488
composite,775,6817,2,286,286,522,522,0,0,inferred,inferred,L286=1.609/0.738 L521=22.828/1.295 L522=22.878/5.247 L525=18.245/7.400 L526=1.406/0.510
composite,776,6818,1,25,-1,260,-1,unmeasurable,unmeasurable,censored,unmeasurable,L23=3.189/2.295 L262=17.275/8.457
composite,776,6818,2,286,286,522,522,0,0,inferred,inferred,L286=1.723/0.855 L521=22.680/1.553 L522=22.805/3.017 L525=18.558/7.511 L526=1.387/0.497
composite,777,6819,1,-1,25,-1,260,unmeasurable,unmeasurable,unmeasurable,censored,L25=25.369/3.173 L259=21.800/1.425 L260=22.725/4.401 L262=17.411/8.501 L263=1.387/0.490 L264=1.369/0.482
composite,777,6819,2,286,286,522,522,0,0,inferred,inferred,L286=1.655/0.781 L521=22.231/1.271 L522=24.094/18.746 L525=18.961/7.557 L526=1.377/0.504
composite,778,6820,1,25,-1,260,-1,unmeasurable,unmeasurable,censored,unmeasurable,L23=3.609/2.745 L262=15.956/7.719
composite,778,6820,2,286,-1,522,-1,unmeasurable,unmeasurable,inferred,unmeasurable,L286=1.559/0.654 L525=19.103/7.800
composite,779,6821,1,-1,-1,-1,-1,unmeasurable,unmeasurable,unmeasurable,unmeasurable,L23=19.050/1.433 L262=12.784/6.303
composite,779,6821,2,-1,286,-1,522,unmeasurable,unmeasurable,unmeasurable,observed,L286=19.053/1.724 L521=16.288/1.449 L522=16.803/1.443 L525=13.370/5.333 L526=1.384/0.518
composite,780,6822,1,-1,-1,-1,-1,unmeasurable,unmeasurable,unmeasurable,unmeasurable,L23=18.634/1.378 L262=12.842/6.207
composite,780,6822,2,286,286,522,523,0,1,observed,inferred,L286=19.298/1.516 L522=16.766/1.431 L523=13.392/6.584 L525=13.641/5.445 L526=1.372/0.515
composite,781,6823,1,-1,23,-1,261,unmeasurable,unmeasurable,unmeasurable,inferred,L23=19.336/1.374 L260=21.102/21.608 L261=13.113/6.340 L262=12.723/6.156 L263=1.386/0.512
composite,781,6823,2,286,286,523,522,0,-1,inferred,inferred,L286=19.261/1.376 L521=16.270/1.546 L522=16.647/1.231 L525=13.828/5.498 L526=1.373/0.530
composite,782,6824,1,23,23,261,261,0,0,inferred,inferred,L23=19.341/1.373 L260=15.767/3.658 L261=13.831/6.686 L262=12.334/5.917 L263=1.391/0.494
composite,782,6824,2,286,286,522,523,0,1,inferred,inferred,L286=19.614/1.464 L522=16.747/1.275 L523=13.598/6.539 L525=14.261/5.593 L526=1.377/0.504
composite,783,6825,1,23,23,261,260,0,-1,inferred,inferred,L23=19.006/1.365 L259=16.709/1.606 L260=19.598/17.662 L262=12.577/6.005 L263=1.395/0.498
composite,783,6825,2,286,286,523,523,0,0,inferred,inferred,L286=20.025/1.378 L522=16.788/1.353 L523=14.109/6.856 L525=14.527/5.731 L526=1.364/0.513
composite,784,6826,1,23,23,260,261,0,1,inferred,inferred,L23=18.872/1.310 L260=18.283/9.019 L261=13.739/6.547 L262=12.869/6.167 L263=1.381/0.508
composite,784,6826,2,286,286,523,523,0,0,inferred,inferred,L286=19.908/1.355 L522=16.928/1.430 L523=13.988/6.807 L525=14.819/5.942 L526=1.381/0.517
composite,785,6827,1,23,23,261,261,0,0,inferred,inferred,L23=19.011/1.365 L260=19.845/17.802 L261=13.528/6.444 L262=12.397/5.942 L263=1.355/0.488
composite,785,6827,2,286,286,523,522,0,-1,inferred,observed,L286=19.548/1.363 L521=16.870/1.412 L522=16.809/1.350 L525=13.758/5.455 L526=1.409/0.510
composite,786,6828,1,23,23,261,261,0,0,inferred,inferred,L23=19.486/1.590 L260=18.616/6.882 L261=14.320/6.951 L262=13.227/6.453 L263=1.383/0.496
composite,786,6828,2,286,286,522,523,0,1,observed,inferred,L286=20.028/1.337 L522=17.195/1.380 L523=14.058/6.900 L525=14.272/5.756 L526=1.383/0.517
composite,787,6829,1,23,23,261,261,0,0,inferred,inferred,L23=19.259/1.460 L260=21.181/19.620 L261=13.472/6.544 L262=12.977/6.248 L263=1.367/0.492
composite,787,6829,2,286,286,523,522,0,-1,inferred,observed,L286=19.933/1.456 L521=16.883/1.402 L522=16.433/3.338 L525=13.886/5.524 L526=1.378/0.516
composite,788,6830,1,23,23,261,261,0,0,inferred,inferred,L23=19.611/1.590 L260=21.473/19.364 L261=14.053/6.746 L262=12.711/6.130 L263=1.387/0.500
composite,788,6830,2,286,286,522,522,0,0,observed,observed,L286=19.858/1.398 L521=16.089/1.297 L522=18.784/14.178 L525=12.770/5.107 L526=1.380/0.517
composite,789,6831,1,23,23,261,261,0,0,inferred,inferred,L23=18.880/1.561 L260=16.820/5.290 L261=14.453/6.880 L262=13.020/6.293 L263=1.375/0.497
composite,789,6831,2,286,286,522,522,0,0,observed,observed,L286=19.902/1.680 L521=16.972/1.340 L522=19.289/11.392 L525=14.255/5.703 L526=1.380/0.504
composite,790,6832,1,23,23,261,261,0,0,inferred,inferred,L23=19.691/1.480 L260=19.566/12.173 L261=14.262/6.837 L262=12.944/6.171 L263=1.389/0.497
composite,790,6832,2,286,286,522,522,0,0,observed,observed,L286=20.067/1.511 L521=16.337/1.350 L522=19.061/15.001 L525=14.027/5.587 L526=1.369/0.514
composite,791,6833,1,23,-1,261,-1,unmeasurable,unmeasurable,inferred,unmeasurable,L23=19.534/1.481 L262=12.991/6.238
composite,791,6833,2,286,286,522,522,0,0,observed,observed,L286=19.605/1.417 L521=16.444/1.673 L522=18.191/11.895 L525=14.183/5.630 L526=1.380/0.534
composite,792,6834,1,-1,23,-1,260,unmeasurable,unmeasurable,unmeasurable,inferred,L23=19.328/1.376 L259=16.962/1.450 L260=20.056/15.532 L262=13.334/6.373 L263=1.406/0.494
composite,792,6834,2,286,286,522,522,0,0,observed,observed,L286=18.889/1.477 L521=16.597/1.596 L522=18.828/13.319 L525=13.738/5.452 L526=1.372/0.502
composite,793,6835,1,23,23,260,261,0,1,inferred,inferred,L23=19.200/1.510 L260=19.508/14.004 L261=14.102/6.713 L262=12.969/6.175 L263=1.373/0.506
composite,793,6835,2,286,286,522,522,0,0,observed,observed,L286=19.558/1.488 L521=16.592/1.415 L522=17.414/5.745 L525=14.137/5.568 L526=1.387/0.518
composite,794,6836,1,23,23,261,260,0,-1,inferred,inferred,L23=19.289/1.766 L259=16.688/1.362 L260=19.941/14.227 L262=12.564/6.017 L263=1.384/0.499
composite,794,6836,2,286,286,522,522,0,0,observed,observed,L286=19.680/1.346 L521=16.872/1.575 L522=17.227/1.217 L525=13.603/5.386 L526=1.395/0.520
composite,795,6837,1,23,-1,260,-1,unmeasurable,unmeasurable,inferred,unmeasurable,L23=19.744/1.549 L262=12.917/6.164
composite,795,6837,2,286,286,522,522,0,0,observed,observed,L286=19.863/1.374 L521=16.073/1.387 L522=17.025/1.320 L525=13.662/5.395 L526=1.372/0.502
composite,796,6838,1,-1,-1,-1,-1,unmeasurable,unmeasurable,unmeasurable,unmeasurable,L23=19.583/1.580 L262=12.886/6.159
composite,796,6838,2,286,286,522,522,0,0,observed,observed,L286=19.613/1.338 L521=17.183/1.537 L522=17.091/1.404 L525=13.908/5.544 L526=1.386/0.518
composite,797,6839,1,-1,-1,-1,-1,unmeasurable,unmeasurable,unmeasurable,unmeasurable,L23=19.698/1.616 L262=12.881/6.185
composite,797,6839,2,286,286,522,522,0,0,observed,observed,L286=19.506/1.513 L521=16.019/1.415 L522=16.689/1.381 L525=13.397/5.434 L526=1.375/0.515
composite,798,6840,1,-1,23,-1,261,unmeasurable,unmeasurable,unmeasurable,inferred,L23=18.887/1.498 L260=20.056/17.024 L261=13.958/6.630 L262=12.909/6.189 L263=1.381/0.489
composite,798,6840,2,286,286,522,522,0,0,observed,observed,L286=20.044/1.370 L521=16.738/1.395 L522=16.595/1.385 L525=13.547/5.274 L526=1.373/0.530
composite,799,6841,1,23,23,261,261,0,0,inferred,inferred,L23=19.434/1.727 L260=17.000/1.609 L261=14.192/6.905 L262=13.319/6.528 L263=1.395/0.505
composite,799,6841,2,286,286,522,522,0,0,observed,observed,L286=20.103/1.405 L521=17.163/1.463 L522=17.634/3.873 L525=13.828/5.504 L526=1.380/0.517
composite,800,6842,1,23,23,261,260,0,-1,inferred,inferred,L23=20.027/1.302 L259=17.594/1.459 L260=21.772/21.392 L262=12.741/6.280 L263=1.398/0.493
composite,800,6842,2,286,286,522,522,0,0,observed,observed,L286=20.200/1.432 L521=17.508/1.606 L522=17.714/3.157 L525=14.086/5.530 L526=1.395/0.523
composite,801,6843,1,23,23,260,261,0,1,inferred,inferred,L23=19.863/1.474 L260=16.169/3.092 L261=14.222/7.018 L262=13.120/6.412 L263=1.370/0.496
composite,801,6843,2,286,286,522,522,0,0,observed,observed,L286=18.914/1.329 L521=17.100/1.413 L522=18.416/7.999 L525=14.442/5.854 L526=1.394/0.534
composite,802,6844,1,23,23,261,261,0,0,inferred,inferred,L23=19.863/1.558 L260=16.450/3.397 L261=14.381/6.958 L262=13.178/6.311 L263=1.367/0.485
composite,802,6844,2,286,286,522,522,0,0,observed,observed,L286=20.139/1.285 L521=16.725/1.343 L522=18.720/17.078 L525=13.595/5.401 L526=1.378/0.504
composite,803,6845,1,23,23,261,261,0,0,inferred,inferred,L23=19.387/1.552 L260=16.753/3.936 L261=14.472/7.164 L262=12.908/6.331 L263=1.383/0.499
composite,803,6845,2,286,286,522,522,0,0,observed,observed,L286=20.408/1.340 L521=16.725/1.366 L522=18.392/10.958 L525=13.944/5.529 L526=1.386/0.518
composite,804,6846,1,23,23,261,261,0,0,inferred,inferred,L23=19.361/1.398 L260=16.958/5.769 L261=14.387/7.031 L262=13.045/6.368 L263=1.405/0.494
composite,804,6846,2,286,286,522,522,0,0,observed,observed,L286=20.200/1.327 L521=16.603/1.529 L522=19.069/12.854 L525=13.661/5.508 L526=1.380/0.517
composite,805,6847,1,23,23,261,261,0,0,inferred,inferred,L23=19.605/1.420 L260=19.350/13.355 L261=13.988/6.829 L262=12.691/6.168 L263=1.370/0.489
composite,805,6847,2,286,286,522,522,0,0,observed,observed,L286=19.619/1.431 L521=17.320/1.530 L522=18.402/5.909 L525=14.330/5.770 L526=1.383/0.505
composite,806,6848,1,23,23,261,261,0,0,inferred,inferred,L23=20.370/1.467 L260=20.098/17.042 L261=13.950/6.696 L262=12.439/6.074 L263=1.378/0.488
composite,806,6848,2,286,286,522,522,0,0,observed,inferred,L286=20.328/1.297 L521=17.308/1.580 L522=21.145/19.230 L525=14.153/5.705 L526=1.395/0.520
composite,807,6849,1,23,23,261,261,0,0,inferred,inferred,L23=19.831/1.457 L260=16.517/3.072 L261=13.748/6.772 L262=12.478/6.095 L263=1.372/0.493
composite,807,6849,2,286,286,522,522,0,0,inferred,observed,L286=20.413/1.354 L521=17.267/1.572 L522=18.653/7.639 L525=14.533/5.843 L526=1.389/0.519
composite,808,6850,1,23,23,261,260,0,-1,inferred,inferred,L23=19.781/1.504 L259=17.986/1.436 L260=20.691/17.788 L262=12.444/6.048 L263=1.389/0.506
composite,808,6850,2,286,286,522,523,0,1,observed,inferred,L286=20.280/1.268 L522=17.319/2.198 L523=14.106/6.893 L525=14.787/5.842 L526=1.380/0.504
composite,809,6851,1,23,23,260,261,0,1,inferred,inferred,L23=19.550/1.410 L260=17.508/1.659 L261=14.444/7.015 L262=12.914/6.198 L263=1.381/0.489
composite,809,6851,2,286,286,523,522,0,-1,inferred,observed,L286=20.694/1.307 L521=16.727/1.375 L522=17.069/1.405 L525=13.673/5.412 L526=1.383/0.505
composite,810,6852,1,23,23,261,261,0,0,inferred,inferred,L23=19.195/1.389 L260=17.223/1.798 L261=14.262/6.966 L262=13.147/6.436 L263=1.391/0.513
composite,810,6852,2,286,286,522,522,0,0,observed,observed,L286=20.111/1.303 L521=17.530/1.339 L522=17.392/3.193 L525=14.700/5.861 L526=1.383/0.517
composite,811,6853,1,23,23,261,261,0,0,inferred,inferred,L23=19.850/1.459 L260=17.788/5.529 L261=13.753/6.692 L262=12.398/6.023 L263=1.383/0.499
composite,811,6853,2,286,286,522,522,0,0,observed,observed,L286=19.350/1.295 L521=17.583/1.530 L522=18.161/8.657 L525=14.325/5.665 L526=1.389/0.506
composite,812,6854,1,23,23,261,261,0,0,inferred,inferred,L23=19.561/1.331 L260=17.700/2.481 L261=14.220/6.920 L262=13.095/6.342 L263=1.387/0.503
composite,812,6854,2,286,286,522,522,0,0,observed,observed,L286=20.481/1.396 L521=17.422/1.611 L522=19.505/15.042 L525=14.372/5.773 L526=1.389/0.519
composite,813,6855,1,23,23,261,261,0,0,inferred,inferred,L23=19.886/1.307 L260=19.738/12.013 L261=14.586/6.894 L262=13.530/6.491 L263=1.359/0.486
composite,813,6855,2,286,286,522,522,0,0,observed,observed,L286=20.384/1.331 L521=17.253/1.543 L522=20.363/15.008 L525=14.377/5.742 L526=1.363/0.515
composite,814,6856,1,23,23,261,261,0,0,inferred,inferred,L23=19.867/1.487 L260=18.023/5.285 L261=14.133/6.848 L262=13.123/6.382 L263=1.386/0.496
composite,814,6856,2,286,286,522,522,0,0,observed,observed,L286=20.348/1.149 L521=17.098/1.320 L522=19.178/11.633 L525=14.450/5.747 L526=1.380/0.517
composite,815,6857,1,23,23,261,261,0,0,inferred,inferred,L23=20.077/1.503 L260=17.133/4.179 L261=14.588/7.078 L262=13.438/6.488 L263=1.372/0.487
composite,815,6857,2,286,286,522,522,0,0,observed,observed,L286=20.656/1.325 L521=17.794/1.452 L522=18.616/6.824 L525=15.434/6.149 L526=1.355/0.510
composite,816,6858,1,23,23,261,261,0,0,inferred,inferred,L23=19.531/1.437 L260=17.122/3.682 L261=14.553/7.072 L262=13.797/6.752 L263=1.370/0.486
composite,816,6858,2,286,286,522,522,0,0,observed,observed,L286=20.209/1.330 L521=18.336/1.548 L522=18.194/2.643 L525=14.956/6.001 L526=1.383/0.517
composite,817,6859,1,23,23,261,260,0,-1,inferred,inferred,L23=19.670/1.490 L259=17.370/1.498 L260=20.648/15.113 L262=13.484/6.608 L263=1.392/0.495
composite,817,6859,2,286,-1,522,-1,unmeasurable,unmeasurable,observed,unmeasurable,L286=20.292/1.314 L525=13.947/5.601
composite,818,6860,1,23,23,260,260,0,0,inferred,inferred,L23=20.122/1.416 L259=17.708/1.305 L260=19.453/10.464 L262=13.556/6.617 L263=1.392/0.498
composite,818,6860,2,-1,-1,-1,-1,unmeasurable,unmeasurable,unmeasurable,unmeasurable,L286=20.889/1.150 L525=13.666/5.413
composite,819,6861,1,23,23,260,261,0,1,inferred,inferred,L23=18.878/1.367 L260=18.714/5.010 L261=14.287/7.021 L262=13.302/6.487 L263=1.392/0.495
composite,819,6861,2,-1,286,-1,523,unmeasurable,unmeasurable,unmeasurable,inferred,L286=20.445/1.351 L522=17.436/1.580 L523=13.769/6.704 L525=14.422/5.791 L526=1.375/0.515
composite,820,6862,1,23,23,261,261,0,0,inferred,inferred,L23=19.294/1.546 L260=18.766/6.141 L261=14.603/7.169 L262=13.323/6.626 L263=1.380/0.492
composite,820,6862,2,286,286,523,522,0,-1,inferred,observed,L286=20.147/1.411 L521=16.375/1.479 L522=16.664/1.409 L525=12.516/5.181 L526=1.377/0.516
composite,821,6863,1,23,-1,261,-1,unmeasurable,unmeasurable,inferred,unmeasurable,L23=18.411/1.685 L262=11.116/6.112
composite,821,6863,2,286,-1,522,-1,unmeasurable,unmeasurable,observed,unmeasurable,L286=18.750/1.468 L525=13.045/5.188
composite,822,6864,1,-1,-1,-1,-1,unmeasurable,unmeasurable,unmeasurable,unmeasurable,L23=18.430/1.585 L262=11.092/5.435
composite,822,6864,2,-1,-1,-1,-1,unmeasurable,unmeasurable,unmeasurable,unmeasurable,L286=18.230/1.334 L525=12.511/5.090
composite,823,6865,1,-1,-1,-1,-1,unmeasurable,unmeasurable,unmeasurable,unmeasurable,L23=18.117/1.497 L262=11.116/5.445
composite,823,6865,2,-1,-1,-1,-1,unmeasurable,unmeasurable,unmeasurable,unmeasurable,L286=17.933/1.438 L525=12.080/4.816
composite,824,6866,1,-1,-1,-1,-1,unmeasurable,unmeasurable,unmeasurable,unmeasurable,L23=17.414/1.438 L262=11.519/5.588
composite,824,6866,2,-1,-1,-1,-1,unmeasurable,unmeasurable,unmeasurable,unmeasurable,L286=18.247/1.432 L525=12.083/4.812
composite,825,6867,1,-1,-1,-1,-1,unmeasurable,unmeasurable,unmeasurable,unmeasurable,L23=18.150/1.506 L262=10.938/5.323
composite,825,6867,2,-1,-1,-1,-1,unmeasurable,unmeasurable,unmeasurable,unmeasurable,L286=17.623/1.395 L525=12.297/4.869
composite,826,6868,1,-1,-1,-1,-1,unmeasurable,unmeasurable,unmeasurable,unmeasurable,L23=18.078/1.587 L262=11.472/5.580
composite,826,6868,2,-1,-1,-1,-1,unmeasurable,unmeasurable,unmeasurable,unmeasurable,L286=18.369/1.248 L525=12.325/5.083
composite,827,6869,1,-1,-1,-1,-1,unmeasurable,unmeasurable,unmeasurable,unmeasurable,L23=18.573/1.653 L262=11.242/5.539
composite,827,6869,2,-1,-1,-1,-1,unmeasurable,unmeasurable,unmeasurable,unmeasurable,L286=18.811/1.294 L525=11.966/4.849
composite,828,6870,1,-1,-1,-1,-1,unmeasurable,unmeasurable,unmeasurable,unmeasurable,L23=18.131/1.463 L262=10.517/5.195
composite,828,6870,2,-1,-1,-1,-1,unmeasurable,unmeasurable,unmeasurable,unmeasurable,L286=19.141/1.324 L525=13.011/5.276
composite,829,6871,1,-1,-1,-1,-1,unmeasurable,unmeasurable,unmeasurable,unmeasurable,L23=18.464/1.503 L262=12.016/5.992
composite,829,6871,2,-1,-1,-1,-1,unmeasurable,unmeasurable,unmeasurable,unmeasurable,L286=19.333/1.456 L525=12.531/4.972
composite,830,6872,1,-1,-1,-1,-1,unmeasurable,unmeasurable,unmeasurable,unmeasurable,L23=17.791/1.451 L262=12.280/6.070
composite,830,6872,2,-1,-1,-1,-1,unmeasurable,unmeasurable,unmeasurable,unmeasurable,L286=18.894/1.458 L525=13.386/5.366
composite,831,6873,1,-1,-1,-1,-1,unmeasurable,unmeasurable,unmeasurable,unmeasurable,L23=18.498/1.606 L262=11.036/5.350
composite,831,6873,2,-1,-1,-1,-1,unmeasurable,unmeasurable,unmeasurable,unmeasurable,L286=18.436/1.394 L525=13.661/5.423
composite,832,6874,1,-1,-1,-1,-1,unmeasurable,unmeasurable,unmeasurable,unmeasurable,L23=18.244/1.677 L262=11.762/5.717
composite,832,6874,2,-1,-1,-1,-1,unmeasurable,unmeasurable,unmeasurable,unmeasurable,L286=18.570/1.357 L525=11.603/4.691
composite,833,6875,1,-1,-1,-1,-1,unmeasurable,unmeasurable,unmeasurable,unmeasurable,L23=18.820/1.418 L262=11.392/5.552
composite,833,6875,2,-1,-1,-1,-1,unmeasurable,unmeasurable,unmeasurable,unmeasurable,L286=19.869/1.446 L525=12.998/5.242
composite,834,6876,1,-1,23,-1,261,unmeasurable,unmeasurable,unmeasurable,inferred,L23=22.645/1.623 L260=15.277/3.040 L261=12.363/6.000 L262=12.806/6.312 L263=1.375/0.497
composite,834,6876,2,-1,286,-1,523,unmeasurable,unmeasurable,unmeasurable,inferred,L286=24.008/1.702 L522=17.637/4.549 L523=13.328/6.616 L525=14.312/5.845 L526=1.366/0.501
composite,835,6877,1,23,23,261,261,0,0,inferred,inferred,L23=24.653/1.709 L260=15.120/3.917 L261=12.297/5.959 L262=12.652/6.256 L263=1.363/0.487
composite,835,6877,2,286,286,523,522,0,-1,inferred,observed,L286=27.147/1.911 L521=19.086/1.717 L522=20.630/7.936 L525=16.072/6.668 L526=1.380/0.504
composite,836,6878,1,23,23,261,261,0,0,inferred,inferred,L23=29.759/2.081 L260=18.933/5.051 L261=13.483/6.839 L262=14.345/7.378 L263=1.395/0.492
composite,836,6878,2,286,286,522,523,0,1,observed,inferred,L286=31.425/1.842 L522=21.663/5.280 L523=16.192/8.080 L525=16.805/7.102 L526=1.380/0.504
composite,837,6879,1,23,23,261,261,0,0,inferred,inferred,L23=32.700/2.384 L260=25.016/20.138 L261=14.952/7.592 L262=15.569/8.102 L263=1.398/0.493
composite,837,6879,2,286,286,523,522,0,-1,inferred,observed,L286=34.342/2.493 L521=23.178/2.168 L522=23.317/3.005 L525=18.114/8.047 L526=1.355/0.510
composite,838,6880,1,23,23,261,261,0,0,inferred,inferred,L23=38.020/3.036 L260=23.863/2.972 L261=17.489/9.233 L262=17.414/9.361 L263=1.381/0.495
composite,838,6880,2,286,286,522,523,0,1,observed,inferred,L286=40.527/3.434 L522=26.262/5.080 L523=19.834/10.449 L525=18.797/8.614 L526=1.375/0.515
composite,839,6881,1,23,23,261,261,0,0,inferred,inferred,L23=42.341/4.090 L260=27.420/5.485 L261=18.616/9.967 L262=18.153/9.997 L263=1.370/0.492
composite,839,6881,2,286,286,523,522,0,-1,inferred,observed,L286=42.869/3.983 L521=28.783/2.474 L522=28.341/2.186 L525=20.223/9.449 L526=1.389/0.519
composite,840,6882,1,23,23,261,261,0,0,inferred,inferred,L23=47.075/4.353 L260=31.973/11.153 L261=20.327/10.867 L262=19.716/10.860 L263=1.380/0.489
composite,840,6882,2,286,286,522,522,0,0,observed,observed,L286=50.066/3.706 L521=31.488/2.579 L522=31.036/2.789 L525=21.450/9.873 L526=1.389/0.519
composite,841,6883,1,23,23,261,261,0,0,inferred,inferred,L23=52.002/4.392 L260=34.703/17.450 L261=21.748/11.950 L262=21.134/11.832 L263=1.381/0.489
composite,841,6883,2,286,286,522,523,0,1,observed,inferred,L286=55.397/4.618 L522=33.242/3.050 L523=25.248/12.972 L525=22.616/10.948 L526=1.353/0.510
composite,842,6884,1,23,23,261,260,0,-1,inferred,inferred,L23=56.991/5.447 L259=36.177/3.026 L260=38.566/15.422 L262=21.644/12.604 L263=1.377/0.488
composite,842,6884,2,286,286,523,523,0,0,inferred,inferred,L286=57.938/5.493 L522=36.495/2.747 L523=28.114/14.444 L525=25.252/12.168 L526=1.395/0.520
composite,843,6885,1,23,23,260,260,0,0,inferred,observed,L23=59.538/6.170 L259=38.136/2.709 L260=41.841/19.466 L262=24.183/14.264 L263=1.370/0.489
composite,843,6885,2,286,286,523,523,0,0,inferred,inferred,L286=60.605/6.156 L522=38.062/2.726 L523=27.569/14.742 L525=25.247/12.474 L526=1.381/0.505
composite,844,6886,1,23,23,260,260,0,0,observed,inferred,L23=64.250/6.805 L259=38.580/2.646 L260=36.319/7.270 L262=22.114/13.637 L263=1.398/0.499
composite,844,6886,2,286,286,523,522,0,-1,inferred,observed,L286=67.447/6.600 L521=39.631/2.786 L522=42.116/16.371 L525=26.883/13.424 L526=1.375/0.530
composite,845,6887,1,23,23,260,260,0,0,inferred,inferred,L23=68.500/7.319 L259=41.178/3.273 L260=38.788/9.419 L262=25.578/15.469 L263=1.375/0.503
composite,845,6887,2,286,286,522,522,0,0,observed,observed,L286=73.905/7.115 L521=41.645/3.305 L522=43.958/17.033 L525=27.344/14.188 L526=1.391/0.507
composite,846,6888,1,23,23,260,260,0,0,inferred,inferred,L23=73.252/7.844 L259=43.802/3.646 L260=41.430/6.677 L262=26.022/16.101 L263=1.380/0.501
composite,846,6888,2,286,286,522,522,0,0,observed,observed,L286=77.805/8.092 L521=44.895/3.314 L522=45.822/14.512 L525=28.894/14.886 L526=1.378/0.504
composite,847,6889,1,23,23,260,260,0,0,inferred,inferred,L23=78.183/8.664 L259=45.775/3.955 L260=43.480/4.912 L262=28.025/17.186 L263=1.383/0.499
composite,847,6889,2,286,286,522,522,0,0,observed,observed,L286=84.900/8.351 L521=48.661/3.511 L522=48.672/3.633 L525=31.541/16.548 L526=1.370/0.502
composite,848,6890,1,23,23,260,260,0,0,inferred,inferred,L23=84.903/8.929 L259=49.719/3.673 L260=49.642/6.934 L262=30.045/18.304 L263=1.391/0.501
composite,848,6890,2,286,286,522,522,0,0,observed,observed,L286=86.894/9.354 L521=51.117/3.451 L522=51.827/14.609 L525=32.122/16.593 L526=1.364/0.513
composite,849,6891,1,23,23,260,260,0,0,inferred,inferred,L23=91.214/9.885 L259=52.170/3.875 L260=48.670/6.679 L262=32.345/19.694 L263=1.364/0.497
composite,849,6891,2,286,286,522,522,0,0,observed,observed,L286=93.719/10.034 L521=54.347/3.774 L522=56.066/13.044 L525=33.653/17.143 L526=1.391/0.522
composite,850,6892,1,23,23,260,260,0,0,inferred,inferred,L23=97.428/11.087 L259=56.034/3.851 L260=53.017/5.362 L262=36.234/21.675 L263=1.377/0.491
composite,850,6892,2,286,286,522,522,0,0,observed,observed,L286=97.923/11.082 L521=58.019/4.215 L522=60.155/18.240 L525=36.953/18.889 L526=1.372/0.515
composite,851,6893,1,23,23,260,260,0,0,inferred,inferred,L23=99.067/11.981 L259=57.836/4.245 L260=57.527/16.401 L262=36.648/21.468 L263=1.392/0.510
composite,851,6893,2,286,286,522,522,0,0,observed,observed,L286=102.922/11.865 L521=60.009/4.039 L522=63.223/17.010 L525=38.380/19.478 L526=1.364/0.500
composite,852,6894,1,23,23,260,260,0,0,inferred,inferred,L23=104.494/12.411 L259=59.244/5.053 L260=61.150/18.476 L262=36.650/22.062 L263=1.392/0.491
composite,852,6894,2,286,286,522,522,0,0,observed,observed,L286=107.620/12.247 L521=61.245/5.030 L522=60.591/7.722 L525=39.759/20.248 L526=1.373/0.503
composite,853,6895,1,23,23,260,260,0,0,inferred,inferred,L23=110.941/12.866 L259=63.731/5.584 L260=60.731/21.690 L262=34.487/21.250 L263=1.377/0.491
composite,853,6895,2,286,286,522,522,0,0,observed,observed,L286=115.542/12.097 L521=63.086/5.332 L522=62.148/7.636 L525=44.905/23.117 L526=1.391/0.507
composite,854,6896,1,23,23,260,260,0,0,inferred,observed,L23=114.494/13.193 L259=64.166/5.849 L260=63.164/24.367 L262=37.491/23.457 L263=1.392/0.516
composite,854,6896,2,286,286,522,522,0,0,observed,observed,L286=119.127/13.157 L521=63.756/5.811 L522=63.014/6.869 L525=41.583/22.658 L526=1.375/0.530
composite,855,6897,1,23,23,260,260,0,0,observed,inferred,L23=118.817/14.087 L259=64.881/6.740 L260=57.519/14.981 L262=35.716/22.846 L263=1.392/0.491
composite,855,6897,2,286,286,522,523,0,1,observed,inferred,L286=121.733/14.894 L522=65.606/8.750 L523=46.952/26.027 L525=43.741/23.635 L526=1.384/0.550
composite,856,6898,1,23,23,260,260,0,0,inferred,inferred,L23=128.245/14.057 L259=64.769/7.858 L260=61.750/11.611 L262=40.002/25.329 L263=1.392/0.491
composite,856,6898,2,286,286,523,522,0,-1,inferred,observed,L286=130.425/14.678 L521=66.305/8.882 L522=65.662/9.217 L525=41.956/23.164 L526=1.402/0.509
composite,857,6899,1,23,23,260,260,0,0,inferred,inferred,L23=133.169/14.876 L259=67.134/8.303 L260=68.656/21.305 L262=43.073/27.109 L263=1.387/0.490
composite,857,6899,2,286,286,522,522,0,0,observed,observed,L286=137.606/14.922 L521=67.236/9.026 L522=67.181/9.596 L525=44.928/24.309 L526=1.366/0.513
composite,858,6900,1,23,23,260,260,0,0,inferred,inferred,L23=138.980/15.023 L259=70.327/10.253 L260=67.763/11.897 L262=38.453/24.655 L263=1.381/0.495
composite,858,6900,2,286,286,522,522,0,0,observed,inferred,L286=148.220/14.347 L521=70.136/10.276 L522=68.967/12.584 L525=42.688/22.952 L526=1.381/0.505
composite,859,6901,1,23,23,260,260,0,0,inferred,inferred,L23=143.475/16.149 L259=69.806/10.039 L260=73.053/22.445 L262=33.098/21.660 L263=1.353/0.481
composite,859,6901,2,286,286,522,522,0,0,inferred,observed,L286=160.041/10.817 L521=73.659/9.333 L522=73.808/10.636 L525=46.030/25.661 L526=1.387/0.518
composite,860,6902,1,23,23,260,260,0,0,inferred,inferred,L23=150.420/16.497 L259=74.100/9.537 L260=72.525/11.703 L262=46.764/29.806 L263=1.355/0.482
composite,860,6902,2,286,286,522,522,0,0,observed,inferred,L286=150.928/17.683 L521=76.192/10.481 L522=75.169/9.906 L525=49.109/26.970 L526=1.387/0.506
composite,861,6903,1,23,23,260,259,0,-1,inferred,inferred,L23=153.864/18.118 L258=79.861/9.592 L259=76.316/10.031 L262=47.994/30.208 L263=1.375/0.497
composite,861,6903,2,286,286,522,522,0,0,inferred,observed,L286=156.742/18.477 L521=79.752/10.182 L522=78.814/10.601 L525=48.159/27.496 L526=1.389/0.551
composite,862,6904,1,23,23,259,259,0,0,inferred,inferred,L23=160.108/18.600 L258=82.820/9.941 L259=80.634/10.292 L262=36.806/24.677 L263=1.377/0.497
composite,862,6904,2,286,286,522,522,0,0,observed,inferred,L286=172.231/15.774 L521=85.355/9.952 L522=82.017/11.525 L525=50.458/28.558 L526=1.369/0.514
composite,863,6905,1,23,23,259,259,0,0,inferred,inferred,L23=166.478/18.992 L258=83.114/10.566 L259=80.475/11.215 L262=47.278/30.722 L263=1.384/0.490
composite,863,6905,2,286,286,522,522,0,0,inferred,inferred,L286=165.869/19.929 L521=86.445/10.269 L522=81.992/10.806 L525=51.192/29.546 L526=1.377/0.504
composite,864,6906,1,23,23,259,259,0,0,inferred,inferred,L23=166.895/20.839 L258=87.089/10.137 L259=85.036/10.954 L262=60.820/39.212 L263=1.378/0.488
composite,864,6906,2,286,286,522,522,0,0,inferred,inferred,L286=184.291/17.264 L521=86.531/11.217 L522=84.019/11.999 L525=53.789/30.508 L526=1.384/0.518
composite,865,6907,1,23,23,259,259,0,0,inferred,inferred,L23=174.347/20.608 L258=86.480/11.458 L259=83.433/12.213 L262=59.689/38.559 L263=1.364/0.488
composite,865,6907,2,286,286,522,522,0,0,inferred,observed,L286=181.806/20.009 L521=85.600/11.526 L522=86.669/11.787 L525=50.881/28.988 L526=1.372/0.530
composite,866,6908,1,23,23,259,259,0,0,inferred,inferred,L23=179.355/20.541 L258=86.545/11.686 L259=86.219/12.956 L262=59.103/37.721 L263=1.373/0.503
composite,866,6908,2,286,286,522,522,0,0,observed,inferred,L286=172.694/22.727 L521=85.364/12.812 L522=85.809/14.991 L525=49.775/28.796 L526=1.400/0.536
composite,867,6909,1,23,23,259,259,0,0,inferred,inferred,L23=178.938/21.737 L258=86.323/12.698 L259=85.473/14.263 L262=54.039/34.677 L263=1.373/0.500
composite,867,6909,2,286,286,522,522,0,0,inferred,inferred,L286=180.006/21.602 L521=86.184/14.153 L522=88.072/16.345 L525=52.381/29.729 L526=1.383/0.517
composite,868,6910,1,23,23,259,259,0,0,inferred,inferred,L23=182.434/21.446 L258=87.964/13.853 L259=88.431/14.864 L262=65.464/41.051 L263=1.373/0.493
composite,868,6910,2,286,286,522,522,0,0,inferred,inferred,L286=188.756/21.682 L521=91.405/14.837 L522=89.939/16.629 L525=54.403/30.916 L526=1.392/0.519
composite,869,6911,1,23,23,259,259,0,0,inferred,inferred,L23=187.491/21.611 L258=90.761/14.555 L259=92.373/16.066 L262=49.117/31.702 L263=1.363/0.494
composite,869,6911,2,286,286,522,522,0,0,inferred,observed,L286=190.573/21.643 L521=90.123/15.089 L522=88.709/16.651 L525=55.045/29.817 L526=1.378/0.531
composite,870,6912,1,23,23,259,259,0,0,inferred,inferred,L23=190.677/21.754 L258=90.416/16.288 L259=90.478/15.593 L262=47.995/30.448 L263=1.394/0.510
composite,870,6912,2,286,286,522,522,0,0,observed,observed,L286=179.834/22.656 L521=89.706/15.444 L522=84.877/15.496 L525=59.792/31.638 L526=1.391/0.534
composite,871,6913,1,23,23,259,259,0,0,inferred,inferred,L23=190.044/21.038 L258=88.333/14.245 L259=85.198/14.329 L262=52.858/33.061 L263=1.370/0.492
composite,871,6913,2,286,286,522,522,0,0,observed,inferred,L286=182.220/20.944 L521=86.023/13.192 L522=86.389/16.036 L525=71.888/38.396 L526=1.387/0.521
composite,872,6914,1,23,23,259,259,0,0,inferred,inferred,L23=179.308/21.775 L258=86.989/13.491 L259=87.123/14.330 L262=53.870/33.716 L263=1.383/0.508
composite,872,6914,2,286,286,522,522,0,0,inferred,inferred,L286=187.381/20.412 L521=90.164/15.249 L522=86.911/16.881 L525=60.234/32.010 L526=1.387/0.521
composite,873,6915,1,23,23,259,259,0,0,inferred,inferred,L23=186.287/20.746 L258=91.381/15.993 L259=89.044/16.096 L262=53.950/32.519 L263=1.397/0.511
composite,873,6915,2,286,286,522,522,0,0,inferred,inferred,L286=192.542/20.599 L521=88.888/15.304 L522=88.317/16.829 L525=55.706/28.931 L526=1.370/0.529
composite,874,6916,1,23,23,259,259,0,0,inferred,inferred,L23=192.223/20.233 L258=88.353/15.207 L259=88.267/16.516 L262=51.888/30.929 L263=1.397/0.502
composite,874,6916,2,286,286,522,522,0,0,inferred,inferred,L286=187.145/19.936 L521=86.619/15.418 L522=86.889/17.060 L525=53.152/27.758 L526=1.380/0.504
composite,875,6917,1,23,23,259,259,0,0,inferred,inferred,L23=180.658/21.386 L258=88.339/16.058 L259=88.234/14.705 L262=47.744/28.936 L263=1.369/0.486
composite,875,6917,2,286,286,522,522,0,0,inferred,inferred,L286=193.363/20.270 L521=86.183/14.854 L522=88.797/18.723 L525=51.864/27.149 L526=1.394/0.534
composite,876,6918,1,23,23,259,259,0,0,inferred,inferred,L23=187.403/19.737 L258=87.148/14.876 L259=88.053/14.499 L262=52.702/31.528 L263=1.408/0.501
composite,876,6918,2,286,286,522,522,0,0,inferred,observed,L286=181.019/20.720 L521=86.075/15.060 L522=87.484/18.438 L525=57.166/29.889 L526=1.386/0.533
composite,877,6919,1,23,23,259,259,0,0,inferred,inferred,L23=190.137/19.544 L258=86.266/15.588 L259=88.427/14.888 L262=51.250/31.460 L263=1.405/0.548
composite,877,6919,2,286,286,522,522,0,0,observed,inferred,L286=193.428/20.110 L521=84.867/14.655 L522=88.681/17.576 L525=55.948/29.712 L526=1.380/0.517
composite,878,6920,1,23,23,259,259,0,0,inferred,inferred,L23=191.025/19.738 L258=84.870/15.008 L259=87.348/14.814 L262=53.398/32.838 L263=1.383/0.520
composite,878,6920,2,286,286,522,522,0,0,inferred,inferred,L286=190.492/20.192 L521=85.088/14.516 L522=89.848/17.776 L525=55.884/30.065 L526=1.363/0.500
composite,879,6921,1,23,23,259,259,0,0,inferred,inferred,L23=182.661/20.173 L258=85.688/15.046 L259=88.453/16.817 L262=48.458/30.391 L263=1.394/0.501
composite,879,6921,2,286,286,522,522,0,0,inferred,observed,L286=186.786/19.833 L521=85.200/15.054 L522=90.106/18.041 L525=56.786/30.289 L526=1.395/0.535
composite,880,6922,1,23,23,259,259,0,0,inferred,inferred,L23=187.605/19.836 L258=86.973/15.395 L259=89.358/16.090 L262=50.100/30.936 L263=1.370/0.492
composite,880,6922,2,286,286,522,522,0,0,observed,inferred,L286=189.292/20.207 L521=85.786/15.361 L522=90.470/17.871 L525=54.989/29.141 L526=1.384/0.518
composite,881,6923,1,23,23,259,259,0,0,inferred,inferred,L23=186.061/20.763 L258=88.545/15.278 L259=90.347/14.560 L262=53.436/32.644 L263=1.391/0.507
composite,881,6923,2,286,286,522,522,0,0,inferred,inferred,L286=195.512/19.965 L521=85.342/15.961 L522=89.672/20.143 L525=55.403/29.935 L526=1.398/0.535
composite,882,6924,1,23,23,259,259,0,0,inferred,inferred,L23=194.562/19.812 L258=85.150/14.295 L259=90.680/16.951 L262=50.014/31.453 L263=1.377/0.510
composite,882,6924,2,286,286,522,522,0,0,inferred,inferred,L286=192.534/20.138 L521=88.473/16.684 L522=86.755/16.955 L525=45.348/24.538 L526=1.389/0.519
composite,883,6925,1,23,23,259,259,0,0,inferred,inferred,L23=186.838/19.611 L258=87.719/15.869 L259=87.838/16.554 L262=43.441/27.690 L263=1.375/0.497
composite,883,6925,2,286,286,522,522,0,0,inferred,inferred,L286=190.100/19.669 L521=86.600/17.049 L522=86.334/18.367 L525=45.173/25.038 L526=1.397/0.520
composite,884,6926,1,23,23,259,259,0,0,inferred,inferred,L23=192.064/19.542 L258=86.845/15.838 L259=87.598/17.132 L262=46.355/29.181 L263=1.378/0.488
composite,884,6926,2,286,286,522,522,0,0,inferred,inferred,L286=192.103/19.619 L521=85.439/17.760 L522=86.336/18.951 L525=46.120/24.897 L526=1.387/0.550
composite,885,6927,1,23,23,259,259,0,0,inferred,inferred,L23=189.641/19.567 L258=87.858/16.664 L259=89.803/16.587 L262=43.445/27.359 L263=1.405/0.503
composite,885,6927,2,286,286,522,522,0,0,inferred,inferred,L286=190.425/20.000 L521=85.853/16.597 L522=88.989/17.982 L525=43.223/23.652 L526=1.397/0.520
composite,886,6928,1,23,23,259,259,0,0,inferred,inferred,L23=190.239/19.479 L258=86.858/14.987 L259=88.728/17.021 L262=46.269/28.816 L263=1.389/0.522
composite,886,6928,2,286,286,522,522,0,0,inferred,inferred,L286=188.402/19.731 L521=88.502/15.385 L522=89.681/18.504 L525=45.372/25.037 L526=1.347/0.508
composite,887,6929,1,23,23,259,259,0,0,inferred,inferred,L23=189.664/20.032 L258=89.345/14.172 L259=90.044/15.198 L262=47.277/29.333 L263=1.375/0.506
composite,887,6929,2,286,286,522,522,0,0,inferred,observed,L286=190.733/19.949 L521=87.289/14.843 L522=92.617/19.371 L525=48.633/26.364 L526=1.369/0.502
composite,888,6930,1,23,23,259,259,0,0,inferred,inferred,L23=196.569/19.898 L258=88.898/12.811 L259=89.527/12.697 L262=46.664/29.291 L263=1.391/0.497
composite,888,6930,2,286,286,522,522,0,0,observed,inferred,L286=181.578/21.308 L521=91.359/14.217 L522=91.878/14.122 L525=52.222/27.877 L526=1.375/0.515
composite,889,6931,1,23,23,259,259,0,0,inferred,inferred,L23=189.380/20.976 L258=91.675/14.054 L259=93.469/14.524 L262=48.263/30.476 L263=1.370/0.499
composite,889,6931,2,286,286,522,522,0,0,inferred,observed,L286=198.644/20.946 L521=92.334/14.341 L522=95.686/16.027 L525=46.062/25.658 L526=1.381/0.505
composite,890,6932,1,23,23,259,259,0,0,inferred,inferred,L23=193.727/21.329 L258=90.727/13.856 L259=91.503/14.746 L262=48.628/30.709 L263=1.377/0.500
composite,890,6932,2,286,286,522,522,0,0,observed,inferred,L286=196.155/21.451 L521=91.586/14.658 L522=93.881/15.652 L525=51.448/27.144 L526=1.383/0.517
composite,891,6933,1,23,23,259,259,0,0,inferred,inferred,L23=195.122/21.630 L258=91.330/13.810 L259=91.188/15.464 L262=48.698/30.191 L263=1.395/0.511
composite,891,6933,2,286,286,522,522,0,0,inferred,inferred,L286=198.133/21.176 L521=89.356/15.112 L522=89.395/19.338 L525=76.220/38.729 L526=1.394/0.534
composite,892,6934,1,23,23,259,259,0,0,inferred,inferred,L23=195.972/21.656 L258=90.289/14.081 L259=92.350/14.813 L262=46.106/29.033 L263=1.375/0.497
composite,892,6934,2,286,286,522,522,0,0,inferred,observed,L286=196.838/21.402 L521=92.612/15.439 L522=86.634/18.157 L525=35.169/20.821 L526=1.414/0.523
composite,893,6935,1,23,23,259,259,0,0,inferred,inferred,L23=203.256/18.094 L258=91.877/14.755 L259=94.736/15.790 L262=44.886/28.431 L263=1.373/0.503
composite,893,6935,2,286,286,522,522,0,0,observed,inferred,L286=194.984/22.140 L521=90.431/16.657 L522=89.944/17.625 L525=75.572/38.739 L526=1.366/0.513
composite,894,6936,1,23,23,259,259,0,0,inferred,inferred,L23=198.564/21.113 L258=92.027/15.153 L259=92.338/15.399 L262=49.217/30.950 L263=1.381/0.495
composite,894,6936,2,286,286,522,522,0,0,inferred,inferred,L286=196.897/21.702 L521=88.998/15.813 L522=90.459/16.638 L525=39.686/22.204 L526=1.381/0.532
composite,895,6937,1,23,23,259,259,0,0,inferred,inferred,L23=197.378/20.978 L258=89.005/14.057 L259=90.639/15.268 L262=47.392/29.167 L263=1.377/0.494
composite,895,6937,2,286,286,522,522,0,0,inferred,observed,L286=184.719/22.497 L521=90.272/15.674 L522=87.611/20.873 L525=45.692/25.564 L526=1.383/0.517
composite,896,6938,1,23,23,259,259,0,0,inferred,inferred,L23=197.380/20.770 L258=88.742/14.755 L259=91.180/16.097 L262=43.841/27.988 L263=1.389/0.491
composite,896,6938,2,286,286,522,522,0,0,observed,inferred,L286=196.145/21.580 L521=90.136/16.299 L522=88.052/16.991 L525=47.683/26.247 L526=1.380/0.531
composite,897,6939,1,23,23,259,259,0,0,inferred,inferred,L23=195.928/21.634 L258=91.294/14.655 L259=90.025/15.250 L262=47.272/29.476 L263=1.384/0.493
composite,897,6939,2,286,286,522,522,0,0,inferred,observed,L286=198.303/21.335 L521=89.575/16.234 L522=89.936/16.718 L525=46.431/24.825 L526=1.375/0.515
composite,898,6940,1,23,23,259,259,0,0,inferred,inferred,L23=198.472/21.136 L258=90.122/14.620 L259=90.919/15.676 L262=42.131/26.855 L263=1.386/0.503
composite,898,6940,2,286,286,522,522,0,0,observed,observed,L286=205.886/18.223 L521=90.562/14.990 L522=94.989/15.719 L525=43.314/24.414 L526=1.373/0.515
composite,899,6941,1,23,23,259,259,0,0,inferred,inferred,L23=195.217/21.987 L258=92.155/14.468 L259=91.978/14.364 L262=49.406/31.103 L263=1.394/0.520
composite,899,6941,2,286,286,522,522,0,0,observed,inferred,L286=195.425/22.045 L521=92.075/15.297 L522=91.936/14.868 L525=46.552/25.487 L526=1.391/0.534
composite,900,6942,1,23,23,259,259,0,0,inferred,inferred,L23=193.311/21.941 L258=88.972/14.552 L259=91.114/15.170 L262=45.558/28.159 L263=1.377/0.507
composite,900,6942,2,286,286,522,522,0,0,inferred,observed,L286=194.930/21.578 L521=92.342/16.043 L522=92.559/16.866 L525=47.222/25.570 L526=1.384/0.518
composite,901,6943,1,23,23,259,259,0,0,inferred,inferred,L23=192.219/22.374 L258=88.948/14.372 L259=90.216/14.524 L262=42.369/26.494 L263=1.372/0.496
composite,901,6943,2,286,286,522,522,0,0,observed,inferred,L286=203.891/18.834 L521=91.814/14.420 L522=95.945/16.730 L525=40.020/21.785 L526=1.383/0.535
composite,902,6944,1,23,23,259,259,0,0,inferred,inferred,L23=195.884/22.555 L258=89.920/14.130 L259=91.800/15.316 L262=36.647/23.733 L263=1.386/0.512
composite,902,6944,2,286,286,522,522,0,0,inferred,inferred,L286=209.819/16.129 L521=91.734/14.086 L522=92.244/18.027 L525=48.130/25.021 L526=1.392/0.507
composite,903,6945,1,23,23,259,259,0,0,inferred,inferred,L23=197.078/21.820 L258=90.073/14.375 L259=91.420/16.248 L262=44.808/27.959 L263=1.370/0.511
composite,903,6945,2,286,286,522,522,0,0,inferred,inferred,L286=207.506/18.468 L521=90.575/15.430 L522=94.105/15.955 L525=48.258/25.031 L526=1.398/0.535
composite,904,6946,1,23,23,259,259,0,0,inferred,inferred,L23=197.089/22.195 L258=90.386/13.890 L259=92.703/16.431 L262=45.809/28.354 L263=1.402/0.509
composite,904,6946,2,286,286,522,522,0,0,inferred,inferred,L286=197.692/22.291 L521=90.244/15.578 L522=91.178/16.557 L525=45.684/24.991 L526=1.406/0.522
composite,905,6947,1,23,23,259,259,0,0,inferred,inferred,L23=195.195/22.140 L258=90.995/15.815 L259=92.164/15.167 L262=45.845/28.193 L263=1.389/0.503
composite,905,6947,2,286,286,522,522,0,0,inferred,inferred,L286=181.214/23.673 L521=90.186/15.233 L522=90.155/14.318 L525=48.641/26.258 L526=1.403/0.521
composite,906,6948,1,23,23,259,259,0,0,inferred,inferred,L23=195.923/22.230 L258=89.533/15.074 L259=90.391/14.222 L262=45.286/27.777 L263=1.383/0.508
composite,906,6948,2,286,286,522,522,0,0,inferred,observed,L286=193.627/22.041 L521=90.398/14.741 L522=91.070/16.087 L525=45.845/24.581 L526=1.392/0.507
composite,907,6949,1,23,23,259,259,0,0,inferred,inferred,L23=194.867/21.941 L258=90.145/15.131 L259=90.191/15.747 L262=39.916/25.199 L263=1.361/0.484
composite,907,6949,2,286,286,522,522,0,0,observed,observed,L286=179.273/22.753 L521=88.156/15.676 L522=90.838/14.576 L525=46.750/25.517 L526=1.359/0.526
composite,908,6950,1,23,23,259,259,0,0,inferred,inferred,L23=195.088/21.894 L258=90.128/14.964 L259=91.564/15.782 L262=42.581/26.161 L263=1.380/0.492
composite,908,6950,2,286,286,522,522,0,0,observed,inferred,L286=193.688/21.945 L521=88.475/16.570 L522=87.084/15.713 L525=46.312/24.579 L526=1.380/0.504
composite,909,6951,1,23,23,259,259,0,0,inferred,inferred,L23=192.769/21.318 L258=88.142/15.798 L259=88.675/16.086 L262=45.152/27.800 L263=1.369/0.489
composite,909,6951,2,286,286,522,522,0,0,inferred,observed,L286=190.214/21.747 L521=89.650/15.039 L522=90.338/15.794 L525=75.033/37.339 L526=1.384/0.532
composite,910,6952,1,23,23,259,259,0,0,inferred,inferred,L23=196.952/21.254 L258=88.259/15.836 L259=88.519/15.366 L262=45.650/28.096 L263=1.386/0.512
composite,910,6952,2,286,286,522,522,0,0,observed,inferred,L286=175.608/22.556 L521=89.930/15.219 L522=88.055/15.155 L525=38.292/21.021 L526=1.369/0.514
composite,911,6953,1,23,23,259,259,0,0,inferred,inferred,L23=181.052/22.209 L258=89.778/15.125 L259=88.627/14.201 L262=48.248/29.319 L263=1.395/0.495
composite,911,6953,2,286,286,522,522,0,0,inferred,observed,L286=195.577/21.682 L521=89.667/15.957 L522=92.811/15.558 L525=40.070/22.595 L526=1.386/0.533
composite,912,6954,1,23,23,259,259,0,0,inferred,inferred,L23=197.503/21.562 L258=88.800/13.920 L259=89.697/14.465 L262=46.345/28.790 L263=1.370/0.517
composite,912,6954,2,286,286,522,522,0,0,observed,observed,L286=192.419/22.051 L521=89.044/13.822 L522=91.648/16.503 L525=44.011/24.048 L526=1.392/0.519
composite,913,6955,1,23,23,259,259,0,0,inferred,inferred,L23=193.641/21.920 L258=88.834/14.156 L259=91.708/15.705 L262=50.250/30.822 L263=1.395/0.502
composite,913,6955,2,286,286,522,522,0,0,observed,inferred,L286=195.908/22.259 L521=90.573/14.608 L522=93.763/16.659 L525=48.358/25.195 L526=1.378/0.531
composite,914,6956,1,23,23,259,259,0,0,inferred,inferred,L23=193.673/22.600 L258=88.125/15.076 L259=91.952/15.665 L262=47.541/29.875 L263=1.378/0.537
composite,914,6956,2,286,286,522,522,0,0,inferred,inferred,L286=192.464/21.979 L521=92.116/15.139 L522=90.805/16.089 L525=47.464/26.452 L526=1.392/0.551
composite,915,6957,1,23,23,259,259,0,0,inferred,inferred,L23=190.489/21.835 L258=91.875/15.517 L259=88.934/15.065 L262=78.658/46.603 L263=1.392/0.510
composite,915,6957,2,286,286,522,522,0,0,inferred,inferred,L286=199.031/21.521 L521=91.106/16.725 L522=91.303/17.088 L525=44.981/25.593 L526=1.383/0.532
composite,916,6958,1,23,23,259,259,0,0,inferred,inferred,L23=194.372/21.335 L258=89.952/16.135 L259=88.763/14.989 L262=61.761/37.652 L263=1.380/0.498
composite,916,6958,2,286,286,522,522,0,0,inferred,inferred,L286=194.223/21.439 L521=88.695/14.960 L522=90.444/15.385 L525=44.578/24.456 L526=1.367/0.501
composite,917,6959,1,23,23,259,259,0,0,inferred,inferred,L23=191.488/22.006 L258=89.772/14.246 L259=86.919/14.496 L262=54.606/33.026 L263=1.383/0.492
composite,917,6959,2,286,286,522,522,0,0,inferred,observed,L286=199.148/20.858 L521=88.320/15.688 L522=92.256/16.565 L525=45.081/24.712 L526=1.370/0.514
composite,918,6960,1,23,23,259,259,0,0,inferred,inferred,L23=191.842/20.915 L258=86.792/14.322 L259=88.566/16.311 L262=57.028/35.084 L263=1.389/0.509
composite,918,6960,2,286,286,522,522,0,0,observed,observed,L286=192.408/20.056 L521=86.972/15.602 L522=87.744/19.830 L525=48.550/26.799 L526=1.386/0.506
composite,919,6961,1,23,23,259,259,0,0,inferred,inferred,L23=187.697/21.756 L258=86.655/15.048 L259=87.578/15.948 L262=57.291/35.136 L263=1.394/0.507
composite,919,6961,2,286,286,522,522,0,0,observed,observed,L286=198.742/20.713 L521=86.237/14.443 L522=88.513/18.353 L525=43.597/24.048 L526=1.375/0.515
composite,920,6962,1,23,23,259,259,0,0,inferred,inferred,L23=190.666/21.260 L258=85.520/14.848 L259=86.723/13.804 L262=56.764/34.392 L263=1.389/0.494
composite,920,6962,2,286,286,522,522,0,0,observed,observed,L286=195.017/21.190 L521=88.044/15.120 L522=89.852/17.475 L525=49.445/27.448 L526=1.389/0.533
composite,921,6963,1,23,23,259,259,0,0,inferred,inferred,L23=195.111/20.801 L258=90.064/14.950 L259=87.884/13.826 L262=79.025/46.171 L263=1.392/0.498
composite,921,6963,2,286,286,522,522,0,0,observed,inferred,L286=202.689/17.648 L521=87.950/15.375 L522=90.448/15.708 L525=51.414/27.646 L526=1.372/0.530
composite,922,6964,1,23,23,259,259,0,0,inferred,inferred,L23=193.728/19.970 L258=87.447/14.919 L259=88.805/14.415 L262=42.209/26.359 L263=1.406/0.516
composite,922,6964,2,286,286,522,522,0,0,inferred,inferred,L286=198.272/19.161 L521=87.144/15.169 L522=87.823/16.473 L525=50.486/26.487 L526=1.380/0.531
composite,923,6965,1,23,23,259,259,0,0,inferred,inferred,L23=190.562/20.449 L258=87.202/14.522 L259=90.008/15.703 L262=48.273/30.038 L263=1.381/0.492
composite,923,6965,2,286,286,522,522,0,0,inferred,inferred,L286=191.420/20.122 L521=88.445/14.868 L522=88.752/18.516 L525=52.298/26.723 L526=1.380/0.517
composite,924,6966,1,23,23,259,259,0,0,inferred,inferred,L23=192.245/19.535 L258=87.862/15.380 L259=90.461/17.432 L262=50.592/31.037 L263=1.383/0.496
composite,924,6966,2,286,286,522,523,0,1,inferred,inferred,L286=183.880/21.058 L522=91.336/18.015 L523=53.703/32.419 L525=48.891/25.577 L526=1.389/0.519
composite,925,6967,1,23,23,259,260,0,1,inferred,observed,L23=190.239/19.708 L259=89.673/17.721 L260=81.267/23.283 L262=50.683/30.036 L263=1.383/0.496
composite,925,6967,2,286,286,523,523,0,0,inferred,inferred,L286=192.137/20.247 L522=86.872/19.438 L523=67.153/38.083 L525=47.628/25.207 L526=1.372/0.518
composite,926,6968,1,23,23,260,260,0,0,observed,inferred,L23=189.203/19.697 L259=89.228/17.859 L260=78.614/20.515 L262=48.209/28.673 L263=1.378/0.491
composite,926,6968,2,286,286,523,523,0,0,inferred,inferred,L286=191.792/19.692 L522=91.884/22.114 L523=55.022/32.451 L525=47.495/24.540 L526=1.363/0.530
composite,927,6969,1,23,23,260,260,0,0,inferred,inferred,L23=189.936/19.084 L259=88.062/15.343 L260=78.469/17.863 L262=50.967/30.398 L263=1.378/0.488
composite,927,6969,2,286,286,523,523,0,0,inferred,inferred,L286=192.248/19.282 L522=90.755/16.817 L523=61.592/34.360 L525=51.306/26.629 L526=1.377/0.531
composite,928,6970,1,23,23,260,260,0,0,inferred,inferred,L23=185.264/19.157 L259=88.017/14.139 L260=81.814/17.103 L262=42.792/26.409 L263=1.387/0.506
composite,928,6970,2,286,286,523,523,0,0,inferred,inferred,L286=176.005/19.081 L522=91.544/15.087 L523=55.411/33.193 L525=46.792/25.167 L526=1.409/0.510
composite,929,6971,1,23,23,260,261,0,1,inferred,inferred,L23=185.394/19.794 L260=80.859/16.692 L261=54.152/32.185 L262=50.667/30.283 L263=1.381/0.492
composite,929,6971,2,286,286,523,523,0,0,inferred,inferred,L286=192.294/19.285 L522=92.795/15.740 L523=55.941/32.738 L525=49.558/25.622 L526=1.389/0.533
composite,930,6972,1,23,23,261,260,0,-1,inferred,inferred,L23=187.113/19.636 L259=91.286/15.772 L260=81.455/18.772 L262=49.475/30.026 L263=1.383/0.489
composite,930,6972,2,286,286,523,523,0,0,inferred,inferred,L286=178.872/20.409 L522=92.909/15.810 L523=50.630/30.996 L525=42.694/23.219 L526=1.370/0.514
composite,931,6973,1,23,23,260,261,0,1,inferred,inferred,L23=187.348/19.522 L260=80.961/21.851 L261=55.522/32.582 L262=50.230/30.474 L263=1.378/0.494
composite,931,6973,2,286,286,523,522,0,-1,inferred,inferred,L286=191.289/19.328 L521=89.856/15.309 L522=88.586/19.506 L525=53.002/27.306 L526=1.383/0.517
composite,932,6974,1,23,23,261,260,0,-1,inferred,inferred,L23=186.311/19.541 L259=90.875/15.705 L260=84.392/21.782 L262=49.691/29.920 L263=1.381/0.492
composite,932,6974,2,286,286,522,522,0,0,inferred,inferred,L286=190.361/18.495 L521=89.916/14.334 L522=88.319/19.759 L525=48.741/24.925 L526=1.384/0.518
composite,933,6975,1,23,23,260,260,0,0,inferred,inferred,L23=188.908/18.345 L259=90.794/16.273 L260=84.069/22.333 L262=49.161/29.242 L263=1.358/0.486
composite,933,6975,2,286,286,522,522,0,0,inferred,inferred,L286=184.250/18.139 L521=90.983/14.371 L522=90.878/16.034 L525=52.361/26.382 L526=1.387/0.518
composite,934,6976,1,23,23,260,260,0,0,inferred,inferred,L23=189.425/18.347 L259=90.302/15.294 L260=81.770/18.237 L262=50.934/31.092 L263=1.377/0.488
composite,934,6976,2,286,286,522,523,0,1,inferred,inferred,L286=187.839/17.466 L522=91.755/15.004 L523=61.331/34.478 L525=50.411/25.930 L526=1.397/0.520
composite,935,6977,1,23,23,260,261,0,1,inferred,inferred,L23=185.503/17.719 L260=84.566/15.067 L261=36.237/22.819 L262=36.980/23.634 L263=1.392/0.519
composite,935,6977,2,286,286,523,523,0,0,inferred,inferred,L286=195.469/15.970 L522=92.872/14.916 L523=72.841/38.327 L525=52.955/27.142 L526=1.384/0.532
composite,936,6978,1,23,23,261,261,0,0,inferred,inferred,L23=190.595/16.790 L260=85.523/14.126 L261=51.727/30.745 L262=49.641/30.218 L263=1.386/0.518
composite,936,6978,2,286,286,523,523,0,0,inferred,inferred,L286=175.227/17.492 L522=93.064/14.930 L523=58.691/36.188 L525=47.891/25.888 L526=1.392/0.534
composite,937,6979,1,23,23,261,261,0,0,inferred,inferred,L23=186.083/17.370 L260=82.744/14.974 L261=52.305/31.243 L262=47.698/29.590 L263=1.386/0.490
composite,937,6979,2,286,286,523,523,0,0,inferred,inferred,L286=179.753/16.480 L522=92.373/14.670 L523=67.789/34.712 L525=53.220/27.616 L526=1.397/0.520
composite,938,6980,1,23,23,261,260,0,-1,inferred,inferred,L23=187.848/16.707 L259=89.189/13.637 L260=80.953/15.446 L262=49.600/30.500 L263=1.389/0.497
composite,938,6980,2,286,286,523,522,0,-1,inferred,inferred,L286=177.378/16.345 L521=88.900/13.592 L522=90.689/15.339 L525=49.673/26.502 L526=1.392/0.507
composite,939,6981,1,23,23,260,260,0,0,inferred,inferred,L23=184.561/17.006 L259=89.097/14.634 L260=80.638/18.699 L262=51.745/31.960 L263=1.386/0.493
composite,939,6981,2,286,286,522,523,0,1,inferred,inferred,L286=186.061/16.380 L522=89.539/15.589 L523=62.577/35.858 L525=49.377/26.482 L526=1.378/0.516
composite,940,6982,1,23,23,260,260,0,0,inferred,inferred,L23=182.636/16.453 L259=90.609/16.446 L260=85.734/17.100 L262=50.150/30.819 L263=1.380/0.501
composite,940,6982,2,286,286,523,523,0,0,inferred,inferred,L286=174.688/16.399 L522=89.759/15.716 L523=66.062/36.885 L525=51.466/27.854 L526=1.391/0.507
composite,941,6983,1,23,23,260,261,0,1,inferred,inferred,L23=180.814/16.048 L260=84.811/21.217 L261=41.514/26.275 L262=37.731/24.767 L263=1.380/0.489
composite,941,6983,2,286,286,523,523,0,0,inferred,inferred,L286=193.403/14.696 L522=92.678/16.420 L523=66.817/34.884 L525=51.333/26.533 L526=1.359/0.511
composite,942,6984,1,23,23,261,261,0,0,inferred,inferred,L23=188.583/15.481 L260=87.105/15.018 L261=57.978/34.358 L262=49.948/29.921 L263=1.367/0.501
composite,942,6984,2,286,286,523,523,0,0,inferred,inferred,L286=183.966/14.474 L522=88.297/18.310 L523=67.447/35.107 L525=49.073/25.459 L526=1.377/0.504
composite,943,6985,1,23,23,261,261,0,0,inferred,inferred,L23=186.123/15.073 L260=84.869/14.163 L261=57.508/34.146 L262=50.405/30.114 L263=1.386/0.499
composite,943,6985,2,286,286,523,522,0,-1,inferred,inferred,L286=184.425/14.716 L521=87.570/15.513 L522=90.378/20.407 L525=49.183/25.998 L526=1.378/0.504
composite,944,6986,1,23,23,261,261,0,0,inferred,inferred,L23=188.261/15.318 L260=87.839/16.263 L261=39.452/25.094 L262=35.141/22.026 L263=1.386/0.490
composite,944,6986,2,286,286,522,522,0,0,inferred,inferred,L286=191.838/14.700 L521=88.620/16.702 L522=86.655/18.847 L525=51.680/26.850 L526=1.394/0.507
composite,945,6987,1,23,23,261,261,0,0,inferred,inferred,L23=184.189/15.576 L260=84.633/24.534 L261=51.981/31.558 L262=49.764/30.559 L263=1.389/0.497
composite,945,6987,2,286,286,522,523,0,1,inferred,inferred,L286=189.597/14.891 L522=87.744/19.263 L523=67.655/33.906 L525=53.070/28.337 L526=1.391/0.507
composite,946,6988,1,23,23,261,260,0,-1,inferred,inferred,L23=186.605/14.852 L259=88.169/15.073 L260=81.584/20.507 L262=45.034/27.998 L263=1.395/0.502
composite,946,6988,2,286,286,523,523,0,0,inferred,inferred,L286=170.619/14.863 L522=88.862/19.322 L523=55.475/32.550 L525=49.947/26.776 L526=1.378/0.516
composite,947,6989,1,23,23,260,260,0,0,inferred,inferred,L23=185.911/14.083 L259=89.319/17.577 L260=84.409/20.648 L262=47.942/29.870 L263=1.391/0.516
composite,947,6989,2,286,286,523,523,0,0,inferred,inferred,L286=185.998/14.257 L522=89.795/18.123 L523=63.586/34.014 L525=49.273/25.387 L526=1.384/0.518
composite,948,6990,1,23,23,260,261,0,1,inferred,inferred,L23=179.916/14.155 L260=77.864/21.279 L261=53.731/31.857 L262=49.181/29.855 L263=1.378/0.488
composite,948,6990,2,286,286,523,522,0,-1,inferred,inferred,L286=181.114/13.403 L521=86.852/14.985 L522=88.491/20.014 L525=49.481/24.736 L526=1.386/0.518
composite,949,6991,1,23,23,261,260,0,-1,inferred,inferred,L23=181.158/14.262 L259=89.578/15.039 L260=78.455/18.816 L262=48.350/28.786 L263=1.377/0.491
composite,949,6991,2,286,286,522,523,0,1,inferred,inferred,L286=186.070/13.816 L522=88.431/17.753 L523=64.880/33.129 L525=51.883/26.199 L526=1.392/0.519
composite,950,6992,1,23,23,260,260,0,0,inferred,inferred,L23=180.806/14.021 L259=89.342/16.076 L260=80.672/21.660 L262=43.750/26.941 L263=1.373/0.506
composite,950,6992,2,286,286,523,522,0,-1,inferred,inferred,L286=188.441/14.071 L521=88.641/17.313 L522=90.227/18.287 L525=55.003/27.479 L526=1.386/0.518
composite,951,6993,1,23,23,260,260,0,0,inferred,inferred,L23=181.902/14.662 L259=90.311/16.886 L260=83.478/16.483 L262=50.664/30.637 L263=1.389/0.497
composite,951,6993,2,286,286,522,522,0,0,inferred,inferred,L286=188.384/13.815 L521=86.077/13.681 L522=88.434/17.080 L525=50.917/26.516 L526=1.387/0.506
composite,952,6994,1,23,23,260,260,0,0,inferred,inferred,L23=188.803/14.547 L259=88.769/13.231 L260=85.847/16.838 L262=51.133/30.530 L263=1.381/0.495
composite,952,6994,2,286,286,522,523,0,1,inferred,inferred,L286=183.817/14.620 L522=89.331/13.116 L523=64.808/34.177 L525=54.189/27.353 L526=1.395/0.535
composite,953,6995,1,23,23,260,260,0,0,inferred,inferred,L23=190.358/15.119 L259=90.383/14.959 L260=77.948/16.290 L262=50.286/30.194 L263=1.373/0.496
composite,953,6995,2,286,286,523,523,0,0,inferred,inferred,L286=188.911/14.957 L522=95.013/16.739 L523=60.773/35.532 L525=51.977/26.387 L526=1.378/0.516
composite,954,6996,1,23,23,260,260,0,0,inferred,inferred,L23=193.269/15.325 L259=93.469/15.546 L260=87.414/16.555 L262=46.836/28.351 L263=1.397/0.496
composite,954,6996,2,286,286,523,523,0,0,inferred,inferred,L286=176.586/16.362 L522=93.011/18.333 L523=61.145/37.829 L525=51.536/26.964 L526=1.398/0.508
composite,955,6997,1,23,23,260,260,0,0,inferred,inferred,L23=192.230/15.185 L259=92.953/16.418 L260=85.078/19.423 L262=50.620/29.797 L263=1.383/0.492
composite,955,6997,2,286,286,523,522,0,-1,inferred,inferred,L286=191.762/15.119 L521=90.700/15.827 L522=95.716/21.634 L525=49.105/24.858 L526=1.372/0.505
composite,956,6998,1,23,23,260,260,0,0,inferred,inferred,L23=189.083/15.476 L259=91.359/16.555 L260=86.531/22.985 L262=43.828/25.392 L263=1.383/0.508
composite,956,6998,2,286,286,522,523,0,1,inferred,inferred,L286=187.675/15.634 L522=90.647/16.458 L523=67.878/34.599 L525=54.417/26.507 L526=1.380/0.517
composite,957,6999,1,23,23,260,260,0,0,inferred,inferred,L23=187.405/15.649 L259=94.347/14.671 L260=83.273/18.711 L262=53.398/31.398 L263=1.389/0.497
composite,957,6999,2,286,286,523,523,0,0,inferred,inferred,L286=188.653/16.176 L522=96.147/16.384 L523=68.403/34.552 L525=57.630/28.948 L526=1.380/0.517
composite,958,7000,1,23,23,260,260,0,0,inferred,inferred,L23=182.342/16.668 L259=92.944/12.785 L260=81.453/17.314 L262=54.158/31.536 L263=1.369/0.486
composite,958,7000,2,286,286,523,523,0,0,inferred,inferred,L286=187.630/15.983 L522=92.911/14.178 L523=64.255/33.768 L525=53.983/26.794 L526=1.370/0.502
composite,959,7001,1,23,23,260,261,0,1,inferred,inferred,L23=187.273/16.748 L260=85.103/17.303 L261=57.120/32.261 L262=51.772/30.511 L263=1.381/0.492
composite,959,7001,2,286,286,523,523,0,0,inferred,inferred,L286=176.703/16.436 L522=93.192/16.272 L523=77.042/42.860 L525=68.495/32.880 L526=1.366/0.501
composite,960,7002,1,23,23,261,260,0,-1,inferred,inferred,L23=182.591/16.135 L259=92.323/16.599 L260=80.733/23.287 L262=50.766/28.920 L263=1.367/0.495
composite,960,7002,2,286,286,523,523,0,0,inferred,inferred,L286=173.361/16.246 L522=88.586/16.466 L523=69.078/39.045 L525=57.398/26.955 L526=1.384/0.518
composite,961,7003,1,23,23,260,260,0,0,inferred,inferred,L23=181.889/15.923 L259=91.202/16.564 L260=81.416/15.345 L262=51.059/28.770 L263=1.383/0.492
composite,961,7003,2,286,286,523,522,0,-1,inferred,inferred,L286=184.817/15.134 L521=86.775/16.738 L522=87.845/15.229 L525=52.559/26.189 L526=1.387/0.518
composite,962,7004,1,23,23,260,260,0,0,inferred,inferred,L23=181.077/14.971 L259=89.197/14.873 L260=81.358/25.524 L262=51.834/29.203 L263=1.381/0.495
composite,962,7004,2,286,286,522,523,0,1,inferred,inferred,L286=184.030/14.423 L522=84.402/13.737 L523=64.858/31.680 L525=50.219/25.239 L526=1.397/0.508
composite,963,7005,1,23,23,260,260,0,0,inferred,inferred,L23=176.988/14.988 L259=84.614/12.608 L260=76.269/18.112 L262=50.302/28.878 L263=1.391/0.497
composite,963,7005,2,286,286,523,523,0,0,inferred,inferred,L286=187.755/14.493 L522=88.225/16.132 L523=51.602/29.736 L525=44.859/23.261 L526=1.370/0.514
composite,964,7006,1,23,23,260,260,0,0,inferred,inferred,L23=183.878/14.720 L259=86.881/13.766 L260=83.184/22.366 L262=49.014/28.453 L263=1.394/0.492
composite,964,7006,2,286,286,523,523,0,0,inferred,inferred,L286=181.553/13.880 L522=86.364/15.612 L523=67.037/33.269 L525=50.561/24.924 L526=1.367/0.546
composite,965,7007,1,23,23,260,260,0,0,inferred,inferred,L23=179.094/14.554 L259=87.945/13.690 L260=82.495/14.094 L262=51.591/29.735 L263=1.392/0.491
composite,965,7007,2,286,286,523,523,0,0,inferred,inferred,L286=188.428/14.223 L522=89.255/16.791 L523=69.473/36.936 L525=50.248/25.073 L526=1.392/0.507
composite,966,7008,1,23,23,260,260,0,0,inferred,inferred,L23=187.423/14.013 L259=89.225/16.125 L260=84.209/17.605 L262=50.291/29.040 L263=1.373/0.493
composite,966,7008,2,286,286,523,522,0,-1,inferred,inferred,L286=187.080/13.608 L521=85.786/14.778 L522=89.041/16.333 L525=51.977/26.224 L526=1.389/0.519
composite,967,7009,1,23,23,260,261,0,1,inferred,inferred,L23=185.166/14.486 L260=82.689/20.498 L261=51.141/29.604 L262=47.284/27.982 L263=1.391/0.494
composite,967,7009,2,286,286,522,523,0,1,inferred,inferred,L286=181.617/14.278 L522=90.125/15.863 L523=67.925/33.014 L525=49.208/25.320 L526=1.380/0.517
composite,968,7010,1,23,23,261,261,0,0,inferred,inferred,L23=183.722/14.499 L260=85.009/15.384 L261=59.052/33.321 L262=52.661/30.852 L263=1.383/0.489
composite,968,7010,2,286,286,523,523,0,0,inferred,inferred,L286=185.098/14.461 L522=88.870/17.093 L523=66.578/34.134 L525=54.503/28.243 L526=1.358/0.499
composite,969,7011,1,23,23,261,261,0,0,inferred,inferred,L23=188.781/14.676 L260=88.811/21.669 L261=82.812/47.523 L262=83.347/45.792 L263=1.383/0.496
composite,969,7011,2,286,286,523,523,0,0,inferred,inferred,L286=194.555/15.152 L522=90.025/15.000 L523=68.623/35.937 L525=53.766/27.161 L526=1.359/0.511
composite,970,7012,1,23,23,261,261,0,0,inferred,inferred,L23=188.448/15.070 L260=87.478/18.272 L261=69.180/34.027 L262=56.377/32.791 L263=1.384/0.499
composite,970,7012,2,286,286,523,522,0,-1,inferred,inferred,L286=186.506/15.104 L521=89.653/15.356 L522=89.075/18.459 L525=56.663/29.219 L526=1.384/0.532
composite,971,7013,1,23,23,261,261,0,0,inferred,inferred,L23=188.766/16.223 L260=90.070/16.548 L261=72.936/38.044 L262=67.023/38.138 L263=1.387/0.497
composite,971,7013,2,286,286,522,523,0,1,inferred,inferred,L286=192.786/15.374 L522=93.787/21.217 L523=68.456/36.305 L525=55.078/29.515 L526=1.397/0.508
composite,972,7014,1,23,23,261,261,0,0,inferred,inferred,L23=186.306/15.956 L260=91.492/19.335 L261=69.252/40.252 L262=64.933/37.182 L263=1.356/0.498
composite,972,7014,2,286,286,523,523,0,0,inferred,inferred,L286=193.678/15.630 L522=88.652/14.640 L523=73.569/35.881 L525=56.309/30.464 L526=1.395/0.520
composite,973,7015,1,23,23,261,261,0,0,inferred,inferred,L23=183.875/16.292 L260=90.270/17.682 L261=72.934/42.508 L262=69.797/40.314 L263=1.373/0.487
composite,973,7015,2,286,286,523,523,0,0,inferred,inferred,L286=182.797/15.453 L522=90.461/16.524 L523=72.216/36.880 L525=53.428/27.334 L526=1.370/0.517
composite,974,7016,1,23,23,261,261,0,0,inferred,inferred,L23=184.097/15.688 L260=93.175/20.631 L261=66.398/38.598 L262=62.486/35.390 L263=1.403/0.509
composite,974,7016,2,286,286,523,523,0,0,inferred,inferred,L286=191.934/14.438 L522=92.622/19.913 L523=63.777/38.088 L525=50.155/26.674 L526=1.378/0.516
composite,975,7017,1,23,23,261,261,0,0,inferred,inferred,L23=186.383/14.597 L260=87.438/20.510 L261=69.195/39.511 L262=64.775/37.379 L263=1.364/0.500
composite,975,7017,2,286,286,523,523,0,0,inferred,inferred,L286=191.739/14.294 L522=87.878/18.771 L523=73.581/38.533 L525=57.500/29.891 L526=1.403/0.536
composite,976,7018,1,23,23,261,261,0,0,inferred,inferred,L23=190.611/14.810 L260=89.491/22.955 L261=76.555/45.327 L262=75.633/43.682 L263=1.381/0.489
composite,976,7018,2,286,286,523,522,0,-1,inferred,inferred,L286=192.772/13.895 L521=86.883/15.663 L522=85.044/20.517 L525=56.888/28.552 L526=1.380/0.517
composite,977,7019,1,23,23,261,261,0,0,inferred,inferred,L23=180.655/15.241 L260=83.781/18.746 L261=57.817/32.388 L262=51.473/29.334 L263=1.384/0.490
composite,977,7019,2,286,286,522,522,0,0,inferred,inferred,L286=182.791/14.712 L521=87.772/15.450 L522=86.978/20.506 L525=56.366/28.213 L526=1.386/0.518
composite,978,7020,1,23,23,261,261,0,0,inferred,inferred,L23=179.423/15.171 L260=84.119/19.228 L261=57.314/31.463 L262=52.959/29.612 L263=1.372/0.490
composite,978,7020,2,286,286,522,522,0,0,inferred,inferred,L286=185.511/14.164 L521=88.595/14.838 L522=85.338/19.737 L525=54.842/27.066 L526=1.372/0.515
composite,979,7021,1,23,23,261,261,0,0,inferred,inferred,L23=186.700/15.127 L260=84.942/17.461 L261=57.866/32.730 L262=54.119/30.350 L263=1.369/0.489
composite,979,7021,2,286,286,522,523,0,1,inferred,inferred,L286=189.980/15.110 L522=88.784/16.047 L523=72.681/36.697 L525=58.539/29.164 L526=1.372/0.515
composite,980,7022,1,23,23,261,261,0,0,inferred,inferred,L23=189.328/15.618 L260=86.666/18.704 L261=61.714/34.985 L262=58.275/32.573 L263=1.375/0.515
composite,980,7022,2,286,286,523,522,0,-1,inferred,inferred,L286=189.400/14.670 L521=90.147/14.134 L522=88.508/17.201 L525=61.003/30.413 L526=1.398/0.535
composite,981,7023,1,23,23,261,260,0,-1,inferred,inferred,L23=188.078/15.180 L259=89.881/14.595 L260=82.789/26.636 L262=54.045/30.702 L263=1.378/0.494
composite,981,7023,2,286,286,522,523,0,1,inferred,inferred,L286=189.175/15.594 L522=86.866/16.204 L523=69.489/34.442 L525=59.483/29.541 L526=1.380/0.504
composite,982,7024,1,23,23,260,260,0,0,inferred,inferred,L23=187.927/15.456 L259=90.570/13.856 L260=84.598/28.264 L262=52.131/30.164 L263=1.389/0.491
composite,982,7024,2,286,286,523,523,0,0,inferred,inferred,L286=185.330/15.457 L522=94.159/19.250 L523=69.595/34.682 L525=55.969/26.738 L526=1.367/0.513
composite,983,7025,1,23,23,260,260,0,0,inferred,inferred,L23=183.203/16.077 L259=89.975/13.250 L260=79.980/16.207 L262=49.564/28.536 L263=1.384/0.508
composite,983,7025,2,286,286,523,523,0,0,inferred,inferred,L286=183.019/15.568 L522=92.062/14.537 L523=54.584/30.319 L525=49.703/25.211 L526=1.366/0.504
composite,984,7026,1,23,23,260,260,0,0,inferred,inferred,L23=185.339/16.107 L259=93.036/14.437 L260=79.828/18.118 L262=52.719/29.349 L263=1.367/0.488
composite,984,7026,2,286,286,523,523,0,0,inferred,inferred,L286=183.355/15.909 L522=93.750/15.135 L523=57.602/30.495 L525=52.059/25.781 L526=1.375/0.515
composite,985,7027,1,23,23,260,260,0,0,inferred,inferred,L23=183.262/16.688 L259=92.388/14.887 L260=80.852/19.975 L262=52.822/29.929 L263=1.375/0.494
composite,985,7027,2,286,286,523,523,0,0,inferred,inferred,L286=184.869/16.857 L522=93.817/15.389 L523=71.497/35.631 L525=58.553/28.288 L526=1.380/0.504
composite,986,7028,1,23,23,260,260,0,0,inferred,inferred,L23=191.044/16.695 L259=90.789/14.041 L260=83.394/14.228 L262=50.775/28.894 L263=1.398/0.502
composite,986,7028,2,286,286,523,523,0,0,inferred,inferred,L286=181.344/17.395 L522=91.689/19.408 L523=72.406/39.940 L525=51.788/25.403 L526=1.373/0.503
composite,987,7029,1,23,23,260,260,0,0,inferred,inferred,L23=190.641/16.997 L259=89.800/13.194 L260=83.030/15.435 L262=51.705/29.279 L263=1.380/0.498
composite,987,7029,2,286,286,523,523,0,0,inferred,inferred,L286=183.303/17.335 L522=94.573/17.923 L523=69.597/34.542 L525=53.883/26.715 L526=1.367/0.513
composite,988,7030,1,23,23,260,260,0,0,inferred,inferred,L23=193.275/16.720 L259=92.095/14.549 L260=84.122/14.469 L262=52.102/29.238 L263=1.381/0.492
composite,988,7030,2,286,286,523,522,0,-1,inferred,inferred,L286=188.658/16.699 L521=89.194/13.893 L522=90.961/20.938 L525=52.447/26.153 L526=1.381/0.517
composite,989,7031,1,23,23,260,261,0,1,inferred,inferred,L23=187.247/17.464 L260=84.109/18.334 L261=56.931/31.349 L262=52.128/29.662 L263=1.402/0.503
composite,989,7031,2,286,286,522,523,0,1,inferred,inferred,L286=191.658/17.239 L522=93.367/17.148 L523=66.084/35.082 L525=51.897/26.159 L526=1.370/0.529
composite,990,7032,1,23,23,261,261,0,0,inferred,inferred,L23=192.795/16.672 L260=83.591/14.570 L261=61.870/33.956 L262=55.373/31.369 L263=1.370/0.492
composite,990,7032,2,286,286,523,522,0,-1,inferred,inferred,L286=191.630/16.934 L521=90.050/15.090 L522=92.008/15.245 L525=49.336/25.036 L526=1.387/0.518
composite,991,7033,1,23,23,261,261,0,0,inferred,inferred,L23=193.692/17.181 L260=83.167/17.046 L261=59.556/33.028 L262=55.220/31.153 L263=1.387/0.490
composite,991,7033,2,286,286,522,522,0,0,inferred,inferred,L286=190.253/16.624 L521=88.466/14.768 L522=92.411/14.628 L525=47.758/24.818 L526=1.392/0.519
composite,992,7034,1,23,23,261,261,0,0,inferred,inferred,L23=191.709/17.038 L260=83.858/15.806 L261=61.361/34.167 L262=53.516/31.024 L263=1.370/0.492
composite,992,7034,2,286,286,522,522,0,0,inferred,inferred,L286=189.084/17.315 L521=88.541/14.221 L522=91.606/15.406 L525=54.391/27.875 L526=1.380/0.517
composite,993,7035,1,23,23,261,261,0,0,inferred,inferred,L23=189.553/16.996 L260=86.439/16.214 L261=61.280/34.284 L262=57.372/33.008 L263=1.398/0.496
composite,993,7035,2,286,286,522,523,0,1,inferred,inferred,L286=184.841/16.638 L522=93.872/20.304 L523=63.405/36.784 L525=52.427/27.373 L526=1.381/0.505
composite,994,7036,1,23,23,261,261,0,0,inferred,inferred,L23=191.645/16.355 L260=84.291/18.714 L261=61.498/34.758 L262=57.709/33.693 L263=1.377/0.488
composite,994,7036,2,286,286,523,523,0,0,inferred,inferred,L286=190.578/16.464 L522=93.706/22.666 L523=69.077/35.302 L525=55.808/28.564 L526=1.392/0.507
composite,995,7037,1,23,23,261,261,0,0,inferred,inferred,L23=185.666/16.564 L260=82.348/16.920 L261=60.302/33.728 L262=56.336/32.602 L263=1.384/0.490
composite,995,7037,2,286,286,523,523,0,0,inferred,inferred,L286=178.497/16.413 L522=93.689/17.827 L523=61.416/34.286 L525=49.933/26.012 L526=1.372/0.530
composite,996,7038,1,23,23,261,261,0,0,inferred,inferred,L23=186.814/16.100 L260=84.459/17.241 L261=54.263/30.799 L262=50.419/29.595 L263=1.380/0.492
composite,996,7038,2,286,286,523,522,0,-1,inferred,inferred,L286=186.105/15.029 L521=88.933/15.644 L522=87.836/16.779 L525=55.667/28.210 L526=1.384/0.505
composite,997,7039,1,23,23,261,261,0,0,inferred,inferred,L23=187.137/15.707 L260=89.789/22.212 L261=53.633/29.833 L262=49.964/28.025 L263=1.380/0.492
composite,997,7039,2,286,286,522,522,0,0,inferred,inferred,L286=182.778/14.956 L521=85.980/14.994 L522=88.347/18.532 L525=52.527/26.534 L526=1.367/0.513
composite,998,7040,1,23,23,261,261,0,0,inferred,inferred,L23=186.906/15.055 L260=82.492/14.831 L261=48.142/27.279 L262=45.481/26.081 L263=1.389/0.494
composite,998,7040,2,286,286,522,523,0,1,inferred,inferred,L286=183.316/14.537 L522=87.302/15.540 L523=64.562/31.069 L525=59.489/29.560 L526=1.367/0.501
composite,999,7041,1,23,23,261,260,0,-1,inferred,inferred,L23=179.517/15.458 L259=90.986/14.820 L260=84.991/19.350 L262=50.461/28.577 L263=1.377/0.510
composite,999,7041,2,286,286,523,522,0,-1,inferred,inferred,L286=186.186/15.030 L521=87.870/15.216 L522=88.078/15.581 L525=56.225/28.094 L526=1.344/0.485
composite,1000,7042,1,23,23,260,260,0,0,inferred,inferred,L23=182.823/15.158 L259=86.148/13.718 L260=76.589/22.611 L262=50.337/28.648 L263=1.380/0.492
composite,1000,7042,2,286,286,522,522,0,0,inferred,inferred,L286=183.306/14.380 L521=86.873/15.582 L522=87.359/13.860 L525=59.358/30.381 L526=1.386/0.533
composite,1001,7043,1,23,23,260,260,0,0,inferred,inferred,L23=181.012/15.113 L259=87.048/12.588 L260=83.175/26.141 L262=48.405/27.822 L263=1.387/0.503
composite,1001,7043,2,286,286,522,522,0,0,inferred,inferred,L286=184.773/14.543 L521=81.752/12.784 L522=86.030/14.959 L525=52.436/26.803 L526=1.394/0.520
composite,1002,7044,1,23,23,260,260,0,0,inferred,inferred,L23=183.575/14.779 L259=88.570/15.538 L260=83.395/23.635 L262=51.614/29.754 L263=1.372/0.496
composite,1002,7044,2,286,286,522,523,0,1,inferred,inferred,L286=170.541/14.693 L522=87.108/17.547 L523=66.597/33.782 L525=56.038/28.200 L526=1.378/0.516
composite,1003,7045,1,23,23,260,260,0,0,inferred,inferred,L23=182.844/14.163 L259=87.295/17.150 L260=78.456/19.646 L262=50.486/29.008 L263=1.384/0.505
composite,1003,7045,2,286,286,523,522,0,-1,inferred,inferred,L286=174.355/13.240 L521=83.495/16.549 L522=85.445/19.179 L525=51.441/25.504 L526=1.372/0.502
composite,1004,7046,1,23,23,260,261,0,1,inferred,inferred,L23=182.459/13.526 L260=76.202/18.849 L261=55.436/31.392 L262=51.083/29.023 L263=1.373/0.503
composite,1004,7046,2,286,286,522,523,0,1,inferred,inferred,L286=177.564/13.925 L522=84.330/17.614 L523=62.227/30.808 L525=51.023/25.639 L526=1.383/0.517
composite,1005,7047,1,23,23,261,261,0,0,inferred,inferred,L23=179.027/14.295 L260=80.859/23.119 L261=53.677/30.234 L262=48.998/28.064 L263=1.386/0.496
composite,1005,7047,2,286,286,523,523,0,0,inferred,inferred,L286=177.637/13.649 L522=85.492/17.631 L523=61.681/32.892 L525=53.562/27.026 L526=1.373/0.515
composite,1006,7048,1,23,23,261,260,0,-1,inferred,inferred,L23=180.745/14.016 L259=88.028/15.324 L260=79.697/20.484 L262=50.852/29.523 L263=1.367/0.492
composite,1006,7048,2,286,286,523,523,0,0,inferred,inferred,L286=183.952/14.024 L522=84.741/17.135 L523=69.798/34.849 L525=55.195/27.222 L526=1.397/0.535
composite,1007,7049,1,23,23,260,260,0,0,inferred,inferred,L23=182.908/14.571 L259=84.194/14.066 L260=79.455/24.566 L262=52.227/29.416 L263=1.391/0.497
composite,1007,7049,2,286,286,523,523,0,0,inferred,inferred,L286=186.666/14.102 L522=87.508/15.560 L523=66.653/31.993 L525=56.595/27.708 L526=1.377/0.504
composite,1008,7050,1,23,23,260,260,0,0,inferred,inferred,L23=188.139/14.855 L259=86.489/14.101 L260=87.948/24.056 L262=53.128/29.824 L263=1.372/0.487
composite,1008,7050,2,286,286,523,523,0,0,inferred,inferred,L286=185.770/14.349 L522=87.053/14.804 L523=55.503/30.399 L525=54.280/26.321 L526=1.397/0.520
composite,1009,7051,1,23,23,260,261,0,1,inferred,inferred,L23=184.848/15.451 L260=86.250/18.963 L261=56.236/31.166 L262=51.792/29.101 L263=1.369/0.517
composite,1009,7051,2,286,286,523,523,0,0,inferred,inferred,L286=178.331/15.773 L522=85.592/15.134 L523=67.423/38.465 L525=59.680/28.860 L526=1.394/0.520
composite,1010,7052,1,23,23,261,261,0,0,inferred,inferred,L23=184.188/15.347 L260=78.120/20.036 L261=54.591/30.121 L262=53.566/29.729 L263=1.395/0.498
composite,1010,7052,2,286,286,523,522,0,-1,inferred,inferred,L286=188.972/14.990 L521=88.934/15.839 L522=84.841/15.834 L525=67.511/32.681 L526=1.364/0.500
composite,1011,7053,1,23,23,261,261,0,0,inferred,inferred,L23=191.064/15.028 L260=81.314/17.671 L261=55.769/31.049 L262=52.800/29.522 L263=1.380/0.495
composite,1011,7053,2,286,286,522,523,0,1,inferred,inferred,L286=187.958/14.534 L522=86.795/15.492 L523=66.677/36.532 L525=57.381/27.944 L526=1.400/0.521
composite,1012,7054,1,23,23,261,260,0,-1,inferred,inferred,L23=188.531/14.979 L259=89.888/17.047 L260=74.973/24.241 L262=48.792/26.618 L263=1.380/0.492
composite,1012,7054,2,286,286,523,523,0,0,inferred,inferred,L286=185.383/14.478 L522=87.567/14.437 L523=64.208/35.300 L525=55.141/27.394 L526=1.378/0.504
composite,1013,7055,1,23,23,260,260,0,0,inferred,inferred,L23=179.875/15.636 L259=89.511/12.758 L260=73.642/23.659 L262=45.695/25.748 L263=1.386/0.496
composite,1013,7055,2,286,286,523,523,0,0,inferred,inferred,L286=190.858/13.804 L522=91.233/17.716 L523=51.306/30.258 L525=48.356/24.328 L526=1.375/0.530
composite,1014,7056,1,23,23,260,261,0,1,inferred,inferred,L23=192.159/14.392 L260=74.923/18.607 L261=53.973/29.493 L262=47.630/26.907 L263=1.384/0.490
composite,1014,7056,2,286,286,523,522,0,-1,inferred,inferred,L286=188.286/14.176 L521=84.542/13.981 L522=89.739/19.923 L525=47.331/23.018 L526=1.383/0.505
composite,1015,7057,1,23,23,261,260,0,-1,inferred,inferred,L23=186.494/14.648 L259=87.023/15.902 L260=77.281/20.478 L262=49.087/27.378 L263=1.398/0.493
composite,1015,7057,2,286,286,522,523,0,1,inferred,inferred,L286=187.741/14.114 L522=87.473/20.035 L523=66.030/33.252 L525=52.170/24.938 L526=1.375/0.515
composite,1016,7058,1,23,23,260,260,0,0,inferred,inferred,L23=188.128/14.411 L259=89.589/15.764 L260=79.611/26.746 L262=48.480/26.835 L263=1.386/0.496
composite,1016,7058,2,286,286,523,523,0,0,inferred,inferred,L286=186.331/14.036 L522=88.253/19.406 L523=68.102/34.033 L525=51.638/25.065 L526=1.373/0.530
composite,1017,7059,1,23,23,260,260,0,0,inferred,inferred,L23=176.528/14.741 L259=88.555/16.749 L260=78.164/27.820 L262=44.358/25.496 L263=1.395/0.492
composite,1017,7059,2,286,286,523,523,0,0,inferred,inferred,L286=188.673/14.226 L522=90.342/18.388 L523=53.734/31.316 L525=48.280/23.461 L526=1.367/0.528
composite,1018,7060,1,23,23,260,260,0,0,inferred,inferred,L23=188.980/14.093 L259=89.975/15.669 L260=75.509/22.597 L262=44.941/25.675 L263=1.373/0.490
composite,1018,7060,2,286,286,523,522,0,-1,inferred,inferred,L286=183.819/13.728 L521=88.177/15.759 L522=90.259/21.129 L525=50.352/23.588 L526=1.373/0.530
composite,1019,7061,1,23,23,260,260,0,0,inferred,inferred,L23=181.334/14.235 L259=89.948/16.721 L260=77.003/24.933 L262=46.908/26.031 L263=1.394/0.492
composite,1019,7061,2,286,286,522,523,0,1,inferred,inferred,L286=189.092/13.767 L522=89.102/17.048 L523=56.638/31.411 L525=54.587/25.654 L526=1.383/0.520
composite,1020,7062,1,23,23,260,261,0,1,inferred,inferred,L23=184.397/13.780 L260=82.533/22.414 L261=56.570/31.263 L262=49.747/27.719 L263=1.387/0.494
composite,1020,7062,2,286,286,523,523,0,0,inferred,inferred,L286=189.358/13.411 L522=85.045/17.492 L523=62.794/31.063 L525=53.895/26.017 L526=1.378/0.531
composite,1021,7063,1,23,23,261,260,0,-1,inferred,inferred,L23=180.223/13.715 L259=88.763/17.298 L260=83.681/24.063 L262=52.520/29.644 L263=1.366/0.504
composite,1021,7063,2,286,286,523,522,0,-1,inferred,inferred,L286=188.639/13.663 L521=87.614/16.358 L522=88.328/18.203 L525=47.336/23.231 L526=1.384/0.518
composite,1022,7064,1,23,23,260,261,0,1,inferred,inferred,L23=190.327/13.163 L260=84.056/16.882 L261=47.197/27.113 L262=40.555/23.906 L263=1.383/0.508
composite,1022,7064,2,286,286,522,523,0,1,inferred,inferred,L286=185.734/14.327 L522=90.833/16.999 L523=63.336/35.073 L525=50.267/25.101 L526=1.383/0.517
composite,1023,7065,1,23,23,261,261,0,0,inferred,inferred,L23=187.142/14.267 L260=89.064/19.820 L261=78.612/43.328 L262=74.216/41.046 L263=1.380/0.501
composite,1023,7065,2,286,286,523,523,0,0,inferred,inferred,L286=193.414/14.078 L522=89.312/14.123 L523=71.455/34.678 L525=51.938/26.310 L526=1.372/0.530
composite,1024,7066,1,23,23,261,261,0,0,inferred,inferred,L23=192.711/14.473 L260=90.336/15.200 L261=67.059/37.384 L262=59.288/33.368 L263=1.370/0.492
composite,1024,7066,2,286,286,523,523,0,0,inferred,inferred,L286=182.670/16.200 L522=93.773/14.887 L523=67.964/35.958 L525=55.445/28.510 L526=1.377/0.504
composite,1025,7067,1,23,23,261,261,0,0,inferred,inferred,L23=193.192/16.127 L260=89.672/15.930 L261=81.059/45.235 L262=78.558/44.596 L263=1.372/0.496
composite,1025,7067,2,286,286,523,523,0,0,inferred,inferred,L286=198.539/15.534 L522=94.430/16.214 L523=76.594/36.772 L525=61.417/31.131 L526=1.397/0.523
composite,1026,7068,1,23,23,261,261,0,0,inferred,inferred,L23=192.220/16.142 L260=90.503/23.332 L261=86.963/47.089 L262=81.194/44.834 L263=1.377/0.491
composite,1026,7068,2,286,286,523,523,0,0,inferred,inferred,L286=195.797/16.179 L522=94.263/15.872 L523=64.966/37.924 L525=52.916/27.371 L526=1.384/0.505
composite,1027,7069,1,23,23,261,260,0,-1,inferred,inferred,L23=192.842/16.307 L259=90.884/15.391 L260=91.688/20.184 L262=63.975/36.190 L263=1.389/0.494
composite,1027,7069,2,286,286,523,523,0,0,inferred,inferred,L286=200.722/15.260 L522=94.219/19.505 L523=74.191/35.524 L525=58.419/29.615 L526=1.391/0.519
composite,1028,7070,1,23,23,260,261,0,1,inferred,inferred,L23=192.109/16.241 L260=92.411/23.504 L261=75.792/44.380 L262=67.914/39.043 L263=1.373/0.487
composite,1028,7070,2,286,286,523,522,0,-1,inferred,inferred,L286=194.659/16.023 L521=93.306/15.203 L522=91.806/16.556 L525=58.856/29.906 L526=1.377/0.504
composite,1029,7071,1,23,23,261,260,0,-1,inferred,inferred,L23=190.872/16.556 L259=93.698/15.175 L260=85.541/22.668 L262=56.803/33.003 L263=1.369/0.498
composite,1029,7071,2,286,286,522,523,0,1,inferred,inferred,L286=197.875/15.926 L522=92.756/16.895 L523=74.852/36.035 L525=55.888/30.977 L526=1.384/0.518
composite,1030,7072,1,23,23,260,260,0,0,inferred,inferred,L23=195.711/15.616 L259=94.402/17.306 L260=84.252/17.048 L262=55.370/31.819 L263=1.373/0.490
composite,1030,7072,2,286,286,523,522,0,-1,inferred,inferred,L286=188.062/16.572 L521=93.480/16.544 L522=93.436/17.244 L525=61.056/30.944 L526=1.361/0.499
composite,1031,7073,1,23,23,260,260,0,0,inferred,inferred,L23=194.592/15.772 L259=92.697/16.257 L260=82.705/17.382 L262=49.792/28.776 L263=1.392/0.501
composite,1031,7073,2,286,286,522,523,0,1,inferred,inferred,L286=194.959/16.429 L522=92.411/16.294 L523=57.002/32.208 L525=55.064/27.920 L526=1.367/0.492
composite,1032,7074,1,23,23,260,260,0,0,inferred,inferred,L23=193.183/16.175 L259=90.959/15.944 L260=81.684/20.629 L262=54.823/31.126 L263=1.389/0.497
composite,1032,7074,2,286,286,523,523,0,0,inferred,inferred,L286=191.695/16.435 L522=93.677/16.419 L523=61.737/32.368 L525=55.305/28.125 L526=1.381/0.505
composite,1033,7075,1,23,23,260,261,0,1,inferred,inferred,L23=192.197/16.258 L260=81.244/17.969 L261=60.814/33.391 L262=55.445/31.646 L263=1.383/0.492
composite,1033,7075,2,286,286,523,523,0,0,inferred,inferred,L286=195.194/16.237 L522=94.700/17.239 L523=63.309/35.051 L525=61.513/33.877 L526=1.378/0.516
composite,1034,7076,1,23,23,261,260,0,-1,inferred,inferred,L23=196.100/16.542 L259=94.184/16.844 L260=76.073/27.848 L262=53.402/30.856 L263=1.400/0.496
composite,1034,7076,2,286,286,523,522,0,-1,inferred,inferred,L286=194.894/16.769 L521=92.072/16.008 L522=95.408/17.373 L525=60.212/30.570 L526=1.389/0.506
composite,1035,7077,1,23,23,260,260,0,0,inferred,inferred,L23=195.206/16.650 L259=93.541/15.922 L260=80.266/27.472 L262=54.886/31.181 L263=1.392/0.491
composite,1035,7077,2,286,286,522,523,0,1,inferred,inferred,L286=196.139/16.542 L522=91.514/16.166 L523=75.044/37.896 L525=57.014/28.418 L526=1.380/0.504
composite,1036,7078,1,23,23,260,260,0,0,inferred,inferred,L23=192.672/16.703 L259=90.266/15.848 L260=82.370/18.815 L262=52.066/30.341 L263=1.392/0.491
composite,1036,7078,2,286,286,523,523,0,0,inferred,inferred,L286=176.941/17.293 L522=90.586/15.936 L523=73.812/38.146 L525=55.127/28.045 L526=1.384/0.496
composite,1037,7079,1,23,23,260,260,0,0,inferred,inferred,L23=189.162/16.655 L259=89.505/14.924 L260=80.225/16.744 L262=51.862/30.132 L263=1.398/0.499
composite,1037,7079,2,286,286,523,523,0,0,inferred,inferred,L286=190.066/16.178 L522=89.741/14.947 L523=73.827/40.076 L525=55.167/27.668 L526=1.391/0.519
composite,1038,7080,1,23,23,260,260,0,0,inferred,inferred,L23=191.575/15.992 L259=91.022/15.232 L260=82.680/16.004 L262=45.589/27.281 L263=1.384/0.499
composite,1038,7080,2,286,286,523,523,0,0,inferred,inferred,L286=194.123/15.551 L522=92.572/18.421 L523=58.444/32.445 L525=51.156/25.439 L526=1.397/0.508
composite,1039,7081,1,23,23,260,260,0,0,inferred,inferred,L23=190.417/15.984 L259=88.523/14.666 L260=78.914/21.176 L262=41.225/24.618 L263=1.356/0.485
composite,1039,7081,2,286,286,523,523,0,0,inferred,inferred,L286=190.762/15.689 L522=91.520/15.044 L523=64.122/34.992 L525=53.700/26.581 L526=1.363/0.527
composite,1040,7082,1,23,23,260,260,0,0,inferred,inferred,L23=192.955/15.440 L259=88.370/14.762 L260=81.202/24.463 L262=50.419/28.591 L263=1.381/0.505
composite,1040,7082,2,286,286,523,523,0,0,inferred,inferred,L286=177.094/16.791 L522=88.736/13.460 L523=67.069/33.335 L525=51.659/25.483 L526=1.372/0.502
composite,1041,7083,1,23,23,260,260,0,0,inferred,inferred,L23=186.808/15.880 L259=88.902/14.733 L260=81.395/21.740 L262=51.920/29.579 L263=1.372/0.512
composite,1041,7083,2,286,286,523,523,0,0,inferred,inferred,L286=190.439/15.810 L522=91.523/16.156 L523=54.205/32.711 L525=49.211/25.024 L526=1.372/0.530
composite,1042,7084,1,23,23,260,260,0,0,inferred,inferred,L23=189.127/16.091 L259=90.748/15.652 L260=83.559/23.745 L262=45.739/27.181 L263=1.394/0.507
composite,1042,7084,2,286,286,523,523,0,0,inferred,inferred,L286=190.716/15.722 L522=90.453/15.461 L523=69.425/33.595 L525=56.520/28.272 L526=1.369/0.514
composite,1043,7085,1,23,23,260,261,0,1,inferred,inferred,L23=187.156/17.029 L260=82.289/23.182 L261=59.055/32.078 L262=52.770/30.149 L263=1.389/0.491
composite,1043,7085,2,286,286,523,522,0,-1,inferred,inferred,L286=191.952/15.418 L521=88.109/14.902 L522=87.539/13.831 L525=54.259/26.390 L526=1.381/0.517
composite,1044,7086,1,23,23,261,260,0,-1,inferred,inferred,L23=186.403/15.698 L259=87.966/14.557 L260=79.244/23.590 L262=45.886/26.604 L263=1.378/0.491
composite,1044,7086,2,286,286,522,522,0,0,inferred,inferred,L286=188.225/14.674 L521=87.680/14.333 L522=90.109/17.968 L525=49.797/24.018 L526=1.373/0.515
composite,1045,7087,1,23,23,260,260,0,0,inferred,inferred,L23=186.992/15.117 L259=89.742/16.212 L260=78.923/18.595 L262=47.320/25.866 L263=1.378/0.498
composite,1045,7087,2,286,286,522,522,0,0,inferred,inferred,L286=187.103/14.069 L521=88.559/20.064 L522=86.547/18.909 L525=52.158/25.621 L526=1.403/0.509
composite,1046,7088,1,23,23,260,260,0,0,inferred,inferred,L23=179.728/14.470 L259=87.483/17.395 L260=79.841/21.904 L262=45.711/25.544 L263=1.373/0.490
composite,1046,7088,2,286,286,522,523,0,1,inferred,inferred,L286=183.966/14.175 L522=86.664/17.881 L523=63.283/29.862 L525=52.159/25.416 L526=1.394/0.507
composite,1047,7089,1,23,23,260,260,0,0,inferred,inferred,L23=184.422/14.508 L259=88.150/14.915 L260=84.995/21.541 L262=50.309/27.925 L263=1.364/0.491
composite,1047,7089,2,286,286,523,523,0,0,inferred,inferred,L286=186.122/14.607 L522=89.497/15.979 L523=66.598/32.702 L525=55.614/26.491 L526=1.367/0.513
composite,1048,7090,1,23,23,260,261,0,1,inferred,inferred,L23=188.598/14.897 L260=79.659/21.294 L261=59.073/31.640 L262=50.972/27.504 L263=1.391/0.501
composite,1048,7090,2,286,286,523,523,0,0,inferred,inferred,L286=182.975/14.424 L522=89.675/14.986 L523=57.766/35.052 L525=46.834/22.814 L526=1.384/0.518
composite,1049,7091,1,23,23,261,261,0,0,inferred,inferred,L23=182.748/14.604 L260=77.548/19.842 L261=56.277/30.235 L262=49.678/27.013 L263=1.394/0.498
composite,1049,7091,2,286,286,523,523,0,0,inferred,inferred,L286=186.084/14.457 L522=87.203/14.702 L523=71.323/37.088 L525=51.436/24.873 L526=1.366/0.501
composite,1050,7092,1,23,23,261,261,0,0,inferred,inferred,L23=180.195/14.892 L260=84.041/18.507 L261=55.067/29.403 L262=48.913/26.683 L263=1.381/0.489
composite,1050,7092,2,286,286,523,523,0,0,inferred,inferred,L286=171.089/15.030 L522=87.927/14.117 L523=68.908/33.533 L525=53.325/25.948 L526=1.389/0.506
composite,1051,7093,1,23,23,261,260,0,-1,inferred,inferred,L23=179.637/15.156 L259=86.666/13.802 L260=79.834/17.538 L262=49.414/26.473 L263=1.394/0.492
composite,1051,7093,2,286,286,523,523,0,0,inferred,inferred,L286=186.366/14.262 L522=85.711/14.349 L523=74.178/38.367 L525=52.798/25.221 L526=1.386/0.518
composite,1052,7094,1,23,23,260,260,0,0,inferred,inferred,L23=184.961/14.211 L259=89.287/13.480 L260=83.064/22.888 L262=49.933/28.175 L263=1.391/0.501
composite,1052,7094,2,286,286,523,523,0,0,inferred,inferred,L286=185.927/13.819 L522=87.391/12.975 L523=72.755/35.952 L525=56.970/27.776 L526=1.391/0.519
composite,1053,7095,1,23,23,260,260,0,0,inferred,inferred,L23=182.231/14.043 L259=89.128/13.598 L260=76.639/24.111 L262=48.403/26.798 L263=1.387/0.500
composite,1053,7095,2,286,286,523,522,0,-1,inferred,inferred,L286=186.137/12.889 L521=87.266/15.462 L522=86.919/15.922 L525=49.275/25.443 L526=1.380/0.517
composite,1054,7096,1,23,23,260,260,0,0,inferred,inferred,L23=179.262/13.189 L259=87.647/13.588 L260=75.763/19.821 L262=52.061/28.870 L263=1.383/0.496
composite,1054,7096,2,286,286,522,523,0,1,inferred,inferred,L286=179.041/12.566 L522=87.434/15.288 L523=64.048/30.230 L525=50.861/25.402 L526=1.384/0.518
composite,1055,7097,1,23,23,260,260,0,0,inferred,inferred,L23=178.941/12.001 L259=87.006/14.676 L260=78.047/26.556 L262=46.684/26.137 L263=1.378/0.494
composite,1055,7097,2,286,286,523,523,0,0,inferred,inferred,L286=181.369/11.769 L522=89.877/17.662 L523=68.352/32.554 L525=52.527/25.536 L526=1.377/0.504
composite,1056,7098,1,23,23,260,261,0,1,inferred,inferred,L23=183.648/11.241 L260=87.281/25.378 L261=61.066/32.977 L262=53.708/30.109 L263=1.367/0.495
composite,1056,7098,2,286,286,523,522,0,-1,inferred,inferred,L286=172.239/10.826 L521=89.534/14.429 L522=89.078/16.240 L525=49.952/25.901 L526=1.378/0.504
composite,1057,7099,1,23,23,261,261,0,0,inferred,inferred,L23=181.711/11.043 L260=82.314/14.457 L261=60.355/32.488 L262=56.061/31.032 L263=1.403/0.494
composite,1057,7099,2,286,286,522,523,0,1,inferred,inferred,L286=172.427/11.129 L522=93.578/16.822 L523=75.148/35.685 L525=58.103/29.046 L526=1.402/0.521
composite,1058,7100,1,23,23,261,260,0,-1,inferred,inferred,L23=179.423/11.221 L259=91.477/14.639 L260=84.091/15.884 L262=56.483/30.914 L263=1.359/0.486
composite,1058,7100,2,286,286,523,523,0,0,inferred,inferred,L286=182.003/10.628 L522=88.695/13.947 L523=71.181/33.239 L525=56.794/27.780 L526=1.386/0.518
composite,1059,7101,1,23,23,260,261,0,1,inferred,inferred,L23=179.947/10.773 L260=81.252/14.146 L261=58.214/31.517 L262=54.131/29.509 L263=1.370/0.492
composite,1059,7101,2,286,286,523,523,0,0,inferred,inferred,L286=176.938/10.404 L522=92.287/14.409 L523=71.081/35.770 L525=56.239/28.335 L526=1.383/0.532
composite,1060,7102,1,23,23,261,260,0,-1,inferred,inferred,L23=182.363/11.106 L259=93.998/14.942 L260=87.014/16.107 L262=52.586/29.529 L263=1.363/0.487
composite,1060,7102,2,286,286,523,522,0,-1,inferred,inferred,L286=184.491/10.549 L521=94.314/13.711 L522=94.617/14.861 L525=56.766/28.545 L526=1.392/0.534
composite,1061,7103,1,23,23,260,261,0,1,inferred,inferred,L23=178.870/10.693 L260=87.180/15.208 L261=61.425/33.775 L262=58.064/32.518 L263=1.378/0.504
composite,1061,7103,2,286,286,522,523,0,1,inferred,inferred,L286=186.409/10.424 L522=101.272/14.101 L523=60.323/33.325 L525=51.684/26.135 L526=1.383/0.505
composite,1062,7104,1,23,23,261,261,0,0,inferred,inferred,L23=182.439/10.936 L260=90.955/29.232 L261=58.820/31.344 L262=53.066/29.393 L263=1.400/0.509
composite,1062,7104,2,286,286,523,523,0,0,inferred,inferred,L286=184.336/10.055 L522=105.030/15.994 L523=78.048/37.009 L525=58.780/28.549 L526=1.359/0.526
composite,1063,7105,1,23,23,261,261,0,0,inferred,inferred,L23=176.812/11.244 L260=96.175/20.131 L261=66.683/35.042 L262=58.736/31.491 L263=1.378/0.488
composite,1063,7105,2,286,286,523,523,0,0,inferred,inferred,L286=180.569/10.639 L522=106.477/15.789 L523=79.083/38.008 L525=59.798/28.557 L526=1.383/0.505
composite,1064,7106,1,23,23,261,261,0,0,inferred,inferred,L23=180.269/10.110 L260=95.206/27.101 L261=66.806/35.413 L262=57.663/31.426 L263=1.395/0.495
composite,1064,7106,2,286,286,523,522,0,-1,inferred,inferred,L286=176.397/10.309 L521=106.331/10.265 L522=103.491/12.055 L525=60.509/28.862 L526=1.366/0.501
composite,1065,7107,1,23,23,261,260,0,-1,inferred,inferred,L23=176.270/10.283 L259=107.389/9.785 L260=93.373/18.782 L262=55.466/30.440 L263=1.370/0.489
composite,1065,7107,2,286,286,522,523,0,1,inferred,inferred,L286=179.952/10.439 L522=108.075/12.220 L523=77.136/37.232 L525=59.956/28.848 L526=1.367/0.501
composite,1066,7108,1,23,23,260,261,0,1,inferred,inferred,L23=179.806/10.402 L260=98.412/11.979 L261=69.422/36.313 L262=60.105/32.361 L263=1.369/0.489
composite,1066,7108,2,286,286,523,523,0,0,inferred,inferred,L286=179.027/9.912 L522=107.911/8.201 L523=81.414/37.246 L525=61.581/33.377 L526=1.408/0.522
composite,1067,7109,1,23,23,261,261,0,0,inferred,inferred,L23=177.034/11.416 L260=98.514/9.746 L261=71.341/36.507 L262=64.078/33.366 L263=1.387/0.500
composite,1067,7109,2,286,286,523,523,0,0,inferred,inferred,L286=167.739/10.482 L522=108.097/9.811 L523=80.227/37.503 L525=59.784/27.436 L526=1.387/0.518
composite,1068,7110,1,23,23,261,260,0,-1,inferred,inferred,L23=177.848/10.801 L259=110.967/9.514 L260=98.422/12.177 L262=57.131/29.779 L263=1.384/0.493
composite,1068,7110,2,286,286,523,523,0,0,inferred,inferred,L286=169.627/10.904 L522=109.355/11.799 L523=72.630/37.232 L525=58.853/26.643 L526=1.378/0.516
composite,1069,7111,1,23,23,260,261,0,1,inferred,inferred,L23=176.477/10.411 L260=100.158/11.771 L261=69.148/34.702 L262=63.794/32.615 L263=1.381/0.495
composite,1069,7111,2,286,286,523,522,0,-1,inferred,inferred,L286=177.997/10.472 L521=110.236/10.288 L522=110.808/10.610 L525=62.897/27.724 L526=1.373/0.503
composite,1070,7112,1,23,23,261,260,0,-1,inferred,inferred,L23=178.264/11.560 L259=113.811/9.808 L260=102.106/11.364 L262=64.075/32.635 L263=1.387/0.497
composite,1070,7112,2,286,286,522,522,0,0,inferred,inferred,L286=166.598/11.811 L521=115.872/11.436 L522=113.366/10.817 L525=65.933/28.830 L526=1.386/0.506
composite,1071,7113,1,23,23,260,261,0,1,inferred,inferred,L23=171.634/11.682 L260=102.567/15.618 L261=71.684/35.990 L262=58.684/30.138 L263=1.377/0.504
composite,1071,7113,2,286,286,522,522,0,0,inferred,inferred,L286=169.417/11.328 L521=114.083/11.514 L522=113.373/10.639 L525=64.850/28.847 L526=1.387/0.518
composite,1072,7114,1,23,23,261,261,0,0,inferred,inferred,L23=175.552/11.944 L260=99.670/17.520 L261=73.130/36.151 L262=64.864/33.151 L263=1.377/0.500
composite,1072,7114,2,286,286,522,523,0,1,inferred,inferred,L286=162.694/12.268 L522=111.305/12.145 L523=83.034/36.979 L525=65.519/29.158 L526=1.389/0.506
composite,1073,7115,1,23,23,261,261,0,0,inferred,inferred,L23=172.408/11.573 L260=103.645/11.320 L261=63.059/32.067 L262=59.092/30.641 L263=1.387/0.490
composite,1073,7115,2,286,286,523,523,0,0,inferred,inferred,L286=174.534/12.118 L522=110.811/11.368 L523=76.981/37.613 L525=62.592/28.102 L526=1.358/0.511
composite,1074,7116,1,23,23,261,261,0,0,inferred,inferred,L23=172.811/13.289 L260=101.156/15.258 L261=71.609/36.806 L262=62.656/32.618 L263=1.391/0.504
composite,1074,7116,2,286,286,523,523,0,0,inferred,inferred,L286=170.156/13.113 L522=109.695/10.622 L523=88.248/41.177 L525=67.098/31.097 L526=1.377/0.531
composite,1075,7117,1,23,23,261,261,0,0,inferred,inferred,L23=167.573/14.591 L260=101.059/12.274 L261=74.737/38.734 L262=67.386/34.910 L263=1.395/0.495
composite,1075,7117,2,286,286,523,523,0,0,inferred,inferred,L286=159.512/14.910 L522=110.284/10.175 L523=81.542/38.688 L525=62.856/29.933 L526=1.389/0.506
composite,1076,7118,1,23,23,261,261,0,0,inferred,inferred,L23=171.823/15.174 L260=108.167/17.816 L261=95.589/50.674 L262=91.728/48.877 L263=1.377/0.497
composite,1076,7118,2,286,286,523,523,0,0,inferred,inferred,L286=173.925/14.739 L522=110.281/10.328 L523=85.709/38.519 L525=68.006/32.158 L526=1.395/0.520
composite,1077,7119,1,23,23,261,261,0,0,inferred,inferred,L23=172.105/15.781 L260=109.491/12.600 L261=99.884/52.758 L262=95.516/50.554 L263=1.377/0.494
composite,1077,7119,2,286,286,523,523,0,0,inferred,inferred,L286=174.186/15.575 L522=112.537/11.618 L523=89.448/40.188 L525=67.639/31.534 L526=1.378/0.494
composite,1078,7120,1,23,23,261,261,0,0,inferred,inferred,L23=168.448/16.528 L260=114.897/17.088 L261=81.573/43.707 L262=72.372/39.244 L263=1.367/0.492
composite,1078,7120,2,286,286,523,522,0,-1,inferred,inferred,L286=174.430/16.011 L521=114.531/14.978 L522=116.930/14.245 L525=71.506/34.100 L526=1.391/0.519
composite,1079,7121,1,23,23,261,261,0,0,inferred,inferred,L23=166.028/16.911 L260=116.414/20.909 L261=76.938/41.217 L262=66.770/36.181 L263=1.380/0.495
composite,1079,7121,2,286,286,522,523,0,1,inferred,inferred,L286=173.148/16.322 L522=116.198/18.013 L523=79.853/42.369 L525=68.044/32.435 L526=1.373/0.503
composite,1080,7122,1,23,23,261,261,0,0,inferred,inferred,L23=174.472/17.043 L260=112.125/19.965 L261=84.130/45.220 L262=75.469/40.837 L263=1.377/0.491
composite,1080,7122,2,286,286,523,523,0,0,inferred,inferred,L286=162.978/16.838 L522=112.789/18.000 L523=85.986/41.620 L525=70.398/33.852 L526=1.384/0.505
composite,1081,7123,1,23,23,261,261,0,0,inferred,inferred,L23=169.833/17.223 L260=108.592/20.890 L261=70.767/39.201 L262=64.722/35.403 L263=1.383/0.502
composite,1081,7123,2,286,286,523,523,0,0,inferred,inferred,L286=164.977/16.831 L522=114.434/18.176 L523=84.605/40.533 L525=69.589/32.436 L526=1.378/0.504
composite,1082,7124,1,23,23,261,261,0,0,inferred,inferred,L23=172.394/17.244 L260=105.266/22.142 L261=76.366/40.533 L262=67.375/35.526 L263=1.386/0.496
composite,1082,7124,2,286,286,523,523,0,0,inferred,inferred,L286=155.073/17.878 L522=111.398/17.521 L523=77.711/38.993 L525=67.594/30.666 L526=1.392/0.507
composite,1083,7125,1,23,23,261,260,0,-1,inferred,inferred,L23=166.311/17.870 L259=112.786/18.708 L260=107.930/23.007 L262=58.914/31.740 L263=1.381/0.489
composite,1083,7125,2,286,286,523,522,0,-1,inferred,inferred,L286=171.088/17.525 L521=112.931/18.569 L522=111.334/19.197 L525=73.014/33.949 L526=1.378/0.516
composite,1084,7126,1,23,23,260,260,0,0,inferred,inferred,L23=171.214/18.376 L259=114.180/19.069 L260=99.455/21.321 L262=65.573/34.943 L263=1.387/0.497
composite,1084,7126,2,286,286,522,522,0,0,inferred,inferred,L286=170.992/17.834 L521=114.205/19.218 L522=113.100/19.577 L525=68.205/32.303 L526=1.395/0.535
composite,1085,7127,1,23,23,260,261,0,1,inferred,inferred,L23=170.253/18.945 L260=110.111/23.099 L261=73.461/41.130 L262=65.472/36.368 L263=1.391/0.501
composite,1085,7127,2,286,286,522,523,0,1,inferred,inferred,L286=166.539/19.606 L522=114.758/17.039 L523=73.466/39.655 L525=67.636/31.626 L526=1.392/0.507
composite,1086,7128,1,23,23,261,261,0,0,inferred,inferred,L23=169.423/19.758 L260=102.205/18.162 L261=75.164/41.119 L262=68.458/37.873 L263=1.356/0.510
composite,1086,7128,2,286,286,523,523,0,0,inferred,inferred,L286=167.095/19.435 L522=112.173/14.884 L523=79.764/39.275 L525=67.737/32.506 L526=1.369/0.514
composite,1087,7129,1,23,23,261,261,0,0,inferred,inferred,L23=163.352/20.008 L260=102.986/15.074 L261=76.088/41.195 L262=71.036/38.406 L263=1.397/0.496
composite,1087,7129,2,286,286,523,523,0,0,inferred,inferred,L286=169.287/19.916 L522=114.241/14.315 L523=82.120/40.627 L525=67.692/32.192 L526=1.392/0.507
composite,1088,7130,1,23,23,261,261,0,0,inferred,inferred,L23=163.725/21.108 L260=107.677/13.375 L261=77.103/42.270 L262=69.544/38.290 L263=1.367/0.485
composite,1088,7130,2,286,286,523,523,0,0,inferred,inferred,L286=168.073/20.403 L522=115.058/16.090 L523=75.692/39.320 L525=65.450/31.564 L526=1.381/0.532
composite,1089,7131,1,23,23,261,261,0,0,inferred,inferred,L23=164.067/20.416 L260=108.805/21.449 L261=75.083/41.505 L262=70.609/38.820 L263=1.398/0.505
composite,1089,7131,2,286,286,523,523,0,0,inferred,inferred,L286=169.925/20.839 L522=116.872/16.907 L523=87.225/41.919 L525=71.503/34.450 L526=1.366/0.528
composite,1090,7132,1,23,23,261,261,0,0,inferred,inferred,L23=152.647/21.828 L260=109.217/21.450 L261=76.355/42.998 L262=69.292/39.919 L263=1.389/0.500
composite,1090,7132,2,286,286,523,523,0,0,inferred,inferred,L286=162.111/20.482 L522=117.758/19.435 L523=72.178/39.439 L525=65.936/33.134 L526=1.380/0.504
composite,1091,7133,1,23,23,261,261,0,0,inferred,inferred,L23=167.089/20.984 L260=109.211/22.537 L261=65.375/36.893 L262=64.152/36.557 L263=1.367/0.488
composite,1091,7133,2,286,286,523,523,0,0,inferred,inferred,L286=168.817/21.204 L522=115.559/22.089 L523=79.830/42.077 L525=69.000/33.781 L526=1.369/0.514
composite,1092,7134,1,23,23,261,260,0,-1,inferred,inferred,L23=164.484/21.508 L259=111.848/24.923 L260=98.958/24.663 L262=68.867/39.797 L263=1.359/0.486
composite,1092,7134,2,286,286,523,523,0,0,inferred,inferred,L286=164.270/21.716 L522=111.036/24.096 L523=81.058/40.574 L525=68.031/33.813 L526=1.380/0.517
composite,1093,7135,1,23,23,260,261,0,1,inferred,inferred,L23=162.130/21.625 L260=102.727/19.647 L261=72.278/42.407 L262=67.188/39.215 L263=1.384/0.499
composite,1093,7135,2,286,286,523,523,0,0,inferred,inferred,L286=155.248/21.891 L522=115.180/24.678 L523=77.752/42.909 L525=68.530/33.934 L526=1.372/0.515
composite,1094,7136,1,23,23,261,261,0,0,inferred,inferred,L23=168.194/22.324 L260=106.197/22.642 L261=73.825/42.690 L262=66.286/38.608 L263=1.386/0.490
composite,1094,7136,2,286,286,523,522,0,-1,inferred,inferred,L286=165.338/21.662 L521=110.119/25.329 L522=112.422/26.286 L525=68.294/35.589 L526=1.367/0.492
composite,1095,7137,1,23,23,261,261,0,0,inferred,inferred,L23=165.530/22.226 L260=100.127/24.669 L261=70.533/42.931 L262=67.402/41.486 L263=1.363/0.487
composite,1095,7137,2,286,286,522,523,0,1,inferred,inferred,L286=166.858/22.182 L522=113.309/22.601 L523=67.578/40.473 L525=63.564/35.724 L526=1.377/0.504
composite,1096,7138,1,23,23,261,261,0,0,inferred,inferred,L23=167.755/22.469 L260=102.245/24.279 L261=71.970/43.336 L262=63.877/39.745 L263=1.389/0.491
composite,1096,7138,2,286,286,523,523,0,0,inferred,inferred,L286=163.975/22.077 L522=110.739/23.496 L523=74.291/42.399 L525=65.605/35.300 L526=1.378/0.504
composite,1097,7139,1,23,23,261,261,0,0,inferred,inferred,L23=162.553/22.140 L260=99.127/23.974 L261=67.205/40.034 L262=62.195/37.976 L263=1.380/0.501
composite,1097,7139,2,286,286,523,523,0,0,inferred,inferred,L286=165.141/22.415 L522=120.983/25.036 L523=75.345/43.870 L525=64.030/34.272 L526=1.378/0.504
composite,1098,7140,1,23,23,261,261,0,0,inferred,inferred,L23=164.819/23.247 L260=108.408/23.756 L261=71.153/42.725 L262=62.059/38.038 L263=1.367/0.485
composite,1098,7140,2,286,286,523,523,0,0,inferred,inferred,L286=162.950/22.691 L522=120.897/24.877 L523=78.112/42.402 L525=61.877/32.984 L526=1.391/0.507
composite,1099,7141,1,23,23,261,261,0,0,inferred,inferred,L23=160.992/22.896 L260=103.333/21.332 L261=69.941/41.928 L262=64.848/39.018 L263=1.384/0.490
composite,1099,7141,2,286,286,523,523,0,0,inferred,inferred,L286=161.386/23.751 L522=114.331/23.863 L523=73.723/41.301 L525=66.162/35.300 L526=1.380/0.520
composite,1100,7142,1,23,23,261,260,0,-1,inferred,inferred,L23=160.948/24.205 L259=111.533/22.080 L260=97.275/21.651 L262=63.705/38.346 L263=1.370/0.489
composite,1100,7142,2,286,286,523,523,0,0,inferred,inferred,L286=160.283/24.875 L522=108.120/19.707 L523=72.700/41.480 L525=67.286/36.730 L526=1.356/0.510
composite,1101,7143,1,23,23,260,261,0,1,inferred,inferred,L23=157.273/24.654 L260=99.183/20.147 L261=70.605/41.406 L262=66.905/40.177 L263=1.380/0.489
composite,1101,7143,2,286,286,523,523,0,0,inferred,inferred,L286=158.220/25.703 L522=112.105/19.611 L523=67.816/40.188 L525=63.903/35.390 L526=1.381/0.495
composite,1102,7144,1,23,23,261,261,0,0,inferred,inferred,L23=147.970/26.048 L260=108.642/26.692 L261=63.158/38.485 L262=59.562/37.001 L263=1.380/0.498
composite,1102,7144,2,286,286,523,523,0,0,inferred,inferred,L286=159.269/25.761 L522=111.534/19.460 L523=64.728/39.908 L525=61.494/35.118 L526=1.381/0.505
composite,1103,7145,1,23,23,261,261,0,0,inferred,inferred,L23=160.627/26.436 L260=105.009/24.108 L261=70.959/43.689 L262=67.483/41.690 L263=1.361/0.487
composite,1103,7145,2,286,286,523,523,0,0,inferred,inferred,L286=159.423/26.668 L522=111.995/21.384 L523=78.848/43.091 L525=67.698/36.044 L526=1.387/0.506
composite,1104,7146,1,23,23,261,261,0,0,inferred,inferred,L23=159.622/27.190 L260=110.077/22.998 L261=70.636/42.257 L262=65.958/39.291 L263=1.377/0.488
composite,1104,7146,2,286,286,523,523,0,0,inferred,inferred,L286=156.303/27.387 L522=112.475/20.924 L523=80.261/42.142 L525=67.612/35.101 L526=1.387/0.506
composite,1105,7147,1,23,23,261,261,0,0,inferred,inferred,L23=150.706/27.384 L260=106.630/21.319 L261=73.286/42.329 L262=68.200/39.984 L263=1.377/0.488
composite,1105,7147,2,286,286,523,523,0,0,inferred,inferred,L286=157.469/27.474 L522=111.569/20.881 L523=76.895/40.116 L525=71.077/35.388 L526=1.377/0.494
composite,1106,7148,1,23,23,261,261,0,0,inferred,inferred,L23=155.727/27.751 L260=105.941/21.346 L261=68.761/39.530 L262=63.600/36.428 L263=1.387/0.490
composite,1106,7148,2,286,286,523,523,0,0,inferred,inferred,L286=152.689/27.543 L522=111.567/20.859 L523=75.919/40.903 L525=70.650/35.630 L526=1.377/0.504
composite,1107,7149,1,23,23,261,260,0,-1,inferred,inferred,L23=150.947/27.446 L259=112.928/20.519 L260=101.802/22.362 L262=68.383/39.798 L263=1.381/0.492
composite,1107,7149,2,286,286,523,523,0,0,inferred,inferred,L286=155.208/27.996 L522=113.970/20.695 L523=80.722/41.598 L525=69.503/35.364 L526=1.403/0.509
composite,1108,7150,1,23,23,260,260,0,0,inferred,inferred,L23=154.431/27.985 L259=113.381/21.369 L260=107.294/20.338 L262=68.542/40.096 L263=1.402/0.500
composite,1108,7150,2,286,286,523,523,0,0,inferred,inferred,L286=153.741/28.127 L522=114.759/20.966 L523=73.513/43.627 L525=68.711/36.226 L526=1.383/0.505
composite,1109,7151,1,23,23,260,261,0,1,inferred,inferred,L23=147.556/27.862 L260=110.642/23.042 L261=75.402/44.889 L262=69.838/41.384 L263=1.392/0.491
composite,1109,7151,2,286,286,523,523,0,0,inferred,inferred,L286=159.320/28.068 L522=113.492/18.642 L523=84.789/42.876 L525=70.939/37.272 L526=1.383/0.505
composite,1110,7152,1,23,23,261,261,0,0,inferred,inferred,L23=153.959/27.842 L260=108.386/22.134 L261=73.731/43.784 L262=65.334/39.520 L263=1.373/0.487
composite,1110,7152,2,286,286,523,523,0,0,inferred,inferred,L286=155.575/27.924 L522=113.780/17.872 L523=81.498/41.107 L525=68.667/36.472 L526=1.370/0.492
composite,1111,7153,1,23,23,261,261,0,0,inferred,inferred,L23=154.428/27.966 L260=107.542/22.064 L261=65.022/38.523 L262=62.514/37.828 L263=1.381/0.489
composite,1111,7153,2,286,286,523,523,0,0,inferred,inferred,L286=156.033/28.875 L522=112.655/19.254 L523=81.261/42.726 L525=68.766/36.728 L526=1.377/0.504
composite,1112,7154,1,23,23,261,261,0,0,inferred,inferred,L23=157.022/28.784 L260=108.603/17.138 L261=67.617/40.003 L262=64.438/39.205 L263=1.383/0.489
composite,1112,7154,2,286,286,523,523,0,0,inferred,inferred,L286=157.623/28.808 L522=110.353/18.465 L523=82.922/42.060 L525=66.666/35.266 L526=1.373/0.503
composite,1113,7155,1,23,23,261,261,0,0,inferred,inferred,L23=154.600/28.328 L260=105.989/16.627 L261=72.220/42.503 L262=67.183/39.761 L263=1.372/0.493
composite,1113,7155,2,286,286,523,523,0,0,inferred,inferred,L286=157.233/28.688 L522=112.094/19.386 L523=72.448/40.596 L525=65.158/35.274 L526=1.384/0.505
composite,1114,7156,1,23,23,261,260,0,-1,inferred,inferred,L23=160.353/28.551 L259=112.142/17.430 L260=107.477/18.865 L262=68.412/40.445 L263=1.383/0.489
composite,1114,7156,2,286,286,523,523,0,0,inferred,inferred,L286=144.392/28.747 L522=110.713/17.490 L523=78.369/43.787 L525=67.289/36.062 L526=1.373/0.530
composite,1115,7157,1,23,23,260,261,0,1,inferred,inferred,L23=155.641/28.707 L260=102.873/18.666 L261=72.377/42.008 L262=65.695/38.960 L263=1.383/0.499
composite,1115,7157,2,286,286,523,523,0,0,inferred,inferred,L286=156.977/29.302 L522=115.091/18.215 L523=74.672/43.554 L525=70.131/36.760 L526=1.400/0.521
composite,1116,7158,1,23,23,261,261,0,0,inferred,inferred,L23=157.052/29.760 L260=105.655/18.185 L261=74.514/43.575 L262=68.183/40.356 L263=1.392/0.501
composite,1116,7158,2,286,286,523,523,0,0,inferred,inferred,L286=147.225/29.389 L522=113.469/17.812 L523=83.650/42.174 L525=70.734/36.098 L526=1.380/0.517
composite,1117,7159,1,23,23,261,261,0,0,inferred,inferred,L23=149.484/29.576 L260=101.708/20.813 L261=74.552/44.098 L262=70.058/41.702 L263=1.384/0.493
composite,1117,7159,2,286,286,523,523,0,0,inferred,inferred,L286=155.883/29.948 L522=114.914/19.427 L523=83.372/43.006 L525=70.256/36.126 L526=1.378/0.494
composite,1118,7160,1,23,23,261,260,0,-1,inferred,inferred,L23=155.136/30.044 L259=112.572/18.898 L260=104.469/18.477 L262=68.853/40.910 L263=1.367/0.488
composite,1118,7160,2,286,286,523,523,0,0,inferred,inferred,L286=156.458/29.591 L522=113.809/18.919 L523=82.888/44.045 L525=68.222/35.647 L526=1.378/0.494
composite,1119,7161,1,23,23,260,260,0,0,inferred,inferred,L23=156.180/29.744 L259=114.558/18.464 L260=106.886/22.203 L262=70.853/41.050 L263=1.384/0.502
composite,1119,7161,2,286,286,523,523,0,0,inferred,inferred,L286=159.152/29.881 L522=114.803/21.723 L523=84.336/43.220 L525=67.358/34.612 L526=1.387/0.497
composite,1120,7162,1,23,23,260,261,0,1,inferred,inferred,L23=157.037/29.964 L260=101.362/21.144 L261=74.642/43.266 L262=66.552/39.115 L263=1.386/0.496
composite,1120,7162,2,286,286,523,523,0,0,inferred,inferred,L286=144.547/29.758 L522=116.806/19.247 L523=80.973/42.697 L525=71.061/35.751 L526=1.378/0.516
composite,1121,7163,1,23,23,261,261,0,0,inferred,inferred,L23=157.506/30.260 L260=101.430/16.442 L261=73.162/42.007 L262=68.562/38.952 L263=1.408/0.507
composite,1121,7163,2,286,286,523,523,0,0,inferred,inferred,L286=159.575/30.366 L522=115.453/18.305 L523=85.283/41.592 L525=71.948/35.540 L526=1.386/0.518
composite,1122,7164,1,23,23,261,261,0,0,inferred,inferred,L23=158.152/30.634 L260=101.636/15.527 L261=66.902/37.682 L262=61.072/34.653 L263=1.378/0.488
composite,1122,7164,2,286,286,523,523,0,0,inferred,inferred,L286=157.427/30.786 L522=115.930/19.122 L523=85.537/41.245 L525=73.305/35.706 L526=1.389/0.497
composite,1123,7165,1,23,23,261,261,0,0,inferred,inferred,L23=157.941/30.072 L260=102.912/15.726 L261=74.591/41.889 L262=69.812/39.062 L263=1.377/0.510
composite,1123,7165,2,286,286,523,522,0,-1,inferred,inferred,L286=160.405/30.493 L521=110.931/18.810 L522=116.300/18.873 L525=72.138/34.971 L526=1.369/0.492
composite,1124,7166,1,23,23,261,261,0,0,inferred,inferred,L23=157.464/30.430 L260=100.164/16.257 L261=75.145/41.278 L262=67.152/37.771 L263=1.392/0.510
composite,1124,7166,2,286,286,522,522,0,0,inferred,inferred,L286=157.802/30.444 L521=113.875/18.129 L522=116.320/18.988 L525=69.317/34.002 L526=1.392/0.519
composite,1125,7167,1,23,23,261,261,0,0,inferred,inferred,L23=158.459/29.927 L260=103.737/15.974 L261=75.269/42.175 L262=68.220/38.585 L263=1.387/0.494
composite,1125,7167,2,286,286,522,523,0,1,inferred,inferred,L286=161.128/30.206 L522=118.327/19.119 L523=84.695/41.096 L525=73.931/35.938 L526=1.363/0.512
composite,1126,7168,1,23,23,261,261,0,0,inferred,inferred,L23=154.108/31.231 L260=108.511/21.797 L261=100.416/56.372 L262=95.334/53.036 L263=1.378/0.485
composite,1126,7168,2,286,286,523,522,0,-1,inferred,inferred,L286=161.319/30.223 L521=115.898/19.145 L522=117.497/18.615 L525=72.247/36.497 L526=1.398/0.499
composite,1127,7169,1,23,23,261,261,0,0,inferred,inferred,L23=159.344/30.186 L260=112.697/21.396 L261=65.367/39.034 L262=61.406/36.770 L263=1.392/0.495
composite,1127,7169,2,286,286,522,523,0,1,inferred,inferred,L286=167.416/28.198 L522=117.561/18.477 L523=84.305/44.065 L525=74.098/38.089 L526=1.375/0.503
composite,1128,7170,1,23,23,261,261,0,0,inferred,inferred,L23=157.750/29.709 L260=110.083/20.802 L261=78.202/46.608 L262=70.909/42.278 L263=1.378/0.488
composite,1128,7170,2,286,286,523,523,0,0,inferred,inferred,L286=159.869/30.022 L522=114.723/19.007 L523=85.270/44.314 L525=72.050/38.571 L526=1.369/0.502
composite,1129,7171,1,23,23,261,261,0,0,inferred,inferred,L23=157.309/30.203 L260=113.584/21.639 L261=82.617/53.590 L262=81.814/50.653 L263=1.375/0.491
composite,1129,7171,2,286,286,523,523,0,0,inferred,inferred,L286=167.784/28.853 L522=116.812/20.860 L523=83.030/43.970 L525=72.395/38.453 L526=1.387/0.518
composite,1130,7172,1,23,23,261,261,0,0,inferred,inferred,L23=155.605/30.152 L260=109.509/18.835 L261=99.373/58.420 L262=94.714/54.810 L263=1.355/0.488
composite,1130,7172,2,286,286,523,523,0,0,inferred,inferred,L286=160.428/29.923 L522=114.862/18.922 L523=86.847/44.029 L525=70.961/37.239 L526=1.389/0.519
composite,1131,7173,1,23,23,261,261,0,0,inferred,inferred,L23=157.545/30.224 L260=109.961/19.946 L261=79.967/47.238 L262=73.403/43.632 L263=1.380/0.489
composite,1131,7173,2,286,286,523,523,0,0,inferred,inferred,L286=161.041/30.346 L522=115.072/18.024 L523=84.822/43.679 L525=70.002/36.926 L526=1.398/0.521
composite,1132,7174,1,23,23,261,261,0,0,inferred,inferred,L23=153.672/30.705 L260=109.139/18.497 L261=93.589/53.994 L262=88.230/50.928 L263=1.383/0.492
composite,1132,7174,2,286,286,523,523,0,0,inferred,inferred,L286=162.314/29.975 L522=111.333/18.600 L523=80.961/43.096 L525=69.997/36.886 L526=1.373/0.493
