ordinal,counter,f1_picture_top_line,f1_bottom_line,f1_hs_partial_line,f1_last_recorded_line,f1_method,f1_note,f1_direct_bottom_candidate,f2_picture_top_line,f2_bottom_line,f2_hs_partial_line,f2_last_recorded_line,f2_method,f2_note,f2_direct_bottom_candidate,applied_d1,applied_d2
0,13500,24,260,262,262,direct,"SP recording; raw picture onset against blank/body midpoint=59.500; VBI=none; raw three-third displacement L259=0.695,1.508,1.646/L260=0.927,1.513,1.538/L261=2.645,7.019,10.226/L262=6.727,0.066,0.082; peak=L261 margin=3.499; split fraction/run=0.117/10; outer edges=8/714; body=7.0+/-2.0/714.0+/-2.0; switch onset=L261; last complete picture=L260; band bottom=L262",260,286,521,525,525,direct,"SP recording; raw first pass-through row is picture; VBI ends at L285; raw three-third displacement L522=1.222,1.374,4.854/L523=7.447,6.354,7.253/L524=0.073,0.066,0.090/L525=0.064,0.098,0.147; peak=L523 margin=2.593; split fraction/run=0.262/42; outer edges=6/636; body=7.0+/-2.0/714.0+/-2.0; switch onset=L522; last complete picture=L521; band bottom=L525",521,1,0
1,13501,24,260,262,262,direct,"SP recording; raw picture onset against blank/body midpoint=60.000; VBI=none; raw three-third displacement L259=0.714,1.282,1.693/L260=0.955,1.536,1.471/L261=2.682,6.949,10.459/L262=6.326,0.063,0.091; peak=L261 margin=4.133; split fraction/run=0.221/8; outer edges=8/714; body=8.0+/-2.0/714.0+/-2.0; switch onset=L261; last complete picture=L260; band bottom=L262",260,286,521,525,525,direct,"SP recording; raw first pass-through row is picture; VBI ends at L285; raw three-third displacement L522=1.010,1.351,4.866/L523=7.590,6.550,6.313/L524=0.075,0.069,0.079/L525=0.074,0.099,0.126; peak=L523 margin=2.725; split fraction/run=0.280/50; outer edges=6/628; body=7.0+/-2.0/714.0+/-2.0; switch onset=L522; last complete picture=L521; band bottom=L525",521,1,0
2,13502,24,260,262,262,direct,"SP recording; raw picture onset against blank/body midpoint=60.000; VBI=none; raw three-third displacement L259=0.566,1.228,1.751/L260=0.804,1.700,1.582/L261=3.063,7.109,11.447/L262=6.420,0.065,0.082; peak=L261 margin=5.027; split fraction/run=0.188/9; outer edges=8/714; body=8.0+/-2.0/714.0+/-2.0; switch onset=L261; last complete picture=L260; band bottom=L262",260,286,521,525,525,direct,"SP recording; raw first pass-through row is picture; VBI ends at L285; raw three-third displacement L522=1.093,1.217,5.408/L523=7.649,6.344,5.584/L524=0.067,0.080,0.089/L525=0.076,0.094,0.138; peak=L523 margin=2.240; split fraction/run=0.350/67; outer edges=7/621; body=7.0+/-2.0/714.0+/-2.0; switch onset=L522; last complete picture=L521; band bottom=L525",521,1,0
3,13503,24,260,262,262,direct,"SP recording; raw picture onset against blank/body midpoint=60.500; VBI=none; raw three-third displacement L259=0.717,1.232,1.939/L260=0.833,1.494,1.777/L261=2.746,6.765,10.818/L262=6.193,0.059,0.082; peak=L261 margin=4.625; split fraction/run=0.192/8; outer edges=8/714; body=8.0+/-2.0/714.0+/-2.0; switch onset=L261; last complete picture=L260; band bottom=L262",260,286,521,525,525,cv_inspected,"SP recording; raw first pass-through row is picture; VBI ends at L285; raw three-third displacement L522=2.168,3.175,6.276/L523=6.866,6.151,4.991/L524=0.067,0.064,0.069/L525=0.071,0.085,0.106; peak=L523 margin=0.591; split fraction/run=0.425/75; outer edges=111/603; body=7.0+/-2.0/714.0+/-2.0; switch onset=L522; last complete picture=L521; band bottom=L525; row Y(mean/std) L285=1.377/0.485 L286=115.500/27.648 L287=111.156/26.852 L521=100.809/41.592 L522=78.616/44.571 L525=10.588/0.772",521,1,0
4,13504,25,261,-1,262,direct,"SP recording; raw picture onset against blank/body midpoint=60.000; VBI=none; raw three-third displacement L259=0.804,1.040,1.532/L260=0.732,1.362,1.825/L261=0.936,1.489,1.625/L262=2.912,6.659,11.111; peak=L262 margin=9.285; split fraction/run=0.244/7; outer edges=8/714; body=8.0+/-2.0/714.0+/-2.0; switch onset=L262; last complete picture=L261; band bottom=none at clip",261,286,521,525,525,direct,"SP recording; raw first pass-through row is picture; VBI ends at L285; raw three-third displacement L522=1.012,1.616,4.668/L523=7.833,7.039,5.719/L524=0.063,0.088,0.070/L525=0.067,0.130,0.136; peak=L523 margin=3.165; split fraction/run=0.294/48; outer edges=10/630; body=8.0+/-2.0/714.0+/-2.0; switch onset=L522; last complete picture=L521; band bottom=L525",521,2,0
5,13505,24,260,262,262,direct,"SP recording; raw picture onset against blank/body midpoint=60.000; VBI=none; raw three-third displacement L259=0.619,1.388,1.813/L260=0.937,1.570,1.621/L261=2.700,6.744,10.820/L262=6.309,0.062,0.079; peak=L261 margin=4.511; split fraction/run=0.221/7; outer edges=8/714; body=7.0+/-2.0/714.0+/-2.0; switch onset=L261; last complete picture=L260; band bottom=L262",260,286,521,525,525,direct,"SP recording; raw first pass-through row is picture; VBI ends at L285; raw three-third displacement L522=1.578,1.577,4.121/L523=7.462,6.310,6.325/L524=0.060,0.074,0.066/L525=0.066,0.096,0.111; peak=L523 margin=3.341; split fraction/run=0.229/44; outer edges=6/633; body=7.0+/-2.0/714.0+/-2.0; switch onset=L522; last complete picture=L521; band bottom=L525",521,1,0
6,13506,24,260,262,262,direct,"SP recording; raw picture onset against blank/body midpoint=60.000; VBI=none; raw three-third displacement L259=0.543,1.445,1.640/L260=0.862,1.581,1.596/L261=2.223,7.242,11.355/L262=6.680,0.064,0.095; peak=L261 margin=4.675; split fraction/run=0.249/10; outer edges=8/714; body=8.0+/-2.0/714.0+/-2.0; switch onset=L261; last complete picture=L260; band bottom=L262",260,286,521,525,525,direct,"SP recording; raw first pass-through row is picture; VBI ends at L285; raw three-third displacement L522=1.125,1.411,3.883/L523=7.648,6.633,5.901/L524=0.063,0.083,0.073/L525=0.074,0.101,0.109; peak=L523 margin=3.765; split fraction/run=0.234/41; outer edges=7/635; body=8.0+/-2.0/714.0+/-2.0; switch onset=L522; last complete picture=L521; band bottom=L525",521,1,0
7,13507,24,260,262,262,direct,"SP recording; raw picture onset against blank/body midpoint=60.500; VBI=none; raw three-third displacement L259=0.723,1.331,1.793/L260=0.870,1.622,1.753/L261=2.573,7.031,10.265/L262=6.689,0.061,0.068; peak=L261 margin=3.576; split fraction/run=0.183/8; outer edges=8/714; body=7.0+/-2.0/714.0+/-2.0; switch onset=L261; last complete picture=L260; band bottom=L262",260,286,521,525,525,direct,"SP recording; raw first pass-through row is picture; VBI ends at L285; raw three-third displacement L522=2.213,3.043,3.897/L523=7.020,6.002,6.930/L524=0.061,0.073,0.067/L525=0.062,0.090,0.095; peak=L523 margin=3.123; split fraction/run=0.229/36; outer edges=108/640; body=7.0+/-2.0/714.0+/-2.0; switch onset=L522; last complete picture=L521; band bottom=L525",521,1,0
8,13508,24,260,262,262,direct,"SP recording; raw picture onset against blank/body midpoint=60.000; VBI=none; raw three-third displacement L259=0.619,1.323,1.576/L260=0.985,1.332,1.509/L261=1.963,6.733,10.594/L262=7.405,0.074,0.091; peak=L261 margin=3.189; split fraction/run=0.263/7; outer edges=7/714; body=7.0+/-2.0/714.0+/-2.0; switch onset=L261; last complete picture=L260; band bottom=L262",260,286,521,525,525,direct,"SP recording; raw first pass-through row is picture; VBI ends at L285; raw three-third displacement L522=1.562,1.941,3.091/L523=7.535,6.575,7.675/L524=0.069,0.080,0.076/L525=0.059,0.112,0.103; peak=L523 margin=4.584; split fraction/run=0.150/25; outer edges=2/651; body=8.0+/-2.0/714.0+/-2.0; switch onset=L522; last complete picture=L521; band bottom=L525",521,1,0
9,13509,24,260,262,262,direct,"SP recording; raw picture onset against blank/body midpoint=59.000; VBI=none; raw three-third displacement L259=0.806,1.270,1.659/L260=0.961,1.529,1.646/L261=1.895,6.953,11.018/L262=7.310,0.070,0.096; peak=L261 margin=3.708; split fraction/run=0.315/9; outer edges=8/714; body=8.0+/-2.0/714.0+/-2.0; switch onset=L261; last complete picture=L260; band bottom=L262",260,286,521,525,525,direct,"SP recording; raw first pass-through row is picture; VBI ends at L285; raw three-third displacement L522=1.545,1.823,2.835/L523=7.141,6.099,7.121/L524=0.062,0.079,0.086/L525=0.064,0.109,0.110; peak=L523 margin=4.306; split fraction/run=0.150/25; outer edges=2/653; body=7.0+/-2.0/714.0+/-2.0; switch onset=L522; last complete picture=L521; band bottom=L525",521,1,0
10,13510,24,260,262,262,direct,"SP recording; raw picture onset against blank/body midpoint=60.000; VBI=none; raw three-third displacement L259=0.764,1.407,1.696/L260=0.851,1.539,1.763/L261=1.722,6.775,10.895/L262=7.108,0.081,0.124; peak=L261 margin=3.787; split fraction/run=0.235/10; outer edges=8/714; body=8.0+/-2.0/714.0+/-2.0; switch onset=L261; last complete picture=L260; band bottom=L262",260,286,521,525,525,direct,"SP recording; raw first pass-through row is picture; VBI ends at L285; raw three-third displacement L522=1.501,1.883,3.096/L523=7.332,6.233,7.592/L524=0.080,0.080,0.097/L525=0.069,0.098,0.146; peak=L523 margin=4.495; split fraction/run=0.145/26; outer edges=3/652; body=7.0+/-2.0/714.0+/-2.0; switch onset=L522; last complete picture=L521; band bottom=L525",521,1,0
11,13511,24,260,262,262,direct,"SP recording; raw picture onset against blank/body midpoint=60.000; VBI=none; raw three-third displacement L259=0.642,1.161,1.749/L260=0.939,1.569,1.657/L261=2.027,7.566,11.830/L262=7.323,0.089,0.134; peak=L261 margin=4.507; split fraction/run=0.249/8; outer edges=8/714; body=8.0+/-2.0/714.0+/-2.0; switch onset=L261; last complete picture=L260; band bottom=L262",260,286,521,525,525,direct,"SP recording; raw first pass-through row is picture; VBI ends at L285; raw three-third displacement L522=1.718,1.906,3.205/L523=7.545,6.567,7.740/L524=0.073,0.081,0.092/L525=0.061,0.112,0.124; peak=L523 margin=4.535; split fraction/run=0.164/27; outer edges=5/651; body=8.0+/-2.0/714.0+/-2.0; switch onset=L522; last complete picture=L521; band bottom=L525",521,1,0
12,13512,24,260,262,262,direct,"SP recording; raw picture onset against blank/body midpoint=60.000; VBI=none; raw three-third displacement L259=0.676,1.484,1.831/L260=0.848,1.752,1.502/L261=1.774,7.557,11.046/L262=7.126,0.091,0.124; peak=L261 margin=3.920; split fraction/run=0.296/7; outer edges=7/714; body=8.0+/-2.0/714.0+/-2.0; switch onset=L261; last complete picture=L260; band bottom=L262",260,286,521,525,525,direct,"SP recording; raw first pass-through row is picture; VBI ends at L285; raw three-third displacement L522=1.609,1.944,3.319/L523=7.480,6.378,7.172/L524=0.073,0.079,0.079/L525=0.069,0.094,0.108; peak=L523 margin=4.161; split fraction/run=0.178/31; outer edges=4/647; body=8.0+/-2.0/714.0+/-2.0; switch onset=L522; last complete picture=L521; band bottom=L525",521,1,0
13,13513,24,260,262,262,direct,"SP recording; raw picture onset against blank/body midpoint=60.000; VBI=none; raw three-third displacement L259=0.588,1.376,1.549/L260=0.905,1.311,1.652/L261=1.639,7.729,11.155/L262=7.651,0.075,0.137; peak=L261 margin=3.504; split fraction/run=0.376/8; outer edges=8/714; body=7.0+/-2.0/714.0+/-2.0; switch onset=L261; last complete picture=L260; band bottom=L262",260,286,521,525,525,direct,"SP recording; raw first pass-through row is picture; VBI ends at L285; raw three-third displacement L522=1.619,2.157,2.832/L523=7.347,6.521,8.668/L524=0.063,0.074,0.096/L525=0.063,0.091,0.132; peak=L523 margin=5.836; split fraction/run=0.112/20; outer edges=3/658; body=8.0+/-2.0/714.0+/-2.0; switch onset=L522; last complete picture=L521; band bottom=L525",521,1,0
14,13514,24,260,262,262,direct,"SP recording; raw picture onset against blank/body midpoint=60.000; VBI=none; raw three-third displacement L259=0.651,1.282,1.677/L260=0.853,1.436,1.570/L261=1.777,7.062,11.299/L262=7.152,0.084,0.110; peak=L261 margin=4.147; split fraction/run=0.258/7; outer edges=8/714; body=8.0+/-2.0/714.0+/-2.0; switch onset=L261; last complete picture=L260; band bottom=L262",260,286,521,525,525,direct,"SP recording; raw first pass-through row is picture; VBI ends at L285; raw three-third displacement L522=1.515,1.721,3.237/L523=7.678,6.751,7.921/L524=0.079,0.086,0.113/L525=0.075,0.110,0.136; peak=L523 margin=4.684; split fraction/run=0.164/25; outer edges=3/653; body=7.0+/-2.0/714.0+/-2.0; switch onset=L522; last complete picture=L521; band bottom=L525",521,1,0
15,13515,24,260,262,262,direct,"SP recording; raw picture onset against blank/body midpoint=60.000; VBI=none; raw three-third displacement L259=0.673,1.106,1.646/L260=0.779,1.398,1.609/L261=1.729,6.980,10.191/L262=7.103,0.076,0.097; peak=L261 margin=3.088; split fraction/run=0.268/9; outer edges=8/714; body=7.0+/-2.0/714.0+/-2.0; switch onset=L261; last complete picture=L260; band bottom=L262",260,286,521,525,525,direct,"SP recording; raw first pass-through row is picture; VBI ends at L285; raw three-third displacement L522=1.667,2.273,4.140/L523=7.438,6.432,6.729/L524=0.072,0.081,0.087/L525=0.062,0.110,0.106; peak=L523 margin=3.298; split fraction/run=0.210/40; outer edges=2/636; body=7.0+/-2.0/714.0+/-2.0; switch onset=L522; last complete picture=L521; band bottom=L525",521,1,0
16,13516,24,260,262,262,direct,"SP recording; raw picture onset against blank/body midpoint=59.500; VBI=none; raw three-third displacement L259=0.731,1.412,1.554/L260=0.432,1.337,1.695/L261=2.042,6.632,10.834/L262=6.433,0.078,0.100; peak=L261 margin=4.401; split fraction/run=0.122/7; outer edges=8/714; body=8.0+/-2.0/714.0+/-2.0; switch onset=L261; last complete picture=L260; band bottom=L262",260,286,521,525,525,direct,"SP recording; raw first pass-through row is picture; VBI ends at L285; raw three-third displacement L522=1.482,1.953,5.557/L523=7.403,6.898,6.570/L524=0.073,0.066,0.101/L525=0.071,0.102,0.129; peak=L523 margin=1.846; split fraction/run=0.299/56; outer edges=4/622; body=8.0+/-2.0/714.0+/-2.0; switch onset=L522; last complete picture=L521; band bottom=L525",521,1,0
17,13517,24,260,262,262,direct,"SP recording; raw picture onset against blank/body midpoint=59.500; VBI=none; raw three-third displacement L259=0.571,1.277,1.641/L260=0.840,1.402,1.653/L261=2.325,6.957,10.505/L262=6.618,0.074,0.121; peak=L261 margin=3.887; split fraction/run=0.178/8; outer edges=8/714; body=8.0+/-2.0/714.0+/-2.0; switch onset=L261; last complete picture=L260; band bottom=L262",260,286,521,525,525,direct,"SP recording; raw first pass-through row is picture; VBI ends at L285; raw three-third displacement L522=2.208,3.360,5.265/L523=7.317,6.149,6.495/L524=0.075,0.071,0.098/L525=0.069,0.104,0.147; peak=L523 margin=2.052; split fraction/run=0.308/53; outer edges=109/625; body=8.0+/-2.0/714.0+/-2.0; switch onset=L522; last complete picture=L521; band bottom=L525",521,1,0
18,13518,24,260,262,262,direct,"SP recording; raw picture onset against blank/body midpoint=59.500; VBI=none; raw three-third displacement L259=0.692,1.214,1.494/L260=0.844,1.307,1.364/L261=2.604,6.587,10.381/L262=6.133,0.102,0.116; peak=L261 margin=4.248; split fraction/run=0.216/9; outer edges=9/714; body=8.0+/-2.0/714.0+/-2.0; switch onset=L261; last complete picture=L260; band bottom=L262",260,286,521,525,525,direct,"SP recording; raw first pass-through row is picture; VBI ends at L285; raw three-third displacement L522=1.084,1.095,5.333/L523=7.508,6.203,5.776/L524=0.074,0.067,0.090/L525=0.070,0.093,0.110; peak=L523 margin=2.175; split fraction/run=0.322/55; outer edges=7/623; body=7.0+/-2.0/714.0+/-2.0; switch onset=L522; last complete picture=L521; band bottom=L525",521,1,0
19,13519,24,260,262,262,direct,"SP recording; raw picture onset against blank/body midpoint=58.500; VBI=none; raw three-third displacement L259=0.719,1.226,1.706/L260=0.777,1.269,1.329/L261=2.431,6.816,10.291/L262=7.039,0.086,0.110; peak=L261 margin=3.253; split fraction/run=0.188/8; outer edges=7/714; body=8.0+/-2.0/714.0+/-2.0; switch onset=L261; last complete picture=L260; band bottom=L262",260,286,521,525,525,direct,"SP recording; raw first pass-through row is picture; VBI ends at L285; raw three-third displacement L522=2.089,3.156,4.436/L523=7.445,6.195,6.963/L524=0.077,0.076,0.086/L525=0.073,0.096,0.113; peak=L523 margin=3.008; split fraction/run=0.252/40; outer edges=1/639; body=7.0+/-2.0/714.0+/-2.0; switch onset=L522; last complete picture=L521; band bottom=L525",521,1,0
20,13520,24,260,262,262,direct,"SP recording; raw picture onset against blank/body midpoint=58.500; VBI=none; raw three-third displacement L259=0.656,1.292,1.646/L260=0.879,1.395,1.508/L261=2.164,7.479,10.807/L262=6.986,0.097,0.111; peak=L261 margin=3.821; split fraction/run=0.221/14; outer edges=9/714; body=7.0+/-2.0/714.0+/-2.0; switch onset=L261; last complete picture=L260; band bottom=L262",260,286,521,525,525,direct,"SP recording; raw first pass-through row is picture; VBI ends at L285; raw three-third displacement L522=1.260,1.396,3.741/L523=7.427,6.407,7.696/L524=0.071,0.074,0.101/L525=0.081,0.080,0.126; peak=L523 margin=3.955; split fraction/run=0.201/29; outer edges=6/649; body=8.0+/-2.0/714.0+/-2.0; switch onset=L522; last complete picture=L521; band bottom=L525",521,1,0
21,13521,24,260,262,262,direct,"SP recording; raw picture onset against blank/body midpoint=58.500; VBI=none; raw three-third displacement L259=0.791,1.097,1.690/L260=0.940,1.482,1.569/L261=1.787,6.521,10.267/L262=7.306,0.079,0.089; peak=L261 margin=2.961; split fraction/run=0.258/8; outer edges=7/714; body=8.0+/-2.0/714.0+/-2.0; switch onset=L261; last complete picture=L260; band bottom=L262",260,286,521,525,525,direct,"SP recording; raw first pass-through row is picture; VBI ends at L285; raw three-third displacement L522=1.330,1.367,2.633/L523=7.616,6.822,8.946/L524=0.070,0.076,0.103/L525=0.080,0.110,0.135; peak=L523 margin=6.314; split fraction/run=0.112/11; outer edges=7/667; body=7.0+/-2.0/714.0+/-2.0; switch onset=L522; last complete picture=L521; band bottom=L525",521,1,0
22,13522,24,260,262,262,direct,"SP recording; raw picture onset against blank/body midpoint=58.000; VBI=none; raw three-third displacement L259=0.778,1.339,1.481/L260=1.060,1.561,1.351/L261=1.875,7.097,10.484/L262=7.339,0.070,0.080; peak=L261 margin=3.146; split fraction/run=0.296/10; outer edges=7/714; body=7.0+/-2.0/714.0+/-2.0; switch onset=L261; last complete picture=L260; band bottom=L262",260,286,521,525,525,direct,"SP recording; raw first pass-through row is picture; VBI ends at L285; raw three-third displacement L522=2.198,3.196,3.863/L523=7.046,6.424,6.887/L524=0.065,0.071,0.077/L525=0.076,0.077,0.116; peak=L523 margin=3.183; split fraction/run=0.229/36; outer edges=110/642; body=7.0+/-2.0/714.0+/-2.0; switch onset=L522; last complete picture=L521; band bottom=L525",521,1,0
23,13523,24,260,262,262,direct,"SP recording; raw picture onset against blank/body midpoint=57.500; VBI=none; raw three-third displacement L259=0.750,1.448,1.671/L260=0.975,1.513,1.672/L261=2.357,6.972,10.637/L262=7.122,0.072,0.089; peak=L261 margin=3.516; split fraction/run=0.258/7; outer edges=8/714; body=8.0+/-2.0/714.0+/-2.0; switch onset=L261; last complete picture=L260; band bottom=L262",260,286,521,525,525,direct,"SP recording; raw first pass-through row is picture; VBI ends at L285; raw three-third displacement L522=1.935,2.988,3.686/L523=7.215,6.344,7.983/L524=0.078,0.084,0.109/L525=0.082,0.092,0.119; peak=L523 margin=4.298; split fraction/run=0.192/29; outer edges=110/647; body=7.0+/-2.0/714.0+/-2.0; switch onset=L522; last complete picture=L521; band bottom=L525",521,1,0
24,13524,24,260,262,262,direct,"SP recording; raw picture onset against blank/body midpoint=58.500; VBI=none; raw three-third displacement L259=0.719,1.432,1.669/L260=0.995,1.667,1.543/L261=2.076,6.969,10.217/L262=7.045,0.084,0.091; peak=L261 margin=3.172; split fraction/run=0.286/17; outer edges=8/714; body=8.0+/-2.0/714.0+/-2.0; switch onset=L261; last complete picture=L260; band bottom=L262",260,286,521,525,525,direct,"SP recording; raw first pass-through row is picture; VBI ends at L285; raw three-third displacement L522=1.075,1.276,2.644/L523=7.078,6.383,7.666/L524=0.070,0.079,0.088/L525=0.085,0.093,0.100; peak=L523 margin=5.022; split fraction/run=0.121/16; outer edges=6/662; body=7.0+/-2.0/714.0+/-2.0; switch onset=L522; last complete picture=L521; band bottom=L525",521,1,0
25,13525,24,260,262,262,direct,"SP recording; raw picture onset against blank/body midpoint=58.000; VBI=none; raw three-third displacement L259=0.689,1.291,1.661/L260=0.893,1.497,1.573/L261=1.995,6.980,10.155/L262=7.206,0.080,0.087; peak=L261 margin=2.949; split fraction/run=0.183/6; outer edges=8/714; body=7.0+/-2.0/714.0+/-2.0; switch onset=L261; last complete picture=L260; band bottom=L262",260,286,521,525,525,direct,"SP recording; raw first pass-through row is picture; VBI ends at L285; raw three-third displacement L522=2.139,3.058,3.457/L523=7.047,6.171,7.556/L524=0.086,0.088,0.102/L525=0.069,0.082,0.129; peak=L523 margin=4.098; split fraction/run=0.196/30; outer edges=13/648; body=8.0+/-2.0/714.0+/-2.0; switch onset=L522; last complete picture=L521; band bottom=L525",521,1,0
26,13526,24,260,262,262,direct,"SP recording; raw picture onset against blank/body midpoint=59.000; VBI=none; raw three-third displacement L259=0.801,1.301,1.845/L260=0.809,1.592,1.579/L261=2.087,7.102,10.129/L262=6.820,0.080,0.088; peak=L261 margin=3.308; split fraction/run=0.211/6; outer edges=8/714; body=8.0+/-2.0/714.0+/-2.0; switch onset=L261; last complete picture=L260; band bottom=L262",260,286,521,525,525,direct,"SP recording; raw first pass-through row is picture; VBI ends at L285; raw three-third displacement L522=2.213,2.851,4.210/L523=6.850,5.789,6.556/L524=0.085,0.094,0.096/L525=0.067,0.116,0.151; peak=L523 margin=2.640; split fraction/run=0.271/42; outer edges=110/634; body=7.0+/-2.0/714.0+/-2.0; switch onset=L522; last complete picture=L521; band bottom=L525",521,1,0
27,13527,24,260,262,262,direct,"SP recording; raw picture onset against blank/body midpoint=58.500; VBI=none; raw three-third displacement L259=0.604,1.160,1.501/L260=0.941,1.474,1.389/L261=2.617,6.507,9.295/L262=6.329,0.073,0.079; peak=L261 margin=2.966; split fraction/run=0.113/6; outer edges=8/714; body=7.0+/-2.0/714.0+/-2.0; switch onset=L261; last complete picture=L260; band bottom=L262",260,286,521,525,525,direct,"SP recording; raw first pass-through row is picture; VBI ends at L285; raw three-third displacement L522=1.269,1.324,4.670/L523=6.932,5.982,4.934/L524=0.072,0.078,0.087/L525=0.082,0.096,0.133; peak=L523 margin=2.262; split fraction/run=0.332/57; outer edges=5/621; body=8.0+/-2.0/714.0+/-2.0; switch onset=L522; last complete picture=L521; band bottom=L525",521,1,0
28,13528,24,260,262,262,direct,"SP recording; raw picture onset against blank/body midpoint=59.500; VBI=none; raw three-third displacement L259=0.627,1.432,1.834/L260=0.772,1.481,1.498/L261=2.671,6.977,9.828/L262=6.097,0.083,0.095; peak=L261 margin=3.731; split fraction/run=0.108/7; outer edges=7/714; body=7.0+/-2.0/714.0+/-2.0; switch onset=L261; last complete picture=L260; band bottom=L262",260,286,521,525,525,direct,"SP recording; raw first pass-through row is picture; VBI ends at L285; raw three-third displacement L522=1.242,1.279,4.326/L523=7.019,6.312,5.316/L524=0.070,0.081,0.086/L525=0.076,0.103,0.123; peak=L523 margin=2.692; split fraction/run=0.294/49; outer edges=5/628; body=7.0+/-2.0/714.0+/-2.0; switch onset=L522; last complete picture=L521; band bottom=L525",521,1,0
29,13529,24,260,262,262,direct,"SP recording; raw picture onset against blank/body midpoint=59.500; VBI=none; raw three-third displacement L259=0.660,1.300,1.563/L260=1.030,1.418,1.527/L261=2.426,6.597,10.385/L262=6.317,0.071,0.112; peak=L261 margin=4.069; split fraction/run=0.343/8; outer edges=7/714; body=7.0+/-2.0/714.0+/-2.0; switch onset=L261; last complete picture=L260; band bottom=L262",260,286,521,525,525,direct,"SP recording; raw first pass-through row is picture; VBI ends at L285; raw three-third displacement L522=1.056,1.270,4.787/L523=7.255,5.908,5.558/L524=0.067,0.076,0.098/L525=0.079,0.112,0.154; peak=L523 margin=2.468; split fraction/run=0.290/53; outer edges=7/626; body=8.0+/-2.0/714.0+/-2.0; switch onset=L522; last complete picture=L521; band bottom=L525",521,1,0
30,13530,24,260,262,262,direct,"SP recording; raw picture onset against blank/body midpoint=59.000; VBI=none; raw three-third displacement L259=0.670,1.205,1.637/L260=0.826,1.560,1.610/L261=3.060,6.540,9.695/L262=5.869,0.075,0.092; peak=L261 margin=3.825; split fraction/run=0.103/7; outer edges=8/714; body=7.0+/-2.0/714.0+/-2.0; switch onset=L261; last complete picture=L260; band bottom=L262",260,286,521,525,525,direct,"SP recording; raw first pass-through row is picture; VBI ends at L285; raw three-third displacement L522=1.142,1.257,5.357/L523=6.915,5.833,4.780/L524=0.063,0.079,0.087/L525=0.082,0.119,0.173; peak=L523 margin=1.558; split fraction/run=0.369/74; outer edges=7/604; body=8.0+/-2.0/714.0+/-2.0; switch onset=L522; last complete picture=L521; band bottom=L525",521,1,0
31,13531,24,260,262,262,direct,"SP recording; raw picture onset against blank/body midpoint=59.000; VBI=none; raw three-third displacement L259=0.844,1.255,1.755/L260=1.004,1.501,1.797/L261=2.935,6.064,10.494/L262=5.787,0.072,0.095; peak=L261 margin=4.707; split fraction/run=0.146/8; outer edges=8/714; body=8.0+/-2.0/714.0+/-2.0; switch onset=L261; last complete picture=L260; band bottom=L262",260,286,521,525,525,direct,"SP recording; raw first pass-through row is picture; VBI ends at L285; raw three-third displacement L522=1.143,1.202,4.861/L523=7.248,5.936,5.510/L524=0.074,0.076,0.094/L525=0.081,0.102,0.138; peak=L523 margin=2.387; split fraction/run=0.327/53; outer edges=6/623; body=7.0+/-2.0/714.0+/-2.0; switch onset=L522; last complete picture=L521; band bottom=L525",521,1,0
32,13532,24,260,262,262,direct,"SP recording; raw picture onset against blank/body midpoint=60.000; VBI=none; raw three-third displacement L259=0.816,1.199,1.655/L260=0.916,1.392,1.410/L261=3.097,6.366,9.726/L262=5.542,0.080,0.092; peak=L261 margin=4.185; split fraction/run=0.150/6; outer edges=7/714; body=7.0+/-2.0/714.0+/-2.0; switch onset=L261; last complete picture=L260; band bottom=L262",260,286,521,525,525,direct,"SP recording; raw first pass-through row is picture; VBI ends at L285; raw three-third displacement L522=1.193,1.227,4.552/L523=7.135,5.539,4.769/L524=0.068,0.071,0.083/L525=0.060,0.102,0.118; peak=L523 margin=2.583; split fraction/run=0.322/65; outer edges=7/615; body=7.0+/-2.0/714.0+/-2.0; switch onset=L522; last complete picture=L521; band bottom=L525",521,1,0
33,13533,24,260,262,262,direct,"SP recording; raw picture onset against blank/body midpoint=59.500; VBI=none; raw three-third displacement L259=0.739,1.240,1.457/L260=0.905,1.308,1.465/L261=2.755,5.789,9.682/L262=5.742,0.070,0.084; peak=L261 margin=3.940; split fraction/run=0.174/10; outer edges=7/714; body=7.0+/-2.0/714.0+/-2.0; switch onset=L261; last complete picture=L260; band bottom=L262",260,286,521,525,525,direct,"SP recording; raw first pass-through row is picture; VBI ends at L285; raw three-third displacement L522=2.088,3.210,5.551/L523=6.822,6.003,4.859/L524=0.072,0.064,0.093/L525=0.065,0.106,0.155; peak=L523 margin=1.271; split fraction/run=0.355/65; outer edges=109/614; body=7.0+/-2.0/714.0+/-2.0; switch onset=L522; last complete picture=L521; band bottom=L525",521,1,0
34,13534,24,260,262,262,direct,"SP recording; raw picture onset against blank/body midpoint=59.500; VBI=none; raw three-third displacement L259=0.702,1.171,1.704/L260=0.927,1.492,1.363/L261=2.569,6.417,10.070/L262=6.279,0.080,0.099; peak=L261 margin=3.791; split fraction/run=0.164/7; outer edges=7/714; body=8.0+/-2.0/714.0+/-2.0; switch onset=L261; last complete picture=L260; band bottom=L262",260,286,521,525,525,direct,"SP recording; raw first pass-through row is picture; VBI ends at L285; raw three-third displacement L522=1.249,1.182,3.217/L523=6.977,5.384,6.579/L524=0.060,0.064,0.082/L525=0.087,0.096,0.147; peak=L523 margin=3.761; split fraction/run=0.192/31; outer edges=7/647; body=7.0+/-2.0/714.0+/-2.0; switch onset=L522; last complete picture=L521; band bottom=L525",521,1,0
35,13535,24,260,262,262,direct,"SP recording; raw picture onset against blank/body midpoint=59.000; VBI=none; raw three-third displacement L259=0.677,1.268,1.833/L260=0.973,1.463,1.664/L261=2.160,6.180,10.690/L262=6.459,0.074,0.089; peak=L261 margin=4.231; split fraction/run=0.235/7; outer edges=7/714; body=8.0+/-2.0/714.0+/-2.0; switch onset=L261; last complete picture=L260; band bottom=L262",260,286,521,525,525,direct,"SP recording; raw first pass-through row is picture; VBI ends at L285; raw three-third displacement L522=1.145,1.177,4.129/L523=7.149,6.078,6.728/L524=0.063,0.075,0.088/L525=0.078,0.114,0.162; peak=L523 margin=3.019; split fraction/run=0.238/36; outer edges=6/642; body=8.0+/-2.0/714.0+/-2.0; switch onset=L522; last complete picture=L521; band bottom=L525",521,1,0
36,13536,24,260,262,262,direct,"SP recording; raw picture onset against blank/body midpoint=59.000; VBI=none; raw three-third displacement L259=0.671,1.349,1.681/L260=0.958,1.316,1.671/L261=2.337,6.171,9.963/L262=6.071,0.068,0.100; peak=L261 margin=3.893; split fraction/run=0.286/13; outer edges=7/714; body=7.0+/-2.0/714.0+/-2.0; switch onset=L261; last complete picture=L260; band bottom=L262",260,286,521,525,525,direct,"SP recording; raw first pass-through row is picture; VBI ends at L285; raw three-third displacement L522=2.050,2.787,5.637/L523=6.673,5.436,5.396/L524=0.079,0.077,0.099/L525=0.078,0.115,0.149; peak=L523 margin=1.036; split fraction/run=0.355/59; outer edges=91/617; body=7.0+/-2.0/714.0+/-2.0; switch onset=L522; last complete picture=L521; band bottom=L525",521,1,0
37,13537,24,260,262,262,direct,"SP recording; raw picture onset against blank/body midpoint=59.000; VBI=none; raw three-third displacement L259=0.751,1.259,1.738/L260=1.000,1.383,1.457/L261=2.870,6.284,9.649/L262=5.990,0.073,0.096; peak=L261 margin=3.659; split fraction/run=0.136/7; outer edges=7/714; body=7.0+/-2.0/714.0+/-2.0; switch onset=L261; last complete picture=L260; band bottom=L262",260,286,521,525,525,direct,"SP recording; raw first pass-through row is picture; VBI ends at L285; raw three-third displacement L522=1.041,1.310,5.212/L523=6.867,5.826,5.343/L524=0.070,0.076,0.093/L525=0.086,0.121,0.166; peak=L523 margin=1.655; split fraction/run=0.299/58; outer edges=7/621; body=7.0+/-2.0/714.0+/-2.0; switch onset=L522; last complete picture=L521; band bottom=L525",521,1,0
38,13538,24,260,262,262,direct,"SP recording; raw picture onset against blank/body midpoint=59.000; VBI=none; raw three-third displacement L259=0.702,1.233,1.654/L260=0.863,1.447,1.426/L261=2.793,6.151,9.868/L262=5.713,0.069,0.082; peak=L261 margin=4.155; split fraction/run=0.160/8; outer edges=8/714; body=7.0+/-2.0/714.0+/-2.0; switch onset=L261; last complete picture=L260; band bottom=L262",260,286,521,525,525,cv_inspected,"SP recording; raw first pass-through row is picture; VBI ends at L285; raw three-third displacement L522=2.221,2.881,6.425/L523=6.657,5.610,4.977/L524=0.071,0.064,0.091/L525=0.068,0.106,0.161; peak=L523 margin=0.232; split fraction/run=0.407/74; outer edges=109/602; body=7.0+/-2.0/714.0+/-2.0; switch onset=L522; last complete picture=L521; band bottom=L525; row Y(mean/std) L285=1.370/0.483 L286=124.019/27.395 L287=120.128/27.897 L521=94.272/38.544 L522=73.969/40.939 L525=10.195/0.949",521,1,0
39,13539,25,261,-1,262,direct,"SP recording; raw VBI waveform L23; intervening tape row; picture follows; raw three-third displacement L259=0.747,1.089,1.370/L260=0.629,1.156,1.526/L261=0.987,1.371,1.442/L262=2.752,6.311,9.825; peak=L262 margin=8.300; split fraction/run=0.235/12; outer edges=7/714; body=7.0+/-2.0/714.0+/-2.0; switch onset=L262; last complete picture=L261; band bottom=none at clip",261,286,521,525,525,direct,"SP recording; raw first pass-through row is picture; VBI ends at L285; raw three-third displacement L522=1.345,1.352,5.414/L523=6.819,5.529,5.127/L524=0.078,0.076,0.095/L525=0.087,0.104,0.160; peak=L523 margin=1.405; split fraction/run=0.346/68; outer edges=5/611; body=7.0+/-2.0/714.0+/-2.0; switch onset=L522; last complete picture=L521; band bottom=L525",521,2,0
40,13540,25,261,-1,262,direct,"SP recording; raw VBI waveform L23; intervening tape row; picture follows; raw three-third displacement L259=0.803,1.039,1.407/L260=0.693,1.333,1.509/L261=0.911,1.539,1.528/L262=2.944,6.077,9.666; peak=L262 margin=8.127; split fraction/run=0.146/5; outer edges=8/714; body=8.0+/-2.0/714.0+/-2.0; switch onset=L262; last complete picture=L261; band bottom=none at clip",261,286,521,525,525,cv_inspected,"SP recording; raw first pass-through row is picture; VBI ends at L285; raw three-third displacement L522=1.174,1.140,5.299/L523=7.073,5.576,4.514/L524=0.074,0.073,0.083/L525=0.078,0.103,0.170; peak=L523 margin=1.774; split fraction/run=0.407/81; outer edges=6/714; body=8.0+/-2.0/714.0+/-2.0; switch onset=L522; last complete picture=L521; band bottom=L525; row Y(mean/std) L285=1.358/0.479 L286=125.566/27.882 L287=122.866/26.641 L521=94.916/38.988 L522=76.008/44.338 L525=9.613/1.094",521,2,0
41,13541,25,261,-1,262,direct,"SP recording; raw VBI waveform L23; intervening tape row; picture follows; raw three-third displacement L259=0.976,1.043,1.666/L260=0.771,1.174,1.723/L261=0.955,1.587,1.609/L262=2.831,6.247,10.314; peak=L262 margin=8.591; split fraction/run=0.160/9; outer edges=7/714; body=7.0+/-2.0/714.0+/-2.0; switch onset=L262; last complete picture=L261; band bottom=none at clip",261,286,521,525,525,direct,"SP recording; raw first pass-through row is picture; VBI ends at L285; raw three-third displacement L522=1.242,1.528,5.349/L523=6.929,5.724,4.966/L524=0.065,0.070,0.102/L525=0.081,0.108,0.179; peak=L523 margin=1.580; split fraction/run=0.341/66; outer edges=9/616; body=7.0+/-2.0/714.0+/-2.0; switch onset=L522; last complete picture=L521; band bottom=L525",521,2,0
42,13542,24,260,262,262,direct,"SP recording; raw picture onset against blank/body midpoint=59.500; VBI=none; raw three-third displacement L259=0.732,1.357,1.746/L260=0.793,1.469,1.709/L261=2.692,6.649,10.333/L262=5.974,0.082,0.090; peak=L261 margin=4.359; split fraction/run=0.169/10; outer edges=8/714; body=8.0+/-2.0/714.0+/-2.0; switch onset=L261; last complete picture=L260; band bottom=L262",260,286,521,525,525,direct,"SP recording; raw first pass-through row is picture; VBI ends at L285; raw three-third displacement L522=2.061,2.877,4.802/L523=6.896,5.677,4.764/L524=0.082,0.086,0.089/L525=0.089,0.113,0.150; peak=L523 margin=2.094; split fraction/run=0.346/62; outer edges=111/616; body=7.0+/-2.0/714.0+/-2.0; switch onset=L522; last complete picture=L521; band bottom=L525",521,1,0
43,13543,24,260,262,262,direct,"SP recording; raw picture onset against blank/body midpoint=60.000; VBI=none; raw three-third displacement L259=0.625,1.237,1.574/L260=1.077,1.290,1.599/L261=2.723,6.076,9.055/L262=5.684,0.070,0.071; peak=L261 margin=3.372; split fraction/run=0.263/18; outer edges=8/714; body=8.0+/-2.0/714.0+/-2.0; switch onset=L261; last complete picture=L260; band bottom=L262",260,286,521,525,525,direct,"SP recording; raw first pass-through row is picture; VBI ends at L285; raw three-third displacement L522=1.563,1.482,4.676/L523=6.719,5.349,4.734/L524=0.075,0.068,0.077/L525=0.090,0.083,0.132; peak=L523 margin=2.043; split fraction/run=0.346/57; outer edges=4/622; body=7.0+/-2.0/714.0+/-2.0; switch onset=L522; last complete picture=L521; band bottom=L525",521,1,0
44,13544,24,260,262,262,direct,"SP recording; raw picture onset against blank/body midpoint=59.500; VBI=none; raw three-third displacement L259=0.829,1.163,1.647/L260=0.932,1.417,1.564/L261=2.815,5.929,9.250/L262=5.591,0.066,0.080; peak=L261 margin=3.658; split fraction/run=0.225/11; outer edges=8/714; body=8.0+/-2.0/714.0+/-2.0; switch onset=L261; last complete picture=L260; band bottom=L262",260,286,521,525,525,direct,"SP recording; raw first pass-through row is picture; VBI ends at L285; raw three-third displacement L522=2.024,3.196,5.699/L523=6.801,5.365,4.118/L524=0.074,0.077,0.087/L525=0.087,0.107,0.175; peak=L523 margin=1.102; split fraction/run=0.463/85; outer edges=109/714; body=8.0+/-2.0/714.0+/-2.0; switch onset=L522; last complete picture=L521; band bottom=L525",521,1,0
45,13545,25,261,-1,262,direct,"SP recording; raw VBI waveform L23; intervening tape row; picture follows; raw three-third displacement L259=0.906,1.022,1.545/L260=0.745,1.219,1.682/L261=1.042,1.430,1.592/L262=2.882,5.876,10.039; peak=L262 margin=8.356; split fraction/run=0.160/7; outer edges=6/714; body=7.0+/-2.0/714.0+/-2.0; switch onset=L262; last complete picture=L261; band bottom=none at clip",261,286,521,525,525,direct,"SP recording; raw first pass-through row is picture; VBI ends at L285; raw three-third displacement L522=1.251,1.198,4.350/L523=6.816,5.570,5.207/L524=0.068,0.071,0.086/L525=0.090,0.111,0.131; peak=L523 margin=2.465; split fraction/run=0.304/53; outer edges=6/625; body=8.0+/-2.0/714.0+/-2.0; switch onset=L522; last complete picture=L521; band bottom=L525",521,2,0
46,13546,24,260,262,262,direct,"SP recording; raw picture onset against blank/body midpoint=59.500; VBI=none; raw three-third displacement L259=0.626,1.069,1.646/L260=0.902,1.194,1.602/L261=2.185,5.914,10.588/L262=6.487,0.066,0.088; peak=L261 margin=4.101; split fraction/run=0.178/9; outer edges=7/714; body=7.0+/-2.0/714.0+/-2.0; switch onset=L261; last complete picture=L260; band bottom=L262",260,286,521,525,525,direct,"SP recording; raw first pass-through row is picture; VBI ends at L285; raw three-third displacement L522=1.063,1.447,2.788/L523=6.756,5.833,7.574/L524=0.061,0.074,0.073/L525=0.084,0.107,0.141; peak=L523 margin=4.786; split fraction/run=0.168/20; outer edges=6/658; body=8.0+/-2.0/714.0+/-2.0; switch onset=L522; last complete picture=L521; band bottom=L525",521,1,0
47,13547,24,260,262,262,direct,"SP recording; raw picture onset against blank/body midpoint=60.000; VBI=none; raw three-third displacement L259=0.759,1.156,1.147/L260=0.816,1.338,1.560/L261=1.931,6.305,9.748/L262=6.717,0.083,0.097; peak=L261 margin=3.031; split fraction/run=0.315/8; outer edges=8/714; body=8.0+/-2.0/714.0+/-2.0; switch onset=L261; last complete picture=L260; band bottom=L262",260,286,521,525,525,direct,"SP recording; raw first pass-through row is picture; VBI ends at L285; raw three-third displacement L522=1.102,1.343,1.524/L523=7.253,5.605,8.766/L524=0.065,0.084,0.088/L525=0.074,0.137,0.195; peak=L523 margin=7.243; split fraction/run=0.089/8; outer edges=6/674; body=7.0+/-2.0/714.0+/-2.0; switch onset=L522; last complete picture=L521; band bottom=L525",521,1,0
48,13548,24,260,262,262,direct,"SP recording; raw picture onset against blank/body midpoint=60.000; VBI=none; raw three-third displacement L259=0.877,1.047,1.439/L260=0.714,1.313,1.697/L261=1.358,5.883,10.138/L262=7.346,1.296,0.079; peak=L261 margin=2.792; split fraction/run=0.286/13; outer edges=7/713; body=7.0+/-2.0/714.0+/-2.0; switch onset=L261; last complete picture=L260; band bottom=L262",260,286,522,525,525,direct,"SP recording; raw first pass-through row is picture; VBI ends at L285; raw three-third displacement L522=1.195,0.688,0.933/L523=11.126,3.228,8.494/L524=0.108,0.067,0.076/L525=0.126,0.147,0.195; peak=L523 margin=9.931; split fraction/run=0.080/5; outer edges=7/714; body=8.0+/-2.0/714.0+/-2.0; switch onset=L523; last complete picture=L522; band bottom=L525",522,1,0
49,13549,23,259,262,262,direct,"SP recording; raw picture onset against blank/body midpoint=62.500; VBI=none; raw three-third displacement L259=1.308,0.726,0.991/L260=1.271,3.002,8.978/L261=11.212,0.887,0.086/L262=0.106,0.060,0.078; peak=L261 margin=2.234; split fraction/run=1.000/353; outer edges=2/714; body=7.0+/-2.0/714.0+/-2.0; switch onset=L260; last complete picture=L259; band bottom=L262",259,286,522,525,525,direct,"SP recording; raw first pass-through row is picture; VBI ends at L285; raw three-third displacement L522=1.487,0.884,1.313/L523=11.346,3.580,8.762/L524=0.116,0.054,0.083/L525=0.117,0.087,0.136; peak=L523 margin=9.859; split fraction/run=0.085/9; outer edges=2/712; body=7.0+/-2.0/714.0+/-2.0; switch onset=L523; last complete picture=L522; band bottom=L525",522,0,0
50,13550,23,259,262,262,direct,"SP recording; raw picture onset against blank/body midpoint=62.500; VBI=none; raw three-third displacement L259=1.169,0.612,1.039/L260=1.009,2.553,9.572/L261=12.386,1.603,0.093/L262=0.124,0.068,0.076; peak=L261 margin=2.814; split fraction/run=1.000/320; outer edges=7/714; body=7.0+/-2.0/714.0+/-2.0; switch onset=L260; last complete picture=L259; band bottom=L262",259,286,521,525,525,direct,"SP recording; raw first pass-through row is picture; VBI ends at L285; raw three-third displacement L522=2.487,1.160,2.243/L523=11.834,3.428,9.627/L524=0.102,0.069,0.082/L525=0.111,0.095,0.138; peak=L523 margin=9.347; split fraction/run=0.178/14; outer edges=14/700; body=8.0+/-2.0/714.0+/-2.0; switch onset=L522; last complete picture=L521; band bottom=L525",521,0,0
51,13551,23,259,262,262,direct,"SP recording; raw picture onset against blank/body midpoint=62.500; VBI=none; raw three-third displacement L259=1.286,0.557,0.771/L260=1.470,2.162,8.940/L261=11.861,1.926,0.089/L262=0.120,0.063,0.097; peak=L261 margin=2.922; split fraction/run=1.000/304; outer edges=3/714; body=7.0+/-2.0/714.0+/-2.0; switch onset=L260; last complete picture=L259; band bottom=L262",259,286,522,525,525,direct,"SP recording; raw first pass-through row is picture; VBI ends at L285; raw three-third displacement L522=1.185,0.576,1.018/L523=11.431,3.287,8.648/L524=0.107,0.066,0.074/L525=0.113,0.145,0.186; peak=L523 margin=10.246; split fraction/run=0.047/5; outer edges=5/714; body=7.0+/-2.0/714.0+/-2.0; switch onset=L523; last complete picture=L522; band bottom=L525",522,0,0
52,13552,23,259,262,262,direct,"SP recording; raw picture onset against blank/body midpoint=62.500; VBI=none; raw three-third displacement L259=1.254,0.597,0.986/L260=1.304,1.911,9.041/L261=11.714,2.079,0.080/L262=0.123,0.054,0.074; peak=L261 margin=2.673; split fraction/run=1.000/290; outer edges=6/714; body=8.0+/-2.0/714.0+/-2.0; switch onset=L260; last complete picture=L259; band bottom=L262",259,286,522,525,525,direct,"SP recording; raw first pass-through row is picture; VBI ends at L285; raw three-third displacement L522=1.389,0.693,0.855/L523=12.318,3.405,9.375/L524=0.125,0.067,0.090/L525=0.135,0.115,0.173; peak=L523 margin=10.929; split fraction/run=0.080/9; outer edges=8/713; body=7.0+/-2.0/714.0+/-2.0; switch onset=L523; last complete picture=L522; band bottom=L525",522,0,0
53,13553,23,259,262,262,direct,"SP recording; raw picture onset against blank/body midpoint=62.500; VBI=none; raw three-third displacement L259=1.333,0.688,0.848/L260=2.346,2.580,9.266/L261=11.563,2.161,0.099/L262=0.138,0.070,0.087; peak=L261 margin=2.297; split fraction/run=1.000/289; outer edges=14/714; body=7.0+/-2.0/714.0+/-2.0; switch onset=L260; last complete picture=L259; band bottom=L262",259,286,522,525,525,direct,"SP recording; raw first pass-through row is picture; VBI ends at L285; raw three-third displacement L522=1.226,0.673,1.089/L523=11.436,3.433,8.732/L524=0.110,0.063,0.091/L525=0.121,0.156,0.229; peak=L523 margin=10.209; split fraction/run=0.113/9; outer edges=7/713; body=8.0+/-2.0/714.0+/-2.0; switch onset=L523; last complete picture=L522; band bottom=L525",522,0,0
54,13554,23,259,262,262,direct,"SP recording; raw picture onset against blank/body midpoint=62.000; VBI=none; raw three-third displacement L259=1.306,0.678,0.905/L260=0.977,1.612,9.123/L261=12.046,2.503,0.095/L262=0.118,0.060,0.083; peak=L261 margin=2.923; split fraction/run=1.000/267; outer edges=6/714; body=7.0+/-2.0/714.0+/-2.0; switch onset=L260; last complete picture=L259; band bottom=L262",259,286,522,525,525,direct,"SP recording; raw first pass-through row is picture; VBI ends at L285; raw three-third displacement L522=1.405,0.692,0.930/L523=11.539,3.212,8.244/L524=0.110,0.061,0.078/L525=0.127,0.152,0.199; peak=L523 margin=10.135; split fraction/run=0.103/15; outer edges=6/714; body=7.0+/-2.0/714.0+/-2.0; switch onset=L523; last complete picture=L522; band bottom=L525",522,0,0
55,13555,23,259,262,262,direct,"SP recording; raw picture onset against blank/body midpoint=62.000; VBI=none; raw three-third displacement L259=1.327,0.650,0.945/L260=1.671,1.887,8.981/L261=11.379,2.069,0.096/L262=0.103,0.067,0.095; peak=L261 margin=2.398; split fraction/run=1.000/280; outer edges=5/714; body=8.0+/-2.0/714.0+/-2.0; switch onset=L260; last complete picture=L259; band bottom=L262",259,286,522,525,525,direct,"SP recording; raw first pass-through row is picture; VBI ends at L285; raw three-third displacement L522=1.286,0.719,1.135/L523=11.929,3.452,9.644/L524=0.116,0.060,0.087/L525=0.132,0.127,0.198; peak=L523 margin=10.643; split fraction/run=0.089/7; outer edges=8/714; body=7.0+/-2.0/714.0+/-2.0; switch onset=L523; last complete picture=L522; band bottom=L525",522,0,0
56,13556,23,259,262,262,direct,"SP recording; raw picture onset against blank/body midpoint=63.000; VBI=none; raw three-third displacement L259=1.354,0.627,0.844/L260=1.191,2.030,9.727/L261=11.843,2.418,0.102/L262=0.111,0.067,0.094; peak=L261 margin=2.117; split fraction/run=1.000/281; outer edges=6/714; body=7.0+/-2.0/714.0+/-2.0; switch onset=L260; last complete picture=L259; band bottom=L262",259,286,522,525,525,direct,"SP recording; raw first pass-through row is picture; VBI ends at L285; raw three-third displacement L522=1.455,0.729,0.956/L523=12.143,3.389,9.543/L524=0.110,0.066,0.096/L525=0.106,0.146,0.222; peak=L523 margin=10.688; split fraction/run=0.094/6; outer edges=7/714; body=8.0+/-2.0/714.0+/-2.0; switch onset=L523; last complete picture=L522; band bottom=L525",522,0,0
57,13557,23,259,262,262,direct,"SP recording; raw picture onset against blank/body midpoint=63.000; VBI=none; raw three-third displacement L259=1.385,0.650,0.882/L260=1.349,2.237,9.482/L261=12.442,2.024,0.085/L262=0.114,0.063,0.095; peak=L261 margin=2.960; split fraction/run=1.000/294; outer edges=8/714; body=7.0+/-2.0/714.0+/-2.0; switch onset=L260; last complete picture=L259; band bottom=L262",259,286,522,525,525,direct,"SP recording; raw first pass-through row is picture; VBI ends at L285; raw three-third displacement L522=1.188,0.696,0.995/L523=11.486,3.305,8.982/L524=0.118,0.067,0.094/L525=0.133,0.114,0.172; peak=L523 margin=10.298; split fraction/run=0.108/8; outer edges=6/713; body=7.0+/-2.0/714.0+/-2.0; switch onset=L523; last complete picture=L522; band bottom=L525",522,0,0
58,13558,23,259,262,262,direct,"SP recording; raw picture onset against blank/body midpoint=63.500; VBI=none; raw three-third displacement L259=1.154,0.753,0.917/L260=1.516,2.274,9.555/L261=11.584,1.801,0.091/L262=0.107,0.063,0.084; peak=L261 margin=2.029; split fraction/run=1.000/304; outer edges=3/714; body=7.0+/-2.0/714.0+/-2.0; switch onset=L260; last complete picture=L259; band bottom=L262",259,286,521,525,525,direct,"SP recording; raw first pass-through row is picture; VBI ends at L285; raw three-third displacement L522=2.627,1.283,2.772/L523=11.274,3.199,9.745/L524=0.126,0.070,0.097/L525=0.139,0.134,0.160; peak=L523 margin=8.502; split fraction/run=0.174/15; outer edges=14/701; body=7.0+/-2.0/714.0+/-2.0; switch onset=L522; last complete picture=L521; band bottom=L525",521,0,0
59,13559,23,259,262,262,direct,"SP recording; raw picture onset against blank/body midpoint=63.500; VBI=none; raw three-third displacement L259=1.076,0.736,1.161/L260=1.569,2.773,9.261/L261=11.110,0.959,0.102/L262=0.135,0.066,0.099; peak=L261 margin=1.849; split fraction/run=1.000/340; outer edges=3/714; body=7.0+/-2.0/714.0+/-2.0; switch onset=L260; last complete picture=L259; band bottom=L262",259,286,521,525,525,cv_inspected,"SP recording; raw first pass-through row is picture; VBI ends at L285; raw three-third displacement L522=1.549,0.807,1.424/L523=11.428,3.096,9.060/L524=0.102,0.064,0.071/L525=0.107,0.129,0.155; peak=L523 margin=9.879; split fraction/run=0.141/9; outer edges=4/709; body=7.0+/-2.0/714.0+/-2.0; switch onset=L522; last complete picture=L521; band bottom=L525; row Y(mean/std) L285=1.375/0.484 L286=113.150/32.134 L287=112.845/32.416 L521=81.591/36.876 L522=77.469/37.805 L525=10.030/0.929",521,0,0
60,13560,23,259,262,262,direct,"SP recording; raw picture onset against blank/body midpoint=64.000; VBI=none; raw three-third displacement L259=1.446,0.636,1.091/L260=1.252,3.016,9.021/L261=11.559,0.931,0.090/L262=0.124,0.062,0.089; peak=L261 margin=2.537; split fraction/run=1.000/350; outer edges=7/714; body=7.0+/-2.0/714.0+/-2.0; switch onset=L260; last complete picture=L259; band bottom=L262",259,286,521,525,525,cv_inspected,"SP recording; raw first pass-through row is picture; VBI ends at L285; raw three-third displacement L522=1.649,0.787,1.335/L523=10.434,2.920,8.852/L524=0.120,0.062,0.082/L525=0.130,0.121,0.158; peak=L523 margin=8.785; split fraction/run=0.066/5; outer edges=4/710; body=7.0+/-2.0/714.0+/-2.0; switch onset=L522; last complete picture=L521; band bottom=L525; row Y(mean/std) L285=1.381/0.486 L286=112.269/32.518 L287=112.761/32.064 L521=78.384/35.801 L522=74.348/36.458 L525=10.022/0.884",521,0,0
61,13561,23,259,262,262,direct,"SP recording; raw picture onset against blank/body midpoint=63.500; VBI=none; raw three-third displacement L259=1.180,0.537,0.940/L260=1.481,2.454,8.649/L261=11.758,0.772,0.087/L262=0.123,0.055,0.071; peak=L261 margin=3.110; split fraction/run=1.000/356; outer edges=5/714; body=7.0+/-2.0/714.0+/-2.0; switch onset=L260; last complete picture=L259; band bottom=L262",259,286,521,525,525,cv_inspected,"SP recording; raw first pass-through row is picture; VBI ends at L285; raw three-third displacement L522=1.677,0.670,1.570/L523=11.209,2.781,9.478/L524=0.150,0.067,0.095/L525=0.116,0.118,0.161; peak=L523 margin=9.532; split fraction/run=0.061/5; outer edges=3/710; body=7.0+/-2.0/714.0+/-2.0; switch onset=L522; last complete picture=L521; band bottom=L525; row Y(mean/std) L285=1.375/0.484 L286=111.450/32.245 L287=111.789/32.667 L521=75.639/37.550 L522=75.544/37.672 L525=10.011/0.914",521,0,0
62,13562,23,259,262,262,direct,"SP recording; raw picture onset against blank/body midpoint=64.500; VBI=none; raw three-third displacement L259=1.263,0.610,1.127/L260=1.202,2.743,9.513/L261=11.603,0.773,0.089/L262=0.131,0.048,0.075; peak=L261 margin=2.090; split fraction/run=1.000/358; outer edges=8/714; body=7.0+/-2.0/714.0+/-2.0; switch onset=L260; last complete picture=L259; band bottom=L262",259,286,521,525,525,direct,"SP recording; raw first pass-through row is picture; VBI ends at L285; raw three-third displacement L522=1.402,0.816,1.172/L523=11.395,3.013,9.172/L524=0.125,0.054,0.092/L525=0.121,0.114,0.179; peak=L523 margin=9.993; split fraction/run=0.075/6; outer edges=4/697; body=7.0+/-2.0/714.0+/-2.0; switch onset=L522; last complete picture=L521; band bottom=L525",521,0,0
63,13563,24,260,262,262,direct,"SP recording; raw picture onset against blank/body midpoint=65.000; VBI=none; raw three-third displacement L259=1.359,0.709,0.999/L260=1.435,0.658,0.749/L261=1.483,3.179,9.649/L262=12.792,0.418,0.090; peak=L262 margin=3.143; split fraction/run=1.000/366; outer edges=5/714; body=7.0+/-2.0/714.0+/-2.0; switch onset=L261; last complete picture=L260; band bottom=L262",260,286,521,525,525,direct,"SP recording; raw first pass-through row is picture; VBI ends at L285; raw three-third displacement L522=1.400,0.793,1.475/L523=11.418,3.238,8.955/L524=0.149,0.064,0.089/L525=0.140,0.068,0.114; peak=L523 margin=9.943; split fraction/run=0.052/6; outer edges=2/705; body=7.0+/-2.0/714.0+/-2.0; switch onset=L522; last complete picture=L521; band bottom=L525",521,1,0
64,13564,23,259,262,262,direct,"SP recording; raw picture onset against blank/body midpoint=64.000; VBI=none; raw three-third displacement L259=1.226,0.518,1.058/L260=1.043,2.714,9.792/L261=12.132,0.777,0.093/L262=0.102,0.057,0.094; peak=L261 margin=2.340; split fraction/run=1.000/356; outer edges=5/714; body=7.0+/-2.0/714.0+/-2.0; switch onset=L260; last complete picture=L259; band bottom=L262",259,286,522,525,525,direct,"SP recording; raw first pass-through row is picture; VBI ends at L285; raw three-third displacement L522=1.081,0.708,1.079/L523=11.878,3.335,9.245/L524=0.110,0.061,0.085/L525=0.112,0.077,0.105; peak=L523 margin=10.797; split fraction/run=0.113/9; outer edges=5/712; body=7.0+/-2.0/714.0+/-2.0; switch onset=L523; last complete picture=L522; band bottom=L525",522,0,0
65,13565,23,259,262,262,direct,"SP recording; raw picture onset against blank/body midpoint=64.500; VBI=none; raw three-third displacement L259=1.196,0.513,0.967/L260=2.144,2.950,9.345/L261=11.917,0.604,0.092/L262=0.120,0.057,0.085; peak=L261 margin=2.573; split fraction/run=1.000/364; outer edges=0/714; body=8.0+/-2.0/714.0+/-2.0; switch onset=L260; last complete picture=L259; band bottom=L262",259,286,521,525,525,direct,"SP recording; raw first pass-through row is picture; VBI ends at L285; raw three-third displacement L522=1.280,0.629,1.174/L523=11.740,3.160,9.323/L524=0.106,0.054,0.096/L525=0.108,0.085,0.127; peak=L523 margin=10.460; split fraction/run=0.070/5; outer edges=6/695; body=7.0+/-2.0/714.0+/-2.0; switch onset=L522; last complete picture=L521; band bottom=L525",521,0,0
66,13566,24,260,262,262,direct,"SP recording; raw picture onset against blank/body midpoint=64.000; VBI=none; raw three-third displacement L259=1.247,0.555,0.996/L260=1.152,0.584,1.074/L261=1.983,3.224,9.163/L262=11.504,0.078,0.076; peak=L262 margin=2.341; split fraction/run=1.000/356; outer edges=0/714; body=7.0+/-2.0/714.0+/-2.0; switch onset=L261; last complete picture=L260; band bottom=L262",260,286,521,525,525,direct,"SP recording; raw first pass-through row is picture; VBI ends at L285; raw three-third displacement L522=1.400,0.711,1.298/L523=11.751,3.222,8.890/L524=0.131,0.061,0.073/L525=0.143,0.092,0.150; peak=L523 margin=10.351; split fraction/run=0.113/5; outer edges=5/683; body=7.0+/-2.0/714.0+/-2.0; switch onset=L522; last complete picture=L521; band bottom=L525",521,1,0
67,13567,24,260,262,262,direct,"SP recording; raw picture onset against blank/body midpoint=64.000; VBI=none; raw three-third displacement L259=1.173,0.604,1.060/L260=1.114,0.783,0.984/L261=1.362,3.503,9.706/L262=12.601,0.089,0.097; peak=L262 margin=2.895; split fraction/run=1.000/356; outer edges=7/714; body=8.0+/-2.0/714.0+/-2.0; switch onset=L261; last complete picture=L260; band bottom=L262",260,286,521,525,525,direct,"SP recording; raw first pass-through row is picture; VBI ends at L285; raw three-third displacement L522=1.190,0.697,1.305/L523=11.804,3.255,9.986/L524=0.137,0.057,0.088/L525=0.131,0.087,0.169; peak=L523 margin=10.498; split fraction/run=0.085/6; outer edges=5/684; body=7.0+/-2.0/714.0+/-2.0; switch onset=L522; last complete picture=L521; band bottom=L525",521,1,0
68,13568,24,260,262,262,direct,"SP recording; raw picture onset against blank/body midpoint=64.000; VBI=none; raw three-third displacement L259=1.032,0.637,1.034/L260=1.225,0.669,1.028/L261=2.367,3.778,10.323/L262=12.306,0.180,0.093; peak=L262 margin=1.983; split fraction/run=1.000/358; outer edges=14/714; body=7.0+/-2.0/714.0+/-2.0; switch onset=L261; last complete picture=L260; band bottom=L262",260,286,521,525,525,direct,"SP recording; raw first pass-through row is picture; VBI ends at L285; raw three-third displacement L522=1.359,0.706,1.344/L523=11.842,3.696,9.391/L524=0.093,0.058,0.081/L525=0.125,0.105,0.167; peak=L523 margin=10.483; split fraction/run=0.047/5; outer edges=5/684; body=7.0+/-2.0/714.0+/-2.0; switch onset=L522; last complete picture=L521; band bottom=L525",521,1,0
69,13569,24,260,262,262,direct,"SP recording; raw picture onset against blank/body midpoint=64.500; VBI=none; raw three-third displacement L259=1.363,0.706,1.246/L260=1.104,0.653,0.955/L261=1.398,3.598,9.990/L262=12.272,0.064,0.096; peak=L262 margin=2.283; split fraction/run=1.000/359; outer edges=6/714; body=8.0+/-2.0/714.0+/-2.0; switch onset=L261; last complete picture=L260; band bottom=L262",260,286,521,525,525,direct,"SP recording; raw first pass-through row is picture; VBI ends at L285; raw three-third displacement L522=2.287,1.248,3.084/L523=11.985,3.673,8.439/L524=0.131,0.066,0.076/L525=0.108,0.113,0.143; peak=L523 margin=8.901; split fraction/run=0.131/16; outer edges=10/661; body=7.0+/-2.0/714.0+/-2.0; switch onset=L522; last complete picture=L521; band bottom=L525",521,1,0
70,13570,24,260,262,262,direct,"SP recording; raw picture onset against blank/body midpoint=63.000; VBI=none; raw three-third displacement L259=1.177,0.720,0.954/L260=1.063,0.649,0.972/L261=1.855,3.726,9.658/L262=11.772,0.064,0.086; peak=L262 margin=2.114; split fraction/run=1.000/360; outer edges=6/714; body=7.0+/-2.0/714.0+/-2.0; switch onset=L261; last complete picture=L260; band bottom=L262",260,286,521,525,525,direct,"SP recording; raw first pass-through row is picture; VBI ends at L285; raw three-third displacement L522=1.542,0.717,2.641/L523=11.704,3.267,7.460/L524=0.129,0.059,0.087/L525=0.139,0.111,0.148; peak=L523 margin=9.063; split fraction/run=0.136/28; outer edges=9/650; body=7.0+/-2.0/714.0+/-2.0; switch onset=L522; last complete picture=L521; band bottom=L525",521,1,0
71,13571,24,260,262,262,direct,"SP recording; raw picture onset against blank/body midpoint=63.000; VBI=none; raw three-third displacement L259=1.198,0.619,1.122/L260=1.282,0.692,1.014/L261=1.748,3.694,9.727/L262=12.451,0.067,0.095; peak=L262 margin=2.724; split fraction/run=1.000/363; outer edges=3/714; body=8.0+/-2.0/714.0+/-2.0; switch onset=L261; last complete picture=L260; band bottom=L262",260,286,521,525,525,direct,"SP recording; raw first pass-through row is picture; VBI ends at L285; raw three-third displacement L522=1.656,0.719,2.613/L523=11.931,3.462,8.474/L524=0.116,0.056,0.081/L525=0.134,0.120,0.149; peak=L523 margin=9.318; split fraction/run=0.140/23; outer edges=3/653; body=7.0+/-2.0/714.0+/-2.0; switch onset=L522; last complete picture=L521; band bottom=L525",521,1,0
72,13572,24,260,262,262,direct,"SP recording; raw picture onset against blank/body midpoint=64.000; VBI=none; raw three-third displacement L259=1.324,0.759,0.932/L260=1.376,0.650,0.938/L261=1.418,3.972,9.752/L262=11.989,0.052,0.078; peak=L262 margin=2.237; split fraction/run=1.000/358; outer edges=7/714; body=7.0+/-2.0/714.0+/-2.0; switch onset=L261; last complete picture=L260; band bottom=L262",260,286,521,525,525,direct,"SP recording; raw first pass-through row is picture; VBI ends at L285; raw three-third displacement L522=2.095,1.196,1.984/L523=11.285,3.393,9.434/L524=0.107,0.067,0.081/L525=0.125,0.119,0.134; peak=L523 margin=9.191; split fraction/run=0.188/14; outer edges=1/701; body=7.0+/-2.0/714.0+/-2.0; switch onset=L522; last complete picture=L521; band bottom=L525",521,1,0
73,13573,24,260,262,262,direct,"SP recording; raw picture onset against blank/body midpoint=62.000; VBI=none; raw three-third displacement L259=1.128,0.594,0.883/L260=1.248,0.697,0.926/L261=1.224,0.655,8.163/L262=12.075,3.533,1.041; peak=L262 margin=3.912; split fraction/run=0.827/177; outer edges=5/714; body=8.0+/-2.0/714.0+/-2.0; switch onset=L261; last complete picture=L260; band bottom=L262",260,286,522,525,525,direct,"SP recording; raw first pass-through row is picture; VBI ends at L285; raw three-third displacement L522=1.566,0.733,1.024/L523=1.438,2.821,8.905/L524=11.880,0.820,0.083/L525=0.120,0.078,0.118; peak=L524 margin=2.974; split fraction/run=1.000/352; outer edges=6/714; body=8.0+/-2.0/714.0+/-2.0; switch onset=L523; last complete picture=L522; band bottom=L525",522,1,0
74,13574,23,260,262,262,direct,"SP recording; raw picture onset against blank/body midpoint=62.000; VBI=none; raw three-third displacement L259=1.348,0.636,0.900/L260=1.303,0.607,0.883/L261=12.153,3.442,9.470/L262=0.121,0.066,0.077; peak=L261 margin=10.805; split fraction/run=0.038/3; outer edges=6/714; body=7.0+/-2.0/714.0+/-2.0; switch onset=L261; last complete picture=L260; band bottom=L262",260,286,522,525,525,cv_inspected,"SP recording; raw first pass-through row is picture; VBI ends at L285; raw three-third displacement L522=1.228,0.793,0.852/L523=2.655,1.302,7.631/L524=12.682,3.739,4.846/L525=0.105,0.060,0.083; peak=L524 margin=5.051; split fraction/run=0.439/91; outer edges=14/714; body=8.0+/-2.0/714.0+/-2.0; switch onset=L523; last complete picture=L522; band bottom=L525; row Y(mean/std) L285=1.378/0.485 L286=111.350/30.782 L287=110.633/31.581 L522=84.088/36.314 L523=71.558/38.942 L525=10.730/0.861",522,0,0
75,13575,24,261,-1,262,direct,"SP recording; raw picture onset against blank/body midpoint=62.000; VBI=none; raw three-third displacement L259=1.052,0.846,0.897/L260=1.292,0.757,1.210/L261=1.557,0.718,0.890/L262=7.895,3.628,9.134; peak=L262 margin=7.577; split fraction/run=0.117/7; outer edges=7/714; body=7.0+/-2.0/714.0+/-2.0; switch onset=L262; last complete picture=L261; band bottom=none at clip",261,286,521,525,525,direct,"SP recording; raw first pass-through row is picture; VBI ends at L285; raw three-third displacement L522=2.290,1.377,8.472/L523=12.043,3.632,1.168/L524=0.114,0.062,0.087/L525=0.129,0.091,0.116; peak=L523 margin=3.571; split fraction/run=0.822/174; outer edges=15/714; body=7.0+/-2.0/714.0+/-2.0; switch onset=L522; last complete picture=L521; band bottom=L525",521,1,0
76,13576,23,260,262,262,direct,"SP recording; raw picture onset against blank/body midpoint=62.000; VBI=none; raw three-third displacement L259=1.438,0.614,0.897/L260=1.047,0.691,0.814/L261=10.368,3.525,9.143/L262=2.504,0.077,0.085; peak=L261 margin=7.865; split fraction/run=0.042/6; outer edges=7/714; body=7.0+/-2.0/714.0+/-2.0; switch onset=L261; last complete picture=L260; band bottom=L262",260,286,523,525,525,direct,"SP recording; raw first pass-through row is picture; VBI ends at L285; raw three-third displacement L522=1.432,0.601,0.880/L523=1.027,0.695,0.831/L524=10.313,3.519,9.196/L525=2.511,0.064,0.088; peak=L524 margin=7.802; split fraction/run=0.038/3; outer edges=7/714; body=7.0+/-2.0/714.0+/-2.0; switch onset=L524; last complete picture=L523; band bottom=L525",523,0,0
77,13577,23,260,262,262,direct,"SP recording; raw picture onset against blank/body midpoint=62.000; VBI=none; raw three-third displacement L259=1.437,0.607,0.888/L260=1.045,0.678,0.818/L261=10.357,3.507,9.157/L262=2.507,0.068,0.077; peak=L261 margin=7.850; split fraction/run=0.042/3; outer edges=7/714; body=7.0+/-2.0/714.0+/-2.0; switch onset=L261; last complete picture=L260; band bottom=L262",260,286,521,525,525,direct,"SP recording; raw first pass-through row is picture; VBI ends at L285; raw three-third displacement L522=1.331,0.893,9.015/L523=12.545,3.944,0.456/L524=0.115,0.058,0.077/L525=0.144,0.094,0.117; peak=L523 margin=3.530; split fraction/run=0.925/198; outer edges=4/714; body=7.0+/-2.0/714.0+/-2.0; switch onset=L522; last complete picture=L521; band bottom=L525",521,0,0
78,13578,23,258,262,262,direct,"SP recording; raw picture onset against blank/body midpoint=62.500; VBI=none; raw three-third displacement L259=2.294,1.908,9.325/L260=12.294,2.816,0.083/L261=0.118,0.070,0.084/L262=0.142,0.111,0.130; peak=L260 margin=2.969; split fraction/run=1.000/255; outer edges=15/714; body=7.0+/-2.0/714.0+/-2.0; switch onset=L259; last complete picture=L258; band bottom=L262",258,286,522,525,525,direct,"SP recording; raw first pass-through row is picture; VBI ends at L285; raw three-third displacement L522=1.262,0.672,0.839/L523=11.715,3.290,9.193/L524=0.112,0.074,0.105/L525=0.130,0.108,0.139; peak=L523 margin=10.453; split fraction/run=0.056/5; outer edges=6/714; body=7.0+/-2.0/714.0+/-2.0; switch onset=L523; last complete picture=L522; band bottom=L525",522,0,0
79,13579,23,259,262,262,direct,"SP recording; raw picture onset against blank/body midpoint=62.000; VBI=none; raw three-third displacement L259=1.462,0.793,1.091/L260=1.721,2.131,10.059/L261=13.118,2.150,0.081/L262=0.127,0.063,0.088; peak=L261 margin=3.059; split fraction/run=1.000/298; outer edges=5/714; body=7.0+/-2.0/714.0+/-2.0; switch onset=L260; last complete picture=L259; band bottom=L262",259,286,522,525,525,direct,"SP recording; raw first pass-through row is picture; VBI ends at L285; raw three-third displacement L522=1.338,0.605,1.164/L523=11.951,3.759,9.480/L524=0.114,0.081,0.119/L525=0.110,0.086,0.123; peak=L523 margin=10.613; split fraction/run=0.070/14; outer edges=5/713; body=7.0+/-2.0/714.0+/-2.0; switch onset=L523; last complete picture=L522; band bottom=L525",522,0,0
80,13580,23,259,262,262,direct,"SP recording; raw picture onset against blank/body midpoint=62.000; VBI=none; raw three-third displacement L259=1.497,0.583,1.004/L260=1.261,2.677,9.334/L261=12.313,1.293,0.080/L262=0.109,0.060,0.083; peak=L261 margin=2.980; split fraction/run=1.000/331; outer edges=6/714; body=7.0+/-2.0/714.0+/-2.0; switch onset=L260; last complete picture=L259; band bottom=L262",259,286,521,525,525,direct,"SP recording; raw first pass-through row is picture; VBI ends at L285; raw three-third displacement L522=2.684,1.391,2.278/L523=11.576,3.382,10.035/L524=0.115,0.062,0.096/L525=0.126,0.080,0.164; peak=L523 margin=8.892; split fraction/run=0.178/18; outer edges=15/703; body=7.0+/-2.0/714.0+/-2.0; switch onset=L522; last complete picture=L521; band bottom=L525",521,0,0
81,13581,23,259,262,262,direct,"SP recording; raw picture onset against blank/body midpoint=62.000; VBI=none; raw three-third displacement L259=1.352,0.542,0.977/L260=1.665,3.104,9.471/L261=12.472,1.040,0.077/L262=0.098,0.061,0.081; peak=L261 margin=3.001; split fraction/run=1.000/362; outer edges=5/714; body=7.0+/-2.0/714.0+/-2.0; switch onset=L260; last complete picture=L259; band bottom=L262",259,286,522,525,525,direct,"SP recording; raw first pass-through row is picture; VBI ends at L285; raw three-third displacement L522=1.402,0.841,1.244/L523=11.946,3.529,9.314/L524=0.109,0.062,0.083/L525=0.116,0.087,0.124; peak=L523 margin=10.544; split fraction/run=0.113/7; outer edges=4/712; body=7.0+/-2.0/714.0+/-2.0; switch onset=L523; last complete picture=L522; band bottom=L525",522,0,0
82,13582,23,259,262,262,direct,"SP recording; raw picture onset against blank/body midpoint=62.000; VBI=none; raw three-third displacement L259=1.342,0.698,0.993/L260=2.616,3.669,9.415/L261=12.371,0.291,0.076/L262=0.114,0.064,0.080; peak=L261 margin=2.956; split fraction/run=1.000/360; outer edges=15/714; body=7.0+/-2.0/714.0+/-2.0; switch onset=L260; last complete picture=L259; band bottom=L262",259,286,521,525,525,direct,"SP recording; raw first pass-through row is picture; VBI ends at L285; raw three-third displacement L522=1.633,0.785,1.224/L523=11.749,3.451,9.584/L524=0.119,0.055,0.074/L525=0.114,0.086,0.103; peak=L523 margin=10.115; split fraction/run=0.141/8; outer edges=4/684; body=7.0+/-2.0/714.0+/-2.0; switch onset=L522; last complete picture=L521; band bottom=L525",521,0,0
83,13583,24,260,262,262,direct,"SP recording; raw picture onset against blank/body midpoint=63.000; VBI=none; raw three-third displacement L259=1.135,0.626,0.885/L260=1.209,0.603,0.861/L261=1.375,3.596,9.605/L262=13.053,0.085,0.081; peak=L262 margin=3.448; split fraction/run=1.000/282; outer edges=6/714; body=7.0+/-2.0/714.0+/-2.0; switch onset=L261; last complete picture=L260; band bottom=L262",260,286,521,525,525,direct,"SP recording; raw first pass-through row is picture; VBI ends at L285; raw three-third displacement L522=1.665,0.792,2.122/L523=12.286,3.664,8.789/L524=0.114,0.060,0.077/L525=0.115,0.095,0.115; peak=L523 margin=10.165; split fraction/run=0.093/17; outer edges=4/659; body=7.0+/-2.0/714.0+/-2.0; switch onset=L522; last complete picture=L521; band bottom=L525",521,1,0
84,13584,24,260,262,262,cv_inspected,"SP recording; raw picture onset against blank/body midpoint=62.000; VBI=none; raw three-third displacement L259=0.923,0.641,0.833/L260=1.334,0.687,0.940/L261=3.308,3.942,10.229/L262=10.695,0.054,0.079; peak=L262 margin=0.466; split fraction/run=1.000/383; outer edges=14/714; body=7.0+/-2.0/714.0+/-2.0; switch onset=L261; last complete picture=L260; band bottom=L262; row Y(mean/std) L23=5.695/4.074 L24=111.672/31.831 L25=112.291/31.809 L260=91.125/36.329 L261=37.289/44.984 L262=10.789/0.931",260,286,521,525,525,direct,"SP recording; raw first pass-through row is picture; VBI ends at L285; raw three-third displacement L522=1.535,0.661,2.940/L523=11.714,3.464,7.497/L524=0.123,0.062,0.100/L525=0.116,0.097,0.120; peak=L523 margin=8.775; split fraction/run=0.164/34; outer edges=5/644; body=7.0+/-2.0/714.0+/-2.0; switch onset=L522; last complete picture=L521; band bottom=L525",521,1,0
85,13585,24,260,262,262,cv_inspected,"SP recording; raw picture onset against blank/body midpoint=62.500; VBI=none; raw three-third displacement L259=1.453,0.542,0.961/L260=1.649,0.586,0.996/L261=3.443,3.517,9.997/L262=10.202,0.049,0.086; peak=L262 margin=0.204; split fraction/run=1.000/359; outer edges=0/714; body=7.0+/-2.0/714.0+/-2.0; switch onset=L261; last complete picture=L260; band bottom=L262; row Y(mean/std) L23=8.841/4.383 L24=113.358/30.506 L25=111.134/32.011 L260=87.009/37.196 L261=36.031/44.504 L262=10.787/0.948",260,286,521,525,525,cv_inspected,"SP recording; raw first pass-through row is picture; VBI ends at L285; raw three-third displacement L522=1.678,1.152,6.368/L523=12.268,3.595,4.591/L524=0.129,0.060,0.081/L525=0.131,0.100,0.112; peak=L523 margin=5.899; split fraction/run=0.430/85; outer edges=4/714; body=7.0+/-2.0/714.0+/-2.0; switch onset=L522; last complete picture=L521; band bottom=L525; row Y(mean/std) L285=1.358/0.479 L286=109.178/32.744 L287=110.167/31.554 L521=87.214/36.906 L522=70.787/39.221 L525=10.527/0.920",521,1,0
86,13586,25,261,-1,262,direct,"SP recording; raw VBI waveform L23; intervening tape row; picture follows; raw three-third displacement L259=1.256,0.595,0.987/L260=1.212,0.819,0.962/L261=1.400,0.805,1.075/L262=6.427,3.956,9.890; peak=L262 margin=8.491; split fraction/run=0.207/10; outer edges=7/714; body=7.0+/-2.0/714.0+/-2.0; switch onset=L262; last complete picture=L261; band bottom=none at clip",261,286,521,525,525,direct,"SP recording; raw first pass-through row is picture; VBI ends at L285; raw three-third displacement L522=1.416,0.852,7.978/L523=12.139,3.669,1.768/L524=0.110,0.059,0.069/L525=0.107,0.080,0.101; peak=L523 margin=4.161; split fraction/run=0.715/151; outer edges=7/714; body=7.0+/-2.0/714.0+/-2.0; switch onset=L522; last complete picture=L521; band bottom=L525",521,2,0
87,13587,24,260,262,262,direct,"SP recording; raw picture onset against blank/body midpoint=62.000; VBI=none; raw three-third displacement L259=1.204,0.674,1.067/L260=1.497,0.775,0.829/L261=8.281,3.675,9.852/L262=4.079,0.064,0.075; peak=L261 margin=5.774; split fraction/run=0.131/9; outer edges=5/714; body=7.0+/-2.0/714.0+/-2.0; switch onset=L261; last complete picture=L260; band bottom=L262",260,286,523,525,525,direct,"SP recording; raw first pass-through row is picture; VBI ends at L285; raw three-third displacement L522=1.315,0.552,0.863/L523=1.512,0.673,0.942/L524=11.025,4.081,10.222/L525=2.177,0.071,0.090; peak=L524 margin=8.848; split fraction/run=0.066/6; outer edges=5/714; body=7.0+/-2.0/714.0+/-2.0; switch onset=L524; last complete picture=L523; band bottom=L525",523,1,0
88,13588,23,259,262,262,direct,"SP recording; raw picture onset against blank/body midpoint=62.000; VBI=none; raw three-third displacement L259=1.788,0.726,0.939/L260=1.541,0.807,9.757/L261=12.344,3.590,0.563/L262=0.133,0.067,0.093; peak=L261 margin=2.587; split fraction/run=0.921/197; outer edges=4/714; body=7.0+/-2.0/714.0+/-2.0; switch onset=L260; last complete picture=L259; band bottom=L262",259,286,522,525,525,direct,"SP recording; raw first pass-through row is picture; VBI ends at L285; raw three-third displacement L522=1.340,0.587,0.990/L523=11.429,4.024,9.911/L524=1.695,0.057,0.069/L525=0.116,0.062,0.071; peak=L523 margin=9.734; split fraction/run=0.061/7; outer edges=7/714; body=7.0+/-2.0/714.0+/-2.0; switch onset=L523; last complete picture=L522; band bottom=L525",522,0,0
89,13589,23,259,262,262,direct,"SP recording; raw picture onset against blank/body midpoint=62.000; VBI=none; raw three-third displacement L259=1.395,0.664,1.003/L260=1.556,0.807,10.008/L261=12.359,3.965,0.307/L262=0.105,0.057,0.081; peak=L261 margin=2.351; split fraction/run=0.958/205; outer edges=3/714; body=7.0+/-2.0/714.0+/-2.0; switch onset=L260; last complete picture=L259; band bottom=L262",259,286,522,525,525,direct,"SP recording; raw first pass-through row is picture; VBI ends at L285; raw three-third displacement L522=1.388,0.644,1.018/L523=1.583,0.802,10.003/L524=12.498,3.954,0.286/L525=0.117,0.062,0.081; peak=L524 margin=2.495; split fraction/run=0.958/205; outer edges=3/714; body=7.0+/-2.0/714.0+/-2.0; switch onset=L523; last complete picture=L522; band bottom=L525",522,0,0
90,13590,23,259,262,262,direct,"SP recording; raw picture onset against blank/body midpoint=62.000; VBI=none; raw three-third displacement L259=1.418,0.659,1.030/L260=1.588,0.799,10.070/L261=12.500,3.934,0.311/L262=0.119,0.057,0.089; peak=L261 margin=2.430; split fraction/run=0.958/205; outer edges=3/714; body=7.0+/-2.0/714.0+/-2.0; switch onset=L260; last complete picture=L259; band bottom=L262",259,286,522,525,525,direct,"SP recording; raw first pass-through row is picture; VBI ends at L285; raw three-third displacement L522=1.206,0.761,0.830/L523=11.455,4.221,10.219/L524=1.555,0.051,0.080/L525=0.107,0.058,0.081; peak=L523 margin=9.900; split fraction/run=0.047/6; outer edges=7/714; body=7.0+/-2.0/714.0+/-2.0; switch onset=L523; last complete picture=L522; band bottom=L525",522,0,0
91,13591,23,259,262,262,direct,"SP recording; raw picture onset against blank/body midpoint=62.500; VBI=none; raw three-third displacement L259=1.367,0.714,1.173/L260=1.596,0.874,9.623/L261=12.202,3.724,0.494/L262=0.114,0.061,0.085; peak=L261 margin=2.579; split fraction/run=0.935/197; outer edges=2/714; body=7.0+/-2.0/714.0+/-2.0; switch onset=L260; last complete picture=L259; band bottom=L262",259,286,522,525,525,direct,"SP recording; raw first pass-through row is picture; VBI ends at L285; raw three-third displacement L522=1.289,0.655,0.936/L523=11.183,3.776,10.042/L524=1.873,0.069,0.087/L525=0.134,0.056,0.078; peak=L523 margin=9.310; split fraction/run=0.089/4; outer edges=7/714; body=7.0+/-2.0/714.0+/-2.0; switch onset=L523; last complete picture=L522; band bottom=L525",522,0,0
92,13592,23,259,262,262,direct,"SP recording; raw picture onset against blank/body midpoint=62.000; VBI=none; raw three-third displacement L259=1.384,0.580,1.086/L260=1.466,0.761,9.096/L261=12.283,3.712,1.166/L262=0.114,0.054,0.069; peak=L261 margin=3.186; split fraction/run=0.813/174; outer edges=4/714; body=7.0+/-2.0/714.0+/-2.0; switch onset=L260; last complete picture=L259; band bottom=L262",259,286,522,525,525,direct,"SP recording; raw first pass-through row is picture; VBI ends at L285; raw three-third displacement L522=1.386,0.677,0.922/L523=10.175,3.917,10.450/L524=2.670,0.061,0.082/L525=0.110,0.061,0.078; peak=L523 margin=7.779; split fraction/run=0.070/8; outer edges=7/714; body=7.0+/-2.0/714.0+/-2.0; switch onset=L523; last complete picture=L522; band bottom=L525",522,0,0
93,13593,23,259,262,262,direct,"SP recording; raw picture onset against blank/body midpoint=62.000; VBI=none; raw three-third displacement L259=1.242,0.779,0.906/L260=1.581,0.949,9.075/L261=12.515,3.729,1.097/L262=0.110,0.052,0.080; peak=L261 margin=3.441; split fraction/run=0.832/177; outer edges=7/714; body=7.0+/-2.0/714.0+/-2.0; switch onset=L260; last complete picture=L259; band bottom=L262",259,286,522,525,525,direct,"SP recording; raw first pass-through row is picture; VBI ends at L285; raw three-third displacement L522=1.181,0.596,0.750/L523=10.130,3.897,10.329/L524=2.904,0.060,0.103/L525=0.123,0.060,0.086; peak=L523 margin=7.425; split fraction/run=0.061/6; outer edges=7/714; body=7.0+/-2.0/714.0+/-2.0; switch onset=L523; last complete picture=L522; band bottom=L525",522,0,0
94,13594,23,259,262,262,direct,"SP recording; raw picture onset against blank/body midpoint=61.500; VBI=none; raw three-third displacement L259=1.267,0.735,1.289/L260=1.333,0.777,9.488/L261=12.154,3.735,0.985/L262=0.115,0.056,0.077; peak=L261 margin=2.667; split fraction/run=0.846/181; outer edges=4/714; body=7.0+/-2.0/714.0+/-2.0; switch onset=L260; last complete picture=L259; band bottom=L262",259,286,522,525,525,direct,"SP recording; raw first pass-through row is picture; VBI ends at L285; raw three-third displacement L522=1.423,0.700,1.058/L523=10.832,3.951,10.356/L524=2.287,0.065,0.088/L525=0.122,0.054,0.082; peak=L523 margin=8.545; split fraction/run=0.052/5; outer edges=7/714; body=7.0+/-2.0/714.0+/-2.0; switch onset=L523; last complete picture=L522; band bottom=L525",522,0,0
95,13595,23,259,262,262,direct,"SP recording; raw picture onset against blank/body midpoint=62.000; VBI=none; raw three-third displacement L259=1.606,0.597,1.058/L260=1.315,0.556,9.579/L261=12.909,3.894,0.878/L262=0.144,0.065,0.114; peak=L261 margin=3.330; split fraction/run=0.874/186; outer edges=5/714; body=7.0+/-2.0/714.0+/-2.0; switch onset=L260; last complete picture=L259; band bottom=L262",259,286,522,525,525,direct,"SP recording; raw first pass-through row is picture; VBI ends at L285; raw three-third displacement L522=1.341,0.676,1.001/L523=10.275,3.820,10.705/L524=2.574,0.074,0.111/L525=0.109,0.058,0.083; peak=L523 margin=8.131; split fraction/run=0.070/8; outer edges=9/714; body=7.0+/-2.0/714.0+/-2.0; switch onset=L523; last complete picture=L522; band bottom=L525",522,0,0
96,13596,23,259,262,262,direct,"SP recording; raw picture onset against blank/body midpoint=62.000; VBI=none; raw three-third displacement L259=1.238,0.640,0.956/L260=1.575,0.804,9.491/L261=12.346,3.723,1.196/L262=0.126,0.074,0.101; peak=L261 margin=2.855; split fraction/run=0.813/174; outer edges=4/714; body=7.0+/-2.0/714.0+/-2.0; switch onset=L260; last complete picture=L259; band bottom=L262",259,286,522,525,525,direct,"SP recording; raw first pass-through row is picture; VBI ends at L285; raw three-third displacement L522=1.265,0.613,1.050/L523=10.094,4.171,11.073/L524=3.409,0.074,0.100/L525=0.135,0.062,0.079; peak=L523 margin=7.664; split fraction/run=0.075/7; outer edges=6/714; body=7.0+/-2.0/714.0+/-2.0; switch onset=L523; last complete picture=L522; band bottom=L525",522,0,0
97,13597,23,259,262,262,direct,"SP recording; raw picture onset against blank/body midpoint=61.500; VBI=none; raw three-third displacement L259=1.368,0.725,1.100/L260=1.543,0.643,8.907/L261=12.016,3.555,1.573/L262=0.126,0.065,0.093; peak=L261 margin=3.109; split fraction/run=0.766/161; outer edges=6/714; body=7.0+/-2.0/714.0+/-2.0; switch onset=L260; last complete picture=L259; band bottom=L262",259,286,522,525,525,direct,"SP recording; raw first pass-through row is picture; VBI ends at L285; raw three-third displacement L522=1.485,0.618,0.867/L523=9.005,4.052,10.735/L524=4.568,0.075,0.100/L525=0.120,0.057,0.091; peak=L523 margin=6.167; split fraction/run=0.056/7; outer edges=8/714; body=8.0+/-2.0/714.0+/-2.0; switch onset=L523; last complete picture=L522; band bottom=L525",522,0,0
98,13598,23,259,262,262,direct,"SP recording; raw picture onset against blank/body midpoint=62.500; VBI=none; raw three-third displacement L259=1.350,0.798,1.017/L260=1.670,0.755,8.786/L261=12.297,3.739,1.726/L262=0.109,0.062,0.089; peak=L261 margin=3.512; split fraction/run=0.734/157; outer edges=4/714; body=7.0+/-2.0/714.0+/-2.0; switch onset=L260; last complete picture=L259; band bottom=L262",259,286,522,525,525,direct,"SP recording; raw first pass-through row is picture; VBI ends at L285; raw three-third displacement L522=1.204,0.740,0.993/L523=8.413,4.238,10.846/L524=4.663,0.070,0.089/L525=0.118,0.060,0.090; peak=L523 margin=6.183; split fraction/run=0.047/4; outer edges=8/714; body=7.0+/-2.0/714.0+/-2.0; switch onset=L523; last complete picture=L522; band bottom=L525",522,0,0
99,13599,23,259,262,262,direct,"SP recording; raw picture onset against blank/body midpoint=63.000; VBI=none; raw three-third displacement L259=1.486,0.623,1.094/L260=1.578,0.790,9.211/L261=12.661,3.991,1.955/L262=0.131,0.065,0.100; peak=L261 margin=3.450; split fraction/run=0.720/152; outer edges=2/714; body=7.0+/-2.0/714.0+/-2.0; switch onset=L260; last complete picture=L259; band bottom=L262",259,286,522,525,525,direct,"SP recording; raw first pass-through row is picture; VBI ends at L285; raw three-third displacement L522=1.352,0.736,0.998/L523=7.353,4.140,10.587/L524=6.099,0.076,0.093/L525=0.146,0.067,0.096; peak=L523 margin=4.487; split fraction/run=0.155/11; outer edges=8/714; body=8.0+/-2.0/714.0+/-2.0; switch onset=L523; last complete picture=L522; band bottom=L525",522,0,0
100,13600,23,259,262,262,direct,"SP recording; raw picture onset against blank/body midpoint=63.500; VBI=none; raw three-third displacement L259=1.391,0.679,1.257/L260=1.319,0.752,8.505/L261=11.977,3.799,2.921/L262=0.102,0.076,0.103; peak=L261 margin=3.473; split fraction/run=0.617/132; outer edges=7/714; body=7.0+/-2.0/714.0+/-2.0; switch onset=L260; last complete picture=L259; band bottom=L262",259,286,522,525,525,direct,"SP recording; raw first pass-through row is picture; VBI ends at L285; raw three-third displacement L522=1.303,0.671,0.856/L523=12.387,4.218,10.423/L524=0.103,0.072,0.083/L525=0.122,0.107,0.106; peak=L523 margin=11.084; split fraction/run=0.052/8; outer edges=7/714; body=8.0+/-2.0/714.0+/-2.0; switch onset=L523; last complete picture=L522; band bottom=L525",522,0,0
101,13601,23,259,262,262,direct,"SP recording; raw picture onset against blank/body midpoint=63.500; VBI=none; raw three-third displacement L259=1.307,0.553,1.172/L260=1.648,0.753,7.961/L261=12.876,3.898,3.290/L262=0.121,0.064,0.089; peak=L261 margin=4.915; split fraction/run=0.551/112; outer edges=3/714; body=8.0+/-2.0/714.0+/-2.0; switch onset=L260; last complete picture=L259; band bottom=L262",259,286,522,525,525,direct,"SP recording; raw first pass-through row is picture; VBI ends at L285; raw three-third displacement L522=1.303,0.602,0.861/L523=13.217,4.006,10.366/L524=0.110,0.072,0.091/L525=0.119,0.090,0.118; peak=L523 margin=11.914; split fraction/run=0.047/7; outer edges=7/714; body=7.0+/-2.0/714.0+/-2.0; switch onset=L523; last complete picture=L522; band bottom=L525",522,0,0
102,13602,23,258,262,262,direct,"SP recording; raw picture onset against blank/body midpoint=63.000; VBI=none; raw three-third displacement L259=1.904,0.965,7.885/L260=12.095,3.790,3.151/L261=0.122,0.076,0.106/L262=0.103,0.103,0.165; peak=L260 margin=4.210; split fraction/run=0.547/112; outer edges=5/714; body=7.0+/-2.0/714.0+/-2.0; switch onset=L259; last complete picture=L258; band bottom=L262",258,286,522,525,525,direct,"SP recording; raw first pass-through row is picture; VBI ends at L285; raw three-third displacement L522=1.149,0.669,0.900/L523=4.977,4.054,10.442/L524=8.334,0.060,0.087/L525=0.116,0.075,0.094; peak=L523 margin=2.108; split fraction/run=0.183/8; outer edges=5/714; body=8.0+/-2.0/714.0+/-2.0; switch onset=L523; last complete picture=L522; band bottom=L525",522,0,0
103,13603,23,258,262,262,direct,"SP recording; raw picture onset against blank/body midpoint=62.500; VBI=none; raw three-third displacement L259=2.188,1.156,8.341/L260=12.615,3.704,3.113/L261=0.127,0.061,0.083/L262=0.114,0.110,0.153; peak=L260 margin=4.274; split fraction/run=0.603/120; outer edges=16/714; body=8.0+/-2.0/714.0+/-2.0; switch onset=L259; last complete picture=L258; band bottom=L262",258,286,522,525,525,direct,"SP recording; raw first pass-through row is picture; VBI ends at L285; raw three-third displacement L522=1.122,0.528,0.843/L523=5.402,4.128,10.111/L524=7.235,0.067,0.086/L525=0.109,0.061,0.078; peak=L523 margin=2.877; split fraction/run=0.188/10; outer edges=8/714; body=7.0+/-2.0/714.0+/-2.0; switch onset=L523; last complete picture=L522; band bottom=L525",522,0,0
104,13604,23,258,262,262,direct,"SP recording; raw picture onset against blank/body midpoint=62.500; VBI=none; raw three-third displacement L259=2.838,1.467,8.303/L260=11.625,3.842,3.270/L261=0.107,0.063,0.089/L262=0.115,0.094,0.137; peak=L260 margin=3.322; split fraction/run=0.570/116; outer edges=12/714; body=7.0+/-2.0/714.0+/-2.0; switch onset=L259; last complete picture=L258; band bottom=L262",258,286,522,525,525,direct,"SP recording; raw first pass-through row is picture; VBI ends at L285; raw three-third displacement L522=1.196,0.812,0.991/L523=2.428,1.266,8.453/L524=11.809,3.975,3.231/L525=0.148,0.077,0.111; peak=L524 margin=3.357; split fraction/run=0.598/117; outer edges=15/714; body=7.0+/-2.0/714.0+/-2.0; switch onset=L523; last complete picture=L522; band bottom=L525",522,0,0
105,13605,25,261,-1,262,direct,"SP recording; raw VBI waveform L23; intervening tape row; picture follows; raw three-third displacement L259=1.248,0.668,1.150/L260=1.340,0.731,0.971/L261=1.185,0.721,0.952/L262=5.780,4.477,10.730; peak=L262 margin=9.390; split fraction/run=0.221/9; outer edges=7/714; body=7.0+/-2.0/714.0+/-2.0; switch onset=L262; last complete picture=L261; band bottom=none at clip",261,286,521,525,525,direct,"SP recording; raw first pass-through row is picture; VBI ends at L285; raw three-third displacement L522=2.086,1.394,8.181/L523=11.295,4.233,2.934/L524=0.123,0.090,0.088/L525=0.106,0.121,0.149; peak=L523 margin=3.114; split fraction/run=0.589/122; outer edges=16/714; body=8.0+/-2.0/714.0+/-2.0; switch onset=L522; last complete picture=L521; band bottom=L525",521,2,0
106,13606,24,260,262,262,direct,"SP recording; raw picture onset against blank/body midpoint=63.000; VBI=none; raw three-third displacement L259=1.239,0.546,0.908/L260=1.238,0.577,0.827/L261=11.649,4.431,9.903/L262=0.119,0.080,0.101; peak=L261 margin=10.410; split fraction/run=0.019/4; outer edges=7/714; body=7.0+/-2.0/714.0+/-2.0; switch onset=L261; last complete picture=L260; band bottom=L262",260,286,521,525,525,direct,"SP recording; raw first pass-through row is picture; VBI ends at L285; raw three-third displacement L522=1.283,0.711,7.859/L523=11.436,4.276,3.032/L524=0.121,0.094,0.103/L525=0.111,0.104,0.140; peak=L523 margin=3.577; split fraction/run=0.589/123; outer edges=5/714; body=7.0+/-2.0/714.0+/-2.0; switch onset=L522; last complete picture=L521; band bottom=L525",521,1,0
107,13607,24,260,262,262,direct,"SP recording; raw picture onset against blank/body midpoint=63.000; VBI=none; raw three-third displacement L259=1.284,0.650,0.945/L260=1.293,0.687,1.089/L261=11.749,4.593,10.636/L262=0.112,0.069,0.097; peak=L261 margin=10.455; split fraction/run=0.033/3; outer edges=8/714; body=7.0+/-2.0/714.0+/-2.0; switch onset=L261; last complete picture=L260; band bottom=L262",260,286,521,525,525,direct,"SP recording; raw first pass-through row is picture; VBI ends at L285; raw three-third displacement L522=2.409,1.392,7.992/L523=11.164,4.137,2.963/L524=0.108,0.080,0.092/L525=0.092,0.076,0.114; peak=L523 margin=3.171; split fraction/run=0.598/123; outer edges=6/714; body=8.0+/-2.0/714.0+/-2.0; switch onset=L522; last complete picture=L521; band bottom=L525",521,1,0
108,13608,23,259,262,262,direct,"SP recording; raw picture onset against blank/body midpoint=62.500; VBI=none; raw three-third displacement L259=1.047,0.582,0.947/L260=4.111,4.223,10.561/L261=6.985,0.064,0.092/L262=0.102,0.073,0.081; peak=L260 margin=3.576; split fraction/run=0.136/7; outer edges=8/714; body=7.0+/-2.0/714.0+/-2.0; switch onset=L260; last complete picture=L259; band bottom=L262",259,286,521,525,525,direct,"SP recording; raw first pass-through row is picture; VBI ends at L285; raw three-third displacement L522=2.584,1.391,8.449/L523=10.344,4.280,4.559/L524=0.119,0.087,0.102/L525=0.106,0.105,0.149; peak=L523 margin=1.895; split fraction/run=0.481/97; outer edges=12/714; body=8.0+/-2.0/714.0+/-2.0; switch onset=L522; last complete picture=L521; band bottom=L525",521,0,0
109,13609,24,260,262,262,direct,"SP recording; raw picture onset against blank/body midpoint=62.500; VBI=none; raw three-third displacement L259=1.048,0.584,0.795/L260=0.982,0.570,0.774/L261=4.222,4.360,10.262/L262=7.104,0.057,0.092; peak=L261 margin=3.158; split fraction/run=0.127/7; outer edges=7/714; body=7.0+/-2.0/714.0+/-2.0; switch onset=L261; last complete picture=L260; band bottom=L262",260,286,521,525,525,direct,"SP recording; raw first pass-through row is picture; VBI ends at L285; raw three-third displacement L522=2.572,1.356,8.279/L523=9.972,4.083,4.134/L524=0.138,0.084,0.114/L525=0.093,0.087,0.149; peak=L523 margin=1.693; split fraction/run=0.491/102; outer edges=13/714; body=7.0+/-2.0/714.0+/-2.0; switch onset=L522; last complete picture=L521; band bottom=L525",521,1,0
110,13610,25,261,-1,262,direct,"SP recording; raw VBI waveform L23; intervening tape row; picture follows; raw three-third displacement L259=1.324,0.667,1.198/L260=1.330,0.641,1.249/L261=1.122,0.651,0.893/L262=4.482,4.323,10.867; peak=L262 margin=9.538; split fraction/run=0.127/10; outer edges=8/714; body=8.0+/-2.0/714.0+/-2.0; switch onset=L262; last complete picture=L261; band bottom=none at clip",261,286,521,525,525,direct,"SP recording; raw first pass-through row is picture; VBI ends at L285; raw three-third displacement L522=1.252,0.597,5.958/L523=10.490,4.185,5.480/L524=0.096,0.060,0.097/L525=0.097,0.095,0.127; peak=L523 margin=4.532; split fraction/run=0.369/77; outer edges=7/601; body=7.0+/-2.0/714.0+/-2.0; switch onset=L522; last complete picture=L521; band bottom=L525",521,2,0
111,13611,24,260,262,262,direct,"SP recording; raw picture onset against blank/body midpoint=61.000; VBI=none; raw three-third displacement L259=1.167,0.516,0.915/L260=0.909,0.561,0.890/L261=3.518,4.228,10.131/L262=8.311,0.082,0.091; peak=L261 margin=1.820; split fraction/run=0.188/16; outer edges=8/714; body=7.0+/-2.0/714.0+/-2.0; switch onset=L261; last complete picture=L260; band bottom=L262",260,286,521,525,525,direct,"SP recording; raw first pass-through row is picture; VBI ends at L285; raw three-third displacement L522=1.181,0.649,4.761/L523=10.856,4.091,6.176/L524=0.103,0.075,0.094/L525=0.114,0.101,0.126; peak=L523 margin=6.095; split fraction/run=0.285/61; outer edges=10/617; body=7.0+/-2.0/714.0+/-2.0; switch onset=L522; last complete picture=L521; band bottom=L525",521,1,0
112,13612,24,260,262,262,direct,"SP recording; raw picture onset against blank/body midpoint=62.000; VBI=none; raw three-third displacement L259=1.063,0.540,0.926/L260=0.945,0.678,0.898/L261=2.683,4.267,10.143/L262=8.423,0.066,0.076; peak=L261 margin=1.719; split fraction/run=0.244/8; outer edges=5/714; body=7.0+/-2.0/714.0+/-2.0; switch onset=L261; last complete picture=L260; band bottom=L262",260,286,521,525,525,direct,"SP recording; raw first pass-through row is picture; VBI ends at L285; raw three-third displacement L522=1.300,0.638,3.801/L523=10.489,4.070,7.112/L524=0.115,0.075,0.107/L525=0.102,0.089,0.123; peak=L523 margin=6.688; split fraction/run=0.224/46; outer edges=8/632; body=7.0+/-2.0/714.0+/-2.0; switch onset=L522; last complete picture=L521; band bottom=L525",521,1,0
113,13613,24,260,262,262,cv_inspected,"SP recording; raw picture onset against blank/body midpoint=62.000; VBI=none; raw three-third displacement L259=1.043,0.651,0.963/L260=1.220,0.737,0.921/L261=3.078,4.851,11.107/L262=11.470,0.067,0.092; peak=L262 margin=0.363; split fraction/run=1.000/473; outer edges=4/714; body=8.0+/-2.0/714.0+/-2.0; switch onset=L261; last complete picture=L260; band bottom=L262; row Y(mean/std) L23=5.569/4.134 L24=114.592/31.827 L25=115.148/32.399 L260=95.930/35.831 L261=38.591/49.642 L262=10.062/0.960",260,286,521,525,525,direct,"SP recording; raw first pass-through row is picture; VBI ends at L285; raw three-third displacement L522=1.805,0.811,4.855/L523=12.158,4.229,7.047/L524=0.122,0.083,0.110/L525=0.109,0.099,0.152; peak=L523 margin=7.303; split fraction/run=0.285/53; outer edges=3/624; body=7.0+/-2.0/714.0+/-2.0; switch onset=L522; last complete picture=L521; band bottom=L525",521,1,0
114,13614,24,260,262,262,cv_inspected,"SP recording; raw picture onset against blank/body midpoint=62.000; VBI=none; raw three-third displacement L259=1.083,0.594,1.110/L260=1.197,0.689,0.923/L261=2.851,4.804,11.078/L262=10.990,0.066,0.073; peak=L261 margin=0.088; split fraction/run=0.338/11; outer edges=8/714; body=7.0+/-2.0/714.0+/-2.0; switch onset=L261; last complete picture=L260; band bottom=L262; row Y(mean/std) L23=6.289/4.439 L24=117.097/31.124 L25=113.078/32.591 L260=97.875/38.343 L261=37.859/49.197 L262=10.277/0.877",260,286,521,525,525,direct,"SP recording; raw first pass-through row is picture; VBI ends at L285; raw three-third displacement L522=1.927,0.957,4.115/L523=11.917,4.585,8.088/L524=0.106,0.071,0.099/L525=0.100,0.099,0.133; peak=L523 margin=7.802; split fraction/run=0.215/43; outer edges=3/635; body=7.0+/-2.0/714.0+/-2.0; switch onset=L522; last complete picture=L521; band bottom=L525",521,1,0
115,13615,24,260,262,262,cv_inspected,"SP recording; raw picture onset against blank/body midpoint=62.500; VBI=none; raw three-third displacement L259=1.157,0.686,1.107/L260=1.294,0.665,0.921/L261=2.374,4.525,10.562/L262=11.244,0.068,0.086; peak=L262 margin=0.682; split fraction/run=1.000/384; outer edges=6/714; body=8.0+/-2.0/714.0+/-2.0; switch onset=L261; last complete picture=L260; band bottom=L262; row Y(mean/std) L23=6.811/4.701 L24=115.588/31.811 L25=114.177/32.595 L260=94.244/36.823 L261=40.059/50.341 L262=10.522/0.930",260,286,521,525,525,direct,"SP recording; raw first pass-through row is picture; VBI ends at L285; raw three-third displacement L522=2.535,1.066,3.885/L523=13.850,4.943,8.681/L524=0.175,0.099,0.124/L525=0.133,0.098,0.143; peak=L523 margin=9.965; split fraction/run=0.192/36; outer edges=2/642; body=7.0+/-2.0/714.0+/-2.0; switch onset=L522; last complete picture=L521; band bottom=L525",521,1,0
116,13616,24,260,262,262,direct,"SP recording; raw picture onset against blank/body midpoint=63.000; VBI=none; raw three-third displacement L259=1.679,0.692,1.060/L260=2.132,0.718,0.969/L261=3.140,4.787,11.367/L262=12.163,0.073,0.088; peak=L262 margin=0.796; split fraction/run=1.000/357; outer edges=14/714; body=8.0+/-2.0/714.0+/-2.0; switch onset=L261; last complete picture=L260; band bottom=L262",260,286,521,525,525,direct,"SP recording; raw first pass-through row is picture; VBI ends at L285; raw three-third displacement L522=2.204,0.695,3.034/L523=13.367,4.635,8.754/L524=0.128,0.085,0.104/L525=0.119,0.100,0.125; peak=L523 margin=10.333; split fraction/run=0.145/29; outer edges=6/647; body=7.0+/-2.0/714.0+/-2.0; switch onset=L522; last complete picture=L521; band bottom=L525",521,1,0
117,13617,24,260,262,262,direct,"SP recording; raw picture onset against blank/body midpoint=63.500; VBI=none; raw three-third displacement L259=1.807,0.619,1.313/L260=1.917,0.634,1.186/L261=3.100,5.155,10.942/L262=12.762,0.065,0.077; peak=L262 margin=1.819; split fraction/run=1.000/456; outer edges=2/714; body=8.0+/-2.0/714.0+/-2.0; switch onset=L261; last complete picture=L260; band bottom=L262",260,286,521,525,525,direct,"SP recording; raw first pass-through row is picture; VBI ends at L285; raw three-third displacement L522=2.256,0.830,3.293/L523=13.426,4.746,8.726/L524=0.146,0.087,0.125/L525=0.128,0.110,0.186; peak=L523 margin=10.133; split fraction/run=0.178/32; outer edges=6/644; body=7.0+/-2.0/714.0+/-2.0; switch onset=L522; last complete picture=L521; band bottom=L525",521,1,0
118,13618,24,260,262,262,direct,"SP recording; raw picture onset against blank/body midpoint=63.500; VBI=none; raw three-third displacement L259=2.288,0.721,0.894/L260=1.548,0.655,0.915/L261=3.485,4.954,10.995/L262=12.917,0.076,0.089; peak=L262 margin=1.922; split fraction/run=1.000/464; outer edges=3/714; body=7.0+/-2.0/714.0+/-2.0; switch onset=L261; last complete picture=L260; band bottom=L262",260,286,521,525,525,direct,"SP recording; raw first pass-through row is picture; VBI ends at L285; raw three-third displacement L522=2.260,1.169,4.628/L523=13.828,4.578,8.623/L524=0.132,0.067,0.122/L525=0.132,0.104,0.171; peak=L523 margin=9.199; split fraction/run=0.220/40; outer edges=1/637; body=7.0+/-2.0/714.0+/-2.0; switch onset=L522; last complete picture=L521; band bottom=L525",521,1,0
119,13619,24,260,262,262,direct,"SP recording; raw picture onset against blank/body midpoint=63.500; VBI=none; raw three-third displacement L259=2.595,0.551,1.057/L260=1.538,0.688,1.006/L261=4.232,4.728,11.053/L262=12.625,0.074,0.098; peak=L262 margin=1.572; split fraction/run=1.000/469; outer edges=13/714; body=7.0+/-2.0/714.0+/-2.0; switch onset=L261; last complete picture=L260; band bottom=L262",260,286,521,525,525,direct,"SP recording; raw first pass-through row is picture; VBI ends at L285; raw three-third displacement L522=1.780,0.844,3.979/L523=14.200,4.514,9.151/L524=0.150,0.077,0.125/L525=0.136,0.118,0.185; peak=L523 margin=10.221; split fraction/run=0.178/34; outer edges=4/644; body=7.0+/-2.0/714.0+/-2.0; switch onset=L522; last complete picture=L521; band bottom=L525",521,1,0
120,13620,24,260,262,262,direct,"SP recording; raw picture onset against blank/body midpoint=63.000; VBI=none; raw three-third displacement L259=2.170,0.810,0.889/L260=1.511,0.698,1.133/L261=4.448,4.935,11.638/L262=12.702,0.065,0.102; peak=L262 margin=1.064; split fraction/run=1.000/357; outer edges=13/714; body=7.0+/-2.0/714.0+/-2.0; switch onset=L261; last complete picture=L260; band bottom=L262",260,286,521,525,525,direct,"SP recording; raw first pass-through row is picture; VBI ends at L285; raw three-third displacement L522=2.447,0.895,3.392/L523=13.714,4.645,9.095/L524=0.129,0.085,0.103/L525=0.146,0.114,0.163; peak=L523 margin=10.322; split fraction/run=0.145/27; outer edges=6/650; body=7.0+/-2.0/714.0+/-2.0; switch onset=L522; last complete picture=L521; band bottom=L525",521,1,0
121,13621,24,260,262,262,direct,"SP recording; raw picture onset against blank/body midpoint=63.000; VBI=none; raw three-third displacement L259=3.342,0.697,1.044/L260=2.603,0.592,0.839/L261=4.152,5.088,11.486/L262=13.600,0.078,0.081; peak=L262 margin=2.114; split fraction/run=1.000/462; outer edges=1/714; body=8.0+/-2.0/714.0+/-2.0; switch onset=L261; last complete picture=L260; band bottom=L262",260,286,521,525,525,direct,"SP recording; raw first pass-through row is picture; VBI ends at L285; raw three-third displacement L522=2.788,0.786,3.021/L523=13.873,4.712,9.088/L524=0.116,0.074,0.096/L525=0.129,0.111,0.157; peak=L523 margin=10.853; split fraction/run=0.136/26; outer edges=7/652; body=7.0+/-2.0/714.0+/-2.0; switch onset=L522; last complete picture=L521; band bottom=L525",521,1,0
122,13622,24,260,262,262,direct,"SP recording; raw picture onset against blank/body midpoint=63.500; VBI=none; raw three-third displacement L259=3.349,0.581,1.180/L260=2.729,0.673,1.047/L261=3.619,4.643,11.673/L262=13.417,0.075,0.102; peak=L262 margin=1.744; split fraction/run=1.000/378; outer edges=1/714; body=7.0+/-2.0/714.0+/-2.0; switch onset=L261; last complete picture=L260; band bottom=L262",260,286,521,525,525,direct,"SP recording; raw first pass-through row is picture; VBI ends at L285; raw three-third displacement L522=2.868,0.715,2.984/L523=14.086,4.592,9.352/L524=0.148,0.081,0.104/L525=0.126,0.136,0.182; peak=L523 margin=11.103; split fraction/run=0.140/27; outer edges=8/651; body=7.0+/-2.0/714.0+/-2.0; switch onset=L522; last complete picture=L521; band bottom=L525",521,1,0
123,13623,24,260,262,262,direct,"SP recording; raw picture onset against blank/body midpoint=64.000; VBI=none; raw three-third displacement L259=1.455,0.661,1.072/L260=1.330,0.591,0.987/L261=2.596,4.705,11.514/L262=14.673,0.067,0.092; peak=L262 margin=3.159; split fraction/run=1.000/382; outer edges=1/714; body=8.0+/-2.0/714.0+/-2.0; switch onset=L261; last complete picture=L260; band bottom=L262",260,286,521,525,525,direct,"SP recording; raw first pass-through row is picture; VBI ends at L285; raw three-third displacement L522=1.357,0.654,2.094/L523=15.702,4.815,10.481/L524=0.157,0.082,0.109/L525=0.156,0.112,0.142; peak=L523 margin=13.607; split fraction/run=0.075/14; outer edges=5/664; body=7.0+/-2.0/714.0+/-2.0; switch onset=L522; last complete picture=L521; band bottom=L525",521,1,0
124,13624,24,260,262,262,direct,"SP recording; raw picture onset against blank/body midpoint=63.000; VBI=none; raw three-third displacement L259=1.384,0.701,1.027/L260=1.518,0.704,0.925/L261=2.107,5.042,11.578/L262=15.362,0.075,0.108; peak=L262 margin=3.784; split fraction/run=1.000/362; outer edges=3/714; body=8.0+/-2.0/714.0+/-2.0; switch onset=L261; last complete picture=L260; band bottom=L262",260,286,521,525,525,direct,"SP recording; raw first pass-through row is picture; VBI ends at L285; raw three-third displacement L522=1.761,0.814,2.426/L523=15.324,4.748,10.094/L524=0.133,0.092,0.112/L525=0.149,0.117,0.159; peak=L523 margin=12.898; split fraction/run=0.103/18; outer edges=7/658; body=8.0+/-2.0/714.0+/-2.0; switch onset=L522; last complete picture=L521; band bottom=L525",521,1,0
125,13625,24,260,262,262,direct,"SP recording; raw picture onset against blank/body midpoint=63.500; VBI=none; raw three-third displacement L259=1.192,0.680,0.976/L260=1.346,0.832,0.895/L261=2.626,4.754,11.610/L262=15.082,0.071,0.097; peak=L262 margin=3.472; split fraction/run=1.000/356; outer edges=3/714; body=8.0+/-2.0/714.0+/-2.0; switch onset=L261; last complete picture=L260; band bottom=L262",260,286,521,525,525,direct,"SP recording; raw first pass-through row is picture; VBI ends at L285; raw three-third displacement L522=1.534,0.766,3.317/L523=15.954,4.853,9.361/L524=0.150,0.095,0.119/L525=0.140,0.117,0.199; peak=L523 margin=12.637; split fraction/run=0.154/31; outer edges=6/647; body=8.0+/-2.0/714.0+/-2.0; switch onset=L522; last complete picture=L521; band bottom=L525",521,1,0
126,13626,24,260,262,262,direct,"SP recording; raw picture onset against blank/body midpoint=63.500; VBI=none; raw three-third displacement L259=1.431,0.756,0.944/L260=1.042,0.685,1.066/L261=2.373,4.867,10.893/L262=14.489,0.061,0.091; peak=L262 margin=3.596; split fraction/run=1.000/385; outer edges=4/714; body=7.0+/-2.0/714.0+/-2.0; switch onset=L261; last complete picture=L260; band bottom=L262",260,286,521,525,525,direct,"SP recording; raw first pass-through row is picture; VBI ends at L285; raw three-third displacement L522=1.830,1.121,3.082/L523=16.104,4.686,10.046/L524=0.171,0.072,0.106/L525=0.136,0.091,0.178; peak=L523 margin=13.022; split fraction/run=0.136/25; outer edges=6/653; body=7.0+/-2.0/714.0+/-2.0; switch onset=L522; last complete picture=L521; band bottom=L525",521,1,0
127,13627,24,260,262,262,direct,"SP recording; raw picture onset against blank/body midpoint=63.500; VBI=none; raw three-third displacement L259=1.313,0.666,0.973/L260=1.183,0.668,1.136/L261=2.258,4.770,11.122/L262=14.099,0.081,0.110; peak=L262 margin=2.977; split fraction/run=1.000/374; outer edges=5/714; body=8.0+/-2.0/714.0+/-2.0; switch onset=L261; last complete picture=L260; band bottom=L262",260,286,521,525,525,direct,"SP recording; raw first pass-through row is picture; VBI ends at L285; raw three-third displacement L522=1.416,0.712,3.373/L523=15.539,5.016,9.203/L524=0.151,0.091,0.114/L525=0.152,0.100,0.175; peak=L523 margin=12.166; split fraction/run=0.159/32; outer edges=8/646; body=8.0+/-2.0/714.0+/-2.0; switch onset=L522; last complete picture=L521; band bottom=L525",521,1,0
128,13628,24,260,262,262,direct,"SP recording; raw picture onset against blank/body midpoint=63.500; VBI=none; raw three-third displacement L259=1.586,0.799,1.364/L260=1.274,0.691,0.954/L261=3.213,4.940,11.867/L262=13.525,0.077,0.085; peak=L262 margin=1.658; split fraction/run=1.000/363; outer edges=2/714; body=7.0+/-2.0/714.0+/-2.0; switch onset=L261; last complete picture=L260; band bottom=L262",260,286,521,525,525,direct,"SP recording; raw first pass-through row is picture; VBI ends at L285; raw three-third displacement L522=4.576,0.974,3.674/L523=9.102,6.244,11.641/L524=0.104,0.071,0.107/L525=0.117,0.091,0.178; peak=L523 margin=7.065; split fraction/run=0.286/29; outer edges=6/648; body=8.0+/-2.0/714.0+/-2.0; switch onset=L522; last complete picture=L521; band bottom=L525",521,1,0
129,13629,24,260,262,262,direct,"SP recording; raw picture onset against blank/body midpoint=67.500; VBI=none; raw three-third displacement L259=1.971,0.753,1.181/L260=3.626,0.733,1.163/L261=5.756,6.381,14.428/L262=7.428,0.092,0.103; peak=L261 margin=7.000; split fraction/run=0.333/24; outer edges=9/714; body=8.0+/-2.0/714.0+/-2.0; switch onset=L261; last complete picture=L260; band bottom=L262",260,286,521,525,525,direct,"SP recording; raw first pass-through row is picture; VBI ends at L285; raw three-third displacement L522=5.101,1.876,4.935/L523=9.523,6.687,11.691/L524=0.131,0.079,0.112/L525=0.129,0.091,0.175; peak=L523 margin=6.590; split fraction/run=0.329/34; outer edges=2/643; body=8.0+/-2.0/714.0+/-2.0; switch onset=L522; last complete picture=L521; band bottom=L525",521,1,0
130,13630,24,260,262,262,direct,"SP recording; raw picture onset against blank/body midpoint=67.500; VBI=none; raw three-third displacement L259=2.097,0.774,1.085/L260=3.657,0.707,1.194/L261=5.343,6.896,14.929/L262=7.696,0.100,0.105; peak=L261 margin=7.233; split fraction/run=0.362/22; outer edges=9/714; body=8.0+/-2.0/714.0+/-2.0; switch onset=L261; last complete picture=L260; band bottom=L262",260,286,521,525,525,direct,"SP recording; raw first pass-through row is picture; VBI ends at L285; raw three-third displacement L522=5.148,2.820,5.800/L523=9.860,6.808,12.199/L524=0.139,0.076,0.094/L525=0.124,0.093,0.146; peak=L523 margin=6.398; split fraction/run=0.263/38; outer edges=54/639; body=8.0+/-2.0/714.0+/-2.0; switch onset=L522; last complete picture=L521; band bottom=L525",521,1,0
131,13631,24,260,262,262,direct,"SP recording; raw picture onset against blank/body midpoint=68.000; VBI=none; raw three-third displacement L259=2.183,0.701,1.017/L260=3.838,0.884,0.889/L261=6.226,6.527,15.073/L262=8.237,0.097,0.101; peak=L261 margin=6.836; split fraction/run=0.315/46; outer edges=8/714; body=8.0+/-2.0/714.0+/-2.0; switch onset=L261; last complete picture=L260; band bottom=L262",260,286,521,525,525,direct,"SP recording; raw first pass-through row is picture; VBI ends at L285; raw three-third displacement L522=4.792,0.858,3.680/L523=10.526,6.596,12.310/L524=0.127,0.075,0.092/L525=0.148,0.090,0.159; peak=L523 margin=7.518; split fraction/run=0.310/27; outer edges=8/650; body=8.0+/-2.0/714.0+/-2.0; switch onset=L522; last complete picture=L521; band bottom=L525",521,1,0
132,13632,24,260,262,262,direct,"SP recording; raw picture onset against blank/body midpoint=68.500; VBI=none; raw three-third displacement L259=1.970,0.690,1.117/L260=3.554,0.795,1.155/L261=6.444,7.090,15.215/L262=7.970,0.079,0.105; peak=L261 margin=7.246; split fraction/run=0.315/46; outer edges=9/714; body=8.0+/-2.0/714.0+/-2.0; switch onset=L261; last complete picture=L260; band bottom=L262",260,286,521,525,525,direct,"SP recording; raw first pass-through row is picture; VBI ends at L285; raw three-third displacement L522=5.307,1.071,4.562/L523=10.199,6.449,11.291/L524=0.110,0.082,0.096/L525=0.131,0.095,0.171; peak=L523 margin=5.984; split fraction/run=0.263/47; outer edges=7/638; body=8.0+/-2.0/714.0+/-2.0; switch onset=L522; last complete picture=L521; band bottom=L525",521,1,0
133,13633,24,260,262,262,direct,"SP recording; raw picture onset against blank/body midpoint=67.500; VBI=none; raw three-third displacement L259=1.439,0.712,1.088/L260=3.784,0.813,1.154/L261=7.701,6.634,15.443/L262=7.231,0.083,0.097; peak=L261 margin=8.212; split fraction/run=0.239/37; outer edges=8/714; body=8.0+/-2.0/714.0+/-2.0; switch onset=L261; last complete picture=L260; band bottom=L262",260,286,521,525,525,direct,"SP recording; raw first pass-through row is picture; VBI ends at L285; raw three-third displacement L522=5.878,3.078,7.368/L523=9.399,6.816,9.567/L524=0.124,0.071,0.104/L525=0.121,0.090,0.182; peak=L523 margin=2.199; split fraction/run=0.329/62; outer edges=113/615; body=8.0+/-2.0/714.0+/-2.0; switch onset=L522; last complete picture=L521; band bottom=L525",521,1,0
134,13634,24,260,262,262,direct,"SP recording; raw picture onset against blank/body midpoint=67.500; VBI=none; raw three-third displacement L259=1.298,0.633,1.060/L260=3.860,0.553,1.037/L261=7.906,6.536,15.334/L262=6.799,0.086,0.096; peak=L261 margin=8.535; split fraction/run=0.254/38; outer edges=8/714; body=8.0+/-2.0/714.0+/-2.0; switch onset=L261; last complete picture=L260; band bottom=L262",260,286,521,525,525,direct,"SP recording; raw first pass-through row is picture; VBI ends at L285; raw three-third displacement L522=5.514,0.928,4.600/L523=10.106,6.288,10.525/L524=0.115,0.069,0.093/L525=0.133,0.094,0.173; peak=L523 margin=5.010; split fraction/run=0.305/49; outer edges=6/634; body=8.0+/-2.0/714.0+/-2.0; switch onset=L522; last complete picture=L521; band bottom=L525",521,1,0
135,13635,24,260,262,262,direct,"SP recording; raw picture onset against blank/body midpoint=67.000; VBI=none; raw three-third displacement L259=1.287,0.708,1.163/L260=1.541,0.580,0.958/L261=9.909,6.901,15.486/L262=6.135,0.091,0.105; peak=L261 margin=9.352; split fraction/run=0.080/5; outer edges=9/714; body=8.0+/-2.0/714.0+/-2.0; switch onset=L261; last complete picture=L260; band bottom=L262",260,286,521,525,525,direct,"SP recording; raw first pass-through row is picture; VBI ends at L285; raw three-third displacement L522=4.226,0.731,5.559/L523=11.658,7.039,10.137/L524=0.123,0.081,0.090/L525=0.101,0.097,0.198; peak=L523 margin=6.099; split fraction/run=0.252/53; outer edges=7/624; body=8.0+/-2.0/714.0+/-2.0; switch onset=L522; last complete picture=L521; band bottom=L525",521,1,0
136,13636,24,260,262,262,direct,"SP recording; raw picture onset against blank/body midpoint=67.500; VBI=none; raw three-third displacement L259=1.226,0.700,1.063/L260=1.640,0.650,1.027/L261=8.749,7.043,15.313/L262=7.236,0.084,0.100; peak=L261 margin=8.077; split fraction/run=0.136/7; outer edges=8/714; body=8.0+/-2.0/714.0+/-2.0; switch onset=L261; last complete picture=L260; band bottom=L262",260,286,521,525,525,direct,"SP recording; raw first pass-through row is picture; VBI ends at L285; raw three-third displacement L522=5.307,2.987,8.032/L523=11.344,7.036,9.884/L524=0.125,0.088,0.098/L525=0.125,0.089,0.172; peak=L523 margin=3.312; split fraction/run=0.322/64; outer edges=117/613; body=8.0+/-2.0/714.0+/-2.0; switch onset=L522; last complete picture=L521; band bottom=L525",521,1,0
137,13637,24,260,262,262,direct,"SP recording; raw picture onset against blank/body midpoint=68.000; VBI=none; raw three-third displacement L259=1.431,0.695,1.252/L260=1.641,0.736,1.018/L261=8.751,6.767,15.777/L262=7.114,0.099,0.106; peak=L261 margin=8.663; split fraction/run=0.122/5; outer edges=9/714; body=8.0+/-2.0/714.0+/-2.0; switch onset=L261; last complete picture=L260; band bottom=L262",260,286,521,525,525,direct,"SP recording; raw first pass-through row is picture; VBI ends at L285; raw three-third displacement L522=5.390,0.876,5.478/L523=9.452,6.609,11.001/L524=0.120,0.086,0.094/L525=0.113,0.084,0.172; peak=L523 margin=5.523; split fraction/run=0.347/48; outer edges=5/630; body=8.0+/-2.0/714.0+/-3.0; switch onset=L522; last complete picture=L521; band bottom=L525",521,1,0
138,13638,24,260,262,262,direct,"SP recording; raw picture onset against blank/body midpoint=68.000; VBI=none; raw three-third displacement L259=1.462,0.695,0.992/L260=4.348,0.701,1.056/L261=7.607,6.835,15.279/L262=5.950,0.081,0.098; peak=L261 margin=9.328; split fraction/run=0.254/36; outer edges=9/714; body=8.0+/-2.0/714.0+/-2.0; switch onset=L261; last complete picture=L260; band bottom=L262",260,286,521,525,525,direct,"SP recording; raw first pass-through row is picture; VBI ends at L285; raw three-third displacement L522=5.662,0.834,6.394/L523=9.351,6.361,9.401/L524=0.115,0.082,0.112/L525=0.130,0.083,0.170; peak=L523 margin=3.007; split fraction/run=0.352/61; outer edges=7/617; body=8.0+/-2.0/714.0+/-2.0; switch onset=L522; last complete picture=L521; band bottom=L525",521,1,0
139,13639,25,261,-1,262,direct,"SP recording; raw VBI waveform L23; intervening tape row; picture follows; raw three-third displacement L259=1.143,0.744,1.059/L260=1.180,0.651,1.068/L261=4.056,0.597,0.957/L262=8.030,6.519,15.796; peak=L262 margin=11.740; split fraction/run=0.254/33; outer edges=7/714; body=8.0+/-2.0/714.0+/-2.8; switch onset=L262; last complete picture=L261; band bottom=none at clip",261,286,521,525,525,direct,"SP recording; raw first pass-through row is picture; VBI ends at L285; raw three-third displacement L522=5.942,2.924,8.554/L523=9.332,6.729,10.162/L524=0.126,0.091,0.125/L525=0.105,0.086,0.194; peak=L523 margin=1.608; split fraction/run=0.332/67; outer edges=115/610; body=8.0+/-2.0/714.0+/-2.0; switch onset=L522; last complete picture=L521; band bottom=L525",521,2,0
140,13640,24,260,262,262,direct,"SP recording; raw picture onset against blank/body midpoint=67.000; VBI=none; raw three-third displacement L259=2.619,0.726,0.966/L260=3.454,0.554,0.990/L261=6.693,6.290,15.440/L262=6.295,0.070,0.101; peak=L261 margin=9.145; split fraction/run=0.291/25; outer edges=8/714; body=8.0+/-2.0/714.0+/-2.7; switch onset=L261; last complete picture=L260; band bottom=L262",260,286,521,525,525,direct,"SP recording; raw first pass-through row is picture; VBI ends at L285; raw three-third displacement L522=4.472,0.708,5.290/L523=8.933,6.349,10.955/L524=0.113,0.093,0.106/L525=0.095,0.096,0.174; peak=L523 margin=5.665; split fraction/run=0.300/47; outer edges=7/630; body=8.0+/-2.0/714.0+/-2.0; switch onset=L522; last complete picture=L521; band bottom=L525",521,1,0
141,13641,24,260,262,262,direct,"SP recording; raw picture onset against blank/body midpoint=66.500; VBI=none; raw three-third displacement L259=1.950,0.645,1.007/L260=3.469,0.636,1.127/L261=7.333,6.550,16.143/L262=5.468,0.083,0.100; peak=L261 margin=10.675; split fraction/run=0.291/48; outer edges=8/714; body=8.0+/-2.0/714.0+/-2.0; switch onset=L261; last complete picture=L260; band bottom=L262",260,286,521,525,525,direct,"SP recording; raw first pass-through row is picture; VBI ends at L285; raw three-third displacement L522=4.446,1.075,7.193/L523=8.793,6.683,8.945/L524=0.125,0.091,0.118/L525=0.124,0.120,0.188; peak=L523 margin=1.752; split fraction/run=0.332/69; outer edges=6/607; body=8.0+/-2.0/714.0+/-2.0; switch onset=L522; last complete picture=L521; band bottom=L525",521,1,0
142,13642,25,261,-1,262,direct,"SP recording; raw VBI waveform L23; intervening tape row; picture follows; raw three-third displacement L259=1.454,0.730,1.206/L260=2.168,0.740,1.094/L261=3.597,0.659,0.862/L262=7.795,7.035,16.251; peak=L262 margin=12.654; split fraction/run=0.300/28; outer edges=8/714; body=8.0+/-2.0/714.0+/-2.0; switch onset=L262; last complete picture=L261; band bottom=none at clip",261,286,521,525,525,direct,"SP recording; raw first pass-through row is picture; VBI ends at L285; raw three-third displacement L522=5.087,1.030,7.732/L523=10.641,6.409,8.413/L524=0.105,0.072,0.096/L525=0.142,0.092,0.142; peak=L523 margin=2.909; split fraction/run=0.332/70; outer edges=8/607; body=8.0+/-2.0/714.0+/-2.0; switch onset=L522; last complete picture=L521; band bottom=L525",521,2,0
143,13643,24,260,262,262,direct,"SP recording; raw picture onset against blank/body midpoint=67.500; VBI=none; raw three-third displacement L259=1.221,0.709,1.083/L260=2.034,0.733,1.092/L261=9.124,7.117,15.770/L262=6.153,0.079,0.096; peak=L261 margin=9.617; split fraction/run=0.155/10; outer edges=9/714; body=8.0+/-2.0/714.0+/-2.0; switch onset=L261; last complete picture=L260; band bottom=L262",260,286,521,525,525,direct,"SP recording; raw first pass-through row is picture; VBI ends at L285; raw three-third displacement L522=4.944,0.792,7.058/L523=10.313,6.769,9.108/L524=0.098,0.093,0.109/L525=0.137,0.098,0.133; peak=L523 margin=3.254; split fraction/run=0.308/66; outer edges=6/611; body=8.0+/-2.0/714.0+/-2.0; switch onset=L522; last complete picture=L521; band bottom=L525",521,1,0
144,13644,25,261,-1,262,direct,"SP recording; raw VBI waveform L23; intervening tape row; picture follows; raw three-third displacement L259=1.128,0.733,1.129/L260=1.497,0.780,1.051/L261=1.946,0.525,1.038/L262=9.567,6.824,15.318; peak=L262 margin=13.372; split fraction/run=0.066/8; outer edges=8/714; body=8.0+/-2.0/714.0+/-2.0; switch onset=L262; last complete picture=L261; band bottom=none at clip",261,286,521,525,525,direct,"SP recording; raw first pass-through row is picture; VBI ends at L285; raw three-third displacement L522=4.467,0.863,7.443/L523=10.178,6.675,8.793/L524=0.099,0.081,0.094/L525=0.110,0.088,0.129; peak=L523 margin=2.735; split fraction/run=0.341/70; outer edges=9/607; body=8.0+/-2.0/714.0+/-2.0; switch onset=L522; last complete picture=L521; band bottom=L525",521,2,0
145,13645,24,260,262,262,direct,"SP recording; raw picture onset against blank/body midpoint=67.500; VBI=none; raw three-third displacement L259=1.138,0.658,1.213/L260=1.715,0.670,1.201/L261=9.128,6.741,15.184/L262=6.473,0.082,0.090; peak=L261 margin=8.712; split fraction/run=0.085/5; outer edges=8/714; body=8.0+/-2.0/714.0+/-2.0; switch onset=L261; last complete picture=L260; band bottom=L262",260,286,521,525,525,direct,"SP recording; raw first pass-through row is picture; VBI ends at L285; raw three-third displacement L522=4.423,0.732,6.790/L523=10.807,6.469,8.773/L524=0.120,0.083,0.090/L525=0.123,0.100,0.147; peak=L523 margin=4.017; split fraction/run=0.318/66; outer edges=6/611; body=8.0+/-2.0/714.0+/-2.0; switch onset=L522; last complete picture=L521; band bottom=L525",521,1,0
146,13646,24,260,262,262,direct,"SP recording; raw picture onset against blank/body midpoint=67.500; VBI=none; raw three-third displacement L259=1.271,0.752,1.269/L260=1.711,0.702,1.195/L261=9.495,6.542,15.645/L262=6.300,0.070,0.096; peak=L261 margin=9.345; split fraction/run=0.052/3; outer edges=8/714; body=8.0+/-2.0/714.0+/-2.0; switch onset=L261; last complete picture=L260; band bottom=L262",260,286,521,525,525,direct,"SP recording; raw first pass-through row is picture; VBI ends at L285; raw three-third displacement L522=4.689,2.687,9.538/L523=11.706,6.579,7.140/L524=0.129,0.076,0.110/L525=0.121,0.095,0.132; peak=L523 margin=2.168; split fraction/run=0.458/93; outer edges=54/714; body=8.0+/-2.0/714.0+/-2.0; switch onset=L522; last complete picture=L521; band bottom=L525",521,1,0
147,13647,25,261,-1,262,direct,"SP recording; raw VBI waveform L23; intervening tape row; picture follows; raw three-third displacement L259=1.234,0.714,1.132/L260=1.399,0.713,1.186/L261=1.662,0.778,0.989/L262=9.844,6.843,15.693; peak=L262 margin=14.031; split fraction/run=0.099/9; outer edges=9/714; body=8.0+/-2.0/714.0+/-2.0; switch onset=L262; last complete picture=L261; band bottom=none at clip",261,286,521,525,525,direct,"SP recording; raw first pass-through row is picture; VBI ends at L285; raw three-third displacement L522=2.597,0.665,7.463/L523=12.539,6.055,8.053/L524=0.096,0.059,0.099/L525=0.095,0.078,0.154; peak=L523 margin=5.076; split fraction/run=0.350/75; outer edges=6/602; body=8.0+/-2.0/714.0+/-2.0; switch onset=L522; last complete picture=L521; band bottom=L525",521,2,0
148,13648,24,260,262,262,direct,"SP recording; raw picture onset against blank/body midpoint=68.000; VBI=none; raw three-third displacement L259=1.421,0.684,0.968/L260=1.391,0.716,0.938/L261=8.032,6.118,15.235/L262=8.194,0.067,0.087; peak=L261 margin=7.041; split fraction/run=0.080/3; outer edges=8/714; body=8.0+/-2.0/714.0+/-2.0; switch onset=L261; last complete picture=L260; band bottom=L262",260,286,521,525,525,direct,"SP recording; raw first pass-through row is picture; VBI ends at L285; raw three-third displacement L522=2.801,0.693,6.777/L523=13.111,6.076,8.865/L524=0.118,0.071,0.079/L525=0.125,0.091,0.135; peak=L523 margin=6.334; split fraction/run=0.304/64; outer edges=7/613; body=8.0+/-2.0/714.0+/-2.0; switch onset=L522; last complete picture=L521; band bottom=L525",521,1,0
149,13649,24,260,262,262,direct,"SP recording; raw picture onset against blank/body midpoint=68.000; VBI=none; raw three-third displacement L259=1.316,0.632,1.048/L260=1.578,0.505,0.833/L261=7.727,6.534,15.485/L262=8.592,0.080,0.094; peak=L261 margin=6.893; split fraction/run=0.160/5; outer edges=8/714; body=8.0+/-2.0/714.0+/-2.0; switch onset=L261; last complete picture=L260; band bottom=L262",260,286,521,525,525,direct,"SP recording; raw first pass-through row is picture; VBI ends at L285; raw three-third displacement L522=2.593,0.637,5.900/L523=13.332,6.144,9.237/L524=0.111,0.066,0.093/L525=0.120,0.090,0.144; peak=L523 margin=7.432; split fraction/run=0.276/59; outer edges=7/618; body=8.0+/-2.0/714.0+/-2.0; switch onset=L522; last complete picture=L521; band bottom=L525",521,1,0
150,13650,24,260,262,262,direct,"SP recording; raw picture onset against blank/body midpoint=68.000; VBI=none; raw three-third displacement L259=1.448,0.554,1.015/L260=2.099,0.574,1.029/L261=7.951,6.065,14.642/L262=7.719,0.070,0.081; peak=L261 margin=6.923; split fraction/run=0.146/8; outer edges=9/714; body=8.0+/-2.0/714.0+/-3.0; switch onset=L261; last complete picture=L260; band bottom=L262",260,286,521,525,525,direct,"SP recording; raw first pass-through row is picture; VBI ends at L285; raw three-third displacement L522=3.338,0.887,5.689/L523=12.460,5.930,9.547/L524=0.110,0.077,0.111/L525=0.122,0.083,0.154; peak=L523 margin=6.771; split fraction/run=0.252/52; outer edges=10/625; body=8.0+/-2.0/714.0+/-2.0; switch onset=L522; last complete picture=L521; band bottom=L525",521,1,0
151,13651,24,260,262,262,direct,"SP recording; raw picture onset against blank/body midpoint=67.500; VBI=none; raw three-third displacement L259=1.165,0.683,0.864/L260=1.778,0.639,1.026/L261=7.060,6.027,14.262/L262=8.719,0.079,0.094; peak=L261 margin=5.544; split fraction/run=0.141/6; outer edges=7/714; body=8.0+/-2.0/714.0+/-2.0; switch onset=L261; last complete picture=L260; band bottom=L262",260,286,521,525,525,direct,"SP recording; raw first pass-through row is picture; VBI ends at L285; raw three-third displacement L522=3.905,2.838,7.130/L523=12.513,5.964,9.639/L524=0.118,0.070,0.105/L525=0.113,0.098,0.146; peak=L523 margin=5.383; split fraction/run=0.308/61; outer edges=116/616; body=8.0+/-2.0/714.0+/-2.0; switch onset=L522; last complete picture=L521; band bottom=L525",521,1,0
152,13652,24,260,262,262,direct,"SP recording; raw picture onset against blank/body midpoint=68.000; VBI=none; raw three-third displacement L259=1.356,0.632,1.069/L260=1.765,0.488,1.159/L261=7.683,6.158,14.914/L262=8.613,0.074,0.099; peak=L261 margin=6.301; split fraction/run=0.080/4; outer edges=7/714; body=8.0+/-2.0/714.0+/-2.0; switch onset=L261; last complete picture=L260; band bottom=L262",260,286,521,525,525,direct,"SP recording; raw first pass-through row is picture; VBI ends at L285; raw three-third displacement L522=2.895,0.801,4.939/L523=13.509,5.948,9.876/L524=0.120,0.079,0.111/L525=0.132,0.101,0.143; peak=L523 margin=8.570; split fraction/run=0.224/47; outer edges=6/630; body=8.0+/-2.0/714.0+/-2.0; switch onset=L522; last complete picture=L521; band bottom=L525",521,1,0
153,13653,24,260,262,262,direct,"SP recording; raw picture onset against blank/body midpoint=68.000; VBI=none; raw three-third displacement L259=1.161,0.597,0.905/L260=1.431,0.602,0.949/L261=8.464,6.063,14.202/L262=8.005,0.061,0.092; peak=L261 margin=6.197; split fraction/run=0.127/9; outer edges=8/714; body=8.0+/-2.0/714.0+/-2.0; switch onset=L261; last complete picture=L260; band bottom=L262",260,286,521,525,525,direct,"SP recording; raw first pass-through row is picture; VBI ends at L285; raw three-third displacement L522=2.677,0.825,5.987/L523=13.081,5.762,8.861/L524=0.113,0.069,0.098/L525=0.132,0.099,0.167; peak=L523 margin=7.094; split fraction/run=0.304/61; outer edges=7/616; body=8.0+/-2.0/714.0+/-2.0; switch onset=L522; last complete picture=L521; band bottom=L525",521,1,0
154,13654,25,261,-1,262,direct,"SP recording; raw VBI waveform L23; intervening tape row; picture follows; raw three-third displacement L259=1.507,0.597,1.146/L260=1.220,0.553,1.030/L261=1.425,0.736,0.912/L262=8.409,6.233,14.826; peak=L262 margin=13.319; split fraction/run=0.070/5; outer edges=7/714; body=8.0+/-2.0/714.0+/-2.0; switch onset=L262; last complete picture=L261; band bottom=none at clip",261,286,521,525,525,direct,"SP recording; raw first pass-through row is picture; VBI ends at L285; raw three-third displacement L522=3.056,0.864,5.664/L523=12.734,6.151,8.818/L524=0.121,0.082,0.100/L525=0.121,0.120,0.154; peak=L523 margin=7.069; split fraction/run=0.266/57; outer edges=4/620; body=8.0+/-2.0/714.0+/-2.0; switch onset=L522; last complete picture=L521; band bottom=L525",521,2,0
155,13655,24,260,262,262,direct,"SP recording; raw picture onset against blank/body midpoint=69.000; VBI=none; raw three-third displacement L259=1.020,0.745,1.051/L260=1.492,0.586,0.926/L261=9.264,6.241,14.634/L262=7.732,0.066,0.102; peak=L261 margin=6.902; split fraction/run=0.066/4; outer edges=8/714; body=8.0+/-2.0/714.0+/-2.0; switch onset=L261; last complete picture=L260; band bottom=L262",260,286,521,525,525,direct,"SP recording; raw first pass-through row is picture; VBI ends at L285; raw three-third displacement L522=3.238,0.908,5.591/L523=12.608,5.990,9.570/L524=0.110,0.086,0.112/L525=0.126,0.113,0.160; peak=L523 margin=7.017; split fraction/run=0.252/54; outer edges=6/624; body=8.0+/-2.0/714.0+/-2.0; switch onset=L522; last complete picture=L521; band bottom=L525",521,1,0
156,13656,24,260,262,262,direct,"SP recording; raw picture onset against blank/body midpoint=68.000; VBI=none; raw three-third displacement L259=1.238,0.636,0.928/L260=1.621,0.635,1.039/L261=7.989,6.046,14.311/L262=8.349,0.070,0.079; peak=L261 margin=5.963; split fraction/run=0.113/3; outer edges=8/714; body=8.0+/-2.0/714.0+/-2.0; switch onset=L261; last complete picture=L260; band bottom=L262",260,286,521,525,525,direct,"SP recording; raw first pass-through row is picture; VBI ends at L285; raw three-third displacement L522=3.131,0.641,6.010/L523=12.709,6.021,9.841/L524=0.084,0.061,0.100/L525=0.123,0.090,0.152; peak=L523 margin=6.700; split fraction/run=0.257/55; outer edges=6/622; body=8.0+/-2.0/714.0+/-2.0; switch onset=L522; last complete picture=L521; band bottom=L525",521,1,0
157,13657,24,260,262,262,direct,"SP recording; raw picture onset against blank/body midpoint=68.500; VBI=none; raw three-third displacement L259=1.253,0.705,0.991/L260=1.560,0.797,0.994/L261=7.757,6.391,14.609/L262=9.144,0.072,0.092; peak=L261 margin=5.464; split fraction/run=0.099/3; outer edges=8/714; body=8.0+/-2.0/714.0+/-2.0; switch onset=L261; last complete picture=L260; band bottom=L262",260,286,521,525,525,direct,"SP recording; raw first pass-through row is picture; VBI ends at L285; raw three-third displacement L522=4.381,2.612,6.439/L523=12.214,6.187,10.352/L524=0.121,0.091,0.108/L525=0.114,0.093,0.144; peak=L523 margin=5.775; split fraction/run=0.271/50; outer edges=97/627; body=8.0+/-2.0/714.0+/-2.0; switch onset=L522; last complete picture=L521; band bottom=L525",521,1,0
158,13658,24,260,262,262,direct,"SP recording; raw picture onset against blank/body midpoint=68.500; VBI=none; raw three-third displacement L259=1.347,0.707,1.134/L260=1.679,0.544,1.023/L261=6.900,6.296,15.071/L262=9.844,0.077,0.092; peak=L261 margin=5.228; split fraction/run=0.085/3; outer edges=8/714; body=8.0+/-2.0/714.0+/-2.0; switch onset=L261; last complete picture=L260; band bottom=L262",260,286,521,525,525,direct,"SP recording; raw first pass-through row is picture; VBI ends at L285; raw three-third displacement L522=3.350,0.856,3.681/L523=12.341,6.211,11.962/L524=0.123,0.094,0.091/L525=0.101,0.104,0.133; peak=L523 margin=8.661; split fraction/run=0.150/30; outer edges=66/648; body=8.0+/-2.0/714.0+/-2.0; switch onset=L522; last complete picture=L521; band bottom=L525",521,1,0
159,13659,24,260,262,262,direct,"SP recording; raw picture onset against blank/body midpoint=68.500; VBI=none; raw three-third displacement L259=1.280,0.649,1.018/L260=1.683,0.588,0.971/L261=6.924,6.455,14.278/L262=9.938,0.075,0.090; peak=L261 margin=4.340; split fraction/run=0.113/4; outer edges=8/714; body=8.0+/-2.0/714.0+/-2.0; switch onset=L261; last complete picture=L260; band bottom=L262",260,286,521,525,525,direct,"SP recording; raw first pass-through row is picture; VBI ends at L285; raw three-third displacement L522=3.305,0.781,3.581/L523=12.511,6.225,11.473/L524=0.107,0.070,0.089/L525=0.099,0.088,0.132; peak=L523 margin=8.930; split fraction/run=0.160/31; outer edges=7/646; body=8.0+/-2.0/714.0+/-2.0; switch onset=L522; last complete picture=L521; band bottom=L525",521,1,0
160,13660,24,260,262,262,direct,"SP recording; raw picture onset against blank/body midpoint=68.500; VBI=none; raw three-third displacement L259=1.273,0.613,1.088/L260=1.640,0.741,1.057/L261=7.061,6.399,14.273/L262=8.926,0.067,0.092; peak=L261 margin=5.347; split fraction/run=0.094/7; outer edges=9/714; body=8.0+/-2.0/714.0+/-2.0; switch onset=L261; last complete picture=L260; band bottom=L262",260,286,521,525,525,direct,"SP recording; raw first pass-through row is picture; VBI ends at L285; raw three-third displacement L522=3.694,0.798,4.079/L523=12.182,6.257,11.511/L524=0.101,0.066,0.083/L525=0.124,0.097,0.157; peak=L523 margin=8.104; split fraction/run=0.168/36; outer edges=6/641; body=8.0+/-2.0/714.0+/-2.0; switch onset=L522; last complete picture=L521; band bottom=L525",521,1,0
161,13661,24,260,262,262,direct,"SP recording; raw picture onset against blank/body midpoint=68.000; VBI=none; raw three-third displacement L259=1.263,0.603,0.942/L260=1.809,0.670,1.110/L261=6.911,6.435,14.486/L262=9.445,0.071,0.083; peak=L261 margin=5.041; split fraction/run=0.131/6; outer edges=9/714; body=8.0+/-2.0/714.0+/-2.0; switch onset=L261; last complete picture=L260; band bottom=L262",260,286,521,525,525,direct,"SP recording; raw first pass-through row is picture; VBI ends at L285; raw three-third displacement L522=3.935,1.075,5.374/L523=12.456,6.346,10.881/L524=0.105,0.093,0.089/L525=0.131,0.104,0.164; peak=L523 margin=7.082; split fraction/run=0.220/44; outer edges=5/633; body=8.0+/-2.0/714.0+/-2.0; switch onset=L522; last complete picture=L521; band bottom=L525",521,1,0
162,13662,24,260,262,262,direct,"SP recording; raw picture onset against blank/body midpoint=68.500; VBI=none; raw three-third displacement L259=1.080,0.796,1.036/L260=1.846,0.615,0.875/L261=7.946,6.238,14.597/L262=8.230,0.075,0.093; peak=L261 margin=6.367; split fraction/run=0.141/6; outer edges=7/714; body=8.0+/-2.0/714.0+/-2.0; switch onset=L261; last complete picture=L260; band bottom=L262",260,286,521,525,525,direct,"SP recording; raw first pass-through row is picture; VBI ends at L285; raw three-third displacement L522=3.798,0.797,4.286/L523=12.015,6.121,10.504/L524=0.105,0.076,0.097/L525=0.110,0.099,0.152; peak=L523 margin=7.730; split fraction/run=0.187/40; outer edges=6/637; body=8.0+/-2.0/714.0+/-2.0; switch onset=L522; last complete picture=L521; band bottom=L525",521,1,0
163,13663,24,260,262,262,direct,"SP recording; raw picture onset against blank/body midpoint=68.500; VBI=none; raw three-third displacement L259=1.021,0.632,0.897/L260=1.725,0.642,0.850/L261=7.519,6.224,14.711/L262=8.304,0.069,0.100; peak=L261 margin=6.406; split fraction/run=0.103/4; outer edges=8/714; body=8.0+/-2.0/714.0+/-2.0; switch onset=L261; last complete picture=L260; band bottom=L262",260,286,521,525,525,direct,"SP recording; raw first pass-through row is picture; VBI ends at L285; raw three-third displacement L522=4.323,1.988,7.276/L523=12.292,6.375,8.941/L524=0.110,0.071,0.098/L525=0.127,0.088,0.132; peak=L523 margin=5.017; split fraction/run=0.336/64; outer edges=58/612; body=8.0+/-2.0/714.0+/-2.0; switch onset=L522; last complete picture=L521; band bottom=L525",521,1,0
164,13664,24,260,262,262,direct,"SP recording; raw picture onset against blank/body midpoint=68.000; VBI=none; raw three-third displacement L259=1.144,0.581,0.897/L260=1.951,0.692,1.003/L261=8.074,6.286,14.779/L262=7.702,0.067,0.093; peak=L261 margin=7.077; split fraction/run=0.211/12; outer edges=7/714; body=8.0+/-2.0/714.0+/-2.0; switch onset=L261; last complete picture=L260; band bottom=L262",260,286,521,525,525,direct,"SP recording; raw first pass-through row is picture; VBI ends at L285; raw three-third displacement L522=4.548,2.306,7.492/L523=12.179,6.162,9.721/L524=0.112,0.081,0.091/L525=0.115,0.120,0.172; peak=L523 margin=4.687; split fraction/run=0.308/61; outer edges=56/617; body=8.0+/-2.0/714.0+/-2.0; switch onset=L522; last complete picture=L521; band bottom=L525",521,1,0
165,13665,24,260,262,262,direct,"SP recording; raw picture onset against blank/body midpoint=68.000; VBI=none; raw three-third displacement L259=1.048,0.511,1.030/L260=1.845,0.680,0.907/L261=8.051,6.272,14.515/L262=7.122,0.073,0.088; peak=L261 margin=7.393; split fraction/run=0.150/7; outer edges=8/714; body=8.0+/-2.0/714.0+/-2.0; switch onset=L261; last complete picture=L260; band bottom=L262",260,286,521,525,525,direct,"SP recording; raw first pass-through row is picture; VBI ends at L285; raw three-third displacement L522=4.681,2.154,6.670/L523=12.484,6.296,9.943/L524=0.118,0.094,0.121/L525=0.121,0.109,0.172; peak=L523 margin=5.814; split fraction/run=0.276/54; outer edges=99/623; body=8.0+/-2.0/714.0+/-2.0; switch onset=L522; last complete picture=L521; band bottom=L525",521,1,0
166,13666,24,260,262,262,direct,"SP recording; raw picture onset against blank/body midpoint=68.000; VBI=none; raw three-third displacement L259=1.387,0.647,0.976/L260=1.898,0.589,1.076/L261=7.564,6.243,14.138/L262=8.307,0.071,0.092; peak=L261 margin=5.831; split fraction/run=0.117/4; outer edges=8/714; body=8.0+/-2.0/714.0+/-2.0; switch onset=L261; last complete picture=L260; band bottom=L262",260,286,521,525,525,direct,"SP recording; raw first pass-through row is picture; VBI ends at L285; raw three-third displacement L522=4.619,2.106,5.966/L523=12.091,6.127,10.552/L524=0.134,0.105,0.121/L525=0.134,0.113,0.151; peak=L523 margin=6.125; split fraction/run=0.266/47; outer edges=56/631; body=8.0+/-2.0/714.0+/-2.0; switch onset=L522; last complete picture=L521; band bottom=L525",521,1,0
167,13667,24,260,262,262,direct,"SP recording; raw picture onset against blank/body midpoint=68.500; VBI=none; raw three-third displacement L259=1.337,0.632,0.889/L260=2.049,0.529,0.830/L261=7.957,6.130,14.559/L262=8.190,0.081,0.096; peak=L261 margin=6.370; split fraction/run=0.169/10; outer edges=8/714; body=8.0+/-2.0/714.0+/-2.0; switch onset=L261; last complete picture=L260; band bottom=L262",260,286,521,525,525,direct,"SP recording; raw first pass-through row is picture; VBI ends at L285; raw three-third displacement L522=3.708,1.101,5.643/L523=13.219,6.208,10.346/L524=0.109,0.088,0.101/L525=0.125,0.107,0.162; peak=L523 margin=7.576; split fraction/run=0.238/47; outer edges=1/630; body=8.0+/-2.0/714.0+/-2.0; switch onset=L522; last complete picture=L521; band bottom=L525",521,1,0
168,13668,24,260,262,262,direct,"SP recording; raw picture onset against blank/body midpoint=68.500; VBI=none; raw three-third displacement L259=1.322,0.566,0.902/L260=1.556,0.693,1.122/L261=8.454,6.235,14.058/L262=8.451,0.074,0.094; peak=L261 margin=5.607; split fraction/run=0.113/7; outer edges=9/714; body=8.0+/-2.0/714.0+/-2.0; switch onset=L261; last complete picture=L260; band bottom=L262",260,286,521,525,525,direct,"SP recording; raw first pass-through row is picture; VBI ends at L285; raw three-third displacement L522=1.668,1.015,4.850/L523=14.698,6.242,10.333/L524=0.114,0.091,0.108/L525=0.119,0.108,0.157; peak=L523 margin=9.848; split fraction/run=0.206/44; outer edges=6/633; body=8.0+/-2.0/714.0+/-2.0; switch onset=L522; last complete picture=L521; band bottom=L525",521,1,0
169,13669,24,260,262,262,direct,"SP recording; raw picture onset against blank/body midpoint=68.500; VBI=none; raw three-third displacement L259=1.114,0.670,1.039/L260=1.141,0.573,0.972/L261=5.657,6.217,14.718/L262=11.350,0.076,0.088; peak=L261 margin=3.368; split fraction/run=0.117/5; outer edges=9/714; body=8.0+/-2.0/714.0+/-2.0; switch onset=L261; last complete picture=L260; band bottom=L262",260,286,521,525,525,direct,"SP recording; raw first pass-through row is picture; VBI ends at L285; raw three-third displacement L522=2.724,2.963,2.340/L523=8.874,8.736,2.180/L524=0.062,0.074,0.056/L525=0.070,0.092,0.090; peak=L523 margin=5.910; split fraction/run=0.425/55; outer edges=0/623; body=8.0+/-2.0/714.0+/-2.0; switch onset=L522; last complete picture=L521; band bottom=L525",521,1,0
170,13670,24,260,262,262,direct,"SP recording; raw picture onset against blank/body midpoint=62.500; VBI=none; raw three-third displacement L259=1.158,2.236,0.803/L260=1.235,2.274,0.987/L261=2.756,9.068,3.783/L262=7.933,0.064,0.058; peak=L261 margin=1.134; split fraction/run=0.324/10; outer edges=7/714; body=8.0+/-2.0/714.0+/-2.0; switch onset=L261; last complete picture=L260; band bottom=L262",260,286,521,525,525,direct,"SP recording; raw first pass-through row is picture; VBI ends at L285; raw three-third displacement L522=3.005,3.071,2.404/L523=9.144,8.936,2.089/L524=0.072,0.084,0.089/L525=0.077,0.089,0.093; peak=L523 margin=6.073; split fraction/run=0.453/57; outer edges=16/618; body=8.0+/-2.0/714.0+/-2.0; switch onset=L522; last complete picture=L521; band bottom=L525",521,1,0
171,13671,24,260,262,262,direct,"SP recording; raw picture onset against blank/body midpoint=62.500; VBI=none; raw three-third displacement L259=1.042,2.306,0.776/L260=1.281,2.202,0.869/L261=2.903,8.963,3.441/L262=7.765,0.075,0.058; peak=L261 margin=1.199; split fraction/run=0.254/17; outer edges=8/713; body=8.0+/-2.0/714.0+/-2.0; switch onset=L261; last complete picture=L260; band bottom=L262",260,286,521,525,525,direct,"SP recording; raw first pass-through row is picture; VBI ends at L285; raw three-third displacement L522=2.857,2.872,2.489/L523=9.423,9.129,2.270/L524=0.098,0.092,0.082/L525=0.074,0.100,0.090; peak=L523 margin=6.551; split fraction/run=0.397/49; outer edges=0/628; body=8.0+/-2.0/714.0+/-2.0; switch onset=L522; last complete picture=L521; band bottom=L525",521,1,0
172,13672,24,260,262,262,direct,"SP recording; raw picture onset against blank/body midpoint=62.500; VBI=none; raw three-third displacement L259=1.004,2.316,0.693/L260=1.175,2.284,0.911/L261=3.759,9.590,3.691/L262=7.898,0.072,0.056; peak=L261 margin=1.691; split fraction/run=0.131/7; outer edges=8/714; body=8.0+/-2.0/714.0+/-2.0; switch onset=L261; last complete picture=L260; band bottom=L262",260,286,521,525,525,direct,"SP recording; raw first pass-through row is picture; VBI ends at L285; raw three-third displacement L522=1.442,2.200,1.995/L523=9.279,9.219,2.227/L524=0.087,0.090,0.086/L525=0.077,0.100,0.101; peak=L523 margin=7.079; split fraction/run=0.379/48; outer edges=6/630; body=8.0+/-2.0/714.0+/-2.0; switch onset=L522; last complete picture=L521; band bottom=L525",521,1,0
173,13673,24,260,262,262,direct,"SP recording; raw picture onset against blank/body midpoint=63.000; VBI=none; raw three-third displacement L259=1.079,2.401,0.750/L260=1.112,2.156,0.884/L261=3.825,8.915,3.474/L262=7.826,0.072,0.054; peak=L261 margin=1.089; split fraction/run=0.174/18; outer edges=8/714; body=8.0+/-2.0/714.0+/-2.0; switch onset=L261; last complete picture=L260; band bottom=L262",260,286,522,525,525,direct,"SP recording; raw first pass-through row is picture; VBI ends at L285; raw three-third displacement L522=1.606,2.130,2.158/L523=9.285,9.386,2.193/L524=0.082,0.077,0.056/L525=0.073,0.101,0.095; peak=L523 margin=7.228; split fraction/run=0.416/54; outer edges=5/621; body=8.0+/-2.0/714.0+/-2.0; switch onset=L523; last complete picture=L522; band bottom=L525",522,1,0
174,13674,24,260,262,262,direct,"SP recording; raw picture onset against blank/body midpoint=62.500; VBI=none; raw three-third displacement L259=1.121,2.693,0.660/L260=0.966,2.372,0.832/L261=4.644,9.500,3.692/L262=7.010,0.081,0.054; peak=L261 margin=2.490; split fraction/run=0.174/11; outer edges=8/714; body=8.0+/-2.0/714.0+/-2.0; switch onset=L261; last complete picture=L260; band bottom=L262",260,286,521,525,525,direct,"SP recording; raw first pass-through row is picture; VBI ends at L285; raw three-third displacement L522=1.582,2.216,2.038/L523=8.790,9.180,1.878/L524=0.071,0.072,0.060/L525=0.071,0.088,0.081; peak=L523 margin=6.963; split fraction/run=0.453/64; outer edges=5/611; body=8.0+/-2.0/714.0+/-2.0; switch onset=L522; last complete picture=L521; band bottom=L525",521,1,0
175,13675,24,260,262,262,direct,"SP recording; raw picture onset against blank/body midpoint=62.500; VBI=none; raw three-third displacement L259=0.898,2.573,0.690/L260=1.064,2.157,0.728/L261=4.874,9.194,3.327/L262=6.562,0.079,0.054; peak=L261 margin=2.633; split fraction/run=0.112/9; outer edges=8/714; body=8.0+/-2.0/714.0+/-2.0; switch onset=L261; last complete picture=L260; band bottom=L262",260,286,521,525,525,direct,"SP recording; raw first pass-through row is picture; VBI ends at L285; raw three-third displacement L522=1.563,2.223,2.151/L523=9.250,9.309,2.113/L524=0.081,0.092,0.065/L525=0.078,0.094,0.097; peak=L523 margin=7.086; split fraction/run=0.425/64; outer edges=5/612; body=8.0+/-2.0/714.0+/-2.0; switch onset=L522; last complete picture=L521; band bottom=L525",521,1,0
176,13676,24,260,262,262,direct,"SP recording; raw picture onset against blank/body midpoint=62.500; VBI=none; raw three-third displacement L259=1.070,2.566,0.747/L260=1.072,2.050,0.826/L261=4.708,9.494,3.619/L262=6.665,0.074,0.056; peak=L261 margin=2.829; split fraction/run=0.169/17; outer edges=7/714; body=8.0+/-2.0/714.0+/-2.0; switch onset=L261; last complete picture=L260; band bottom=L262",260,286,521,525,525,direct,"SP recording; raw first pass-through row is picture; VBI ends at L285; raw three-third displacement L522=1.220,2.115,1.884/L523=9.323,9.100,2.185/L524=0.070,0.076,0.069/L525=0.073,0.090,0.094; peak=L523 margin=7.208; split fraction/run=0.322/48; outer edges=7/631; body=8.0+/-2.0/714.0+/-2.0; switch onset=L522; last complete picture=L521; band bottom=L525",521,1,0
177,13677,24,260,262,262,direct,"SP recording; raw picture onset against blank/body midpoint=62.500; VBI=none; raw three-third displacement L259=1.124,2.606,0.795/L260=1.366,2.145,0.804/L261=3.945,9.106,3.530/L262=7.517,0.076,0.059; peak=L261 margin=1.589; split fraction/run=0.197/10; outer edges=8/714; body=8.0+/-2.0/714.0+/-2.0; switch onset=L261; last complete picture=L260; band bottom=L262",260,286,521,525,525,direct,"SP recording; raw first pass-through row is picture; VBI ends at L285; raw three-third displacement L522=1.224,2.122,1.900/L523=9.285,8.981,2.401/L524=0.083,0.077,0.076/L525=0.075,0.100,0.104; peak=L523 margin=7.163; split fraction/run=0.355/40; outer edges=5/636; body=8.0+/-2.0/714.0+/-2.0; switch onset=L522; last complete picture=L521; band bottom=L525",521,1,0
178,13678,24,260,262,262,direct,"SP recording; raw picture onset against blank/body midpoint=62.500; VBI=none; raw three-third displacement L259=0.857,2.503,0.788/L260=1.124,2.112,1.003/L261=3.501,9.397,3.445/L262=7.544,0.068,0.064; peak=L261 margin=1.853; split fraction/run=0.216/21; outer edges=7/714; body=8.0+/-2.0/714.0+/-2.0; switch onset=L261; last complete picture=L260; band bottom=L262",260,286,521,525,525,direct,"SP recording; raw first pass-through row is picture; VBI ends at L285; raw three-third displacement L522=1.456,2.436,1.575/L523=9.255,8.632,2.825/L524=0.077,0.062,0.054/L525=0.074,0.097,0.086; peak=L523 margin=6.820; split fraction/run=0.201/33; outer edges=4/646; body=8.0+/-2.0/714.0+/-2.0; switch onset=L522; last complete picture=L521; band bottom=L525",521,1,0
179,13679,24,260,262,262,direct,"SP recording; raw picture onset against blank/body midpoint=62.000; VBI=none; raw three-third displacement L259=1.319,2.566,0.725/L260=1.058,2.205,0.974/L261=3.582,9.441,3.601/L262=7.966,0.073,0.058; peak=L261 margin=1.475; split fraction/run=0.178/21; outer edges=8/714; body=8.0+/-2.0/714.0+/-2.0; switch onset=L261; last complete picture=L260; band bottom=L262",260,286,521,525,525,direct,"SP recording; raw first pass-through row is picture; VBI ends at L285; raw three-third displacement L522=1.042,1.929,1.634/L523=9.461,8.891,2.432/L524=0.077,0.082,0.069/L525=0.071,0.094,0.079; peak=L523 margin=7.532; split fraction/run=0.262/38; outer edges=7/640; body=8.0+/-2.0/714.0+/-2.0; switch onset=L522; last complete picture=L521; band bottom=L525",521,1,0
180,13680,24,260,262,262,direct,"SP recording; raw picture onset against blank/body midpoint=62.000; VBI=none; raw three-third displacement L259=1.213,2.474,0.755/L260=0.998,2.347,0.886/L261=4.070,9.743,3.655/L262=7.734,0.072,0.057; peak=L261 margin=2.010; split fraction/run=0.216/10; outer edges=8/714; body=8.0+/-2.0/714.0+/-2.0; switch onset=L261; last complete picture=L260; band bottom=L262",260,286,521,525,525,direct,"SP recording; raw first pass-through row is picture; VBI ends at L285; raw three-third displacement L522=1.697,2.313,1.909/L523=8.738,8.038,2.298/L524=0.071,0.061,0.060/L525=0.062,0.080,0.072; peak=L523 margin=6.424; split fraction/run=0.308/48; outer edges=5/628; body=8.0+/-2.0/714.0+/-2.0; switch onset=L522; last complete picture=L521; band bottom=L525",521,1,0
181,13681,24,260,262,262,direct,"SP recording; raw picture onset against blank/body midpoint=62.500; VBI=none; raw three-third displacement L259=1.169,2.405,0.686/L260=1.216,2.099,0.792/L261=3.295,9.175,3.401/L262=6.934,0.084,0.053; peak=L261 margin=2.240; split fraction/run=0.244/11; outer edges=8/714; body=8.0+/-2.0/714.0+/-2.0; switch onset=L261; last complete picture=L260; band bottom=L262",260,286,521,525,525,direct,"SP recording; raw first pass-through row is picture; VBI ends at L285; raw three-third displacement L522=1.405,2.010,2.038/L523=9.311,8.917,2.197/L524=0.069,0.072,0.061/L525=0.074,0.096,0.076; peak=L523 margin=7.274; split fraction/run=0.369/49; outer edges=6/629; body=8.0+/-2.0/714.0+/-2.0; switch onset=L522; last complete picture=L521; band bottom=L525",521,1,0
182,13682,24,260,262,262,direct,"SP recording; raw picture onset against blank/body midpoint=62.500; VBI=none; raw three-third displacement L259=1.046,2.321,0.628/L260=1.099,2.293,0.812/L261=2.871,9.258,3.558/L262=7.647,0.064,0.053; peak=L261 margin=1.611; split fraction/run=0.268/9; outer edges=8/714; body=8.0+/-2.0/714.0+/-2.0; switch onset=L261; last complete picture=L260; band bottom=L262",260,286,521,525,525,direct,"SP recording; raw first pass-through row is picture; VBI ends at L285; raw three-third displacement L522=2.938,2.929,2.391/L523=9.189,8.555,2.207/L524=0.077,0.071,0.059/L525=0.067,0.085,0.073; peak=L523 margin=6.251; split fraction/run=0.425/62; outer edges=0/613; body=8.0+/-2.0/714.0+/-2.0; switch onset=L522; last complete picture=L521; band bottom=L525",521,1,0
183,13683,24,260,262,262,direct,"SP recording; raw picture onset against blank/body midpoint=62.000; VBI=none; raw three-third displacement L259=1.201,2.393,0.774/L260=1.151,2.215,0.912/L261=2.382,9.298,3.618/L262=8.242,0.073,0.063; peak=L261 margin=1.056; split fraction/run=0.291/13; outer edges=8/714; body=8.0+/-2.0/714.0+/-2.0; switch onset=L261; last complete picture=L260; band bottom=L262",260,286,521,525,525,direct,"SP recording; raw first pass-through row is picture; VBI ends at L285; raw three-third displacement L522=2.868,2.798,2.245/L523=8.663,8.565,2.254/L524=0.070,0.077,0.082/L525=0.065,0.090,0.084; peak=L523 margin=5.794; split fraction/run=0.411/54; outer edges=0/621; body=8.0+/-2.0/714.0+/-2.0; switch onset=L522; last complete picture=L521; band bottom=L525",521,1,0
184,13684,24,260,262,262,cv_inspected,"SP recording; raw picture onset against blank/body midpoint=62.000; VBI=none; raw three-third displacement L259=1.140,2.554,0.759/L260=0.994,2.116,0.823/L261=1.866,9.286,3.502/L262=8.913,0.071,0.064; peak=L261 margin=0.373; split fraction/run=0.300/10; outer edges=8/714; body=8.0+/-2.0/714.0+/-2.0; switch onset=L261; last complete picture=L260; band bottom=L262; row Y(mean/std) L23=4.923/3.690 L24=130.761/31.463 L25=129.342/33.283 L260=99.350/45.872 L261=45.709/57.120 L262=11.102/0.999",260,286,521,525,525,direct,"SP recording; raw first pass-through row is picture; VBI ends at L285; raw three-third displacement L522=1.212,1.889,1.834/L523=8.952,9.072,2.299/L524=0.075,0.084,0.062/L525=0.074,0.095,0.073; peak=L523 margin=7.183; split fraction/run=0.322/41; outer edges=8/637; body=8.0+/-2.0/714.0+/-2.2; switch onset=L522; last complete picture=L521; band bottom=L525",521,1,0
185,13685,24,260,262,262,direct,"SP recording; raw picture onset against blank/body midpoint=62.500; VBI=none; raw three-third displacement L259=1.069,2.727,0.762/L260=1.177,2.331,0.913/L261=2.488,9.093,3.503/L262=7.961,0.079,0.073; peak=L261 margin=1.132; split fraction/run=0.300/20; outer edges=7/714; body=8.0+/-2.0/714.0+/-2.0; switch onset=L261; last complete picture=L260; band bottom=L262",260,286,522,525,525,direct,"SP recording; raw first pass-through row is picture; VBI ends at L285; raw three-third displacement L522=2.775,2.846,2.232/L523=8.927,8.762,2.056/L524=0.081,0.083,0.062/L525=0.085,0.104,0.077; peak=L523 margin=6.081; split fraction/run=0.453/62; outer edges=0/614; body=8.0+/-2.0/714.0+/-2.0; switch onset=L523; last complete picture=L522; band bottom=L525",522,1,0
186,13686,24,260,262,262,direct,"SP recording; raw picture onset against blank/body midpoint=62.500; VBI=none; raw three-third displacement L259=1.025,2.492,0.747/L260=1.095,2.279,0.947/L261=2.729,9.272,3.603/L262=7.764,0.074,0.068; peak=L261 margin=1.508; split fraction/run=0.230/9; outer edges=8/714; body=8.0+/-2.0/714.0+/-2.0; switch onset=L261; last complete picture=L260; band bottom=L262",260,286,521,525,525,direct,"SP recording; raw first pass-through row is picture; VBI ends at L285; raw three-third displacement L522=2.932,3.078,2.390/L523=9.323,8.814,2.342/L524=0.096,0.116,0.090/L525=0.079,0.092,0.081; peak=L523 margin=6.245; split fraction/run=0.388/54; outer edges=113/621; body=7.0+/-2.0/714.0+/-2.0; switch onset=L522; last complete picture=L521; band bottom=L525",521,1,0
187,13687,24,260,262,262,direct,"SP recording; raw picture onset against blank/body midpoint=62.000; VBI=none; raw three-third displacement L259=1.159,2.382,0.763/L260=1.144,2.116,0.884/L261=3.707,9.289,3.596/L262=7.632,0.074,0.063; peak=L261 margin=1.657; split fraction/run=0.146/9; outer edges=9/714; body=8.0+/-2.0/714.0+/-2.0; switch onset=L261; last complete picture=L260; band bottom=L262",260,286,521,525,525,direct,"SP recording; raw first pass-through row is picture; VBI ends at L285; raw three-third displacement L522=1.009,2.105,1.734/L523=9.210,9.136,2.325/L524=0.081,0.093,0.090/L525=0.082,0.099,0.093; peak=L523 margin=7.105; split fraction/run=0.355/44; outer edges=8/634; body=8.0+/-2.0/714.0+/-2.0; switch onset=L522; last complete picture=L521; band bottom=L525",521,1,0
188,13688,24,260,262,262,direct,"SP recording; raw picture onset against blank/body midpoint=62.000; VBI=none; raw three-third displacement L259=1.054,2.700,0.841/L260=1.174,2.401,0.872/L261=3.115,9.595,3.726/L262=8.100,0.074,0.066; peak=L261 margin=1.495; split fraction/run=0.254/8; outer edges=8/714; body=8.0+/-2.0/714.0+/-2.0; switch onset=L261; last complete picture=L260; band bottom=L262",260,286,522,525,525,direct,"SP recording; raw first pass-through row is picture; VBI ends at L285; raw three-third displacement L522=0.921,2.081,1.866/L523=9.175,8.970,2.049/L524=0.073,0.079,0.065/L525=0.075,0.109,0.089; peak=L523 margin=7.094; split fraction/run=0.364/49; outer edges=8/627; body=8.0+/-2.0/714.0+/-2.0; switch onset=L523; last complete picture=L522; band bottom=L525",522,1,0
189,13689,24,260,262,262,direct,"SP recording; raw picture onset against blank/body midpoint=62.500; VBI=none; raw three-third displacement L259=0.977,2.269,0.799/L260=1.307,2.155,0.924/L261=4.354,9.133,3.547/L262=6.322,0.076,0.062; peak=L261 margin=2.811; split fraction/run=0.192/14; outer edges=7/714; body=8.0+/-2.0/714.0+/-2.0; switch onset=L261; last complete picture=L260; band bottom=L262",260,286,521,525,525,direct,"SP recording; raw first pass-through row is picture; VBI ends at L285; raw three-third displacement L522=1.034,2.190,1.921/L523=9.106,9.164,1.854/L524=0.074,0.094,0.079/L525=0.079,0.109,0.086; peak=L523 margin=6.974; split fraction/run=0.421/69; outer edges=9/610; body=8.0+/-2.0/714.0+/-2.0; switch onset=L522; last complete picture=L521; band bottom=L525",521,1,0
190,13690,24,260,262,262,direct,"SP recording; raw picture onset against blank/body midpoint=62.000; VBI=none; raw three-third displacement L259=1.020,2.392,0.823/L260=1.143,2.195,0.950/L261=4.262,9.170,3.496/L262=6.642,0.074,0.061; peak=L261 margin=2.528; split fraction/run=0.169/12; outer edges=7/713; body=8.0+/-2.0/714.0+/-2.0; switch onset=L261; last complete picture=L260; band bottom=L262",260,286,521,525,525,direct,"SP recording; raw first pass-through row is picture; VBI ends at L285; raw three-third displacement L522=1.312,2.058,1.961/L523=9.414,8.840,1.880/L524=0.080,0.083,0.067/L525=0.086,0.107,0.090; peak=L523 margin=7.356; split fraction/run=0.402/69; outer edges=6/607; body=8.0+/-2.0/714.0+/-2.0; switch onset=L522; last complete picture=L521; band bottom=L525",521,1,0
191,13691,24,260,262,262,direct,"SP recording; raw picture onset against blank/body midpoint=62.000; VBI=none; raw three-third displacement L259=1.045,2.376,0.690/L260=1.141,2.313,0.844/L261=4.423,9.161,3.362/L262=6.535,0.077,0.055; peak=L261 margin=2.626; split fraction/run=0.192/11; outer edges=8/714; body=8.0+/-2.0/714.0+/-2.0; switch onset=L261; last complete picture=L260; band bottom=L262",260,286,521,525,525,direct,"SP recording; raw first pass-through row is picture; VBI ends at L285; raw three-third displacement L522=1.082,2.067,1.823/L523=9.206,9.010,2.026/L524=0.087,0.076,0.066/L525=0.078,0.099,0.081; peak=L523 margin=7.139; split fraction/run=0.364/58; outer edges=8/619; body=8.0+/-2.0/714.0+/-2.0; switch onset=L522; last complete picture=L521; band bottom=L525",521,1,0
192,13692,24,260,262,262,direct,"SP recording; raw picture onset against blank/body midpoint=61.500; VBI=none; raw three-third displacement L259=0.977,2.392,0.600/L260=1.188,2.374,0.931/L261=3.868,9.228,3.648/L262=7.300,0.070,0.057; peak=L261 margin=1.928; split fraction/run=0.174/9; outer edges=7/714; body=8.0+/-2.0/714.0+/-2.0; switch onset=L261; last complete picture=L260; band bottom=L262",260,286,521,525,525,direct,"SP recording; raw first pass-through row is picture; VBI ends at L285; raw three-third displacement L522=1.158,2.007,1.743/L523=8.833,9.006,2.219/L524=0.076,0.067,0.073/L525=0.082,0.077,0.083; peak=L523 margin=6.999; split fraction/run=0.290/45; outer edges=7/632; body=8.0+/-2.0/714.0+/-2.0; switch onset=L522; last complete picture=L521; band bottom=L525",521,1,0
193,13693,24,260,262,262,direct,"SP recording; raw picture onset against blank/body midpoint=62.000; VBI=none; raw three-third displacement L259=1.237,2.400,0.648/L260=1.265,2.118,0.812/L261=3.709,9.111,3.511/L262=7.487,0.064,0.061; peak=L261 margin=1.624; split fraction/run=0.211/11; outer edges=8/714; body=8.0+/-2.0/714.0+/-2.0; switch onset=L261; last complete picture=L260; band bottom=L262",260,286,521,525,525,direct,"SP recording; raw first pass-through row is picture; VBI ends at L285; raw three-third displacement L522=0.946,1.949,1.708/L523=8.873,9.124,2.115/L524=0.073,0.078,0.059/L525=0.062,0.105,0.090; peak=L523 margin=7.175; split fraction/run=0.332/49; outer edges=7/629; body=8.0+/-2.0/714.0+/-2.0; switch onset=L522; last complete picture=L521; band bottom=L525",521,1,0
194,13694,24,260,262,262,direct,"SP recording; raw picture onset against blank/body midpoint=62.000; VBI=none; raw three-third displacement L259=1.050,2.297,0.627/L260=1.121,2.441,0.809/L261=3.480,9.227,3.672/L262=7.402,0.068,0.057; peak=L261 margin=1.824; split fraction/run=0.244/11; outer edges=9/714; body=8.0+/-2.0/714.0+/-2.0; switch onset=L261; last complete picture=L260; band bottom=L262",260,286,521,525,525,direct,"SP recording; raw first pass-through row is picture; VBI ends at L285; raw three-third displacement L522=1.092,1.740,1.608/L523=8.959,9.410,2.638/L524=0.073,0.073,0.058/L525=0.061,0.105,0.098; peak=L523 margin=7.671; split fraction/run=0.280/34; outer edges=7/644; body=8.0+/-2.0/714.0+/-2.0; switch onset=L522; last complete picture=L521; band bottom=L525",521,1,0
195,13695,24,260,262,262,direct,"SP recording; raw picture onset against blank/body midpoint=62.000; VBI=none; raw three-third displacement L259=1.012,2.137,0.769/L260=1.050,2.273,0.789/L261=2.515,9.135,3.564/L262=8.155,0.065,0.066; peak=L261 margin=0.980; split fraction/run=0.160/13; outer edges=8/714; body=8.0+/-2.0/714.0+/-2.0; switch onset=L261; last complete picture=L260; band bottom=L262",260,286,521,525,525,direct,"SP recording; raw first pass-through row is picture; VBI ends at L285; raw three-third displacement L522=1.111,1.956,1.424/L523=9.030,9.017,2.495/L524=0.076,0.073,0.055/L525=0.082,0.079,0.086; peak=L523 margin=7.074; split fraction/run=0.252/30; outer edges=7/648; body=8.0+/-2.0/714.0+/-2.0; switch onset=L522; last complete picture=L521; band bottom=L525",521,1,0
196,13696,24,260,262,262,cv_inspected,"SP recording; raw picture onset against blank/body midpoint=62.000; VBI=none; raw three-third displacement L259=1.118,2.392,0.780/L260=1.206,2.161,0.822/L261=2.142,9.464,3.356/L262=8.820,0.061,0.064; peak=L261 margin=0.644; split fraction/run=0.272/12; outer edges=8/713; body=8.0+/-2.0/714.0+/-2.0; switch onset=L261; last complete picture=L260; band bottom=L262; row Y(mean/std) L23=5.817/4.612 L24=130.137/32.618 L25=127.713/33.337 L260=99.206/45.853 L261=45.931/56.787 L262=10.802/0.971",260,286,521,525,525,direct,"SP recording; raw first pass-through row is picture; VBI ends at L285; raw three-third displacement L522=0.938,1.737,1.373/L523=9.273,8.962,2.718/L524=0.071,0.082,0.060/L525=0.067,0.091,0.092; peak=L523 margin=7.537; split fraction/run=0.243/26; outer edges=8/650; body=8.0+/-2.0/714.0+/-2.0; switch onset=L522; last complete picture=L521; band bottom=L525",521,1,0
197,13697,24,260,262,262,direct,"SP recording; raw picture onset against blank/body midpoint=62.000; VBI=none; raw three-third displacement L259=1.040,2.374,0.771/L260=1.223,2.250,0.845/L261=2.709,9.274,3.572/L262=8.265,0.075,0.060; peak=L261 margin=1.010; split fraction/run=0.235/10; outer edges=8/713; body=8.0+/-2.0/714.0+/-2.0; switch onset=L261; last complete picture=L260; band bottom=L262",260,286,521,525,525,direct,"SP recording; raw first pass-through row is picture; VBI ends at L285; raw three-third displacement L522=1.183,1.939,1.888/L523=8.630,9.022,2.135/L524=0.066,0.072,0.054/L525=0.072,0.086,0.084; peak=L523 margin=7.082; split fraction/run=0.360/50; outer edges=6/628; body=8.0+/-2.0/714.0+/-2.0; switch onset=L522; last complete picture=L521; band bottom=L525",521,1,0
198,13698,24,260,262,262,direct,"SP recording; raw picture onset against blank/body midpoint=62.500; VBI=none; raw three-third displacement L259=1.137,2.286,0.729/L260=1.113,2.199,0.841/L261=3.765,9.190,3.565/L262=7.521,0.062,0.057; peak=L261 margin=1.669; split fraction/run=0.154/11; outer edges=8/714; body=8.0+/-2.0/714.0+/-2.0; switch onset=L261; last complete picture=L260; band bottom=L262",260,286,521,525,525,direct,"SP recording; raw first pass-through row is picture; VBI ends at L285; raw three-third displacement L522=1.049,2.036,1.747/L523=9.322,8.839,2.154/L524=0.068,0.065,0.055/L525=0.082,0.091,0.081; peak=L523 margin=7.286; split fraction/run=0.355/45; outer edges=9/634; body=8.0+/-2.0/714.0+/-2.0; switch onset=L522; last complete picture=L521; band bottom=L525",521,1,0
199,13699,24,260,262,262,direct,"SP recording; raw picture onset against blank/body midpoint=62.500; VBI=none; raw three-third displacement L259=1.155,2.399,0.722/L260=1.104,2.307,0.776/L261=4.179,9.086,3.345/L262=6.586,0.072,0.056; peak=L261 margin=2.500; split fraction/run=0.174/9; outer edges=8/714; body=8.0+/-2.0/714.0+/-2.0; switch onset=L261; last complete picture=L260; band bottom=L262",260,286,521,525,525,direct,"SP recording; raw first pass-through row is picture; VBI ends at L285; raw three-third displacement L522=1.090,1.898,1.885/L523=9.143,8.970,2.009/L524=0.062,0.071,0.059/L525=0.083,0.097,0.077; peak=L523 margin=7.245; split fraction/run=0.355/54; outer edges=10/623; body=8.0+/-2.0/714.0+/-2.0; switch onset=L522; last complete picture=L521; band bottom=L525",521,1,0
200,13700,24,260,262,262,direct,"SP recording; raw picture onset against blank/body midpoint=62.500; VBI=none; raw three-third displacement L259=0.999,2.289,0.704/L260=1.250,2.233,0.791/L261=4.696,9.054,3.474/L262=6.342,0.065,0.060; peak=L261 margin=2.712; split fraction/run=0.239/13; outer edges=8/714; body=8.0+/-2.0/714.0+/-2.0; switch onset=L261; last complete picture=L260; band bottom=L262",260,286,521,525,525,direct,"SP recording; raw first pass-through row is picture; VBI ends at L285; raw three-third displacement L522=0.946,2.044,1.878/L523=9.337,8.883,1.918/L524=0.063,0.070,0.050/L525=0.073,0.077,0.071; peak=L523 margin=7.293; split fraction/run=0.383/64; outer edges=9/614; body=8.0+/-2.0/714.0+/-2.0; switch onset=L522; last complete picture=L521; band bottom=L525",521,1,0
201,13701,24,260,262,262,direct,"SP recording; raw picture onset against blank/body midpoint=62.500; VBI=none; raw three-third displacement L259=0.948,2.406,0.658/L260=0.991,2.313,0.921/L261=4.266,9.079,3.697/L262=6.198,0.074,0.059; peak=L261 margin=2.881; split fraction/run=0.169/8; outer edges=8/714; body=8.0+/-2.0/714.0+/-2.0; switch onset=L261; last complete picture=L260; band bottom=L262",260,286,521,525,525,direct,"SP recording; raw first pass-through row is picture; VBI ends at L285; raw three-third displacement L522=1.057,1.922,1.910/L523=8.995,8.703,2.075/L524=0.064,0.066,0.056/L525=0.079,0.095,0.089; peak=L523 margin=7.074; split fraction/run=0.416/53; outer edges=7/623; body=8.0+/-2.0/714.0+/-2.0; switch onset=L522; last complete picture=L521; band bottom=L525",521,1,0
202,13702,24,260,262,262,direct,"SP recording; raw picture onset against blank/body midpoint=62.500; VBI=none; raw three-third displacement L259=1.097,2.583,0.809/L260=1.069,2.302,0.936/L261=3.571,9.063,3.460/L262=7.180,0.066,0.064; peak=L261 margin=1.884; split fraction/run=0.192/17; outer edges=7/714; body=8.0+/-2.0/714.0+/-2.0; switch onset=L261; last complete picture=L260; band bottom=L262",260,286,521,525,525,direct,"SP recording; raw first pass-through row is picture; VBI ends at L285; raw three-third displacement L522=0.827,1.650,1.909/L523=9.191,8.810,2.127/L524=0.071,0.072,0.062/L525=0.077,0.085,0.079; peak=L523 margin=7.282; split fraction/run=0.393/52; outer edges=10/623; body=8.0+/-2.0/714.0+/-2.0; switch onset=L522; last complete picture=L521; band bottom=L525",521,1,0
203,13703,24,260,262,262,direct,"SP recording; raw picture onset against blank/body midpoint=62.500; VBI=none; raw three-third displacement L259=0.951,2.452,0.742/L260=1.170,2.425,1.020/L261=4.354,9.495,3.562/L262=6.601,0.064,0.060; peak=L261 margin=2.894; split fraction/run=0.160/12; outer edges=8/714; body=8.0+/-2.0/714.0+/-2.0; switch onset=L261; last complete picture=L260; band bottom=L262",260,286,521,525,525,direct,"SP recording; raw first pass-through row is picture; VBI ends at L285; raw three-third displacement L522=1.129,2.105,2.065/L523=9.194,9.256,1.927/L524=0.070,0.066,0.058/L525=0.079,0.075,0.077; peak=L523 margin=7.151; split fraction/run=0.411/66; outer edges=6/610; body=8.0+/-2.0/714.0+/-2.0; switch onset=L522; last complete picture=L521; band bottom=L525",521,1,0
204,13704,24,260,262,262,direct,"SP recording; raw picture onset against blank/body midpoint=62.000; VBI=none; raw three-third displacement L259=1.215,2.442,0.696/L260=1.065,2.162,0.955/L261=4.196,9.037,3.657/L262=6.752,0.063,0.055; peak=L261 margin=2.285; split fraction/run=0.192/17; outer edges=8/714; body=8.0+/-2.0/714.0+/-2.0; switch onset=L261; last complete picture=L260; band bottom=L262",260,286,521,525,525,direct,"SP recording; raw first pass-through row is picture; VBI ends at L285; raw three-third displacement L522=0.982,1.807,1.915/L523=9.168,9.266,1.992/L524=0.069,0.069,0.053/L525=0.075,0.089,0.075; peak=L523 margin=7.350; split fraction/run=0.369/54; outer edges=8/621; body=8.0+/-2.0/714.0+/-2.0; switch onset=L522; last complete picture=L521; band bottom=L525",521,1,0
205,13705,24,260,262,262,direct,"SP recording; raw picture onset against blank/body midpoint=62.500; VBI=none; raw three-third displacement L259=1.094,2.666,0.610/L260=1.188,2.452,0.961/L261=3.840,9.897,3.806/L262=7.394,0.072,0.060; peak=L261 margin=2.503; split fraction/run=0.216/8; outer edges=8/714; body=8.0+/-2.0/714.0+/-2.0; switch onset=L261; last complete picture=L260; band bottom=L262",260,286,521,525,525,direct,"SP recording; raw first pass-through row is picture; VBI ends at L285; raw three-third displacement L522=1.240,1.686,1.836/L523=9.233,8.856,2.298/L524=0.065,0.065,0.043/L525=0.076,0.087,0.074; peak=L523 margin=7.397; split fraction/run=0.313/47; outer edges=6/631; body=8.0+/-2.0/714.0+/-2.0; switch onset=L522; last complete picture=L521; band bottom=L525",521,1,0
206,13706,24,260,262,262,direct,"SP recording; raw picture onset against blank/body midpoint=62.500; VBI=none; raw three-third displacement L259=1.004,2.512,0.722/L260=1.167,2.076,0.877/L261=3.131,8.815,3.419/L262=7.541,0.064,0.061; peak=L261 margin=1.274; split fraction/run=0.249/8; outer edges=8/714; body=8.0+/-2.0/714.0+/-2.0; switch onset=L261; last complete picture=L260; band bottom=L262",260,286,521,525,525,direct,"SP recording; raw first pass-through row is picture; VBI ends at L285; raw three-third displacement L522=0.843,1.914,1.890/L523=9.343,8.972,2.077/L524=0.060,0.073,0.053/L525=0.079,0.101,0.076; peak=L523 margin=7.429; split fraction/run=0.364/54; outer edges=8/621; body=8.0+/-2.0/714.0+/-2.0; switch onset=L522; last complete picture=L521; band bottom=L525",521,1,0
207,13707,24,260,262,262,direct,"SP recording; raw picture onset against blank/body midpoint=62.500; VBI=none; raw three-third displacement L259=0.922,2.435,0.698/L260=1.085,2.134,0.894/L261=4.095,9.379,3.536/L262=6.631,0.061,0.048; peak=L261 margin=2.749; split fraction/run=0.145/13; outer edges=8/714; body=8.0+/-2.0/714.0+/-2.0; switch onset=L261; last complete picture=L260; band bottom=L262",260,286,521,525,525,direct,"SP recording; raw first pass-through row is picture; VBI ends at L285; raw three-third displacement L522=1.070,2.014,1.840/L523=9.060,8.963,1.960/L524=0.073,0.065,0.055/L525=0.090,0.103,0.076; peak=L523 margin=7.046; split fraction/run=0.407/60; outer edges=8/618; body=8.0+/-2.0/714.0+/-2.0; switch onset=L522; last complete picture=L521; band bottom=L525",521,1,0
208,13708,24,260,262,262,direct,"SP recording; raw picture onset against blank/body midpoint=61.500; VBI=none; raw three-third displacement L259=1.095,2.544,0.640/L260=1.122,2.325,0.962/L261=3.909,9.583,3.507/L262=6.717,0.071,0.058; peak=L261 margin=2.866; split fraction/run=0.178/10; outer edges=8/714; body=8.0+/-2.0/714.0+/-2.0; switch onset=L261; last complete picture=L260; band bottom=L262",260,286,521,525,525,direct,"SP recording; raw first pass-through row is picture; VBI ends at L285; raw three-third displacement L522=1.174,2.034,1.765/L523=9.301,9.169,2.384/L524=0.072,0.074,0.050/L525=0.081,0.098,0.078; peak=L523 margin=7.267; split fraction/run=0.276/42; outer edges=5/634; body=8.0+/-2.0/714.0+/-2.0; switch onset=L522; last complete picture=L521; band bottom=L525",521,1,0
209,13709,24,260,262,262,direct,"SP recording; raw picture onset against blank/body midpoint=62.500; VBI=none; raw three-third displacement L259=0.996,2.444,0.809/L260=1.108,2.230,0.833/L261=2.638,9.306,3.509/L262=8.132,0.077,0.056; peak=L261 margin=1.174; split fraction/run=0.192/17; outer edges=6/713; body=8.0+/-2.0/714.0+/-2.0; switch onset=L261; last complete picture=L260; band bottom=L262",260,286,521,525,525,direct,"SP recording; raw first pass-through row is picture; VBI ends at L285; raw three-third displacement L522=1.116,1.929,1.684/L523=9.359,9.115,2.420/L524=0.067,0.073,0.070/L525=0.082,0.089,0.077; peak=L523 margin=7.431; split fraction/run=0.304/41; outer edges=8/635; body=8.0+/-2.0/714.0+/-2.0; switch onset=L522; last complete picture=L521; band bottom=L525",521,1,0
210,13710,24,260,262,262,direct,"SP recording; raw picture onset against blank/body midpoint=62.500; VBI=none; raw three-third displacement L259=1.012,2.400,0.746/L260=1.071,2.261,0.960/L261=3.564,9.439,3.675/L262=7.190,0.068,0.061; peak=L261 margin=2.249; split fraction/run=0.197/17; outer edges=8/714; body=8.0+/-2.0/714.0+/-2.0; switch onset=L261; last complete picture=L260; band bottom=L262",260,286,521,525,525,direct,"SP recording; raw first pass-through row is picture; VBI ends at L285; raw three-third displacement L522=1.024,1.914,1.687/L523=9.383,8.972,2.207/L524=0.093,0.072,0.067/L525=0.072,0.091,0.075; peak=L523 margin=7.468; split fraction/run=0.294/46; outer edges=8/632; body=8.0+/-2.0/714.0+/-2.0; switch onset=L522; last complete picture=L521; band bottom=L525",521,1,0
211,13711,24,260,262,262,direct,"SP recording; raw picture onset against blank/body midpoint=63.000; VBI=none; raw three-third displacement L259=0.916,2.436,0.690/L260=1.022,2.180,1.007/L261=3.745,9.245,3.547/L262=7.328,0.072,0.057; peak=L261 margin=1.917; split fraction/run=0.159/12; outer edges=8/714; body=8.0+/-2.0/714.0+/-2.0; switch onset=L261; last complete picture=L260; band bottom=L262",260,286,521,525,525,direct,"SP recording; raw first pass-through row is picture; VBI ends at L285; raw three-third displacement L522=1.947,2.470,2.268/L523=9.296,8.714,2.400/L524=0.078,0.083,0.070/L525=0.075,0.113,0.083; peak=L523 margin=6.825; split fraction/run=0.379/49; outer edges=1/629; body=8.0+/-2.0/714.0+/-2.0; switch onset=L522; last complete picture=L521; band bottom=L525",521,1,0
212,13712,24,260,262,262,cv_inspected,"SP recording; raw picture onset against blank/body midpoint=63.000; VBI=none; raw three-third displacement L259=1.095,2.371,0.759/L260=1.033,2.235,0.880/L261=2.062,9.326,3.743/L262=8.599,0.072,0.067; peak=L261 margin=0.727; split fraction/run=0.197/13; outer edges=9/714; body=8.0+/-2.0/714.0+/-2.0; switch onset=L261; last complete picture=L260; band bottom=L262; row Y(mean/std) L23=7.370/4.963 L24=133.019/31.921 L25=126.609/33.501 L260=101.381/46.173 L261=44.566/56.315 L262=11.206/0.757",260,286,521,525,525,direct,"SP recording; raw first pass-through row is picture; VBI ends at L285; raw three-third displacement L522=1.995,2.733,1.903/L523=9.073,8.910,2.807/L524=0.071,0.075,0.059/L525=0.077,0.095,0.070; peak=L523 margin=6.340; split fraction/run=0.308/27; outer edges=2/649; body=8.0+/-2.0/714.0+/-2.0; switch onset=L522; last complete picture=L521; band bottom=L525",521,1,0
213,13713,24,260,262,262,cv_inspected,"SP recording; raw picture onset against blank/body midpoint=62.500; VBI=none; raw three-third displacement L259=0.969,2.338,0.792/L260=1.020,2.153,0.951/L261=1.184,9.297,3.433/L262=8.920,0.066,0.055; peak=L261 margin=0.377; split fraction/run=0.347/9; outer edges=8/714; body=8.0+/-2.0/714.0+/-2.0; switch onset=L261; last complete picture=L260; band bottom=L262; row Y(mean/std) L23=6.277/3.935 L24=132.033/33.394 L25=128.542/34.385 L260=98.781/46.428 L261=46.578/57.058 L262=11.319/0.704",260,286,521,525,525,direct,"SP recording; raw first pass-through row is picture; VBI ends at L285; raw three-third displacement L522=1.940,2.814,1.850/L523=8.848,8.345,2.582/L524=0.097,0.068,0.077/L525=0.072,0.093,0.076; peak=L523 margin=6.034; split fraction/run=0.322/38; outer edges=1/638; body=8.0+/-2.0/714.0+/-2.0; switch onset=L522; last complete picture=L521; band bottom=L525",521,1,0
214,13714,24,260,262,262,direct,"SP recording; raw picture onset against blank/body midpoint=62.000; VBI=none; raw three-third displacement L259=1.095,2.422,0.589/L260=0.948,2.250,0.883/L261=2.423,9.319,3.463/L262=7.758,0.071,0.058; peak=L261 margin=1.561; split fraction/run=0.258/17; outer edges=7/714; body=8.0+/-2.0/714.0+/-2.0; switch onset=L261; last complete picture=L260; band bottom=L262",260,286,521,525,525,direct,"SP recording; raw first pass-through row is picture; VBI ends at L285; raw three-third displacement L522=1.895,2.709,2.082/L523=9.077,8.941,2.252/L524=0.091,0.082,0.055/L525=0.083,0.114,0.084; peak=L523 margin=6.369; split fraction/run=0.341/49; outer edges=2/629; body=8.0+/-2.0/714.0+/-2.0; switch onset=L522; last complete picture=L521; band bottom=L525",521,1,0
215,13715,24,260,262,262,cv_inspected,"SP recording; raw picture onset against blank/body midpoint=62.500; VBI=none; raw three-third displacement L259=1.252,2.475,0.708/L260=0.949,2.182,0.885/L261=1.423,9.407,3.577/L262=9.028,0.064,0.061; peak=L261 margin=0.378; split fraction/run=0.268/12; outer edges=8/714; body=8.0+/-2.0/714.0+/-2.0; switch onset=L261; last complete picture=L260; band bottom=L262; row Y(mean/std) L23=4.230/3.711 L24=130.092/32.004 L25=126.830/34.025 L260=100.720/46.078 L261=46.397/57.216 L262=11.206/0.701",260,286,521,525,525,direct,"SP recording; raw first pass-through row is picture; VBI ends at L285; raw three-third displacement L522=0.929,1.910,1.259/L523=9.392,8.886,2.756/L524=0.078,0.074,0.063/L525=0.079,0.105,0.083; peak=L523 margin=7.483; split fraction/run=0.182/25; outer edges=10/653; body=8.0+/-2.0/714.0+/-2.0; switch onset=L522; last complete picture=L521; band bottom=L525",521,1,0
216,13716,24,260,262,262,cv_inspected,"SP recording; raw picture onset against blank/body midpoint=63.000; VBI=none; raw three-third displacement L259=1.196,2.435,0.707/L260=1.176,2.345,0.842/L261=2.562,8.985,3.506/L262=8.622,0.070,0.058; peak=L261 margin=0.363; split fraction/run=0.239/8; outer edges=7/714; body=8.0+/-2.0/714.0+/-2.0; switch onset=L261; last complete picture=L260; band bottom=L262; row Y(mean/std) L23=6.270/4.766 L24=131.878/33.292 L25=128.819/34.168 L260=99.388/46.164 L261=44.389/56.290 L262=11.000/0.791",260,286,521,525,525,direct,"SP recording; raw first pass-through row is picture; VBI ends at L285; raw three-third displacement L522=0.843,1.825,1.449/L523=9.607,8.984,2.670/L524=0.073,0.068,0.067/L525=0.077,0.098,0.100; peak=L523 margin=7.782; split fraction/run=0.243/33; outer edges=9/645; body=8.0+/-2.0/714.0+/-2.0; switch onset=L522; last complete picture=L521; band bottom=L525",521,1,0
217,13717,24,260,262,262,direct,"SP recording; raw picture onset against blank/body midpoint=63.000; VBI=none; raw three-third displacement L259=0.896,2.239,0.691/L260=1.227,2.327,0.839/L261=2.506,8.960,3.484/L262=8.143,0.056,0.056; peak=L261 margin=0.817; split fraction/run=0.258/21; outer edges=7/714; body=8.0+/-2.0/714.0+/-2.0; switch onset=L261; last complete picture=L260; band bottom=L262",260,286,521,525,525,direct,"SP recording; raw first pass-through row is picture; VBI ends at L285; raw three-third displacement L522=1.059,2.025,1.569/L523=9.445,9.196,2.342/L524=0.083,0.072,0.061/L525=0.074,0.100,0.072; peak=L523 margin=7.420; split fraction/run=0.294/38; outer edges=7/640; body=8.0+/-2.0/714.0+/-2.0; switch onset=L522; last complete picture=L521; band bottom=L525",521,1,0
218,13718,24,260,262,262,direct,"SP recording; raw picture onset against blank/body midpoint=63.000; VBI=none; raw three-third displacement L259=1.035,2.415,0.744/L260=1.196,2.112,0.831/L261=3.093,9.410,3.602/L262=8.159,0.074,0.066; peak=L261 margin=1.250; split fraction/run=0.216/9; outer edges=9/714; body=8.0+/-2.0/714.0+/-2.0; switch onset=L261; last complete picture=L260; band bottom=L262",260,286,521,525,525,direct,"SP recording; raw first pass-through row is picture; VBI ends at L285; raw three-third displacement L522=1.564,2.060,1.832/L523=8.581,8.563,2.178/L524=0.074,0.074,0.061/L525=0.072,0.103,0.071; peak=L523 margin=6.522; split fraction/run=0.360/41; outer edges=4/634; body=8.0+/-2.0/714.0+/-2.0; switch onset=L522; last complete picture=L521; band bottom=L525",521,1,0
219,13719,24,260,262,262,cv_inspected,"SP recording; raw picture onset against blank/body midpoint=63.000; VBI=none; raw three-third displacement L259=1.133,2.345,0.716/L260=1.057,2.209,0.869/L261=1.905,9.003,3.387/L262=8.608,0.070,0.055; peak=L261 margin=0.395; split fraction/run=0.286/9; outer edges=7/714; body=8.0+/-2.0/714.0+/-2.0; switch onset=L261; last complete picture=L260; band bottom=L262; row Y(mean/std) L23=6.050/4.894 L24=132.534/31.942 L25=130.992/33.400 L260=99.919/46.261 L261=44.819/56.736 L262=11.039/0.764",260,286,521,525,525,direct,"SP recording; raw first pass-through row is picture; VBI ends at L285; raw three-third displacement L522=1.649,2.216,1.936/L523=9.259,8.771,2.388/L524=0.082,0.073,0.057/L525=0.081,0.098,0.074; peak=L523 margin=7.042; split fraction/run=0.332/42; outer edges=4/636; body=8.0+/-2.0/714.0+/-2.0; switch onset=L522; last complete picture=L521; band bottom=L525",521,1,0
220,13720,24,260,262,262,cv_inspected,"SP recording; raw picture onset against blank/body midpoint=62.000; VBI=none; raw three-third displacement L259=1.160,2.510,0.684/L260=1.065,2.209,0.872/L261=2.041,9.074,3.380/L262=8.408,0.074,0.060; peak=L261 margin=0.666; split fraction/run=0.286/11; outer edges=8/714; body=8.0+/-2.0/714.0+/-2.0; switch onset=L261; last complete picture=L260; band bottom=L262; row Y(mean/std) L23=5.511/4.518 L24=132.439/33.268 L25=131.031/33.966 L260=98.355/46.187 L261=43.373/55.333 L262=11.097/0.733",260,286,522,525,525,direct,"SP recording; raw first pass-through row is picture; VBI ends at L285; raw three-third displacement L522=2.261,2.697,2.176/L523=8.974,8.553,2.174/L524=0.076,0.074,0.064/L525=0.074,0.112,0.082; peak=L523 margin=6.277; split fraction/run=0.402/56; outer edges=0/619; body=8.0+/-2.0/714.0+/-2.0; switch onset=L523; last complete picture=L522; band bottom=L525",522,1,0
221,13721,24,260,262,262,direct,"SP recording; raw picture onset against blank/body midpoint=62.500; VBI=none; raw three-third displacement L259=0.946,2.417,0.711/L260=0.958,2.270,0.805/L261=2.921,9.470,3.453/L262=7.287,0.082,0.061; peak=L261 margin=2.183; split fraction/run=0.225/9; outer edges=8/714; body=8.0+/-2.0/714.0+/-2.0; switch onset=L261; last complete picture=L260; band bottom=L262",260,286,521,525,525,direct,"SP recording; raw first pass-through row is picture; VBI ends at L285; raw three-third displacement L522=2.154,2.638,2.163/L523=9.248,8.551,1.969/L524=0.078,0.094,0.080/L525=0.087,0.109,0.087; peak=L523 margin=6.610; split fraction/run=0.439/61; outer edges=1/615; body=8.0+/-2.0/714.0+/-2.0; switch onset=L522; last complete picture=L521; band bottom=L525",521,1,0
222,13722,24,260,262,262,direct,"SP recording; raw picture onset against blank/body midpoint=63.000; VBI=none; raw three-third displacement L259=0.978,2.574,0.717/L260=1.080,2.242,0.991/L261=2.463,9.498,3.791/L262=7.856,0.089,0.062; peak=L261 margin=1.642; split fraction/run=0.263/11; outer edges=8/714; body=8.0+/-2.0/714.0+/-2.0; switch onset=L261; last complete picture=L260; band bottom=L262",260,286,521,525,525,direct,"SP recording; raw first pass-through row is picture; VBI ends at L285; raw three-third displacement L522=0.983,1.679,1.728/L523=9.234,8.846,2.178/L524=0.082,0.076,0.080/L525=0.071,0.086,0.079; peak=L523 margin=7.507; split fraction/run=0.355/43; outer edges=8/635; body=8.0+/-2.0/714.0+/-2.0; switch onset=L522; last complete picture=L521; band bottom=L525",521,1,0
223,13723,24,260,262,262,direct,"SP recording; raw picture onset against blank/body midpoint=63.000; VBI=none; raw three-third displacement L259=1.038,2.503,0.764/L260=1.097,2.220,0.943/L261=2.747,9.139,3.523/L262=8.146,0.074,0.069; peak=L261 margin=0.994; split fraction/run=0.188/10; outer edges=8/714; body=8.0+/-2.0/714.0+/-2.0; switch onset=L261; last complete picture=L260; band bottom=L262",260,286,521,525,525,direct,"SP recording; raw first pass-through row is picture; VBI ends at L285; raw three-third displacement L522=0.998,1.817,1.567/L523=9.420,9.203,2.353/L524=0.079,0.089,0.072/L525=0.074,0.104,0.078; peak=L523 margin=7.603; split fraction/run=0.308/37; outer edges=9/641; body=8.0+/-2.0/714.0+/-2.0; switch onset=L522; last complete picture=L521; band bottom=L525",521,1,0
224,13724,24,260,262,262,direct,"SP recording; raw picture onset against blank/body midpoint=63.500; VBI=none; raw three-third displacement L259=1.143,2.460,0.728/L260=1.030,2.425,0.896/L261=3.982,9.323,3.654/L262=7.260,0.078,0.060; peak=L261 margin=2.063; split fraction/run=0.141/8; outer edges=8/714; body=8.0+/-2.0/714.0+/-2.0; switch onset=L261; last complete picture=L260; band bottom=L262",260,286,521,525,525,direct,"SP recording; raw first pass-through row is picture; VBI ends at L285; raw three-third displacement L522=1.104,1.894,1.813/L523=9.603,9.114,2.095/L524=0.091,0.086,0.071/L525=0.074,0.101,0.079; peak=L523 margin=7.709; split fraction/run=0.341/49; outer edges=8/630; body=8.0+/-2.0/714.0+/-2.0; switch onset=L522; last complete picture=L521; band bottom=L525",521,1,0
225,13725,24,260,262,262,direct,"SP recording; raw picture onset against blank/body midpoint=64.000; VBI=none; raw three-third displacement L259=1.052,2.493,0.731/L260=1.007,2.396,0.869/L261=3.385,9.411,3.554/L262=7.870,0.075,0.058; peak=L261 margin=1.541; split fraction/run=0.131/12; outer edges=8/714; body=8.0+/-2.0/714.0+/-2.0; switch onset=L261; last complete picture=L260; band bottom=L262",260,286,521,525,525,direct,"SP recording; raw first pass-through row is picture; VBI ends at L285; raw three-third displacement L522=1.948,2.249,2.266/L523=9.048,8.841,2.377/L524=0.085,0.082,0.059/L525=0.071,0.120,0.084; peak=L523 margin=6.781; split fraction/run=0.383/45; outer edges=1/633; body=8.0+/-2.0/714.0+/-2.0; switch onset=L522; last complete picture=L521; band bottom=L525",521,1,0
226,13726,24,260,262,262,cv_inspected,"SP recording; raw picture onset against blank/body midpoint=63.500; VBI=none; raw three-third displacement L259=0.983,2.437,0.664/L260=1.041,2.094,0.871/L261=1.709,8.987,3.479/L262=8.388,0.070,0.059; peak=L261 margin=0.599; split fraction/run=0.282/20; outer edges=8/714; body=8.0+/-2.0/714.0+/-2.0; switch onset=L261; last complete picture=L260; band bottom=L262; row Y(mean/std) L23=7.564/4.906 L24=135.117/32.617 L25=130.411/33.079 L260=100.336/47.355 L261=45.609/55.960 L262=11.894/0.819",260,286,521,525,525,direct,"SP recording; raw first pass-through row is picture; VBI ends at L285; raw three-third displacement L522=1.078,1.918,1.493/L523=9.149,9.046,2.437/L524=0.066,0.073,0.049/L525=0.072,0.104,0.068; peak=L523 margin=7.231; split fraction/run=0.276/33; outer edges=8/643; body=8.0+/-2.0/714.0+/-2.0; switch onset=L522; last complete picture=L521; band bottom=L525",521,1,0
227,13727,24,260,262,262,direct,"SP recording; raw picture onset against blank/body midpoint=63.500; VBI=none; raw three-third displacement L259=0.962,2.521,0.794/L260=1.071,2.292,0.989/L261=2.798,9.501,3.505/L262=8.346,0.062,0.057; peak=L261 margin=1.156; split fraction/run=0.207/11; outer edges=8/714; body=8.0+/-2.0/714.0+/-2.0; switch onset=L261; last complete picture=L260; band bottom=L262",260,286,521,525,525,direct,"SP recording; raw first pass-through row is picture; VBI ends at L285; raw three-third displacement L522=0.975,1.996,1.518/L523=9.543,9.204,2.340/L524=0.081,0.078,0.052/L525=0.074,0.099,0.065; peak=L523 margin=7.547; split fraction/run=0.318/39; outer edges=7/637; body=8.0+/-2.0/714.0+/-2.0; switch onset=L522; last complete picture=L521; band bottom=L525",521,1,0
228,13728,24,260,262,262,direct,"SP recording; raw picture onset against blank/body midpoint=63.000; VBI=none; raw three-third displacement L259=1.099,2.673,0.856/L260=1.106,2.410,0.895/L261=3.094,9.349,3.589/L262=7.571,0.071,0.061; peak=L261 margin=1.777; split fraction/run=0.197/19; outer edges=8/714; body=8.0+/-2.0/714.0+/-2.0; switch onset=L261; last complete picture=L260; band bottom=L262",260,286,521,525,525,direct,"SP recording; raw first pass-through row is picture; VBI ends at L285; raw three-third displacement L522=0.832,1.859,0.987/L523=9.028,8.899,2.765/L524=0.075,0.067,0.054/L525=0.077,0.083,0.073; peak=L523 margin=7.169; split fraction/run=0.173/17; outer edges=9/666; body=8.0+/-2.0/714.0+/-2.0; switch onset=L522; last complete picture=L521; band bottom=L525",521,1,0
229,13729,24,260,262,262,direct,"SP recording; raw picture onset against blank/body midpoint=63.000; VBI=none; raw three-third displacement L259=1.062,2.391,0.673/L260=1.221,2.090,0.798/L261=2.223,8.336,3.589/L262=9.108,0.941,0.062; peak=L262 margin=0.772; split fraction/run=0.953/204; outer edges=0/714; body=8.0+/-2.0/714.0+/-2.0; switch onset=L261; last complete picture=L260; band bottom=L262",260,286,522,525,525,direct,"SP recording; raw first pass-through row is picture; VBI ends at L285; raw three-third displacement L522=1.218,1.861,0.909/L523=9.335,8.814,3.178/L524=0.072,0.060,0.057/L525=0.078,0.079,0.067; peak=L523 margin=7.474; split fraction/run=0.150/15; outer edges=6/712; body=8.0+/-2.0/714.0+/-2.0; switch onset=L523; last complete picture=L522; band bottom=L525",522,1,0
230,13730,23,259,262,262,direct,"SP recording; raw picture onset against blank/body midpoint=63.000; VBI=none; raw three-third displacement L259=1.202,2.185,0.844/L260=2.244,6.463,3.380/L261=9.074,3.168,0.065/L262=0.069,0.070,0.059; peak=L261 margin=2.611; split fraction/run=0.972/177; outer edges=1/714; body=8.0+/-2.0/714.0+/-2.0; switch onset=L260; last complete picture=L259; band bottom=L262",259,286,521,525,525,cv_inspected,"SP recording; raw first pass-through row is picture; VBI ends at L285; raw three-third displacement L522=2.025,2.545,1.137/L523=9.060,8.503,3.175/L524=0.096,0.082,0.069/L525=0.084,0.080,0.076; peak=L523 margin=6.516; split fraction/run=0.173/15; outer edges=2/708; body=8.0+/-2.0/714.0+/-2.0; switch onset=L522; last complete picture=L521; band bottom=L525; row Y(mean/std) L285=1.387/0.487 L286=129.659/32.161 L287=124.589/34.012 L521=97.286/45.621 L522=94.477/45.857 L525=11.005/0.871",521,0,0
231,13731,23,259,262,262,direct,"SP recording; raw picture onset against blank/body midpoint=63.000; VBI=none; raw three-third displacement L259=0.912,2.199,0.845/L260=0.960,5.888,3.320/L261=9.295,4.080,0.060/L262=0.084,0.067,0.067; peak=L261 margin=3.407; split fraction/run=0.967/166; outer edges=8/714; body=8.0+/-2.0/714.0+/-2.0; switch onset=L260; last complete picture=L259; band bottom=L262",259,286,522,525,525,direct,"SP recording; raw first pass-through row is picture; VBI ends at L285; raw three-third displacement L522=0.862,1.780,0.760/L523=9.413,8.507,3.244/L524=0.082,0.078,0.062/L525=0.079,0.099,0.084; peak=L523 margin=7.634; split fraction/run=0.089/10; outer edges=8/714; body=8.0+/-2.0/714.0+/-2.0; switch onset=L523; last complete picture=L522; band bottom=L525",522,0,0
232,13732,23,259,262,262,direct,"SP recording; raw picture onset against blank/body midpoint=63.000; VBI=none; raw three-third displacement L259=1.249,2.152,0.971/L260=1.736,5.433,3.476/L261=9.280,4.711,0.047/L262=0.093,0.069,0.056; peak=L261 margin=3.847; split fraction/run=0.977/178; outer edges=2/714; body=8.0+/-2.0/714.0+/-2.0; switch onset=L260; last complete picture=L259; band bottom=L262",259,286,521,525,525,cv_inspected,"SP recording; raw first pass-through row is picture; VBI ends at L285; raw three-third displacement L522=1.831,2.188,1.090/L523=8.935,8.478,3.327/L524=0.076,0.064,0.057/L525=0.076,0.103,0.090; peak=L523 margin=6.747; split fraction/run=0.112/10; outer edges=3/708; body=8.0+/-2.0/714.0+/-2.0; switch onset=L522; last complete picture=L521; band bottom=L525; row Y(mean/std) L285=1.377/0.485 L286=126.177/32.099 L287=122.175/32.903 L521=99.081/44.591 L522=93.388/44.483 L525=10.558/0.913",521,0,0
233,13733,23,259,262,262,cv_inspected,"SP recording; raw picture onset against blank/body midpoint=63.000; VBI=none; raw three-third displacement L259=1.025,2.208,0.977/L260=1.109,5.017,3.331/L261=9.530,5.767,0.057/L262=0.074,0.080,0.055; peak=L261 margin=4.512; split fraction/run=0.944/92; outer edges=8/714; body=8.0+/-2.0/714.0+/-2.0; switch onset=L260; last complete picture=L259; band bottom=L262; row Y(mean/std) L22=1.375/0.484 L23=127.955/30.640 L24=124.873/32.883 L259=98.709/47.070 L260=69.442/60.984 L262=11.264/0.895",259,286,522,525,525,direct,"SP recording; raw first pass-through row is picture; VBI ends at L285; raw three-third displacement L522=0.973,1.799,0.671/L523=9.455,8.643,3.308/L524=0.069,0.074,0.069/L525=0.077,0.094,0.094; peak=L523 margin=7.656; split fraction/run=0.103/15; outer edges=7/713; body=8.0+/-2.0/714.0+/-2.0; switch onset=L523; last complete picture=L522; band bottom=L525",522,0,0
234,13734,23,259,262,262,direct,"SP recording; raw picture onset against blank/body midpoint=63.000; VBI=none; raw three-third displacement L259=1.081,2.039,0.841/L260=2.078,4.958,3.477/L261=9.069,5.605,0.060/L262=0.075,0.074,0.056; peak=L261 margin=4.111; split fraction/run=0.944/178; outer edges=0/714; body=8.0+/-2.0/714.0+/-2.0; switch onset=L260; last complete picture=L259; band bottom=L262",259,286,522,525,525,direct,"SP recording; raw first pass-through row is picture; VBI ends at L285; raw three-third displacement L522=1.135,1.832,0.709/L523=9.021,8.594,3.137/L524=0.080,0.079,0.060/L525=0.083,0.111,0.093; peak=L523 margin=7.190; split fraction/run=0.112/10; outer edges=9/714; body=8.0+/-2.0/714.0+/-2.0; switch onset=L523; last complete picture=L522; band bottom=L525",522,0,0
235,13735,23,259,262,262,direct,"SP recording; raw picture onset against blank/body midpoint=63.500; VBI=none; raw three-third displacement L259=1.024,2.131,0.797/L260=2.295,5.185,3.381/L261=9.011,5.471,0.061/L262=0.074,0.089,0.063; peak=L261 margin=3.826; split fraction/run=0.958/179; outer edges=0/714; body=8.0+/-2.0/714.0+/-2.0; switch onset=L260; last complete picture=L259; band bottom=L262",259,286,522,525,525,direct,"SP recording; raw first pass-through row is picture; VBI ends at L285; raw three-third displacement L522=0.915,2.025,0.692/L523=9.639,8.659,3.397/L524=0.079,0.083,0.066/L525=0.085,0.098,0.088; peak=L523 margin=7.614; split fraction/run=0.103/9; outer edges=8/714; body=8.0+/-2.0/714.0+/-2.0; switch onset=L523; last complete picture=L522; band bottom=L525",522,0,0
236,13736,23,259,262,262,direct,"SP recording; raw picture onset against blank/body midpoint=63.000; VBI=none; raw three-third displacement L259=1.050,2.146,0.871/L260=1.071,4.534,3.492/L261=9.186,5.364,0.058/L262=0.061,0.073,0.066; peak=L261 margin=4.652; split fraction/run=0.977/179; outer edges=8/714; body=8.0+/-2.0/714.0+/-2.0; switch onset=L260; last complete picture=L259; band bottom=L262",259,286,522,525,525,direct,"SP recording; raw first pass-through row is picture; VBI ends at L285; raw three-third displacement L522=1.077,1.831,0.836/L523=9.288,8.788,3.305/L524=0.074,0.084,0.058/L525=0.082,0.106,0.088; peak=L523 margin=7.457; split fraction/run=0.103/15; outer edges=7/713; body=8.0+/-2.0/714.0+/-2.0; switch onset=L523; last complete picture=L522; band bottom=L525",522,0,0
237,13737,23,259,262,262,direct,"SP recording; raw picture onset against blank/body midpoint=63.500; VBI=none; raw three-third displacement L259=1.176,2.064,0.791/L260=2.027,5.100,3.373/L261=9.277,5.540,0.058/L262=0.074,0.082,0.059; peak=L261 margin=4.177; split fraction/run=0.977/202; outer edges=1/714; body=8.0+/-2.0/714.0+/-2.0; switch onset=L260; last complete picture=L259; band bottom=L262",259,286,522,525,525,direct,"SP recording; raw first pass-through row is picture; VBI ends at L285; raw three-third displacement L522=1.170,2.078,0.867/L523=9.183,9.038,3.112/L524=0.075,0.088,0.061/L525=0.067,0.103,0.082; peak=L523 margin=7.106; split fraction/run=0.103/14; outer edges=6/713; body=8.0+/-2.0/714.0+/-2.0; switch onset=L523; last complete picture=L522; band bottom=L525",522,0,0
238,13738,23,259,262,262,direct,"SP recording; raw picture onset against blank/body midpoint=63.500; VBI=none; raw three-third displacement L259=1.186,2.158,0.851/L260=0.986,5.039,3.355/L261=9.313,4.627,0.059/L262=0.075,0.074,0.058; peak=L261 margin=4.274; split fraction/run=0.986/180; outer edges=9/714; body=8.0+/-2.0/714.0+/-2.0; switch onset=L260; last complete picture=L259; band bottom=L262",259,286,521,525,525,cv_inspected,"SP recording; raw first pass-through row is picture; VBI ends at L285; raw three-third displacement L522=1.229,2.201,0.713/L523=9.347,8.580,3.337/L524=0.078,0.076,0.066/L525=0.073,0.089,0.085; peak=L523 margin=7.146; split fraction/run=0.103/10; outer edges=6/711; body=8.0+/-2.0/714.0+/-2.0; switch onset=L522; last complete picture=L521; band bottom=L525; row Y(mean/std) L285=1.383/0.486 L286=125.231/32.875 L287=122.736/33.247 L521=100.198/46.081 L522=95.181/45.919 L525=10.622/0.859",521,0,0
239,13739,23,259,262,262,direct,"SP recording; raw picture onset against blank/body midpoint=64.000; VBI=none; raw three-third displacement L259=0.841,2.321,0.888/L260=1.896,5.962,3.481/L261=8.846,4.793,0.059/L262=0.070,0.083,0.059; peak=L261 margin=2.884; split fraction/run=0.981/178; outer edges=1/714; body=8.0+/-2.0/714.0+/-2.0; switch onset=L260; last complete picture=L259; band bottom=L262",259,286,521,525,525,direct,"SP recording; raw first pass-through row is picture; VBI ends at L285; raw three-third displacement L522=2.180,2.742,0.976/L523=9.299,8.200,3.466/L524=0.067,0.070,0.060/L525=0.066,0.071,0.085; peak=L523 margin=6.557; split fraction/run=0.141/12; outer edges=0/707; body=8.0+/-2.0/714.0+/-2.0; switch onset=L522; last complete picture=L521; band bottom=L525",521,0,0
240,13740,23,259,262,262,direct,"SP recording; raw picture onset against blank/body midpoint=63.500; VBI=none; raw three-third displacement L259=1.093,2.383,0.902/L260=1.083,6.401,3.244/L261=9.524,3.908,0.056/L262=0.083,0.069,0.060; peak=L261 margin=3.122; split fraction/run=0.967/176; outer edges=9/714; body=8.0+/-2.0/714.0+/-2.0; switch onset=L260; last complete picture=L259; band bottom=L262",259,286,522,525,525,direct,"SP recording; raw first pass-through row is picture; VBI ends at L285; raw three-third displacement L522=1.062,1.897,0.757/L523=9.204,8.466,3.357/L524=0.077,0.074,0.050/L525=0.068,0.084,0.074; peak=L523 margin=7.307; split fraction/run=0.094/9; outer edges=8/713; body=8.0+/-2.0/714.0+/-2.0; switch onset=L523; last complete picture=L522; band bottom=L525",522,0,0
241,13741,23,259,262,262,direct,"SP recording; raw picture onset against blank/body midpoint=63.500; VBI=none; raw three-third displacement L259=1.041,2.289,0.773/L260=2.303,7.729,3.400/L261=9.454,2.980,0.063/L262=0.079,0.072,0.066; peak=L261 margin=1.725; split fraction/run=0.977/186; outer edges=0/714; body=8.0+/-2.0/714.0+/-2.0; switch onset=L260; last complete picture=L259; band bottom=L262",259,286,521,525,525,cv_inspected,"SP recording; raw first pass-through row is picture; VBI ends at L285; raw three-third displacement L522=1.928,2.734,1.277/L523=9.309,8.945,3.386/L524=0.080,0.073,0.059/L525=0.074,0.076,0.085; peak=L523 margin=6.575; split fraction/run=0.154/12; outer edges=3/708; body=8.0+/-2.0/714.0+/-2.0; switch onset=L522; last complete picture=L521; band bottom=L525; row Y(mean/std) L285=1.377/0.485 L286=124.550/31.236 L287=121.569/34.276 L521=99.761/46.047 L522=95.600/45.372 L525=10.842/0.836",521,0,0
242,13742,23,259,262,262,direct,"SP recording; raw picture onset against blank/body midpoint=63.500; VBI=none; raw three-third displacement L259=1.052,2.458,0.957/L260=1.093,7.471,3.423/L261=9.311,2.555,0.059/L262=0.065,0.066,0.057; peak=L261 margin=1.840; split fraction/run=0.977/176; outer edges=6/714; body=8.0+/-2.0/714.0+/-2.0; switch onset=L260; last complete picture=L259; band bottom=L262",259,286,521,525,525,cv_inspected,"SP recording; raw first pass-through row is picture; VBI ends at L285; raw three-third displacement L522=1.307,2.136,0.869/L523=8.980,8.800,3.270/L524=0.072,0.069,0.068/L525=0.077,0.085,0.106; peak=L523 margin=6.843; split fraction/run=0.136/13; outer edges=5/711; body=8.0+/-2.0/714.0+/-2.0; switch onset=L522; last complete picture=L521; band bottom=L525; row Y(mean/std) L285=1.405/0.491 L286=124.316/33.608 L287=121.431/33.913 L521=100.364/46.247 L522=95.320/46.002 L525=10.764/0.918",521,0,0
243,13743,23,259,262,262,direct,"SP recording; raw picture onset against blank/body midpoint=63.500; VBI=none; raw three-third displacement L259=0.942,2.307,0.845/L260=2.269,8.106,3.565/L261=9.322,1.530,0.062/L262=0.074,0.070,0.049; peak=L261 margin=1.216; split fraction/run=0.958/164; outer edges=0/714; body=8.0+/-2.0/714.0+/-2.0; switch onset=L260; last complete picture=L259; band bottom=L262",259,286,521,525,525,direct,"SP recording; raw first pass-through row is picture; VBI ends at L285; raw three-third displacement L522=1.767,2.272,1.141/L523=9.013,8.870,3.273/L524=0.059,0.065,0.053/L525=0.060,0.077,0.059; peak=L523 margin=6.740; split fraction/run=0.168/15; outer edges=2/705; body=8.0+/-2.0/714.0+/-2.0; switch onset=L522; last complete picture=L521; band bottom=L525",521,0,0
244,13744,23,259,262,262,direct,"SP recording; raw picture onset against blank/body midpoint=63.500; VBI=none; raw three-third displacement L259=0.903,2.494,0.738/L260=1.076,7.907,3.596/L261=9.463,1.569,0.059/L262=0.073,0.061,0.053; peak=L261 margin=1.557; split fraction/run=0.967/197; outer edges=6/714; body=8.0+/-2.0/714.0+/-2.0; switch onset=L260; last complete picture=L259; band bottom=L262",259,286,521,525,525,direct,"SP recording; raw first pass-through row is picture; VBI ends at L285; raw three-third displacement L522=1.903,2.328,1.196/L523=8.942,8.561,3.252/L524=0.067,0.067,0.064/L525=0.073,0.079,0.063; peak=L523 margin=6.613; split fraction/run=0.164/19; outer edges=2/694; body=8.0+/-2.0/714.0+/-2.0; switch onset=L522; last complete picture=L521; band bottom=L525",521,0,0
245,13745,24,260,262,262,direct,"SP recording; raw picture onset against blank/body midpoint=64.000; VBI=none; raw three-third displacement L259=1.087,2.376,0.799/L260=1.164,2.282,0.813/L261=1.086,8.601,3.743/L262=9.658,0.990,0.061; peak=L262 margin=1.057; split fraction/run=0.995/229; outer edges=7/714; body=8.0+/-2.0/714.0+/-2.0; switch onset=L261; last complete picture=L260; band bottom=L262",260,286,521,525,525,direct,"SP recording; raw first pass-through row is picture; VBI ends at L285; raw three-third displacement L522=1.505,2.000,1.065/L523=9.200,8.806,3.258/L524=0.081,0.064,0.058/L525=0.074,0.083,0.058; peak=L523 margin=7.200; split fraction/run=0.182/17; outer edges=3/685; body=8.0+/-2.0/714.0+/-2.0; switch onset=L522; last complete picture=L521; band bottom=L525",521,1,0
246,13746,24,260,262,262,cv_inspected,"SP recording; raw picture onset against blank/body midpoint=64.500; VBI=none; raw three-third displacement L259=1.198,2.501,0.659/L260=0.925,2.053,0.974/L261=1.063,9.194,3.550/L262=9.178,0.445,0.056; peak=L261 margin=0.016; split fraction/run=0.310/21; outer edges=7/713; body=8.0+/-2.0/714.0+/-2.0; switch onset=L261; last complete picture=L260; band bottom=L262; row Y(mean/std) L23=4.169/3.600 L24=128.508/31.626 L25=124.002/33.013 L260=100.659/45.773 L261=49.061/56.413 L262=10.959/0.943",260,286,521,525,525,direct,"SP recording; raw first pass-through row is picture; VBI ends at L285; raw three-third displacement L522=1.497,2.108,0.930/L523=9.045,8.187,3.247/L524=0.079,0.067,0.058/L525=0.075,0.073,0.070; peak=L523 margin=6.936; split fraction/run=0.117/9; outer edges=4/669; body=8.0+/-2.0/714.0+/-2.0; switch onset=L522; last complete picture=L521; band bottom=L525",521,1,0
247,13747,24,260,262,262,cv_inspected,"SP recording; raw picture onset against blank/body midpoint=63.500; VBI=none; raw three-third displacement L259=1.072,2.429,0.702/L260=0.950,2.183,0.847/L261=1.084,9.136,3.244/L262=9.320,0.172,0.058; peak=L262 margin=0.184; split fraction/run=0.986/214; outer edges=7/714; body=8.0+/-2.0/714.0+/-2.0; switch onset=L261; last complete picture=L260; band bottom=L262; row Y(mean/std) L23=4.973/4.161 L24=128.900/31.791 L25=124.417/33.078 L260=96.830/46.187 L261=47.591/55.711 L262=10.841/0.875",260,286,521,525,525,direct,"SP recording; raw first pass-through row is picture; VBI ends at L285; raw three-third displacement L522=1.930,2.339,1.040/L523=9.134,8.846,3.164/L524=0.087,0.082,0.056/L525=0.062,0.113,0.078; peak=L523 margin=6.795; split fraction/run=0.187/17; outer edges=2/673; body=8.0+/-2.0/714.0+/-2.0; switch onset=L522; last complete picture=L521; band bottom=L525",521,1,0
248,13748,24,260,262,262,cv_inspected,"SP recording; raw picture onset against blank/body midpoint=64.000; VBI=none; raw three-third displacement L259=1.021,2.357,0.615/L260=0.883,2.155,0.788/L261=0.992,9.125,3.350/L262=9.045,0.110,0.069; peak=L261 margin=0.080; split fraction/run=0.315/18; outer edges=8/714; body=8.0+/-2.0/714.0+/-2.0; switch onset=L261; last complete picture=L260; band bottom=L262; row Y(mean/std) L23=3.991/3.675 L24=126.122/31.448 L25=122.833/32.656 L260=97.516/45.746 L261=47.873/56.333 L262=11.030/0.952",260,286,521,525,525,direct,"SP recording; raw first pass-through row is picture; VBI ends at L285; raw three-third displacement L522=0.964,1.735,0.818/L523=9.246,8.587,3.294/L524=0.077,0.078,0.062/L525=0.089,0.083,0.080; peak=L523 margin=7.511; split fraction/run=0.084/14; outer edges=5/674; body=8.0+/-2.0/714.0+/-2.0; switch onset=L522; last complete picture=L521; band bottom=L525",521,1,0
249,13749,24,260,262,262,cv_inspected,"SP recording; raw picture onset against blank/body midpoint=63.500; VBI=none; raw three-third displacement L259=1.147,2.263,0.576/L260=1.121,2.188,0.809/L261=1.754,9.115,3.501/L262=8.888,0.070,0.052; peak=L261 margin=0.227; split fraction/run=0.329/13; outer edges=8/714; body=8.0+/-2.0/714.0+/-2.0; switch onset=L261; last complete picture=L260; band bottom=L262; row Y(mean/std) L23=3.636/3.258 L24=126.128/30.580 L25=121.998/32.002 L260=99.747/45.560 L261=46.864/54.965 L262=10.931/0.931",260,286,521,525,525,direct,"SP recording; raw first pass-through row is picture; VBI ends at L285; raw three-third displacement L522=1.156,1.753,0.815/L523=9.112,8.609,3.260/L524=0.078,0.077,0.060/L525=0.069,0.102,0.092; peak=L523 margin=7.359; split fraction/run=0.136/21; outer edges=7/680; body=8.0+/-2.0/714.0+/-2.0; switch onset=L522; last complete picture=L521; band bottom=L525",521,1,0
250,13750,24,260,262,262,cv_inspected,"SP recording; raw picture onset against blank/body midpoint=63.500; VBI=none; raw three-third displacement L259=1.212,2.171,0.607/L260=1.092,2.016,0.807/L261=1.597,8.828,3.269/L262=8.979,0.065,0.056; peak=L262 margin=0.151; split fraction/run=0.995/201; outer edges=5/714; body=8.0+/-2.0/714.0+/-2.0; switch onset=L261; last complete picture=L260; band bottom=L262; row Y(mean/std) L23=3.258/2.684 L24=126.036/32.091 L25=122.284/32.618 L260=98.616/46.353 L261=46.522/56.076 L262=10.791/1.020",260,286,521,525,525,direct,"SP recording; raw first pass-through row is picture; VBI ends at L285; raw three-third displacement L522=1.276,2.159,1.051/L523=9.289,8.939,3.028/L524=0.060,0.068,0.054/L525=0.066,0.103,0.073; peak=L523 margin=7.129; split fraction/run=0.196/10; outer edges=7/668; body=8.0+/-2.0/714.0+/-2.0; switch onset=L522; last complete picture=L521; band bottom=L525",521,1,0
251,13751,24,260,262,262,cv_inspected,"SP recording; raw picture onset against blank/body midpoint=63.500; VBI=none; raw three-third displacement L259=1.073,2.302,0.712/L260=1.068,2.205,0.815/L261=2.139,9.051,3.326/L262=8.748,0.074,0.058; peak=L261 margin=0.303; split fraction/run=0.221/11; outer edges=8/714; body=8.0+/-2.0/714.0+/-2.0; switch onset=L261; last complete picture=L260; band bottom=L262; row Y(mean/std) L23=4.666/4.433 L24=128.486/31.453 L25=122.805/32.917 L260=99.245/46.885 L261=45.944/55.639 L262=11.183/0.990",260,286,521,525,525,direct,"SP recording; raw first pass-through row is picture; VBI ends at L285; raw three-third displacement L522=0.926,2.076,0.970/L523=9.212,8.781,2.887/L524=0.076,0.069,0.064/L525=0.076,0.086,0.079; peak=L523 margin=7.135; split fraction/run=0.159/15; outer edges=8/661; body=8.0+/-2.0/714.0+/-2.0; switch onset=L522; last complete picture=L521; band bottom=L525",521,1,0
252,13752,24,260,262,262,cv_inspected,"SP recording; raw picture onset against blank/body midpoint=64.000; VBI=none; raw three-third displacement L259=0.987,2.315,0.622/L260=1.014,2.260,0.747/L261=1.534,9.292,3.371/L262=8.912,0.073,0.055; peak=L261 margin=0.380; split fraction/run=0.291/18; outer edges=9/714; body=8.0+/-2.0/714.0+/-2.0; switch onset=L261; last complete picture=L260; band bottom=L262; row Y(mean/std) L23=4.111/4.018 L24=128.281/32.283 L25=121.772/33.879 L260=99.938/47.035 L261=47.283/57.220 L262=11.003/0.952",260,286,521,525,525,direct,"SP recording; raw first pass-through row is picture; VBI ends at L285; raw three-third displacement L522=0.937,1.913,1.138/L523=9.271,8.708,2.848/L524=0.066,0.064,0.064/L525=0.080,0.106,0.075; peak=L523 margin=7.358; split fraction/run=0.196/18; outer edges=9/658; body=8.0+/-2.0/714.0+/-2.0; switch onset=L522; last complete picture=L521; band bottom=L525",521,1,0
253,13753,24,260,262,262,cv_inspected,"SP recording; raw picture onset against blank/body midpoint=63.500; VBI=none; raw three-third displacement L259=1.055,2.356,0.646/L260=1.062,2.150,0.888/L261=2.288,8.749,3.260/L262=8.473,0.081,0.058; peak=L261 margin=0.277; split fraction/run=0.178/12; outer edges=7/713; body=8.0+/-2.0/714.0+/-2.0; switch onset=L261; last complete picture=L260; band bottom=L262; row Y(mean/std) L23=3.159/2.673 L24=124.497/30.915 L25=121.519/33.087 L260=96.070/46.622 L261=44.203/54.526 L262=10.709/1.014",260,286,521,525,525,direct,"SP recording; raw first pass-through row is picture; VBI ends at L285; raw three-third displacement L522=1.347,1.872,1.279/L523=9.006,8.514,2.632/L524=0.065,0.075,0.060/L525=0.074,0.095,0.075; peak=L523 margin=7.134; split fraction/run=0.224/22; outer edges=6/654; body=8.0+/-2.0/714.0+/-2.0; switch onset=L522; last complete picture=L521; band bottom=L525",521,1,0
254,13754,24,260,262,262,cv_inspected,"SP recording; raw picture onset against blank/body midpoint=64.000; VBI=none; raw three-third displacement L259=1.017,2.461,0.732/L260=1.033,2.088,0.906/L261=1.737,9.098,3.498/L262=8.894,0.074,0.051; peak=L261 margin=0.204; split fraction/run=0.244/16; outer edges=8/714; body=8.0+/-2.0/714.0+/-2.0; switch onset=L261; last complete picture=L260; band bottom=L262; row Y(mean/std) L23=3.441/3.001 L24=126.513/32.007 L25=122.703/33.838 L260=99.617/45.416 L261=46.517/57.933 L262=10.891/0.985",260,286,521,525,525,direct,"SP recording; raw first pass-through row is picture; VBI ends at L285; raw three-third displacement L522=1.129,1.985,1.451/L523=9.747,8.883,2.544/L524=0.094,0.089,0.075/L525=0.075,0.116,0.083; peak=L523 margin=7.762; split fraction/run=0.262/28; outer edges=9/648; body=8.0+/-2.0/714.0+/-2.0; switch onset=L522; last complete picture=L521; band bottom=L525",521,1,0
255,13755,24,260,262,262,direct,"SP recording; raw picture onset against blank/body midpoint=64.000; VBI=none; raw three-third displacement L259=1.058,2.413,0.630/L260=1.035,2.267,0.920/L261=2.131,9.033,3.456/L262=8.191,0.067,0.057; peak=L261 margin=0.842; split fraction/run=0.272/19; outer edges=7/714; body=8.0+/-2.0/714.0+/-2.0; switch onset=L261; last complete picture=L260; band bottom=L262",260,286,521,525,525,direct,"SP recording; raw first pass-through row is picture; VBI ends at L285; raw three-third displacement L522=3.245,2.823,2.365/L523=9.266,8.170,2.537/L524=0.071,0.066,0.057/L525=0.075,0.100,0.083; peak=L523 margin=6.020; split fraction/run=0.360/49; outer edges=111/627; body=8.0+/-2.0/714.0+/-2.0; switch onset=L522; last complete picture=L521; band bottom=L525",521,1,0
256,13756,24,260,262,262,direct,"SP recording; raw picture onset against blank/body midpoint=64.000; VBI=none; raw three-third displacement L259=1.122,2.364,0.652/L260=0.984,2.121,0.892/L261=2.506,9.026,3.535/L262=7.883,0.079,0.067; peak=L261 margin=1.144; split fraction/run=0.178/12; outer edges=7/714; body=8.0+/-2.0/714.0+/-2.0; switch onset=L261; last complete picture=L260; band bottom=L262",260,286,521,525,525,direct,"SP recording; raw first pass-through row is picture; VBI ends at L285; raw three-third displacement L522=1.192,1.811,1.823/L523=9.318,8.482,1.811/L524=0.071,0.073,0.068/L525=0.075,0.094,0.094; peak=L523 margin=7.495; split fraction/run=0.435/66; outer edges=7/612; body=8.0+/-2.0/714.0+/-2.0; switch onset=L522; last complete picture=L521; band bottom=L525",521,1,0
257,13757,24,260,262,262,direct,"SP recording; raw picture onset against blank/body midpoint=64.500; VBI=none; raw three-third displacement L259=1.038,2.492,0.775/L260=1.001,2.153,0.904/L261=6.013,8.982,3.434/L262=3.989,0.081,0.061; peak=L261 margin=4.993; split fraction/run=0.117/14; outer edges=7/714; body=8.0+/-2.0/714.0+/-2.0; switch onset=L261; last complete picture=L260; band bottom=L262",260,286,521,525,525,cv_inspected,"SP recording; raw first pass-through row is picture; VBI ends at L285; raw three-third displacement L522=1.093,1.916,2.743/L523=9.305,9.044,1.148/L524=0.073,0.078,0.062/L525=0.085,0.098,0.098; peak=L523 margin=6.563; split fraction/run=0.701/74; outer edges=8/714; body=8.0+/-2.0/714.0+/-2.0; switch onset=L522; last complete picture=L521; band bottom=L525; row Y(mean/std) L285=1.386/0.487 L286=122.316/31.237 L287=117.955/33.321 L521=99.441/47.178 L522=85.984/55.676 L525=10.719/0.951",521,1,0
258,13758,24,260,262,262,direct,"SP recording; raw picture onset against blank/body midpoint=64.500; VBI=none; raw three-third displacement L259=1.029,2.395,0.824/L260=1.165,2.050,0.836/L261=6.092,9.281,3.604/L262=3.224,0.064,0.064; peak=L261 margin=6.056; split fraction/run=0.127/10; outer edges=8/714; body=8.0+/-2.0/714.0+/-2.0; switch onset=L261; last complete picture=L260; band bottom=L262",260,286,523,525,525,cv_inspected,"SP recording; raw first pass-through row is picture; VBI ends at L285; raw three-third displacement L522=1.104,2.329,0.691/L523=0.950,2.147,0.868/L524=6.546,8.978,3.327/L525=2.832,0.072,0.053; peak=L524 margin=6.146; split fraction/run=0.168/23; outer edges=7/714; body=8.0+/-2.0/714.0+/-2.0; switch onset=L524; last complete picture=L523; band bottom=L525; row Y(mean/std) L285=1.361/0.480 L286=3.758/3.160 L287=124.836/31.692 L523=99.562/45.226 L524=21.916/35.371 L525=10.764/0.889",523,1,0
259,13759,23,259,262,262,direct,"SP recording; raw picture onset against blank/body midpoint=64.500; VBI=none; raw three-third displacement L259=1.325,2.261,0.558/L260=1.013,2.002,2.898/L261=9.464,8.805,0.733/L262=0.072,0.078,0.062; peak=L261 margin=6.566; split fraction/run=0.771/141; outer edges=9/714; body=8.0+/-2.0/714.0+/-2.0; switch onset=L260; last complete picture=L259; band bottom=L262",259,286,522,525,525,direct,"SP recording; raw first pass-through row is picture; VBI ends at L285; raw three-third displacement L522=1.026,2.092,0.709/L523=7.086,9.223,3.630/L524=2.395,0.075,0.063/L525=0.062,0.079,0.062; peak=L523 margin=6.828; split fraction/run=0.098/10; outer edges=8/713; body=8.0+/-2.0/714.0+/-2.0; switch onset=L523; last complete picture=L522; band bottom=L525",522,0,0
260,13760,23,259,262,262,direct,"SP recording; raw picture onset against blank/body midpoint=64.500; VBI=none; raw three-third displacement L259=1.350,2.365,0.689/L260=1.020,2.075,3.251/L261=9.466,8.848,0.459/L262=0.080,0.070,0.059; peak=L261 margin=6.215; split fraction/run=0.841/163; outer edges=9/714; body=8.0+/-2.0/714.0+/-2.0; switch onset=L260; last complete picture=L259; band bottom=L262",259,286,522,525,525,direct,"SP recording; raw first pass-through row is picture; VBI ends at L285; raw three-third displacement L522=1.355,2.345,0.682/L523=1.020,2.068,3.255/L524=9.515,8.826,0.456/L525=0.076,0.078,0.051; peak=L524 margin=6.260; split fraction/run=0.846/163; outer edges=8/714; body=8.0+/-2.0/714.0+/-2.0; switch onset=L523; last complete picture=L522; band bottom=L525",522,0,0
261,13761,23,259,262,262,direct,"SP recording; raw picture onset against blank/body midpoint=64.500; VBI=none; raw three-third displacement L259=1.367,2.402,0.692/L260=1.014,2.064,3.253/L261=9.562,8.883,0.463/L262=0.074,0.086,0.063; peak=L261 margin=6.309; split fraction/run=0.836/163; outer edges=9/714; body=8.0+/-2.0/714.0+/-2.0; switch onset=L260; last complete picture=L259; band bottom=L262",259,286,522,525,525,direct,"SP recording; raw first pass-through row is picture; VBI ends at L285; raw three-third displacement L522=0.957,2.050,0.864/L523=7.309,9.120,3.356/L524=2.207,0.064,0.055/L525=0.073,0.088,0.057; peak=L523 margin=6.913; split fraction/run=0.159/16; outer edges=8/714; body=8.0+/-2.0/714.0+/-2.0; switch onset=L523; last complete picture=L522; band bottom=L525",522,0,0
262,13762,23,259,262,262,direct,"SP recording; raw picture onset against blank/body midpoint=65.000; VBI=none; raw three-third displacement L259=1.438,2.293,0.670/L260=1.247,1.776,3.132/L261=9.227,8.388,0.433/L262=0.073,0.074,0.060; peak=L261 margin=6.095; split fraction/run=0.846/175; outer edges=6/714; body=8.0+/-2.0/714.0+/-2.0; switch onset=L260; last complete picture=L259; band bottom=L262",259,286,522,525,525,direct,"SP recording; raw first pass-through row is picture; VBI ends at L285; raw three-third displacement L522=0.924,2.190,0.812/L523=7.420,9.236,3.383/L524=2.198,0.067,0.054/L525=0.069,0.068,0.056; peak=L523 margin=7.037; split fraction/run=0.126/10; outer edges=7/714; body=8.0+/-2.0/714.0+/-2.0; switch onset=L523; last complete picture=L522; band bottom=L525",522,0,0
263,13763,23,259,262,262,direct,"SP recording; raw picture onset against blank/body midpoint=64.500; VBI=none; raw three-third displacement L259=1.375,2.313,0.479/L260=3.036,3.074,3.652/L261=9.373,8.269,0.374/L262=0.074,0.077,0.056; peak=L261 margin=5.721; split fraction/run=0.925/181; outer edges=112/714; body=8.0+/-2.0/714.0+/-2.0; switch onset=L260; last complete picture=L259; band bottom=L262",259,286,522,525,525,direct,"SP recording; raw first pass-through row is picture; VBI ends at L285; raw three-third displacement L522=1.013,2.042,0.720/L523=7.496,8.898,3.457/L524=2.112,0.077,0.054/L525=0.061,0.071,0.055; peak=L523 margin=6.786; split fraction/run=0.099/9; outer edges=7/714; body=8.0+/-2.0/714.0+/-2.0; switch onset=L523; last complete picture=L522; band bottom=L525",522,0,0
264,13764,23,259,262,262,direct,"SP recording; raw picture onset against blank/body midpoint=65.000; VBI=none; raw three-third displacement L259=1.308,2.093,0.649/L260=2.975,2.771,3.774/L261=9.137,7.962,0.353/L262=0.100,0.097,0.075; peak=L261 margin=5.363; split fraction/run=0.939/194; outer edges=112/714; body=8.0+/-2.0/714.0+/-2.0; switch onset=L260; last complete picture=L259; band bottom=L262",259,286,522,525,525,direct,"SP recording; raw first pass-through row is picture; VBI ends at L285; raw three-third displacement L522=1.055,2.078,0.751/L523=7.628,8.741,3.483/L524=1.728,0.088,0.067/L525=0.070,0.076,0.062; peak=L523 margin=6.662; split fraction/run=0.107/11; outer edges=7/714; body=8.0+/-2.0/714.0+/-2.0; switch onset=L523; last complete picture=L522; band bottom=L525",522,0,0
265,13765,23,259,262,262,direct,"SP recording; raw picture onset against blank/body midpoint=65.000; VBI=none; raw three-third displacement L259=1.273,2.192,0.671/L260=0.970,1.757,3.467/L261=9.541,8.571,0.420/L262=0.083,0.093,0.070; peak=L261 margin=6.075; split fraction/run=0.855/177; outer edges=9/714; body=8.0+/-2.0/714.0+/-2.0; switch onset=L260; last complete picture=L259; band bottom=L262",259,286,522,525,525,direct,"SP recording; raw first pass-through row is picture; VBI ends at L285; raw three-third displacement L522=0.985,1.956,0.745/L523=8.267,8.815,3.440/L524=1.212,0.080,0.056/L525=0.062,0.069,0.054; peak=L523 margin=6.858; split fraction/run=0.121/11; outer edges=8/713; body=8.0+/-2.0/714.0+/-2.0; switch onset=L523; last complete picture=L522; band bottom=L525",522,0,0
266,13766,23,259,262,262,direct,"SP recording; raw picture onset against blank/body midpoint=65.500; VBI=none; raw three-third displacement L259=1.338,2.338,0.619/L260=3.184,2.809,3.593/L261=9.028,8.229,0.354/L262=0.069,0.074,0.058; peak=L261 margin=5.435; split fraction/run=0.953/180; outer edges=71/714; body=8.0+/-2.0/714.0+/-2.0; switch onset=L260; last complete picture=L259; band bottom=L262",259,286,522,525,525,direct,"SP recording; raw first pass-through row is picture; VBI ends at L285; raw three-third displacement L522=0.820,2.360,0.892/L523=8.207,9.485,3.618/L524=1.301,0.083,0.059/L525=0.080,0.074,0.065; peak=L523 margin=7.125; split fraction/run=0.107/14; outer edges=8/714; body=8.0+/-2.0/714.0+/-2.0; switch onset=L523; last complete picture=L522; band bottom=L525",522,0,0
267,13767,23,259,262,262,direct,"SP recording; raw picture onset against blank/body midpoint=65.000; VBI=none; raw three-third displacement L259=1.308,2.298,0.703/L260=0.835,1.909,3.161/L261=9.515,8.420,0.349/L262=0.075,0.074,0.051; peak=L261 margin=6.353; split fraction/run=0.907/179; outer edges=10/714; body=8.0+/-2.0/714.0+/-2.0; switch onset=L260; last complete picture=L259; band bottom=L262",259,286,522,525,525,direct,"SP recording; raw first pass-through row is picture; VBI ends at L285; raw three-third displacement L522=1.147,1.957,0.834/L523=8.229,9.010,3.565/L524=1.295,0.066,0.056/L525=0.083,0.068,0.060; peak=L523 margin=7.052; split fraction/run=0.107/17; outer edges=8/713; body=8.0+/-2.0/714.0+/-2.0; switch onset=L523; last complete picture=L522; band bottom=L525",522,0,0
268,13768,23,259,262,262,direct,"SP recording; raw picture onset against blank/body midpoint=65.500; VBI=none; raw three-third displacement L259=1.273,2.127,0.772/L260=2.930,2.702,3.591/L261=8.888,7.800,0.380/L262=0.089,0.071,0.087; peak=L261 margin=5.297; split fraction/run=0.916/194; outer edges=70/714; body=8.0+/-2.0/714.0+/-2.0; switch onset=L260; last complete picture=L259; band bottom=L262",259,286,522,525,525,direct,"SP recording; raw first pass-through row is picture; VBI ends at L285; raw three-third displacement L522=0.911,2.182,0.819/L523=6.946,9.022,3.389/L524=2.537,0.076,0.065/L525=0.065,0.073,0.051; peak=L523 margin=6.485; split fraction/run=0.145/16; outer edges=8/714; body=8.0+/-2.0/714.0+/-2.0; switch onset=L523; last complete picture=L522; band bottom=L525",522,0,0
269,13769,23,259,262,262,direct,"SP recording; raw picture onset against blank/body midpoint=65.500; VBI=none; raw three-third displacement L259=1.285,2.479,0.698/L260=0.814,1.750,3.075/L261=9.879,8.672,0.637/L262=0.076,0.090,0.074; peak=L261 margin=6.804; split fraction/run=0.794/152; outer edges=9/714; body=8.0+/-2.0/714.0+/-2.0; switch onset=L260; last complete picture=L259; band bottom=L262",259,286,522,525,525,direct,"SP recording; raw first pass-through row is picture; VBI ends at L285; raw three-third displacement L522=0.971,2.279,0.781/L523=6.922,9.555,3.931/L524=2.962,0.062,0.059/L525=0.075,0.071,0.066; peak=L523 margin=6.593; split fraction/run=0.126/18; outer edges=8/714; body=8.0+/-2.0/714.0+/-2.0; switch onset=L523; last complete picture=L522; band bottom=L525",522,0,0
270,13770,23,259,262,262,direct,"SP recording; raw picture onset against blank/body midpoint=66.000; VBI=none; raw three-third displacement L259=1.271,2.289,0.759/L260=3.285,2.999,3.541/L261=9.321,8.020,0.877/L262=0.075,0.074,0.069; peak=L261 margin=5.781; split fraction/run=0.799/151; outer edges=112/714; body=8.0+/-2.0/714.0+/-2.0; switch onset=L260; last complete picture=L259; band bottom=L262",259,286,522,525,525,direct,"SP recording; raw first pass-through row is picture; VBI ends at L285; raw three-third displacement L522=1.002,2.226,0.783/L523=6.359,9.095,3.710/L524=3.289,0.062,0.059/L525=0.074,0.069,0.056; peak=L523 margin=5.806; split fraction/run=0.099/8; outer edges=7/714; body=8.0+/-2.0/714.0+/-2.0; switch onset=L523; last complete picture=L522; band bottom=L525",522,0,0
271,13771,23,259,262,262,direct,"SP recording; raw picture onset against blank/body midpoint=65.500; VBI=none; raw three-third displacement L259=1.437,2.369,0.631/L260=2.974,2.878,3.357/L261=9.336,8.262,0.770/L262=0.083,0.099,0.073; peak=L261 margin=5.979; split fraction/run=0.846/155; outer edges=71/714; body=8.0+/-2.0/714.0+/-2.0; switch onset=L260; last complete picture=L259; band bottom=L262",259,286,522,525,525,direct,"SP recording; raw first pass-through row is picture; VBI ends at L285; raw three-third displacement L522=0.875,2.156,0.780/L523=6.605,8.961,3.412/L524=2.977,0.070,0.054/L525=0.064,0.071,0.053; peak=L523 margin=5.984; split fraction/run=0.145/18; outer edges=8/714; body=8.0+/-2.0/714.0+/-2.0; switch onset=L523; last complete picture=L522; band bottom=L525",522,0,0
272,13772,23,259,262,262,direct,"SP recording; raw picture onset against blank/body midpoint=66.000; VBI=none; raw three-third displacement L259=1.455,2.387,0.804/L260=0.899,1.947,3.039/L261=9.439,8.678,0.935/L262=0.076,0.075,0.067; peak=L261 margin=6.400; split fraction/run=0.762/135; outer edges=10/714; body=8.0+/-2.0/714.0+/-2.0; switch onset=L260; last complete picture=L259; band bottom=L262",259,286,522,525,525,direct,"SP recording; raw first pass-through row is picture; VBI ends at L285; raw three-third displacement L522=0.893,2.106,0.764/L523=6.068,8.945,3.374/L524=3.583,0.067,0.051/L525=0.069,0.067,0.048; peak=L523 margin=5.362; split fraction/run=0.159/18; outer edges=8/714; body=8.0+/-2.0/714.0+/-2.0; switch onset=L523; last complete picture=L522; band bottom=L525",522,0,0
273,13773,23,259,262,262,direct,"SP recording; raw picture onset against blank/body midpoint=66.500; VBI=none; raw three-third displacement L259=1.280,2.345,0.675/L260=1.014,1.914,2.851/L261=9.535,8.876,1.103/L262=0.069,0.091,0.070; peak=L261 margin=6.684; split fraction/run=0.701/132; outer edges=8/714; body=7.0+/-2.0/714.0+/-2.0; switch onset=L260; last complete picture=L259; band bottom=L262",259,286,522,525,525,direct,"SP recording; raw first pass-through row is picture; VBI ends at L285; raw three-third displacement L522=0.950,1.961,0.726/L523=6.071,8.849,3.426/L524=3.344,0.062,0.053/L525=0.066,0.069,0.055; peak=L523 margin=5.504; split fraction/run=0.160/13; outer edges=7/714; body=7.0+/-2.0/714.0+/-2.0; switch onset=L523; last complete picture=L522; band bottom=L525",522,0,0
274,13774,23,259,262,262,direct,"SP recording; raw picture onset against blank/body midpoint=66.500; VBI=none; raw three-third displacement L259=1.438,2.305,0.619/L260=0.936,2.075,2.793/L261=9.615,8.643,0.967/L262=0.079,0.075,0.066; peak=L261 margin=6.823; split fraction/run=0.706/133; outer edges=9/714; body=8.0+/-2.0/714.0+/-2.0; switch onset=L260; last complete picture=L259; band bottom=L262",259,286,522,525,525,direct,"SP recording; raw first pass-through row is picture; VBI ends at L285; raw three-third displacement L522=0.946,2.226,0.911/L523=5.893,9.485,3.713/L524=3.611,0.061,0.051/L525=0.065,0.066,0.057; peak=L523 margin=5.874; split fraction/run=0.169/13; outer edges=7/714; body=8.0+/-2.0/714.0+/-2.0; switch onset=L523; last complete picture=L522; band bottom=L525",522,0,0
275,13775,23,259,262,262,direct,"SP recording; raw picture onset against blank/body midpoint=66.500; VBI=none; raw three-third displacement L259=1.415,2.381,0.795/L260=1.011,1.600,2.896/L261=9.475,8.401,1.208/L262=0.073,0.081,0.071; peak=L261 margin=6.579; split fraction/run=0.664/130; outer edges=7/714; body=8.0+/-2.0/714.0+/-2.0; switch onset=L260; last complete picture=L259; band bottom=L262",259,286,522,525,525,direct,"SP recording; raw first pass-through row is picture; VBI ends at L285; raw three-third displacement L522=1.021,2.233,0.827/L523=6.369,9.247,3.799/L524=3.594,0.068,0.060/L525=0.069,0.072,0.061; peak=L523 margin=5.653; split fraction/run=0.127/12; outer edges=7/714; body=8.0+/-2.0/714.0+/-2.0; switch onset=L523; last complete picture=L522; band bottom=L525",522,0,0
276,13776,23,259,262,262,direct,"SP recording; raw picture onset against blank/body midpoint=66.000; VBI=none; raw three-third displacement L259=1.347,2.317,0.689/L260=1.094,1.730,2.789/L261=9.535,8.539,1.234/L262=0.085,0.071,0.074; peak=L261 margin=6.746; split fraction/run=0.664/124; outer edges=6/714; body=8.0+/-2.0/714.0+/-2.0; switch onset=L260; last complete picture=L259; band bottom=L262",259,286,522,525,525,direct,"SP recording; raw first pass-through row is picture; VBI ends at L285; raw three-third displacement L522=1.052,2.242,0.872/L523=6.243,9.186,3.848/L524=3.749,0.076,0.065/L525=0.071,0.064,0.062; peak=L523 margin=5.437; split fraction/run=0.127/14; outer edges=7/714; body=8.0+/-2.0/714.0+/-2.0; switch onset=L523; last complete picture=L522; band bottom=L525",522,0,0
277,13777,23,259,262,262,direct,"SP recording; raw picture onset against blank/body midpoint=66.500; VBI=none; raw three-third displacement L259=1.380,2.252,0.736/L260=3.174,2.746,3.447/L261=9.287,8.148,1.262/L262=0.066,0.078,0.065; peak=L261 margin=5.840; split fraction/run=0.743/136; outer edges=113/714; body=8.0+/-2.0/714.0+/-2.0; switch onset=L260; last complete picture=L259; band bottom=L262",259,286,522,525,525,direct,"SP recording; raw first pass-through row is picture; VBI ends at L285; raw three-third displacement L522=0.955,2.367,0.905/L523=6.299,9.500,3.990/L524=3.839,0.075,0.064/L525=0.077,0.088,0.070; peak=L523 margin=5.661; split fraction/run=0.085/7; outer edges=8/714; body=8.0+/-2.0/714.0+/-2.0; switch onset=L523; last complete picture=L522; band bottom=L525",522,0,0
278,13778,23,259,262,262,direct,"SP recording; raw picture onset against blank/body midpoint=66.000; VBI=none; raw three-third displacement L259=1.326,2.102,0.656/L260=1.256,1.770,2.890/L261=9.100,8.681,1.458/L262=0.081,0.073,0.067; peak=L261 margin=6.210; split fraction/run=0.612/117; outer edges=6/714; body=8.0+/-2.0/714.0+/-2.0; switch onset=L260; last complete picture=L259; band bottom=L262",259,286,522,525,525,direct,"SP recording; raw first pass-through row is picture; VBI ends at L285; raw three-third displacement L522=1.056,2.272,0.818/L523=5.787,9.137,3.965/L524=4.143,0.069,0.058/L525=0.081,0.079,0.063; peak=L523 margin=4.994; split fraction/run=0.169/13; outer edges=8/714; body=8.0+/-2.0/714.0+/-2.0; switch onset=L523; last complete picture=L522; band bottom=L525",522,0,0
279,13779,23,258,262,262,direct,"SP recording; raw picture onset against blank/body midpoint=67.000; VBI=none; raw three-third displacement L259=1.034,2.020,2.557/L260=9.866,8.569,1.384/L261=0.086,0.062,0.058/L262=0.084,0.105,0.103; peak=L260 margin=7.310; split fraction/run=0.598/112; outer edges=9/714; body=8.0+/-2.0/714.0+/-2.0; switch onset=L259; last complete picture=L258; band bottom=L262",258,286,522,525,525,direct,"SP recording; raw first pass-through row is picture; VBI ends at L285; raw three-third displacement L522=1.279,2.559,0.678/L523=1.144,1.839,2.367/L524=9.292,8.465,1.648/L525=0.074,0.068,0.050; peak=L524 margin=6.733; split fraction/run=0.556/105; outer edges=5/714; body=7.0+/-2.0/714.0+/-2.0; switch onset=L523; last complete picture=L522; band bottom=L525",522,0,0
280,13780,25,261,-1,262,direct,"SP recording; raw VBI waveform L23; intervening tape row; picture follows; raw three-third displacement L259=0.888,2.031,0.598/L260=1.271,2.494,0.650/L261=1.046,2.212,0.854/L262=5.304,9.497,3.628; peak=L262 margin=7.002; split fraction/run=0.188/11; outer edges=8/714; body=8.0+/-2.0/714.0+/-2.0; switch onset=L262; last complete picture=L261; band bottom=none at clip",261,286,521,525,525,direct,"SP recording; raw first pass-through row is picture; VBI ends at L285; raw three-third displacement L522=0.954,1.930,2.532/L523=10.126,8.695,1.584/L524=0.077,0.075,0.054/L525=0.078,0.106,0.093; peak=L523 margin=7.593; split fraction/run=0.570/105; outer edges=9/714; body=8.0+/-2.0/714.0+/-2.0; switch onset=L522; last complete picture=L521; band bottom=L525",521,2,0
281,13781,25,261,-1,262,direct,"SP recording; raw VBI waveform L23; intervening tape row; picture follows; raw three-third displacement L259=1.094,1.807,0.522/L260=1.037,2.461,0.670/L261=0.828,2.183,0.819/L262=5.906,9.428,3.486; peak=L262 margin=6.967; split fraction/run=0.127/18; outer edges=8/714; body=8.0+/-2.0/714.0+/-2.0; switch onset=L262; last complete picture=L261; band bottom=none at clip",261,286,521,525,525,direct,"SP recording; raw first pass-through row is picture; VBI ends at L285; raw three-third displacement L522=3.066,3.009,2.801/L523=9.409,8.500,1.964/L524=0.079,0.079,0.077/L525=0.084,0.084,0.096; peak=L523 margin=6.343; split fraction/run=0.528/104; outer edges=110/714; body=8.0+/-2.0/714.0+/-2.0; switch onset=L522; last complete picture=L521; band bottom=L525",521,2,0
282,13782,25,261,-1,262,direct,"SP recording; raw VBI waveform L23; intervening tape row; picture follows; raw three-third displacement L259=0.983,1.845,0.602/L260=0.962,2.432,0.644/L261=0.968,2.135,0.745/L262=4.612,9.272,3.732; peak=L262 margin=6.840; split fraction/run=0.211/10; outer edges=8/713; body=8.0+/-2.0/714.0+/-2.0; switch onset=L262; last complete picture=L261; band bottom=none at clip",261,286,521,525,525,direct,"SP recording; raw first pass-through row is picture; VBI ends at L285; raw three-third displacement L522=1.198,2.059,2.193/L523=8.879,8.915,1.963/L524=0.067,0.082,0.066/L525=0.065,0.120,0.097; peak=L523 margin=6.722; split fraction/run=0.416/76; outer edges=4/600; body=8.0+/-2.0/714.0+/-2.0; switch onset=L522; last complete picture=L521; band bottom=L525",521,2,0
283,13783,25,261,-1,262,direct,"SP recording; raw VBI waveform L23; intervening tape row; picture follows; raw three-third displacement L259=0.872,1.799,0.595/L260=0.951,2.419,0.644/L261=0.843,2.092,0.744/L262=4.266,9.361,3.615; peak=L262 margin=6.941; split fraction/run=0.127/9; outer edges=7/714; body=8.0+/-2.0/714.0+/-2.0; switch onset=L262; last complete picture=L261; band bottom=none at clip",261,286,521,525,525,direct,"SP recording; raw first pass-through row is picture; VBI ends at L285; raw three-third displacement L522=0.936,1.771,2.160/L523=9.785,8.555,2.037/L524=0.077,0.072,0.065/L525=0.066,0.106,0.096; peak=L523 margin=7.625; split fraction/run=0.463/74; outer edges=6/601; body=8.0+/-2.0/714.0+/-2.0; switch onset=L522; last complete picture=L521; band bottom=L525",521,2,0
284,13784,24,260,262,262,direct,"SP recording; raw picture onset against blank/body midpoint=67.000; VBI=none; raw three-third displacement L259=1.259,2.520,0.597/L260=1.107,2.109,0.707/L261=4.238,9.458,3.657/L262=6.320,0.091,0.061; peak=L261 margin=3.137; split fraction/run=0.296/14; outer edges=8/714; body=7.0+/-2.0/714.0+/-2.0; switch onset=L261; last complete picture=L260; band bottom=L262",260,286,521,525,525,direct,"SP recording; raw first pass-through row is picture; VBI ends at L285; raw three-third displacement L522=1.131,2.048,2.100/L523=9.169,8.690,2.041/L524=0.070,0.075,0.059/L525=0.073,0.101,0.096; peak=L523 margin=7.069; split fraction/run=0.379/62; outer edges=6/616; body=7.0+/-2.0/714.0+/-2.0; switch onset=L522; last complete picture=L521; band bottom=L525",521,1,0
285,13785,24,260,262,262,direct,"SP recording; raw picture onset against blank/body midpoint=67.500; VBI=none; raw three-third displacement L259=1.167,2.486,0.673/L260=1.083,2.147,0.860/L261=3.759,9.409,3.642/L262=6.968,0.067,0.056; peak=L261 margin=2.441; split fraction/run=0.282/12; outer edges=8/714; body=8.0+/-2.0/714.0+/-2.0; switch onset=L261; last complete picture=L260; band bottom=L262",260,286,522,525,525,direct,"SP recording; raw first pass-through row is picture; VBI ends at L285; raw three-third displacement L522=0.840,1.878,1.739/L523=9.589,8.657,2.199/L524=0.074,0.082,0.059/L525=0.071,0.115,0.105; peak=L523 margin=7.711; split fraction/run=0.327/49; outer edges=10/630; body=8.0+/-2.0/714.0+/-2.0; switch onset=L523; last complete picture=L522; band bottom=L525",522,1,0
286,13786,24,260,262,262,direct,"SP recording; raw picture onset against blank/body midpoint=67.000; VBI=none; raw three-third displacement L259=1.026,2.242,0.611/L260=0.953,2.134,0.835/L261=2.452,9.246,3.472/L262=7.619,0.068,0.063; peak=L261 margin=1.627; split fraction/run=0.268/12; outer edges=8/714; body=8.0+/-2.0/714.0+/-2.0; switch onset=L261; last complete picture=L260; band bottom=L262",260,286,522,525,525,direct,"SP recording; raw first pass-through row is picture; VBI ends at L285; raw three-third displacement L522=0.930,2.001,1.904/L523=9.029,8.510,2.153/L524=0.067,0.080,0.065/L525=0.070,0.103,0.099; peak=L523 margin=7.028; split fraction/run=0.341/52; outer edges=5/620; body=7.0+/-2.0/714.0+/-2.0; switch onset=L523; last complete picture=L522; band bottom=L525",522,1,0
287,13787,24,260,262,262,direct,"SP recording; raw picture onset against blank/body midpoint=67.500; VBI=none; raw three-third displacement L259=1.089,2.281,0.617/L260=1.032,2.217,0.836/L261=3.145,9.531,3.681/L262=7.384,0.078,0.058; peak=L261 margin=2.147; split fraction/run=0.230/15; outer edges=7/714; body=8.0+/-2.0/714.0+/-2.0; switch onset=L261; last complete picture=L260; band bottom=L262",260,286,521,525,525,direct,"SP recording; raw first pass-through row is picture; VBI ends at L285; raw three-third displacement L522=1.088,1.841,1.960/L523=9.243,8.418,2.034/L524=0.074,0.066,0.060/L525=0.079,0.097,0.116; peak=L523 margin=7.283; split fraction/run=0.388/58; outer edges=6/620; body=8.0+/-2.0/714.0+/-2.0; switch onset=L522; last complete picture=L521; band bottom=L525",521,1,0
288,13788,24,260,262,262,direct,"SP recording; raw picture onset against blank/body midpoint=67.000; VBI=none; raw three-third displacement L259=1.045,2.235,0.660/L260=0.925,1.906,0.931/L261=3.639,9.600,3.497/L262=7.214,0.084,0.063; peak=L261 margin=2.386; split fraction/run=0.225/16; outer edges=8/713; body=7.0+/-2.0/714.0+/-2.0; switch onset=L261; last complete picture=L260; band bottom=L262",260,286,521,525,525,direct,"SP recording; raw first pass-through row is picture; VBI ends at L285; raw three-third displacement L522=1.092,1.970,1.861/L523=9.185,8.413,2.106/L524=0.068,0.061,0.062/L525=0.077,0.086,0.105; peak=L523 margin=7.215; split fraction/run=0.336/52; outer edges=5/624; body=8.0+/-2.0/714.0+/-2.0; switch onset=L522; last complete picture=L521; band bottom=L525",521,1,0
289,13789,24,260,262,262,direct,"SP recording; raw picture onset against blank/body midpoint=67.000; VBI=none; raw three-third displacement L259=1.047,2.432,0.702/L260=0.909,2.094,0.894/L261=2.739,9.254,3.532/L262=7.906,0.072,0.061; peak=L261 margin=1.348; split fraction/run=0.202/15; outer edges=7/713; body=8.0+/-2.0/714.0+/-2.0; switch onset=L261; last complete picture=L260; band bottom=L262",260,286,522,525,525,direct,"SP recording; raw first pass-through row is picture; VBI ends at L285; raw three-third displacement L522=1.000,1.864,1.953/L523=9.606,8.589,2.124/L524=0.069,0.064,0.060/L525=0.077,0.100,0.118; peak=L523 margin=7.653; split fraction/run=0.346/54; outer edges=7/623; body=7.0+/-2.0/714.0+/-2.0; switch onset=L523; last complete picture=L522; band bottom=L525",522,1,0
290,13790,24,260,262,262,direct,"SP recording; raw picture onset against blank/body midpoint=67.500; VBI=none; raw three-third displacement L259=1.144,2.560,0.682/L260=0.956,2.132,0.828/L261=2.643,9.364,3.658/L262=7.395,0.071,0.059; peak=L261 margin=1.969; split fraction/run=0.286/15; outer edges=7/713; body=8.0+/-2.0/714.0+/-2.0; switch onset=L261; last complete picture=L260; band bottom=L262",260,286,521,525,525,direct,"SP recording; raw first pass-through row is picture; VBI ends at L285; raw three-third displacement L522=0.944,1.712,1.655/L523=9.037,8.268,2.410/L524=0.069,0.072,0.062/L525=0.069,0.101,0.097; peak=L523 margin=7.325; split fraction/run=0.276/39; outer edges=7/640; body=8.0+/-2.0/714.0+/-2.0; switch onset=L522; last complete picture=L521; band bottom=L525",521,1,0
291,13791,24,260,262,262,direct,"SP recording; raw picture onset against blank/body midpoint=67.000; VBI=none; raw three-third displacement L259=1.029,2.521,0.717/L260=0.964,2.244,0.835/L261=2.284,9.144,3.542/L262=7.872,0.072,0.058; peak=L261 margin=1.272; split fraction/run=0.249/19; outer edges=8/714; body=8.0+/-2.0/714.0+/-2.0; switch onset=L261; last complete picture=L260; band bottom=L262",260,286,521,525,525,direct,"SP recording; raw first pass-through row is picture; VBI ends at L285; raw three-third displacement L522=1.374,2.302,2.063/L523=9.250,8.394,2.254/L524=0.067,0.065,0.057/L525=0.076,0.095,0.099; peak=L523 margin=6.948; split fraction/run=0.322/49; outer edges=4/629; body=7.0+/-2.0/714.0+/-2.0; switch onset=L522; last complete picture=L521; band bottom=L525",521,1,0
292,13792,24,260,262,262,direct,"SP recording; raw picture onset against blank/body midpoint=67.000; VBI=none; raw three-third displacement L259=1.088,2.820,0.605/L260=1.128,2.459,0.837/L261=1.752,9.256,3.382/L262=8.348,0.071,0.055; peak=L261 margin=0.908; split fraction/run=0.366/23; outer edges=8/714; body=7.0+/-2.0/714.0+/-2.0; switch onset=L261; last complete picture=L260; band bottom=L262",260,286,521,525,525,direct,"SP recording; raw first pass-through row is picture; VBI ends at L285; raw three-third displacement L522=1.451,2.073,1.933/L523=8.988,7.968,2.384/L524=0.067,0.088,0.056/L525=0.093,0.086,0.077; peak=L523 margin=6.915; split fraction/run=0.322/44; outer edges=4/632; body=8.0+/-2.0/714.0+/-2.0; switch onset=L522; last complete picture=L521; band bottom=L525",521,1,0
293,13793,24,260,262,262,cv_inspected,"SP recording; raw picture onset against blank/body midpoint=66.500; VBI=none; raw three-third displacement L259=0.934,2.522,0.755/L260=0.944,2.371,0.814/L261=2.016,8.986,3.417/L262=8.434,0.065,0.052; peak=L261 margin=0.552; split fraction/run=0.225/18; outer edges=8/714; body=7.0+/-2.0/714.0+/-2.0; switch onset=L261; last complete picture=L260; band bottom=L262; row Y(mean/std) L23=2.438/2.569 L24=132.325/33.331 L25=129.902/35.265 L260=97.706/45.168 L261=43.444/55.949 L262=10.353/0.942",260,286,521,525,525,direct,"SP recording; raw first pass-through row is picture; VBI ends at L285; raw three-third displacement L522=1.157,1.977,1.755/L523=9.179,8.206,2.395/L524=0.058,0.063,0.054/L525=0.075,0.075,0.061; peak=L523 margin=7.202; split fraction/run=0.327/37; outer edges=6/641; body=8.0+/-2.0/714.0+/-2.0; switch onset=L522; last complete picture=L521; band bottom=L525",521,1,0
294,13794,24,260,262,262,direct,"SP recording; raw picture onset against blank/body midpoint=66.500; VBI=none; raw three-third displacement L259=1.097,2.434,0.574/L260=1.122,2.112,0.801/L261=2.277,9.126,3.499/L262=8.326,0.072,0.046; peak=L261 margin=0.800; split fraction/run=0.258/7; outer edges=7/713; body=8.0+/-2.0/714.0+/-2.0; switch onset=L261; last complete picture=L260; band bottom=L262",260,286,521,525,525,direct,"SP recording; raw first pass-through row is picture; VBI ends at L285; raw three-third displacement L522=1.180,2.557,1.529/L523=9.110,8.193,2.282/L524=0.060,0.063,0.053/L525=0.081,0.075,0.061; peak=L523 margin=6.554; split fraction/run=0.280/38; outer edges=7/637; body=8.0+/-2.0/714.0+/-2.0; switch onset=L522; last complete picture=L521; band bottom=L525",521,1,0
295,13795,24,260,262,262,cv_inspected,"SP recording; raw picture onset against blank/body midpoint=67.000; VBI=none; raw three-third displacement L259=1.266,1.844,0.593/L260=1.055,2.468,0.661/L261=2.473,8.700,3.454/L262=8.819,0.075,0.061; peak=L262 margin=0.119; split fraction/run=1.000/258; outer edges=4/714; body=8.0+/-2.0/714.0+/-2.0; switch onset=L261; last complete picture=L260; band bottom=L262; row Y(mean/std) L23=3.048/2.869 L24=132.516/34.026 L25=132.930/33.303 L260=98.000/45.759 L261=44.683/57.310 L262=10.420/1.062",260,286,521,525,525,direct,"SP recording; raw first pass-through row is picture; VBI ends at L285; raw three-third displacement L522=1.362,2.654,1.491/L523=9.279,8.658,2.521/L524=0.078,0.077,0.061/L525=0.078,0.104,0.083; peak=L523 margin=6.625; split fraction/run=0.229/38; outer edges=9/638; body=8.0+/-2.0/714.0+/-2.0; switch onset=L522; last complete picture=L521; band bottom=L525",521,1,0
296,13796,24,260,262,262,cv_inspected,"SP recording; raw picture onset against blank/body midpoint=66.500; VBI=none; raw three-third displacement L259=1.104,1.767,0.581/L260=1.037,2.581,0.687/L261=1.966,8.315,3.394/L262=8.726,0.074,0.062; peak=L262 margin=0.411; split fraction/run=1.000/247; outer edges=5/714; body=8.0+/-2.0/714.0+/-2.0; switch onset=L261; last complete picture=L260; band bottom=L262; row Y(mean/std) L23=1.956/1.759 L24=132.225/31.797 L25=130.323/33.278 L260=96.559/47.031 L261=45.522/56.757 L262=10.653/1.061",260,286,521,525,525,direct,"SP recording; raw first pass-through row is picture; VBI ends at L285; raw three-third displacement L522=1.252,2.507,1.183/L523=9.163,8.743,2.763/L524=0.069,0.071,0.046/L525=0.075,0.099,0.079; peak=L523 margin=6.656; split fraction/run=0.182/24; outer edges=6/654; body=8.0+/-2.0/714.0+/-2.0; switch onset=L522; last complete picture=L521; band bottom=L525",521,1,0
297,13797,24,260,262,262,cv_inspected,"SP recording; raw picture onset against blank/body midpoint=67.500; VBI=none; raw three-third displacement L259=0.952,2.049,0.670/L260=0.990,2.557,0.716/L261=2.250,8.879,3.297/L262=8.965,0.069,0.050; peak=L262 margin=0.086; split fraction/run=0.986/221; outer edges=2/714; body=8.0+/-2.0/714.0+/-2.0; switch onset=L261; last complete picture=L260; band bottom=L262; row Y(mean/std) L23=2.420/2.305 L24=135.519/32.882 L25=134.723/33.123 L260=99.284/47.090 L261=46.333/57.571 L262=11.111/0.943",260,286,521,525,525,direct,"SP recording; raw first pass-through row is picture; VBI ends at L285; raw three-third displacement L522=0.912,0.755,3.307/L523=5.966,5.542,13.260/L524=0.096,0.074,0.103/L525=0.116,0.115,0.178; peak=L523 margin=9.953; split fraction/run=0.121/26; outer edges=7/651; body=6.0+/-3.0/714.0+/-2.0; switch onset=L522; last complete picture=L521; band bottom=L525",521,1,0
298,13798,24,259,262,262,direct,"SP recording; raw picture onset against blank/body midpoint=60.000; VBI=none; raw three-third displacement L259=1.084,0.868,0.762/L260=0.750,0.729,0.760/L261=1.295,5.655,16.062/L262=6.028,0.066,0.093; peak=L261 margin=10.034; split fraction/run=0.235/6; outer edges=8/680; body=7.0+/-2.0/714.0+/-2.0; switch onset=L260; last complete picture=L259; band bottom=L262",259,286,521,525,525,direct,"SP recording; raw first pass-through row is picture; VBI ends at L285; raw three-third displacement L522=1.225,0.651,3.573/L523=6.335,5.472,13.654/L524=0.107,0.066,0.099/L525=0.118,0.123,0.176; peak=L523 margin=10.081; split fraction/run=0.131/27; outer edges=6/650; body=7.0+/-3.0/714.0+/-2.0; switch onset=L522; last complete picture=L521; band bottom=L525",521,1,0
299,13799,24,260,262,262,direct,"SP recording; raw picture onset against blank/body midpoint=59.500; VBI=none; raw three-third displacement L259=1.193,0.638,1.392/L260=0.903,0.512,1.201/L261=1.215,6.503,17.078/L262=6.594,0.082,0.106; peak=L261 margin=10.484; split fraction/run=0.272/12; outer edges=6/714; body=7.0+/-5.0/714.0+/-2.0; switch onset=L261; last complete picture=L260; band bottom=L262",260,286,521,525,525,direct,"SP recording; raw first pass-through row is picture; VBI ends at L285; raw three-third displacement L522=1.064,0.586,3.738/L523=6.776,6.222,13.800/L524=0.090,0.077,0.103/L525=0.121,0.123,0.157; peak=L523 margin=10.063; split fraction/run=0.126/27; outer edges=6/650; body=7.0+/-5.0/714.0+/-2.0; switch onset=L522; last complete picture=L521; band bottom=L525",521,1,0
300,13800,24,260,262,262,direct,"SP recording; raw picture onset against blank/body midpoint=59.500; VBI=none; raw three-third displacement L259=1.134,0.590,1.484/L260=1.008,0.563,1.065/L261=1.385,6.547,17.019/L262=6.472,0.080,0.099; peak=L261 margin=10.547; split fraction/run=0.305/7; outer edges=7/714; body=7.0+/-4.0/714.0+/-2.0; switch onset=L261; last complete picture=L260; band bottom=L262",260,286,521,525,525,direct,"SP recording; raw first pass-through row is picture; VBI ends at L285; raw three-third displacement L522=1.589,1.711,7.855/L523=5.418,6.161,10.910/L524=0.101,0.070,0.090/L525=0.125,0.107,0.139; peak=L523 margin=3.056; split fraction/run=0.286/56; outer edges=15/621; body=7.0+/-5.0/714.0+/-2.0; switch onset=L522; last complete picture=L521; band bottom=L525",521,1,0
301,13801,24,260,262,262,direct,"SP recording; raw picture onset against blank/body midpoint=59.000; VBI=none; raw three-third displacement L259=0.901,0.875,1.468/L260=0.817,0.646,1.170/L261=1.472,6.689,16.323/L262=5.997,0.071,0.115; peak=L261 margin=10.325; split fraction/run=0.225/10; outer edges=7/714; body=7.0+/-3.5/714.0+/-2.0; switch onset=L261; last complete picture=L260; band bottom=L262",260,286,521,525,525,direct,"SP recording; raw first pass-through row is picture; VBI ends at L285; raw three-third displacement L522=1.607,1.758,8.939/L523=5.619,6.741,10.173/L524=0.115,0.069,0.100/L525=0.136,0.113,0.161; peak=L523 margin=1.234; split fraction/run=0.336/69; outer edges=15/608; body=7.0+/-4.0/714.0+/-2.0; switch onset=L522; last complete picture=L521; band bottom=L525",521,1,0
302,13802,24,260,262,262,direct,"SP recording; raw picture onset against blank/body midpoint=59.500; VBI=none; raw three-third displacement L259=0.930,0.759,1.101/L260=0.953,0.690,0.943/L261=1.073,6.320,16.850/L262=6.192,0.084,0.098; peak=L261 margin=10.657; split fraction/run=0.329/7; outer edges=7/714; body=7.0+/-5.5/714.0+/-2.0; switch onset=L261; last complete picture=L260; band bottom=L262",260,286,521,525,525,direct,"SP recording; raw first pass-through row is picture; VBI ends at L285; raw three-third displacement L522=1.006,0.915,5.397/L523=6.386,6.266,12.239/L524=0.101,0.074,0.105/L525=0.125,0.105,0.170; peak=L523 margin=6.842; split fraction/run=0.210/43; outer edges=5/634; body=7.0+/-5.0/714.0+/-2.0; switch onset=L522; last complete picture=L521; band bottom=L525",521,1,0
303,13803,24,260,262,262,direct,"SP recording; raw picture onset against blank/body midpoint=60.000; VBI=none; raw three-third displacement L259=1.076,0.724,1.065/L260=1.166,0.647,1.083/L261=1.382,6.586,18.028/L262=6.315,0.092,0.096; peak=L261 margin=11.713; split fraction/run=0.338/10; outer edges=9/714; body=7.0+/-5.0/714.0+/-2.0; switch onset=L261; last complete picture=L260; band bottom=L262",260,286,521,525,525,direct,"SP recording; raw first pass-through row is picture; VBI ends at L285; raw three-third displacement L522=1.256,0.990,4.679/L523=6.443,6.098,11.950/L524=0.104,0.080,0.108/L525=0.128,0.104,0.152; peak=L523 margin=7.271; split fraction/run=0.178/38; outer edges=11/638; body=7.0+/-5.0/714.0+/-2.0; switch onset=L522; last complete picture=L521; band bottom=L525",521,1,0
304,13804,24,260,262,262,direct,"SP recording; raw picture onset against blank/body midpoint=59.500; VBI=none; raw three-third displacement L259=1.135,0.679,0.954/L260=0.932,0.632,1.003/L261=1.174,6.740,17.300/L262=6.375,0.075,0.093; peak=L261 margin=10.925; split fraction/run=0.315/11; outer edges=8/714; body=7.0+/-4.0/714.0+/-2.0; switch onset=L261; last complete picture=L260; band bottom=L262",260,286,521,525,525,direct,"SP recording; raw first pass-through row is picture; VBI ends at L285; raw three-third displacement L522=1.214,0.699,7.267/L523=6.595,6.318,10.597/L524=0.115,0.089,0.112/L525=0.130,0.117,0.167; peak=L523 margin=3.330; split fraction/run=0.308/64; outer edges=6/613; body=7.0+/-5.0/714.0+/-2.0; switch onset=L522; last complete picture=L521; band bottom=L525",521,1,0
305,13805,24,260,262,262,direct,"SP recording; raw picture onset against blank/body midpoint=60.000; VBI=none; raw three-third displacement L259=0.963,0.789,0.683/L260=0.821,0.741,0.928/L261=1.137,6.436,17.021/L262=6.310,0.082,0.101; peak=L261 margin=10.711; split fraction/run=0.305/13; outer edges=8/714; body=7.0+/-5.0/714.0+/-2.0; switch onset=L261; last complete picture=L260; band bottom=L262",260,286,521,525,525,direct,"SP recording; raw first pass-through row is picture; VBI ends at L285; raw three-third displacement L522=1.068,0.862,5.933/L523=6.299,6.125,10.838/L524=0.111,0.081,0.097/L525=0.115,0.147,0.231; peak=L523 margin=4.905; split fraction/run=0.252/54; outer edges=10/623; body=7.0+/-5.0/714.0+/-2.0; switch onset=L522; last complete picture=L521; band bottom=L525",521,1,0
306,13806,24,260,262,262,direct,"SP recording; raw picture onset against blank/body midpoint=59.500; VBI=none; raw three-third displacement L259=1.133,0.830,1.004/L260=0.973,0.648,1.145/L261=1.349,6.585,17.987/L262=6.741,0.079,0.100; peak=L261 margin=11.246; split fraction/run=0.263/13; outer edges=9/714; body=7.0+/-5.0/714.0+/-2.0; switch onset=L261; last complete picture=L260; band bottom=L262",260,286,521,525,525,direct,"SP recording; raw first pass-through row is picture; VBI ends at L285; raw three-third displacement L522=1.144,0.840,5.353/L523=6.459,5.657,11.804/L524=0.100,0.084,0.093/L525=0.118,0.113,0.164; peak=L523 margin=6.450; split fraction/run=0.220/47; outer edges=9/630; body=7.0+/-4.4/714.0+/-2.0; switch onset=L522; last complete picture=L521; band bottom=L525",521,1,0
307,13807,24,260,262,262,direct,"SP recording; raw picture onset against blank/body midpoint=58.500; VBI=none; raw three-third displacement L259=0.985,0.711,0.737/L260=0.977,0.610,0.865/L261=1.098,5.878,16.795/L262=6.322,0.067,0.108; peak=L261 margin=10.473; split fraction/run=0.268/6; outer edges=8/714; body=7.0+/-5.0/714.0+/-2.0; switch onset=L261; last complete picture=L260; band bottom=L262",260,286,521,525,525,direct,"SP recording; raw first pass-through row is picture; VBI ends at L285; raw three-third displacement L522=1.015,0.709,7.335/L523=6.105,5.596,9.862/L524=0.112,0.073,0.112/L525=0.121,0.089,0.179; peak=L523 margin=2.528; split fraction/run=0.313/67; outer edges=6/610; body=7.0+/-5.0/714.0+/-2.0; switch onset=L522; last complete picture=L521; band bottom=L525",521,1,0
308,13808,25,261,-1,262,direct,"SP recording; raw VBI waveform L23; intervening tape row; picture follows; raw three-third displacement L259=1.570,0.797,0.971/L260=1.041,0.754,0.884/L261=0.938,0.694,0.730/L262=1.400,6.129,16.752; peak=L262 margin=15.182; split fraction/run=0.244/8; outer edges=5/714; body=7.0+/-5.0/714.0+/-2.0; switch onset=L262; last complete picture=L261; band bottom=none at clip",261,286,521,525,525,direct,"SP recording; raw first pass-through row is picture; VBI ends at L285; raw three-third displacement L522=1.139,0.636,6.443/L523=6.367,5.599,10.064/L524=0.101,0.076,0.094/L525=0.113,0.094,0.142; peak=L523 margin=3.622; split fraction/run=0.280/60; outer edges=5/617; body=7.0+/-2.0/714.0+/-2.0; switch onset=L522; last complete picture=L521; band bottom=L525",521,2,0
309,13809,24,260,262,262,direct,"SP recording; raw picture onset against blank/body midpoint=58.500; VBI=none; raw three-third displacement L259=1.173,0.845,0.754/L260=1.054,0.737,0.869/L261=3.831,5.983,15.381/L262=6.080,0.074,0.077; peak=L261 margin=9.301; split fraction/run=0.333/11; outer edges=9/714; body=7.0+/-3.0/714.0+/-2.0; switch onset=L261; last complete picture=L260; band bottom=L262",260,286,521,525,525,direct,"SP recording; raw first pass-through row is picture; VBI ends at L285; raw three-third displacement L522=1.051,0.860,4.317/L523=9.018,5.629,10.929/L524=0.107,0.074,0.092/L525=0.118,0.110,0.158; peak=L523 margin=6.612; split fraction/run=0.192/41; outer edges=8/636; body=7.0+/-4.0/714.0+/-2.0; switch onset=L522; last complete picture=L521; band bottom=L525",521,1,0
310,13810,24,260,262,262,direct,"SP recording; raw picture onset against blank/body midpoint=59.000; VBI=none; raw three-third displacement L259=1.318,0.795,0.865/L260=1.070,0.671,0.907/L261=4.201,5.842,15.444/L262=6.045,0.066,0.092; peak=L261 margin=9.399; split fraction/run=0.310/11; outer edges=8/714; body=7.0+/-3.0/714.0+/-2.0; switch onset=L261; last complete picture=L260; band bottom=L262",260,286,521,525,525,direct,"SP recording; raw first pass-through row is picture; VBI ends at L285; raw three-third displacement L522=0.959,0.813,5.526/L523=9.103,6.144,10.474/L524=0.099,0.069,0.080/L525=0.132,0.104,0.153; peak=L523 margin=4.948; split fraction/run=0.248/53; outer edges=7/624; body=7.0+/-3.0/714.0+/-2.0; switch onset=L522; last complete picture=L521; band bottom=L525",521,1,0
311,13811,24,260,262,262,direct,"SP recording; raw picture onset against blank/body midpoint=59.000; VBI=none; raw three-third displacement L259=1.172,0.836,0.770/L260=0.816,0.583,0.733/L261=4.002,6.137,15.752/L262=6.106,0.073,0.094; peak=L261 margin=9.646; split fraction/run=0.244/16; outer edges=5/714; body=7.0+/-4.4/714.0+/-2.0; switch onset=L261; last complete picture=L260; band bottom=L262",260,286,521,525,525,direct,"SP recording; raw first pass-through row is picture; VBI ends at L285; raw three-third displacement L522=0.824,0.821,5.631/L523=5.797,7.896,8.256/L524=0.081,0.064,0.065/L525=0.137,0.141,0.160; peak=L523 margin=2.625; split fraction/run=0.304/64; outer edges=6/613; body=7.0+/-5.0/714.0+/-2.0; switch onset=L522; last complete picture=L521; band bottom=L525",521,1,0
312,13812,24,260,262,262,direct,"SP recording; raw picture onset against blank/body midpoint=58.500; VBI=none; raw three-third displacement L259=1.090,0.799,0.695/L260=0.869,0.708,0.776/L261=1.228,8.141,14.189/L262=6.114,0.077,0.071; peak=L261 margin=8.075; split fraction/run=0.282/7; outer edges=7/714; body=7.0+/-4.0/714.0+/-2.0; switch onset=L261; last complete picture=L260; band bottom=L262",260,286,521,525,525,direct,"SP recording; raw first pass-through row is picture; VBI ends at L285; raw three-third displacement L522=1.281,1.142,4.346/L523=6.328,7.928,9.003/L524=0.114,0.073,0.077/L525=0.137,0.112,0.143; peak=L523 margin=4.658; split fraction/run=0.234/50; outer edges=9/627; body=7.0+/-5.0/714.0+/-2.0; switch onset=L522; last complete picture=L521; band bottom=L525",521,1,0
313,13813,24,260,262,262,direct,"SP recording; raw picture onset against blank/body midpoint=58.500; VBI=none; raw three-third displacement L259=1.218,0.834,0.704/L260=1.041,0.998,0.671/L261=1.274,8.054,13.737/L262=6.008,0.063,0.071; peak=L261 margin=7.729; split fraction/run=0.366/9; outer edges=9/714; body=7.0+/-2.0/714.0+/-2.0; switch onset=L261; last complete picture=L260; band bottom=L262",260,286,521,525,525,direct,"SP recording; raw first pass-through row is picture; VBI ends at L285; raw three-third displacement L522=1.555,1.268,6.636/L523=6.255,7.924,8.235/L524=0.102,0.077,0.077/L525=0.158,0.110,0.161; peak=L523 margin=1.600; split fraction/run=0.346/68; outer edges=1/609; body=7.0+/-5.0/714.0+/-2.0; switch onset=L522; last complete picture=L521; band bottom=L525",521,1,0
314,13814,24,260,262,262,direct,"SP recording; raw picture onset against blank/body midpoint=57.500; VBI=none; raw three-third displacement L259=1.011,0.857,0.632/L260=0.833,0.683,0.674/L261=0.915,6.583,14.534/L262=6.497,0.088,0.100; peak=L261 margin=8.037; split fraction/run=0.258/8; outer edges=7/714; body=7.0+/-4.0/714.0+/-2.0; switch onset=L261; last complete picture=L260; band bottom=L262",260,286,521,525,525,direct,"SP recording; raw first pass-through row is picture; VBI ends at L285; raw three-third displacement L522=1.443,1.892,7.261/L523=5.199,6.468,8.072/L524=0.103,0.072,0.089/L525=0.126,0.119,0.186; peak=L523 margin=0.811; split fraction/run=0.355/72; outer edges=15/605; body=7.0+/-5.0/714.0+/-2.0; switch onset=L522; last complete picture=L521; band bottom=L525",521,1,0
315,13815,24,260,262,262,direct,"SP recording; raw picture onset against blank/body midpoint=57.000; VBI=none; raw three-third displacement L259=1.012,0.708,0.626/L260=0.898,0.692,0.765/L261=1.141,6.178,14.193/L262=5.866,0.092,0.088; peak=L261 margin=8.328; split fraction/run=0.286/10; outer edges=9/714; body=7.0+/-4.3/714.0+/-2.0; switch onset=L261; last complete picture=L260; band bottom=L262",260,286,521,525,525,direct,"SP recording; raw first pass-through row is picture; VBI ends at L285; raw three-third displacement L522=1.136,1.075,5.663/L523=5.700,6.282,9.214/L524=0.101,0.064,0.077/L525=0.112,0.135,0.181; peak=L523 margin=3.550; split fraction/run=0.290/59; outer edges=3/619; body=7.0+/-3.0/714.0+/-2.0; switch onset=L522; last complete picture=L521; band bottom=L525",521,1,0
316,13816,24,259,262,262,direct,"SP recording; raw picture onset against blank/body midpoint=56.500; VBI=none; raw three-third displacement L259=1.007,0.821,0.657/L260=0.822,0.657,0.714/L261=1.631,6.187,14.043/L262=5.399,0.072,0.084; peak=L261 margin=8.645; split fraction/run=0.254/8; outer edges=7/678; body=7.0+/-4.0/714.0+/-2.0; switch onset=L260; last complete picture=L259; band bottom=L262",259,286,521,525,525,direct,"SP recording; raw first pass-through row is picture; VBI ends at L285; raw three-third displacement L522=0.931,0.775,5.534/L523=5.814,5.658,8.710/L524=0.098,0.062,0.065/L525=0.114,0.124,0.144; peak=L523 margin=3.176; split fraction/run=0.285/61; outer edges=7/616; body=7.0+/-3.3/714.0+/-2.0; switch onset=L522; last complete picture=L521; band bottom=L525",521,1,0
317,13817,24,260,262,262,direct,"SP recording; raw picture onset against blank/body midpoint=56.500; VBI=none; raw three-third displacement L259=1.041,0.597,0.645/L260=0.913,0.690,0.847/L261=1.027,6.160,14.517/L262=5.677,0.079,0.089; peak=L261 margin=8.840; split fraction/run=0.305/11; outer edges=8/714; body=7.0+/-5.0/714.0+/-2.0; switch onset=L261; last complete picture=L260; band bottom=L262",260,286,521,525,525,cv_inspected,"SP recording; raw first pass-through row is picture; VBI ends at L285; raw three-third displacement L522=0.905,0.580,6.576/L523=5.495,5.814,7.324/L524=0.100,0.065,0.074/L525=0.103,0.110,0.143; peak=L523 margin=0.748; split fraction/run=0.346/74; outer edges=7/603; body=7.0+/-4.0/714.0+/-2.0; switch onset=L522; last complete picture=L521; band bottom=L525; row Y(mean/std) L285=1.361/0.480 L286=141.952/30.652 L287=143.794/30.961 L521=94.722/56.462 L522=72.122/50.930 L525=8.958/0.886",521,1,0
318,13818,24,260,262,262,direct,"SP recording; raw picture onset against blank/body midpoint=57.000; VBI=none; raw three-third displacement L259=0.938,0.588,0.718/L260=0.729,0.606,0.711/L261=0.743,6.199,14.630/L262=6.127,0.072,0.081; peak=L261 margin=8.503; split fraction/run=0.315/6; outer edges=7/714; body=7.0+/-4.0/714.0+/-2.0; switch onset=L261; last complete picture=L260; band bottom=L262",260,286,521,525,525,cv_inspected,"SP recording; raw first pass-through row is picture; VBI ends at L285; raw three-third displacement L522=1.024,0.839,7.425/L523=5.801,5.798,6.849/L524=0.139,0.092,0.093/L525=0.130,0.110,0.155; peak=L522 margin=0.576; split fraction/run=0.324/8; outer edges=9/714; body=6.0+/-6.0/714.0+/-2.0; switch onset=L522; last complete picture=L521; band bottom=L525; row Y(mean/std) L285=1.367/0.482 L286=140.589/31.575 L287=140.702/31.113 L521=95.541/55.133 L522=70.052/49.503 L525=9.412/0.950",521,1,0
319,13819,25,261,-1,262,direct,"SP recording; raw VBI waveform L23; intervening tape row; picture follows; raw three-third displacement L259=1.183,0.567,0.781/L260=1.012,0.632,1.067/L261=0.854,0.574,0.802/L262=1.330,5.594,15.666; peak=L262 margin=14.483; split fraction/run=0.310/6; outer edges=6/714; body=7.0+/-2.6/714.0+/-2.0; switch onset=L262; last complete picture=L261; band bottom=none at clip",261,286,521,525,525,cv_inspected,"SP recording; raw first pass-through row is picture; VBI ends at L285; raw three-third displacement L522=1.521,1.480,8.123/L523=5.008,5.701,8.052/L524=0.104,0.074,0.088/L525=0.099,0.113,0.176; peak=L522 margin=0.071; split fraction/run=0.296/12; outer edges=7/714; body=7.0+/-3.0/714.0+/-2.0; switch onset=L522; last complete picture=L521; band bottom=L525; row Y(mean/std) L285=1.358/0.479 L286=144.347/30.385 L287=142.386/30.965 L521=96.377/56.543 L522=74.636/53.174 L525=9.291/0.850",521,2,0
320,13820,25,261,-1,262,direct,"SP recording; raw VBI waveform L23; intervening tape row; picture follows; raw three-third displacement L259=1.107,0.480,0.744/L260=0.988,0.615,0.808/L261=0.812,0.708,0.753/L262=1.521,5.608,14.566; peak=L262 margin=13.459; split fraction/run=0.296/10; outer edges=6/714; body=7.0+/-2.0/714.0+/-2.0; switch onset=L262; last complete picture=L261; band bottom=none at clip",261,286,521,525,525,direct,"SP recording; raw first pass-through row is picture; VBI ends at L285; raw three-third displacement L522=0.970,0.777,5.362/L523=5.664,5.135,9.082/L524=0.100,0.055,0.086/L525=0.104,0.116,0.158; peak=L523 margin=3.720; split fraction/run=0.271/55; outer edges=8/622; body=7.0+/-6.0/714.0+/-2.0; switch onset=L522; last complete picture=L521; band bottom=L525",521,2,0
321,13821,24,260,262,262,direct,"SP recording; raw picture onset against blank/body midpoint=57.500; VBI=none; raw three-third displacement L259=0.829,0.611,0.718/L260=0.825,0.659,0.765/L261=0.822,5.860,15.117/L262=6.132,0.063,0.088; peak=L261 margin=8.985; split fraction/run=0.362/9; outer edges=7/714; body=7.0+/-3.0/714.0+/-2.0; switch onset=L261; last complete picture=L260; band bottom=L262",260,286,521,525,525,direct,"SP recording; raw first pass-through row is picture; VBI ends at L285; raw three-third displacement L522=0.872,0.614,5.611/L523=5.555,5.086,8.668/L524=0.082,0.065,0.077/L525=0.111,0.118,0.159; peak=L523 margin=3.057; split fraction/run=0.280/60; outer edges=8/617; body=7.0+/-5.7/714.0+/-2.0; switch onset=L522; last complete picture=L521; band bottom=L525",521,1,0
322,13822,24,260,262,262,direct,"SP recording; raw picture onset against blank/body midpoint=57.500; VBI=none; raw three-third displacement L259=1.195,0.669,0.766/L260=1.023,0.750,0.776/L261=1.342,5.643,14.575/L262=5.262,0.078,0.085; peak=L261 margin=9.313; split fraction/run=0.423/14; outer edges=6/714; body=7.0+/-5.0/714.0+/-2.0; switch onset=L261; last complete picture=L260; band bottom=L262",260,286,521,525,525,direct,"SP recording; raw first pass-through row is picture; VBI ends at L285; raw three-third displacement L522=1.003,0.900,6.542/L523=5.630,5.154,7.736/L524=0.094,0.062,0.081/L525=0.127,0.113,0.148; peak=L523 margin=1.194; split fraction/run=0.341/70; outer edges=5/608; body=7.0+/-4.0/714.0+/-2.0; switch onset=L522; last complete picture=L521; band bottom=L525",521,1,0
323,13823,24,259,262,262,direct,"SP recording; raw picture onset against blank/body midpoint=57.500; VBI=none; raw three-third displacement L259=1.051,0.842,0.821/L260=0.732,0.581,0.769/L261=0.919,5.290,14.703/L262=5.794,0.070,0.080; peak=L261 margin=8.909; split fraction/run=0.282/6; outer edges=7/679; body=7.0+/-5.0/714.0+/-2.0; switch onset=L260; last complete picture=L259; band bottom=L262",259,286,521,525,525,cv_inspected,"SP recording; raw first pass-through row is picture; VBI ends at L285; raw three-third displacement L522=1.820,1.340,7.408/L523=5.165,5.268,7.651/L524=0.106,0.057,0.068/L525=0.123,0.103,0.161; peak=L523 margin=0.243; split fraction/run=0.379/76; outer edges=0/602; body=7.0+/-5.0/714.0+/-2.0; switch onset=L522; last complete picture=L521; band bottom=L525; row Y(mean/std) L285=1.386/0.487 L286=142.214/32.402 L287=143.634/30.796 L521=92.677/56.627 L522=70.308/52.637 L525=8.859/0.834",521,1,0
324,13824,25,261,-1,262,direct,"SP recording; raw VBI waveform L23; intervening tape row; picture follows; raw three-third displacement L259=1.151,0.758,0.912/L260=1.027,0.661,0.779/L261=0.866,0.608,0.710/L262=1.065,5.703,15.138; peak=L262 margin=13.986; split fraction/run=0.343/17; outer edges=12/714; body=7.0+/-4.0/714.0+/-2.0; switch onset=L262; last complete picture=L261; band bottom=none at clip",261,286,521,525,525,cv_inspected,"SP recording; raw first pass-through row is picture; VBI ends at L285; raw three-third displacement L522=1.431,1.178,7.131/L523=5.127,5.412,7.579/L524=0.106,0.068,0.090/L525=0.121,0.116,0.177; peak=L523 margin=0.448; split fraction/run=0.364/74; outer edges=1/603; body=6.0+/-6.5/714.0+/-2.0; switch onset=L522; last complete picture=L521; band bottom=L525; row Y(mean/std) L285=1.386/0.487 L286=142.497/30.998 L287=145.994/30.597 L521=92.367/55.462 L522=69.133/51.459 L525=8.802/0.889",521,2,0
325,13825,25,261,-1,262,direct,"SP recording; raw VBI waveform L23; intervening tape row; picture follows; raw three-third displacement L259=0.883,0.789,0.891/L260=0.952,0.671,0.806/L261=0.783,0.719,0.794/L262=0.871,5.385,14.605; peak=L262 margin=13.653; split fraction/run=0.394/16; outer edges=9/714; body=7.0+/-3.0/714.0+/-2.0; switch onset=L262; last complete picture=L261; band bottom=none at clip",261,286,521,525,525,direct,"SP recording; raw first pass-through row is picture; VBI ends at L285; raw three-third displacement L522=0.805,0.785,5.785/L523=5.118,4.703,7.686/L524=0.098,0.069,0.081/L525=0.105,0.108,0.152; peak=L523 margin=1.901; split fraction/run=0.308/65; outer edges=6/612; body=7.0+/-5.0/714.0+/-2.0; switch onset=L522; last complete picture=L521; band bottom=L525",521,2,0
326,13826,24,259,262,262,direct,"SP recording; raw picture onset against blank/body midpoint=58.000; VBI=none; raw three-third displacement L259=0.992,0.693,0.827/L260=0.802,0.655,0.834/L261=0.778,5.470,14.276/L262=5.481,0.060,0.106; peak=L261 margin=8.796; split fraction/run=0.362/11; outer edges=7/679; body=7.0+/-5.0/714.0+/-2.0; switch onset=L260; last complete picture=L259; band bottom=L262",259,286,521,525,525,direct,"SP recording; raw first pass-through row is picture; VBI ends at L285; raw three-third displacement L522=1.360,1.302,6.509/L523=4.572,5.356,8.539/L524=0.093,0.058,0.071/L525=0.100,0.109,0.155; peak=L523 margin=2.031; split fraction/run=0.327/63; outer edges=0/614; body=7.0+/-4.7/714.0+/-2.0; switch onset=L522; last complete picture=L521; band bottom=L525",521,1,0
327,13827,24,260,262,262,direct,"SP recording; raw picture onset against blank/body midpoint=57.000; VBI=none; raw three-third displacement L259=1.131,0.620,0.939/L260=1.101,0.632,0.778/L261=0.990,5.300,14.759/L262=5.416,0.078,0.101; peak=L261 margin=9.343; split fraction/run=0.427/18; outer edges=7/714; body=7.0+/-5.0/714.0+/-2.0; switch onset=L261; last complete picture=L260; band bottom=L262",260,286,521,525,525,direct,"SP recording; raw first pass-through row is picture; VBI ends at L285; raw three-third displacement L522=0.881,0.651,4.550/L523=4.729,4.909,8.957/L524=0.105,0.056,0.065/L525=0.102,0.096,0.144; peak=L523 margin=4.407; split fraction/run=0.243/52; outer edges=8/625; body=7.0+/-4.5/714.0+/-2.0; switch onset=L522; last complete picture=L521; band bottom=L525",521,1,0
328,13828,24,260,262,262,direct,"SP recording; raw picture onset against blank/body midpoint=57.500; VBI=none; raw three-third displacement L259=1.115,0.633,0.674/L260=0.883,0.655,0.843/L261=0.761,5.279,14.198/L262=5.569,0.075,0.073; peak=L261 margin=8.629; split fraction/run=0.380/9; outer edges=8/714; body=7.0+/-5.0/714.0+/-2.0; switch onset=L261; last complete picture=L260; band bottom=L262",260,286,521,525,525,direct,"SP recording; raw first pass-through row is picture; VBI ends at L285; raw three-third displacement L522=0.940,0.980,4.812/L523=5.056,5.289,9.494/L524=0.095,0.071,0.066/L525=0.103,0.103,0.151; peak=L523 margin=4.682; split fraction/run=0.238/48; outer edges=2/629; body=7.0+/-4.5/714.0+/-2.0; switch onset=L522; last complete picture=L521; band bottom=L525",521,1,0
329,13829,24,260,262,262,direct,"SP recording; raw picture onset against blank/body midpoint=58.000; VBI=none; raw three-third displacement L259=0.903,0.625,0.568/L260=0.903,0.579,0.837/L261=0.832,5.086,13.730/L262=5.693,0.076,0.086; peak=L261 margin=8.037; split fraction/run=0.347/11; outer edges=7/714; body=7.0+/-5.0/714.0+/-2.0; switch onset=L261; last complete picture=L260; band bottom=L262",260,286,521,525,525,direct,"SP recording; raw first pass-through row is picture; VBI ends at L285; raw three-third displacement L522=1.306,1.294,4.634/L523=4.877,5.335,9.914/L524=0.100,0.065,0.074/L525=0.102,0.108,0.148; peak=L523 margin=5.280; split fraction/run=0.238/45; outer edges=1/633; body=7.0+/-5.0/714.0+/-2.0; switch onset=L522; last complete picture=L521; band bottom=L525",521,1,0
330,13830,24,260,262,262,direct,"SP recording; raw picture onset against blank/body midpoint=57.500; VBI=none; raw three-third displacement L259=0.885,0.723,0.854/L260=0.680,0.663,0.897/L261=0.820,5.412,14.404/L262=5.665,0.063,0.084; peak=L261 margin=8.739; split fraction/run=0.244/11; outer edges=7/714; body=7.0+/-5.0/714.0+/-2.0; switch onset=L261; last complete picture=L260; band bottom=L262",260,286,521,525,525,direct,"SP recording; raw first pass-through row is picture; VBI ends at L285; raw three-third displacement L522=1.214,1.271,5.130/L523=5.013,5.690,9.492/L524=0.128,0.069,0.081/L525=0.119,0.100,0.151; peak=L523 margin=4.362; split fraction/run=0.248/50; outer edges=0/627; body=7.0+/-3.0/714.0+/-2.0; switch onset=L522; last complete picture=L521; band bottom=L525",521,1,0
331,13831,24,260,262,262,direct,"SP recording; raw picture onset against blank/body midpoint=58.500; VBI=none; raw three-third displacement L259=0.634,0.759,0.688/L260=0.684,0.612,0.817/L261=0.820,5.360,14.008/L262=5.927,0.072,0.088; peak=L261 margin=8.081; split fraction/run=0.221/6; outer edges=6/714; body=7.0+/-5.0/714.0+/-2.0; switch onset=L261; last complete picture=L260; band bottom=L262",260,286,521,525,525,direct,"SP recording; raw first pass-through row is picture; VBI ends at L285; raw three-third displacement L522=1.105,1.130,5.559/L523=4.848,5.160,9.367/L524=0.088,0.067,0.071/L525=0.103,0.089,0.139; peak=L523 margin=3.809; split fraction/run=0.276/54; outer edges=0/623; body=7.0+/-5.0/714.0+/-2.0; switch onset=L522; last complete picture=L521; band bottom=L525",521,1,0
332,13832,24,259,262,262,direct,"SP recording; raw picture onset against blank/body midpoint=56.500; VBI=none; raw three-third displacement L259=0.965,0.540,0.809/L260=0.889,0.544,0.693/L261=0.940,5.508,14.232/L262=5.719,0.067,0.067; peak=L261 margin=8.513; split fraction/run=0.362/13; outer edges=8/679; body=7.0+/-2.5/714.0+/-2.0; switch onset=L260; last complete picture=L259; band bottom=L262",259,286,521,525,525,direct,"SP recording; raw first pass-through row is picture; VBI ends at L285; raw three-third displacement L522=0.783,0.739,5.056/L523=5.474,5.107,10.012/L524=0.106,0.064,0.083/L525=0.110,0.081,0.134; peak=L523 margin=4.956; split fraction/run=0.238/49; outer edges=6/628; body=7.0+/-5.0/714.0+/-2.0; switch onset=L522; last complete picture=L521; band bottom=L525",521,1,0
333,13833,24,260,262,262,direct,"SP recording; raw picture onset against blank/body midpoint=56.500; VBI=none; raw three-third displacement L259=0.854,0.659,0.827/L260=0.769,0.606,0.869/L261=1.296,5.219,14.440/L262=5.745,0.067,0.085; peak=L261 margin=8.695; split fraction/run=0.197/6; outer edges=6/714; body=7.0+/-5.0/714.0+/-2.0; switch onset=L261; last complete picture=L260; band bottom=L262",260,286,521,525,525,direct,"SP recording; raw first pass-through row is picture; VBI ends at L285; raw three-third displacement L522=0.692,0.644,5.354/L523=5.306,4.993,9.469/L524=0.099,0.064,0.083/L525=0.109,0.075,0.105; peak=L523 margin=4.115; split fraction/run=0.257/55; outer edges=8/622; body=7.0+/-4.6/714.0+/-2.0; switch onset=L522; last complete picture=L521; band bottom=L525",521,1,0
334,13834,24,260,262,262,direct,"SP recording; raw picture onset against blank/body midpoint=57.500; VBI=none; raw three-third displacement L259=0.743,0.609,0.798/L260=0.847,0.668,0.803/L261=1.161,5.677,13.942/L262=5.759,0.069,0.076; peak=L261 margin=8.184; split fraction/run=0.362/13; outer edges=6/714; body=7.0+/-3.0/714.0+/-2.0; switch onset=L261; last complete picture=L260; band bottom=L262",260,286,521,525,525,direct,"SP recording; raw first pass-through row is picture; VBI ends at L285; raw three-third displacement L522=1.005,0.670,5.699/L523=5.842,5.156,9.181/L524=0.091,0.059,0.092/L525=0.108,0.087,0.143; peak=L523 margin=3.482; split fraction/run=0.280/60; outer edges=7/617; body=7.0+/-6.0/714.0+/-2.0; switch onset=L522; last complete picture=L521; band bottom=L525",521,1,0
335,13835,24,260,262,262,direct,"SP recording; raw picture onset against blank/body midpoint=59.000; VBI=none; raw three-third displacement L259=0.879,0.555,0.726/L260=0.883,0.584,0.779/L261=1.402,5.742,15.026/L262=6.250,0.071,0.085; peak=L261 margin=8.776; split fraction/run=0.333/11; outer edges=5/714; body=7.0+/-5.0/714.0+/-2.0; switch onset=L261; last complete picture=L260; band bottom=L262",260,286,521,525,525,direct,"SP recording; raw first pass-through row is picture; VBI ends at L285; raw three-third displacement L522=1.248,0.667,5.795/L523=5.955,5.217,9.051/L524=0.098,0.055,0.073/L525=0.095,0.083,0.123; peak=L523 margin=3.256; split fraction/run=0.276/58; outer edges=7/618; body=7.0+/-3.0/714.0+/-2.0; switch onset=L522; last complete picture=L521; band bottom=L525",521,1,0
336,13836,24,260,262,262,direct,"SP recording; raw picture onset against blank/body midpoint=58.500; VBI=none; raw three-third displacement L259=0.873,0.561,0.906/L260=0.813,0.594,0.896/L261=1.513,5.701,15.368/L262=5.605,0.059,0.086; peak=L261 margin=9.763; split fraction/run=0.258/11; outer edges=8/714; body=7.0+/-4.0/714.0+/-2.0; switch onset=L261; last complete picture=L260; band bottom=L262",260,286,521,525,525,direct,"SP recording; raw first pass-through row is picture; VBI ends at L285; raw three-third displacement L522=0.741,1.067,5.687/L523=5.521,5.747,8.916/L524=0.091,0.062,0.092/L525=0.098,0.082,0.119; peak=L523 margin=3.229; split fraction/run=0.280/59; outer edges=9/619; body=7.0+/-3.0/714.0+/-2.0; switch onset=L522; last complete picture=L521; band bottom=L525",521,1,0
337,13837,24,260,262,262,direct,"SP recording; raw picture onset against blank/body midpoint=58.500; VBI=none; raw three-third displacement L259=1.019,0.660,0.835/L260=0.963,0.769,1.119/L261=1.159,5.968,14.572/L262=6.083,0.064,0.099; peak=L261 margin=8.489; split fraction/run=0.418/13; outer edges=7/714; body=7.0+/-5.0/714.0+/-2.0; switch onset=L261; last complete picture=L260; band bottom=L262",260,286,521,525,525,direct,"SP recording; raw first pass-through row is picture; VBI ends at L285; raw three-third displacement L522=1.009,0.670,4.844/L523=5.782,5.635,9.413/L524=0.109,0.061,0.085/L525=0.107,0.094,0.121; peak=L523 margin=4.570; split fraction/run=0.248/53; outer edges=7/625; body=7.0+/-3.4/714.0+/-2.0; switch onset=L522; last complete picture=L521; band bottom=L525",521,1,0
338,13838,24,260,262,262,direct,"SP recording; raw picture onset against blank/body midpoint=58.000; VBI=none; raw three-third displacement L259=0.842,0.644,0.887/L260=0.819,0.601,1.101/L261=0.982,5.882,15.088/L262=6.298,0.067,0.095; peak=L261 margin=8.790; split fraction/run=0.268/11; outer edges=6/714; body=7.0+/-5.0/714.0+/-2.0; switch onset=L261; last complete picture=L260; band bottom=L262",260,286,521,525,525,direct,"SP recording; raw first pass-through row is picture; VBI ends at L285; raw three-third displacement L522=0.810,0.681,5.063/L523=5.695,5.475,10.111/L524=0.108,0.062,0.084/L525=0.118,0.089,0.137; peak=L523 margin=5.048; split fraction/run=0.234/50; outer edges=5/627; body=7.0+/-5.0/714.0+/-2.0; switch onset=L522; last complete picture=L521; band bottom=L525",521,1,0
339,13839,24,260,262,262,direct,"SP recording; raw picture onset against blank/body midpoint=58.000; VBI=none; raw three-third displacement L259=1.045,0.698,0.992/L260=0.861,0.696,1.008/L261=1.134,6.167,15.262/L262=5.869,0.062,0.092; peak=L261 margin=9.394; split fraction/run=0.338/9; outer edges=7/714; body=7.0+/-3.0/714.0+/-2.0; switch onset=L261; last complete picture=L260; band bottom=L262",260,286,521,525,525,direct,"SP recording; raw first pass-through row is picture; VBI ends at L285; raw three-third displacement L522=1.022,0.769,5.025/L523=5.938,5.893,9.709/L524=0.100,0.066,0.084/L525=0.111,0.104,0.147; peak=L523 margin=4.684; split fraction/run=0.252/54; outer edges=9/623; body=7.0+/-4.3/714.0+/-2.0; switch onset=L522; last complete picture=L521; band bottom=L525",521,1,0
340,13840,24,260,262,262,direct,"SP recording; raw picture onset against blank/body midpoint=58.000; VBI=none; raw three-third displacement L259=0.882,0.604,0.750/L260=0.593,0.657,0.898/L261=1.146,6.199,14.680/L262=5.925,0.071,0.094; peak=L261 margin=8.756; split fraction/run=0.131/8; outer edges=7/714; body=7.0+/-3.8/714.0+/-2.0; switch onset=L261; last complete picture=L260; band bottom=L262",260,286,521,525,525,direct,"SP recording; raw first pass-through row is picture; VBI ends at L285; raw three-third displacement L522=1.014,0.519,6.542/L523=6.069,5.861,8.843/L524=0.087,0.053,0.096/L525=0.102,0.077,0.143; peak=L523 margin=2.300; split fraction/run=0.318/68; outer edges=7/609; body=7.0+/-4.4/714.0+/-2.0; switch onset=L522; last complete picture=L521; band bottom=L525",521,1,0
341,13841,24,260,262,262,direct,"SP recording; raw picture onset against blank/body midpoint=58.500; VBI=none; raw three-third displacement L259=1.007,0.852,0.828/L260=0.852,0.581,0.899/L261=1.095,5.881,15.717/L262=5.683,0.068,0.094; peak=L261 margin=10.034; split fraction/run=0.343/9; outer edges=10/714; body=7.0+/-4.0/714.0+/-2.0; switch onset=L261; last complete picture=L260; band bottom=L262",260,286,521,525,525,direct,"SP recording; raw first pass-through row is picture; VBI ends at L285; raw three-third displacement L522=1.626,1.933,9.089/L523=5.332,6.375,7.803/L524=0.126,0.073,0.083/L525=0.093,0.090,0.111; peak=L522 margin=1.286; split fraction/run=0.235/8; outer edges=6/714; body=7.0+/-5.0/714.0+/-2.0; switch onset=L522; last complete picture=L521; band bottom=L525",521,1,0
342,13842,25,261,-1,262,direct,"SP recording; raw VBI waveform L23; intervening tape row; picture follows; raw three-third displacement L259=1.025,0.722,0.781/L260=1.202,0.637,0.929/L261=0.969,0.557,0.871/L262=1.060,6.223,16.030; peak=L262 margin=14.828; split fraction/run=0.352/12; outer edges=7/714; body=7.0+/-3.0/714.0+/-2.0; switch onset=L262; last complete picture=L261; band bottom=none at clip",261,286,521,525,525,direct,"SP recording; raw first pass-through row is picture; VBI ends at L285; raw three-third displacement L522=0.917,0.776,6.746/L523=6.153,5.739,9.116/L524=0.115,0.058,0.087/L525=0.104,0.080,0.120; peak=L523 margin=2.370; split fraction/run=0.318/68; outer edges=10/609; body=7.0+/-4.0/714.0+/-2.0; switch onset=L522; last complete picture=L521; band bottom=L525",521,2,0
343,13843,24,260,262,262,direct,"SP recording; raw picture onset against blank/body midpoint=59.000; VBI=none; raw three-third displacement L259=0.862,0.833,0.794/L260=0.907,0.602,0.815/L261=1.260,6.146,15.145/L262=6.014,0.078,0.108; peak=L261 margin=9.132; split fraction/run=0.347/7; outer edges=9/714; body=7.0+/-6.0/714.0+/-2.0; switch onset=L261; last complete picture=L260; band bottom=L262",260,286,521,525,525,direct,"SP recording; raw first pass-through row is picture; VBI ends at L285; raw three-third displacement L522=0.797,0.768,7.051/L523=6.580,5.846,8.549/L524=0.111,0.056,0.093/L525=0.113,0.080,0.132; peak=L523 margin=1.497; split fraction/run=0.336/72; outer edges=8/605; body=7.0+/-5.0/714.0+/-2.0; switch onset=L522; last complete picture=L521; band bottom=L525",521,1,0
344,13844,25,261,-1,262,direct,"SP recording; raw VBI waveform L23; intervening tape row; picture follows; raw three-third displacement L259=1.130,0.727,0.781/L260=0.830,0.629,0.806/L261=0.755,0.753,0.696/L262=1.220,6.366,15.423; peak=L262 margin=14.292; split fraction/run=0.286/8; outer edges=7/714; body=7.0+/-3.0/714.0+/-2.0; switch onset=L262; last complete picture=L261; band bottom=none at clip",261,286,521,525,525,cv_inspected,"SP recording; raw first pass-through row is picture; VBI ends at L285; raw three-third displacement L522=0.922,0.693,7.713/L523=5.981,5.799,7.363/L524=0.118,0.059,0.081/L525=0.109,0.088,0.126; peak=L522 margin=0.350; split fraction/run=0.380/10; outer edges=6/714; body=7.0+/-4.0/714.0+/-2.0; switch onset=L522; last complete picture=L521; band bottom=L525; row Y(mean/std) L285=1.377/0.485 L286=146.742/31.223 L287=149.164/29.848 L521=97.033/58.567 L522=72.745/52.110 L525=10.572/0.890",521,2,0
345,13845,25,261,-1,262,direct,"SP recording; raw VBI waveform L23; intervening tape row; picture follows; raw three-third displacement L259=1.160,0.934,0.747/L260=0.888,0.972,0.780/L261=0.771,0.635,0.767/L262=1.185,6.198,15.153; peak=L262 margin=13.994; split fraction/run=0.178/6; outer edges=8/714; body=7.0+/-4.0/714.0+/-2.0; switch onset=L262; last complete picture=L261; band bottom=none at clip",261,286,521,525,525,cv_inspected,"SP recording; raw first pass-through row is picture; VBI ends at L285; raw three-third displacement L522=1.320,1.163,7.842/L523=5.774,6.109,8.231/L524=0.119,0.063,0.072/L525=0.119,0.081,0.132; peak=L523 margin=0.388; split fraction/run=0.383/76; outer edges=0/601; body=7.0+/-2.4/714.0+/-2.0; switch onset=L522; last complete picture=L521; band bottom=L525; row Y(mean/std) L285=1.370/0.483 L286=148.473/30.767 L287=148.461/30.114 L521=98.670/58.003 L522=77.097/54.214 L525=10.719/0.880",521,2,0
346,13846,25,261,-1,262,direct,"SP recording; raw VBI waveform L23; intervening tape row; picture follows; raw three-third displacement L259=1.251,0.742,0.834/L260=0.786,0.561,0.755/L261=0.861,0.612,0.690/L262=0.930,6.183,15.660; peak=L262 margin=14.410; split fraction/run=0.315/15; outer edges=9/714; body=7.0+/-2.4/714.0+/-2.0; switch onset=L262; last complete picture=L261; band bottom=none at clip",261,286,521,525,525,cv_inspected,"SP recording; raw first pass-through row is picture; VBI ends at L285; raw three-third displacement L522=0.757,0.711,7.587/L523=6.330,5.909,7.769/L524=0.104,0.062,0.091/L525=0.117,0.085,0.110; peak=L523 margin=0.182; split fraction/run=0.379/81; outer edges=10/714; body=7.0+/-5.0/714.0+/-2.0; switch onset=L522; last complete picture=L521; band bottom=L525; row Y(mean/std) L285=1.378/0.485 L286=145.300/29.990 L287=147.547/31.100 L521=99.602/58.009 L522=76.764/52.506 L525=10.744/0.887",521,2,0
347,13847,25,261,-1,262,direct,"SP recording; raw VBI waveform L23; intervening tape row; picture follows; raw three-third displacement L259=1.140,0.759,0.960/L260=0.828,0.667,0.774/L261=0.794,0.583,0.915/L262=1.189,6.397,16.093; peak=L262 margin=14.953; split fraction/run=0.277/10; outer edges=8/714; body=7.0+/-5.0/714.0+/-2.0; switch onset=L262; last complete picture=L261; band bottom=none at clip",261,286,521,525,525,cv_inspected,"SP recording; raw first pass-through row is picture; VBI ends at L285; raw three-third displacement L522=0.979,0.569,7.782/L523=5.956,6.059,7.455/L524=0.105,0.065,0.084/L525=0.118,0.084,0.124; peak=L522 margin=0.327; split fraction/run=0.366/10; outer edges=7/714; body=7.0+/-5.0/714.0+/-2.0; switch onset=L522; last complete picture=L521; band bottom=L525; row Y(mean/std) L285=1.375/0.484 L286=145.931/31.521 L287=147.900/29.952 L521=99.000/57.181 L522=75.016/52.960 L525=10.711/0.847",521,2,0
348,13848,25,261,-1,262,direct,"SP recording; raw VBI waveform L23; intervening tape row; picture follows; raw three-third displacement L259=1.446,0.762,0.723/L260=1.195,0.686,0.800/L261=1.037,0.580,0.903/L262=1.188,6.217,16.184; peak=L262 margin=14.738; split fraction/run=0.404/8; outer edges=8/714; body=7.0+/-4.5/714.0+/-2.0; switch onset=L262; last complete picture=L261; band bottom=none at clip",261,286,521,525,525,cv_inspected,"SP recording; raw first pass-through row is picture; VBI ends at L285; raw three-third displacement L522=0.938,0.608,7.795/L523=6.245,5.991,7.749/L524=0.131,0.064,0.093/L525=0.095,0.078,0.133; peak=L522 margin=0.046; split fraction/run=0.319/13; outer edges=8/714; body=7.0+/-4.1/714.0+/-2.0; switch onset=L522; last complete picture=L521; band bottom=L525; row Y(mean/std) L285=1.391/0.488 L286=146.378/29.689 L287=146.122/30.617 L521=99.675/58.389 L522=75.130/52.117 L525=10.512/0.818",521,2,0
349,13849,25,261,-1,262,direct,"SP recording; raw VBI waveform L23; intervening tape row; picture follows; raw three-third displacement L259=1.126,0.755,0.811/L260=0.983,0.544,0.841/L261=0.921,0.646,0.991/L262=1.222,5.818,15.802; peak=L262 margin=14.676; split fraction/run=0.366/7; outer edges=8/714; body=7.0+/-4.0/714.0+/-2.0; switch onset=L262; last complete picture=L261; band bottom=none at clip",261,286,521,525,525,direct,"SP recording; raw first pass-through row is picture; VBI ends at L285; raw three-third displacement L522=0.866,0.879,6.464/L523=6.352,5.510,9.335/L524=0.110,0.059,0.087/L525=0.115,0.069,0.137; peak=L523 margin=2.871; split fraction/run=0.304/65; outer edges=8/613; body=7.0+/-4.0/714.0+/-2.0; switch onset=L522; last complete picture=L521; band bottom=L525",521,2,0
350,13850,24,260,262,262,direct,"SP recording; raw picture onset against blank/body midpoint=57.500; VBI=none; raw three-third displacement L259=0.970,0.776,0.760/L260=0.878,0.538,0.962/L261=1.077,5.835,15.622/L262=5.897,0.065,0.092; peak=L261 margin=9.725; split fraction/run=0.300/10; outer edges=8/714; body=7.0+/-3.0/714.0+/-2.0; switch onset=L261; last complete picture=L260; band bottom=L262",260,286,521,525,525,direct,"SP recording; raw first pass-through row is picture; VBI ends at L285; raw three-third displacement L522=0.893,0.695,5.706/L523=6.034,5.682,10.303/L524=0.102,0.063,0.082/L525=0.100,0.074,0.111; peak=L523 margin=4.597; split fraction/run=0.257/54; outer edges=5/623; body=7.0+/-5.0/714.0+/-2.0; switch onset=L522; last complete picture=L521; band bottom=L525",521,1,0
351,13851,24,260,262,262,direct,"SP recording; raw picture onset against blank/body midpoint=57.500; VBI=none; raw three-third displacement L259=1.084,0.678,0.842/L260=0.943,0.540,0.917/L261=1.323,5.919,15.414/L262=6.346,0.056,0.097; peak=L261 margin=9.067; split fraction/run=0.296/8; outer edges=8/714; body=7.0+/-5.0/714.0+/-2.0; switch onset=L261; last complete picture=L260; band bottom=L262",260,286,521,525,525,direct,"SP recording; raw first pass-through row is picture; VBI ends at L285; raw three-third displacement L522=0.712,0.754,4.445/L523=6.281,5.611,10.933/L524=0.108,0.054,0.089/L525=0.100,0.083,0.136; peak=L523 margin=6.488; split fraction/run=0.196/42; outer edges=7/635; body=7.0+/-5.0/714.0+/-2.0; switch onset=L522; last complete picture=L521; band bottom=L525",521,1,0
352,13852,24,260,262,262,direct,"SP recording; raw picture onset against blank/body midpoint=55.500; VBI=none; raw three-third displacement L259=0.960,0.630,0.812/L260=0.926,0.593,0.711/L261=1.153,5.914,15.388/L262=6.078,0.061,0.096; peak=L261 margin=9.310; split fraction/run=0.324/7; outer edges=8/714; body=8.0+/-5.0/714.0+/-2.0; switch onset=L261; last complete picture=L260; band bottom=L262",260,286,521,525,525,direct,"SP recording; raw first pass-through row is picture; VBI ends at L285; raw three-third displacement L522=0.936,0.779,4.426/L523=6.348,5.757,10.654/L524=0.117,0.063,0.076/L525=0.113,0.077,0.117; peak=L523 margin=6.228; split fraction/run=0.201/43; outer edges=9/634; body=7.0+/-5.0/714.0+/-2.0; switch onset=L522; last complete picture=L521; band bottom=L525",521,1,0
353,13853,24,260,262,262,direct,"SP recording; raw picture onset against blank/body midpoint=55.500; VBI=none; raw three-third displacement L259=0.878,0.646,0.724/L260=0.835,0.577,0.700/L261=0.964,6.350,15.537/L262=6.166,0.066,0.086; peak=L261 margin=9.371; split fraction/run=0.362/12; outer edges=7/714; body=7.0+/-5.0/714.0+/-2.0; switch onset=L261; last complete picture=L260; band bottom=L262",260,286,521,525,525,direct,"SP recording; raw first pass-through row is picture; VBI ends at L285; raw three-third displacement L522=0.872,0.698,4.645/L523=6.243,5.606,10.682/L524=0.117,0.058,0.085/L525=0.114,0.077,0.117; peak=L523 margin=6.037; split fraction/run=0.215/46; outer edges=9/631; body=7.0+/-4.5/714.0+/-2.0; switch onset=L522; last complete picture=L521; band bottom=L525",521,1,0
354,13854,24,260,262,262,direct,"SP recording; raw picture onset against blank/body midpoint=55.000; VBI=none; raw three-third displacement L259=0.936,0.705,0.922/L260=1.080,0.661,0.946/L261=1.211,5.828,16.018/L262=6.515,0.070,0.097; peak=L261 margin=9.503; split fraction/run=0.315/10; outer edges=9/714; body=7.0+/-5.0/714.0+/-2.0; switch onset=L261; last complete picture=L260; band bottom=L262",260,286,521,525,525,direct,"SP recording; raw first pass-through row is picture; VBI ends at L285; raw three-third displacement L522=1.026,0.688,3.280/L523=6.223,5.679,12.687/L524=0.103,0.066,0.088/L525=0.123,0.078,0.135; peak=L523 margin=9.407; split fraction/run=0.131/28; outer edges=9/650; body=7.0+/-3.0/714.0+/-2.0; switch onset=L522; last complete picture=L521; band bottom=L525",521,1,0
355,13855,24,260,262,262,direct,"SP recording; raw picture onset against blank/body midpoint=55.500; VBI=none; raw three-third displacement L259=0.899,0.628,0.576/L260=0.663,0.686,0.739/L261=1.066,5.840,15.321/L262=6.242,0.067,0.094; peak=L261 margin=9.080; split fraction/run=0.258/8; outer edges=7/714; body=7.0+/-3.5/714.0+/-2.0; switch onset=L261; last complete picture=L260; band bottom=L262",260,286,521,525,525,direct,"SP recording; raw first pass-through row is picture; VBI ends at L285; raw three-third displacement L522=1.117,1.088,4.482/L523=5.986,5.720,12.013/L524=0.107,0.062,0.084/L525=0.123,0.090,0.136; peak=L523 margin=7.531; split fraction/run=0.192/36; outer edges=1/641; body=7.0+/-3.5/714.0+/-2.0; switch onset=L522; last complete picture=L521; band bottom=L525",521,1,0
356,13856,24,260,262,262,direct,"SP recording; raw picture onset against blank/body midpoint=55.000; VBI=none; raw three-third displacement L259=0.792,0.599,0.922/L260=0.792,0.651,0.756/L261=0.903,5.788,15.538/L262=6.239,0.066,0.087; peak=L261 margin=9.299; split fraction/run=0.235/5; outer edges=7/714; body=7.0+/-4.4/714.0+/-2.0; switch onset=L261; last complete picture=L260; band bottom=L262",260,286,521,525,525,direct,"SP recording; raw first pass-through row is picture; VBI ends at L285; raw three-third displacement L522=0.979,0.977,3.349/L523=5.701,5.648,12.853/L524=0.095,0.061,0.079/L525=0.112,0.081,0.123; peak=L523 margin=9.504; split fraction/run=0.141/25; outer edges=3/651; body=7.0+/-3.6/714.0+/-2.0; switch onset=L522; last complete picture=L521; band bottom=L525",521,1,0
357,13857,24,260,262,262,direct,"SP recording; raw picture onset against blank/body midpoint=55.000; VBI=none; raw three-third displacement L259=0.887,0.566,0.897/L260=0.807,0.568,0.695/L261=0.938,5.949,15.408/L262=6.966,0.072,0.085; peak=L261 margin=8.442; split fraction/run=0.277/9; outer edges=9/714; body=7.0+/-4.5/714.0+/-2.0; switch onset=L261; last complete picture=L260; band bottom=L262",260,286,521,525,525,direct,"SP recording; raw first pass-through row is picture; VBI ends at L285; raw three-third displacement L522=0.812,0.669,3.235/L523=6.218,5.495,12.102/L524=0.099,0.055,0.074/L525=0.104,0.080,0.124; peak=L523 margin=8.867; split fraction/run=0.174/28; outer edges=7/649; body=7.0+/-5.3/714.0+/-2.0; switch onset=L522; last complete picture=L521; band bottom=L525",521,1,0
358,13858,24,259,262,262,direct,"SP recording; raw picture onset against blank/body midpoint=55.000; VBI=none; raw three-third displacement L259=0.885,0.750,0.858/L260=0.882,0.802,0.790/L261=1.084,5.828,14.802/L262=5.930,0.066,0.079; peak=L261 margin=8.872; split fraction/run=0.380/9; outer edges=8/680; body=7.0+/-4.6/714.0+/-2.0; switch onset=L260; last complete picture=L259; band bottom=L262",259,286,521,525,525,direct,"SP recording; raw first pass-through row is picture; VBI ends at L285; raw three-third displacement L522=1.350,1.140,5.922/L523=5.558,5.710,10.427/L524=0.097,0.057,0.078/L525=0.110,0.076,0.118; peak=L523 margin=4.505; split fraction/run=0.277/52; outer edges=1/625; body=7.0+/-5.0/714.0+/-2.0; switch onset=L522; last complete picture=L521; band bottom=L525",521,1,0
359,13859,24,260,262,262,direct,"SP recording; raw picture onset against blank/body midpoint=55.000; VBI=none; raw three-third displacement L259=0.969,0.560,0.842/L260=0.751,0.680,1.081/L261=0.990,6.087,15.112/L262=6.670,0.056,0.089; peak=L261 margin=8.442; split fraction/run=0.249/9; outer edges=8/714; body=7.0+/-6.0/714.0+/-2.0; switch onset=L261; last complete picture=L260; band bottom=L262",260,286,521,525,525,direct,"SP recording; raw first pass-through row is picture; VBI ends at L285; raw three-third displacement L522=1.262,0.932,5.781/L523=6.054,5.538,10.161/L524=0.102,0.058,0.079/L525=0.120,0.085,0.145; peak=L523 margin=4.379; split fraction/run=0.252/54; outer edges=7/623; body=7.0+/-3.0/714.0+/-2.0; switch onset=L522; last complete picture=L521; band bottom=L525",521,1,0
360,13860,24,260,262,262,direct,"SP recording; raw picture onset against blank/body midpoint=55.500; VBI=none; raw three-third displacement L259=0.846,0.623,0.883/L260=0.748,0.555,0.919/L261=1.040,5.891,14.942/L262=6.060,0.056,0.071; peak=L261 margin=8.883; split fraction/run=0.277/11; outer edges=8/714; body=7.0+/-3.5/714.0+/-2.0; switch onset=L261; last complete picture=L260; band bottom=L262",260,286,521,525,525,direct,"SP recording; raw first pass-through row is picture; VBI ends at L285; raw three-third displacement L522=1.387,1.287,7.355/L523=5.580,5.897,8.472/L524=0.096,0.056,0.075/L525=0.119,0.073,0.127; peak=L523 margin=1.117; split fraction/run=0.364/72; outer edges=1/605; body=7.0+/-5.0/714.0+/-2.0; switch onset=L522; last complete picture=L521; band bottom=L525",521,1,0
361,13861,24,260,262,262,direct,"SP recording; raw picture onset against blank/body midpoint=54.500; VBI=none; raw three-third displacement L259=0.924,0.549,0.843/L260=0.879,0.575,0.823/L261=0.966,5.968,15.498/L262=6.198,0.061,0.087; peak=L261 margin=9.300; split fraction/run=0.300/7; outer edges=9/714; body=7.0+/-5.0/714.0+/-2.0; switch onset=L261; last complete picture=L260; band bottom=L262",260,286,521,525,525,direct,"SP recording; raw first pass-through row is picture; VBI ends at L285; raw three-third displacement L522=0.929,0.620,6.278/L523=6.116,5.382,9.847/L524=0.097,0.054,0.082/L525=0.115,0.066,0.124; peak=L523 margin=3.569; split fraction/run=0.280/60; outer edges=6/617; body=7.0+/-5.0/714.0+/-2.0; switch onset=L522; last complete picture=L521; band bottom=L525",521,1,0
362,13862,24,260,262,262,direct,"SP recording; raw picture onset against blank/body midpoint=55.000; VBI=none; raw three-third displacement L259=0.803,0.601,0.758/L260=0.741,0.722,0.707/L261=1.020,6.061,15.582/L262=6.537,0.063,0.097; peak=L261 margin=9.045; split fraction/run=0.254/8; outer edges=7/714; body=7.0+/-5.0/714.0+/-2.0; switch onset=L261; last complete picture=L260; band bottom=L262",260,286,521,525,525,direct,"SP recording; raw first pass-through row is picture; VBI ends at L285; raw three-third displacement L522=1.311,1.014,5.835/L523=5.731,5.832,11.004/L524=0.090,0.057,0.084/L525=0.101,0.069,0.112; peak=L523 margin=5.168; split fraction/run=0.262/51; outer edges=5/626; body=7.0+/-5.0/714.0+/-2.0; switch onset=L522; last complete picture=L521; band bottom=L525",521,1,0
363,13863,24,260,262,262,direct,"SP recording; raw picture onset against blank/body midpoint=55.000; VBI=none; raw three-third displacement L259=0.903,0.573,0.723/L260=0.900,0.431,0.785/L261=0.889,5.938,15.660/L262=7.039,0.062,0.084; peak=L261 margin=8.621; split fraction/run=0.343/14; outer edges=7/714; body=7.0+/-5.0/714.0+/-2.0; switch onset=L261; last complete picture=L260; band bottom=L262",260,286,521,525,525,direct,"SP recording; raw first pass-through row is picture; VBI ends at L285; raw three-third displacement L522=1.441,1.350,5.679/L523=5.696,6.015,10.717/L524=0.103,0.068,0.104/L525=0.100,0.064,0.114; peak=L523 margin=5.038; split fraction/run=0.248/49; outer edges=0/629; body=7.0+/-3.4/714.0+/-2.0; switch onset=L522; last complete picture=L521; band bottom=L525",521,1,0
364,13864,24,260,262,262,direct,"SP recording; raw picture onset against blank/body midpoint=55.000; VBI=none; raw three-third displacement L259=0.821,0.522,0.947/L260=0.949,0.608,0.929/L261=1.128,5.928,15.703/L262=6.724,0.059,0.084; peak=L261 margin=8.979; split fraction/run=0.347/11; outer edges=9/714; body=7.0+/-5.0/714.0+/-2.0; switch onset=L261; last complete picture=L260; band bottom=L262",260,286,521,525,525,direct,"SP recording; raw first pass-through row is picture; VBI ends at L285; raw three-third displacement L522=0.922,0.770,4.685/L523=6.197,5.802,10.919/L524=0.103,0.064,0.086/L525=0.099,0.077,0.133; peak=L523 margin=6.234; split fraction/run=0.210/45; outer edges=7/632; body=7.0+/-5.0/714.0+/-2.0; switch onset=L522; last complete picture=L521; band bottom=L525",521,1,0
365,13865,24,260,262,262,direct,"SP recording; raw picture onset against blank/body midpoint=55.000; VBI=none; raw three-third displacement L259=0.824,0.569,0.946/L260=0.740,0.586,0.769/L261=0.858,5.876,15.649/L262=6.386,0.059,0.084; peak=L261 margin=9.263; split fraction/run=0.310/10; outer edges=8/714; body=7.0+/-6.0/714.0+/-2.0; switch onset=L261; last complete picture=L260; band bottom=L262",260,286,521,525,525,direct,"SP recording; raw first pass-through row is picture; VBI ends at L285; raw three-third displacement L522=0.991,0.803,5.512/L523=6.101,5.915,10.492/L524=0.109,0.063,0.088/L525=0.125,0.087,0.151; peak=L523 margin=4.980; split fraction/run=0.238/51; outer edges=6/626; body=7.0+/-6.0/714.0+/-2.0; switch onset=L522; last complete picture=L521; band bottom=L525",521,1,0
366,13866,24,260,262,262,direct,"SP recording; raw picture onset against blank/body midpoint=54.500; VBI=none; raw three-third displacement L259=1.018,0.542,0.783/L260=0.908,0.664,0.771/L261=1.087,6.159,15.993/L262=6.522,0.078,0.109; peak=L261 margin=9.471; split fraction/run=0.333/8; outer edges=7/714; body=7.0+/-4.5/714.0+/-2.0; switch onset=L261; last complete picture=L260; band bottom=L262",260,286,521,525,525,direct,"SP recording; raw first pass-through row is picture; VBI ends at L285; raw three-third displacement L522=0.976,0.678,5.271/L523=6.173,5.942,11.303/L524=0.098,0.064,0.097/L525=0.102,0.070,0.151; peak=L523 margin=6.032; split fraction/run=0.234/48; outer edges=6/629; body=7.0+/-4.0/714.0+/-2.0; switch onset=L522; last complete picture=L521; band bottom=L525",521,1,0
367,13867,24,260,262,262,direct,"SP recording; raw picture onset against blank/body midpoint=55.000; VBI=none; raw three-third displacement L259=0.974,0.638,0.766/L260=0.912,0.533,0.972/L261=1.156,6.125,16.393/L262=6.554,0.066,0.105; peak=L261 margin=9.840; split fraction/run=0.310/11; outer edges=7/714; body=7.0+/-5.0/714.0+/-2.0; switch onset=L261; last complete picture=L260; band bottom=L262",260,286,521,525,525,direct,"SP recording; raw first pass-through row is picture; VBI ends at L285; raw three-third displacement L522=0.958,0.746,2.721/L523=6.517,5.608,13.417/L524=0.097,0.061,0.093/L525=0.117,0.077,0.150; peak=L523 margin=10.696; split fraction/run=0.136/21; outer edges=11/656; body=7.0+/-4.5/714.0+/-2.0; switch onset=L522; last complete picture=L521; band bottom=L525",521,1,0
368,13868,24,260,262,262,direct,"SP recording; raw picture onset against blank/body midpoint=55.000; VBI=none; raw three-third displacement L259=0.841,0.544,0.799/L260=0.908,0.496,0.765/L261=1.018,6.005,15.950/L262=6.394,0.068,0.097; peak=L261 margin=9.556; split fraction/run=0.333/10; outer edges=7/714; body=7.0+/-5.5/714.0+/-2.0; switch onset=L261; last complete picture=L260; band bottom=L262",260,286,521,525,525,direct,"SP recording; raw first pass-through row is picture; VBI ends at L285; raw three-third displacement L522=0.817,0.660,4.284/L523=5.930,5.471,12.325/L524=0.103,0.053,0.107/L525=0.111,0.070,0.135; peak=L523 margin=8.041; split fraction/run=0.235/37; outer edges=7/639; body=6.0+/-4.0/714.0+/-2.0; switch onset=L522; last complete picture=L521; band bottom=L525",521,1,0
369,13869,24,260,262,262,direct,"SP recording; raw picture onset against blank/body midpoint=54.500; VBI=none; raw three-third displacement L259=0.861,0.637,0.828/L260=0.747,0.667,0.827/L261=1.344,6.110,15.526/L262=6.525,0.069,0.090; peak=L261 margin=9.001; split fraction/run=0.207/8; outer edges=7/714; body=7.0+/-5.0/714.0+/-2.0; switch onset=L261; last complete picture=L260; band bottom=L262",260,286,521,525,525,direct,"SP recording; raw first pass-through row is picture; VBI ends at L285; raw three-third displacement L522=1.018,0.815,5.376/L523=6.181,5.780,10.735/L524=0.085,0.055,0.083/L525=0.102,0.077,0.133; peak=L523 margin=5.358; split fraction/run=0.229/49; outer edges=7/628; body=7.0+/-4.2/714.0+/-2.0; switch onset=L522; last complete picture=L521; band bottom=L525",521,1,0
370,13870,24,260,262,262,direct,"SP recording; raw picture onset against blank/body midpoint=54.500; VBI=none; raw three-third displacement L259=0.911,0.691,0.771/L260=0.852,0.711,0.838/L261=1.178,6.047,15.517/L262=5.994,0.065,0.083; peak=L261 margin=9.524; split fraction/run=0.333/8; outer edges=9/714; body=7.0+/-4.0/714.0+/-2.0; switch onset=L261; last complete picture=L260; band bottom=L262",260,286,521,525,525,direct,"SP recording; raw first pass-through row is picture; VBI ends at L285; raw three-third displacement L522=1.284,1.051,4.900/L523=5.743,6.014,11.162/L524=0.102,0.065,0.089/L525=0.124,0.081,0.159; peak=L523 margin=6.262; split fraction/run=0.239/41; outer edges=3/636; body=7.0+/-5.0/714.0+/-2.0; switch onset=L522; last complete picture=L521; band bottom=L525",521,1,0
371,13871,24,260,262,262,direct,"SP recording; raw picture onset against blank/body midpoint=55.000; VBI=none; raw three-third displacement L259=0.686,0.652,0.701/L260=0.779,0.634,0.808/L261=1.107,5.862,16.041/L262=6.396,0.069,0.096; peak=L261 margin=9.645; split fraction/run=0.272/15; outer edges=8/714; body=7.0+/-4.5/714.0+/-2.0; switch onset=L261; last complete picture=L260; band bottom=L262",260,286,521,525,525,direct,"SP recording; raw first pass-through row is picture; VBI ends at L285; raw three-third displacement L522=1.077,1.035,4.130/L523=5.889,5.863,12.258/L524=0.117,0.079,0.121/L525=0.132,0.063,0.157; peak=L523 margin=8.128; split fraction/run=0.159/34; outer edges=4/643; body=7.0+/-5.0/714.0+/-2.0; switch onset=L522; last complete picture=L521; band bottom=L525",521,1,0
372,13872,24,259,262,262,direct,"SP recording; raw picture onset against blank/body midpoint=55.000; VBI=none; raw three-third displacement L259=1.049,0.640,0.966/L260=1.087,0.614,0.945/L261=0.845,6.001,15.620/L262=6.596,0.065,0.095; peak=L261 margin=9.024; split fraction/run=0.446/18; outer edges=9/680; body=7.0+/-5.0/714.0+/-2.0; switch onset=L260; last complete picture=L259; band bottom=L262",259,286,521,525,525,direct,"SP recording; raw first pass-through row is picture; VBI ends at L285; raw three-third displacement L522=0.786,0.643,3.988/L523=6.137,5.633,11.559/L524=0.121,0.064,0.089/L525=0.110,0.080,0.128; peak=L523 margin=7.571; split fraction/run=0.178/38; outer edges=8/639; body=7.0+/-5.0/714.0+/-2.0; switch onset=L522; last complete picture=L521; band bottom=L525",521,1,0
373,13873,24,260,262,262,direct,"SP recording; raw picture onset against blank/body midpoint=55.000; VBI=none; raw three-third displacement L259=0.996,0.616,0.849/L260=0.865,0.733,0.890/L261=1.311,6.259,15.508/L262=6.270,0.072,0.082; peak=L261 margin=9.238; split fraction/run=0.300/14; outer edges=8/714; body=7.0+/-5.0/714.0+/-2.0; switch onset=L261; last complete picture=L260; band bottom=L262",260,286,521,525,525,direct,"SP recording; raw first pass-through row is picture; VBI ends at L285; raw three-third displacement L522=0.795,0.683,4.161/L523=6.557,5.961,11.852/L524=0.117,0.071,0.089/L525=0.123,0.094,0.129; peak=L523 margin=7.690; split fraction/run=0.182/39; outer edges=7/638; body=7.0+/-5.4/714.0+/-2.0; switch onset=L522; last complete picture=L521; band bottom=L525",521,1,0
374,13874,24,260,262,262,direct,"SP recording; raw picture onset against blank/body midpoint=55.500; VBI=none; raw three-third displacement L259=1.006,0.601,0.786/L260=0.973,0.508,0.786/L261=1.213,6.064,16.316/L262=6.309,0.071,0.113; peak=L261 margin=10.007; split fraction/run=0.423/13; outer edges=9/714; body=7.0+/-5.6/714.0+/-2.0; switch onset=L261; last complete picture=L260; band bottom=L262",260,286,521,525,525,direct,"SP recording; raw first pass-through row is picture; VBI ends at L285; raw three-third displacement L522=1.146,1.054,3.529/L523=6.014,5.851,12.649/L524=0.096,0.067,0.091/L525=0.114,0.098,0.153; peak=L523 margin=9.120; split fraction/run=0.188/28; outer edges=4/649; body=7.0+/-5.0/714.0+/-2.0; switch onset=L522; last complete picture=L521; band bottom=L525",521,1,0
375,13875,24,260,262,262,direct,"SP recording; raw picture onset against blank/body midpoint=55.000; VBI=none; raw three-third displacement L259=1.004,0.682,0.879/L260=0.896,0.648,1.036/L261=1.018,6.139,16.781/L262=7.064,0.066,0.086; peak=L261 margin=9.717; split fraction/run=0.286/10; outer edges=6/714; body=7.0+/-5.4/714.0+/-2.0; switch onset=L261; last complete picture=L260; band bottom=L262",260,286,521,525,525,direct,"SP recording; raw first pass-through row is picture; VBI ends at L285; raw three-third displacement L522=1.053,0.983,2.554/L523=6.263,5.944,14.016/L524=0.107,0.064,0.099/L525=0.119,0.079,0.129; peak=L523 margin=11.462; split fraction/run=0.188/15; outer edges=3/664; body=7.0+/-5.0/714.0+/-2.0; switch onset=L522; last complete picture=L521; band bottom=L525",521,1,0
376,13876,24,260,262,262,direct,"SP recording; raw picture onset against blank/body midpoint=55.000; VBI=none; raw three-third displacement L259=0.838,0.591,0.837/L260=0.802,0.698,0.873/L261=0.838,5.625,15.354/L262=6.874,0.135,0.085; peak=L261 margin=8.480; split fraction/run=0.310/11; outer edges=10/714; body=7.0+/-5.0/714.0+/-2.0; switch onset=L261; last complete picture=L260; band bottom=L262",260,286,521,525,525,cv_inspected,"SP recording; raw first pass-through row is picture; VBI ends at L285; raw three-third displacement L522=1.410,1.119,1.762/L523=6.021,6.173,15.291/L524=0.119,0.069,0.101/L525=0.103,0.085,0.120; peak=L523 margin=13.529; split fraction/run=0.160/12; outer edges=1/708; body=7.0+/-5.0/714.0+/-2.0; switch onset=L522; last complete picture=L521; band bottom=L525; row Y(mean/std) L285=1.372/0.483 L286=138.887/29.026 L287=139.664/29.868 L521=102.678/56.578 L522=99.086/57.051 L525=10.539/0.811",521,1,0
377,13877,23,259,262,262,direct,"SP recording; raw picture onset against blank/body midpoint=55.000; VBI=none; raw three-third displacement L259=0.842,0.691,0.950/L260=0.979,5.447,15.643/L261=7.016,0.973,0.109/L262=0.098,0.066,0.084; peak=L260 margin=8.627; split fraction/run=0.277/9; outer edges=8/714; body=7.0+/-6.0/714.0+/-2.0; switch onset=L260; last complete picture=L259; band bottom=L262",259,286,521,525,525,direct,"SP recording; raw first pass-through row is picture; VBI ends at L285; raw three-third displacement L522=1.272,0.640,1.007/L523=6.259,5.727,14.589/L524=0.092,0.067,0.092/L525=0.105,0.075,0.124; peak=L523 margin=13.317; split fraction/run=0.146/9; outer edges=7/678; body=7.0+/-5.0/714.0+/-2.0; switch onset=L522; last complete picture=L521; band bottom=L525",521,0,0
378,13878,23,259,262,262,direct,"SP recording; raw picture onset against blank/body midpoint=54.500; VBI=none; raw three-third displacement L259=0.852,0.620,0.682/L260=1.154,5.412,15.940/L261=6.398,1.364,0.110/L262=0.117,0.064,0.097; peak=L260 margin=9.541; split fraction/run=0.357/12; outer edges=8/714; body=7.0+/-5.0/714.0+/-2.0; switch onset=L260; last complete picture=L259; band bottom=L262",259,286,521,525,525,direct,"SP recording; raw first pass-through row is picture; VBI ends at L285; raw three-third displacement L522=1.775,1.834,3.328/L523=5.215,6.341,14.332/L524=0.121,0.064,0.086/L525=0.111,0.081,0.134; peak=L523 margin=11.005; split fraction/run=0.305/23; outer edges=10/697; body=7.0+/-5.0/714.0+/-2.0; switch onset=L522; last complete picture=L521; band bottom=L525",521,0,0
379,13879,23,259,262,262,direct,"SP recording; raw picture onset against blank/body midpoint=56.500; VBI=none; raw three-third displacement L259=0.722,0.614,0.889/L260=1.171,5.154,16.030/L261=6.906,1.538,0.102/L262=0.121,0.066,0.095; peak=L260 margin=9.123; split fraction/run=0.230/9; outer edges=8/714; body=7.0+/-5.0/714.0+/-2.0; switch onset=L260; last complete picture=L259; band bottom=L262",259,286,521,525,525,direct,"SP recording; raw first pass-through row is picture; VBI ends at L285; raw three-third displacement L522=0.947,0.713,0.982/L523=7.110,5.919,16.792/L524=0.101,0.074,0.098/L525=0.095,0.077,0.158; peak=L523 margin=15.809; split fraction/run=0.127/8; outer edges=7/678; body=7.0+/-5.0/714.0+/-2.0; switch onset=L522; last complete picture=L521; band bottom=L525",521,0,0
380,13880,23,259,262,262,direct,"SP recording; raw picture onset against blank/body midpoint=56.500; VBI=none; raw three-third displacement L259=0.814,0.556,0.800/L260=1.073,4.984,17.648/L261=7.341,1.782,0.104/L262=0.109,0.067,0.100; peak=L260 margin=10.308; split fraction/run=0.315/10; outer edges=9/714; body=7.0+/-5.0/714.0+/-2.0; switch onset=L260; last complete picture=L259; band bottom=L262",259,286,521,525,525,direct,"SP recording; raw first pass-through row is picture; VBI ends at L285; raw three-third displacement L522=1.120,1.256,1.886/L523=6.583,6.323,15.771/L524=0.133,0.071,0.106/L525=0.124,0.093,0.147; peak=L523 margin=13.886; split fraction/run=0.131/8; outer edges=2/673; body=7.0+/-4.5/714.0+/-2.0; switch onset=L522; last complete picture=L521; band bottom=L525",521,0,0
381,13881,23,259,262,262,direct,"SP recording; raw picture onset against blank/body midpoint=57.000; VBI=none; raw three-third displacement L259=1.041,0.542,0.853/L260=1.029,4.810,17.367/L261=7.615,1.807,0.106/L262=0.119,0.071,0.088; peak=L260 margin=9.752; split fraction/run=0.418/14; outer edges=10/714; body=7.0+/-5.0/714.0+/-2.0; switch onset=L260; last complete picture=L259; band bottom=L262",259,286,522,525,525,direct,"SP recording; raw first pass-through row is picture; VBI ends at L285; raw three-third displacement L522=0.914,0.601,0.888/L523=7.339,5.619,17.227/L524=0.113,0.055,0.091/L525=0.124,0.071,0.153; peak=L523 margin=16.313; split fraction/run=0.131/8; outer edges=9/714; body=7.0+/-5.0/714.0+/-2.0; switch onset=L523; last complete picture=L522; band bottom=L525",522,0,0
382,13882,23,259,262,262,direct,"SP recording; raw picture onset against blank/body midpoint=57.500; VBI=none; raw three-third displacement L259=0.891,0.573,1.036/L260=1.247,4.285,17.928/L261=6.849,1.992,0.148/L262=0.124,0.067,0.123; peak=L260 margin=11.079; split fraction/run=0.244/11; outer edges=9/714; body=7.0+/-5.0/714.0+/-2.0; switch onset=L260; last complete picture=L259; band bottom=L262",259,286,522,525,525,direct,"SP recording; raw first pass-through row is picture; VBI ends at L285; raw three-third displacement L522=1.039,0.687,1.067/L523=7.073,5.814,17.565/L524=0.113,0.064,0.120/L525=0.114,0.084,0.170; peak=L523 margin=16.498; split fraction/run=0.155/15; outer edges=7/714; body=8.0+/-3.0/714.0+/-2.0; switch onset=L523; last complete picture=L522; band bottom=L525",522,0,0
383,13883,23,259,262,262,direct,"SP recording; raw picture onset against blank/body midpoint=57.500; VBI=none; raw three-third displacement L259=0.975,0.591,0.724/L260=1.070,4.462,17.843/L261=6.721,2.019,0.139/L262=0.116,0.069,0.105; peak=L260 margin=11.123; split fraction/run=0.357/8; outer edges=7/714; body=7.0+/-6.0/714.0+/-2.0; switch onset=L260; last complete picture=L259; band bottom=L262",259,286,522,525,525,direct,"SP recording; raw first pass-through row is picture; VBI ends at L285; raw three-third displacement L522=0.841,0.658,1.017/L523=7.023,5.475,17.427/L524=0.108,0.068,0.110/L525=0.116,0.075,0.147; peak=L523 margin=16.410; split fraction/run=0.080/10; outer edges=7/714; body=8.0+/-4.0/714.0+/-2.0; switch onset=L523; last complete picture=L522; band bottom=L525",522,0,0
384,13884,23,259,262,262,direct,"SP recording; raw picture onset against blank/body midpoint=59.000; VBI=none; raw three-third displacement L259=1.006,0.666,0.946/L260=1.109,4.582,18.412/L261=7.783,1.971,0.148/L262=0.126,0.067,0.131; peak=L260 margin=10.629; split fraction/run=0.324/9; outer edges=8/714; body=7.0+/-5.0/714.0+/-2.0; switch onset=L260; last complete picture=L259; band bottom=L262",259,286,522,525,525,direct,"SP recording; raw first pass-through row is picture; VBI ends at L285; raw three-third displacement L522=0.842,0.655,1.023/L523=7.078,5.267,16.857/L524=0.129,0.078,0.095/L525=0.115,0.086,0.141; peak=L523 margin=15.834; split fraction/run=0.113/8; outer edges=8/714; body=7.0+/-4.0/714.0+/-2.0; switch onset=L523; last complete picture=L522; band bottom=L525",522,0,0
385,13885,23,259,262,262,direct,"SP recording; raw picture onset against blank/body midpoint=59.000; VBI=none; raw three-third displacement L259=0.791,0.692,0.996/L260=1.253,4.760,18.198/L261=7.399,1.844,0.141/L262=0.124,0.059,0.097; peak=L260 margin=10.799; split fraction/run=0.258/7; outer edges=8/714; body=7.0+/-6.0/714.0+/-2.0; switch onset=L260; last complete picture=L259; band bottom=L262",259,286,521,525,525,cv_inspected,"SP recording; raw first pass-through row is picture; VBI ends at L285; raw three-third displacement L522=1.173,1.243,1.853/L523=7.501,5.874,17.406/L524=0.123,0.068,0.106/L525=0.124,0.091,0.174; peak=L523 margin=15.552; split fraction/run=0.075/8; outer edges=3/711; body=7.0+/-5.0/714.0+/-2.0; switch onset=L522; last complete picture=L521; band bottom=L525; row Y(mean/std) L285=1.372/0.483 L286=143.700/30.025 L287=143.767/30.219 L521=103.550/58.105 L522=102.166/58.348 L525=10.256/1.022",521,0,0
386,13886,23,259,262,262,direct,"SP recording; raw picture onset against blank/body midpoint=60.000; VBI=none; raw three-third displacement L259=0.734,0.608,0.926/L260=0.879,4.525,17.569/L261=7.555,1.880,0.126/L262=0.098,0.070,0.112; peak=L260 margin=10.014; split fraction/run=0.272/12; outer edges=8/714; body=8.0+/-4.0/714.0+/-2.0; switch onset=L260; last complete picture=L259; band bottom=L262",259,286,521,525,525,direct,"SP recording; raw first pass-through row is picture; VBI ends at L285; raw three-third displacement L522=1.757,1.846,3.574/L523=6.931,5.858,17.336/L524=0.136,0.083,0.119/L525=0.116,0.084,0.143; peak=L523 margin=13.762; split fraction/run=0.146/19; outer edges=12/663; body=7.0+/-5.0/714.0+/-2.0; switch onset=L522; last complete picture=L521; band bottom=L525",521,0,0
387,13887,23,259,262,262,direct,"SP recording; raw picture onset against blank/body midpoint=57.000; VBI=none; raw three-third displacement L259=0.832,0.752,0.925/L260=1.060,4.831,18.262/L261=8.630,1.142,0.120/L262=0.130,0.065,0.114; peak=L260 margin=9.631; split fraction/run=0.225/8; outer edges=8/714; body=7.0+/-4.0/714.0+/-2.0; switch onset=L260; last complete picture=L259; band bottom=L262",259,286,521,525,525,direct,"SP recording; raw first pass-through row is picture; VBI ends at L285; raw three-third displacement L522=1.094,1.165,1.932/L523=7.753,5.474,16.173/L524=0.146,0.066,0.108/L525=0.113,0.072,0.111; peak=L523 margin=14.240; split fraction/run=0.113/12; outer edges=1/673; body=7.0+/-5.0/714.0+/-2.0; switch onset=L522; last complete picture=L521; band bottom=L525",521,0,0
388,13888,23,259,262,262,direct,"SP recording; raw picture onset against blank/body midpoint=57.500; VBI=none; raw three-third displacement L259=1.096,0.648,0.889/L260=1.195,4.602,17.828/L261=8.520,1.064,0.112/L262=0.111,0.062,0.104; peak=L260 margin=9.308; split fraction/run=0.329/9; outer edges=9/714; body=7.0+/-6.0/714.0+/-2.0; switch onset=L260; last complete picture=L259; band bottom=L262",259,286,521,525,525,direct,"SP recording; raw first pass-through row is picture; VBI ends at L285; raw three-third displacement L522=1.586,1.971,3.161/L523=7.676,5.999,17.044/L524=0.101,0.072,0.090/L525=0.119,0.084,0.133; peak=L523 margin=13.883; split fraction/run=0.122/12; outer edges=13/664; body=7.0+/-4.0/714.0+/-2.0; switch onset=L522; last complete picture=L521; band bottom=L525",521,0,0
389,13889,23,259,262,262,direct,"SP recording; raw picture onset against blank/body midpoint=57.500; VBI=none; raw three-third displacement L259=1.034,0.663,0.858/L260=1.426,5.160,17.478/L261=8.582,1.495,0.101/L262=0.119,0.065,0.093; peak=L260 margin=8.896; split fraction/run=0.239/10; outer edges=8/714; body=7.0+/-5.0/714.0+/-2.0; switch onset=L260; last complete picture=L259; band bottom=L262",259,286,521,525,525,direct,"SP recording; raw first pass-through row is picture; VBI ends at L285; raw three-third displacement L522=1.472,1.340,2.216/L523=8.411,6.160,17.595/L524=0.155,0.078,0.117/L525=0.125,0.092,0.151; peak=L523 margin=15.379; split fraction/run=0.131/13; outer edges=0/707; body=7.0+/-5.0/714.0+/-2.0; switch onset=L522; last complete picture=L521; band bottom=L525",521,0,0
390,13890,23,259,262,262,direct,"SP recording; raw picture onset against blank/body midpoint=57.000; VBI=none; raw three-third displacement L259=1.102,0.892,0.884/L260=1.061,5.122,18.005/L261=8.732,1.229,0.139/L262=0.140,0.068,0.123; peak=L260 margin=9.273; split fraction/run=0.296/7; outer edges=8/714; body=7.0+/-6.0/714.0+/-2.0; switch onset=L260; last complete picture=L259; band bottom=L262",259,286,522,525,525,direct,"SP recording; raw first pass-through row is picture; VBI ends at L285; raw three-third displacement L522=1.126,0.768,0.998/L523=8.703,5.500,16.676/L524=0.144,0.071,0.101/L525=0.135,0.087,0.146; peak=L523 margin=15.550; split fraction/run=0.080/8; outer edges=7/714; body=7.0+/-5.6/714.0+/-2.0; switch onset=L523; last complete picture=L522; band bottom=L525",522,0,0
391,13891,23,259,262,262,direct,"SP recording; raw picture onset against blank/body midpoint=56.500; VBI=none; raw three-third displacement L259=1.156,1.063,1.153/L260=1.510,5.795,18.179/L261=8.389,0.859,0.122/L262=0.139,0.061,0.107; peak=L260 margin=9.790; split fraction/run=0.399/10; outer edges=8/714; body=7.0+/-5.0/714.0+/-2.0; switch onset=L260; last complete picture=L259; band bottom=L262",259,286,521,525,525,cv_inspected,"SP recording; raw first pass-through row is picture; VBI ends at L285; raw three-third displacement L522=2.306,1.594,1.882/L523=12.383,5.701,16.493/L524=0.118,0.059,0.093/L525=0.122,0.090,0.142; peak=L523 margin=14.188; split fraction/run=0.122/17; outer edges=1/709; body=7.0+/-5.0/714.0+/-2.0; switch onset=L522; last complete picture=L521; band bottom=L525; row Y(mean/std) L285=1.359/0.480 L286=143.613/30.709 L287=143.492/29.766 L521=116.375/49.038 L522=112.136/50.575 L525=10.456/0.885",521,0,0
392,13892,23,259,262,262,direct,"SP recording; raw picture onset against blank/body midpoint=57.000; VBI=none; raw three-third displacement L259=1.049,0.767,0.868/L260=1.045,5.419,16.505/L261=12.375,0.580,0.116/L262=0.131,0.063,0.099; peak=L260 margin=4.130; split fraction/run=0.408/9; outer edges=8/714; body=8.0+/-5.0/714.0+/-2.0; switch onset=L260; last complete picture=L259; band bottom=L262",259,286,522,525,525,direct,"SP recording; raw first pass-through row is picture; VBI ends at L285; raw three-third displacement L522=1.014,0.841,0.856/L523=12.049,5.459,16.264/L524=0.122,0.063,0.100/L525=0.104,0.087,0.140; peak=L523 margin=15.250; split fraction/run=0.103/18; outer edges=8/714; body=7.0+/-5.0/714.0+/-2.0; switch onset=L523; last complete picture=L522; band bottom=L525",522,0,0
393,13893,23,258,262,262,direct,"SP recording; raw picture onset against blank/body midpoint=56.500; VBI=none; raw three-third displacement L259=0.984,0.701,0.982/L260=2.182,6.219,17.918/L261=13.226,0.361,0.100/L262=0.131,0.058,0.095; peak=L260 margin=4.692; split fraction/run=0.225/8; outer edges=8/679; body=8.0+/-4.0/714.0+/-2.0; switch onset=L259; last complete picture=L258; band bottom=L262",258,286,521,525,525,direct,"SP recording; raw first pass-through row is picture; VBI ends at L285; raw three-third displacement L522=1.921,1.389,1.690/L523=12.320,5.731,16.674/L524=0.105,0.057,0.104/L525=0.123,0.089,0.142; peak=L523 margin=14.753; split fraction/run=0.085/9; outer edges=3/707; body=7.0+/-5.0/714.0+/-2.0; switch onset=L522; last complete picture=L521; band bottom=L525",521,0,0
394,13894,23,259,262,262,direct,"SP recording; raw picture onset against blank/body midpoint=56.500; VBI=none; raw three-third displacement L259=1.003,1.024,0.975/L260=1.156,5.677,16.839/L261=8.877,0.269,0.128/L262=0.108,0.058,0.082; peak=L260 margin=7.962; split fraction/run=0.268/7; outer edges=8/714; body=8.0+/-4.0/714.0+/-2.0; switch onset=L260; last complete picture=L259; band bottom=L262",259,286,521,525,525,direct,"SP recording; raw first pass-through row is picture; VBI ends at L285; raw three-third displacement L522=1.492,0.714,1.190/L523=8.317,5.338,16.285/L524=0.119,0.072,0.091/L525=0.147,0.064,0.117; peak=L523 margin=14.794; split fraction/run=0.141/13; outer edges=8/679; body=7.0+/-5.0/714.0+/-2.0; switch onset=L522; last complete picture=L521; band bottom=L525",521,0,0
395,13895,24,260,262,262,direct,"SP recording; raw picture onset against blank/body midpoint=56.500; VBI=none; raw three-third displacement L259=1.577,1.184,0.854/L260=1.180,1.214,0.936/L261=1.525,5.584,16.944/L262=9.204,0.117,0.123; peak=L261 margin=7.740; split fraction/run=0.333/9; outer edges=10/714; body=7.0+/-5.0/714.0+/-2.0; switch onset=L261; last complete picture=L260; band bottom=L262",260,286,521,525,525,direct,"SP recording; raw first pass-through row is picture; VBI ends at L285; raw three-third displacement L522=1.464,0.915,1.048/L523=8.121,5.369,16.276/L524=0.103,0.056,0.093/L525=0.117,0.066,0.114; peak=L523 margin=14.812; split fraction/run=0.122/13; outer edges=9/680; body=7.0+/-5.0/714.0+/-2.0; switch onset=L522; last complete picture=L521; band bottom=L525",521,1,0
396,13896,24,260,262,262,direct,"SP recording; raw picture onset against blank/body midpoint=56.500; VBI=none; raw three-third displacement L259=1.490,1.302,0.967/L260=1.062,1.089,0.820/L261=1.262,5.518,16.774/L262=9.021,0.346,0.121; peak=L261 margin=7.753; split fraction/run=0.357/10; outer edges=11/714; body=7.0+/-5.0/714.0+/-2.0; switch onset=L261; last complete picture=L260; band bottom=L262",260,286,521,525,525,direct,"SP recording; raw first pass-through row is picture; VBI ends at L285; raw three-third displacement L522=0.814,0.779,0.871/L523=7.841,5.561,16.705/L524=0.112,0.071,0.093/L525=0.099,0.067,0.112; peak=L523 margin=15.834; split fraction/run=0.070/7; outer edges=9/680; body=7.0+/-5.0/714.0+/-2.0; switch onset=L522; last complete picture=L521; band bottom=L525",521,1,0
397,13897,24,260,262,262,direct,"SP recording; raw picture onset against blank/body midpoint=56.000; VBI=none; raw three-third displacement L259=0.989,1.221,0.764/L260=0.866,0.953,0.813/L261=1.162,5.689,16.963/L262=8.117,0.092,0.104; peak=L261 margin=8.846; split fraction/run=0.343/8; outer edges=7/714; body=7.0+/-5.0/714.0+/-2.0; switch onset=L261; last complete picture=L260; band bottom=L262",260,286,521,525,525,direct,"SP recording; raw first pass-through row is picture; VBI ends at L285; raw three-third displacement L522=1.415,1.414,2.158/L523=7.630,6.007,16.154/L524=0.127,0.067,0.107/L525=0.129,0.066,0.105; peak=L523 margin=13.997; split fraction/run=0.160/12; outer edges=1/672; body=7.0+/-6.0/714.0+/-2.0; switch onset=L522; last complete picture=L521; band bottom=L525",521,1,0
398,13898,24,260,262,262,direct,"SP recording; raw picture onset against blank/body midpoint=55.500; VBI=none; raw three-third displacement L259=0.829,1.185,0.898/L260=0.773,0.938,0.808/L261=1.156,5.903,17.280/L262=7.947,0.101,0.096; peak=L261 margin=9.333; split fraction/run=0.305/15; outer edges=8/714; body=7.0+/-5.5/714.0+/-2.0; switch onset=L261; last complete picture=L260; band bottom=L262",260,286,521,525,525,direct,"SP recording; raw first pass-through row is picture; VBI ends at L285; raw three-third displacement L522=0.956,0.718,1.166/L523=7.255,5.309,17.001/L524=0.088,0.057,0.105/L525=0.115,0.072,0.116; peak=L523 margin=15.836; split fraction/run=0.117/15; outer edges=7/681; body=8.0+/-4.0/714.0+/-2.0; switch onset=L522; last complete picture=L521; band bottom=L525",521,1,0
399,13899,24,260,262,262,direct,"SP recording; raw picture onset against blank/body midpoint=55.500; VBI=none; raw three-third displacement L259=0.892,0.839,1.001/L260=0.749,0.912,1.044/L261=0.883,5.608,18.220/L262=8.214,0.111,0.107; peak=L261 margin=10.006; split fraction/run=0.272/8; outer edges=8/714; body=7.0+/-4.7/714.0+/-2.0; switch onset=L261; last complete picture=L260; band bottom=L262",260,286,521,525,525,direct,"SP recording; raw first pass-through row is picture; VBI ends at L285; raw three-third displacement L522=1.593,1.591,1.776/L523=7.181,5.739,16.255/L524=0.139,0.063,0.095/L525=0.114,0.065,0.107; peak=L523 margin=14.479; split fraction/run=0.169/14; outer edges=1/674; body=7.0+/-5.0/714.0+/-2.0; switch onset=L522; last complete picture=L521; band bottom=L525",521,1,0
400,13900,24,260,262,262,direct,"SP recording; raw picture onset against blank/body midpoint=55.000; VBI=none; raw three-third displacement L259=0.828,0.969,0.795/L260=0.914,1.083,0.921/L261=0.958,5.945,17.759/L262=7.971,0.073,0.107; peak=L261 margin=9.788; split fraction/run=0.319/11; outer edges=8/714; body=7.0+/-5.7/714.0+/-2.0; switch onset=L261; last complete picture=L260; band bottom=L262",260,286,521,525,525,direct,"SP recording; raw first pass-through row is picture; VBI ends at L285; raw three-third displacement L522=1.273,1.276,3.003/L523=7.085,5.444,15.783/L524=0.101,0.063,0.090/L525=0.101,0.059,0.105; peak=L523 margin=12.781; split fraction/run=0.146/14; outer edges=1/663; body=7.0+/-4.7/714.0+/-2.0; switch onset=L522; last complete picture=L521; band bottom=L525",521,1,0
401,13901,24,260,262,262,direct,"SP recording; raw picture onset against blank/body midpoint=55.500; VBI=none; raw three-third displacement L259=1.065,0.799,0.838/L260=0.824,0.859,0.740/L261=0.959,5.698,17.215/L262=7.960,0.070,0.086; peak=L261 margin=9.255; split fraction/run=0.268/12; outer edges=9/714; body=7.0+/-6.0/714.0+/-2.0; switch onset=L261; last complete picture=L260; band bottom=L262",260,286,521,525,525,direct,"SP recording; raw first pass-through row is picture; VBI ends at L285; raw three-third displacement L522=1.236,0.845,3.951/L523=9.577,6.152,13.886/L524=0.125,0.058,0.108/L525=0.116,0.080,0.119; peak=L523 margin=9.935; split fraction/run=0.145/31; outer edges=9/646; body=7.0+/-5.0/714.0+/-2.0; switch onset=L522; last complete picture=L521; band bottom=L525",521,1,0
402,13902,24,260,262,262,direct,"SP recording; raw picture onset against blank/body midpoint=55.500; VBI=none; raw three-third displacement L259=1.507,1.047,0.894/L260=1.015,0.773,1.050/L261=2.762,6.135,17.597/L262=7.771,0.057,0.096; peak=L261 margin=9.826; split fraction/run=0.277/8; outer edges=9/714; body=7.0+/-4.0/714.0+/-2.0; switch onset=L261; last complete picture=L260; band bottom=L262",260,286,521,525,525,direct,"SP recording; raw first pass-through row is picture; VBI ends at L285; raw three-third displacement L522=1.649,1.725,5.598/L523=8.625,6.063,12.214/L524=0.113,0.060,0.102/L525=0.097,0.070,0.122; peak=L523 margin=6.616; split fraction/run=0.224/46; outer edges=1/630; body=8.0+/-4.0/714.0+/-2.0; switch onset=L522; last complete picture=L521; band bottom=L525",521,1,0
403,13903,24,260,262,262,direct,"SP recording; raw picture onset against blank/body midpoint=55.500; VBI=none; raw three-third displacement L259=1.116,1.090,0.870/L260=0.853,0.695,0.928/L261=2.433,6.100,17.873/L262=7.977,0.059,0.101; peak=L261 margin=9.896; split fraction/run=0.221/7; outer edges=8/714; body=7.0+/-5.0/714.0+/-2.0; switch onset=L261; last complete picture=L260; band bottom=L262",260,286,521,525,525,direct,"SP recording; raw first pass-through row is picture; VBI ends at L285; raw three-third displacement L522=1.302,0.817,4.683/L523=9.686,5.806,13.108/L524=0.114,0.062,0.098/L525=0.110,0.071,0.108; peak=L523 margin=8.424; split fraction/run=0.173/37; outer edges=7/640; body=7.0+/-4.0/714.0+/-2.0; switch onset=L522; last complete picture=L521; band bottom=L525",521,1,0
404,13904,24,260,262,262,direct,"SP recording; raw picture onset against blank/body midpoint=56.000; VBI=none; raw three-third displacement L259=1.531,0.847,0.994/L260=1.300,1.144,0.854/L261=3.421,6.271,17.181/L262=8.191,0.054,0.098; peak=L261 margin=8.990; split fraction/run=0.390/13; outer edges=5/714; body=7.0+/-5.0/714.0+/-2.0; switch onset=L261; last complete picture=L260; band bottom=L262",260,286,521,525,525,direct,"SP recording; raw first pass-through row is picture; VBI ends at L285; raw three-third displacement L522=1.179,1.018,5.490/L523=10.037,5.808,12.712/L524=0.101,0.062,0.092/L525=0.101,0.061,0.107; peak=L523 margin=7.221; split fraction/run=0.215/46; outer edges=6/631; body=7.0+/-5.0/714.0+/-2.0; switch onset=L522; last complete picture=L521; band bottom=L525",521,1,0
405,13905,24,260,262,262,direct,"SP recording; raw picture onset against blank/body midpoint=55.500; VBI=none; raw three-third displacement L259=1.107,0.855,0.973/L260=1.117,1.001,0.871/L261=3.178,6.165,17.555/L262=8.388,0.061,0.094; peak=L261 margin=9.167; split fraction/run=0.315/10; outer edges=9/714; body=7.0+/-5.0/714.0+/-2.0; switch onset=L261; last complete picture=L260; band bottom=L262",260,286,521,525,525,direct,"SP recording; raw first pass-through row is picture; VBI ends at L285; raw three-third displacement L522=1.676,1.892,5.065/L523=10.031,5.798,13.353/L524=0.118,0.058,0.098/L525=0.122,0.076,0.109; peak=L523 margin=8.288; split fraction/run=0.182/37; outer edges=0/640; body=7.0+/-5.0/714.0+/-2.0; switch onset=L522; last complete picture=L521; band bottom=L525",521,1,0
406,13906,24,260,262,262,direct,"SP recording; raw picture onset against blank/body midpoint=56.500; VBI=none; raw three-third displacement L259=1.260,0.907,0.864/L260=1.269,0.977,0.948/L261=3.493,6.231,17.052/L262=8.981,0.063,0.097; peak=L261 margin=8.070; split fraction/run=0.263/11; outer edges=8/714; body=8.0+/-4.0/714.0+/-2.0; switch onset=L261; last complete picture=L260; band bottom=L262",260,286,521,525,525,direct,"SP recording; raw first pass-through row is picture; VBI ends at L285; raw three-third displacement L522=2.484,1.768,5.358/L523=10.052,5.671,13.844/L524=0.112,0.063,0.094/L525=0.130,0.071,0.119; peak=L523 margin=8.486; split fraction/run=0.173/37; outer edges=0/640; body=7.0+/-5.0/714.0+/-2.0; switch onset=L522; last complete picture=L521; band bottom=L525",521,1,0
407,13907,24,260,262,262,direct,"SP recording; raw picture onset against blank/body midpoint=56.000; VBI=none; raw three-third displacement L259=1.212,1.027,0.965/L260=1.180,0.974,0.854/L261=2.838,6.084,17.955/L262=9.403,0.060,0.112; peak=L261 margin=8.552; split fraction/run=0.254/8; outer edges=8/714; body=8.0+/-4.0/714.0+/-2.0; switch onset=L261; last complete picture=L260; band bottom=L262",260,286,521,525,525,direct,"SP recording; raw first pass-through row is picture; VBI ends at L285; raw three-third displacement L522=2.017,1.586,4.842/L523=9.918,5.518,13.827/L524=0.117,0.056,0.093/L525=0.102,0.074,0.119; peak=L523 margin=8.985; split fraction/run=0.168/34; outer edges=2/643; body=7.0+/-5.0/714.0+/-2.0; switch onset=L522; last complete picture=L521; band bottom=L525",521,1,0
408,13908,24,260,262,262,direct,"SP recording; raw picture onset against blank/body midpoint=56.000; VBI=none; raw three-third displacement L259=1.322,0.922,0.774/L260=0.941,0.897,0.743/L261=2.527,6.131,17.017/L262=8.845,0.060,0.103; peak=L261 margin=8.172; split fraction/run=0.207/10; outer edges=9/714; body=8.0+/-4.0/714.0+/-2.0; switch onset=L261; last complete picture=L260; band bottom=L262",260,286,521,525,525,direct,"SP recording; raw first pass-through row is picture; VBI ends at L285; raw three-third displacement L522=1.037,0.897,5.625/L523=9.934,5.541,11.941/L524=0.107,0.063,0.104/L525=0.143,0.069,0.119; peak=L523 margin=6.316; split fraction/run=0.234/48; outer edges=9/629; body=7.0+/-5.0/714.0+/-2.0; switch onset=L522; last complete picture=L521; band bottom=L525",521,1,0
409,13909,24,260,262,262,direct,"SP recording; raw picture onset against blank/body midpoint=55.500; VBI=none; raw three-third displacement L259=1.311,1.056,0.783/L260=0.976,1.026,0.711/L261=1.611,6.508,17.596/L262=9.101,0.063,0.097; peak=L261 margin=8.495; split fraction/run=0.263/16; outer edges=7/714; body=7.0+/-5.0/714.0+/-2.0; switch onset=L261; last complete picture=L260; band bottom=L262",260,286,521,525,525,direct,"SP recording; raw first pass-through row is picture; VBI ends at L285; raw three-third displacement L522=1.351,1.917,6.707/L523=8.825,6.668,12.450/L524=0.110,0.068,0.092/L525=0.122,0.088,0.123; peak=L523 margin=5.743; split fraction/run=0.248/50; outer edges=0/627; body=7.0+/-5.0/714.0+/-2.0; switch onset=L522; last complete picture=L521; band bottom=L525",521,1,0
410,13910,24,260,262,262,direct,"SP recording; raw picture onset against blank/body midpoint=55.500; VBI=none; raw three-third displacement L259=1.063,1.063,0.788/L260=1.169,1.231,0.834/L261=1.241,6.408,18.312/L262=9.525,0.068,0.097; peak=L261 margin=8.787; split fraction/run=0.329/6; outer edges=7/714; body=8.0+/-5.0/714.0+/-2.0; switch onset=L261; last complete picture=L260; band bottom=L262",260,286,521,525,525,direct,"SP recording; raw first pass-through row is picture; VBI ends at L285; raw three-third displacement L522=1.200,0.980,5.019/L523=9.601,6.233,13.342/L524=0.113,0.070,0.094/L525=0.141,0.070,0.106; peak=L523 margin=8.322; split fraction/run=0.187/40; outer edges=10/637; body=7.0+/-5.0/714.0+/-2.0; switch onset=L522; last complete picture=L521; band bottom=L525",521,1,0
411,13911,24,260,262,262,direct,"SP recording; raw picture onset against blank/body midpoint=56.000; VBI=none; raw three-third displacement L259=1.050,1.066,0.963/L260=0.951,0.979,0.819/L261=1.678,6.586,17.525/L262=8.970,0.071,0.096; peak=L261 margin=8.555; split fraction/run=0.235/8; outer edges=8/714; body=7.0+/-5.0/714.0+/-2.0; switch onset=L261; last complete picture=L260; band bottom=L262",260,286,521,525,525,direct,"SP recording; raw first pass-through row is picture; VBI ends at L285; raw three-third displacement L522=1.157,0.977,4.747/L523=9.376,6.316,13.118/L524=0.130,0.066,0.094/L525=0.132,0.079,0.123; peak=L523 margin=8.372; split fraction/run=0.187/40; outer edges=7/637; body=7.0+/-5.5/714.0+/-2.0; switch onset=L522; last complete picture=L521; band bottom=L525",521,1,0
412,13912,24,260,262,262,direct,"SP recording; raw picture onset against blank/body midpoint=56.000; VBI=none; raw three-third displacement L259=1.102,1.132,0.877/L260=0.946,1.193,0.842/L261=1.166,6.394,18.214/L262=9.372,0.081,0.092; peak=L261 margin=8.842; split fraction/run=0.286/9; outer edges=8/714; body=7.0+/-5.0/714.0+/-2.0; switch onset=L261; last complete picture=L260; band bottom=L262",260,286,521,525,525,direct,"SP recording; raw first pass-through row is picture; VBI ends at L285; raw three-third displacement L522=1.687,1.768,6.065/L523=8.652,6.553,12.389/L524=0.115,0.057,0.100/L525=0.126,0.072,0.122; peak=L523 margin=6.324; split fraction/run=0.224/44; outer edges=0/633; body=7.0+/-5.0/714.0+/-2.0; switch onset=L522; last complete picture=L521; band bottom=L525",521,1,0
413,13913,24,260,262,262,direct,"SP recording; raw picture onset against blank/body midpoint=56.000; VBI=none; raw three-third displacement L259=1.159,1.125,0.932/L260=0.872,1.015,0.916/L261=1.723,6.529,17.506/L262=8.537,0.059,0.095; peak=L261 margin=8.968; split fraction/run=0.178/6; outer edges=7/714; body=7.0+/-5.0/714.0+/-2.0; switch onset=L261; last complete picture=L260; band bottom=L262",260,286,521,525,525,direct,"SP recording; raw first pass-through row is picture; VBI ends at L285; raw three-third displacement L522=1.820,1.862,6.467/L523=8.636,6.492,11.993/L524=0.117,0.072,0.092/L525=0.126,0.082,0.128; peak=L523 margin=5.527; split fraction/run=0.243/52; outer edges=2/625; body=7.0+/-5.0/714.0+/-2.0; switch onset=L522; last complete picture=L521; band bottom=L525",521,1,0
414,13914,24,260,262,262,direct,"SP recording; raw picture onset against blank/body midpoint=55.500; VBI=none; raw three-third displacement L259=1.119,1.026,0.815/L260=1.030,0.985,0.954/L261=1.317,6.725,18.099/L262=9.620,0.068,0.092; peak=L261 margin=8.480; split fraction/run=0.291/6; outer edges=8/714; body=7.0+/-5.0/714.0+/-2.0; switch onset=L261; last complete picture=L260; band bottom=L262",260,286,521,525,525,direct,"SP recording; raw first pass-through row is picture; VBI ends at L285; raw three-third displacement L522=1.416,1.117,6.156/L523=9.346,6.340,11.956/L524=0.099,0.068,0.093/L525=0.114,0.097,0.124; peak=L523 margin=5.800; split fraction/run=0.238/51; outer edges=7/626; body=7.0+/-5.0/714.0+/-2.0; switch onset=L522; last complete picture=L521; band bottom=L525",521,1,0
415,13915,24,260,262,262,direct,"SP recording; raw picture onset against blank/body midpoint=56.500; VBI=none; raw three-third displacement L259=1.155,1.090,0.753/L260=1.054,0.861,0.877/L261=1.332,6.550,17.418/L262=9.212,0.068,0.085; peak=L261 margin=8.206; split fraction/run=0.286/8; outer edges=7/714; body=8.0+/-3.4/714.0+/-2.0; switch onset=L261; last complete picture=L260; band bottom=L262",260,286,521,525,525,direct,"SP recording; raw first pass-through row is picture; VBI ends at L285; raw three-third displacement L522=1.200,1.054,5.355/L523=9.616,6.344,11.186/L524=0.120,0.062,0.090/L525=0.124,0.098,0.139; peak=L523 margin=5.831; split fraction/run=0.238/51; outer edges=9/626; body=7.0+/-5.0/714.0+/-2.0; switch onset=L522; last complete picture=L521; band bottom=L525",521,1,0
416,13916,24,260,262,262,direct,"SP recording; raw picture onset against blank/body midpoint=56.000; VBI=none; raw three-third displacement L259=0.974,0.899,0.981/L260=0.822,0.979,0.879/L261=1.678,6.289,17.821/L262=8.668,0.065,0.099; peak=L261 margin=9.152; split fraction/run=0.164/6; outer edges=9/714; body=7.0+/-5.0/714.0+/-2.0; switch onset=L261; last complete picture=L260; band bottom=L262",260,286,521,525,525,direct,"SP recording; raw first pass-through row is picture; VBI ends at L285; raw three-third displacement L522=2.297,1.718,6.736/L523=10.893,6.757,11.818/L524=0.120,0.081,0.099/L525=0.118,0.095,0.154; peak=L523 margin=5.083; split fraction/run=0.262/53; outer edges=0/624; body=7.0+/-5.0/714.0+/-2.0; switch onset=L522; last complete picture=L521; band bottom=L525",521,1,0
417,13917,24,260,262,262,direct,"SP recording; raw picture onset against blank/body midpoint=56.000; VBI=none; raw three-third displacement L259=1.198,0.783,0.664/L260=0.937,0.673,0.933/L261=2.529,6.544,18.421/L262=9.272,0.059,0.087; peak=L261 margin=9.148; split fraction/run=0.225/9; outer edges=8/714; body=7.0+/-4.5/714.0+/-2.0; switch onset=L261; last complete picture=L260; band bottom=L262",260,286,521,525,525,direct,"SP recording; raw first pass-through row is picture; VBI ends at L285; raw three-third displacement L522=1.263,1.108,4.741/L523=10.416,6.320,13.026/L524=0.118,0.055,0.093/L525=0.115,0.077,0.131; peak=L523 margin=8.284; split fraction/run=0.192/39; outer edges=6/638; body=7.0+/-4.0/714.0+/-2.0; switch onset=L522; last complete picture=L521; band bottom=L525",521,1,0
418,13918,24,260,262,262,direct,"SP recording; raw picture onset against blank/body midpoint=56.500; VBI=none; raw three-third displacement L259=1.341,0.999,0.798/L260=1.138,0.799,0.924/L261=2.958,6.847,17.387/L262=9.191,0.064,0.091; peak=L261 margin=8.196; split fraction/run=0.244/7; outer edges=8/714; body=8.0+/-3.0/714.0+/-2.0; switch onset=L261; last complete picture=L260; band bottom=L262",260,286,521,525,525,direct,"SP recording; raw first pass-through row is picture; VBI ends at L285; raw three-third displacement L522=1.092,0.917,3.889/L523=10.381,6.483,14.496/L524=0.116,0.061,0.112/L525=0.125,0.075,0.144; peak=L523 margin=10.607; split fraction/run=0.131/28; outer edges=7/649; body=7.0+/-4.3/714.0+/-2.0; switch onset=L522; last complete picture=L521; band bottom=L525",521,1,0
419,13919,24,260,262,262,direct,"SP recording; raw picture onset against blank/body midpoint=57.000; VBI=none; raw three-third displacement L259=1.139,1.012,1.046/L260=1.110,1.178,0.906/L261=3.427,6.652,18.433/L262=8.513,0.071,0.103; peak=L261 margin=9.920; split fraction/run=0.235/7; outer edges=10/714; body=7.0+/-5.0/714.0+/-2.0; switch onset=L261; last complete picture=L260; band bottom=L262",260,286,521,525,525,direct,"SP recording; raw first pass-through row is picture; VBI ends at L285; raw three-third displacement L522=1.410,1.150,4.873/L523=10.662,6.302,12.854/L524=0.104,0.055,0.080/L525=0.111,0.072,0.126; peak=L523 margin=7.980; split fraction/run=0.192/41; outer edges=5/636; body=7.0+/-4.0/714.0+/-2.0; switch onset=L522; last complete picture=L521; band bottom=L525",521,1,0
420,13920,24,260,262,262,direct,"SP recording; raw picture onset against blank/body midpoint=57.000; VBI=none; raw three-third displacement L259=0.927,0.982,0.895/L260=1.059,0.941,0.880/L261=3.708,6.619,18.447/L262=8.517,0.066,0.097; peak=L261 margin=9.930; split fraction/run=0.286/9; outer edges=9/714; body=7.0+/-5.0/714.0+/-2.0; switch onset=L261; last complete picture=L260; band bottom=L262",260,286,521,525,525,direct,"SP recording; raw first pass-through row is picture; VBI ends at L285; raw three-third displacement L522=1.315,1.360,7.142/L523=10.552,6.361,11.589/L524=0.103,0.068,0.095/L525=0.105,0.076,0.143; peak=L523 margin=4.448; split fraction/run=0.285/58; outer edges=3/619; body=7.0+/-4.0/714.0+/-2.0; switch onset=L522; last complete picture=L521; band bottom=L525",521,1,0
421,13921,24,260,262,262,direct,"SP recording; raw picture onset against blank/body midpoint=57.500; VBI=none; raw three-third displacement L259=0.835,0.875,0.876/L260=1.028,0.992,1.059/L261=3.195,6.487,17.747/L262=8.543,0.069,0.089; peak=L261 margin=9.204; split fraction/run=0.305/7; outer edges=9/714; body=8.0+/-3.0/714.0+/-2.0; switch onset=L261; last complete picture=L260; band bottom=L262",260,286,521,525,525,direct,"SP recording; raw first pass-through row is picture; VBI ends at L285; raw three-third displacement L522=1.327,1.410,6.209/L523=7.740,6.371,12.559/L524=0.103,0.074,0.122/L525=0.101,0.068,0.142; peak=L523 margin=6.350; split fraction/run=0.234/48; outer edges=2/629; body=7.0+/-5.0/714.0+/-2.0; switch onset=L522; last complete picture=L521; band bottom=L525",521,1,0
422,13922,24,260,262,262,direct,"SP recording; raw picture onset against blank/body midpoint=58.000; VBI=none; raw three-third displacement L259=0.903,1.003,0.859/L260=0.816,1.047,0.737/L261=1.196,6.527,18.327/L262=7.774,0.073,0.097; peak=L261 margin=10.553; split fraction/run=0.286/8; outer edges=8/714; body=8.0+/-3.0/714.0+/-2.0; switch onset=L261; last complete picture=L260; band bottom=L262",260,286,521,525,525,direct,"SP recording; raw first pass-through row is picture; VBI ends at L285; raw three-third displacement L522=1.573,1.732,6.517/L523=7.867,6.590,11.837/L524=0.122,0.077,0.112/L525=0.115,0.076,0.118; peak=L523 margin=5.320; split fraction/run=0.248/52; outer edges=2/624; body=7.0+/-4.4/714.0+/-2.0; switch onset=L522; last complete picture=L521; band bottom=L525",521,1,0
423,13923,24,260,262,262,direct,"SP recording; raw picture onset against blank/body midpoint=58.000; VBI=none; raw three-third displacement L259=1.004,0.956,0.932/L260=0.959,0.939,0.977/L261=0.869,6.347,18.011/L262=8.172,0.072,0.099; peak=L261 margin=9.839; split fraction/run=0.404/9; outer edges=8/714; body=7.0+/-5.0/714.0+/-2.0; switch onset=L261; last complete picture=L260; band bottom=L262",260,286,521,525,525,direct,"SP recording; raw first pass-through row is picture; VBI ends at L285; raw three-third displacement L522=0.903,0.798,3.536/L523=8.382,6.313,14.022/L524=0.098,0.079,0.107/L525=0.101,0.083,0.132; peak=L523 margin=10.485; split fraction/run=0.131/28; outer edges=9/649; body=8.0+/-4.0/714.0+/-2.0; switch onset=L522; last complete picture=L521; band bottom=L525",521,1,0
424,13924,24,260,262,262,direct,"SP recording; raw picture onset against blank/body midpoint=57.500; VBI=none; raw three-third displacement L259=0.839,1.128,0.810/L260=0.921,0.905,0.766/L261=1.404,5.801,18.698/L262=7.160,0.055,0.088; peak=L261 margin=11.537; split fraction/run=0.296/8; outer edges=8/714; body=7.0+/-5.0/714.0+/-2.0; switch onset=L261; last complete picture=L260; band bottom=L262",260,286,521,525,525,direct,"SP recording; raw first pass-through row is picture; VBI ends at L285; raw three-third displacement L522=1.503,1.556,4.951/L523=6.916,5.785,13.918/L524=0.102,0.060,0.087/L525=0.097,0.062,0.115; peak=L523 margin=8.968; split fraction/run=0.178/35; outer edges=1/642; body=7.0+/-5.0/714.0+/-2.0; switch onset=L522; last complete picture=L521; band bottom=L525",521,1,0
425,13925,24,260,262,262,direct,"SP recording; raw picture onset against blank/body midpoint=57.500; VBI=none; raw three-third displacement L259=0.815,1.090,1.063/L260=0.896,0.776,0.932/L261=1.127,5.727,18.644/L262=7.559,0.075,0.106; peak=L261 margin=11.085; split fraction/run=0.333/9; outer edges=8/714; body=8.0+/-3.0/714.0+/-2.0; switch onset=L261; last complete picture=L260; band bottom=L262",260,286,521,525,525,direct,"SP recording; raw first pass-through row is picture; VBI ends at L285; raw three-third displacement L522=1.383,1.452,5.494/L523=6.845,5.596,13.284/L524=0.099,0.070,0.107/L525=0.090,0.074,0.135; peak=L523 margin=7.790; split fraction/run=0.206/40; outer edges=1/637; body=7.0+/-4.0/714.0+/-2.0; switch onset=L522; last complete picture=L521; band bottom=L525",521,1,0
426,13926,24,260,262,262,direct,"SP recording; raw picture onset against blank/body midpoint=57.500; VBI=none; raw three-third displacement L259=0.839,1.054,0.877/L260=0.795,0.681,0.984/L261=1.056,5.564,17.850/L262=7.566,0.073,0.106; peak=L261 margin=10.284; split fraction/run=0.315/7; outer edges=8/714; body=8.0+/-3.0/714.0+/-2.0; switch onset=L261; last complete picture=L260; band bottom=L262",260,286,521,525,525,direct,"SP recording; raw first pass-through row is picture; VBI ends at L285; raw three-third displacement L522=1.000,1.664,5.741/L523=5.981,6.021,12.842/L524=0.087,0.077,0.092/L525=0.094,0.081,0.141; peak=L523 margin=7.101; split fraction/run=0.220/44; outer edges=1/633; body=8.0+/-3.0/714.0+/-2.0; switch onset=L522; last complete picture=L521; band bottom=L525",521,1,0
427,13927,24,260,262,262,direct,"SP recording; raw picture onset against blank/body midpoint=58.000; VBI=none; raw three-third displacement L259=0.754,1.226,0.946/L260=0.658,0.975,0.943/L261=1.091,6.396,18.862/L262=6.707,0.062,0.108; peak=L261 margin=12.155; split fraction/run=0.268/6; outer edges=7/714; body=7.0+/-5.0/714.0+/-2.0; switch onset=L261; last complete picture=L260; band bottom=L262",260,286,521,525,525,direct,"SP recording; raw first pass-through row is picture; VBI ends at L285; raw three-third displacement L522=1.165,0.962,5.861/L523=6.069,5.760,12.067/L524=0.080,0.064,0.092/L525=0.086,0.075,0.127; peak=L523 margin=6.206; split fraction/run=0.238/49; outer edges=6/628; body=8.0+/-3.0/714.0+/-2.0; switch onset=L522; last complete picture=L521; band bottom=L525",521,1,0
428,13928,24,260,262,262,direct,"SP recording; raw picture onset against blank/body midpoint=57.000; VBI=none; raw three-third displacement L259=0.802,1.175,0.884/L260=0.654,0.975,0.912/L261=0.878,6.429,17.808/L262=7.083,0.078,0.093; peak=L261 margin=10.725; split fraction/run=0.225/7; outer edges=8/714; body=7.0+/-4.0/714.0+/-2.0; switch onset=L261; last complete picture=L260; band bottom=L262",260,286,521,525,525,direct,"SP recording; raw first pass-through row is picture; VBI ends at L285; raw three-third displacement L522=0.741,0.866,5.841/L523=6.575,5.942,12.536/L524=0.081,0.073,0.114/L525=0.101,0.081,0.158; peak=L523 margin=6.695; split fraction/run=0.229/49; outer edges=10/628; body=7.0+/-4.3/714.0+/-2.0; switch onset=L522; last complete picture=L521; band bottom=L525",521,1,0
429,13929,24,260,262,262,direct,"SP recording; raw picture onset against blank/body midpoint=57.000; VBI=none; raw three-third displacement L259=0.853,1.020,0.887/L260=0.742,1.042,0.846/L261=0.852,5.501,18.211/L262=7.287,0.070,0.094; peak=L261 margin=10.924; split fraction/run=0.329/11; outer edges=8/714; body=7.0+/-5.0/714.0+/-2.0; switch onset=L261; last complete picture=L260; band bottom=L262",260,286,521,525,525,direct,"SP recording; raw first pass-through row is picture; VBI ends at L285; raw three-third displacement L522=1.040,1.709,8.169/L523=6.754,5.506,10.940/L524=0.086,0.059,0.102/L525=0.097,0.071,0.136; peak=L523 margin=2.770; split fraction/run=0.327/67; outer edges=3/610; body=8.0+/-3.0/714.0+/-2.0; switch onset=L522; last complete picture=L521; band bottom=L525",521,1,0
430,13930,24,260,262,262,direct,"SP recording; raw picture onset against blank/body midpoint=57.000; VBI=none; raw three-third displacement L259=0.817,1.328,0.833/L260=0.958,1.043,0.912/L261=1.401,5.665,17.777/L262=6.907,0.075,0.082; peak=L261 margin=10.870; split fraction/run=0.329/10; outer edges=8/714; body=8.0+/-3.0/714.0+/-2.0; switch onset=L261; last complete picture=L260; band bottom=L262",260,286,521,525,525,direct,"SP recording; raw first pass-through row is picture; VBI ends at L285; raw three-third displacement L522=1.027,0.865,3.952/L523=6.991,5.243,14.870/L524=0.102,0.059,0.121/L525=0.123,0.065,0.141; peak=L523 margin=10.918; split fraction/run=0.150/30; outer edges=7/647; body=7.0+/-5.0/714.0+/-2.0; switch onset=L522; last complete picture=L521; band bottom=L525",521,1,0
431,13931,24,260,262,262,direct,"SP recording; raw picture onset against blank/body midpoint=57.500; VBI=none; raw three-third displacement L259=1.058,1.061,0.889/L260=0.764,0.908,0.853/L261=0.804,5.233,17.609/L262=7.422,0.058,0.094; peak=L261 margin=10.187; split fraction/run=0.362/12; outer edges=8/714; body=8.0+/-4.0/714.0+/-2.0; switch onset=L261; last complete picture=L260; band bottom=L262",260,286,521,525,525,direct,"SP recording; raw first pass-through row is picture; VBI ends at L285; raw three-third displacement L522=1.006,1.175,2.558/L523=8.245,5.692,15.821/L524=0.104,0.063,0.107/L525=0.126,0.069,0.127; peak=L523 margin=13.262; split fraction/run=0.160/16; outer edges=8/661; body=8.0+/-4.0/714.0+/-2.0; switch onset=L522; last complete picture=L521; band bottom=L525",521,1,0
432,13932,24,260,262,262,direct,"SP recording; raw picture onset against blank/body midpoint=57.500; VBI=none; raw three-third displacement L259=1.095,1.319,0.949/L260=0.787,1.140,0.860/L261=0.932,5.967,19.205/L262=8.618,0.063,0.099; peak=L261 margin=10.587; split fraction/run=0.277/11; outer edges=7/714; body=7.0+/-5.0/714.0+/-2.0; switch onset=L261; last complete picture=L260; band bottom=L262",260,286,521,525,525,direct,"SP recording; raw first pass-through row is picture; VBI ends at L285; raw three-third displacement L522=1.203,1.201,1.636/L523=8.254,5.630,17.729/L524=0.117,0.073,0.097/L525=0.103,0.087,0.173; peak=L523 margin=16.093; split fraction/run=0.094/10; outer edges=8/672; body=8.0+/-3.5/714.0+/-2.0; switch onset=L522; last complete picture=L521; band bottom=L525",521,1,0
433,13933,24,260,262,262,direct,"SP recording; raw picture onset against blank/body midpoint=57.000; VBI=none; raw three-third displacement L259=1.166,1.387,0.971/L260=0.623,1.104,0.891/L261=0.910,6.092,18.288/L262=8.698,0.072,0.098; peak=L261 margin=9.591; split fraction/run=0.164/8; outer edges=8/714; body=8.0+/-3.0/714.0+/-2.0; switch onset=L261; last complete picture=L260; band bottom=L262",260,286,521,525,525,direct,"SP recording; raw first pass-through row is picture; VBI ends at L285; raw three-third displacement L522=1.457,1.852,2.394/L523=8.084,5.826,17.644/L524=0.108,0.061,0.102/L525=0.122,0.101,0.200; peak=L523 margin=15.250; split fraction/run=0.169/14; outer edges=0/669; body=7.0+/-3.4/714.0+/-2.0; switch onset=L522; last complete picture=L521; band bottom=L525",521,1,0
434,13934,24,260,262,262,direct,"SP recording; raw picture onset against blank/body midpoint=55.500; VBI=none; raw three-third displacement L259=1.099,0.820,0.893/L260=1.052,0.982,0.766/L261=1.102,6.341,18.650/L262=9.859,0.061,0.089; peak=L261 margin=8.792; split fraction/run=0.329/11; outer edges=6/714; body=7.0+/-5.0/714.0+/-2.0; switch onset=L261; last complete picture=L260; band bottom=L262",260,286,521,525,525,direct,"SP recording; raw first pass-through row is picture; VBI ends at L285; raw three-third displacement L522=1.686,1.868,3.930/L523=8.217,6.172,15.142/L524=0.133,0.084,0.130/L525=0.131,0.099,0.168; peak=L523 margin=11.211; split fraction/run=0.117/21; outer edges=0/656; body=7.0+/-5.0/714.0+/-2.0; switch onset=L522; last complete picture=L521; band bottom=L525",521,1,0
435,13935,24,260,262,262,direct,"SP recording; raw picture onset against blank/body midpoint=56.000; VBI=none; raw three-third displacement L259=1.356,0.785,0.830/L260=1.334,0.907,0.899/L261=2.024,6.411,18.359/L262=9.038,0.061,0.101; peak=L261 margin=9.320; split fraction/run=0.310/12; outer edges=6/714; body=7.0+/-3.3/714.0+/-2.0; switch onset=L261; last complete picture=L260; band bottom=L262",260,286,521,525,525,direct,"SP recording; raw first pass-through row is picture; VBI ends at L285; raw three-third displacement L522=1.400,1.258,3.146/L523=8.872,5.666,15.081/L524=0.131,0.069,0.144/L525=0.128,0.086,0.154; peak=L523 margin=11.935; split fraction/run=0.160/24; outer edges=5/657; body=8.0+/-3.0/714.0+/-2.0; switch onset=L522; last complete picture=L521; band bottom=L525",521,1,0
436,13936,24,260,262,262,direct,"SP recording; raw picture onset against blank/body midpoint=56.000; VBI=none; raw three-third displacement L259=1.004,0.999,0.734/L260=1.044,0.986,0.825/L261=1.098,6.221,16.869/L262=8.917,0.069,0.087; peak=L261 margin=7.952; split fraction/run=0.347/14; outer edges=8/714; body=8.0+/-4.0/714.0+/-2.0; switch onset=L261; last complete picture=L260; band bottom=L262",260,286,521,525,525,direct,"SP recording; raw first pass-through row is picture; VBI ends at L285; raw three-third displacement L522=2.318,2.127,5.615/L523=7.897,5.762,10.679/L524=0.116,0.077,0.091/L525=0.145,0.079,0.110; peak=L523 margin=5.064; split fraction/run=0.235/41; outer edges=14/637; body=8.0+/-4.0/714.0+/-2.0; switch onset=L522; last complete picture=L521; band bottom=L525",521,1,0
437,13937,24,260,262,262,direct,"SP recording; raw picture onset against blank/body midpoint=55.000; VBI=none; raw three-third displacement L259=1.032,0.844,0.783/L260=0.985,0.817,0.799/L261=1.928,5.813,14.814/L262=9.479,0.062,0.084; peak=L261 margin=5.335; split fraction/run=0.235/9; outer edges=7/714; body=7.0+/-4.0/714.0+/-2.0; switch onset=L261; last complete picture=L260; band bottom=L262",260,286,521,525,525,direct,"SP recording; raw first pass-through row is picture; VBI ends at L285; raw three-third displacement L522=1.169,1.085,6.171/L523=9.063,5.783,8.413/L524=0.147,0.070,0.078/L525=0.139,0.077,0.128; peak=L523 margin=2.892; split fraction/run=0.304/65; outer edges=5/612; body=8.0+/-4.0/714.0+/-2.0; switch onset=L522; last complete picture=L521; band bottom=L525",521,1,0
438,13938,24,260,262,262,direct,"SP recording; raw picture onset against blank/body midpoint=55.500; VBI=none; raw three-third displacement L259=1.141,0.785,0.744/L260=0.905,0.761,0.742/L261=4.164,5.837,15.189/L262=5.897,0.068,0.091; peak=L261 margin=9.292; split fraction/run=0.136/9; outer edges=8/714; body=7.0+/-4.0/714.0+/-2.0; switch onset=L261; last complete picture=L260; band bottom=L262",260,286,521,525,525,direct,"SP recording; raw first pass-through row is picture; VBI ends at L285; raw three-third displacement L522=1.894,1.720,11.156/L523=8.675,6.070,3.312/L524=0.127,0.065,0.086/L525=0.129,0.079,0.140; peak=L522 margin=2.481; split fraction/run=0.343/8; outer edges=9/714; body=7.0+/-4.0/714.0+/-2.0; switch onset=L522; last complete picture=L521; band bottom=L525",521,1,0
439,13939,24,260,262,262,direct,"SP recording; raw picture onset against blank/body midpoint=55.500; VBI=none; raw three-third displacement L259=1.193,0.987,0.763/L260=1.053,0.701,0.676/L261=6.855,5.445,14.571/L262=3.118,0.067,0.079; peak=L261 margin=11.453; split fraction/run=0.155/6; outer edges=6/714; body=7.0+/-4.0/714.0+/-2.0; switch onset=L261; last complete picture=L260; band bottom=L262",260,286,523,525,525,cv_inspected,"SP recording; raw first pass-through row is picture; VBI ends at L285; raw three-third displacement L522=1.179,1.119,0.853/L523=1.085,0.714,1.038/L524=7.883,5.528,14.375/L525=1.674,0.077,0.087; peak=L524 margin=12.701; split fraction/run=0.075/12; outer edges=6/714; body=7.0+/-5.0/714.0+/-2.0; switch onset=L524; last complete picture=L523; band bottom=L525; row Y(mean/std) L285=1.364/0.481 L286=6.045/3.928 L287=140.872/36.176 L523=100.664/57.315 L524=14.009/17.997 L525=10.944/0.884",523,1,0
440,13940,23,259,262,262,direct,"SP recording; raw picture onset against blank/body midpoint=55.500; VBI=none; raw three-third displacement L259=0.802,0.801,0.857/L260=1.272,0.983,13.062/L261=8.496,5.146,1.429/L262=0.113,0.072,0.089; peak=L260 margin=4.566; split fraction/run=0.352/11; outer edges=9/714; body=7.0+/-5.0/714.0+/-2.0; switch onset=L260; last complete picture=L259; band bottom=L262",259,286,522,525,525,direct,"SP recording; raw first pass-through row is picture; VBI ends at L285; raw three-third displacement L522=0.975,0.641,0.826/L523=8.116,5.354,14.338/L524=1.325,0.071,0.096/L525=0.114,0.068,0.086; peak=L523 margin=13.013; split fraction/run=0.099/10; outer edges=7/714; body=8.0+/-4.0/714.0+/-2.0; switch onset=L523; last complete picture=L522; band bottom=L525",522,0,0
441,13941,23,259,262,262,direct,"SP recording; raw picture onset against blank/body midpoint=56.000; VBI=none; raw three-third displacement L259=1.183,1.125,1.297/L260=1.550,1.068,12.514/L261=8.769,5.530,1.368/L262=0.106,0.063,0.072; peak=L260 margin=3.745; split fraction/run=0.394/11; outer edges=8/714; body=8.0+/-4.0/714.0+/-2.0; switch onset=L260; last complete picture=L259; band bottom=L262",259,286,522,525,525,direct,"SP recording; raw first pass-through row is picture; VBI ends at L285; raw three-third displacement L522=1.169,1.122,1.314/L523=1.550,1.070,12.683/L524=8.774,5.553,1.396/L525=0.116,0.081,0.089; peak=L523 margin=3.909; split fraction/run=0.376/9; outer edges=8/714; body=8.0+/-4.0/714.0+/-2.0; switch onset=L523; last complete picture=L522; band bottom=L525",522,0,0
442,13942,23,259,262,262,direct,"SP recording; raw picture onset against blank/body midpoint=56.000; VBI=none; raw three-third displacement L259=1.183,1.120,1.301/L260=1.528,1.073,12.578/L261=8.741,5.526,1.383/L262=0.122,0.068,0.074; peak=L260 margin=3.837; split fraction/run=0.376/9; outer edges=8/714; body=8.0+/-4.0/714.0+/-2.0; switch onset=L260; last complete picture=L259; band bottom=L262",259,286,522,525,525,direct,"SP recording; raw first pass-through row is picture; VBI ends at L285; raw three-third displacement L522=1.073,1.015,1.054/L523=8.014,5.593,14.201/L524=1.992,0.072,0.082/L525=0.135,0.067,0.078; peak=L523 margin=12.209; split fraction/run=0.103/7; outer edges=8/714; body=7.0+/-4.0/714.0+/-2.0; switch onset=L523; last complete picture=L522; band bottom=L525",522,0,0
443,13943,23,259,262,262,direct,"SP recording; raw picture onset against blank/body midpoint=56.000; VBI=none; raw three-third displacement L259=1.057,0.993,1.301/L260=1.466,1.303,13.667/L261=9.092,5.658,1.006/L262=0.112,0.076,0.084; peak=L260 margin=4.575; split fraction/run=0.319/11; outer edges=8/714; body=7.0+/-5.0/714.0+/-2.0; switch onset=L260; last complete picture=L259; band bottom=L262",259,286,522,525,525,direct,"SP recording; raw first pass-through row is picture; VBI ends at L285; raw three-third displacement L522=1.051,1.011,1.392/L523=9.095,5.888,14.676/L524=1.589,0.071,0.103/L525=0.124,0.068,0.083; peak=L523 margin=13.086; split fraction/run=0.047/8; outer edges=9/714; body=7.0+/-4.0/714.0+/-2.0; switch onset=L523; last complete picture=L522; band bottom=L525",522,0,0
444,13944,23,259,262,262,direct,"SP recording; raw picture onset against blank/body midpoint=56.000; VBI=none; raw three-third displacement L259=1.066,0.931,1.174/L260=1.552,1.103,13.065/L261=9.221,5.612,0.928/L262=0.140,0.071,0.074; peak=L260 margin=3.844; split fraction/run=0.315/10; outer edges=7/714; body=7.0+/-4.0/714.0+/-2.0; switch onset=L260; last complete picture=L259; band bottom=L262",259,286,522,525,525,direct,"SP recording; raw first pass-through row is picture; VBI ends at L285; raw three-third displacement L522=1.004,1.351,1.361/L523=9.735,5.382,14.697/L524=0.774,0.072,0.084/L525=0.132,0.068,0.084; peak=L523 margin=13.336; split fraction/run=0.005/1; outer edges=8/714; body=7.0+/-4.0/714.0+/-2.0; switch onset=L523; last complete picture=L522; band bottom=L525",522,0,0
445,13945,23,259,262,262,direct,"SP recording; raw picture onset against blank/body midpoint=55.500; VBI=none; raw three-third displacement L259=1.109,1.141,0.933/L260=1.970,2.430,12.979/L261=8.414,5.278,0.738/L262=0.129,0.068,0.079; peak=L260 margin=4.565; split fraction/run=0.263/11; outer edges=9/714; body=7.0+/-5.0/714.0+/-2.0; switch onset=L260; last complete picture=L259; band bottom=L262",259,286,522,525,525,direct,"SP recording; raw first pass-through row is picture; VBI ends at L285; raw three-third displacement L522=1.077,1.354,1.317/L523=8.640,5.553,14.325/L524=2.096,0.059,0.088/L525=0.122,0.069,0.077; peak=L523 margin=12.229; split fraction/run=0.061/2; outer edges=9/714; body=7.0+/-4.0/714.0+/-2.0; switch onset=L523; last complete picture=L522; band bottom=L525",522,0,0
446,13946,23,259,262,262,direct,"SP recording; raw picture onset against blank/body midpoint=55.500; VBI=none; raw three-third displacement L259=1.163,1.342,1.124/L260=1.109,1.099,11.412/L261=9.417,5.331,2.129/L262=0.134,0.081,0.090; peak=L260 margin=1.995; split fraction/run=0.413/17; outer edges=8/714; body=8.0+/-4.0/714.0+/-2.0; switch onset=L260; last complete picture=L259; band bottom=L262",259,286,522,525,525,direct,"SP recording; raw first pass-through row is picture; VBI ends at L285; raw three-third displacement L522=1.109,1.365,1.375/L523=8.354,5.546,14.841/L524=2.589,0.066,0.078/L525=0.142,0.073,0.084; peak=L523 margin=12.252; split fraction/run=0.113/6; outer edges=9/714; body=8.0+/-3.0/714.0+/-2.0; switch onset=L523; last complete picture=L522; band bottom=L525",522,0,0
447,13947,23,259,262,262,direct,"SP recording; raw picture onset against blank/body midpoint=56.000; VBI=none; raw three-third displacement L259=1.232,1.466,1.153/L260=1.137,1.053,12.998/L261=9.482,5.325,2.238/L262=0.131,0.070,0.104; peak=L260 margin=3.516; split fraction/run=0.423/17; outer edges=4/714; body=7.0+/-4.0/714.0+/-2.0; switch onset=L260; last complete picture=L259; band bottom=L262",259,286,522,525,525,direct,"SP recording; raw first pass-through row is picture; VBI ends at L285; raw three-third displacement L522=1.261,1.196,1.293/L523=7.869,5.597,15.195/L524=2.975,0.074,0.085/L525=0.144,0.068,0.079; peak=L523 margin=12.220; split fraction/run=0.150/9; outer edges=7/714; body=8.0+/-3.0/714.0+/-2.0; switch onset=L523; last complete picture=L522; band bottom=L525",522,0,0
448,13948,23,259,262,262,direct,"SP recording; raw picture onset against blank/body midpoint=56.000; VBI=none; raw three-third displacement L259=1.051,1.502,0.769/L260=2.096,2.470,12.176/L261=8.619,5.586,2.100/L262=0.130,0.094,0.093; peak=L260 margin=3.557; split fraction/run=0.254/13; outer edges=8/714; body=7.0+/-5.0/714.0+/-2.0; switch onset=L260; last complete picture=L259; band bottom=L262",259,286,522,525,525,direct,"SP recording; raw first pass-through row is picture; VBI ends at L285; raw three-third displacement L522=1.037,1.271,1.082/L523=7.223,5.726,14.993/L524=3.632,0.067,0.084/L525=0.127,0.072,0.090; peak=L523 margin=11.361; split fraction/run=0.127/6; outer edges=7/714; body=8.0+/-3.0/714.0+/-2.0; switch onset=L523; last complete picture=L522; band bottom=L525",522,0,0
449,13949,23,259,262,262,cv_inspected,"SP recording; raw picture onset against blank/body midpoint=56.000; VBI=none; raw three-third displacement L259=1.116,1.359,0.951/L260=1.255,0.797,9.293/L261=9.274,5.397,4.554/L262=0.132,0.087,0.095; peak=L260 margin=0.019; split fraction/run=0.408/15; outer edges=8/714; body=8.0+/-4.0/714.0+/-2.0; switch onset=L260; last complete picture=L259; band bottom=L262; row Y(mean/std) L22=1.367/0.482 L23=136.917/44.967 L24=144.664/29.898 L259=98.556/54.140 L260=67.639/47.433 L262=10.598/0.940",259,286,522,525,525,direct,"SP recording; raw first pass-through row is picture; VBI ends at L285; raw three-third displacement L522=1.125,0.919,0.844/L523=3.804,4.436,14.411/L524=7.254,0.077,0.085/L525=0.150,0.092,0.092; peak=L523 margin=7.157; split fraction/run=0.244/9; outer edges=8/714; body=8.0+/-4.0/714.0+/-2.0; switch onset=L523; last complete picture=L522; band bottom=L525",522,0,0
450,13950,23,259,262,262,direct,"SP recording; raw picture onset against blank/body midpoint=55.500; VBI=none; raw three-third displacement L259=0.970,0.748,0.988/L260=1.684,1.863,7.560/L261=8.831,5.397,9.167/L262=0.128,0.076,0.095; peak=L261 margin=1.607; split fraction/run=0.313/63; outer edges=0/614; body=8.0+/-3.5/714.0+/-2.0; switch onset=L260; last complete picture=L259; band bottom=L262",259,286,522,525,525,direct,"SP recording; raw first pass-through row is picture; VBI ends at L285; raw three-third displacement L522=1.016,0.777,0.917/L523=1.038,1.386,3.593/L524=9.289,5.155,12.084/L525=0.122,0.077,0.087; peak=L524 margin=8.491; split fraction/run=0.140/25; outer edges=3/653; body=8.0+/-4.0/714.0+/-2.0; switch onset=L523; last complete picture=L522; band bottom=L525",522,0,0
451,13951,24,260,262,262,direct,"SP recording; raw picture onset against blank/body midpoint=56.000; VBI=none; raw three-third displacement L259=1.447,0.787,0.879/L260=1.164,0.872,0.749/L261=1.996,4.479,14.048/L262=9.578,0.075,0.076; peak=L261 margin=4.470; split fraction/run=0.291/8; outer edges=8/714; body=8.0+/-4.0/714.0+/-2.0; switch onset=L261; last complete picture=L260; band bottom=L262",260,286,521,525,525,direct,"SP recording; raw first pass-through row is picture; VBI ends at L285; raw three-third displacement L522=1.790,1.843,3.232/L523=9.020,4.111,13.775/L524=0.125,0.068,0.086/L525=0.115,0.083,0.109; peak=L523 margin=10.543; split fraction/run=0.122/13; outer edges=1/668; body=8.0+/-3.0/714.0+/-2.0; switch onset=L522; last complete picture=L521; band bottom=L525",521,1,0
452,13952,24,260,262,262,direct,"SP recording; raw picture onset against blank/body midpoint=55.500; VBI=none; raw three-third displacement L259=1.308,0.740,0.642/L260=0.918,0.701,0.734/L261=1.118,3.927,13.954/L262=10.228,0.144,0.086; peak=L261 margin=3.726; split fraction/run=0.272/14; outer edges=9/714; body=8.0+/-3.0/714.0+/-2.0; switch onset=L261; last complete picture=L260; band bottom=L262",260,286,521,525,525,cv_inspected,"SP recording; raw first pass-through row is picture; VBI ends at L285; raw three-third displacement L522=1.363,1.030,1.242/L523=9.759,3.485,13.158/L524=0.138,0.063,0.085/L525=0.126,0.079,0.120; peak=L523 margin=11.795; split fraction/run=0.169/13; outer edges=6/711; body=8.0+/-3.5/714.0+/-2.0; switch onset=L522; last complete picture=L521; band bottom=L525; row Y(mean/std) L285=1.383/0.486 L286=144.166/30.105 L287=146.853/28.667 L521=96.636/51.604 L522=91.911/53.110 L525=10.148/0.953",521,1,0
453,13953,24,260,262,262,direct,"SP recording; raw picture onset against blank/body midpoint=55.000; VBI=none; raw three-third displacement L259=1.365,0.733,0.756/L260=1.074,0.962,0.915/L261=1.905,3.969,14.002/L262=9.749,0.297,0.088; peak=L261 margin=4.253; split fraction/run=0.272/8; outer edges=5/714; body=7.0+/-4.0/714.0+/-2.0; switch onset=L261; last complete picture=L260; band bottom=L262",260,286,521,525,525,direct,"SP recording; raw first pass-through row is picture; VBI ends at L285; raw three-third displacement L522=1.984,2.060,3.431/L523=8.906,4.254,13.504/L524=0.139,0.083,0.117/L525=0.115,0.072,0.115; peak=L523 margin=10.073; split fraction/run=0.122/16; outer edges=14/702; body=8.0+/-3.0/714.0+/-2.0; switch onset=L522; last complete picture=L521; band bottom=L525",521,1,0
454,13954,23,259,262,262,direct,"SP recording; raw picture onset against blank/body midpoint=54.000; VBI=none; raw three-third displacement L259=1.093,0.746,0.949/L260=1.139,3.159,14.257/L261=9.838,0.986,0.077/L262=0.132,0.062,0.075; peak=L260 margin=4.419; split fraction/run=0.366/15; outer edges=8/714; body=7.0+/-4.0/714.0+/-2.0; switch onset=L260; last complete picture=L259; band bottom=L262",259,286,521,525,525,direct,"SP recording; raw first pass-through row is picture; VBI ends at L285; raw three-third displacement L522=1.156,0.699,1.096/L523=9.266,3.680,13.135/L524=0.112,0.064,0.080/L525=0.157,0.087,0.117; peak=L523 margin=11.979; split fraction/run=0.066/7; outer edges=7/678; body=8.0+/-4.0/714.0+/-2.0; switch onset=L522; last complete picture=L521; band bottom=L525",521,0,0
455,13955,23,259,262,262,direct,"SP recording; raw picture onset against blank/body midpoint=54.000; VBI=none; raw three-third displacement L259=1.098,0.690,0.871/L260=1.073,3.292,13.977/L261=9.833,0.646,0.072/L262=0.120,0.051,0.077; peak=L260 margin=4.144; split fraction/run=0.338/10; outer edges=7/714; body=7.0+/-5.0/714.0+/-2.0; switch onset=L260; last complete picture=L259; band bottom=L262",259,286,521,525,525,direct,"SP recording; raw first pass-through row is picture; VBI ends at L285; raw three-third displacement L522=1.993,1.886,3.401/L523=8.426,4.168,13.647/L524=0.123,0.070,0.079/L525=0.100,0.109,0.129; peak=L523 margin=10.247; split fraction/run=0.174/18; outer edges=15/665; body=7.0+/-4.7/714.0+/-2.0; switch onset=L522; last complete picture=L521; band bottom=L525",521,0,0
456,13956,23,259,262,262,direct,"SP recording; raw picture onset against blank/body midpoint=54.000; VBI=none; raw three-third displacement L259=1.027,0.681,0.768/L260=1.081,3.500,13.563/L261=9.834,0.486,0.087/L262=0.125,0.069,0.078; peak=L260 margin=3.728; split fraction/run=0.329/11; outer edges=8/714; body=7.0+/-4.4/714.0+/-2.0; switch onset=L260; last complete picture=L259; band bottom=L262",259,286,522,525,525,direct,"SP recording; raw first pass-through row is picture; VBI ends at L285; raw three-third displacement L522=1.522,1.102,1.725/L523=8.805,3.762,13.418/L524=0.116,0.062,0.099/L525=0.119,0.106,0.136; peak=L523 margin=11.694; split fraction/run=0.178/14; outer edges=4/713; body=7.0+/-4.5/714.0+/-2.0; switch onset=L523; last complete picture=L522; band bottom=L525",522,0,0
457,13957,23,259,262,262,direct,"SP recording; raw picture onset against blank/body midpoint=54.000; VBI=none; raw three-third displacement L259=1.053,0.657,0.797/L260=2.189,4.155,13.085/L261=8.608,0.741,0.081/L262=0.118,0.058,0.081; peak=L260 margin=4.477; split fraction/run=0.230/8; outer edges=8/714; body=7.0+/-5.0/714.0+/-2.0; switch onset=L260; last complete picture=L259; band bottom=L262",259,286,521,525,525,direct,"SP recording; raw first pass-through row is picture; VBI ends at L285; raw three-third displacement L522=2.376,2.284,3.169/L523=8.787,4.241,12.537/L524=0.126,0.064,0.066/L525=0.122,0.082,0.103; peak=L523 margin=9.367; split fraction/run=0.192/15; outer edges=16/704; body=8.0+/-4.0/714.0+/-2.0; switch onset=L522; last complete picture=L521; band bottom=L525",521,0,0
458,13958,23,259,262,262,direct,"SP recording; raw picture onset against blank/body midpoint=53.500; VBI=none; raw three-third displacement L259=0.827,0.628,0.912/L260=1.104,3.580,13.614/L261=9.300,0.569,0.075/L262=0.124,0.068,0.088; peak=L260 margin=4.314; split fraction/run=0.291/6; outer edges=8/714; body=7.0+/-4.0/714.0+/-2.0; switch onset=L260; last complete picture=L259; band bottom=L262",259,286,521,525,525,direct,"SP recording; raw first pass-through row is picture; VBI ends at L285; raw three-third displacement L522=1.468,1.058,1.323/L523=9.246,3.569,13.275/L524=0.140,0.067,0.079/L525=0.146,0.104,0.158; peak=L523 margin=11.808; split fraction/run=0.164/13; outer edges=6/677; body=7.0+/-4.0/714.0+/-2.0; switch onset=L522; last complete picture=L521; band bottom=L525",521,0,0
459,13959,23,259,262,262,direct,"SP recording; raw picture onset against blank/body midpoint=54.000; VBI=none; raw three-third displacement L259=0.954,1.034,0.902/L260=1.708,4.504,14.089/L261=9.082,0.177,0.079/L262=0.123,0.066,0.087; peak=L260 margin=5.008; split fraction/run=0.296/10; outer edges=8/714; body=7.0+/-4.0/714.0+/-2.0; switch onset=L260; last complete picture=L259; band bottom=L262",259,286,521,525,525,direct,"SP recording; raw first pass-through row is picture; VBI ends at L285; raw three-third displacement L522=1.978,2.605,2.840/L523=8.263,4.763,12.765/L524=0.122,0.072,0.091/L525=0.127,0.093,0.126; peak=L523 margin=9.925; split fraction/run=0.164/14; outer edges=15/700; body=7.0+/-5.0/714.0+/-2.0; switch onset=L522; last complete picture=L521; band bottom=L525",521,0,0
460,13960,23,259,262,262,direct,"SP recording; raw picture onset against blank/body midpoint=54.000; VBI=none; raw three-third displacement L259=1.005,1.282,1.084/L260=1.067,4.337,14.357/L261=9.080,0.163,0.093/L262=0.149,0.085,0.114; peak=L260 margin=5.277; split fraction/run=0.310/10; outer edges=8/714; body=7.0+/-3.0/714.0+/-2.0; switch onset=L260; last complete picture=L259; band bottom=L262",259,286,521,525,525,cv_inspected,"SP recording; raw first pass-through row is picture; VBI ends at L285; raw three-third displacement L522=1.129,1.257,1.592/L523=8.579,4.389,13.296/L524=0.132,0.071,0.088/L525=0.131,0.068,0.116; peak=L523 margin=11.704; split fraction/run=0.169/16; outer edges=5/711; body=8.0+/-2.0/714.0+/-2.0; switch onset=L522; last complete picture=L521; band bottom=L525; row Y(mean/std) L285=1.381/0.486 L286=139.544/30.133 L287=142.280/28.913 L521=95.203/53.005 L522=94.278/53.262 L525=10.572/0.884",521,0,0
461,13961,23,259,262,262,direct,"SP recording; raw picture onset against blank/body midpoint=54.500; VBI=none; raw three-third displacement L259=0.892,1.016,0.909/L260=1.806,4.372,14.879/L261=8.662,0.152,0.105/L262=0.141,0.079,0.098; peak=L260 margin=6.217; split fraction/run=0.254/8; outer edges=8/714; body=7.0+/-4.0/714.0+/-2.0; switch onset=L260; last complete picture=L259; band bottom=L262",259,286,521,525,525,direct,"SP recording; raw first pass-through row is picture; VBI ends at L285; raw three-third displacement L522=1.629,2.245,3.584/L523=8.396,5.367,13.446/L524=0.120,0.077,0.085/L525=0.141,0.085,0.115; peak=L523 margin=9.862; split fraction/run=0.136/11; outer edges=15/667; body=8.0+/-4.0/714.0+/-2.0; switch onset=L522; last complete picture=L521; band bottom=L525",521,0,0
462,13962,23,259,262,262,direct,"SP recording; raw picture onset against blank/body midpoint=54.000; VBI=none; raw three-third displacement L259=0.973,1.444,1.039/L260=0.950,4.335,14.506/L261=9.542,0.091,0.091/L262=0.140,0.073,0.098; peak=L260 margin=4.964; split fraction/run=0.352/9; outer edges=8/714; body=7.0+/-5.0/714.0+/-2.0; switch onset=L260; last complete picture=L259; band bottom=L262",259,286,521,525,525,direct,"SP recording; raw first pass-through row is picture; VBI ends at L285; raw three-third displacement L522=0.959,1.588,1.691/L523=8.856,4.830,13.829/L524=0.111,0.065,0.094/L525=0.132,0.088,0.139; peak=L523 margin=12.138; split fraction/run=0.033/5; outer edges=6/676; body=8.0+/-3.0/714.0+/-2.0; switch onset=L522; last complete picture=L521; band bottom=L525",521,0,0
463,13963,24,260,262,262,direct,"SP recording; raw picture onset against blank/body midpoint=54.500; VBI=none; raw three-third displacement L259=1.319,0.990,0.912/L260=1.316,1.213,1.051/L261=1.700,4.446,14.099/L262=8.754,0.074,0.085; peak=L261 margin=5.344; split fraction/run=0.413/16; outer edges=8/714; body=7.0+/-3.0/714.0+/-2.0; switch onset=L261; last complete picture=L260; band bottom=L262",260,286,521,525,525,direct,"SP recording; raw first pass-through row is picture; VBI ends at L285; raw three-third displacement L522=1.116,1.454,2.910/L523=9.517,4.846,11.957/L524=0.135,0.070,0.082/L525=0.156,0.074,0.101; peak=L523 margin=9.047; split fraction/run=0.093/19; outer edges=6/657; body=7.0+/-4.0/714.0+/-2.0; switch onset=L522; last complete picture=L521; band bottom=L525",521,1,0
464,13964,24,260,262,262,direct,"SP recording; raw picture onset against blank/body midpoint=54.500; VBI=none; raw three-third displacement L259=1.206,1.292,1.016/L260=1.221,1.249,1.048/L261=1.868,5.161,14.660/L262=8.869,0.068,0.080; peak=L261 margin=5.791; split fraction/run=0.258/18; outer edges=9/714; body=7.0+/-4.0/714.0+/-2.0; switch onset=L261; last complete picture=L260; band bottom=L262",260,286,521,525,525,direct,"SP recording; raw first pass-through row is picture; VBI ends at L285; raw three-third displacement L522=0.963,1.420,7.077/L523=9.267,5.286,7.419/L524=0.123,0.071,0.088/L525=0.145,0.087,0.126; peak=L523 margin=2.190; split fraction/run=0.374/79; outer edges=6/600; body=7.0+/-4.5/714.0+/-2.0; switch onset=L522; last complete picture=L521; band bottom=L525",521,1,0
465,13965,25,261,-1,262,direct,"SP recording; raw picture onset against blank/body midpoint=55.000; VBI=none; raw three-third displacement L259=1.271,1.402,0.921/L260=1.409,1.345,0.978/L261=1.073,1.116,0.976/L262=3.136,4.871,14.433; peak=L262 margin=13.024; split fraction/run=0.225/8; outer edges=8/714; body=7.0+/-4.5/714.0+/-2.0; switch onset=L262; last complete picture=L261; band bottom=none at clip",261,286,521,525,525,cv_inspected,"SP recording; raw first pass-through row is picture; VBI ends at L285; raw three-third displacement L522=1.057,1.209,9.329/L523=8.969,5.184,4.847/L524=0.120,0.080,0.076/L525=0.144,0.076,0.110; peak=L522 margin=0.360; split fraction/run=0.352/21; outer edges=8/714; body=7.0+/-4.0/714.0+/-2.0; switch onset=L522; last complete picture=L521; band bottom=L525; row Y(mean/std) L285=1.370/0.483 L286=139.369/32.088 L287=140.758/28.478 L521=95.191/53.313 L522=67.811/47.221 L525=9.952/0.969",521,2,0
466,13966,24,260,262,262,direct,"SP recording; raw picture onset against blank/body midpoint=54.500; VBI=none; raw three-third displacement L259=1.173,1.338,0.887/L260=1.111,1.218,1.125/L261=4.180,4.827,14.439/L262=5.385,0.069,0.086; peak=L261 margin=9.054; split fraction/run=0.230/8; outer edges=8/714; body=8.0+/-3.0/714.0+/-2.0; switch onset=L261; last complete picture=L260; band bottom=L262",260,286,521,525,525,direct,"SP recording; raw first pass-through row is picture; VBI ends at L285; raw three-third displacement L522=1.676,1.931,10.494/L523=8.358,5.133,4.047/L524=0.145,0.080,0.103/L525=0.155,0.092,0.137; peak=L522 margin=2.137; split fraction/run=0.324/12; outer edges=5/714; body=7.0+/-4.0/714.0+/-2.0; switch onset=L522; last complete picture=L521; band bottom=L525",521,1,0
467,13967,24,260,262,262,direct,"SP recording; raw picture onset against blank/body midpoint=54.500; VBI=none; raw three-third displacement L259=1.134,1.382,1.064/L260=0.869,0.922,0.981/L261=5.198,4.420,14.442/L262=4.647,0.069,0.085; peak=L261 margin=9.794; split fraction/run=0.141/13; outer edges=8/714; body=7.0+/-3.0/714.0+/-2.0; switch onset=L261; last complete picture=L260; band bottom=L262",260,286,523,525,525,direct,"SP recording; raw first pass-through row is picture; VBI ends at L285; raw three-third displacement L522=1.360,1.354,0.837/L523=0.994,0.944,0.924/L524=5.430,4.436,14.505/L525=4.429,0.064,0.083; peak=L524 margin=10.076; split fraction/run=0.178/12; outer edges=8/714; body=7.0+/-4.4/714.0+/-2.0; switch onset=L524; last complete picture=L523; band bottom=L525",523,1,0
468,13968,23,259,262,262,direct,"SP recording; raw picture onset against blank/body midpoint=54.000; VBI=none; raw three-third displacement L259=1.357,1.032,0.597/L260=1.891,2.413,11.001/L261=8.367,4.958,3.588/L262=0.126,0.062,0.101; peak=L260 margin=2.634; split fraction/run=0.310/12; outer edges=7/714; body=7.0+/-4.0/714.0+/-2.0; switch onset=L260; last complete picture=L259; band bottom=L262",259,286,522,525,525,direct,"SP recording; raw first pass-through row is picture; VBI ends at L285; raw three-third displacement L522=1.093,0.931,0.833/L523=5.673,4.674,14.456/L524=4.335,0.068,0.078/L525=0.121,0.072,0.091; peak=L523 margin=10.121; split fraction/run=0.127/5; outer edges=14/714; body=8.0+/-3.0/714.0+/-2.0; switch onset=L523; last complete picture=L522; band bottom=L525",522,0,0
469,13969,23,259,262,262,direct,"SP recording; raw picture onset against blank/body midpoint=54.000; VBI=none; raw three-third displacement L259=1.281,1.106,1.077/L260=1.143,1.075,10.890/L261=8.814,4.647,4.653/L262=0.121,0.063,0.104; peak=L260 margin=2.075; split fraction/run=0.418/14; outer edges=8/714; body=8.0+/-3.0/714.0+/-2.0; switch onset=L260; last complete picture=L259; band bottom=L262",259,286,522,525,525,direct,"SP recording; raw first pass-through row is picture; VBI ends at L285; raw three-third displacement L522=1.264,1.120,1.060/L523=1.122,1.088,10.913/L524=8.770,4.663,4.663/L525=0.121,0.059,0.091; peak=L523 margin=2.143; split fraction/run=0.394/12; outer edges=8/714; body=8.0+/-3.6/714.0+/-2.0; switch onset=L523; last complete picture=L522; band bottom=L525",522,0,0
470,13970,23,259,262,262,direct,"SP recording; raw picture onset against blank/body midpoint=54.000; VBI=none; raw three-third displacement L259=1.266,1.117,1.088/L260=1.127,1.085,10.959/L261=8.802,4.649,4.664/L262=0.112,0.071,0.093; peak=L260 margin=2.157; split fraction/run=0.399/14; outer edges=8/714; body=7.0+/-3.0/714.0+/-2.0; switch onset=L260; last complete picture=L259; band bottom=L262",259,286,522,525,525,direct,"SP recording; raw first pass-through row is picture; VBI ends at L285; raw three-third displacement L522=1.035,0.996,0.792/L523=4.837,4.660,14.351/L524=5.037,0.057,0.075/L525=0.121,0.067,0.089; peak=L523 margin=9.314; split fraction/run=0.221/11; outer edges=8/714; body=7.0+/-5.0/714.0+/-2.0; switch onset=L523; last complete picture=L522; band bottom=L525",522,0,0
471,13971,23,259,262,262,direct,"SP recording; raw picture onset against blank/body midpoint=54.000; VBI=none; raw three-third displacement L259=1.166,1.173,0.795/L260=1.929,2.279,10.291/L261=7.866,5.133,4.134/L262=0.126,0.073,0.094; peak=L260 margin=2.425; split fraction/run=0.324/11; outer edges=7/714; body=8.0+/-3.0/714.0+/-2.0; switch onset=L260; last complete picture=L259; band bottom=L262",259,286,522,525,525,direct,"SP recording; raw first pass-through row is picture; VBI ends at L285; raw three-third displacement L522=1.101,0.905,1.039/L523=4.584,4.751,14.252/L524=5.651,0.062,0.093/L525=0.135,0.057,0.082; peak=L523 margin=8.601; split fraction/run=0.155/10; outer edges=10/714; body=8.0+/-3.5/714.0+/-2.0; switch onset=L523; last complete picture=L522; band bottom=L525",522,0,0
472,13972,23,259,262,262,direct,"SP recording; raw picture onset against blank/body midpoint=54.500; VBI=none; raw three-third displacement L259=1.471,1.306,1.016/L260=1.119,1.187,9.633/L261=8.880,4.797,4.730/L262=0.127,0.075,0.088; peak=L260 margin=0.753; split fraction/run=0.460/13; outer edges=9/714; body=7.0+/-3.0/714.0+/-2.0; switch onset=L260; last complete picture=L259; band bottom=L262",259,286,522,525,525,direct,"SP recording; raw first pass-through row is picture; VBI ends at L285; raw three-third displacement L522=1.008,0.913,0.868/L523=9.071,4.673,14.182/L524=0.114,0.062,0.083/L525=0.140,0.065,0.095; peak=L523 margin=13.174; split fraction/run=0.094/13; outer edges=6/714; body=8.0+/-4.0/714.0+/-2.0; switch onset=L523; last complete picture=L522; band bottom=L525",522,0,0
473,13973,23,258,262,262,direct,"SP recording; raw picture onset against blank/body midpoint=53.500; VBI=none; raw three-third displacement L259=2.014,2.200,10.007/L260=8.158,5.267,5.091/L261=0.130,0.062,0.074/L262=0.121,0.072,0.107; peak=L259 margin=1.849; split fraction/run=0.343/11; outer edges=8/714; body=7.0+/-5.0/714.0+/-2.0; switch onset=L259; last complete picture=L258; band bottom=L262",258,286,522,525,525,cv_inspected,"SP recording; raw first pass-through row is picture; VBI ends at L285; raw three-third displacement L522=1.179,1.020,1.055/L523=1.001,1.084,8.557/L524=8.948,4.913,7.103/L525=0.145,0.068,0.092; peak=L524 margin=0.391; split fraction/run=0.416/89; outer edges=5/714; body=8.0+/-4.0/714.0+/-2.0; switch onset=L523; last complete picture=L522; band bottom=L525; row Y(mean/std) L285=1.361/0.480 L286=131.992/42.918 L287=136.100/31.445 L522=95.761/53.788 L523=73.778/49.166 L525=10.409/0.856",522,0,0
474,13974,25,261,-1,262,direct,"SP recording; raw VBI waveform L23; intervening tape row; picture follows; raw three-third displacement L259=1.218,1.391,0.883/L260=1.324,1.243,0.885/L261=1.022,1.009,0.635/L262=3.374,4.535,14.386; peak=L262 margin=12.995; split fraction/run=0.211/8; outer edges=7/714; body=7.0+/-4.0/714.0+/-2.0; switch onset=L262; last complete picture=L261; band bottom=none at clip",261,286,521,525,525,direct,"SP recording; raw first pass-through row is picture; VBI ends at L285; raw three-third displacement L522=1.890,2.365,9.726/L523=7.813,5.335,5.695/L524=0.136,0.063,0.072/L525=0.119,0.089,0.121; peak=L522 margin=1.913; split fraction/run=0.319/11; outer edges=8/714; body=7.0+/-4.0/714.0+/-2.0; switch onset=L522; last complete picture=L521; band bottom=L525",521,2,0
475,13975,25,261,-1,262,direct,"SP recording; raw VBI waveform L23; intervening tape row; picture follows; raw three-third displacement L259=1.132,1.309,0.776/L260=1.279,1.361,0.917/L261=0.851,0.927,0.973/L262=3.049,4.669,14.260; peak=L262 margin=12.899; split fraction/run=0.216/12; outer edges=7/714; body=7.0+/-4.0/714.0+/-2.0; switch onset=L262; last complete picture=L261; band bottom=none at clip",261,286,521,525,525,direct,"SP recording; raw first pass-through row is picture; VBI ends at L285; raw three-third displacement L522=1.230,1.030,8.174/L523=9.277,4.852,6.327/L524=0.128,0.067,0.098/L525=0.110,0.078,0.111; peak=L523 margin=1.103; split fraction/run=0.449/96; outer edges=6/714; body=8.0+/-4.0/714.0+/-2.0; switch onset=L522; last complete picture=L521; band bottom=L525",521,2,0
476,13976,25,261,-1,262,direct,"SP recording; raw VBI waveform L23; intervening tape row; picture follows; raw three-third displacement L259=1.295,1.322,0.822/L260=1.509,1.231,0.808/L261=1.108,0.984,0.812/L262=4.119,4.694,14.595; peak=L262 margin=13.086; split fraction/run=0.235/13; outer edges=7/714; body=8.0+/-3.0/714.0+/-2.0; switch onset=L262; last complete picture=L261; band bottom=none at clip",261,286,521,525,525,direct,"SP recording; raw first pass-through row is picture; VBI ends at L285; raw three-third displacement L522=1.829,1.849,9.653/L523=8.353,4.884,4.662/L524=0.130,0.067,0.075/L525=0.130,0.082,0.131; peak=L522 margin=1.300; split fraction/run=0.333/10; outer edges=8/714; body=8.0+/-3.0/714.0+/-2.0; switch onset=L522; last complete picture=L521; band bottom=L525",521,2,0
477,13977,25,261,-1,262,direct,"SP recording; raw VBI waveform L23; intervening tape row; picture follows; raw three-third displacement L259=1.327,1.299,0.949/L260=1.311,1.191,0.863/L261=0.972,0.787,0.836/L262=9.174,4.442,14.951; peak=L262 margin=13.625; split fraction/run=0.127/8; outer edges=9/714; body=7.0+/-4.0/714.0+/-2.0; switch onset=L262; last complete picture=L261; band bottom=none at clip",261,286,521,525,525,direct,"SP recording; raw first pass-through row is picture; VBI ends at L285; raw three-third displacement L522=1.427,1.941,10.021/L523=8.083,5.029,4.608/L524=0.134,0.073,0.095/L525=0.121,0.082,0.118; peak=L522 margin=1.938; split fraction/run=0.296/15; outer edges=8/714; body=8.0+/-4.0/714.0+/-2.0; switch onset=L522; last complete picture=L521; band bottom=L525",521,2,0
478,13978,25,261,-1,262,direct,"SP recording; raw VBI waveform L23; intervening tape row; picture follows; raw three-third displacement L259=1.154,1.379,0.695/L260=1.241,1.241,0.810/L261=1.139,0.942,0.888/L262=3.923,4.371,14.312; peak=L262 margin=12.933; split fraction/run=0.263/10; outer edges=8/714; body=8.0+/-4.0/714.0+/-2.0; switch onset=L262; last complete picture=L261; band bottom=none at clip",261,286,521,525,525,cv_inspected,"SP recording; raw first pass-through row is picture; VBI ends at L285; raw three-third displacement L522=1.134,0.999,9.104/L523=8.772,4.654,5.343/L524=0.138,0.074,0.086/L525=0.112,0.079,0.112; peak=L522 margin=0.332; split fraction/run=0.347/12; outer edges=8/714; body=8.0+/-4.0/714.0+/-2.0; switch onset=L522; last complete picture=L521; band bottom=L525; row Y(mean/std) L285=1.398/0.490 L286=138.522/31.707 L287=141.898/29.117 L521=97.680/54.519 L522=67.827/47.139 L525=9.986/0.990",521,2,0
479,13979,25,261,-1,262,direct,"SP recording; raw VBI waveform L23; intervening tape row; picture follows; raw three-third displacement L259=1.265,1.277,0.823/L260=1.510,1.460,0.807/L261=1.075,0.910,0.886/L262=3.610,4.502,14.930; peak=L262 margin=13.420; split fraction/run=0.286/10; outer edges=11/714; body=7.0+/-4.0/714.0+/-2.0; switch onset=L262; last complete picture=L261; band bottom=none at clip",261,286,521,525,525,direct,"SP recording; raw first pass-through row is picture; VBI ends at L285; raw three-third displacement L522=1.616,1.475,9.236/L523=8.412,4.710,5.130/L524=0.152,0.075,0.092/L525=0.126,0.089,0.122; peak=L522 margin=0.824; split fraction/run=0.357/10; outer edges=8/714; body=7.0+/-3.0/714.0+/-2.0; switch onset=L522; last complete picture=L521; band bottom=L525",521,2,0
480,13980,25,261,-1,262,direct,"SP recording; raw VBI waveform L23; intervening tape row; picture follows; raw three-third displacement L259=1.413,1.226,0.808/L260=1.408,1.425,0.769/L261=1.104,0.836,0.919/L262=3.130,4.551,14.630; peak=L262 margin=13.205; split fraction/run=0.230/12; outer edges=8/714; body=7.0+/-4.0/714.0+/-2.0; switch onset=L262; last complete picture=L261; band bottom=none at clip",261,286,521,525,525,direct,"SP recording; raw first pass-through row is picture; VBI ends at L285; raw three-third displacement L522=1.602,1.568,9.827/L523=8.258,4.879,5.416/L524=0.163,0.072,0.080/L525=0.123,0.074,0.124; peak=L522 margin=1.569; split fraction/run=0.366/11; outer edges=7/714; body=7.0+/-4.0/714.0+/-2.0; switch onset=L522; last complete picture=L521; band bottom=L525",521,2,0
481,13981,25,261,-1,262,direct,"SP recording; raw VBI waveform L23; intervening tape row; picture follows; raw three-third displacement L259=1.075,1.271,0.814/L260=1.406,1.310,0.858/L261=1.019,0.807,0.743/L262=2.751,4.477,14.627; peak=L262 margin=13.221; split fraction/run=0.188/6; outer edges=7/714; body=7.0+/-4.0/714.0+/-2.0; switch onset=L262; last complete picture=L261; band bottom=none at clip",261,286,521,525,525,cv_inspected,"SP recording; raw first pass-through row is picture; VBI ends at L285; raw three-third displacement L522=1.044,1.107,7.719/L523=9.026,4.860,6.452/L524=0.163,0.076,0.095/L525=0.134,0.081,0.109; peak=L523 margin=1.307; split fraction/run=0.425/90; outer edges=6/714; body=7.0+/-4.0/714.0+/-2.0; switch onset=L522; last complete picture=L521; band bottom=L525; row Y(mean/std) L285=1.392/0.488 L286=135.994/31.997 L287=140.002/28.798 L521=92.431/52.949 L522=72.059/47.543 L525=9.944/0.913",521,2,0
482,13982,25,261,-1,262,direct,"SP recording; raw VBI waveform L23; intervening tape row; picture follows; raw three-third displacement L259=1.529,1.258,0.831/L260=1.235,1.210,0.796/L261=1.133,1.278,0.972/L262=2.718,4.817,14.512; peak=L262 margin=12.983; split fraction/run=0.305/13; outer edges=7/714; body=8.0+/-3.5/714.0+/-2.0; switch onset=L262; last complete picture=L261; band bottom=none at clip",261,286,521,525,525,cv_inspected,"SP recording; raw first pass-through row is picture; VBI ends at L285; raw three-third displacement L522=1.519,1.882,9.000/L523=8.266,5.425,7.015/L524=0.151,0.071,0.079/L525=0.101,0.077,0.120; peak=L522 margin=0.734; split fraction/run=0.268/13; outer edges=8/714; body=7.0+/-4.0/714.0+/-2.0; switch onset=L522; last complete picture=L521; band bottom=L525; row Y(mean/std) L285=1.380/0.485 L286=138.745/31.177 L287=140.486/28.821 L521=94.844/52.823 L522=73.183/49.028 L525=9.956/0.865",521,2,0
483,13983,25,261,-1,262,direct,"SP recording; raw VBI waveform L23; intervening tape row; picture follows; raw three-third displacement L259=1.165,1.376,0.853/L260=1.392,1.253,0.918/L261=0.879,1.316,1.029/L262=2.258,4.799,14.219; peak=L262 margin=12.828; split fraction/run=0.216/11; outer edges=8/714; body=7.0+/-4.0/714.0+/-2.0; switch onset=L262; last complete picture=L261; band bottom=none at clip",261,286,521,525,525,direct,"SP recording; raw first pass-through row is picture; VBI ends at L285; raw three-third displacement L522=1.215,1.098,6.924/L523=9.103,5.137,7.039/L524=0.102,0.065,0.075/L525=0.130,0.082,0.125; peak=L523 margin=2.178; split fraction/run=0.374/80; outer edges=8/600; body=8.0+/-4.0/714.0+/-2.0; switch onset=L522; last complete picture=L521; band bottom=L525",521,2,0
484,13984,25,261,-1,262,direct,"SP recording; raw VBI waveform L23; intervening tape row; picture follows; raw three-third displacement L259=1.136,1.170,0.814/L260=1.252,0.899,0.699/L261=1.040,1.221,0.860/L262=3.122,4.534,14.276; peak=L262 margin=13.024; split fraction/run=0.202/8; outer edges=7/714; body=7.0+/-5.0/714.0+/-2.0; switch onset=L262; last complete picture=L261; band bottom=none at clip",261,286,521,525,525,cv_inspected,"SP recording; raw first pass-through row is picture; VBI ends at L285; raw three-third displacement L522=1.535,2.047,8.245/L523=8.570,5.136,7.058/L524=0.138,0.067,0.083/L525=0.130,0.087,0.125; peak=L523 margin=0.325; split fraction/run=0.425/84; outer edges=0/714; body=7.0+/-5.0/714.0+/-2.0; switch onset=L522; last complete picture=L521; band bottom=L525; row Y(mean/std) L285=1.369/0.482 L286=137.700/30.394 L287=141.812/28.526 L521=92.723/53.109 L522=72.872/48.549 L525=10.044/0.946",521,2,0
485,13985,25,261,-1,262,direct,"SP recording; raw VBI waveform L23; intervening tape row; picture follows; raw three-third displacement L259=1.153,1.245,0.920/L260=1.186,0.971,0.879/L261=1.178,1.251,0.851/L262=2.360,4.446,14.566; peak=L262 margin=13.316; split fraction/run=0.343/10; outer edges=10/714; body=8.0+/-3.5/714.0+/-2.0; switch onset=L262; last complete picture=L261; band bottom=none at clip",261,286,521,525,525,cv_inspected,"SP recording; raw first pass-through row is picture; VBI ends at L285; raw three-third displacement L522=1.153,1.508,7.231/L523=9.008,4.966,6.655/L524=0.129,0.071,0.074/L525=0.120,0.073,0.122; peak=L523 margin=1.777; split fraction/run=0.416/89; outer edges=7/714; body=7.0+/-4.0/714.0+/-2.0; switch onset=L522; last complete picture=L521; band bottom=L525; row Y(mean/std) L285=1.370/0.483 L286=137.177/32.672 L287=141.175/29.050 L521=92.844/53.412 L522=73.191/47.360 L525=10.198/0.903",521,2,0
486,13986,25,261,-1,262,direct,"SP recording; raw VBI waveform L23; intervening tape row; picture follows; raw three-third displacement L259=1.064,1.127,0.747/L260=1.135,1.032,0.791/L261=1.019,1.441,1.030/L262=3.187,4.458,14.542; peak=L262 margin=13.101; split fraction/run=0.230/8; outer edges=8/714; body=7.0+/-4.0/714.0+/-2.0; switch onset=L262; last complete picture=L261; band bottom=none at clip",261,286,521,525,525,cv_inspected,"SP recording; raw first pass-through row is picture; VBI ends at L285; raw three-third displacement L522=1.666,2.288,7.859/L523=8.013,4.396,6.852/L524=0.127,0.061,0.074/L525=0.122,0.075,0.117; peak=L523 margin=0.154; split fraction/run=0.425/86; outer edges=0/714; body=7.0+/-5.0/714.0+/-2.0; switch onset=L522; last complete picture=L521; band bottom=L525; row Y(mean/std) L285=1.378/0.485 L286=137.456/32.338 L287=140.786/29.867 L521=92.848/52.266 L522=70.900/48.258 L525=10.008/0.872",521,2,0
487,13987,25,261,-1,262,direct,"SP recording; raw VBI waveform L23; intervening tape row; picture follows; raw three-third displacement L259=1.239,1.085,0.868/L260=1.432,0.792,0.828/L261=0.894,0.895,0.886/L262=1.632,4.380,14.482; peak=L262 margin=13.049; split fraction/run=0.192/6; outer edges=9/714; body=7.0+/-4.0/714.0+/-2.0; switch onset=L262; last complete picture=L261; band bottom=none at clip",261,286,521,525,525,direct,"SP recording; raw first pass-through row is picture; VBI ends at L285; raw three-third displacement L522=1.744,1.805,6.830/L523=8.453,4.702,7.693/L524=0.117,0.068,0.066/L525=0.102,0.074,0.092; peak=L523 margin=1.623; split fraction/run=0.346/72; outer edges=0/605; body=8.0+/-4.0/714.0+/-2.0; switch onset=L522; last complete picture=L521; band bottom=L525",521,2,0
488,13988,24,260,262,262,direct,"SP recording; raw picture onset against blank/body midpoint=54.500; VBI=none; raw three-third displacement L259=1.010,0.666,0.962/L260=0.874,1.021,0.909/L261=1.722,4.267,14.900/L262=8.475,0.065,0.063; peak=L261 margin=6.425; split fraction/run=0.216/7; outer edges=7/714; body=7.0+/-5.0/714.0+/-2.0; switch onset=L261; last complete picture=L260; band bottom=L262",260,286,521,525,525,direct,"SP recording; raw first pass-through row is picture; VBI ends at L285; raw three-third displacement L522=1.038,1.251,6.080/L523=8.726,4.091,8.016/L524=0.131,0.059,0.065/L525=0.104,0.072,0.115; peak=L523 margin=2.646; split fraction/run=0.313/64; outer edges=6/613; body=8.0+/-3.0/714.0+/-2.0; switch onset=L522; last complete picture=L521; band bottom=L525",521,1,0
489,13989,24,260,262,262,direct,"SP recording; raw picture onset against blank/body midpoint=55.000; VBI=none; raw three-third displacement L259=1.321,0.673,0.949/L260=0.926,0.715,0.852/L261=1.791,3.855,14.064/L262=8.422,0.056,0.071; peak=L261 margin=5.642; split fraction/run=0.258/7; outer edges=9/714; body=7.0+/-4.3/714.0+/-2.0; switch onset=L261; last complete picture=L260; band bottom=L262",260,286,521,525,525,direct,"SP recording; raw first pass-through row is picture; VBI ends at L285; raw three-third displacement L522=1.867,1.815,7.036/L523=8.227,4.003,8.836/L524=0.149,0.079,0.075/L525=0.123,0.083,0.109; peak=L523 margin=1.800; split fraction/run=0.322/58; outer edges=0/619; body=7.0+/-5.0/714.0+/-2.0; switch onset=L522; last complete picture=L521; band bottom=L525",521,1,0
490,13990,24,260,262,262,direct,"SP recording; raw picture onset against blank/body midpoint=54.500; VBI=none; raw three-third displacement L259=1.385,0.567,0.821/L260=0.966,0.610,0.863/L261=1.008,3.803,13.391/L262=8.963,0.060,0.071; peak=L261 margin=4.428; split fraction/run=0.343/16; outer edges=7/714; body=8.0+/-3.0/714.0+/-2.0; switch onset=L261; last complete picture=L260; band bottom=L262",260,286,521,525,525,direct,"SP recording; raw first pass-through row is picture; VBI ends at L285; raw three-third displacement L522=1.434,1.031,5.253/L523=8.909,3.455,8.527/L524=0.120,0.067,0.080/L525=0.113,0.084,0.114; peak=L523 margin=3.655; split fraction/run=0.290/54; outer edges=6/623; body=8.0+/-4.0/714.0+/-2.0; switch onset=L522; last complete picture=L521; band bottom=L525",521,1,0
491,13991,24,260,262,262,direct,"SP recording; raw picture onset against blank/body midpoint=55.500; VBI=none; raw three-third displacement L259=1.388,0.658,0.894/L260=1.071,0.666,0.893/L261=1.563,3.821,14.037/L262=8.839,0.066,0.079; peak=L261 margin=5.198; split fraction/run=0.352/12; outer edges=8/714; body=7.0+/-4.0/714.0+/-2.0; switch onset=L261; last complete picture=L260; band bottom=L262",260,286,521,525,525,direct,"SP recording; raw first pass-through row is picture; VBI ends at L285; raw three-third displacement L522=2.418,1.665,6.541/L523=8.717,3.943,9.179/L524=0.121,0.071,0.081/L525=0.118,0.073,0.107; peak=L523 margin=2.639; split fraction/run=0.290/55; outer edges=0/622; body=8.0+/-4.0/714.0+/-2.0; switch onset=L522; last complete picture=L521; band bottom=L525",521,1,0
492,13992,24,260,262,262,direct,"SP recording; raw picture onset against blank/body midpoint=54.500; VBI=none; raw three-third displacement L259=1.265,0.645,0.608/L260=0.915,0.782,0.873/L261=1.135,3.601,13.549/L262=9.754,0.064,0.064; peak=L261 margin=3.795; split fraction/run=0.221/8; outer edges=7/714; body=7.0+/-4.0/714.0+/-2.0; switch onset=L261; last complete picture=L260; band bottom=L262",260,286,521,525,525,direct,"SP recording; raw first pass-through row is picture; VBI ends at L285; raw three-third displacement L522=1.289,0.857,3.522/L523=8.823,3.527,11.167/L524=0.131,0.070,0.078/L525=0.111,0.083,0.115; peak=L523 margin=7.645; split fraction/run=0.131/28; outer edges=5/649; body=7.0+/-4.0/714.0+/-2.0; switch onset=L522; last complete picture=L521; band bottom=L525",521,1,0
493,13993,24,260,262,262,direct,"SP recording; raw picture onset against blank/body midpoint=55.000; VBI=none; raw three-third displacement L259=1.504,0.686,0.769/L260=1.020,0.613,0.920/L261=1.687,3.707,13.243/L262=8.568,0.075,0.063; peak=L261 margin=4.674; split fraction/run=0.286/13; outer edges=7/714; body=7.0+/-5.0/714.0+/-2.0; switch onset=L261; last complete picture=L260; band bottom=L262",260,286,521,525,525,direct,"SP recording; raw first pass-through row is picture; VBI ends at L285; raw three-third displacement L522=1.856,1.285,5.315/L523=8.497,3.849,10.039/L524=0.130,0.064,0.067/L525=0.119,0.068,0.095; peak=L523 margin=4.725; split fraction/run=0.229/41; outer edges=0/636; body=8.0+/-4.0/714.0+/-2.0; switch onset=L522; last complete picture=L521; band bottom=L525",521,1,0
494,13994,24,260,262,262,direct,"SP recording; raw picture onset against blank/body midpoint=55.000; VBI=none; raw three-third displacement L259=1.374,0.688,0.850/L260=1.037,0.708,0.708/L261=1.132,3.616,13.216/L262=9.130,0.069,0.079; peak=L261 margin=4.087; split fraction/run=0.362/14; outer edges=7/714; body=7.0+/-4.4/714.0+/-2.0; switch onset=L261; last complete picture=L260; band bottom=L262",260,286,521,525,525,direct,"SP recording; raw first pass-through row is picture; VBI ends at L285; raw three-third displacement L522=1.092,0.762,4.553/L523=8.737,3.417,9.516/L524=0.125,0.072,0.075/L525=0.102,0.068,0.115; peak=L523 margin=4.963; split fraction/run=0.210/45; outer edges=5/632; body=8.0+/-3.0/714.0+/-2.0; switch onset=L522; last complete picture=L521; band bottom=L525",521,1,0
495,13995,24,260,262,262,direct,"SP recording; raw picture onset against blank/body midpoint=55.000; VBI=none; raw three-third displacement L259=1.022,0.646,0.772/L260=0.743,0.677,0.921/L261=1.547,3.698,14.136/L262=8.804,0.056,0.068; peak=L261 margin=5.332; split fraction/run=0.192/7; outer edges=7/714; body=7.0+/-4.0/714.0+/-2.0; switch onset=L261; last complete picture=L260; band bottom=L262",260,286,521,525,525,direct,"SP recording; raw first pass-through row is picture; VBI ends at L285; raw three-third displacement L522=1.203,0.695,5.387/L523=8.547,3.611,8.766/L524=0.132,0.071,0.084/L525=0.118,0.069,0.120; peak=L523 margin=3.379; split fraction/run=0.266/57; outer edges=6/620; body=7.0+/-4.0/714.0+/-2.0; switch onset=L522; last complete picture=L521; band bottom=L525",521,1,0
496,13996,24,260,262,262,direct,"SP recording; raw picture onset against blank/body midpoint=55.000; VBI=none; raw three-third displacement L259=1.168,0.601,0.653/L260=0.934,0.671,0.903/L261=1.687,3.664,14.057/L262=8.995,0.064,0.078; peak=L261 margin=5.062; split fraction/run=0.230/11; outer edges=8/714; body=8.0+/-3.0/714.0+/-2.0; switch onset=L261; last complete picture=L260; band bottom=L262",260,286,521,525,525,direct,"SP recording; raw first pass-through row is picture; VBI ends at L285; raw three-third displacement L522=1.742,1.555,5.848/L523=8.843,4.381,9.947/L524=0.122,0.081,0.081/L525=0.099,0.090,0.106; peak=L523 margin=4.099; split fraction/run=0.248/46; outer edges=0/631; body=8.0+/-4.0/714.0+/-2.0; switch onset=L522; last complete picture=L521; band bottom=L525",521,1,0
497,13997,24,260,262,262,direct,"SP recording; raw picture onset against blank/body midpoint=55.500; VBI=none; raw three-third displacement L259=1.292,0.893,0.820/L260=0.700,0.672,0.686/L261=0.980,3.874,13.528/L262=9.598,0.064,0.078; peak=L261 margin=3.929; split fraction/run=0.230/7; outer edges=7/714; body=7.0+/-5.0/714.0+/-2.0; switch onset=L261; last complete picture=L260; band bottom=L262",260,286,521,525,525,direct,"SP recording; raw first pass-through row is picture; VBI ends at L285; raw three-third displacement L522=1.182,0.731,4.548/L523=8.762,3.524,9.984/L524=0.138,0.061,0.068/L525=0.123,0.066,0.100; peak=L523 margin=5.436; split fraction/run=0.196/42; outer edges=5/635; body=7.0+/-5.0/714.0+/-2.0; switch onset=L522; last complete picture=L521; band bottom=L525",521,1,0
498,13998,24,260,262,262,direct,"SP recording; raw picture onset against blank/body midpoint=55.000; VBI=none; raw three-third displacement L259=1.213,0.613,0.804/L260=1.090,0.634,0.854/L261=1.315,3.632,13.448/L262=8.803,0.066,0.081; peak=L261 margin=4.646; split fraction/run=0.305/13; outer edges=7/714; body=7.0+/-5.0/714.0+/-2.0; switch onset=L261; last complete picture=L260; band bottom=L262",260,286,521,525,525,direct,"SP recording; raw first pass-through row is picture; VBI ends at L285; raw three-third displacement L522=1.001,0.675,3.781/L523=8.989,3.664,10.531/L524=0.124,0.059,0.078/L525=0.137,0.069,0.105; peak=L523 margin=6.750; split fraction/run=0.164/34; outer edges=5/644; body=8.0+/-3.5/714.0+/-2.0; switch onset=L522; last complete picture=L521; band bottom=L525",521,1,0
499,13999,24,260,262,262,direct,"SP recording; raw picture onset against blank/body midpoint=55.000; VBI=none; raw three-third displacement L259=1.374,0.642,0.728/L260=0.964,0.736,0.840/L261=1.568,3.488,13.224/L262=8.909,0.067,0.079; peak=L261 margin=4.315; split fraction/run=0.272/12; outer edges=8/714; body=8.0+/-3.0/714.0+/-2.0; switch onset=L261; last complete picture=L260; band bottom=L262",260,286,521,525,525,direct,"SP recording; raw first pass-through row is picture; VBI ends at L285; raw three-third displacement L522=1.088,0.607,3.612/L523=9.036,3.507,10.398/L524=0.114,0.067,0.084/L525=0.129,0.080,0.104; peak=L523 margin=6.786; split fraction/run=0.154/33; outer edges=8/644; body=8.0+/-4.0/714.0+/-2.0; switch onset=L522; last complete picture=L521; band bottom=L525",521,1,0
500,14000,24,260,262,262,direct,"SP recording; raw picture onset against blank/body midpoint=55.000; VBI=none; raw three-third displacement L259=1.256,0.729,0.623/L260=0.910,0.673,0.764/L261=1.338,3.820,13.658/L262=8.967,0.071,0.089; peak=L261 margin=4.691; split fraction/run=0.319/10; outer edges=7/714; body=7.0+/-4.0/714.0+/-2.0; switch onset=L261; last complete picture=L260; band bottom=L262",260,286,521,525,525,direct,"SP recording; raw first pass-through row is picture; VBI ends at L285; raw three-third displacement L522=2.053,1.646,4.808/L523=7.925,3.938,11.464/L524=0.133,0.076,0.076/L525=0.129,0.092,0.112; peak=L523 margin=6.656; split fraction/run=0.216/30; outer edges=1/647; body=8.0+/-3.5/714.0+/-2.0; switch onset=L522; last complete picture=L521; band bottom=L525",521,1,0
501,14001,24,260,262,262,direct,"SP recording; raw picture onset against blank/body midpoint=55.500; VBI=none; raw three-third displacement L259=1.234,0.693,0.774/L260=0.755,0.750,0.809/L261=1.064,3.863,14.168/L262=9.850,0.065,0.087; peak=L261 margin=4.318; split fraction/run=0.178/11; outer edges=9/714; body=8.0+/-3.5/714.0+/-2.0; switch onset=L261; last complete picture=L260; band bottom=L262",260,286,521,525,525,direct,"SP recording; raw first pass-through row is picture; VBI ends at L285; raw three-third displacement L522=1.459,1.425,3.983/L523=8.250,3.765,10.793/L524=0.137,0.058,0.074/L525=0.111,0.088,0.118; peak=L523 margin=6.810; split fraction/run=0.164/27; outer edges=0/651; body=7.0+/-4.0/714.0+/-2.0; switch onset=L522; last complete picture=L521; band bottom=L525",521,1,0
502,14002,24,260,262,262,direct,"SP recording; raw picture onset against blank/body midpoint=55.500; VBI=none; raw three-third displacement L259=1.386,0.636,0.785/L260=1.019,0.725,0.838/L261=1.035,4.000,13.818/L262=9.666,0.066,0.087; peak=L261 margin=4.152; split fraction/run=0.347/9; outer edges=7/714; body=8.0+/-4.0/714.0+/-2.0; switch onset=L261; last complete picture=L260; band bottom=L262",260,286,521,525,525,direct,"SP recording; raw first pass-through row is picture; VBI ends at L285; raw three-third displacement L522=1.900,1.618,5.123/L523=8.407,4.031,10.547/L524=0.135,0.068,0.075/L525=0.118,0.081,0.102; peak=L523 margin=5.424; split fraction/run=0.201/34; outer edges=0/643; body=8.0+/-4.0/714.0+/-2.0; switch onset=L522; last complete picture=L521; band bottom=L525",521,1,0
503,14003,24,260,262,262,direct,"SP recording; raw picture onset against blank/body midpoint=55.500; VBI=none; raw three-third displacement L259=1.079,0.599,0.674/L260=0.989,0.752,0.825/L261=1.728,3.976,13.709/L262=8.792,0.067,0.093; peak=L261 margin=4.916; split fraction/run=0.338/12; outer edges=7/714; body=8.0+/-4.0/714.0+/-2.0; switch onset=L261; last complete picture=L260; band bottom=L262",260,286,521,525,525,direct,"SP recording; raw first pass-through row is picture; VBI ends at L285; raw three-third displacement L522=1.056,0.756,2.890/L523=8.936,3.603,11.532/L524=0.113,0.066,0.074/L525=0.115,0.079,0.102; peak=L523 margin=8.641; split fraction/run=0.108/23; outer edges=7/654; body=8.0+/-4.0/714.0+/-2.0; switch onset=L522; last complete picture=L521; band bottom=L525",521,1,0
504,14004,24,260,262,262,direct,"SP recording; raw picture onset against blank/body midpoint=55.500; VBI=none; raw three-third displacement L259=1.302,0.729,0.761/L260=0.988,0.696,0.878/L261=1.716,3.873,13.951/L262=8.817,0.060,0.084; peak=L261 margin=5.134; split fraction/run=0.221/7; outer edges=8/714; body=8.0+/-3.5/714.0+/-2.0; switch onset=L261; last complete picture=L260; band bottom=L262",260,286,521,525,525,direct,"SP recording; raw first pass-through row is picture; VBI ends at L285; raw three-third displacement L522=1.209,0.836,3.485/L523=8.835,3.487,10.611/L524=0.121,0.059,0.068/L525=0.112,0.057,0.120; peak=L523 margin=7.126; split fraction/run=0.136/29; outer edges=5/648; body=7.0+/-5.0/714.0+/-2.0; switch onset=L522; last complete picture=L521; band bottom=L525",521,1,0
505,14005,24,260,262,262,direct,"SP recording; raw picture onset against blank/body midpoint=55.500; VBI=none; raw three-third displacement L259=1.335,0.706,0.790/L260=0.916,0.586,0.843/L261=1.208,3.702,13.692/L262=9.229,0.070,0.073; peak=L261 margin=4.463; split fraction/run=0.268/8; outer edges=7/714; body=7.0+/-5.0/714.0+/-2.0; switch onset=L261; last complete picture=L260; band bottom=L262",260,286,521,525,525,direct,"SP recording; raw first pass-through row is picture; VBI ends at L285; raw three-third displacement L522=1.095,0.785,4.473/L523=8.704,3.670,9.872/L524=0.163,0.081,0.111/L525=0.122,0.082,0.109; peak=L523 margin=5.399; split fraction/run=0.201/43; outer edges=5/634; body=7.0+/-5.0/714.0+/-2.0; switch onset=L522; last complete picture=L521; band bottom=L525",521,1,0
506,14006,24,260,262,262,direct,"SP recording; raw picture onset against blank/body midpoint=55.000; VBI=none; raw three-third displacement L259=1.092,0.636,0.817/L260=0.886,0.591,0.819/L261=1.140,3.851,14.019/L262=9.036,0.067,0.074; peak=L261 margin=4.983; split fraction/run=0.263/8; outer edges=8/714; body=7.0+/-5.0/714.0+/-2.0; switch onset=L261; last complete picture=L260; band bottom=L262",260,286,521,525,525,direct,"SP recording; raw first pass-through row is picture; VBI ends at L285; raw three-third displacement L522=1.922,2.076,7.679/L523=8.612,3.998,8.923/L524=0.150,0.070,0.089/L525=0.143,0.075,0.117; peak=L523 margin=1.244; split fraction/run=0.332/60; outer edges=2/617; body=7.0+/-5.0/714.0+/-2.0; switch onset=L522; last complete picture=L521; band bottom=L525",521,1,0
507,14007,24,260,262,262,direct,"SP recording; raw picture onset against blank/body midpoint=55.000; VBI=none; raw three-third displacement L259=1.250,0.720,0.863/L260=1.130,0.651,0.795/L261=1.554,3.677,13.697/L262=8.323,0.074,0.076; peak=L261 margin=5.373; split fraction/run=0.408/11; outer edges=7/714; body=7.0+/-4.4/714.0+/-2.0; switch onset=L261; last complete picture=L260; band bottom=L262",260,286,521,525,525,direct,"SP recording; raw first pass-through row is picture; VBI ends at L285; raw three-third displacement L522=2.244,1.961,7.039/L523=8.461,4.281,8.863/L524=0.140,0.069,0.076/L525=0.149,0.083,0.112; peak=L523 margin=1.824; split fraction/run=0.313/57; outer edges=16/620; body=8.0+/-4.0/714.0+/-2.0; switch onset=L522; last complete picture=L521; band bottom=L525",521,1,0
508,14008,24,260,262,262,direct,"SP recording; raw picture onset against blank/body midpoint=55.500; VBI=none; raw three-third displacement L259=1.141,0.506,0.786/L260=1.022,0.611,0.759/L261=1.260,4.015,13.905/L262=9.287,0.074,0.079; peak=L261 margin=4.619; split fraction/run=0.249/12; outer edges=7/714; body=7.0+/-5.0/714.0+/-2.0; switch onset=L261; last complete picture=L260; band bottom=L262",260,286,521,525,525,direct,"SP recording; raw first pass-through row is picture; VBI ends at L285; raw three-third displacement L522=2.063,2.306,6.821/L523=8.249,4.085,9.608/L524=0.123,0.066,0.083/L525=0.121,0.073,0.121; peak=L523 margin=2.787; split fraction/run=0.299/49; outer edges=16/628; body=8.0+/-4.0/714.0+/-2.0; switch onset=L522; last complete picture=L521; band bottom=L525",521,1,0
509,14009,24,260,262,262,direct,"SP recording; raw picture onset against blank/body midpoint=56.000; VBI=none; raw three-third displacement L259=1.272,0.679,0.738/L260=0.825,1.164,0.786/L261=1.155,4.156,14.048/L262=9.000,0.069,0.078; peak=L261 margin=5.048; split fraction/run=0.230/8; outer edges=8/714; body=7.0+/-4.4/714.0+/-2.0; switch onset=L261; last complete picture=L260; band bottom=L262",260,286,521,525,525,direct,"SP recording; raw first pass-through row is picture; VBI ends at L285; raw three-third displacement L522=2.226,2.219,6.213/L523=8.053,4.443,10.015/L524=0.123,0.056,0.081/L525=0.136,0.066,0.120; peak=L523 margin=3.802; split fraction/run=0.257/49; outer edges=15/628; body=7.0+/-5.0/714.0+/-2.0; switch onset=L522; last complete picture=L521; band bottom=L525",521,1,0
510,14010,24,260,262,262,direct,"SP recording; raw picture onset against blank/body midpoint=55.500; VBI=none; raw three-third displacement L259=1.253,0.753,0.859/L260=0.867,1.129,0.804/L261=1.079,4.292,14.330/L262=9.475,0.064,0.071; peak=L261 margin=4.854; split fraction/run=0.239/7; outer edges=8/714; body=7.0+/-4.0/714.0+/-2.0; switch onset=L261; last complete picture=L260; band bottom=L262",260,286,521,525,525,direct,"SP recording; raw first pass-through row is picture; VBI ends at L285; raw three-third displacement L522=1.291,1.340,4.181/L523=8.704,4.430,10.432/L524=0.127,0.062,0.078/L525=0.116,0.073,0.114; peak=L523 margin=6.251; split fraction/run=0.168/36; outer edges=4/641; body=7.0+/-5.0/714.0+/-2.0; switch onset=L522; last complete picture=L521; band bottom=L525",521,1,0
511,14011,24,260,262,262,direct,"SP recording; raw picture onset against blank/body midpoint=55.500; VBI=none; raw three-third displacement L259=1.291,0.894,0.846/L260=1.086,1.281,0.803/L261=1.160,4.211,13.706/L262=9.789,0.063,0.079; peak=L261 margin=3.917; split fraction/run=0.296/21; outer edges=8/714; body=8.0+/-4.0/714.0+/-2.0; switch onset=L261; last complete picture=L260; band bottom=L262",260,286,521,525,525,direct,"SP recording; raw first pass-through row is picture; VBI ends at L285; raw three-third displacement L522=1.420,1.446,4.048/L523=8.733,4.648,10.207/L524=0.126,0.062,0.092/L525=0.133,0.066,0.131; peak=L523 margin=6.159; split fraction/run=0.182/39; outer edges=7/638; body=8.0+/-3.5/714.0+/-2.0; switch onset=L522; last complete picture=L521; band bottom=L525",521,1,0
512,14012,24,260,262,262,direct,"SP recording; raw picture onset against blank/body midpoint=55.500; VBI=none; raw three-third displacement L259=1.347,0.938,0.757/L260=0.910,1.269,0.884/L261=1.021,4.403,14.270/L262=9.370,0.062,0.075; peak=L261 margin=4.900; split fraction/run=0.277/20; outer edges=8/714; body=7.0+/-4.0/714.0+/-2.0; switch onset=L261; last complete picture=L260; band bottom=L262",260,286,521,525,525,direct,"SP recording; raw first pass-through row is picture; VBI ends at L285; raw three-third displacement L522=1.369,1.560,4.346/L523=8.385,4.544,10.293/L524=0.134,0.061,0.086/L525=0.123,0.069,0.119; peak=L523 margin=5.947; split fraction/run=0.196/35; outer edges=6/642; body=7.0+/-5.0/714.0+/-2.0; switch onset=L522; last complete picture=L521; band bottom=L525",521,1,0
513,14013,24,260,262,262,direct,"SP recording; raw picture onset against blank/body midpoint=55.500; VBI=none; raw three-third displacement L259=1.360,0.872,0.666/L260=1.164,1.279,0.897/L261=1.106,4.088,14.225/L262=9.453,0.070,0.086; peak=L261 margin=4.772; split fraction/run=0.385/12; outer edges=8/714; body=7.0+/-5.0/714.0+/-2.0; switch onset=L261; last complete picture=L260; band bottom=L262",260,286,521,525,525,direct,"SP recording; raw first pass-through row is picture; VBI ends at L285; raw three-third displacement L522=1.743,2.071,5.484/L523=7.765,4.890,10.333/L524=0.104,0.062,0.076/L525=0.120,0.074,0.109; peak=L523 margin=4.849; split fraction/run=0.192/37; outer edges=16/641; body=8.0+/-4.0/714.0+/-2.0; switch onset=L522; last complete picture=L521; band bottom=L525",521,1,0
514,14014,24,260,262,262,direct,"SP recording; raw picture onset against blank/body midpoint=56.000; VBI=none; raw three-third displacement L259=1.350,1.255,0.902/L260=0.953,1.354,1.041/L261=1.225,4.652,14.131/L262=9.320,0.064,0.090; peak=L261 margin=4.812; split fraction/run=0.239/12; outer edges=10/714; body=7.0+/-5.0/714.0+/-2.0; switch onset=L261; last complete picture=L260; band bottom=L262",260,286,521,525,525,direct,"SP recording; raw first pass-through row is picture; VBI ends at L285; raw three-third displacement L522=1.383,1.329,5.342/L523=8.490,5.299,10.298/L524=0.085,0.067,0.087/L525=0.125,0.076,0.122; peak=L523 margin=4.957; split fraction/run=0.210/42; outer edges=4/635; body=8.0+/-4.0/714.0+/-2.0; switch onset=L522; last complete picture=L521; band bottom=L525",521,1,0
515,14015,24,260,262,262,direct,"SP recording; raw picture onset against blank/body midpoint=56.000; VBI=none; raw three-third displacement L259=1.404,1.119,1.016/L260=1.065,1.240,1.104/L261=1.178,4.591,14.150/L262=9.000,0.070,0.082; peak=L261 margin=5.150; split fraction/run=0.263/8; outer edges=8/714; body=7.0+/-4.0/714.0+/-2.0; switch onset=L261; last complete picture=L260; band bottom=L262",260,286,521,525,525,cv_inspected,"SP recording; raw first pass-through row is picture; VBI ends at L285; raw three-third displacement L522=2.194,2.459,7.587/L523=8.131,5.511,8.200/L524=0.133,0.066,0.080/L525=0.143,0.082,0.110; peak=L523 margin=0.613; split fraction/run=0.322/64; outer edges=15/612; body=7.0+/-4.4/714.0+/-2.0; switch onset=L522; last complete picture=L521; band bottom=L525; row Y(mean/std) L285=1.381/0.486 L286=129.963/33.290 L287=135.159/28.470 L521=95.658/53.692 L522=80.775/51.891 L525=10.725/0.873",521,1,0
516,14016,24,260,262,262,direct,"SP recording; raw picture onset against blank/body midpoint=56.000; VBI=none; raw three-third displacement L259=1.081,1.253,0.833/L260=1.021,1.317,0.962/L261=1.494,4.655,14.118/L262=8.396,0.061,0.082; peak=L261 margin=5.722; split fraction/run=0.296/12; outer edges=6/714; body=8.0+/-4.0/714.0+/-2.0; switch onset=L261; last complete picture=L260; band bottom=L262",260,286,521,525,525,direct,"SP recording; raw first pass-through row is picture; VBI ends at L285; raw three-third displacement L522=1.095,1.064,5.968/L523=8.577,4.698,9.919/L524=0.124,0.060,0.086/L525=0.108,0.076,0.129; peak=L523 margin=3.952; split fraction/run=0.248/51; outer edges=4/627; body=8.0+/-4.0/714.0+/-2.0; switch onset=L522; last complete picture=L521; band bottom=L525",521,1,0
517,14017,24,260,262,262,direct,"SP recording; raw picture onset against blank/body midpoint=56.500; VBI=none; raw three-third displacement L259=1.171,1.411,0.898/L260=0.984,0.893,1.008/L261=1.019,4.546,14.539/L262=8.983,0.059,0.084; peak=L261 margin=5.557; split fraction/run=0.277/10; outer edges=9/714; body=8.0+/-3.5/714.0+/-2.0; switch onset=L261; last complete picture=L260; band bottom=L262",260,286,521,525,525,cv_inspected,"SP recording; raw first pass-through row is picture; VBI ends at L285; raw three-third displacement L522=2.162,2.186,7.649/L523=7.678,4.897,8.088/L524=0.121,0.053,0.087/L525=0.126,0.076,0.108; peak=L523 margin=0.439; split fraction/run=0.341/68; outer edges=16/609; body=8.0+/-3.4/714.0+/-2.0; switch onset=L522; last complete picture=L521; band bottom=L525; row Y(mean/std) L285=1.378/0.485 L286=132.636/34.034 L287=137.750/29.414 L521=98.953/54.602 L522=78.141/51.674 L525=10.552/0.843",521,1,0
518,14018,24,260,262,262,direct,"SP recording; raw picture onset against blank/body midpoint=56.500; VBI=none; raw three-third displacement L259=1.128,1.422,0.879/L260=1.282,0.964,1.004/L261=2.214,4.345,14.912/L262=7.810,0.068,0.084; peak=L261 margin=7.102; split fraction/run=0.300/11; outer edges=7/714; body=7.0+/-4.0/714.0+/-2.0; switch onset=L261; last complete picture=L260; band bottom=L262",260,286,521,525,525,cv_inspected,"SP recording; raw first pass-through row is picture; VBI ends at L285; raw three-third displacement L522=1.740,1.951,8.620/L523=8.636,4.803,7.185/L524=0.134,0.067,0.071/L525=0.126,0.100,0.153; peak=L523 margin=0.016; split fraction/run=0.421/85; outer edges=0/714; body=8.0+/-4.0/714.0+/-2.0; switch onset=L522; last complete picture=L521; band bottom=L525; row Y(mean/std) L285=1.391/0.488 L286=130.017/33.377 L287=136.430/27.996 L521=96.223/54.597 L522=74.595/51.158 L525=10.348/0.933",521,1,0
519,14019,25,261,-1,262,direct,"SP recording; raw VBI waveform L23; intervening tape row; picture follows; raw three-third displacement L259=1.344,1.151,0.738/L260=1.332,1.313,0.855/L261=1.118,0.929,0.797/L262=2.306,4.431,14.360; peak=L262 margin=13.016; split fraction/run=0.263/11; outer edges=8/714; body=8.0+/-3.0/714.0+/-2.0; switch onset=L262; last complete picture=L261; band bottom=none at clip",261,286,521,525,525,direct,"SP recording; raw first pass-through row is picture; VBI ends at L285; raw three-third displacement L522=1.524,0.918,6.335/L523=8.947,4.795,8.628/L524=0.120,0.062,0.081/L525=0.125,0.097,0.136; peak=L523 margin=2.611; split fraction/run=0.294/63; outer edges=7/614; body=7.0+/-5.0/714.0+/-2.0; switch onset=L522; last complete picture=L521; band bottom=L525",521,2,0
520,14020,24,260,262,262,direct,"SP recording; raw picture onset against blank/body midpoint=56.500; VBI=none; raw three-third displacement L259=1.232,1.256,1.003/L260=1.432,1.243,0.838/L261=1.289,4.245,14.274/L262=8.865,0.073,0.086; peak=L261 margin=5.409; split fraction/run=0.300/8; outer edges=7/714; body=8.0+/-3.4/714.0+/-2.0; switch onset=L261; last complete picture=L260; band bottom=L262",260,286,521,525,525,direct,"SP recording; raw first pass-through row is picture; VBI ends at L285; raw three-third displacement L522=1.081,1.213,4.949/L523=8.129,3.988,10.270/L524=0.132,0.061,0.074/L525=0.131,0.088,0.124; peak=L523 margin=5.321; split fraction/run=0.215/41; outer edges=4/636; body=7.0+/-4.4/714.0+/-2.0; switch onset=L522; last complete picture=L521; band bottom=L525",521,1,0
521,14021,24,260,262,262,direct,"SP recording; raw picture onset against blank/body midpoint=56.500; VBI=none; raw three-third displacement L259=1.330,1.302,0.775/L260=1.392,1.070,0.833/L261=1.456,4.095,14.548/L262=8.482,0.056,0.080; peak=L261 margin=6.066; split fraction/run=0.408/13; outer edges=7/714; body=7.0+/-5.0/714.0+/-2.0; switch onset=L261; last complete picture=L260; band bottom=L262",260,286,521,525,525,direct,"SP recording; raw first pass-through row is picture; VBI ends at L285; raw three-third displacement L522=1.063,1.085,3.630/L523=8.183,4.141,10.663/L524=0.103,0.057,0.080/L525=0.122,0.070,0.138; peak=L523 margin=7.032; split fraction/run=0.154/33; outer edges=6/644; body=7.0+/-5.0/714.0+/-2.0; switch onset=L522; last complete picture=L521; band bottom=L525",521,1,0
522,14022,24,260,262,262,direct,"SP recording; raw picture onset against blank/body midpoint=56.000; VBI=none; raw three-third displacement L259=1.430,1.264,0.847/L260=1.250,1.194,0.820/L261=1.078,4.020,14.090/L262=9.404,0.070,0.086; peak=L261 margin=4.686; split fraction/run=0.362/14; outer edges=8/714; body=8.0+/-3.0/714.0+/-2.0; switch onset=L261; last complete picture=L260; band bottom=L262",260,286,521,525,525,direct,"SP recording; raw first pass-through row is picture; VBI ends at L285; raw three-third displacement L522=2.115,2.536,2.210/L523=11.684,6.391,5.206/L524=0.072,0.073,0.047/L525=0.075,0.112,0.079; peak=L523 margin=9.148; split fraction/run=0.196/40; outer edges=0/638; body=8.0+/-2.0/714.0+/-2.0; switch onset=L522; last complete picture=L521; band bottom=L525",521,1,0
523,14023,24,260,262,262,direct,"SP recording; raw picture onset against blank/body midpoint=58.500; VBI=none; raw three-third displacement L259=1.136,0.991,0.456/L260=0.893,1.148,0.457/L261=3.490,6.678,6.665/L262=10.266,0.071,0.048; peak=L262 margin=3.588; split fraction/run=1.000/465; outer edges=6/714; body=7.0+/-2.0/714.0+/-6.6; switch onset=L261; last complete picture=L260; band bottom=L262",260,286,521,525,525,direct,"SP recording; raw first pass-through row is picture; VBI ends at L285; raw three-third displacement L522=1.885,2.319,2.656/L523=11.752,6.397,5.241/L524=0.075,0.085,0.055/L525=0.085,0.114,0.071; peak=L523 margin=9.096; split fraction/run=0.238/49; outer edges=0/629; body=7.0+/-2.0/714.0+/-3.9; switch onset=L522; last complete picture=L521; band bottom=L525",521,1,0
524,14024,24,260,262,262,direct,"SP recording; raw picture onset against blank/body midpoint=59.000; VBI=none; raw three-third displacement L259=1.013,1.026,0.541/L260=1.040,1.216,0.505/L261=3.232,7.088,7.066/L262=10.496,0.075,0.053; peak=L262 margin=3.408; split fraction/run=1.000/461; outer edges=5/714; body=7.0+/-2.0/714.0+/-5.8; switch onset=L261; last complete picture=L260; band bottom=L262",260,286,521,525,525,direct,"SP recording; raw first pass-through row is picture; VBI ends at L285; raw three-third displacement L522=1.088,1.022,1.314/L523=12.125,6.552,5.598/L524=0.075,0.068,0.043/L525=0.081,0.097,0.071; peak=L523 margin=10.811; split fraction/run=0.098/21; outer edges=6/657; body=7.0+/-2.0/714.0+/-2.0; switch onset=L522; last complete picture=L521; band bottom=L525",521,1,0
525,14025,24,260,262,262,direct,"SP recording; raw picture onset against blank/body midpoint=59.500; VBI=none; raw three-third displacement L259=1.113,1.004,0.396/L260=1.210,1.005,0.402/L261=3.483,6.814,6.729/L262=10.803,0.070,0.043; peak=L262 margin=3.989; split fraction/run=1.000/457; outer edges=0/714; body=7.0+/-2.0/714.0+/-4.8; switch onset=L261; last complete picture=L260; band bottom=L262",260,286,521,525,525,direct,"SP recording; raw first pass-through row is picture; VBI ends at L285; raw three-third displacement L522=2.003,2.396,1.769/L523=11.821,6.330,6.200/L524=0.079,0.070,0.060/L525=0.070,0.090,0.076; peak=L523 margin=9.425; split fraction/run=0.141/23; outer edges=0/654; body=7.0+/-2.0/714.0+/-3.0; switch onset=L522; last complete picture=L521; band bottom=L525",521,1,0
526,14026,24,260,262,262,direct,"SP recording; raw picture onset against blank/body midpoint=59.500; VBI=none; raw three-third displacement L259=0.842,1.004,0.515/L260=0.800,1.128,0.596/L261=2.031,6.697,6.783/L262=10.818,0.071,0.042; peak=L262 margin=4.035; split fraction/run=1.000/443; outer edges=5/714; body=7.0+/-2.0/714.0+/-7.0; switch onset=L261; last complete picture=L260; band bottom=L262",260,286,521,525,525,direct,"SP recording; raw first pass-through row is picture; VBI ends at L285; raw three-third displacement L522=1.183,1.016,1.021/L523=12.244,6.497,6.465/L524=0.087,0.076,0.062/L525=0.079,0.100,0.102; peak=L523 margin=11.060; split fraction/run=0.047/10; outer edges=5/668; body=8.0+/-2.0/714.0+/-6.7; switch onset=L522; last complete picture=L521; band bottom=L525",521,1,0
527,14027,24,260,262,262,direct,"SP recording; raw picture onset against blank/body midpoint=59.000; VBI=none; raw three-third displacement L259=0.953,1.017,0.493/L260=0.812,1.037,0.475/L261=2.425,6.979,6.758/L262=11.378,0.069,0.047; peak=L262 margin=4.399; split fraction/run=1.000/442; outer edges=35/714; body=8.0+/-2.0/714.0+/-5.4; switch onset=L261; last complete picture=L260; band bottom=L262",260,286,521,525,525,direct,"SP recording; raw first pass-through row is picture; VBI ends at L285; raw three-third displacement L522=1.088,0.932,0.748/L523=11.785,6.759,6.338/L524=0.077,0.071,0.055/L525=0.072,0.083,0.084; peak=L523 margin=10.697; split fraction/run=0.042/7; outer edges=7/670; body=7.0+/-2.0/714.0+/-3.9; switch onset=L522; last complete picture=L521; band bottom=L525",521,1,0
528,14028,24,260,262,262,direct,"SP recording; raw picture onset against blank/body midpoint=59.000; VBI=none; raw three-third displacement L259=1.171,0.998,0.520/L260=0.828,1.158,0.535/L261=1.648,6.948,7.314/L262=11.467,0.072,0.052; peak=L262 margin=4.153; split fraction/run=1.000/436; outer edges=5/714; body=8.0+/-2.0/714.0+/-2.1; switch onset=L261; last complete picture=L260; band bottom=L262",260,286,521,525,525,direct,"SP recording; raw first pass-through row is picture; VBI ends at L285; raw three-third displacement L522=1.143,0.976,0.894/L523=11.968,6.860,6.040/L524=0.075,0.085,0.047/L525=0.095,0.097,0.069; peak=L523 margin=10.825; split fraction/run=0.033/7; outer edges=6/670; body=7.0+/-2.0/714.0+/-2.9; switch onset=L522; last complete picture=L521; band bottom=L525",521,1,0
529,14029,24,260,262,262,direct,"SP recording; raw picture onset against blank/body midpoint=59.000; VBI=none; raw three-third displacement L259=0.994,1.151,0.481/L260=0.778,0.988,0.526/L261=2.548,6.816,6.993/L262=11.126,0.066,0.045; peak=L262 margin=4.133; split fraction/run=1.000/370; outer edges=0/714; body=7.0+/-2.0/714.0+/-3.0; switch onset=L261; last complete picture=L260; band bottom=L262",260,286,521,525,525,direct,"SP recording; raw first pass-through row is picture; VBI ends at L285; raw three-third displacement L522=1.721,2.166,2.000/L523=10.922,6.710,5.661/L524=0.087,0.099,0.048/L525=0.076,0.111,0.075; peak=L523 margin=8.756; split fraction/run=0.154/33; outer edges=0/644; body=8.0+/-2.0/714.0+/-7.0; switch onset=L522; last complete picture=L521; band bottom=L525",521,1,0
530,14030,24,260,262,262,direct,"SP recording; raw picture onset against blank/body midpoint=60.000; VBI=none; raw three-third displacement L259=0.975,0.888,0.542/L260=0.897,1.009,0.462/L261=2.296,6.785,7.281/L262=9.737,0.064,0.059; peak=L262 margin=2.456; split fraction/run=1.000/451; outer edges=5/714; body=7.0+/-2.0/714.0+/-6.5; switch onset=L261; last complete picture=L260; band bottom=L262",260,286,521,525,525,direct,"SP recording; raw first pass-through row is picture; VBI ends at L285; raw three-third displacement L522=1.080,1.129,1.428/L523=10.864,6.868,5.809/L524=0.068,0.086,0.052/L525=0.068,0.098,0.078; peak=L523 margin=9.436; split fraction/run=0.093/20; outer edges=5/656; body=7.0+/-2.0/714.0+/-2.8; switch onset=L522; last complete picture=L521; band bottom=L525",521,1,0
531,14031,24,260,262,262,direct,"SP recording; raw picture onset against blank/body midpoint=59.000; VBI=none; raw three-third displacement L259=0.976,1.059,0.453/L260=0.812,0.905,0.441/L261=2.837,7.098,6.816/L262=9.983,0.070,0.054; peak=L262 margin=2.885; split fraction/run=1.000/453; outer edges=35/714; body=7.0+/-2.0/714.0+/-3.9; switch onset=L261; last complete picture=L260; band bottom=L262",260,286,521,525,525,direct,"SP recording; raw first pass-through row is picture; VBI ends at L285; raw three-third displacement L522=1.819,2.514,1.542/L523=10.600,6.701,5.868/L524=0.084,0.112,0.064/L525=0.064,0.133,0.089; peak=L523 margin=8.086; split fraction/run=0.093/20; outer edges=0/658; body=7.0+/-2.0/714.0+/-5.0; switch onset=L522; last complete picture=L521; band bottom=L525",521,1,0
532,14032,24,260,262,262,direct,"SP recording; raw picture onset against blank/body midpoint=59.000; VBI=none; raw three-third displacement L259=0.794,0.923,0.438/L260=0.810,1.142,0.490/L261=1.793,7.243,6.924/L262=10.616,0.072,0.045; peak=L262 margin=3.373; split fraction/run=1.000/438; outer edges=6/714; body=7.0+/-2.0/714.0+/-3.0; switch onset=L261; last complete picture=L260; band bottom=L262",260,286,521,525,525,direct,"SP recording; raw first pass-through row is picture; VBI ends at L285; raw three-third displacement L522=1.273,1.084,1.111/L523=10.633,6.975,5.899/L524=0.074,0.114,0.058/L525=0.069,0.121,0.088; peak=L523 margin=9.360; split fraction/run=0.065/14; outer edges=5/664; body=7.0+/-2.0/714.0+/-3.0; switch onset=L522; last complete picture=L521; band bottom=L525",521,1,0
533,14033,24,260,262,262,direct,"SP recording; raw picture onset against blank/body midpoint=59.000; VBI=none; raw three-third displacement L259=0.877,1.292,0.612/L260=0.647,1.077,0.495/L261=2.957,7.602,6.997/L262=9.846,0.075,0.052; peak=L262 margin=2.244; split fraction/run=1.000/454; outer edges=37/714; body=7.0+/-2.0/714.0+/-5.9; switch onset=L261; last complete picture=L260; band bottom=L262",260,286,521,525,525,direct,"SP recording; raw first pass-through row is picture; VBI ends at L285; raw three-third displacement L522=1.142,1.069,0.891/L523=11.159,7.342,6.087/L524=0.070,0.078,0.052/L525=0.077,0.111,0.070; peak=L523 margin=10.017; split fraction/run=0.056/12; outer edges=8/666; body=7.0+/-2.0/714.0+/-5.6; switch onset=L522; last complete picture=L521; band bottom=L525",521,1,0
534,14034,24,260,262,262,direct,"SP recording; raw picture onset against blank/body midpoint=59.000; VBI=none; raw three-third displacement L259=0.912,1.175,0.463/L260=0.673,1.012,0.378/L261=1.594,7.413,7.181/L262=10.322,0.071,0.055; peak=L262 margin=2.909; split fraction/run=1.000/437; outer edges=6/714; body=7.0+/-2.0/714.0+/-4.8; switch onset=L261; last complete picture=L260; band bottom=L262",260,286,521,525,525,direct,"SP recording; raw first pass-through row is picture; VBI ends at L285; raw three-third displacement L522=1.217,1.428,0.710/L523=11.053,6.523,6.521/L524=0.067,0.060,0.045/L525=0.084,0.103,0.075; peak=L523 margin=9.625; split fraction/run=0.042/4; outer edges=3/677; body=7.0+/-2.0/714.0+/-6.9; switch onset=L522; last complete picture=L521; band bottom=L525",521,1,0
535,14035,24,260,262,262,direct,"SP recording; raw picture onset against blank/body midpoint=59.000; VBI=none; raw three-third displacement L259=1.112,0.952,0.406/L260=0.725,1.241,0.467/L261=1.922,6.992,7.169/L262=11.355,0.067,0.048; peak=L262 margin=4.186; split fraction/run=1.000/433; outer edges=36/714; body=7.0+/-2.0/714.0+/-3.7; switch onset=L261; last complete picture=L260; band bottom=L262",260,286,521,525,525,direct,"SP recording; raw first pass-through row is picture; VBI ends at L285; raw three-third displacement L522=1.701,2.185,1.225/L523=11.310,6.656,5.936/L524=0.068,0.073,0.049/L525=0.079,0.138,0.096; peak=L523 margin=9.125; split fraction/run=0.070/14; outer edges=0/664; body=7.0+/-2.0/714.0+/-5.6; switch onset=L522; last complete picture=L521; band bottom=L525",521,1,0
536,14036,24,260,262,262,direct,"SP recording; raw picture onset against blank/body midpoint=59.000; VBI=none; raw three-third displacement L259=0.950,1.285,0.531/L260=0.890,1.030,0.483/L261=2.239,7.173,6.978/L262=10.381,0.075,0.048; peak=L262 margin=3.208; split fraction/run=1.000/446; outer edges=4/714; body=7.0+/-2.0/714.0+/-3.7; switch onset=L261; last complete picture=L260; band bottom=L262",260,286,521,525,525,direct,"SP recording; raw first pass-through row is picture; VBI ends at L285; raw three-third displacement L522=1.188,1.370,1.432/L523=11.054,6.860,5.589/L524=0.079,0.070,0.050/L525=0.084,0.115,0.074; peak=L523 margin=9.621; split fraction/run=0.112/24; outer edges=4/654; body=7.0+/-2.0/714.0+/-6.0; switch onset=L522; last complete picture=L521; band bottom=L525",521,1,0
537,14037,24,260,262,262,direct,"SP recording; raw picture onset against blank/body midpoint=59.000; VBI=none; raw three-third displacement L259=1.200,1.081,0.426/L260=0.850,1.076,0.555/L261=3.112,6.896,7.397/L262=11.367,0.085,0.059; peak=L262 margin=3.970; split fraction/run=1.000/449; outer edges=36/714; body=7.0+/-2.0/714.0+/-4.0; switch onset=L261; last complete picture=L260; band bottom=L262",260,286,521,525,525,direct,"SP recording; raw first pass-through row is picture; VBI ends at L285; raw three-third displacement L522=2.275,2.636,1.034/L523=12.316,6.499,6.576/L524=0.080,0.083,0.053/L525=0.081,0.100,0.080; peak=L523 margin=9.680; split fraction/run=0.136/10; outer edges=32/670; body=7.0+/-2.0/714.0+/-2.0; switch onset=L522; last complete picture=L521; band bottom=L525",521,1,0
538,14038,24,260,262,262,direct,"SP recording; raw picture onset against blank/body midpoint=59.000; VBI=none; raw three-third displacement L259=1.124,0.995,0.500/L260=0.864,1.038,0.454/L261=1.336,6.497,7.074/L262=12.047,0.542,0.059; peak=L262 margin=4.973; split fraction/run=1.000/418; outer edges=5/714; body=7.0+/-2.0/714.0+/-2.0; switch onset=L261; last complete picture=L260; band bottom=L262",260,286,521,525,525,direct,"SP recording; raw first pass-through row is picture; VBI ends at L285; raw three-third displacement L522=1.073,1.069,0.664/L523=11.846,6.925,6.228/L524=0.079,0.081,0.058/L525=0.084,0.139,0.094; peak=L523 margin=10.772; split fraction/run=0.014/3; outer edges=6/674; body=7.0+/-2.0/714.0+/-2.0; switch onset=L522; last complete picture=L521; band bottom=L525",521,1,0
539,14039,24,260,262,262,direct,"SP recording; raw picture onset against blank/body midpoint=59.500; VBI=none; raw three-third displacement L259=1.081,1.014,0.536/L260=0.861,1.190,0.433/L261=2.558,7.392,6.768/L262=11.874,0.069,0.053; peak=L262 margin=4.482; split fraction/run=1.000/439; outer edges=0/714; body=7.0+/-2.0/714.0+/-5.7; switch onset=L261; last complete picture=L260; band bottom=L262",260,286,521,525,525,direct,"SP recording; raw first pass-through row is picture; VBI ends at L285; raw three-third displacement L522=2.090,2.758,1.437/L523=12.163,6.803,6.229/L524=0.073,0.087,0.051/L525=0.075,0.133,0.079; peak=L523 margin=9.405; split fraction/run=0.136/20; outer edges=29/658; body=7.0+/-2.0/714.0+/-2.0; switch onset=L522; last complete picture=L521; band bottom=L525",521,1,0
540,14040,24,260,262,262,direct,"SP recording; raw picture onset against blank/body midpoint=59.000; VBI=none; raw three-third displacement L259=0.997,1.199,0.524/L260=1.119,1.167,0.504/L261=1.679,7.454,7.001/L262=11.763,0.077,0.044; peak=L262 margin=4.309; split fraction/run=1.000/433; outer edges=5/714; body=7.0+/-2.0/714.0+/-5.8; switch onset=L261; last complete picture=L260; band bottom=L262",260,286,521,525,525,direct,"SP recording; raw first pass-through row is picture; VBI ends at L285; raw three-third displacement L522=1.123,1.017,0.623/L523=11.840,6.504,6.324/L524=0.088,0.092,0.053/L525=0.088,0.118,0.078; peak=L523 margin=10.717; split fraction/run=0.023/5; outer edges=6/674; body=7.0+/-2.0/714.0+/-3.0; switch onset=L522; last complete picture=L521; band bottom=L525",521,1,0
541,14041,24,260,262,262,direct,"SP recording; raw picture onset against blank/body midpoint=59.500; VBI=none; raw three-third displacement L259=1.184,1.009,0.497/L260=1.142,1.087,0.394/L261=2.558,6.915,6.781/L262=12.047,0.067,0.049; peak=L262 margin=5.132; split fraction/run=1.000/368; outer edges=35/714; body=8.0+/-2.0/714.0+/-3.9; switch onset=L261; last complete picture=L260; band bottom=L262",260,286,521,525,525,direct,"SP recording; raw first pass-through row is picture; VBI ends at L285; raw three-third displacement L522=2.118,2.688,1.373/L523=11.735,6.572,5.922/L524=0.080,0.089,0.049/L525=0.083,0.136,0.071; peak=L523 margin=9.047; split fraction/run=0.131/18; outer edges=35/660; body=7.0+/-2.0/714.0+/-4.4; switch onset=L522; last complete picture=L521; band bottom=L525",521,1,0
542,14042,24,260,262,262,direct,"SP recording; raw picture onset against blank/body midpoint=59.000; VBI=none; raw three-third displacement L259=1.156,0.984,0.485/L260=0.878,0.993,0.466/L261=1.555,6.916,7.085/L262=12.349,0.080,0.048; peak=L262 margin=5.264; split fraction/run=1.000/429; outer edges=5/714; body=7.0+/-2.0/714.0+/-2.9; switch onset=L261; last complete picture=L260; band bottom=L262",260,286,521,525,525,direct,"SP recording; raw first pass-through row is picture; VBI ends at L285; raw three-third displacement L522=2.151,2.535,2.026/L523=11.830,6.423,5.120/L524=0.063,0.085,0.055/L525=0.083,0.118,0.083; peak=L523 margin=9.295; split fraction/run=0.173/37; outer edges=30/639; body=8.0+/-2.0/714.0+/-6.7; switch onset=L522; last complete picture=L521; band bottom=L525",521,1,0
543,14043,24,260,262,262,direct,"SP recording; raw picture onset against blank/body midpoint=59.000; VBI=none; raw three-third displacement L259=1.104,0.892,0.410/L260=0.786,1.062,0.466/L261=2.787,7.036,6.639/L262=11.170,0.075,0.052; peak=L262 margin=4.134; split fraction/run=1.000/331; outer edges=5/714; body=7.0+/-2.0/714.0+/-5.8; switch onset=L261; last complete picture=L260; band bottom=L262",260,286,521,525,525,direct,"SP recording; raw first pass-through row is picture; VBI ends at L285; raw three-third displacement L522=2.132,2.655,2.582/L523=12.387,6.499,4.731/L524=0.079,0.103,0.056/L525=0.088,0.124,0.089; peak=L523 margin=9.731; split fraction/run=0.243/52; outer edges=5/625; body=7.0+/-2.0/714.0+/-4.7; switch onset=L522; last complete picture=L521; band bottom=L525",521,1,0
544,14044,24,260,262,262,direct,"SP recording; raw picture onset against blank/body midpoint=58.500; VBI=none; raw three-third displacement L259=1.022,1.111,0.451/L260=0.985,1.038,0.497/L261=3.353,6.707,6.268/L262=9.883,0.082,0.047; peak=L262 margin=3.176; split fraction/run=1.000/465; outer edges=5/714; body=7.0+/-2.0/714.0+/-4.6; switch onset=L261; last complete picture=L260; band bottom=L262",260,286,521,525,525,direct,"SP recording; raw first pass-through row is picture; VBI ends at L285; raw three-third displacement L522=1.990,2.473,2.384/L523=12.119,6.332,5.122/L524=0.094,0.090,0.058/L525=0.084,0.134,0.092; peak=L523 margin=9.646; split fraction/run=0.196/42; outer edges=0/635; body=7.0+/-2.0/713.0+/-2.0; switch onset=L522; last complete picture=L521; band bottom=L525",521,1,0
545,14045,24,260,262,262,direct,"SP recording; raw picture onset against blank/body midpoint=58.000; VBI=none; raw three-third displacement L259=1.129,0.839,0.433/L260=0.785,0.999,0.512/L261=2.287,6.687,6.774/L262=11.404,0.069,0.057; peak=L262 margin=4.630; split fraction/run=1.000/370; outer edges=5/714; body=7.0+/-2.0/714.0+/-5.8; switch onset=L261; last complete picture=L260; band bottom=L262",260,286,521,525,525,direct,"SP recording; raw first pass-through row is picture; VBI ends at L285; raw three-third displacement L522=1.297,1.011,1.141/L523=12.141,6.610,5.890/L524=0.082,0.086,0.054/L525=0.089,0.108,0.088; peak=L523 margin=10.844; split fraction/run=0.084/18; outer edges=6/660; body=7.0+/-2.0/713.0+/-4.7; switch onset=L522; last complete picture=L521; band bottom=L525",521,1,0
546,14046,24,260,262,262,direct,"SP recording; raw picture onset against blank/body midpoint=59.000; VBI=none; raw three-third displacement L259=1.155,1.039,0.530/L260=0.936,1.189,0.504/L261=3.027,6.927,6.754/L262=11.526,0.088,0.048; peak=L262 margin=4.599; split fraction/run=1.000/450; outer edges=0/714; body=7.0+/-2.0/714.0+/-5.5; switch onset=L261; last complete picture=L260; band bottom=L262",260,286,521,525,525,direct,"SP recording; raw first pass-through row is picture; VBI ends at L285; raw three-third displacement L522=2.197,2.426,1.880/L523=12.039,6.131,5.314/L524=0.084,0.074,0.054/L525=0.075,0.105,0.084; peak=L523 margin=9.613; split fraction/run=0.164/31; outer edges=0/646; body=7.0+/-2.0/714.0+/-5.2; switch onset=L522; last complete picture=L521; band bottom=L525",521,1,0
547,14047,24,260,262,262,direct,"SP recording; raw picture onset against blank/body midpoint=58.500; VBI=none; raw three-third displacement L259=1.103,1.172,0.467/L260=0.892,1.093,0.467/L261=2.437,6.791,7.143/L262=11.327,0.087,0.058; peak=L262 margin=4.184; split fraction/run=1.000/448; outer edges=6/714; body=7.0+/-2.0/714.0+/-4.6; switch onset=L261; last complete picture=L260; band bottom=L262",260,286,521,525,525,direct,"SP recording; raw first pass-through row is picture; VBI ends at L285; raw three-third displacement L522=1.130,0.898,1.252/L523=12.414,6.847,5.851/L524=0.078,0.081,0.058/L525=0.073,0.114,0.082; peak=L523 margin=11.163; split fraction/run=0.098/21; outer edges=6/655; body=7.0+/-2.0/714.0+/-6.0; switch onset=L522; last complete picture=L521; band bottom=L525",521,1,0
548,14048,24,260,262,262,direct,"SP recording; raw picture onset against blank/body midpoint=59.000; VBI=none; raw three-third displacement L259=1.142,1.034,0.428/L260=0.947,1.178,0.468/L261=4.042,6.747,7.024/L262=10.831,0.070,0.060; peak=L262 margin=3.808; split fraction/run=1.000/465; outer edges=35/714; body=7.0+/-2.0/714.0+/-4.0; switch onset=L261; last complete picture=L260; band bottom=L262",260,286,521,525,525,direct,"SP recording; raw first pass-through row is picture; VBI ends at L285; raw three-third displacement L522=1.210,1.037,1.640/L523=12.371,6.428,5.341/L524=0.087,0.094,0.061/L525=0.093,0.124,0.097; peak=L523 margin=10.730; split fraction/run=0.145/31; outer edges=6/647; body=7.0+/-2.0/714.0+/-2.9; switch onset=L522; last complete picture=L521; band bottom=L525",521,1,0
549,14049,24,260,262,262,direct,"SP recording; raw picture onset against blank/body midpoint=58.500; VBI=none; raw three-third displacement L259=1.127,1.119,0.472/L260=0.844,1.263,0.462/L261=3.959,6.689,6.558/L262=10.707,0.069,0.056; peak=L262 margin=4.017; split fraction/run=1.000/466; outer edges=0/714; body=7.0+/-2.0/714.0+/-5.4; switch onset=L261; last complete picture=L260; band bottom=L262",260,286,521,525,525,direct,"SP recording; raw first pass-through row is picture; VBI ends at L285; raw three-third displacement L522=1.959,2.186,1.702/L523=12.610,6.557,5.714/L524=0.093,0.089,0.065/L525=0.094,0.135,0.097; peak=L523 margin=10.423; split fraction/run=0.117/25; outer edges=0/651; body=7.0+/-2.0/714.0+/-6.8; switch onset=L522; last complete picture=L521; band bottom=L525",521,1,0
550,14050,24,260,262,262,direct,"SP recording; raw picture onset against blank/body midpoint=58.500; VBI=none; raw three-third displacement L259=0.997,1.038,0.444/L260=1.052,1.031,0.471/L261=2.486,6.539,7.130/L262=11.317,0.070,0.055; peak=L262 margin=4.187; split fraction/run=1.000/447; outer edges=6/714; body=7.0+/-2.0/714.0+/-2.0; switch onset=L261; last complete picture=L260; band bottom=L262",260,286,521,525,525,direct,"SP recording; raw first pass-through row is picture; VBI ends at L285; raw three-third displacement L522=1.369,1.196,1.757/L523=12.715,6.706,5.253/L524=0.094,0.107,0.062/L525=0.089,0.142,0.093; peak=L523 margin=10.957; split fraction/run=0.164/35; outer edges=5/643; body=7.0+/-2.0/714.0+/-3.0; switch onset=L522; last complete picture=L521; band bottom=L525",521,1,0
551,14051,24,260,262,262,direct,"SP recording; raw picture onset against blank/body midpoint=58.500; VBI=none; raw three-third displacement L259=1.175,0.849,0.456/L260=0.958,1.083,0.459/L261=4.666,6.788,6.808/L262=10.031,0.076,0.054; peak=L262 margin=3.223; split fraction/run=1.000/475; outer edges=36/714; body=7.0+/-2.0/714.0+/-4.9; switch onset=L261; last complete picture=L260; band bottom=L262",260,286,521,525,525,direct,"SP recording; raw first pass-through row is picture; VBI ends at L285; raw three-third displacement L522=2.203,2.206,2.230/L523=12.665,6.300,5.070/L524=0.087,0.091,0.052/L525=0.091,0.130,0.102; peak=L523 margin=10.435; split fraction/run=0.210/42; outer edges=0/636; body=7.0+/-2.0/714.0+/-5.3; switch onset=L522; last complete picture=L521; band bottom=L525",521,1,0
552,14052,24,260,262,262,direct,"SP recording; raw picture onset against blank/body midpoint=58.500; VBI=none; raw three-third displacement L259=1.066,0.879,0.516/L260=0.931,1.019,0.484/L261=3.235,6.833,6.671/L262=10.934,0.075,0.051; peak=L262 margin=4.101; split fraction/run=1.000/458; outer edges=5/714; body=7.0+/-2.0/713.0+/-5.8; switch onset=L261; last complete picture=L260; band bottom=L262",260,286,521,525,525,direct,"SP recording; raw first pass-through row is picture; VBI ends at L285; raw three-third displacement L522=2.284,2.522,2.104/L523=12.336,6.205,5.418/L524=0.090,0.093,0.066/L525=0.083,0.132,0.105; peak=L523 margin=9.815; split fraction/run=0.159/34; outer edges=0/644; body=7.0+/-2.0/714.0+/-7.0; switch onset=L522; last complete picture=L521; band bottom=L525",521,1,0
553,14053,24,260,262,262,direct,"SP recording; raw picture onset against blank/body midpoint=59.000; VBI=none; raw three-third displacement L259=1.005,1.207,0.436/L260=0.926,1.093,0.505/L261=2.731,6.936,6.919/L262=11.279,0.078,0.047; peak=L262 margin=4.342; split fraction/run=1.000/450; outer edges=5/714; body=7.0+/-2.0/713.0+/-2.9; switch onset=L261; last complete picture=L260; band bottom=L262",260,286,521,525,525,direct,"SP recording; raw first pass-through row is picture; VBI ends at L285; raw three-third displacement L522=1.933,2.386,2.307/L523=12.108,6.228,5.263/L524=0.074,0.078,0.049/L525=0.094,0.167,0.125; peak=L523 margin=9.722; split fraction/run=0.192/41; outer edges=0/636; body=7.0+/-2.0/714.0+/-3.8; switch onset=L522; last complete picture=L521; band bottom=L525",521,1,0
554,14054,24,260,262,262,direct,"SP recording; raw picture onset against blank/body midpoint=59.500; VBI=none; raw three-third displacement L259=1.173,0.909,0.449/L260=1.155,1.008,0.434/L261=3.367,6.971,6.941/L262=11.326,0.076,0.048; peak=L262 margin=4.356; split fraction/run=1.000/370; outer edges=5/714; body=7.0+/-2.0/714.0+/-4.9; switch onset=L261; last complete picture=L260; band bottom=L262",260,286,521,525,525,direct,"SP recording; raw first pass-through row is picture; VBI ends at L285; raw three-third displacement L522=1.391,1.033,1.587/L523=12.395,6.267,5.396/L524=0.088,0.101,0.061/L525=0.095,0.130,0.099; peak=L523 margin=10.808; split fraction/run=0.131/28; outer edges=5/650; body=7.0+/-2.0/714.0+/-6.2; switch onset=L522; last complete picture=L521; band bottom=L525",521,1,0
555,14055,24,260,262,262,direct,"SP recording; raw picture onset against blank/body midpoint=58.500; VBI=none; raw three-third displacement L259=0.984,1.107,0.418/L260=1.029,1.108,0.434/L261=3.259,7.160,7.126/L262=11.763,0.071,0.053; peak=L262 margin=4.603; split fraction/run=1.000/369; outer edges=0/714; body=7.0+/-2.0/714.0+/-6.0; switch onset=L261; last complete picture=L260; band bottom=L262",260,286,521,525,525,direct,"SP recording; raw first pass-through row is picture; VBI ends at L285; raw three-third displacement L522=1.904,2.562,1.398/L523=12.397,6.185,5.823/L524=0.081,0.084,0.057/L525=0.087,0.138,0.091; peak=L523 margin=9.835; split fraction/run=0.127/20; outer edges=0/658; body=8.0+/-2.0/714.0+/-7.0; switch onset=L522; last complete picture=L521; band bottom=L525",521,1,0
556,14056,24,260,262,262,direct,"SP recording; raw picture onset against blank/body midpoint=58.500; VBI=none; raw three-third displacement L259=1.295,1.258,0.541/L260=0.852,1.258,0.455/L261=2.095,6.827,7.021/L262=11.669,0.068,0.050; peak=L262 margin=4.648; split fraction/run=1.000/370; outer edges=5/714; body=7.0+/-2.0/714.0+/-4.8; switch onset=L261; last complete picture=L260; band bottom=L262",260,286,521,525,525,direct,"SP recording; raw first pass-through row is picture; VBI ends at L285; raw three-third displacement L522=1.558,1.093,1.360/L523=12.530,6.231,5.510/L524=0.075,0.074,0.056/L525=0.101,0.135,0.082; peak=L523 margin=10.972; split fraction/run=0.103/22; outer edges=5/656; body=7.0+/-2.0/714.0+/-4.9; switch onset=L522; last complete picture=L521; band bottom=L525",521,1,0
557,14057,24,260,262,262,direct,"SP recording; raw picture onset against blank/body midpoint=59.000; VBI=none; raw three-third displacement L259=1.130,1.160,0.388/L260=0.849,1.059,0.481/L261=1.980,7.063,6.612/L262=11.138,0.075,0.054; peak=L262 margin=4.075; split fraction/run=1.000/440; outer edges=7/714; body=7.0+/-2.0/714.0+/-5.4; switch onset=L261; last complete picture=L260; band bottom=L262",260,286,521,525,525,direct,"SP recording; raw first pass-through row is picture; VBI ends at L285; raw three-third displacement L522=1.410,0.861,1.010/L523=12.160,6.522,5.828/L524=0.079,0.081,0.048/L525=0.091,0.143,0.096; peak=L523 margin=10.750; split fraction/run=0.056/12; outer edges=5/665; body=7.0+/-2.0/714.0+/-3.0; switch onset=L522; last complete picture=L521; band bottom=L525",521,1,0
558,14058,24,260,262,262,direct,"SP recording; raw picture onset against blank/body midpoint=58.500; VBI=none; raw three-third displacement L259=1.056,0.872,0.419/L260=0.778,1.111,0.369/L261=3.182,6.620,6.073/L262=10.929,0.076,0.038; peak=L262 margin=4.309; split fraction/run=1.000/370; outer edges=20/714; body=7.0+/-2.0/714.0+/-2.0; switch onset=L261; last complete picture=L260; band bottom=L262",260,286,521,525,525,direct,"SP recording; raw first pass-through row is picture; VBI ends at L285; raw three-third displacement L522=2.127,2.393,1.060/L523=12.060,6.026,5.962/L524=0.079,0.091,0.049/L525=0.096,0.132,0.095; peak=L523 margin=9.667; split fraction/run=0.146/11; outer edges=0/667; body=7.0+/-2.0/713.0+/-2.8; switch onset=L522; last complete picture=L521; band bottom=L525",521,1,0
559,14059,24,260,262,262,direct,"SP recording; raw picture onset against blank/body midpoint=58.500; VBI=none; raw three-third displacement L259=1.233,1.020,0.520/L260=0.808,1.371,0.485/L261=1.319,6.703,6.599/L262=11.824,0.423,0.051; peak=L262 margin=5.121; split fraction/run=1.000/420; outer edges=6/714; body=7.0+/-2.0/714.0+/-4.1; switch onset=L261; last complete picture=L260; band bottom=L262",260,286,521,525,525,direct,"SP recording; raw first pass-through row is picture; VBI ends at L285; raw three-third displacement L522=1.841,2.127,0.894/L523=11.364,5.903,5.988/L524=0.075,0.081,0.044/L525=0.083,0.139,0.093; peak=L523 margin=9.237; split fraction/run=0.122/9; outer edges=0/671; body=7.0+/-2.0/714.0+/-3.8; switch onset=L522; last complete picture=L521; band bottom=L525",521,1,0
560,14060,24,260,262,262,direct,"SP recording; raw picture onset against blank/body midpoint=58.500; VBI=none; raw three-third displacement L259=0.997,1.004,0.547/L260=0.886,0.950,0.456/L261=1.462,6.026,6.693/L262=11.309,0.385,0.044; peak=L262 margin=4.616; split fraction/run=1.000/420; outer edges=5/714; body=7.0+/-2.0/713.0+/-4.4; switch onset=L261; last complete picture=L260; band bottom=L262",260,286,521,525,525,direct,"SP recording; raw first pass-through row is picture; VBI ends at L285; raw three-third displacement L522=1.273,1.071,0.680/L523=11.450,6.149,6.085/L524=0.068,0.057,0.040/L525=0.076,0.112,0.080; peak=L523 margin=10.177; split fraction/run=0.028/4; outer edges=5/677; body=7.0+/-2.0/714.0+/-5.8; switch onset=L522; last complete picture=L521; band bottom=L525",521,1,0
561,14061,24,260,262,262,direct,"SP recording; raw picture onset against blank/body midpoint=58.000; VBI=none; raw three-third displacement L259=1.109,1.076,0.489/L260=0.833,1.130,0.456/L261=2.224,6.458,6.519/L262=10.422,0.068,0.045; peak=L262 margin=3.903; split fraction/run=1.000/442; outer edges=0/714; body=7.0+/-2.0/714.0+/-6.0; switch onset=L261; last complete picture=L260; band bottom=L262",260,286,521,525,525,direct,"SP recording; raw first pass-through row is picture; VBI ends at L285; raw three-third displacement L522=1.824,2.241,1.349/L523=11.309,5.978,5.410/L524=0.069,0.068,0.036/L525=0.082,0.123,0.087; peak=L523 margin=9.068; split fraction/run=0.122/19; outer edges=0/658; body=7.0+/-2.0/714.0+/-5.4; switch onset=L522; last complete picture=L521; band bottom=L525",521,1,0
562,14062,24,260,262,262,direct,"SP recording; raw picture onset against blank/body midpoint=59.000; VBI=none; raw three-third displacement L259=0.936,1.006,0.478/L260=0.851,1.024,0.372/L261=2.099,6.494,6.237/L262=9.975,0.056,0.039; peak=L262 margin=3.481; split fraction/run=1.000/443; outer edges=4/714; body=8.0+/-2.0/714.0+/-6.0; switch onset=L261; last complete picture=L260; band bottom=L262",260,286,521,525,525,direct,"SP recording; raw first pass-through row is picture; VBI ends at L285; raw three-third displacement L522=1.053,1.085,1.082/L523=10.826,6.070,5.804/L524=0.067,0.077,0.041/L525=0.076,0.130,0.095; peak=L523 margin=9.742; split fraction/run=0.065/14; outer edges=5/662; body=7.0+/-2.0/714.0+/-3.7; switch onset=L522; last complete picture=L521; band bottom=L525",521,1,0
563,14063,24,260,262,262,direct,"SP recording; raw picture onset against blank/body midpoint=58.500; VBI=none; raw three-third displacement L259=0.964,1.061,0.473/L260=0.846,1.175,0.522/L261=2.597,6.240,6.796/L262=10.079,0.066,0.043; peak=L262 margin=3.283; split fraction/run=1.000/450; outer edges=0/714; body=7.0+/-2.0/714.0+/-4.9; switch onset=L261; last complete picture=L260; band bottom=L262",260,286,521,525,525,direct,"SP recording; raw first pass-through row is picture; VBI ends at L285; raw three-third displacement L522=1.912,2.211,1.562/L523=11.001,5.991,5.687/L524=0.073,0.071,0.047/L525=0.081,0.122,0.088; peak=L523 margin=8.790; split fraction/run=0.117/20; outer edges=0/658; body=7.0+/-2.0/714.0+/-4.0; switch onset=L522; last complete picture=L521; band bottom=L525",521,1,0
564,14064,24,260,262,262,direct,"SP recording; raw picture onset against blank/body midpoint=59.500; VBI=none; raw three-third displacement L259=0.871,1.011,0.422/L260=0.883,0.886,0.427/L261=2.591,6.488,6.784/L262=9.089,0.070,0.043; peak=L262 margin=2.305; split fraction/run=1.000/456; outer edges=5/714; body=7.0+/-2.0/714.0+/-4.0; switch onset=L261; last complete picture=L260; band bottom=L262",260,286,521,525,525,direct,"SP recording; raw first pass-through row is picture; VBI ends at L285; raw three-third displacement L522=1.090,1.010,1.121/L523=10.685,6.208,5.388/L524=0.067,0.091,0.055/L525=0.071,0.120,0.081; peak=L523 margin=9.564; split fraction/run=0.089/19; outer edges=6/659; body=7.0+/-2.0/714.0+/-4.4; switch onset=L522; last complete picture=L521; band bottom=L525",521,1,0
565,14065,24,260,262,262,direct,"SP recording; raw picture onset against blank/body midpoint=58.000; VBI=none; raw three-third displacement L259=1.024,1.111,0.408/L260=0.970,0.944,0.368/L261=2.935,6.284,6.362/L262=9.396,0.075,0.044; peak=L262 margin=3.033; split fraction/run=1.000/370; outer edges=3/714; body=7.0+/-2.0/714.0+/-3.0; switch onset=L261; last complete picture=L260; band bottom=L262",260,286,521,525,525,direct,"SP recording; raw first pass-through row is picture; VBI ends at L285; raw three-third displacement L522=1.828,2.334,1.192/L523=10.798,6.020,5.922/L524=0.058,0.071,0.048/L525=0.075,0.137,0.088; peak=L523 margin=8.464; split fraction/run=0.113/13; outer edges=0/665; body=7.0+/-2.0/714.0+/-4.6; switch onset=L522; last complete picture=L521; band bottom=L525",521,1,0
566,14066,24,260,262,262,direct,"SP recording; raw picture onset against blank/body midpoint=58.000; VBI=none; raw three-third displacement L259=1.005,0.986,0.478/L260=0.739,1.063,0.511/L261=1.187,6.421,6.846/L262=10.480,0.275,0.046; peak=L262 margin=3.633; split fraction/run=1.000/423; outer edges=6/714; body=7.0+/-2.0/714.0+/-4.6; switch onset=L261; last complete picture=L260; band bottom=L262",260,286,521,525,525,direct,"SP recording; raw first pass-through row is picture; VBI ends at L285; raw three-third displacement L522=1.148,1.146,0.683/L523=10.859,6.465,6.237/L524=0.084,0.079,0.061/L525=0.083,0.144,0.098; peak=L523 margin=9.711; split fraction/run=0.023/3; outer edges=5/673; body=7.0+/-2.0/714.0+/-6.0; switch onset=L522; last complete picture=L521; band bottom=L525",521,1,0
567,14067,24,260,262,262,direct,"SP recording; raw picture onset against blank/body midpoint=58.000; VBI=none; raw three-third displacement L259=1.172,1.076,0.495/L260=0.753,1.300,0.545/L261=2.099,6.579,7.017/L262=9.748,0.081,0.046; peak=L262 margin=2.731; split fraction/run=1.000/370; outer edges=35/714; body=7.0+/-2.0/714.0+/-4.8; switch onset=L261; last complete picture=L260; band bottom=L262",260,286,521,525,525,direct,"SP recording; raw first pass-through row is picture; VBI ends at L285; raw three-third displacement L522=1.592,2.280,1.405/L523=9.145,6.098,6.074/L524=0.064,0.077,0.051/L525=0.065,0.118,0.082; peak=L523 margin=6.865; split fraction/run=0.108/14; outer edges=0/662; body=7.0+/-2.0/714.0+/-2.0; switch onset=L522; last complete picture=L521; band bottom=L525",521,1,0
568,14068,24,260,262,262,direct,"SP recording; raw picture onset against blank/body midpoint=58.000; VBI=none; raw three-third displacement L259=0.916,0.984,0.394/L260=0.805,1.148,0.447/L261=1.252,6.680,6.583/L262=9.847,0.094,0.051; peak=L262 margin=3.168; split fraction/run=1.000/427; outer edges=4/714; body=7.0+/-2.0/714.0+/-4.0; switch onset=L261; last complete picture=L260; band bottom=L262",260,286,521,525,525,direct,"SP recording; raw first pass-through row is picture; VBI ends at L285; raw three-third displacement L522=0.881,0.948,0.660/L523=9.301,6.436,6.081/L524=0.072,0.087,0.057/L525=0.063,0.137,0.094; peak=L523 margin=8.353; split fraction/run=0.033/4; outer edges=6/675; body=7.0+/-2.0/714.0+/-3.8; switch onset=L522; last complete picture=L521; band bottom=L525",521,1,0
569,14069,24,260,262,262,direct,"SP recording; raw picture onset against blank/body midpoint=58.500; VBI=none; raw three-third displacement L259=0.977,1.113,0.502/L260=0.761,1.087,0.479/L261=2.119,6.530,6.736/L262=9.578,0.074,0.052; peak=L262 margin=2.842; split fraction/run=1.000/438; outer edges=36/714; body=7.0+/-2.0/714.0+/-4.2; switch onset=L261; last complete picture=L260; band bottom=L262",260,286,521,525,525,direct,"SP recording; raw first pass-through row is picture; VBI ends at L285; raw three-third displacement L522=1.507,2.605,1.325/L523=9.729,6.357,5.998/L524=0.068,0.090,0.057/L525=0.071,0.140,0.108; peak=L523 margin=7.124; split fraction/run=0.131/15; outer edges=32/663; body=7.0+/-2.0/714.0+/-2.0; switch onset=L522; last complete picture=L521; band bottom=L525",521,1,0
570,14070,24,260,262,262,direct,"SP recording; raw picture onset against blank/body midpoint=57.000; VBI=none; raw three-third displacement L259=0.904,1.047,0.464/L260=0.932,0.809,0.432/L261=2.395,6.510,6.728/L262=8.774,0.070,0.048; peak=L262 margin=2.047; split fraction/run=1.000/454; outer edges=4/714; body=7.0+/-2.0/713.0+/-4.8; switch onset=L261; last complete picture=L260; band bottom=L262",260,286,521,525,525,direct,"SP recording; raw first pass-through row is picture; VBI ends at L285; raw three-third displacement L522=0.972,1.123,1.481/L523=9.734,6.400,5.659/L524=0.059,0.075,0.063/L525=0.075,0.108,0.088; peak=L523 margin=8.253; split fraction/run=0.112/24; outer edges=5/653; body=7.0+/-2.0/714.0+/-4.5; switch onset=L522; last complete picture=L521; band bottom=L525",521,1,0
571,14071,24,260,262,262,cv_inspected,"SP recording; raw picture onset against blank/body midpoint=58.000; VBI=none; raw three-third displacement L259=0.894,1.241,0.496/L260=0.791,1.034,0.513/L261=3.743,6.608,6.871/L262=7.397,0.078,0.055; peak=L262 margin=0.526; split fraction/run=1.000/479; outer edges=38/714; body=7.0+/-2.0/714.0+/-3.1; switch onset=L261; last complete picture=L260; band bottom=L262; row Y(mean/std) L23=4.037/3.205 L24=163.213/29.693 L25=161.284/29.922 L260=114.820/40.380 L261=43.742/58.505 L262=10.773/0.992",260,286,521,525,525,direct,"SP recording; raw first pass-through row is picture; VBI ends at L285; raw three-third displacement L522=1.703,2.753,2.337/L523=9.898,6.393,5.114/L524=0.074,0.090,0.053/L525=0.071,0.144,0.121; peak=L523 margin=7.145; split fraction/run=0.196/42; outer edges=32/634; body=7.0+/-2.0/714.0+/-2.8; switch onset=L522; last complete picture=L521; band bottom=L525",521,1,0
572,14072,24,260,262,262,direct,"SP recording; raw picture onset against blank/body midpoint=57.500; VBI=none; raw three-third displacement L259=0.993,1.047,0.505/L260=0.991,0.922,0.452/L261=2.366,6.941,6.696/L262=9.372,0.083,0.054; peak=L262 margin=2.431; split fraction/run=1.000/452; outer edges=5/714; body=7.0+/-2.0/713.0+/-5.0; switch onset=L261; last complete picture=L260; band bottom=L262",260,286,521,525,525,direct,"SP recording; raw first pass-through row is picture; VBI ends at L285; raw three-third displacement L522=1.495,1.307,1.073/L523=11.049,6.423,5.393/L524=0.065,0.088,0.047/L525=0.073,0.127,0.089; peak=L523 margin=9.554; split fraction/run=0.070/15; outer edges=7/663; body=7.0+/-2.0/714.0+/-6.0; switch onset=L522; last complete picture=L521; band bottom=L525",521,1,0
573,14073,24,260,262,262,direct,"SP recording; raw picture onset against blank/body midpoint=58.500; VBI=none; raw three-third displacement L259=1.019,1.096,0.437/L260=1.189,1.194,0.525/L261=3.051,6.735,6.829/L262=10.876,0.066,0.048; peak=L262 margin=4.047; split fraction/run=1.000/451; outer edges=15/714; body=7.0+/-2.0/714.0+/-7.0; switch onset=L261; last complete picture=L260; band bottom=L262",260,286,521,525,525,direct,"SP recording; raw first pass-through row is picture; VBI ends at L285; raw three-third displacement L522=1.498,1.240,1.419/L523=11.591,6.400,5.246/L524=0.086,0.089,0.047/L525=0.083,0.119,0.082; peak=L523 margin=10.094; split fraction/run=0.121/26; outer edges=4/650; body=7.0+/-2.5/714.0+/-4.1; switch onset=L522; last complete picture=L521; band bottom=L525",521,1,0
574,14074,24,260,262,262,direct,"SP recording; raw picture onset against blank/body midpoint=58.000; VBI=none; raw three-third displacement L259=1.241,0.949,0.422/L260=1.129,1.056,0.422/L261=3.279,6.785,6.710/L262=10.083,0.077,0.049; peak=L262 margin=3.298; split fraction/run=1.000/460; outer edges=0/714; body=7.0+/-2.0/714.0+/-3.0; switch onset=L261; last complete picture=L260; band bottom=L262",260,286,521,525,525,direct,"SP recording; raw first pass-through row is picture; VBI ends at L285; raw three-third displacement L522=1.993,2.571,2.600/L523=11.748,5.997,5.302/L524=0.076,0.082,0.052/L525=0.083,0.137,0.086; peak=L523 margin=9.147; split fraction/run=0.224/48; outer edges=14/628; body=7.0+/-2.0/714.0+/-2.0; switch onset=L522; last complete picture=L521; band bottom=L525",521,1,0
575,14075,24,260,262,262,direct,"SP recording; raw picture onset against blank/body midpoint=57.000; VBI=none; raw three-third displacement L259=0.905,1.111,0.435/L260=1.243,1.296,0.539/L261=2.753,6.661,7.475/L262=9.709,0.080,0.054; peak=L262 margin=2.234; split fraction/run=1.000/458; outer edges=4/714; body=7.0+/-2.0/714.0+/-2.0; switch onset=L261; last complete picture=L260; band bottom=L262",260,286,521,525,525,direct,"SP recording; raw first pass-through row is picture; VBI ends at L285; raw three-third displacement L522=2.111,2.645,2.372/L523=12.330,6.406,5.009/L524=0.080,0.076,0.045/L525=0.080,0.112,0.082; peak=L523 margin=9.686; split fraction/run=0.215/46; outer edges=4/632; body=7.0+/-8.0/714.0+/-2.0; switch onset=L522; last complete picture=L521; band bottom=L525",521,1,0
576,14076,24,260,262,262,direct,"SP recording; raw picture onset against blank/body midpoint=57.500; VBI=none; raw three-third displacement L259=1.207,1.253,0.554/L260=1.393,1.451,0.548/L261=3.784,7.099,7.053/L262=10.042,0.074,0.052; peak=L262 margin=2.943; split fraction/run=1.000/327; outer edges=3/714; body=7.0+/-8.0/714.0+/-2.0; switch onset=L261; last complete picture=L260; band bottom=L262",260,286,521,525,525,direct,"SP recording; raw first pass-through row is picture; VBI ends at L285; raw three-third displacement L522=1.442,1.470,2.016/L523=12.075,6.719,4.666/L524=0.086,0.085,0.045/L525=0.095,0.168,0.095; peak=L523 margin=10.058; split fraction/run=0.206/44; outer edges=7/634; body=8.0+/-8.0/714.0+/-2.0; switch onset=L522; last complete picture=L521; band bottom=L525",521,1,0
577,14077,24,260,262,262,direct,"SP recording; raw picture onset against blank/body midpoint=56.500; VBI=none; raw three-third displacement L259=1.438,1.198,0.477/L260=1.875,1.106,0.814/L261=4.606,6.229,6.292/L262=8.325,0.079,0.046; peak=L262 margin=2.033; split fraction/run=1.000/477; outer edges=3/714; body=7.0+/-5.0/714.0+/-2.0; switch onset=L261; last complete picture=L260; band bottom=L262",260,286,521,525,525,direct,"SP recording; raw first pass-through row is picture; VBI ends at L285; raw three-third displacement L522=2.368,1.939,2.745/L523=11.801,5.821,3.876/L524=0.092,0.086,0.058/L525=0.092,0.122,0.087; peak=L523 margin=9.056; split fraction/run=0.322/58; outer edges=54/620; body=7.0+/-5.0/714.0+/-2.0; switch onset=L522; last complete picture=L521; band bottom=L525",521,1,0
578,14078,24,260,262,262,direct,"SP recording; raw picture onset against blank/body midpoint=57.000; VBI=none; raw three-third displacement L259=1.832,0.876,0.795/L260=1.615,0.752,0.781/L261=3.442,6.023,6.029/L262=8.464,0.071,0.046; peak=L262 margin=2.436; split fraction/run=1.000/471; outer edges=4/714; body=7.0+/-2.0/714.0+/-2.0; switch onset=L261; last complete picture=L260; band bottom=L262",260,286,521,525,525,direct,"SP recording; raw first pass-through row is picture; VBI ends at L285; raw three-third displacement L522=2.686,2.157,2.854/L523=10.339,5.363,3.211/L524=0.084,0.072,0.037/L525=0.097,0.126,0.073; peak=L523 margin=7.485; split fraction/run=0.336/62; outer edges=65/616; body=7.0+/-2.0/714.0+/-2.0; switch onset=L522; last complete picture=L521; band bottom=L525",521,1,0
579,14079,24,260,262,262,direct,"SP recording; raw picture onset against blank/body midpoint=57.000; VBI=none; raw three-third displacement L259=1.737,0.980,0.725/L260=1.602,0.678,0.806/L261=4.002,5.841,5.577/L262=7.589,0.066,0.041; peak=L262 margin=1.748; split fraction/run=1.000/481; outer edges=7/714; body=7.0+/-2.0/714.0+/-2.0; switch onset=L261; last complete picture=L260; band bottom=L262",260,286,521,525,525,direct,"SP recording; raw first pass-through row is picture; VBI ends at L285; raw three-third displacement L522=1.611,1.583,3.118/L523=9.700,4.584,2.950/L524=0.071,0.057,0.034/L525=0.081,0.105,0.078; peak=L523 margin=6.582; split fraction/run=0.374/70; outer edges=86/608; body=7.0+/-7.0/714.0+/-2.0; switch onset=L522; last complete picture=L521; band bottom=L525",521,1,0
580,14080,24,260,262,262,direct,"SP recording; raw picture onset against blank/body midpoint=56.500; VBI=none; raw three-third displacement L259=1.663,0.760,0.916/L260=1.502,0.935,0.920/L261=4.727,4.794,4.730/L262=6.160,0.068,0.036; peak=L262 margin=1.366; split fraction/run=1.000/371; outer edges=6/714; body=8.0+/-8.0/714.0+/-2.0; switch onset=L261; last complete picture=L260; band bottom=L262",260,286,521,525,525,direct,"SP recording; raw first pass-through row is picture; VBI ends at L285; raw three-third displacement L522=1.790,1.701,2.814/L523=10.095,3.798,2.502/L524=0.094,0.061,0.046/L525=0.097,0.073,0.071; peak=L523 margin=7.282; split fraction/run=0.425/79; outer edges=94/600; body=8.0+/-4.0/714.0+/-2.0; switch onset=L522; last complete picture=L521; band bottom=L525",521,1,0
581,14081,25,261,-1,262,direct,"SP recording; raw VBI waveform L23; intervening tape row; picture follows; raw three-third displacement L259=1.622,0.705,0.903/L260=1.569,0.799,0.963/L261=1.473,0.969,0.880/L262=4.523,4.281,5.170; peak=L262 margin=3.548; split fraction/run=0.263/10; outer edges=6/714; body=8.0+/-4.0/713.0+/-2.0; switch onset=L262; last complete picture=L261; band bottom=none at clip",261,286,521,525,525,direct,"SP recording; raw first pass-through row is picture; VBI ends at L285; raw three-third displacement L522=1.540,0.803,2.524/L523=8.794,4.337,2.751/L524=0.086,0.062,0.045/L525=0.099,0.096,0.081; peak=L523 margin=6.269; split fraction/run=0.327/66; outer edges=7/612; body=7.0+/-4.9/714.0+/-2.0; switch onset=L522; last complete picture=L521; band bottom=L525",521,2,0
582,14082,24,260,262,262,direct,"SP recording; raw picture onset against blank/body midpoint=55.500; VBI=none; raw three-third displacement L259=1.687,0.876,0.910/L260=1.366,0.833,1.028/L261=4.363,4.322,4.555/L262=6.415,0.065,0.044; peak=L262 margin=1.860; split fraction/run=1.000/360; outer edges=4/714; body=8.0+/-2.0/714.0+/-2.0; switch onset=L261; last complete picture=L260; band bottom=L262",260,286,521,525,525,direct,"SP recording; raw first pass-through row is picture; VBI ends at L285; raw three-third displacement L522=1.109,0.718,2.269/L523=9.415,4.029,2.608/L524=0.078,0.060,0.042/L525=0.096,0.079,0.064; peak=L523 margin=7.146; split fraction/run=0.355/59; outer edges=5/619; body=7.0+/-2.0/714.0+/-2.0; switch onset=L522; last complete picture=L521; band bottom=L525",521,1,0
583,14083,24,260,262,262,direct,"SP recording; raw picture onset against blank/body midpoint=55.000; VBI=none; raw three-third displacement L259=1.071,0.637,1.117/L260=0.817,0.605,0.993/L261=4.504,3.963,4.473/L262=5.935,0.052,0.047; peak=L262 margin=1.431; split fraction/run=1.000/500; outer edges=0/714; body=7.0+/-5.4/713.0+/-2.0; switch onset=L261; last complete picture=L260; band bottom=L262",260,286,521,525,525,direct,"SP recording; raw first pass-through row is picture; VBI ends at L285; raw three-third displacement L522=1.169,0.973,2.025/L523=9.134,3.620,2.482/L524=0.088,0.058,0.043/L525=0.106,0.081,0.067; peak=L523 margin=7.108; split fraction/run=0.369/74; outer edges=4/605; body=7.0+/-5.0/713.0+/-2.0; switch onset=L522; last complete picture=L521; band bottom=L525",521,1,0
584,14084,24,260,262,262,cv_inspected,"SP recording; raw picture onset against blank/body midpoint=56.000; VBI=none; raw three-third displacement L259=0.941,0.557,1.054/L260=0.796,0.677,1.016/L261=5.211,3.858,4.304/L262=5.761,0.053,0.042; peak=L262 margin=0.550; split fraction/run=1.000/508; outer edges=112/714; body=7.0+/-6.0/713.0+/-2.0; switch onset=L261; last complete picture=L260; band bottom=L262; row Y(mean/std) L23=4.975/4.254 L24=161.686/29.259 L25=157.428/29.745 L260=91.075/34.793 L261=29.831/39.798 L262=10.366/0.997",260,286,521,525,525,direct,"SP recording; raw first pass-through row is picture; VBI ends at L285; raw three-third displacement L522=1.411,1.391,2.303/L523=9.329,3.750,2.432/L524=0.082,0.049,0.041/L525=0.090,0.079,0.070; peak=L523 margin=7.025; split fraction/run=0.439/81; outer edges=103/714; body=7.0+/-5.0/714.0+/-2.0; switch onset=L522; last complete picture=L521; band bottom=L525",521,1,0
585,14085,25,261,-1,262,direct,"SP recording; raw VBI waveform L23; intervening tape row; picture follows; raw three-third displacement L259=0.784,0.578,1.007/L260=0.650,0.607,1.017/L261=0.727,0.678,0.959/L262=3.989,4.023,4.317; peak=L262 margin=3.300; split fraction/run=0.160/10; outer edges=7/714; body=7.0+/-6.0/714.0+/-2.0; switch onset=L262; last complete picture=L261; band bottom=none at clip",261,286,521,525,525,direct,"SP recording; raw first pass-through row is picture; VBI ends at L285; raw three-third displacement L522=1.562,1.116,2.361/L523=8.665,3.910,2.286/L524=0.077,0.054,0.039/L525=0.075,0.094,0.084; peak=L523 margin=6.304; split fraction/run=0.439/74; outer edges=95/604; body=8.0+/-4.0/714.0+/-7.0; switch onset=L522; last complete picture=L521; band bottom=L525",521,2,0
586,14086,24,260,262,262,direct,"SP recording; raw picture onset against blank/body midpoint=54.500; VBI=none; raw three-third displacement L259=0.754,0.555,0.829/L260=0.826,0.618,0.997/L261=3.724,4.052,3.533/L262=6.429,0.048,0.039; peak=L262 margin=2.377; split fraction/run=1.000/422; outer edges=5/714; body=7.0+/-4.0/714.0+/-8.0; switch onset=L261; last complete picture=L260; band bottom=L262",260,286,521,525,525,direct,"SP recording; raw first pass-through row is picture; VBI ends at L285; raw three-third displacement L522=1.456,1.091,2.181/L523=8.872,3.993,2.229/L524=0.075,0.047,0.040/L525=0.088,0.082,0.089; peak=L523 margin=6.691; split fraction/run=0.439/71; outer edges=98/605; body=7.0+/-5.0/714.0+/-7.2; switch onset=L522; last complete picture=L521; band bottom=L525",521,1,0
587,14087,24,260,262,262,direct,"SP recording; raw picture onset against blank/body midpoint=55.000; VBI=none; raw three-third displacement L259=0.672,0.501,0.938/L260=0.776,0.576,0.815/L261=2.669,3.994,3.306/L262=7.350,0.060,0.042; peak=L262 margin=3.356; split fraction/run=1.000/480; outer edges=4/714; body=7.0+/-2.0/714.0+/-7.0; switch onset=L261; last complete picture=L260; band bottom=L262",260,286,521,525,525,direct,"SP recording; raw first pass-through row is picture; VBI ends at L285; raw three-third displacement L522=1.452,1.263,2.116/L523=9.109,3.881,2.254/L524=0.083,0.048,0.036/L525=0.099,0.091,0.080; peak=L523 margin=6.993; split fraction/run=0.411/64; outer edges=1/614; body=8.0+/-2.0/714.0+/-2.8; switch onset=L522; last complete picture=L521; band bottom=L525",521,1,0
588,14088,24,260,262,262,direct,"SP recording; raw picture onset against blank/body midpoint=52.500; VBI=none; raw three-third displacement L259=0.751,0.515,1.081/L260=0.610,0.478,0.930/L261=2.752,4.126,3.398/L262=6.705,0.052,0.040; peak=L262 margin=2.579; split fraction/run=1.000/413; outer edges=4/714; body=8.0+/-2.0/714.0+/-2.0; switch onset=L261; last complete picture=L260; band bottom=L262",260,286,521,525,525,direct,"SP recording; raw first pass-through row is picture; VBI ends at L285; raw three-third displacement L522=1.520,1.106,1.865/L523=8.235,3.592,2.055/L524=0.080,0.047,0.037/L525=0.089,0.083,0.083; peak=L523 margin=6.370; split fraction/run=0.402/65; outer edges=88/613; body=8.0+/-2.0/714.0+/-2.0; switch onset=L522; last complete picture=L521; band bottom=L525",521,1,0
589,14089,24,260,262,262,direct,"SP recording; raw picture onset against blank/body midpoint=53.500; VBI=none; raw three-third displacement L259=0.772,0.525,1.007/L260=0.733,0.403,0.856/L261=3.326,3.896,3.295/L262=6.189,0.046,0.037; peak=L262 margin=2.293; split fraction/run=1.000/400; outer edges=4/714; body=7.0+/-2.0/714.0+/-2.0; switch onset=L261; last complete picture=L260; band bottom=L262",260,286,521,525,525,direct,"SP recording; raw first pass-through row is picture; VBI ends at L285; raw three-third displacement L522=1.444,1.252,2.043/L523=8.455,3.992,2.152/L524=0.081,0.058,0.040/L525=0.098,0.111,0.093; peak=L523 margin=6.413; split fraction/run=0.407/68; outer edges=86/607; body=8.0+/-2.0/714.0+/-2.0; switch onset=L522; last complete picture=L521; band bottom=L525",521,1,0
590,14090,24,260,262,262,direct,"SP recording; raw picture onset against blank/body midpoint=52.500; VBI=none; raw three-third displacement L259=0.562,0.402,0.861/L260=0.557,0.415,0.794/L261=2.427,4.297,3.262/L262=6.780,0.047,0.037; peak=L262 margin=2.483; split fraction/run=1.000/391; outer edges=4/714; body=8.0+/-2.0/714.0+/-2.0; switch onset=L261; last complete picture=L260; band bottom=L262",260,286,521,525,525,direct,"SP recording; raw first pass-through row is picture; VBI ends at L285; raw three-third displacement L522=1.675,1.604,1.975/L523=7.854,4.457,2.082/L524=0.070,0.064,0.037/L525=0.079,0.137,0.077; peak=L523 margin=5.879; split fraction/run=0.374/65; outer edges=83/611; body=7.0+/-2.0/714.0+/-2.0; switch onset=L522; last complete picture=L521; band bottom=L525",521,1,0
591,14091,24,260,262,262,direct,"SP recording; raw picture onset against blank/body midpoint=51.500; VBI=none; raw three-third displacement L259=0.730,0.715,0.941/L260=0.733,0.600,0.756/L261=2.100,4.758,3.259/L262=7.152,0.049,0.040; peak=L262 margin=2.394; split fraction/run=1.000/474; outer edges=5/714; body=8.0+/-2.0/714.0+/-2.0; switch onset=L261; last complete picture=L260; band bottom=L262",260,286,521,525,525,direct,"SP recording; raw first pass-through row is picture; VBI ends at L285; raw three-third displacement L522=1.620,1.514,2.154/L523=7.672,4.181,2.132/L524=0.079,0.063,0.044/L525=0.076,0.130,0.092; peak=L523 margin=5.518; split fraction/run=0.383/65; outer edges=20/614; body=7.0+/-2.0/714.0+/-2.0; switch onset=L522; last complete picture=L521; band bottom=L525",521,1,0
592,14092,24,260,262,262,direct,"SP recording; raw picture onset against blank/body midpoint=53.500; VBI=none; raw three-third displacement L259=0.647,0.475,0.859/L260=0.682,0.565,0.664/L261=1.940,4.406,3.092/L262=7.127,0.053,0.040; peak=L262 margin=2.722; split fraction/run=1.000/343; outer edges=5/714; body=7.0+/-2.0/714.0+/-2.0; switch onset=L261; last complete picture=L260; band bottom=L262",260,286,521,525,525,direct,"SP recording; raw first pass-through row is picture; VBI ends at L285; raw three-third displacement L522=1.485,1.324,1.749/L523=8.374,4.083,2.429/L524=0.065,0.044,0.039/L525=0.080,0.100,0.088; peak=L523 margin=6.625; split fraction/run=0.304/50; outer edges=65/629; body=8.0+/-2.0/714.0+/-2.0; switch onset=L522; last complete picture=L521; band bottom=L525",521,1,0
593,14093,24,260,262,262,direct,"SP recording; raw picture onset against blank/body midpoint=53.500; VBI=none; raw three-third displacement L259=0.787,0.462,0.787/L260=0.575,0.500,0.706/L261=1.919,4.112,2.989/L262=7.456,0.050,0.039; peak=L262 margin=3.344; split fraction/run=1.000/376; outer edges=4/714; body=8.0+/-2.0/714.0+/-2.0; switch onset=L261; last complete picture=L260; band bottom=L262",260,286,521,525,525,direct,"SP recording; raw first pass-through row is picture; VBI ends at L285; raw three-third displacement L522=0.761,0.598,1.024/L523=8.043,3.975,2.355/L524=0.068,0.046,0.035/L525=0.091,0.097,0.076; peak=L523 margin=7.018; split fraction/run=0.192/31; outer edges=6/645; body=7.0+/-2.0/714.0+/-2.0; switch onset=L522; last complete picture=L521; band bottom=L525",521,1,0
594,14094,24,260,262,262,direct,"SP recording; raw picture onset against blank/body midpoint=52.500; VBI=none; raw three-third displacement L259=0.678,0.606,0.958/L260=0.732,0.558,0.786/L261=1.178,4.257,3.082/L262=7.712,0.050,0.040; peak=L262 margin=3.455; split fraction/run=1.000/241; outer edges=6/714; body=8.0+/-2.0/714.0+/-2.0; switch onset=L261; last complete picture=L260; band bottom=L262",260,286,521,525,525,direct,"SP recording; raw first pass-through row is picture; VBI ends at L285; raw three-third displacement L522=1.489,1.394,1.536/L523=8.404,3.896,2.373/L524=0.084,0.048,0.045/L525=0.091,0.093,0.080; peak=L523 margin=6.867; split fraction/run=0.290/33; outer edges=6/645; body=8.0+/-2.0/714.0+/-2.0; switch onset=L522; last complete picture=L521; band bottom=L525",521,1,0
595,14095,24,260,262,262,direct,"SP recording; raw picture onset against blank/body midpoint=52.500; VBI=none; raw three-third displacement L259=0.623,0.551,1.001/L260=0.679,0.472,0.798/L261=0.960,3.927,2.947/L262=8.183,0.054,0.044; peak=L262 margin=4.256; split fraction/run=1.000/223; outer edges=4/714; body=8.0+/-2.0/714.0+/-2.0; switch onset=L261; last complete picture=L260; band bottom=L262",260,286,521,525,525,direct,"SP recording; raw first pass-through row is picture; VBI ends at L285; raw three-third displacement L522=1.436,1.357,1.073/L523=8.419,3.515,2.660/L524=0.076,0.046,0.034/L525=0.092,0.090,0.075; peak=L523 margin=6.982; split fraction/run=0.154/12; outer edges=0/669; body=7.0+/-2.0/714.0+/-2.0; switch onset=L522; last complete picture=L521; band bottom=L525",521,1,0
596,14096,24,260,262,262,direct,"SP recording; raw picture onset against blank/body midpoint=52.500; VBI=none; raw three-third displacement L259=0.747,0.467,0.940/L260=0.763,0.505,0.831/L261=0.960,3.826,2.732/L262=8.423,0.046,0.039; peak=L262 margin=4.597; split fraction/run=1.000/341; outer edges=4/714; body=8.0+/-2.0/714.0+/-2.0; switch onset=L261; last complete picture=L260; band bottom=L262",260,286,521,525,525,direct,"SP recording; raw first pass-through row is picture; VBI ends at L285; raw three-third displacement L522=1.165,0.659,0.977/L523=8.312,3.515,2.435/L524=0.076,0.039,0.038/L525=0.086,0.081,0.084; peak=L523 margin=7.147; split fraction/run=0.229/20; outer edges=4/656; body=7.0+/-2.0/714.0+/-2.0; switch onset=L522; last complete picture=L521; band bottom=L525",521,1,0
597,14097,24,260,262,262,direct,"SP recording; raw picture onset against blank/body midpoint=51.500; VBI=none; raw three-third displacement L259=0.781,0.502,0.967/L260=0.843,0.613,0.788/L261=1.855,3.852,2.858/L262=8.130,0.052,0.039; peak=L262 margin=4.278; split fraction/run=1.000/215; outer edges=65/714; body=8.0+/-2.0/714.0+/-2.0; switch onset=L261; last complete picture=L260; band bottom=L262",260,286,521,525,525,direct,"SP recording; raw first pass-through row is picture; VBI ends at L285; raw three-third displacement L522=1.036,0.867,0.974/L523=8.122,3.437,2.312/L524=0.076,0.049,0.041/L525=0.083,0.096,0.094; peak=L523 margin=7.086; split fraction/run=0.266/38; outer edges=4/640; body=7.0+/-2.0/714.0+/-2.0; switch onset=L522; last complete picture=L521; band bottom=L525",521,1,0
598,14098,24,260,262,262,direct,"SP recording; raw picture onset against blank/body midpoint=51.500; VBI=none; raw three-third displacement L259=0.662,0.454,0.980/L260=0.815,0.533,0.687/L261=2.662,3.765,2.754/L262=6.953,0.048,0.034; peak=L262 margin=3.188; split fraction/run=1.000/337; outer edges=6/714; body=8.0+/-2.0/714.0+/-2.0; switch onset=L261; last complete picture=L260; band bottom=L262",260,286,521,525,525,direct,"SP recording; raw first pass-through row is picture; VBI ends at L285; raw three-third displacement L522=0.949,0.719,1.205/L523=8.120,3.712,2.184/L524=0.067,0.054,0.035/L525=0.083,0.091,0.070; peak=L523 margin=6.915; split fraction/run=0.299/41; outer edges=3/628; body=7.0+/-2.0/714.0+/-2.0; switch onset=L522; last complete picture=L521; band bottom=L525",521,1,0
599,14099,24,260,262,262,direct,"SP recording; raw picture onset against blank/body midpoint=52.000; VBI=none; raw three-third displacement L259=0.684,0.497,0.879/L260=0.702,0.440,0.686/L261=2.027,3.885,2.795/L262=7.218,0.045,0.036; peak=L262 margin=3.332; split fraction/run=1.000/384; outer edges=6/714; body=8.0+/-2.0/714.0+/-2.0; switch onset=L261; last complete picture=L260; band bottom=L262",260,286,521,525,525,direct,"SP recording; raw first pass-through row is picture; VBI ends at L285; raw three-third displacement L522=0.752,0.589,1.192/L523=8.502,3.937,2.169/L524=0.066,0.052,0.039/L525=0.067,0.105,0.087; peak=L523 margin=7.310; split fraction/run=0.313/49; outer edges=5/622; body=8.0+/-2.0/714.0+/-2.0; switch onset=L522; last complete picture=L521; band bottom=L525",521,1,0
600,14100,24,260,262,262,direct,"SP recording; raw picture onset against blank/body midpoint=51.500; VBI=none; raw three-third displacement L259=0.775,0.516,0.934/L260=0.708,0.474,0.781/L261=4.385,3.971,3.013/L262=5.736,0.047,0.040; peak=L262 margin=1.351; split fraction/run=1.000/422; outer edges=84/714; body=8.0+/-2.0/714.0+/-2.0; switch onset=L261; last complete picture=L260; band bottom=L262",260,286,521,525,525,cv_inspected,"SP recording; raw first pass-through row is picture; VBI ends at L285; raw three-third displacement L522=0.750,0.522,1.397/L523=8.471,3.615,1.958/L524=0.076,0.051,0.045/L525=0.088,0.091,0.077; peak=L523 margin=7.074; split fraction/run=0.407/87; outer edges=4/714; body=8.0+/-2.0/714.0+/-2.0; switch onset=L522; last complete picture=L521; band bottom=L525; row Y(mean/std) L285=1.391/0.488 L286=153.569/27.692 L287=154.419/28.050 L521=79.756/36.243 L522=72.616/42.083 L525=9.416/0.933",521,1,0
601,14101,25,261,-1,262,direct,"SP recording; raw VBI waveform L23; intervening tape row; picture follows; raw three-third displacement L259=0.864,0.543,1.008/L260=0.762,0.533,0.895/L261=0.718,0.608,0.748/L262=3.270,4.216,2.932; peak=L262 margin=3.208; split fraction/run=0.216/7; outer edges=7/714; body=8.0+/-2.0/714.0+/-2.0; switch onset=L262; last complete picture=L261; band bottom=none at clip",261,286,521,525,525,direct,"SP recording; raw first pass-through row is picture; VBI ends at L285; raw three-third displacement L522=0.991,0.686,1.366/L523=8.581,3.790,2.090/L524=0.081,0.048,0.042/L525=0.089,0.079,0.065; peak=L523 margin=7.215; split fraction/run=0.364/68; outer edges=4/609; body=7.0+/-2.0/714.0+/-2.0; switch onset=L522; last complete picture=L521; band bottom=L525",521,2,0
602,14102,24,260,262,262,direct,"SP recording; raw picture onset against blank/body midpoint=52.500; VBI=none; raw three-third displacement L259=0.889,0.587,0.881/L260=0.936,0.556,0.745/L261=3.288,4.315,3.079/L262=7.263,0.049,0.035; peak=L262 margin=2.949; split fraction/run=1.000/278; outer edges=84/714; body=8.0+/-2.0/714.0+/-2.0; switch onset=L261; last complete picture=L260; band bottom=L262",260,286,521,525,525,direct,"SP recording; raw first pass-through row is picture; VBI ends at L285; raw three-third displacement L522=0.927,0.494,1.179/L523=8.539,3.998,2.257/L524=0.080,0.047,0.048/L525=0.076,0.082,0.079; peak=L523 margin=7.360; split fraction/run=0.318/50; outer edges=4/628; body=8.0+/-2.0/714.0+/-2.0; switch onset=L522; last complete picture=L521; band bottom=L525",521,1,0
603,14103,24,260,262,262,direct,"SP recording; raw picture onset against blank/body midpoint=52.000; VBI=none; raw three-third displacement L259=0.852,0.567,0.931/L260=0.672,0.495,0.806/L261=2.445,4.198,3.100/L262=8.018,0.050,0.036; peak=L262 margin=3.821; split fraction/run=1.000/388; outer edges=0/714; body=8.0+/-2.0/714.0+/-2.0; switch onset=L261; last complete picture=L260; band bottom=L262",260,286,521,525,525,direct,"SP recording; raw first pass-through row is picture; VBI ends at L285; raw three-third displacement L522=0.918,0.595,1.087/L523=8.878,3.955,2.494/L524=0.081,0.052,0.049/L525=0.073,0.093,0.076; peak=L523 margin=7.790; split fraction/run=0.201/35; outer edges=5/643; body=7.0+/-2.0/714.0+/-2.0; switch onset=L522; last complete picture=L521; band bottom=L525",521,1,0
604,14104,24,260,262,262,direct,"SP recording; raw picture onset against blank/body midpoint=52.500; VBI=none; raw three-third displacement L259=0.714,0.585,0.961/L260=0.699,0.570,0.831/L261=1.817,4.205,3.069/L262=8.460,0.045,0.037; peak=L262 margin=4.255; split fraction/run=1.000/371; outer edges=83/714; body=8.0+/-2.0/714.0+/-2.0; switch onset=L261; last complete picture=L260; band bottom=L262",260,286,521,525,525,direct,"SP recording; raw first pass-through row is picture; VBI ends at L285; raw three-third displacement L522=0.999,0.651,0.946/L523=8.402,3.759,2.594/L524=0.068,0.043,0.036/L525=0.079,0.083,0.076; peak=L523 margin=7.403; split fraction/run=0.220/24; outer edges=2/652; body=8.0+/-2.0/714.0+/-2.0; switch onset=L522; last complete picture=L521; band bottom=L525",521,1,0
605,14105,24,260,262,262,direct,"SP recording; raw picture onset against blank/body midpoint=52.000; VBI=none; raw three-third displacement L259=0.866,0.506,0.878/L260=0.813,0.473,0.771/L261=0.915,4.091,2.957/L262=8.826,0.056,0.041; peak=L262 margin=4.735; split fraction/run=1.000/343; outer edges=6/714; body=8.0+/-2.0/714.0+/-2.0; switch onset=L261; last complete picture=L260; band bottom=L262",260,286,521,525,525,direct,"SP recording; raw first pass-through row is picture; VBI ends at L285; raw three-third displacement L522=0.806,0.451,0.894/L523=8.693,3.859,2.702/L524=0.074,0.046,0.041/L525=0.091,0.069,0.078; peak=L523 margin=7.799; split fraction/run=0.182/21; outer edges=5/655; body=7.0+/-2.0/714.0+/-2.0; switch onset=L522; last complete picture=L521; band bottom=L525",521,1,0
606,14106,24,260,262,262,direct,"SP recording; raw picture onset against blank/body midpoint=52.000; VBI=none; raw three-third displacement L259=0.816,0.557,0.852/L260=0.827,0.484,0.767/L261=1.685,4.116,3.069/L262=8.583,0.047,0.036; peak=L262 margin=4.467; split fraction/run=1.000/369; outer edges=84/714; body=8.0+/-2.0/714.0+/-2.0; switch onset=L261; last complete picture=L260; band bottom=L262",260,286,521,525,525,direct,"SP recording; raw first pass-through row is picture; VBI ends at L285; raw three-third displacement L522=0.955,0.694,0.973/L523=8.458,3.812,2.523/L524=0.077,0.054,0.041/L525=0.089,0.089,0.084; peak=L523 margin=7.486; split fraction/run=0.224/25; outer edges=4/651; body=7.0+/-2.0/714.0+/-2.0; switch onset=L522; last complete picture=L521; band bottom=L525",521,1,0
607,14107,24,260,262,262,direct,"SP recording; raw picture onset against blank/body midpoint=53.000; VBI=none; raw three-third displacement L259=0.636,0.409,0.940/L260=0.666,0.450,0.689/L261=0.876,4.220,3.097/L262=8.696,0.050,0.034; peak=L262 margin=4.476; split fraction/run=1.000/345; outer edges=6/714; body=7.0+/-2.0/714.0+/-2.0; switch onset=L261; last complete picture=L260; band bottom=L262",260,286,521,525,525,direct,"SP recording; raw first pass-through row is picture; VBI ends at L285; raw three-third displacement L522=0.911,0.688,0.945/L523=8.835,3.904,2.573/L524=0.078,0.051,0.039/L525=0.095,0.092,0.078; peak=L523 margin=7.890; split fraction/run=0.220/34; outer edges=5/642; body=7.0+/-2.0/714.0+/-2.0; switch onset=L522; last complete picture=L521; band bottom=L525",521,1,0
