ordinal,counter,f1_picture_top_line,f1_bottom_line,f1_hs_partial_line,f1_last_recorded_line,f1_method,f1_note,f1_direct_bottom_candidate,f2_picture_top_line,f2_bottom_line,f2_hs_partial_line,f2_last_recorded_line,f2_method,f2_note,f2_direct_bottom_candidate,applied_d1,applied_d2
0,1910,26,260,261,262,direct,EP recording; raw VBI waveform L24; intervening tape row; picture follows; outer-edge test L259/L260/L261=0.256/0.282/0.128; direct edge candidate=L260; body edge positions=10/713,260,288,521,522,525,cv_inspected,EP recording; raw rows L286-L287 are VBI-type; first picture row is L288; outer-edge test L521/L522/L523=0.215/0.101/0.071; direct edge candidate=L521; body edge positions=10/713; magnified raw rows resolve L521; row Y(mean/std) L287=24.059/36.923 L288=141.998/61.997 L289=134.036/64.994 L520=27.456/2.877 L521=26.823/2.150 L522=27.673/2.595 L525=12.070/0.760,521,3,2
1,1911,26,260,261,262,direct,EP recording; raw VBI waveform L24; intervening tape row; picture follows; outer-edge test L259/L260/L261=0.264/0.277/0.126; direct edge candidate=L260; body edge positions=10/713,260,288,521,522,525,direct,EP recording; raw rows L286-L287 are VBI-type; first picture row is L288; outer-edge test L521/L522/L523=0.307/0.086/0.063; direct edge candidate=L521; body edge positions=10/713,521,3,2
2,1912,26,260,261,262,cv_inspected,EP recording; raw VBI waveform L24; intervening tape row; picture follows; outer-edge test L259/L260/L261=0.335/0.261/0.099; direct edge candidate=L260; body edge positions=10/713; magnified raw rows resolve L260; row Y(mean/std) L25=88.745/44.372 L26=121.052/68.766 L27=107.181/62.351 L259=26.047/1.455 L260=26.439/1.774 L261=18.361/7.254 L262=12.534/0.864,260,288,521,522,525,cv_inspected,EP recording; raw rows L286-L287 are VBI-type; first picture row is L288; outer-edge test L521/L522/L523=0.230/0.085/0.030; direct edge candidate=L521; body edge positions=10/713; magnified raw rows resolve L521; row Y(mean/std) L287=27.670/43.768 L288=118.797/61.191 L289=109.236/62.041 L520=26.434/1.944 L521=25.755/1.423 L522=25.831/1.656 L525=12.411/0.765,521,3,2
3,1913,26,260,261,262,direct,EP recording; raw VBI waveform L24; intervening tape row; picture follows; outer-edge test L259/L260/L261=0.282/0.282/0.128; direct edge candidate=L260; body edge positions=10/713,260,288,522,523,525,cv_inspected,EP recording; raw rows L286-L287 are VBI-type; first picture row is L288; outer-edge test L521/L522/L523=0.226/0.138/0.029; direct edge candidate=L522; body edge positions=10/712; magnified raw rows resolve L522; row Y(mean/std) L287=30.433/45.279 L288=119.002/62.686 L289=113.411/64.350 L521=26.295/1.234 L522=26.523/1.754 L523=12.731/0.840 L525=12.073/0.766,522,3,2
4,1914,25,259,260,262,cv_inspected,EP recording; raw VBI waveform L23; intervening tape row; picture follows; outer-edge test L259/L260/L261=0.325/0.145/0.000; direct edge candidate=L259; body edge positions=10/712; magnified raw rows resolve L259; row Y(mean/std) L24=87.500/45.909 L25=117.611/69.940 L26=108.763/62.289 L258=27.413/1.610 L259=27.084/1.732 L260=18.816/7.617 L262=12.025/0.786,259,288,521,522,525,direct,EP recording; raw rows L286-L287 are VBI-type; first picture row is L288; outer-edge test L521/L522/L523=0.282/0.090/0.051; direct edge candidate=L521; body edge positions=10/713,521,2,2
5,1915,26,260,261,262,direct,EP recording; raw VBI waveform L24; intervening tape row; picture follows; outer-edge test L259/L260/L261=0.321/0.296/0.116; direct edge candidate=L260; body edge positions=10/713,260,288,522,523,525,direct,EP recording; raw rows L286-L287 are VBI-type; first picture row is L288; outer-edge test L521/L522/L523=0.250/0.400/0.025; direct edge candidate=L522; body edge positions=10/712,522,3,2
6,1916,25,259,260,262,cv_inspected,EP recording; raw VBI waveform L23; intervening tape row; picture follows; outer-edge test L259/L260/L261=0.322/0.118/0.023; direct edge candidate=L259; body edge positions=10/712; magnified raw rows resolve L259; row Y(mean/std) L24=114.369/47.152 L25=156.886/66.911 L26=145.680/64.879 L258=28.373/4.488 L259=28.217/5.480 L260=18.536/7.238 L262=11.941/0.812,259,288,522,523,525,cv_inspected,EP recording; raw rows L286-L287 are VBI-type; first picture row is L288; outer-edge test L521/L522/L523=0.315/0.202/0.045; direct edge candidate=L522; body edge positions=10/712; magnified raw rows resolve L522; row Y(mean/std) L287=72.608/63.250 L288=153.219/66.781 L289=148.006/65.368 L521=27.828/4.383 L522=27.875/5.947 L523=13.208/0.864 L525=12.533/0.800,522,2,2
7,1917,25,259,260,262,cv_inspected,EP recording; raw VBI waveform L23; intervening tape row; picture follows; outer-edge test L259/L260/L261=0.310/0.177/0.071; direct edge candidate=L259; body edge positions=10/712; magnified raw rows resolve L259; row Y(mean/std) L24=105.809/50.773 L25=139.113/67.045 L26=139.469/67.770 L258=30.153/8.768 L259=30.491/9.552 L260=18.317/6.666 L262=11.781/0.747,259,288,522,523,525,cv_inspected,EP recording; raw rows L286-L287 are VBI-type; first picture row is L288; outer-edge test L521/L522/L523=0.209/0.124/0.023; direct edge candidate=L522; body edge positions=10/712; magnified raw rows resolve L522; row Y(mean/std) L287=78.069/63.369 L288=146.217/69.844 L289=140.419/67.872 L521=29.075/9.085 L522=29.783/10.164 L523=12.858/0.839 L525=12.117/0.797,522,2,2
8,1918,25,259,260,262,cv_inspected,EP recording; raw VBI waveform L23; intervening tape row; picture follows; outer-edge test L259/L260/L261=0.394/0.189/0.056; direct edge candidate=L259; body edge positions=10/712; magnified raw rows resolve L259; row Y(mean/std) L24=114.895/54.226 L25=158.414/76.699 L26=145.347/72.568 L258=34.925/16.698 L259=35.642/17.322 L260=18.212/7.022 L262=11.717/0.705,259,288,521,522,525,cv_inspected,EP recording; raw rows L286-L287 are VBI-type; first picture row is L288; outer-edge test L521/L522/L523=0.333/0.155/0.030; direct edge candidate=L521; body edge positions=10/713; magnified raw rows resolve L521; row Y(mean/std) L287=66.567/62.357 L288=154.955/74.954 L289=149.600/74.007 L520=33.356/16.124 L521=34.241/16.226 L522=34.212/17.637 L525=12.041/0.819,521,2,2
9,1919,26,260,261,262,direct,EP recording; raw VBI waveform L24; intervening tape row; picture follows; outer-edge test L259/L260/L261=0.542/0.583/0.204; direct edge candidate=L260; body edge positions=10/712,260,288,521,522,525,direct,EP recording; raw rows L286-L287 are VBI-type; first picture row is L288; outer-edge test L521/L522/L523=0.833/0.186/0.042; direct edge candidate=L521; body edge positions=10/713,521,3,2
10,1920,26,260,261,262,direct,EP recording; raw VBI waveform L24; intervening tape row; picture follows; outer-edge test L259/L260/L261=0.550/0.600/0.237; direct edge candidate=L260; body edge positions=10/712,260,288,521,522,525,cv_inspected,EP recording; raw rows L286-L287 are VBI-type; first picture row is L288; outer-edge test L521/L522/L523=0.429/0.235/0.048; direct edge candidate=L521; body edge positions=10/712; magnified raw rows resolve L521; row Y(mean/std) L287=27.753/42.747 L288=161.822/40.905 L289=156.938/36.937 L520=46.737/27.935 L521=47.592/28.186 L522=48.397/29.115 L525=11.464/0.726,521,3,2
11,1921,26,260,261,262,direct,EP recording; raw VBI waveform L24; intervening tape row; picture follows; outer-edge test L259/L260/L261=0.842/0.737/0.222; direct edge candidate=L260; body edge positions=9/712,260,288,521,522,525,direct,EP recording; raw rows L286-L287 are VBI-type; first picture row is L288; outer-edge test L521/L522/L523=0.842/0.175/0.053; direct edge candidate=L521; body edge positions=9/712,521,3,2
12,1922,26,260,261,262,direct,EP recording; raw VBI waveform L24; intervening tape row; picture follows; outer-edge test L259/L260/L261=0.821/0.769/0.188; direct edge candidate=L260; body edge positions=10/712,260,288,521,522,525,direct,EP recording; raw rows L286-L287 are VBI-type; first picture row is L288; outer-edge test L521/L522/L523=0.579/0.209/0.105; direct edge candidate=L521; body edge positions=9/712,521,3,2
13,1923,26,260,261,262,direct,EP recording; raw VBI waveform L24; intervening tape row; picture follows; outer-edge test L259/L260/L261=0.722/0.667/0.172; direct edge candidate=L260; body edge positions=10/712,260,288,522,523,525,direct,EP recording; raw rows L286-L287 are VBI-type; first picture row is L288; outer-edge test L521/L522/L523=0.611/0.833/0.111; direct edge candidate=L522; body edge positions=9/712,522,3,2
14,1924,26,260,261,262,direct,EP recording; raw VBI waveform L24; intervening tape row; picture follows; outer-edge test L259/L260/L261=0.882/0.882/0.184; direct edge candidate=L260; body edge positions=9/712,260,288,521,522,525,direct,EP recording; raw rows L286-L287 are VBI-type; first picture row is L288; outer-edge test L521/L522/L523=0.875/0.184/0.063; direct edge candidate=L521; body edge positions=9/712,521,3,2
15,1925,26,260,261,262,direct,EP recording; raw VBI waveform L24; intervening tape row; picture follows; outer-edge test L259/L260/L261=0.733/1.200/0.141; direct edge candidate=L260; body edge positions=9/712,260,288,521,522,525,direct,EP recording; raw rows L286-L287 are VBI-type; first picture row is L288; outer-edge test L521/L522/L523=1.063/0.140/0.063; direct edge candidate=L521; body edge positions=9/712,521,3,2
16,1926,26,260,261,262,direct,EP recording; raw VBI waveform L24; intervening tape row; picture follows; outer-edge test L259/L260/L261=1.462/1.385/0.173; direct edge candidate=L260; body edge positions=10/712,260,288,521,522,525,direct,EP recording; raw rows L286-L287 are VBI-type; first picture row is L288; outer-edge test L521/L522/L523=1.238/0.133/0.133; direct edge candidate=L521; body edge positions=9/712,521,3,2
17,1927,26,260,261,262,direct,EP recording; raw VBI waveform L24; intervening tape row; picture follows; outer-edge test L259/L260/L261=1.358/1.358/0.170; direct edge candidate=L260; body edge positions=9/712,260,288,521,522,525,direct,EP recording; raw rows L286-L287 are VBI-type; first picture row is L288; outer-edge test L521/L522/L523=1.314/0.133/0.133; direct edge candidate=L521; body edge positions=9/712,521,3,2
18,1928,26,260,261,262,direct,EP recording; raw VBI waveform L24; intervening tape row; picture follows; outer-edge test L259/L260/L261=1.284/1.321/0.110; direct edge candidate=L260; body edge positions=9/713,260,288,521,522,525,direct,EP recording; raw rows L286-L287 are VBI-type; first picture row is L288; outer-edge test L521/L522/L523=1.182/0.109/0.067; direct edge candidate=L521; body edge positions=9/712,521,3,2
19,1929,26,260,261,262,direct,EP recording; raw VBI waveform L24; intervening tape row; picture follows; outer-edge test L259/L260/L261=1.321/1.245/0.067; direct edge candidate=L260; body edge positions=9/712,260,288,521,522,525,direct,EP recording; raw rows L286-L287 are VBI-type; first picture row is L288; outer-edge test L521/L522/L523=1.245/0.113/0.132; direct edge candidate=L521; body edge positions=9/712,521,3,2
20,1930,26,260,261,262,direct,EP recording; raw VBI waveform L24; intervening tape row; picture follows; outer-edge test L259/L260/L261=1.373/1.353/0.157; direct edge candidate=L260; body edge positions=9/712,260,288,522,523,525,direct,EP recording; raw rows L286-L287 are VBI-type; first picture row is L288; outer-edge test L521/L522/L523=1.286/1.245/0.071; direct edge candidate=L522; body edge positions=9/712,522,3,2
21,1931,26,260,261,262,direct,EP recording; raw VBI waveform L24; intervening tape row; picture follows; outer-edge test L259/L260/L261=1.129/1.065/0.097; direct edge candidate=L260; body edge positions=10/713,260,288,522,523,525,direct,EP recording; raw rows L286-L287 are VBI-type; first picture row is L288; outer-edge test L521/L522/L523=0.902/0.872/0.071; direct edge candidate=L522; body edge positions=9/712,522,3,2
22,1932,25,259,260,262,direct,EP recording; raw VBI waveform L23; intervening tape row; picture follows; outer-edge test L259/L260/L261=0.896/0.104/0.104; direct edge candidate=L259; body edge positions=9/712,259,288,522,523,525,direct,EP recording; raw rows L286-L287 are VBI-type; first picture row is L288; outer-edge test L521/L522/L523=0.823/0.865/0.099; direct edge candidate=L522; body edge positions=9/712,522,2,2
23,1933,26,260,261,262,direct,EP recording; raw VBI waveform L24; intervening tape row; picture follows; outer-edge test L259/L260/L261=1.087/1.087/0.155; direct edge candidate=L260; body edge positions=9/712,260,288,522,523,525,direct,EP recording; raw rows L286-L287 are VBI-type; first picture row is L288; outer-edge test L521/L522/L523=1.124/0.933/0.071; direct edge candidate=L522; body edge positions=9/712,522,3,2
24,1934,25,259,260,262,direct,EP recording; raw VBI waveform L23; intervening tape row; picture follows; outer-edge test L259/L260/L261=1.010/0.155/0.143; direct edge candidate=L259; body edge positions=9/712,259,288,522,523,525,direct,EP recording; raw rows L286-L287 are VBI-type; first picture row is L288; outer-edge test L521/L522/L523=0.991/0.917/0.071; direct edge candidate=L522; body edge positions=9/712,522,2,2
25,1935,25,259,260,262,direct,EP recording; raw VBI waveform L23; intervening tape row; picture follows; outer-edge test L259/L260/L261=0.814/0.086/0.071; direct edge candidate=L259; body edge positions=9/712,259,288,522,523,525,direct,EP recording; raw rows L286-L287 are VBI-type; first picture row is L288; outer-edge test L521/L522/L523=0.658/0.767/0.123; direct edge candidate=L522; body edge positions=9/712,522,2,2
26,1936,25,259,260,262,direct,EP recording; raw VBI waveform L23; intervening tape row; picture follows; outer-edge test L259/L260/L261=0.809/0.092/0.067; direct edge candidate=L259; body edge positions=9/713,259,288,522,523,525,direct,EP recording; raw rows L286-L287 are VBI-type; first picture row is L288; outer-edge test L521/L522/L523=0.616/0.791/0.093; direct edge candidate=L522; body edge positions=9/713,522,2,2
27,1937,26,260,261,262,direct,EP recording; raw VBI waveform L24; intervening tape row; picture follows; outer-edge test L259/L260/L261=0.615/0.570/0.078; direct edge candidate=L260; body edge positions=9/713,260,288,522,523,525,direct,EP recording; raw rows L286-L287 are VBI-type; first picture row is L288; outer-edge test L521/L522/L523=0.522/0.489/0.067; direct edge candidate=L522; body edge positions=9/713,522,3,2
28,1938,25,259,260,262,direct,EP recording; raw VBI waveform L23; intervening tape row; picture follows; outer-edge test L259/L260/L261=0.380/0.076/0.000; direct edge candidate=L259; body edge positions=10/713,259,288,522,523,525,direct,EP recording; raw rows L286-L287 are VBI-type; first picture row is L288; outer-edge test L521/L522/L523=0.330/0.396/0.062; direct edge candidate=L522; body edge positions=9/713,522,2,2
29,1939,25,259,260,262,direct,EP recording; raw VBI waveform L23; intervening tape row; picture follows; outer-edge test L259/L260/L261=0.323/0.075/0.000; direct edge candidate=L259; body edge positions=10/713,259,288,522,523,525,cv_inspected,EP recording; raw rows L286-L287 are VBI-type; first picture row is L288; outer-edge test L521/L522/L523=0.353/0.214/0.055; direct edge candidate=L522; body edge positions=13/713; magnified raw rows resolve L522; row Y(mean/std) L287=30.691/46.995 L288=40.450/5.986 L289=38.264/3.595 L521=83.967/28.677 L522=85.255/29.415 L523=11.589/0.916 L525=10.639/0.691,522,2,2
30,1940,26,260,261,262,direct,EP recording; raw VBI waveform L24; intervening tape row; picture follows; outer-edge test L259/L260/L261=0.421/0.495/0.074; direct edge candidate=L260; body edge positions=10/713,260,288,522,523,525,direct,EP recording; raw rows L286-L287 are VBI-type; first picture row is L288; outer-edge test L521/L522/L523=0.389/0.400/0.020; direct edge candidate=L522; body edge positions=10/713,522,3,2
31,1941,25,259,260,262,direct,EP recording; raw VBI waveform L23; intervening tape row; picture follows; outer-edge test L259/L260/L261=0.484/0.075/0.032; direct edge candidate=L259; body edge positions=10/713,259,288,522,523,525,direct,EP recording; raw rows L286-L287 are VBI-type; first picture row is L288; outer-edge test L521/L522/L523=0.562/0.490/0.015; direct edge candidate=L522; body edge positions=10/713,522,2,2
32,1942,25,259,260,262,direct,EP recording; raw VBI waveform L23; intervening tape row; picture follows; outer-edge test L259/L260/L261=0.553/0.074/0.026; direct edge candidate=L259; body edge positions=10/713,259,288,522,523,525,direct,EP recording; raw rows L286-L287 are VBI-type; first picture row is L288; outer-edge test L521/L522/L523=0.487/0.487/0.013; direct edge candidate=L522; body edge positions=10/713,522,2,2
33,1943,25,259,260,262,direct,EP recording; raw VBI waveform L23; intervening tape row; picture follows; outer-edge test L259/L260/L261=0.585/0.085/0.025; direct edge candidate=L259; body edge positions=10/713,259,288,521,522,525,direct,EP recording; raw rows L286-L287 are VBI-type; first picture row is L288; outer-edge test L521/L522/L523=0.490/0.063/0.012; direct edge candidate=L521; body edge positions=10/713,521,2,2
34,1944,25,259,260,262,direct,EP recording; raw VBI waveform L23; intervening tape row; picture follows; outer-edge test L259/L260/L261=0.495/0.097/0.012; direct edge candidate=L259; body edge positions=10/713,259,288,521,522,525,direct,EP recording; raw rows L286-L287 are VBI-type; first picture row is L288; outer-edge test L521/L522/L523=0.568/0.084/0.012; direct edge candidate=L521; body edge positions=10/713,521,2,2
35,1945,26,260,261,262,direct,EP recording; raw VBI waveform L24; intervening tape row; picture follows; outer-edge test L259/L260/L261=0.533/0.511/0.098; direct edge candidate=L260; body edge positions=10/713,260,288,521,522,525,direct,EP recording; raw rows L286-L287 are VBI-type; first picture row is L288; outer-edge test L521/L522/L523=0.558/0.074/0.000; direct edge candidate=L521; body edge positions=10/713,521,3,2
36,1946,26,260,261,262,direct,EP recording; raw VBI waveform L24; intervening tape row; picture follows; outer-edge test L259/L260/L261=0.532/0.511/0.096; direct edge candidate=L260; body edge positions=10/712,260,288,522,523,525,direct,EP recording; raw rows L286-L287 are VBI-type; first picture row is L288; outer-edge test L521/L522/L523=0.468/0.457/0.022; direct edge candidate=L522; body edge positions=10/712,522,3,2
37,1947,26,260,261,262,direct,EP recording; raw VBI waveform L24; intervening tape row; picture follows; outer-edge test L259/L260/L261=0.541/0.519/0.086; direct edge candidate=L260; body edge positions=10/712,260,288,522,523,525,direct,EP recording; raw rows L286-L287 are VBI-type; first picture row is L288; outer-edge test L521/L522/L523=0.452/0.366/0.022; direct edge candidate=L522; body edge positions=10/712,522,3,2
38,1948,26,260,261,262,direct,EP recording; raw VBI waveform L24; intervening tape row; picture follows; outer-edge test L259/L260/L261=0.909/0.845/0.089; direct edge candidate=L260; body edge positions=10/712,260,288,521,522,525,direct,EP recording; raw rows L286-L287 are VBI-type; first picture row is L288; outer-edge test L521/L522/L523=0.888/0.087/0.021; direct edge candidate=L521; body edge positions=10/712,521,3,2
39,1949,26,260,261,262,direct,EP recording; raw VBI waveform L24; intervening tape row; picture follows; outer-edge test L259/L260/L261=0.440/0.703/0.088; direct edge candidate=L260; body edge positions=10/712,260,288,522,523,525,direct,EP recording; raw rows L286-L287 are VBI-type; first picture row is L288; outer-edge test L521/L522/L523=0.516/0.667/0.011; direct edge candidate=L522; body edge positions=10/712,522,3,2
40,1950,26,260,261,262,direct,EP recording; raw VBI waveform L24; intervening tape row; picture follows; outer-edge test L259/L260/L261=0.901/0.819/0.097; direct edge candidate=L260; body edge positions=10/712,260,288,522,523,525,direct,EP recording; raw rows L286-L287 are VBI-type; first picture row is L288; outer-edge test L521/L522/L523=1.000/0.978/0.012; direct edge candidate=L522; body edge positions=10/712,522,3,2
41,1951,25,259,260,262,direct,EP recording; raw VBI waveform L23; intervening tape row; picture follows; outer-edge test L259/L260/L261=0.919/0.099/0.027; direct edge candidate=L259; body edge positions=10/712,259,288,522,523,525,direct,EP recording; raw rows L286-L287 are VBI-type; first picture row is L288; outer-edge test L521/L522/L523=1.073/1.007/0.013; direct edge candidate=L522; body edge positions=10/712,522,2,2
42,1952,25,259,260,262,direct,EP recording; raw VBI waveform L23; intervening tape row; picture follows; outer-edge test L259/L260/L261=0.764/0.079/0.015; direct edge candidate=L259; body edge positions=10/712,259,288,521,522,525,direct,EP recording; raw rows L286-L287 are VBI-type; first picture row is L288; outer-edge test L521/L522/L523=0.978/0.087/0.014; direct edge candidate=L521; body edge positions=10/712,521,2,2
43,1953,26,260,261,262,direct,EP recording; raw VBI waveform L24; intervening tape row; picture follows; outer-edge test L259/L260/L261=0.682/0.637/0.101; direct edge candidate=L260; body edge positions=10/712,260,288,521,522,525,direct,EP recording; raw rows L286-L287 are VBI-type; first picture row is L288; outer-edge test L521/L522/L523=0.578/0.078/0.015; direct edge candidate=L521; body edge positions=10/712,521,3,2
44,1954,26,260,261,262,direct,EP recording; raw VBI waveform L24; intervening tape row; picture follows; outer-edge test L259/L260/L261=0.602/0.568/0.102; direct edge candidate=L260; body edge positions=10/712,260,288,521,522,525,direct,EP recording; raw rows L286-L287 are VBI-type; first picture row is L288; outer-edge test L521/L522/L523=0.663/0.067/0.030; direct edge candidate=L521; body edge positions=10/712,521,3,2
45,1955,26,260,261,262,direct,EP recording; raw VBI waveform L24; intervening tape row; picture follows; outer-edge test L259/L260/L261=0.632/0.644/0.065; direct edge candidate=L260; body edge positions=10/712,260,288,522,523,525,direct,EP recording; raw rows L286-L287 are VBI-type; first picture row is L288; outer-edge test L521/L522/L523=0.584/0.573/0.032; direct edge candidate=L522; body edge positions=10/712,522,3,2
46,1956,26,260,261,262,direct,EP recording; raw VBI waveform L24; intervening tape row; picture follows; outer-edge test L259/L260/L261=0.640/0.640/0.091; direct edge candidate=L260; body edge positions=10/712,260,288,521,522,525,direct,EP recording; raw rows L286-L287 are VBI-type; first picture row is L288; outer-edge test L521/L522/L523=0.636/0.091/0.032; direct edge candidate=L521; body edge positions=10/712,521,3,2
47,1957,26,260,261,262,direct,EP recording; raw VBI waveform L24; intervening tape row; picture follows; outer-edge test L259/L260/L261=0.659/0.601/0.081; direct edge candidate=L260; body edge positions=10/712,260,288,521,522,525,direct,EP recording; raw rows L286-L287 are VBI-type; first picture row is L288; outer-edge test L521/L522/L523=0.575/0.092/0.016; direct edge candidate=L521; body edge positions=10/712,521,3,2
48,1958,26,260,261,262,direct,EP recording; raw VBI waveform L24; intervening tape row; picture follows; outer-edge test L259/L260/L261=0.591/0.523/0.068; direct edge candidate=L260; body edge positions=10/712,260,288,522,523,525,direct,EP recording; raw rows L286-L287 are VBI-type; first picture row is L288; outer-edge test L521/L522/L523=0.506/0.483/0.016; direct edge candidate=L522; body edge positions=10/712,522,3,2
49,1959,26,260,261,262,direct,EP recording; raw VBI waveform L24; intervening tape row; picture follows; outer-edge test L259/L260/L261=0.503/0.525/0.089; direct edge candidate=L260; body edge positions=10/712,260,288,521,522,525,direct,EP recording; raw rows L286-L287 are VBI-type; first picture row is L288; outer-edge test L521/L522/L523=0.554/0.098/0.016; direct edge candidate=L521; body edge positions=10/712,521,3,2
50,1960,26,260,261,262,direct,EP recording; raw VBI waveform L24; intervening tape row; picture follows; outer-edge test L259/L260/L261=0.500/0.511/0.087; direct edge candidate=L260; body edge positions=10/712,260,288,522,523,525,direct,EP recording; raw rows L286-L287 are VBI-type; first picture row is L288; outer-edge test L521/L522/L523=0.462/0.495/0.000; direct edge candidate=L522; body edge positions=10/712,522,3,2
51,1961,25,259,260,262,direct,EP recording; raw VBI waveform L23; intervening tape row; picture follows; outer-edge test L259/L260/L261=0.503/0.096/0.030; direct edge candidate=L259; body edge positions=10/713,259,288,522,523,525,direct,EP recording; raw rows L286-L287 are VBI-type; first picture row is L288; outer-edge test L521/L522/L523=0.481/0.406/0.031; direct edge candidate=L522; body edge positions=10/713,522,2,2
52,1962,26,260,261,262,direct,EP recording; raw VBI waveform L24; intervening tape row; picture follows; outer-edge test L259/L260/L261=0.513/0.481/0.096; direct edge candidate=L260; body edge positions=10/713,260,288,521,522,525,direct,EP recording; raw rows L286-L287 are VBI-type; first picture row is L288; outer-edge test L521/L522/L523=0.460/0.086/0.015; direct edge candidate=L521; body edge positions=10/713,521,3,2
53,1963,26,260,261,262,direct,EP recording; raw VBI waveform L24; intervening tape row; picture follows; outer-edge test L259/L260/L261=0.532/0.479/0.074; direct edge candidate=L260; body edge positions=10/713,260,288,521,522,525,direct,EP recording; raw rows L286-L287 are VBI-type; first picture row is L288; outer-edge test L521/L522/L523=0.527/0.075/0.031; direct edge candidate=L521; body edge positions=10/713,521,3,2
54,1964,26,260,261,262,direct,EP recording; raw VBI waveform L24; intervening tape row; picture follows; outer-edge test L259/L260/L261=0.535/0.492/0.096; direct edge candidate=L260; body edge positions=10/713,260,288,522,523,525,direct,EP recording; raw rows L286-L287 are VBI-type; first picture row is L288; outer-edge test L521/L522/L523=0.559/0.441/0.015; direct edge candidate=L522; body edge positions=10/713,522,3,2
55,1965,25,259,260,262,direct,EP recording; raw VBI waveform L23; intervening tape row; picture follows; outer-edge test L259/L260/L261=0.508/0.106/0.016; direct edge candidate=L259; body edge positions=10/713,259,288,521,522,525,direct,EP recording; raw rows L286-L287 are VBI-type; first picture row is L288; outer-edge test L521/L522/L523=0.495/0.095/0.016; direct edge candidate=L521; body edge positions=10/713,521,2,2
56,1966,26,260,261,262,direct,EP recording; raw VBI waveform L24; intervening tape row; picture follows; outer-edge test L259/L260/L261=0.516/0.495/0.095; direct edge candidate=L260; body edge positions=10/713,260,288,522,523,525,direct,EP recording; raw rows L286-L287 are VBI-type; first picture row is L288; outer-edge test L521/L522/L523=0.508/0.466/0.016; direct edge candidate=L522; body edge positions=10/713,522,3,2
57,1967,25,259,260,262,direct,EP recording; raw VBI waveform L23; intervening tape row; picture follows; outer-edge test L259/L260/L261=0.511/0.106/0.031; direct edge candidate=L259; body edge positions=10/713,259,288,522,523,525,direct,EP recording; raw rows L286-L287 are VBI-type; first picture row is L288; outer-edge test L521/L522/L523=0.461/0.492/0.016; direct edge candidate=L522; body edge positions=10/713,522,2,2
58,1968,25,259,260,262,direct,EP recording; raw VBI waveform L23; intervening tape row; picture follows; outer-edge test L259/L260/L261=0.545/0.096/0.032; direct edge candidate=L259; body edge positions=10/713,259,288,522,523,525,direct,EP recording; raw rows L286-L287 are VBI-type; first picture row is L288; outer-edge test L521/L522/L523=0.474/0.453/0.031; direct edge candidate=L522; body edge positions=10/713,522,2,2
59,1969,26,260,261,262,direct,EP recording; raw VBI waveform L24; intervening tape row; picture follows; outer-edge test L259/L260/L261=0.543/0.511/0.106; direct edge candidate=L260; body edge positions=10/713,260,288,521,522,525,direct,EP recording; raw rows L286-L287 are VBI-type; first picture row is L288; outer-edge test L521/L522/L523=0.490/0.073/0.016; direct edge candidate=L521; body edge positions=10/713,521,3,2
60,1970,26,260,261,262,direct,EP recording; raw VBI waveform L24; intervening tape row; picture follows; outer-edge test L259/L260/L261=0.559/0.538/0.097; direct edge candidate=L260; body edge positions=10/712,260,288,521,522,525,direct,EP recording; raw rows L286-L287 are VBI-type; first picture row is L288; outer-edge test L521/L522/L523=0.589/0.074/0.015; direct edge candidate=L521; body edge positions=10/713,521,3,2
61,1971,26,260,261,262,direct,EP recording; raw VBI waveform L24; intervening tape row; picture follows; outer-edge test L259/L260/L261=0.522/0.543/0.109; direct edge candidate=L260; body edge positions=10/712,260,288,522,523,525,direct,EP recording; raw rows L286-L287 are VBI-type; first picture row is L288; outer-edge test L521/L522/L523=0.576/0.413/0.000; direct edge candidate=L522; body edge positions=10/712,522,3,2
62,1972,26,260,261,262,direct,EP recording; raw VBI waveform L24; intervening tape row; picture follows; outer-edge test L259/L260/L261=0.517/0.528/0.101; direct edge candidate=L260; body edge positions=10/712,260,288,522,523,525,direct,EP recording; raw rows L286-L287 are VBI-type; first picture row is L288; outer-edge test L521/L522/L523=0.615/0.451/0.016; direct edge candidate=L522; body edge positions=10/712,522,3,2
63,1973,26,260,261,262,direct,EP recording; raw VBI waveform L24; intervening tape row; picture follows; outer-edge test L259/L260/L261=0.555/0.509/0.104; direct edge candidate=L260; body edge positions=10/712,260,288,522,523,525,direct,EP recording; raw rows L286-L287 are VBI-type; first picture row is L288; outer-edge test L521/L522/L523=0.565/0.459/0.015; direct edge candidate=L522; body edge positions=10/712,522,3,2
64,1974,25,259,260,262,direct,EP recording; raw VBI waveform L23; intervening tape row; picture follows; outer-edge test L259/L260/L261=0.537/0.125/0.016; direct edge candidate=L259; body edge positions=10/712,259,288,522,523,525,direct,EP recording; raw rows L286-L287 are VBI-type; first picture row is L288; outer-edge test L521/L522/L523=0.519/0.543/0.016; direct edge candidate=L522; body edge positions=10/712,522,2,2
65,1975,25,259,260,262,direct,EP recording; raw VBI waveform L23; intervening tape row; picture follows; outer-edge test L259/L260/L261=0.528/0.126/0.016; direct edge candidate=L259; body edge positions=10/712,259,288,521,522,525,direct,EP recording; raw rows L286-L287 are VBI-type; first picture row is L288; outer-edge test L521/L522/L523=0.608/0.127/0.016; direct edge candidate=L521; body edge positions=10/712,521,2,2
66,1976,26,260,261,262,direct,EP recording; raw VBI waveform L24; intervening tape row; picture follows; outer-edge test L259/L260/L261=0.564/0.577/0.115; direct edge candidate=L260; body edge positions=10/712,260,288,521,522,525,direct,EP recording; raw rows L286-L287 are VBI-type; first picture row is L288; outer-edge test L521/L522/L523=0.500/0.090/0.031; direct edge candidate=L521; body edge positions=10/712,521,3,2
67,1977,26,260,261,262,direct,EP recording; raw VBI waveform L24; intervening tape row; picture follows; outer-edge test L259/L260/L261=0.538/0.564/0.115; direct edge candidate=L260; body edge positions=10/712,260,288,521,522,525,direct,EP recording; raw rows L286-L287 are VBI-type; first picture row is L288; outer-edge test L521/L522/L523=0.551/0.103/0.016; direct edge candidate=L521; body edge positions=10/712,521,3,2
68,1978,26,260,261,262,direct,EP recording; raw VBI waveform L24; intervening tape row; picture follows; outer-edge test L259/L260/L261=0.564/0.538/0.103; direct edge candidate=L260; body edge positions=10/712,260,288,521,522,525,direct,EP recording; raw rows L286-L287 are VBI-type; first picture row is L288; outer-edge test L521/L522/L523=0.494/0.091/0.015; direct edge candidate=L521; body edge positions=10/712,521,3,2
69,1979,26,260,261,262,direct,EP recording; raw VBI waveform L24; intervening tape row; picture follows; outer-edge test L259/L260/L261=0.564/0.551/0.115; direct edge candidate=L260; body edge positions=10/712,260,288,522,523,525,cv_inspected,EP recording; raw rows L286-L287 are VBI-type; first picture row is L288; outer-edge test L521/L522/L523=0.590/0.321/0.031; direct edge candidate=L522; body edge positions=10/712; magnified raw rows resolve L522; row Y(mean/std) L287=63.263/60.046 L288=132.213/55.384 L289=123.827/57.874 L521=71.850/11.825 L522=70.194/10.948 L523=12.812/1.021 L525=11.816/0.820,522,3,2
70,1980,26,260,261,262,direct,EP recording; raw VBI waveform L24; intervening tape row; picture follows; outer-edge test L259/L260/L261=0.549/0.523/0.118; direct edge candidate=L260; body edge positions=10/712,260,288,521,522,525,cv_inspected,EP recording; raw rows L286-L287 are VBI-type; first picture row is L288; outer-edge test L521/L522/L523=0.532/0.273/0.016; direct edge candidate=L521; body edge positions=10/712; magnified raw rows resolve L521; row Y(mean/std) L287=27.067/41.683 L288=135.319/52.293 L289=125.792/56.326 L520=73.003/12.924 L521=72.378/12.236 L522=71.370/10.879 L525=11.442/0.709,521,3,2
71,1981,25,259,260,262,direct,EP recording; raw VBI waveform L23; intervening tape row; picture follows; outer-edge test L259/L260/L261=0.558/0.104/0.033; direct edge candidate=L259; body edge positions=10/712,259,288,522,523,525,direct,EP recording; raw rows L286-L287 are VBI-type; first picture row is L288; outer-edge test L521/L522/L523=0.526/0.603/0.032; direct edge candidate=L522; body edge positions=10/712,522,2,2
72,1982,25,259,260,262,direct,EP recording; raw VBI waveform L23; intervening tape row; picture follows; outer-edge test L259/L260/L261=0.532/0.091/0.016; direct edge candidate=L259; body edge positions=10/712,259,288,521,522,525,direct,EP recording; raw rows L286-L287 are VBI-type; first picture row is L288; outer-edge test L521/L522/L523=0.601/0.105/0.031; direct edge candidate=L521; body edge positions=10/712,521,2,2
73,1983,26,260,261,262,direct,EP recording; raw VBI waveform L24; intervening tape row; picture follows; outer-edge test L259/L260/L261=0.558/0.545/0.130; direct edge candidate=L260; body edge positions=10/712,260,288,521,522,525,direct,EP recording; raw rows L286-L287 are VBI-type; first picture row is L288; outer-edge test L521/L522/L523=0.506/0.104/0.016; direct edge candidate=L521; body edge positions=10/712,521,3,2
74,1984,26,260,261,262,direct,EP recording; raw VBI waveform L24; intervening tape row; picture follows; outer-edge test L259/L260/L261=0.658/0.592/0.105; direct edge candidate=L260; body edge positions=10/712,260,288,521,522,525,direct,EP recording; raw rows L286-L287 are VBI-type; first picture row is L288; outer-edge test L521/L522/L523=0.481/0.078/0.031; direct edge candidate=L521; body edge positions=10/712,521,3,2
75,1985,26,260,261,262,direct,EP recording; raw VBI waveform L24; intervening tape row; picture follows; outer-edge test L259/L260/L261=0.711/0.592/0.105; direct edge candidate=L260; body edge positions=10/712,260,288,522,523,525,direct,EP recording; raw rows L286-L287 are VBI-type; first picture row is L288; outer-edge test L521/L522/L523=0.701/0.558/0.031; direct edge candidate=L522; body edge positions=10/712,522,3,2
76,1986,25,259,260,262,direct,EP recording; raw VBI waveform L23; intervening tape row; picture follows; outer-edge test L259/L260/L261=0.597/0.117/0.046; direct edge candidate=L259; body edge positions=10/712,259,288,521,522,525,direct,EP recording; raw rows L286-L287 are VBI-type; first picture row is L288; outer-edge test L521/L522/L523=0.579/0.092/0.016; direct edge candidate=L521; body edge positions=10/712,521,2,2
77,1987,26,260,261,262,direct,EP recording; raw VBI waveform L24; intervening tape row; picture follows; outer-edge test L259/L260/L261=0.662/0.597/0.104; direct edge candidate=L260; body edge positions=10/713,260,288,521,522,525,direct,EP recording; raw rows L286-L287 are VBI-type; first picture row is L288; outer-edge test L521/L522/L523=0.662/0.117/0.031; direct edge candidate=L521; body edge positions=10/712,521,3,2
78,1988,26,260,261,262,direct,EP recording; raw VBI waveform L24; intervening tape row; picture follows; outer-edge test L259/L260/L261=0.667/0.601/0.118; direct edge candidate=L260; body edge positions=10/712,260,288,521,522,525,direct,EP recording; raw rows L286-L287 are VBI-type; first picture row is L288; outer-edge test L521/L522/L523=0.723/0.077/0.016; direct edge candidate=L521; body edge positions=10/712,521,3,2
79,1989,26,260,261,262,direct,EP recording; raw VBI waveform L24; intervening tape row; picture follows; outer-edge test L259/L260/L261=0.701/0.623/0.117; direct edge candidate=L260; body edge positions=10/713,260,288,521,522,525,direct,EP recording; raw rows L286-L287 are VBI-type; first picture row is L288; outer-edge test L521/L522/L523=0.649/0.117/0.016; direct edge candidate=L521; body edge positions=10/712,521,3,2
80,1990,26,260,261,262,direct,EP recording; raw VBI waveform L24; intervening tape row; picture follows; outer-edge test L259/L260/L261=0.701/0.558/0.117; direct edge candidate=L260; body edge positions=10/712,260,288,521,522,525,direct,EP recording; raw rows L286-L287 are VBI-type; first picture row is L288; outer-edge test L521/L522/L523=0.627/0.092/0.031; direct edge candidate=L521; body edge positions=10/712,521,3,2
81,1991,26,260,261,262,direct,EP recording; raw VBI waveform L24; intervening tape row; picture follows; outer-edge test L259/L260/L261=0.684/0.568/0.103; direct edge candidate=L260; body edge positions=10/712,260,288,521,522,525,cv_inspected,EP recording; raw rows L286-L287 are VBI-type; first picture row is L288; outer-edge test L521/L522/L523=0.636/0.273/0.016; direct edge candidate=L521; body edge positions=10/712; magnified raw rows resolve L521; row Y(mean/std) L287=26.087/42.170 L288=136.336/51.079 L289=130.909/53.934 L520=74.291/15.934 L521=73.581/16.665 L522=72.020/15.006 L525=10.905/0.753,521,3,2
82,1992,26,260,261,262,direct,EP recording; raw VBI waveform L24; intervening tape row; picture follows; outer-edge test L259/L260/L261=0.701/0.649/0.130; direct edge candidate=L260; body edge positions=10/713,260,288,522,523,525,cv_inspected,EP recording; raw rows L286-L287 are VBI-type; first picture row is L288; outer-edge test L521/L522/L523=0.718/0.410/0.016; direct edge candidate=L522; body edge positions=10/712; magnified raw rows resolve L522; row Y(mean/std) L287=21.530/36.841 L288=136.850/50.686 L289=130.177/53.389 L521=73.650/16.073 L522=72.350/15.381 L523=11.702/0.922 L525=11.111/0.743,522,3,2
83,1993,26,260,261,262,direct,EP recording; raw VBI waveform L24; intervening tape row; picture follows; outer-edge test L259/L260/L261=0.745/0.745/0.033; direct edge candidate=L260; body edge positions=10/712,260,288,522,523,525,direct,EP recording; raw rows L286-L287 are VBI-type; first picture row is L288; outer-edge test L521/L522/L523=0.711/0.526/0.032; direct edge candidate=L522; body edge positions=10/712,522,3,2
84,1994,26,260,261,262,direct,EP recording; raw VBI waveform L24; intervening tape row; picture follows; outer-edge test L259/L260/L261=0.711/0.750/0.105; direct edge candidate=L260; body edge positions=10/713,260,288,521,522,525,direct,EP recording; raw rows L286-L287 are VBI-type; first picture row is L288; outer-edge test L521/L522/L523=0.636/0.091/0.015; direct edge candidate=L521; body edge positions=10/712,521,3,2
85,1995,26,260,261,262,direct,EP recording; raw VBI waveform L24; intervening tape row; picture follows; outer-edge test L259/L260/L261=0.658/0.697/0.118; direct edge candidate=L260; body edge positions=10/712,260,288,522,523,525,direct,EP recording; raw rows L286-L287 are VBI-type; first picture row is L288; outer-edge test L521/L522/L523=0.636/0.610/0.000; direct edge candidate=L522; body edge positions=10/712,522,3,2
86,1996,26,260,261,262,direct,EP recording; raw VBI waveform L24; intervening tape row; picture follows; outer-edge test L259/L260/L261=0.715/0.702/0.106; direct edge candidate=L260; body edge positions=10/713,260,288,521,522,525,direct,EP recording; raw rows L286-L287 are VBI-type; first picture row is L288; outer-edge test L521/L522/L523=0.571/0.104/0.016; direct edge candidate=L521; body edge positions=10/712,521,3,2
87,1997,26,260,261,262,direct,EP recording; raw VBI waveform L24; intervening tape row; picture follows; outer-edge test L259/L260/L261=0.675/0.701/0.102; direct edge candidate=L260; body edge positions=10/712,260,288,521,522,525,direct,EP recording; raw rows L286-L287 are VBI-type; first picture row is L288; outer-edge test L521/L522/L523=0.706/0.047/0.016; direct edge candidate=L521; body edge positions=10/712,521,3,2
88,1998,26,260,261,262,direct,EP recording; raw VBI waveform L24; intervening tape row; picture follows; outer-edge test L259/L260/L261=0.723/0.658/0.103; direct edge candidate=L260; body edge positions=10/712,260,288,522,523,525,direct,EP recording; raw rows L286-L287 are VBI-type; first picture row is L288; outer-edge test L521/L522/L523=0.592/0.711/0.032; direct edge candidate=L522; body edge positions=10/712,522,3,2
89,1999,25,259,260,262,direct,EP recording; raw VBI waveform L23; intervening tape row; picture follows; outer-edge test L259/L260/L261=0.671/0.118/0.030; direct edge candidate=L259; body edge positions=10/712,259,288,522,523,525,direct,EP recording; raw rows L286-L287 are VBI-type; first picture row is L288; outer-edge test L521/L522/L523=0.601/0.536/0.016; direct edge candidate=L522; body edge positions=10/712,522,2,2
90,2000,26,260,261,262,direct,EP recording; raw VBI waveform L24; intervening tape row; picture follows; outer-edge test L259/L260/L261=0.720/0.680/0.093; direct edge candidate=L260; body edge positions=10/713,260,288,521,522,525,direct,EP recording; raw rows L286-L287 are VBI-type; first picture row is L288; outer-edge test L521/L522/L523=0.618/0.092/0.033; direct edge candidate=L521; body edge positions=10/713,521,3,2
91,2001,26,260,261,262,direct,EP recording; raw VBI waveform L24; intervening tape row; picture follows; outer-edge test L259/L260/L261=0.675/0.662/0.093; direct edge candidate=L260; body edge positions=10/712,260,288,522,523,525,direct,EP recording; raw rows L286-L287 are VBI-type; first picture row is L288; outer-edge test L521/L522/L523=0.618/0.618/0.032; direct edge candidate=L522; body edge positions=11/712,522,3,2
92,2002,25,259,260,262,direct,EP recording; raw VBI waveform L23; intervening tape row; picture follows; outer-edge test L259/L260/L261=0.653/0.107/0.018; direct edge candidate=L259; body edge positions=10/713,259,288,522,523,525,direct,EP recording; raw rows L286-L287 are VBI-type; first picture row is L288; outer-edge test L521/L522/L523=0.592/0.526/0.015; direct edge candidate=L522; body edge positions=10/712,522,2,2
93,2003,25,259,260,262,direct,EP recording; raw VBI waveform L23; intervening tape row; picture follows; outer-edge test L259/L260/L261=0.667/0.105/0.033; direct edge candidate=L259; body edge positions=10/712,259,288,522,523,525,direct,EP recording; raw rows L286-L287 are VBI-type; first picture row is L288; outer-edge test L521/L522/L523=0.600/0.587/0.016; direct edge candidate=L522; body edge positions=10/712,522,2,2
94,2004,25,259,260,262,direct,EP recording; raw VBI waveform L23; intervening tape row; picture follows; outer-edge test L259/L260/L261=0.684/0.105/0.033; direct edge candidate=L259; body edge positions=10/712,259,288,521,522,525,direct,EP recording; raw rows L286-L287 are VBI-type; first picture row is L288; outer-edge test L521/L522/L523=0.627/0.107/0.016; direct edge candidate=L521; body edge positions=11/713,521,2,2
95,2005,26,260,261,262,direct,EP recording; raw VBI waveform L24; intervening tape row; picture follows; outer-edge test L259/L260/L261=0.671/0.658/0.094; direct edge candidate=L260; body edge positions=10/713,260,288,522,523,525,direct,EP recording; raw rows L286-L287 are VBI-type; first picture row is L288; outer-edge test L521/L522/L523=0.623/0.450/0.030; direct edge candidate=L522; body edge positions=10/713,522,3,2
96,2006,26,260,261,262,direct,EP recording; raw VBI waveform L24; intervening tape row; picture follows; outer-edge test L259/L260/L261=0.667/0.707/0.107; direct edge candidate=L260; body edge positions=10/712,260,288,522,523,525,direct,EP recording; raw rows L286-L287 are VBI-type; first picture row is L288; outer-edge test L521/L522/L523=0.653/0.533/0.016; direct edge candidate=L522; body edge positions=10/712,522,3,2
97,2007,26,260,261,262,direct,EP recording; raw VBI waveform L24; intervening tape row; picture follows; outer-edge test L259/L260/L261=0.711/0.752/0.121; direct edge candidate=L260; body edge positions=10/712,260,288,522,523,525,direct,EP recording; raw rows L286-L287 are VBI-type; first picture row is L288; outer-edge test L521/L522/L523=0.667/0.735/0.031; direct edge candidate=L522; body edge positions=10/713,522,3,2
98,2008,25,259,260,262,direct,EP recording; raw VBI waveform L23; intervening tape row; picture follows; outer-edge test L259/L260/L261=0.698/0.121/0.032; direct edge candidate=L259; body edge positions=10/712,259,288,522,523,525,direct,EP recording; raw rows L286-L287 are VBI-type; first picture row is L288; outer-edge test L521/L522/L523=0.707/0.667/0.046; direct edge candidate=L522; body edge positions=10/712,522,2,2
99,2009,26,260,261,262,direct,EP recording; raw VBI waveform L24; intervening tape row; picture follows; outer-edge test L259/L260/L261=0.752/0.685/0.107; direct edge candidate=L260; body edge positions=10/712,260,288,522,523,525,direct,EP recording; raw rows L286-L287 are VBI-type; first picture row is L288; outer-edge test L521/L522/L523=0.707/0.653/0.032; direct edge candidate=L522; body edge positions=10/712,522,3,2
100,2010,25,259,260,262,direct,EP recording; raw VBI waveform L23; intervening tape row; picture follows; outer-edge test L259/L260/L261=0.703/0.108/0.015; direct edge candidate=L259; body edge positions=10/712,259,288,522,523,525,direct,EP recording; raw rows L286-L287 are VBI-type; first picture row is L288; outer-edge test L521/L522/L523=0.773/0.627/0.016; direct edge candidate=L522; body edge positions=10/712,522,2,2
101,2011,25,259,260,262,direct,EP recording; raw VBI waveform L23; intervening tape row; picture follows; outer-edge test L259/L260/L261=0.694/0.111/0.031; direct edge candidate=L259; body edge positions=10/712,259,288,522,523,525,direct,EP recording; raw rows L286-L287 are VBI-type; first picture row is L288; outer-edge test L521/L522/L523=0.712/0.589/0.015; direct edge candidate=L522; body edge positions=10/713,522,2,2
102,2012,26,260,261,262,direct,EP recording; raw VBI waveform L24; intervening tape row; picture follows; outer-edge test L259/L260/L261=0.699/0.726/0.096; direct edge candidate=L260; body edge positions=10/712,260,288,522,523,525,direct,EP recording; raw rows L286-L287 are VBI-type; first picture row is L288; outer-edge test L521/L522/L523=0.712/0.644/0.015; direct edge candidate=L522; body edge positions=10/712,522,3,2
103,2013,25,259,260,262,direct,EP recording; raw VBI waveform L23; intervening tape row; picture follows; outer-edge test L259/L260/L261=0.736/0.083/0.016; direct edge candidate=L259; body edge positions=10/712,259,288,522,523,525,direct,EP recording; raw rows L286-L287 are VBI-type; first picture row is L288; outer-edge test L521/L522/L523=0.707/0.694/0.015; direct edge candidate=L522; body edge positions=10/712,522,2,2
104,2014,26,260,261,262,direct,EP recording; raw VBI waveform L24; intervening tape row; picture follows; outer-edge test L259/L260/L261=0.753/0.712/0.123; direct edge candidate=L260; body edge positions=10/712,260,288,522,523,525,direct,EP recording; raw rows L286-L287 are VBI-type; first picture row is L288; outer-edge test L521/L522/L523=0.667/0.792/0.033; direct edge candidate=L522; body edge positions=10/712,522,3,2
105,2015,25,259,260,262,direct,EP recording; raw VBI waveform L23; intervening tape row; picture follows; outer-edge test L259/L260/L261=0.726/0.110/0.032; direct edge candidate=L259; body edge positions=10/712,259,288,522,523,525,direct,EP recording; raw rows L286-L287 are VBI-type; first picture row is L288; outer-edge test L521/L522/L523=0.795/0.671/0.016; direct edge candidate=L522; body edge positions=10/712,522,2,2
106,2016,25,259,260,262,direct,EP recording; raw VBI waveform L23; intervening tape row; picture follows; outer-edge test L259/L260/L261=0.775/0.113/0.030; direct edge candidate=L259; body edge positions=10/712,259,288,522,523,525,direct,EP recording; raw rows L286-L287 are VBI-type; first picture row is L288; outer-edge test L521/L522/L523=0.735/0.735/0.016; direct edge candidate=L522; body edge positions=10/712,522,2,2
107,2017,25,259,260,262,direct,EP recording; raw VBI waveform L23; intervening tape row; picture follows; outer-edge test L259/L260/L261=0.726/0.110/0.031; direct edge candidate=L259; body edge positions=10/712,259,288,522,523,525,direct,EP recording; raw rows L286-L287 are VBI-type; first picture row is L288; outer-edge test L521/L522/L523=0.822/0.658/0.017; direct edge candidate=L522; body edge positions=11/712,522,2,2
108,2018,25,259,260,262,direct,EP recording; raw VBI waveform L23; intervening tape row; picture follows; outer-edge test L259/L260/L261=0.722/0.125/0.032; direct edge candidate=L259; body edge positions=10/712,259,288,522,523,525,direct,EP recording; raw rows L286-L287 are VBI-type; first picture row is L288; outer-edge test L521/L522/L523=0.676/0.759/0.016; direct edge candidate=L522; body edge positions=10/712,522,2,2
109,2019,25,259,260,262,direct,EP recording; raw VBI waveform L23; intervening tape row; picture follows; outer-edge test L259/L260/L261=0.740/0.110/0.032; direct edge candidate=L259; body edge positions=10/712,259,288,521,522,525,direct,EP recording; raw rows L286-L287 are VBI-type; first picture row is L288; outer-edge test L521/L522/L523=0.685/0.032/0.016; direct edge candidate=L521; body edge positions=10/712,521,2,2
110,2020,26,260,261,262,direct,EP recording; raw VBI waveform L24; intervening tape row; picture follows; outer-edge test L259/L260/L261=0.773/0.720/0.107; direct edge candidate=L260; body edge positions=10/712,260,288,522,523,525,direct,EP recording; raw rows L286-L287 are VBI-type; first picture row is L288; outer-edge test L521/L522/L523=0.797/0.595/0.016; direct edge candidate=L522; body edge positions=10/712,522,3,2
111,2021,26,260,261,262,direct,EP recording; raw VBI waveform L24; intervening tape row; picture follows; outer-edge test L259/L260/L261=0.750/0.708/0.139; direct edge candidate=L260; body edge positions=11/713,260,288,522,523,525,direct,EP recording; raw rows L286-L287 are VBI-type; first picture row is L288; outer-edge test L521/L522/L523=0.764/0.625/0.031; direct edge candidate=L522; body edge positions=10/712,522,3,2
112,2022,26,260,261,262,direct,EP recording; raw VBI waveform L24; intervening tape row; picture follows; outer-edge test L259/L260/L261=0.789/0.707/0.122; direct edge candidate=L260; body edge positions=10/712,260,288,522,523,525,cv_inspected,EP recording; raw rows L286-L287 are VBI-type; first picture row is L288; outer-edge test L521/L522/L523=0.778/0.431/0.000; direct edge candidate=L522; body edge positions=10/712; magnified raw rows resolve L522; row Y(mean/std) L287=20.677/37.121 L288=127.367/48.347 L289=126.359/48.815 L521=73.808/17.650 L522=73.002/15.298 L523=12.048/0.899 L525=11.209/0.737,522,3,2
113,2023,26,260,261,262,direct,EP recording; raw VBI waveform L24; intervening tape row; picture follows; outer-edge test L259/L260/L261=0.767/0.726/0.096; direct edge candidate=L260; body edge positions=10/712,260,288,521,522,525,direct,EP recording; raw rows L286-L287 are VBI-type; first picture row is L288; outer-edge test L521/L522/L523=0.693/0.080/0.015; direct edge candidate=L521; body edge positions=10/712,521,3,2
114,2024,25,259,260,262,direct,EP recording; raw VBI waveform L23; intervening tape row; picture follows; outer-edge test L259/L260/L261=0.680/0.107/0.031; direct edge candidate=L259; body edge positions=10/712,259,288,522,523,525,direct,EP recording; raw rows L286-L287 are VBI-type; first picture row is L288; outer-edge test L521/L522/L523=0.753/0.671/0.030; direct edge candidate=L522; body edge positions=10/712,522,2,2
115,2025,25,259,260,262,cv_inspected,EP recording; raw VBI waveform L23; intervening tape row; picture follows; outer-edge test L259/L260/L261=0.174/0.049/0.029; direct edge candidate=L259; body edge positions=10/714; magnified raw rows resolve L259; row Y(mean/std) L24=110.822/20.110 L25=150.238/28.913 L26=152.881/27.665 L258=138.452/72.875 L259=139.225/72.740 L260=32.519/39.108 L262=10.128/0.689,259,288,522,523,525,cv_inspected,EP recording; raw rows L286-L287 are VBI-type; first picture row is L288; outer-edge test L521/L522/L523=0.180/0.165/0.015; direct edge candidate=L522; body edge positions=10/714; magnified raw rows resolve L522; row Y(mean/std) L287=23.562/40.827 L288=150.511/26.329 L289=146.730/28.322 L521=141.856/73.762 L522=143.164/72.955 L523=11.298/0.922 L525=10.317/0.618,522,2,2
116,2026,25,259,260,262,direct,EP recording; raw VBI waveform L23; intervening tape row; picture follows; outer-edge test L259/L260/L261=0.217/0.037/0.014; direct edge candidate=L259; body edge positions=11/714,259,288,522,523,525,cv_inspected,EP recording; raw rows L286-L287 are VBI-type; first picture row is L288; outer-edge test L521/L522/L523=0.217/0.159/0.014; direct edge candidate=L522; body edge positions=11/714; magnified raw rows resolve L522; row Y(mean/std) L287=24.712/41.020 L288=153.752/26.274 L289=147.514/28.452 L521=142.067/73.318 L522=145.828/70.874 L523=11.356/0.863 L525=10.569/0.693,522,2,2
117,2027,26,260,261,262,direct,EP recording; raw VBI waveform L24; intervening tape row; picture follows; outer-edge test L259/L260/L261=0.294/0.250/0.044; direct edge candidate=L260; body edge positions=11/714,260,288,522,523,525,cv_inspected,EP recording; raw rows L286-L287 are VBI-type; first picture row is L288; outer-edge test L521/L522/L523=0.234/0.161/0.029; direct edge candidate=L522; body edge positions=11/714; magnified raw rows resolve L522; row Y(mean/std) L287=25.284/41.225 L288=151.400/26.430 L289=147.611/27.801 L521=144.086/71.863 L522=144.977/71.212 L523=12.009/0.997 L525=10.831/0.800,522,3,2
118,2028,25,259,260,262,direct,EP recording; raw VBI waveform L23; intervening tape row; picture follows; outer-edge test L259/L260/L261=0.241/0.050/0.015; direct edge candidate=L259; body edge positions=11/714,259,288,522,523,525,direct,EP recording; raw rows L286-L287 are VBI-type; first picture row is L288; outer-edge test L521/L522/L523=0.162/0.191/0.029; direct edge candidate=L522; body edge positions=11/714,522,2,2
119,2029,26,260,261,262,cv_inspected,EP recording; raw VBI waveform L24; intervening tape row; picture follows; outer-edge test L259/L260/L261=0.219/0.175/0.056; direct edge candidate=L260; body edge positions=11/714; magnified raw rows resolve L260; row Y(mean/std) L25=110.673/17.131 L26=147.594/25.827 L27=149.108/26.893 L259=144.831/72.531 L260=146.213/71.195 L261=35.947/41.177 L262=12.267/1.105,260,288,521,522,525,cv_inspected,EP recording; raw rows L286-L287 are VBI-type; first picture row is L288; outer-edge test L521/L522/L523=0.167/0.037/0.015; direct edge candidate=L521; body edge positions=11/714; magnified raw rows resolve L521; row Y(mean/std) L287=30.288/45.183 L288=152.433/25.875 L289=147.422/27.235 L520=142.833/72.629 L521=145.477/71.668 L522=148.028/69.761 L525=11.270/0.761,521,3,2
120,2030,26,260,261,262,direct,EP recording; raw VBI waveform L24; intervening tape row; picture follows; outer-edge test L259/L260/L261=0.165/0.241/0.063; direct edge candidate=L260; body edge positions=11/714,260,288,522,523,525,cv_inspected,EP recording; raw rows L286-L287 are VBI-type; first picture row is L288; outer-edge test L521/L522/L523=0.178/0.178/0.030; direct edge candidate=L522; body edge positions=11/714; magnified raw rows resolve L522; row Y(mean/std) L287=21.203/35.095 L288=152.869/25.702 L289=147.005/28.401 L521=144.623/71.786 L522=146.559/70.408 L523=11.884/0.992 L525=11.325/0.742,522,3,2
121,2031,25,259,260,262,cv_inspected,EP recording; raw VBI waveform L23; intervening tape row; picture follows; outer-edge test L259/L260/L261=0.167/0.051/0.015; direct edge candidate=L259; body edge positions=11/714; magnified raw rows resolve L259; row Y(mean/std) L24=110.777/16.398 L25=148.697/26.125 L26=148.208/27.172 L258=143.348/72.607 L259=144.906/71.478 L260=35.464/40.765 L262=11.144/0.683,259,288,522,523,525,cv_inspected,EP recording; raw rows L286-L287 are VBI-type; first picture row is L288; outer-edge test L521/L522/L523=0.232/0.203/0.029; direct edge candidate=L522; body edge positions=10/714; magnified raw rows resolve L522; row Y(mean/std) L287=24.647/40.300 L288=153.078/26.070 L289=148.645/26.697 L521=143.480/71.916 L522=145.005/70.867 L523=11.988/0.991 L525=11.247/0.730,522,2,2
122,2032,26,260,261,262,cv_inspected,EP recording; raw VBI waveform L24; intervening tape row; picture follows; outer-edge test L259/L260/L261=0.190/0.175/0.057; direct edge candidate=L260; body edge positions=11/714; magnified raw rows resolve L260; row Y(mean/std) L25=110.283/16.836 L26=158.116/28.609 L27=147.678/26.885 L259=141.830/72.953 L260=143.798/72.059 L261=35.180/41.353 L262=11.603/0.926,260,288,522,523,525,direct,EP recording; raw rows L286-L287 are VBI-type; first picture row is L288; outer-edge test L521/L522/L523=0.157/0.200/0.014; direct edge candidate=L522; body edge positions=10/714,522,3,2
123,2033,25,259,260,262,cv_inspected,EP recording; raw VBI waveform L23; intervening tape row; picture follows; outer-edge test L259/L260/L261=0.163/0.051/0.030; direct edge candidate=L259; body edge positions=11/714; magnified raw rows resolve L259; row Y(mean/std) L24=109.691/16.161 L25=145.922/26.370 L26=147.405/26.630 L258=140.142/73.753 L259=141.641/72.622 L260=34.031/39.673 L262=11.070/0.714,259,288,521,522,525,cv_inspected,EP recording; raw rows L286-L287 are VBI-type; first picture row is L288; outer-edge test L521/L522/L523=0.203/0.050/0.014; direct edge candidate=L521; body edge positions=11/714; magnified raw rows resolve L521; row Y(mean/std) L287=25.898/41.376 L288=150.669/26.073 L289=149.114/26.385 L520=138.075/75.003 L521=139.787/73.170 L522=142.289/72.014 L525=11.383/0.663,521,2,2
124,2034,25,259,260,262,direct,EP recording; raw VBI waveform L23; intervening tape row; picture follows; outer-edge test L259/L260/L261=0.250/0.051/0.029; direct edge candidate=L259; body edge positions=10/714,259,288,522,523,525,cv_inspected,EP recording; raw rows L286-L287 are VBI-type; first picture row is L288; outer-edge test L521/L522/L523=0.201/0.144/0.014; direct edge candidate=L522; body edge positions=10/714; magnified raw rows resolve L522; row Y(mean/std) L287=61.952/57.747 L288=151.748/27.268 L289=147.698/27.371 L521=139.317/74.665 L522=141.247/72.888 L523=12.170/0.818 L525=11.277/0.607,522,2,2
125,2035,26,260,261,262,direct,EP recording; raw VBI waveform L24; intervening tape row; picture follows; outer-edge test L259/L260/L261=0.137/0.178/0.058; direct edge candidate=L260; body edge positions=11/714,260,288,521,522,525,cv_inspected,EP recording; raw rows L286-L287 are VBI-type; first picture row is L288; outer-edge test L521/L522/L523=0.156/0.051/0.028; direct edge candidate=L521; body edge positions=11/714; magnified raw rows resolve L521; row Y(mean/std) L287=65.517/57.234 L288=151.316/26.223 L289=147.516/26.374 L520=135.113/78.095 L521=137.278/76.285 L522=140.588/74.460 L525=11.234/0.660,521,3,2
126,2036,26,260,261,262,direct,EP recording; raw VBI waveform L24; intervening tape row; picture follows; outer-edge test L259/L260/L261=0.169/0.197/0.052; direct edge candidate=L260; body edge positions=11/714,260,288,521,522,525,cv_inspected,EP recording; raw rows L286-L287 are VBI-type; first picture row is L288; outer-edge test L521/L522/L523=0.129/0.051/0.029; direct edge candidate=L521; body edge positions=11/714; magnified raw rows resolve L521; row Y(mean/std) L287=67.245/58.468 L288=153.900/24.056 L289=147.713/26.526 L520=132.042/79.775 L521=134.530/77.523 L522=137.542/75.612 L525=11.092/0.680,521,3,2
127,2037,25,259,260,262,cv_inspected,EP recording; raw VBI waveform L23; intervening tape row; picture follows; outer-edge test L259/L260/L261=0.141/0.058/0.014; direct edge candidate=L259; body edge positions=10/714; magnified raw rows resolve L259; row Y(mean/std) L24=111.319/14.788 L25=146.394/21.688 L26=145.189/24.560 L258=133.066/79.922 L259=134.938/77.764 L260=26.042/27.256 L262=11.136/0.653,259,288,521,522,525,cv_inspected,EP recording; raw rows L286-L287 are VBI-type; first picture row is L288; outer-edge test L521/L522/L523=0.137/0.045/0.014; direct edge candidate=L521; body edge positions=11/714; magnified raw rows resolve L521; row Y(mean/std) L287=70.325/57.621 L288=153.227/22.902 L289=146.306/26.040 L520=130.714/80.855 L521=133.106/79.033 L522=136.398/76.662 L525=11.127/0.771,521,2,2
128,2038,25,259,260,262,cv_inspected,EP recording; raw VBI waveform L23; intervening tape row; picture follows; outer-edge test L259/L260/L261=0.201/0.045/0.014; direct edge candidate=L259; body edge positions=11/714; magnified raw rows resolve L259; row Y(mean/std) L24=111.295/14.270 L25=159.080/23.327 L26=145.611/24.240 L258=133.353/79.601 L259=134.723/78.065 L260=25.550/26.374 L262=11.086/0.710,259,288,521,522,525,cv_inspected,EP recording; raw rows L286-L287 are VBI-type; first picture row is L288; outer-edge test L521/L522/L523=0.154/0.051/0.014; direct edge candidate=L521; body edge positions=11/714; magnified raw rows resolve L521; row Y(mean/std) L287=61.138/59.424 L288=154.636/22.558 L289=147.364/24.812 L520=131.405/80.669 L521=133.528/79.045 L522=136.992/77.296 L525=11.273/0.684,521,2,2
129,2039,26,260,261,262,cv_inspected,EP recording; raw VBI waveform L24; intervening tape row; picture follows; outer-edge test L259/L260/L261=0.182/0.168/0.071; direct edge candidate=L260; body edge positions=10/714; magnified raw rows resolve L260; row Y(mean/std) L25=112.506/14.407 L26=148.594/22.093 L27=147.670/21.936 L259=133.511/79.417 L260=135.441/77.224 L261=26.311/27.988 L262=11.906/1.031,260,288,521,522,525,cv_inspected,EP recording; raw rows L286-L287 are VBI-type; first picture row is L288; outer-edge test L521/L522/L523=0.156/0.058/0.014; direct edge candidate=L521; body edge positions=11/714; magnified raw rows resolve L521; row Y(mean/std) L287=61.542/58.252 L288=154.022/22.996 L289=147.756/24.386 L520=131.489/79.788 L521=133.458/77.841 L522=136.600/75.987 L525=11.464/0.651,521,3,2
130,2040,26,260,261,262,cv_inspected,EP recording; raw VBI waveform L24; intervening tape row; picture follows; outer-edge test L259/L260/L261=0.168/0.126/0.057; direct edge candidate=L260; body edge positions=11/714; magnified raw rows resolve L260; row Y(mean/std) L25=111.352/14.443 L26=158.189/23.773 L27=146.219/22.778 L259=135.014/78.611 L260=137.073/76.422 L261=25.387/27.056 L262=11.958/0.953,260,288,521,522,525,cv_inspected,EP recording; raw rows L286-L287 are VBI-type; first picture row is L288; outer-edge test L521/L522/L523=0.154/0.058/0.014; direct edge candidate=L521; body edge positions=11/714; magnified raw rows resolve L521; row Y(mean/std) L287=25.852/40.531 L288=153.220/21.319 L289=147.662/23.671 L520=132.839/78.988 L521=134.883/76.911 L522=136.725/75.609 L525=11.197/0.691,521,3,2
131,2041,26,260,261,262,cv_inspected,EP recording; raw VBI waveform L24; intervening tape row; picture follows; outer-edge test L259/L260/L261=0.146/0.161/0.052; direct edge candidate=L260; body edge positions=11/714; magnified raw rows resolve L260; row Y(mean/std) L25=111.397/14.838 L26=147.683/21.270 L27=147.548/22.177 L259=135.203/77.626 L260=137.761/75.491 L261=27.758/29.547 L262=12.478/1.071,260,288,521,522,525,cv_inspected,EP recording; raw rows L286-L287 are VBI-type; first picture row is L288; outer-edge test L521/L522/L523=0.129/0.064/0.014; direct edge candidate=L521; body edge positions=11/714; magnified raw rows resolve L521; row Y(mean/std) L287=30.823/45.110 L288=151.698/21.353 L289=147.859/23.892 L520=132.473/78.323 L521=134.838/76.387 L522=137.792/74.185 L525=11.273/0.688,521,3,2
132,2042,26,260,261,262,cv_inspected,EP recording; raw VBI waveform L24; intervening tape row; picture follows; outer-edge test L259/L260/L261=0.132/0.147/0.045; direct edge candidate=L260; body edge positions=10/714; magnified raw rows resolve L260; row Y(mean/std) L25=111.336/14.985 L26=158.463/23.309 L27=145.569/22.994 L259=136.505/77.265 L260=138.130/75.833 L261=29.531/32.871 L262=11.972/0.990,260,288,522,523,525,cv_inspected,EP recording; raw rows L286-L287 are VBI-type; first picture row is L288; outer-edge test L521/L522/L523=0.131/0.131/0.015; direct edge candidate=L522; body edge positions=11/714; magnified raw rows resolve L522; row Y(mean/std) L287=25.430/41.396 L288=153.428/21.942 L289=147.680/23.780 L521=136.334/75.961 L522=136.823/74.868 L523=11.777/0.935 L525=11.150/0.709,522,3,2
133,2043,25,259,260,262,cv_inspected,EP recording; raw VBI waveform L23; intervening tape row; picture follows; outer-edge test L259/L260/L261=0.221/0.062/0.000; direct edge candidate=L259; body edge positions=10/714; magnified raw rows resolve L259; row Y(mean/std) L24=110.848/13.969 L25=148.855/21.296 L26=147.677/21.885 L258=135.488/77.247 L259=138.184/75.477 L260=29.067/31.985 L262=11.328/0.674,259,288,521,522,525,cv_inspected,EP recording; raw rows L286-L287 are VBI-type; first picture row is L288; outer-edge test L521/L522/L523=0.169/0.056/0.014; direct edge candidate=L521; body edge positions=10/714; magnified raw rows resolve L521; row Y(mean/std) L287=31.227/44.605 L288=152.169/21.844 L289=148.555/23.376 L520=134.406/78.415 L521=136.262/75.774 L522=138.805/74.140 L525=11.395/0.690,521,2,2
134,2044,26,260,261,262,cv_inspected,EP recording; raw VBI waveform L24; intervening tape row; picture follows; outer-edge test L259/L260/L261=0.219/0.204/0.051; direct edge candidate=L260; body edge positions=10/714; magnified raw rows resolve L260; row Y(mean/std) L25=111.567/14.442 L26=159.291/24.020 L27=145.713/22.551 L259=135.497/77.548 L260=137.858/75.971 L261=27.128/29.162 L262=11.972/0.945,260,288,521,522,525,cv_inspected,EP recording; raw rows L286-L287 are VBI-type; first picture row is L288; outer-edge test L521/L522/L523=0.217/0.050/0.014; direct edge candidate=L521; body edge positions=10/714; magnified raw rows resolve L521; row Y(mean/std) L287=19.889/34.651 L288=153.145/22.363 L289=147.731/23.498 L520=134.486/78.742 L521=136.839/76.230 L522=139.963/74.475 L525=11.497/0.718,521,3,2
135,2045,26,260,261,262,direct,EP recording; raw VBI waveform L24; intervening tape row; picture follows; outer-edge test L259/L260/L261=0.182/0.212/0.056; direct edge candidate=L260; body edge positions=10/714,260,288,521,522,525,cv_inspected,EP recording; raw rows L286-L287 are VBI-type; first picture row is L288; outer-edge test L521/L522/L523=0.162/0.056/0.015; direct edge candidate=L521; body edge positions=11/714; magnified raw rows resolve L521; row Y(mean/std) L287=20.284/35.250 L288=151.653/21.329 L289=148.019/23.384 L520=132.952/79.414 L521=134.527/78.380 L522=136.617/76.651 L525=11.344/0.635,521,3,2
136,2046,26,260,261,262,cv_inspected,EP recording; raw VBI waveform L24; intervening tape row; picture follows; outer-edge test L259/L260/L261=0.215/0.169/0.044; direct edge candidate=L260; body edge positions=10/714; magnified raw rows resolve L260; row Y(mean/std) L25=112.797/14.459 L26=159.594/23.528 L27=146.516/22.540 L259=132.188/80.554 L260=133.236/79.578 L261=25.716/28.584 L262=12.005/1.015,260,288,522,523,525,cv_inspected,EP recording; raw rows L286-L287 are VBI-type; first picture row is L288; outer-edge test L521/L522/L523=0.162/0.162/0.015; direct edge candidate=L522; body edge positions=10/714; magnified raw rows resolve L522; row Y(mean/std) L287=60.450/58.427 L288=154.753/23.028 L289=148.205/23.888 L521=131.220/79.656 L522=132.753/78.323 L523=12.095/0.961 L525=11.592/0.708,522,3,2
137,2047,26,260,261,262,direct,EP recording; raw VBI waveform L24; intervening tape row; picture follows; outer-edge test L259/L260/L261=0.234/0.219/0.045; direct edge candidate=L260; body edge positions=10/714,260,288,521,522,525,cv_inspected,EP recording; raw rows L286-L287 are VBI-type; first picture row is L288; outer-edge test L521/L522/L523=0.167/0.056/0.015; direct edge candidate=L521; body edge positions=10/714; magnified raw rows resolve L521; row Y(mean/std) L287=61.322/58.012 L288=152.917/22.559 L289=147.723/23.109 L520=129.300/82.036 L521=129.859/81.127 L522=131.630/80.218 L525=11.542/0.658,521,3,2
138,2048,26,260,261,262,cv_inspected,EP recording; raw VBI waveform L24; intervening tape row; picture follows; outer-edge test L259/L260/L261=0.217/0.171/0.051; direct edge candidate=L260; body edge positions=10/714; magnified raw rows resolve L260; row Y(mean/std) L25=111.231/14.155 L26=158.298/24.191 L27=146.134/22.321 L259=130.745/82.393 L260=130.520/81.925 L261=18.719/12.812 L262=12.116/0.933,260,288,521,522,525,cv_inspected,EP recording; raw rows L286-L287 are VBI-type; first picture row is L288; outer-edge test L521/L522/L523=0.154/0.056/0.015; direct edge candidate=L521; body edge positions=10/714; magnified raw rows resolve L521; row Y(mean/std) L287=20.736/34.949 L288=153.919/22.032 L289=148.180/23.107 L520=129.116/82.115 L521=129.359/81.997 L522=130.803/81.399 L525=11.559/0.677,521,3,2
139,2049,25,259,260,262,cv_inspected,EP recording; raw VBI waveform L23; intervening tape row; picture follows; outer-edge test L259/L260/L261=0.180/0.057/0.015; direct edge candidate=L259; body edge positions=10/714; magnified raw rows resolve L259; row Y(mean/std) L24=111.505/14.138 L25=148.514/22.524 L26=148.238/21.476 L258=130.141/82.828 L259=130.550/82.476 L260=21.805/23.173 L262=11.584/0.654,259,288,522,523,525,cv_inspected,EP recording; raw rows L286-L287 are VBI-type; first picture row is L288; outer-edge test L521/L522/L523=0.227/0.167/0.015; direct edge candidate=L522; body edge positions=10/714; magnified raw rows resolve L522; row Y(mean/std) L287=24.670/40.709 L288=152.575/21.874 L289=148.581/22.753 L521=128.564/82.037 L522=129.761/81.797 L523=12.250/1.016 L525=11.481/0.678,522,2,2
140,2050,25,259,260,262,direct,EP recording; raw VBI waveform L23; intervening tape row; picture follows; outer-edge test L259/L260/L261=0.250/0.050/0.016; direct edge candidate=L259; body edge positions=10/714,259,288,521,522,525,cv_inspected,EP recording; raw rows L286-L287 are VBI-type; first picture row is L288; outer-edge test L521/L522/L523=0.185/0.044/0.015; direct edge candidate=L521; body edge positions=10/714; magnified raw rows resolve L521; row Y(mean/std) L287=24.997/40.020 L288=152.903/22.422 L289=147.448/22.967 L520=127.145/81.510 L521=126.245/81.627 L522=128.348/81.379 L525=11.412/0.702,521,2,2
141,2051,26,260,261,262,direct,EP recording; raw VBI waveform L24; intervening tape row; picture follows; outer-edge test L259/L260/L261=0.186/0.233/0.045; direct edge candidate=L260; body edge positions=10/714,260,288,522,523,525,cv_inspected,EP recording; raw rows L286-L287 are VBI-type; first picture row is L288; outer-edge test L521/L522/L523=0.212/0.152/0.015; direct edge candidate=L522; body edge positions=10/714; magnified raw rows resolve L522; row Y(mean/std) L287=25.591/41.006 L288=152.367/22.528 L289=148.314/22.746 L521=126.391/81.562 L522=126.533/81.678 L523=11.677/0.875 L525=10.995/0.710,522,3,2
142,2052,26,260,261,262,cv_inspected,EP recording; raw VBI waveform L24; intervening tape row; picture follows; outer-edge test L259/L260/L261=0.301/0.211/0.051; direct edge candidate=L260; body edge positions=10/714; magnified raw rows resolve L260; row Y(mean/std) L25=112.058/14.022 L26=159.570/23.014 L27=146.472/23.322 L259=127.709/82.422 L260=127.898/82.148 L261=19.661/19.368 L262=11.814/0.869,260,288,522,523,525,direct,EP recording; raw rows L286-L287 are VBI-type; first picture row is L288; outer-edge test L521/L522/L523=0.226/0.256/0.030; direct edge candidate=L522; body edge positions=10/714,522,3,2
143,2053,26,260,261,262,cv_inspected,EP recording; raw VBI waveform L24; intervening tape row; picture follows; outer-edge test L259/L260/L261=0.368/0.265/0.058; direct edge candidate=L260; body edge positions=10/714; magnified raw rows resolve L260; row Y(mean/std) L25=112.867/14.084 L26=149.130/22.225 L27=147.650/22.842 L259=128.205/82.498 L260=128.441/82.613 L261=17.169/8.388 L262=12.141/0.945,260,288,521,522,525,direct,EP recording; raw rows L286-L287 are VBI-type; first picture row is L288; outer-edge test L521/L522/L523=0.328/0.044/0.015; direct edge candidate=L521; body edge positions=10/714,521,3,2
144,2054,26,259,260,262,cv_inspected,EP recording; raw VBI waveform L24; intervening tape row; picture follows; outer-edge test L259/L260/L261=0.341/0.148/0.051; direct edge candidate=L259; body edge positions=10/714; magnified raw rows resolve L259; row Y(mean/std) L25=111.691/13.862 L26=159.655/23.810 L27=146.895/23.282 L258=125.548/82.112 L259=125.964/81.971 L260=125.016/82.429 L262=11.656/0.852,259,288,522,523,525,cv_inspected,EP recording; raw rows L286-L287 are VBI-type; first picture row is L288; outer-edge test L521/L522/L523=0.290/0.174/0.014; direct edge candidate=L522; body edge positions=10/714; magnified raw rows resolve L522; row Y(mean/std) L287=24.113/40.533 L288=153.286/21.552 L289=147.877/23.459 L521=125.666/81.672 L522=124.930/82.281 L523=11.333/0.848 L525=11.327/0.686,522,3,2
145,2055,26,260,261,262,cv_inspected,EP recording; raw VBI waveform L24; intervening tape row; picture follows; outer-edge test L259/L260/L261=0.294/0.176/0.051; direct edge candidate=L260; body edge positions=11/714; magnified raw rows resolve L260; row Y(mean/std) L25=112.880/14.382 L26=150.066/21.684 L27=147.997/22.777 L259=127.477/82.751 L260=127.180/82.912 L261=17.144/9.388 L262=11.545/0.921,260,288,522,523,525,cv_inspected,EP recording; raw rows L286-L287 are VBI-type; first picture row is L288; outer-edge test L521/L522/L523=0.158/0.129/0.029; direct edge candidate=L522; body edge positions=10/714; magnified raw rows resolve L522; row Y(mean/std) L287=25.033/40.770 L288=154.178/22.347 L289=149.411/22.815 L521=125.805/82.046 L522=125.794/82.056 L523=12.012/0.981 L525=11.353/0.664,522,3,2
146,2056,26,260,261,262,direct,EP recording; raw VBI waveform L24; intervening tape row; picture follows; outer-edge test L259/L260/L261=0.180/0.211/0.063; direct edge candidate=L260; body edge positions=10/714,260,288,521,522,525,cv_inspected,EP recording; raw rows L286-L287 are VBI-type; first picture row is L288; outer-edge test L521/L522/L523=0.171/0.044/0.029; direct edge candidate=L521; body edge positions=11/714; magnified raw rows resolve L521; row Y(mean/std) L287=25.631/41.031 L288=154.523/22.416 L289=149.227/23.521 L520=125.947/82.380 L521=126.378/82.818 L522=127.106/82.555 L525=11.469/0.709,521,3,2
147,2057,26,260,261,262,cv_inspected,EP recording; raw VBI waveform L24; intervening tape row; picture follows; outer-edge test L259/L260/L261=0.182/0.140/0.051; direct edge candidate=L260; body edge positions=10/714; magnified raw rows resolve L260; row Y(mean/std) L25=114.189/15.274 L26=151.314/21.351 L27=149.145/22.737 L259=126.867/82.809 L260=126.894/83.043 L261=18.986/17.630 L262=11.845/0.873,260,288,522,523,525,cv_inspected,EP recording; raw rows L286-L287 are VBI-type; first picture row is L288; outer-edge test L521/L522/L523=0.143/0.129/0.014; direct edge candidate=L522; body edge positions=11/714; magnified raw rows resolve L522; row Y(mean/std) L287=26.311/41.495 L288=153.850/21.978 L289=150.338/23.301 L521=126.419/82.901 L522=126.114/82.580 L523=12.127/0.939 L525=11.409/0.636,522,3,2
148,2058,25,259,260,262,direct,EP recording; raw VBI waveform L23; intervening tape row; picture follows; outer-edge test L259/L260/L261=0.232/0.045/0.029; direct edge candidate=L259; body edge positions=10/714,259,288,521,522,525,cv_inspected,EP recording; raw rows L286-L287 are VBI-type; first picture row is L288; outer-edge test L521/L522/L523=0.229/0.056/0.014; direct edge candidate=L521; body edge positions=11/714; magnified raw rows resolve L521; row Y(mean/std) L287=26.280/41.243 L288=156.384/21.448 L289=149.863/23.540 L520=125.981/82.364 L521=125.803/82.520 L522=126.600/82.497 L525=11.403/0.627,521,2,2
149,2059,26,260,261,262,cv_inspected,EP recording; raw VBI waveform L24; intervening tape row; picture follows; outer-edge test L259/L260/L261=0.486/0.329/0.064; direct edge candidate=L260; body edge positions=10/714; magnified raw rows resolve L260; row Y(mean/std) L25=112.483/16.255 L26=149.714/21.400 L27=150.011/22.606 L259=126.253/82.536 L260=126.042/82.571 L261=17.387/9.072 L262=11.930/0.893,260,288,521,522,525,direct,EP recording; raw rows L286-L287 are VBI-type; first picture row is L288; outer-edge test L521/L522/L523=0.371/0.045/0.014; direct edge candidate=L521; body edge positions=11/714,521,3,2
150,2060,26,260,261,262,direct,EP recording; raw VBI waveform L24; intervening tape row; picture follows; outer-edge test L259/L260/L261=0.380/0.451/0.051; direct edge candidate=L260; body edge positions=11/714,260,288,522,523,525,direct,EP recording; raw rows L286-L287 are VBI-type; first picture row is L288; outer-edge test L521/L522/L523=0.338/0.380/0.014; direct edge candidate=L522; body edge positions=11/714,522,3,2
151,2061,25,259,260,262,direct,EP recording; raw VBI waveform L23; intervening tape row; picture follows; outer-edge test L259/L260/L261=0.555/0.051/0.015; direct edge candidate=L259; body edge positions=11/714,259,288,522,523,525,direct,EP recording; raw rows L286-L287 are VBI-type; first picture row is L288; outer-edge test L521/L522/L523=0.507/0.380/0.028; direct edge candidate=L522; body edge positions=11/714,522,2,2
152,2062,25,259,260,262,direct,EP recording; raw VBI waveform L23; intervening tape row; picture follows; outer-edge test L259/L260/L261=0.406/0.050/0.014; direct edge candidate=L259; body edge positions=11/714,259,288,521,522,525,direct,EP recording; raw rows L286-L287 are VBI-type; first picture row is L288; outer-edge test L521/L522/L523=0.601/0.044/0.028; direct edge candidate=L521; body edge positions=11/714,521,2,2
153,2063,26,260,261,262,direct,EP recording; raw VBI waveform L24; intervening tape row; picture follows; outer-edge test L259/L260/L261=0.400/0.443/0.057; direct edge candidate=L260; body edge positions=11/714,260,288,521,522,525,direct,EP recording; raw rows L286-L287 are VBI-type; first picture row is L288; outer-edge test L521/L522/L523=0.431/0.050/0.014; direct edge candidate=L521; body edge positions=11/714,521,3,2
154,2064,25,259,260,262,direct,EP recording; raw VBI waveform L23; intervening tape row; picture follows; outer-edge test L259/L260/L261=0.468/0.058/0.014; direct edge candidate=L259; body edge positions=11/714,259,288,522,523,525,direct,EP recording; raw rows L286-L287 are VBI-type; first picture row is L288; outer-edge test L521/L522/L523=0.369/0.397/0.014; direct edge candidate=L522; body edge positions=11/714,522,2,2
155,2065,26,260,261,262,direct,EP recording; raw VBI waveform L24; intervening tape row; picture follows; outer-edge test L259/L260/L261=0.529/0.400/0.051; direct edge candidate=L260; body edge positions=11/714,260,288,522,523,525,direct,EP recording; raw rows L286-L287 are VBI-type; first picture row is L288; outer-edge test L521/L522/L523=0.465/0.366/0.000; direct edge candidate=L522; body edge positions=11/714,522,3,2
156,2066,26,260,261,262,direct,EP recording; raw VBI waveform L24; intervening tape row; picture follows; outer-edge test L259/L260/L261=0.571/0.486/0.051; direct edge candidate=L260; body edge positions=11/714,260,288,522,523,525,cv_inspected,EP recording; raw rows L286-L287 are VBI-type; first picture row is L288; outer-edge test L521/L522/L523=0.738/0.397/0.014; direct edge candidate=L522; body edge positions=11/714; magnified raw rows resolve L522; row Y(mean/std) L287=66.884/57.945 L288=164.773/25.018 L289=151.162/21.751 L521=124.303/82.421 L522=123.798/82.757 L523=12.083/0.936 L525=11.358/0.713,522,3,2
157,2067,25,259,260,262,direct,EP recording; raw VBI waveform L23; intervening tape row; picture follows; outer-edge test L259/L260/L261=0.638/0.044/0.043; direct edge candidate=L259; body edge positions=10/714,259,288,521,522,525,direct,EP recording; raw rows L286-L287 are VBI-type; first picture row is L288; outer-edge test L521/L522/L523=0.562/0.050/0.014; direct edge candidate=L521; body edge positions=11/714,521,2,2
158,2068,26,260,261,262,direct,EP recording; raw VBI waveform L24; intervening tape row; picture follows; outer-edge test L259/L260/L261=0.696/0.507/0.050; direct edge candidate=L260; body edge positions=11/714,260,288,521,522,525,direct,EP recording; raw rows L286-L287 are VBI-type; first picture row is L288; outer-edge test L521/L522/L523=0.639/0.050/0.014; direct edge candidate=L521; body edge positions=11/714,521,3,2
159,2069,26,260,261,262,direct,EP recording; raw VBI waveform L24; intervening tape row; picture follows; outer-edge test L259/L260/L261=0.482/0.525/0.045; direct edge candidate=L260; body edge positions=11/714,260,288,521,522,525,direct,EP recording; raw rows L286-L287 are VBI-type; first picture row is L288; outer-edge test L521/L522/L523=0.535/0.044/0.014; direct edge candidate=L521; body edge positions=11/714,521,3,2
160,2070,25,259,260,262,direct,EP recording; raw VBI waveform L23; intervening tape row; picture follows; outer-edge test L259/L260/L261=0.420/0.051/0.029; direct edge candidate=L259; body edge positions=11/714,259,288,522,523,525,direct,EP recording; raw rows L286-L287 are VBI-type; first picture row is L288; outer-edge test L521/L522/L523=0.394/0.424/0.014; direct edge candidate=L522; body edge positions=11/714,522,2,2
161,2071,26,260,261,262,direct,EP recording; raw VBI waveform L24; intervening tape row; picture follows; outer-edge test L259/L260/L261=0.500/0.371/0.050; direct edge candidate=L260; body edge positions=11/714,260,288,521,522,525,direct,EP recording; raw rows L286-L287 are VBI-type; first picture row is L288; outer-edge test L521/L522/L523=0.366/0.043/0.014; direct edge candidate=L521; body edge positions=11/714,521,3,2
162,2072,25,259,260,262,direct,EP recording; raw VBI waveform L23; intervening tape row; picture follows; outer-edge test L259/L260/L261=0.352/0.044/0.014; direct edge candidate=L259; body edge positions=11/714,259,288,522,523,525,direct,EP recording; raw rows L286-L287 are VBI-type; first picture row is L288; outer-edge test L521/L522/L523=0.319/0.431/0.014; direct edge candidate=L522; body edge positions=11/714,522,2,2
163,2073,25,259,260,262,direct,EP recording; raw VBI waveform L23; intervening tape row; picture follows; outer-edge test L259/L260/L261=0.619/0.051/0.029; direct edge candidate=L259; body edge positions=11/714,259,288,522,523,525,direct,EP recording; raw rows L286-L287 are VBI-type; first picture row is L288; outer-edge test L521/L522/L523=0.417/0.389/0.014; direct edge candidate=L522; body edge positions=11/714,522,2,2
164,2074,26,260,261,262,direct,EP recording; raw VBI waveform L24; intervening tape row; picture follows; outer-edge test L259/L260/L261=0.464/0.580/0.057; direct edge candidate=L260; body edge positions=11/714,260,288,522,523,525,direct,EP recording; raw rows L286-L287 are VBI-type; first picture row is L288; outer-edge test L521/L522/L523=0.371/0.571/0.014; direct edge candidate=L522; body edge positions=11/714,522,3,2
165,2075,25,259,260,262,direct,EP recording; raw VBI waveform L23; intervening tape row; picture follows; outer-edge test L259/L260/L261=0.359/0.057/0.028; direct edge candidate=L259; body edge positions=11/714,259,288,522,523,525,direct,EP recording; raw rows L286-L287 are VBI-type; first picture row is L288; outer-edge test L521/L522/L523=0.280/0.392/0.014; direct edge candidate=L522; body edge positions=11/714,522,2,2
166,2076,25,259,260,262,direct,EP recording; raw VBI waveform L23; intervening tape row; picture follows; outer-edge test L259/L260/L261=0.361/0.050/0.014; direct edge candidate=L259; body edge positions=10/714,259,288,522,523,525,direct,EP recording; raw rows L286-L287 are VBI-type; first picture row is L288; outer-edge test L521/L522/L523=0.497/0.441/0.014; direct edge candidate=L522; body edge positions=11/714,522,2,2
167,2077,26,260,261,262,direct,EP recording; raw VBI waveform L24; intervening tape row; picture follows; outer-edge test L259/L260/L261=0.532/0.460/0.050; direct edge candidate=L260; body edge positions=11/714,260,288,522,523,525,cv_inspected,EP recording; raw rows L286-L287 are VBI-type; first picture row is L288; outer-edge test L521/L522/L523=0.704/0.423/0.028; direct edge candidate=L522; body edge positions=11/714; magnified raw rows resolve L522; row Y(mean/std) L287=64.667/57.784 L288=153.787/23.129 L289=147.559/22.058 L521=123.173/82.944 L522=123.952/82.876 L523=10.872/0.842 L525=10.572/0.799,522,3,2
168,2078,26,260,261,262,direct,EP recording; raw VBI waveform L24; intervening tape row; picture follows; outer-edge test L259/L260/L261=0.723/0.539/0.057; direct edge candidate=L260; body edge positions=11/714,260,288,521,522,525,cv_inspected,EP recording; raw rows L286-L287 are VBI-type; first picture row is L288; outer-edge test L521/L522/L523=0.699/0.342/0.014; direct edge candidate=L521; body edge positions=11/714; magnified raw rows resolve L521; row Y(mean/std) L287=20.025/34.997 L288=155.573/20.911 L289=149.572/22.672 L520=122.581/83.019 L521=122.319/83.244 L522=123.806/82.703 L525=11.075/0.752,521,3,2
169,2079,26,260,261,262,direct,EP recording; raw VBI waveform L24; intervening tape row; picture follows; outer-edge test L259/L260/L261=0.722/0.526/0.044; direct edge candidate=L260; body edge positions=11/714,260,288,522,523,525,cv_inspected,EP recording; raw rows L286-L287 are VBI-type; first picture row is L288; outer-edge test L521/L522/L523=0.600/0.355/0.014; direct edge candidate=L522; body edge positions=11/714; magnified raw rows resolve L522; row Y(mean/std) L287=23.139/39.642 L288=152.595/21.626 L289=147.642/21.749 L521=121.905/82.811 L522=122.602/82.887 L523=11.358/0.856 L525=10.700/0.729,522,3,2
170,2080,26,260,261,262,direct,EP recording; raw VBI waveform L24; intervening tape row; picture follows; outer-edge test L259/L260/L261=0.686/0.714/0.044; direct edge candidate=L260; body edge positions=11/714,260,288,522,523,525,direct,EP recording; raw rows L286-L287 are VBI-type; first picture row is L288; outer-edge test L521/L522/L523=0.718/0.535/0.014; direct edge candidate=L522; body edge positions=11/714,522,3,2
171,2081,26,260,261,262,direct,EP recording; raw VBI waveform L24; intervening tape row; picture follows; outer-edge test L259/L260/L261=0.709/0.511/0.057; direct edge candidate=L260; body edge positions=10/714,260,288,522,523,525,direct,EP recording; raw rows L286-L287 are VBI-type; first picture row is L288; outer-edge test L521/L522/L523=0.700/0.543/0.014; direct edge candidate=L522; body edge positions=11/714,522,3,2
172,2082,25,259,260,262,direct,EP recording; raw VBI waveform L23; intervening tape row; picture follows; outer-edge test L259/L260/L261=0.476/0.050/0.028; direct edge candidate=L259; body edge positions=11/714,259,288,521,522,525,direct,EP recording; raw rows L286-L287 are VBI-type; first picture row is L288; outer-edge test L521/L522/L523=0.486/0.044/0.014; direct edge candidate=L521; body edge positions=11/714,521,2,2
173,2083,26,260,261,262,direct,EP recording; raw VBI waveform L24; intervening tape row; picture follows; outer-edge test L259/L260/L261=0.298/0.539/0.045; direct edge candidate=L260; body edge positions=11/714,260,288,521,522,525,direct,EP recording; raw rows L286-L287 are VBI-type; first picture row is L288; outer-edge test L521/L522/L523=0.366/0.045/0.014; direct edge candidate=L521; body edge positions=11/714,521,3,2
174,2084,26,260,261,262,direct,EP recording; raw VBI waveform L24; intervening tape row; picture follows; outer-edge test L259/L260/L261=0.514/0.700/0.057; direct edge candidate=L260; body edge positions=11/714,260,288,521,522,525,direct,EP recording; raw rows L286-L287 are VBI-type; first picture row is L288; outer-edge test L521/L522/L523=0.535/0.051/0.014; direct edge candidate=L521; body edge positions=11/714,521,3,2
175,2085,25,259,260,262,direct,EP recording; raw VBI waveform L23; intervening tape row; picture follows; outer-edge test L259/L260/L261=0.525/0.050/0.014; direct edge candidate=L259; body edge positions=10/714,259,288,522,523,525,direct,EP recording; raw rows L286-L287 are VBI-type; first picture row is L288; outer-edge test L521/L522/L523=0.471/0.500/0.000; direct edge candidate=L522; body edge positions=10/714,522,2,2
176,2086,25,259,260,262,direct,EP recording; raw VBI waveform L23; intervening tape row; picture follows; outer-edge test L259/L260/L261=0.362/0.063/0.014; direct edge candidate=L259; body edge positions=10/714,259,288,522,523,525,direct,EP recording; raw rows L286-L287 are VBI-type; first picture row is L288; outer-edge test L521/L522/L523=0.394/0.310/0.014; direct edge candidate=L522; body edge positions=10/714,522,2,2
177,2087,26,260,261,262,cv_inspected,EP recording; raw VBI waveform L24; intervening tape row; picture follows; outer-edge test L259/L260/L261=0.671/0.429/0.050; direct edge candidate=L260; body edge positions=11/714; magnified raw rows resolve L260; row Y(mean/std) L25=111.209/15.341 L26=149.037/20.969 L27=148.648/22.373 L259=123.638/83.521 L260=123.567/83.371 L261=17.075/10.115 L262=11.414/0.950,260,288,522,523,525,direct,EP recording; raw rows L286-L287 are VBI-type; first picture row is L288; outer-edge test L521/L522/L523=0.485/0.353/0.015; direct edge candidate=L522; body edge positions=11/714,522,3,2
178,2088,25,259,260,262,direct,EP recording; raw VBI waveform L23; intervening tape row; picture follows; outer-edge test L259/L260/L261=0.423/0.050/0.014; direct edge candidate=L259; body edge positions=11/714,259,288,522,523,525,direct,EP recording; raw rows L286-L287 are VBI-type; first picture row is L288; outer-edge test L521/L522/L523=0.577/0.437/0.000; direct edge candidate=L522; body edge positions=10/714,522,2,2
179,2089,25,259,260,262,direct,EP recording; raw VBI waveform L23; intervening tape row; picture follows; outer-edge test L259/L260/L261=0.930/0.064/0.014; direct edge candidate=L259; body edge positions=11/714,259,288,522,523,525,direct,EP recording; raw rows L286-L287 are VBI-type; first picture row is L288; outer-edge test L521/L522/L523=0.743/0.643/0.014; direct edge candidate=L522; body edge positions=11/714,522,2,2
180,2090,25,259,260,262,direct,EP recording; raw VBI waveform L23; intervening tape row; picture follows; outer-edge test L259/L260/L261=0.746/0.038/0.028; direct edge candidate=L259; body edge positions=11/714,259,288,522,523,525,direct,EP recording; raw rows L286-L287 are VBI-type; first picture row is L288; outer-edge test L521/L522/L523=0.828/0.566/0.028; direct edge candidate=L522; body edge positions=11/714,522,2,2
181,2091,25,259,260,262,direct,EP recording; raw VBI waveform L23; intervening tape row; picture follows; outer-edge test L259/L260/L261=0.721/0.038/0.014; direct edge candidate=L259; body edge positions=10/714,259,288,522,523,525,direct,EP recording; raw rows L286-L287 are VBI-type; first picture row is L288; outer-edge test L521/L522/L523=0.708/0.597/0.014; direct edge candidate=L522; body edge positions=11/714,522,2,2
182,2092,25,259,260,262,direct,EP recording; raw VBI waveform L23; intervening tape row; picture follows; outer-edge test L259/L260/L261=0.822/0.057/0.014; direct edge candidate=L259; body edge positions=10/714,259,288,522,523,525,direct,EP recording; raw rows L286-L287 are VBI-type; first picture row is L288; outer-edge test L521/L522/L523=0.662/0.897/0.000; direct edge candidate=L522; body edge positions=11/714,522,2,2
183,2093,25,259,260,262,direct,EP recording; raw VBI waveform L23; intervening tape row; picture follows; outer-edge test L259/L260/L261=0.832/0.050/0.027; direct edge candidate=L259; body edge positions=10/714,259,288,522,523,525,direct,EP recording; raw rows L286-L287 are VBI-type; first picture row is L288; outer-edge test L521/L522/L523=0.639/0.776/0.014; direct edge candidate=L522; body edge positions=11/714,522,2,2
184,2094,25,259,260,262,direct,EP recording; raw VBI waveform L23; intervening tape row; picture follows; outer-edge test L259/L260/L261=0.479/0.051/0.014; direct edge candidate=L259; body edge positions=11/714,259,288,522,523,525,direct,EP recording; raw rows L286-L287 are VBI-type; first picture row is L288; outer-edge test L521/L522/L523=0.556/0.736/0.014; direct edge candidate=L522; body edge positions=11/714,522,2,2
185,2095,25,259,260,262,direct,EP recording; raw VBI waveform L23; intervening tape row; picture follows; outer-edge test L259/L260/L261=0.892/0.057/0.029; direct edge candidate=L259; body edge positions=11/714,259,288,522,523,525,direct,EP recording; raw rows L286-L287 are VBI-type; first picture row is L288; outer-edge test L521/L522/L523=0.743/0.814/0.029; direct edge candidate=L522; body edge positions=11/714,522,2,2
186,2096,25,259,260,262,direct,EP recording; raw VBI waveform L23; intervening tape row; picture follows; outer-edge test L259/L260/L261=0.838/0.051/0.029; direct edge candidate=L259; body edge positions=11/714,259,288,522,523,525,direct,EP recording; raw rows L286-L287 are VBI-type; first picture row is L288; outer-edge test L521/L522/L523=0.845/0.662/0.014; direct edge candidate=L522; body edge positions=11/714,522,2,2
187,2097,25,259,260,262,direct,EP recording; raw VBI waveform L23; intervening tape row; picture follows; outer-edge test L259/L260/L261=0.632/0.051/0.015; direct edge candidate=L259; body edge positions=11/714,259,288,521,522,525,direct,EP recording; raw rows L286-L287 are VBI-type; first picture row is L288; outer-edge test L521/L522/L523=0.607/0.038/0.028; direct edge candidate=L521; body edge positions=11/714,521,2,2
188,2098,26,259,260,262,cv_inspected,EP recording; raw VBI waveform L24; intervening tape row; picture follows; outer-edge test L259/L260/L261=0.778/0.417/0.058; direct edge candidate=L259; body edge positions=10/714; magnified raw rows resolve L259; row Y(mean/std) L25=110.322/15.980 L26=159.572/24.962 L27=147.758/22.684 L258=120.344/82.886 L259=120.744/83.125 L260=120.287/83.410 L262=10.955/0.930,259,288,521,522,525,direct,EP recording; raw rows L286-L287 are VBI-type; first picture row is L288; outer-edge test L521/L522/L523=0.616/0.038/0.014; direct edge candidate=L521; body edge positions=11/714,521,3,2
189,2099,26,260,261,262,direct,EP recording; raw VBI waveform L24; intervening tape row; picture follows; outer-edge test L259/L260/L261=0.732/0.479/0.051; direct edge candidate=L260; body edge positions=11/714,260,288,522,523,525,direct,EP recording; raw rows L286-L287 are VBI-type; first picture row is L288; outer-edge test L521/L522/L523=0.620/0.479/0.014; direct edge candidate=L522; body edge positions=11/714,522,3,2
190,2100,26,260,261,262,direct,EP recording; raw VBI waveform L24; intervening tape row; picture follows; outer-edge test L259/L260/L261=0.639/0.694/0.044; direct edge candidate=L260; body edge positions=10/714,260,288,521,522,525,direct,EP recording; raw rows L286-L287 are VBI-type; first picture row is L288; outer-edge test L521/L522/L523=0.644/0.038/0.014; direct edge candidate=L521; body edge positions=11/714,521,3,2
191,2101,25,259,260,262,direct,EP recording; raw VBI waveform L23; intervening tape row; picture follows; outer-edge test L259/L260/L261=0.783/0.051/0.014; direct edge candidate=L259; body edge positions=10/714,259,288,522,523,525,direct,EP recording; raw rows L286-L287 are VBI-type; first picture row is L288; outer-edge test L521/L522/L523=0.703/0.633/0.014; direct edge candidate=L522; body edge positions=11/714,522,2,2
192,2102,26,260,261,262,direct,EP recording; raw VBI waveform L24; intervening tape row; picture follows; outer-edge test L259/L260/L261=0.722/0.681/0.051; direct edge candidate=L260; body edge positions=11/714,260,288,521,522,525,direct,EP recording; raw rows L286-L287 are VBI-type; first picture row is L288; outer-edge test L521/L522/L523=0.671/0.057/0.014; direct edge candidate=L521; body edge positions=11/714,521,3,2
193,2103,26,260,261,262,direct,EP recording; raw VBI waveform L24; intervening tape row; picture follows; outer-edge test L259/L260/L261=0.493/0.479/0.044; direct edge candidate=L260; body edge positions=11/714,260,288,522,523,525,direct,EP recording; raw rows L286-L287 are VBI-type; first picture row is L288; outer-edge test L521/L522/L523=0.437/0.335/0.014; direct edge candidate=L522; body edge positions=11/714,522,3,2
194,2104,26,260,261,262,direct,EP recording; raw VBI waveform L24; intervening tape row; picture follows; outer-edge test L259/L260/L261=0.482/0.383/0.043; direct edge candidate=L260; body edge positions=10/714,260,288,522,523,525,direct,EP recording; raw rows L286-L287 are VBI-type; first picture row is L288; outer-edge test L521/L522/L523=0.476/0.448/0.028; direct edge candidate=L522; body edge positions=11/714,522,3,2
195,2105,26,260,261,262,direct,EP recording; raw VBI waveform L24; intervening tape row; picture follows; outer-edge test L259/L260/L261=0.536/0.377/0.050; direct edge candidate=L260; body edge positions=11/714,260,288,522,523,525,cv_inspected,EP recording; raw rows L286-L287 are VBI-type; first picture row is L288; outer-edge test L521/L522/L523=0.483/0.317/0.014; direct edge candidate=L522; body edge positions=11/714; magnified raw rows resolve L522; row Y(mean/std) L287=18.750/34.657 L288=151.228/22.949 L289=148.897/23.181 L521=122.680/82.764 L522=124.088/82.643 L523=11.334/0.980 L525=10.789/0.714,522,3,2
196,2106,25,259,260,262,direct,EP recording; raw VBI waveform L23; intervening tape row; picture follows; outer-edge test L259/L260/L261=0.408/0.050/0.014; direct edge candidate=L259; body edge positions=11/714,259,288,521,522,525,direct,EP recording; raw rows L286-L287 are VBI-type; first picture row is L288; outer-edge test L521/L522/L523=0.507/0.050/0.028; direct edge candidate=L521; body edge positions=11/714,521,2,2
197,2107,26,260,261,262,direct,EP recording; raw VBI waveform L24; intervening tape row; picture follows; outer-edge test L259/L260/L261=0.500/0.400/0.050; direct edge candidate=L260; body edge positions=11/714,260,288,521,522,525,direct,EP recording; raw rows L286-L287 are VBI-type; first picture row is L288; outer-edge test L521/L522/L523=0.443/0.150/0.014; direct edge candidate=L521; body edge positions=10/714,521,3,2
198,2108,26,260,261,262,direct,EP recording; raw VBI waveform L24; intervening tape row; picture follows; outer-edge test L259/L260/L261=0.375/0.306/0.050; direct edge candidate=L260; body edge positions=11/714,260,288,522,523,525,direct,EP recording; raw rows L286-L287 are VBI-type; first picture row is L288; outer-edge test L521/L522/L523=0.565/0.638/0.029; direct edge candidate=L522; body edge positions=11/714,522,3,2
199,2109,26,260,261,262,direct,EP recording; raw VBI waveform L24; intervening tape row; picture follows; outer-edge test L259/L260/L261=0.371/0.486/0.050; direct edge candidate=L260; body edge positions=11/714,260,288,521,522,525,direct,EP recording; raw rows L286-L287 are VBI-type; first picture row is L288; outer-edge test L521/L522/L523=0.552/0.038/0.030; direct edge candidate=L521; body edge positions=10/714,521,3,2
200,2110,26,260,261,262,direct,EP recording; raw VBI waveform L24; intervening tape row; picture follows; outer-edge test L259/L260/L261=0.383/0.369/0.050; direct edge candidate=L260; body edge positions=11/714,260,288,522,523,525,direct,EP recording; raw rows L286-L287 are VBI-type; first picture row is L288; outer-edge test L521/L522/L523=0.526/0.496/0.015; direct edge candidate=L522; body edge positions=11/714,522,3,2
201,2111,26,260,261,262,direct,EP recording; raw VBI waveform L24; intervening tape row; picture follows; outer-edge test L259/L260/L261=0.346/0.361/0.044; direct edge candidate=L260; body edge positions=11/714,260,288,521,522,525,direct,EP recording; raw rows L286-L287 are VBI-type; first picture row is L288; outer-edge test L521/L522/L523=0.318/0.050/0.030; direct edge candidate=L521; body edge positions=10/714,521,3,2
202,2112,25,259,260,262,direct,EP recording; raw VBI waveform L23; intervening tape row; picture follows; outer-edge test L259/L260/L261=0.299/0.056/0.015; direct edge candidate=L259; body edge positions=11/714,259,288,522,523,525,direct,EP recording; raw rows L286-L287 are VBI-type; first picture row is L288; outer-edge test L521/L522/L523=0.303/0.258/0.015; direct edge candidate=L522; body edge positions=10/714,522,2,2
203,2113,25,259,260,262,direct,EP recording; raw VBI waveform L23; intervening tape row; picture follows; outer-edge test L259/L260/L261=0.238/0.050/0.016; direct edge candidate=L259; body edge positions=10/714,259,288,522,523,525,cv_inspected,EP recording; raw rows L286-L287 are VBI-type; first picture row is L288; outer-edge test L521/L522/L523=0.248/0.186/0.031; direct edge candidate=L522; body edge positions=10/714; magnified raw rows resolve L522; row Y(mean/std) L287=23.089/39.968 L288=151.397/22.379 L289=147.555/23.500 L521=124.969/82.477 L522=125.986/82.112 L523=10.775/0.885 L525=10.497/0.689,522,2,2
204,2114,26,260,261,262,direct,EP recording; raw VBI waveform L24; intervening tape row; picture follows; outer-edge test L259/L260/L261=0.266/0.234/0.037; direct edge candidate=L260; body edge positions=10/714,260,288,522,523,525,cv_inspected,EP recording; raw rows L286-L287 are VBI-type; first picture row is L288; outer-edge test L521/L522/L523=0.248/0.186/0.016; direct edge candidate=L522; body edge positions=10/714; magnified raw rows resolve L522; row Y(mean/std) L287=24.145/40.217 L288=152.827/22.002 L289=148.142/23.739 L521=125.945/82.613 L522=126.963/82.224 L523=10.864/0.834 L525=10.556/0.700,522,3,2
205,2115,26,259,260,262,cv_inspected,EP recording; raw VBI waveform L24; intervening tape row; picture follows; outer-edge test L259/L260/L261=0.274/0.145/0.044; direct edge candidate=L259; body edge positions=10/714; magnified raw rows resolve L259; row Y(mean/std) L25=113.033/13.965 L26=150.305/22.231 L27=149.472/22.766 L258=125.981/81.922 L259=126.684/82.158 L260=127.209/82.485 L262=10.452/0.845,259,288,522,523,525,cv_inspected,EP recording; raw rows L286-L287 are VBI-type; first picture row is L288; outer-edge test L521/L522/L523=0.211/0.146/0.016; direct edge candidate=L522; body edge positions=10/714; magnified raw rows resolve L522; row Y(mean/std) L287=23.773/40.298 L288=152.539/23.065 L289=148.092/23.915 L521=126.353/82.542 L522=127.675/82.411 L523=10.891/0.872 L525=10.692/0.746,522,3,2
206,2116,26,260,261,262,direct,EP recording; raw VBI waveform L24; intervening tape row; picture follows; outer-edge test L259/L260/L261=0.211/0.211/0.044; direct edge candidate=L260; body edge positions=10/714,260,288,521,522,525,direct,EP recording; raw rows L286-L287 are VBI-type; first picture row is L288; outer-edge test L521/L522/L523=0.252/0.038/0.017; direct edge candidate=L521; body edge positions=10/714,521,3,2
207,2117,26,260,261,262,cv_inspected,EP recording; raw VBI waveform L24; intervening tape row; picture follows; outer-edge test L259/L260/L261=0.235/0.202/0.050; direct edge candidate=L260; body edge positions=10/714; magnified raw rows resolve L260; row Y(mean/std) L25=113.984/14.000 L26=151.031/21.897 L27=150.019/23.900 L259=127.542/82.486 L260=128.041/82.392 L261=17.028/11.137 L262=11.398/0.849,260,288,521,522,525,cv_inspected,EP recording; raw rows L286-L287 are VBI-type; first picture row is L288; outer-edge test L521/L522/L523=0.200/0.049/0.018; direct edge candidate=L521; body edge positions=10/714; magnified raw rows resolve L521; row Y(mean/std) L287=24.289/40.486 L288=152.275/22.841 L289=148.883/23.592 L520=127.370/82.426 L521=127.633/82.692 L522=128.316/82.666 L525=10.781/0.737,521,3,2
208,2118,26,260,261,262,cv_inspected,EP recording; raw VBI waveform L24; intervening tape row; picture follows; outer-edge test L259/L260/L261=0.214/0.179/0.050; direct edge candidate=L260; body edge positions=10/714; magnified raw rows resolve L260; row Y(mean/std) L25=113.622/13.566 L26=161.802/23.828 L27=148.758/24.079 L259=127.322/82.544 L260=127.873/82.470 L261=18.308/17.656 L262=11.148/0.879,260,288,522,523,525,cv_inspected,EP recording; raw rows L286-L287 are VBI-type; first picture row is L288; outer-edge test L521/L522/L523=0.172/0.172/0.034; direct edge candidate=L522; body edge positions=11/714; magnified raw rows resolve L522; row Y(mean/std) L287=23.837/40.824 L288=153.409/23.046 L289=148.816/23.172 L521=126.692/82.808 L522=128.634/82.310 L523=11.256/0.981 L525=10.655/0.706,522,3,2
209,2119,25,259,260,262,cv_inspected,EP recording; raw VBI waveform L23; intervening tape row; picture follows; outer-edge test L259/L260/L261=0.175/0.050/0.016; direct edge candidate=L259; body edge positions=10/714; magnified raw rows resolve L259; row Y(mean/std) L24=112.942/13.556 L25=150.023/22.088 L26=148.248/24.010 L258=127.786/82.490 L259=127.841/82.821 L260=21.538/26.554 L262=10.623/0.716,259,288,522,523,525,direct,EP recording; raw rows L286-L287 are VBI-type; first picture row is L288; outer-edge test L521/L522/L523=0.149/0.215/0.017; direct edge candidate=L522; body edge positions=10/714,522,2,2
210,2120,25,259,260,262,cv_inspected,EP recording; raw VBI waveform L23; intervening tape row; picture follows; outer-edge test L259/L260/L261=0.144/0.037/0.016; direct edge candidate=L259; body edge positions=11/714; magnified raw rows resolve L259; row Y(mean/std) L24=113.006/13.399 L25=159.716/24.567 L26=147.206/24.115 L258=127.287/82.236 L259=127.312/82.379 L260=19.500/21.083 L262=10.658/0.746,259,288,522,523,525,direct,EP recording; raw rows L286-L287 are VBI-type; first picture row is L288; outer-edge test L521/L522/L523=0.153/0.186/0.017; direct edge candidate=L522; body edge positions=10/714,522,2,2
211,2121,25,259,260,262,cv_inspected,EP recording; raw VBI waveform L23; intervening tape row; picture follows; outer-edge test L259/L260/L261=0.165/0.037/0.033; direct edge candidate=L259; body edge positions=11/714; magnified raw rows resolve L259; row Y(mean/std) L24=113.098/13.116 L25=149.330/23.233 L26=148.239/23.804 L258=127.320/82.195 L259=126.870/82.452 L260=23.861/31.817 L262=10.611/0.703,259,288,522,523,525,direct,EP recording; raw rows L286-L287 are VBI-type; first picture row is L288; outer-edge test L521/L522/L523=0.153/0.169/0.017; direct edge candidate=L522; body edge positions=11/714,522,2,2
212,2122,25,259,260,262,cv_inspected,EP recording; raw VBI waveform L23; intervening tape row; picture follows; outer-edge test L259/L260/L261=0.185/0.044/0.034; direct edge candidate=L259; body edge positions=11/714; magnified raw rows resolve L259; row Y(mean/std) L24=112.898/14.018 L25=158.603/24.740 L26=147.259/24.080 L258=126.689/82.435 L259=127.239/82.128 L260=19.350/19.724 L262=10.812/0.762,259,288,522,523,525,cv_inspected,EP recording; raw rows L286-L287 are VBI-type; first picture row is L288; outer-edge test L521/L522/L523=0.138/0.155/0.034; direct edge candidate=L522; body edge positions=11/714; magnified raw rows resolve L522; row Y(mean/std) L287=23.105/39.148 L288=151.825/23.742 L289=148.156/23.447 L521=127.133/82.021 L522=126.425/82.288 L523=10.550/0.846 L525=10.775/0.713,522,2,2
213,2123,25,259,260,262,cv_inspected,EP recording; raw VBI waveform L23; intervening tape row; picture follows; outer-edge test L259/L260/L261=0.196/0.044/0.018; direct edge candidate=L259; body edge positions=10/714; magnified raw rows resolve L259; row Y(mean/std) L24=112.195/13.122 L25=148.717/23.052 L26=148.127/23.384 L258=128.064/82.497 L259=128.387/82.522 L260=22.309/26.708 L262=10.552/0.759,259,288,522,523,525,direct,EP recording; raw rows L286-L287 are VBI-type; first picture row is L288; outer-edge test L521/L522/L523=0.138/0.224/0.017; direct edge candidate=L522; body edge positions=10/714,522,2,2
214,2124,25,259,260,262,direct,EP recording; raw VBI waveform L23; intervening tape row; picture follows; outer-edge test L259/L260/L261=0.224/0.050/0.034; direct edge candidate=L259; body edge positions=10/714,259,288,522,523,525,cv_inspected,EP recording; raw rows L286-L287 are VBI-type; first picture row is L288; outer-edge test L521/L522/L523=0.175/0.140/0.018; direct edge candidate=L522; body edge positions=11/714; magnified raw rows resolve L522; row Y(mean/std) L287=60.039/56.777 L288=153.481/24.912 L289=148.819/23.289 L521=126.742/82.174 L522=127.958/81.798 L523=10.588/0.849 L525=10.573/0.683,522,2,2
215,2125,26,260,261,262,direct,EP recording; raw VBI waveform L24; intervening tape row; picture follows; outer-edge test L259/L260/L261=0.149/0.182/0.044; direct edge candidate=L260; body edge positions=10/714,260,288,522,523,525,direct,EP recording; raw rows L286-L287 are VBI-type; first picture row is L288; outer-edge test L521/L522/L523=0.171/0.222/0.034; direct edge candidate=L522; body edge positions=10/714,522,3,2
216,2126,25,259,260,262,cv_inspected,EP recording; raw VBI waveform L23; intervening tape row; picture follows; outer-edge test L259/L260/L261=0.207/0.050/0.034; direct edge candidate=L259; body edge positions=10/714; magnified raw rows resolve L259; row Y(mean/std) L24=112.036/13.027 L25=159.078/24.082 L26=146.719/24.438 L258=127.741/82.508 L259=127.625/82.517 L260=19.534/20.598 L262=10.491/0.735,259,288,522,523,525,cv_inspected,EP recording; raw rows L286-L287 are VBI-type; first picture row is L288; outer-edge test L521/L522/L523=0.164/0.145/0.018; direct edge candidate=L522; body edge positions=10/714; magnified raw rows resolve L522; row Y(mean/std) L287=65.955/57.756 L288=155.892/24.596 L289=149.795/24.799 L521=126.088/82.048 L522=125.888/82.166 L523=10.869/0.874 L525=10.836/0.731,522,2,2
217,2127,25,259,260,262,cv_inspected,EP recording; raw VBI waveform L23; intervening tape row; picture follows; outer-edge test L259/L260/L261=0.191/0.050/0.017; direct edge candidate=L259; body edge positions=10/714; magnified raw rows resolve L259; row Y(mean/std) L24=112.294/12.373 L25=147.694/22.376 L26=147.192/24.616 L258=127.541/82.865 L259=127.284/82.683 L260=20.367/23.439 L262=10.723/0.775,259,288,522,523,525,direct,EP recording; raw rows L286-L287 are VBI-type; first picture row is L288; outer-edge test L521/L522/L523=0.154/0.171/0.017; direct edge candidate=L522; body edge positions=10/714,522,2,2
218,2128,26,260,261,262,cv_inspected,EP recording; raw VBI waveform L24; intervening tape row; picture follows; outer-edge test L259/L260/L261=0.134/0.151/0.050; direct edge candidate=L260; body edge positions=11/714; magnified raw rows resolve L260; row Y(mean/std) L25=114.486/12.376 L26=161.520/24.169 L27=148.203/26.009 L259=127.513/82.945 L260=127.630/82.824 L261=19.700/20.700 L262=11.442/0.898,260,288,522,523,525,cv_inspected,EP recording; raw rows L286-L287 are VBI-type; first picture row is L288; outer-edge test L521/L522/L523=0.190/0.111/0.017; direct edge candidate=L522; body edge positions=10/714; magnified raw rows resolve L522; row Y(mean/std) L287=59.973/58.272 L288=154.928/23.985 L289=148.223/25.149 L521=128.402/83.006 L522=129.748/82.098 L523=11.344/0.874 L525=10.945/0.749,522,3,2
219,2129,26,260,261,262,cv_inspected,EP recording; raw VBI waveform L24; intervening tape row; picture follows; outer-edge test L259/L260/L261=0.182/0.165/0.050; direct edge candidate=L260; body edge positions=10/714; magnified raw rows resolve L260; row Y(mean/std) L25=113.656/11.130 L26=149.547/21.889 L27=148.658/24.266 L259=126.647/82.731 L260=126.275/82.758 L261=18.575/17.775 L262=11.097/0.917,260,288,522,523,525,direct,EP recording; raw rows L286-L287 are VBI-type; first picture row is L288; outer-edge test L521/L522/L523=0.143/0.238/0.016; direct edge candidate=L522; body edge positions=11/714,522,3,2
220,2130,26,260,261,262,cv_inspected,EP recording; raw VBI waveform L24; intervening tape row; picture follows; outer-edge test L259/L260/L261=0.197/0.197/0.056; direct edge candidate=L260; body edge positions=10/714; magnified raw rows resolve L260; row Y(mean/std) L25=113.755/11.157 L26=161.217/22.230 L27=147.583/25.482 L259=127.022/82.727 L260=126.842/82.703 L261=16.036/7.802 L262=11.247/0.935,260,288,521,522,525,cv_inspected,EP recording; raw rows L286-L287 are VBI-type; first picture row is L288; outer-edge test L521/L522/L523=0.190/0.055/0.032; direct edge candidate=L521; body edge positions=10/714; magnified raw rows resolve L521; row Y(mean/std) L287=24.822/41.060 L288=154.831/22.235 L289=149.605/25.656 L520=127.148/82.435 L521=126.909/82.810 L522=128.178/82.482 L525=10.798/0.699,521,3,2
221,2131,26,260,261,262,cv_inspected,EP recording; raw VBI waveform L24; intervening tape row; picture follows; outer-edge test L259/L260/L261=0.156/0.156/0.044; direct edge candidate=L260; body edge positions=10/714; magnified raw rows resolve L260; row Y(mean/std) L25=115.222/10.348 L26=151.198/21.074 L27=149.383/23.908 L259=127.383/82.659 L260=127.386/82.439 L261=16.356/7.858 L262=11.314/0.983,260,288,522,523,525,direct,EP recording; raw rows L286-L287 are VBI-type; first picture row is L288; outer-edge test L521/L522/L523=0.159/0.190/0.032; direct edge candidate=L522; body edge positions=10/714,522,3,2
222,2132,25,259,260,262,cv_inspected,EP recording; raw VBI waveform L23; intervening tape row; picture follows; outer-edge test L259/L260/L261=0.203/0.056/0.016; direct edge candidate=L259; body edge positions=10/714; magnified raw rows resolve L259; row Y(mean/std) L24=114.852/10.133 L25=162.377/21.084 L26=147.561/24.521 L258=127.398/82.893 L259=127.355/83.273 L260=21.783/26.166 L262=10.537/0.719,259,288,522,523,525,direct,EP recording; raw rows L286-L287 are VBI-type; first picture row is L288; outer-edge test L521/L522/L523=0.165/0.182/0.017; direct edge candidate=L522; body edge positions=10/714,522,2,2
223,2133,25,259,260,262,direct,EP recording; raw VBI waveform L23; intervening tape row; picture follows; outer-edge test L259/L260/L261=0.219/0.056/0.047; direct edge candidate=L259; body edge positions=10/714,259,288,522,523,525,cv_inspected,EP recording; raw rows L286-L287 are VBI-type; first picture row is L288; outer-edge test L521/L522/L523=0.131/0.131/0.033; direct edge candidate=L522; body edge positions=10/714; magnified raw rows resolve L522; row Y(mean/std) L287=30.275/44.757 L288=156.562/22.440 L289=151.777/24.118 L521=126.494/82.642 L522=127.925/82.193 L523=11.309/0.850 L525=10.627/0.718,522,2,2
224,2134,25,259,260,262,cv_inspected,EP recording; raw VBI waveform L23; intervening tape row; picture follows; outer-edge test L259/L260/L261=0.173/0.050/0.016; direct edge candidate=L259; body edge positions=10/714; magnified raw rows resolve L259; row Y(mean/std) L24=115.244/11.360 L25=160.878/21.478 L26=147.011/24.536 L258=126.986/82.837 L259=127.216/82.441 L260=19.534/21.195 L262=10.867/0.729,259,288,522,523,525,cv_inspected,EP recording; raw rows L286-L287 are VBI-type; first picture row is L288; outer-edge test L521/L522/L523=0.155/0.121/0.017; direct edge candidate=L522; body edge positions=11/714; magnified raw rows resolve L522; row Y(mean/std) L287=19.630/34.019 L288=155.995/21.440 L289=149.939/24.123 L521=126.411/82.226 L522=127.244/81.928 L523=11.541/0.894 L525=10.811/0.729,522,2,2
225,2135,26,260,261,262,direct,EP recording; raw VBI waveform L24; intervening tape row; picture follows; outer-edge test L259/L260/L261=0.206/0.222/0.056; direct edge candidate=L260; body edge positions=10/714,260,288,522,523,525,cv_inspected,EP recording; raw rows L286-L287 are VBI-type; first picture row is L288; outer-edge test L521/L522/L523=0.177/0.177/0.032; direct edge candidate=L522; body edge positions=10/714; magnified raw rows resolve L522; row Y(mean/std) L287=19.172/35.028 L288=151.572/21.687 L289=148.483/23.749 L521=126.061/82.249 L522=127.600/81.854 L523=11.133/0.922 L525=10.505/0.718,522,3,2
226,2136,25,259,260,262,cv_inspected,EP recording; raw VBI waveform L23; intervening tape row; picture follows; outer-edge test L259/L260/L261=0.148/0.044/0.016; direct edge candidate=L259; body edge positions=10/714; magnified raw rows resolve L259; row Y(mean/std) L24=113.941/11.427 L25=160.305/21.682 L26=145.623/24.169 L258=127.244/82.785 L259=127.175/82.405 L260=19.222/20.367 L262=10.598/0.764,259,288,522,523,525,direct,EP recording; raw rows L286-L287 are VBI-type; first picture row is L288; outer-edge test L521/L522/L523=0.185/0.235/0.017; direct edge candidate=L522; body edge positions=10/714,522,2,2
227,2137,25,259,260,262,direct,EP recording; raw VBI waveform L23; intervening tape row; picture follows; outer-edge test L259/L260/L261=0.283/0.044/0.033; direct edge candidate=L259; body edge positions=10/714,259,288,522,523,525,cv_inspected,EP recording; raw rows L286-L287 are VBI-type; first picture row is L288; outer-edge test L521/L522/L523=0.163/0.163/0.016; direct edge candidate=L522; body edge positions=10/714; magnified raw rows resolve L522; row Y(mean/std) L287=64.598/58.101 L288=152.009/24.302 L289=147.664/24.100 L521=127.000/82.300 L522=127.209/81.963 L523=11.391/0.937 L525=10.536/0.653,522,2,2
228,2138,25,259,260,262,cv_inspected,EP recording; raw VBI waveform L23; intervening tape row; picture follows; outer-edge test L259/L260/L261=0.211/0.050/0.016; direct edge candidate=L259; body edge positions=10/714; magnified raw rows resolve L259; row Y(mean/std) L24=113.253/12.288 L25=159.945/23.905 L26=147.863/24.412 L258=128.191/82.312 L259=128.672/82.289 L260=20.977/21.872 L262=10.619/0.695,259,288,522,523,525,cv_inspected,EP recording; raw rows L286-L287 are VBI-type; first picture row is L288; outer-edge test L521/L522/L523=0.164/0.131/0.016; direct edge candidate=L522; body edge positions=10/714; magnified raw rows resolve L522; row Y(mean/std) L287=20.622/35.528 L288=153.977/22.844 L289=150.508/23.152 L521=127.523/82.425 L522=129.284/81.760 L523=11.133/0.952 L525=10.366/0.676,522,2,2
229,2139,25,259,260,262,cv_inspected,EP recording; raw VBI waveform L23; intervening tape row; picture follows; outer-edge test L259/L260/L261=0.150/0.049/0.033; direct edge candidate=L259; body edge positions=10/714; magnified raw rows resolve L259; row Y(mean/std) L24=113.317/12.193 L25=148.830/22.028 L26=148.489/23.596 L258=127.878/82.565 L259=128.170/81.935 L260=21.403/22.518 L262=10.656/0.705,259,288,522,523,525,cv_inspected,EP recording; raw rows L286-L287 are VBI-type; first picture row is L288; outer-edge test L521/L522/L523=0.188/0.156/0.016; direct edge candidate=L522; body edge positions=10/714; magnified raw rows resolve L522; row Y(mean/std) L287=24.606/39.767 L288=153.880/23.340 L289=150.623/23.246 L521=126.759/82.220 L522=128.500/81.109 L523=11.264/0.882 L525=10.739/0.737,522,2,2
230,2140,25,259,260,262,cv_inspected,EP recording; raw VBI waveform L23; intervening tape row; picture follows; outer-edge test L259/L260/L261=0.176/0.050/0.016; direct edge candidate=L259; body edge positions=10/714; magnified raw rows resolve L259; row Y(mean/std) L24=112.578/12.586 L25=158.630/23.816 L26=147.567/24.729 L258=127.420/82.201 L259=127.778/81.680 L260=25.098/31.509 L262=10.380/0.736,259,288,522,523,525,cv_inspected,EP recording; raw rows L286-L287 are VBI-type; first picture row is L288; outer-edge test L521/L522/L523=0.152/0.136/0.015; direct edge candidate=L522; body edge positions=10/714; magnified raw rows resolve L522; row Y(mean/std) L287=24.739/40.218 L288=154.734/22.605 L289=150.903/23.510 L521=127.528/82.627 L522=130.016/80.724 L523=11.081/0.903 L525=10.647/0.710,522,2,2
231,2141,25,259,260,262,cv_inspected,EP recording; raw VBI waveform L23; intervening tape row; picture follows; outer-edge test L259/L260/L261=0.156/0.050/0.016; direct edge candidate=L259; body edge positions=10/714; magnified raw rows resolve L259; row Y(mean/std) L24=112.934/12.818 L25=149.053/21.807 L26=148.959/23.889 L258=129.034/82.740 L259=129.716/81.614 L260=24.250/27.609 L262=10.423/0.705,259,288,522,523,525,direct,EP recording; raw rows L286-L287 are VBI-type; first picture row is L288; outer-edge test L521/L522/L523=0.156/0.172/0.016; direct edge candidate=L522; body edge positions=10/714,522,2,2
232,2142,25,259,260,262,cv_inspected,EP recording; raw VBI waveform L23; intervening tape row; picture follows; outer-edge test L259/L260/L261=0.164/0.044/0.015; direct edge candidate=L259; body edge positions=11/714; magnified raw rows resolve L259; row Y(mean/std) L24=114.448/12.371 L25=160.703/23.849 L26=149.372/24.509 L258=129.583/82.168 L259=130.478/81.442 L260=26.127/31.033 L262=10.308/0.803,259,288,522,523,525,cv_inspected,EP recording; raw rows L286-L287 are VBI-type; first picture row is L288; outer-edge test L521/L522/L523=0.222/0.178/0.015; direct edge candidate=L522; body edge positions=10/714; magnified raw rows resolve L522; row Y(mean/std) L287=19.420/35.543 L288=153.908/21.501 L289=150.205/23.212 L521=128.797/81.958 L522=130.198/80.158 L523=11.166/0.924 L525=10.562/0.766,522,2,2
233,2143,25,259,260,262,cv_inspected,EP recording; raw VBI waveform L23; intervening tape row; picture follows; outer-edge test L259/L260/L261=0.167/0.050/0.015; direct edge candidate=L259; body edge positions=10/714; magnified raw rows resolve L259; row Y(mean/std) L24=113.536/12.435 L25=149.433/22.694 L26=148.434/23.895 L258=129.809/81.816 L259=131.881/79.677 L260=29.047/35.436 L262=10.363/0.720,259,288,522,523,525,direct,EP recording; raw rows L286-L287 are VBI-type; first picture row is L288; outer-edge test L521/L522/L523=0.239/0.224/0.030; direct edge candidate=L522; body edge positions=10/714,522,2,2
234,2144,25,259,260,262,direct,EP recording; raw VBI waveform L23; intervening tape row; picture follows; outer-edge test L259/L260/L261=0.241/0.043/0.015; direct edge candidate=L259; body edge positions=10/714,259,288,522,523,525,cv_inspected,EP recording; raw rows L286-L287 are VBI-type; first picture row is L288; outer-edge test L521/L522/L523=0.174/0.145/0.029; direct edge candidate=L522; body edge positions=11/714; magnified raw rows resolve L522; row Y(mean/std) L287=23.772/39.811 L288=154.120/22.350 L289=150.139/23.471 L521=132.116/78.724 L522=135.161/77.016 L523=11.241/0.876 L525=10.695/0.747,522,2,2
235,2145,25,259,260,262,cv_inspected,EP recording; raw VBI waveform L23; intervening tape row; picture follows; outer-edge test L259/L260/L261=0.167/0.055/0.015; direct edge candidate=L259; body edge positions=10/714; magnified raw rows resolve L259; row Y(mean/std) L24=115.431/11.794 L25=151.091/21.789 L26=150.808/23.586 L258=131.308/79.394 L259=134.644/77.235 L260=27.555/30.622 L262=10.534/0.751,259,288,521,522,525,cv_inspected,EP recording; raw rows L286-L287 are VBI-type; first picture row is L288; outer-edge test L521/L522/L523=0.178/0.037/0.030; direct edge candidate=L521; body edge positions=10/714; magnified raw rows resolve L521; row Y(mean/std) L287=25.109/39.973 L288=153.906/23.107 L289=150.809/24.095 L520=130.020/79.806 L521=132.452/78.092 L522=135.769/75.830 L525=10.742/0.761,521,2,2
236,2146,25,259,260,262,cv_inspected,EP recording; raw VBI waveform L23; intervening tape row; picture follows; outer-edge test L259/L260/L261=0.179/0.043/0.015; direct edge candidate=L259; body edge positions=10/714; magnified raw rows resolve L259; row Y(mean/std) L24=115.509/10.240 L25=161.287/22.474 L26=148.102/25.140 L258=132.764/78.456 L259=135.170/76.980 L260=27.777/31.080 L262=10.616/0.796,259,288,522,523,525,direct,EP recording; raw rows L286-L287 are VBI-type; first picture row is L288; outer-edge test L521/L522/L523=0.143/0.171/0.014; direct edge candidate=L522; body edge positions=11/714,522,2,2
237,2147,25,259,260,262,cv_inspected,EP recording; raw VBI waveform L23; intervening tape row; picture follows; outer-edge test L259/L260/L261=0.171/0.049/0.029; direct edge candidate=L259; body edge positions=10/714; magnified raw rows resolve L259; row Y(mean/std) L24=116.042/12.294 L25=151.173/20.055 L26=150.703/23.651 L258=134.116/78.691 L259=136.100/77.012 L260=26.717/30.328 L262=10.369/0.788,259,288,522,523,525,direct,EP recording; raw rows L286-L287 are VBI-type; first picture row is L288; outer-edge test L521/L522/L523=0.138/0.234/0.028; direct edge candidate=L522; body edge positions=11/714,522,2,2
238,2148,26,260,261,262,direct,EP recording; raw VBI waveform L24; intervening tape row; picture follows; outer-edge test L259/L260/L261=0.200/0.229/0.043; direct edge candidate=L260; body edge positions=10/714,260,288,522,523,525,cv_inspected,EP recording; raw rows L286-L287 are VBI-type; first picture row is L288; outer-edge test L521/L522/L523=0.189/0.135/0.027; direct edge candidate=L522; body edge positions=10/714; magnified raw rows resolve L522; row Y(mean/std) L287=25.141/41.360 L288=156.128/20.947 L289=151.059/24.593 L521=134.272/77.906 L522=136.466/76.144 L523=11.041/0.869 L525=10.512/0.711,522,3,2
239,2149,25,259,260,262,cv_inspected,EP recording; raw VBI waveform L23; intervening tape row; picture follows; outer-edge test L259/L260/L261=0.169/0.049/0.014; direct edge candidate=L259; body edge positions=11/714; magnified raw rows resolve L259; row Y(mean/std) L24=116.402/10.578 L25=153.416/17.827 L26=150.859/21.515 L258=130.613/79.960 L259=132.908/78.128 L260=25.250/27.509 L262=10.722/0.793,259,288,522,523,525,cv_inspected,EP recording; raw rows L286-L287 are VBI-type; first picture row is L288; outer-edge test L521/L522/L523=0.173/0.160/0.013; direct edge candidate=L522; body edge positions=10/714; magnified raw rows resolve L522; row Y(mean/std) L287=30.125/45.818 L288=156.505/19.584 L289=151.102/24.507 L521=131.519/79.381 L522=133.664/77.477 L523=11.069/0.904 L525=10.552/0.659,522,2,2
240,2150,25,259,260,262,direct,EP recording; raw VBI waveform L23; intervening tape row; picture follows; outer-edge test L259/L260/L261=0.282/0.049/0.014; direct edge candidate=L259; body edge positions=11/714,259,288,522,523,525,cv_inspected,EP recording; raw rows L286-L287 are VBI-type; first picture row is L288; outer-edge test L521/L522/L523=0.213/0.147/0.013; direct edge candidate=L522; body edge positions=11/714; magnified raw rows resolve L522; row Y(mean/std) L287=21.044/34.624 L288=158.780/19.383 L289=151.767/22.745 L521=131.678/80.747 L522=135.575/78.513 L523=11.303/0.887 L525=10.689/0.715,522,2,2
241,2151,25,259,260,262,cv_inspected,EP recording; raw VBI waveform L23; intervening tape row; picture follows; outer-edge test L259/L260/L261=0.161/0.049/0.040; direct edge candidate=L259; body edge positions=11/714; magnified raw rows resolve L259; row Y(mean/std) L24=118.463/14.514 L25=156.095/17.818 L26=154.194/20.700 L258=128.667/81.356 L259=131.375/79.783 L260=24.528/25.811 L262=10.575/0.734,259,288,522,523,525,cv_inspected,EP recording; raw rows L286-L287 are VBI-type; first picture row is L288; outer-edge test L521/L522/L523=0.178/0.164/0.014; direct edge candidate=L522; body edge positions=11/714; magnified raw rows resolve L522; row Y(mean/std) L287=24.955/40.557 L288=156.613/17.023 L289=151.831/23.456 L521=128.809/80.672 L522=132.261/78.742 L523=11.169/0.887 L525=10.602/0.702,522,2,2
242,2152,26,260,261,262,direct,EP recording; raw VBI waveform L24; intervening tape row; picture follows; outer-edge test L259/L260/L261=0.163/0.218/0.050; direct edge candidate=L260; body edge positions=11/714,260,288,522,523,525,cv_inspected,EP recording; raw rows L286-L287 are VBI-type; first picture row is L288; outer-edge test L521/L522/L523=0.145/0.118/0.013; direct edge candidate=L522; body edge positions=10/714; magnified raw rows resolve L522; row Y(mean/std) L287=23.197/39.766 L288=158.198/18.813 L289=151.669/23.249 L521=129.033/81.004 L522=132.892/78.467 L523=10.906/0.882 L525=10.453/0.714,522,3,2
243,2153,25,259,260,262,direct,EP recording; raw VBI waveform L23; intervening tape row; picture follows; outer-edge test L259/L260/L261=0.225/0.037/0.013; direct edge candidate=L259; body edge positions=11/714,259,288,522,523,525,cv_inspected,EP recording; raw rows L286-L287 are VBI-type; first picture row is L288; outer-edge test L521/L522/L523=0.140/0.127/0.025; direct edge candidate=L522; body edge positions=11/714; magnified raw rows resolve L522; row Y(mean/std) L287=24.675/40.907 L288=158.367/18.479 L289=152.403/22.310 L521=128.684/81.096 L522=131.061/79.237 L523=10.512/0.875 L525=10.517/0.702,522,2,2
244,2154,25,259,260,262,cv_inspected,EP recording; raw VBI waveform L23; intervening tape row; picture follows; outer-edge test L259/L260/L261=0.208/0.056/0.014; direct edge candidate=L259; body edge positions=11/714; magnified raw rows resolve L259; row Y(mean/std) L24=117.447/14.617 L25=167.438/18.529 L26=151.378/20.333 L258=129.553/81.898 L259=131.302/80.124 L260=25.014/26.739 L262=10.298/0.758,259,288,522,523,525,cv_inspected,EP recording; raw rows L286-L287 are VBI-type; first picture row is L288; outer-edge test L521/L522/L523=0.171/0.158/0.013; direct edge candidate=L522; body edge positions=11/714; magnified raw rows resolve L522; row Y(mean/std) L287=60.673/57.486 L288=161.831/21.077 L289=152.512/23.441 L521=128.761/80.399 L522=132.569/78.836 L523=10.508/0.862 L525=10.719/0.709,522,2,2
245,2155,25,259,260,262,cv_inspected,EP recording; raw VBI waveform L23; intervening tape row; picture follows; outer-edge test L259/L260/L261=0.160/0.037/0.013; direct edge candidate=L259; body edge positions=11/714; magnified raw rows resolve L259; row Y(mean/std) L24=115.405/14.788 L25=155.214/18.091 L26=153.234/18.516 L258=129.386/80.951 L259=130.652/79.137 L260=23.375/24.266 L262=10.370/0.782,259,288,522,523,525,cv_inspected,EP recording; raw rows L286-L287 are VBI-type; first picture row is L288; outer-edge test L521/L522/L523=0.191/0.178/0.025; direct edge candidate=L522; body edge positions=11/714; magnified raw rows resolve L522; row Y(mean/std) L287=64.188/57.580 L288=160.072/20.005 L289=151.814/21.344 L521=129.236/80.172 L522=130.662/78.231 L523=11.230/0.933 L525=10.492/0.729,522,2,2
246,2156,26,260,261,262,cv_inspected,EP recording; raw VBI waveform L24; intervening tape row; picture follows; outer-edge test L259/L260/L261=0.160/0.147/0.049; direct edge candidate=L260; body edge positions=11/714; magnified raw rows resolve L260; row Y(mean/std) L25=117.103/12.142 L26=167.312/19.309 L27=150.889/19.006 L259=129.628/80.281 L260=131.855/78.301 L261=24.159/26.978 L262=10.486/0.880,260,288,522,523,525,cv_inspected,EP recording; raw rows L286-L287 are VBI-type; first picture row is L288; outer-edge test L521/L522/L523=0.182/0.143/0.026; direct edge candidate=L522; body edge positions=11/714; magnified raw rows resolve L522; row Y(mean/std) L287=65.397/57.454 L288=161.084/19.271 L289=152.061/19.708 L521=131.569/79.458 L522=135.037/77.321 L523=11.072/0.883 L525=10.336/0.719,522,3,2
247,2157,25,259,260,262,cv_inspected,EP recording; raw VBI waveform L23; intervening tape row; picture follows; outer-edge test L259/L260/L261=0.130/0.043/0.013; direct edge candidate=L259; body edge positions=11/714; magnified raw rows resolve L259; row Y(mean/std) L24=118.263/12.519 L25=157.030/18.079 L26=154.689/17.457 L258=130.252/80.254 L259=133.633/78.108 L260=25.712/28.563 L262=10.439/0.768,259,288,522,523,525,cv_inspected,EP recording; raw rows L286-L287 are VBI-type; first picture row is L288; outer-edge test L521/L522/L523=0.177/0.139/0.025; direct edge candidate=L522; body edge positions=11/714; magnified raw rows resolve L522; row Y(mean/std) L287=69.756/57.380 L288=161.469/20.118 L289=153.205/19.629 L521=131.161/78.572 L522=132.019/77.220 L523=10.345/0.934 L525=10.738/0.716,522,2,2
248,2158,25,259,260,262,cv_inspected,EP recording; raw VBI waveform L23; intervening tape row; picture follows; outer-edge test L259/L260/L261=0.159/0.043/0.013; direct edge candidate=L259; body edge positions=11/714; magnified raw rows resolve L259; row Y(mean/std) L24=117.653/12.746 L25=168.091/20.089 L26=153.292/17.922 L258=130.539/80.497 L259=133.128/78.484 L260=25.988/29.726 L262=10.438/0.718,259,288,522,523,525,cv_inspected,EP recording; raw rows L286-L287 are VBI-type; first picture row is L288; outer-edge test L521/L522/L523=0.182/0.169/0.013; direct edge candidate=L522; body edge positions=10/714; magnified raw rows resolve L522; row Y(mean/std) L287=61.388/58.455 L288=162.945/19.750 L289=154.113/18.880 L521=130.758/79.709 L522=134.545/76.940 L523=10.267/0.911 L525=10.494/0.727,522,2,2
249,2159,26,260,261,262,cv_inspected,EP recording; raw VBI waveform L24; intervening tape row; picture follows; outer-edge test L259/L260/L261=0.215/0.177/0.043; direct edge candidate=L260; body edge positions=11/714; magnified raw rows resolve L260; row Y(mean/std) L25=118.213/13.174 L26=158.422/18.846 L27=156.620/17.117 L259=129.403/81.952 L260=131.675/79.978 L261=23.831/24.913 L262=10.955/0.945,260,288,522,523,525,direct,EP recording; raw rows L286-L287 are VBI-type; first picture row is L288; outer-edge test L521/L522/L523=0.156/0.195/0.039; direct edge candidate=L522; body edge positions=11/714,522,3,2
250,2160,26,260,261,262,direct,EP recording; raw VBI waveform L24; intervening tape row; picture follows; outer-edge test L259/L260/L261=0.181/0.194/0.056; direct edge candidate=L260; body edge positions=10/714,260,288,521,522,525,cv_inspected,EP recording; raw rows L286-L287 are VBI-type; first picture row is L288; outer-edge test L521/L522/L523=0.142/0.048/0.026; direct edge candidate=L521; body edge positions=11/714; magnified raw rows resolve L521; row Y(mean/std) L287=25.297/41.215 L288=163.961/19.267 L289=156.258/18.806 L520=128.463/83.121 L521=129.634/82.364 L522=133.884/80.120 L525=11.083/0.769,521,3,2
251,2161,26,260,261,262,direct,EP recording; raw VBI waveform L24; intervening tape row; picture follows; outer-edge test L259/L260/L261=0.187/0.227/0.049; direct edge candidate=L260; body edge positions=11/714,260,288,522,523,525,cv_inspected,EP recording; raw rows L286-L287 are VBI-type; first picture row is L288; outer-edge test L521/L522/L523=0.156/0.117/0.013; direct edge candidate=L522; body edge positions=10/714; magnified raw rows resolve L522; row Y(mean/std) L287=30.055/44.775 L288=162.537/18.975 L289=156.100/18.548 L521=128.389/81.751 L522=130.916/79.972 L523=11.602/0.869 L525=10.891/0.748,522,3,2
252,2162,25,259,260,262,cv_inspected,EP recording; raw VBI waveform L23; intervening tape row; picture follows; outer-edge test L259/L260/L261=0.184/0.042/0.026; direct edge candidate=L259; body edge positions=11/714; magnified raw rows resolve L259; row Y(mean/std) L24=119.050/14.694 L25=171.345/20.678 L26=155.236/18.819 L258=128.667/82.221 L259=130.798/80.360 L260=22.748/22.694 L262=10.512/0.781,259,288,522,523,525,cv_inspected,EP recording; raw rows L286-L287 are VBI-type; first picture row is L288; outer-edge test L521/L522/L523=0.179/0.128/0.013; direct edge candidate=L522; body edge positions=10/714; magnified raw rows resolve L522; row Y(mean/std) L287=26.005/41.069 L288=164.789/19.500 L289=157.623/18.937 L521=129.533/81.996 L522=131.664/79.611 L523=11.559/0.974 L525=10.789/0.767,522,2,2
253,2163,26,260,261,262,direct,EP recording; raw VBI waveform L24; intervening tape row; picture follows; outer-edge test L259/L260/L261=0.177/0.190/0.049; direct edge candidate=L260; body edge positions=10/714,260,288,522,523,525,cv_inspected,EP recording; raw rows L286-L287 are VBI-type; first picture row is L288; outer-edge test L521/L522/L523=0.170/0.144/0.026; direct edge candidate=L522; body edge positions=11/714; magnified raw rows resolve L522; row Y(mean/std) L287=30.397/44.358 L288=164.463/19.547 L289=159.130/19.301 L521=127.939/82.837 L522=128.463/82.167 L523=11.717/1.006 L525=10.803/0.770,522,3,2
254,2164,25,259,260,262,cv_inspected,EP recording; raw VBI waveform L23; intervening tape row; picture follows; outer-edge test L259/L260/L261=0.185/0.043/0.013; direct edge candidate=L259; body edge positions=11/714; magnified raw rows resolve L259; row Y(mean/std) L24=119.677/15.581 L25=171.180/22.629 L26=157.905/18.677 L258=126.994/83.185 L259=127.069/83.283 L260=18.430/11.765 L262=10.347/0.755,259,288,522,523,525,cv_inspected,EP recording; raw rows L286-L287 are VBI-type; first picture row is L288; outer-edge test L521/L522/L523=0.141/0.128/0.026; direct edge candidate=L522; body edge positions=11/714; magnified raw rows resolve L522; row Y(mean/std) L287=19.980/35.148 L288=165.120/19.428 L289=158.525/19.300 L521=126.933/83.319 L522=128.861/83.004 L523=11.139/0.970 L525=10.770/0.711,522,2,2
255,2165,25,259,260,262,cv_inspected,EP recording; raw VBI waveform L23; intervening tape row; picture follows; outer-edge test L259/L260/L261=0.141/0.055/0.026; direct edge candidate=L259; body edge positions=10/714; magnified raw rows resolve L259; row Y(mean/std) L24=119.595/15.529 L25=161.792/21.712 L26=160.261/18.934 L258=126.072/83.215 L259=126.494/83.149 L260=18.116/11.007 L262=10.686/0.760,259,288,522,523,525,cv_inspected,EP recording; raw rows L286-L287 are VBI-type; first picture row is L288; outer-edge test L521/L522/L523=0.142/0.116/0.026; direct edge candidate=L522; body edge positions=11/714; magnified raw rows resolve L522; row Y(mean/std) L287=19.739/35.909 L288=162.416/20.041 L289=158.570/18.837 L521=126.400/83.312 L522=125.861/83.512 L523=10.634/0.931 L525=10.812/0.747,522,2,2
256,2166,26,259,260,262,cv_inspected,EP recording; raw VBI waveform L24; intervening tape row; picture follows; outer-edge test L259/L260/L261=0.176/0.088/0.062; direct edge candidate=L259; body edge positions=10/714; magnified raw rows resolve L259; row Y(mean/std) L25=118.761/15.994 L26=171.478/23.360 L27=157.792/19.642 L258=125.877/83.459 L259=126.323/83.789 L260=126.523/83.487 L262=11.027/0.961,259,288,522,523,525,cv_inspected,EP recording; raw rows L286-L287 are VBI-type; first picture row is L288; outer-edge test L521/L522/L523=0.123/0.111/0.012; direct edge candidate=L522; body edge positions=11/714; magnified raw rows resolve L522; row Y(mean/std) L287=60.484/58.311 L288=167.170/23.343 L289=159.494/19.545 L521=125.259/83.336 L522=126.138/83.533 L523=10.623/0.914 L525=10.531/0.778,522,3,2
257,2167,25,259,260,262,direct,EP recording; raw VBI waveform L23; intervening tape row; picture follows; outer-edge test L259/L260/L261=0.306/0.043/0.025; direct edge candidate=L259; body edge positions=11/714,259,288,522,523,525,cv_inspected,EP recording; raw rows L286-L287 are VBI-type; first picture row is L288; outer-edge test L521/L522/L523=0.233/0.184/0.000; direct edge candidate=L522; body edge positions=10/714; magnified raw rows resolve L522; row Y(mean/std) L287=61.350/58.101 L288=167.253/24.507 L289=161.562/19.900 L521=124.302/83.138 L522=126.052/83.208 L523=11.066/0.881 L525=10.870/0.763,522,2,2
258,2168,25,259,260,262,direct,EP recording; raw VBI waveform L23; intervening tape row; picture follows; outer-edge test L259/L260/L261=0.225/0.050/0.025; direct edge candidate=L259; body edge positions=10/714,259,288,522,523,525,direct,EP recording; raw rows L286-L287 are VBI-type; first picture row is L288; outer-edge test L521/L522/L523=0.222/0.247/0.012; direct edge candidate=L522; body edge positions=11/714,522,2,2
259,2169,25,259,260,262,direct,EP recording; raw VBI waveform L23; intervening tape row; picture follows; outer-edge test L259/L260/L261=0.272/0.043/0.025; direct edge candidate=L259; body edge positions=10/714,259,288,522,523,525,direct,EP recording; raw rows L286-L287 are VBI-type; first picture row is L288; outer-edge test L521/L522/L523=0.247/0.235/0.000; direct edge candidate=L522; body edge positions=11/714,522,2,2
260,2170,26,260,261,262,cv_inspected,EP recording; raw VBI waveform L24; intervening tape row; picture follows; outer-edge test L259/L260/L261=0.395/0.235/0.050; direct edge candidate=L260; body edge positions=10/714; magnified raw rows resolve L260; row Y(mean/std) L25=121.167/14.768 L26=172.305/26.786 L27=158.613/23.991 L259=125.639/82.698 L260=125.442/82.991 L261=17.989/12.779 L262=11.303/0.880,260,288,522,523,525,direct,EP recording; raw rows L286-L287 are VBI-type; first picture row is L288; outer-edge test L521/L522/L523=0.258/0.245/0.012; direct edge candidate=L522; body edge positions=11/714,522,3,2
261,2171,25,259,260,262,direct,EP recording; raw VBI waveform L23; intervening tape row; picture follows; outer-edge test L259/L260/L261=0.266/0.049/0.013; direct edge candidate=L259; body edge positions=11/714,259,288,522,523,525,direct,EP recording; raw rows L286-L287 are VBI-type; first picture row is L288; outer-edge test L521/L522/L523=0.279/0.339/0.012; direct edge candidate=L522; body edge positions=11/714,522,2,2
262,2172,25,259,260,262,direct,EP recording; raw VBI waveform L23; intervening tape row; picture follows; outer-edge test L259/L260/L261=0.232/0.037/0.012; direct edge candidate=L259; body edge positions=10/714,259,288,522,523,525,direct,EP recording; raw rows L286-L287 are VBI-type; first picture row is L288; outer-edge test L521/L522/L523=0.265/0.289/0.012; direct edge candidate=L522; body edge positions=11/714,522,2,2
263,2173,25,259,260,262,direct,EP recording; raw VBI waveform L23; intervening tape row; picture follows; outer-edge test L259/L260/L261=0.437/0.056/0.025; direct edge candidate=L259; body edge positions=10/714,259,288,522,523,525,direct,EP recording; raw rows L286-L287 are VBI-type; first picture row is L288; outer-edge test L521/L522/L523=0.426/0.402/0.024; direct edge candidate=L522; body edge positions=10/714,522,2,2
264,2174,25,259,260,262,direct,EP recording; raw VBI waveform L23; intervening tape row; picture follows; outer-edge test L259/L260/L261=0.500/0.043/0.024; direct edge candidate=L259; body edge positions=10/714,259,288,522,523,525,direct,EP recording; raw rows L286-L287 are VBI-type; first picture row is L288; outer-edge test L521/L522/L523=0.446/0.410/0.024; direct edge candidate=L522; body edge positions=11/714,522,2,2
265,2175,25,259,260,262,direct,EP recording; raw VBI waveform L23; intervening tape row; picture follows; outer-edge test L259/L260/L261=0.630/0.044/0.012; direct edge candidate=L259; body edge positions=10/714,259,288,522,523,525,direct,EP recording; raw rows L286-L287 are VBI-type; first picture row is L288; outer-edge test L521/L522/L523=0.351/0.713/0.012; direct edge candidate=L522; body edge positions=10/714,522,2,2
266,2176,25,259,260,262,direct,EP recording; raw VBI waveform L23; intervening tape row; picture follows; outer-edge test L259/L260/L261=0.393/0.043/0.023; direct edge candidate=L259; body edge positions=10/714,259,288,522,523,525,direct,EP recording; raw rows L286-L287 are VBI-type; first picture row is L288; outer-edge test L521/L522/L523=0.216/0.511/0.011; direct edge candidate=L522; body edge positions=10/714,522,2,2
267,2177,26,260,261,262,cv_inspected,EP recording; raw VBI waveform L24; intervening tape row; picture follows; outer-edge test L259/L260/L261=0.185/0.141/0.056; direct edge candidate=L260; body edge positions=10/714; magnified raw rows resolve L260; row Y(mean/std) L25=121.402/16.947 L26=162.947/23.147 L27=160.433/24.771 L259=125.980/80.696 L260=124.911/81.710 L261=19.023/14.362 L262=10.900/0.899,260,288,522,523,525,cv_inspected,EP recording; raw rows L286-L287 are VBI-type; first picture row is L288; outer-edge test L521/L522/L523=0.220/0.143/0.022; direct edge candidate=L522; body edge positions=10/714; magnified raw rows resolve L522; row Y(mean/std) L287=24.514/41.474 L288=166.822/23.454 L289=161.781/24.480 L521=125.938/80.970 L522=124.572/82.009 L523=10.531/0.892 L525=10.762/0.709,522,3,2
268,2178,25,259,260,262,direct,EP recording; raw VBI waveform L23; intervening tape row; picture follows; outer-edge test L259/L260/L261=0.228/0.043/0.010; direct edge candidate=L259; body edge positions=10/714,259,288,521,522,525,direct,EP recording; raw rows L286-L287 are VBI-type; first picture row is L288; outer-edge test L521/L522/L523=0.429/0.050/0.020; direct edge candidate=L521; body edge positions=10/714,521,2,2
269,2179,26,260,261,262,direct,EP recording; raw VBI waveform L24; intervening tape row; picture follows; outer-edge test L259/L260/L261=0.327/0.490/0.050; direct edge candidate=L260; body edge positions=10/714,260,288,521,522,525,direct,EP recording; raw rows L286-L287 are VBI-type; first picture row is L288; outer-edge test L521/L522/L523=0.372/0.093/0.010; direct edge candidate=L521; body edge positions=10/714,521,3,2
270,2180,25,259,260,262,direct,EP recording; raw VBI waveform L23; intervening tape row; picture follows; outer-edge test L259/L260/L261=0.571/0.044/0.010; direct edge candidate=L259; body edge positions=10/714,259,288,521,522,525,direct,EP recording; raw rows L286-L287 are VBI-type; first picture row is L288; outer-edge test L521/L522/L523=0.383/0.043/0.010; direct edge candidate=L521; body edge positions=10/714,521,2,2
271,2181,26,260,261,262,direct,EP recording; raw VBI waveform L24; intervening tape row; picture follows; outer-edge test L259/L260/L261=0.317/0.535/0.056; direct edge candidate=L260; body edge positions=10/714,260,288,521,522,525,direct,EP recording; raw rows L286-L287 are VBI-type; first picture row is L288; outer-edge test L521/L522/L523=0.236/0.037/0.019; direct edge candidate=L521; body edge positions=10/714,521,3,2
272,2182,26,260,261,262,direct,EP recording; raw VBI waveform L24; intervening tape row; picture follows; outer-edge test L259/L260/L261=0.238/0.337/0.050; direct edge candidate=L260; body edge positions=10/714,260,288,522,523,525,direct,EP recording; raw rows L286-L287 are VBI-type; first picture row is L288; outer-edge test L521/L522/L523=0.341/0.332/0.009; direct edge candidate=L522; body edge positions=10/714,522,3,2
273,2183,25,259,260,262,direct,EP recording; raw VBI waveform L23; intervening tape row; picture follows; outer-edge test L259/L260/L261=0.326/0.056/0.009; direct edge candidate=L259; body edge positions=10/714,259,288,522,523,525,direct,EP recording; raw rows L286-L287 are VBI-type; first picture row is L288; outer-edge test L521/L522/L523=0.229/0.385/0.018; direct edge candidate=L522; body edge positions=10/714,522,2,2
274,2184,25,259,260,262,direct,EP recording; raw VBI waveform L23; intervening tape row; picture follows; outer-edge test L259/L260/L261=0.465/0.051/0.009; direct edge candidate=L259; body edge positions=10/714,259,288,521,522,525,cv_inspected,EP recording; raw rows L286-L287 are VBI-type; first picture row is L288; outer-edge test L521/L522/L523=0.231/0.050/0.018; direct edge candidate=L521; body edge positions=10/714; magnified raw rows resolve L521; row Y(mean/std) L287=61.233/58.066 L288=171.889/24.793 L289=163.998/26.507 L520=125.061/80.004 L521=124.069/80.395 L522=124.487/81.598 L525=11.011/0.717,521,2,2
275,2185,25,259,260,262,direct,EP recording; raw VBI waveform L23; intervening tape row; picture follows; outer-edge test L259/L260/L261=0.321/0.032/0.009; direct edge candidate=L259; body edge positions=10/714,259,288,522,523,525,direct,EP recording; raw rows L286-L287 are VBI-type; first picture row is L288; outer-edge test L521/L522/L523=0.300/0.264/0.018; direct edge candidate=L522; body edge positions=10/714,522,2,2
276,2186,26,260,261,262,direct,EP recording; raw VBI waveform L24; intervening tape row; picture follows; outer-edge test L259/L260/L261=0.230/0.221/0.051; direct edge candidate=L260; body edge positions=10/714,260,288,522,523,525,direct,EP recording; raw rows L286-L287 are VBI-type; first picture row is L288; outer-edge test L521/L522/L523=0.205/0.205/0.009; direct edge candidate=L522; body edge positions=10/714,522,3,2
277,2187,26,259,260,262,cv_inspected,EP recording; raw VBI waveform L24; intervening tape row; picture follows; outer-edge test L259/L260/L261=0.365/0.191/0.051; direct edge candidate=L259; body edge positions=10/714; magnified raw rows resolve L259; row Y(mean/std) L25=122.430/15.762 L26=165.086/21.899 L27=164.119/24.240 L258=125.875/78.176 L259=125.158/79.028 L260=125.006/79.367 L262=11.338/0.968,259,288,522,523,525,direct,EP recording; raw rows L286-L287 are VBI-type; first picture row is L288; outer-edge test L521/L522/L523=0.289/0.272/0.009; direct edge candidate=L522; body edge positions=10/714,522,3,2
278,2188,25,259,260,262,direct,EP recording; raw VBI waveform L23; intervening tape row; picture follows; outer-edge test L259/L260/L261=0.372/0.050/0.009; direct edge candidate=L259; body edge positions=10/714,259,288,521,522,525,direct,EP recording; raw rows L286-L287 are VBI-type; first picture row is L288; outer-edge test L521/L522/L523=0.409/0.038/0.009; direct edge candidate=L521; body edge positions=10/714,521,2,2
279,2189,26,260,261,262,direct,EP recording; raw VBI waveform L24; intervening tape row; picture follows; outer-edge test L259/L260/L261=0.304/0.353/0.051; direct edge candidate=L260; body edge positions=10/714,260,288,521,522,525,direct,EP recording; raw rows L286-L287 are VBI-type; first picture row is L288; outer-edge test L521/L522/L523=0.324/0.063/0.010; direct edge candidate=L521; body edge positions=10/714,521,3,2
280,2190,26,260,261,262,cv_inspected,EP recording; raw VBI waveform L24; intervening tape row; picture follows; outer-edge test L259/L260/L261=0.624/0.400/0.051; direct edge candidate=L260; body edge positions=10/714; magnified raw rows resolve L260; row Y(mean/std) L25=122.142/14.250 L26=176.519/21.921 L27=160.613/25.882 L259=128.053/75.021 L260=126.967/76.473 L261=22.414/16.391 L262=11.661/0.950,260,288,522,523,525,direct,EP recording; raw rows L286-L287 are VBI-type; first picture row is L288; outer-edge test L521/L522/L523=0.540/0.379/0.011; direct edge candidate=L522; body edge positions=11/714,522,3,2
281,2191,26,260,261,262,direct,EP recording; raw VBI waveform L24; intervening tape row; picture follows; outer-edge test L259/L260/L261=0.845/0.714/0.064; direct edge candidate=L260; body edge positions=10/714,260,288,522,523,525,direct,EP recording; raw rows L286-L287 are VBI-type; first picture row is L288; outer-edge test L521/L522/L523=0.798/0.596/0.011; direct edge candidate=L522; body edge positions=11/714,522,3,2
282,2192,26,260,261,262,direct,EP recording; raw VBI waveform L24; intervening tape row; picture follows; outer-edge test L259/L260/L261=0.674/0.834/0.050; direct edge candidate=L260; body edge positions=10/714,260,288,521,522,525,direct,EP recording; raw rows L286-L287 are VBI-type; first picture row is L288; outer-edge test L521/L522/L523=0.613/0.045/0.012; direct edge candidate=L521; body edge positions=10/714,521,3,2
283,2193,26,260,261,262,direct,EP recording; raw VBI waveform L24; intervening tape row; picture follows; outer-edge test L259/L260/L261=0.497/0.627/0.051; direct edge candidate=L260; body edge positions=10/714,260,288,522,523,525,direct,EP recording; raw rows L286-L287 are VBI-type; first picture row is L288; outer-edge test L521/L522/L523=0.479/0.695/0.012; direct edge candidate=L522; body edge positions=11/714,522,3,2
284,2194,25,259,260,262,direct,EP recording; raw VBI waveform L23; intervening tape row; picture follows; outer-edge test L259/L260/L261=0.440/0.058/0.013; direct edge candidate=L259; body edge positions=10/714,259,288,522,523,525,direct,EP recording; raw rows L286-L287 are VBI-type; first picture row is L288; outer-edge test L521/L522/L523=0.663/0.566/0.000; direct edge candidate=L522; body edge positions=11/714,522,2,2
285,2195,25,259,260,262,direct,EP recording; raw VBI waveform L23; intervening tape row; picture follows; outer-edge test L259/L260/L261=0.610/0.051/0.000; direct edge candidate=L259; body edge positions=10/714,259,288,522,523,525,direct,EP recording; raw rows L286-L287 are VBI-type; first picture row is L288; outer-edge test L521/L522/L523=0.575/0.463/0.013; direct edge candidate=L522; body edge positions=11/714,522,2,2
286,2196,25,259,260,262,direct,EP recording; raw VBI waveform L23; intervening tape row; picture follows; outer-edge test L259/L260/L261=0.532/0.057/0.013; direct edge candidate=L259; body edge positions=11/714,259,288,522,523,525,direct,EP recording; raw rows L286-L287 are VBI-type; first picture row is L288; outer-edge test L521/L522/L523=0.571/0.571/0.012; direct edge candidate=L522; body edge positions=10/714,522,2,2
287,2197,26,260,261,262,direct,EP recording; raw VBI waveform L24; intervening tape row; picture follows; outer-edge test L259/L260/L261=0.697/0.823/0.045; direct edge candidate=L260; body edge positions=10/714,260,288,522,523,525,direct,EP recording; raw rows L286-L287 are VBI-type; first picture row is L288; outer-edge test L521/L522/L523=0.575/0.586/0.011; direct edge candidate=L522; body edge positions=10/714,522,3,2
288,2198,25,259,260,262,direct,EP recording; raw VBI waveform L23; intervening tape row; picture follows; outer-edge test L259/L260/L261=0.587/0.051/0.010; direct edge candidate=L259; body edge positions=10/714,259,288,522,523,525,direct,EP recording; raw rows L286-L287 are VBI-type; first picture row is L288; outer-edge test L521/L522/L523=0.419/0.448/0.000; direct edge candidate=L522; body edge positions=10/714,522,2,2
289,2199,26,260,261,262,direct,EP recording; raw VBI waveform L24; intervening tape row; picture follows; outer-edge test L259/L260/L261=0.402/0.393/0.050; direct edge candidate=L260; body edge positions=11/714,260,288,522,523,525,cv_inspected,EP recording; raw rows L286-L287 are VBI-type; first picture row is L288; outer-edge test L521/L522/L523=0.433/0.296/0.024; direct edge candidate=L522; body edge positions=10/714; magnified raw rows resolve L522; row Y(mean/std) L287=23.336/39.769 L288=163.245/22.416 L289=159.172/21.079 L521=129.711/70.059 L522=129.561/71.496 L523=11.495/0.829 L525=10.727/0.670,522,3,2
290,2200,26,260,261,262,direct,EP recording; raw VBI waveform L24; intervening tape row; picture follows; outer-edge test L259/L260/L261=0.420/0.365/0.050; direct edge candidate=L260; body edge positions=11/714,260,288,521,522,525,direct,EP recording; raw rows L286-L287 are VBI-type; first picture row is L288; outer-edge test L521/L522/L523=0.459/0.038/0.000; direct edge candidate=L521; body edge positions=11/714,521,3,2
291,2201,26,260,261,262,direct,EP recording; raw VBI waveform L24; intervening tape row; picture follows; outer-edge test L259/L260/L261=0.524/0.631/0.057; direct edge candidate=L260; body edge positions=11/714,260,288,522,523,525,direct,EP recording; raw rows L286-L287 are VBI-type; first picture row is L288; outer-edge test L521/L522/L523=0.473/0.324/0.008; direct edge candidate=L522; body edge positions=11/714,522,3,2
292,2202,25,259,260,262,direct,EP recording; raw VBI waveform L23; intervening tape row; picture follows; outer-edge test L259/L260/L261=0.588/0.056/0.010; direct edge candidate=L259; body edge positions=11/714,259,288,521,522,525,direct,EP recording; raw rows L286-L287 are VBI-type; first picture row is L288; outer-edge test L521/L522/L523=0.620/0.038/0.009; direct edge candidate=L521; body edge positions=11/714,521,2,2
293,2203,26,260,261,262,direct,EP recording; raw VBI waveform L24; intervening tape row; picture follows; outer-edge test L259/L260/L261=0.588/0.557/0.057; direct edge candidate=L260; body edge positions=11/714,260,288,521,522,525,direct,EP recording; raw rows L286-L287 are VBI-type; first picture row is L288; outer-edge test L521/L522/L523=0.559/0.044/0.010; direct edge candidate=L521; body edge positions=11/714,521,3,2
294,2204,26,260,261,262,direct,EP recording; raw VBI waveform L24; intervening tape row; picture follows; outer-edge test L259/L260/L261=0.505/0.546/0.045; direct edge candidate=L260; body edge positions=11/714,260,288,521,522,525,direct,EP recording; raw rows L286-L287 are VBI-type; first picture row is L288; outer-edge test L521/L522/L523=0.643/0.038/0.010; direct edge candidate=L521; body edge positions=10/714,521,3,2
295,2205,25,259,260,262,direct,EP recording; raw VBI waveform L23; intervening tape row; picture follows; outer-edge test L259/L260/L261=0.508/0.051/0.011; direct edge candidate=L259; body edge positions=10/714,259,288,522,523,525,direct,EP recording; raw rows L286-L287 are VBI-type; first picture row is L288; outer-edge test L521/L522/L523=0.681/0.436/0.021; direct edge candidate=L522; body edge positions=11/714,522,2,2
296,2206,25,259,260,262,direct,EP recording; raw VBI waveform L23; intervening tape row; picture follows; outer-edge test L259/L260/L261=0.379/0.051/0.023; direct edge candidate=L259; body edge positions=10/714,259,288,522,523,525,cv_inspected,EP recording; raw rows L286-L287 are VBI-type; first picture row is L288; outer-edge test L521/L522/L523=0.612/0.365/0.012; direct edge candidate=L522; body edge positions=11/714; magnified raw rows resolve L522; row Y(mean/std) L287=24.009/40.684 L288=147.211/28.330 L289=142.708/28.670 L521=126.967/69.332 L522=126.708/69.968 L523=12.255/0.906 L525=11.273/0.717,522,2,2
297,2207,26,259,260,262,cv_inspected,EP recording; raw VBI waveform L24; intervening tape row; picture follows; outer-edge test L259/L260/L261=0.764/0.344/0.045; direct edge candidate=L259; body edge positions=10/714; magnified raw rows resolve L259; row Y(mean/std) L25=106.278/19.691 L26=142.434/29.354 L27=143.270/28.844 L258=128.716/67.310 L259=127.239/69.120 L260=126.469/70.306 L262=11.550/0.975,259,288,522,523,525,cv_inspected,EP recording; raw rows L286-L287 are VBI-type; first picture row is L288; outer-edge test L521/L522/L523=0.771/0.431/0.026; direct edge candidate=L522; body edge positions=11/714; magnified raw rows resolve L522; row Y(mean/std) L287=24.456/40.498 L288=148.102/28.021 L289=145.406/29.666 L521=126.958/69.926 L522=127.005/70.466 L523=12.011/0.967 L525=11.094/0.725,522,3,2
298,2208,25,259,260,262,direct,EP recording; raw VBI waveform L23; intervening tape row; picture follows; outer-edge test L259/L260/L261=0.559/0.051/0.028; direct edge candidate=L259; body edge positions=11/714,259,288,522,523,525,direct,EP recording; raw rows L286-L287 are VBI-type; first picture row is L288; outer-edge test L521/L522/L523=0.600/0.480/0.013; direct edge candidate=L522; body edge positions=10/714,522,2,2
299,2209,25,259,260,262,direct,EP recording; raw VBI waveform L23; intervening tape row; picture follows; outer-edge test L259/L260/L261=0.573/0.045/0.027; direct edge candidate=L259; body edge positions=10/714,259,288,522,523,525,direct,EP recording; raw rows L286-L287 are VBI-type; first picture row is L288; outer-edge test L521/L522/L523=0.523/0.631/0.013; direct edge candidate=L522; body edge positions=10/714,522,2,2
300,2210,25,259,260,262,direct,EP recording; raw VBI waveform L23; intervening tape row; picture follows; outer-edge test L259/L260/L261=0.608/0.051/0.025; direct edge candidate=L259; body edge positions=10/714,259,288,522,523,525,direct,EP recording; raw rows L286-L287 are VBI-type; first picture row is L288; outer-edge test L521/L522/L523=0.684/1.000/0.013; direct edge candidate=L522; body edge positions=10/714,522,2,2
301,2211,25,259,260,262,direct,EP recording; raw VBI waveform L23; intervening tape row; picture follows; outer-edge test L259/L260/L261=0.698/0.052/0.012; direct edge candidate=L259; body edge positions=10/714,259,288,522,523,525,direct,EP recording; raw rows L286-L287 are VBI-type; first picture row is L288; outer-edge test L521/L522/L523=0.910/0.573/0.011; direct edge candidate=L522; body edge positions=10/714,522,2,2
302,2212,25,259,260,262,direct,EP recording; raw VBI waveform L23; intervening tape row; picture follows; outer-edge test L259/L260/L261=0.486/0.045/0.022; direct edge candidate=L259; body edge positions=10/714,259,288,521,522,525,direct,EP recording; raw rows L286-L287 are VBI-type; first picture row is L288; outer-edge test L521/L522/L523=0.640/0.121/0.011; direct edge candidate=L521; body edge positions=10/714,521,2,2
303,2213,26,260,261,262,direct,EP recording; raw VBI waveform L24; intervening tape row; picture follows; outer-edge test L259/L260/L261=0.560/0.508/0.052; direct edge candidate=L260; body edge positions=10/714,260,288,522,523,525,direct,EP recording; raw rows L286-L287 are VBI-type; first picture row is L288; outer-edge test L521/L522/L523=0.409/0.343/0.000; direct edge candidate=L522; body edge positions=10/714,522,3,2
304,2214,26,260,261,262,direct,EP recording; raw VBI waveform L24; intervening tape row; picture follows; outer-edge test L259/L260/L261=0.420/0.320/0.045; direct edge candidate=L260; body edge positions=10/714,260,288,522,523,525,direct,EP recording; raw rows L286-L287 are VBI-type; first picture row is L288; outer-edge test L521/L522/L523=0.305/0.312/0.021; direct edge candidate=L522; body edge positions=10/714,522,3,2
305,2215,26,260,261,262,direct,EP recording; raw VBI waveform L24; intervening tape row; picture follows; outer-edge test L259/L260/L261=0.343/0.475/0.064; direct edge candidate=L260; body edge positions=10/714,260,288,521,522,525,direct,EP recording; raw rows L286-L287 are VBI-type; first picture row is L288; outer-edge test L521/L522/L523=0.347/0.044/0.020; direct edge candidate=L521; body edge positions=10/714,521,3,2
306,2216,25,259,260,262,direct,EP recording; raw VBI waveform L23; intervening tape row; picture follows; outer-edge test L259/L260/L261=0.484/0.065/0.011; direct edge candidate=L259; body edge positions=10/714,259,288,521,522,525,direct,EP recording; raw rows L286-L287 are VBI-type; first picture row is L288; outer-edge test L521/L522/L523=0.309/0.045/0.011; direct edge candidate=L521; body edge positions=10/714,521,2,2
307,2217,26,260,261,262,direct,EP recording; raw VBI waveform L24; intervening tape row; picture follows; outer-edge test L259/L260/L261=0.222/0.456/0.052; direct edge candidate=L260; body edge positions=10/714,260,288,521,522,525,cv_inspected,EP recording; raw rows L286-L287 are VBI-type; first picture row is L288; outer-edge test L521/L522/L523=0.242/0.058/0.011; direct edge candidate=L521; body edge positions=10/714; magnified raw rows resolve L521; row Y(mean/std) L287=70.133/57.583 L288=153.492/25.600 L289=148.084/24.718 L520=121.072/77.238 L521=121.094/77.750 L522=121.058/78.642 L525=10.783/0.730,521,3,2
308,2218,26,260,261,262,direct,EP recording; raw VBI waveform L24; intervening tape row; picture follows; outer-edge test L259/L260/L261=0.231/0.370/0.058; direct edge candidate=L260; body edge positions=10/714,260,288,521,522,525,cv_inspected,EP recording; raw rows L286-L287 are VBI-type; first picture row is L288; outer-edge test L521/L522/L523=0.207/0.058/0.023; direct edge candidate=L521; body edge positions=10/714; magnified raw rows resolve L521; row Y(mean/std) L287=59.036/57.227 L288=151.756/26.542 L289=144.919/26.888 L520=121.633/77.444 L521=121.452/77.899 L522=122.022/78.488 L525=10.802/0.746,521,3,2
309,2219,26,260,261,262,direct,EP recording; raw VBI waveform L24; intervening tape row; picture follows; outer-edge test L259/L260/L261=0.301/0.428/0.051; direct edge candidate=L260; body edge positions=10/714,260,288,521,522,525,direct,EP recording; raw rows L286-L287 are VBI-type; first picture row is L288; outer-edge test L521/L522/L523=0.213/0.039/0.022; direct edge candidate=L521; body edge positions=10/714,521,3,2
310,2220,26,260,261,262,direct,EP recording; raw VBI waveform L24; intervening tape row; picture follows; outer-edge test L259/L260/L261=0.376/0.343/0.052; direct edge candidate=L260; body edge positions=10/714,260,288,521,522,525,direct,EP recording; raw rows L286-L287 are VBI-type; first picture row is L288; outer-edge test L521/L522/L523=0.524/0.051/0.021; direct edge candidate=L521; body edge positions=10/714,521,3,2
311,2221,26,260,261,262,direct,EP recording; raw VBI waveform L24; intervening tape row; picture follows; outer-edge test L259/L260/L261=0.449/0.427/0.059; direct edge candidate=L260; body edge positions=10/714,260,288,521,522,525,direct,EP recording; raw rows L286-L287 are VBI-type; first picture row is L288; outer-edge test L521/L522/L523=0.446/0.045/0.011; direct edge candidate=L521; body edge positions=10/714,521,3,2
312,2222,25,259,260,262,direct,EP recording; raw VBI waveform L23; intervening tape row; picture follows; outer-edge test L259/L260/L261=0.439/0.044/0.011; direct edge candidate=L259; body edge positions=10/714,259,288,522,523,525,direct,EP recording; raw rows L286-L287 are VBI-type; first picture row is L288; outer-edge test L521/L522/L523=0.375/0.273/0.011; direct edge candidate=L522; body edge positions=10/714,522,2,2
313,2223,25,259,260,262,direct,EP recording; raw VBI waveform L23; intervening tape row; picture follows; outer-edge test L259/L260/L261=0.469/0.058/0.011; direct edge candidate=L259; body edge positions=10/714,259,288,522,523,525,direct,EP recording; raw rows L286-L287 are VBI-type; first picture row is L288; outer-edge test L521/L522/L523=0.328/0.362/0.023; direct edge candidate=L522; body edge positions=10/714,522,2,2
314,2224,25,259,260,262,direct,EP recording; raw VBI waveform L23; intervening tape row; picture follows; outer-edge test L259/L260/L261=0.486/0.058/0.023; direct edge candidate=L259; body edge positions=10/714,259,288,522,523,525,direct,EP recording; raw rows L286-L287 are VBI-type; first picture row is L288; outer-edge test L521/L522/L523=0.368/0.632/0.023; direct edge candidate=L522; body edge positions=11/714,522,2,2
315,2225,26,260,261,262,direct,EP recording; raw VBI waveform L24; intervening tape row; picture follows; outer-edge test L259/L260/L261=0.383/0.525/0.051; direct edge candidate=L260; body edge positions=10/714,260,288,521,522,525,direct,EP recording; raw rows L286-L287 are VBI-type; first picture row is L288; outer-edge test L521/L522/L523=0.443/0.050/0.011; direct edge candidate=L521; body edge positions=10/714,521,3,2
316,2226,26,260,261,262,direct,EP recording; raw VBI waveform L24; intervening tape row; picture follows; outer-edge test L259/L260/L261=0.484/0.418/0.064; direct edge candidate=L260; body edge positions=10/714,260,288,522,523,525,direct,EP recording; raw rows L286-L287 are VBI-type; first picture row is L288; outer-edge test L521/L522/L523=0.478/0.446/0.000; direct edge candidate=L522; body edge positions=10/714,522,3,2
317,2227,26,260,261,262,direct,EP recording; raw VBI waveform L24; intervening tape row; picture follows; outer-edge test L259/L260/L261=0.505/0.429/0.051; direct edge candidate=L260; body edge positions=10/714,260,288,522,523,525,direct,EP recording; raw rows L286-L287 are VBI-type; first picture row is L288; outer-edge test L521/L522/L523=0.518/0.447/0.010; direct edge candidate=L522; body edge positions=10/714,522,3,2
318,2228,26,260,261,262,direct,EP recording; raw VBI waveform L24; intervening tape row; picture follows; outer-edge test L259/L260/L261=0.522/0.478/0.058; direct edge candidate=L260; body edge positions=10/714,260,288,522,523,525,direct,EP recording; raw rows L286-L287 are VBI-type; first picture row is L288; outer-edge test L521/L522/L523=0.385/0.481/0.011; direct edge candidate=L522; body edge positions=10/714,522,3,2
319,2229,25,259,260,262,direct,EP recording; raw VBI waveform L23; intervening tape row; picture follows; outer-edge test L259/L260/L261=0.362/0.051/0.011; direct edge candidate=L259; body edge positions=10/714,259,288,522,523,525,direct,EP recording; raw rows L286-L287 are VBI-type; first picture row is L288; outer-edge test L521/L522/L523=0.289/0.278/0.011; direct edge candidate=L522; body edge positions=10/714,522,2,2
320,2230,25,259,260,262,direct,EP recording; raw VBI waveform L23; intervening tape row; picture follows; outer-edge test L259/L260/L261=0.294/0.051/0.023; direct edge candidate=L259; body edge positions=10/714,259,288,522,523,525,direct,EP recording; raw rows L286-L287 are VBI-type; first picture row is L288; outer-edge test L521/L522/L523=0.276/0.376/0.022; direct edge candidate=L522; body edge positions=10/714,522,2,2
321,2231,25,259,260,262,direct,EP recording; raw VBI waveform L23; intervening tape row; picture follows; outer-edge test L259/L260/L261=0.302/0.038/0.023; direct edge candidate=L259; body edge positions=10/714,259,288,522,523,525,direct,EP recording; raw rows L286-L287 are VBI-type; first picture row is L288; outer-edge test L521/L522/L523=0.382/0.370/0.023; direct edge candidate=L522; body edge positions=10/714,522,2,2
322,2232,25,259,260,262,direct,EP recording; raw VBI waveform L23; intervening tape row; picture follows; outer-edge test L259/L260/L261=0.428/0.045/0.023; direct edge candidate=L259; body edge positions=10/714,259,288,522,523,525,direct,EP recording; raw rows L286-L287 are VBI-type; first picture row is L288; outer-edge test L521/L522/L523=0.500/0.352/0.023; direct edge candidate=L522; body edge positions=10/714,522,2,2
323,2233,25,259,260,262,direct,EP recording; raw VBI waveform L23; intervening tape row; picture follows; outer-edge test L259/L260/L261=0.519/0.045/0.012; direct edge candidate=L259; body edge positions=10/714,259,288,522,523,525,direct,EP recording; raw rows L286-L287 are VBI-type; first picture row is L288; outer-edge test L521/L522/L523=0.506/0.471/0.011; direct edge candidate=L522; body edge positions=10/714,522,2,2
324,2234,25,259,260,262,direct,EP recording; raw VBI waveform L23; intervening tape row; picture follows; outer-edge test L259/L260/L261=0.354/0.045/0.012; direct edge candidate=L259; body edge positions=10/714,259,288,522,523,525,direct,EP recording; raw rows L286-L287 are VBI-type; first picture row is L288; outer-edge test L521/L522/L523=0.500/0.369/0.024; direct edge candidate=L522; body edge positions=10/714,522,2,2
325,2235,26,260,261,262,direct,EP recording; raw VBI waveform L24; intervening tape row; picture follows; outer-edge test L259/L260/L261=0.368/0.380/0.059; direct edge candidate=L260; body edge positions=10/714,260,288,522,523,525,direct,EP recording; raw rows L286-L287 are VBI-type; first picture row is L288; outer-edge test L521/L522/L523=0.321/0.405/0.012; direct edge candidate=L522; body edge positions=10/714,522,3,2
326,2236,26,260,261,262,direct,EP recording; raw VBI waveform L24; intervening tape row; picture follows; outer-edge test L259/L260/L261=0.404/0.438/0.057; direct edge candidate=L260; body edge positions=10/714,260,288,522,523,525,direct,EP recording; raw rows L286-L287 are VBI-type; first picture row is L288; outer-edge test L521/L522/L523=0.306/0.437/0.011; direct edge candidate=L522; body edge positions=10/714,522,3,2
327,2237,25,259,260,262,direct,EP recording; raw VBI waveform L23; intervening tape row; picture follows; outer-edge test L259/L260/L261=0.591/0.046/0.011; direct edge candidate=L259; body edge positions=10/714,259,288,522,523,525,direct,EP recording; raw rows L286-L287 are VBI-type; first picture row is L288; outer-edge test L521/L522/L523=0.444/0.478/0.011; direct edge candidate=L522; body edge positions=10/714,522,2,2
328,2238,26,260,261,262,direct,EP recording; raw VBI waveform L24; intervening tape row; picture follows; outer-edge test L259/L260/L261=0.427/0.584/0.058; direct edge candidate=L260; body edge positions=10/714,260,288,522,523,525,direct,EP recording; raw rows L286-L287 are VBI-type; first picture row is L288; outer-edge test L521/L522/L523=0.456/0.463/0.011; direct edge candidate=L522; body edge positions=10/714,522,3,2
329,2239,25,259,260,262,direct,EP recording; raw VBI waveform L23; intervening tape row; picture follows; outer-edge test L259/L260/L261=0.503/0.038/0.011; direct edge candidate=L259; body edge positions=10/714,259,288,521,522,525,direct,EP recording; raw rows L286-L287 are VBI-type; first picture row is L288; outer-edge test L521/L522/L523=0.556/0.051/0.022; direct edge candidate=L521; body edge positions=10/714,521,2,2
330,2240,26,260,261,262,direct,EP recording; raw VBI waveform L24; intervening tape row; picture follows; outer-edge test L259/L260/L261=0.492/0.392/0.058; direct edge candidate=L260; body edge positions=10/714,260,288,521,522,525,direct,EP recording; raw rows L286-L287 are VBI-type; first picture row is L288; outer-edge test L521/L522/L523=0.446/0.052/0.010; direct edge candidate=L521; body edge positions=10/714,521,3,2
331,2241,26,260,261,262,cv_inspected,EP recording; raw VBI waveform L24; intervening tape row; picture follows; outer-edge test L259/L260/L261=0.575/0.340/0.059; direct edge candidate=L260; body edge positions=10/714; magnified raw rows resolve L260; row Y(mean/std) L25=108.795/17.321 L26=146.269/26.591 L27=146.673/27.121 L259=121.272/79.758 L260=120.100/79.740 L261=17.317/10.342 L262=11.319/0.824,260,288,521,522,525,direct,EP recording; raw rows L286-L287 are VBI-type; first picture row is L288; outer-edge test L521/L522/L523=0.429/0.051/0.000; direct edge candidate=L521; body edge positions=10/714,521,3,2
332,2242,26,260,261,262,direct,EP recording; raw VBI waveform L24; intervening tape row; picture follows; outer-edge test L259/L260/L261=0.354/0.395/0.051; direct edge candidate=L260; body edge positions=10/714,260,288,521,522,525,direct,EP recording; raw rows L286-L287 are VBI-type; first picture row is L288; outer-edge test L521/L522/L523=0.360/0.045/0.017; direct edge candidate=L521; body edge positions=10/714,521,3,2
333,2243,25,259,260,262,direct,EP recording; raw VBI waveform L23; intervening tape row; picture follows; outer-edge test L259/L260/L261=0.520/0.052/0.016; direct edge candidate=L259; body edge positions=11/714,259,288,522,523,525,direct,EP recording; raw rows L286-L287 are VBI-type; first picture row is L288; outer-edge test L521/L522/L523=0.302/0.364/0.016; direct edge candidate=L522; body edge positions=11/714,522,2,2
334,2244,25,259,260,262,direct,EP recording; raw VBI waveform L23; intervening tape row; picture follows; outer-edge test L259/L260/L261=0.543/0.045/0.016; direct edge candidate=L259; body edge positions=11/714,259,288,521,522,525,direct,EP recording; raw rows L286-L287 are VBI-type; first picture row is L288; outer-edge test L521/L522/L523=0.300/0.045/0.008; direct edge candidate=L521; body edge positions=11/714,521,2,2
335,2245,26,260,261,262,direct,EP recording; raw VBI waveform L24; intervening tape row; picture follows; outer-edge test L259/L260/L261=0.467/0.523/0.039; direct edge candidate=L260; body edge positions=10/714,260,288,521,522,525,direct,EP recording; raw rows L286-L287 are VBI-type; first picture row is L288; outer-edge test L521/L522/L523=0.473/0.045/0.018; direct edge candidate=L521; body edge positions=11/714,521,3,2
336,2246,26,260,261,262,direct,EP recording; raw VBI waveform L24; intervening tape row; picture follows; outer-edge test L259/L260/L261=0.632/0.540/0.051; direct edge candidate=L260; body edge positions=10/714,260,288,522,523,525,direct,EP recording; raw rows L286-L287 are VBI-type; first picture row is L288; outer-edge test L521/L522/L523=0.448/0.481/0.022; direct edge candidate=L522; body edge positions=11/714,522,3,2
337,2247,26,260,261,262,direct,EP recording; raw VBI waveform L24; intervening tape row; picture follows; outer-edge test L259/L260/L261=0.415/0.616/0.045; direct edge candidate=L260; body edge positions=10/714,260,288,522,523,525,direct,EP recording; raw rows L286-L287 are VBI-type; first picture row is L288; outer-edge test L521/L522/L523=0.416/0.439/0.023; direct edge candidate=L522; body edge positions=11/714,522,3,2
338,2248,25,259,260,262,direct,EP recording; raw VBI waveform L23; intervening tape row; picture follows; outer-edge test L259/L260/L261=0.400/0.058/0.011; direct edge candidate=L259; body edge positions=10/714,259,288,521,522,525,direct,EP recording; raw rows L286-L287 are VBI-type; first picture row is L288; outer-edge test L521/L522/L523=0.536/0.045/0.011; direct edge candidate=L521; body edge positions=11/714,521,2,2
339,2249,26,260,261,262,direct,EP recording; raw VBI waveform L24; intervening tape row; picture follows; outer-edge test L259/L260/L261=0.341/0.275/0.057; direct edge candidate=L260; body edge positions=10/714,260,288,522,523,525,direct,EP recording; raw rows L286-L287 are VBI-type; first picture row is L288; outer-edge test L521/L522/L523=0.286/0.319/0.022; direct edge candidate=L522; body edge positions=10/714,522,3,2
340,2250,25,259,260,262,direct,EP recording; raw VBI waveform L23; intervening tape row; picture follows; outer-edge test L259/L260/L261=0.416/0.051/0.022; direct edge candidate=L259; body edge positions=10/714,259,288,522,523,525,direct,EP recording; raw rows L286-L287 are VBI-type; first picture row is L288; outer-edge test L521/L522/L523=0.278/0.235/0.021; direct edge candidate=L522; body edge positions=11/714,522,2,2
341,2251,26,260,261,262,direct,EP recording; raw VBI waveform L24; intervening tape row; picture follows; outer-edge test L259/L260/L261=0.320/0.420/0.039; direct edge candidate=L260; body edge positions=10/714,260,288,522,523,525,direct,EP recording; raw rows L286-L287 are VBI-type; first picture row is L288; outer-edge test L521/L522/L523=0.324/0.358/0.011; direct edge candidate=L522; body edge positions=10/714,522,3,2
342,2252,26,260,261,262,direct,EP recording; raw VBI waveform L24; intervening tape row; picture follows; outer-edge test L259/L260/L261=0.266/0.786/0.052; direct edge candidate=L260; body edge positions=10/714,260,288,522,523,525,direct,EP recording; raw rows L286-L287 are VBI-type; first picture row is L288; outer-edge test L521/L522/L523=0.345/0.440/0.024; direct edge candidate=L522; body edge positions=11/714,522,3,2
343,2253,26,260,261,262,direct,EP recording; raw VBI waveform L24; intervening tape row; picture follows; outer-edge test L259/L260/L261=0.303/0.461/0.051; direct edge candidate=L260; body edge positions=10/714,260,288,522,523,525,direct,EP recording; raw rows L286-L287 are VBI-type; first picture row is L288; outer-edge test L521/L522/L523=0.262/0.514/0.022; direct edge candidate=L522; body edge positions=11/714,522,3,2
344,2254,25,259,260,262,direct,EP recording; raw VBI waveform L23; intervening tape row; picture follows; outer-edge test L259/L260/L261=0.320/0.058/0.023; direct edge candidate=L259; body edge positions=10/714,259,288,522,523,525,direct,EP recording; raw rows L286-L287 are VBI-type; first picture row is L288; outer-edge test L521/L522/L523=0.251/0.320/0.011; direct edge candidate=L522; body edge positions=10/714,522,2,2
345,2255,25,259,260,262,direct,EP recording; raw VBI waveform L23; intervening tape row; picture follows; outer-edge test L259/L260/L261=0.279/0.051/0.020; direct edge candidate=L259; body edge positions=10/714,259,288,522,523,525,direct,EP recording; raw rows L286-L287 are VBI-type; first picture row is L288; outer-edge test L521/L522/L523=0.381/0.320/0.010; direct edge candidate=L522; body edge positions=10/714,522,2,2
346,2256,25,259,260,262,direct,EP recording; raw VBI waveform L23; intervening tape row; picture follows; outer-edge test L259/L260/L261=0.337/0.044/0.010; direct edge candidate=L259; body edge positions=10/714,259,288,521,522,525,direct,EP recording; raw rows L286-L287 are VBI-type; first picture row is L288; outer-edge test L521/L522/L523=0.406/0.045/0.019; direct edge candidate=L521; body edge positions=10/714,521,2,2
347,2257,26,260,261,262,direct,EP recording; raw VBI waveform L24; intervening tape row; picture follows; outer-edge test L259/L260/L261=0.418/0.547/0.051; direct edge candidate=L260; body edge positions=10/714,260,288,522,523,525,direct,EP recording; raw rows L286-L287 are VBI-type; first picture row is L288; outer-edge test L521/L522/L523=0.348/0.377/0.019; direct edge candidate=L522; body edge positions=10/714,522,3,2
348,2258,25,259,260,262,direct,EP recording; raw VBI waveform L23; intervening tape row; picture follows; outer-edge test L259/L260/L261=0.571/0.051/0.010; direct edge candidate=L259; body edge positions=10/714,259,288,522,523,525,direct,EP recording; raw rows L286-L287 are VBI-type; first picture row is L288; outer-edge test L521/L522/L523=0.475/0.465/0.010; direct edge candidate=L522; body edge positions=10/714,522,2,2
349,2259,26,260,261,262,direct,EP recording; raw VBI waveform L24; intervening tape row; picture follows; outer-edge test L259/L260/L261=0.286/0.698/0.044; direct edge candidate=L260; body edge positions=10/714,260,288,522,523,525,direct,EP recording; raw rows L286-L287 are VBI-type; first picture row is L288; outer-edge test L521/L522/L523=0.438/0.594/0.021; direct edge candidate=L522; body edge positions=10/714,522,3,2
350,2260,26,260,261,262,direct,EP recording; raw VBI waveform L24; intervening tape row; picture follows; outer-edge test L259/L260/L261=0.298/0.541/0.052; direct edge candidate=L260; body edge positions=10/714,260,288,522,523,525,direct,EP recording; raw rows L286-L287 are VBI-type; first picture row is L288; outer-edge test L521/L522/L523=0.337/0.554/0.011; direct edge candidate=L522; body edge positions=11/714,522,3,2
351,2261,25,259,260,262,direct,EP recording; raw VBI waveform L23; intervening tape row; picture follows; outer-edge test L259/L260/L261=0.514/0.058/0.022; direct edge candidate=L259; body edge positions=11/714,259,288,522,523,525,direct,EP recording; raw rows L286-L287 are VBI-type; first picture row is L288; outer-edge test L521/L522/L523=0.335/0.519/0.011; direct edge candidate=L522; body edge positions=10/714,522,2,2
352,2262,25,259,260,262,direct,EP recording; raw VBI waveform L23; intervening tape row; picture follows; outer-edge test L259/L260/L261=0.422/0.057/0.022; direct edge candidate=L259; body edge positions=10/714,259,288,522,523,525,direct,EP recording; raw rows L286-L287 are VBI-type; first picture row is L288; outer-edge test L521/L522/L523=0.342/0.535/0.011; direct edge candidate=L522; body edge positions=10/714,522,2,2
353,2263,26,260,261,262,direct,EP recording; raw VBI waveform L24; intervening tape row; picture follows; outer-edge test L259/L260/L261=0.210/0.387/0.057; direct edge candidate=L260; body edge positions=11/714,260,288,522,523,525,direct,EP recording; raw rows L286-L287 are VBI-type; first picture row is L288; outer-edge test L521/L522/L523=0.266/0.521/0.011; direct edge candidate=L522; body edge positions=10/714,522,3,2
354,2264,25,259,260,262,direct,EP recording; raw VBI waveform L23; intervening tape row; picture follows; outer-edge test L259/L260/L261=0.418/0.051/0.011; direct edge candidate=L259; body edge positions=10/714,259,288,522,523,525,direct,EP recording; raw rows L286-L287 are VBI-type; first picture row is L288; outer-edge test L521/L522/L523=0.217/0.717/0.011; direct edge candidate=L522; body edge positions=10/714,522,2,2
355,2265,26,260,261,262,direct,EP recording; raw VBI waveform L24; intervening tape row; picture follows; outer-edge test L259/L260/L261=0.190/0.466/0.045; direct edge candidate=L260; body edge positions=10/714,260,288,522,523,525,direct,EP recording; raw rows L286-L287 are VBI-type; first picture row is L288; outer-edge test L521/L522/L523=0.219/0.699/0.011; direct edge candidate=L522; body edge positions=10/714,522,3,2
356,2266,25,259,260,262,direct,EP recording; raw VBI waveform L23; intervening tape row; picture follows; outer-edge test L259/L260/L261=0.746/0.065/0.000; direct edge candidate=L259; body edge positions=10/714,259,288,522,523,525,direct,EP recording; raw rows L286-L287 are VBI-type; first picture row is L288; outer-edge test L521/L522/L523=0.487/0.709/0.021; direct edge candidate=L522; body edge positions=10/714,522,2,2
357,2267,25,259,260,262,direct,EP recording; raw VBI waveform L23; intervening tape row; picture follows; outer-edge test L259/L260/L261=0.955/0.051/0.011; direct edge candidate=L259; body edge positions=10/714,259,288,522,523,525,direct,EP recording; raw rows L286-L287 are VBI-type; first picture row is L288; outer-edge test L521/L522/L523=1.023/0.793/0.023; direct edge candidate=L522; body edge positions=10/714,522,2,2
358,2268,25,259,260,262,direct,EP recording; raw VBI waveform L23; intervening tape row; picture follows; outer-edge test L259/L260/L261=0.788/0.057/0.012; direct edge candidate=L259; body edge positions=10/714,259,288,522,523,525,cv_inspected,EP recording; raw rows L286-L287 are VBI-type; first picture row is L288; outer-edge test L521/L522/L523=0.912/0.503/0.012; direct edge candidate=L522; body edge positions=10/714; magnified raw rows resolve L522; row Y(mean/std) L287=24.847/41.497 L288=166.613/23.546 L289=160.261/24.460 L521=118.383/79.886 L522=117.805/80.473 L523=11.483/0.808 L525=11.123/0.646,522,2,2
359,2269,26,259,260,262,cv_inspected,EP recording; raw VBI waveform L24; intervening tape row; picture follows; outer-edge test L259/L260/L261=0.905/0.452/0.044; direct edge candidate=L259; body edge positions=10/714; magnified raw rows resolve L259; row Y(mean/std) L25=120.014/12.969 L26=162.069/22.401 L27=159.022/24.502 L258=120.400/79.966 L259=119.830/80.057 L260=118.795/80.301 L262=10.725/0.915,259,288,522,523,525,cv_inspected,EP recording; raw rows L286-L287 are VBI-type; first picture row is L288; outer-edge test L521/L522/L523=0.743/0.446/0.011; direct edge candidate=L522; body edge positions=10/714; magnified raw rows resolve L522; row Y(mean/std) L287=29.392/45.297 L288=164.730/22.860 L289=159.919/24.499 L521=117.667/79.693 L522=117.708/80.583 L523=11.422/0.922 L525=10.812/0.722,522,3,2
360,2270,25,259,260,262,direct,EP recording; raw VBI waveform L23; intervening tape row; picture follows; outer-edge test L259/L260/L261=0.395/0.051/0.012; direct edge candidate=L259; body edge positions=10/714,259,288,522,523,525,direct,EP recording; raw rows L286-L287 are VBI-type; first picture row is L288; outer-edge test L521/L522/L523=0.482/0.386/0.012; direct edge candidate=L522; body edge positions=10/714,522,2,2
361,2271,26,260,261,262,direct,EP recording; raw VBI waveform L24; intervening tape row; picture follows; outer-edge test L259/L260/L261=0.381/0.349/0.038; direct edge candidate=L260; body edge positions=10/714,260,288,522,523,525,cv_inspected,EP recording; raw rows L286-L287 are VBI-type; first picture row is L288; outer-edge test L521/L522/L523=0.466/0.280/0.021; direct edge candidate=L522; body edge positions=11/714; magnified raw rows resolve L522; row Y(mean/std) L287=22.784/38.825 L288=162.900/22.266 L289=156.934/24.124 L521=117.950/80.340 L522=118.094/80.805 L523=11.361/0.882 L525=10.883/0.696,522,3,2
362,2272,26,260,261,262,cv_inspected,EP recording; raw VBI waveform L24; intervening tape row; picture follows; outer-edge test L259/L260/L261=0.521/0.344/0.044; direct edge candidate=L260; body edge positions=10/714; magnified raw rows resolve L260; row Y(mean/std) L25=120.005/12.730 L26=171.292/23.118 L27=155.730/25.557 L259=119.150/81.311 L260=118.439/81.383 L261=17.825/10.706 L262=10.658/0.879,260,288,522,523,525,cv_inspected,EP recording; raw rows L286-L287 are VBI-type; first picture row is L288; outer-edge test L521/L522/L523=0.235/0.176/0.020; direct edge candidate=L522; body edge positions=11/714; magnified raw rows resolve L522; row Y(mean/std) L287=24.530/40.344 L288=166.139/23.405 L289=159.039/24.915 L521=118.072/80.905 L522=118.816/81.675 L523=11.197/0.931 L525=10.689/0.704,522,3,2
363,2273,26,260,261,262,cv_inspected,EP recording; raw VBI waveform L24; intervening tape row; picture follows; outer-edge test L259/L260/L261=0.328/0.222/0.056; direct edge candidate=L260; body edge positions=11/714; magnified raw rows resolve L260; row Y(mean/std) L25=120.745/13.500 L26=161.244/22.455 L27=158.264/24.278 L259=118.294/81.458 L260=118.100/81.676 L261=17.161/9.137 L262=11.353/0.912,260,288,522,523,525,direct,EP recording; raw rows L286-L287 are VBI-type; first picture row is L288; outer-edge test L521/L522/L523=0.211/0.221/0.011; direct edge candidate=L522; body edge positions=11/714,522,3,2
364,2274,25,259,260,262,cv_inspected,EP recording; raw VBI waveform L23; intervening tape row; picture follows; outer-edge test L259/L260/L261=0.227/0.050/0.018; direct edge candidate=L259; body edge positions=10/714; magnified raw rows resolve L259; row Y(mean/std) L24=120.830/13.529 L25=172.631/23.803 L26=157.100/25.470 L258=118.281/81.115 L259=118.192/81.726 L260=16.881/9.183 L262=10.964/0.744,259,288,521,522,525,cv_inspected,EP recording; raw rows L286-L287 are VBI-type; first picture row is L288; outer-edge test L521/L522/L523=0.220/0.050/0.009; direct edge candidate=L521; body edge positions=10/714; magnified raw rows resolve L521; row Y(mean/std) L287=59.564/56.696 L288=166.997/25.377 L289=159.236/25.156 L520=117.419/81.020 L521=117.133/81.328 L522=118.175/81.910 L525=11.047/0.751,521,2,2
365,2275,26,260,261,262,direct,EP recording; raw VBI waveform L24; intervening tape row; picture follows; outer-edge test L259/L260/L261=0.258/0.373/0.051; direct edge candidate=L260; body edge positions=10/714,260,288,521,522,525,cv_inspected,EP recording; raw rows L286-L287 are VBI-type; first picture row is L288; outer-edge test L521/L522/L523=0.235/0.050/0.009; direct edge candidate=L521; body edge positions=10/714; magnified raw rows resolve L521; row Y(mean/std) L287=64.733/57.395 L288=166.544/26.130 L289=160.116/24.260 L520=117.747/81.350 L521=117.463/81.712 L522=117.084/82.278 L525=10.958/0.760,521,3,2
366,2276,26,260,261,262,direct,EP recording; raw VBI waveform L24; intervening tape row; picture follows; outer-edge test L259/L260/L261=0.223/0.277/0.056; direct edge candidate=L260; body edge positions=11/714,260,288,522,523,525,direct,EP recording; raw rows L286-L287 are VBI-type; first picture row is L288; outer-edge test L521/L522/L523=0.183/0.201/0.017; direct edge candidate=L522; body edge positions=11/714,522,3,2
367,2277,25,259,260,262,direct,EP recording; raw VBI waveform L23; intervening tape row; picture follows; outer-edge test L259/L260/L261=0.224/0.045/0.017; direct edge candidate=L259; body edge positions=10/714,259,288,522,523,525,direct,EP recording; raw rows L286-L287 are VBI-type; first picture row is L288; outer-edge test L521/L522/L523=0.199/0.251/0.009; direct edge candidate=L522; body edge positions=10/714,522,2,2
368,2278,25,259,260,262,cv_inspected,EP recording; raw VBI waveform L23; intervening tape row; picture follows; outer-edge test L259/L260/L261=0.204/0.044/0.008; direct edge candidate=L259; body edge positions=10/714; magnified raw rows resolve L259; row Y(mean/std) L24=119.497/13.081 L25=171.477/24.866 L26=156.625/25.223 L258=118.950/82.506 L259=117.634/83.264 L260=16.552/8.914 L262=10.762/0.731,259,288,522,523,525,direct,EP recording; raw rows L286-L287 are VBI-type; first picture row is L288; outer-edge test L521/L522/L523=0.256/0.248/0.009; direct edge candidate=L522; body edge positions=10/714,522,2,2
369,2279,25,259,260,262,direct,EP recording; raw VBI waveform L23; intervening tape row; picture follows; outer-edge test L259/L260/L261=0.336/0.057/0.017; direct edge candidate=L259; body edge positions=10/714,259,288,522,523,525,direct,EP recording; raw rows L286-L287 are VBI-type; first picture row is L288; outer-edge test L521/L522/L523=0.297/0.246/0.017; direct edge candidate=L522; body edge positions=10/714,522,2,2
370,2280,25,259,260,262,direct,EP recording; raw VBI waveform L23; intervening tape row; picture follows; outer-edge test L259/L260/L261=0.286/0.045/0.008; direct edge candidate=L259; body edge positions=10/714,259,288,522,523,525,direct,EP recording; raw rows L286-L287 are VBI-type; first picture row is L288; outer-edge test L521/L522/L523=0.271/0.297/0.008; direct edge candidate=L522; body edge positions=10/714,522,2,2
371,2281,25,259,260,262,direct,EP recording; raw VBI waveform L23; intervening tape row; picture follows; outer-edge test L259/L260/L261=0.280/0.051/0.017; direct edge candidate=L259; body edge positions=10/714,259,288,522,523,525,direct,EP recording; raw rows L286-L287 are VBI-type; first picture row is L288; outer-edge test L521/L522/L523=0.305/0.247/0.016; direct edge candidate=L522; body edge positions=10/714,522,2,2
372,2282,25,259,260,262,cv_inspected,EP recording; raw VBI waveform L23; intervening tape row; picture follows; outer-edge test L259/L260/L261=0.185/0.051/0.008; direct edge candidate=L259; body edge positions=10/714; magnified raw rows resolve L259; row Y(mean/std) L24=118.736/12.903 L25=171.452/23.561 L26=156.400/25.405 L258=117.052/81.504 L259=116.756/81.640 L260=17.619/9.580 L262=10.856/0.763,259,288,522,523,525,cv_inspected,EP recording; raw rows L286-L287 are VBI-type; first picture row is L288; outer-edge test L521/L522/L523=0.198/0.165/0.008; direct edge candidate=L522; body edge positions=10/714; magnified raw rows resolve L522; row Y(mean/std) L287=24.122/39.887 L288=165.903/22.929 L289=158.242/23.630 L521=116.577/81.316 L522=116.052/81.829 L523=11.336/0.918 L525=11.139/0.665,522,2,2
373,2283,26,260,261,262,cv_inspected,EP recording; raw VBI waveform L24; intervening tape row; picture follows; outer-edge test L259/L260/L261=0.478/0.275/0.051; direct edge candidate=L260; body edge positions=10/714; magnified raw rows resolve L260; row Y(mean/std) L25=121.350/13.418 L26=162.241/21.554 L27=160.419/24.282 L259=116.428/81.467 L260=116.713/81.730 L261=17.486/10.731 L262=11.097/0.882,260,288,521,522,525,direct,EP recording; raw rows L286-L287 are VBI-type; first picture row is L288; outer-edge test L521/L522/L523=0.322/0.045/0.016; direct edge candidate=L521; body edge positions=10/714,521,3,2
374,2284,26,260,261,262,cv_inspected,EP recording; raw VBI waveform L24; intervening tape row; picture follows; outer-edge test L259/L260/L261=0.512/0.288/0.051; direct edge candidate=L260; body edge positions=10/714; magnified raw rows resolve L260; row Y(mean/std) L25=121.100/13.351 L26=174.309/22.529 L27=159.031/25.415 L259=116.402/81.488 L260=116.622/81.714 L261=18.217/11.254 L262=11.570/0.971,260,288,521,522,525,direct,EP recording; raw rows L286-L287 are VBI-type; first picture row is L288; outer-edge test L521/L522/L523=0.541/0.045/0.008; direct edge candidate=L521; body edge positions=10/714,521,3,2
375,2285,26,260,261,262,cv_inspected,EP recording; raw VBI waveform L24; intervening tape row; picture follows; outer-edge test L259/L260/L261=0.445/0.305/0.051; direct edge candidate=L260; body edge positions=10/714; magnified raw rows resolve L260; row Y(mean/std) L25=120.708/12.669 L26=162.394/21.650 L27=160.675/24.276 L259=115.739/81.171 L260=115.336/81.878 L261=17.548/11.199 L262=11.503/0.957,260,288,521,522,525,direct,EP recording; raw rows L286-L287 are VBI-type; first picture row is L288; outer-edge test L521/L522/L523=0.305/0.045/0.008; direct edge candidate=L521; body edge positions=10/714,521,3,2
376,2286,26,260,261,262,direct,EP recording; raw VBI waveform L24; intervening tape row; picture follows; outer-edge test L259/L260/L261=0.300/0.254/0.057; direct edge candidate=L260; body edge positions=11/714,260,288,522,523,525,direct,EP recording; raw rows L286-L287 are VBI-type; first picture row is L288; outer-edge test L521/L522/L523=0.268/0.398/0.015; direct edge candidate=L522; body edge positions=10/714,522,3,2
377,2287,26,260,261,262,direct,EP recording; raw VBI waveform L24; intervening tape row; picture follows; outer-edge test L259/L260/L261=0.245/0.522/0.045; direct edge candidate=L260; body edge positions=10/714,260,288,522,523,525,direct,EP recording; raw rows L286-L287 are VBI-type; first picture row is L288; outer-edge test L521/L522/L523=0.277/0.462/0.015; direct edge candidate=L522; body edge positions=10/714,522,3,2
378,2288,25,259,260,262,direct,EP recording; raw VBI waveform L23; intervening tape row; picture follows; outer-edge test L259/L260/L261=0.584/0.051/0.008; direct edge candidate=L259; body edge positions=10/714,259,288,521,522,525,direct,EP recording; raw rows L286-L287 are VBI-type; first picture row is L288; outer-edge test L521/L522/L523=0.473/0.038/0.016; direct edge candidate=L521; body edge positions=11/714,521,2,2
379,2289,25,259,260,262,direct,EP recording; raw VBI waveform L23; intervening tape row; picture follows; outer-edge test L259/L260/L261=0.496/0.057/0.016; direct edge candidate=L259; body edge positions=11/714,259,288,521,522,525,direct,EP recording; raw rows L286-L287 are VBI-type; first picture row is L288; outer-edge test L521/L522/L523=0.598/0.038/0.016; direct edge candidate=L521; body edge positions=10/714,521,2,2
380,2290,26,260,261,262,direct,EP recording; raw VBI waveform L24; intervening tape row; picture follows; outer-edge test L259/L260/L261=0.574/0.442/0.057; direct edge candidate=L260; body edge positions=10/714,260,288,522,523,525,direct,EP recording; raw rows L286-L287 are VBI-type; first picture row is L288; outer-edge test L521/L522/L523=0.492/0.400/0.015; direct edge candidate=L522; body edge positions=10/714,522,3,2
381,2291,25,259,260,262,direct,EP recording; raw VBI waveform L23; intervening tape row; picture follows; outer-edge test L259/L260/L261=0.367/0.057/0.008; direct edge candidate=L259; body edge positions=10/714,259,288,521,522,525,direct,EP recording; raw rows L286-L287 are VBI-type; first picture row is L288; outer-edge test L521/L522/L523=0.296/0.050/0.008; direct edge candidate=L521; body edge positions=10/714,521,2,2
382,2292,26,260,261,262,cv_inspected,EP recording; raw VBI waveform L24; intervening tape row; picture follows; outer-edge test L259/L260/L261=0.370/0.263/0.051; direct edge candidate=L260; body edge positions=10/714; magnified raw rows resolve L260; row Y(mean/std) L25=119.403/15.179 L26=169.552/23.740 L27=155.050/24.796 L259=115.514/83.124 L260=115.987/83.058 L261=17.350/9.845 L262=11.434/0.931,260,288,521,522,525,direct,EP recording; raw rows L286-L287 are VBI-type; first picture row is L288; outer-edge test L521/L522/L523=0.283/0.044/0.016; direct edge candidate=L521; body edge positions=10/714,521,3,2
383,2293,26,260,261,262,direct,EP recording; raw VBI waveform L24; intervening tape row; picture follows; outer-edge test L259/L260/L261=0.194/0.453/0.057; direct edge candidate=L260; body edge positions=10/714,260,288,521,522,525,direct,EP recording; raw rows L286-L287 are VBI-type; first picture row is L288; outer-edge test L521/L522/L523=0.225/0.038/0.008; direct edge candidate=L521; body edge positions=10/714,521,3,2
384,2294,25,259,260,262,direct,EP recording; raw VBI waveform L23; intervening tape row; picture follows; outer-edge test L259/L260/L261=0.545/0.044/0.016; direct edge candidate=L259; body edge positions=10/714,259,288,521,522,525,direct,EP recording; raw rows L286-L287 are VBI-type; first picture row is L288; outer-edge test L521/L522/L523=0.339/0.045/0.008; direct edge candidate=L521; body edge positions=10/714,521,2,2
385,2295,26,260,261,262,direct,EP recording; raw VBI waveform L24; intervening tape row; picture follows; outer-edge test L259/L260/L261=0.192/0.442/0.050; direct edge candidate=L260; body edge positions=10/714,260,288,522,523,525,direct,EP recording; raw rows L286-L287 are VBI-type; first picture row is L288; outer-edge test L521/L522/L523=0.403/0.538/0.008; direct edge candidate=L522; body edge positions=10/714,522,3,2
386,2296,25,259,260,262,direct,EP recording; raw VBI waveform L23; intervening tape row; picture follows; outer-edge test L259/L260/L261=0.461/0.057/0.008; direct edge candidate=L259; body edge positions=10/714,259,288,521,522,525,direct,EP recording; raw rows L286-L287 are VBI-type; first picture row is L288; outer-edge test L521/L522/L523=0.267/0.038/0.009; direct edge candidate=L521; body edge positions=10/714,521,2,2
387,2297,26,260,261,262,direct,EP recording; raw VBI waveform L24; intervening tape row; picture follows; outer-edge test L259/L260/L261=0.128/0.368/0.063; direct edge candidate=L260; body edge positions=10/714,260,288,522,523,525,direct,EP recording; raw rows L286-L287 are VBI-type; first picture row is L288; outer-edge test L521/L522/L523=0.207/0.656/0.017; direct edge candidate=L522; body edge positions=10/714,522,3,2
388,2298,25,259,260,262,direct,EP recording; raw VBI waveform L23; intervening tape row; picture follows; outer-edge test L259/L260/L261=0.294/0.050/0.017; direct edge candidate=L259; body edge positions=10/714,259,288,522,523,525,direct,EP recording; raw rows L286-L287 are VBI-type; first picture row is L288; outer-edge test L521/L522/L523=0.151/0.444/0.008; direct edge candidate=L522; body edge positions=10/714,522,2,2
389,2299,25,259,260,262,direct,EP recording; raw VBI waveform L23; intervening tape row; picture follows; outer-edge test L259/L260/L261=0.320/0.056/0.008; direct edge candidate=L259; body edge positions=10/714,259,288,522,523,525,direct,EP recording; raw rows L286-L287 are VBI-type; first picture row is L288; outer-edge test L521/L522/L523=0.163/0.400/0.008; direct edge candidate=L522; body edge positions=10/714,522,2,2
390,2300,25,259,260,262,direct,EP recording; raw VBI waveform L23; intervening tape row; picture follows; outer-edge test L259/L260/L261=0.333/0.051/0.008; direct edge candidate=L259; body edge positions=10/714,259,288,522,523,525,direct,EP recording; raw rows L286-L287 are VBI-type; first picture row is L288; outer-edge test L521/L522/L523=0.167/0.517/0.008; direct edge candidate=L522; body edge positions=10/714,522,2,2
391,2301,26,260,261,262,direct,EP recording; raw VBI waveform L24; intervening tape row; picture follows; outer-edge test L259/L260/L261=0.132/0.354/0.051; direct edge candidate=L260; body edge positions=10/714,260,288,522,523,525,direct,EP recording; raw rows L286-L287 are VBI-type; first picture row is L288; outer-edge test L521/L522/L523=0.163/0.514/0.008; direct edge candidate=L522; body edge positions=10/714,522,3,2
392,2302,25,259,260,262,direct,EP recording; raw VBI waveform L23; intervening tape row; picture follows; outer-edge test L259/L260/L261=0.381/0.051/0.008; direct edge candidate=L259; body edge positions=10/714,259,288,522,523,525,direct,EP recording; raw rows L286-L287 are VBI-type; first picture row is L288; outer-edge test L521/L522/L523=0.150/0.433/0.000; direct edge candidate=L522; body edge positions=10/714,522,2,2
393,2303,25,259,260,262,direct,EP recording; raw VBI waveform L23; intervening tape row; picture follows; outer-edge test L259/L260/L261=1.133/0.306/0.133; direct edge candidate=L259; body edge positions=9/712,259,288,521,522,525,direct,EP recording; raw rows L286-L287 are VBI-type; first picture row is L288; outer-edge test L521/L522/L523=0.842/0.368/0.133; direct edge candidate=L521; body edge positions=9/712,521,2,2
394,2304,26,260,261,262,direct,EP recording; raw VBI waveform L24; intervening tape row; picture follows; outer-edge test L259/L260/L261=1.000/1.000/0.310; direct edge candidate=L260; body edge positions=9/712,260,288,521,522,525,direct,EP recording; raw rows L286-L287 are VBI-type; first picture row is L288; outer-edge test L521/L522/L523=1.143/0.393/0.071; direct edge candidate=L521; body edge positions=10/712,521,3,2
395,2305,26,260,261,262,direct,EP recording; raw VBI waveform L24; intervening tape row; picture follows; outer-edge test L259/L260/L261=1.133/1.067/0.423; direct edge candidate=L260; body edge positions=9/712,260,288,522,523,525,direct,EP recording; raw rows L286-L287 are VBI-type; first picture row is L288; outer-edge test L521/L522/L523=0.929/0.857/0.071; direct edge candidate=L522; body edge positions=10/712,522,3,2
396,2306,25,259,260,262,direct,EP recording; raw VBI waveform L23; intervening tape row; picture follows; outer-edge test L259/L260/L261=1.133/0.188/0.133; direct edge candidate=L259; body edge positions=10/712,259,288,522,523,525,direct,EP recording; raw rows L286-L287 are VBI-type; first picture row is L288; outer-edge test L521/L522/L523=1.000/0.882/0.071; direct edge candidate=L522; body edge positions=10/712,522,2,2
397,2307,25,259,260,262,direct,EP recording; raw VBI waveform L23; intervening tape row; picture follows; outer-edge test L259/L260/L261=1.067/0.200/0.133; direct edge candidate=L259; body edge positions=10/712,259,288,522,523,525,direct,EP recording; raw rows L286-L287 are VBI-type; first picture row is L288; outer-edge test L521/L522/L523=0.929/1.065/0.071; direct edge candidate=L522; body edge positions=9/712,522,2,2
398,2308,25,259,260,262,direct,EP recording; raw VBI waveform L23; intervening tape row; picture follows; outer-edge test L259/L260/L261=1.000/0.194/0.125; direct edge candidate=L259; body edge positions=9/712,259,288,522,523,525,direct,EP recording; raw rows L286-L287 are VBI-type; first picture row is L288; outer-edge test L521/L522/L523=0.933/0.879/0.133; direct edge candidate=L522; body edge positions=9/712,522,2,2
399,2309,25,259,260,262,direct,EP recording; raw VBI waveform L23; intervening tape row; picture follows; outer-edge test L259/L260/L261=0.937/0.235/0.125; direct edge candidate=L259; body edge positions=9/712,259,288,521,522,525,direct,EP recording; raw rows L286-L287 are VBI-type; first picture row is L288; outer-edge test L521/L522/L523=0.848/-0.000/0.071; direct edge candidate=L521; body edge positions=9/712,521,2,2
400,2310,25,259,260,262,direct,EP recording; raw VBI waveform L23; intervening tape row; picture follows; outer-edge test L259/L260/L261=0.933/0.233/0.125; direct edge candidate=L259; body edge positions=9/712,259,288,522,523,525,direct,EP recording; raw rows L286-L287 are VBI-type; first picture row is L288; outer-edge test L521/L522/L523=0.933/0.867/0.067; direct edge candidate=L522; body edge positions=9/712,522,2,2
401,2311,25,259,260,262,direct,EP recording; raw VBI waveform L23; intervening tape row; picture follows; outer-edge test L259/L260/L261=1.125/0.267/0.125; direct edge candidate=L259; body edge positions=10/712,259,288,522,523,525,direct,EP recording; raw rows L286-L287 are VBI-type; first picture row is L288; outer-edge test L521/L522/L523=0.867/0.800/0.067; direct edge candidate=L522; body edge positions=9/712,522,2,2
402,2312,25,259,260,262,direct,EP recording; raw VBI waveform L23; intervening tape row; picture follows; outer-edge test L259/L260/L261=0.713/0.184/0.067; direct edge candidate=L259; body edge positions=9/712,259,288,522,523,525,direct,EP recording; raw rows L286-L287 are VBI-type; first picture row is L288; outer-edge test L521/L522/L523=0.697/0.545/0.067; direct edge candidate=L522; body edge positions=9/712,522,2,2
403,2313,26,260,261,262,direct,EP recording; raw VBI waveform L24; intervening tape row; picture follows; outer-edge test L259/L260/L261=0.900/0.733/0.233; direct edge candidate=L260; body edge positions=9/712,260,288,522,523,525,direct,EP recording; raw rows L286-L287 are VBI-type; first picture row is L288; outer-edge test L521/L522/L523=0.967/0.929/0.071; direct edge candidate=L522; body edge positions=9/712,522,3,2
404,2314,25,259,260,262,direct,EP recording; raw VBI waveform L23; intervening tape row; picture follows; outer-edge test L259/L260/L261=0.909/0.242/0.133; direct edge candidate=L259; body edge positions=9/712,259,288,522,523,525,direct,EP recording; raw rows L286-L287 are VBI-type; first picture row is L288; outer-edge test L521/L522/L523=0.571/0.476/0.071; direct edge candidate=L522; body edge positions=9/712,522,2,2
405,2315,26,260,261,262,direct,EP recording; raw VBI waveform L24; intervening tape row; picture follows; outer-edge test L259/L260/L261=0.765/0.735/0.176; direct edge candidate=L260; body edge positions=9/712,260,288,521,522,525,direct,EP recording; raw rows L286-L287 are VBI-type; first picture row is L288; outer-edge test L521/L522/L523=1.000/0.429/0.071; direct edge candidate=L521; body edge positions=9/712,521,3,2
406,2316,26,260,261,262,direct,EP recording; raw VBI waveform L24; intervening tape row; picture follows; outer-edge test L259/L260/L261=1.067/0.933/0.222; direct edge candidate=L260; body edge positions=10/712,260,288,522,523,525,direct,EP recording; raw rows L286-L287 are VBI-type; first picture row is L288; outer-edge test L521/L522/L523=0.700/0.643/0.143; direct edge candidate=L522; body edge positions=9/712,522,3,2
407,2317,25,259,260,262,direct,EP recording; raw VBI waveform L23; intervening tape row; picture follows; outer-edge test L259/L260/L261=1.133/0.216/0.133; direct edge candidate=L259; body edge positions=10/712,259,288,522,523,525,direct,EP recording; raw rows L286-L287 are VBI-type; first picture row is L288; outer-edge test L521/L522/L523=0.857/0.872/0.071; direct edge candidate=L522; body edge positions=10/712,522,2,2
408,2318,25,259,260,262,direct,EP recording; raw VBI waveform L23; intervening tape row; picture follows; outer-edge test L259/L260/L261=0.845/0.225/0.067; direct edge candidate=L259; body edge positions=9/712,259,288,522,523,525,direct,EP recording; raw rows L286-L287 are VBI-type; first picture row is L288; outer-edge test L521/L522/L523=0.967/0.767/0.071; direct edge candidate=L522; body edge positions=10/712,522,2,2
409,2319,26,260,261,262,direct,EP recording; raw VBI waveform L24; intervening tape row; picture follows; outer-edge test L259/L260/L261=1.000/0.907/0.163; direct edge candidate=L260; body edge positions=9/712,260,288,521,522,525,cv_inspected,EP recording; raw rows L286-L287 are VBI-type; first picture row is L288; outer-edge test L521/L522/L523=1.235/0.706/0.231; direct edge candidate=L521; body edge positions=9/712; magnified raw rows resolve L521; row Y(mean/std) L287=28.717/44.125 L288=33.142/9.572 L289=33.394/6.999 L520=31.597/7.646 L521=31.266/7.183 L522=30.239/6.400 L525=10.303/0.691,521,3,2
410,2320,26,260,261,262,direct,EP recording; raw VBI waveform L24; intervening tape row; picture follows; outer-edge test L259/L260/L261=1.077/1.115/0.308; direct edge candidate=L260; body edge positions=10/711,260,288,522,523,525,direct,EP recording; raw rows L286-L287 are VBI-type; first picture row is L288; outer-edge test L521/L522/L523=1.038/0.962/0.071; direct edge candidate=L522; body edge positions=10/712,522,3,2
411,2321,25,259,260,262,direct,EP recording; raw VBI waveform L23; intervening tape row; picture follows; outer-edge test L259/L260/L261=1.185/0.296/0.067; direct edge candidate=L259; body edge positions=9/712,259,288,522,523,525,direct,EP recording; raw rows L286-L287 are VBI-type; first picture row is L288; outer-edge test L521/L522/L523=0.806/0.929/0.071; direct edge candidate=L522; body edge positions=10/712,522,2,2
412,2322,26,260,261,262,direct,EP recording; raw VBI waveform L24; intervening tape row; picture follows; outer-edge test L259/L260/L261=0.971/1.118/0.206; direct edge candidate=L260; body edge positions=10/712,260,288,522,523,525,direct,EP recording; raw rows L286-L287 are VBI-type; first picture row is L288; outer-edge test L521/L522/L523=0.929/0.929/0.143; direct edge candidate=L522; body edge positions=9/712,522,3,2
413,2323,25,259,260,262,direct,EP recording; raw VBI waveform L23; intervening tape row; picture follows; outer-edge test L259/L260/L261=1.115/0.308/0.069; direct edge candidate=L259; body edge positions=9/712,259,288,522,523,525,direct,EP recording; raw rows L286-L287 are VBI-type; first picture row is L288; outer-edge test L521/L522/L523=1.111/0.857/0.143; direct edge candidate=L522; body edge positions=10/712,522,2,2
414,2324,25,259,260,262,direct,EP recording; raw VBI waveform L23; intervening tape row; picture follows; outer-edge test L259/L260/L261=0.696/0.174/0.071; direct edge candidate=L259; body edge positions=10/712,259,288,522,523,525,direct,EP recording; raw rows L286-L287 are VBI-type; first picture row is L288; outer-edge test L521/L522/L523=0.853/0.588/0.143; direct edge candidate=L522; body edge positions=10/712,522,2,2
415,2325,25,259,260,262,direct,EP recording; raw VBI waveform L23; intervening tape row; picture follows; outer-edge test L259/L260/L261=1.000/0.259/0.143; direct edge candidate=L259; body edge positions=10/712,259,288,522,523,525,direct,EP recording; raw rows L286-L287 are VBI-type; first picture row is L288; outer-edge test L521/L522/L523=0.963/0.889/0.143; direct edge candidate=L522; body edge positions=9/712,522,2,2
416,2326,25,259,260,262,direct,EP recording; raw VBI waveform L23; intervening tape row; picture follows; outer-edge test L259/L260/L261=1.077/0.269/0.143; direct edge candidate=L259; body edge positions=9/712,259,288,522,523,525,direct,EP recording; raw rows L286-L287 are VBI-type; first picture row is L288; outer-edge test L521/L522/L523=1.000/0.786/0.071; direct edge candidate=L522; body edge positions=9/712,522,2,2
417,2327,25,259,260,262,direct,EP recording; raw VBI waveform L23; intervening tape row; picture follows; outer-edge test L259/L260/L261=1.027/0.189/0.067; direct edge candidate=L259; body edge positions=9/712,259,288,522,523,525,direct,EP recording; raw rows L286-L287 are VBI-type; first picture row is L288; outer-edge test L521/L522/L523=0.788/1.061/0.143; direct edge candidate=L522; body edge positions=10/712,522,2,2
418,2328,25,259,260,262,direct,EP recording; raw VBI waveform L23; intervening tape row; picture follows; outer-edge test L259/L260/L261=0.848/0.212/0.143; direct edge candidate=L259; body edge positions=9/712,259,288,522,523,525,direct,EP recording; raw rows L286-L287 are VBI-type; first picture row is L288; outer-edge test L521/L522/L523=0.557/0.495/0.071; direct edge candidate=L522; body edge positions=9/713,522,2,2
419,2329,25,259,260,262,direct,EP recording; raw VBI waveform L23; intervening tape row; picture follows; outer-edge test L259/L260/L261=1.056/0.250/0.143; direct edge candidate=L259; body edge positions=9/712,259,288,522,523,525,direct,EP recording; raw rows L286-L287 are VBI-type; first picture row is L288; outer-edge test L521/L522/L523=0.830/0.786/0.143; direct edge candidate=L522; body edge positions=10/712,522,2,2
420,2330,25,259,260,262,direct,EP recording; raw VBI waveform L23; intervening tape row; picture follows; outer-edge test L259/L260/L261=0.619/0.214/0.190; direct edge candidate=L259; body edge positions=9/712,259,288,522,523,525,direct,EP recording; raw rows L286-L287 are VBI-type; first picture row is L288; outer-edge test L521/L522/L523=0.667/0.800/0.133; direct edge candidate=L522; body edge positions=9/713,522,2,2
421,2331,25,259,260,262,direct,EP recording; raw VBI waveform L23; intervening tape row; picture follows; outer-edge test L259/L260/L261=0.769/0.215/0.062; direct edge candidate=L259; body edge positions=9/713,259,288,522,523,525,direct,EP recording; raw rows L286-L287 are VBI-type; first picture row is L288; outer-edge test L521/L522/L523=1.273/0.929/0.071; direct edge candidate=L522; body edge positions=9/712,522,2,2
422,2332,25,259,260,262,direct,EP recording; raw VBI waveform L23; intervening tape row; picture follows; outer-edge test L259/L260/L261=1.067/0.250/0.067; direct edge candidate=L259; body edge positions=9/712,259,288,522,523,525,direct,EP recording; raw rows L286-L287 are VBI-type; first picture row is L288; outer-edge test L521/L522/L523=0.810/0.933/0.067; direct edge candidate=L522; body edge positions=10/712,522,2,2
423,2333,25,259,260,262,direct,EP recording; raw VBI waveform L23; intervening tape row; picture follows; outer-edge test L259/L260/L261=0.667/0.178/0.133; direct edge candidate=L259; body edge positions=9/712,259,288,522,523,525,direct,EP recording; raw rows L286-L287 are VBI-type; first picture row is L288; outer-edge test L521/L522/L523=0.818/0.576/0.133; direct edge candidate=L522; body edge positions=10/712,522,2,2
424,2334,25,259,260,262,direct,EP recording; raw VBI waveform L23; intervening tape row; picture follows; outer-edge test L259/L260/L261=1.133/0.281/0.133; direct edge candidate=L259; body edge positions=10/712,259,288,522,523,525,direct,EP recording; raw rows L286-L287 are VBI-type; first picture row is L288; outer-edge test L521/L522/L523=0.800/0.867/0.067; direct edge candidate=L522; body edge positions=10/712,522,2,2
425,2335,26,260,261,262,direct,EP recording; raw VBI waveform L24; intervening tape row; picture follows; outer-edge test L259/L260/L261=0.867/1.000/0.229; direct edge candidate=L260; body edge positions=10/712,260,288,522,523,525,direct,EP recording; raw rows L286-L287 are VBI-type; first picture row is L288; outer-edge test L521/L522/L523=0.658/0.658/0.000; direct edge candidate=L522; body edge positions=9/712,522,3,2
426,2336,25,259,260,262,direct,EP recording; raw VBI waveform L23; intervening tape row; picture follows; outer-edge test L259/L260/L261=0.606/0.273/0.133; direct edge candidate=L259; body edge positions=10/712,259,288,522,523,525,cv_inspected,EP recording; raw rows L286-L287 are VBI-type; first picture row is L288; outer-edge test L521/L522/L523=1.000/0.594/0.133; direct edge candidate=L522; body edge positions=9/712; magnified raw rows resolve L522; row Y(mean/std) L287=65.580/62.030 L288=29.316/6.398 L289=28.611/4.833 L521=27.936/4.080 L522=27.688/4.560 L523=12.292/0.805 L525=12.114/0.742,522,2,2
427,2337,25,259,260,262,direct,EP recording; raw VBI waveform L23; intervening tape row; picture follows; outer-edge test L259/L260/L261=1.067/0.267/0.133; direct edge candidate=L259; body edge positions=10/712,259,288,522,523,525,direct,EP recording; raw rows L286-L287 are VBI-type; first picture row is L288; outer-edge test L521/L522/L523=0.889/1.000/0.067; direct edge candidate=L522; body edge positions=9/712,522,2,2
428,2338,26,260,261,262,direct,EP recording; raw VBI waveform L24; intervening tape row; picture follows; outer-edge test L259/L260/L261=1.133/1.022/0.178; direct edge candidate=L260; body edge positions=10/712,260,288,522,523,525,direct,EP recording; raw rows L286-L287 are VBI-type; first picture row is L288; outer-edge test L521/L522/L523=0.892/0.800/0.067; direct edge candidate=L522; body edge positions=10/712,522,3,2
429,2339,25,259,260,262,direct,EP recording; raw VBI waveform L23; intervening tape row; picture follows; outer-edge test L259/L260/L261=0.867/0.281/0.067; direct edge candidate=L259; body edge positions=10/712,259,288,522,523,525,direct,EP recording; raw rows L286-L287 are VBI-type; first picture row is L288; outer-edge test L521/L522/L523=1.000/1.212/0.071; direct edge candidate=L522; body edge positions=9/712,522,2,2
430,2340,25,259,260,262,direct,EP recording; raw VBI waveform L23; intervening tape row; picture follows; outer-edge test L259/L260/L261=0.933/0.242/0.067; direct edge candidate=L259; body edge positions=10/712,259,288,522,523,525,direct,EP recording; raw rows L286-L287 are VBI-type; first picture row is L288; outer-edge test L521/L522/L523=1.000/1.067/0.067; direct edge candidate=L522; body edge positions=10/712,522,2,2
431,2341,25,259,260,262,direct,EP recording; raw VBI waveform L23; intervening tape row; picture follows; outer-edge test L259/L260/L261=0.941/0.206/0.067; direct edge candidate=L259; body edge positions=10/712,259,288,522,523,525,cv_inspected,EP recording; raw rows L286-L287 are VBI-type; first picture row is L288; outer-edge test L521/L522/L523=1.000/0.576/0.133; direct edge candidate=L522; body edge positions=10/712; magnified raw rows resolve L522; row Y(mean/std) L287=34.180/46.970 L288=35.263/11.889 L289=33.211/7.856 L521=27.506/4.365 L522=27.194/4.321 L523=12.122/0.803 L525=11.641/0.770,522,2,2
432,2342,25,259,260,262,direct,EP recording; raw VBI waveform L23; intervening tape row; picture follows; outer-edge test L259/L260/L261=0.903/0.258/0.133; direct edge candidate=L259; body edge positions=9/712,259,288,522,523,525,direct,EP recording; raw rows L286-L287 are VBI-type; first picture row is L288; outer-edge test L521/L522/L523=1.000/0.786/0.143; direct edge candidate=L522; body edge positions=9/712,522,2,2
433,2343,26,260,261,262,direct,EP recording; raw VBI waveform L24; intervening tape row; picture follows; outer-edge test L259/L260/L261=0.870/0.937/0.203; direct edge candidate=L260; body edge positions=9/712,260,288,522,523,525,direct,EP recording; raw rows L286-L287 are VBI-type; first picture row is L288; outer-edge test L521/L522/L523=0.933/1.048/0.067; direct edge candidate=L522; body edge positions=9/712,522,3,2
434,2344,25,259,260,262,direct,EP recording; raw VBI waveform L23; intervening tape row; picture follows; outer-edge test L259/L260/L261=0.702/0.170/0.062; direct edge candidate=L259; body edge positions=10/712,259,288,522,523,525,direct,EP recording; raw rows L286-L287 are VBI-type; first picture row is L288; outer-edge test L521/L522/L523=0.821/0.769/0.143; direct edge candidate=L522; body edge positions=10/712,522,2,2
435,2345,25,259,260,262,direct,EP recording; raw VBI waveform L23; intervening tape row; picture follows; outer-edge test L259/L260/L261=0.773/0.213/0.067; direct edge candidate=L259; body edge positions=9/712,259,288,522,523,525,direct,EP recording; raw rows L286-L287 are VBI-type; first picture row is L288; outer-edge test L521/L522/L523=0.592/0.653/0.000; direct edge candidate=L522; body edge positions=9/712,522,2,2
436,2346,25,259,260,262,direct,EP recording; raw VBI waveform L23; intervening tape row; picture follows; outer-edge test L259/L260/L261=0.944/0.194/0.067; direct edge candidate=L259; body edge positions=9/712,259,288,522,523,525,direct,EP recording; raw rows L286-L287 are VBI-type; first picture row is L288; outer-edge test L521/L522/L523=0.637/0.681/0.071; direct edge candidate=L522; body edge positions=9/712,522,2,2
437,2347,25,259,260,262,direct,EP recording; raw VBI waveform L23; intervening tape row; picture follows; outer-edge test L259/L260/L261=0.950/0.200/0.067; direct edge candidate=L259; body edge positions=9/712,259,288,522,523,525,direct,EP recording; raw rows L286-L287 are VBI-type; first picture row is L288; outer-edge test L521/L522/L523=0.966/0.795/0.138; direct edge candidate=L522; body edge positions=9/712,522,2,2
438,2348,26,260,261,262,direct,EP recording; raw VBI waveform L24; intervening tape row; picture follows; outer-edge test L259/L260/L261=0.867/1.100/0.267; direct edge candidate=L260; body edge positions=9/712,260,288,522,523,525,direct,EP recording; raw rows L286-L287 are VBI-type; first picture row is L288; outer-edge test L521/L522/L523=1.100/1.357/0.143; direct edge candidate=L522; body edge positions=9/712,522,3,2
439,2349,25,259,260,262,direct,EP recording; raw VBI waveform L23; intervening tape row; picture follows; outer-edge test L259/L260/L261=0.933/0.241/0.067; direct edge candidate=L259; body edge positions=9/712,259,288,522,523,525,direct,EP recording; raw rows L286-L287 are VBI-type; first picture row is L288; outer-edge test L521/L522/L523=0.857/0.786/0.071; direct edge candidate=L522; body edge positions=9/712,522,2,2
440,2350,25,259,260,262,direct,EP recording; raw VBI waveform L23; intervening tape row; picture follows; outer-edge test L259/L260/L261=0.937/0.219/0.143; direct edge candidate=L259; body edge positions=9/712,259,288,522,523,525,direct,EP recording; raw rows L286-L287 are VBI-type; first picture row is L288; outer-edge test L521/L522/L523=0.833/0.700/0.143; direct edge candidate=L522; body edge positions=9/712,522,2,2
441,2351,26,260,261,262,direct,EP recording; raw VBI waveform L24; intervening tape row; picture follows; outer-edge test L259/L260/L261=0.968/1.032/0.258; direct edge candidate=L260; body edge positions=9/712,260,288,522,523,525,direct,EP recording; raw rows L286-L287 are VBI-type; first picture row is L288; outer-edge test L521/L522/L523=1.075/1.143/0.143; direct edge candidate=L522; body edge positions=9/712,522,3,2
442,2352,25,259,260,262,direct,EP recording; raw VBI waveform L23; intervening tape row; picture follows; outer-edge test L259/L260/L261=1.133/0.257/0.133; direct edge candidate=L259; body edge positions=9/712,259,288,522,523,525,direct,EP recording; raw rows L286-L287 are VBI-type; first picture row is L288; outer-edge test L521/L522/L523=1.062/0.687/0.143; direct edge candidate=L522; body edge positions=9/712,522,2,2
443,2353,25,259,260,262,direct,EP recording; raw VBI waveform L23; intervening tape row; picture follows; outer-edge test L259/L260/L261=1.000/0.286/0.143; direct edge candidate=L259; body edge positions=9/712,259,288,522,523,525,direct,EP recording; raw rows L286-L287 are VBI-type; first picture row is L288; outer-edge test L521/L522/L523=1.037/1.111/0.143; direct edge candidate=L522; body edge positions=9/712,522,2,2
444,2354,25,259,260,262,direct,EP recording; raw VBI waveform L23; intervening tape row; picture follows; outer-edge test L259/L260/L261=1.296/0.259/0.071; direct edge candidate=L259; body edge positions=9/712,259,288,522,523,525,direct,EP recording; raw rows L286-L287 are VBI-type; first picture row is L288; outer-edge test L521/L522/L523=1.133/0.857/0.071; direct edge candidate=L522; body edge positions=9/712,522,2,2
445,2355,25,259,260,262,direct,EP recording; raw VBI waveform L23; intervening tape row; picture follows; outer-edge test L259/L260/L261=0.935/0.258/0.071; direct edge candidate=L259; body edge positions=9/712,259,288,522,523,525,direct,EP recording; raw rows L286-L287 are VBI-type; first picture row is L288; outer-edge test L521/L522/L523=0.877/0.929/0.071; direct edge candidate=L522; body edge positions=9/712,522,2,2
446,2356,25,259,260,262,direct,EP recording; raw VBI waveform L23; intervening tape row; picture follows; outer-edge test L259/L260/L261=0.923/0.346/0.074; direct edge candidate=L259; body edge positions=9/712,259,288,522,523,525,direct,EP recording; raw rows L286-L287 are VBI-type; first picture row is L288; outer-edge test L521/L522/L523=1.071/0.714/0.071; direct edge candidate=L522; body edge positions=9/712,522,2,2
447,2357,25,259,260,262,direct,EP recording; raw VBI waveform L23; intervening tape row; picture follows; outer-edge test L259/L260/L261=1.357/0.296/0.071; direct edge candidate=L259; body edge positions=9/712,259,288,522,523,525,direct,EP recording; raw rows L286-L287 are VBI-type; first picture row is L288; outer-edge test L521/L522/L523=0.897/0.857/0.071; direct edge candidate=L522; body edge positions=9/712,522,2,2
448,2358,25,259,260,262,direct,EP recording; raw VBI waveform L23; intervening tape row; picture follows; outer-edge test L259/L260/L261=0.622/0.133/0.071; direct edge candidate=L259; body edge positions=9/712,259,288,521,522,525,direct,EP recording; raw rows L286-L287 are VBI-type; first picture row is L288; outer-edge test L521/L522/L523=0.857/0.233/0.000; direct edge candidate=L521; body edge positions=9/712,521,2,2
449,2359,26,260,261,262,direct,EP recording; raw VBI waveform L24; intervening tape row; picture follows; outer-edge test L259/L260/L261=1.036/1.000/0.214; direct edge candidate=L260; body edge positions=9/712,260,288,521,522,525,direct,EP recording; raw rows L286-L287 are VBI-type; first picture row is L288; outer-edge test L521/L522/L523=0.857/0.286/0.071; direct edge candidate=L521; body edge positions=9/712,521,3,2
450,2360,25,260,261,262,cv_inspected,EP recording; raw VBI waveform L23; intervening tape row; picture follows; outer-edge test L259/L260/L261=0.074/0.060/0.007; direct edge candidate=L260; body edge positions=23/712; magnified raw rows resolve L260; row Y(mean/std) L24=21.034/2.426 L25=150.605/26.784 L26=149.998/30.806 L259=52.022/17.200 L260=28.695/24.616 L261=10.116/0.974 L262=10.441/0.698,260,288,522,523,525,cv_inspected,EP recording; raw rows L286-L287 are VBI-type; first picture row is L288; outer-edge test L521/L522/L523=0.033/0.059/0.013; direct edge candidate=L522; body edge positions=23/712; magnified raw rows resolve L522; row Y(mean/std) L287=27.423/41.559 L288=150.963/28.106 L289=148.552/31.806 L521=50.259/15.756 L522=50.123/17.034 L523=11.047/0.781 L525=10.634/0.736,522,2,2
451,2361,25,260,261,262,cv_inspected,EP recording; raw VBI waveform L23; intervening tape row; picture follows; outer-edge test L259/L260/L261=0.042/0.042/0.007; direct edge candidate=L260; body edge positions=23/712; magnified raw rows resolve L260; row Y(mean/std) L24=20.988/2.366 L25=145.639/27.602 L26=144.625/31.951 L259=49.678/16.841 L260=27.158/23.034 L261=10.747/0.895 L262=10.342/0.689,260,288,522,523,525,cv_inspected,EP recording; raw rows L286-L287 are VBI-type; first picture row is L288; outer-edge test L521/L522/L523=0.034/0.048/0.014; direct edge candidate=L522; body edge positions=23/712; magnified raw rows resolve L522; row Y(mean/std) L287=27.034/41.849 L288=145.803/29.541 L289=142.713/33.360 L521=50.202/16.972 L522=49.319/17.928 L523=11.323/0.795 L525=10.727/0.728,522,2,2
452,2362,25,260,261,262,cv_inspected,EP recording; raw VBI waveform L23; intervening tape row; picture follows; outer-edge test L259/L260/L261=0.043/0.043/0.007; direct edge candidate=L260; body edge positions=23/713; magnified raw rows resolve L260; row Y(mean/std) L24=20.316/2.072 L25=141.033/29.171 L26=139.669/33.508 L259=51.325/19.566 L260=28.938/24.039 L261=11.698/0.926 L262=11.080/0.778,260,288,522,523,525,cv_inspected,EP recording; raw rows L286-L287 are VBI-type; first picture row is L288; outer-edge test L521/L522/L523=0.041/0.068/0.007; direct edge candidate=L522; body edge positions=23/712; magnified raw rows resolve L522; row Y(mean/std) L287=63.003/57.533 L288=144.252/34.229 L289=141.589/36.118 L521=54.978/20.439 L522=53.969/20.494 L523=12.172/0.888 L525=11.505/0.760,522,2,2
453,2363,25,260,261,262,cv_inspected,EP recording; raw VBI waveform L23; intervening tape row; picture follows; outer-edge test L259/L260/L261=0.035/0.042/0.014; direct edge candidate=L260; body edge positions=23/712; magnified raw rows resolve L260; row Y(mean/std) L24=19.914/2.356 L25=140.641/31.429 L26=138.787/35.599 L259=52.555/20.111 L260=28.583/24.620 L261=12.048/0.858 L262=11.417/0.691,260,288,522,523,525,cv_inspected,EP recording; raw rows L286-L287 are VBI-type; first picture row is L288; outer-edge test L521/L522/L523=0.048/0.034/0.007; direct edge candidate=L522; body edge positions=23/712; magnified raw rows resolve L522; row Y(mean/std) L287=67.995/58.371 L288=143.400/36.573 L289=139.634/39.348 L521=60.703/19.830 L522=61.952/20.605 L523=12.256/0.915 L525=11.364/0.716,522,2,2
454,2364,26,260,261,262,cv_inspected,EP recording; raw VBI waveform L24; intervening tape row; picture follows; outer-edge test L259/L260/L261=0.057/0.071/0.049; direct edge candidate=L260; body edge positions=23/713; magnified raw rows resolve L260; row Y(mean/std) L25=20.569/2.523 L26=139.739/34.607 L27=139.023/37.974 L259=67.062/27.552 L260=66.234/27.350 L261=27.892/22.715 L262=12.297/1.023,260,288,522,523,525,cv_inspected,EP recording; raw rows L286-L287 are VBI-type; first picture row is L288; outer-edge test L521/L522/L523=0.041/0.054/0.007; direct edge candidate=L522; body edge positions=23/712; magnified raw rows resolve L522; row Y(mean/std) L287=67.591/58.025 L288=141.122/37.846 L289=138.273/38.550 L521=70.458/29.187 L522=72.734/31.924 L523=12.713/0.979 L525=11.875/0.746,522,3,2
455,2365,26,259,260,262,cv_inspected,EP recording; raw VBI waveform L24; intervening tape row; picture follows; outer-edge test L259/L260/L261=0.057/0.050/0.050; direct edge candidate=L259; body edge positions=23/712; magnified raw rows resolve L259; row Y(mean/std) L25=20.933/2.212 L26=137.881/35.255 L27=138.119/37.779 L258=89.647/57.229 L259=89.902/57.727 L260=90.983/58.317 L262=12.348/0.935,259,288,522,523,525,cv_inspected,EP recording; raw rows L286-L287 are VBI-type; first picture row is L288; outer-edge test L521/L522/L523=0.041/0.055/0.014; direct edge candidate=L522; body edge positions=23/712; magnified raw rows resolve L522; row Y(mean/std) L287=70.242/57.482 L288=137.197/37.541 L289=134.444/39.090 L521=94.883/63.339 L522=94.584/62.969 L523=12.583/0.896 L525=11.909/0.721,522,3,2
456,2366,26,259,260,262,cv_inspected,EP recording; raw VBI waveform L24; intervening tape row; picture follows; outer-edge test L259/L260/L261=0.049/0.035/0.042; direct edge candidate=L259; body edge positions=23/712; magnified raw rows resolve L259; row Y(mean/std) L25=17.531/2.206 L26=131.541/35.114 L27=131.202/37.769 L258=94.111/62.999 L259=93.597/62.170 L260=93.275/61.648 L262=12.194/0.873,259,288,522,523,525,cv_inspected,EP recording; raw rows L286-L287 are VBI-type; first picture row is L288; outer-edge test L521/L522/L523=0.040/0.060/0.007; direct edge candidate=L522; body edge positions=23/712; magnified raw rows resolve L522; row Y(mean/std) L287=58.728/57.057 L288=131.914/37.319 L289=129.417/39.182 L521=82.888/59.631 L522=81.131/60.098 L523=11.958/0.840 L525=11.203/0.770,522,3,2
457,2367,26,260,261,262,cv_inspected,EP recording; raw VBI waveform L24; intervening tape row; picture follows; outer-edge test L259/L260/L261=0.034/0.055/0.041; direct edge candidate=L260; body edge positions=23/713; magnified raw rows resolve L260; row Y(mean/std) L25=18.712/2.507 L26=131.206/36.018 L27=130.911/38.834 L259=77.353/57.514 L260=76.234/57.384 L261=24.153/19.735 L262=11.656/0.988,260,288,521,522,525,cv_inspected,EP recording; raw rows L286-L287 are VBI-type; first picture row is L288; outer-edge test L521/L522/L523=0.046/0.007/0.013; direct edge candidate=L521; body edge positions=23/712; magnified raw rows resolve L521; row Y(mean/std) L287=61.153/57.757 L288=134.344/39.804 L289=131.688/41.335 L520=73.770/56.107 L521=73.698/56.294 L522=74.269/55.886 L525=11.456/0.669,521,3,2
458,2368,25,260,261,262,cv_inspected,EP recording; raw VBI waveform L23; intervening tape row; picture follows; outer-edge test L259/L260/L261=0.055/0.062/0.021; direct edge candidate=L260; body edge positions=23/713; magnified raw rows resolve L260; row Y(mean/std) L24=19.425/2.257 L25=131.723/37.858 L26=131.831/40.372 L259=70.736/53.083 L260=25.597/19.857 L261=11.441/0.810 L262=11.297/0.726,260,288,522,523,525,cv_inspected,EP recording; raw rows L286-L287 are VBI-type; first picture row is L288; outer-edge test L521/L522/L523=0.053/0.046/0.007; direct edge candidate=L522; body edge positions=23/712; magnified raw rows resolve L522; row Y(mean/std) L287=25.608/39.909 L288=133.703/39.018 L289=131.341/41.833 L521=71.011/51.395 L522=70.648/51.719 L523=11.683/0.911 L525=11.631/0.688,522,2,2
459,2369,25,260,261,262,cv_inspected,EP recording; raw VBI waveform L23; intervening tape row; picture follows; outer-edge test L259/L260/L261=0.035/0.056/0.007; direct edge candidate=L260; body edge positions=23/712; magnified raw rows resolve L260; row Y(mean/std) L24=20.292/2.298 L25=131.589/39.221 L26=130.858/41.085 L259=73.638/51.211 L260=25.239/19.958 L261=12.294/0.951 L262=11.514/0.776,260,288,522,523,525,cv_inspected,EP recording; raw rows L286-L287 are VBI-type; first picture row is L288; outer-edge test L521/L522/L523=0.046/0.052/0.013; direct edge candidate=L522; body edge positions=23/712; magnified raw rows resolve L522; row Y(mean/std) L287=32.480/44.831 L288=135.406/40.000 L289=132.320/42.858 L521=71.566/52.241 L522=66.203/46.058 L523=12.498/0.896 L525=11.616/0.722,522,2,2
460,2370,25,260,261,262,cv_inspected,EP recording; raw VBI waveform L23; intervening tape row; picture follows; outer-edge test L259/L260/L261=0.041/0.034/0.014; direct edge candidate=L260; body edge positions=23/712; magnified raw rows resolve L260; row Y(mean/std) L24=20.833/2.284 L25=131.655/38.573 L26=131.398/41.469 L259=50.509/20.206 L260=25.945/20.984 L261=11.925/0.910 L262=11.348/0.711,260,288,522,523,525,cv_inspected,EP recording; raw rows L286-L287 are VBI-type; first picture row is L288; outer-edge test L521/L522/L523=0.046/0.046/0.007; direct edge candidate=L522; body edge positions=23/712; magnified raw rows resolve L522; row Y(mean/std) L287=27.706/41.092 L288=134.084/39.371 L289=130.973/42.069 L521=51.967/19.036 L522=51.389/20.288 L523=11.878/0.912 L525=11.670/0.726,522,2,2
461,2371,26,259,260,262,cv_inspected,EP recording; raw VBI waveform L24; intervening tape row; picture follows; outer-edge test L259/L260/L261=0.062/0.034/0.041; direct edge candidate=L259; body edge positions=23/712; magnified raw rows resolve L259; row Y(mean/std) L25=21.792/2.177 L26=131.842/39.050 L27=131.220/41.647 L258=50.605/18.774 L259=51.436/18.910 L260=51.280/19.895 L262=12.320/0.932,259,288,522,523,525,cv_inspected,EP recording; raw rows L286-L287 are VBI-type; first picture row is L288; outer-edge test L521/L522/L523=0.033/0.039/0.007; direct edge candidate=L522; body edge positions=23/712; magnified raw rows resolve L522; row Y(mean/std) L287=33.480/44.834 L288=136.575/39.973 L289=133.028/42.997 L521=50.606/17.860 L522=51.833/19.535 L523=12.569/0.941 L525=11.938/0.720,522,3,2
462,2372,25,260,261,262,cv_inspected,EP recording; raw VBI waveform L23; intervening tape row; picture follows; outer-edge test L259/L260/L261=0.041/0.034/0.014; direct edge candidate=L260; body edge positions=23/712; magnified raw rows resolve L260; row Y(mean/std) L24=22.191/1.971 L25=132.164/38.839 L26=131.072/41.441 L259=50.908/19.080 L260=27.609/21.564 L261=12.353/1.019 L262=11.673/0.712,260,288,522,523,525,cv_inspected,EP recording; raw rows L286-L287 are VBI-type; first picture row is L288; outer-edge test L521/L522/L523=0.046/0.039/0.013; direct edge candidate=L522; body edge positions=23/712; magnified raw rows resolve L522; row Y(mean/std) L287=22.244/34.413 L288=134.748/38.822 L289=131.225/42.074 L521=50.225/19.087 L522=49.667/20.310 L523=12.703/0.970 L525=11.762/0.722,522,2,2
463,2373,25,260,261,262,cv_inspected,EP recording; raw VBI waveform L23; intervening tape row; picture follows; outer-edge test L259/L260/L261=0.041/0.048/0.007; direct edge candidate=L260; body edge positions=23/712; magnified raw rows resolve L260; row Y(mean/std) L24=21.158/2.138 L25=131.444/39.035 L26=130.562/41.254 L259=49.223/19.659 L260=25.873/19.215 L261=12.573/1.000 L262=11.642/0.734,260,288,522,523,525,cv_inspected,EP recording; raw rows L286-L287 are VBI-type; first picture row is L288; outer-edge test L521/L522/L523=0.052/0.052/0.007; direct edge candidate=L522; body edge positions=23/712; magnified raw rows resolve L522; row Y(mean/std) L287=21.777/35.314 L288=134.609/38.844 L289=131.677/41.331 L521=49.311/18.455 L522=49.030/20.878 L523=12.463/0.916 L525=11.736/0.734,522,2,2
464,2374,25,260,261,262,cv_inspected,EP recording; raw VBI waveform L23; intervening tape row; picture follows; outer-edge test L259/L260/L261=0.028/0.035/0.014; direct edge candidate=L260; body edge positions=23/713; magnified raw rows resolve L260; row Y(mean/std) L24=21.161/2.522 L25=132.028/38.235 L26=131.495/41.176 L259=48.373/18.389 L260=25.461/18.435 L261=12.330/0.948 L262=11.667/0.735,260,288,522,523,525,cv_inspected,EP recording; raw rows L286-L287 are VBI-type; first picture row is L288; outer-edge test L521/L522/L523=0.053/0.053/0.007; direct edge candidate=L522; body edge positions=23/712; magnified raw rows resolve L522; row Y(mean/std) L287=52.186/57.699 L288=132.709/40.837 L289=131.363/41.837 L521=49.298/18.402 L522=48.612/18.345 L523=12.680/0.935 L525=11.891/0.703,522,2,2
465,2375,26,259,260,262,cv_inspected,EP recording; raw VBI waveform L24; intervening tape row; picture follows; outer-edge test L259/L260/L261=0.042/0.028/0.042; direct edge candidate=L259; body edge positions=23/712; magnified raw rows resolve L259; row Y(mean/std) L25=21.092/2.361 L26=132.798/37.696 L27=132.008/41.546 L258=47.436/15.672 L259=48.847/17.823 L260=48.598/18.127 L262=12.130/0.968,259,288,522,523,525,cv_inspected,EP recording; raw rows L286-L287 are VBI-type; first picture row is L288; outer-edge test L521/L522/L523=0.066/0.039/0.007; direct edge candidate=L522; body edge positions=23/713; magnified raw rows resolve L522; row Y(mean/std) L287=56.941/58.480 L288=134.648/40.604 L289=132.306/41.807 L521=48.264/16.902 L522=48.673/18.740 L523=12.391/0.902 L525=11.816/0.710,522,3,2
466,2376,26,259,260,262,cv_inspected,EP recording; raw VBI waveform L24; intervening tape row; picture follows; outer-edge test L259/L260/L261=0.089/0.048/0.041; direct edge candidate=L259; body edge positions=23/712; magnified raw rows resolve L259; row Y(mean/std) L25=20.483/2.114 L26=132.734/37.688 L27=131.752/41.467 L258=47.636/16.104 L259=48.891/16.855 L260=48.394/17.693 L262=12.669/0.970,259,288,522,523,525,cv_inspected,EP recording; raw rows L286-L287 are VBI-type; first picture row is L288; outer-edge test L521/L522/L523=0.039/0.059/0.013; direct edge candidate=L522; body edge positions=23/712; magnified raw rows resolve L522; row Y(mean/std) L287=22.236/34.415 L288=135.706/37.296 L289=133.131/40.724 L521=50.045/19.023 L522=49.138/18.641 L523=12.305/0.915 L525=11.528/0.691,522,3,2
467,2377,26,259,260,262,cv_inspected,EP recording; raw VBI waveform L24; intervening tape row; picture follows; outer-edge test L259/L260/L261=0.041/0.027/0.047; direct edge candidate=L259; body edge positions=23/713; magnified raw rows resolve L259; row Y(mean/std) L25=20.519/2.364 L26=133.511/37.611 L27=130.822/40.990 L258=52.236/29.261 L259=48.766/16.760 L260=48.938/17.830 L262=11.644/0.948,259,288,521,522,525,cv_inspected,EP recording; raw rows L286-L287 are VBI-type; first picture row is L288; outer-edge test L521/L522/L523=0.039/0.026/0.013; direct edge candidate=L521; body edge positions=23/713; magnified raw rows resolve L521; row Y(mean/std) L287=26.586/40.622 L288=136.259/36.819 L289=133.383/41.124 L520=53.752/32.765 L521=49.531/18.535 L522=47.670/18.554 L525=11.886/0.723,521,3,2
468,2378,25,259,260,262,cv_inspected,EP recording; raw VBI waveform L23; intervening tape row; picture follows; outer-edge test L259/L260/L261=0.047/0.014/0.007; direct edge candidate=L259; body edge positions=23/713; magnified raw rows resolve L259; row Y(mean/std) L24=20.972/2.302 L25=132.570/36.879 L26=131.752/40.259 L258=54.184/35.892 L259=48.445/21.593 L260=24.025/17.171 L262=11.498/0.744,259,288,522,523,525,cv_inspected,EP recording; raw rows L286-L287 are VBI-type; first picture row is L288; outer-edge test L521/L522/L523=0.046/0.046/0.007; direct edge candidate=L522; body edge positions=23/713; magnified raw rows resolve L522; row Y(mean/std) L287=26.042/41.208 L288=134.731/37.112 L289=133.014/39.972 L521=57.034/38.180 L522=49.625/21.815 L523=12.648/0.915 L525=11.950/0.708,522,2,2
469,2379,26,260,261,262,cv_inspected,EP recording; raw VBI waveform L24; intervening tape row; picture follows; outer-edge test L259/L260/L261=0.055/0.055/0.048; direct edge candidate=L260; body edge positions=23/713; magnified raw rows resolve L260; row Y(mean/std) L25=19.683/2.867 L26=132.589/37.082 L27=132.408/39.868 L259=62.331/48.261 L260=56.581/39.641 L261=24.070/16.926 L262=12.102/0.999,260,288,522,523,525,cv_inspected,EP recording; raw rows L286-L287 are VBI-type; first picture row is L288; outer-edge test L521/L522/L523=0.046/0.053/0.013; direct edge candidate=L522; body edge positions=23/712; magnified raw rows resolve L522; row Y(mean/std) L287=26.345/41.511 L288=136.777/36.245 L289=132.972/40.105 L521=63.102/48.681 L522=57.877/41.304 L523=12.727/0.885 L525=11.545/0.717,522,3,2
470,2380,26,260,261,262,cv_inspected,EP recording; raw VBI waveform L24; intervening tape row; picture follows; outer-edge test L259/L260/L261=0.034/0.041/0.027; direct edge candidate=L260; body edge positions=23/712; magnified raw rows resolve L260; row Y(mean/std) L25=19.973/2.474 L26=134.069/36.683 L27=133.323/39.060 L259=68.473/55.155 L260=64.342/51.151 L261=23.842/16.891 L262=12.139/1.028,260,288,522,523,525,cv_inspected,EP recording; raw rows L286-L287 are VBI-type; first picture row is L288; outer-edge test L521/L522/L523=0.046/0.053/0.013; direct edge candidate=L522; body edge positions=23/713; magnified raw rows resolve L522; row Y(mean/std) L287=21.778/35.843 L288=135.398/35.764 L289=134.434/39.480 L521=70.114/57.354 L522=66.609/53.988 L523=12.578/0.852 L525=11.502/0.725,522,3,2
471,2381,26,259,260,262,cv_inspected,EP recording; raw VBI waveform L24; intervening tape row; picture follows; outer-edge test L259/L260/L261=0.048/0.034/0.048; direct edge candidate=L259; body edge positions=23/712; magnified raw rows resolve L259; row Y(mean/std) L25=19.598/2.414 L26=132.488/36.636 L27=132.634/39.055 L258=77.402/62.869 L259=75.827/60.547 L260=73.084/58.345 L262=11.683/0.954,259,288,521,522,525,cv_inspected,EP recording; raw rows L286-L287 are VBI-type; first picture row is L288; outer-edge test L521/L522/L523=0.058/0.032/0.013; direct edge candidate=L521; body edge positions=23/712; magnified raw rows resolve L521; row Y(mean/std) L287=25.570/40.162 L288=135.744/36.787 L289=133.322/39.424 L520=79.558/64.254 L521=78.664/62.172 L522=74.980/60.167 L525=11.472/0.760,521,3,2
472,2382,25,260,261,262,cv_inspected,EP recording; raw VBI waveform L23; intervening tape row; picture follows; outer-edge test L259/L260/L261=0.062/0.048/0.007; direct edge candidate=L260; body edge positions=23/713; magnified raw rows resolve L260; row Y(mean/std) L24=20.373/2.208 L25=133.720/36.041 L26=132.623/38.721 L259=78.392/62.608 L260=24.644/17.489 L261=11.911/0.987 L262=11.202/0.728,260,288,522,523,525,cv_inspected,EP recording; raw rows L286-L287 are VBI-type; first picture row is L288; outer-edge test L521/L522/L523=0.053/0.046/0.013; direct edge candidate=L522; body edge positions=23/712; magnified raw rows resolve L522; row Y(mean/std) L287=25.170/40.852 L288=135.653/36.442 L289=133.031/38.887 L521=79.641/64.232 L522=78.612/63.166 L523=11.838/0.913 L525=11.536/0.755,522,2,2
473,2383,26,259,260,262,cv_inspected,EP recording; raw VBI waveform L24; intervening tape row; picture follows; outer-edge test L259/L260/L261=0.115/0.041/0.047; direct edge candidate=L259; body edge positions=23/712; magnified raw rows resolve L259; row Y(mean/std) L25=20.011/2.193 L26=133.036/36.243 L27=132.266/38.295 L258=81.578/66.663 L259=80.853/65.790 L260=79.673/63.640 L262=11.872/0.923,259,288,522,523,525,cv_inspected,EP recording; raw rows L286-L287 are VBI-type; first picture row is L288; outer-edge test L521/L522/L523=0.053/0.033/0.007; direct edge candidate=L522; body edge positions=23/712; magnified raw rows resolve L522; row Y(mean/std) L287=25.697/40.333 L288=136.356/36.269 L289=133.347/38.781 L521=79.211/64.000 L522=78.091/61.814 L523=12.384/1.009 L525=11.673/0.755,522,3,2
474,2384,25,260,261,262,cv_inspected,EP recording; raw VBI waveform L23; intervening tape row; picture follows; outer-edge test L259/L260/L261=0.041/0.034/0.007; direct edge candidate=L260; body edge positions=23/712; magnified raw rows resolve L260; row Y(mean/std) L24=19.723/2.002 L25=131.203/35.584 L26=130.569/38.473 L259=80.209/63.226 L260=26.909/19.755 L261=12.312/0.979 L262=11.694/0.735,260,288,522,523,525,cv_inspected,EP recording; raw rows L286-L287 are VBI-type; first picture row is L288; outer-edge test L521/L522/L523=0.033/0.053/0.013; direct edge candidate=L522; body edge positions=23/712; magnified raw rows resolve L522; row Y(mean/std) L287=26.622/41.180 L288=136.119/36.833 L289=133.606/38.724 L521=79.078/63.227 L522=77.273/61.693 L523=12.231/0.970 L525=11.664/0.755,522,2,2
475,2385,25,260,261,262,cv_inspected,EP recording; raw VBI waveform L23; intervening tape row; picture follows; outer-edge test L259/L260/L261=0.027/0.047/0.007; direct edge candidate=L260; body edge positions=23/712; magnified raw rows resolve L260; row Y(mean/std) L24=17.995/2.093 L25=130.328/35.742 L26=130.045/38.536 L259=78.627/60.830 L260=26.955/19.974 L261=12.322/0.935 L262=11.562/0.798,260,288,522,523,525,cv_inspected,EP recording; raw rows L286-L287 are VBI-type; first picture row is L288; outer-edge test L521/L522/L523=0.072/0.046/0.007; direct edge candidate=L522; body edge positions=23/712; magnified raw rows resolve L522; row Y(mean/std) L287=24.608/40.475 L288=134.967/37.386 L289=133.002/39.466 L521=77.186/60.735 L522=73.811/58.002 L523=12.350/1.024 L525=11.581/0.746,522,2,2
476,2386,25,260,261,262,cv_inspected,EP recording; raw VBI waveform L23; intervening tape row; picture follows; outer-edge test L259/L260/L261=0.055/0.034/0.007; direct edge candidate=L260; body edge positions=23/713; magnified raw rows resolve L260; row Y(mean/std) L24=20.962/2.309 L25=131.934/36.447 L26=131.144/39.560 L259=72.372/56.254 L260=26.730/19.667 L261=12.272/0.938 L262=11.531/0.739,260,288,522,523,525,cv_inspected,EP recording; raw rows L286-L287 are VBI-type; first picture row is L288; outer-edge test L521/L522/L523=0.046/0.059/0.007; direct edge candidate=L522; body edge positions=23/712; magnified raw rows resolve L522; row Y(mean/std) L287=26.256/40.836 L288=134.709/36.988 L289=132.747/39.958 L521=68.080/52.536 L522=63.584/45.530 L523=12.502/0.959 L525=11.741/0.753,522,2,2
477,2387,26,260,261,262,cv_inspected,EP recording; raw VBI waveform L24; intervening tape row; picture follows; outer-edge test L259/L260/L261=0.034/0.047/0.054; direct edge candidate=L260; body edge positions=23/712; magnified raw rows resolve L260; row Y(mean/std) L25=19.702/2.453 L26=131.153/36.943 L27=130.745/39.975 L259=62.098/43.220 L260=55.639/25.910 L261=27.323/19.278 L262=12.606/0.926,260,288,522,523,525,cv_inspected,EP recording; raw rows L286-L287 are VBI-type; first picture row is L288; outer-edge test L521/L522/L523=0.046/0.059/0.007; direct edge candidate=L522; body edge positions=23/712; magnified raw rows resolve L522; row Y(mean/std) L287=31.055/45.360 L288=134.923/37.805 L289=131.930/41.098 L521=51.061/18.658 L522=48.505/16.761 L523=12.577/1.011 L525=11.791/0.725,522,3,2
478,2388,25,260,261,262,cv_inspected,EP recording; raw VBI waveform L23; intervening tape row; picture follows; outer-edge test L259/L260/L261=0.041/0.041/0.021; direct edge candidate=L260; body edge positions=23/712; magnified raw rows resolve L260; row Y(mean/std) L24=19.453/2.281 L25=132.267/37.527 L26=130.216/40.602 L259=49.567/15.445 L260=25.823/18.129 L261=12.791/0.997 L262=12.095/0.724,260,288,522,523,525,cv_inspected,EP recording; raw rows L286-L287 are VBI-type; first picture row is L288; outer-edge test L521/L522/L523=0.040/0.053/0.007; direct edge candidate=L522; body edge positions=23/712; magnified raw rows resolve L522; row Y(mean/std) L287=21.409/34.388 L288=134.484/37.823 L289=132.037/41.187 L521=49.908/15.400 L522=46.767/13.303 L523=12.722/0.921 L525=12.094/0.718,522,2,2
479,2389,25,260,261,262,cv_inspected,EP recording; raw VBI waveform L23; intervening tape row; picture follows; outer-edge test L259/L260/L261=0.075/0.055/0.007; direct edge candidate=L260; body edge positions=23/712; magnified raw rows resolve L260; row Y(mean/std) L24=19.991/2.011 L25=132.502/37.443 L26=130.887/40.252 L259=47.064/13.863 L260=25.306/17.394 L261=12.656/0.972 L262=11.658/0.692,260,288,522,523,525,cv_inspected,EP recording; raw rows L286-L287 are VBI-type; first picture row is L288; outer-edge test L521/L522/L523=0.059/0.078/0.013; direct edge candidate=L522; body edge positions=23/712; magnified raw rows resolve L522; row Y(mean/std) L287=26.330/40.467 L288=134.714/37.216 L289=132.053/41.972 L521=47.794/13.958 L522=45.575/13.242 L523=12.566/0.883 L525=12.019/0.737,522,2,2
480,2390,25,260,261,262,cv_inspected,EP recording; raw VBI waveform L23; intervening tape row; picture follows; outer-edge test L259/L260/L261=0.049/0.049/0.014; direct edge candidate=L260; body edge positions=23/712; magnified raw rows resolve L260; row Y(mean/std) L24=20.761/2.226 L25=132.697/37.869 L26=131.398/40.568 L259=45.655/13.627 L260=24.975/17.382 L261=12.244/0.917 L262=11.722/0.753,260,288,522,523,525,cv_inspected,EP recording; raw rows L286-L287 are VBI-type; first picture row is L288; outer-edge test L521/L522/L523=0.052/0.071/0.006; direct edge candidate=L522; body edge positions=23/712; magnified raw rows resolve L522; row Y(mean/std) L287=26.250/40.870 L288=135.787/38.104 L289=133.428/40.771 L521=47.802/12.990 L522=46.052/13.760 L523=12.681/0.969 L525=11.977/0.681,522,2,2
481,2391,26,259,260,262,cv_inspected,EP recording; raw VBI waveform L24; intervening tape row; picture follows; outer-edge test L259/L260/L261=0.034/0.027/0.041; direct edge candidate=L259; body edge positions=23/712; magnified raw rows resolve L259; row Y(mean/std) L25=21.423/2.380 L26=134.353/37.768 L27=133.233/40.725 L258=49.969/14.857 L259=47.737/14.368 L260=45.948/13.776 L262=12.556/0.907,259,288,522,523,525,cv_inspected,EP recording; raw rows L286-L287 are VBI-type; first picture row is L288; outer-edge test L521/L522/L523=0.033/0.052/0.007; direct edge candidate=L522; body edge positions=23/712; magnified raw rows resolve L522; row Y(mean/std) L287=26.406/40.781 L288=137.170/37.986 L289=134.517/40.264 L521=47.416/13.230 L522=46.333/13.817 L523=12.464/0.874 L525=11.791/0.716,522,3,2
482,2392,25,260,261,262,cv_inspected,EP recording; raw VBI waveform L23; intervening tape row; picture follows; outer-edge test L259/L260/L261=0.048/0.041/0.007; direct edge candidate=L260; body edge positions=23/712; magnified raw rows resolve L260; row Y(mean/std) L24=21.142/2.391 L25=134.322/37.552 L26=132.912/40.036 L259=45.978/14.802 L260=27.328/20.103 L261=12.430/0.931 L262=11.733/0.743,260,288,522,523,525,cv_inspected,EP recording; raw rows L286-L287 are VBI-type; first picture row is L288; outer-edge test L521/L522/L523=0.040/0.047/0.007; direct edge candidate=L522; body edge positions=23/712; magnified raw rows resolve L522; row Y(mean/std) L287=62.606/57.249 L288=138.775/40.193 L289=135.511/40.680 L521=46.694/13.764 L522=44.630/13.290 L523=12.525/0.860 L525=12.083/0.699,522,2,2
483,2393,25,260,261,262,cv_inspected,EP recording; raw VBI waveform L23; intervening tape row; picture follows; outer-edge test L259/L260/L261=0.041/0.062/0.007; direct edge candidate=L260; body edge positions=23/712; magnified raw rows resolve L260; row Y(mean/std) L24=19.731/2.801 L25=133.256/36.551 L26=132.797/39.926 L259=45.953/13.836 L260=26.253/18.378 L261=12.533/0.928 L262=12.033/0.701,260,288,522,523,525,cv_inspected,EP recording; raw rows L286-L287 are VBI-type; first picture row is L288; outer-edge test L521/L522/L523=0.039/0.033/0.013; direct edge candidate=L522; body edge positions=23/712; magnified raw rows resolve L522; row Y(mean/std) L287=66.603/57.354 L288=136.997/40.349 L289=134.325/40.550 L521=48.317/15.021 L522=46.523/14.626 L523=12.484/0.955 L525=12.127/0.686,522,2,2
484,2394,25,260,261,262,cv_inspected,EP recording; raw VBI waveform L23; intervening tape row; picture follows; outer-edge test L259/L260/L261=0.040/0.040/0.013; direct edge candidate=L260; body edge positions=23/713; magnified raw rows resolve L260; row Y(mean/std) L24=20.453/2.455 L25=134.847/36.872 L26=134.367/40.347 L259=47.155/13.698 L260=26.020/18.249 L261=12.627/0.950 L262=11.958/0.709,260,288,522,523,525,cv_inspected,EP recording; raw rows L286-L287 are VBI-type; first picture row is L288; outer-edge test L521/L522/L523=0.045/0.039/0.013; direct edge candidate=L522; body edge positions=23/712; magnified raw rows resolve L522; row Y(mean/std) L287=68.842/59.169 L288=138.880/40.501 L289=135.216/40.686 L521=48.055/13.656 L522=45.470/14.680 L523=12.588/0.856 L525=11.958/0.735,522,2,2
485,2395,26,259,260,262,cv_inspected,EP recording; raw VBI waveform L24; intervening tape row; picture follows; outer-edge test L259/L260/L261=0.054/0.047/0.054; direct edge candidate=L259; body edge positions=23/712; magnified raw rows resolve L259; row Y(mean/std) L25=19.311/2.816 L26=134.484/36.886 L27=133.991/40.166 L258=47.848/16.063 L259=48.761/14.356 L260=46.358/14.313 L262=12.550/0.929,259,288,522,523,525,cv_inspected,EP recording; raw rows L286-L287 are VBI-type; first picture row is L288; outer-edge test L521/L522/L523=0.046/0.039/0.013; direct edge candidate=L522; body edge positions=23/713; magnified raw rows resolve L522; row Y(mean/std) L287=71.661/58.266 L288=136.348/39.537 L289=133.783/40.646 L521=47.991/14.318 L522=46.355/14.202 L523=12.972/0.993 L525=11.952/0.737,522,3,2
486,2396,26,259,260,262,cv_inspected,EP recording; raw VBI waveform L24; intervening tape row; picture follows; outer-edge test L259/L260/L261=0.080/0.047/0.033; direct edge candidate=L259; body edge positions=23/712; magnified raw rows resolve L259; row Y(mean/std) L25=19.877/2.518 L26=135.083/37.194 L27=133.948/39.855 L258=48.888/15.384 L259=48.969/14.812 L260=47.481/14.295 L262=12.363/0.882,259,288,522,523,525,cv_inspected,EP recording; raw rows L286-L287 are VBI-type; first picture row is L288; outer-edge test L521/L522/L523=0.052/0.032/0.006; direct edge candidate=L522; body edge positions=23/712; magnified raw rows resolve L522; row Y(mean/std) L287=61.856/58.323 L288=137.158/39.465 L289=134.231/40.627 L521=47.678/14.779 L522=45.970/13.313 L523=12.755/0.830 L525=12.094/0.738,522,3,2
487,2397,26,259,260,262,cv_inspected,EP recording; raw VBI waveform L24; intervening tape row; picture follows; outer-edge test L259/L260/L261=0.040/0.034/0.067; direct edge candidate=L259; body edge positions=23/712; magnified raw rows resolve L259; row Y(mean/std) L25=19.272/2.278 L26=134.203/36.835 L27=133.630/39.856 L258=47.486/15.280 L259=47.786/14.039 L260=45.856/13.803 L262=11.941/0.928,259,288,522,523,525,cv_inspected,EP recording; raw rows L286-L287 are VBI-type; first picture row is L288; outer-edge test L521/L522/L523=0.045/0.039/0.006; direct edge candidate=L522; body edge positions=23/712; magnified raw rows resolve L522; row Y(mean/std) L287=61.938/58.828 L288=136.655/40.890 L289=133.723/40.759 L521=48.531/13.572 L522=46.650/14.533 L523=13.027/0.993 L525=12.339/0.780,522,3,2
488,2398,26,259,260,262,cv_inspected,EP recording; raw VBI waveform L24; intervening tape row; picture follows; outer-edge test L259/L260/L261=0.061/0.047/0.041; direct edge candidate=L259; body edge positions=23/712; magnified raw rows resolve L259; row Y(mean/std) L25=20.731/2.254 L26=134.705/37.516 L27=133.155/39.080 L258=48.175/15.573 L259=48.431/14.862 L260=46.888/14.314 L262=12.289/0.930,259,288,522,523,525,cv_inspected,EP recording; raw rows L286-L287 are VBI-type; first picture row is L288; outer-edge test L521/L522/L523=0.039/0.059/0.007; direct edge candidate=L522; body edge positions=23/712; magnified raw rows resolve L522; row Y(mean/std) L287=26.770/41.480 L288=137.223/37.805 L289=134.953/39.948 L521=47.706/13.947 L522=47.153/13.569 L523=12.242/0.860 L525=12.169/0.702,522,3,2
489,2399,26,259,260,262,cv_inspected,EP recording; raw VBI waveform L24; intervening tape row; picture follows; outer-edge test L259/L260/L261=0.053/0.040/0.033; direct edge candidate=L259; body edge positions=23/712; magnified raw rows resolve L259; row Y(mean/std) L25=20.655/2.019 L26=135.117/37.435 L27=133.812/39.274 L258=48.416/14.541 L259=47.923/14.078 L260=46.741/14.642 L262=12.723/0.900,259,288,522,523,525,cv_inspected,EP recording; raw rows L286-L287 are VBI-type; first picture row is L288; outer-edge test L521/L522/L523=0.053/0.046/0.007; direct edge candidate=L522; body edge positions=23/712; magnified raw rows resolve L522; row Y(mean/std) L287=32.408/44.976 L288=139.092/37.685 L289=135.383/39.770 L521=48.125/14.395 L522=46.731/14.403 L523=12.706/0.900 L525=12.022/0.768,522,3,2
490,2400,26,260,261,262,cv_inspected,EP recording; raw VBI waveform L24; intervening tape row; picture follows; outer-edge test L259/L260/L261=0.047/0.034/0.014; direct edge candidate=L260; body edge positions=23/712; magnified raw rows resolve L260; row Y(mean/std) L25=21.067/2.110 L26=136.430/36.989 L27=135.644/40.035 L259=48.894/14.883 L260=47.587/14.151 L261=26.972/19.790 L262=12.647/0.875,260,288,522,523,525,cv_inspected,EP recording; raw rows L286-L287 are VBI-type; first picture row is L288; outer-edge test L521/L522/L523=0.059/0.053/0.013; direct edge candidate=L522; body edge positions=23/713; magnified raw rows resolve L522; row Y(mean/std) L287=28.480/40.687 L288=140.016/37.277 L289=138.031/39.242 L521=47.714/14.885 L522=46.889/13.889 L523=13.045/0.948 L525=12.381/0.717,522,3,2
491,2401,26,259,260,262,cv_inspected,EP recording; raw VBI waveform L24; intervening tape row; picture follows; outer-edge test L259/L260/L261=0.054/0.027/0.034; direct edge candidate=L259; body edge positions=23/712; magnified raw rows resolve L259; row Y(mean/std) L25=22.006/2.207 L26=137.042/36.486 L27=136.495/40.059 L258=46.480/14.162 L259=47.583/15.740 L260=47.572/13.588 L262=13.023/0.883,259,288,521,522,525,cv_inspected,EP recording; raw rows L286-L287 are VBI-type; first picture row is L288; outer-edge test L521/L522/L523=0.066/0.033/0.007; direct edge candidate=L521; body edge positions=23/712; magnified raw rows resolve L521; row Y(mean/std) L287=33.094/45.552 L288=140.920/36.711 L289=137.559/39.870 L520=46.938/14.293 L521=47.958/13.954 L522=46.641/15.279 L525=12.458/0.701,521,3,2
492,2402,26,259,260,262,cv_inspected,EP recording; raw VBI waveform L24; intervening tape row; picture follows; outer-edge test L259/L260/L261=0.062/0.034/0.021; direct edge candidate=L259; body edge positions=23/712; magnified raw rows resolve L259; row Y(mean/std) L25=21.484/2.515 L26=137.020/36.826 L27=135.884/39.224 L258=46.255/14.115 L259=48.652/14.132 L260=48.480/13.994 L262=12.933/0.941,259,288,522,523,525,cv_inspected,EP recording; raw rows L286-L287 are VBI-type; first picture row is L288; outer-edge test L521/L522/L523=0.059/0.046/0.007; direct edge candidate=L522; body edge positions=23/712; magnified raw rows resolve L522; row Y(mean/std) L287=24.036/35.887 L288=140.852/36.201 L289=138.566/39.559 L521=46.664/15.023 L522=47.223/13.500 L523=12.514/0.859 L525=12.239/0.703,522,3,2
493,2403,26,259,260,262,cv_inspected,EP recording; raw VBI waveform L24; intervening tape row; picture follows; outer-edge test L259/L260/L261=0.042/0.042/0.048; direct edge candidate=L259; body edge positions=23/712; magnified raw rows resolve L259; row Y(mean/std) L25=21.177/2.227 L26=135.780/36.818 L27=135.988/38.694 L258=47.172/13.779 L259=48.169/14.611 L260=49.372/14.182 L262=12.997/0.954,259,288,522,523,525,cv_inspected,EP recording; raw rows L286-L287 are VBI-type; first picture row is L288; outer-edge test L521/L522/L523=0.032/0.045/0.006; direct edge candidate=L522; body edge positions=23/712; magnified raw rows resolve L522; row Y(mean/std) L287=22.845/35.553 L288=140.188/36.208 L289=139.352/39.190 L521=46.327/15.087 L522=47.617/13.889 L523=12.394/0.883 L525=11.942/0.723,522,3,2
494,2404,26,260,261,262,cv_inspected,EP recording; raw VBI waveform L24; intervening tape row; picture follows; outer-edge test L259/L260/L261=0.048/0.041/0.034; direct edge candidate=L260; body edge positions=23/712; magnified raw rows resolve L260; row Y(mean/std) L25=21.223/2.609 L26=135.973/37.239 L27=136.528/38.888 L259=48.656/13.852 L260=49.494/14.619 L261=26.602/18.891 L262=12.745/1.003,260,288,522,523,525,cv_inspected,EP recording; raw rows L286-L287 are VBI-type; first picture row is L288; outer-edge test L521/L522/L523=0.059/0.053/0.013; direct edge candidate=L522; body edge positions=23/712; magnified raw rows resolve L522; row Y(mean/std) L287=53.494/57.773 L288=140.881/39.109 L289=140.228/39.268 L521=49.120/14.595 L522=49.711/14.287 L523=12.812/0.866 L525=12.170/0.692,522,3,2
495,2405,26,259,260,262,cv_inspected,EP recording; raw VBI waveform L24; intervening tape row; picture follows; outer-edge test L259/L260/L261=0.041/0.041/0.047; direct edge candidate=L259; body edge positions=23/712; magnified raw rows resolve L259; row Y(mean/std) L25=20.947/2.162 L26=137.275/36.853 L27=137.156/38.570 L258=48.261/13.859 L259=49.944/15.140 L260=49.489/14.969 L262=12.698/0.921,259,288,522,523,525,cv_inspected,EP recording; raw rows L286-L287 are VBI-type; first picture row is L288; outer-edge test L521/L522/L523=0.065/0.058/0.000; direct edge candidate=L522; body edge positions=23/712; magnified raw rows resolve L522; row Y(mean/std) L287=55.030/59.184 L288=141.789/39.978 L289=140.377/40.232 L521=49.489/14.234 L522=49.866/14.301 L523=12.706/0.879 L525=12.397/0.668,522,3,2
496,2406,26,260,261,262,cv_inspected,EP recording; raw VBI waveform L24; intervening tape row; picture follows; outer-edge test L259/L260/L261=0.034/0.048/0.041; direct edge candidate=L260; body edge positions=23/712; magnified raw rows resolve L260; row Y(mean/std) L25=20.328/2.270 L26=137.409/36.895 L27=137.405/38.476 L259=49.686/13.789 L260=48.802/14.796 L261=26.369/18.985 L262=12.231/0.882,260,288,522,523,525,cv_inspected,EP recording; raw rows L286-L287 are VBI-type; first picture row is L288; outer-edge test L521/L522/L523=0.045/0.058/0.013; direct edge candidate=L522; body edge positions=23/712; magnified raw rows resolve L522; row Y(mean/std) L287=22.527/35.541 L288=139.347/37.543 L289=138.267/38.665 L521=49.359/13.308 L522=49.983/15.299 L523=12.613/0.850 L525=12.192/0.688,522,3,2
497,2407,26,260,261,262,cv_inspected,EP recording; raw VBI waveform L24; intervening tape row; picture follows; outer-edge test L259/L260/L261=0.027/0.041/0.034; direct edge candidate=L260; body edge positions=23/712; magnified raw rows resolve L260; row Y(mean/std) L25=20.939/2.319 L26=137.409/35.854 L27=137.125/39.175 L259=49.250/14.564 L260=50.336/14.929 L261=25.367/17.423 L262=12.320/0.901,260,288,522,523,525,cv_inspected,EP recording; raw rows L286-L287 are VBI-type; first picture row is L288; outer-edge test L521/L522/L523=0.053/0.066/0.007; direct edge candidate=L522; body edge positions=23/712; magnified raw rows resolve L522; row Y(mean/std) L287=27.314/41.679 L288=141.136/37.882 L289=139.922/38.710 L521=48.323/14.301 L522=48.430/15.211 L523=12.941/0.898 L525=12.158/0.730,522,3,2
498,2408,26,259,260,262,cv_inspected,EP recording; raw VBI waveform L24; intervening tape row; picture follows; outer-edge test L259/L260/L261=0.027/0.041/0.054; direct edge candidate=L259; body edge positions=23/712; magnified raw rows resolve L259; row Y(mean/std) L25=20.684/2.110 L26=137.064/36.614 L27=137.167/39.022 L258=48.375/13.329 L259=49.105/14.708 L260=50.217/15.126 L262=12.941/1.003,259,288,522,523,525,cv_inspected,EP recording; raw rows L286-L287 are VBI-type; first picture row is L288; outer-edge test L521/L522/L523=0.045/0.052/0.006; direct edge candidate=L522; body edge positions=23/712; magnified raw rows resolve L522; row Y(mean/std) L287=28.619/42.182 L288=141.795/37.477 L289=140.327/38.516 L521=49.305/14.152 L522=49.678/15.689 L523=12.822/0.932 L525=12.128/0.739,522,3,2
499,2409,26,259,260,262,cv_inspected,EP recording; raw VBI waveform L24; intervening tape row; picture follows; outer-edge test L259/L260/L261=0.034/0.034/0.048; direct edge candidate=L259; body edge positions=23/712; magnified raw rows resolve L259; row Y(mean/std) L25=22.266/2.243 L26=137.270/35.670 L27=137.912/39.173 L258=47.717/13.843 L259=49.234/15.330 L260=49.967/15.441 L262=12.519/0.925,259,288,522,523,525,cv_inspected,EP recording; raw rows L286-L287 are VBI-type; first picture row is L288; outer-edge test L521/L522/L523=0.039/0.071/0.013; direct edge candidate=L522; body edge positions=23/712; magnified raw rows resolve L522; row Y(mean/std) L287=28.308/41.966 L288=141.938/36.592 L289=140.319/38.893 L521=49.467/15.732 L522=50.416/16.091 L523=12.714/0.909 L525=12.019/0.716,522,3,2
500,2410,26,260,261,262,cv_inspected,EP recording; raw VBI waveform L24; intervening tape row; picture follows; outer-edge test L259/L260/L261=0.027/0.047/0.040; direct edge candidate=L260; body edge positions=23/712; magnified raw rows resolve L260; row Y(mean/std) L25=22.280/2.105 L26=138.834/35.562 L27=137.923/39.176 L259=49.122/15.463 L260=50.444/15.516 L261=25.720/18.041 L262=12.802/0.955,260,288,522,523,525,cv_inspected,EP recording; raw rows L286-L287 are VBI-type; first picture row is L288; outer-edge test L521/L522/L523=0.032/0.026/0.006; direct edge candidate=L522; body edge positions=23/712; magnified raw rows resolve L522; row Y(mean/std) L287=23.562/35.477 L288=142.450/37.073 L289=141.002/38.852 L521=49.491/15.476 L522=50.548/15.939 L523=12.466/0.911 L525=12.111/0.708,522,3,2
501,2411,26,259,260,262,cv_inspected,EP recording; raw VBI waveform L24; intervening tape row; picture follows; outer-edge test L259/L260/L261=0.027/0.048/0.068; direct edge candidate=L259; body edge positions=23/712; magnified raw rows resolve L259; row Y(mean/std) L25=21.369/2.298 L26=138.458/35.906 L27=138.219/39.264 L258=47.289/14.272 L259=48.586/14.833 L260=49.987/15.790 L262=12.722/0.942,259,288,522,523,525,cv_inspected,EP recording; raw rows L286-L287 are VBI-type; first picture row is L288; outer-edge test L521/L522/L523=0.045/0.045/0.013; direct edge candidate=L522; body edge positions=23/712; magnified raw rows resolve L522; row Y(mean/std) L287=27.591/42.192 L288=140.577/36.647 L289=140.061/39.215 L521=48.423/14.193 L522=49.361/15.880 L523=12.988/0.952 L525=12.281/0.717,522,3,2
502,2412,26,259,260,262,cv_inspected,EP recording; raw VBI waveform L24; intervening tape row; picture follows; outer-edge test L259/L260/L261=0.034/0.048/0.061; direct edge candidate=L259; body edge positions=23/712; magnified raw rows resolve L259; row Y(mean/std) L25=22.127/2.213 L26=138.912/35.474 L27=138.220/39.216 L258=47.356/14.418 L259=48.555/14.417 L260=50.462/15.669 L262=12.944/0.925,259,288,522,523,525,cv_inspected,EP recording; raw rows L286-L287 are VBI-type; first picture row is L288; outer-edge test L521/L522/L523=0.051/0.038/0.006; direct edge candidate=L522; body edge positions=23/713; magnified raw rows resolve L522; row Y(mean/std) L287=27.891/40.203 L288=142.769/35.005 L289=140.794/39.057 L521=48.778/14.921 L522=50.045/15.833 L523=12.989/0.921 L525=12.127/0.732,522,3,2
503,2413,26,259,260,262,cv_inspected,EP recording; raw VBI waveform L24; intervening tape row; picture follows; outer-edge test L259/L260/L261=0.041/0.034/0.054; direct edge candidate=L259; body edge positions=23/712; magnified raw rows resolve L259; row Y(mean/std) L25=21.620/2.034 L26=139.119/34.623 L27=138.325/39.000 L258=47.731/13.657 L259=48.380/14.315 L260=49.389/15.506 L262=12.714/0.948,259,288,522,523,525,cv_inspected,EP recording; raw rows L286-L287 are VBI-type; first picture row is L288; outer-edge test L521/L522/L523=0.045/0.045/0.013; direct edge candidate=L522; body edge positions=23/712; magnified raw rows resolve L522; row Y(mean/std) L287=27.617/41.654 L288=142.167/35.672 L289=139.992/38.665 L521=49.581/14.738 L522=50.333/16.032 L523=12.252/0.861 L525=12.123/0.702,522,3,2
504,2414,26,260,261,262,cv_inspected,EP recording; raw VBI waveform L24; intervening tape row; picture follows; outer-edge test L259/L260/L261=0.041/0.048/0.034; direct edge candidate=L260; body edge positions=23/713; magnified raw rows resolve L260; row Y(mean/std) L25=22.620/2.336 L26=139.350/34.315 L27=137.705/38.560 L259=48.800/14.123 L260=50.189/15.703 L261=24.939/17.128 L262=12.878/0.905,260,288,522,523,525,cv_inspected,EP recording; raw rows L286-L287 are VBI-type; first picture row is L288; outer-edge test L521/L522/L523=0.033/0.046/0.007; direct edge candidate=L522; body edge positions=23/712; magnified raw rows resolve L522; row Y(mean/std) L287=28.641/41.755 L288=143.927/35.430 L289=141.523/39.738 L521=49.192/14.430 L522=49.800/15.586 L523=12.617/0.869 L525=12.277/0.687,522,3,2
505,2415,26,259,260,262,cv_inspected,EP recording; raw VBI waveform L24; intervening tape row; picture follows; outer-edge test L259/L260/L261=0.048/0.041/0.041; direct edge candidate=L259; body edge positions=23/712; magnified raw rows resolve L259; row Y(mean/std) L25=21.150/2.139 L26=139.363/34.310 L27=137.091/38.738 L258=48.242/12.788 L259=48.906/13.836 L260=50.505/14.885 L262=12.727/0.977,259,288,522,523,525,cv_inspected,EP recording; raw rows L286-L287 are VBI-type; first picture row is L288; outer-edge test L521/L522/L523=0.045/0.045/0.013; direct edge candidate=L522; body edge positions=23/713; magnified raw rows resolve L522; row Y(mean/std) L287=28.292/41.461 L288=143.412/35.520 L289=140.530/39.142 L521=48.317/14.260 L522=50.409/14.569 L523=13.089/0.866 L525=12.591/0.719,522,3,2
506,2416,26,259,260,262,cv_inspected,EP recording; raw VBI waveform L24; intervening tape row; picture follows; outer-edge test L259/L260/L261=0.027/0.034/0.054; direct edge candidate=L259; body edge positions=23/712; magnified raw rows resolve L259; row Y(mean/std) L25=22.300/2.044 L26=140.316/33.391 L27=138.594/38.930 L258=48.286/12.537 L259=49.061/13.802 L260=50.358/14.610 L262=12.719/0.896,259,288,522,523,525,cv_inspected,EP recording; raw rows L286-L287 are VBI-type; first picture row is L288; outer-edge test L521/L522/L523=0.032/0.039/0.006; direct edge candidate=L522; body edge positions=23/713; magnified raw rows resolve L522; row Y(mean/std) L287=27.461/41.298 L288=142.022/35.289 L289=139.984/38.167 L521=48.930/13.380 L522=50.194/13.903 L523=12.556/0.855 L525=12.052/0.730,522,3,2
507,2417,26,260,261,262,cv_inspected,EP recording; raw VBI waveform L24; intervening tape row; picture follows; outer-edge test L259/L260/L261=0.041/0.048/0.048; direct edge candidate=L260; body edge positions=23/712; magnified raw rows resolve L260; row Y(mean/std) L25=21.777/2.375 L26=138.828/34.266 L27=137.228/38.521 L259=49.773/12.926 L260=50.998/14.679 L261=25.311/17.484 L262=12.772/0.917,260,288,522,523,525,cv_inspected,EP recording; raw rows L286-L287 are VBI-type; first picture row is L288; outer-edge test L521/L522/L523=0.039/0.039/0.006; direct edge candidate=L522; body edge positions=23/712; magnified raw rows resolve L522; row Y(mean/std) L287=33.047/45.426 L288=142.547/35.446 L289=139.497/39.311 L521=48.423/12.982 L522=49.381/15.070 L523=12.366/0.865 L525=12.222/0.723,522,3,2
508,2418,26,260,261,262,cv_inspected,EP recording; raw VBI waveform L24; intervening tape row; picture follows; outer-edge test L259/L260/L261=0.034/0.041/0.048; direct edge candidate=L260; body edge positions=23/712; magnified raw rows resolve L260; row Y(mean/std) L25=20.587/1.924 L26=138.366/33.763 L27=137.284/38.891 L259=48.867/13.606 L260=50.114/13.440 L261=25.528/17.868 L262=12.875/0.945,260,288,522,523,525,cv_inspected,EP recording; raw rows L286-L287 are VBI-type; first picture row is L288; outer-edge test L521/L522/L523=0.033/0.046/0.007; direct edge candidate=L522; body edge positions=23/712; magnified raw rows resolve L522; row Y(mean/std) L287=22.297/35.444 L288=141.863/34.789 L289=139.175/38.490 L521=49.400/13.405 L522=50.575/14.278 L523=13.092/0.989 L525=12.353/0.647,522,3,2
509,2419,26,259,260,262,cv_inspected,EP recording; raw VBI waveform L24; intervening tape row; picture follows; outer-edge test L259/L260/L261=0.034/0.048/0.062; direct edge candidate=L259; body edge positions=23/712; magnified raw rows resolve L259; row Y(mean/std) L25=21.619/2.139 L26=139.287/33.163 L27=137.867/38.991 L258=48.422/11.974 L259=48.883/13.192 L260=50.050/13.731 L262=12.894/0.841,259,288,522,523,525,cv_inspected,EP recording; raw rows L286-L287 are VBI-type; first picture row is L288; outer-edge test L521/L522/L523=0.033/0.033/0.007; direct edge candidate=L522; body edge positions=23/713; magnified raw rows resolve L522; row Y(mean/std) L287=27.173/40.662 L288=142.902/35.514 L289=140.283/38.961 L521=49.739/14.122 L522=50.220/16.516 L523=13.119/0.885 L525=12.317/0.706,522,3,2
510,2420,26,259,260,262,cv_inspected,EP recording; raw VBI waveform L24; intervening tape row; picture follows; outer-edge test L259/L260/L261=0.041/0.034/0.034; direct edge candidate=L259; body edge positions=23/712; magnified raw rows resolve L259; row Y(mean/std) L25=21.473/2.458 L26=139.989/33.365 L27=138.442/38.442 L258=48.413/12.691 L259=48.519/13.935 L260=51.997/17.182 L262=13.034/0.858,259,288,522,523,525,cv_inspected,EP recording; raw rows L286-L287 are VBI-type; first picture row is L288; outer-edge test L521/L522/L523=0.039/0.026/0.000; direct edge candidate=L522; body edge positions=23/712; magnified raw rows resolve L522; row Y(mean/std) L287=27.292/41.526 L288=141.975/35.034 L289=139.453/39.080 L521=50.561/16.935 L522=53.430/19.466 L523=13.114/0.907 L525=12.434/0.682,522,3,2
511,2421,26,259,260,262,cv_inspected,EP recording; raw VBI waveform L24; intervening tape row; picture follows; outer-edge test L259/L260/L261=0.041/0.041/0.048; direct edge candidate=L259; body edge positions=23/712; magnified raw rows resolve L259; row Y(mean/std) L25=20.289/2.422 L26=140.025/33.110 L27=138.037/38.297 L258=49.595/14.481 L259=50.794/16.810 L260=53.997/19.928 L262=12.864/0.845,259,288,522,523,525,cv_inspected,EP recording; raw rows L286-L287 are VBI-type; first picture row is L288; outer-edge test L521/L522/L523=0.032/0.038/0.006; direct edge candidate=L522; body edge positions=23/713; magnified raw rows resolve L522; row Y(mean/std) L287=27.436/42.163 L288=142.453/34.371 L289=139.469/38.942 L521=51.627/20.433 L522=53.300/20.848 L523=12.484/0.905 L525=12.236/0.706,522,3,2
512,2422,26,260,261,262,cv_inspected,EP recording; raw VBI waveform L24; intervening tape row; picture follows; outer-edge test L259/L260/L261=0.034/0.041/0.041; direct edge candidate=L260; body edge positions=23/713; magnified raw rows resolve L260; row Y(mean/std) L25=20.762/2.433 L26=138.242/33.077 L27=136.688/38.067 L259=51.019/17.285 L260=53.837/19.808 L261=25.420/17.642 L262=12.506/0.855,260,288,522,523,525,cv_inspected,EP recording; raw rows L286-L287 are VBI-type; first picture row is L288; outer-edge test L521/L522/L523=0.039/0.039/0.006; direct edge candidate=L522; body edge positions=23/712; magnified raw rows resolve L522; row Y(mean/std) L287=63.934/59.711 L288=143.150/36.475 L289=139.669/39.751 L521=51.866/19.075 L522=53.559/20.894 L523=13.059/0.930 L525=12.167/0.646,522,3,2
513,2423,26,260,261,262,cv_inspected,EP recording; raw VBI waveform L24; intervening tape row; picture follows; outer-edge test L259/L260/L261=0.034/0.041/0.041; direct edge candidate=L260; body edge positions=23/713; magnified raw rows resolve L260; row Y(mean/std) L25=20.480/2.638 L26=139.097/33.258 L27=137.648/37.214 L259=51.036/17.927 L260=53.678/21.129 L261=25.991/17.701 L262=12.827/0.864,260,288,522,523,525,cv_inspected,EP recording; raw rows L286-L287 are VBI-type; first picture row is L288; outer-edge test L521/L522/L523=0.032/0.039/0.006; direct edge candidate=L522; body edge positions=23/712; magnified raw rows resolve L522; row Y(mean/std) L287=68.334/58.783 L288=143.147/37.265 L289=139.628/39.743 L521=52.125/18.817 L522=54.284/21.056 L523=12.569/0.931 L525=12.052/0.735,522,3,2
514,2424,25,260,261,262,cv_inspected,EP recording; raw VBI waveform L23; intervening tape row; picture follows; outer-edge test L259/L260/L261=0.040/0.060/0.007; direct edge candidate=L260; body edge positions=23/712; magnified raw rows resolve L260; row Y(mean/std) L24=19.909/2.458 L25=139.625/33.718 L26=138.120/38.097 L259=54.575/20.470 L260=25.209/16.991 L261=12.827/1.000 L262=12.172/0.702,260,288,522,523,525,cv_inspected,EP recording; raw rows L286-L287 are VBI-type; first picture row is L288; outer-edge test L521/L522/L523=0.039/0.052/0.006; direct edge candidate=L522; body edge positions=23/713; magnified raw rows resolve L522; row Y(mean/std) L287=68.359/58.914 L288=142.231/36.788 L289=139.036/39.706 L521=51.958/19.804 L522=53.288/20.944 L523=12.586/0.862 L525=12.214/0.668,522,2,2
515,2425,26,259,260,262,cv_inspected,EP recording; raw VBI waveform L24; intervening tape row; picture follows; outer-edge test L259/L260/L261=0.041/0.027/0.041; direct edge candidate=L259; body edge positions=23/712; magnified raw rows resolve L259; row Y(mean/std) L25=19.220/2.198 L26=137.272/33.954 L27=135.741/38.023 L258=50.780/21.605 L259=52.066/19.452 L260=54.222/20.288 L262=12.711/0.942,259,288,522,523,525,cv_inspected,EP recording; raw rows L286-L287 are VBI-type; first picture row is L288; outer-edge test L521/L522/L523=0.032/0.039/0.006; direct edge candidate=L522; body edge positions=23/712; magnified raw rows resolve L522; row Y(mean/std) L287=73.447/59.252 L288=141.884/38.327 L289=138.903/39.165 L521=52.425/22.037 L522=53.550/21.232 L523=12.691/0.928 L525=11.941/0.733,522,3,2
516,2426,26,259,260,262,cv_inspected,EP recording; raw VBI waveform L24; intervening tape row; picture follows; outer-edge test L259/L260/L261=0.055/0.041/0.048; direct edge candidate=L259; body edge positions=23/713; magnified raw rows resolve L259; row Y(mean/std) L25=19.158/2.396 L26=137.256/34.735 L27=136.494/38.603 L258=50.073/21.523 L259=52.587/21.305 L260=53.678/22.058 L262=12.633/0.941,259,288,522,523,525,cv_inspected,EP recording; raw rows L286-L287 are VBI-type; first picture row is L288; outer-edge test L521/L522/L523=0.039/0.058/0.013; direct edge candidate=L522; body edge positions=23/712; magnified raw rows resolve L522; row Y(mean/std) L287=62.839/59.626 L288=140.252/38.857 L289=139.338/39.928 L521=54.497/21.977 L522=55.491/22.117 L523=12.598/0.918 L525=12.037/0.697,522,3,2
517,2427,26,259,260,262,cv_inspected,EP recording; raw VBI waveform L24; intervening tape row; picture follows; outer-edge test L259/L260/L261=0.027/0.034/0.048; direct edge candidate=L259; body edge positions=23/712; magnified raw rows resolve L259; row Y(mean/std) L25=19.808/2.277 L26=136.836/35.010 L27=136.305/38.512 L258=50.664/21.601 L259=54.311/23.530 L260=56.136/22.821 L262=12.887/1.009,259,288,522,523,525,cv_inspected,EP recording; raw rows L286-L287 are VBI-type; first picture row is L288; outer-edge test L521/L522/L523=0.039/0.045/0.006; direct edge candidate=L522; body edge positions=23/712; magnified raw rows resolve L522; row Y(mean/std) L287=63.023/59.347 L288=140.170/38.472 L289=138.867/39.385 L521=56.373/23.819 L522=56.191/22.329 L523=12.948/0.915 L525=12.172/0.699,522,3,2
518,2428,26,259,260,262,cv_inspected,EP recording; raw VBI waveform L24; intervening tape row; picture follows; outer-edge test L259/L260/L261=0.034/0.034/0.061; direct edge candidate=L259; body edge positions=23/713; magnified raw rows resolve L259; row Y(mean/std) L25=22.027/2.035 L26=138.036/35.135 L27=138.680/39.246 L258=51.631/20.656 L259=53.934/22.256 L260=55.534/21.309 L262=13.162/1.032,259,288,522,523,525,cv_inspected,EP recording; raw rows L286-L287 are VBI-type; first picture row is L288; outer-edge test L521/L522/L523=0.032/0.039/0.013; direct edge candidate=L522; body edge positions=23/713; magnified raw rows resolve L522; row Y(mean/std) L287=27.994/40.992 L288=140.531/36.536 L289=139.769/38.723 L521=52.587/20.178 L522=52.756/20.945 L523=12.933/0.919 L525=12.352/0.735,522,3,2
519,2429,26,259,260,262,cv_inspected,EP recording; raw VBI waveform L24; intervening tape row; picture follows; outer-edge test L259/L260/L261=0.028/0.034/0.062; direct edge candidate=L259; body edge positions=23/712; magnified raw rows resolve L259; row Y(mean/std) L25=21.456/1.985 L26=137.417/34.745 L27=136.541/39.187 L258=49.494/15.760 L259=52.403/19.661 L260=53.677/20.124 L262=12.605/0.930,259,288,522,523,525,cv_inspected,EP recording; raw rows L286-L287 are VBI-type; first picture row is L288; outer-edge test L521/L522/L523=0.039/0.039/0.000; direct edge candidate=L522; body edge positions=23/713; magnified raw rows resolve L522; row Y(mean/std) L287=32.956/45.015 L288=141.223/36.309 L289=139.637/39.230 L521=52.655/20.021 L522=53.342/20.414 L523=13.142/0.965 L525=12.627/0.840,522,3,2
520,2430,26,259,260,262,cv_inspected,EP recording; raw VBI waveform L24; intervening tape row; picture follows; outer-edge test L259/L260/L261=0.027/0.034/0.048; direct edge candidate=L259; body edge positions=23/713; magnified raw rows resolve L259; row Y(mean/std) L25=20.989/2.401 L26=138.959/35.182 L27=137.331/39.100 L258=49.894/18.269 L259=51.666/17.669 L260=52.028/20.242 L262=12.895/1.050,259,288,522,523,525,cv_inspected,EP recording; raw rows L286-L287 are VBI-type; first picture row is L288; outer-edge test L521/L522/L523=0.046/0.039/0.007; direct edge candidate=L522; body edge positions=23/713; magnified raw rows resolve L522; row Y(mean/std) L287=29.252/42.044 L288=141.250/34.962 L289=139.312/39.163 L521=52.067/21.067 L522=51.722/19.715 L523=12.267/0.897 L525=12.402/0.758,522,3,2
521,2431,26,259,260,262,cv_inspected,EP recording; raw VBI waveform L24; intervening tape row; picture follows; outer-edge test L259/L260/L261=0.042/0.035/0.042; direct edge candidate=L259; body edge positions=23/712; magnified raw rows resolve L259; row Y(mean/std) L25=20.773/2.355 L26=138.006/34.521 L27=137.173/38.864 L258=51.286/18.185 L259=52.631/19.979 L260=53.341/19.831 L262=12.747/1.075,259,288,522,523,525,cv_inspected,EP recording; raw rows L286-L287 are VBI-type; first picture row is L288; outer-edge test L521/L522/L523=0.032/0.032/0.013; direct edge candidate=L522; body edge positions=23/713; magnified raw rows resolve L522; row Y(mean/std) L287=33.231/45.394 L288=142.155/35.371 L289=139.516/39.600 L521=50.597/20.850 L522=51.719/19.595 L523=12.389/0.898 L525=11.966/0.743,522,3,2
522,2432,25,260,261,262,cv_inspected,EP recording; raw VBI waveform L23; intervening tape row; picture follows; outer-edge test L259/L260/L261=0.041/0.034/0.014; direct edge candidate=L260; body edge positions=23/713; magnified raw rows resolve L260; row Y(mean/std) L24=20.125/2.499 L25=138.241/34.691 L26=136.822/37.560 L259=52.891/20.111 L260=27.898/20.289 L261=12.747/0.890 L262=12.248/0.718,260,288,522,523,525,cv_inspected,EP recording; raw rows L286-L287 are VBI-type; first picture row is L288; outer-edge test L521/L522/L523=0.052/0.052/0.020; direct edge candidate=L522; body edge positions=23/713; magnified raw rows resolve L522; row Y(mean/std) L287=23.292/35.067 L288=142.911/34.758 L289=141.312/39.555 L521=51.536/19.821 L522=51.106/19.055 L523=12.378/0.916 L525=11.931/0.736,522,2,2
523,2433,26,260,261,262,cv_inspected,EP recording; raw VBI waveform L24; intervening tape row; picture follows; outer-edge test L259/L260/L261=0.027/0.040/0.047; direct edge candidate=L260; body edge positions=23/712; magnified raw rows resolve L260; row Y(mean/std) L25=19.823/2.442 L26=139.131/33.971 L27=138.092/37.013 L259=52.850/19.933 L260=52.845/19.485 L261=25.681/18.048 L262=12.456/0.929,260,288,522,523,525,cv_inspected,EP recording; raw rows L286-L287 are VBI-type; first picture row is L288; outer-edge test L521/L522/L523=0.033/0.039/0.020; direct edge candidate=L522; body edge positions=23/713; magnified raw rows resolve L522; row Y(mean/std) L287=24.041/35.332 L288=143.203/33.693 L289=141.603/37.924 L521=51.616/20.217 L522=51.256/19.277 L523=12.534/0.897 L525=12.072/0.749,522,3,2
524,2434,26,259,260,262,cv_inspected,EP recording; raw VBI waveform L24; intervening tape row; picture follows; outer-edge test L259/L260/L261=0.020/0.027/0.047; direct edge candidate=L259; body edge positions=23/712; magnified raw rows resolve L259; row Y(mean/std) L25=19.712/2.270 L26=137.708/33.973 L27=137.114/37.130 L258=50.730/19.133 L259=51.350/20.620 L260=51.408/19.814 L262=12.597/0.962,259,288,522,523,525,cv_inspected,EP recording; raw rows L286-L287 are VBI-type; first picture row is L288; outer-edge test L521/L522/L523=0.045/0.039/0.006; direct edge candidate=L522; body edge positions=23/713; magnified raw rows resolve L522; row Y(mean/std) L287=52.211/56.283 L288=140.567/36.958 L289=138.700/38.704 L521=51.150/20.228 L522=51.092/20.117 L523=12.067/1.003 L525=11.816/0.767,522,3,2
525,2435,25,260,261,262,cv_inspected,EP recording; raw VBI waveform L23; intervening tape row; picture follows; outer-edge test L259/L260/L261=0.034/0.055/0.007; direct edge candidate=L260; body edge positions=23/712; magnified raw rows resolve L260; row Y(mean/std) L24=19.081/2.354 L25=138.359/33.918 L26=137.105/36.974 L259=52.141/20.310 L260=27.677/19.652 L261=12.841/0.899 L262=12.055/0.751,260,288,522,523,525,cv_inspected,EP recording; raw rows L286-L287 are VBI-type; first picture row is L288; outer-edge test L521/L522/L523=0.051/0.057/0.006; direct edge candidate=L522; body edge positions=23/712; magnified raw rows resolve L522; row Y(mean/std) L287=58.383/59.050 L288=140.988/37.327 L289=139.412/39.311 L521=51.302/19.329 L522=51.742/19.280 L523=12.694/0.935 L525=11.905/0.730,522,2,2
526,2436,25,260,261,262,cv_inspected,EP recording; raw VBI waveform L23; intervening tape row; picture follows; outer-edge test L259/L260/L261=0.041/0.041/0.007; direct edge candidate=L260; body edge positions=23/712; magnified raw rows resolve L260; row Y(mean/std) L24=19.983/2.428 L25=138.675/34.784 L26=137.278/37.758 L259=50.283/18.729 L260=26.153/19.066 L261=12.823/0.985 L262=11.797/0.780,260,288,522,523,525,cv_inspected,EP recording; raw rows L286-L287 are VBI-type; first picture row is L288; outer-edge test L521/L522/L523=0.045/0.057/0.013; direct edge candidate=L522; body edge positions=23/713; magnified raw rows resolve L522; row Y(mean/std) L287=22.570/35.581 L288=140.686/34.843 L289=137.959/39.070 L521=50.436/17.341 L522=49.789/17.316 L523=12.894/0.936 L525=11.841/0.739,522,2,2
527,2437,26,260,261,262,cv_inspected,EP recording; raw VBI waveform L24; intervening tape row; picture follows; outer-edge test L259/L260/L261=0.027/0.054/0.048; direct edge candidate=L260; body edge positions=23/713; magnified raw rows resolve L260; row Y(mean/std) L25=20.883/2.187 L26=137.822/34.709 L27=137.086/38.426 L259=50.758/18.272 L260=50.473/17.100 L261=26.188/18.856 L262=12.869/0.921,260,288,522,523,525,cv_inspected,EP recording; raw rows L286-L287 are VBI-type; first picture row is L288; outer-edge test L521/L522/L523=0.051/0.051/0.013; direct edge candidate=L522; body edge positions=23/713; magnified raw rows resolve L522; row Y(mean/std) L287=27.273/40.942 L288=140.933/36.636 L289=138.164/39.396 L521=49.138/16.164 L522=48.642/15.505 L523=12.716/0.932 L525=11.795/0.723,522,3,2
528,2438,26,259,260,262,cv_inspected,EP recording; raw VBI waveform L24; intervening tape row; picture follows; outer-edge test L259/L260/L261=0.054/0.054/0.088; direct edge candidate=L259; body edge positions=23/712; magnified raw rows resolve L259; row Y(mean/std) L25=19.870/2.499 L26=137.005/35.334 L27=136.016/38.376 L258=51.278/18.679 L259=50.970/17.306 L260=50.102/16.261 L262=12.198/0.934,259,288,522,523,525,cv_inspected,EP recording; raw rows L286-L287 are VBI-type; first picture row is L288; outer-edge test L521/L522/L523=0.051/0.051/0.006; direct edge candidate=L522; body edge positions=23/713; magnified raw rows resolve L522; row Y(mean/std) L287=27.061/41.272 L288=142.278/35.480 L289=138.894/39.387 L521=49.792/16.305 L522=49.592/15.047 L523=12.466/0.925 L525=11.506/0.722,522,3,2
529,2439,26,260,261,262,cv_inspected,EP recording; raw VBI waveform L24; intervening tape row; picture follows; outer-edge test L259/L260/L261=0.047/0.054/0.034; direct edge candidate=L260; body edge positions=23/712; magnified raw rows resolve L260; row Y(mean/std) L25=20.623/2.116 L26=137.577/34.546 L27=137.338/38.835 L259=50.280/16.836 L260=50.552/15.305 L261=25.603/19.133 L262=12.258/0.910,260,288,522,523,525,cv_inspected,EP recording; raw rows L286-L287 are VBI-type; first picture row is L288; outer-edge test L521/L522/L523=0.065/0.058/0.013; direct edge candidate=L522; body edge positions=23/712; magnified raw rows resolve L522; row Y(mean/std) L287=26.923/41.474 L288=141.302/36.258 L289=138.378/39.369 L521=48.623/15.732 L522=47.881/14.832 L523=12.423/0.896 L525=11.541/0.710,522,3,2
530,2440,26,259,260,262,cv_inspected,EP recording; raw VBI waveform L24; intervening tape row; picture follows; outer-edge test L259/L260/L261=0.054/0.054/0.109; direct edge candidate=L259; body edge positions=23/712; magnified raw rows resolve L259; row Y(mean/std) L25=19.652/2.188 L26=136.353/34.150 L27=136.091/38.610 L258=49.122/17.304 L259=49.103/16.201 L260=48.930/14.317 L262=12.356/0.953,259,288,522,523,525,cv_inspected,EP recording; raw rows L286-L287 are VBI-type; first picture row is L288; outer-edge test L521/L522/L523=0.045/0.045/0.013; direct edge candidate=L522; body edge positions=23/712; magnified raw rows resolve L522; row Y(mean/std) L287=21.767/35.762 L288=141.197/35.097 L289=138.494/38.818 L521=47.425/13.910 L522=47.758/15.143 L523=12.217/0.967 L525=11.802/0.739,522,3,2
531,2441,26,259,260,262,cv_inspected,EP recording; raw VBI waveform L24; intervening tape row; picture follows; outer-edge test L259/L260/L261=0.062/0.062/0.089; direct edge candidate=L259; body edge positions=23/712; magnified raw rows resolve L259; row Y(mean/std) L25=19.766/2.500 L26=137.280/34.326 L27=136.172/38.006 L258=48.142/16.014 L259=47.791/14.086 L260=48.497/14.260 L262=12.047/0.841,259,288,522,523,525,cv_inspected,EP recording; raw rows L286-L287 are VBI-type; first picture row is L288; outer-edge test L521/L522/L523=0.064/0.051/0.006; direct edge candidate=L522; body edge positions=23/712; magnified raw rows resolve L522; row Y(mean/std) L287=26.609/41.665 L288=139.802/34.267 L289=137.759/39.372 L521=47.434/14.011 L522=48.592/14.827 L523=12.206/0.933 L525=11.742/0.699,522,3,2
532,2442,26,260,261,262,cv_inspected,EP recording; raw VBI waveform L24; intervening tape row; picture follows; outer-edge test L259/L260/L261=0.061/0.068/0.041; direct edge candidate=L260; body edge positions=23/712; magnified raw rows resolve L260; row Y(mean/std) L25=19.920/2.070 L26=136.686/33.887 L27=135.688/37.572 L259=46.716/12.845 L260=48.331/14.826 L261=24.670/17.453 L262=12.230/0.920,260,288,522,523,525,cv_inspected,EP recording; raw rows L286-L287 are VBI-type; first picture row is L288; outer-edge test L521/L522/L523=0.058/0.052/0.000; direct edge candidate=L522; body edge positions=23/712; magnified raw rows resolve L522; row Y(mean/std) L287=26.070/41.188 L288=140.600/34.523 L289=137.069/38.533 L521=47.283/13.423 L522=48.483/15.684 L523=12.266/0.926 L525=11.370/0.679,522,3,2
533,2443,25,259,260,262,cv_inspected,EP recording; raw VBI waveform L23; intervening tape row; picture follows; outer-edge test L259/L260/L261=0.089/0.034/0.007; direct edge candidate=L259; body edge positions=23/712; magnified raw rows resolve L259; row Y(mean/std) L24=18.964/2.558 L25=135.002/34.722 L26=134.955/38.028 L258=48.381/13.205 L259=49.181/16.355 L260=25.978/18.871 L262=11.497/0.703,259,288,522,523,525,cv_inspected,EP recording; raw rows L286-L287 are VBI-type; first picture row is L288; outer-edge test L521/L522/L523=0.087/0.075/0.013; direct edge candidate=L522; body edge positions=23/712; magnified raw rows resolve L522; row Y(mean/std) L287=26.075/41.247 L288=139.600/35.762 L289=136.963/39.285 L521=48.362/14.712 L522=48.200/15.468 L523=12.681/0.959 L525=11.909/0.738,522,2,2
534,2444,26,259,260,262,cv_inspected,EP recording; raw VBI waveform L24; intervening tape row; picture follows; outer-edge test L259/L260/L261=0.074/0.054/0.074; direct edge candidate=L259; body edge positions=23/712; magnified raw rows resolve L259; row Y(mean/std) L25=18.511/2.344 L26=134.656/35.668 L27=133.183/38.575 L258=47.670/15.483 L259=48.194/14.239 L260=48.603/15.459 L262=12.088/0.938,259,288,522,523,525,cv_inspected,EP recording; raw rows L286-L287 are VBI-type; first picture row is L288; outer-edge test L521/L522/L523=0.070/0.089/0.006; direct edge candidate=L522; body edge positions=23/713; magnified raw rows resolve L522; row Y(mean/std) L287=25.817/40.978 L288=137.803/35.623 L289=135.402/39.795 L521=49.284/14.684 L522=48.528/15.652 L523=12.570/0.895 L525=11.798/0.721,522,3,2
535,2445,26,260,261,262,cv_inspected,EP recording; raw VBI waveform L24; intervening tape row; picture follows; outer-edge test L259/L260/L261=0.075/0.088/0.100; direct edge candidate=L260; body edge positions=23/713; magnified raw rows resolve L260; row Y(mean/std) L25=19.708/2.274 L26=136.203/35.866 L27=134.625/39.475 L259=47.934/14.862 L260=47.659/16.095 L261=26.225/19.398 L262=12.086/0.902,260,288,522,523,525,cv_inspected,EP recording; raw rows L286-L287 are VBI-type; first picture row is L288; outer-edge test L521/L522/L523=0.104/0.065/0.013; direct edge candidate=L522; body edge positions=23/712; magnified raw rows resolve L522; row Y(mean/std) L287=25.473/40.714 L288=137.781/36.857 L289=134.597/39.847 L521=47.870/14.846 L522=47.667/15.143 L523=12.070/0.922 L525=11.623/0.742,522,3,2
536,2446,25,260,261,262,cv_inspected,EP recording; raw VBI waveform L23; intervening tape row; picture follows; outer-edge test L259/L260/L261=0.074/0.088/0.020; direct edge candidate=L260; body edge positions=23/712; magnified raw rows resolve L260; row Y(mean/std) L24=19.445/2.306 L25=134.278/35.926 L26=132.958/40.185 L259=48.052/14.282 L260=25.742/18.721 L261=11.928/0.839 L262=11.438/0.691,260,288,522,523,525,cv_inspected,EP recording; raw rows L286-L287 are VBI-type; first picture row is L288; outer-edge test L521/L522/L523=0.077/0.083/0.006; direct edge candidate=L522; body edge positions=23/713; magnified raw rows resolve L522; row Y(mean/std) L287=26.122/41.642 L288=135.886/37.763 L289=134.850/39.813 L521=48.045/13.177 L522=47.295/13.195 L523=11.986/0.885 L525=11.564/0.720,522,2,2
537,2447,26,260,261,262,cv_inspected,EP recording; raw VBI waveform L24; intervening tape row; picture follows; outer-edge test L259/L260/L261=0.054/0.061/0.054; direct edge candidate=L260; body edge positions=23/713; magnified raw rows resolve L260; row Y(mean/std) L25=19.827/2.421 L26=134.031/37.699 L27=134.034/39.827 L259=47.567/13.405 L260=46.666/13.266 L261=25.819/18.786 L262=11.906/0.866,260,288,522,523,525,cv_inspected,EP recording; raw rows L286-L287 are VBI-type; first picture row is L288; outer-edge test L521/L522/L523=0.058/0.051/0.013; direct edge candidate=L522; body edge positions=23/712; magnified raw rows resolve L522; row Y(mean/std) L287=31.816/45.607 L288=137.492/38.549 L289=135.867/40.831 L521=47.859/13.299 L522=47.434/13.473 L523=11.909/0.924 L525=11.392/0.703,522,3,2
538,2448,25,259,260,262,cv_inspected,EP recording; raw VBI waveform L23; intervening tape row; picture follows; outer-edge test L259/L260/L261=0.068/0.034/0.007; direct edge candidate=L259; body edge positions=23/713; magnified raw rows resolve L259; row Y(mean/std) L24=19.570/2.486 L25=132.609/37.789 L26=133.016/41.107 L258=49.628/13.114 L259=49.538/14.063 L260=26.470/19.061 L262=11.522/0.670,259,288,522,523,525,cv_inspected,EP recording; raw rows L286-L287 are VBI-type; first picture row is L288; outer-edge test L521/L522/L523=0.045/0.051/0.006; direct edge candidate=L522; body edge positions=23/712; magnified raw rows resolve L522; row Y(mean/std) L287=22.573/35.310 L288=135.986/38.059 L289=135.098/41.479 L521=48.278/13.533 L522=47.017/14.952 L523=12.516/0.971 L525=11.770/0.737,522,2,2
539,2449,25,259,260,262,cv_inspected,EP recording; raw VBI waveform L23; intervening tape row; picture follows; outer-edge test L259/L260/L261=0.054/0.027/0.007; direct edge candidate=L259; body edge positions=23/712; magnified raw rows resolve L259; row Y(mean/std) L24=19.595/2.192 L25=132.314/38.585 L26=131.886/42.165 L258=50.372/14.710 L259=50.400/15.443 L260=25.859/17.931 L262=11.902/0.699,259,288,522,523,525,cv_inspected,EP recording; raw rows L286-L287 are VBI-type; first picture row is L288; outer-edge test L521/L522/L523=0.038/0.051/0.006; direct edge candidate=L522; body edge positions=23/712; magnified raw rows resolve L522; row Y(mean/std) L287=27.712/41.429 L288=137.628/40.210 L289=135.681/42.011 L521=49.919/16.312 L522=49.089/17.502 L523=12.291/0.870 L525=11.769/0.705,522,2,2
540,2450,26,260,261,262,cv_inspected,EP recording; raw VBI waveform L24; intervening tape row; picture follows; outer-edge test L259/L260/L261=0.027/0.047/0.034; direct edge candidate=L260; body edge positions=23/712; magnified raw rows resolve L260; row Y(mean/std) L25=20.005/2.276 L26=131.986/39.851 L27=132.455/42.205 L259=50.019/16.712 L260=50.889/17.376 L261=24.242/16.408 L262=12.308/0.917,260,288,522,523,525,cv_inspected,EP recording; raw rows L286-L287 are VBI-type; first picture row is L288; outer-edge test L521/L522/L523=0.057/0.044/0.006; direct edge candidate=L522; body edge positions=23/712; magnified raw rows resolve L522; row Y(mean/std) L287=26.802/40.995 L288=136.014/40.205 L289=132.920/43.124 L521=51.252/17.279 L522=50.700/18.000 L523=13.255/0.932 L525=11.967/0.759,522,3,2
541,2451,26,260,261,262,cv_inspected,EP recording; raw VBI waveform L24; intervening tape row; picture follows; outer-edge test L259/L260/L261=0.034/0.054/0.034; direct edge candidate=L260; body edge positions=23/713; magnified raw rows resolve L260; row Y(mean/std) L25=20.512/2.358 L26=133.044/40.744 L27=132.284/43.118 L259=51.058/16.777 L260=50.888/17.077 L261=24.691/16.658 L262=12.613/0.930,260,288,522,523,525,cv_inspected,EP recording; raw rows L286-L287 are VBI-type; first picture row is L288; outer-edge test L521/L522/L523=0.032/0.050/0.006; direct edge candidate=L522; body edge positions=23/713; magnified raw rows resolve L522; row Y(mean/std) L287=27.789/42.677 L288=135.181/40.324 L289=133.630/43.310 L521=50.697/16.088 L522=49.969/14.765 L523=12.634/0.983 L525=11.983/0.761,522,3,2
542,2452,26,259,260,262,cv_inspected,EP recording; raw VBI waveform L24; intervening tape row; picture follows; outer-edge test L259/L260/L261=0.027/0.040/0.053; direct edge candidate=L259; body edge positions=23/712; magnified raw rows resolve L259; row Y(mean/std) L25=21.288/2.133 L26=131.991/41.159 L27=131.461/43.519 L258=50.852/15.571 L259=49.977/15.147 L260=50.627/14.545 L262=12.477/0.933,259,288,522,523,525,cv_inspected,EP recording; raw rows L286-L287 are VBI-type; first picture row is L288; outer-edge test L521/L522/L523=0.044/0.050/0.006; direct edge candidate=L522; body edge positions=23/713; magnified raw rows resolve L522; row Y(mean/std) L287=62.623/57.795 L288=133.875/44.226 L289=131.277/43.590 L521=49.647/16.007 L522=49.591/15.365 L523=13.016/0.848 L525=12.264/0.708,522,3,2
543,2453,26,259,260,262,cv_inspected,EP recording; raw VBI waveform L24; intervening tape row; picture follows; outer-edge test L259/L260/L261=0.034/0.034/0.041; direct edge candidate=L259; body edge positions=23/712; magnified raw rows resolve L259; row Y(mean/std) L25=19.845/2.123 L26=130.355/41.141 L27=130.034/43.237 L258=50.388/14.990 L259=49.781/16.598 L260=49.600/16.723 L262=12.311/0.904,259,288,522,523,525,cv_inspected,EP recording; raw rows L286-L287 are VBI-type; first picture row is L288; outer-edge test L521/L522/L523=0.038/0.057/0.006; direct edge candidate=L522; body edge positions=23/713; magnified raw rows resolve L522; row Y(mean/std) L287=67.133/58.167 L288=132.306/44.768 L289=129.286/44.720 L521=50.362/17.860 L522=50.439/18.223 L523=12.650/0.875 L525=11.925/0.721,522,3,2
544,2454,26,259,260,262,cv_inspected,EP recording; raw VBI waveform L24; intervening tape row; picture follows; outer-edge test L259/L260/L261=0.041/0.027/0.020; direct edge candidate=L259; body edge positions=23/713; magnified raw rows resolve L259; row Y(mean/std) L25=20.253/2.356 L26=130.742/41.128 L27=130.034/43.574 L258=50.097/17.770 L259=50.022/17.586 L260=49.878/18.813 L262=11.964/0.886,259,288,522,523,525,cv_inspected,EP recording; raw rows L286-L287 are VBI-type; first picture row is L288; outer-edge test L521/L522/L523=0.032/0.051/0.006; direct edge candidate=L522; body edge positions=23/712; magnified raw rows resolve L522; row Y(mean/std) L287=68.150/60.138 L288=131.602/44.101 L289=128.428/44.137 L521=52.442/18.821 L522=51.625/18.493 L523=12.709/0.898 L525=12.200/0.719,522,3,2
545,2455,26,259,260,262,cv_inspected,EP recording; raw VBI waveform L24; intervening tape row; picture follows; outer-edge test L259/L260/L261=0.047/0.041/0.047; direct edge candidate=L259; body edge positions=23/712; magnified raw rows resolve L259; row Y(mean/std) L25=19.709/2.373 L26=130.666/40.388 L27=130.006/43.647 L258=52.914/19.957 L259=52.766/18.526 L260=53.434/18.413 L262=12.616/0.878,259,288,522,523,525,cv_inspected,EP recording; raw rows L286-L287 are VBI-type; first picture row is L288; outer-edge test L521/L522/L523=0.038/0.038/0.013; direct edge candidate=L522; body edge positions=23/712; magnified raw rows resolve L522; row Y(mean/std) L287=74.214/60.834 L288=134.570/43.066 L289=130.542/44.682 L521=56.022/21.400 L522=57.023/20.485 L523=12.531/0.869 L525=12.070/0.720,522,3,2
546,2456,26,259,260,262,cv_inspected,EP recording; raw VBI waveform L24; intervening tape row; picture follows; outer-edge test L259/L260/L261=0.027/0.034/0.047; direct edge candidate=L259; body edge positions=23/713; magnified raw rows resolve L259; row Y(mean/std) L25=20.208/2.415 L26=129.923/39.902 L27=129.536/43.394 L258=56.472/23.339 L259=56.758/23.286 L260=57.534/22.805 L262=12.262/0.896,259,288,522,523,525,cv_inspected,EP recording; raw rows L286-L287 are VBI-type; first picture row is L288; outer-edge test L521/L522/L523=0.038/0.031/0.006; direct edge candidate=L522; body edge positions=23/712; magnified raw rows resolve L522; row Y(mean/std) L287=64.206/59.780 L288=134.022/43.673 L289=130.603/44.405 L521=56.109/22.488 L522=56.709/22.555 L523=12.456/0.879 L525=11.831/0.724,522,3,2
547,2457,26,259,260,262,cv_inspected,EP recording; raw VBI waveform L24; intervening tape row; picture follows; outer-edge test L259/L260/L261=0.054/0.040/0.040; direct edge candidate=L259; body edge positions=23/712; magnified raw rows resolve L259; row Y(mean/std) L25=20.248/2.798 L26=128.973/40.036 L27=129.244/42.367 L258=55.612/21.527 L259=56.173/21.546 L260=57.237/21.756 L262=11.978/0.920,259,288,521,522,525,cv_inspected,EP recording; raw rows L286-L287 are VBI-type; first picture row is L288; outer-edge test L521/L522/L523=0.081/0.037/0.006; direct edge candidate=L521; body edge positions=23/712; magnified raw rows resolve L521; row Y(mean/std) L287=65.478/60.435 L288=134.375/42.841 L289=132.873/43.993 L520=58.888/25.986 L521=58.816/27.136 L522=59.330/26.380 L525=11.672/0.679,521,3,2
548,2458,26,260,261,262,cv_inspected,EP recording; raw VBI waveform L24; intervening tape row; picture follows; outer-edge test L259/L260/L261=0.060/0.060/0.053; direct edge candidate=L260; body edge positions=23/712; magnified raw rows resolve L260; row Y(mean/std) L25=21.769/2.180 L26=131.692/40.477 L27=131.759/42.533 L259=61.484/30.338 L260=62.030/29.770 L261=24.984/18.272 L262=12.433/0.956,260,288,522,523,525,cv_inspected,EP recording; raw rows L286-L287 are VBI-type; first picture row is L288; outer-edge test L521/L522/L523=0.121/0.102/0.013; direct edge candidate=L522; body edge positions=23/712; magnified raw rows resolve L522; row Y(mean/std) L287=29.608/42.088 L288=135.777/40.159 L289=134.483/42.212 L521=62.780/36.394 L522=63.372/35.793 L523=12.625/0.896 L525=12.070/0.694,522,3,2
549,2459,26,259,260,262,cv_inspected,EP recording; raw VBI waveform L24; intervening tape row; picture follows; outer-edge test L259/L260/L261=0.149/0.081/0.095; direct edge candidate=L259; body edge positions=23/712; magnified raw rows resolve L259; row Y(mean/std) L25=21.486/2.251 L26=132.878/39.710 L27=132.256/42.323 L258=58.830/28.284 L259=61.459/31.099 L260=62.225/32.762 L262=12.117/0.967,259,288,522,523,525,cv_inspected,EP recording; raw rows L286-L287 are VBI-type; first picture row is L288; outer-edge test L521/L522/L523=0.089/0.098/0.013; direct edge candidate=L522; body edge positions=23/712; magnified raw rows resolve L522; row Y(mean/std) L287=34.480/46.664 L288=139.073/38.758 L289=135.800/42.261 L521=56.737/19.586 L522=58.263/20.641 L523=12.344/0.910 L525=11.594/0.667,522,3,2
550,2460,26,259,260,262,cv_inspected,EP recording; raw VBI waveform L24; intervening tape row; picture follows; outer-edge test L259/L260/L261=0.101/0.074/0.124; direct edge candidate=L259; body edge positions=23/712; magnified raw rows resolve L259; row Y(mean/std) L25=22.055/1.940 L26=136.897/37.142 L27=135.642/40.276 L258=57.962/19.108 L259=58.473/19.392 L260=58.869/19.935 L262=12.289/0.984,259,288,522,523,525,cv_inspected,EP recording; raw rows L286-L287 are VBI-type; first picture row is L288; outer-edge test L521/L522/L523=0.101/0.076/0.006; direct edge candidate=L522; body edge positions=23/713; magnified raw rows resolve L522; row Y(mean/std) L287=27.945/41.970 L288=140.347/35.843 L289=137.844/40.044 L521=58.938/19.913 L522=60.175/20.385 L523=12.311/0.941 L525=11.659/0.754,522,3,2
551,2461,26,260,261,262,cv_inspected,EP recording; raw VBI waveform L24; intervening tape row; picture follows; outer-edge test L259/L260/L261=0.081/0.128/0.082; direct edge candidate=L260; body edge positions=23/713; magnified raw rows resolve L260; row Y(mean/std) L25=21.739/2.048 L26=139.733/34.303 L27=139.764/36.779 L259=60.567/21.201 L260=61.180/21.678 L261=24.417/16.814 L262=12.614/0.955,260,288,522,523,525,cv_inspected,EP recording; raw rows L286-L287 are VBI-type; first picture row is L288; outer-edge test L521/L522/L523=0.109/0.071/0.006; direct edge candidate=L522; body edge positions=23/713; magnified raw rows resolve L522; row Y(mean/std) L287=33.170/45.942 L288=140.784/33.327 L289=140.592/35.599 L521=61.142/21.218 L522=61.806/21.321 L523=12.366/0.937 L525=11.703/0.728,522,3,2
552,2462,26,259,260,262,cv_inspected,EP recording; raw VBI waveform L24; intervening tape row; picture follows; outer-edge test L259/L260/L261=0.231/0.129/0.065; direct edge candidate=L259; body edge positions=23/713; magnified raw rows resolve L259; row Y(mean/std) L25=21.336/2.607 L26=137.858/32.386 L27=138.395/34.746 L258=60.791/21.116 L259=61.714/21.052 L260=62.652/22.184 L262=12.052/0.955,259,288,522,523,525,cv_inspected,EP recording; raw rows L286-L287 are VBI-type; first picture row is L288; outer-edge test L521/L522/L523=0.097/0.060/0.006; direct edge candidate=L522; body edge positions=23/713; magnified raw rows resolve L522; row Y(mean/std) L287=23.534/35.791 L288=139.097/31.152 L289=138.327/34.633 L521=62.003/21.281 L522=61.919/21.722 L523=12.431/0.888 L525=11.823/0.721,522,3,2
553,2463,26,259,260,262,cv_inspected,EP recording; raw VBI waveform L24; intervening tape row; picture follows; outer-edge test L259/L260/L261=0.136/0.102/0.075; direct edge candidate=L259; body edge positions=23/713; magnified raw rows resolve L259; row Y(mean/std) L25=21.067/2.076 L26=134.830/28.246 L27=134.700/32.550 L258=60.666/20.684 L259=63.067/21.698 L260=63.323/22.110 L262=12.139/0.975,259,288,521,522,525,cv_inspected,EP recording; raw rows L286-L287 are VBI-type; first picture row is L288; outer-edge test L521/L522/L523=0.105/0.050/0.007; direct edge candidate=L521; body edge positions=23/713; magnified raw rows resolve L521; row Y(mean/std) L287=23.722/36.273 L288=135.806/29.338 L289=133.552/33.312 L520=61.677/21.274 L521=61.777/22.307 L522=61.962/21.707 L525=11.647/0.676,521,3,2
554,2464,26,260,261,262,cv_inspected,EP recording; raw VBI waveform L24; intervening tape row; picture follows; outer-edge test L259/L260/L261=0.124/0.110/0.057; direct edge candidate=L260; body edge positions=23/713; magnified raw rows resolve L260; row Y(mean/std) L25=21.023/2.236 L26=130.056/29.340 L27=129.600/30.957 L259=62.341/23.053 L260=62.630/21.632 L261=25.894/19.448 L262=11.722/0.946,260,288,521,522,525,cv_inspected,EP recording; raw rows L286-L287 are VBI-type; first picture row is L288; outer-edge test L521/L522/L523=0.130/0.052/0.006; direct edge candidate=L521; body edge positions=23/713; magnified raw rows resolve L521; row Y(mean/std) L287=52.656/57.149 L288=127.862/32.684 L289=126.247/32.958 L520=60.594/22.114 L521=62.423/21.319 L522=62.973/22.000 L525=11.566/0.708,521,3,2
555,2465,26,260,261,262,cv_inspected,EP recording; raw VBI waveform L24; intervening tape row; picture follows; outer-edge test L259/L260/L261=0.143/0.122/0.074; direct edge candidate=L260; body edge positions=23/713; magnified raw rows resolve L260; row Y(mean/std) L25=20.238/2.134 L26=125.575/30.611 L27=124.269/33.313 L259=62.255/21.506 L260=63.616/21.165 L261=25.533/19.097 L262=11.955/0.955,260,288,521,522,525,cv_inspected,EP recording; raw rows L286-L287 are VBI-type; first picture row is L288; outer-edge test L521/L522/L523=0.198/0.056/0.013; direct edge candidate=L521; body edge positions=23/714; magnified raw rows resolve L521; row Y(mean/std) L287=59.470/60.445 L288=122.686/35.398 L289=122.880/34.857 L520=60.708/21.610 L521=60.647/20.980 L522=61.720/20.534 L525=11.491/0.711,521,3,2
556,2466,26,260,261,262,cv_inspected,EP recording; raw VBI waveform L24; intervening tape row; picture follows; outer-edge test L259/L260/L261=0.152/0.145/0.062; direct edge candidate=L260; body edge positions=23/714; magnified raw rows resolve L260; row Y(mean/std) L25=20.317/2.294 L26=117.720/34.993 L27=115.344/36.403 L259=63.291/21.439 L260=63.305/20.386 L261=25.948/19.941 L262=11.541/0.885,260,288,521,522,525,cv_inspected,EP recording; raw rows L286-L287 are VBI-type; first picture row is L288; outer-edge test L521/L522/L523=0.132/0.049/0.007; direct edge candidate=L521; body edge positions=23/713; magnified raw rows resolve L521; row Y(mean/std) L287=22.628/35.403 L288=118.494/38.014 L289=117.000/39.039 L520=62.489/19.974 L521=61.066/20.095 L522=62.392/19.904 L525=11.431/0.708,521,3,2
557,2467,26,260,261,262,cv_inspected,EP recording; raw VBI waveform L24; intervening tape row; picture follows; outer-edge test L259/L260/L261=0.192/0.130/0.065; direct edge candidate=L260; body edge positions=23/713; magnified raw rows resolve L260; row Y(mean/std) L25=20.503/2.040 L26=119.092/35.575 L27=116.338/38.029 L259=63.547/19.503 L260=64.138/20.484 L261=28.106/22.454 L262=11.897/0.933,260,288,521,522,525,cv_inspected,EP recording; raw rows L286-L287 are VBI-type; first picture row is L288; outer-edge test L521/L522/L523=0.122/0.071/0.020; direct edge candidate=L521; body edge positions=23/713; magnified raw rows resolve L521; row Y(mean/std) L287=27.205/40.781 L288=121.502/37.506 L289=121.050/38.555 L520=63.584/19.000 L521=62.411/18.842 L522=62.114/19.565 L525=11.886/0.708,521,3,2
558,2468,26,260,261,262,direct,EP recording; raw VBI waveform L24; intervening tape row; picture follows; outer-edge test L259/L260/L261=0.207/0.200/0.028; direct edge candidate=L260; body edge positions=23/713,260,288,522,523,525,cv_inspected,EP recording; raw rows L286-L287 are VBI-type; first picture row is L288; outer-edge test L521/L522/L523=0.122/0.071/0.014; direct edge candidate=L522; body edge positions=23/714; magnified raw rows resolve L522; row Y(mean/std) L287=25.820/40.679 L288=120.322/37.105 L289=120.489/38.118 L521=63.833/17.661 L522=62.619/18.048 L523=12.245/0.884 L525=11.405/0.618,522,3,2
559,2469,26,259,260,262,cv_inspected,EP recording; raw VBI waveform L24; intervening tape row; picture follows; outer-edge test L259/L260/L261=0.203/0.105/0.053; direct edge candidate=L259; body edge positions=23/714; magnified raw rows resolve L259; row Y(mean/std) L25=20.319/1.874 L26=117.241/35.141 L27=115.986/36.651 L258=69.373/20.090 L259=67.519/21.442 L260=64.931/19.856 L262=11.541/0.911,259,288,521,522,525,cv_inspected,EP recording; raw rows L286-L287 are VBI-type; first picture row is L288; outer-edge test L521/L522/L523=0.141/0.039/0.007; direct edge candidate=L521; body edge positions=23/714; magnified raw rows resolve L521; row Y(mean/std) L287=27.794/41.916 L288=116.803/36.353 L289=116.013/39.611 L520=69.108/22.631 L521=67.261/23.067 L522=65.287/21.639 L525=11.428/0.672,521,3,2
560,2470,26,259,260,262,cv_inspected,EP recording; raw VBI waveform L24; intervening tape row; picture follows; outer-edge test L259/L260/L261=0.222/0.118/0.061; direct edge candidate=L259; body edge positions=23/714; magnified raw rows resolve L259; row Y(mean/std) L25=21.087/1.804 L26=113.888/38.031 L27=113.070/39.858 L258=72.573/23.243 L259=70.166/23.463 L260=68.581/22.113 L262=11.977/0.934,259,288,521,522,525,cv_inspected,EP recording; raw rows L286-L287 are VBI-type; first picture row is L288; outer-edge test L521/L522/L523=0.158/0.053/0.021; direct edge candidate=L521; body edge positions=23/714; magnified raw rows resolve L521; row Y(mean/std) L287=22.000/35.709 L288=108.577/40.012 L289=109.166/41.598 L520=70.547/20.700 L521=70.423/24.063 L522=70.033/22.909 L525=11.438/0.743,521,3,2
561,2471,26,259,260,262,cv_inspected,EP recording; raw VBI waveform L24; intervening tape row; picture follows; outer-edge test L259/L260/L261=0.145/0.097/0.052; direct edge candidate=L259; body edge positions=23/714; magnified raw rows resolve L259; row Y(mean/std) L25=20.959/2.469 L26=102.250/37.573 L27=98.567/38.795 L258=71.933/23.439 L259=70.053/22.795 L260=65.908/18.873 L262=12.178/0.979,259,288,521,522,525,cv_inspected,EP recording; raw rows L286-L287 are VBI-type; first picture row is L288; outer-edge test L521/L522/L523=0.089/0.032/0.007; direct edge candidate=L521; body edge positions=23/714; magnified raw rows resolve L521; row Y(mean/std) L287=27.252/41.189 L288=97.606/37.908 L289=97.059/39.939 L520=68.448/20.193 L521=65.491/20.503 L522=63.691/21.978 L525=11.567/0.653,521,3,2
562,2472,26,260,261,262,cv_inspected,EP recording; raw VBI waveform L24; intervening tape row; picture follows; outer-edge test L259/L260/L261=0.158/0.108/0.056; direct edge candidate=L260; body edge positions=23/714; magnified raw rows resolve L260; row Y(mean/std) L25=20.395/1.925 L26=96.037/37.776 L27=92.067/38.661 L259=65.517/21.813 L260=64.586/21.495 L261=35.886/31.652 L262=11.977/0.933,260,288,522,523,525,cv_inspected,EP recording; raw rows L286-L287 are VBI-type; first picture row is L288; outer-edge test L521/L522/L523=0.063/0.050/0.014; direct edge candidate=L522; body edge positions=23/714; magnified raw rows resolve L522; row Y(mean/std) L287=27.008/41.215 L288=93.853/37.116 L289=92.877/38.228 L521=64.202/21.543 L522=61.667/22.676 L523=12.378/0.969 L525=11.861/0.789,522,3,2
563,2473,26,260,261,262,direct,EP recording; raw VBI waveform L24; intervening tape row; picture follows; outer-edge test L259/L260/L261=0.071/0.143/0.050; direct edge candidate=L260; body edge positions=23/714,260,288,521,522,525,cv_inspected,EP recording; raw rows L286-L287 are VBI-type; first picture row is L288; outer-edge test L521/L522/L523=0.097/0.052/0.007; direct edge candidate=L521; body edge positions=23/714; magnified raw rows resolve L521; row Y(mean/std) L287=27.992/40.955 L288=95.586/38.801 L289=93.411/40.217 L520=65.600/25.747 L521=64.747/25.907 L522=64.609/25.416 L525=11.853/0.806,521,3,2
564,2474,26,260,261,262,direct,EP recording; raw VBI waveform L24; intervening tape row; picture follows; outer-edge test L259/L260/L261=0.080/0.188/0.060; direct edge candidate=L260; body edge positions=23/714,260,288,521,522,525,cv_inspected,EP recording; raw rows L286-L287 are VBI-type; first picture row is L288; outer-edge test L521/L522/L523=0.105/0.049/0.014; direct edge candidate=L521; body edge positions=23/713; magnified raw rows resolve L521; row Y(mean/std) L287=27.766/43.045 L288=98.386/42.311 L289=96.184/42.829 L520=65.888/26.984 L521=66.216/26.582 L522=66.520/26.436 L525=11.583/0.715,521,3,2
565,2475,26,260,261,262,cv_inspected,EP recording; raw VBI waveform L24; intervening tape row; picture follows; outer-edge test L259/L260/L261=0.154/0.147/0.059; direct edge candidate=L260; body edge positions=23/713; magnified raw rows resolve L260; row Y(mean/std) L25=20.423/2.165 L26=99.584/41.285 L27=96.558/42.801 L259=65.939/27.883 L260=66.391/27.285 L261=41.575/38.489 L262=12.111/0.971,260,288,522,523,525,cv_inspected,EP recording; raw rows L286-L287 are VBI-type; first picture row is L288; outer-edge test L521/L522/L523=0.111/0.111/0.007; direct edge candidate=L522; body edge positions=23/713; magnified raw rows resolve L522; row Y(mean/std) L287=27.006/41.734 L288=100.039/40.338 L289=97.911/42.621 L521=64.586/28.351 L522=64.264/26.932 L523=12.483/1.009 L525=12.017/0.834,522,3,2
566,2476,26,260,261,262,cv_inspected,EP recording; raw VBI waveform L24; intervening tape row; picture follows; outer-edge test L259/L260/L261=0.131/0.109/0.063; direct edge candidate=L260; body edge positions=23/713; magnified raw rows resolve L260; row Y(mean/std) L25=21.147/2.241 L26=101.356/41.165 L27=98.570/42.548 L259=66.042/28.964 L260=63.367/29.107 L261=40.823/39.107 L262=11.747/1.033,260,288,522,523,525,direct,EP recording; raw rows L286-L287 are VBI-type; first picture row is L288; outer-edge test L521/L522/L523=0.125/0.217/0.014; direct edge candidate=L522; body edge positions=23/713,522,3,2
567,2477,26,260,261,262,cv_inspected,EP recording; raw VBI waveform L24; intervening tape row; picture follows; outer-edge test L259/L260/L261=0.127/0.142/0.073; direct edge candidate=L260; body edge positions=23/713; magnified raw rows resolve L260; row Y(mean/std) L25=20.181/2.007 L26=97.644/43.736 L27=94.092/44.659 L259=68.603/31.251 L260=67.500/29.871 L261=43.869/41.325 L262=12.003/0.965,260,288,522,523,525,direct,EP recording; raw rows L286-L287 are VBI-type; first picture row is L288; outer-edge test L521/L522/L523=0.105/0.259/0.007; direct edge candidate=L522; body edge positions=23/713,522,3,2
568,2478,25,260,261,262,cv_inspected,EP recording; raw VBI waveform L23; intervening tape row; picture follows; outer-edge test L259/L260/L261=0.105/0.069/0.008; direct edge candidate=L260; body edge positions=23/713; magnified raw rows resolve L260; row Y(mean/std) L24=20.512/2.003 L25=101.308/46.758 L26=97.463/48.624 L259=68.006/30.793 L260=44.520/43.570 L261=12.137/1.019 L262=11.523/0.726,260,288,521,522,525,cv_inspected,EP recording; raw rows L286-L287 are VBI-type; first picture row is L288; outer-edge test L521/L522/L523=0.113/0.053/0.014; direct edge candidate=L521; body edge positions=23/713; magnified raw rows resolve L521; row Y(mean/std) L287=23.194/36.487 L288=104.380/47.202 L289=100.203/49.430 L520=66.688/31.956 L521=67.323/32.169 L522=67.283/31.761 L525=11.450/0.740,521,2,2
569,2479,26,259,260,262,cv_inspected,EP recording; raw VBI waveform L24; intervening tape row; picture follows; outer-edge test L259/L260/L261=0.126/0.082/0.060; direct edge candidate=L259; body edge positions=23/713; magnified raw rows resolve L259; row Y(mean/std) L25=21.053/2.280 L26=106.250/45.648 L27=102.109/48.381 L258=67.597/32.615 L259=68.397/32.926 L260=68.200/32.542 L262=11.997/0.949,259,288,522,523,525,cv_inspected,EP recording; raw rows L286-L287 are VBI-type; first picture row is L288; outer-edge test L521/L522/L523=0.071/0.052/0.014; direct edge candidate=L522; body edge positions=23/713; magnified raw rows resolve L522; row Y(mean/std) L287=28.045/42.318 L288=107.572/47.279 L289=103.959/48.738 L521=68.005/32.925 L522=66.834/33.325 L523=12.030/0.942 L525=11.530/0.684,522,3,2
570,2480,26,260,261,262,cv_inspected,EP recording; raw VBI waveform L24; intervening tape row; picture follows; outer-edge test L259/L260/L261=0.091/0.121/0.069; direct edge candidate=L260; body edge positions=23/713; magnified raw rows resolve L260; row Y(mean/std) L25=20.914/2.198 L26=110.798/45.591 L27=106.478/48.342 L259=67.569/32.988 L260=68.222/35.113 L261=45.078/45.682 L262=12.164/1.063,260,288,521,522,525,cv_inspected,EP recording; raw rows L286-L287 are VBI-type; first picture row is L288; outer-edge test L521/L522/L523=0.172/0.066/0.007; direct edge candidate=L521; body edge positions=23/713; magnified raw rows resolve L521; row Y(mean/std) L287=27.461/41.604 L288=114.206/45.333 L289=109.467/48.817 L520=68.302/32.201 L521=68.952/33.176 L522=67.258/32.573 L525=11.633/0.712,521,3,2
571,2481,26,260,261,262,direct,EP recording; raw VBI waveform L24; intervening tape row; picture follows; outer-edge test L259/L260/L261=0.137/0.193/0.068; direct edge candidate=L260; body edge positions=23/713,260,288,522,523,525,cv_inspected,EP recording; raw rows L286-L287 are VBI-type; first picture row is L288; outer-edge test L521/L522/L523=0.111/0.071/0.007; direct edge candidate=L522; body edge positions=23/712; magnified raw rows resolve L522; row Y(mean/std) L287=27.800/42.087 L288=118.945/46.444 L289=116.125/47.437 L521=67.273/34.123 L522=66.725/31.928 L523=12.120/0.953 L525=11.350/0.691,522,3,2
572,2482,26,260,261,262,direct,EP recording; raw VBI waveform L24; intervening tape row; picture follows; outer-edge test L259/L260/L261=0.305/0.315/0.102; direct edge candidate=L260; body edge positions=23/713,260,288,521,522,525,cv_inspected,EP recording; raw rows L286-L287 are VBI-type; first picture row is L288; outer-edge test L521/L522/L523=0.224/0.081/0.010; direct edge candidate=L521; body edge positions=23/713; magnified raw rows resolve L521; row Y(mean/std) L287=64.289/59.783 L288=116.611/53.815 L289=115.688/51.386 L520=67.656/33.833 L521=69.289/32.433 L522=69.128/32.900 L525=11.998/0.794,521,3,2
573,2483,26,260,261,262,direct,EP recording; raw VBI waveform L24; intervening tape row; picture follows; outer-edge test L259/L260/L261=0.195/0.229/0.076; direct edge candidate=L260; body edge positions=23/713,260,288,521,522,525,cv_inspected,EP recording; raw rows L286-L287 are VBI-type; first picture row is L288; outer-edge test L521/L522/L523=0.167/0.071/0.012; direct edge candidate=L521; body edge positions=23/713; magnified raw rows resolve L521; row Y(mean/std) L287=68.589/59.805 L288=121.561/53.781 L289=116.138/52.931 L520=66.395/32.733 L521=67.586/33.161 L522=67.820/32.472 L525=11.928/0.759,521,3,2
574,2484,25,259,260,262,cv_inspected,EP recording; raw VBI waveform L23; intervening tape row; picture follows; outer-edge test L259/L260/L261=0.147/0.085/0.026; direct edge candidate=L259; body edge positions=23/713; magnified raw rows resolve L259; row Y(mean/std) L24=19.153/2.397 L25=129.902/48.860 L26=123.919/50.430 L258=67.559/32.949 L259=67.573/32.766 L260=43.109/43.923 L262=11.780/0.727,259,288,521,522,525,cv_inspected,EP recording; raw rows L286-L287 are VBI-type; first picture row is L288; outer-edge test L521/L522/L523=0.122/0.046/0.012; direct edge candidate=L521; body edge positions=23/713; magnified raw rows resolve L521; row Y(mean/std) L287=68.827/60.125 L288=130.658/53.278 L289=127.641/52.183 L520=67.084/33.205 L521=67.889/32.637 L522=67.258/31.581 L525=11.875/0.714,521,2,2
575,2485,26,260,261,262,cv_inspected,EP recording; raw VBI waveform L24; intervening tape row; picture follows; outer-edge test L259/L260/L261=0.137/0.137/0.069; direct edge candidate=L260; body edge positions=23/713; magnified raw rows resolve L260; row Y(mean/std) L25=20.070/2.104 L26=134.436/46.863 L27=129.927/50.184 L259=67.609/32.708 L260=67.747/33.778 L261=45.522/45.812 L262=12.203/0.948,260,288,521,522,525,cv_inspected,EP recording; raw rows L286-L287 are VBI-type; first picture row is L288; outer-edge test L521/L522/L523=0.130/0.061/0.013; direct edge candidate=L521; body edge positions=23/713; magnified raw rows resolve L521; row Y(mean/std) L287=74.173/60.420 L288=137.158/51.505 L289=132.938/51.615 L520=66.500/33.179 L521=66.634/31.883 L522=66.841/32.446 L525=11.781/0.730,521,3,2
576,2486,26,260,261,262,cv_inspected,EP recording; raw VBI waveform L24; intervening tape row; picture follows; outer-edge test L259/L260/L261=0.195/0.195/0.070; direct edge candidate=L260; body edge positions=23/713; magnified raw rows resolve L260; row Y(mean/std) L25=19.192/2.241 L26=137.897/44.933 L27=133.386/48.635 L259=68.283/33.363 L260=68.769/32.610 L261=44.598/45.092 L262=12.591/1.001,260,288,521,522,525,cv_inspected,EP recording; raw rows L286-L287 are VBI-type; first picture row is L288; outer-edge test L521/L522/L523=0.167/0.053/0.024; direct edge candidate=L521; body edge positions=23/713; magnified raw rows resolve L521; row Y(mean/std) L287=64.725/60.830 L288=141.136/50.514 L289=137.113/49.968 L520=66.947/32.949 L521=66.888/32.070 L522=67.284/32.410 L525=11.933/0.775,521,3,2
577,2487,26,260,261,262,cv_inspected,EP recording; raw VBI waveform L24; intervening tape row; picture follows; outer-edge test L259/L260/L261=0.248/0.209/0.062; direct edge candidate=L260; body edge positions=23/713; magnified raw rows resolve L260; row Y(mean/std) L25=19.295/2.218 L26=138.833/44.744 L27=135.863/47.634 L259=66.542/32.919 L260=67.402/32.136 L261=43.536/43.583 L262=12.783/1.074,260,288,521,522,525,cv_inspected,EP recording; raw rows L286-L287 are VBI-type; first picture row is L288; outer-edge test L521/L522/L523=0.215/0.069/0.022; direct edge candidate=L521; body edge positions=23/713; magnified raw rows resolve L521; row Y(mean/std) L287=64.183/59.758 L288=142.270/50.030 L289=138.491/49.314 L520=63.820/31.368 L521=63.591/30.839 L522=63.663/30.407 L525=11.975/0.786,521,3,2
578,2488,26,260,261,262,cv_inspected,EP recording; raw VBI waveform L24; intervening tape row; picture follows; outer-edge test L259/L260/L261=0.195/0.195/0.068; direct edge candidate=L260; body edge positions=23/713; magnified raw rows resolve L260; row Y(mean/std) L25=20.114/2.485 L26=142.078/43.092 L27=138.534/47.366 L259=63.655/32.482 L260=62.581/30.593 L261=41.914/42.213 L262=12.659/0.947,260,288,521,522,525,direct,EP recording; raw rows L286-L287 are VBI-type; first picture row is L288; outer-edge test L521/L522/L523=0.348/0.067/0.021; direct edge candidate=L521; body edge positions=23/713,521,3,2
579,2489,26,260,261,262,direct,EP recording; raw VBI waveform L24; intervening tape row; picture follows; outer-edge test L259/L260/L261=0.324/0.287/-0.182; direct edge candidate=L260; body edge positions=23/713,260,288,521,522,525,direct,EP recording; raw rows L286-L287 are VBI-type; first picture row is L288; outer-edge test L521/L522/L523=0.426/0.051/0.011; direct edge candidate=L521; body edge positions=23/713,521,3,2
580,2490,26,260,261,262,direct,EP recording; raw VBI waveform L24; intervening tape row; picture follows; outer-edge test L259/L260/L261=0.445/0.377/0.068; direct edge candidate=L260; body edge positions=23/713,260,288,521,522,525,direct,EP recording; raw rows L286-L287 are VBI-type; first picture row is L288; outer-edge test L521/L522/L523=0.447/0.066/0.011; direct edge candidate=L521; body edge positions=23/713,521,3,2
581,2491,26,260,261,262,direct,EP recording; raw VBI waveform L24; intervening tape row; picture follows; outer-edge test L259/L260/L261=0.463/0.470/0.052; direct edge candidate=L260; body edge positions=23/714,260,288,521,522,525,direct,EP recording; raw rows L286-L287 are VBI-type; first picture row is L288; outer-edge test L521/L522/L523=0.375/0.058/0.011; direct edge candidate=L521; body edge positions=23/713,521,3,2
582,2492,26,260,261,262,direct,EP recording; raw VBI waveform L24; intervening tape row; picture follows; outer-edge test L259/L260/L261=0.481/0.556/0.067; direct edge candidate=L260; body edge positions=23/714,260,288,521,522,525,direct,EP recording; raw rows L286-L287 are VBI-type; first picture row is L288; outer-edge test L521/L522/L523=0.449/0.066/0.011; direct edge candidate=L521; body edge positions=22/714,521,3,2
583,2493,26,260,261,262,direct,EP recording; raw VBI waveform L24; intervening tape row; picture follows; outer-edge test L259/L260/L261=0.496/0.496/0.066; direct edge candidate=L260; body edge positions=23/713,260,288,521,522,525,direct,EP recording; raw rows L286-L287 are VBI-type; first picture row is L288; outer-edge test L521/L522/L523=0.516/0.051/0.023; direct edge candidate=L521; body edge positions=23/713,521,3,2
584,2494,26,260,261,262,direct,EP recording; raw VBI waveform L24; intervening tape row; picture follows; outer-edge test L259/L260/L261=0.583/0.554/0.074; direct edge candidate=L260; body edge positions=23/713,260,288,522,523,525,direct,EP recording; raw rows L286-L287 are VBI-type; first picture row is L288; outer-edge test L521/L522/L523=0.484/0.556/0.022; direct edge candidate=L522; body edge positions=23/713,522,3,2
585,2495,25,259,260,262,direct,EP recording; raw VBI waveform L23; intervening tape row; picture follows; outer-edge test L259/L260/L261=0.565/0.074/0.011; direct edge candidate=L259; body edge positions=23/713,259,288,521,522,525,direct,EP recording; raw rows L286-L287 are VBI-type; first picture row is L288; outer-edge test L521/L522/L523=0.639/0.053/0.011; direct edge candidate=L521; body edge positions=22/713,521,2,2
586,2496,26,260,261,262,direct,EP recording; raw VBI waveform L24; intervening tape row; picture follows; outer-edge test L259/L260/L261=0.613/0.613/0.061; direct edge candidate=L260; body edge positions=23/713,260,288,521,522,525,direct,EP recording; raw rows L286-L287 are VBI-type; first picture row is L288; outer-edge test L521/L522/L523=0.652/0.052/0.011; direct edge candidate=L521; body edge positions=23/713,521,3,2
587,2497,26,260,261,262,direct,EP recording; raw VBI waveform L24; intervening tape row; picture follows; outer-edge test L259/L260/L261=0.574/0.643/0.062; direct edge candidate=L260; body edge positions=23/713,260,288,521,522,525,direct,EP recording; raw rows L286-L287 are VBI-type; first picture row is L288; outer-edge test L521/L522/L523=0.553/0.053/0.012; direct edge candidate=L521; body edge positions=23/713,521,3,2
588,2498,26,260,261,262,direct,EP recording; raw VBI waveform L24; intervening tape row; picture follows; outer-edge test L259/L260/L261=0.618/0.656/0.054; direct edge candidate=L260; body edge positions=23/713,260,288,521,522,525,direct,EP recording; raw rows L286-L287 are VBI-type; first picture row is L288; outer-edge test L521/L522/L523=0.719/0.063/0.026; direct edge candidate=L521; body edge positions=23/713,521,3,2
589,2499,26,260,261,262,direct,EP recording; raw VBI waveform L24; intervening tape row; picture follows; outer-edge test L259/L260/L261=0.675/0.667/0.073; direct edge candidate=L260; body edge positions=23/713,260,288,521,522,525,direct,EP recording; raw rows L286-L287 are VBI-type; first picture row is L288; outer-edge test L521/L522/L523=0.748/0.078/0.026; direct edge candidate=L521; body edge positions=23/713,521,3,2
590,2500,26,260,261,262,direct,EP recording; raw VBI waveform L24; intervening tape row; picture follows; outer-edge test L259/L260/L261=0.869/0.869/0.075; direct edge candidate=L260; body edge positions=23/713,260,288,521,522,525,direct,EP recording; raw rows L286-L287 are VBI-type; first picture row is L288; outer-edge test L521/L522/L523=0.777/0.087/0.013; direct edge candidate=L521; body edge positions=23/713,521,3,2
591,2501,26,260,261,262,direct,EP recording; raw VBI waveform L24; intervening tape row; picture follows; outer-edge test L259/L260/L261=0.813/0.823/0.086; direct edge candidate=L260; body edge positions=23/713,260,288,521,522,525,direct,EP recording; raw rows L286-L287 are VBI-type; first picture row is L288; outer-edge test L521/L522/L523=0.837/0.079/0.025; direct edge candidate=L521; body edge positions=23/713,521,3,2
592,2502,26,260,261,262,direct,EP recording; raw VBI waveform L24; intervening tape row; picture follows; outer-edge test L259/L260/L261=0.857/0.897/0.089; direct edge candidate=L260; body edge positions=23/713,260,288,521,522,525,direct,EP recording; raw rows L286-L287 are VBI-type; first picture row is L288; outer-edge test L521/L522/L523=0.906/0.069/0.012; direct edge candidate=L521; body edge positions=23/713,521,3,2
593,2503,26,260,261,262,direct,EP recording; raw VBI waveform L24; intervening tape row; picture follows; outer-edge test L259/L260/L261=0.874/0.955/0.090; direct edge candidate=L260; body edge positions=23/713,260,288,521,522,525,direct,EP recording; raw rows L286-L287 are VBI-type; first picture row is L288; outer-edge test L521/L522/L523=0.930/0.100/0.025; direct edge candidate=L521; body edge positions=23/713,521,3,2
594,2504,26,260,261,262,direct,EP recording; raw VBI waveform L24; intervening tape row; picture follows; outer-edge test L259/L260/L261=0.889/0.949/0.071; direct edge candidate=L260; body edge positions=23/713,260,288,521,522,525,direct,EP recording; raw rows L286-L287 are VBI-type; first picture row is L288; outer-edge test L521/L522/L523=0.939/0.082/0.000; direct edge candidate=L521; body edge positions=23/713,521,3,2
595,2505,26,260,261,262,direct,EP recording; raw VBI waveform L24; intervening tape row; picture follows; outer-edge test L259/L260/L261=0.883/0.893/0.102; direct edge candidate=L260; body edge positions=23/712,260,288,521,522,525,direct,EP recording; raw rows L286-L287 are VBI-type; first picture row is L288; outer-edge test L521/L522/L523=1.010/0.092/0.025; direct edge candidate=L521; body edge positions=23/713,521,3,2
596,2506,26,260,261,262,direct,EP recording; raw VBI waveform L24; intervening tape row; picture follows; outer-edge test L259/L260/L261=0.948/0.927/0.083; direct edge candidate=L260; body edge positions=23/713,260,288,521,522,525,direct,EP recording; raw rows L286-L287 are VBI-type; first picture row is L288; outer-edge test L521/L522/L523=1.036/0.083/0.025; direct edge candidate=L521; body edge positions=23/713,521,3,2
597,2507,26,260,261,262,direct,EP recording; raw VBI waveform L24; intervening tape row; picture follows; outer-edge test L259/L260/L261=0.969/0.948/0.094; direct edge candidate=L260; body edge positions=23/713,260,288,521,522,525,direct,EP recording; raw rows L286-L287 are VBI-type; first picture row is L288; outer-edge test L521/L522/L523=0.979/0.083/0.013; direct edge candidate=L521; body edge positions=23/713,521,3,2
598,2508,25,259,260,262,direct,EP recording; raw VBI waveform L23; intervening tape row; picture follows; outer-edge test L259/L260/L261=1.000/0.104/0.012; direct edge candidate=L259; body edge positions=23/712,259,288,522,523,525,direct,EP recording; raw rows L286-L287 are VBI-type; first picture row is L288; outer-edge test L521/L522/L523=0.959/0.763/0.013; direct edge candidate=L522; body edge positions=23/713,522,2,2
599,2509,26,260,261,262,direct,EP recording; raw VBI waveform L24; intervening tape row; picture follows; outer-edge test L259/L260/L261=1.063/0.989/0.084; direct edge candidate=L260; body edge positions=23/713,260,288,521,522,525,direct,EP recording; raw rows L286-L287 are VBI-type; first picture row is L288; outer-edge test L521/L522/L523=1.042/0.095/0.024; direct edge candidate=L521; body edge positions=23/712,521,3,2
600,2510,26,260,261,262,direct,EP recording; raw VBI waveform L24; intervening tape row; picture follows; outer-edge test L259/L260/L261=1.021/0.937/0.104; direct edge candidate=L260; body edge positions=23/713,260,288,521,522,525,direct,EP recording; raw rows L286-L287 are VBI-type; first picture row is L288; outer-edge test L521/L522/L523=0.968/0.084/0.025; direct edge candidate=L521; body edge positions=23/713,521,3,2
601,2511,26,260,261,262,direct,EP recording; raw VBI waveform L24; intervening tape row; picture follows; outer-edge test L259/L260/L261=1.016/1.079/0.094; direct edge candidate=L260; body edge positions=23/712,260,288,522,523,525,direct,EP recording; raw rows L286-L287 are VBI-type; first picture row is L288; outer-edge test L521/L522/L523=1.000/0.656/0.025; direct edge candidate=L522; body edge positions=23/712,522,3,2
602,2512,25,259,260,262,direct,EP recording; raw VBI waveform L23; intervening tape row; picture follows; outer-edge test L259/L260/L261=0.995/0.093/0.013; direct edge candidate=L259; body edge positions=23/713,259,288,521,522,525,direct,EP recording; raw rows L286-L287 are VBI-type; first picture row is L288; outer-edge test L521/L522/L523=0.912/0.062/0.012; direct edge candidate=L521; body edge positions=23/713,521,2,2
603,2513,25,259,260,262,direct,EP recording; raw VBI waveform L23; intervening tape row; picture follows; outer-edge test L259/L260/L261=0.952/0.095/0.013; direct edge candidate=L259; body edge positions=23/713,259,288,521,522,525,direct,EP recording; raw rows L286-L287 are VBI-type; first picture row is L288; outer-edge test L521/L522/L523=0.881/0.083/0.026; direct edge candidate=L521; body edge positions=23/713,521,2,2
604,2514,26,260,261,262,direct,EP recording; raw VBI waveform L24; intervening tape row; picture follows; outer-edge test L259/L260/L261=0.832/0.853/0.095; direct edge candidate=L260; body edge positions=23/713,260,288,521,522,525,direct,EP recording; raw rows L286-L287 are VBI-type; first picture row is L288; outer-edge test L521/L522/L523=0.779/0.084/0.012; direct edge candidate=L521; body edge positions=23/713,521,3,2
605,2515,26,260,261,262,direct,EP recording; raw VBI waveform L24; intervening tape row; picture follows; outer-edge test L259/L260/L261=0.869/0.890/0.084; direct edge candidate=L260; body edge positions=23/713,260,288,522,523,525,direct,EP recording; raw rows L286-L287 are VBI-type; first picture row is L288; outer-edge test L521/L522/L523=0.850/0.705/0.025; direct edge candidate=L522; body edge positions=23/712,522,3,2
606,2516,25,259,260,262,direct,EP recording; raw VBI waveform L23; intervening tape row; picture follows; outer-edge test L259/L260/L261=0.842/0.095/0.000; direct edge candidate=L259; body edge positions=23/713,259,288,521,522,525,direct,EP recording; raw rows L286-L287 are VBI-type; first picture row is L288; outer-edge test L521/L522/L523=0.895/0.084/0.013; direct edge candidate=L521; body edge positions=23/712,521,2,2
607,2517,25,259,260,262,direct,EP recording; raw VBI waveform L23; intervening tape row; picture follows; outer-edge test L259/L260/L261=0.830/0.096/0.014; direct edge candidate=L259; body edge positions=23/713,259,288,521,522,525,direct,EP recording; raw rows L286-L287 are VBI-type; first picture row is L288; outer-edge test L521/L522/L523=0.884/0.084/0.000; direct edge candidate=L521; body edge positions=23/713,521,2,2
608,2518,26,260,261,262,direct,EP recording; raw VBI waveform L24; intervening tape row; picture follows; outer-edge test L259/L260/L261=0.935/0.806/0.086; direct edge candidate=L260; body edge positions=23/713,260,288,521,522,525,direct,EP recording; raw rows L286-L287 are VBI-type; first picture row is L288; outer-edge test L521/L522/L523=0.956/0.100/0.026; direct edge candidate=L521; body edge positions=23/713,521,3,2
609,2519,26,260,261,262,direct,EP recording; raw VBI waveform L24; intervening tape row; picture follows; outer-edge test L259/L260/L261=0.871/0.892/0.097; direct edge candidate=L260; body edge positions=23/713,260,288,521,522,525,direct,EP recording; raw rows L286-L287 are VBI-type; first picture row is L288; outer-edge test L521/L522/L523=0.817/0.097/0.013; direct edge candidate=L521; body edge positions=23/713,521,3,2
610,2520,26,260,261,262,direct,EP recording; raw VBI waveform L24; intervening tape row; picture follows; outer-edge test L259/L260/L261=0.882/0.882/0.097; direct edge candidate=L260; body edge positions=23/712,260,288,521,522,525,direct,EP recording; raw rows L286-L287 are VBI-type; first picture row is L288; outer-edge test L521/L522/L523=0.831/0.087/0.013; direct edge candidate=L521; body edge positions=23/712,521,3,2
611,2521,26,260,261,262,direct,EP recording; raw VBI waveform L24; intervening tape row; picture follows; outer-edge test L259/L260/L261=0.946/0.870/0.098; direct edge candidate=L260; body edge positions=23/713,260,288,521,522,525,direct,EP recording; raw rows L286-L287 are VBI-type; first picture row is L288; outer-edge test L521/L522/L523=0.915/0.085/0.026; direct edge candidate=L521; body edge positions=23/713,521,3,2
612,2522,26,260,261,262,direct,EP recording; raw VBI waveform L24; intervening tape row; picture follows; outer-edge test L259/L260/L261=0.892/0.892/0.097; direct edge candidate=L260; body edge positions=23/713,260,288,521,522,525,direct,EP recording; raw rows L286-L287 are VBI-type; first picture row is L288; outer-edge test L521/L522/L523=0.835/0.077/0.027; direct edge candidate=L521; body edge positions=23/713,521,3,2
613,2523,26,260,261,262,direct,EP recording; raw VBI waveform L24; intervening tape row; picture follows; outer-edge test L259/L260/L261=0.890/0.879/0.088; direct edge candidate=L260; body edge positions=23/712,260,288,521,522,525,direct,EP recording; raw rows L286-L287 are VBI-type; first picture row is L288; outer-edge test L521/L522/L523=0.835/0.088/0.013; direct edge candidate=L521; body edge positions=23/713,521,3,2
614,2524,26,260,261,262,direct,EP recording; raw VBI waveform L24; intervening tape row; picture follows; outer-edge test L259/L260/L261=0.896/0.874/0.098; direct edge candidate=L260; body edge positions=23/713,260,288,522,523,525,direct,EP recording; raw rows L286-L287 are VBI-type; first picture row is L288; outer-edge test L521/L522/L523=0.912/0.714/0.013; direct edge candidate=L522; body edge positions=23/713,522,3,2
615,2525,25,259,260,262,direct,EP recording; raw VBI waveform L23; intervening tape row; picture follows; outer-edge test L259/L260/L261=0.859/0.109/0.026; direct edge candidate=L259; body edge positions=23/713,259,288,521,522,525,direct,EP recording; raw rows L286-L287 are VBI-type; first picture row is L288; outer-edge test L521/L522/L523=0.868/0.088/0.028; direct edge candidate=L521; body edge positions=23/713,521,2,2
616,2526,25,259,260,262,direct,EP recording; raw VBI waveform L23; intervening tape row; picture follows; outer-edge test L259/L260/L261=0.885/0.087/0.027; direct edge candidate=L259; body edge positions=23/713,259,288,521,522,525,direct,EP recording; raw rows L286-L287 are VBI-type; first picture row is L288; outer-edge test L521/L522/L523=0.865/0.097/0.014; direct edge candidate=L521; body edge positions=23/713,521,2,2
617,2527,26,260,261,262,direct,EP recording; raw VBI waveform L24; intervening tape row; picture follows; outer-edge test L259/L260/L261=0.886/0.908/0.108; direct edge candidate=L260; body edge positions=23/713,260,288,521,522,525,direct,EP recording; raw rows L286-L287 are VBI-type; first picture row is L288; outer-edge test L521/L522/L523=0.857/0.088/0.014; direct edge candidate=L521; body edge positions=23/713,521,3,2
618,2528,26,260,261,262,direct,EP recording; raw VBI waveform L24; intervening tape row; picture follows; outer-edge test L259/L260/L261=0.896/0.918/0.087; direct edge candidate=L260; body edge positions=23/713,260,288,521,522,525,direct,EP recording; raw rows L286-L287 are VBI-type; first picture row is L288; outer-edge test L521/L522/L523=0.837/0.087/0.014; direct edge candidate=L521; body edge positions=23/713,521,3,2
619,2529,26,260,261,262,direct,EP recording; raw VBI waveform L24; intervening tape row; picture follows; outer-edge test L259/L260/L261=0.890/0.901/0.088; direct edge candidate=L260; body edge positions=23/713,260,288,521,522,525,direct,EP recording; raw rows L286-L287 are VBI-type; first picture row is L288; outer-edge test L521/L522/L523=0.870/0.065/0.029; direct edge candidate=L521; body edge positions=23/713,521,3,2
620,2530,26,260,261,262,direct,EP recording; raw VBI waveform L24; intervening tape row; picture follows; outer-edge test L259/L260/L261=0.839/0.849/0.108; direct edge candidate=L260; body edge positions=23/712,260,288,521,522,525,direct,EP recording; raw rows L286-L287 are VBI-type; first picture row is L288; outer-edge test L521/L522/L523=0.820/0.077/0.014; direct edge candidate=L521; body edge positions=23/713,521,3,2
