ordinal,counter,f1_picture_top_line,f1_bottom_line,f1_hs_partial_line,f1_last_recorded_line,f1_method,f1_note,f1_direct_bottom_candidate,f2_picture_top_line,f2_bottom_line,f2_hs_partial_line,f2_last_recorded_line,f2_method,f2_note,f2_direct_bottom_candidate,applied_d1,applied_d2
211,6253,23,261,-1,263,direct,"commercial tape; raw first pass-through row is picture; dark first band retained; raw three-third displacement L259=0.467,0.385,0.476/L260=0.463,0.447,0.534/L261=0.407,0.432,0.482/L262=0.403,2.813,4.878; peak=L262 margin=4.344; split fraction/run=0.000/0; outer edges=3/693; body=4.0+/-2.0/693.0+/-4.8; switch onset=L262; last complete picture=L261; band bottom=none at clip",261,286,523,525,525,cv_inspected,"commercial tape; raw first pass-through row is picture; dark first band retained; raw three-third displacement L522=0.510,0.611,0.885/L523=0.664,0.720,0.638/L524=0.600,2.994,5.803/L525=5.151,1.613,0.438; peak=L524 margin=0.652; split fraction/run=0.117/5; outer edges=3/692; body=4.0+/-3.0/694.0+/-3.0; switch onset=L524; last complete picture=L523; band bottom=L525; row Y(mean/std) L285=1.377/0.485 L286=5.502/1.183 L287=26.717/1.762 L523=22.430/1.691 L524=16.167/6.498 L525=10.172/0.888",523,0,0
212,6254,23,261,-1,263,direct,"commercial tape; raw first pass-through row is picture; dark first band retained; raw three-third displacement L259=0.450,0.344,0.389/L260=0.475,0.423,0.413/L261=0.449,0.387,0.428/L262=0.424,2.679,4.643; peak=L262 margin=4.168; split fraction/run=0.014/1; outer edges=4/694; body=3.0+/-3.0/693.0+/-4.0; switch onset=L262; last complete picture=L261; band bottom=none at clip",261,286,523,525,525,cv_inspected,"commercial tape; raw first pass-through row is picture; dark first band retained; raw three-third displacement L522=0.514,0.531,0.885/L523=0.755,0.763,0.747/L524=0.691,3.133,6.607/L525=5.564,2.413,0.439; peak=L524 margin=1.042; split fraction/run=0.061/2; outer edges=5/693; body=4.0+/-3.0/694.0+/-5.0; switch onset=L524; last complete picture=L523; band bottom=L525; row Y(mean/std) L285=1.350/0.477 L286=5.280/1.009 L287=26.480/1.095 L523=22.842/1.788 L524=16.728/6.792 L525=10.203/0.892",523,0,0
215,6257,23,260,262,262,cv_inspected,"commercial tape; raw first pass-through row is picture; dark first band retained; raw three-third displacement L259=0.567,0.624,0.854/L260=0.596,0.812,0.688/L261=0.723,2.808,6.461/L262=5.034,2.831,0.442; peak=L261 margin=1.427; split fraction/run=0.042/3; outer edges=4/691; body=3.0+/-2.0/694.0+/-4.0; switch onset=L261; last complete picture=L260; band bottom=L262; row Y(mean/std) L22=1.367/0.482 L23=4.881/1.067 L24=25.819/1.088 L260=21.425/1.456 L261=16.272/6.101 L262=10.436/0.930",260,286,523,525,525,direct,"commercial tape; raw first pass-through row is picture; dark first band retained; raw three-third displacement L522=0.421,0.545,0.616/L523=0.403,0.626,0.677/L524=0.459,2.994,6.555/L525=5.236,2.264,0.523; peak=L524 margin=1.318; split fraction/run=0.005/1; outer edges=4/694; body=3.0+/-3.0/694.0+/-3.6; switch onset=L524; last complete picture=L523; band bottom=L525",523,0,0
217,6259,23,260,262,262,cv_inspected,"commercial tape; raw first pass-through row is picture; dark first band retained; raw three-third displacement L259=0.553,0.718,0.869/L260=0.701,0.851,0.760/L261=0.688,2.862,6.138/L262=5.267,2.865,0.470; peak=L261 margin=0.871; split fraction/run=0.099/6; outer edges=4/693; body=3.0+/-2.0/694.0+/-3.0; switch onset=L261; last complete picture=L260; band bottom=L262; row Y(mean/std) L22=1.397/0.489 L23=4.881/1.036 L24=25.773/1.103 L260=21.619/1.574 L261=16.414/6.277 L262=10.184/0.882",260,286,523,525,525,direct,"commercial tape; raw first pass-through row is picture; dark first band retained; raw three-third displacement L522=0.467,0.606,0.615/L523=0.459,0.661,0.622/L524=0.563,2.913,6.281/L525=5.224,2.316,0.419; peak=L524 margin=1.058; split fraction/run=0.014/1; outer edges=3/695; body=3.0+/-2.7/693.0+/-4.0; switch onset=L524; last complete picture=L523; band bottom=L525",523,0,0
218,6260,23,260,262,262,cv_inspected,"commercial tape; raw first pass-through row is picture; dark first band retained; raw three-third displacement L259=0.555,0.637,0.851/L260=0.604,0.853,0.859/L261=0.574,3.009,6.475/L262=5.282,3.410,0.464; peak=L261 margin=1.192; split fraction/run=0.075/3; outer edges=3/693; body=3.0+/-2.8/694.0+/-3.0; switch onset=L261; last complete picture=L260; band bottom=L262; row Y(mean/std) L22=1.370/0.483 L23=4.472/0.973 L24=25.548/1.101 L260=22.230/1.480 L261=16.834/6.366 L262=10.214/0.860",260,286,523,525,525,direct,"commercial tape; raw first pass-through row is picture; dark first band retained; raw three-third displacement L522=0.515,0.511,0.570/L523=0.468,0.502,0.572/L524=0.504,2.675,6.268/L525=5.141,2.060,0.457; peak=L524 margin=1.127; split fraction/run=0.014/1; outer edges=4/694; body=4.0+/-3.0/694.0+/-3.0; switch onset=L524; last complete picture=L523; band bottom=L525",523,0,0
219,6261,23,260,262,262,cv_inspected,"commercial tape; raw first pass-through row is picture; dark first band retained; raw three-third displacement L259=0.546,0.711,0.789/L260=0.648,0.850,0.927/L261=0.736,3.081,6.691/L262=5.544,3.233,0.477; peak=L261 margin=1.147; split fraction/run=0.038/4; outer edges=4/697; body=3.0+/-2.0/694.0+/-4.0; switch onset=L261; last complete picture=L260; band bottom=L262; row Y(mean/std) L22=1.386/0.487 L23=4.798/0.940 L24=25.900/1.133 L260=22.216/1.645 L261=16.741/6.631 L262=10.075/0.841",260,286,523,525,525,direct,"commercial tape; raw first pass-through row is picture; dark first band retained; raw three-third displacement L522=0.470,0.599,0.531/L523=0.506,0.575,0.499/L524=0.551,2.740,6.008/L525=5.103,2.503,0.419; peak=L524 margin=0.905; split fraction/run=0.014/1; outer edges=6/696; body=4.0+/-2.9/693.0+/-3.0; switch onset=L524; last complete picture=L523; band bottom=L525",523,0,0
220,6262,23,260,262,262,cv_inspected,"commercial tape; raw first pass-through row is picture; dark first band retained; raw three-third displacement L259=0.596,0.647,0.731/L260=0.726,0.863,0.891/L261=0.681,3.180,6.799/L262=5.328,3.447,0.514; peak=L261 margin=1.471; split fraction/run=0.066/5; outer edges=4/692; body=4.0+/-2.0/694.0+/-4.0; switch onset=L261; last complete picture=L260; band bottom=L262; row Y(mean/std) L22=1.356/0.479 L23=4.702/0.891 L24=25.648/1.171 L260=22.155/1.733 L261=16.769/6.623 L262=10.216/0.937",260,286,523,525,525,direct,"commercial tape; raw first pass-through row is picture; dark first band retained; raw three-third displacement L522=0.510,0.518,0.538/L523=0.508,0.550,0.610/L524=0.529,2.732,6.117/L525=4.929,2.707,0.513; peak=L524 margin=1.188; split fraction/run=0.014/1; outer edges=7/694; body=3.0+/-3.0/694.0+/-3.0; switch onset=L524; last complete picture=L523; band bottom=L525",523,0,0
221,6263,23,260,262,262,cv_inspected,"commercial tape; raw first pass-through row is picture; dark first band retained; raw three-third displacement L259=0.597,0.658,0.782/L260=0.664,0.802,0.915/L261=0.655,3.043,6.840/L262=5.482,3.270,0.482; peak=L261 margin=1.358; split fraction/run=0.056/4; outer edges=4/692; body=4.0+/-2.5/694.0+/-3.3; switch onset=L261; last complete picture=L260; band bottom=L262; row Y(mean/std) L22=1.372/0.483 L23=4.802/0.952 L24=25.830/1.134 L260=22.327/1.710 L261=16.819/6.666 L262=10.033/0.848",260,286,523,525,525,direct,"commercial tape; raw first pass-through row is picture; dark first band retained; raw three-third displacement L522=0.457,0.554,0.485/L523=0.479,0.517,0.532/L524=0.503,2.500,5.956/L525=4.903,2.469,0.403; peak=L524 margin=1.054; split fraction/run=0.028/2; outer edges=3/695; body=4.0+/-2.0/694.0+/-4.0; switch onset=L524; last complete picture=L523; band bottom=L525",523,0,0
222,6264,23,260,262,262,cv_inspected,"commercial tape; raw first pass-through row is picture; dark first band retained; raw three-third displacement L259=0.526,0.574,0.870/L260=0.509,0.840,0.834/L261=0.562,3.121,7.141/L262=5.401,3.337,0.453; peak=L261 margin=1.740; split fraction/run=0.047/5; outer edges=3/693; body=4.0+/-2.0/694.0+/-3.0; switch onset=L261; last complete picture=L260; band bottom=L262; row Y(mean/std) L22=1.383/0.486 L23=4.669/0.910 L24=25.627/1.162 L260=22.709/1.624 L261=17.008/6.739 L262=10.272/0.897",260,286,523,525,525,direct,"commercial tape; raw first pass-through row is picture; dark first band retained; raw three-third displacement L522=0.478,0.511,0.545/L523=0.435,0.515,0.651/L524=0.474,2.725,6.309/L525=5.069,2.421,0.417; peak=L524 margin=1.240; split fraction/run=0.014/1; outer edges=5/693; body=3.0+/-3.0/694.0+/-4.0; switch onset=L524; last complete picture=L523; band bottom=L525",523,0,0
223,6265,23,260,262,262,cv_inspected,"commercial tape; raw first pass-through row is picture; dark first band retained; raw three-third displacement L259=0.539,0.752,0.944/L260=0.549,0.755,0.848/L261=0.680,3.076,7.180/L262=5.562,3.323,0.537; peak=L261 margin=1.618; split fraction/run=0.056/5; outer edges=4/694; body=4.0+/-2.0/694.0+/-4.0; switch onset=L261; last complete picture=L260; band bottom=L262; row Y(mean/std) L22=1.381/0.486 L23=4.834/1.002 L24=25.989/1.049 L260=22.856/1.619 L261=17.308/6.898 L262=10.522/0.982",260,286,523,525,525,cv_inspected,"commercial tape; raw first pass-through row is picture; dark first band retained; raw three-third displacement L522=0.542,0.484,0.541/L523=0.525,0.529,0.583/L524=0.572,2.576,5.983/L525=5.248,2.274,0.459; peak=L524 margin=0.735; split fraction/run=0.038/3; outer edges=5/692; body=4.0+/-2.0/694.0+/-3.0; switch onset=L524; last complete picture=L523; band bottom=L525; row Y(mean/std) L285=1.378/0.485 L286=27.247/1.453 L287=27.328/1.465 L523=23.495/1.421 L524=17.691/6.261 L525=11.727/0.901",523,0,0
224,6266,23,260,262,262,direct,"commercial tape; raw first pass-through row is picture; dark first band retained; raw three-third displacement L259=0.515,0.720,1.030/L260=0.519,0.702,0.891/L261=0.575,3.238,7.158/L262=5.379,3.277,0.444; peak=L261 margin=1.779; split fraction/run=0.033/3; outer edges=4/694; body=4.0+/-2.0/694.0+/-3.3; switch onset=L261; last complete picture=L260; band bottom=L262",260,286,523,525,525,direct,"commercial tape; raw first pass-through row is picture; dark first band retained; raw three-third displacement L522=0.514,0.457,0.653/L523=0.478,0.495,0.616/L524=0.549,2.720,6.289/L525=5.338,2.365,0.533; peak=L524 margin=0.951; split fraction/run=0.023/2; outer edges=3/694; body=3.0+/-2.0/694.0+/-4.0; switch onset=L524; last complete picture=L523; band bottom=L525",523,0,0
225,6267,23,260,262,262,cv_inspected,"commercial tape; raw first pass-through row is picture; dark first band retained; raw three-third displacement L259=0.566,0.731,0.902/L260=0.631,0.655,0.762/L261=0.674,3.228,7.003/L262=5.576,2.770,0.434; peak=L261 margin=1.427; split fraction/run=0.066/5; outer edges=3/692; body=3.0+/-3.0/694.0+/-3.0; switch onset=L261; last complete picture=L260; band bottom=L262; row Y(mean/std) L22=1.367/0.482 L23=5.047/1.039 L24=26.339/1.027 L260=22.875/1.637 L261=16.917/6.618 L262=10.711/0.857",260,286,523,525,525,direct,"commercial tape; raw first pass-through row is picture; dark first band retained; raw three-third displacement L522=0.634,0.441,0.644/L523=0.468,0.521,0.539/L524=0.485,0.696,3.857/L525=5.237,3.694,1.881; peak=L525 margin=1.380; split fraction/run=0.589/124; outer edges=1/714; body=3.0+/-2.0/693.0+/-4.0; switch onset=L524; last complete picture=L523; band bottom=L525",523,0,0
226,6268,23,260,262,262,cv_inspected,"commercial tape; raw first pass-through row is picture; dark first band retained; raw three-third displacement L259=0.521,0.468,0.621/L260=0.564,0.472,0.619/L261=0.588,0.781,1.061/L262=0.907,3.757,5.853; peak=L262 margin=4.792; split fraction/run=0.023/2; outer edges=3/698; body=3.0+/-3.0/694.0+/-3.0; switch onset=L261; last complete picture=L260; band bottom=L262; row Y(mean/std) L22=1.355/0.478 L23=5.173/1.156 L24=26.636/1.425 L260=22.731/1.345 L261=22.031/1.929 L262=15.363/5.612",260,286,523,525,525,direct,"commercial tape; raw first pass-through row is picture; dark first band retained; raw three-third displacement L522=0.489,0.434,0.505/L523=0.599,0.548,0.768/L524=0.789,0.677,1.339/L525=0.762,0.686,3.952; peak=L525 margin=2.614; split fraction/run=0.155/11; outer edges=3/620; body=3.0+/-2.8/694.0+/-4.8; switch onset=L524; last complete picture=L523; band bottom=L525",523,0,0
227,6269,23,260,262,262,cv_inspected,"commercial tape; raw first pass-through row is picture; dark first band retained; raw three-third displacement L259=0.413,0.334,0.519/L260=0.445,0.371,0.528/L261=0.456,0.625,0.775/L262=0.587,0.442,0.511; peak=L261 margin=0.188; split fraction/run=0.005/1; outer edges=1/695; body=3.0+/-3.0/693.0+/-5.0; switch onset=L261; last complete picture=L260; band bottom=L262; row Y(mean/std) L22=1.361/0.480 L23=11.980/10.484 L24=11.650/12.162 L260=23.137/1.152 L261=22.177/1.540 L262=21.548/1.416",260,286,524,-1,525,cv_inspected,"commercial tape; raw first pass-through row is picture; dark first band retained; raw three-third displacement L522=0.422,0.313,0.408/L523=0.404,0.358,0.379/L524=0.462,0.432,0.504/L525=0.584,0.425,0.703; peak=L525 margin=0.199; split fraction/run=0.009/1; outer edges=3/694; body=3.0+/-3.0/694.0+/-4.0; switch onset=L525; last complete picture=L524; band bottom=none at clip; row Y(mean/std) L285=1.378/0.485 L286=22.773/8.752 L287=23.242/8.881 L524=23.528/1.506 L525=23.816/1.227",524,0,0
228,6270,23,261,-1,262,cv_inspected,"commercial tape; raw first pass-through row is picture; dark first band retained; raw three-third displacement L259=0.476,0.510,0.616/L260=0.441,0.555,0.708/L261=0.509,0.659,0.763/L262=0.578,0.659,0.806; peak=L262 margin=0.043; split fraction/run=0.047/4; outer edges=5/698; body=4.0+/-4.0/693.0+/-5.0; switch onset=L262; last complete picture=L261; band bottom=none at clip; row Y(mean/std) L22=1.359/0.480 L23=12.505/7.552 L24=7.545/4.565 L261=24.323/1.288 L262=23.916/1.339",261,286,521,525,525,cv_inspected,"commercial tape; raw first pass-through row is picture; dark first band retained; raw three-third displacement L522=1.181,1.090,1.293/L523=1.247,1.012,1.165/L524=0.885,1.162,0.835/L525=0.973,0.994,0.967; peak=L522 margin=0.046; split fraction/run=0.042/2; outer edges=2/702; body=3.0+/-3.0/699.0+/-7.0; switch onset=L522; last complete picture=L521; band bottom=L525; row Y(mean/std) L285=1.378/0.485 L286=12.559/2.057 L287=7.986/1.936 L521=19.786/1.358 L522=18.886/1.737 L525=20.186/1.507",521,0,0
229,6271,23,261,-1,262,cv_inspected,"commercial tape; raw first pass-through row is picture; dark first band retained; raw three-third displacement L259=0.918,0.854,0.910/L260=0.912,0.833,0.821/L261=0.815,0.836,0.773/L262=0.948,1.074,0.910; peak=L262 margin=0.156; split fraction/run=0.042/2; outer edges=3/700; body=3.0+/-2.0/700.0+/-3.0; switch onset=L262; last complete picture=L261; band bottom=none at clip; row Y(mean/std) L22=1.370/0.483 L23=19.812/12.692 L24=26.669/8.432 L261=19.831/1.255 L262=19.284/1.300",261,286,523,525,525,cv_inspected,"commercial tape; raw first pass-through row is picture; dark first band retained; raw three-third displacement L522=1.214,1.125,1.016/L523=1.234,1.155,1.199/L524=1.234,1.138,1.000/L525=1.037,1.112,1.756; peak=L525 margin=0.522; split fraction/run=0.089/5; outer edges=2/703; body=3.0+/-2.0/700.0+/-2.0; switch onset=L524; last complete picture=L523; band bottom=L525; row Y(mean/std) L285=1.372/0.483 L286=19.994/11.766 L287=21.866/10.365 L523=17.158/1.456 L524=17.056/1.482 L525=16.544/1.993",523,0,0
230,6272,23,260,262,262,cv_inspected,"commercial tape; raw first pass-through row is picture; dark first band retained; raw three-third displacement L259=0.862,0.721,0.832/L260=0.905,0.790,0.826/L261=0.898,0.871,0.732/L262=1.053,1.060,0.835; peak=L262 margin=0.155; split fraction/run=0.038/3; outer edges=3/697; body=2.0+/-2.0/700.0+/-2.0; switch onset=L261; last complete picture=L260; band bottom=L262; row Y(mean/std) L22=1.380/0.485 L23=9.136/7.810 L24=11.319/10.018 L260=18.731/1.143 L261=18.625/1.166 L262=17.833/1.141",260,286,523,525,525,cv_inspected,"commercial tape; raw first pass-through row is picture; dark first band retained; raw three-third displacement L522=2.475,1.307,1.645/L523=1.256,0.824,0.982/L524=0.963,0.814,0.875/L525=0.836,1.641,2.966; peak=L525 margin=0.491; split fraction/run=0.047/4; outer edges=2/703; body=3.0+/-2.0/700.0+/-2.0; switch onset=L524; last complete picture=L523; band bottom=L525; row Y(mean/std) L285=1.355/0.478 L286=18.819/12.253 L287=20.036/11.873 L523=17.125/1.269 L524=17.236/1.172 L525=15.403/2.769",523,0,0
231,6273,23,261,-1,262,cv_inspected,"commercial tape; raw first pass-through row is picture; dark first band retained; raw three-third displacement L259=2.440,1.459,1.583/L260=1.263,0.927,1.077/L261=1.041,0.873,0.963/L262=0.965,1.674,2.846; peak=L262 margin=0.406; split fraction/run=0.023/2; outer edges=3/701; body=3.0+/-2.0/700.0+/-2.0; switch onset=L262; last complete picture=L261; band bottom=none at clip; row Y(mean/std) L22=1.380/0.485 L23=19.055/12.293 L24=20.278/11.889 L261=16.962/1.340 L262=15.241/2.707",261,286,524,-1,525,cv_inspected,"commercial tape; raw first pass-through row is picture; dark first band retained; raw three-third displacement L522=2.470,1.442,1.600/L523=1.221,0.806,1.000/L524=1.009,0.874,0.978/L525=0.927,1.658,2.870; peak=L525 margin=0.400; split fraction/run=0.033/2; outer edges=3/700; body=2.0+/-2.0/700.0+/-2.0; switch onset=L525; last complete picture=L524; band bottom=none at clip; row Y(mean/std) L285=1.383/0.486 L286=18.894/12.279 L287=20.034/11.872 L524=17.103/1.241 L525=15.534/2.683",524,0,0
232,6274,23,257,262,262,cv_inspected,"commercial tape; raw first pass-through row is picture; dark first band retained; raw three-third displacement L259=2.691,2.460,2.023/L260=0.992,0.817,0.645/L261=0.548,0.623,0.549/L262=0.615,0.597,0.562; peak=L259 margin=1.699; split fraction/run=0.183/9; outer edges=2/627; body=1.0+/-3.0/702.0+/-3.0; switch onset=L258; last complete picture=L257; band bottom=L262; row Y(mean/std) L22=1.381/0.486 L23=33.455/15.027 L24=32.791/11.087 L257=20.023/2.342 L258=19.973/5.503 L262=19.961/0.959",257,286,524,-1,525,cv_inspected,"commercial tape; raw first pass-through row is picture; dark first band retained; raw three-third displacement L522=0.893,0.730,0.790/L523=0.807,0.965,0.912/L524=1.107,1.396,1.127/L525=2.145,1.986,1.762; peak=L525 margin=0.749; split fraction/run=0.160/6; outer edges=3/699; body=1.0+/-3.0/701.0+/-4.9; switch onset=L525; last complete picture=L524; band bottom=none at clip; row Y(mean/std) L285=1.386/0.487 L286=47.731/3.719 L287=47.953/3.883 L524=20.870/2.658 L525=17.341/1.811",524,0,0
233,6275,-1,-1,-1,-1,unmeasurable,commercial tape; raw-row review: no picture in either field; body Y=38.807/45.802,-1,-1,-1,-1,-1,unmeasurable,commercial tape; raw-row review: no picture in either field; body Y=28.550/34.755,-1,0,0
234,6276,-1,-1,-1,-1,unmeasurable,commercial tape; raw-row review: no picture in either field; body Y=24.031/30.445,-1,-1,-1,-1,-1,unmeasurable,commercial tape; raw-row review: no picture in either field; body Y=45.872/88.592,-1,0,0
235,6277,-1,-1,-1,-1,unmeasurable,commercial tape; raw-row review: no picture in either field; body Y=2.616/1.889,-1,-1,-1,-1,-1,unmeasurable,commercial tape; raw-row review: no picture in either field; body Y=4.918/1.531,-1,0,0
236,6278,-1,-1,-1,-1,unmeasurable,commercial tape; raw-row review: no picture in either field; body Y=7.038/1.639,-1,-1,-1,-1,-1,unmeasurable,commercial tape; raw-row review: no picture in either field; body Y=7.988/1.506,-1,0,0
237,6279,-1,-1,-1,-1,unmeasurable,commercial tape; raw-row review: no picture in either field; body Y=9.444/1.621,-1,-1,-1,-1,-1,unmeasurable,commercial tape; raw-row review: no picture in either field; body Y=10.508/1.537,-1,0,0
238,6280,-1,-1,-1,-1,unmeasurable,commercial tape; raw-row review: no picture in either field; body Y=11.465/1.620,-1,-1,-1,-1,-1,unmeasurable,commercial tape; raw-row review: no picture in either field; body Y=12.529/1.624,-1,0,0
239,6281,-1,-1,-1,-1,unmeasurable,commercial tape; raw-row review: no picture in either field; body Y=13.099/1.530,-1,-1,-1,-1,-1,unmeasurable,commercial tape; raw-row review: no picture in either field; body Y=13.789/1.574,-1,0,0
240,6282,-1,-1,-1,-1,unmeasurable,commercial tape; raw-row review: no picture in either field; body Y=14.896/1.517,-1,-1,-1,-1,-1,unmeasurable,commercial tape; raw-row review: no picture in either field; body Y=15.062/1.611,-1,0,0
241,6283,-1,-1,-1,-1,unmeasurable,commercial tape; raw-row review: no picture in either field; body Y=15.839/1.585,-1,-1,-1,-1,-1,unmeasurable,commercial tape; raw-row review: no picture in either field; body Y=16.678/1.687,-1,0,0
242,6284,-1,-1,-1,-1,unmeasurable,commercial tape; raw-row review: no picture in either field; body Y=16.291/1.561,-1,-1,-1,-1,-1,unmeasurable,commercial tape; raw-row review: no picture in either field; body Y=16.660/1.634,-1,0,0
243,6285,-1,-1,-1,-1,unmeasurable,commercial tape; raw-row review: no picture in either field; body Y=16.227/3.364,-1,-1,-1,-1,-1,unmeasurable,commercial tape; raw-row review: no picture in either field; body Y=16.686/1.554,-1,0,0
244,6286,-1,-1,-1,-1,unmeasurable,commercial tape; raw-row review: no picture in either field; body Y=17.416/1.655,-1,-1,-1,-1,-1,unmeasurable,commercial tape; raw-row review: no picture in either field; body Y=16.758/1.491,-1,0,0
245,6287,-1,-1,-1,-1,unmeasurable,commercial tape; raw-row review: no picture in either field; body Y=17.269/1.563,-1,-1,-1,-1,-1,unmeasurable,commercial tape; raw-row review: no picture in either field; body Y=16.896/1.603,-1,0,0
246,6288,-1,-1,-1,-1,unmeasurable,commercial tape; raw-row review: no picture in either field; body Y=16.760/1.599,-1,-1,-1,-1,-1,unmeasurable,commercial tape; raw-row review: no picture in either field; body Y=16.741/1.625,-1,0,0
247,6289,-1,-1,-1,-1,unmeasurable,commercial tape; raw-row review: no picture in either field; body Y=17.815/1.658,-1,-1,-1,-1,-1,unmeasurable,commercial tape; raw-row review: no picture in either field; body Y=17.073/1.590,-1,0,0
248,6290,-1,-1,-1,-1,unmeasurable,commercial tape; raw-row review: no picture in either field; body Y=18.051/1.636,-1,-1,-1,-1,-1,unmeasurable,commercial tape; raw-row review: no picture in either field; body Y=17.123/1.630,-1,0,0
249,6291,-1,-1,-1,-1,unmeasurable,commercial tape; raw-row review: no picture in either field; body Y=17.448/1.577,-1,-1,-1,-1,-1,unmeasurable,commercial tape; raw-row review: no picture in either field; body Y=16.921/1.530,-1,0,0
250,6292,-1,-1,-1,-1,unmeasurable,commercial tape; raw-row review: no picture in either field; body Y=17.326/1.430,-1,-1,-1,-1,-1,unmeasurable,commercial tape; raw-row review: no picture in either field; body Y=17.225/1.600,-1,0,0
251,6293,-1,-1,-1,-1,unmeasurable,commercial tape; raw-row review: no picture in either field; body Y=17.517/1.537,-1,-1,-1,-1,-1,unmeasurable,commercial tape; raw-row review: no picture in either field; body Y=17.500/1.470,-1,0,0
252,6294,-1,-1,-1,-1,unmeasurable,commercial tape; raw-row review: no picture in either field; body Y=17.549/1.451,-1,-1,-1,-1,-1,unmeasurable,commercial tape; raw-row review: no picture in either field; body Y=17.677/1.490,-1,0,0
253,6295,-1,-1,-1,-1,unmeasurable,commercial tape; raw-row review: no picture in either field; body Y=17.828/1.486,-1,-1,-1,-1,-1,unmeasurable,commercial tape; raw-row review: no picture in either field; body Y=18.055/1.502,-1,0,0
254,6296,-1,-1,-1,-1,unmeasurable,commercial tape; raw-row review: no picture in either field; body Y=18.494/1.660,-1,-1,-1,-1,-1,unmeasurable,commercial tape; raw-row review: no picture in either field; body Y=18.148/1.460,-1,0,0
255,6297,-1,-1,-1,-1,unmeasurable,commercial tape; raw-row review: no picture in either field; body Y=18.790/1.590,-1,-1,-1,-1,-1,unmeasurable,commercial tape; raw-row review: no picture in either field; body Y=18.443/1.523,-1,0,0
256,6298,-1,-1,-1,-1,unmeasurable,commercial tape; raw-row review: no picture in either field; body Y=18.854/1.480,-1,-1,-1,-1,-1,unmeasurable,commercial tape; raw-row review: no picture in either field; body Y=19.146/1.556,-1,0,0
257,6299,-1,-1,-1,-1,unmeasurable,commercial tape; raw-row review: no picture in either field; body Y=20.234/1.556,-1,-1,-1,-1,-1,unmeasurable,commercial tape; raw-row review: no picture in either field; body Y=20.178/1.606,-1,0,0
258,6300,-1,-1,-1,-1,unmeasurable,commercial tape; raw-row review: no picture in either field; body Y=20.514/1.636,-1,-1,-1,-1,-1,unmeasurable,commercial tape; raw-row review: no picture in either field; body Y=20.575/1.657,-1,0,0
259,6301,-1,-1,-1,-1,unmeasurable,commercial tape; raw-row review: no picture in either field; body Y=20.558/1.642,-1,-1,-1,-1,-1,unmeasurable,commercial tape; raw-row review: no picture in either field; body Y=19.909/1.560,-1,0,0
260,6302,-1,-1,-1,-1,unmeasurable,commercial tape; raw-row review: no picture in either field; body Y=20.126/1.599,-1,-1,-1,-1,-1,unmeasurable,commercial tape; raw-row review: no picture in either field; body Y=19.540/1.646,-1,0,0
261,6303,-1,-1,-1,-1,unmeasurable,commercial tape; raw-row review: no picture in either field; body Y=19.632/1.712,-1,-1,-1,-1,-1,unmeasurable,commercial tape; raw-row review: no picture in either field; body Y=19.778/1.587,-1,0,0
262,6304,-1,-1,-1,-1,unmeasurable,commercial tape; raw-row review: no picture in either field; body Y=19.375/1.555,-1,-1,-1,-1,-1,unmeasurable,commercial tape; raw-row review: no picture in either field; body Y=19.661/1.586,-1,0,0
263,6305,-1,-1,-1,-1,unmeasurable,commercial tape; raw-row review: no picture in either field; body Y=19.444/1.496,-1,-1,-1,-1,-1,unmeasurable,commercial tape; raw-row review: no picture in either field; body Y=19.325/1.554,-1,0,0
264,6306,-1,-1,-1,-1,unmeasurable,commercial tape; raw-row review: no picture in either field; body Y=19.064/1.519,-1,-1,-1,-1,-1,unmeasurable,commercial tape; raw-row review: no picture in either field; body Y=19.018/1.549,-1,0,0
265,6307,-1,-1,-1,-1,unmeasurable,commercial tape; raw-row review: no picture in either field; body Y=18.940/1.575,-1,-1,-1,-1,-1,unmeasurable,commercial tape; raw-row review: no picture in either field; body Y=19.243/1.537,-1,0,0
266,6308,-1,-1,-1,-1,unmeasurable,commercial tape; raw-row review: no picture in either field; body Y=18.668/1.586,-1,-1,-1,-1,-1,unmeasurable,commercial tape; raw-row review: no picture in either field; body Y=18.306/1.673,-1,0,0
267,6309,-1,-1,-1,-1,unmeasurable,commercial tape; raw-row review: no picture in either field; body Y=18.813/1.671,-1,-1,-1,-1,-1,unmeasurable,commercial tape; raw-row review: no picture in either field; body Y=18.120/1.700,-1,0,0
268,6310,-1,-1,-1,-1,unmeasurable,commercial tape; raw-row review: no picture in either field; body Y=18.353/1.611,-1,-1,-1,-1,-1,unmeasurable,commercial tape; raw-row review: no picture in either field; body Y=17.512/1.733,-1,0,0
269,6311,-1,-1,-1,-1,unmeasurable,commercial tape; raw-row review: no picture in either field; body Y=18.273/1.450,-1,-1,-1,-1,-1,unmeasurable,commercial tape; raw-row review: no picture in either field; body Y=17.997/1.685,-1,0,0
270,6312,-1,-1,-1,-1,unmeasurable,commercial tape; raw-row review: no picture in either field; body Y=18.435/1.575,-1,-1,-1,-1,-1,unmeasurable,commercial tape; raw-row review: no picture in either field; body Y=18.546/1.551,-1,0,0
271,6313,-1,-1,-1,-1,unmeasurable,commercial tape; raw-row review: no picture in either field; body Y=18.583/1.533,-1,-1,-1,-1,-1,unmeasurable,commercial tape; raw-row review: no picture in either field; body Y=18.453/1.450,-1,0,0
272,6314,-1,-1,-1,-1,unmeasurable,commercial tape; raw-row review: no picture in either field; body Y=18.877/1.537,-1,-1,-1,-1,-1,unmeasurable,commercial tape; raw-row review: no picture in either field; body Y=18.570/1.423,-1,0,0
273,6315,-1,-1,-1,-1,unmeasurable,commercial tape; raw-row review: no picture in either field; body Y=19.392/1.569,-1,-1,-1,-1,-1,unmeasurable,commercial tape; raw-row review: no picture in either field; body Y=18.975/1.548,-1,0,0
274,6316,-1,-1,-1,-1,unmeasurable,commercial tape; raw-row review: no picture in either field; body Y=20.209/1.636,-1,-1,-1,-1,-1,unmeasurable,commercial tape; raw-row review: no picture in either field; body Y=20.144/1.659,-1,0,0
275,6317,-1,-1,-1,-1,unmeasurable,commercial tape; raw-row review: no picture in either field; body Y=20.579/1.624,-1,-1,-1,-1,-1,unmeasurable,commercial tape; raw-row review: no picture in either field; body Y=20.409/1.644,-1,0,0
276,6318,-1,-1,-1,-1,unmeasurable,commercial tape; raw-row review: no picture in either field; body Y=20.354/1.619,-1,-1,-1,-1,-1,unmeasurable,commercial tape; raw-row review: no picture in either field; body Y=19.559/1.604,-1,0,0
277,6319,-1,-1,-1,-1,unmeasurable,commercial tape; raw-row review: no picture in either field; body Y=19.699/1.591,-1,-1,-1,-1,-1,unmeasurable,commercial tape; raw-row review: no picture in either field; body Y=18.631/1.607,-1,0,0
278,6320,-1,-1,-1,-1,unmeasurable,commercial tape; raw-row review: no picture in either field; body Y=18.851/1.622,-1,-1,-1,-1,-1,unmeasurable,commercial tape; raw-row review: no picture in either field; body Y=18.341/1.500,-1,0,0
279,6321,-1,-1,-1,-1,unmeasurable,commercial tape; raw-row review: no picture in either field; body Y=8.240/8.498,-1,-1,-1,-1,-1,unmeasurable,commercial tape; raw-row review: no picture in either field; body Y=2.271/1.252,-1,0,0
280,6322,-1,-1,-1,-1,unmeasurable,commercial tape; raw-row review: no picture in either field; body Y=2.020/1.208,-1,-1,-1,-1,-1,unmeasurable,commercial tape; raw-row review: no picture in either field; body Y=1.579/0.729,-1,0,0
281,6323,-1,-1,-1,-1,unmeasurable,commercial tape; raw-row review: no picture in either field; body Y=1.687/0.857,-1,-1,-1,-1,-1,unmeasurable,commercial tape; raw-row review: no picture in either field; body Y=1.509/0.671,-1,0,0
282,6324,-1,-1,-1,-1,unmeasurable,commercial tape; raw-row review: no picture in either field; body Y=1.516/0.662,-1,-1,-1,-1,-1,unmeasurable,commercial tape; raw-row review: no picture in either field; body Y=1.449/0.604,-1,0,0
283,6325,-1,-1,-1,-1,unmeasurable,commercial tape; raw-row review: no picture in either field; body Y=1.513/0.654,-1,-1,-1,-1,-1,unmeasurable,commercial tape; raw-row review: no picture in either field; body Y=1.408/0.520,-1,0,0
284,6326,-1,-1,-1,-1,unmeasurable,commercial tape; raw-row review: no picture in either field; body Y=1.440/0.564,-1,-1,-1,-1,-1,unmeasurable,commercial tape; raw-row review: no picture in either field; body Y=1.475/0.684,-1,0,0
285,6327,-1,-1,-1,-1,unmeasurable,commercial tape; raw-row review: no picture in either field; body Y=1.470/0.676,-1,-1,-1,-1,-1,unmeasurable,commercial tape; raw-row review: no picture in either field; body Y=1.477/0.680,-1,0,0
286,6328,-1,-1,-1,-1,unmeasurable,commercial tape; raw-row review: no picture in either field; body Y=1.422/0.542,-1,-1,-1,-1,-1,unmeasurable,commercial tape; raw-row review: no picture in either field; body Y=1.456/0.675,-1,0,0
287,6329,-1,-1,-1,-1,unmeasurable,commercial tape; raw-row review: no picture in either field; body Y=1.387/0.498,-1,-1,-1,-1,-1,unmeasurable,commercial tape; raw-row review: no picture in either field; body Y=2.031/2.120,-1,0,0
288,6330,-1,-1,-1,-1,unmeasurable,commercial tape; raw-row review: no picture in either field; body Y=8.039/22.504,-1,-1,-1,-1,-1,unmeasurable,commercial tape; raw-row review: no picture in either field; body Y=2.365/4.104,-1,0,0
289,6331,-1,-1,-1,-1,unmeasurable,commercial tape; raw-row review: no picture in either field; body Y=8.016/26.521,-1,-1,-1,-1,-1,unmeasurable,commercial tape; raw-row review: no picture in either field; body Y=2.187/4.179,-1,0,0
290,6332,-1,-1,-1,-1,unmeasurable,commercial tape; raw-row review: no picture in either field; body Y=8.268/28.767,-1,-1,-1,-1,-1,unmeasurable,commercial tape; raw-row review: no picture in either field; body Y=2.151/2.963,-1,0,0
291,6333,-1,-1,-1,-1,unmeasurable,commercial tape; raw-row review: no picture in either field; body Y=7.899/25.173,-1,-1,-1,-1,-1,unmeasurable,commercial tape; raw-row review: no picture in either field; body Y=3.455/6.940,-1,0,0
292,6334,-1,-1,-1,-1,unmeasurable,commercial tape; raw-row review: no picture in either field; body Y=7.756/25.254,-1,-1,-1,-1,-1,unmeasurable,commercial tape; raw-row review: no picture in either field; body Y=2.974/7.080,-1,0,0
293,6335,-1,-1,-1,-1,unmeasurable,commercial tape; raw-row review: no picture in either field; body Y=8.475/28.140,-1,-1,-1,-1,-1,unmeasurable,commercial tape; raw-row review: no picture in either field; body Y=2.127/4.400,-1,0,0
294,6336,-1,-1,-1,-1,unmeasurable,commercial tape; raw-row review: no picture in either field; body Y=8.345/27.137,-1,-1,-1,-1,-1,unmeasurable,commercial tape; raw-row review: no picture in either field; body Y=4.853/4.920,-1,0,0
295,6337,-1,-1,-1,-1,unmeasurable,commercial tape; raw-row review: no picture in either field; body Y=10.177/32.041,-1,-1,-1,-1,-1,unmeasurable,commercial tape; raw-row review: no picture in either field; body Y=2.907/7.015,-1,0,0
296,6338,-1,-1,-1,-1,unmeasurable,commercial tape; raw-row review: no picture in either field; body Y=6.435/23.150,-1,-1,-1,-1,-1,unmeasurable,commercial tape; raw-row review: no picture in either field; body Y=2.447/4.577,-1,0,0
297,6339,-1,-1,-1,-1,unmeasurable,commercial tape; raw-row review: no picture in either field; body Y=7.235/23.981,-1,-1,-1,-1,-1,unmeasurable,commercial tape; raw-row review: no picture in either field; body Y=2.146/4.362,-1,0,0
298,6340,-1,-1,-1,-1,unmeasurable,commercial tape; raw-row review: no picture in either field; body Y=5.923/20.857,-1,-1,-1,-1,-1,unmeasurable,commercial tape; raw-row review: no picture in either field; body Y=2.974/3.442,-1,0,0
299,6341,-1,-1,-1,-1,unmeasurable,commercial tape; raw-row review: no picture in either field; body Y=6.222/20.851,-1,-1,-1,-1,-1,unmeasurable,commercial tape; raw-row review: no picture in either field; body Y=2.663/4.189,-1,0,0
300,6342,-1,-1,-1,-1,unmeasurable,commercial tape; raw-row review: no picture in either field; body Y=6.162/22.535,-1,-1,-1,-1,-1,unmeasurable,commercial tape; raw-row review: no picture in either field; body Y=1.837/2.877,-1,0,0
301,6343,-1,-1,-1,-1,unmeasurable,commercial tape; raw-row review: no picture in either field; body Y=5.743/21.578,-1,-1,-1,-1,-1,unmeasurable,commercial tape; raw-row review: no picture in either field; body Y=1.760/3.569,-1,0,0
302,6344,-1,-1,-1,-1,unmeasurable,commercial tape; raw-row review: no picture in either field; body Y=5.661/20.935,-1,-1,-1,-1,-1,unmeasurable,commercial tape; raw-row review: no picture in either field; body Y=1.951/5.728,-1,0,0
303,6345,-1,-1,-1,-1,unmeasurable,commercial tape; raw-row review: no picture in either field; body Y=6.106/22.170,-1,-1,-1,-1,-1,unmeasurable,commercial tape; raw-row review: no picture in either field; body Y=2.038/6.922,-1,0,0
304,6346,-1,-1,-1,-1,unmeasurable,commercial tape; raw-row review: no picture in either field; body Y=6.346/22.739,-1,-1,-1,-1,-1,unmeasurable,commercial tape; raw-row review: no picture in either field; body Y=2.140/5.794,-1,0,0
305,6347,-1,-1,-1,-1,unmeasurable,commercial tape; raw-row review: no picture in either field; body Y=6.170/21.910,-1,-1,-1,-1,-1,unmeasurable,commercial tape; raw-row review: no picture in either field; body Y=1.804/4.650,-1,0,0
306,6348,-1,-1,-1,-1,unmeasurable,commercial tape; raw-row review: no picture in either field; body Y=5.031/17.954,-1,-1,-1,-1,-1,unmeasurable,commercial tape; raw-row review: no picture in either field; body Y=2.538/9.274,-1,0,0
307,6349,-1,-1,-1,-1,unmeasurable,commercial tape; raw-row review: no picture in either field; body Y=5.618/19.658,-1,-1,-1,-1,-1,unmeasurable,commercial tape; raw-row review: no picture in either field; body Y=1.863/4.409,-1,0,0
308,6350,-1,-1,-1,-1,unmeasurable,commercial tape; raw-row review: no picture in either field; body Y=5.598/20.523,-1,-1,-1,-1,-1,unmeasurable,commercial tape; raw-row review: no picture in either field; body Y=1.948/3.981,-1,0,0
309,6351,-1,-1,-1,-1,unmeasurable,commercial tape; raw-row review: no picture in either field; body Y=6.294/22.129,-1,-1,-1,-1,-1,unmeasurable,commercial tape; raw-row review: no picture in either field; body Y=2.263/6.419,-1,0,0
310,6352,-1,-1,-1,-1,unmeasurable,commercial tape; raw-row review: no picture in either field; body Y=6.160/21.323,-1,-1,-1,-1,-1,unmeasurable,commercial tape; raw-row review: no picture in either field; body Y=1.740/3.389,-1,0,0
311,6353,-1,-1,-1,-1,unmeasurable,commercial tape; raw-row review: no picture in either field; body Y=5.455/20.985,-1,-1,-1,-1,-1,unmeasurable,commercial tape; raw-row review: no picture in either field; body Y=1.967/4.614,-1,0,0
312,6354,-1,-1,-1,-1,unmeasurable,commercial tape; raw-row review: no picture in either field; body Y=1.974/4.621,-1,-1,-1,-1,-1,unmeasurable,commercial tape; raw-row review: no picture in either field; body Y=1.981/4.603,-1,0,0
313,6355,-1,-1,-1,-1,unmeasurable,commercial tape; raw-row review: no picture in either field; body Y=6.297/22.650,-1,-1,-1,-1,-1,unmeasurable,commercial tape; raw-row review: no picture in either field; body Y=1.883/4.254,-1,0,0
314,6356,-1,-1,-1,-1,unmeasurable,commercial tape; raw-row review: no picture in either field; body Y=3.562/8.398,-1,-1,-1,-1,-1,unmeasurable,commercial tape; raw-row review: no picture in either field; body Y=9.274/27.662,-1,0,0
315,6357,-1,-1,-1,-1,unmeasurable,commercial tape; raw-row review: no picture in either field; body Y=2.652/6.838,-1,-1,-1,-1,-1,unmeasurable,commercial tape; raw-row review: no picture in either field; body Y=7.988/25.627,-1,0,0
316,6358,-1,-1,-1,-1,unmeasurable,commercial tape; raw-row review: no picture in either field; body Y=3.957/4.564,-1,-1,-1,-1,-1,unmeasurable,commercial tape; raw-row review: no picture in either field; body Y=7.501/25.918,-1,0,0
317,6359,-1,-1,-1,-1,unmeasurable,commercial tape; raw-row review: no picture in either field; body Y=1.873/3.702,-1,-1,-1,-1,-1,unmeasurable,commercial tape; raw-row review: no picture in either field; body Y=5.784/21.285,-1,0,0
318,6360,-1,-1,-1,-1,unmeasurable,commercial tape; raw-row review: no picture in either field; body Y=2.920/4.677,-1,-1,-1,-1,-1,unmeasurable,commercial tape; raw-row review: no picture in either field; body Y=6.757/22.353,-1,0,0
319,6361,-1,-1,-1,-1,unmeasurable,commercial tape; raw-row review: no picture in either field; body Y=1.868/5.713,-1,-1,-1,-1,-1,unmeasurable,commercial tape; raw-row review: no picture in either field; body Y=6.648/23.970,-1,0,0
320,6362,-1,-1,-1,-1,unmeasurable,commercial tape; raw-row review: no picture in either field; body Y=1.681/4.844,-1,-1,-1,-1,-1,unmeasurable,commercial tape; raw-row review: no picture in either field; body Y=8.018/26.635,-1,0,0
321,6363,-1,-1,-1,-1,unmeasurable,commercial tape; raw-row review: no picture in either field; body Y=2.031/7.729,-1,-1,-1,-1,-1,unmeasurable,commercial tape; raw-row review: no picture in either field; body Y=8.347/28.933,-1,0,0
322,6364,-1,-1,-1,-1,unmeasurable,commercial tape; raw-row review: no picture in either field; body Y=1.897/5.287,-1,-1,-1,-1,-1,unmeasurable,commercial tape; raw-row review: no picture in either field; body Y=7.307/24.338,-1,0,0
323,6365,-1,-1,-1,-1,unmeasurable,commercial tape; raw-row review: no picture in either field; body Y=2.475/5.654,-1,-1,-1,-1,-1,unmeasurable,commercial tape; raw-row review: no picture in either field; body Y=7.392/23.651,-1,0,0
324,6366,-1,-1,-1,-1,unmeasurable,commercial tape; raw-row review: no picture in either field; body Y=1.875/6.558,-1,-1,-1,-1,-1,unmeasurable,commercial tape; raw-row review: no picture in either field; body Y=7.064/24.412,-1,0,0
325,6367,-1,-1,-1,-1,unmeasurable,commercial tape; raw-row review: no picture in either field; body Y=1.764/3.325,-1,-1,-1,-1,-1,unmeasurable,commercial tape; raw-row review: no picture in either field; body Y=1.376/0.484,-1,0,0
326,6368,-1,-1,-1,-1,unmeasurable,commercial tape; raw-row review: no picture in either field; body Y=1.374/0.485,-1,-1,-1,-1,-1,unmeasurable,commercial tape; raw-row review: no picture in either field; body Y=1.375/0.484,-1,0,0
327,6369,-1,-1,-1,-1,unmeasurable,commercial tape; raw-row review: no picture in either field; body Y=1.375/0.486,-1,-1,-1,-1,-1,unmeasurable,commercial tape; raw-row review: no picture in either field; body Y=1.376/0.488,-1,0,0
328,6370,-1,-1,-1,-1,unmeasurable,commercial tape; raw-row review: no picture in either field; body Y=1.375/0.487,-1,-1,-1,-1,-1,unmeasurable,commercial tape; raw-row review: no picture in either field; body Y=1.376/0.485,-1,0,0
329,6371,-1,-1,-1,-1,unmeasurable,commercial tape; raw-row review: no picture in either field; body Y=1.377/0.488,-1,-1,-1,-1,-1,unmeasurable,commercial tape; raw-row review: no picture in either field; body Y=1.374/0.487,-1,0,0
330,6372,-1,-1,-1,-1,unmeasurable,commercial tape; raw-row review: no picture in either field; body Y=1.379/0.489,-1,-1,-1,-1,-1,unmeasurable,commercial tape; raw-row review: no picture in either field; body Y=1.378/0.488,-1,0,0
331,6373,-1,-1,-1,-1,unmeasurable,commercial tape; raw-row review: no picture in either field; body Y=1.538/0.973,-1,-1,-1,-1,-1,unmeasurable,commercial tape; raw-row review: no picture in either field; body Y=1.382/0.493,-1,0,0
332,6374,-1,-1,-1,-1,unmeasurable,commercial tape; raw-row review: no picture in either field; body Y=1.516/0.947,-1,-1,-1,-1,-1,unmeasurable,commercial tape; raw-row review: no picture in either field; body Y=1.519/0.957,-1,0,0
333,6375,-1,-1,-1,-1,unmeasurable,commercial tape; raw-row review: no picture in either field; body Y=1.515/0.958,-1,-1,-1,-1,-1,unmeasurable,commercial tape; raw-row review: no picture in either field; body Y=1.379/0.490,-1,0,0
334,6376,-1,-1,-1,-1,unmeasurable,commercial tape; raw-row review: no picture in either field; body Y=1.579/1.130,-1,-1,-1,-1,-1,unmeasurable,commercial tape; raw-row review: no picture in either field; body Y=1.381/0.493,-1,0,0
335,6377,-1,-1,-1,-1,unmeasurable,commercial tape; raw-row review: no picture in either field; body Y=1.562/1.024,-1,-1,-1,-1,-1,unmeasurable,commercial tape; raw-row review: no picture in either field; body Y=1.380/0.494,-1,0,0
336,6378,-1,-1,-1,-1,unmeasurable,commercial tape; raw-row review: no picture in either field; body Y=1.390/0.515,-1,-1,-1,-1,-1,unmeasurable,commercial tape; raw-row review: no picture in either field; body Y=1.417/0.563,-1,0,0
337,6379,-1,-1,-1,-1,unmeasurable,commercial tape; raw-row review: no picture in either field; body Y=1.642/1.156,-1,-1,-1,-1,-1,unmeasurable,commercial tape; raw-row review: no picture in either field; body Y=1.389/0.509,-1,0,0
338,6380,-1,-1,-1,-1,unmeasurable,commercial tape; raw-row review: no picture in either field; body Y=1.595/1.135,-1,-1,-1,-1,-1,unmeasurable,commercial tape; raw-row review: no picture in either field; body Y=1.604/1.129,-1,0,0
339,6381,-1,-1,-1,-1,unmeasurable,commercial tape; raw-row review: no picture in either field; body Y=1.596/1.133,-1,-1,-1,-1,-1,unmeasurable,commercial tape; raw-row review: no picture in either field; body Y=1.397/0.523,-1,0,0
340,6382,-1,-1,-1,-1,unmeasurable,commercial tape; raw-row review: no picture in either field; body Y=1.587/1.050,-1,-1,-1,-1,-1,unmeasurable,commercial tape; raw-row review: no picture in either field; body Y=1.385/0.502,-1,0,0
341,6383,-1,-1,-1,-1,unmeasurable,commercial tape; raw-row review: no picture in either field; body Y=1.386/0.504,-1,-1,-1,-1,-1,unmeasurable,commercial tape; raw-row review: no picture in either field; body Y=1.391/0.514,-1,0,0
342,6384,-1,-1,-1,-1,unmeasurable,commercial tape; raw-row review: no picture in either field; body Y=1.594/1.093,-1,-1,-1,-1,-1,unmeasurable,commercial tape; raw-row review: no picture in either field; body Y=1.393/0.522,-1,0,0
343,6385,-1,-1,-1,-1,unmeasurable,commercial tape; raw-row review: no picture in either field; body Y=1.603/1.175,-1,-1,-1,-1,-1,unmeasurable,commercial tape; raw-row review: no picture in either field; body Y=1.599/1.167,-1,0,0
344,6386,-1,-1,-1,-1,unmeasurable,commercial tape; raw-row review: no picture in either field; body Y=1.602/1.187,-1,-1,-1,-1,-1,unmeasurable,commercial tape; raw-row review: no picture in either field; body Y=1.394/0.522,-1,0,0
345,6387,-1,-1,-1,-1,unmeasurable,commercial tape; raw-row review: no picture in either field; body Y=1.624/1.184,-1,-1,-1,-1,-1,unmeasurable,commercial tape; raw-row review: no picture in either field; body Y=1.392/0.515,-1,0,0
346,6388,-1,-1,-1,-1,unmeasurable,commercial tape; raw-row review: no picture in either field; body Y=1.388/0.509,-1,-1,-1,-1,-1,unmeasurable,commercial tape; raw-row review: no picture in either field; body Y=1.386/0.501,-1,0,0
347,6389,-1,-1,-1,-1,unmeasurable,commercial tape; raw-row review: no picture in either field; body Y=1.644/1.184,-1,-1,-1,-1,-1,unmeasurable,commercial tape; raw-row review: no picture in either field; body Y=1.673/1.180,-1,0,0
348,6390,-1,-1,-1,-1,unmeasurable,commercial tape; raw-row review: no picture in either field; body Y=1.678/1.185,-1,-1,-1,-1,-1,unmeasurable,commercial tape; raw-row review: no picture in either field; body Y=1.674/1.175,-1,0,0
349,6391,-1,-1,-1,-1,unmeasurable,commercial tape; raw-row review: no picture in either field; body Y=1.408/0.549,-1,-1,-1,-1,-1,unmeasurable,commercial tape; raw-row review: no picture in either field; body Y=1.680/1.153,-1,0,0
350,6392,-1,-1,-1,-1,unmeasurable,commercial tape; raw-row review: no picture in either field; body Y=1.407/0.552,-1,-1,-1,-1,-1,unmeasurable,commercial tape; raw-row review: no picture in either field; body Y=1.737/1.175,-1,0,0
351,6393,-1,-1,-1,-1,unmeasurable,commercial tape; raw-row review: no picture in either field; body Y=1.400/0.533,-1,-1,-1,-1,-1,unmeasurable,commercial tape; raw-row review: no picture in either field; body Y=1.680/1.117,-1,0,0
352,6394,-1,-1,-1,-1,unmeasurable,commercial tape; raw-row review: no picture in either field; body Y=1.408/0.546,-1,-1,-1,-1,-1,unmeasurable,commercial tape; raw-row review: no picture in either field; body Y=1.763/1.286,-1,0,0
353,6395,-1,-1,-1,-1,unmeasurable,commercial tape; raw-row review: no picture in either field; body Y=1.401/0.529,-1,-1,-1,-1,-1,unmeasurable,commercial tape; raw-row review: no picture in either field; body Y=1.764/1.246,-1,0,0
354,6396,-1,-1,-1,-1,unmeasurable,commercial tape; raw-row review: no picture in either field; body Y=1.410/0.548,-1,-1,-1,-1,-1,unmeasurable,commercial tape; raw-row review: no picture in either field; body Y=1.750/1.172,-1,0,0
355,6397,-1,-1,-1,-1,unmeasurable,commercial tape; raw-row review: no picture in either field; body Y=1.419/0.573,-1,-1,-1,-1,-1,unmeasurable,commercial tape; raw-row review: no picture in either field; body Y=1.745/1.222,-1,0,0
356,6398,-1,-1,-1,-1,unmeasurable,commercial tape; raw-row review: no picture in either field; body Y=1.407/0.547,-1,-1,-1,-1,-1,unmeasurable,commercial tape; raw-row review: no picture in either field; body Y=1.669/1.242,-1,0,0
357,6399,-1,-1,-1,-1,unmeasurable,commercial tape; raw-row review: no picture in either field; body Y=1.401/0.532,-1,-1,-1,-1,-1,unmeasurable,commercial tape; raw-row review: no picture in either field; body Y=1.710/1.227,-1,0,0
358,6400,-1,-1,-1,-1,unmeasurable,commercial tape; raw-row review: no picture in either field; body Y=1.408/0.548,-1,-1,-1,-1,-1,unmeasurable,commercial tape; raw-row review: no picture in either field; body Y=1.698/1.260,-1,0,0
359,6401,-1,-1,-1,-1,unmeasurable,commercial tape; raw-row review: no picture in either field; body Y=1.407/0.542,-1,-1,-1,-1,-1,unmeasurable,commercial tape; raw-row review: no picture in either field; body Y=1.720/1.245,-1,0,0
360,6402,-1,-1,-1,-1,unmeasurable,commercial tape; raw-row review: no picture in either field; body Y=1.409/0.554,-1,-1,-1,-1,-1,unmeasurable,commercial tape; raw-row review: no picture in either field; body Y=1.672/1.218,-1,0,0
361,6403,-1,-1,-1,-1,unmeasurable,commercial tape; raw-row review: no picture in either field; body Y=1.409/0.551,-1,-1,-1,-1,-1,unmeasurable,commercial tape; raw-row review: no picture in either field; body Y=1.683/1.143,-1,0,0
362,6404,-1,-1,-1,-1,unmeasurable,commercial tape; raw-row review: no picture in either field; body Y=1.404/0.543,-1,-1,-1,-1,-1,unmeasurable,commercial tape; raw-row review: no picture in either field; body Y=1.658/1.121,-1,0,0
363,6405,-1,-1,-1,-1,unmeasurable,commercial tape; raw-row review: no picture in either field; body Y=1.403/0.538,-1,-1,-1,-1,-1,unmeasurable,commercial tape; raw-row review: no picture in either field; body Y=1.705/1.146,-1,0,0
364,6406,-1,-1,-1,-1,unmeasurable,commercial tape; raw-row review: no picture in either field; body Y=1.403/0.536,-1,-1,-1,-1,-1,unmeasurable,commercial tape; raw-row review: no picture in either field; body Y=1.642/1.080,-1,0,0
365,6407,-1,-1,-1,-1,unmeasurable,commercial tape; raw-row review: no picture in either field; body Y=1.410/0.551,-1,-1,-1,-1,-1,unmeasurable,commercial tape; raw-row review: no picture in either field; body Y=1.658/1.199,-1,0,0
366,6408,-1,-1,-1,-1,unmeasurable,commercial tape; raw-row review: no picture in either field; body Y=1.396/0.524,-1,-1,-1,-1,-1,unmeasurable,commercial tape; raw-row review: no picture in either field; body Y=1.686/1.190,-1,0,0
367,6409,-1,-1,-1,-1,unmeasurable,commercial tape; raw-row review: no picture in either field; body Y=1.396/0.522,-1,-1,-1,-1,-1,unmeasurable,commercial tape; raw-row review: no picture in either field; body Y=1.647/1.108,-1,0,0
368,6410,-1,-1,-1,-1,unmeasurable,commercial tape; raw-row review: no picture in either field; body Y=1.387/0.507,-1,-1,-1,-1,-1,unmeasurable,commercial tape; raw-row review: no picture in either field; body Y=1.669/1.176,-1,0,0
369,6411,-1,-1,-1,-1,unmeasurable,commercial tape; raw-row review: no picture in either field; body Y=1.390/0.512,-1,-1,-1,-1,-1,unmeasurable,commercial tape; raw-row review: no picture in either field; body Y=1.629/1.109,-1,0,0
370,6412,-1,-1,-1,-1,unmeasurable,commercial tape; raw-row review: no picture in either field; body Y=1.385/0.503,-1,-1,-1,-1,-1,unmeasurable,commercial tape; raw-row review: no picture in either field; body Y=1.719/1.314,-1,0,0
371,6413,-1,-1,-1,-1,unmeasurable,commercial tape; raw-row review: no picture in either field; body Y=1.395/0.516,-1,-1,-1,-1,-1,unmeasurable,commercial tape; raw-row review: no picture in either field; body Y=1.712/1.251,-1,0,0
372,6414,-1,-1,-1,-1,unmeasurable,commercial tape; raw-row review: no picture in either field; body Y=1.409/0.547,-1,-1,-1,-1,-1,unmeasurable,commercial tape; raw-row review: no picture in either field; body Y=1.687/1.167,-1,0,0
373,6415,-1,-1,-1,-1,unmeasurable,commercial tape; raw-row review: no picture in either field; body Y=1.399/0.527,-1,-1,-1,-1,-1,unmeasurable,commercial tape; raw-row review: no picture in either field; body Y=1.648/1.157,-1,0,0
374,6416,-1,-1,-1,-1,unmeasurable,commercial tape; raw-row review: no picture in either field; body Y=1.404/0.536,-1,-1,-1,-1,-1,unmeasurable,commercial tape; raw-row review: no picture in either field; body Y=1.628/1.081,-1,0,0
375,6417,-1,-1,-1,-1,unmeasurable,commercial tape; raw-row review: no picture in either field; body Y=1.411/0.548,-1,-1,-1,-1,-1,unmeasurable,commercial tape; raw-row review: no picture in either field; body Y=1.575/0.984,-1,0,0
376,6418,-1,-1,-1,-1,unmeasurable,commercial tape; raw-row review: no picture in either field; body Y=1.400/0.530,-1,-1,-1,-1,-1,unmeasurable,commercial tape; raw-row review: no picture in either field; body Y=1.592/0.992,-1,0,0
377,6419,-1,-1,-1,-1,unmeasurable,commercial tape; raw-row review: no picture in either field; body Y=1.394/0.520,-1,-1,-1,-1,-1,unmeasurable,commercial tape; raw-row review: no picture in either field; body Y=1.654/1.144,-1,0,0
378,6420,-1,-1,-1,-1,unmeasurable,commercial tape; raw-row review: no picture in either field; body Y=1.403/0.537,-1,-1,-1,-1,-1,unmeasurable,commercial tape; raw-row review: no picture in either field; body Y=1.653/1.134,-1,0,0
379,6421,-1,-1,-1,-1,unmeasurable,commercial tape; raw-row review: no picture in either field; body Y=1.396/0.524,-1,-1,-1,-1,-1,unmeasurable,commercial tape; raw-row review: no picture in either field; body Y=1.712/1.309,-1,0,0
380,6422,-1,-1,-1,-1,unmeasurable,commercial tape; raw-row review: no picture in either field; body Y=1.408/0.548,-1,-1,-1,-1,-1,unmeasurable,commercial tape; raw-row review: no picture in either field; body Y=1.644/1.109,-1,0,0
381,6423,-1,-1,-1,-1,unmeasurable,commercial tape; raw-row review: no picture in either field; body Y=1.404/0.535,-1,-1,-1,-1,-1,unmeasurable,commercial tape; raw-row review: no picture in either field; body Y=1.654/1.188,-1,0,0
382,6424,-1,-1,-1,-1,unmeasurable,commercial tape; raw-row review: no picture in either field; body Y=1.403/0.535,-1,-1,-1,-1,-1,unmeasurable,commercial tape; raw-row review: no picture in either field; body Y=1.666/1.274,-1,0,0
383,6425,-1,-1,-1,-1,unmeasurable,commercial tape; raw-row review: no picture in either field; body Y=1.408/0.548,-1,-1,-1,-1,-1,unmeasurable,commercial tape; raw-row review: no picture in either field; body Y=1.714/1.311,-1,0,0
384,6426,-1,-1,-1,-1,unmeasurable,commercial tape; raw-row review: no picture in either field; body Y=1.400/0.535,-1,-1,-1,-1,-1,unmeasurable,commercial tape; raw-row review: no picture in either field; body Y=1.669/1.222,-1,0,0
385,6427,-1,-1,-1,-1,unmeasurable,commercial tape; raw-row review: no picture in either field; body Y=1.400/0.532,-1,-1,-1,-1,-1,unmeasurable,commercial tape; raw-row review: no picture in either field; body Y=1.756/1.230,-1,0,0
386,6428,-1,-1,-1,-1,unmeasurable,commercial tape; raw-row review: no picture in either field; body Y=1.420/0.573,-1,-1,-1,-1,-1,unmeasurable,commercial tape; raw-row review: no picture in either field; body Y=1.683/1.174,-1,0,0
387,6429,-1,-1,-1,-1,unmeasurable,commercial tape; raw-row review: no picture in either field; body Y=1.404/0.541,-1,-1,-1,-1,-1,unmeasurable,commercial tape; raw-row review: no picture in either field; body Y=1.644/1.203,-1,0,0
388,6430,-1,-1,-1,-1,unmeasurable,commercial tape; raw-row review: no picture in either field; body Y=1.399/0.526,-1,-1,-1,-1,-1,unmeasurable,commercial tape; raw-row review: no picture in either field; body Y=1.660/1.103,-1,0,0
389,6431,-1,-1,-1,-1,unmeasurable,commercial tape; raw-row review: no picture in either field; body Y=1.398/0.528,-1,-1,-1,-1,-1,unmeasurable,commercial tape; raw-row review: no picture in either field; body Y=1.664/1.194,-1,0,0
390,6432,-1,-1,-1,-1,unmeasurable,commercial tape; raw-row review: no picture in either field; body Y=1.392/0.515,-1,-1,-1,-1,-1,unmeasurable,commercial tape; raw-row review: no picture in either field; body Y=1.681/1.293,-1,0,0
391,6433,-1,-1,-1,-1,unmeasurable,commercial tape; raw-row review: no picture in either field; body Y=1.388/0.507,-1,-1,-1,-1,-1,unmeasurable,commercial tape; raw-row review: no picture in either field; body Y=1.584/1.073,-1,0,0
392,6434,-1,-1,-1,-1,unmeasurable,commercial tape; raw-row review: no picture in either field; body Y=1.393/0.517,-1,-1,-1,-1,-1,unmeasurable,commercial tape; raw-row review: no picture in either field; body Y=1.692/1.299,-1,0,0
393,6435,-1,-1,-1,-1,unmeasurable,commercial tape; raw-row review: no picture in either field; body Y=1.400/0.530,-1,-1,-1,-1,-1,unmeasurable,commercial tape; raw-row review: no picture in either field; body Y=1.646/1.187,-1,0,0
394,6436,-1,-1,-1,-1,unmeasurable,commercial tape; raw-row review: no picture in either field; body Y=1.407/0.544,-1,-1,-1,-1,-1,unmeasurable,commercial tape; raw-row review: no picture in either field; body Y=1.695/1.361,-1,0,0
395,6437,-1,-1,-1,-1,unmeasurable,commercial tape; raw-row review: no picture in either field; body Y=1.404/0.543,-1,-1,-1,-1,-1,unmeasurable,commercial tape; raw-row review: no picture in either field; body Y=1.656/1.180,-1,0,0
396,6438,-1,-1,-1,-1,unmeasurable,commercial tape; raw-row review: no picture in either field; body Y=1.417/0.572,-1,-1,-1,-1,-1,unmeasurable,commercial tape; raw-row review: no picture in either field; body Y=1.637/1.059,-1,0,0
397,6439,-1,-1,-1,-1,unmeasurable,commercial tape; raw-row review: no picture in either field; body Y=1.410/0.549,-1,-1,-1,-1,-1,unmeasurable,commercial tape; raw-row review: no picture in either field; body Y=1.595/1.078,-1,0,0
398,6440,-1,-1,-1,-1,unmeasurable,commercial tape; raw-row review: no picture in either field; body Y=1.400/0.532,-1,-1,-1,-1,-1,unmeasurable,commercial tape; raw-row review: no picture in either field; body Y=1.587/1.079,-1,0,0
399,6441,-1,-1,-1,-1,unmeasurable,commercial tape; raw-row review: no picture in either field; body Y=1.413/0.562,-1,-1,-1,-1,-1,unmeasurable,commercial tape; raw-row review: no picture in either field; body Y=1.638/1.107,-1,0,0
400,6442,-1,-1,-1,-1,unmeasurable,commercial tape; raw-row review: no picture in either field; body Y=1.417/0.563,-1,-1,-1,-1,-1,unmeasurable,commercial tape; raw-row review: no picture in either field; body Y=1.411/0.554,-1,0,0
401,6443,-1,-1,-1,-1,unmeasurable,commercial tape; raw-row review: no picture in either field; body Y=1.413/0.555,-1,-1,-1,-1,-1,unmeasurable,commercial tape; raw-row review: no picture in either field; body Y=1.620/1.085,-1,0,0
402,6444,-1,-1,-1,-1,unmeasurable,commercial tape; raw-row review: no picture in either field; body Y=1.412/0.554,-1,-1,-1,-1,-1,unmeasurable,commercial tape; raw-row review: no picture in either field; body Y=1.622/1.181,-1,0,0
403,6445,-1,-1,-1,-1,unmeasurable,commercial tape; raw-row review: no picture in either field; body Y=1.400/0.527,-1,-1,-1,-1,-1,unmeasurable,commercial tape; raw-row review: no picture in either field; body Y=1.593/1.045,-1,0,0
404,6446,-1,-1,-1,-1,unmeasurable,commercial tape; raw-row review: no picture in either field; body Y=1.397/0.521,-1,-1,-1,-1,-1,unmeasurable,commercial tape; raw-row review: no picture in either field; body Y=1.569/0.997,-1,0,0
405,6447,-1,-1,-1,-1,unmeasurable,commercial tape; raw-row review: no picture in either field; body Y=1.400/0.531,-1,-1,-1,-1,-1,unmeasurable,commercial tape; raw-row review: no picture in either field; body Y=1.602/1.054,-1,0,0
406,6448,-1,-1,-1,-1,unmeasurable,commercial tape; raw-row review: no picture in either field; body Y=1.396/0.526,-1,-1,-1,-1,-1,unmeasurable,commercial tape; raw-row review: no picture in either field; body Y=1.638/1.125,-1,0,0
407,6449,-1,-1,-1,-1,unmeasurable,commercial tape; raw-row review: no picture in either field; body Y=1.395/0.518,-1,-1,-1,-1,-1,unmeasurable,commercial tape; raw-row review: no picture in either field; body Y=1.630/1.124,-1,0,0
408,6450,-1,-1,-1,-1,unmeasurable,commercial tape; raw-row review: no picture in either field; body Y=1.402/0.534,-1,-1,-1,-1,-1,unmeasurable,commercial tape; raw-row review: no picture in either field; body Y=1.606/1.040,-1,0,0
409,6451,-1,-1,-1,-1,unmeasurable,commercial tape; raw-row review: no picture in either field; body Y=1.394/0.523,-1,-1,-1,-1,-1,unmeasurable,commercial tape; raw-row review: no picture in either field; body Y=1.663/1.222,-1,0,0
410,6452,-1,-1,-1,-1,unmeasurable,commercial tape; raw-row review: no picture in either field; body Y=1.400/0.531,-1,-1,-1,-1,-1,unmeasurable,commercial tape; raw-row review: no picture in either field; body Y=1.702/1.252,-1,0,0
411,6453,-1,-1,-1,-1,unmeasurable,commercial tape; raw-row review: no picture in either field; body Y=1.397/0.523,-1,-1,-1,-1,-1,unmeasurable,commercial tape; raw-row review: no picture in either field; body Y=1.612/1.066,-1,0,0
412,6454,-1,-1,-1,-1,unmeasurable,commercial tape; raw-row review: no picture in either field; body Y=1.398/0.527,-1,-1,-1,-1,-1,unmeasurable,commercial tape; raw-row review: no picture in either field; body Y=1.646/1.231,-1,0,0
413,6455,-1,-1,-1,-1,unmeasurable,commercial tape; raw-row review: no picture in either field; body Y=1.403/0.541,-1,-1,-1,-1,-1,unmeasurable,commercial tape; raw-row review: no picture in either field; body Y=1.678/1.188,-1,0,0
414,6456,-1,-1,-1,-1,unmeasurable,commercial tape; raw-row review: no picture in either field; body Y=1.410/0.555,-1,-1,-1,-1,-1,unmeasurable,commercial tape; raw-row review: no picture in either field; body Y=1.704/1.265,-1,0,0
415,6457,-1,-1,-1,-1,unmeasurable,commercial tape; raw-row review: no picture in either field; body Y=1.418/0.570,-1,-1,-1,-1,-1,unmeasurable,commercial tape; raw-row review: no picture in either field; body Y=1.793/1.404,-1,0,0
416,6458,-1,-1,-1,-1,unmeasurable,commercial tape; raw-row review: no picture in either field; body Y=1.428/0.592,-1,-1,-1,-1,-1,unmeasurable,commercial tape; raw-row review: no picture in either field; body Y=1.656/1.111,-1,0,0
417,6459,-1,-1,-1,-1,unmeasurable,commercial tape; raw-row review: no picture in either field; body Y=1.421/0.577,-1,-1,-1,-1,-1,unmeasurable,commercial tape; raw-row review: no picture in either field; body Y=1.747/1.326,-1,0,0
418,6460,-1,-1,-1,-1,unmeasurable,commercial tape; raw-row review: no picture in either field; body Y=1.399/0.528,-1,-1,-1,-1,-1,unmeasurable,commercial tape; raw-row review: no picture in either field; body Y=1.681/1.273,-1,0,0
419,6461,-1,-1,-1,-1,unmeasurable,commercial tape; raw-row review: no picture in either field; body Y=1.402/0.534,-1,-1,-1,-1,-1,unmeasurable,commercial tape; raw-row review: no picture in either field; body Y=1.695/1.227,-1,0,0
420,6462,-1,-1,-1,-1,unmeasurable,commercial tape; raw-row review: no picture in either field; body Y=1.402/0.536,-1,-1,-1,-1,-1,unmeasurable,commercial tape; raw-row review: no picture in either field; body Y=1.615/1.104,-1,0,0
421,6463,-1,-1,-1,-1,unmeasurable,commercial tape; raw-row review: no picture in either field; body Y=1.415/0.563,-1,-1,-1,-1,-1,unmeasurable,commercial tape; raw-row review: no picture in either field; body Y=1.662/1.175,-1,0,0
422,6464,-1,-1,-1,-1,unmeasurable,commercial tape; raw-row review: no picture in either field; body Y=1.409/0.553,-1,-1,-1,-1,-1,unmeasurable,commercial tape; raw-row review: no picture in either field; body Y=1.627/1.125,-1,0,0
423,6465,-1,-1,-1,-1,unmeasurable,commercial tape; raw-row review: no picture in either field; body Y=1.409/0.550,-1,-1,-1,-1,-1,unmeasurable,commercial tape; raw-row review: no picture in either field; body Y=1.670/1.182,-1,0,0
424,6466,-1,-1,-1,-1,unmeasurable,commercial tape; raw-row review: no picture in either field; body Y=1.403/0.541,-1,-1,-1,-1,-1,unmeasurable,commercial tape; raw-row review: no picture in either field; body Y=1.650/1.038,-1,0,0
425,6467,-1,-1,-1,-1,unmeasurable,commercial tape; raw-row review: no picture in either field; body Y=1.409/0.549,-1,-1,-1,-1,-1,unmeasurable,commercial tape; raw-row review: no picture in either field; body Y=1.639/1.062,-1,0,0
426,6468,-1,-1,-1,-1,unmeasurable,commercial tape; raw-row review: no picture in either field; body Y=1.404/0.538,-1,-1,-1,-1,-1,unmeasurable,commercial tape; raw-row review: no picture in either field; body Y=1.661/1.068,-1,0,0
427,6469,-1,-1,-1,-1,unmeasurable,commercial tape; raw-row review: no picture in either field; body Y=1.411/0.553,-1,-1,-1,-1,-1,unmeasurable,commercial tape; raw-row review: no picture in either field; body Y=1.634/1.089,-1,0,0
428,6470,-1,-1,-1,-1,unmeasurable,commercial tape; raw-row review: no picture in either field; body Y=1.400/0.532,-1,-1,-1,-1,-1,unmeasurable,commercial tape; raw-row review: no picture in either field; body Y=1.718/1.314,-1,0,0
429,6471,-1,-1,-1,-1,unmeasurable,commercial tape; raw-row review: no picture in either field; body Y=1.421/0.581,-1,-1,-1,-1,-1,unmeasurable,commercial tape; raw-row review: no picture in either field; body Y=1.701/1.229,-1,0,0
430,6472,-1,-1,-1,-1,unmeasurable,commercial tape; raw-row review: no picture in either field; body Y=1.422/0.584,-1,-1,-1,-1,-1,unmeasurable,commercial tape; raw-row review: no picture in either field; body Y=1.724/1.303,-1,0,0
431,6473,-1,-1,-1,-1,unmeasurable,commercial tape; raw-row review: no picture in either field; body Y=1.407/0.547,-1,-1,-1,-1,-1,unmeasurable,commercial tape; raw-row review: no picture in either field; body Y=1.714/1.276,-1,0,0
432,6474,-1,-1,-1,-1,unmeasurable,commercial tape; raw-row review: no picture in either field; body Y=1.399/0.527,-1,-1,-1,-1,-1,unmeasurable,commercial tape; raw-row review: no picture in either field; body Y=1.710/1.232,-1,0,0
433,6475,-1,-1,-1,-1,unmeasurable,commercial tape; raw-row review: no picture in either field; body Y=1.389/0.508,-1,-1,-1,-1,-1,unmeasurable,commercial tape; raw-row review: no picture in either field; body Y=1.588/1.037,-1,0,0
434,6476,-1,-1,-1,-1,unmeasurable,commercial tape; raw-row review: no picture in either field; body Y=1.389/0.511,-1,-1,-1,-1,-1,unmeasurable,commercial tape; raw-row review: no picture in either field; body Y=1.668/1.193,-1,0,0
435,6477,-1,-1,-1,-1,unmeasurable,commercial tape; raw-row review: no picture in either field; body Y=1.393/0.518,-1,-1,-1,-1,-1,unmeasurable,commercial tape; raw-row review: no picture in either field; body Y=1.642/1.050,-1,0,0
436,6478,-1,-1,-1,-1,unmeasurable,commercial tape; raw-row review: no picture in either field; body Y=1.394/0.524,-1,-1,-1,-1,-1,unmeasurable,commercial tape; raw-row review: no picture in either field; body Y=1.697/1.217,-1,0,0
437,6479,-1,-1,-1,-1,unmeasurable,commercial tape; raw-row review: no picture in either field; body Y=1.393/0.521,-1,-1,-1,-1,-1,unmeasurable,commercial tape; raw-row review: no picture in either field; body Y=1.712/1.294,-1,0,0
438,6480,-1,-1,-1,-1,unmeasurable,commercial tape; raw-row review: no picture in either field; body Y=1.394/0.518,-1,-1,-1,-1,-1,unmeasurable,commercial tape; raw-row review: no picture in either field; body Y=1.690/1.301,-1,0,0
439,6481,-1,-1,-1,-1,unmeasurable,commercial tape; raw-row review: no picture in either field; body Y=1.392/0.513,-1,-1,-1,-1,-1,unmeasurable,commercial tape; raw-row review: no picture in either field; body Y=1.691/1.223,-1,0,0
440,6482,-1,-1,-1,-1,unmeasurable,commercial tape; raw-row review: no picture in either field; body Y=1.390/0.512,-1,-1,-1,-1,-1,unmeasurable,commercial tape; raw-row review: no picture in either field; body Y=1.681/1.203,-1,0,0
441,6483,-1,-1,-1,-1,unmeasurable,commercial tape; raw-row review: no picture in either field; body Y=1.389/0.511,-1,-1,-1,-1,-1,unmeasurable,commercial tape; raw-row review: no picture in either field; body Y=1.780/1.330,-1,0,0
442,6484,-1,-1,-1,-1,unmeasurable,commercial tape; raw-row review: no picture in either field; body Y=1.390/0.509,-1,-1,-1,-1,-1,unmeasurable,commercial tape; raw-row review: no picture in either field; body Y=1.661/1.161,-1,0,0
443,6485,-1,-1,-1,-1,unmeasurable,commercial tape; raw-row review: no picture in either field; body Y=1.390/0.509,-1,-1,-1,-1,-1,unmeasurable,commercial tape; raw-row review: no picture in either field; body Y=1.680/1.092,-1,0,0
444,6486,-1,-1,-1,-1,unmeasurable,commercial tape; raw-row review: no picture in either field; body Y=1.388/0.510,-1,-1,-1,-1,-1,unmeasurable,commercial tape; raw-row review: no picture in either field; body Y=1.590/1.028,-1,0,0
445,6487,-1,-1,-1,-1,unmeasurable,commercial tape; raw-row review: no picture in either field; body Y=1.391/0.511,-1,-1,-1,-1,-1,unmeasurable,commercial tape; raw-row review: no picture in either field; body Y=1.567/0.880,-1,0,0
446,6488,-1,-1,-1,-1,unmeasurable,commercial tape; raw-row review: no picture in either field; body Y=1.394/0.519,-1,-1,-1,-1,-1,unmeasurable,commercial tape; raw-row review: no picture in either field; body Y=1.621/1.056,-1,0,0
447,6489,-1,-1,-1,-1,unmeasurable,commercial tape; raw-row review: no picture in either field; body Y=1.390/0.514,-1,-1,-1,-1,-1,unmeasurable,commercial tape; raw-row review: no picture in either field; body Y=1.656/1.128,-1,0,0
448,6490,-1,-1,-1,-1,unmeasurable,commercial tape; raw-row review: no picture in either field; body Y=1.389/0.507,-1,-1,-1,-1,-1,unmeasurable,commercial tape; raw-row review: no picture in either field; body Y=1.651/1.190,-1,0,0
449,6491,-1,-1,-1,-1,unmeasurable,commercial tape; raw-row review: no picture in either field; body Y=1.385/0.503,-1,-1,-1,-1,-1,unmeasurable,commercial tape; raw-row review: no picture in either field; body Y=1.579/0.974,-1,0,0
450,6492,-1,-1,-1,-1,unmeasurable,commercial tape; raw-row review: no picture in either field; body Y=1.384/0.503,-1,-1,-1,-1,-1,unmeasurable,commercial tape; raw-row review: no picture in either field; body Y=1.637/1.133,-1,0,0
451,6493,-1,-1,-1,-1,unmeasurable,commercial tape; raw-row review: no picture in either field; body Y=1.387/0.507,-1,-1,-1,-1,-1,unmeasurable,commercial tape; raw-row review: no picture in either field; body Y=1.593/1.017,-1,0,0
452,6494,-1,-1,-1,-1,unmeasurable,commercial tape; raw-row review: no picture in either field; body Y=1.390/0.510,-1,-1,-1,-1,-1,unmeasurable,commercial tape; raw-row review: no picture in either field; body Y=1.635/1.102,-1,0,0
453,6495,-1,-1,-1,-1,unmeasurable,commercial tape; raw-row review: no picture in either field; body Y=1.405/0.544,-1,-1,-1,-1,-1,unmeasurable,commercial tape; raw-row review: no picture in either field; body Y=1.628/1.132,-1,0,0
454,6496,-1,-1,-1,-1,unmeasurable,commercial tape; raw-row review: no picture in either field; body Y=1.404/0.535,-1,-1,-1,-1,-1,unmeasurable,commercial tape; raw-row review: no picture in either field; body Y=1.686/1.272,-1,0,0
455,6497,-1,-1,-1,-1,unmeasurable,commercial tape; raw-row review: no picture in either field; body Y=1.403/0.538,-1,-1,-1,-1,-1,unmeasurable,commercial tape; raw-row review: no picture in either field; body Y=1.650/1.308,-1,0,0
456,6498,-1,-1,-1,-1,unmeasurable,commercial tape; raw-row review: no picture in either field; body Y=1.406/0.545,-1,-1,-1,-1,-1,unmeasurable,commercial tape; raw-row review: no picture in either field; body Y=1.662/1.199,-1,0,0
457,6499,-1,-1,-1,-1,unmeasurable,commercial tape; raw-row review: no picture in either field; body Y=1.401/0.529,-1,-1,-1,-1,-1,unmeasurable,commercial tape; raw-row review: no picture in either field; body Y=1.650/1.232,-1,0,0
458,6500,-1,-1,-1,-1,unmeasurable,commercial tape; raw-row review: no picture in either field; body Y=1.414/0.562,-1,-1,-1,-1,-1,unmeasurable,commercial tape; raw-row review: no picture in either field; body Y=1.592/1.034,-1,0,0
459,6501,-1,-1,-1,-1,unmeasurable,commercial tape; raw-row review: no picture in either field; body Y=1.412/0.554,-1,-1,-1,-1,-1,unmeasurable,commercial tape; raw-row review: no picture in either field; body Y=1.658/1.225,-1,0,0
460,6502,-1,-1,-1,-1,unmeasurable,commercial tape; raw-row review: no picture in either field; body Y=1.406/0.539,-1,-1,-1,-1,-1,unmeasurable,commercial tape; raw-row review: no picture in either field; body Y=1.644/1.152,-1,0,0
461,6503,-1,-1,-1,-1,unmeasurable,commercial tape; raw-row review: no picture in either field; body Y=1.398/0.527,-1,-1,-1,-1,-1,unmeasurable,commercial tape; raw-row review: no picture in either field; body Y=1.688/1.231,-1,0,0
462,6504,-1,-1,-1,-1,unmeasurable,commercial tape; raw-row review: no picture in either field; body Y=1.400/0.531,-1,-1,-1,-1,-1,unmeasurable,commercial tape; raw-row review: no picture in either field; body Y=1.646/1.163,-1,0,0
463,6505,-1,-1,-1,-1,unmeasurable,commercial tape; raw-row review: no picture in either field; body Y=1.392/0.517,-1,-1,-1,-1,-1,unmeasurable,commercial tape; raw-row review: no picture in either field; body Y=1.721/1.383,-1,0,0
464,6506,-1,-1,-1,-1,unmeasurable,commercial tape; raw-row review: no picture in either field; body Y=1.398/0.528,-1,-1,-1,-1,-1,unmeasurable,commercial tape; raw-row review: no picture in either field; body Y=1.677/1.311,-1,0,0
465,6507,-1,-1,-1,-1,unmeasurable,commercial tape; raw-row review: no picture in either field; body Y=1.401/0.533,-1,-1,-1,-1,-1,unmeasurable,commercial tape; raw-row review: no picture in either field; body Y=1.605/1.083,-1,0,0
466,6508,-1,-1,-1,-1,unmeasurable,commercial tape; raw-row review: no picture in either field; body Y=1.400/0.525,-1,-1,-1,-1,-1,unmeasurable,commercial tape; raw-row review: no picture in either field; body Y=1.583/1.121,-1,0,0
467,6509,-1,-1,-1,-1,unmeasurable,commercial tape; raw-row review: no picture in either field; body Y=1.406/0.545,-1,-1,-1,-1,-1,unmeasurable,commercial tape; raw-row review: no picture in either field; body Y=1.614/1.083,-1,0,0
468,6510,-1,-1,-1,-1,unmeasurable,commercial tape; raw-row review: no picture in either field; body Y=1.405/0.537,-1,-1,-1,-1,-1,unmeasurable,commercial tape; raw-row review: no picture in either field; body Y=1.635/1.229,-1,0,0
469,6511,-1,-1,-1,-1,unmeasurable,commercial tape; raw-row review: no picture in either field; body Y=1.402/0.534,-1,-1,-1,-1,-1,unmeasurable,commercial tape; raw-row review: no picture in either field; body Y=1.641/1.176,-1,0,0
470,6512,-1,-1,-1,-1,unmeasurable,commercial tape; raw-row review: no picture in either field; body Y=1.402/0.540,-1,-1,-1,-1,-1,unmeasurable,commercial tape; raw-row review: no picture in either field; body Y=1.690/1.136,-1,0,0
471,6513,-1,-1,-1,-1,unmeasurable,commercial tape; raw-row review: no picture in either field; body Y=1.413/0.559,-1,-1,-1,-1,-1,unmeasurable,commercial tape; raw-row review: no picture in either field; body Y=1.693/1.257,-1,0,0
472,6514,-1,-1,-1,-1,unmeasurable,commercial tape; raw-row review: no picture in either field; body Y=1.404/0.544,-1,-1,-1,-1,-1,unmeasurable,commercial tape; raw-row review: no picture in either field; body Y=1.716/1.321,-1,0,0
473,6515,-1,-1,-1,-1,unmeasurable,commercial tape; raw-row review: no picture in either field; body Y=1.410/0.555,-1,-1,-1,-1,-1,unmeasurable,commercial tape; raw-row review: no picture in either field; body Y=1.669/1.223,-1,0,0
474,6516,-1,-1,-1,-1,unmeasurable,commercial tape; raw-row review: no picture in either field; body Y=1.398/0.529,-1,-1,-1,-1,-1,unmeasurable,commercial tape; raw-row review: no picture in either field; body Y=1.742/1.459,-1,0,0
475,6517,-1,-1,-1,-1,unmeasurable,commercial tape; raw-row review: no picture in either field; body Y=1.392/0.513,-1,-1,-1,-1,-1,unmeasurable,commercial tape; raw-row review: no picture in either field; body Y=1.656/1.267,-1,0,0
476,6518,-1,-1,-1,-1,unmeasurable,commercial tape; raw-row review: no picture in either field; body Y=1.405/0.544,-1,-1,-1,-1,-1,unmeasurable,commercial tape; raw-row review: no picture in either field; body Y=1.657/1.165,-1,0,0
477,6519,-1,-1,-1,-1,unmeasurable,commercial tape; raw-row review: no picture in either field; body Y=1.387/0.505,-1,-1,-1,-1,-1,unmeasurable,commercial tape; raw-row review: no picture in either field; body Y=1.706/1.515,-1,0,0
478,6520,-1,-1,-1,-1,unmeasurable,commercial tape; raw-row review: no picture in either field; body Y=1.394/0.521,-1,-1,-1,-1,-1,unmeasurable,commercial tape; raw-row review: no picture in either field; body Y=1.697/1.314,-1,0,0
479,6521,-1,-1,-1,-1,unmeasurable,commercial tape; raw-row review: no picture in either field; body Y=1.402/0.535,-1,-1,-1,-1,-1,unmeasurable,commercial tape; raw-row review: no picture in either field; body Y=1.641/1.151,-1,0,0
480,6522,-1,-1,-1,-1,unmeasurable,commercial tape; raw-row review: no picture in either field; body Y=1.403/0.538,-1,-1,-1,-1,-1,unmeasurable,commercial tape; raw-row review: no picture in either field; body Y=1.684/1.120,-1,0,0
481,6523,-1,-1,-1,-1,unmeasurable,commercial tape; raw-row review: no picture in either field; body Y=1.420/0.580,-1,-1,-1,-1,-1,unmeasurable,commercial tape; raw-row review: no picture in either field; body Y=1.788/1.337,-1,0,0
482,6524,-1,-1,-1,-1,unmeasurable,commercial tape; raw-row review: no picture in either field; body Y=1.420/0.574,-1,-1,-1,-1,-1,unmeasurable,commercial tape; raw-row review: no picture in either field; body Y=1.744/1.303,-1,0,0
483,6525,-1,-1,-1,-1,unmeasurable,commercial tape; raw-row review: no picture in either field; body Y=1.413/0.559,-1,-1,-1,-1,-1,unmeasurable,commercial tape; raw-row review: no picture in either field; body Y=1.759/1.392,-1,0,0
484,6526,-1,-1,-1,-1,unmeasurable,commercial tape; raw-row review: no picture in either field; body Y=1.410/0.551,-1,-1,-1,-1,-1,unmeasurable,commercial tape; raw-row review: no picture in either field; body Y=1.617/1.072,-1,0,0
485,6527,-1,-1,-1,-1,unmeasurable,commercial tape; raw-row review: no picture in either field; body Y=1.406/0.540,-1,-1,-1,-1,-1,unmeasurable,commercial tape; raw-row review: no picture in either field; body Y=1.682/1.316,-1,0,0
486,6528,-1,-1,-1,-1,unmeasurable,commercial tape; raw-row review: no picture in either field; body Y=1.411/0.555,-1,-1,-1,-1,-1,unmeasurable,commercial tape; raw-row review: no picture in either field; body Y=1.643/1.140,-1,0,0
487,6529,-1,-1,-1,-1,unmeasurable,commercial tape; raw-row review: no picture in either field; body Y=1.412/0.560,-1,-1,-1,-1,-1,unmeasurable,commercial tape; raw-row review: no picture in either field; body Y=1.723/1.285,-1,0,0
488,6530,-1,-1,-1,-1,unmeasurable,commercial tape; raw-row review: no picture in either field; body Y=1.414/0.558,-1,-1,-1,-1,-1,unmeasurable,commercial tape; raw-row review: no picture in either field; body Y=1.721/1.319,-1,0,0
489,6531,-1,-1,-1,-1,unmeasurable,commercial tape; raw-row review: no picture in either field; body Y=1.424/0.572,-1,-1,-1,-1,-1,unmeasurable,commercial tape; raw-row review: no picture in either field; body Y=1.669/1.238,-1,0,0
490,6532,-1,-1,-1,-1,unmeasurable,commercial tape; raw-row review: no picture in either field; body Y=1.405/0.544,-1,-1,-1,-1,-1,unmeasurable,commercial tape; raw-row review: no picture in either field; body Y=1.642/1.103,-1,0,0
491,6533,-1,-1,-1,-1,unmeasurable,commercial tape; raw-row review: no picture in either field; body Y=1.410/0.548,-1,-1,-1,-1,-1,unmeasurable,commercial tape; raw-row review: no picture in either field; body Y=1.656/1.158,-1,0,0
492,6534,-1,-1,-1,-1,unmeasurable,commercial tape; raw-row review: no picture in either field; body Y=1.396/0.520,-1,-1,-1,-1,-1,unmeasurable,commercial tape; raw-row review: no picture in either field; body Y=1.694/1.191,-1,0,0
493,6535,-1,-1,-1,-1,unmeasurable,commercial tape; raw-row review: no picture in either field; body Y=1.397/0.526,-1,-1,-1,-1,-1,unmeasurable,commercial tape; raw-row review: no picture in either field; body Y=1.707/1.357,-1,0,0
494,6536,-1,-1,-1,-1,unmeasurable,commercial tape; raw-row review: no picture in either field; body Y=1.393/0.518,-1,-1,-1,-1,-1,unmeasurable,commercial tape; raw-row review: no picture in either field; body Y=1.694/1.196,-1,0,0
495,6537,-1,-1,-1,-1,unmeasurable,commercial tape; raw-row review: no picture in either field; body Y=1.416/0.564,-1,-1,-1,-1,-1,unmeasurable,commercial tape; raw-row review: no picture in either field; body Y=1.722/1.183,-1,0,0
496,6538,-1,-1,-1,-1,unmeasurable,commercial tape; raw-row review: no picture in either field; body Y=1.409/0.548,-1,-1,-1,-1,-1,unmeasurable,commercial tape; raw-row review: no picture in either field; body Y=1.666/1.141,-1,0,0
497,6539,-1,-1,-1,-1,unmeasurable,commercial tape; raw-row review: no picture in either field; body Y=1.409/0.549,-1,-1,-1,-1,-1,unmeasurable,commercial tape; raw-row review: no picture in either field; body Y=1.593/1.063,-1,0,0
498,6540,-1,-1,-1,-1,unmeasurable,commercial tape; raw-row review: no picture in either field; body Y=1.402/0.530,-1,-1,-1,-1,-1,unmeasurable,commercial tape; raw-row review: no picture in either field; body Y=1.682/1.218,-1,0,0
499,6541,-1,-1,-1,-1,unmeasurable,commercial tape; raw-row review: no picture in either field; body Y=1.395/0.521,-1,-1,-1,-1,-1,unmeasurable,commercial tape; raw-row review: no picture in either field; body Y=1.725/1.320,-1,0,0
500,6542,-1,-1,-1,-1,unmeasurable,commercial tape; raw-row review: no picture in either field; body Y=1.418/0.564,-1,-1,-1,-1,-1,unmeasurable,commercial tape; raw-row review: no picture in either field; body Y=1.710/1.195,-1,0,0
501,6543,-1,-1,-1,-1,unmeasurable,commercial tape; raw-row review: no picture in either field; body Y=1.410/0.547,-1,-1,-1,-1,-1,unmeasurable,commercial tape; raw-row review: no picture in either field; body Y=1.704/1.267,-1,0,0
502,6544,-1,-1,-1,-1,unmeasurable,commercial tape; raw-row review: no picture in either field; body Y=1.404/0.542,-1,-1,-1,-1,-1,unmeasurable,commercial tape; raw-row review: no picture in either field; body Y=1.646/1.206,-1,0,0
503,6545,-1,-1,-1,-1,unmeasurable,commercial tape; raw-row review: no picture in either field; body Y=1.396/0.522,-1,-1,-1,-1,-1,unmeasurable,commercial tape; raw-row review: no picture in either field; body Y=1.627/1.114,-1,0,0
504,6546,-1,-1,-1,-1,unmeasurable,commercial tape; raw-row review: no picture in either field; body Y=1.407/0.548,-1,-1,-1,-1,-1,unmeasurable,commercial tape; raw-row review: no picture in either field; body Y=1.606/1.139,-1,0,0
505,6547,-1,-1,-1,-1,unmeasurable,commercial tape; raw-row review: no picture in either field; body Y=1.406/0.546,-1,-1,-1,-1,-1,unmeasurable,commercial tape; raw-row review: no picture in either field; body Y=1.651/1.256,-1,0,0
506,6548,-1,-1,-1,-1,unmeasurable,commercial tape; raw-row review: no picture in either field; body Y=1.401/0.536,-1,-1,-1,-1,-1,unmeasurable,commercial tape; raw-row review: no picture in either field; body Y=1.669/1.270,-1,0,0
507,6549,-1,-1,-1,-1,unmeasurable,commercial tape; raw-row review: no picture in either field; body Y=1.388/0.511,-1,-1,-1,-1,-1,unmeasurable,commercial tape; raw-row review: no picture in either field; body Y=1.603/1.155,-1,0,0
508,6550,-1,-1,-1,-1,unmeasurable,commercial tape; raw-row review: no picture in either field; body Y=1.391/0.515,-1,-1,-1,-1,-1,unmeasurable,commercial tape; raw-row review: no picture in either field; body Y=1.579/1.076,-1,0,0
509,6551,-1,-1,-1,-1,unmeasurable,commercial tape; raw-row review: no picture in either field; body Y=1.392/0.516,-1,-1,-1,-1,-1,unmeasurable,commercial tape; raw-row review: no picture in either field; body Y=1.638/1.220,-1,0,0
510,6552,-1,-1,-1,-1,unmeasurable,commercial tape; raw-row review: no picture in either field; body Y=1.402/0.541,-1,-1,-1,-1,-1,unmeasurable,commercial tape; raw-row review: no picture in either field; body Y=1.607/1.151,-1,0,0
511,6553,-1,-1,-1,-1,unmeasurable,commercial tape; raw-row review: no picture in either field; body Y=1.402/0.541,-1,-1,-1,-1,-1,unmeasurable,commercial tape; raw-row review: no picture in either field; body Y=1.565/1.022,-1,0,0
512,6554,-1,-1,-1,-1,unmeasurable,commercial tape; raw-row review: no picture in either field; body Y=1.402/0.534,-1,-1,-1,-1,-1,unmeasurable,commercial tape; raw-row review: no picture in either field; body Y=1.549/0.985,-1,0,0
513,6555,-1,-1,-1,-1,unmeasurable,commercial tape; raw-row review: no picture in either field; body Y=1.399/0.526,-1,-1,-1,-1,-1,unmeasurable,commercial tape; raw-row review: no picture in either field; body Y=1.617/1.151,-1,0,0
514,6556,-1,-1,-1,-1,unmeasurable,commercial tape; raw-row review: no picture in either field; body Y=1.400/0.530,-1,-1,-1,-1,-1,unmeasurable,commercial tape; raw-row review: no picture in either field; body Y=1.660/1.265,-1,0,0
515,6557,-1,-1,-1,-1,unmeasurable,commercial tape; raw-row review: no picture in either field; body Y=1.407/0.544,-1,-1,-1,-1,-1,unmeasurable,commercial tape; raw-row review: no picture in either field; body Y=1.664/1.206,-1,0,0
516,6558,-1,-1,-1,-1,unmeasurable,commercial tape; raw-row review: no picture in either field; body Y=1.409/0.547,-1,-1,-1,-1,-1,unmeasurable,commercial tape; raw-row review: no picture in either field; body Y=1.744/1.235,-1,0,0
517,6559,-1,-1,-1,-1,unmeasurable,commercial tape; raw-row review: no picture in either field; body Y=1.410/0.554,-1,-1,-1,-1,-1,unmeasurable,commercial tape; raw-row review: no picture in either field; body Y=1.758/1.470,-1,0,0
518,6560,-1,-1,-1,-1,unmeasurable,commercial tape; raw-row review: no picture in either field; body Y=1.408/0.547,-1,-1,-1,-1,-1,unmeasurable,commercial tape; raw-row review: no picture in either field; body Y=1.705/1.350,-1,0,0
519,6561,-1,-1,-1,-1,unmeasurable,commercial tape; raw-row review: no picture in either field; body Y=1.402/0.542,-1,-1,-1,-1,-1,unmeasurable,commercial tape; raw-row review: no picture in either field; body Y=1.661/1.202,-1,0,0
520,6562,-1,-1,-1,-1,unmeasurable,commercial tape; raw-row review: no picture in either field; body Y=1.407/0.543,-1,-1,-1,-1,-1,unmeasurable,commercial tape; raw-row review: no picture in either field; body Y=1.672/1.204,-1,0,0
521,6563,-1,-1,-1,-1,unmeasurable,commercial tape; raw-row review: no picture in either field; body Y=1.395/0.529,-1,-1,-1,-1,-1,unmeasurable,commercial tape; raw-row review: no picture in either field; body Y=1.627/1.141,-1,0,0
522,6564,-1,-1,-1,-1,unmeasurable,commercial tape; raw-row review: no picture in either field; body Y=1.397/0.521,-1,-1,-1,-1,-1,unmeasurable,commercial tape; raw-row review: no picture in either field; body Y=1.700/1.241,-1,0,0
523,6565,-1,-1,-1,-1,unmeasurable,commercial tape; raw-row review: no picture in either field; body Y=1.401/0.532,-1,-1,-1,-1,-1,unmeasurable,commercial tape; raw-row review: no picture in either field; body Y=1.778/1.424,-1,0,0
524,6566,-1,-1,-1,-1,unmeasurable,commercial tape; raw-row review: no picture in either field; body Y=1.425/0.576,-1,-1,-1,-1,-1,unmeasurable,commercial tape; raw-row review: no picture in either field; body Y=1.843/1.411,-1,0,0
525,6567,-1,-1,-1,-1,unmeasurable,commercial tape; raw-row review: no picture in either field; body Y=1.427/0.583,-1,-1,-1,-1,-1,unmeasurable,commercial tape; raw-row review: no picture in either field; body Y=1.672/1.244,-1,0,0
526,6568,-1,-1,-1,-1,unmeasurable,commercial tape; raw-row review: no picture in either field; body Y=1.411/0.554,-1,-1,-1,-1,-1,unmeasurable,commercial tape; raw-row review: no picture in either field; body Y=1.692/1.233,-1,0,0
527,6569,-1,-1,-1,-1,unmeasurable,commercial tape; raw-row review: no picture in either field; body Y=1.410/0.549,-1,-1,-1,-1,-1,unmeasurable,commercial tape; raw-row review: no picture in either field; body Y=1.733/1.209,-1,0,0
528,6570,-1,-1,-1,-1,unmeasurable,commercial tape; raw-row review: no picture in either field; body Y=1.406/0.547,-1,-1,-1,-1,-1,unmeasurable,commercial tape; raw-row review: no picture in either field; body Y=1.600/1.065,-1,0,0
529,6571,-1,-1,-1,-1,unmeasurable,commercial tape; raw-row review: no picture in either field; body Y=1.389/0.511,-1,-1,-1,-1,-1,unmeasurable,commercial tape; raw-row review: no picture in either field; body Y=1.607/1.125,-1,0,0
530,6572,-1,-1,-1,-1,unmeasurable,commercial tape; raw-row review: no picture in either field; body Y=1.389/0.507,-1,-1,-1,-1,-1,unmeasurable,commercial tape; raw-row review: no picture in either field; body Y=1.578/1.080,-1,0,0
531,6573,-1,-1,-1,-1,unmeasurable,commercial tape; raw-row review: no picture in either field; body Y=1.388/0.507,-1,-1,-1,-1,-1,unmeasurable,commercial tape; raw-row review: no picture in either field; body Y=1.839/1.602,-1,0,0
532,6574,-1,-1,-1,-1,unmeasurable,commercial tape; raw-row review: no picture in either field; body Y=1.402/0.542,-1,-1,-1,-1,-1,unmeasurable,commercial tape; raw-row review: no picture in either field; body Y=1.724/1.332,-1,0,0
533,6575,-1,-1,-1,-1,unmeasurable,commercial tape; raw-row review: no picture in either field; body Y=1.402/0.541,-1,-1,-1,-1,-1,unmeasurable,commercial tape; raw-row review: no picture in either field; body Y=1.590/1.060,-1,0,0
534,6576,-1,-1,-1,-1,unmeasurable,commercial tape; raw-row review: no picture in either field; body Y=1.389/0.509,-1,-1,-1,-1,-1,unmeasurable,commercial tape; raw-row review: no picture in either field; body Y=1.625/1.289,-1,0,0
535,6577,-1,-1,-1,-1,unmeasurable,commercial tape; raw-row review: no picture in either field; body Y=1.394/0.520,-1,-1,-1,-1,-1,unmeasurable,commercial tape; raw-row review: no picture in either field; body Y=1.641/1.271,-1,0,0
536,6578,-1,-1,-1,-1,unmeasurable,commercial tape; raw-row review: no picture in either field; body Y=1.395/0.527,-1,-1,-1,-1,-1,unmeasurable,commercial tape; raw-row review: no picture in either field; body Y=1.599/1.119,-1,0,0
537,6579,-1,-1,-1,-1,unmeasurable,commercial tape; raw-row review: no picture in either field; body Y=1.393/0.521,-1,-1,-1,-1,-1,unmeasurable,commercial tape; raw-row review: no picture in either field; body Y=1.574/1.066,-1,0,0
538,6580,-1,-1,-1,-1,unmeasurable,commercial tape; raw-row review: no picture in either field; body Y=1.386/0.506,-1,-1,-1,-1,-1,unmeasurable,commercial tape; raw-row review: no picture in either field; body Y=1.660/1.280,-1,0,0
539,6581,-1,-1,-1,-1,unmeasurable,commercial tape; raw-row review: no picture in either field; body Y=1.393/0.519,-1,-1,-1,-1,-1,unmeasurable,commercial tape; raw-row review: no picture in either field; body Y=1.753/1.586,-1,0,0
540,6582,-1,-1,-1,-1,unmeasurable,commercial tape; raw-row review: no picture in either field; body Y=1.399/0.530,-1,-1,-1,-1,-1,unmeasurable,commercial tape; raw-row review: no picture in either field; body Y=1.734/1.334,-1,0,0
541,6583,-1,-1,-1,-1,unmeasurable,commercial tape; raw-row review: no picture in either field; body Y=1.416/0.568,-1,-1,-1,-1,-1,unmeasurable,commercial tape; raw-row review: no picture in either field; body Y=1.792/1.310,-1,0,0
542,6584,-1,-1,-1,-1,unmeasurable,commercial tape; raw-row review: no picture in either field; body Y=1.408/0.544,-1,-1,-1,-1,-1,unmeasurable,commercial tape; raw-row review: no picture in either field; body Y=1.774/1.475,-1,0,0
543,6585,-1,-1,-1,-1,unmeasurable,commercial tape; raw-row review: no picture in either field; body Y=1.395/0.526,-1,-1,-1,-1,-1,unmeasurable,commercial tape; raw-row review: no picture in either field; body Y=1.663/1.170,-1,0,0
544,6586,-1,-1,-1,-1,unmeasurable,commercial tape; raw-row review: no picture in either field; body Y=1.402/0.533,-1,-1,-1,-1,-1,unmeasurable,commercial tape; raw-row review: no picture in either field; body Y=2.182/1.812,-1,0,0
545,6587,-1,-1,-1,-1,unmeasurable,commercial tape; raw-row review: no picture in either field; body Y=1.407/0.544,-1,-1,-1,-1,-1,unmeasurable,commercial tape; raw-row review: no picture in either field; body Y=1.838/1.376,-1,0,0
546,6588,-1,-1,-1,-1,unmeasurable,commercial tape; raw-row review: no picture in either field; body Y=1.409/0.604,-1,-1,-1,-1,-1,unmeasurable,commercial tape; raw-row review: no picture in either field; body Y=1.744/1.428,-1,0,0
547,6589,-1,-1,-1,-1,unmeasurable,commercial tape; raw-row review: no picture in either field; body Y=1.397/0.522,-1,-1,-1,-1,-1,unmeasurable,commercial tape; raw-row review: no picture in either field; body Y=1.613/1.100,-1,0,0
548,6590,-1,-1,-1,-1,unmeasurable,commercial tape; raw-row review: no picture in either field; body Y=1.400/0.531,-1,-1,-1,-1,-1,unmeasurable,commercial tape; raw-row review: no picture in either field; body Y=1.577/0.900,-1,0,0
549,6591,-1,-1,-1,-1,unmeasurable,commercial tape; raw-row review: no picture in either field; body Y=1.393/0.520,-1,-1,-1,-1,-1,unmeasurable,commercial tape; raw-row review: no picture in either field; body Y=1.537/0.785,-1,0,0
550,6592,-1,-1,-1,-1,unmeasurable,commercial tape; raw-row review: no picture in either field; body Y=1.395/0.518,-1,-1,-1,-1,-1,unmeasurable,commercial tape; raw-row review: no picture in either field; body Y=1.491/0.678,-1,0,0
551,6593,23,259,262,262,direct,"commercial tape; raw first pass-through row is picture; dark first band retained; raw three-third displacement L259=0.899,1.119,0.871/L260=1.101,0.980,9.931/L261=17.222,16.970,7.554/L262=1.980,1.465,1.525; peak=L261 margin=7.292; split fraction/run=0.598/126; outer edges=5/714; body=0.0+/-7.0/640.0+/-8.0; switch onset=L260; last complete picture=L259; band bottom=L262",259,286,521,525,525,cv_inspected,"commercial tape; raw first pass-through row is picture; dark first band retained; raw three-third displacement L522=0.927,0.963,0.927/L523=0.945,0.907,0.954/L524=0.945,0.972,10.771/L525=19.991,20.065,9.404; peak=L525 margin=9.295; split fraction/run=0.565/117; outer edges=4/714; body=11.0+/-8.0/640.0+/-8.0; switch onset=L522; last complete picture=L521; band bottom=L525; raw per-unit candidate L523 disagrees; pooled raw-row displacement of the continuous stable lock resolves L521; row Y(mean/std) L285=1.380/0.485 L286=8.178/7.673 L287=7.869/6.777 L521=1.367/0.485 L522=1.375/0.484 L525=11.397/0.724",523,0,0
552,6594,23,259,262,262,direct,"commercial tape; raw first pass-through row is picture; dark first band retained; raw three-third displacement L259=1.099,0.871,0.951/L260=1.030,0.911,12.520/L261=16.406,16.129,9.784/L262=2.356,1.545,1.794; peak=L261 margin=3.886; split fraction/run=0.603/86; outer edges=55/714; body=60.0+/-8.0/644.0+/-7.2; switch onset=L260; last complete picture=L259; band bottom=L262",259,286,521,525,525,cv_inspected,"commercial tape; raw first pass-through row is picture; dark first band retained; raw three-third displacement L522=0.850,0.991,0.972/L523=0.944,0.869,0.934/L524=0.935,0.888,0.887/L525=0.944,1.019,11.179; peak=L525 margin=10.189; split fraction/run=0.000/0; outer edges=15/602; body=11.0+/-8.0/640.0+/-8.0; switch onset=L522; last complete picture=L521; band bottom=L525; raw per-unit candidate L523 disagrees; pooled raw-row displacement of the continuous stable lock resolves L521; row Y(mean/std) L285=1.369/0.482 L286=7.411/7.961 L287=7.617/7.476 L521=1.372/0.483 L522=1.369/0.482 L525=3.164/4.732",523,0,0
553,6595,23,259,262,262,direct,"commercial tape; raw first pass-through row is picture; dark first band retained; raw three-third displacement L259=1.020,1.020,1.050/L260=0.941,0.970,10.089/L261=17.218,17.030,7.515/L262=2.178,1.510,1.495; peak=L261 margin=7.129; split fraction/run=0.621/132; outer edges=14/714; body=16.0+/-8.0/640.0+/-7.0; switch onset=L260; last complete picture=L259; band bottom=L262",259,286,521,525,525,cv_inspected,"commercial tape; raw first pass-through row is picture; dark first band retained; raw three-third displacement L522=0.874,0.897,0.946/L523=1.009,0.972,0.946/L524=0.874,0.991,0.829/L525=0.811,0.869,11.559; peak=L525 margin=10.550; split fraction/run=0.000/0; outer edges=71/602; body=76.0+/-8.0/713.0+/-6.2; switch onset=L522; last complete picture=L521; band bottom=L525; raw per-unit candidate L523 disagrees; pooled raw-row displacement of the continuous stable lock resolves L521; row Y(mean/std) L285=1.372/0.483 L286=7.397/7.081 L287=7.283/7.233 L521=1.417/0.521 L522=1.395/0.498 L525=3.323/4.751",523,0,0
554,6596,23,259,262,262,direct,"commercial tape; raw first pass-through row is picture; dark first band retained; raw three-third displacement L259=0.842,0.970,1.000/L260=1.059,0.941,13.129/L261=17.248,16.990,9.129/L262=2.337,1.465,1.644; peak=L261 margin=4.119; split fraction/run=0.645/132; outer edges=58/714; body=59.0+/-8.0/652.0+/-8.0; switch onset=L260; last complete picture=L259; band bottom=L262",259,286,521,525,525,cv_inspected,"commercial tape; raw first pass-through row is picture; dark first band retained; raw three-third displacement L522=0.912,0.973,0.936/L523=0.904,0.839,1.009/L524=0.851,0.884,0.936/L525=0.921,0.938,9.527; peak=L525 margin=8.518; split fraction/run=0.000/0; outer edges=1/700; body=0.0+/-7.0/703.0+/-8.0; switch onset=L522; last complete picture=L521; band bottom=L525; raw per-unit candidate L524 disagrees; pooled raw-row displacement of the continuous stable lock resolves L521; row Y(mean/std) L285=1.381/0.486 L286=8.772/9.354 L287=8.738/8.650 L521=1.369/0.482 L522=1.384/0.499 L525=2.933/3.481",524,0,0
555,6597,23,259,262,262,direct,"commercial tape; raw first pass-through row is picture; dark first band retained; raw three-third displacement L259=1.020,0.941,1.050/L260=0.970,1.069,10.150/L261=16.911,16.703,7.890/L262=2.010,1.525,1.530; peak=L261 margin=6.761; split fraction/run=0.589/124; outer edges=21/714; body=23.0+/-8.0/645.0+/-7.1; switch onset=L260; last complete picture=L259; band bottom=L262",259,286,521,525,525,cv_inspected,"commercial tape; raw first pass-through row is picture; dark first band retained; raw three-third displacement L522=0.893,0.973,0.982/L523=0.839,0.884,0.855/L524=0.866,0.795,0.891/L525=1.009,0.866,9.427; peak=L525 margin=8.445; split fraction/run=0.000/0; outer edges=4/627; body=11.0+/-8.0/640.0+/-8.0; switch onset=L522; last complete picture=L521; band bottom=L525; raw per-unit candidate L523 disagrees; pooled raw-row displacement of the continuous stable lock resolves L521; row Y(mean/std) L285=1.372/0.483 L286=7.777/6.985 L287=8.214/7.226 L521=1.380/0.485 L522=1.384/0.496 L525=2.922/3.463",523,0,0
556,6598,23,259,262,262,direct,"commercial tape; raw first pass-through row is picture; dark first band retained; raw three-third displacement L259=1.080,0.960,0.970/L260=1.090,0.960,10.842/L261=17.050,16.550,10.168/L262=2.240,1.570,1.525; peak=L261 margin=6.208; split fraction/run=0.537/101; outer edges=8/714; body=0.0+/-7.0/640.0+/-8.0; switch onset=L260; last complete picture=L259; band bottom=L262",259,286,521,525,525,cv_inspected,"commercial tape; raw first pass-through row is picture; dark first band retained; raw three-third displacement L522=0.982,0.955,0.981/L523=0.886,0.848,1.019/L524=1.018,0.929,0.889/L525=0.868,0.982,13.009; peak=L525 margin=11.991; split fraction/run=0.000/0; outer edges=4/687; body=12.0+/-8.0/640.0+/-8.0; switch onset=L522; last complete picture=L521; band bottom=L525; raw per-unit candidate L523 disagrees; pooled raw-row displacement of the continuous stable lock resolves L521; row Y(mean/std) L285=1.367/0.482 L286=7.331/7.228 L287=7.925/8.040 L521=1.411/0.526 L522=1.416/0.530 L525=3.516/6.762",523,0,0
557,6599,23,259,262,262,direct,"commercial tape; raw first pass-through row is picture; dark first band retained; raw three-third displacement L259=0.941,1.088,0.950/L260=1.050,0.990,8.941/L261=17.050,16.225,8.386/L262=2.228,1.608,1.495; peak=L261 margin=8.109; split fraction/run=0.537/115; outer edges=56/714; body=61.0+/-7.6/694.0+/-5.7; switch onset=L260; last complete picture=L259; band bottom=L262",259,286,521,525,525,cv_inspected,"commercial tape; raw first pass-through row is picture; dark first band retained; raw three-third displacement L522=0.877,0.991,0.827/L523=0.904,0.918,0.936/L524=0.904,0.836,0.991/L525=0.921,0.882,9.791; peak=L525 margin=8.800; split fraction/run=0.000/0; outer edges=3/680; body=0.0+/-7.0/645.0+/-8.0; switch onset=L522; last complete picture=L521; band bottom=L525; raw per-unit candidate L523 disagrees; pooled raw-row displacement of the continuous stable lock resolves L521; row Y(mean/std) L285=1.367/0.482 L286=8.458/7.643 L287=8.331/7.945 L521=1.369/0.482 L522=1.400/0.509 L525=2.966/3.608",523,0,0
558,6600,23,259,262,262,cv_inspected,"commercial tape; raw first pass-through row is picture; dark first band retained; raw three-third displacement L259=0.901,0.900,1.020/L260=1.059,1.100,1.277/L261=1.257,1.330,1.525/L262=1.564,1.330,13.050; peak=L262 margin=11.525; split fraction/run=0.005/1; outer edges=1/714; body=0.0+/-7.9/640.0+/-7.9; switch onset=L260; last complete picture=L259; band bottom=L262; raw per-unit candidate L260 disagrees; pooled raw-row displacement of the continuous stable lock resolves L259; row Y(mean/std) L22=1.367/0.482 L23=5.553/2.795 L24=4.298/2.050 L259=1.375/0.484 L260=1.459/0.580 L262=3.608/6.852",260,286,521,525,525,cv_inspected,"commercial tape; raw first pass-through row is picture; dark first band retained; raw three-third displacement L522=1.063,1.073,1.167/L523=1.045,0.991,0.991/L524=1.000,0.991,0.963/L525=1.054,0.936,9.296; peak=L525 margin=8.130; split fraction/run=0.000/0; outer edges=6/616; body=11.0+/-8.0/714.0+/-8.0; switch onset=L522; last complete picture=L521; band bottom=L525; raw per-unit candidate L523 disagrees; pooled raw-row displacement of the continuous stable lock resolves L521; row Y(mean/std) L285=1.370/0.483 L286=7.755/7.878 L287=7.541/7.088 L521=1.413/0.517 L522=1.420/0.542 L525=2.866/3.449",523,0,0
559,6601,23,259,262,262,cv_inspected,"commercial tape; raw first pass-through row is picture; dark first band retained; raw three-third displacement L259=0.990,0.950,0.921/L260=1.020,1.020,0.990/L261=1.178,1.170,1.099/L262=1.188,1.260,10.238; peak=L262 margin=9.059; split fraction/run=0.000/0; outer edges=4/714; body=0.0+/-8.0/641.0+/-8.0; switch onset=L260; last complete picture=L259; band bottom=L262; raw per-unit candidate L260 disagrees; pooled raw-row displacement of the continuous stable lock resolves L259; row Y(mean/std) L22=1.381/0.486 L23=5.311/2.927 L24=4.664/2.198 L259=1.391/0.488 L260=1.405/0.510 L262=3.006/3.238",260,286,521,525,525,cv_inspected,"commercial tape; raw first pass-through row is picture; dark first band retained; raw three-third displacement L522=0.863,1.009,1.000/L523=0.863,1.090,0.964/L524=0.726,0.937,0.757/L525=0.821,0.910,8.775; peak=L525 margin=7.685; split fraction/run=0.000/0; outer edges=12/640; body=12.0+/-8.0/712.0+/-7.8; switch onset=L522; last complete picture=L521; band bottom=L525; raw per-unit candidate L523 disagrees; pooled raw-row displacement of the continuous stable lock resolves L521; row Y(mean/std) L285=1.375/0.484 L286=7.666/7.515 L287=7.081/6.412 L521=1.400/0.518 L522=1.422/0.559 L525=2.827/3.313",523,0,0
560,6602,23,259,262,262,cv_inspected,"commercial tape; raw first pass-through row is picture; dark first band retained; raw three-third displacement L259=0.990,0.970,1.040/L260=0.951,1.010,1.079/L261=1.088,1.188,0.950/L262=1.118,1.158,11.782; peak=L262 margin=10.594; split fraction/run=0.000/0; outer edges=1/712; body=0.0+/-7.0/643.0+/-8.0; switch onset=L260; last complete picture=L259; band bottom=L262; raw per-unit candidate L260 disagrees; pooled raw-row displacement of the continuous stable lock resolves L259; row Y(mean/std) L22=1.363/0.481 L23=4.961/3.103 L24=4.933/2.319 L259=1.366/0.482 L260=1.419/0.500 L262=3.178/4.461",260,286,521,525,525,cv_inspected,"commercial tape; raw first pass-through row is picture; dark first band retained; raw three-third displacement L522=0.901,1.009,0.917/L523=0.991,1.064,0.982/L524=0.865,1.046,0.991/L525=0.829,0.872,9.055; peak=L525 margin=7.991; split fraction/run=0.000/0; outer edges=56/655; body=60.0+/-8.0/674.0+/-8.0; switch onset=L522; last complete picture=L521; band bottom=L525; raw per-unit candidate L523 disagrees; pooled raw-row displacement of the continuous stable lock resolves L521; row Y(mean/std) L285=1.372/0.483 L286=8.470/7.726 L287=8.222/7.997 L521=1.383/0.492 L522=1.377/0.504 L525=2.862/3.334",523,0,0
561,6603,23,259,262,262,cv_inspected,"commercial tape; raw first pass-through row is picture; dark first band retained; raw three-third displacement L259=1.039,1.020,0.941/L260=1.000,0.940,0.871/L261=1.078,1.080,0.881/L262=1.235,1.070,9.683; peak=L262 margin=8.603; split fraction/run=0.000/0; outer edges=1/714; body=0.0+/-8.0/640.0+/-6.0; switch onset=L260; last complete picture=L259; band bottom=L262; raw per-unit candidate L260 disagrees; pooled raw-row displacement of the continuous stable lock resolves L259; row Y(mean/std) L22=1.369/0.482 L23=4.517/2.987 L24=4.530/2.026 L259=1.386/0.487 L260=1.389/0.494 L262=2.861/3.178",260,286,521,525,525,cv_inspected,"commercial tape; raw first pass-through row is picture; dark first band retained; raw three-third displacement L522=1.009,0.982,0.862/L523=0.946,0.964,0.890/L524=1.045,1.027,0.826/L525=0.964,0.893,8.147; peak=L525 margin=7.102; split fraction/run=0.000/0; outer edges=46/701; body=46.0+/-8.0/654.0+/-7.3; switch onset=L522; last complete picture=L521; band bottom=L525; raw per-unit candidate L523 disagrees; pooled raw-row displacement of the continuous stable lock resolves L521; row Y(mean/std) L285=1.391/0.488 L286=7.252/6.625 L287=7.939/8.063 L521=1.405/0.503 L522=1.431/0.543 L525=2.686/3.185",523,0,0
562,6604,23,259,262,262,cv_inspected,"commercial tape; raw first pass-through row is picture; dark first band retained; raw three-third displacement L259=1.039,0.990,0.990/L260=0.912,1.108,1.010/L261=0.971,1.059,1.000/L262=1.059,6.833,14.772; peak=L262 margin=13.664; split fraction/run=0.000/0; outer edges=24/605; body=27.0+/-8.0/640.0+/-8.0; switch onset=L260; last complete picture=L259; band bottom=L262; raw per-unit candidate L260 disagrees; pooled raw-row displacement of the continuous stable lock resolves L259; row Y(mean/std) L22=1.366/0.482 L23=5.014/2.874 L24=4.342/2.013 L259=1.364/0.481 L260=1.352/0.477 L262=4.725/3.533",260,286,521,525,525,cv_inspected,"commercial tape; raw first pass-through row is picture; dark first band retained; raw three-third displacement L522=0.922,0.922,1.108/L523=0.794,0.922,0.961/L524=13.794,13.265,13.735/L525=2.186,1.853,3.441; peak=L524 margin=10.353; split fraction/run=0.000/0; outer edges=7/612; body=0.0+/-8.0/645.0+/-7.2; switch onset=L522; last complete picture=L521; band bottom=L525; raw per-unit candidate L522 disagrees; pooled raw-row displacement of the continuous stable lock resolves L521; row Y(mean/std) L285=1.387/0.487 L286=4.839/1.356 L287=4.772/1.689 L521=1.380/0.485 L522=1.363/0.481 L525=8.742/1.073",522,0,0
563,6605,23,259,262,262,direct,"commercial tape; raw first pass-through row is picture; dark first band retained; raw three-third displacement L259=0.990,1.070,0.911/L260=1.070,12.870,12.634/L261=13.990,2.170,3.436/L262=4.880,4.030,3.000; peak=L261 margin=1.120; split fraction/run=0.930/139; outer edges=0/714; body=0.0+/-7.0/707.0+/-6.2; switch onset=L260; last complete picture=L259; band bottom=L262",259,286,521,525,525,direct,"commercial tape; raw first pass-through row is picture; dark first band retained; raw three-third displacement L522=1.080,1.129,7.950/L523=15.470,14.851,9.604/L524=5.010,5.604,3.545/L525=1.810,1.723,1.901; peak=L523 margin=7.520; split fraction/run=0.411/53; outer edges=4/714; body=0.0+/-8.0/640.0+/-8.0; switch onset=L522; last complete picture=L521; band bottom=L525",521,0,0
564,6606,23,259,262,262,cv_inspected,"commercial tape; raw first pass-through row is picture; dark first band retained; raw three-third displacement L259=1.050,1.040,1.049/L260=0.960,0.900,0.941/L261=0.921,1.000,1.059/L262=12.703,14.900,15.588; peak=L262 margin=14.529; split fraction/run=0.000/0; outer edges=15/602; body=23.0+/-8.0/640.0+/-8.0; switch onset=L260; last complete picture=L259; band bottom=L262; raw per-unit candidate L260 disagrees; pooled raw-row displacement of the continuous stable lock resolves L259; row Y(mean/std) L22=1.377/0.485 L23=2.836/1.249 L24=3.681/1.130 L259=1.389/0.488 L260=1.378/0.485 L262=8.178/1.736",260,286,521,525,525,direct,"commercial tape; raw first pass-through row is picture; dark first band retained; raw three-third displacement L522=1.000,1.020,8.931/L523=15.160,14.911,7.693/L524=5.000,5.762,4.564/L525=1.880,1.485,1.832; peak=L523 margin=6.229; split fraction/run=0.537/70; outer edges=37/712; body=45.0+/-6.6/657.0+/-6.3; switch onset=L522; last complete picture=L521; band bottom=L525",521,0,0
565,6607,23,259,262,262,cv_inspected,"commercial tape; raw first pass-through row is picture; dark first band retained; raw three-third displacement L259=0.960,0.980,10.277/L260=15.444,15.727,6.069/L261=4.636,4.818,4.545/L262=2.061,1.758,1.465; peak=L260 margin=5.450; split fraction/run=0.696/108; outer edges=16/714; body=18.0+/-8.0/643.0+/-8.0; switch onset=L260; last complete picture=L259; band bottom=L262; raw per-unit candidate L258 disagrees; pooled raw-row displacement of the continuous stable lock resolves L259; row Y(mean/std) L22=1.386/0.487 L23=3.555/1.005 L24=2.586/1.030 L259=2.941/2.845 L260=8.661/0.806 L262=11.181/0.770",258,286,521,525,525,direct,"commercial tape; raw first pass-through row is picture; dark first band retained; raw three-third displacement L522=1.010,1.030,1.059/L523=12.990,13.798,13.376/L524=2.640,2.091,2.752/L525=4.110,3.505,3.000; peak=L523 margin=9.688; split fraction/run=0.000/0; outer edges=8/617; body=13.0+/-8.0/640.0+/-8.0; switch onset=L522; last complete picture=L521; band bottom=L525",521,0,0
566,6608,23,259,262,262,direct,"commercial tape; raw first pass-through row is picture; dark first band retained; raw three-third displacement L259=1.021,0.980,0.990/L260=1.196,0.970,14.422/L261=16.773,16.248,2.520/L262=3.979,4.089,3.598; peak=L261 margin=2.352; split fraction/run=0.963/63; outer edges=9/713; body=0.0+/-8.0/640.0+/-8.0; switch onset=L260; last complete picture=L259; band bottom=L262",259,286,521,525,525,direct,"commercial tape; raw first pass-through row is picture; dark first band retained; raw three-third displacement L522=1.000,1.050,0.980/L523=14.000,14.230,13.614/L524=1.790,1.730,2.317/L525=4.540,3.500,3.099; peak=L523 margin=9.690; split fraction/run=0.000/0; outer edges=56/607; body=62.0+/-7.0/649.0+/-7.2; switch onset=L522; last complete picture=L521; band bottom=L525",521,0,0
567,6609,23,259,262,262,cv_inspected,"commercial tape; raw first pass-through row is picture; dark first band retained; raw three-third displacement L259=1.020,0.861,0.960/L260=14.020,14.119,14.129/L261=1.644,1.733,2.030/L262=4.198,3.822,2.822; peak=L260 margin=9.931; split fraction/run=0.000/0; outer edges=1/647; body=0.0+/-8.0/683.0+/-7.0; switch onset=L260; last complete picture=L259; band bottom=L262; raw per-unit candidate L258 disagrees; pooled raw-row displacement of the continuous stable lock resolves L259; row Y(mean/std) L22=1.375/0.484 L23=3.984/1.336 L24=3.981/1.245 L259=1.372/0.483 L260=8.042/0.682 L262=10.194/0.768",258,286,521,525,525,direct,"commercial tape; raw first pass-through row is picture; dark first band retained; raw three-third displacement L522=1.000,0.870,1.059/L523=13.980,13.800,13.683/L524=1.570,1.860,2.208/L525=4.130,3.380,2.980; peak=L523 margin=9.850; split fraction/run=0.000/0; outer edges=21/617; body=27.0+/-7.5/640.0+/-7.0; switch onset=L522; last complete picture=L521; band bottom=L525",521,0,0
568,6610,23,259,262,262,cv_inspected,"commercial tape; raw first pass-through row is picture; dark first band retained; raw three-third displacement L259=1.070,0.970,0.980/L260=1.010,1.222,15.740/L261=16.220,16.303,2.040/L262=3.990,4.303,4.260; peak=L261 margin=0.563; split fraction/run=1.000/216; outer edges=5/714; body=0.0+/-8.0/640.0+/-7.9; switch onset=L260; last complete picture=L259; band bottom=L262; row Y(mean/std) L22=1.375/0.484 L23=3.009/1.131 L24=3.066/1.113 L259=1.358/0.479 L260=3.864/3.525 L262=10.963/0.768",259,286,521,525,525,cv_inspected,"commercial tape; raw first pass-through row is picture; dark first band retained; raw three-third displacement L522=1.139,0.919,1.058/L523=2.958,2.583,2.573/L524=0.448,0.400,0.618/L525=1.097,0.853,0.795; peak=L523 margin=1.819; split fraction/run=0.033/4; outer edges=2/711; body=4.0+/-2.0/712.0+/-2.0; switch onset=L522; last complete picture=L521; band bottom=L525; raw per-unit candidate L522 disagrees; pooled raw-row displacement of the continuous stable lock resolves L521; row Y(mean/std) L285=1.366/0.482 L286=20.339/2.134 L287=20.744/1.987 L521=12.491/1.868 L522=12.522/1.857 L525=9.786/0.814",522,0,0
569,6611,23,259,262,262,cv_inspected,"commercial tape; raw first pass-through row is picture; dark first band retained; raw three-third displacement L259=0.938,0.938,1.020/L260=0.887,0.909,3.254/L261=3.439,3.276,0.481/L262=1.127,1.240,1.222; peak=L261 margin=0.186; split fraction/run=0.860/32; outer edges=12/714; body=4.0+/-2.0/712.0+/-2.0; switch onset=L260; last complete picture=L259; band bottom=L262; raw per-unit candidate L260 disagrees; pooled raw-row displacement of the continuous stable lock resolves L259; row Y(mean/std) L22=1.358/0.479 L23=20.314/2.179 L24=20.239/2.081 L259=13.944/1.726 L260=12.328/2.950 L262=10.622/0.712",260,286,521,525,525,cv_inspected,"commercial tape; raw first pass-through row is picture; dark first band retained; raw three-third displacement L522=1.183,0.968,1.053/L523=4.907,4.046,4.049/L524=0.599,0.516,0.560/L525=1.122,0.828,0.915; peak=L523 margin=3.724; split fraction/run=0.005/1; outer edges=4/713; body=3.0+/-2.0/712.0+/-2.0; switch onset=L522; last complete picture=L521; band bottom=L525; raw per-unit candidate L522 disagrees; pooled raw-row displacement of the continuous stable lock resolves L521; row Y(mean/std) L285=1.372/0.483 L286=22.752/1.896 L287=21.169/1.533 L521=14.234/1.391 L522=14.567/1.455 L525=10.183/0.758",522,0,0
570,6612,23,259,262,262,cv_inspected,"commercial tape; raw first pass-through row is picture; dark first band retained; raw three-third displacement L259=1.251,0.949,1.212/L260=1.155,1.283,4.557/L261=4.569,4.173,0.867/L262=1.166,1.463,1.398; peak=L261 margin=0.012; split fraction/run=0.860/43; outer edges=0/714; body=4.0+/-2.0/712.0+/-2.0; switch onset=L260; last complete picture=L259; band bottom=L262; raw per-unit candidate L260 disagrees; pooled raw-row displacement of the continuous stable lock resolves L259; row Y(mean/std) L22=1.402/0.490 L23=22.586/1.807 L24=21.547/1.769 L259=15.312/1.612 L260=13.108/3.106 L262=10.986/0.732",260,286,521,525,525,cv_inspected,"commercial tape; raw first pass-through row is picture; dark first band retained; raw three-third displacement L522=1.039,1.112,1.208/L523=6.062,6.004,5.775/L524=0.638,0.606,0.804/L525=0.930,0.888,0.913; peak=L523 margin=4.854; split fraction/run=0.000/0; outer edges=5/712; body=4.0+/-2.0/712.0+/-2.0; switch onset=L522; last complete picture=L521; band bottom=L525; raw per-unit candidate L522 disagrees; pooled raw-row displacement of the continuous stable lock resolves L521; row Y(mean/std) L285=1.367/0.482 L286=23.634/1.736 L287=21.797/1.559 L521=15.695/1.429 L522=15.972/1.204 L525=10.231/0.693",522,0,0
571,6613,23,259,262,262,cv_inspected,"commercial tape; raw first pass-through row is picture; dark first band retained; raw three-third displacement L259=1.203,1.180,1.243/L260=1.211,1.645,6.025/L261=6.143,5.098,0.653/L262=1.494,1.473,1.167; peak=L261 margin=0.118; split fraction/run=0.991/126; outer edges=2/714; body=4.0+/-2.0/712.0+/-2.0; switch onset=L260; last complete picture=L259; band bottom=L262; row Y(mean/std) L22=1.398/0.490 L23=23.866/1.691 L24=23.345/1.584 L259=16.633/1.302 L260=13.909/3.314 L262=11.028/0.728",259,286,521,525,525,cv_inspected,"commercial tape; raw first pass-through row is picture; dark first band retained; raw three-third displacement L522=1.021,1.336,1.053/L523=6.665,6.175,6.286/L524=0.733,0.808,0.881/L525=1.186,0.830,0.722; peak=L523 margin=5.329; split fraction/run=0.000/0; outer edges=3/711; body=3.0+/-2.0/712.0+/-2.0; switch onset=L522; last complete picture=L521; band bottom=L525; raw per-unit candidate L522 disagrees; pooled raw-row displacement of the continuous stable lock resolves L521; row Y(mean/std) L285=1.372/0.483 L286=24.517/1.686 L287=23.120/1.517 L521=15.947/1.111 L522=16.275/1.162 L525=10.306/0.711",522,0,0
572,6614,23,259,262,262,cv_inspected,"commercial tape; raw first pass-through row is picture; dark first band retained; raw three-third displacement L259=1.245,1.193,1.203/L260=1.089,2.256,6.026/L261=6.574,4.685,0.697/L262=1.363,0.849,0.866; peak=L261 margin=0.548; split fraction/run=0.981/112; outer edges=0/714; body=4.0+/-2.0/713.0+/-2.0; switch onset=L260; last complete picture=L259; band bottom=L262; row Y(mean/std) L22=1.373/0.484 L23=23.284/1.433 L24=23.453/1.415 L259=16.700/1.253 L260=14.052/3.494 L262=10.906/0.742",259,286,521,525,525,cv_inspected,"commercial tape; raw first pass-through row is picture; dark first band retained; raw three-third displacement L522=1.055,0.910,1.023/L523=6.945,6.362,6.417/L524=0.745,0.986,0.912/L525=1.115,0.701,0.810; peak=L523 margin=5.830; split fraction/run=0.000/0; outer edges=2/713; body=3.0+/-2.0/713.0+/-2.0; switch onset=L522; last complete picture=L521; band bottom=L525; raw per-unit candidate L522 disagrees; pooled raw-row displacement of the continuous stable lock resolves L521; row Y(mean/std) L285=1.392/0.488 L286=24.533/1.545 L287=22.702/1.409 L521=16.038/1.083 L522=16.212/1.026 L525=10.459/0.715",522,0,0
573,6615,23,259,262,262,cv_inspected,"commercial tape; raw first pass-through row is picture; dark first band retained; raw three-third displacement L259=1.211,1.111,1.292/L260=1.225,2.787,6.056/L261=6.595,4.272,0.631/L262=1.308,1.034,0.790; peak=L261 margin=0.539; split fraction/run=0.977/72; outer edges=31/714; body=3.0+/-2.0/712.0+/-2.0; switch onset=L260; last complete picture=L259; band bottom=L262; row Y(mean/std) L22=1.383/0.486 L23=23.675/1.471 L24=23.448/1.350 L259=17.111/1.268 L260=14.067/3.463 L262=11.080/0.778",259,286,521,525,525,cv_inspected,"commercial tape; raw first pass-through row is picture; dark first band retained; raw three-third displacement L522=0.906,1.036,0.991/L523=6.919,6.800,6.869/L524=0.694,0.973,0.887/L525=0.898,0.707,0.743; peak=L523 margin=5.884; split fraction/run=0.000/0; outer edges=4/713; body=3.0+/-2.0/713.0+/-2.0; switch onset=L522; last complete picture=L521; band bottom=L525; raw per-unit candidate L522 disagrees; pooled raw-row displacement of the continuous stable lock resolves L521; row Y(mean/std) L285=1.370/0.483 L286=24.702/1.500 L287=23.012/1.338 L521=16.712/1.016 L522=16.816/0.986 L525=10.539/0.704",522,0,0
574,6616,23,259,262,262,cv_inspected,"commercial tape; raw first pass-through row is picture; dark first band retained; raw three-third displacement L259=1.376,1.207,1.181/L260=1.416,2.905,6.707/L261=7.145,4.757,0.726/L262=1.321,1.221,1.107; peak=L261 margin=0.438; split fraction/run=0.986/85; outer edges=2/714; body=3.0+/-2.0/712.0+/-2.0; switch onset=L260; last complete picture=L259; band bottom=L262; row Y(mean/std) L22=1.377/0.485 L23=24.370/1.610 L24=24.417/1.503 L259=17.386/1.261 L260=14.480/3.664 L262=11.514/0.772",259,286,521,525,525,cv_inspected,"commercial tape; raw first pass-through row is picture; dark first band retained; raw three-third displacement L522=0.934,1.165,1.040/L523=6.734,6.107,5.875/L524=0.934,0.688,0.871/L525=0.865,0.656,0.679; peak=L523 margin=5.568; split fraction/run=0.000/0; outer edges=3/713; body=3.0+/-2.0/713.0+/-2.0; switch onset=L522; last complete picture=L521; band bottom=L525; raw per-unit candidate L522 disagrees; pooled raw-row displacement of the continuous stable lock resolves L521; row Y(mean/std) L285=1.375/0.484 L286=25.506/1.717 L287=23.998/1.458 L521=16.816/1.064 L522=16.691/1.106 L525=10.581/0.687",522,0,0
575,6617,23,259,262,262,cv_inspected,"commercial tape; raw first pass-through row is picture; dark first band retained; raw three-third displacement L259=1.203,1.070,1.093/L260=1.350,2.832,6.637/L261=7.281,4.724,0.763/L262=1.300,1.266,0.972; peak=L261 margin=0.644; split fraction/run=0.991/137; outer edges=1/714; body=3.0+/-2.0/713.0+/-2.0; switch onset=L260; last complete picture=L259; band bottom=L262; row Y(mean/std) L22=1.387/0.487 L23=24.552/1.417 L24=24.789/1.441 L259=17.288/1.149 L260=14.253/3.633 L262=11.339/0.780",259,286,521,525,525,cv_inspected,"commercial tape; raw first pass-through row is picture; dark first band retained; raw three-third displacement L522=1.208,1.235,1.112/L523=7.035,6.312,6.196/L524=0.863,0.719,0.723/L525=0.863,0.887,0.759; peak=L523 margin=5.800; split fraction/run=0.000/0; outer edges=3/714; body=3.0+/-2.0/713.0+/-2.0; switch onset=L522; last complete picture=L521; band bottom=L525; raw per-unit candidate L522 disagrees; pooled raw-row displacement of the continuous stable lock resolves L521; row Y(mean/std) L285=1.373/0.484 L286=25.706/1.507 L287=24.248/1.516 L521=17.422/1.107 L522=16.948/1.082 L525=10.817/0.756",522,0,0
576,6618,23,259,262,262,cv_inspected,"commercial tape; raw first pass-through row is picture; dark first band retained; raw three-third displacement L259=1.286,1.096,1.121/L260=1.335,2.625,7.063/L261=7.330,5.144,0.845/L262=1.063,1.058,1.024; peak=L261 margin=0.267; split fraction/run=0.991/143; outer edges=11/714; body=3.0+/-2.0/713.0+/-2.0; switch onset=L260; last complete picture=L259; band bottom=L262; row Y(mean/std) L22=1.384/0.486 L23=24.277/1.339 L24=24.289/1.450 L259=17.331/1.094 L260=14.369/3.599 L262=11.281/0.788",259,286,521,525,525,cv_inspected,"commercial tape; raw first pass-through row is picture; dark first band retained; raw three-third displacement L522=1.115,1.051,1.053/L523=7.599,6.335,6.483/L524=0.866,0.749,0.703/L525=0.945,0.921,0.813; peak=L523 margin=6.484; split fraction/run=0.000/0; outer edges=4/713; body=3.0+/-2.0/713.0+/-2.0; switch onset=L522; last complete picture=L521; band bottom=L525; raw per-unit candidate L522 disagrees; pooled raw-row displacement of the continuous stable lock resolves L521; row Y(mean/std) L285=1.377/0.485 L286=25.339/1.440 L287=24.036/1.457 L521=17.133/1.018 L522=16.967/0.929 L525=10.766/0.781",522,0,0
577,6619,23,259,262,262,direct,"commercial tape; raw first pass-through row is picture; dark first band retained; raw three-third displacement L259=1.065,1.379,1.312/L260=1.514,2.379,6.251/L261=7.033,5.156,0.744/L262=0.935,1.057,1.042; peak=L261 margin=0.782; split fraction/run=0.949/92; outer edges=85/714; body=3.0+/-2.0/712.0+/-2.0; switch onset=L260; last complete picture=L259; band bottom=L262",259,286,521,525,525,cv_inspected,"commercial tape; raw first pass-through row is picture; dark first band retained; raw three-third displacement L522=1.046,1.041,0.910/L523=6.904,6.100,6.032/L524=0.890,0.914,0.739/L525=0.968,0.786,0.703; peak=L523 margin=5.858; split fraction/run=0.000/0; outer edges=3/712; body=3.0+/-2.0/713.0+/-2.0; switch onset=L522; last complete picture=L521; band bottom=L525; raw per-unit candidate L522 disagrees; pooled raw-row displacement of the continuous stable lock resolves L521; row Y(mean/std) L285=1.369/0.482 L286=25.127/1.395 L287=23.895/1.526 L521=17.203/1.066 L522=17.012/0.981 L525=11.025/0.766",522,0,0
578,6620,23,259,262,262,cv_inspected,"commercial tape; raw first pass-through row is picture; dark first band retained; raw three-third displacement L259=1.105,0.771,1.032/L260=1.543,1.692,5.742/L261=6.567,5.107,0.705/L262=0.952,1.089,0.963; peak=L261 margin=0.825; split fraction/run=0.967/75; outer edges=0/714; body=3.0+/-2.0/713.0+/-2.0; switch onset=L260; last complete picture=L259; band bottom=L262; row Y(mean/std) L22=1.367/0.482 L23=23.925/1.355 L24=24.152/1.279 L259=17.092/1.091 L260=14.667/3.084 L262=11.659/0.743",259,286,521,525,525,cv_inspected,"commercial tape; raw first pass-through row is picture; dark first band retained; raw three-third displacement L522=1.174,0.960,1.036/L523=6.987,5.811,6.170/L524=0.781,0.709,0.749/L525=0.777,0.837,0.798; peak=L523 margin=5.812; split fraction/run=0.000/0; outer edges=4/711; body=3.0+/-2.0/713.0+/-2.0; switch onset=L522; last complete picture=L521; band bottom=L525; raw per-unit candidate L522 disagrees; pooled raw-row displacement of the continuous stable lock resolves L521; row Y(mean/std) L285=1.363/0.481 L286=24.964/1.491 L287=23.955/1.547 L521=16.909/1.176 L522=17.125/1.087 L525=11.017/0.765",522,0,0
579,6621,23,259,262,262,cv_inspected,"commercial tape; raw first pass-through row is picture; dark first band retained; raw three-third displacement L259=1.114,0.951,1.097/L260=1.062,1.883,5.923/L261=6.471,5.005,0.845/L262=1.295,0.976,0.990; peak=L261 margin=0.549; split fraction/run=0.935/73; outer edges=10/714; body=3.0+/-2.0/712.0+/-2.0; switch onset=L260; last complete picture=L259; band bottom=L262; row Y(mean/std) L22=1.389/0.488 L23=24.077/1.350 L24=24.281/1.487 L259=16.652/1.015 L260=14.344/2.990 L262=11.480/0.735",259,286,521,525,525,cv_inspected,"commercial tape; raw first pass-through row is picture; dark first band retained; raw three-third displacement L522=1.526,1.019,1.148/L523=7.167,5.790,6.191/L524=0.847,0.720,0.775/L525=0.813,0.785,0.770; peak=L523 margin=5.641; split fraction/run=0.000/0; outer edges=3/712; body=3.0+/-2.0/713.0+/-2.0; switch onset=L522; last complete picture=L521; band bottom=L525; raw per-unit candidate L522 disagrees; pooled raw-row displacement of the continuous stable lock resolves L521; row Y(mean/std) L285=1.370/0.483 L286=24.297/1.687 L287=23.853/1.540 L521=16.417/1.134 L522=16.637/1.207 L525=10.767/0.757",522,0,0
580,6622,23,259,262,262,cv_inspected,"commercial tape; raw first pass-through row is picture; dark first band retained; raw three-third displacement L259=1.248,1.074,1.184/L260=1.364,1.824,5.752/L261=5.922,4.975,0.757/L262=1.267,1.093,1.102; peak=L261 margin=0.170; split fraction/run=0.925/69; outer edges=7/714; body=3.0+/-2.0/713.0+/-2.0; switch onset=L260; last complete picture=L259; band bottom=L262; row Y(mean/std) L22=1.361/0.480 L23=23.709/1.375 L24=23.852/1.403 L259=16.344/1.139 L260=14.059/2.960 L262=11.537/0.761",259,286,521,525,525,cv_inspected,"commercial tape; raw first pass-through row is picture; dark first band retained; raw three-third displacement L522=0.913,1.098,1.408/L523=6.822,6.060,6.282/L524=0.804,0.781,0.831/L525=0.904,0.791,0.704; peak=L523 margin=5.413; split fraction/run=0.000/0; outer edges=3/711; body=3.0+/-2.0/712.0+/-2.0; switch onset=L522; last complete picture=L521; band bottom=L525; raw per-unit candidate L522 disagrees; pooled raw-row displacement of the continuous stable lock resolves L521; row Y(mean/std) L285=1.383/0.486 L286=24.403/1.587 L287=23.714/1.549 L521=16.473/1.134 L522=16.770/1.038 L525=10.739/0.766",522,0,0
581,6623,23,259,262,262,cv_inspected,"commercial tape; raw first pass-through row is picture; dark first band retained; raw three-third displacement L259=1.078,1.063,1.191/L260=1.454,1.990,6.299/L261=6.878,5.615,0.770/L262=0.976,1.220,1.044; peak=L261 margin=0.579; split fraction/run=0.977/114; outer edges=12/714; body=3.0+/-2.0/713.0+/-2.0; switch onset=L260; last complete picture=L259; band bottom=L262; row Y(mean/std) L22=1.361/0.480 L23=24.244/1.572 L24=24.306/1.471 L259=16.902/1.189 L260=14.641/3.411 L262=11.573/0.746",259,286,521,525,525,cv_inspected,"commercial tape; raw first pass-through row is picture; dark first band retained; raw three-third displacement L522=1.015,1.024,1.200/L523=7.165,6.095,6.352/L524=0.942,0.815,0.848/L525=1.083,0.915,0.800; peak=L523 margin=5.965; split fraction/run=0.000/0; outer edges=4/714; body=3.0+/-2.0/713.0+/-2.0; switch onset=L522; last complete picture=L521; band bottom=L525; raw per-unit candidate L522 disagrees; pooled raw-row displacement of the continuous stable lock resolves L521; row Y(mean/std) L285=1.375/0.484 L286=24.134/1.530 L287=23.398/1.537 L521=16.452/1.037 L522=16.709/1.050 L525=11.012/0.772",522,0,0
582,6624,23,259,262,262,cv_inspected,"commercial tape; raw first pass-through row is picture; dark first band retained; raw three-third displacement L259=1.323,1.200,1.098/L260=1.308,2.254,6.122/L261=7.100,5.185,0.737/L262=1.055,1.332,0.990; peak=L261 margin=0.978; split fraction/run=0.944/63; outer edges=1/714; body=3.0+/-2.0/713.0+/-2.0; switch onset=L260; last complete picture=L259; band bottom=L262; raw per-unit candidate L260 disagrees; pooled raw-row displacement of the continuous stable lock resolves L259; row Y(mean/std) L22=1.377/0.485 L23=23.778/1.341 L24=24.527/1.421 L259=16.916/1.224 L260=14.500/3.320 L262=11.539/0.770",260,286,521,525,525,cv_inspected,"commercial tape; raw first pass-through row is picture; dark first band retained; raw three-third displacement L522=1.236,1.130,1.103/L523=6.824,6.139,5.701/L524=0.755,0.773,0.821/L525=0.815,0.769,0.763; peak=L523 margin=5.588; split fraction/run=0.000/0; outer edges=2/713; body=3.0+/-2.0/713.0+/-2.0; switch onset=L522; last complete picture=L521; band bottom=L525; raw per-unit candidate L522 disagrees; pooled raw-row displacement of the continuous stable lock resolves L521; row Y(mean/std) L285=1.356/0.479 L286=24.591/1.670 L287=24.148/1.572 L521=16.692/1.067 L522=16.948/1.108 L525=11.030/0.736",522,0,0
583,6625,23,259,262,262,cv_inspected,"commercial tape; raw first pass-through row is picture; dark first band retained; raw three-third displacement L259=1.208,1.150,1.010/L260=1.473,2.311,5.723/L261=5.995,4.044,0.864/L262=1.198,1.102,0.883; peak=L261 margin=0.272; split fraction/run=0.953/55; outer edges=91/714; body=3.0+/-2.0/712.0+/-2.0; switch onset=L260; last complete picture=L259; band bottom=L262; raw per-unit candidate L260 disagrees; pooled raw-row displacement of the continuous stable lock resolves L259; row Y(mean/std) L22=1.367/0.482 L23=23.995/1.413 L24=24.486/1.445 L259=16.352/1.126 L260=13.920/2.894 L262=11.684/0.763",260,286,521,525,525,cv_inspected,"commercial tape; raw first pass-through row is picture; dark first band retained; raw three-third displacement L522=1.094,0.776,0.873/L523=6.520,5.852,5.736/L524=0.682,0.731,0.591/L525=0.816,0.767,0.809; peak=L523 margin=5.426; split fraction/run=0.000/0; outer edges=4/712; body=3.0+/-2.0/713.0+/-2.0; switch onset=L522; last complete picture=L521; band bottom=L525; raw per-unit candidate L522 disagrees; pooled raw-row displacement of the continuous stable lock resolves L521; row Y(mean/std) L285=1.369/0.482 L286=24.225/1.489 L287=23.961/1.420 L521=16.392/0.891 L522=16.425/1.014 L525=10.823/0.790",522,0,0
584,6626,23,259,262,262,cv_inspected,"commercial tape; raw first pass-through row is picture; dark first band retained; raw three-third displacement L259=1.051,1.150,1.066/L260=1.377,2.280,5.618/L261=6.121,4.402,0.689/L262=1.019,1.019,0.939; peak=L261 margin=0.503; split fraction/run=0.972/98; outer edges=94/714; body=3.0+/-2.0/712.0+/-2.0; switch onset=L260; last complete picture=L259; band bottom=L262; row Y(mean/std) L22=1.378/0.485 L23=23.602/1.319 L24=23.695/1.318 L259=16.569/1.148 L260=14.277/3.157 L262=11.620/0.751",259,286,521,525,525,cv_inspected,"commercial tape; raw first pass-through row is picture; dark first band retained; raw three-third displacement L522=0.956,1.027,0.890/L523=6.467,5.881,5.726/L524=0.789,0.721,0.639/L525=0.797,0.717,0.854; peak=L523 margin=5.440; split fraction/run=0.000/0; outer edges=4/713; body=4.0+/-2.0/713.0+/-2.0; switch onset=L522; last complete picture=L521; band bottom=L525; raw per-unit candidate L522 disagrees; pooled raw-row displacement of the continuous stable lock resolves L521; row Y(mean/std) L285=1.387/0.487 L286=24.597/1.522 L287=24.289/1.406 L521=16.523/1.021 L522=16.478/1.112 L525=10.825/0.785",522,0,0
585,6627,23,259,262,262,cv_inspected,"commercial tape; raw first pass-through row is picture; dark first band retained; raw three-third displacement L259=1.088,0.939,1.019/L260=1.116,2.056,5.667/L261=5.981,4.598,0.743/L262=1.014,1.196,0.981; peak=L261 margin=0.315; split fraction/run=0.953/91; outer edges=92/714; body=3.0+/-2.0/713.0+/-2.0; switch onset=L260; last complete picture=L259; band bottom=L262; row Y(mean/std) L22=1.381/0.486 L23=23.791/1.232 L24=24.119/1.298 L259=16.327/1.043 L260=14.133/3.135 L262=11.580/0.760",259,286,521,525,525,cv_inspected,"commercial tape; raw first pass-through row is picture; dark first band retained; raw three-third displacement L522=1.009,1.169,0.981/L523=7.005,6.343,5.823/L524=0.851,0.779,0.791/L525=0.740,0.761,0.735; peak=L523 margin=5.836; split fraction/run=0.000/0; outer edges=4/712; body=4.0+/-2.0/713.0+/-2.0; switch onset=L522; last complete picture=L521; band bottom=L525; raw per-unit candidate L522 disagrees; pooled raw-row displacement of the continuous stable lock resolves L521; row Y(mean/std) L285=1.361/0.480 L286=24.363/1.406 L287=23.905/1.518 L521=16.728/1.076 L522=16.736/1.190 L525=10.772/0.763",522,0,0
586,6628,23,259,262,262,cv_inspected,"commercial tape; raw first pass-through row is picture; dark first band retained; raw three-third displacement L259=1.170,0.850,1.106/L260=1.000,1.617,5.812/L261=6.126,4.699,0.731/L262=1.078,1.097,0.880; peak=L261 margin=0.314; split fraction/run=0.949/59; outer edges=0/714; body=3.0+/-2.0/712.0+/-2.0; switch onset=L260; last complete picture=L259; band bottom=L262; raw per-unit candidate L260 disagrees; pooled raw-row displacement of the continuous stable lock resolves L259; row Y(mean/std) L22=1.381/0.486 L23=24.042/1.387 L24=24.169/1.387 L259=16.420/0.920 L260=14.277/2.941 L262=11.662/0.755",260,286,521,525,525,cv_inspected,"commercial tape; raw first pass-through row is picture; dark first band retained; raw three-third displacement L522=0.968,1.101,0.922/L523=6.907,6.244,5.926/L524=0.977,0.687,0.714/L525=0.796,0.756,0.664; peak=L523 margin=5.806; split fraction/run=0.000/0; outer edges=3/713; body=4.0+/-2.0/713.0+/-2.0; switch onset=L522; last complete picture=L521; band bottom=L525; raw per-unit candidate L522 disagrees; pooled raw-row displacement of the continuous stable lock resolves L521; row Y(mean/std) L285=1.373/0.484 L286=24.291/1.382 L287=23.847/1.568 L521=16.983/1.067 L522=17.027/1.071 L525=10.930/0.733",522,0,0
587,6629,23,259,262,262,cv_inspected,"commercial tape; raw first pass-through row is picture; dark first band retained; raw three-third displacement L259=1.296,1.066,1.105/L260=1.333,1.656,6.215/L261=6.169,4.835,0.833/L262=1.042,1.344,0.861; peak=L260 margin=0.046; split fraction/run=0.033/1; outer edges=3/712; body=3.0+/-2.0/713.0+/-2.0; switch onset=L260; last complete picture=L259; band bottom=L262; row Y(mean/std) L22=1.358/0.479 L23=23.648/1.539 L24=23.902/1.495 L259=16.781/1.246 L260=14.322/3.042 L262=11.728/0.777",259,286,521,525,525,cv_inspected,"commercial tape; raw first pass-through row is picture; dark first band retained; raw three-third displacement L522=1.240,1.273,1.093/L523=7.394,6.405,5.921/L524=0.851,0.850,0.773/L525=0.819,0.741,0.833; peak=L523 margin=6.121; split fraction/run=0.000/0; outer edges=2/712; body=4.0+/-2.0/713.0+/-2.0; switch onset=L522; last complete picture=L521; band bottom=L525; raw per-unit candidate L522 disagrees; pooled raw-row displacement of the continuous stable lock resolves L521; row Y(mean/std) L285=1.378/0.485 L286=24.522/1.468 L287=24.350/1.529 L521=17.117/1.073 L522=17.361/1.298 L525=10.986/0.801",522,0,0
588,6630,23,259,262,262,cv_inspected,"commercial tape; raw first pass-through row is picture; dark first band retained; raw three-third displacement L259=1.190,1.061,1.168/L260=1.292,1.685,6.093/L261=6.009,5.146,0.794/L262=1.060,1.019,1.075; peak=L260 margin=0.084; split fraction/run=0.019/1; outer edges=4/711; body=4.0+/-2.0/713.0+/-2.0; switch onset=L260; last complete picture=L259; band bottom=L262; row Y(mean/std) L22=1.373/0.484 L23=23.936/1.480 L24=24.147/1.312 L259=16.920/1.190 L260=14.536/3.176 L262=11.602/0.774",259,286,521,525,525,cv_inspected,"commercial tape; raw first pass-through row is picture; dark first band retained; raw three-third displacement L522=1.395,1.317,1.073/L523=7.355,6.626,6.082/L524=0.851,0.709,0.841/L525=0.803,0.727,0.850; peak=L523 margin=5.961; split fraction/run=0.000/0; outer edges=3/713; body=4.0+/-2.0/713.0+/-2.0; switch onset=L522; last complete picture=L521; band bottom=L525; raw per-unit candidate L522 disagrees; pooled raw-row displacement of the continuous stable lock resolves L521; row Y(mean/std) L285=1.367/0.482 L286=24.712/1.357 L287=24.958/1.667 L521=17.122/1.135 L522=17.636/1.276 L525=11.017/0.767",522,0,0
589,6631,23,259,262,262,cv_inspected,"commercial tape; raw first pass-through row is picture; dark first band retained; raw three-third displacement L259=1.318,1.019,1.245/L260=1.175,1.469,6.269/L261=6.204,5.560,0.707/L262=1.123,1.187,0.971; peak=L260 margin=0.065; split fraction/run=0.023/1; outer edges=3/712; body=3.0+/-2.0/713.0+/-2.0; switch onset=L260; last complete picture=L259; band bottom=L262; row Y(mean/std) L22=1.380/0.485 L23=24.430/1.565 L24=24.659/1.296 L259=16.906/1.128 L260=14.586/3.117 L262=11.628/0.772",259,286,521,525,525,cv_inspected,"commercial tape; raw first pass-through row is picture; dark first band retained; raw three-third displacement L522=0.995,1.110,1.093/L523=7.429,7.009,6.907/L524=0.799,1.105,0.888/L525=0.772,0.699,0.991; peak=L523 margin=6.320; split fraction/run=0.000/0; outer edges=4/713; body=4.0+/-2.0/713.0+/-2.0; switch onset=L522; last complete picture=L521; band bottom=L525; raw per-unit candidate L522 disagrees; pooled raw-row displacement of the continuous stable lock resolves L521; row Y(mean/std) L285=1.370/0.483 L286=25.030/1.447 L287=25.000/1.566 L521=17.091/1.067 L522=17.525/1.012 L525=11.278/0.843",522,0,0
590,6632,23,259,262,262,cv_inspected,"commercial tape; raw first pass-through row is picture; dark first band retained; raw three-third displacement L259=1.280,0.939,1.166/L260=1.133,1.449,5.475/L261=5.882,4.977,0.816/L262=0.943,0.958,0.931; peak=L261 margin=0.407; split fraction/run=0.911/63; outer edges=2/714; body=3.0+/-2.0/713.0+/-2.0; switch onset=L260; last complete picture=L259; band bottom=L262; raw per-unit candidate L260 disagrees; pooled raw-row displacement of the continuous stable lock resolves L259; row Y(mean/std) L22=1.369/0.482 L23=24.322/1.439 L24=24.959/1.391 L259=16.573/1.150 L260=14.463/2.970 L262=11.630/0.762",260,286,521,525,525,cv_inspected,"commercial tape; raw first pass-through row is picture; dark first band retained; raw three-third displacement L522=1.036,1.087,0.964/L523=7.223,6.572,6.446/L524=0.914,0.930,0.844/L525=0.800,0.729,0.795; peak=L523 margin=6.135; split fraction/run=0.000/0; outer edges=3/713; body=4.0+/-2.0/713.0+/-2.0; switch onset=L522; last complete picture=L521; band bottom=L525; raw per-unit candidate L522 disagrees; pooled raw-row displacement of the continuous stable lock resolves L521; row Y(mean/std) L285=1.375/0.484 L286=24.663/1.629 L287=25.167/1.519 L521=17.462/1.056 L522=17.689/1.083 L525=11.452/0.816",522,0,0
591,6633,23,259,262,262,cv_inspected,"commercial tape; raw first pass-through row is picture; dark first band retained; raw three-third displacement L259=1.161,1.256,1.069/L260=1.069,1.694,5.498/L261=5.739,4.822,0.710/L262=1.055,1.233,1.083; peak=L261 margin=0.241; split fraction/run=0.953/130; outer edges=2/714; body=3.0+/-2.0/713.0+/-2.0; switch onset=L260; last complete picture=L259; band bottom=L262; row Y(mean/std) L22=1.377/0.485 L23=24.580/1.437 L24=24.833/1.262 L259=16.530/1.136 L260=14.262/2.946 L262=11.684/0.725",259,286,521,525,525,cv_inspected,"commercial tape; raw first pass-through row is picture; dark first band retained; raw three-third displacement L522=1.076,1.161,1.271/L523=7.363,6.866,6.516/L524=0.731,0.924,0.756/L525=0.726,0.710,0.891; peak=L523 margin=6.092; split fraction/run=0.000/0; outer edges=3/713; body=3.0+/-2.0/713.0+/-2.0; switch onset=L522; last complete picture=L521; band bottom=L525; raw per-unit candidate L522 disagrees; pooled raw-row displacement of the continuous stable lock resolves L521; row Y(mean/std) L285=1.373/0.484 L286=24.680/1.547 L287=25.389/1.591 L521=17.505/1.205 L522=17.716/1.139 L525=11.395/0.797",522,0,0
592,6634,23,259,262,262,cv_inspected,"commercial tape; raw first pass-through row is picture; dark first band retained; raw three-third displacement L259=0.964,1.091,0.949/L260=0.959,1.323,5.276/L261=5.564,4.827,0.765/L262=0.873,1.123,0.931; peak=L261 margin=0.287; split fraction/run=0.953/93; outer edges=2/714; body=3.0+/-2.0/712.0+/-2.0; switch onset=L260; last complete picture=L259; band bottom=L262; row Y(mean/std) L22=1.386/0.487 L23=24.619/1.448 L24=24.523/1.317 L259=16.417/1.056 L260=14.403/2.878 L262=11.670/0.768",259,286,521,525,525,cv_inspected,"commercial tape; raw first pass-through row is picture; dark first band retained; raw three-third displacement L522=1.191,0.841,1.046/L523=7.118,6.432,6.456/L524=0.800,0.909,0.834/L525=0.818,0.827,0.853; peak=L523 margin=5.927; split fraction/run=0.000/0; outer edges=3/711; body=3.0+/-2.0/712.0+/-2.0; switch onset=L522; last complete picture=L521; band bottom=L525; raw per-unit candidate L522 disagrees; pooled raw-row displacement of the continuous stable lock resolves L521; row Y(mean/std) L285=1.373/0.484 L286=24.958/1.437 L287=25.230/1.388 L521=17.014/1.138 L522=17.230/1.086 L525=11.242/0.853",522,0,0
593,6635,23,259,262,262,cv_inspected,"commercial tape; raw first pass-through row is picture; dark first band retained; raw three-third displacement L259=1.360,1.081,0.957/L260=1.204,1.467,5.486/L261=5.943,5.171,0.702/L262=1.009,1.162,0.981; peak=L261 margin=0.458; split fraction/run=0.963/59; outer edges=1/714; body=3.0+/-2.0/713.0+/-2.0; switch onset=L260; last complete picture=L259; band bottom=L262; raw per-unit candidate L260 disagrees; pooled raw-row displacement of the continuous stable lock resolves L259; row Y(mean/std) L22=1.373/0.484 L23=24.242/1.362 L24=24.459/1.141 L259=16.531/1.068 L260=14.555/3.015 L262=11.762/0.768",260,286,521,525,525,cv_inspected,"commercial tape; raw first pass-through row is picture; dark first band retained; raw three-third displacement L522=1.122,0.995,1.032/L523=7.033,6.301,6.106/L524=0.798,0.773,0.759/L525=0.789,0.843,0.866; peak=L523 margin=5.911; split fraction/run=0.000/0; outer edges=3/712; body=3.0+/-2.0/713.0+/-2.0; switch onset=L522; last complete picture=L521; band bottom=L525; raw per-unit candidate L522 disagrees; pooled raw-row displacement of the continuous stable lock resolves L521; row Y(mean/std) L285=1.375/0.484 L286=24.717/1.560 L287=25.231/1.462 L521=17.006/1.017 L522=17.030/1.014 L525=11.398/0.860",522,0,0
594,6636,23,259,262,262,cv_inspected,"commercial tape; raw first pass-through row is picture; dark first band retained; raw three-third displacement L259=1.174,1.136,0.995/L260=1.317,1.441,5.936/L261=6.376,5.464,0.767/L262=1.005,1.227,0.858; peak=L261 margin=0.440; split fraction/run=0.991/144; outer edges=27/714; body=3.0+/-2.0/713.0+/-2.0; switch onset=L260; last complete picture=L259; band bottom=L262; row Y(mean/std) L22=1.373/0.484 L23=23.728/1.322 L24=24.147/1.253 L259=17.050/1.077 L260=14.950/3.304 L262=11.858/0.744",259,286,521,525,525,cv_inspected,"commercial tape; raw first pass-through row is picture; dark first band retained; raw three-third displacement L522=1.408,1.000,1.318/L523=6.498,6.244,6.291/L524=0.812,0.932,0.780/L525=0.744,0.860,0.821; peak=L523 margin=5.090; split fraction/run=0.005/1; outer edges=4/713; body=3.0+/-2.0/712.0+/-2.0; switch onset=L522; last complete picture=L521; band bottom=L525; raw per-unit candidate L522 disagrees; pooled raw-row displacement of the continuous stable lock resolves L521; row Y(mean/std) L285=1.398/0.490 L286=24.403/1.403 L287=25.052/1.344 L521=16.606/1.002 L522=17.073/1.282 L525=11.233/0.783",522,0,0
595,6637,23,259,262,262,cv_inspected,"commercial tape; raw first pass-through row is picture; dark first band retained; raw three-third displacement L259=1.127,1.089,1.023/L260=1.432,1.579,6.322/L261=6.450,6.121,0.743/L262=0.991,1.215,0.822; peak=L261 margin=0.128; split fraction/run=0.991/165; outer edges=0/714; body=3.0+/-2.0/712.0+/-2.0; switch onset=L260; last complete picture=L259; band bottom=L262; row Y(mean/std) L22=1.370/0.483 L23=24.086/1.234 L24=24.038/1.219 L259=17.092/1.238 L260=14.873/3.454 L262=11.483/0.746",259,286,521,525,525,cv_inspected,"commercial tape; raw first pass-through row is picture; dark first band retained; raw three-third displacement L522=1.403,0.995,1.261/L523=6.538,6.335,5.982/L524=0.828,0.930,0.826/L525=0.760,0.860,0.954; peak=L523 margin=5.136; split fraction/run=0.019/4; outer edges=3/712; body=3.0+/-2.0/713.0+/-2.0; switch onset=L522; last complete picture=L521; band bottom=L525; raw per-unit candidate L522 disagrees; pooled raw-row displacement of the continuous stable lock resolves L521; row Y(mean/std) L285=1.375/0.484 L286=24.350/1.396 L287=24.770/1.523 L521=16.703/1.092 L522=17.020/1.254 L525=11.509/0.833",522,0,0
596,6638,23,259,262,262,cv_inspected,"commercial tape; raw first pass-through row is picture; dark first band retained; raw three-third displacement L259=1.205,1.157,1.116/L260=1.140,1.125,6.047/L261=6.256,5.810,0.795/L262=0.907,1.167,0.912; peak=L261 margin=0.209; split fraction/run=0.967/85; outer edges=46/714; body=4.0+/-2.0/712.0+/-2.0; switch onset=L260; last complete picture=L259; band bottom=L262; row Y(mean/std) L22=1.380/0.485 L23=24.292/1.335 L24=24.530/1.335 L259=16.887/1.159 L260=14.806/3.221 L262=11.628/0.770",259,286,521,525,525,cv_inspected,"commercial tape; raw first pass-through row is picture; dark first band retained; raw three-third displacement L522=1.222,1.062,1.215/L523=6.209,5.581,5.680/L524=0.862,0.899,0.820/L525=0.729,0.784,0.776; peak=L523 margin=4.987; split fraction/run=0.000/0; outer edges=3/713; body=4.0+/-2.0/713.0+/-2.0; switch onset=L522; last complete picture=L521; band bottom=L525; raw per-unit candidate L522 disagrees; pooled raw-row displacement of the continuous stable lock resolves L521; row Y(mean/std) L285=1.372/0.483 L286=24.609/1.633 L287=24.972/1.600 L521=16.772/1.237 L522=16.789/1.229 L525=11.381/0.767",522,0,0
597,6639,23,259,262,262,cv_inspected,"commercial tape; raw first pass-through row is picture; dark first band retained; raw three-third displacement L259=1.090,1.009,1.259/L260=1.308,1.342,5.643/L261=6.380,6.156,0.763/L262=0.955,1.284,0.795; peak=L261 margin=0.737; split fraction/run=0.935/145; outer edges=2/714; body=3.0+/-2.0/713.0+/-2.0; switch onset=L260; last complete picture=L259; band bottom=L262; row Y(mean/std) L22=1.378/0.485 L23=24.464/1.447 L24=24.383/1.360 L259=16.698/1.223 L260=14.863/3.299 L262=11.403/0.762",259,286,521,525,525,cv_inspected,"commercial tape; raw first pass-through row is picture; dark first band retained; raw three-third displacement L522=1.043,0.895,1.210/L523=6.378,6.035,6.183/L524=0.796,0.830,0.768/L525=0.783,0.773,0.804; peak=L523 margin=5.168; split fraction/run=0.000/0; outer edges=3/712; body=3.0+/-2.0/713.0+/-2.0; switch onset=L522; last complete picture=L521; band bottom=L525; raw per-unit candidate L522 disagrees; pooled raw-row displacement of the continuous stable lock resolves L521; row Y(mean/std) L285=1.369/0.482 L286=23.994/1.659 L287=25.156/1.689 L521=16.644/1.124 L522=16.941/1.105 L525=11.316/0.812",522,0,0
598,6640,23,259,262,262,cv_inspected,"commercial tape; raw first pass-through row is picture; dark first band retained; raw three-third displacement L259=1.326,1.235,1.322/L260=1.409,1.268,6.104/L261=6.521,6.235,0.844/L262=1.070,1.174,0.986; peak=L261 margin=0.417; split fraction/run=0.949/122; outer edges=1/714; body=4.0+/-2.0/712.0+/-2.0; switch onset=L260; last complete picture=L259; band bottom=L262; row Y(mean/std) L22=1.370/0.483 L23=24.444/1.244 L24=24.580/1.280 L259=17.055/1.239 L260=14.969/3.254 L262=11.569/0.774",259,286,521,525,525,cv_inspected,"commercial tape; raw first pass-through row is picture; dark first band retained; raw three-third displacement L522=1.086,0.946,1.162/L523=6.918,6.263,6.444/L524=0.714,0.826,0.745/L525=0.782,0.763,0.838; peak=L523 margin=5.756; split fraction/run=0.000/0; outer edges=3/712; body=4.0+/-2.0/713.0+/-2.0; switch onset=L522; last complete picture=L521; band bottom=L525; raw per-unit candidate L522 disagrees; pooled raw-row displacement of the continuous stable lock resolves L521; row Y(mean/std) L285=1.369/0.482 L286=24.070/1.523 L287=24.863/1.514 L521=17.008/1.126 L522=17.270/1.121 L525=11.205/0.765",522,0,0
599,6641,23,259,262,262,cv_inspected,"commercial tape; raw first pass-through row is picture; dark first band retained; raw three-third displacement L259=1.388,1.207,1.119/L260=1.292,1.257,5.557/L261=5.717,5.779,0.922/L262=0.822,1.018,0.881; peak=L261 margin=0.222; split fraction/run=0.916/107; outer edges=3/714; body=3.0+/-2.0/712.0+/-2.0; switch onset=L260; last complete picture=L259; band bottom=L262; row Y(mean/std) L22=1.395/0.489 L23=23.942/1.407 L24=24.317/1.472 L259=16.962/1.354 L260=14.770/3.069 L262=11.464/0.753",259,286,521,525,525,cv_inspected,"commercial tape; raw first pass-through row is picture; dark first band retained; raw three-third displacement L522=6.246,8.276,7.982/L523=5.987,7.588,5.286/L524=0.794,0.820,0.914/L525=0.794,0.825,0.818; peak=L522 margin=0.689; split fraction/run=0.197/23; outer edges=11/701; body=3.0+/-2.0/700.0+/-2.0; switch onset=L522; last complete picture=L521; band bottom=L525; row Y(mean/std) L285=1.372/0.483 L286=8.713/3.705 L287=18.634/8.080 L521=15.727/5.075 L522=16.850/5.098 L525=11.387/0.838",521,0,0
600,6642,23,259,262,262,cv_inspected,"commercial tape; raw first pass-through row is picture; dark first band retained; raw three-third displacement L259=1.196,1.068,0.995/L260=1.237,1.222,5.275/L261=5.223,5.100,0.865/L262=1.147,1.204,0.973; peak=L260 margin=0.052; split fraction/run=0.019/4; outer edges=2/700; body=3.0+/-2.0/700.0+/-2.0; switch onset=L260; last complete picture=L259; band bottom=L262; row Y(mean/std) L22=1.373/0.484 L23=12.098/1.818 L24=7.266/1.904 L259=16.541/1.223 L260=14.259/2.779 L262=11.600/0.772",259,286,521,525,525,direct,"commercial tape; raw first pass-through row is picture; dark first band retained; raw three-third displacement L522=2.874,2.987,3.140/L523=5.597,5.611,4.683/L524=0.719,0.821,0.647/L525=0.662,0.895,0.882; peak=L523 margin=2.471; split fraction/run=0.164/14; outer edges=3/698; body=3.0+/-2.0/700.0+/-2.0; switch onset=L522; last complete picture=L521; band bottom=L525",521,0,0
601,6643,23,259,262,262,cv_inspected,"commercial tape; raw first pass-through row is picture; dark first band retained; raw three-third displacement L259=1.186,0.982,1.122/L260=1.335,1.054,5.604/L261=5.466,5.398,0.671/L262=1.018,1.036,0.982; peak=L260 margin=0.138; split fraction/run=0.023/3; outer edges=3/700; body=3.0+/-2.0/700.0+/-2.0; switch onset=L260; last complete picture=L259; band bottom=L262; row Y(mean/std) L22=1.378/0.485 L23=11.209/1.405 L24=6.656/1.530 L259=16.608/1.206 L260=14.314/2.870 L262=11.480/0.746",259,286,521,525,525,cv_inspected,"commercial tape; raw first pass-through row is picture; dark first band retained; raw three-third displacement L522=1.850,2.039,1.987/L523=11.004,1.965,1.560/L524=1.575,1.961,1.655/L525=0.792,2.096,1.685; peak=L523 margin=8.908; split fraction/run=0.131/10; outer edges=3/699; body=3.0+/-2.0/700.0+/-2.0; switch onset=L522; last complete picture=L521; band bottom=L525; raw per-unit candidate L522 disagrees; pooled raw-row displacement of the continuous stable lock resolves L521; row Y(mean/std) L285=1.391/0.488 L286=7.200/3.268 L287=18.116/8.681 L521=16.678/1.739 L522=16.547/1.407 L525=11.697/6.114",522,0,0
602,6644,23,259,262,262,direct,"commercial tape; raw first pass-through row is picture; dark first band retained; raw three-third displacement L259=1.234,0.950,1.186/L260=1.115,1.711,4.442/L261=11.156,2.528,4.674/L262=0.945,1.739,2.195; peak=L261 margin=6.714; split fraction/run=0.042/5; outer edges=2/714; body=3.0+/-2.0/700.0+/-2.0; switch onset=L260; last complete picture=L259; band bottom=L262",259,286,521,525,525,cv_inspected,"commercial tape; raw first pass-through row is picture; dark first band retained; raw three-third displacement L522=1.113,1.129,1.348/L523=1.263,1.124,3.032/L524=12.258,1.470,3.113/L525=0.789,1.350,1.688; peak=L524 margin=9.227; split fraction/run=0.037/2; outer edges=2/714; body=2.0+/-2.0/700.0+/-2.0; switch onset=L522; last complete picture=L521; band bottom=L525; raw per-unit candidate L522 disagrees; pooled raw-row displacement of the continuous stable lock resolves L521; row Y(mean/std) L285=1.387/0.487 L286=8.167/1.858 L287=3.948/1.754 L521=16.147/1.222 L522=16.584/1.076 L525=13.608/7.074",522,0,0
603,6645,23,259,262,262,direct,"commercial tape; raw first pass-through row is picture; dark first band retained; raw three-third displacement L259=1.427,1.391,1.424/L260=11.953,1.304,1.082/L261=3.858,1.357,1.446/L262=0.737,1.457,1.459; peak=L260 margin=8.095; split fraction/run=0.066/3; outer edges=2/700; body=2.0+/-2.0/700.0+/-2.0; switch onset=L260; last complete picture=L259; band bottom=L262",259,286,521,525,525,direct,"commercial tape; raw first pass-through row is picture; dark first band retained; raw three-third displacement L522=1.086,1.141,1.105/L523=12.462,1.211,1.476/L524=0.738,1.315,1.476/L525=3.971,1.394,1.405; peak=L523 margin=8.490; split fraction/run=0.033/4; outer edges=3/714; body=3.0+/-2.0/700.0+/-2.0; switch onset=L522; last complete picture=L521; band bottom=L525",521,0,0
604,6646,23,259,262,262,direct,"commercial tape; raw first pass-through row is picture; dark first band retained; raw three-third displacement L259=1.267,1.226,1.228/L260=12.620,0.982,1.087/L261=0.982,1.186,1.416/L262=0.769,1.301,1.256; peak=L260 margin=11.204; split fraction/run=0.042/2; outer edges=3/701; body=2.0+/-2.0/700.0+/-2.0; switch onset=L260; last complete picture=L259; band bottom=L262",259,286,521,525,525,direct,"commercial tape; raw first pass-through row is picture; dark first band retained; raw three-third displacement L522=0.929,1.066,4.137/L523=12.200,1.384,4.340/L524=0.752,1.318,1.434/L525=4.057,1.555,1.722; peak=L523 margin=8.063; split fraction/run=0.028/3; outer edges=2/714; body=3.0+/-2.0/700.0+/-2.0; switch onset=L522; last complete picture=L521; band bottom=L525",521,0,0
605,6647,23,259,262,262,direct,"commercial tape; raw first pass-through row is picture; dark first band retained; raw three-third displacement L259=1.276,1.250,1.089/L260=12.706,1.360,1.017/L261=1.303,1.132,1.409/L262=0.778,1.439,1.077; peak=L260 margin=11.267; split fraction/run=0.028/1; outer edges=2/700; body=2.0+/-2.0/700.0+/-2.0; switch onset=L260; last complete picture=L259; band bottom=L262",259,286,521,525,525,direct,"commercial tape; raw first pass-through row is picture; dark first band retained; raw three-third displacement L522=1.072,1.023,2.500/L523=10.955,1.139,2.750/L524=0.810,1.273,1.557/L525=3.656,1.773,1.854; peak=L523 margin=7.299; split fraction/run=0.037/3; outer edges=3/714; body=3.0+/-2.0/700.0+/-2.0; switch onset=L522; last complete picture=L521; band bottom=L525",521,0,0
606,6648,23,259,262,262,direct,"commercial tape; raw first pass-through row is picture; dark first band retained; raw three-third displacement L259=1.272,1.314,1.200/L260=11.772,0.991,0.978/L261=1.022,1.075,1.031/L262=0.697,1.279,1.231; peak=L260 margin=10.458; split fraction/run=0.051/3; outer edges=3/700; body=2.0+/-2.0/700.0+/-2.0; switch onset=L260; last complete picture=L259; band bottom=L262",259,286,521,525,525,direct,"commercial tape; raw first pass-through row is picture; dark first band retained; raw three-third displacement L522=1.233,2.255,3.270/L523=12.214,2.245,3.140/L524=0.995,1.400,1.810/L525=3.670,1.940,1.860; peak=L523 margin=8.544; split fraction/run=0.056/4; outer edges=2/714; body=3.0+/-2.0/700.0+/-2.0; switch onset=L522; last complete picture=L521; band bottom=L525",521,0,0
607,6649,23,259,262,262,direct,"commercial tape; raw first pass-through row is picture; dark first band retained; raw three-third displacement L259=1.242,1.108,1.260/L260=11.839,1.080,1.056/L261=0.957,1.178,1.177/L262=0.668,1.563,1.195; peak=L260 margin=10.275; split fraction/run=0.042/2; outer edges=2/700; body=3.0+/-2.0/700.0+/-2.0; switch onset=L260; last complete picture=L259; band bottom=L262",259,286,521,525,525,cv_inspected,"commercial tape; raw first pass-through row is picture; dark first band retained; raw three-third displacement L522=1.257,1.244,10.882/L523=11.772,1.284,10.828/L524=0.718,1.335,1.631/L525=3.621,1.782,1.483; peak=L523 margin=0.890; split fraction/run=0.037/3; outer edges=2/714; body=3.0+/-2.0/700.0+/-2.0; switch onset=L522; last complete picture=L521; band bottom=L525; row Y(mean/std) L285=1.370/0.483 L286=2.263/1.105 L287=19.994/1.237 L521=15.778/0.999 L522=19.161/15.275 L525=13.042/5.455",521,0,0
608,6650,23,259,262,262,direct,"commercial tape; raw first pass-through row is picture; dark first band retained; raw three-third displacement L259=1.106,1.059,1.015/L260=13.188,0.946,0.990/L261=5.481,1.205,1.400/L262=0.692,1.605,1.290; peak=L260 margin=7.707; split fraction/run=0.014/1; outer edges=2/699; body=3.0+/-2.0/700.0+/-2.0; switch onset=L260; last complete picture=L259; band bottom=L262",259,286,521,525,525,direct,"commercial tape; raw first pass-through row is picture; dark first band retained; raw three-third displacement L522=1.199,1.116,4.202/L523=12.696,1.121,4.197/L524=0.812,1.495,1.456/L525=3.733,1.821,1.430; peak=L523 margin=8.494; split fraction/run=0.037/1; outer edges=2/714; body=3.0+/-2.0/700.0+/-2.0; switch onset=L522; last complete picture=L521; band bottom=L525",521,0,0
609,6651,23,259,262,262,direct,"commercial tape; raw first pass-through row is picture; dark first band retained; raw three-third displacement L259=1.393,0.981,0.995/L260=12.092,1.033,1.271/L261=0.908,1.133,1.126/L262=0.612,1.338,1.043; peak=L260 margin=10.699; split fraction/run=0.009/1; outer edges=3/700; body=3.0+/-2.0/700.0+/-2.0; switch onset=L260; last complete picture=L259; band bottom=L262",259,286,521,525,525,cv_inspected,"commercial tape; raw first pass-through row is picture; dark first band retained; raw three-third displacement L522=1.101,1.078,11.235/L523=11.889,1.047,11.480/L524=0.754,1.332,1.230/L525=3.950,1.472,1.260; peak=L523 margin=0.655; split fraction/run=0.019/1; outer edges=3/714; body=3.0+/-2.0/700.0+/-2.0; switch onset=L522; last complete picture=L521; band bottom=L525; row Y(mean/std) L285=1.367/0.482 L286=2.659/1.316 L287=20.113/1.320 L521=15.986/0.928 L522=18.891/15.143 L525=12.864/5.350",521,0,0
610,6652,23,259,262,262,direct,"commercial tape; raw first pass-through row is picture; dark first band retained; raw three-third displacement L259=1.198,0.933,0.950/L260=11.639,1.119,1.085/L261=2.515,1.139,1.201/L262=0.649,1.201,1.206; peak=L260 margin=9.124; split fraction/run=0.019/2; outer edges=3/699; body=3.0+/-2.0/700.0+/-2.0; switch onset=L260; last complete picture=L259; band bottom=L262",259,286,521,525,525,cv_inspected,"commercial tape; raw first pass-through row is picture; dark first band retained; raw three-third displacement L522=1.516,3.105,10.340/L523=10.622,2.819,10.566/L524=0.793,1.521,1.701/L525=3.252,2.374,2.168; peak=L523 margin=0.282; split fraction/run=0.141/6; outer edges=1/714; body=3.0+/-2.0/700.0+/-2.0; switch onset=L522; last complete picture=L521; band bottom=L525; row Y(mean/std) L285=1.367/0.482 L286=2.373/1.179 L287=20.169/1.296 L521=16.669/1.292 L522=21.233/20.753 L525=13.361/5.710",521,0,0
611,6653,23,259,262,262,direct,"commercial tape; raw first pass-through row is picture; dark first band retained; raw three-third displacement L259=1.073,1.264,1.273/L260=9.096,1.151,1.151/L261=0.731,1.145,1.263/L262=0.621,1.238,1.510; peak=L260 margin=7.586; split fraction/run=0.085/4; outer edges=3/700; body=3.0+/-2.0/700.0+/-2.0; switch onset=L260; last complete picture=L259; band bottom=L262",259,286,521,525,525,cv_inspected,"commercial tape; raw first pass-through row is picture; dark first band retained; raw three-third displacement L522=1.043,1.791,5.943/L523=8.933,1.643,5.970/L524=0.702,1.300,1.669/L525=2.809,1.667,1.456; peak=L523 margin=2.991; split fraction/run=0.093/5; outer edges=1/714; body=2.0+/-2.0/700.0+/-2.0; switch onset=L522; last complete picture=L521; band bottom=L525; row Y(mean/std) L285=1.373/0.484 L286=2.517/1.421 L287=20.434/1.667 L521=17.227/1.734 L522=19.788/12.358 L525=14.491/6.100",521,0,0
612,6654,23,259,262,262,direct,"commercial tape; raw first pass-through row is picture; dark first band retained; raw three-third displacement L259=1.027,1.026,1.183/L260=9.070,1.075,0.884/L261=2.870,1.167,1.133/L262=0.682,1.294,1.236; peak=L260 margin=6.201; split fraction/run=0.098/5; outer edges=3/700; body=3.0+/-2.0/700.0+/-2.0; switch onset=L260; last complete picture=L259; band bottom=L262",259,286,521,525,525,cv_inspected,"commercial tape; raw first pass-through row is picture; dark first band retained; raw three-third displacement L522=1.281,2.271,8.684/L523=8.605,2.134,8.701/L524=0.759,1.017,1.060/L525=2.405,1.251,1.316; peak=L523 margin=0.017; split fraction/run=0.051/4; outer edges=3/714; body=3.0+/-2.0/700.0+/-2.0; switch onset=L522; last complete picture=L521; band bottom=L525; row Y(mean/std) L285=1.363/0.481 L286=3.148/1.592 L287=21.173/1.794 L521=17.223/1.490 L522=21.330/20.636 L525=13.531/5.792",521,0,0
613,6655,23,259,262,262,direct,"commercial tape; raw first pass-through row is picture; dark first band retained; raw three-third displacement L259=1.078,0.997,1.122/L260=9.993,1.081,1.280/L261=4.358,1.285,1.109/L262=0.534,1.265,1.148; peak=L260 margin=5.635; split fraction/run=0.098/4; outer edges=3/698; body=2.0+/-2.0/700.0+/-2.0; switch onset=L260; last complete picture=L259; band bottom=L262",259,286,521,525,525,cv_inspected,"commercial tape; raw first pass-through row is picture; dark first band retained; raw three-third displacement L522=1.179,2.691,4.229/L523=8.943,2.807,4.135/L524=0.642,1.409,1.332/L525=3.041,1.392,1.319; peak=L523 margin=4.714; split fraction/run=0.131/4; outer edges=1/714; body=3.0+/-2.0/700.0+/-2.0; switch onset=L522; last complete picture=L521; band bottom=L525; row Y(mean/std) L285=1.370/0.483 L286=2.756/1.539 L287=20.966/1.773 L521=17.337/1.450 L522=19.406/11.216 L525=15.042/6.449",521,0,0
614,6656,23,259,262,262,direct,"commercial tape; raw first pass-through row is picture; dark first band retained; raw three-third displacement L259=1.232,1.468,1.260/L260=7.879,1.145,0.962/L261=2.831,1.049,1.076/L262=0.589,1.225,1.241; peak=L260 margin=5.048; split fraction/run=0.103/5; outer edges=2/700; body=3.0+/-2.0/700.0+/-2.0; switch onset=L260; last complete picture=L259; band bottom=L262",259,286,521,525,525,cv_inspected,"commercial tape; raw first pass-through row is picture; dark first band retained; raw three-third displacement L522=1.123,1.106,9.424/L523=7.978,1.449,9.193/L524=0.553,1.349,1.164/L525=2.418,1.558,1.338; peak=L522 margin=0.232; split fraction/run=0.108/4; outer edges=2/699; body=2.0+/-2.0/700.0+/-2.0; switch onset=L522; last complete picture=L521; band bottom=L525; row Y(mean/std) L285=1.403/0.491 L286=3.252/1.601 L287=21.495/1.599 L521=16.877/1.646 L522=20.866/19.985 L525=13.544/5.792",521,0,0
615,6657,23,259,262,262,direct,"commercial tape; raw first pass-through row is picture; dark first band retained; raw three-third displacement L259=1.299,1.151,1.478/L260=8.675,1.176,1.228/L261=3.494,1.091,1.090/L262=0.519,1.160,1.343; peak=L260 margin=5.182; split fraction/run=0.159/8; outer edges=3/700; body=2.0+/-2.0/700.0+/-2.0; switch onset=L260; last complete picture=L259; band bottom=L262",259,286,521,525,525,cv_inspected,"commercial tape; raw first pass-through row is picture; dark first band retained; raw three-third displacement L522=1.322,1.205,6.216/L523=8.344,1.315,6.051/L524=0.666,1.325,1.476/L525=2.746,1.422,1.394; peak=L523 margin=2.128; split fraction/run=0.140/7; outer edges=2/714; body=3.0+/-2.0/700.0+/-2.0; switch onset=L522; last complete picture=L521; band bottom=L525; row Y(mean/std) L285=1.370/0.483 L286=2.862/1.544 L287=20.348/1.782 L521=17.011/1.823 L522=19.442/12.777 L525=14.256/6.227",521,0,0
616,6658,23,259,262,262,direct,"commercial tape; raw first pass-through row is picture; dark first band retained; raw three-third displacement L259=1.134,1.236,1.325/L260=9.003,1.340,1.347/L261=0.778,1.006,1.167/L262=0.830,1.243,1.227; peak=L260 margin=7.678; split fraction/run=0.084/5; outer edges=3/700; body=3.0+/-2.0/700.0+/-2.0; switch onset=L260; last complete picture=L259; band bottom=L262",259,286,521,525,525,cv_inspected,"commercial tape; raw first pass-through row is picture; dark first band retained; raw three-third displacement L522=1.220,1.571,5.647/L523=8.849,1.543,5.319/L524=0.800,1.171,1.369/L525=2.859,1.397,1.445; peak=L523 margin=3.202; split fraction/run=0.136/6; outer edges=1/714; body=3.0+/-2.0/700.0+/-2.0; switch onset=L522; last complete picture=L521; band bottom=L525; row Y(mean/std) L285=1.370/0.483 L286=3.448/1.738 L287=21.286/1.991 L521=17.183/1.786 L522=19.866/11.050 L525=13.869/6.070",521,0,0
617,6659,23,259,262,262,direct,"commercial tape; raw first pass-through row is picture; dark first band retained; raw three-third displacement L259=1.051,1.012,1.061/L260=11.399,1.319,1.115/L261=6.019,1.144,1.277/L262=0.677,1.380,1.264; peak=L260 margin=5.380; split fraction/run=0.042/2; outer edges=2/700; body=3.0+/-2.0/700.0+/-2.0; switch onset=L260; last complete picture=L259; band bottom=L262",259,286,521,525,525,cv_inspected,"commercial tape; raw first pass-through row is picture; dark first band retained; raw three-third displacement L522=1.325,1.207,2.890/L523=8.377,1.285,2.739/L524=0.614,1.353,1.368/L525=2.656,1.405,1.548; peak=L523 margin=5.486; split fraction/run=0.107/6; outer edges=1/714; body=3.0+/-2.0/700.0+/-2.0; switch onset=L522; last complete picture=L521; band bottom=L525; row Y(mean/std) L285=1.378/0.485 L286=2.872/1.551 L287=20.914/1.886 L521=17.492/1.605 L522=16.400/3.767 L525=14.208/5.961",521,0,0
618,6660,23,259,262,262,direct,"commercial tape; raw first pass-through row is picture; dark first band retained; raw three-third displacement L259=1.136,1.010,1.268/L260=11.139,1.212,0.943/L261=6.571,1.258,1.107/L262=0.568,1.480,1.467; peak=L260 margin=4.568; split fraction/run=0.112/8; outer edges=2/701; body=3.0+/-2.0/700.0+/-2.0; switch onset=L260; last complete picture=L259; band bottom=L262",259,286,521,525,525,direct,"commercial tape; raw first pass-through row is picture; dark first band retained; raw three-third displacement L522=1.872,1.358,3.239/L523=9.056,1.358,3.003/L524=0.593,1.315,1.239/L525=2.370,1.169,1.113; peak=L523 margin=5.816; split fraction/run=0.136/9; outer edges=0/714; body=3.0+/-2.0/701.0+/-2.0; switch onset=L522; last complete picture=L521; band bottom=L525",521,0,0
619,6661,23,259,262,262,direct,"commercial tape; raw first pass-through row is picture; dark first band retained; raw three-third displacement L259=1.224,1.093,1.219/L260=9.261,1.109,0.971/L261=0.769,1.125,1.048/L262=0.535,1.241,1.347; peak=L260 margin=7.913; split fraction/run=0.061/3; outer edges=2/700; body=3.0+/-2.0/700.0+/-2.0; switch onset=L260; last complete picture=L259; band bottom=L262",259,286,521,525,525,cv_inspected,"commercial tape; raw first pass-through row is picture; dark first band retained; raw three-third displacement L522=1.223,2.162,2.348/L523=8.667,2.032,2.444/L524=0.586,1.318,1.118/L525=2.456,1.555,1.460; peak=L523 margin=6.210; split fraction/run=0.093/7; outer edges=1/714; body=3.0+/-2.0/700.0+/-2.0; switch onset=L522; last complete picture=L521; band bottom=L525; row Y(mean/std) L285=1.386/0.487 L286=2.719/1.525 L287=21.091/2.047 L521=17.319/1.575 L522=16.592/4.614 L525=13.756/5.927",521,0,0
620,6662,23,259,262,262,direct,"commercial tape; raw first pass-through row is picture; dark first band retained; raw three-third displacement L259=1.206,1.334,1.407/L260=8.439,1.123,1.226/L261=1.465,1.140,1.003/L262=0.628,1.075,1.131; peak=L260 margin=6.973; split fraction/run=0.089/4; outer edges=2/700; body=3.0+/-2.0/700.0+/-2.0; switch onset=L260; last complete picture=L259; band bottom=L262",259,286,521,525,525,cv_inspected,"commercial tape; raw first pass-through row is picture; dark first band retained; raw three-third displacement L522=1.194,1.434,1.576/L523=8.462,1.370,1.354/L524=0.799,1.301,1.691/L525=2.914,1.142,1.545; peak=L523 margin=5.548; split fraction/run=0.196/9; outer edges=1/714; body=3.0+/-3.0/701.0+/-2.0; switch onset=L522; last complete picture=L521; band bottom=L525; row Y(mean/std) L285=1.373/0.484 L286=1.895/0.998 L287=19.819/2.021 L521=17.934/1.850 L522=18.045/2.154 L525=15.137/6.590",521,0,0
621,6663,23,259,262,262,cv_inspected,"commercial tape; raw first pass-through row is picture; dark first band retained; raw three-third displacement L259=1.359,1.153,1.144/L260=10.613,1.256,1.225/L261=0.571,1.407,1.515/L262=0.678,1.290,1.173; peak=L260 margin=9.098; split fraction/run=0.150/6; outer edges=4/691; body=3.0+/-2.0/694.0+/-3.0; switch onset=L260; last complete picture=L259; band bottom=L262; row Y(mean/std) L22=1.380/0.485 L23=3.575/2.731 L24=9.695/9.784 L259=22.822/1.943 L260=17.322/9.466 L262=16.825/9.039",259,286,521,525,525,cv_inspected,"commercial tape; raw first pass-through row is picture; dark first band retained; raw three-third displacement L522=1.148,3.114,1.265/L523=9.801,3.116,1.198/L524=0.557,1.156,1.121/L525=3.257,1.442,1.306; peak=L523 margin=6.544; split fraction/run=0.117/6; outer edges=2/714; body=3.0+/-3.0/694.0+/-4.0; switch onset=L522; last complete picture=L521; band bottom=L525; row Y(mean/std) L285=1.370/0.483 L286=1.677/0.775 L287=21.202/2.528 L521=22.988/1.993 L522=21.795/5.205 L525=18.800/8.281",521,0,0
622,6664,23,259,262,262,cv_inspected,"commercial tape; raw first pass-through row is picture; dark first band retained; raw three-third displacement L259=1.029,0.998,0.992/L260=8.694,0.901,1.075/L261=0.409,0.810,1.281/L262=0.406,0.947,1.187; peak=L260 margin=7.413; split fraction/run=0.103/5; outer edges=4/693; body=3.0+/-2.0/693.0+/-3.0; switch onset=L260; last complete picture=L259; band bottom=L262; row Y(mean/std) L22=1.391/0.488 L23=3.539/2.664 L24=9.448/9.570 L259=22.686/1.895 L260=16.819/9.062 L262=17.156/9.313",259,286,521,525,525,cv_inspected,"commercial tape; raw first pass-through row is picture; dark first band retained; raw three-third displacement L522=0.933,5.627,1.149/L523=8.285,5.664,1.000/L524=0.432,1.059,1.216/L525=2.379,1.351,1.208; peak=L523 margin=2.658; split fraction/run=0.107/10; outer edges=2/714; body=3.0+/-2.0/694.0+/-2.0; switch onset=L522; last complete picture=L521; band bottom=L525; row Y(mean/std) L285=1.380/0.485 L286=1.916/1.014 L287=22.530/1.895 L521=22.512/1.725 L522=25.988/16.074 L525=18.980/8.412",521,0,0
623,6665,23,259,262,262,cv_inspected,"commercial tape; raw first pass-through row is picture; dark first band retained; raw three-third displacement L259=0.840,0.749,1.461/L260=7.852,0.938,0.921/L261=0.447,0.818,1.052/L262=0.479,0.943,1.185; peak=L260 margin=6.392; split fraction/run=0.229/7; outer edges=3/690; body=3.0+/-3.0/694.0+/-2.0; switch onset=L260; last complete picture=L259; band bottom=L262; raw per-unit candidate L258 disagrees; pooled raw-row displacement of the continuous stable lock resolves L259; row Y(mean/std) L22=1.389/0.488 L23=3.655/2.668 L24=9.647/9.772 L259=23.581/1.805 L260=17.531/9.399 L262=17.628/9.646",258,286,521,525,525,cv_inspected,"commercial tape; raw first pass-through row is picture; dark first band retained; raw three-third displacement L522=1.036,1.097,1.111/L523=7.727,1.381,0.962/L524=0.347,0.840,1.230/L525=2.281,1.031,1.227; peak=L523 margin=5.445; split fraction/run=0.126/5; outer edges=6/714; body=3.0+/-2.1/694.0+/-2.0; switch onset=L522; last complete picture=L521; band bottom=L525; row Y(mean/std) L285=1.359/0.480 L286=1.948/1.094 L287=21.995/1.916 L521=22.666/2.124 L522=22.995/2.862 L525=19.094/8.271",521,0,0
624,6666,23,259,262,262,cv_inspected,"commercial tape; raw first pass-through row is picture; dark first band retained; raw three-third displacement L259=0.847,0.650,0.891/L260=6.496,0.941,1.087/L261=0.270,0.832,1.153/L262=0.322,0.701,1.170; peak=L260 margin=5.326; split fraction/run=0.042/4; outer edges=4/693; body=4.0+/-2.5/694.0+/-3.0; switch onset=L260; last complete picture=L259; band bottom=L262; row Y(mean/std) L22=1.389/0.488 L23=3.859/2.882 L24=9.530/9.482 L259=23.009/1.686 L260=16.902/9.113 L262=16.806/9.175",259,286,521,525,525,cv_inspected,"commercial tape; raw first pass-through row is picture; dark first band retained; raw three-third displacement L522=0.741,2.267,1.134/L523=5.808,2.388,1.054/L524=0.430,0.786,1.167/L525=1.861,1.164,1.508; peak=L523 margin=3.541; split fraction/run=0.150/7; outer edges=3/714; body=4.0+/-3.0/694.0+/-3.0; switch onset=L522; last complete picture=L521; band bottom=L525; row Y(mean/std) L285=1.375/0.484 L286=2.069/1.089 L287=21.784/1.989 L521=22.545/2.243 L522=23.572/7.803 L525=19.409/8.381",521,0,0
625,6667,23,259,262,262,cv_inspected,"commercial tape; raw first pass-through row is picture; dark first band retained; raw three-third displacement L259=0.649,0.759,0.855/L260=6.229,0.861,0.967/L261=0.323,0.911,1.109/L262=0.356,1.097,1.107; peak=L260 margin=5.120; split fraction/run=0.080/6; outer edges=5/693; body=4.0+/-2.0/693.0+/-2.4; switch onset=L260; last complete picture=L259; band bottom=L262; row Y(mean/std) L22=1.383/0.486 L23=4.211/2.945 L24=9.577/9.303 L259=22.953/1.889 L260=16.984/9.261 L262=17.325/9.397",259,286,521,525,525,cv_inspected,"commercial tape; raw first pass-through row is picture; dark first band retained; raw three-third displacement L522=0.753,1.930,1.114/L523=5.749,2.229,1.103/L524=0.296,0.664,1.046/L525=1.655,0.711,1.009; peak=L523 margin=3.819; split fraction/run=0.113/5; outer edges=69/714; body=67.0+/-2.4/693.0+/-3.0; switch onset=L522; last complete picture=L521; band bottom=L525; row Y(mean/std) L285=1.383/0.486 L286=2.022/1.155 L287=19.786/2.039 L521=22.161/2.340 L522=21.438/5.631 L525=18.695/8.253",521,0,0
626,6668,23,259,262,262,cv_inspected,"commercial tape; raw first pass-through row is picture; dark first band retained; raw three-third displacement L259=0.541,0.687,1.160/L260=5.319,0.764,0.849/L261=0.421,0.706,0.835/L262=0.297,0.833,1.108; peak=L260 margin=4.159; split fraction/run=0.159/6; outer edges=5/696; body=67.0+/-2.0/694.0+/-5.0; switch onset=L260; last complete picture=L259; band bottom=L262; row Y(mean/std) L22=1.372/0.483 L23=3.798/2.733 L24=8.636/8.357 L259=22.909/1.858 L260=16.859/9.218 L262=16.872/9.282",259,286,521,525,525,cv_inspected,"commercial tape; raw first pass-through row is picture; dark first band retained; raw three-third displacement L522=0.870,2.260,0.998/L523=4.861,2.163,1.027/L524=0.306,0.812,0.954/L525=1.521,0.792,1.043; peak=L523 margin=2.601; split fraction/run=0.183/11; outer edges=64/714; body=67.0+/-2.0/694.0+/-3.0; switch onset=L522; last complete picture=L521; band bottom=L525; row Y(mean/std) L285=1.384/0.486 L286=1.988/1.152 L287=19.239/2.194 L521=22.214/2.267 L522=24.164/9.152 L525=18.816/8.115",521,0,0
627,6669,23,259,262,262,cv_inspected,"commercial tape; raw first pass-through row is picture; dark first band retained; raw three-third displacement L259=0.669,0.623,0.802/L260=5.039,0.628,1.118/L261=0.341,0.603,0.886/L262=0.365,0.845,1.175; peak=L260 margin=3.864; split fraction/run=0.117/8; outer edges=3/690; body=67.0+/-2.0/693.0+/-4.0; switch onset=L260; last complete picture=L259; band bottom=L262; row Y(mean/std) L22=1.389/0.488 L23=3.956/2.908 L24=8.155/8.017 L259=23.452/1.689 L260=17.053/9.163 L262=16.812/9.401",259,286,521,525,525,cv_inspected,"commercial tape; raw first pass-through row is picture; dark first band retained; raw three-third displacement L522=0.519,2.820,0.948/L523=4.732,2.766,0.991/L524=0.344,0.643,1.310/L525=1.548,0.847,1.431; peak=L523 margin=1.912; split fraction/run=0.160/8; outer edges=64/714; body=67.0+/-2.0/694.0+/-5.0; switch onset=L522; last complete picture=L521; band bottom=L525; row Y(mean/std) L285=1.386/0.487 L286=2.223/1.399 L287=18.462/2.354 L521=23.438/2.209 L522=26.217/13.814 L525=18.580/8.210",521,0,0
628,6670,23,259,262,262,cv_inspected,"commercial tape; raw first pass-through row is picture; dark first band retained; raw three-third displacement L259=0.589,0.634,0.778/L260=4.933,0.631,1.384/L261=0.338,0.700,1.136/L262=0.240,0.747,1.119; peak=L260 margin=3.797; split fraction/run=0.117/4; outer edges=2/698; body=67.0+/-2.0/693.0+/-6.0; switch onset=L260; last complete picture=L259; band bottom=L262; row Y(mean/std) L22=1.380/0.485 L23=4.256/3.077 L24=7.066/6.617 L259=23.611/2.268 L260=16.208/8.892 L262=15.945/8.872",259,286,521,525,525,cv_inspected,"commercial tape; raw first pass-through row is picture; dark first band retained; raw three-third displacement L522=0.709,1.613,1.080/L523=4.419,1.556,0.825/L524=0.273,0.670,0.996/L525=1.364,0.899,1.146; peak=L523 margin=2.806; split fraction/run=0.201/10; outer edges=2/714; body=67.0+/-3.1/694.0+/-7.0; switch onset=L522; last complete picture=L521; band bottom=L525; row Y(mean/std) L285=1.372/0.483 L286=1.981/1.052 L287=17.927/1.930 L521=23.522/2.985 L522=24.670/6.517 L525=19.255/8.394",521,0,0
629,6671,23,259,262,262,cv_inspected,"commercial tape; raw first pass-through row is picture; dark first band retained; raw three-third displacement L259=0.485,0.587,0.939/L260=4.552,0.713,1.264/L261=0.216,0.742,1.055/L262=1.258,0.729,0.996; peak=L260 margin=3.294; split fraction/run=0.108/6; outer edges=5/609; body=67.0+/-2.8/693.0+/-8.0; switch onset=L260; last complete picture=L259; band bottom=L262; raw per-unit candidate L258 disagrees; pooled raw-row displacement of the continuous stable lock resolves L259; row Y(mean/std) L22=1.369/0.482 L23=4.600/3.277 L24=7.866/6.914 L259=22.783/2.129 L260=16.625/9.300 L262=17.831/8.305",258,286,521,525,525,cv_inspected,"commercial tape; raw first pass-through row is picture; dark first band retained; raw three-third displacement L522=0.555,2.568,1.127/L523=4.050,2.155,1.271/L524=0.327,0.648,1.144/L525=1.209,0.731,1.138; peak=L523 margin=1.482; split fraction/run=0.427/18; outer edges=1/714; body=67.0+/-2.0/694.0+/-7.0; switch onset=L522; last complete picture=L521; band bottom=L525; row Y(mean/std) L285=1.375/0.484 L286=2.561/1.671 L287=16.175/2.353 L521=23.091/3.171 L522=26.881/12.777 L525=18.650/8.093",521,0,0
630,6672,23,259,262,262,cv_inspected,"commercial tape; raw first pass-through row is picture; dark first band retained; raw three-third displacement L259=0.551,0.545,0.966/L260=3.836,0.658,1.139/L261=0.271,0.533,1.024/L262=1.318,0.506,1.147; peak=L260 margin=2.517; split fraction/run=0.113/4; outer edges=5/691; body=67.0+/-2.0/692.0+/-7.1; switch onset=L260; last complete picture=L259; band bottom=L262; row Y(mean/std) L22=1.406/0.491 L23=4.088/3.030 L24=6.642/6.109 L259=23.445/2.672 L260=17.345/9.425 L262=18.508/8.687",259,286,521,525,525,cv_inspected,"commercial tape; raw first pass-through row is picture; dark first band retained; raw three-third displacement L522=2.550,1.411,1.270/L523=5.307,1.128,1.236/L524=0.280,0.591,1.115/L525=1.162,0.683,1.121; peak=L523 margin=2.757; split fraction/run=0.357/11; outer edges=67/714; body=67.0+/-2.0/686.0+/-8.0; switch onset=L522; last complete picture=L521; band bottom=L525; row Y(mean/std) L285=1.381/0.486 L286=2.837/1.797 L287=16.427/3.533 L521=22.775/3.271 L522=27.945/20.794 L525=19.756/8.642",521,0,0
631,6673,23,259,262,262,cv_inspected,"commercial tape; raw first pass-through row is picture; dark first band retained; raw three-third displacement L259=0.519,0.533,5.139/L260=3.856,0.864,5.598/L261=0.248,0.644,1.196/L262=1.392,0.891,1.337; peak=L260 margin=0.460; split fraction/run=0.094/6; outer edges=3/632; body=67.0+/-2.0/686.0+/-8.0; switch onset=L260; last complete picture=L259; band bottom=L262; raw per-unit candidate L258 disagrees; pooled raw-row displacement of the continuous stable lock resolves L259; row Y(mean/std) L22=1.377/0.485 L23=4.380/3.329 L24=6.778/5.716 L259=27.802/20.640 L260=18.008/10.108 L262=19.528/9.286",258,286,521,525,525,cv_inspected,"commercial tape; raw first pass-through row is picture; dark first band retained; raw three-third displacement L522=0.886,0.849,1.185/L523=3.560,0.622,1.203/L524=0.321,0.728,1.702/L525=1.071,0.823,1.785; peak=L523 margin=1.774; split fraction/run=0.362/11; outer edges=3/714; body=67.0+/-2.0/685.0+/-8.0; switch onset=L522; last complete picture=L521; band bottom=L525; row Y(mean/std) L285=1.391/0.488 L286=3.048/2.112 L287=13.961/3.914 L521=23.598/4.238 L522=24.675/3.770 L525=18.797/8.407",521,0,0
632,6674,23,259,262,262,cv_inspected,"commercial tape; raw first pass-through row is picture; dark first band retained; raw three-third displacement L259=0.367,0.422,3.314/L260=3.460,0.660,3.674/L261=0.276,0.498,1.073/L262=1.187,0.800,1.376; peak=L260 margin=0.360; split fraction/run=0.112/5; outer edges=1/602; body=67.0+/-2.0/685.0+/-7.0; switch onset=L260; last complete picture=L259; band bottom=L262; raw per-unit candidate L258 disagrees; pooled raw-row displacement of the continuous stable lock resolves L259; row Y(mean/std) L22=1.380/0.485 L23=4.502/3.288 L24=6.164/5.090 L259=26.897/12.995 L260=17.653/9.688 L262=17.994/8.716",258,286,521,525,525,cv_inspected,"commercial tape; raw first pass-through row is picture; dark first band retained; raw three-third displacement L522=1.037,0.832,1.129/L523=2.749,0.539,1.107/L524=0.312,0.521,1.242/L525=1.080,0.693,1.325; peak=L523 margin=1.424; split fraction/run=0.423/18; outer edges=59/643; body=67.0+/-2.0/686.0+/-7.0; switch onset=L522; last complete picture=L521; band bottom=L525; row Y(mean/std) L285=1.369/0.482 L286=2.373/1.986 L287=12.573/3.457 L521=22.759/4.197 L522=23.292/5.216 L525=18.816/8.485",521,0,0
633,6675,23,259,262,262,cv_inspected,"commercial tape; raw first pass-through row is picture; dark first band retained; raw three-third displacement L259=0.420,0.426,2.065/L260=3.255,0.873,2.023/L261=0.265,0.647,0.960/L262=1.125,0.956,1.077; peak=L260 margin=1.191; split fraction/run=0.238/8; outer edges=1/611; body=67.0+/-2.0/686.0+/-8.0; switch onset=L260; last complete picture=L259; band bottom=L262; raw per-unit candidate L258 disagrees; pooled raw-row displacement of the continuous stable lock resolves L259; row Y(mean/std) L22=1.375/0.484 L23=4.422/3.555 L24=5.820/5.165 L259=25.325/6.913 L260=18.325/10.179 L262=19.878/9.832",258,286,521,525,525,cv_inspected,"commercial tape; raw first pass-through row is picture; dark first band retained; raw three-third displacement L522=1.502,0.985,1.265/L523=3.506,0.456,1.115/L524=0.313,0.535,1.385/L525=0.993,0.585,1.487; peak=L523 margin=2.004; split fraction/run=0.554/15; outer edges=70/714; body=67.0+/-2.0/686.0+/-5.0; switch onset=L522; last complete picture=L521; band bottom=L525; row Y(mean/std) L285=1.370/0.483 L286=2.405/1.745 L287=11.961/3.574 L521=22.405/5.276 L522=25.666/9.188 L525=18.805/8.471",521,0,0
634,6676,23,259,262,262,cv_inspected,"commercial tape; raw first pass-through row is picture; dark first band retained; raw three-third displacement L259=0.411,0.414,2.803/L260=3.271,0.883,2.619/L261=0.249,0.498,0.836/L262=1.043,0.590,1.215; peak=L260 margin=0.468; split fraction/run=0.234/14; outer edges=3/600; body=67.0+/-2.0/685.0+/-5.2; switch onset=L260; last complete picture=L259; band bottom=L262; raw per-unit candidate L258 disagrees; pooled raw-row displacement of the continuous stable lock resolves L259; row Y(mean/std) L22=1.370/0.483 L23=4.439/3.450 L24=5.047/4.199 L259=22.947/10.557 L260=18.411/10.191 L262=19.577/9.413",258,286,521,525,525,cv_inspected,"commercial tape; raw first pass-through row is picture; dark first band retained; raw three-third displacement L522=0.918,0.651,1.236/L523=2.977,0.506,1.107/L524=0.219,0.455,0.987/L525=0.896,0.650,1.044; peak=L523 margin=1.741; split fraction/run=0.315/11; outer edges=73/714; body=67.0+/-2.0/685.0+/-6.0; switch onset=L522; last complete picture=L521; band bottom=L525; row Y(mean/std) L285=1.370/0.483 L286=2.758/2.211 L287=12.023/3.852 L521=22.628/4.128 L522=24.045/6.450 L525=19.311/8.645",521,0,0
635,6677,23,259,262,262,cv_inspected,"commercial tape; raw first pass-through row is picture; dark first band retained; raw three-third displacement L259=0.384,0.372,2.614/L260=3.295,0.893,2.856/L261=0.188,0.502,1.111/L262=1.049,0.848,1.279; peak=L260 margin=0.681; split fraction/run=0.121/4; outer edges=7/619; body=67.0+/-2.0/685.0+/-3.0; switch onset=L260; last complete picture=L259; band bottom=L262; raw per-unit candidate L258 disagrees; pooled raw-row displacement of the continuous stable lock resolves L259; row Y(mean/std) L22=1.369/0.482 L23=3.862/3.188 L24=5.322/4.579 L259=26.114/11.507 L260=18.434/10.380 L262=19.911/10.001",258,286,521,525,525,cv_inspected,"commercial tape; raw first pass-through row is picture; dark first band retained; raw three-third displacement L522=0.879,0.857,1.363/L523=2.761,0.503,1.046/L524=0.285,0.456,0.931/L525=0.877,0.565,1.088; peak=L523 margin=1.398; split fraction/run=0.516/17; outer edges=0/714; body=67.0+/-2.0/685.0+/-3.0; switch onset=L522; last complete picture=L521; band bottom=L525; row Y(mean/std) L285=1.358/0.479 L286=2.222/1.418 L287=11.061/3.287 L521=24.188/5.129 L522=24.920/5.607 L525=19.928/9.092",521,0,0
636,6678,23,259,262,262,cv_inspected,"commercial tape; raw first pass-through row is picture; dark first band retained; raw three-third displacement L259=0.402,0.485,2.710/L260=3.139,0.737,2.290/L261=0.209,0.311,0.934/L262=1.020,0.602,1.223; peak=L260 margin=0.429; split fraction/run=0.257/20; outer edges=5/630; body=67.0+/-2.0/686.0+/-3.0; switch onset=L260; last complete picture=L259; band bottom=L262; raw per-unit candidate L258 disagrees; pooled raw-row displacement of the continuous stable lock resolves L259; row Y(mean/std) L22=1.381/0.486 L23=4.319/3.395 L24=5.791/4.608 L259=22.178/6.944 L260=17.781/9.798 L262=17.794/8.650",258,286,521,525,525,cv_inspected,"commercial tape; raw first pass-through row is picture; dark first band retained; raw three-third displacement L522=1.633,0.883,1.081/L523=4.136,0.506,0.895/L524=0.206,0.436,0.793/L525=0.881,0.617,1.017; peak=L523 margin=2.503; split fraction/run=0.455/15; outer edges=0/714; body=67.0+/-2.0/685.0+/-3.0; switch onset=L522; last complete picture=L521; band bottom=L525; row Y(mean/std) L285=1.375/0.484 L286=2.456/1.730 L287=11.089/2.808 L521=24.044/3.891 L522=27.622/13.317 L525=18.722/8.410",521,0,0
637,6679,23,259,262,262,cv_inspected,"commercial tape; raw first pass-through row is picture; dark first band retained; raw three-third displacement L259=0.350,0.351,2.057/L260=3.096,0.860,2.238/L261=0.154,0.450,0.963/L262=0.916,0.627,1.157; peak=L260 margin=1.039; split fraction/run=0.159/5; outer edges=3/674; body=67.0+/-2.0/686.0+/-3.0; switch onset=L260; last complete picture=L259; band bottom=L262; raw per-unit candidate L258 disagrees; pooled raw-row displacement of the continuous stable lock resolves L259; row Y(mean/std) L22=1.384/0.486 L23=3.947/2.959 L24=5.241/4.253 L259=24.791/10.426 L260=17.886/9.984 L262=18.512/8.988",258,286,521,525,525,cv_inspected,"commercial tape; raw first pass-through row is picture; dark first band retained; raw three-third displacement L522=0.416,1.032,0.965/L523=2.739,1.091,0.744/L524=0.187,0.495,0.885/L525=0.931,0.694,0.873; peak=L523 margin=1.708; split fraction/run=0.276/18; outer edges=4/714; body=67.0+/-2.0/685.0+/-3.0; switch onset=L522; last complete picture=L521; band bottom=L525; row Y(mean/std) L285=1.359/0.480 L286=2.066/1.165 L287=9.264/2.558 L521=22.702/3.682 L522=21.683/6.572 L525=17.900/8.033",521,0,0
638,6680,23,259,262,262,cv_inspected,"commercial tape; raw first pass-through row is picture; dark first band retained; raw three-third displacement L259=0.311,0.336,0.811/L260=3.318,0.845,1.206/L261=0.268,0.482,0.889/L262=0.926,0.587,1.106; peak=L260 margin=2.213; split fraction/run=0.121/6; outer edges=2/682; body=67.0+/-2.0/685.0+/-3.7; switch onset=L260; last complete picture=L259; band bottom=L262; row Y(mean/std) L22=1.372/0.483 L23=3.741/2.633 L24=4.841/3.748 L259=24.044/3.324 L260=18.103/9.938 L262=18.672/8.663",259,286,521,525,525,cv_inspected,"commercial tape; raw first pass-through row is picture; dark first band retained; raw three-third displacement L522=0.364,0.911,1.264/L523=3.187,1.009,0.756/L524=0.203,0.464,0.745/L525=0.874,0.615,0.701; peak=L523 margin=1.923; split fraction/run=0.327/16; outer edges=2/714; body=67.0+/-2.0/684.0+/-4.0; switch onset=L522; last complete picture=L521; band bottom=L525; row Y(mean/std) L285=1.377/0.485 L286=2.306/1.372 L287=10.770/2.293 L521=24.291/4.260 L522=23.519/5.914 L525=19.756/8.572",521,0,0
639,6681,23,259,262,262,cv_inspected,"commercial tape; raw first pass-through row is picture; dark first band retained; raw three-third displacement L259=0.303,0.279,0.772/L260=3.110,0.826,1.454/L261=0.134,0.509,0.861/L262=0.797,0.641,1.039; peak=L260 margin=2.072; split fraction/run=0.047/5; outer edges=3/683; body=67.0+/-2.0/685.0+/-2.0; switch onset=L260; last complete picture=L259; band bottom=L262; row Y(mean/std) L22=1.384/0.486 L23=4.375/3.231 L24=5.048/3.765 L259=23.900/3.242 L260=17.630/9.834 L262=18.117/8.427",259,286,521,525,525,cv_inspected,"commercial tape; raw first pass-through row is picture; dark first band retained; raw three-third displacement L522=0.340,0.632,1.031/L523=2.996,0.793,0.774/L524=0.165,0.320,0.659/L525=0.892,0.514,0.906; peak=L523 margin=1.966; split fraction/run=0.276/18; outer edges=2/714; body=67.0+/-2.0/685.0+/-2.6; switch onset=L522; last complete picture=L521; band bottom=L525; row Y(mean/std) L285=1.367/0.482 L286=2.422/1.324 L287=10.164/2.621 L521=23.772/3.783 L522=23.248/4.405 L525=19.438/8.383",521,0,0
640,6682,23,259,262,262,cv_inspected,"commercial tape; raw first pass-through row is picture; dark first band retained; raw three-third displacement L259=0.341,0.280,0.810/L260=3.279,0.654,1.638/L261=0.195,0.487,0.932/L262=0.201,0.484,0.908; peak=L260 margin=2.347; split fraction/run=0.112/8; outer edges=3/687; body=67.0+/-2.0/685.0+/-3.0; switch onset=L260; last complete picture=L259; band bottom=L262; row Y(mean/std) L22=1.377/0.485 L23=4.575/3.187 L24=4.773/3.500 L259=23.320/3.507 L260=16.494/9.192 L262=15.762/8.825",259,286,521,525,525,cv_inspected,"commercial tape; raw first pass-through row is picture; dark first band retained; raw three-third displacement L522=0.473,1.018,0.819/L523=3.096,0.974,0.621/L524=0.192,0.314,0.572/L525=0.986,0.469,0.763; peak=L523 margin=2.078; split fraction/run=0.319/22; outer edges=1/714; body=67.0+/-2.0/685.0+/-3.0; switch onset=L522; last complete picture=L521; band bottom=L525; row Y(mean/std) L285=1.377/0.485 L286=2.431/1.331 L287=11.200/2.434 L521=23.289/3.761 L522=24.538/6.074 L525=20.039/8.761",521,0,0
641,6683,23,259,262,262,cv_inspected,"commercial tape; raw first pass-through row is picture; dark first band retained; raw three-third displacement L259=0.361,0.295,0.914/L260=3.336,0.882,1.038/L261=0.129,0.361,0.763/L262=0.174,0.418,1.107; peak=L260 margin=2.229; split fraction/run=0.131/6; outer edges=3/687; body=67.0+/-2.0/685.0+/-3.0; switch onset=L260; last complete picture=L259; band bottom=L262; row Y(mean/std) L22=1.384/0.486 L23=4.167/3.171 L24=4.675/3.520 L259=22.939/3.457 L260=17.573/9.901 L262=18.092/10.099",259,286,521,525,525,cv_inspected,"commercial tape; raw first pass-through row is picture; dark first band retained; raw three-third displacement L522=0.461,1.174,0.805/L523=3.366,1.270,0.696/L524=0.258,0.472,0.751/L525=0.980,0.536,0.817; peak=L523 margin=2.192; split fraction/run=0.230/31; outer edges=98/714; body=67.0+/-2.0/685.0+/-3.0; switch onset=L522; last complete picture=L521; band bottom=L525; row Y(mean/std) L285=1.373/0.484 L286=2.388/1.309 L287=10.602/2.182 L521=23.561/3.461 L522=25.370/7.454 L525=19.863/8.723",521,0,0
642,6684,23,259,262,262,cv_inspected,"commercial tape; raw first pass-through row is picture; dark first band retained; raw three-third displacement L259=0.260,0.329,0.717/L260=3.434,0.940,1.159/L261=0.178,0.353,0.781/L262=0.119,0.350,0.813; peak=L260 margin=2.621; split fraction/run=0.051/5; outer edges=5/686; body=67.0+/-2.0/685.0+/-3.0; switch onset=L260; last complete picture=L259; band bottom=L262; row Y(mean/std) L22=1.364/0.481 L23=3.506/2.570 L24=4.620/3.429 L259=22.923/3.173 L260=17.778/9.948 L262=17.575/9.773",259,286,521,525,525,cv_inspected,"commercial tape; raw first pass-through row is picture; dark first band retained; raw three-third displacement L522=0.326,0.718,0.910/L523=3.480,1.170,0.743/L524=0.263,0.256,0.773/L525=0.936,0.498,0.761; peak=L523 margin=2.543; split fraction/run=0.196/8; outer edges=1/714; body=67.0+/-2.0/685.0+/-3.0; switch onset=L522; last complete picture=L521; band bottom=L525; row Y(mean/std) L285=1.358/0.479 L286=2.131/1.149 L287=10.566/2.133 L521=23.819/3.118 L522=22.627/5.531 L525=19.123/8.465",521,0,0
643,6685,23,259,262,262,cv_inspected,"commercial tape; raw first pass-through row is picture; dark first band retained; raw three-third displacement L259=0.253,0.301,0.639/L260=3.325,0.864,0.905/L261=0.167,0.401,0.840/L262=0.213,0.362,1.013; peak=L260 margin=2.312; split fraction/run=0.056/2; outer edges=5/685; body=67.0+/-2.0/685.0+/-3.0; switch onset=L260; last complete picture=L259; band bottom=L262; row Y(mean/std) L22=1.369/0.482 L23=3.995/3.039 L24=4.678/3.714 L259=22.864/3.298 L260=17.531/9.632 L262=17.205/9.436",259,286,521,525,525,cv_inspected,"commercial tape; raw first pass-through row is picture; dark first band retained; raw three-third displacement L522=0.334,0.695,4.098/L523=3.254,1.156,4.263/L524=0.186,0.337,0.838/L525=0.827,0.595,0.890; peak=L523 margin=0.165; split fraction/run=0.150/16; outer edges=2/714; body=67.0+/-2.0/686.0+/-3.0; switch onset=L522; last complete picture=L521; band bottom=L525; row Y(mean/std) L285=1.375/0.484 L286=1.936/1.110 L287=9.692/1.858 L521=23.102/3.062 L522=26.827/18.176 L525=18.166/7.915",521,0,0
644,6686,23,259,262,262,cv_inspected,"commercial tape; raw first pass-through row is picture; dark first band retained; raw three-third displacement L259=0.244,0.309,0.838/L260=3.909,0.759,1.130/L261=1.894,0.303,0.647/L262=0.167,0.456,0.854; peak=L260 margin=2.015; split fraction/run=0.070/6; outer edges=3/686; body=67.0+/-2.0/685.0+/-3.0; switch onset=L260; last complete picture=L259; band bottom=L262; row Y(mean/std) L22=1.392/0.488 L23=3.578/2.610 L24=4.794/3.795 L259=23.489/2.981 L260=21.014/19.797 L262=17.350/9.619",259,286,521,525,525,cv_inspected,"commercial tape; raw first pass-through row is picture; dark first band retained; raw three-third displacement L522=0.290,0.289,1.661/L523=3.392,0.830,1.525/L524=0.143,0.300,0.690/L525=1.078,0.493,0.656; peak=L523 margin=1.732; split fraction/run=0.201/12; outer edges=2/714; body=67.0+/-2.0/685.0+/-2.0; switch onset=L522; last complete picture=L521; band bottom=L525; row Y(mean/std) L285=1.387/0.487 L286=2.112/1.115 L287=10.286/1.662 L521=23.363/3.429 L522=24.217/5.170 L525=20.378/9.148",521,0,0
645,6687,23,259,262,262,cv_inspected,"commercial tape; raw first pass-through row is picture; dark first band retained; raw three-third displacement L259=0.303,0.314,0.789/L260=2.059,0.848,1.115/L261=1.420,0.320,0.839/L262=0.141,0.384,1.082; peak=L260 margin=0.639; split fraction/run=0.051/3; outer edges=4/686; body=67.0+/-2.0/686.0+/-2.0; switch onset=L260; last complete picture=L259; band bottom=L262; row Y(mean/std) L22=1.370/0.483 L23=4.389/3.253 L24=5.008/3.575 L259=22.491/3.162 L260=19.716/8.024 L262=17.383/9.797",259,286,521,525,525,cv_inspected,"commercial tape; raw first pass-through row is picture; dark first band retained; raw three-third displacement L522=0.302,0.346,1.375/L523=3.475,0.825,1.221/L524=0.169,0.362,0.625/L525=0.961,0.515,0.764; peak=L523 margin=2.100; split fraction/run=0.192/11; outer edges=4/714; body=67.0+/-2.0/685.0+/-3.0; switch onset=L522; last complete picture=L521; band bottom=L525; row Y(mean/std) L285=1.366/0.482 L286=2.247/1.134 L287=10.416/1.793 L521=23.566/3.154 L522=23.123/4.530 L525=19.733/8.663",521,0,0
646,6688,23,259,262,262,cv_inspected,"commercial tape; raw first pass-through row is picture; dark first band retained; raw three-third displacement L259=0.271,0.391,0.840/L260=1.355,0.977,1.188/L261=2.309,0.303,0.695/L262=0.149,0.500,0.938; peak=L261 margin=0.954; split fraction/run=0.582/67; outer edges=5/714; body=67.0+/-2.0/685.0+/-2.0; switch onset=L260; last complete picture=L259; band bottom=L262; row Y(mean/std) L22=1.383/0.486 L23=4.619/3.156 L24=5.042/3.796 L259=22.933/3.205 L260=21.834/6.742 L262=16.858/9.323",259,286,521,525,525,cv_inspected,"commercial tape; raw first pass-through row is picture; dark first band retained; raw three-third displacement L522=0.283,0.293,1.081/L523=3.381,0.857,0.737/L524=0.128,0.328,0.748/L525=0.997,0.457,0.897; peak=L523 margin=2.300; split fraction/run=0.238/17; outer edges=2/714; body=67.0+/-2.0/685.0+/-2.0; switch onset=L522; last complete picture=L521; band bottom=L525; row Y(mean/std) L285=1.373/0.484 L286=2.159/1.095 L287=10.094/1.778 L521=24.480/3.033 L522=23.975/3.244 L525=20.030/8.987",521,0,0
647,6689,23,259,262,262,cv_inspected,"commercial tape; raw first pass-through row is picture; dark first band retained; raw three-third displacement L259=0.316,0.350,0.691/L260=1.064,0.925,1.043/L261=3.123,0.315,0.797/L262=0.139,0.347,0.799; peak=L261 margin=2.058; split fraction/run=0.620/36; outer edges=3/714; body=67.0+/-2.0/685.0+/-2.0; switch onset=L260; last complete picture=L259; band bottom=L262; row Y(mean/std) L22=1.372/0.483 L23=4.239/3.071 L24=4.795/3.617 L259=22.528/3.037 L260=21.961/6.284 L262=17.559/9.580",259,286,521,525,525,cv_inspected,"commercial tape; raw first pass-through row is picture; dark first band retained; raw three-third displacement L522=0.240,0.263,4.136/L523=3.429,0.780,4.612/L524=0.160,0.301,0.619/L525=0.953,0.519,0.790; peak=L523 margin=0.476; split fraction/run=0.033/2; outer edges=3/645; body=67.0+/-2.0/685.0+/-2.0; switch onset=L522; last complete picture=L521; band bottom=L525; row Y(mean/std) L285=1.369/0.482 L286=2.005/0.961 L287=9.947/1.579 L521=23.066/2.806 L522=26.505/19.464 L525=17.855/8.039",521,0,0
648,6690,23,259,262,262,cv_inspected,"commercial tape; raw first pass-through row is picture; dark first band retained; raw three-third displacement L259=0.289,0.292,0.863/L260=0.368,0.849,1.374/L261=3.026,0.264,0.783/L262=0.144,0.324,0.823; peak=L261 margin=1.652; split fraction/run=0.592/33; outer edges=2/714; body=67.0+/-2.0/685.0+/-3.0; switch onset=L260; last complete picture=L259; band bottom=L262; row Y(mean/std) L22=1.372/0.483 L23=3.903/2.902 L24=4.269/3.338 L259=22.158/3.286 L260=22.531/3.302 L262=16.997/9.324",259,286,521,525,525,cv_inspected,"commercial tape; raw first pass-through row is picture; dark first band retained; raw three-third displacement L522=0.237,0.253,0.428/L523=3.213,0.844,0.738/L524=0.172,0.316,0.610/L525=1.056,0.429,0.778; peak=L523 margin=2.157; split fraction/run=0.014/1; outer edges=0/685; body=67.0+/-2.0/686.0+/-3.0; switch onset=L522; last complete picture=L521; band bottom=L525; raw per-unit candidate L522 disagrees; pooled raw-row displacement of the continuous stable lock resolves L521; row Y(mean/std) L285=1.378/0.485 L286=2.364/1.044 L287=10.403/1.709 L521=23.145/2.907 L522=23.270/2.720 L525=19.514/8.653",522,0,0
649,6691,23,259,262,262,cv_inspected,"commercial tape; raw first pass-through row is picture; dark first band retained; raw three-third displacement L259=0.287,0.268,0.743/L260=0.294,2.333,1.126/L261=3.160,1.833,0.703/L262=0.124,0.350,0.637; peak=L261 margin=0.827; split fraction/run=0.507/21; outer edges=5/714; body=67.0+/-2.0/685.0+/-2.0; switch onset=L260; last complete picture=L259; band bottom=L262; row Y(mean/std) L22=1.359/0.480 L23=3.584/2.790 L24=3.933/3.166 L259=22.528/2.938 L260=25.494/13.514 L262=17.083/9.297",259,286,521,525,525,cv_inspected,"commercial tape; raw first pass-through row is picture; dark first band retained; raw three-third displacement L522=0.220,0.245,0.555/L523=3.508,0.925,0.877/L524=0.150,0.284,0.507/L525=1.041,0.554,0.674; peak=L523 margin=2.467; split fraction/run=0.079/4; outer edges=1/714; body=67.0+/-2.0/686.0+/-2.0; switch onset=L522; last complete picture=L521; band bottom=L525; row Y(mean/std) L285=1.369/0.482 L286=1.964/0.967 L287=9.684/1.522 L521=22.653/3.107 L522=22.753/3.182 L525=18.669/8.408",521,0,0
650,6692,23,259,262,262,cv_inspected,"commercial tape; raw first pass-through row is picture; dark first band retained; raw three-third displacement L259=0.216,0.283,0.630/L260=0.292,0.792,1.184/L261=3.232,0.774,0.695/L262=0.156,0.297,0.810; peak=L261 margin=2.048; split fraction/run=0.315/21; outer edges=4/714; body=67.0+/-2.0/685.0+/-3.0; switch onset=L260; last complete picture=L259; band bottom=L262; row Y(mean/std) L22=1.363/0.481 L23=3.784/2.889 L24=4.019/3.169 L259=22.395/3.236 L260=22.258/4.353 L262=17.405/9.429",259,286,521,525,525,cv_inspected,"commercial tape; raw first pass-through row is picture; dark first band retained; raw three-third displacement L522=0.225,0.264,0.526/L523=3.393,0.887,0.912/L524=0.146,0.256,0.591/L525=0.987,0.461,0.570; peak=L523 margin=2.406; split fraction/run=0.023/4; outer edges=3/687; body=67.0+/-2.0/685.0+/-2.0; switch onset=L522; last complete picture=L521; band bottom=L525; raw per-unit candidate L522 disagrees; pooled raw-row displacement of the continuous stable lock resolves L521; row Y(mean/std) L285=1.358/0.479 L286=2.053/0.957 L287=10.544/1.461 L521=22.481/3.123 L522=22.413/3.246 L525=18.005/8.154",522,0,0
651,6693,23,259,262,262,cv_inspected,"commercial tape; raw first pass-through row is picture; dark first band retained; raw three-third displacement L259=0.274,0.279,0.665/L260=0.268,1.952,1.120/L261=3.216,1.744,0.630/L262=0.171,0.278,0.915; peak=L261 margin=1.265; split fraction/run=0.376/28; outer edges=4/714; body=67.0+/-2.0/685.0+/-2.4; switch onset=L260; last complete picture=L259; band bottom=L262; row Y(mean/std) L22=1.367/0.482 L23=3.977/3.002 L24=4.230/3.242 L259=23.062/3.052 L260=25.225/11.604 L262=16.867/8.998",259,286,521,525,525,cv_inspected,"commercial tape; raw first pass-through row is picture; dark first band retained; raw three-third displacement L522=0.250,0.223,0.380/L523=3.282,1.141,0.807/L524=0.196,0.329,0.535/L525=0.151,0.338,0.732; peak=L523 margin=2.550; split fraction/run=0.019/4; outer edges=3/684; body=67.0+/-2.0/685.0+/-2.0; switch onset=L522; last complete picture=L521; band bottom=L525; raw per-unit candidate L522 disagrees; pooled raw-row displacement of the continuous stable lock resolves L521; row Y(mean/std) L285=1.381/0.486 L286=2.105/0.942 L287=9.986/1.383 L521=22.780/3.149 L522=22.875/3.247 L525=17.870/9.593",522,0,0
652,6694,23,259,262,262,cv_inspected,"commercial tape; raw first pass-through row is picture; dark first band retained; raw three-third displacement L259=0.282,0.291,0.613/L260=0.238,0.728,1.262/L261=3.178,1.146,0.641/L262=0.130,0.338,0.702; peak=L261 margin=1.917; split fraction/run=0.276/26; outer edges=1/714; body=67.0+/-2.0/686.0+/-2.0; switch onset=L260; last complete picture=L259; band bottom=L262; row Y(mean/std) L22=1.369/0.482 L23=3.562/2.683 L24=4.091/3.119 L259=22.728/3.111 L260=21.312/4.913 L262=17.098/9.079",259,286,521,525,525,cv_inspected,"commercial tape; raw first pass-through row is picture; dark first band retained; raw three-third displacement L522=0.239,0.228,0.422/L523=3.194,0.953,0.836/L524=0.164,0.267,0.652/L525=0.143,0.349,0.682; peak=L523 margin=2.512; split fraction/run=0.009/2; outer edges=4/688; body=67.0+/-2.0/685.0+/-2.0; switch onset=L522; last complete picture=L521; band bottom=L525; row Y(mean/std) L285=1.375/0.484 L286=1.964/0.922 L287=9.803/1.445 L521=22.077/2.909 L522=22.495/3.103 L525=18.020/9.824",521,0,0
653,6695,23,259,262,262,cv_inspected,"commercial tape; raw first pass-through row is picture; dark first band retained; raw three-third displacement L259=0.245,0.237,0.526/L260=0.291,2.714,1.126/L261=3.121,2.933,0.581/L262=0.144,0.367,0.769; peak=L261 margin=0.407; split fraction/run=0.234/14; outer edges=3/714; body=67.0+/-2.0/685.0+/-3.0; switch onset=L260; last complete picture=L259; band bottom=L262; row Y(mean/std) L22=1.384/0.486 L23=3.766/2.835 L24=4.105/3.249 L259=22.786/2.922 L260=26.409/20.011 L262=18.039/9.495",259,286,521,525,525,cv_inspected,"commercial tape; raw first pass-through row is picture; dark first band retained; raw three-third displacement L522=0.251,0.245,0.440/L523=3.124,0.977,0.791/L524=0.186,0.284,0.520/L525=0.143,0.411,0.592; peak=L523 margin=2.532; split fraction/run=0.023/4; outer edges=2/686; body=67.0+/-2.0/685.0+/-2.0; switch onset=L522; last complete picture=L521; band bottom=L525; raw per-unit candidate L522 disagrees; pooled raw-row displacement of the continuous stable lock resolves L521; row Y(mean/std) L285=1.405/0.491 L286=1.748/0.807 L287=8.942/1.374 L521=22.461/2.636 L522=22.848/3.103 L525=17.002/9.285",522,0,0
654,6696,23,259,262,262,cv_inspected,"commercial tape; raw first pass-through row is picture; dark first band retained; raw three-third displacement L259=0.247,0.270,0.514/L260=0.264,0.721,0.919/L261=3.271,1.135,0.611/L262=0.127,0.226,0.633; peak=L261 margin=2.352; split fraction/run=0.192/20; outer edges=3/714; body=67.0+/-2.0/685.0+/-3.0; switch onset=L260; last complete picture=L259; band bottom=L262; row Y(mean/std) L22=1.373/0.484 L23=3.539/2.650 L24=3.967/3.048 L259=22.619/3.059 L260=21.592/5.256 L262=17.217/8.998",259,286,521,525,525,cv_inspected,"commercial tape; raw first pass-through row is picture; dark first band retained; raw three-third displacement L522=0.228,0.263,0.552/L523=3.418,0.903,0.893/L524=0.142,0.257,0.544/L525=0.142,0.299,0.724; peak=L523 margin=2.694; split fraction/run=0.000/0; outer edges=3/686; body=67.0+/-2.0/685.0+/-2.0; switch onset=L522; last complete picture=L521; band bottom=L525; raw per-unit candidate L522 disagrees; pooled raw-row displacement of the continuous stable lock resolves L521; row Y(mean/std) L285=1.400/0.490 L286=2.095/0.940 L287=10.598/1.597 L521=22.680/2.615 L522=22.355/3.298 L525=17.300/9.414",522,0,0
655,6697,23,259,262,262,cv_inspected,"commercial tape; raw first pass-through row is picture; dark first band retained; raw three-third displacement L259=0.337,0.209,0.559/L260=0.272,1.751,1.214/L261=3.051,2.353,0.775/L262=0.149,0.307,0.639; peak=L261 margin=1.299; split fraction/run=0.271/18; outer edges=4/714; body=67.0+/-2.0/685.0+/-2.0; switch onset=L260; last complete picture=L259; band bottom=L262; row Y(mean/std) L22=1.363/0.481 L23=4.023/3.055 L24=4.642/3.716 L259=22.730/2.781 L260=25.181/14.189 L262=17.995/9.441",259,286,521,525,525,cv_inspected,"commercial tape; raw first pass-through row is picture; dark first band retained; raw three-third displacement L522=0.258,0.240,0.418/L523=4.022,0.868,0.623/L524=1.866,0.293,0.433/L525=0.136,0.285,0.513; peak=L523 margin=2.156; split fraction/run=0.014/1; outer edges=4/687; body=67.0+/-2.0/685.0+/-3.0; switch onset=L522; last complete picture=L521; band bottom=L525; raw per-unit candidate L522 disagrees; pooled raw-row displacement of the continuous stable lock resolves L521; row Y(mean/std) L285=1.375/0.484 L286=1.611/0.696 L287=9.748/1.280 L521=22.611/2.727 L522=23.117/3.106 L525=17.578/9.372",522,0,0
656,6698,23,259,262,262,cv_inspected,"commercial tape; raw first pass-through row is picture; dark first band retained; raw three-third displacement L259=0.267,0.221,0.530/L260=0.304,0.245,2.308/L261=3.009,0.779,1.875/L262=0.159,0.228,0.608; peak=L261 margin=0.701; split fraction/run=0.262/18; outer edges=3/714; body=67.0+/-2.0/685.0+/-3.0; switch onset=L260; last complete picture=L259; band bottom=L262; row Y(mean/std) L22=1.384/0.486 L23=3.856/2.995 L24=4.258/3.316 L259=22.363/2.784 L260=21.314/6.976 L262=17.587/9.094",259,286,521,525,525,cv_inspected,"commercial tape; raw first pass-through row is picture; dark first band retained; raw three-third displacement L522=0.266,0.268,0.525/L523=2.826,0.810,0.750/L524=1.318,0.280,0.426/L525=0.122,0.310,0.446; peak=L523 margin=1.507; split fraction/run=0.037/2; outer edges=4/686; body=67.0+/-2.0/685.0+/-2.0; switch onset=L522; last complete picture=L521; band bottom=L525; raw per-unit candidate L522 disagrees; pooled raw-row displacement of the continuous stable lock resolves L521; row Y(mean/std) L285=1.380/0.485 L286=1.895/0.870 L287=10.328/1.290 L521=23.136/2.948 L522=22.991/3.063 L525=17.719/9.594",522,0,0
657,6699,23,259,262,262,cv_inspected,"commercial tape; raw first pass-through row is picture; dark first band retained; raw three-third displacement L259=0.247,0.227,0.488/L260=0.274,0.264,2.455/L261=2.946,0.730,2.076/L262=0.120,0.255,0.497; peak=L261 margin=0.491; split fraction/run=0.229/17; outer edges=2/714; body=67.0+/-2.0/686.0+/-3.0; switch onset=L260; last complete picture=L259; band bottom=L262; row Y(mean/std) L22=1.378/0.485 L23=4.177/3.229 L24=4.461/3.706 L259=22.775/2.894 L260=21.531/7.206 L262=17.748/9.218",259,286,521,525,525,cv_inspected,"commercial tape; raw first pass-through row is picture; dark first band retained; raw three-third displacement L522=0.236,0.289,0.530/L523=2.217,0.778,0.814/L524=3.940,0.230,0.380/L525=0.175,0.381,0.579; peak=L524 margin=1.723; split fraction/run=0.577/34; outer edges=119/714; body=67.0+/-2.0/685.0+/-3.0; switch onset=L522; last complete picture=L521; band bottom=L525; raw per-unit candidate L522 disagrees; pooled raw-row displacement of the continuous stable lock resolves L521; row Y(mean/std) L285=1.367/0.482 L286=1.919/0.912 L287=9.973/1.290 L521=23.302/3.025 L522=23.273/3.234 L525=16.872/9.238",522,0,0
658,6700,23,259,262,262,cv_inspected,"commercial tape; raw first pass-through row is picture; dark first band retained; raw three-third displacement L259=0.273,0.320,0.557/L260=0.277,0.363,1.384/L261=2.871,0.861,0.927/L262=0.112,0.285,0.562; peak=L261 margin=1.488; split fraction/run=0.257/47; outer edges=2/714; body=67.0+/-2.0/685.0+/-3.0; switch onset=L260; last complete picture=L259; band bottom=L262; row Y(mean/std) L22=1.377/0.485 L23=4.098/3.267 L24=4.806/3.750 L259=22.758/3.437 L260=22.827/3.504 L262=17.672/9.107",259,286,521,525,525,cv_inspected,"commercial tape; raw first pass-through row is picture; dark first band retained; raw three-third displacement L522=0.254,0.253,0.444/L523=1.037,0.773,0.789/L524=2.903,0.226,0.472/L525=0.121,0.246,0.436; peak=L524 margin=1.867; split fraction/run=0.657/44; outer edges=2/714; body=67.0+/-2.0/685.0+/-3.0; switch onset=L522; last complete picture=L521; band bottom=L525; raw per-unit candidate L522 disagrees; pooled raw-row displacement of the continuous stable lock resolves L521; row Y(mean/std) L285=1.387/0.487 L286=2.062/0.996 L287=10.936/1.479 L521=23.180/2.831 L522=22.973/2.944 L525=17.606/9.626",522,0,0
659,6701,23,259,262,262,cv_inspected,"commercial tape; raw first pass-through row is picture; dark first band retained; raw three-third displacement L259=0.263,0.308,0.533/L260=0.300,0.351,3.902/L261=2.709,0.685,4.228/L262=0.147,0.328,0.586; peak=L261 margin=0.326; split fraction/run=0.047/4; outer edges=3/600; body=67.0+/-2.0/685.0+/-3.0; switch onset=L260; last complete picture=L259; band bottom=L262; row Y(mean/std) L22=1.369/0.482 L23=4.495/3.349 L24=4.970/3.811 L259=22.473/3.142 L260=26.322/16.804 L262=17.663/9.153",259,286,521,525,525,cv_inspected,"commercial tape; raw first pass-through row is picture; dark first band retained; raw three-third displacement L522=0.253,0.262,0.562/L523=0.536,0.832,0.850/L524=3.333,0.190,0.396/L525=0.141,0.300,0.590; peak=L524 margin=2.483; split fraction/run=0.681/30; outer edges=2/714; body=67.0+/-2.0/685.0+/-2.0; switch onset=L522; last complete picture=L521; band bottom=L525; raw per-unit candidate L522 disagrees; pooled raw-row displacement of the continuous stable lock resolves L521; row Y(mean/std) L285=1.384/0.486 L286=1.825/0.837 L287=10.234/1.248 L521=22.692/2.989 L522=22.808/3.423 L525=16.505/9.033",522,0,0
660,6702,23,259,262,262,cv_inspected,"commercial tape; raw first pass-through row is picture; dark first band retained; raw three-third displacement L259=0.239,0.289,0.518/L260=0.277,0.268,3.826/L261=2.688,0.546,4.249/L262=0.131,0.284,0.523; peak=L261 margin=0.423; split fraction/run=0.028/3; outer edges=2/613; body=67.0+/-2.0/685.0+/-3.0; switch onset=L260; last complete picture=L259; band bottom=L262; row Y(mean/std) L22=1.395/0.489 L23=3.836/2.882 L24=4.547/3.597 L259=23.355/3.137 L260=26.688/19.145 L262=17.534/9.038",259,286,521,525,525,cv_inspected,"commercial tape; raw first pass-through row is picture; dark first band retained; raw three-third displacement L522=0.266,0.256,0.513/L523=0.479,1.083,0.716/L524=3.134,0.234,0.560/L525=0.130,0.255,0.499; peak=L524 margin=2.051; split fraction/run=0.808/71; outer edges=2/714; body=67.0+/-2.0/685.0+/-3.0; switch onset=L522; last complete picture=L521; band bottom=L525; raw per-unit candidate L522 disagrees; pooled raw-row displacement of the continuous stable lock resolves L521; row Y(mean/std) L285=1.381/0.486 L286=1.962/0.899 L287=10.581/1.368 L521=21.722/3.119 L522=21.717/3.254 L525=17.636/9.778",522,0,0
661,6703,23,259,262,262,cv_inspected,"commercial tape; raw first pass-through row is picture; dark first band retained; raw three-third displacement L259=0.225,0.279,0.442/L260=0.242,0.304,2.588/L261=2.519,0.761,2.973/L262=0.134,0.396,0.695; peak=L261 margin=0.385; split fraction/run=0.061/4; outer edges=3/611; body=67.0+/-2.0/685.0+/-2.0; switch onset=L260; last complete picture=L259; band bottom=L262; row Y(mean/std) L22=1.378/0.485 L23=3.987/3.013 L24=4.606/3.766 L259=22.098/2.886 L260=24.866/14.421 L262=18.067/9.138",259,286,521,525,525,cv_inspected,"commercial tape; raw first pass-through row is picture; dark first band retained; raw three-third displacement L522=0.235,0.270,0.392/L523=1.010,0.912,0.710/L524=2.717,0.286,0.461/L525=0.135,0.251,0.641; peak=L524 margin=1.707; split fraction/run=0.704/54; outer edges=3/714; body=67.0+/-2.0/686.0+/-3.0; switch onset=L522; last complete picture=L521; band bottom=L525; raw per-unit candidate L522 disagrees; pooled raw-row displacement of the continuous stable lock resolves L521; row Y(mean/std) L285=1.378/0.485 L286=2.041/0.916 L287=9.619/1.413 L521=23.527/3.006 L522=23.167/3.065 L525=17.898/9.840",522,0,0
662,6704,23,259,262,262,cv_inspected,"commercial tape; raw first pass-through row is picture; dark first band retained; raw three-third displacement L259=0.236,0.352,0.450/L260=0.258,0.338,1.711/L261=2.709,0.869,1.340/L262=0.178,0.354,0.609; peak=L261 margin=0.998; split fraction/run=0.243/15; outer edges=4/714; body=67.0+/-2.0/685.0+/-4.0; switch onset=L260; last complete picture=L259; band bottom=L262; row Y(mean/std) L22=1.372/0.483 L23=4.213/3.220 L24=4.497/3.626 L259=22.614/3.240 L260=23.153/4.906 L262=16.902/8.740",259,286,521,525,525,cv_inspected,"commercial tape; raw first pass-through row is picture; dark first band retained; raw three-third displacement L522=0.223,0.221,0.443/L523=2.437,0.797,0.787/L524=4.451,0.207,0.450/L525=0.106,0.295,0.463; peak=L524 margin=2.014; split fraction/run=0.662/32; outer edges=2/714; body=67.0+/-2.0/685.0+/-3.0; switch onset=L522; last complete picture=L521; band bottom=L525; raw per-unit candidate L522 disagrees; pooled raw-row displacement of the continuous stable lock resolves L521; row Y(mean/std) L285=1.392/0.488 L286=2.003/0.934 L287=10.512/1.461 L521=23.289/2.809 L522=23.180/2.946 L525=18.058/9.885",522,0,0
663,6705,23,259,262,262,cv_inspected,"commercial tape; raw first pass-through row is picture; dark first band retained; raw three-third displacement L259=0.223,0.325,0.717/L260=0.243,0.310,0.954/L261=2.765,0.964,0.641/L262=0.136,0.316,0.570; peak=L261 margin=1.812; split fraction/run=0.234/15; outer edges=2/714; body=67.0+/-2.0/685.0+/-3.0; switch onset=L260; last complete picture=L259; band bottom=L262; row Y(mean/std) L22=1.380/0.485 L23=4.086/3.098 L24=4.286/3.502 L259=22.303/3.346 L260=21.995/3.527 L262=17.944/9.170",259,286,521,525,525,cv_inspected,"commercial tape; raw first pass-through row is picture; dark first band retained; raw three-third displacement L522=0.218,0.247,0.520/L523=1.227,1.069,0.907/L524=2.659,0.330,0.445/L525=0.131,0.343,0.493; peak=L524 margin=1.433; split fraction/run=0.718/42; outer edges=2/714; body=67.0+/-2.0/686.0+/-3.0; switch onset=L522; last complete picture=L521; band bottom=L525; raw per-unit candidate L522 disagrees; pooled raw-row displacement of the continuous stable lock resolves L521; row Y(mean/std) L285=1.372/0.483 L286=2.331/0.952 L287=10.556/1.318 L521=23.402/3.101 L522=23.623/3.277 L525=17.938/9.748",522,0,0
664,6706,23,259,262,262,cv_inspected,"commercial tape; raw first pass-through row is picture; dark first band retained; raw three-third displacement L259=0.251,0.282,0.474/L260=0.238,0.298,3.231/L261=2.710,0.921,2.985/L262=0.117,0.329,0.507; peak=L260 margin=0.245; split fraction/run=0.113/12; outer edges=4/685; body=67.0+/-2.0/685.0+/-3.0; switch onset=L260; last complete picture=L259; band bottom=L262; row Y(mean/std) L22=1.383/0.486 L23=4.347/3.297 L24=4.636/3.631 L259=22.272/3.105 L260=24.041/12.374 L262=16.850/8.613",259,286,521,525,525,cv_inspected,"commercial tape; raw first pass-through row is picture; dark first band retained; raw three-third displacement L522=0.260,0.294,0.454/L523=1.328,0.949,0.765/L524=2.832,0.250,0.439/L525=0.117,0.294,0.478; peak=L524 margin=1.504; split fraction/run=0.779/60; outer edges=3/714; body=67.0+/-2.0/685.0+/-2.6; switch onset=L522; last complete picture=L521; band bottom=L525; raw per-unit candidate L522 disagrees; pooled raw-row displacement of the continuous stable lock resolves L521; row Y(mean/std) L285=1.369/0.482 L286=1.972/0.887 L287=10.611/1.264 L521=23.380/3.001 L522=22.917/3.074 L525=17.917/9.899",522,0,0
665,6707,23,259,262,262,cv_inspected,"commercial tape; raw first pass-through row is picture; dark first band retained; raw three-third displacement L259=0.300,0.308,0.579/L260=0.264,0.305,2.175/L261=2.774,0.695,1.800/L262=0.135,0.279,0.675; peak=L261 margin=0.598; split fraction/run=0.257/18; outer edges=3/714; body=67.0+/-2.0/685.0+/-2.0; switch onset=L260; last complete picture=L259; band bottom=L262; row Y(mean/std) L22=1.372/0.483 L23=4.108/3.169 L24=4.459/3.492 L259=23.123/3.076 L260=22.003/6.382 L262=17.903/9.073",259,286,521,525,525,cv_inspected,"commercial tape; raw first pass-through row is picture; dark first band retained; raw three-third displacement L522=0.227,0.270,0.537/L523=1.510,0.908,0.852/L524=3.149,0.224,0.511/L525=0.146,0.332,0.571; peak=L524 margin=1.639; split fraction/run=0.709/57; outer edges=1/714; body=67.0+/-2.0/685.0+/-3.0; switch onset=L522; last complete picture=L521; band bottom=L525; raw per-unit candidate L522 disagrees; pooled raw-row displacement of the continuous stable lock resolves L521; row Y(mean/std) L285=1.378/0.485 L286=2.117/0.965 L287=10.605/1.316 L521=21.873/3.197 L522=22.542/3.094 L525=17.105/9.265",522,0,0
666,6708,23,259,262,262,cv_inspected,"commercial tape; raw first pass-through row is picture; dark first band retained; raw three-third displacement L259=0.248,0.276,0.567/L260=0.290,0.314,1.028/L261=2.839,0.799,0.684/L262=0.122,0.301,0.543; peak=L261 margin=1.811; split fraction/run=0.182/12; outer edges=3/714; body=67.0+/-2.0/685.0+/-2.0; switch onset=L260; last complete picture=L259; band bottom=L262; row Y(mean/std) L22=1.345/0.475 L23=4.295/3.338 L24=4.616/3.510 L259=23.105/3.088 L260=22.542/3.337 L262=17.708/9.115",259,286,521,525,525,cv_inspected,"commercial tape; raw first pass-through row is picture; dark first band retained; raw three-third displacement L522=0.254,0.223,0.406/L523=3.021,0.961,0.768/L524=0.724,0.260,0.473/L525=0.165,0.361,0.607; peak=L523 margin=2.298; split fraction/run=0.014/1; outer edges=4/685; body=67.0+/-2.0/685.0+/-2.4; switch onset=L522; last complete picture=L521; band bottom=L525; raw per-unit candidate L522 disagrees; pooled raw-row displacement of the continuous stable lock resolves L521; row Y(mean/std) L285=1.355/0.478 L286=1.948/0.856 L287=10.441/1.239 L521=22.661/3.217 L522=22.641/3.198 L525=17.877/9.533",522,0,0
667,6709,23,259,262,262,cv_inspected,"commercial tape; raw first pass-through row is picture; dark first band retained; raw three-third displacement L259=0.231,0.315,0.640/L260=0.293,0.660,0.866/L261=2.921,1.068,0.476/L262=0.144,0.360,0.694; peak=L261 margin=2.055; split fraction/run=0.224/17; outer edges=3/714; body=67.0+/-2.0/686.0+/-3.0; switch onset=L260; last complete picture=L259; band bottom=L262; row Y(mean/std) L22=1.384/0.486 L23=3.587/2.729 L24=4.305/3.453 L259=22.395/3.198 L260=23.217/4.050 L262=18.669/9.828",259,286,521,525,525,cv_inspected,"commercial tape; raw first pass-through row is picture; dark first band retained; raw three-third displacement L522=0.252,0.265,0.567/L523=3.427,0.979,0.826/L524=0.165,0.320,0.498/L525=0.178,0.365,0.694; peak=L523 margin=2.733; split fraction/run=0.112/6; outer edges=3/685; body=67.0+/-2.0/685.0+/-2.0; switch onset=L522; last complete picture=L521; band bottom=L525; raw per-unit candidate L522 disagrees; pooled raw-row displacement of the continuous stable lock resolves L521; row Y(mean/std) L285=1.403/0.491 L286=1.778/0.773 L287=10.458/1.381 L521=22.817/3.164 L522=23.508/3.170 L525=18.070/9.976",522,0,0
668,6710,23,259,262,262,cv_inspected,"commercial tape; raw first pass-through row is picture; dark first band retained; raw three-third displacement L259=0.268,0.248,0.569/L260=0.255,2.079,1.139/L261=2.981,2.237,0.551/L262=0.141,0.255,0.624; peak=L261 margin=0.902; split fraction/run=0.300/27; outer edges=2/714; body=67.0+/-2.0/685.0+/-3.0; switch onset=L260; last complete picture=L259; band bottom=L262; row Y(mean/std) L22=1.383/0.486 L23=4.255/3.072 L24=4.834/3.463 L259=22.766/3.163 L260=25.019/14.600 L262=17.359/9.066",259,286,521,525,525,cv_inspected,"commercial tape; raw first pass-through row is picture; dark first band retained; raw three-third displacement L522=0.292,0.233,0.623/L523=3.301,0.635,1.323/L524=0.190,0.269,0.553/L525=0.151,0.319,0.631; peak=L523 margin=2.670; split fraction/run=0.033/5; outer edges=2/685; body=67.0+/-2.0/686.0+/-3.0; switch onset=L522; last complete picture=L521; band bottom=L525; raw per-unit candidate L522 disagrees; pooled raw-row displacement of the continuous stable lock resolves L521; row Y(mean/std) L285=1.363/0.481 L286=1.850/0.847 L287=10.680/1.373 L521=23.059/3.063 L522=23.222/3.062 L525=17.450/9.402",522,0,0
669,6711,23,259,262,262,cv_inspected,"commercial tape; raw first pass-through row is picture; dark first band retained; raw three-third displacement L259=0.296,0.258,0.592/L260=0.256,1.175,1.032/L261=3.135,1.357,0.658/L262=0.122,0.390,0.647; peak=L261 margin=1.960; split fraction/run=0.244/25; outer edges=3/714; body=67.0+/-2.0/685.0+/-2.0; switch onset=L260; last complete picture=L259; band bottom=L262; row Y(mean/std) L22=1.366/0.482 L23=3.784/2.838 L24=4.523/3.537 L259=22.667/2.946 L260=21.767/6.158 L262=18.194/9.559",259,286,521,525,525,cv_inspected,"commercial tape; raw first pass-through row is picture; dark first band retained; raw three-third displacement L522=0.250,0.262,0.501/L523=3.368,0.911,1.103/L524=0.158,0.315,0.686/L525=0.956,0.599,0.682; peak=L523 margin=2.412; split fraction/run=0.019/2; outer edges=4/684; body=67.0+/-2.0/685.0+/-3.0; switch onset=L522; last complete picture=L521; band bottom=L525; raw per-unit candidate L522 disagrees; pooled raw-row displacement of the continuous stable lock resolves L521; row Y(mean/std) L285=1.389/0.488 L286=1.848/0.868 L287=9.923/1.357 L521=22.911/2.937 L522=23.034/3.009 L525=18.791/8.178",522,0,0
670,6712,23,259,262,262,cv_inspected,"commercial tape; raw first pass-through row is picture; dark first band retained; raw three-third displacement L259=0.257,0.315,0.602/L260=0.278,3.130,1.219/L261=3.000,2.698,0.636/L262=0.116,0.320,0.602; peak=L260 margin=0.130; split fraction/run=0.089/5; outer edges=4/684; body=67.0+/-2.0/686.0+/-3.0; switch onset=L260; last complete picture=L259; band bottom=L262; row Y(mean/std) L22=1.378/0.485 L23=3.753/2.771 L24=4.089/3.180 L259=22.927/2.985 L260=26.898/20.180 L262=17.527/9.239",259,286,521,525,525,cv_inspected,"commercial tape; raw first pass-through row is picture; dark first band retained; raw three-third displacement L522=0.302,0.218,0.499/L523=3.310,0.908,0.970/L524=0.125,0.339,0.640/L525=0.995,0.389,0.633; peak=L523 margin=2.315; split fraction/run=0.033/5; outer edges=3/714; body=67.0+/-2.0/685.0+/-2.5; switch onset=L522; last complete picture=L521; band bottom=L525; row Y(mean/std) L285=1.363/0.481 L286=1.927/0.930 L287=10.302/1.469 L521=23.234/3.131 L522=22.962/3.119 L525=19.712/8.472",521,0,0
671,6713,23,259,262,262,cv_inspected,"commercial tape; raw first pass-through row is picture; dark first band retained; raw three-third displacement L259=0.204,0.305,0.452/L260=1.799,0.885,0.973/L261=4.645,0.300,0.660/L262=0.148,0.276,0.709; peak=L261 margin=2.846; split fraction/run=0.610/27; outer edges=3/714; body=67.0+/-2.0/685.0+/-3.0; switch onset=L260; last complete picture=L259; band bottom=L262; row Y(mean/std) L22=1.381/0.486 L23=4.044/2.999 L24=4.097/3.193 L259=22.839/2.933 L260=26.953/16.001 L262=17.458/9.145",259,286,521,525,525,cv_inspected,"commercial tape; raw first pass-through row is picture; dark first band retained; raw three-third displacement L522=0.264,0.325,2.184/L523=3.436,1.004,1.792/L524=0.151,0.340,0.693/L525=1.003,0.472,0.715; peak=L523 margin=1.252; split fraction/run=0.220/12; outer edges=2/714; body=67.0+/-2.0/685.0+/-2.0; switch onset=L522; last complete picture=L521; band bottom=L525; row Y(mean/std) L285=1.370/0.483 L286=1.716/0.779 L287=9.773/1.420 L521=22.930/3.347 L522=23.823/5.954 L525=19.642/8.639",521,0,0
672,6714,23,259,262,262,cv_inspected,"commercial tape; raw first pass-through row is picture; dark first band retained; raw three-third displacement L259=0.280,0.304,0.721/L260=3.325,0.796,1.064/L261=1.348,0.224,0.650/L262=0.146,0.302,0.763; peak=L260 margin=1.977; split fraction/run=0.047/3; outer edges=5/686; body=67.0+/-2.0/685.0+/-2.0; switch onset=L260; last complete picture=L259; band bottom=L262; row Y(mean/std) L22=1.358/0.479 L23=3.961/2.965 L24=4.280/3.326 L259=22.883/3.162 L260=19.578/13.324 L262=17.087/9.274",259,286,521,525,525,cv_inspected,"commercial tape; raw first pass-through row is picture; dark first band retained; raw three-third displacement L522=0.285,0.235,1.084/L523=3.430,1.073,0.641/L524=0.143,0.356,0.721/L525=1.060,0.507,0.914; peak=L523 margin=2.346; split fraction/run=0.252/18; outer edges=3/714; body=67.0+/-2.0/686.0+/-3.0; switch onset=L522; last complete picture=L521; band bottom=L525; row Y(mean/std) L285=1.373/0.484 L286=2.286/1.109 L287=10.794/1.687 L521=23.512/3.293 L522=22.939/3.176 L525=20.194/8.646",521,0,0
673,6715,23,259,262,262,cv_inspected,"commercial tape; raw first pass-through row is picture; dark first band retained; raw three-third displacement L259=0.313,0.315,0.737/L260=3.266,1.032,1.069/L261=0.149,0.397,0.680/L262=0.197,0.384,0.890; peak=L260 margin=2.376; split fraction/run=0.065/5; outer edges=6/685; body=67.0+/-2.0/685.0+/-3.0; switch onset=L260; last complete picture=L259; band bottom=L262; row Y(mean/std) L22=1.381/0.486 L23=3.705/2.703 L24=4.400/3.284 L259=22.975/3.246 L260=17.942/9.634 L262=18.198/9.758",259,286,521,525,525,cv_inspected,"commercial tape; raw first pass-through row is picture; dark first band retained; raw three-third displacement L522=0.334,0.637,0.887/L523=3.128,1.253,0.671/L524=0.211,0.378,0.792/L525=0.989,0.572,0.789; peak=L523 margin=2.139; split fraction/run=0.248/7; outer edges=2/714; body=67.0+/-2.0/685.0+/-3.0; switch onset=L522; last complete picture=L521; band bottom=L525; row Y(mean/std) L285=1.375/0.484 L286=2.298/1.324 L287=10.375/1.824 L521=22.266/3.255 L522=22.809/4.440 L525=19.277/8.368",521,0,0
674,6716,23,259,262,262,cv_inspected,"commercial tape; raw first pass-through row is picture; dark first band retained; raw three-third displacement L259=0.290,0.328,0.549/L260=3.232,0.925,0.968/L261=0.171,0.354,0.881/L262=0.209,0.445,0.891; peak=L260 margin=2.341; split fraction/run=0.037/3; outer edges=4/689; body=67.0+/-2.0/686.0+/-3.0; switch onset=L260; last complete picture=L259; band bottom=L262; row Y(mean/std) L22=1.356/0.479 L23=4.064/3.137 L24=4.494/3.401 L259=23.247/2.894 L260=18.089/9.823 L262=18.156/9.964",259,286,521,525,525,cv_inspected,"commercial tape; raw first pass-through row is picture; dark first band retained; raw three-third displacement L522=0.291,1.222,1.145/L523=3.032,1.761,0.802/L524=0.227,0.334,0.855/L525=0.875,0.612,0.700; peak=L523 margin=1.810; split fraction/run=0.304/14; outer edges=2/714; body=67.0+/-2.0/685.0+/-3.0; switch onset=L522; last complete picture=L521; band bottom=L525; row Y(mean/std) L285=1.363/0.481 L286=2.572/1.518 L287=10.516/1.871 L521=21.823/2.930 L522=20.883/12.089 L525=18.658/8.209",521,0,0
675,6717,23,259,262,262,cv_inspected,"commercial tape; raw first pass-through row is picture; dark first band retained; raw three-third displacement L259=0.310,0.314,0.724/L260=3.082,1.088,1.518/L261=0.208,0.603,1.002/L262=0.204,0.554,0.965; peak=L260 margin=2.080; split fraction/run=0.019/2; outer edges=5/686; body=67.0+/-2.0/685.0+/-3.0; switch onset=L260; last complete picture=L259; band bottom=L262; row Y(mean/std) L22=1.369/0.482 L23=3.844/2.781 L24=4.414/3.508 L259=23.387/3.410 L260=18.186/10.080 L262=18.398/10.103",259,286,521,525,525,cv_inspected,"commercial tape; raw first pass-through row is picture; dark first band retained; raw three-third displacement L522=0.399,2.392,0.964/L523=2.995,2.498,0.687/L524=0.210,0.487,0.686/L525=0.886,0.571,0.847; peak=L523 margin=0.604; split fraction/run=0.243/12; outer edges=4/714; body=67.0+/-2.0/685.0+/-3.0; switch onset=L522; last complete picture=L521; band bottom=L525; row Y(mean/std) L285=1.372/0.483 L286=2.102/1.117 L287=9.808/1.990 L521=22.397/3.053 L522=25.878/17.352 L525=18.494/8.050",521,0,0
676,6718,23,259,262,262,cv_inspected,"commercial tape; raw first pass-through row is picture; dark first band retained; raw three-third displacement L259=0.248,0.250,0.861/L260=3.181,0.861,1.135/L261=0.244,0.450,0.775/L262=0.217,0.530,1.115; peak=L260 margin=2.066; split fraction/run=0.079/2; outer edges=5/686; body=67.0+/-2.0/685.0+/-3.0; switch onset=L260; last complete picture=L259; band bottom=L262; row Y(mean/std) L22=1.384/0.486 L23=3.847/2.873 L24=4.692/3.386 L259=22.669/3.189 L260=17.414/9.418 L262=16.289/8.849",259,286,521,525,525,cv_inspected,"commercial tape; raw first pass-through row is picture; dark first band retained; raw three-third displacement L522=0.353,2.097,0.946/L523=3.011,2.120,0.686/L524=0.157,0.364,0.670/L525=0.891,0.541,0.822; peak=L523 margin=0.914; split fraction/run=0.296/40; outer edges=56/714; body=67.0+/-2.0/685.0+/-3.0; switch onset=L522; last complete picture=L521; band bottom=L525; row Y(mean/std) L285=1.366/0.482 L286=2.056/1.069 L287=9.509/2.042 L521=21.798/3.451 L522=25.219/14.808 L525=18.864/8.206",521,0,0
677,6719,23,259,262,262,cv_inspected,"commercial tape; raw first pass-through row is picture; dark first band retained; raw three-third displacement L259=0.259,0.331,0.688/L260=3.235,0.877,0.901/L261=0.188,0.328,0.750/L262=0.267,0.473,0.989; peak=L260 margin=2.246; split fraction/run=0.047/5; outer edges=4/685; body=67.0+/-2.0/685.0+/-3.5; switch onset=L260; last complete picture=L259; band bottom=L262; row Y(mean/std) L22=1.363/0.481 L23=4.041/3.279 L24=4.800/3.715 L259=22.373/2.949 L260=17.214/9.496 L262=17.142/9.312",259,286,521,525,525,cv_inspected,"commercial tape; raw first pass-through row is picture; dark first band retained; raw three-third displacement L522=0.387,0.972,0.928/L523=3.198,1.491,0.692/L524=0.186,0.422,0.746/L525=0.924,0.662,0.915; peak=L523 margin=2.226; split fraction/run=0.210/13; outer edges=2/714; body=67.0+/-2.0/686.0+/-3.0; switch onset=L522; last complete picture=L521; band bottom=L525; row Y(mean/std) L285=1.370/0.483 L286=2.244/1.260 L287=9.152/2.224 L521=22.497/3.263 L522=21.405/6.103 L525=18.738/7.901",521,0,0
678,6720,23,259,262,262,cv_inspected,"commercial tape; raw first pass-through row is picture; dark first band retained; raw three-third displacement L259=0.268,0.291,0.775/L260=3.207,0.921,1.179/L261=0.206,0.376,0.737/L262=0.189,0.467,1.211; peak=L260 margin=1.996; split fraction/run=0.037/3; outer edges=5/687; body=67.0+/-2.0/685.0+/-2.0; switch onset=L260; last complete picture=L259; band bottom=L262; row Y(mean/std) L22=1.375/0.484 L23=3.841/2.987 L24=4.441/3.593 L259=22.980/3.217 L260=17.855/9.699 L262=16.984/9.287",259,286,521,525,525,cv_inspected,"commercial tape; raw first pass-through row is picture; dark first band retained; raw three-third displacement L522=0.304,0.507,1.155/L523=2.913,1.134,0.927/L524=0.185,0.433,0.911/L525=0.916,0.662,1.126; peak=L523 margin=1.758; split fraction/run=0.271/20; outer edges=2/714; body=67.0+/-2.0/685.0+/-2.0; switch onset=L522; last complete picture=L521; band bottom=L525; row Y(mean/std) L285=1.369/0.482 L286=2.263/1.255 L287=8.952/1.887 L521=22.261/3.311 L522=21.464/4.389 L525=19.698/8.532",521,0,0
679,6721,23,259,262,262,cv_inspected,"commercial tape; raw first pass-through row is picture; dark first band retained; raw three-third displacement L259=0.281,0.302,0.870/L260=2.960,0.935,1.284/L261=0.186,0.440,0.940/L262=0.186,0.402,0.998; peak=L260 margin=1.962; split fraction/run=0.093/7; outer edges=3/687; body=67.0+/-2.0/685.0+/-3.0; switch onset=L260; last complete picture=L259; band bottom=L262; row Y(mean/std) L22=1.367/0.482 L23=4.661/3.387 L24=4.700/3.717 L259=22.627/2.911 L260=17.717/9.721 L262=17.780/9.674",259,286,521,525,525,cv_inspected,"commercial tape; raw first pass-through row is picture; dark first band retained; raw three-third displacement L522=0.340,0.599,0.984/L523=3.229,1.116,0.648/L524=0.177,0.438,0.695/L525=0.894,0.586,0.911; peak=L523 margin=2.245; split fraction/run=0.276/15; outer edges=4/714; body=67.0+/-2.0/685.0+/-3.5; switch onset=L522; last complete picture=L521; band bottom=L525; row Y(mean/std) L285=1.367/0.482 L286=2.312/1.382 L287=10.066/2.371 L521=23.183/3.471 L522=22.394/4.786 L525=19.016/8.118",521,0,0
680,6722,23,259,262,262,cv_inspected,"commercial tape; raw first pass-through row is picture; dark first band retained; raw three-third displacement L259=0.280,0.373,0.573/L260=3.179,1.033,1.203/L261=0.193,0.375,0.744/L262=0.195,0.472,1.175; peak=L260 margin=2.004; split fraction/run=0.047/2; outer edges=3/685; body=67.0+/-2.0/685.0+/-2.0; switch onset=L260; last complete picture=L259; band bottom=L262; row Y(mean/std) L22=1.375/0.484 L23=4.758/3.451 L24=4.662/3.485 L259=22.405/3.235 L260=17.883/9.855 L262=16.870/9.431",259,286,521,525,525,cv_inspected,"commercial tape; raw first pass-through row is picture; dark first band retained; raw three-third displacement L522=0.388,1.126,1.021/L523=3.084,1.308,0.637/L524=0.193,0.383,0.686/L525=1.076,0.482,0.908; peak=L523 margin=1.958; split fraction/run=0.294/16; outer edges=3/714; body=67.0+/-2.0/685.0+/-3.0; switch onset=L522; last complete picture=L521; band bottom=L525; row Y(mean/std) L285=1.389/0.488 L286=2.798/1.486 L287=11.391/1.587 L521=23.019/3.872 L522=24.473/8.484 L525=20.377/8.648",521,0,0
681,6723,23,259,262,262,cv_inspected,"commercial tape; raw first pass-through row is picture; dark first band retained; raw three-third displacement L259=0.330,0.363,0.623/L260=3.187,1.066,1.219/L261=0.209,0.464,0.972/L262=0.253,0.472,0.900; peak=L260 margin=2.215; split fraction/run=0.038/3; outer edges=2/685; body=67.0+/-2.0/685.0+/-2.0; switch onset=L260; last complete picture=L259; band bottom=L262; row Y(mean/std) L22=1.394/0.489 L23=4.991/3.419 L24=4.823/3.521 L259=23.270/3.361 L260=18.145/9.909 L262=19.011/10.383",259,286,521,525,525,cv_inspected,"commercial tape; raw first pass-through row is picture; dark first band retained; raw three-third displacement L522=0.380,0.364,0.997/L523=3.303,0.672,0.699/L524=0.223,0.393,0.817/L525=0.912,0.635,0.944; peak=L523 margin=2.307; split fraction/run=0.243/14; outer edges=2/714; body=67.0+/-2.0/685.0+/-2.0; switch onset=L522; last complete picture=L521; band bottom=L525; row Y(mean/std) L285=1.373/0.484 L286=2.209/1.225 L287=10.655/2.001 L521=23.163/3.589 L522=23.538/3.599 L525=19.184/8.119",521,0,0
682,6724,23,259,262,262,cv_inspected,"commercial tape; raw first pass-through row is picture; dark first band retained; raw three-third displacement L259=0.367,0.304,0.767/L260=3.121,1.036,1.008/L261=0.173,0.434,0.746/L262=0.207,0.470,1.256; peak=L260 margin=1.864; split fraction/run=0.131/6; outer edges=3/687; body=67.0+/-2.0/685.0+/-3.0; switch onset=L260; last complete picture=L259; band bottom=L262; row Y(mean/std) L22=1.397/0.489 L23=4.494/3.113 L24=4.928/3.641 L259=22.548/3.559 L260=17.639/9.594 L262=16.511/9.083",259,286,521,525,525,cv_inspected,"commercial tape; raw first pass-through row is picture; dark first band retained; raw three-third displacement L522=0.378,1.960,1.073/L523=3.031,2.260,0.678/L524=0.191,0.302,0.841/L525=0.894,0.493,0.738; peak=L523 margin=1.071; split fraction/run=0.280/11; outer edges=2/714; body=67.0+/-2.0/686.0+/-3.0; switch onset=L522; last complete picture=L521; band bottom=L525; row Y(mean/std) L285=1.361/0.480 L286=2.352/1.346 L287=10.666/1.904 L521=22.641/3.466 L522=25.577/16.686 L525=18.620/7.891",521,0,0
683,6725,23,259,262,262,cv_inspected,"commercial tape; raw first pass-through row is picture; dark first band retained; raw three-third displacement L259=0.283,0.316,0.808/L260=3.172,0.788,1.226/L261=0.171,0.350,0.838/L262=0.186,0.363,1.010; peak=L260 margin=2.162; split fraction/run=0.103/8; outer edges=5/686; body=67.0+/-2.0/685.0+/-3.0; switch onset=L260; last complete picture=L259; band bottom=L262; row Y(mean/std) L22=1.363/0.481 L23=4.223/3.029 L24=4.798/3.659 L259=22.562/3.389 L260=17.436/9.467 L262=17.355/9.378",259,286,521,525,525,cv_inspected,"commercial tape; raw first pass-through row is picture; dark first band retained; raw three-third displacement L522=0.332,1.097,1.104/L523=3.137,1.199,0.795/L524=0.203,0.415,0.684/L525=0.894,0.522,0.909; peak=L523 margin=2.033; split fraction/run=0.243/35; outer edges=2/714; body=67.0+/-2.0/685.0+/-3.0; switch onset=L522; last complete picture=L521; band bottom=L525; row Y(mean/std) L285=1.378/0.485 L286=2.377/1.304 L287=10.084/1.639 L521=22.945/3.252 L522=24.964/6.876 L525=19.986/8.625",521,0,0
684,6726,23,259,262,262,cv_inspected,"commercial tape; raw first pass-through row is picture; dark first band retained; raw three-third displacement L259=0.229,0.294,0.625/L260=3.124,0.814,1.002/L261=0.233,0.318,0.950/L262=0.182,0.368,1.069; peak=L260 margin=2.055; split fraction/run=0.028/4; outer edges=7/688; body=67.0+/-2.0/686.0+/-2.0; switch onset=L260; last complete picture=L259; band bottom=L262; row Y(mean/std) L22=1.392/0.488 L23=4.639/3.458 L24=5.081/3.834 L259=22.972/3.103 L260=17.711/9.651 L262=17.438/9.497",259,286,521,525,525,cv_inspected,"commercial tape; raw first pass-through row is picture; dark first band retained; raw three-third displacement L522=0.398,0.769,0.839/L523=3.037,1.328,0.647/L524=0.206,0.354,0.646/L525=0.936,0.525,0.771; peak=L523 margin=2.102; split fraction/run=0.210/12; outer edges=1/714; body=67.0+/-2.0/685.0+/-2.0; switch onset=L522; last complete picture=L521; band bottom=L525; row Y(mean/std) L285=1.372/0.483 L286=2.298/1.214 L287=10.181/1.605 L521=23.933/3.085 L522=23.223/6.967 L525=20.142/8.400",521,0,0
685,6727,23,259,262,262,cv_inspected,"commercial tape; raw first pass-through row is picture; dark first band retained; raw three-third displacement L259=0.325,0.343,0.905/L260=3.001,0.726,1.517/L261=0.181,0.269,0.784/L262=0.131,0.393,1.128; peak=L260 margin=1.873; split fraction/run=0.056/6; outer edges=3/684; body=67.0+/-2.0/685.0+/-2.5; switch onset=L260; last complete picture=L259; band bottom=L262; row Y(mean/std) L22=1.373/0.484 L23=4.692/3.187 L24=5.180/3.780 L259=23.422/3.334 L260=17.817/9.409 L262=17.834/9.686",259,286,521,525,525,cv_inspected,"commercial tape; raw first pass-through row is picture; dark first band retained; raw three-third displacement L522=0.386,2.654,0.799/L523=3.105,2.717,0.778/L524=0.203,0.310,0.790/L525=0.928,0.451,0.690; peak=L523 margin=0.452; split fraction/run=0.258/28; outer edges=0/714; body=67.0+/-2.0/685.0+/-3.0; switch onset=L522; last complete picture=L521; band bottom=L525; row Y(mean/std) L285=1.384/0.486 L286=1.977/1.037 L287=9.955/2.059 L521=22.580/2.992 L522=26.877/18.955 L525=19.339/8.038",521,0,0
686,6728,23,259,262,262,cv_inspected,"commercial tape; raw first pass-through row is picture; dark first band retained; raw three-third displacement L259=0.244,0.344,0.662/L260=3.079,0.729,1.143/L261=0.156,0.302,0.662/L262=0.196,0.431,1.004; peak=L260 margin=2.075; split fraction/run=0.051/4; outer edges=5/688; body=67.0+/-2.0/685.0+/-3.0; switch onset=L260; last complete picture=L259; band bottom=L262; row Y(mean/std) L22=1.381/0.486 L23=4.195/2.971 L24=4.722/3.480 L259=23.550/3.099 L260=17.884/9.430 L262=16.148/8.643",259,286,521,525,525,cv_inspected,"commercial tape; raw first pass-through row is picture; dark first band retained; raw three-third displacement L522=0.374,0.559,1.044/L523=3.166,1.120,1.153/L524=0.211,0.430,1.245/L525=1.025,0.607,1.051; peak=L523 margin=1.921; split fraction/run=0.210/10; outer edges=2/714; body=67.0+/-2.0/686.0+/-3.0; switch onset=L522; last complete picture=L521; band bottom=L525; row Y(mean/std) L285=1.364/0.481 L286=1.988/1.058 L287=9.417/1.697 L521=23.695/3.472 L522=22.533/4.074 L525=20.613/8.683",521,0,0
687,6729,23,259,262,262,cv_inspected,"commercial tape; raw first pass-through row is picture; dark first band retained; raw three-third displacement L259=0.317,0.360,0.651/L260=2.952,0.894,1.387/L261=0.295,0.563,0.821/L262=0.246,0.700,0.904; peak=L260 margin=2.049; split fraction/run=0.061/5; outer edges=3/686; body=67.0+/-2.0/685.0+/-2.5; switch onset=L260; last complete picture=L259; band bottom=L262; row Y(mean/std) L22=1.395/0.489 L23=5.025/3.586 L24=5.292/3.511 L259=22.900/3.496 L260=17.255/9.136 L262=17.023/9.238",259,286,521,525,525,cv_inspected,"commercial tape; raw first pass-through row is picture; dark first band retained; raw three-third displacement L522=0.327,0.624,1.062/L523=3.004,1.068,0.744/L524=0.160,0.364,0.749/L525=1.015,0.832,1.090; peak=L523 margin=1.913; split fraction/run=0.220/11; outer edges=2/714; body=67.0+/-2.0/685.0+/-3.0; switch onset=L522; last complete picture=L521; band bottom=L525; row Y(mean/std) L285=1.369/0.482 L286=1.930/1.102 L287=9.711/1.953 L521=23.406/3.423 L522=22.616/4.611 L525=19.181/8.297",521,0,0
688,6730,23,259,262,262,cv_inspected,"commercial tape; raw first pass-through row is picture; dark first band retained; raw three-third displacement L259=0.285,0.297,0.602/L260=2.983,0.766,1.358/L261=0.190,0.352,0.738/L262=0.171,0.350,0.919; peak=L260 margin=2.064; split fraction/run=0.042/5; outer edges=3/685; body=67.0+/-2.0/685.0+/-2.6; switch onset=L260; last complete picture=L259; band bottom=L262; row Y(mean/std) L22=1.375/0.484 L23=4.513/3.349 L24=4.533/3.444 L259=23.163/3.324 L260=17.770/9.312 L262=17.178/9.043",259,286,521,525,525,cv_inspected,"commercial tape; raw first pass-through row is picture; dark first band retained; raw three-third displacement L522=0.321,2.306,0.965/L523=3.013,2.509,0.671/L524=0.178,0.360,0.782/L525=1.041,0.509,0.798; peak=L523 margin=0.707; split fraction/run=0.229/24; outer edges=2/714; body=67.0+/-2.0/685.0+/-2.0; switch onset=L522; last complete picture=L521; band bottom=L525; row Y(mean/std) L285=1.381/0.486 L286=2.205/1.139 L287=10.105/2.005 L521=22.450/2.936 L522=25.977/18.554 L525=19.097/8.160",521,0,0
689,6731,23,259,262,262,cv_inspected,"commercial tape; raw first pass-through row is picture; dark first band retained; raw three-third displacement L259=0.322,0.327,0.831/L260=2.976,0.917,1.260/L261=0.195,0.374,0.857/L262=0.166,0.402,0.813; peak=L260 margin=2.119; split fraction/run=0.089/6; outer edges=2/686; body=67.0+/-2.0/685.0+/-3.0; switch onset=L260; last complete picture=L259; band bottom=L262; row Y(mean/std) L22=1.373/0.484 L23=3.881/2.977 L24=4.566/3.595 L259=22.716/3.210 L260=17.686/9.449 L262=17.866/9.619",259,286,521,525,525,cv_inspected,"commercial tape; raw first pass-through row is picture; dark first band retained; raw three-third displacement L522=0.348,0.796,1.133/L523=3.169,1.235,0.638/L524=0.179,0.329,0.800/L525=0.893,0.539,0.965; peak=L523 margin=2.037; split fraction/run=0.266/24; outer edges=2/714; body=67.0+/-2.0/686.0+/-3.0; switch onset=L522; last complete picture=L521; band bottom=L525; row Y(mean/std) L285=1.389/0.488 L286=2.466/1.512 L287=9.927/1.738 L521=23.850/2.987 L522=22.566/5.264 L525=19.702/8.317",521,0,0
690,6732,23,259,262,262,cv_inspected,"commercial tape; raw first pass-through row is picture; dark first band retained; raw three-third displacement L259=0.325,0.382,0.909/L260=2.935,0.854,1.604/L261=0.153,0.401,0.905/L262=0.176,0.348,0.781; peak=L260 margin=2.025; split fraction/run=0.080/4; outer edges=4/685; body=67.0+/-2.0/685.0+/-3.0; switch onset=L260; last complete picture=L259; band bottom=L262; row Y(mean/std) L22=1.408/0.491 L23=4.039/2.940 L24=4.750/3.440 L259=23.067/3.430 L260=17.180/9.197 L262=18.014/9.717",259,286,521,525,525,cv_inspected,"commercial tape; raw first pass-through row is picture; dark first band retained; raw three-third displacement L522=0.332,0.646,1.314/L523=2.945,1.283,0.969/L524=0.144,0.350,0.856/L525=0.952,0.511,0.991; peak=L523 margin=1.631; split fraction/run=0.276/23; outer edges=3/714; body=67.0+/-2.0/685.0+/-2.0; switch onset=L522; last complete picture=L521; band bottom=L525; row Y(mean/std) L285=1.366/0.482 L286=2.381/1.333 L287=10.536/2.074 L521=23.900/3.329 L522=21.994/5.119 L525=20.173/8.564",521,0,0
691,6733,23,259,262,262,cv_inspected,"commercial tape; raw first pass-through row is picture; dark first band retained; raw three-third displacement L259=0.271,0.378,0.699/L260=2.981,0.893,1.246/L261=0.192,0.393,0.894/L262=0.162,0.491,0.932; peak=L260 margin=2.049; split fraction/run=0.056/4; outer edges=3/685; body=67.0+/-2.0/685.0+/-2.4; switch onset=L260; last complete picture=L259; band bottom=L262; row Y(mean/std) L22=1.370/0.483 L23=4.508/3.187 L24=4.931/3.462 L259=23.038/3.323 L260=17.630/9.378 L262=18.078/9.554",259,286,521,525,525,cv_inspected,"commercial tape; raw first pass-through row is picture; dark first band retained; raw three-third displacement L522=0.475,1.563,1.067/L523=3.114,2.012,0.635/L524=0.237,0.406,0.640/L525=0.927,0.493,0.856; peak=L523 margin=1.551; split fraction/run=0.248/33; outer edges=5/714; body=67.0+/-2.0/685.0+/-3.0; switch onset=L522; last complete picture=L521; band bottom=L525; row Y(mean/std) L285=1.392/0.488 L286=2.127/1.395 L287=9.312/1.764 L521=22.675/3.175 L522=25.225/12.899 L525=19.666/8.293",521,0,0
692,6734,23,259,262,262,cv_inspected,"commercial tape; raw first pass-through row is picture; dark first band retained; raw three-third displacement L259=0.260,0.400,0.653/L260=2.967,0.961,1.112/L261=0.221,0.310,0.735/L262=0.163,0.384,0.852; peak=L260 margin=2.115; split fraction/run=0.056/4; outer edges=3/685; body=67.0+/-2.0/685.0+/-3.0; switch onset=L260; last complete picture=L259; band bottom=L262; row Y(mean/std) L22=1.391/0.488 L23=5.361/3.776 L24=5.333/3.685 L259=22.414/3.520 L260=17.502/9.104 L262=17.739/9.393",259,286,521,525,525,cv_inspected,"commercial tape; raw first pass-through row is picture; dark first band retained; raw three-third displacement L522=0.317,0.778,1.714/L523=3.000,1.225,1.433/L524=0.139,0.308,0.657/L525=0.859,0.437,0.683; peak=L523 margin=1.286; split fraction/run=0.206/17; outer edges=4/714; body=67.0+/-2.0/685.0+/-2.0; switch onset=L522; last complete picture=L521; band bottom=L525; row Y(mean/std) L285=1.398/0.490 L286=1.947/1.014 L287=10.323/1.927 L521=22.639/2.983 L522=21.852/11.507 L525=18.995/7.969",521,0,0
693,6735,23,259,262,262,cv_inspected,"commercial tape; raw first pass-through row is picture; dark first band retained; raw three-third displacement L259=0.278,0.401,0.628/L260=2.874,1.056,1.046/L261=0.577,0.393,0.682/L262=0.177,0.380,0.695; peak=L260 margin=2.178; split fraction/run=0.056/3; outer edges=5/686; body=67.0+/-2.0/685.0+/-2.0; switch onset=L260; last complete picture=L259; band bottom=L262; row Y(mean/std) L22=1.375/0.484 L23=4.266/3.267 L24=3.822/2.868 L259=22.822/3.328 L260=18.856/9.837 L262=17.773/9.148",259,286,521,525,525,cv_inspected,"commercial tape; raw first pass-through row is picture; dark first band retained; raw three-third displacement L522=0.353,0.260,4.696/L523=3.062,0.764,4.413/L524=0.152,0.288,0.747/L525=0.828,0.530,0.919; peak=L522 margin=0.283; split fraction/run=0.094/5; outer edges=4/639; body=67.0+/-2.0/685.0+/-2.0; switch onset=L522; last complete picture=L521; band bottom=L525; raw per-unit candidate L520 disagrees; pooled raw-row displacement of the continuous stable lock resolves L521; row Y(mean/std) L285=1.381/0.486 L286=1.902/1.011 L287=9.617/1.947 L521=22.603/3.094 L522=26.192/17.287 L525=18.642/7.710",520,0,0
694,6736,23,259,262,262,cv_inspected,"commercial tape; raw first pass-through row is picture; dark first band retained; raw three-third displacement L259=0.261,0.256,0.674/L260=3.485,0.879,1.123/L261=1.256,0.280,0.678/L262=0.213,0.356,0.897; peak=L260 margin=2.230; split fraction/run=0.023/3; outer edges=4/686; body=67.0+/-2.0/685.0+/-2.0; switch onset=L260; last complete picture=L259; band bottom=L262; row Y(mean/std) L22=1.375/0.484 L23=4.295/3.274 L24=4.412/3.326 L259=23.198/3.191 L260=20.417/18.981 L262=17.234/8.836",259,286,521,525,525,cv_inspected,"commercial tape; raw first pass-through row is picture; dark first band retained; raw three-third displacement L522=0.292,0.319,4.451/L523=3.070,0.809,4.131/L524=0.192,0.322,0.556/L525=0.929,0.492,0.770; peak=L522 margin=0.319; split fraction/run=0.160/8; outer edges=2/686; body=67.0+/-2.0/685.0+/-2.0; switch onset=L522; last complete picture=L521; band bottom=L525; row Y(mean/std) L285=1.369/0.482 L286=2.358/1.241 L287=9.903/1.713 L521=23.887/3.724 L522=26.781/16.156 L525=19.978/8.368",521,0,0
695,6737,23,259,262,262,cv_inspected,"commercial tape; raw first pass-through row is picture; dark first band retained; raw three-third displacement L259=0.373,0.369,0.687/L260=2.330,1.116,0.979/L261=1.033,0.286,1.067/L262=0.253,0.609,1.225; peak=L260 margin=1.105; split fraction/run=0.098/7; outer edges=2/685; body=67.0+/-2.0/685.0+/-2.0; switch onset=L260; last complete picture=L259; band bottom=L262; row Y(mean/std) L22=1.398/0.490 L23=4.711/3.361 L24=4.823/3.540 L259=22.142/3.250 L260=19.736/8.813 L262=16.492/8.450",259,286,521,525,525,cv_inspected,"commercial tape; raw first pass-through row is picture; dark first band retained; raw three-third displacement L522=0.272,0.295,2.242/L523=3.142,0.824,2.077/L524=0.165,0.340,0.540/L525=1.021,0.601,0.875; peak=L523 margin=0.900; split fraction/run=0.196/9; outer edges=2/714; body=67.0+/-2.0/685.0+/-3.0; switch onset=L522; last complete picture=L521; band bottom=L525; row Y(mean/std) L285=1.378/0.485 L286=2.141/1.073 L287=9.988/1.846 L521=23.128/3.111 L522=22.178/7.049 L525=18.961/8.008",521,0,0
696,6738,23,259,262,262,cv_inspected,"commercial tape; raw first pass-through row is picture; dark first band retained; raw three-third displacement L259=0.285,0.300,0.683/L260=2.250,0.972,1.102/L261=3.206,0.263,0.750/L262=0.157,0.388,0.984; peak=L261 margin=0.956; split fraction/run=0.700/50; outer edges=99/714; body=67.0+/-2.0/685.0+/-2.0; switch onset=L260; last complete picture=L259; band bottom=L262; row Y(mean/std) L22=1.384/0.486 L23=4.616/3.280 L24=4.798/3.767 L259=22.497/3.631 L260=23.983/18.061 L262=17.022/8.974",259,286,521,525,525,cv_inspected,"commercial tape; raw first pass-through row is picture; dark first band retained; raw three-third displacement L522=0.265,0.236,4.110/L523=3.013,0.826,3.842/L524=0.166,0.323,0.718/L525=0.863,0.429,0.689; peak=L522 margin=0.268; split fraction/run=0.075/3; outer edges=4/685; body=67.0+/-2.0/685.0+/-3.0; switch onset=L522; last complete picture=L521; band bottom=L525; row Y(mean/std) L285=1.367/0.482 L286=2.366/1.100 L287=9.759/1.677 L521=22.378/3.376 L522=25.337/16.195 L525=18.359/7.920",521,0,0
697,6739,23,259,262,262,cv_inspected,"commercial tape; raw first pass-through row is picture; dark first band retained; raw three-third displacement L259=0.297,0.278,0.680/L260=1.904,0.787,1.171/L261=4.004,0.271,0.608/L262=0.133,0.329,0.691; peak=L261 margin=2.100; split fraction/run=0.577/48; outer edges=1/714; body=67.0+/-2.0/685.0+/-2.5; switch onset=L260; last complete picture=L259; band bottom=L262; row Y(mean/std) L22=1.377/0.485 L23=4.069/3.121 L24=4.789/3.730 L259=22.711/3.365 L260=25.830/18.742 L262=17.345/9.040",259,286,521,525,525,cv_inspected,"commercial tape; raw first pass-through row is picture; dark first band retained; raw three-third displacement L522=0.235,0.224,2.274/L523=3.235,0.814,1.847/L524=0.136,0.341,0.591/L525=0.971,0.517,0.764; peak=L523 margin=0.960; split fraction/run=0.285/33; outer edges=3/714; body=67.0+/-2.0/685.0+/-3.0; switch onset=L522; last complete picture=L521; band bottom=L525; row Y(mean/std) L285=1.370/0.483 L286=1.981/0.962 L287=9.916/1.608 L521=22.200/3.154 L522=21.230/6.909 L525=18.878/7.916",521,0,0
698,6740,23,259,262,262,cv_inspected,"commercial tape; raw first pass-through row is picture; dark first band retained; raw three-third displacement L259=0.253,0.257,0.597/L260=0.724,0.890,1.127/L261=3.626,0.294,0.639/L262=0.133,0.366,0.875; peak=L261 margin=2.499; split fraction/run=0.601/21; outer edges=3/714; body=67.0+/-2.0/685.0+/-2.0; switch onset=L260; last complete picture=L259; band bottom=L262; row Y(mean/std) L22=1.372/0.483 L23=3.969/2.912 L24=4.564/3.552 L259=22.555/3.248 L260=24.461/6.471 L262=17.247/9.028",259,286,521,525,525,cv_inspected,"commercial tape; raw first pass-through row is picture; dark first band retained; raw three-third displacement L522=0.310,0.244,4.050/L523=3.386,0.792,4.485/L524=0.166,0.252,0.528/L525=0.951,0.537,0.520; peak=L523 margin=0.435; split fraction/run=0.037/3; outer edges=1/628; body=67.0+/-2.0/685.0+/-2.0; switch onset=L522; last complete picture=L521; band bottom=L525; row Y(mean/std) L285=1.383/0.486 L286=1.647/0.789 L287=9.645/1.516 L521=22.002/3.195 L522=26.327/19.819 L525=18.584/7.944",521,0,0
699,6741,23,259,262,262,cv_inspected,"commercial tape; raw first pass-through row is picture; dark first band retained; raw three-third displacement L259=0.286,0.338,0.645/L260=1.985,1.029,1.088/L261=4.591,0.439,0.631/L262=0.138,0.399,0.713; peak=L261 margin=2.606; split fraction/run=0.516/29; outer edges=3/714; body=67.0+/-2.0/685.0+/-2.0; switch onset=L260; last complete picture=L259; band bottom=L262; row Y(mean/std) L22=1.363/0.481 L23=4.000/2.946 L24=4.083/3.200 L259=22.945/3.243 L260=27.502/18.555 L262=17.272/8.927",259,286,521,525,525,cv_inspected,"commercial tape; raw first pass-through row is picture; dark first band retained; raw three-third displacement L522=0.267,0.290,2.208/L523=3.100,0.702,2.505/L524=0.128,0.272,0.460/L525=0.890,0.517,0.522; peak=L523 margin=0.892; split fraction/run=0.051/4; outer edges=5/666; body=67.0+/-2.0/685.0+/-2.0; switch onset=L522; last complete picture=L521; band bottom=L525; row Y(mean/std) L285=1.369/0.482 L286=2.041/1.002 L287=9.814/1.572 L521=21.144/3.368 L522=23.592/11.557 L525=18.127/7.816",521,0,0
700,6742,23,259,262,262,cv_inspected,"commercial tape; raw first pass-through row is picture; dark first band retained; raw three-third displacement L259=0.227,0.421,0.748/L260=0.428,1.135,1.078/L261=3.271,1.001,0.624/L262=0.150,0.530,0.914; peak=L261 margin=2.136; split fraction/run=0.362/30; outer edges=3/714; body=67.0+/-2.0/685.0+/-2.0; switch onset=L260; last complete picture=L259; band bottom=L262; row Y(mean/std) L22=1.380/0.485 L23=3.786/2.831 L24=3.938/3.024 L259=22.630/2.942 L260=22.475/6.439 L262=16.067/8.449",259,286,521,525,525,cv_inspected,"commercial tape; raw first pass-through row is picture; dark first band retained; raw three-third displacement L522=0.297,0.338,0.610/L523=3.084,0.730,0.832/L524=0.138,0.243,0.544/L525=0.963,0.367,0.701; peak=L523 margin=2.121; split fraction/run=0.112/5; outer edges=4/714; body=67.0+/-2.0/685.0+/-2.0; switch onset=L522; last complete picture=L521; band bottom=L525; row Y(mean/std) L285=1.370/0.483 L286=1.778/0.801 L287=9.438/1.245 L521=22.933/3.428 L522=22.498/3.477 L525=19.377/8.447",521,0,0
701,6743,23,259,262,262,cv_inspected,"commercial tape; raw first pass-through row is picture; dark first band retained; raw three-third displacement L259=0.243,0.295,0.635/L260=0.229,0.742,1.418/L261=3.082,0.744,0.749/L262=0.131,0.362,0.824; peak=L261 margin=1.664; split fraction/run=0.324/31; outer edges=3/714; body=67.0+/-2.0/686.0+/-2.5; switch onset=L260; last complete picture=L259; band bottom=L262; row Y(mean/std) L22=1.378/0.485 L23=3.987/3.053 L24=4.155/3.198 L259=22.945/3.283 L260=22.698/4.307 L262=17.302/9.092",259,286,521,525,525,cv_inspected,"commercial tape; raw first pass-through row is picture; dark first band retained; raw three-third displacement L522=0.310,0.274,0.537/L523=3.455,0.761,0.903/L524=0.148,0.271,0.644/L525=0.861,0.577,0.690; peak=L523 margin=2.594; split fraction/run=0.047/2; outer edges=4/684; body=67.0+/-2.0/686.0+/-3.0; switch onset=L522; last complete picture=L521; band bottom=L525; raw per-unit candidate L522 disagrees; pooled raw-row displacement of the continuous stable lock resolves L521; row Y(mean/std) L285=1.364/0.481 L286=1.805/0.865 L287=8.811/1.351 L521=22.900/3.173 L522=23.489/3.397 L525=18.353/7.986",522,0,0
702,6744,23,259,262,262,cv_inspected,"commercial tape; raw first pass-through row is picture; dark first band retained; raw three-third displacement L259=0.235,0.238,0.580/L260=0.274,0.744,1.017/L261=3.009,0.810,0.578/L262=0.134,0.295,0.595; peak=L261 margin=1.992; split fraction/run=0.282/28; outer edges=4/714; body=67.0+/-2.0/685.0+/-3.0; switch onset=L260; last complete picture=L259; band bottom=L262; row Y(mean/std) L22=1.381/0.486 L23=3.977/3.009 L24=4.209/3.172 L259=22.722/3.393 L260=22.512/4.616 L262=18.259/9.490",259,286,521,525,525,cv_inspected,"commercial tape; raw first pass-through row is picture; dark first band retained; raw three-third displacement L522=0.299,0.235,0.491/L523=3.244,0.560,1.003/L524=0.137,0.320,0.633/L525=0.160,0.290,0.713; peak=L523 margin=2.531; split fraction/run=0.047/6; outer edges=4/684; body=67.0+/-2.0/685.0+/-2.0; switch onset=L522; last complete picture=L521; band bottom=L525; raw per-unit candidate L522 disagrees; pooled raw-row displacement of the continuous stable lock resolves L521; row Y(mean/std) L285=1.375/0.484 L286=1.891/0.861 L287=9.197/1.329 L521=22.578/2.918 L522=22.959/2.917 L525=17.439/9.222",522,0,0
703,6745,23,259,262,262,cv_inspected,"commercial tape; raw first pass-through row is picture; dark first band retained; raw three-third displacement L259=0.257,0.294,0.686/L260=0.297,0.904,1.040/L261=2.962,0.744,0.484/L262=0.150,0.304,0.655; peak=L261 margin=1.922; split fraction/run=0.385/44; outer edges=2/714; body=67.0+/-2.0/685.0+/-2.0; switch onset=L260; last complete picture=L259; band bottom=L262; row Y(mean/std) L22=1.359/0.480 L23=4.042/2.971 L24=4.241/3.256 L259=22.722/3.107 L260=23.558/4.493 L262=18.089/9.395",259,286,521,525,525,cv_inspected,"commercial tape; raw first pass-through row is picture; dark first band retained; raw three-third displacement L522=0.265,0.274,0.547/L523=3.381,0.899,0.893/L524=0.223,0.314,0.659/L525=0.163,0.318,0.902; peak=L523 margin=2.479; split fraction/run=0.028/2; outer edges=9/691; body=67.0+/-2.0/685.0+/-2.0; switch onset=L522; last complete picture=L521; band bottom=L525; row Y(mean/std) L285=1.366/0.482 L286=1.753/0.795 L287=8.833/1.331 L521=22.613/3.158 L522=22.334/3.290 L525=17.627/9.419",521,0,0
704,6746,23,259,262,262,cv_inspected,"commercial tape; raw first pass-through row is picture; dark first band retained; raw three-third displacement L259=0.275,0.277,0.681/L260=0.226,1.471,1.002/L261=3.010,1.458,0.714/L262=0.164,0.344,0.822; peak=L261 margin=1.539; split fraction/run=0.300/55; outer edges=5/714; body=67.0+/-2.0/685.0+/-2.0; switch onset=L260; last complete picture=L259; band bottom=L262; row Y(mean/std) L22=1.381/0.486 L23=4.062/3.014 L24=4.181/3.254 L259=22.216/3.235 L260=24.027/9.103 L262=16.975/8.829",259,286,521,525,525,cv_inspected,"commercial tape; raw first pass-through row is picture; dark first band retained; raw three-third displacement L522=0.246,0.230,0.497/L523=3.252,0.860,0.918/L524=0.156,0.286,0.602/L525=0.129,0.272,0.706; peak=L523 margin=2.546; split fraction/run=0.028/4; outer edges=4/685; body=67.0+/-2.0/685.0+/-2.0; switch onset=L522; last complete picture=L521; band bottom=L525; raw per-unit candidate L522 disagrees; pooled raw-row displacement of the continuous stable lock resolves L521; row Y(mean/std) L285=1.386/0.487 L286=1.695/0.762 L287=9.567/1.421 L521=22.627/3.078 L522=22.972/3.333 L525=18.117/9.628",522,0,0
705,6747,23,259,262,262,cv_inspected,"commercial tape; raw first pass-through row is picture; dark first band retained; raw three-third displacement L259=0.249,0.326,0.602/L260=0.263,0.986,1.002/L261=2.921,1.326,0.617/L262=0.183,0.433,0.773; peak=L261 margin=1.919; split fraction/run=0.206/21; outer edges=4/714; body=67.0+/-2.0/685.0+/-3.0; switch onset=L260; last complete picture=L259; band bottom=L262; row Y(mean/std) L22=1.383/0.486 L23=4.230/3.183 L24=4.237/3.310 L259=21.995/3.196 L260=22.969/5.925 L262=18.200/9.360",259,286,521,525,525,cv_inspected,"commercial tape; raw first pass-through row is picture; dark first band retained; raw three-third displacement L522=0.255,0.250,0.540/L523=3.207,0.873,0.966/L524=0.162,0.321,0.476/L525=0.145,0.258,0.546; peak=L523 margin=2.662; split fraction/run=0.023/2; outer edges=3/684; body=67.0+/-2.0/685.0+/-3.0; switch onset=L522; last complete picture=L521; band bottom=L525; raw per-unit candidate L522 disagrees; pooled raw-row displacement of the continuous stable lock resolves L521; row Y(mean/std) L285=1.380/0.485 L286=1.834/0.856 L287=10.002/1.268 L521=22.762/3.139 L522=22.712/3.203 L525=17.606/9.298",522,0,0
706,6748,23,259,262,262,cv_inspected,"commercial tape; raw first pass-through row is picture; dark first band retained; raw three-third displacement L259=0.282,0.229,0.579/L260=0.272,0.826,1.002/L261=2.937,1.238,0.818/L262=0.158,0.318,0.694; peak=L261 margin=1.935; split fraction/run=0.182/9; outer edges=4/714; body=67.0+/-2.0/685.0+/-2.0; switch onset=L260; last complete picture=L259; band bottom=L262; row Y(mean/std) L22=1.377/0.485 L23=3.798/2.874 L24=3.723/2.891 L259=22.409/2.937 L260=21.817/6.617 L262=17.352/8.868",259,286,521,525,525,cv_inspected,"commercial tape; raw first pass-through row is picture; dark first band retained; raw three-third displacement L522=0.264,0.346,0.468/L523=2.966,1.069,0.819/L524=0.121,0.289,0.527/L525=0.160,0.380,0.490; peak=L523 margin=2.439; split fraction/run=0.019/4; outer edges=3/684; body=67.0+/-2.0/685.0+/-3.0; switch onset=L522; last complete picture=L521; band bottom=L525; raw per-unit candidate L522 disagrees; pooled raw-row displacement of the continuous stable lock resolves L521; row Y(mean/std) L285=1.370/0.483 L286=1.608/0.697 L287=9.977/1.229 L521=22.434/3.041 L522=21.864/3.310 L525=16.906/8.904",522,0,0
707,6749,23,259,262,262,cv_inspected,"commercial tape; raw first pass-through row is picture; dark first band retained; raw three-third displacement L259=0.272,0.294,0.559/L260=0.275,0.301,0.970/L261=3.001,0.866,0.607/L262=0.129,0.300,0.513; peak=L261 margin=2.031; split fraction/run=0.196/15; outer edges=4/714; body=67.0+/-2.0/686.0+/-3.0; switch onset=L260; last complete picture=L259; band bottom=L262; row Y(mean/std) L22=1.370/0.483 L23=4.120/3.140 L24=3.942/3.035 L259=22.677/3.170 L260=22.833/3.645 L262=18.358/9.418",259,286,521,525,525,cv_inspected,"commercial tape; raw first pass-through row is picture; dark first band retained; raw three-third displacement L522=0.243,0.296,0.432/L523=2.936,0.982,0.796/L524=1.644,0.299,0.463/L525=0.142,0.323,0.509; peak=L523 margin=1.292; split fraction/run=0.019/1; outer edges=4/683; body=67.0+/-2.0/685.0+/-3.0; switch onset=L522; last complete picture=L521; band bottom=L525; raw per-unit candidate L522 disagrees; pooled raw-row displacement of the continuous stable lock resolves L521; row Y(mean/std) L285=1.377/0.485 L286=1.997/0.919 L287=10.200/1.271 L521=22.472/3.198 L522=22.552/3.295 L525=17.780/9.544",522,0,0
708,6750,23,259,262,262,cv_inspected,"commercial tape; raw first pass-through row is picture; dark first band retained; raw three-third displacement L259=0.250,0.301,0.536/L260=0.244,0.283,1.234/L261=2.785,0.967,0.894/L262=0.117,0.362,0.471; peak=L261 margin=1.551; split fraction/run=0.234/13; outer edges=2/714; body=67.0+/-2.0/685.0+/-3.0; switch onset=L260; last complete picture=L259; band bottom=L262; row Y(mean/std) L22=1.366/0.482 L23=3.719/2.749 L24=4.227/3.199 L259=22.591/3.289 L260=22.870/3.703 L262=18.106/9.269",259,286,521,525,525,cv_inspected,"commercial tape; raw first pass-through row is picture; dark first band retained; raw three-third displacement L522=0.233,0.284,0.578/L523=1.681,1.033,0.843/L524=2.660,0.265,0.425/L525=0.126,0.334,0.565; peak=L524 margin=0.979; split fraction/run=0.714/63; outer edges=112/714; body=67.0+/-2.0/685.0+/-3.0; switch onset=L522; last complete picture=L521; band bottom=L525; raw per-unit candidate L522 disagrees; pooled raw-row displacement of the continuous stable lock resolves L521; row Y(mean/std) L285=1.384/0.486 L286=2.114/0.978 L287=10.123/1.223 L521=22.703/3.263 L522=22.678/3.217 L525=17.683/9.628",522,0,0
709,6751,23,259,262,262,cv_inspected,"commercial tape; raw first pass-through row is picture; dark first band retained; raw three-third displacement L259=0.227,0.323,0.504/L260=0.269,0.259,4.272/L261=2.711,0.820,3.977/L262=0.163,0.347,0.443; peak=L260 margin=0.295; split fraction/run=0.070/4; outer edges=3/685; body=67.0+/-2.0/685.0+/-3.0; switch onset=L260; last complete picture=L259; band bottom=L262; row Y(mean/std) L22=1.386/0.487 L23=3.759/2.818 L24=4.062/3.138 L259=22.983/3.305 L260=26.208/16.469 L262=18.427/9.394",259,286,521,525,525,cv_inspected,"commercial tape; raw first pass-through row is picture; dark first band retained; raw three-third displacement L522=0.315,0.286,0.509/L523=1.223,0.955,0.754/L524=2.097,0.272,0.375/L525=0.124,0.275,0.458; peak=L524 margin=0.874; split fraction/run=0.685/65; outer edges=4/714; body=67.0+/-2.0/685.0+/-3.0; switch onset=L522; last complete picture=L521; band bottom=L525; raw per-unit candidate L522 disagrees; pooled raw-row displacement of the continuous stable lock resolves L521; row Y(mean/std) L285=1.359/0.480 L286=1.928/0.912 L287=9.620/1.317 L521=22.178/2.944 L522=22.970/3.098 L525=17.166/9.254",522,0,0
710,6752,23,259,262,262,cv_inspected,"commercial tape; raw first pass-through row is picture; dark first band retained; raw three-third displacement L259=0.236,0.317,0.473/L260=0.195,0.383,4.875/L261=2.694,0.890,4.561/L262=0.157,0.364,0.545; peak=L260 margin=0.314; split fraction/run=0.080/6; outer edges=4/686; body=67.0+/-2.0/685.0+/-3.0; switch onset=L260; last complete picture=L259; band bottom=L262; row Y(mean/std) L22=1.352/0.477 L23=3.506/2.588 L24=3.984/3.080 L259=23.052/3.037 L260=26.875/19.917 L262=17.772/8.973",259,286,521,525,525,cv_inspected,"commercial tape; raw first pass-through row is picture; dark first band retained; raw three-third displacement L522=0.302,0.204,0.459/L523=1.191,0.818,0.732/L524=4.027,0.240,0.408/L525=0.121,0.252,0.446; peak=L524 margin=2.836; split fraction/run=0.695/25; outer edges=3/714; body=67.0+/-2.0/685.0+/-2.6; switch onset=L522; last complete picture=L521; band bottom=L525; raw per-unit candidate L522 disagrees; pooled raw-row displacement of the continuous stable lock resolves L521; row Y(mean/std) L285=1.373/0.484 L286=1.806/0.848 L287=9.427/1.393 L521=22.141/3.211 L522=22.453/3.053 L525=17.336/9.349",522,0,0
711,6753,23,259,262,262,cv_inspected,"commercial tape; raw first pass-through row is picture; dark first band retained; raw three-third displacement L259=0.232,0.371,0.597/L260=0.223,0.320,2.025/L261=2.527,1.100,1.570/L262=0.130,0.480,0.758; peak=L261 margin=0.502; split fraction/run=0.262/23; outer edges=3/714; body=67.0+/-2.0/686.0+/-3.0; switch onset=L260; last complete picture=L259; band bottom=L262; row Y(mean/std) L22=1.378/0.485 L23=3.517/2.625 L24=3.836/3.018 L259=23.523/3.328 L260=21.967/5.533 L262=18.800/9.487",259,286,521,525,525,cv_inspected,"commercial tape; raw first pass-through row is picture; dark first band retained; raw three-third displacement L522=0.312,0.236,0.485/L523=0.748,1.058,0.785/L524=3.335,0.312,0.401/L525=0.143,0.340,0.534; peak=L524 margin=2.277; split fraction/run=0.704/32; outer edges=2/714; body=67.0+/-2.0/686.0+/-3.0; switch onset=L522; last complete picture=L521; band bottom=L525; raw per-unit candidate L522 disagrees; pooled raw-row displacement of the continuous stable lock resolves L521; row Y(mean/std) L285=1.372/0.483 L286=1.936/0.969 L287=10.192/1.392 L521=23.161/3.327 L522=23.595/3.400 L525=18.481/10.240",522,0,0
712,6754,23,259,262,262,cv_inspected,"commercial tape; raw first pass-through row is picture; dark first band retained; raw three-third displacement L259=0.235,0.250,0.497/L260=0.250,0.216,2.053/L261=2.749,0.746,1.660/L262=0.163,0.309,0.520; peak=L261 margin=0.696; split fraction/run=0.252/26; outer edges=3/714; body=67.0+/-2.0/686.0+/-2.0; switch onset=L260; last complete picture=L259; band bottom=L262; row Y(mean/std) L22=1.363/0.481 L23=3.911/2.975 L24=4.259/3.344 L259=23.509/3.128 L260=22.244/6.586 L262=18.505/9.081",259,286,521,525,525,cv_inspected,"commercial tape; raw first pass-through row is picture; dark first band retained; raw three-third displacement L522=0.230,0.241,0.362/L523=2.831,0.757,0.735/L524=1.999,0.251,0.428/L525=0.135,0.307,0.535; peak=L523 margin=0.831; split fraction/run=0.028/4; outer edges=5/686; body=67.0+/-2.0/685.0+/-3.0; switch onset=L522; last complete picture=L521; band bottom=L525; raw per-unit candidate L522 disagrees; pooled raw-row displacement of the continuous stable lock resolves L521; row Y(mean/std) L285=1.381/0.486 L286=2.148/1.010 L287=10.186/1.359 L521=22.863/2.970 L522=22.622/3.070 L525=17.406/9.363",522,0,0
713,6755,23,259,262,262,cv_inspected,"commercial tape; raw first pass-through row is picture; dark first band retained; raw three-third displacement L259=0.269,0.272,0.622/L260=0.275,0.618,1.407/L261=3.007,1.170,1.135/L262=0.159,0.347,0.512; peak=L261 margin=1.600; split fraction/run=0.215/18; outer edges=3/714; body=67.0+/-2.0/685.0+/-3.0; switch onset=L260; last complete picture=L259; band bottom=L262; row Y(mean/std) L22=1.380/0.485 L23=3.673/2.773 L24=4.066/3.360 L259=23.706/2.991 L260=22.969/5.631 L262=18.614/9.704",259,286,521,525,525,cv_inspected,"commercial tape; raw first pass-through row is picture; dark first band retained; raw three-third displacement L522=0.270,0.291,0.575/L523=3.401,1.019,0.886/L524=0.204,0.347,0.559/L525=0.145,0.373,0.614; peak=L523 margin=2.787; split fraction/run=0.033/4; outer edges=4/686; body=67.0+/-2.0/686.0+/-2.0; switch onset=L522; last complete picture=L521; band bottom=L525; raw per-unit candidate L522 disagrees; pooled raw-row displacement of the continuous stable lock resolves L521; row Y(mean/std) L285=1.358/0.479 L286=1.892/0.889 L287=9.989/1.312 L521=23.598/3.131 L522=23.739/3.492 L525=17.489/9.407",522,0,0
714,6756,23,259,262,262,cv_inspected,"commercial tape; raw first pass-through row is picture; dark first band retained; raw three-third displacement L259=0.330,0.222,0.700/L260=0.305,2.855,1.085/L261=3.028,3.234,0.721/L262=0.165,0.343,0.728; peak=L261 margin=0.379; split fraction/run=0.224/22; outer edges=2/714; body=67.0+/-2.0/686.0+/-2.0; switch onset=L260; last complete picture=L259; band bottom=L262; row Y(mean/std) L22=1.353/0.478 L23=4.200/3.266 L24=4.211/3.350 L259=22.444/2.915 L260=26.919/20.875 L262=17.592/9.042",259,286,521,525,525,cv_inspected,"commercial tape; raw first pass-through row is picture; dark first band retained; raw three-third displacement L522=0.249,0.311,0.597/L523=3.444,1.135,0.816/L524=0.180,0.314,0.474/L525=0.160,0.353,0.539; peak=L523 margin=2.847; split fraction/run=0.051/4; outer edges=6/687; body=67.0+/-2.0/685.0+/-2.0; switch onset=L522; last complete picture=L521; band bottom=L525; raw per-unit candidate L522 disagrees; pooled raw-row displacement of the continuous stable lock resolves L521; row Y(mean/std) L285=1.383/0.486 L286=1.816/0.861 L287=9.903/1.156 L521=23.316/3.447 L522=23.414/3.589 L525=18.558/9.974",522,0,0
715,6757,23,259,262,262,cv_inspected,"commercial tape; raw first pass-through row is picture; dark first band retained; raw three-third displacement L259=0.293,0.236,0.544/L260=0.309,2.810,0.836/L261=3.114,2.749,0.593/L262=0.133,0.348,0.781; peak=L261 margin=0.305; split fraction/run=0.376/27; outer edges=2/714; body=67.0+/-2.0/685.0+/-2.4; switch onset=L260; last complete picture=L259; band bottom=L262; row Y(mean/std) L22=1.395/0.489 L23=4.008/3.049 L24=4.478/3.487 L259=22.869/3.076 L260=26.981/17.712 L262=18.581/9.697",259,286,521,525,525,cv_inspected,"commercial tape; raw first pass-through row is picture; dark first band retained; raw three-third displacement L522=0.343,0.315,0.466/L523=3.514,0.732,1.505/L524=0.148,0.363,0.691/L525=0.140,0.426,0.859; peak=L523 margin=2.656; split fraction/run=0.033/1; outer edges=5/687; body=67.0+/-2.0/685.0+/-2.0; switch onset=L522; last complete picture=L521; band bottom=L525; raw per-unit candidate L522 disagrees; pooled raw-row displacement of the continuous stable lock resolves L521; row Y(mean/std) L285=1.366/0.482 L286=1.572/0.692 L287=9.714/1.238 L521=23.198/3.002 L522=23.770/3.413 L525=15.786/8.538",522,0,0
716,6758,23,259,262,262,cv_inspected,"commercial tape; raw first pass-through row is picture; dark first band retained; raw three-third displacement L259=0.292,0.282,0.670/L260=0.278,1.639,0.915/L261=3.174,1.513,0.617/L262=0.159,0.353,0.763; peak=L261 margin=1.535; split fraction/run=0.408/59; outer edges=1/714; body=67.0+/-2.0/685.0+/-3.0; switch onset=L260; last complete picture=L259; band bottom=L262; row Y(mean/std) L22=1.392/0.488 L23=3.450/2.501 L24=4.019/3.192 L259=22.989/3.078 L260=25.369/9.769 L262=17.550/9.141",259,286,521,525,525,cv_inspected,"commercial tape; raw first pass-through row is picture; dark first band retained; raw three-third displacement L522=0.349,0.247,0.534/L523=3.697,1.101,1.086/L524=0.161,0.404,0.658/L525=1.107,0.474,0.732; peak=L523 margin=2.590; split fraction/run=0.019/2; outer edges=3/684; body=67.0+/-2.0/685.0+/-2.0; switch onset=L522; last complete picture=L521; band bottom=L525; raw per-unit candidate L522 disagrees; pooled raw-row displacement of the continuous stable lock resolves L521; row Y(mean/std) L285=1.383/0.486 L286=2.008/1.013 L287=9.900/1.260 L521=23.989/3.034 L522=24.061/3.665 L525=20.525/8.803",522,0,0
717,6759,23,259,262,262,cv_inspected,"commercial tape; raw first pass-through row is picture; dark first band retained; raw three-third displacement L259=0.291,0.317,0.642/L260=0.302,1.090,1.004/L261=3.345,0.914,0.513/L262=0.137,0.313,0.705; peak=L261 margin=2.255; split fraction/run=0.385/37; outer edges=3/714; body=67.0+/-2.0/686.0+/-3.0; switch onset=L260; last complete picture=L259; band bottom=L262; row Y(mean/std) L22=1.367/0.482 L23=3.636/2.623 L24=4.089/3.220 L259=23.198/3.192 L260=23.242/5.277 L262=18.019/9.496",259,286,521,525,525,cv_inspected,"commercial tape; raw first pass-through row is picture; dark first band retained; raw three-third displacement L522=0.345,0.325,0.492/L523=3.652,1.073,0.945/L524=0.152,0.334,0.569/L525=1.089,0.518,0.613; peak=L523 margin=2.564; split fraction/run=0.028/5; outer edges=3/701; body=67.0+/-2.0/685.0+/-2.0; switch onset=L522; last complete picture=L521; band bottom=L525; row Y(mean/std) L285=1.369/0.482 L286=1.930/1.012 L287=9.438/1.290 L521=23.564/2.844 L522=23.831/3.127 L525=19.061/8.571",521,0,0
718,6760,23,259,262,262,cv_inspected,"commercial tape; raw first pass-through row is picture; dark first band retained; raw three-third displacement L259=0.292,0.313,0.721/L260=0.280,1.206,1.206/L261=3.181,1.009,0.563/L262=0.124,0.398,0.757; peak=L261 margin=1.975; split fraction/run=0.423/26; outer edges=3/714; body=67.0+/-2.0/685.0+/-2.0; switch onset=L260; last complete picture=L259; band bottom=L262; row Y(mean/std) L22=1.369/0.482 L23=3.794/2.930 L24=4.312/3.391 L259=22.980/3.006 L260=22.470/5.582 L262=17.292/9.110",259,286,521,525,525,cv_inspected,"commercial tape; raw first pass-through row is picture; dark first band retained; raw three-third displacement L522=0.279,0.342,0.437/L523=3.418,1.026,0.935/L524=0.158,0.306,0.540/L525=0.964,0.456,0.739; peak=L523 margin=2.454; split fraction/run=0.023/2; outer edges=2/714; body=67.0+/-2.0/685.0+/-2.0; switch onset=L522; last complete picture=L521; band bottom=L525; row Y(mean/std) L285=1.372/0.483 L286=1.858/0.900 L287=9.473/1.224 L521=24.248/3.547 L522=23.809/3.392 L525=19.342/8.485",521,0,0
719,6761,23,259,262,262,cv_inspected,"commercial tape; raw first pass-through row is picture; dark first band retained; raw three-third displacement L259=0.312,0.260,0.704/L260=0.638,0.957,1.087/L261=3.672,0.548,0.583/L262=0.150,0.284,0.815; peak=L261 margin=2.586; split fraction/run=0.507/45; outer edges=3/714; body=67.0+/-2.0/685.0+/-2.0; switch onset=L260; last complete picture=L259; band bottom=L262; row Y(mean/std) L22=1.400/0.490 L23=3.892/2.928 L24=4.525/3.528 L259=23.039/2.998 L260=22.955/5.908 L262=17.536/9.465",259,286,521,525,525,cv_inspected,"commercial tape; raw first pass-through row is picture; dark first band retained; raw three-third displacement L522=0.244,0.255,1.016/L523=3.422,1.000,1.174/L524=0.175,0.307,0.725/L525=0.963,0.449,0.801; peak=L523 margin=2.406; split fraction/run=0.103/20; outer edges=2/657; body=67.0+/-2.0/685.0+/-2.0; switch onset=L522; last complete picture=L521; band bottom=L525; row Y(mean/std) L285=1.378/0.485 L286=1.688/0.819 L287=9.236/1.408 L521=24.123/3.088 L522=23.756/4.181 L525=19.747/8.513",521,0,0
720,6762,23,259,262,262,cv_inspected,"commercial tape; raw first pass-through row is picture; dark first band retained; raw three-third displacement L259=0.290,0.302,0.621/L260=1.632,1.313,0.986/L261=4.466,0.558,0.697/L262=0.170,0.436,0.800; peak=L261 margin=2.834; split fraction/run=0.685/24; outer edges=3/714; body=67.0+/-2.0/685.0+/-2.0; switch onset=L260; last complete picture=L259; band bottom=L262; row Y(mean/std) L22=1.369/0.482 L23=3.736/2.754 L24=4.150/3.269 L259=22.742/3.060 L260=27.325/15.783 L262=17.617/9.498",259,286,521,525,525,cv_inspected,"commercial tape; raw first pass-through row is picture; dark first band retained; raw three-third displacement L522=0.322,0.265,2.326/L523=3.354,0.924,2.874/L524=0.134,0.359,0.554/L525=0.950,0.465,0.740; peak=L523 margin=1.027; split fraction/run=0.042/5; outer edges=2/668; body=67.0+/-2.0/685.0+/-2.0; switch onset=L522; last complete picture=L521; band bottom=L525; row Y(mean/std) L285=1.361/0.480 L286=1.842/0.849 L287=9.620/1.377 L521=23.375/3.202 L522=25.180/12.969 L525=19.206/8.474",521,0,0
721,6763,23,259,262,262,cv_inspected,"commercial tape; raw first pass-through row is picture; dark first band retained; raw three-third displacement L259=0.279,0.327,0.587/L260=0.593,1.060,1.115/L261=3.533,0.532,0.670/L262=0.207,0.337,0.858; peak=L261 margin=2.418; split fraction/run=0.577/44; outer edges=1/714; body=67.0+/-2.0/686.0+/-2.5; switch onset=L260; last complete picture=L259; band bottom=L262; row Y(mean/std) L22=1.380/0.485 L23=3.570/2.595 L24=4.095/3.207 L259=22.637/3.249 L260=22.906/5.424 L262=18.136/9.519",259,286,521,525,525,cv_inspected,"commercial tape; raw first pass-through row is picture; dark first band retained; raw three-third displacement L522=0.290,0.332,1.808/L523=3.524,0.968,2.367/L524=0.192,0.306,0.584/L525=1.097,0.516,0.589; peak=L523 margin=1.716; split fraction/run=0.042/4; outer edges=2/670; body=67.0+/-2.0/685.0+/-2.0; switch onset=L522; last complete picture=L521; band bottom=L525; row Y(mean/std) L285=1.375/0.484 L286=2.109/1.037 L287=9.661/1.260 L521=22.825/3.248 L522=24.166/9.895 L525=19.081/8.274",521,0,0
722,6764,23,259,262,262,cv_inspected,"commercial tape; raw first pass-through row is picture; dark first band retained; raw three-third displacement L259=0.285,0.308,0.639/L260=1.954,1.456,1.121/L261=4.957,0.715,0.624/L262=0.163,0.331,0.710; peak=L261 margin=3.003; split fraction/run=0.638/38; outer edges=2/714; body=67.0+/-2.0/685.0+/-2.0; switch onset=L260; last complete picture=L259; band bottom=L262; row Y(mean/std) L22=1.394/0.489 L23=4.081/3.073 L24=4.027/3.085 L259=23.431/3.052 L260=28.777/20.429 L262=18.059/9.595",259,286,521,525,525,cv_inspected,"commercial tape; raw first pass-through row is picture; dark first band retained; raw three-third displacement L522=0.229,0.249,0.576/L523=3.294,0.883,0.998/L524=0.163,0.279,0.695/L525=1.001,0.464,0.840; peak=L523 margin=2.294; split fraction/run=0.028/3; outer edges=2/684; body=67.0+/-2.0/685.0+/-2.0; switch onset=L522; last complete picture=L521; band bottom=L525; raw per-unit candidate L522 disagrees; pooled raw-row displacement of the continuous stable lock resolves L521; row Y(mean/std) L285=1.369/0.482 L286=2.000/0.983 L287=9.944/1.358 L521=22.875/2.958 L522=22.775/3.104 L525=18.669/8.179",522,0,0
723,6765,23,259,262,262,cv_inspected,"commercial tape; raw first pass-through row is picture; dark first band retained; raw three-third displacement L259=0.250,0.273,0.604/L260=0.676,1.239,0.880/L261=3.250,0.453,0.651/L262=0.199,0.418,0.775; peak=L261 margin=2.011; split fraction/run=0.718/57; outer edges=2/714; body=67.0+/-2.0/685.0+/-2.0; switch onset=L260; last complete picture=L259; band bottom=L262; row Y(mean/std) L22=1.377/0.485 L23=4.078/3.010 L24=4.528/3.348 L259=22.238/2.996 L260=25.077/6.054 L262=18.658/9.668",259,286,521,525,525,cv_inspected,"commercial tape; raw first pass-through row is picture; dark first band retained; raw three-third displacement L522=0.210,0.286,1.239/L523=3.305,0.917,1.549/L524=0.154,0.351,0.636/L525=1.072,0.507,0.684; peak=L523 margin=2.066; split fraction/run=0.051/5; outer edges=2/680; body=67.0+/-2.0/685.0+/-2.0; switch onset=L522; last complete picture=L521; band bottom=L525; row Y(mean/std) L285=1.369/0.482 L286=1.931/0.971 L287=9.344/1.470 L521=23.184/3.002 L522=23.522/9.664 L525=19.594/8.603",521,0,0
724,6766,23,259,262,262,cv_inspected,"commercial tape; raw first pass-through row is picture; dark first band retained; raw three-third displacement L259=0.263,0.330,0.578/L260=0.427,1.185,1.002/L261=3.502,0.691,0.627/L262=0.144,0.375,0.888; peak=L261 margin=2.318; split fraction/run=0.563/34; outer edges=3/714; body=67.0+/-2.0/685.0+/-2.0; switch onset=L260; last complete picture=L259; band bottom=L262; row Y(mean/std) L22=1.369/0.482 L23=4.567/3.241 L24=4.700/3.473 L259=22.531/3.064 L260=23.062/5.322 L262=18.309/9.642",259,286,521,525,525,cv_inspected,"commercial tape; raw first pass-through row is picture; dark first band retained; raw three-third displacement L522=0.262,0.240,0.534/L523=3.336,0.914,1.004/L524=0.192,0.336,0.527/L525=0.989,0.526,0.861; peak=L523 margin=2.347; split fraction/run=0.023/1; outer edges=3/685; body=67.0+/-2.0/685.0+/-2.0; switch onset=L522; last complete picture=L521; band bottom=L525; raw per-unit candidate L522 disagrees; pooled raw-row displacement of the continuous stable lock resolves L521; row Y(mean/std) L285=1.366/0.482 L286=1.983/0.919 L287=9.658/1.443 L521=23.003/3.066 L522=22.889/3.117 L525=19.595/8.500",522,0,0
725,6767,23,259,262,262,cv_inspected,"commercial tape; raw first pass-through row is picture; dark first band retained; raw three-third displacement L259=0.265,0.270,0.611/L260=1.593,1.945,1.068/L261=4.367,1.196,0.609/L262=0.171,0.316,0.635; peak=L261 margin=2.422; split fraction/run=0.709/53; outer edges=2/714; body=67.0+/-2.0/685.0+/-2.0; switch onset=L260; last complete picture=L259; band bottom=L262; row Y(mean/std) L22=1.373/0.484 L23=4.292/2.997 L24=4.475/3.281 L259=22.506/3.116 L260=27.944/20.675 L262=17.775/9.446",259,286,521,525,525,cv_inspected,"commercial tape; raw first pass-through row is picture; dark first band retained; raw three-third displacement L522=0.282,0.310,0.610/L523=3.244,0.995,1.034/L524=0.187,0.325,0.823/L525=0.995,0.546,1.265; peak=L523 margin=1.980; split fraction/run=0.019/2; outer edges=3/714; body=67.0+/-2.0/685.0+/-2.0; switch onset=L522; last complete picture=L521; band bottom=L525; row Y(mean/std) L285=1.359/0.480 L286=2.122/0.986 L287=9.827/1.510 L521=22.658/3.074 L522=22.880/3.436 L525=19.234/8.596",521,0,0
726,6768,23,259,262,262,cv_inspected,"commercial tape; raw first pass-through row is picture; dark first band retained; raw three-third displacement L259=0.246,0.278,0.667/L260=0.799,0.896,1.146/L261=3.865,0.475,0.737/L262=0.145,0.326,0.862; peak=L261 margin=2.719; split fraction/run=0.484/34; outer edges=4/714; body=67.0+/-2.0/685.0+/-2.0; switch onset=L260; last complete picture=L259; band bottom=L262; row Y(mean/std) L22=1.359/0.480 L23=4.028/2.882 L24=3.756/2.874 L259=23.538/3.115 L260=23.492/6.878 L262=18.000/9.539",259,286,521,525,525,cv_inspected,"commercial tape; raw first pass-through row is picture; dark first band retained; raw three-third displacement L522=0.267,0.366,2.399/L523=3.252,0.880,2.694/L524=0.146,0.279,0.614/L525=0.918,0.455,0.697; peak=L523 margin=0.853; split fraction/run=0.028/3; outer edges=3/670; body=67.0+/-2.0/685.0+/-2.4; switch onset=L522; last complete picture=L521; band bottom=L525; row Y(mean/std) L285=1.358/0.479 L286=1.812/0.836 L287=9.933/1.373 L521=22.516/3.352 L522=23.708/13.511 L525=18.914/8.527",521,0,0
727,6769,23,259,262,262,cv_inspected,"commercial tape; raw first pass-through row is picture; dark first band retained; raw three-third displacement L259=0.215,0.294,0.583/L260=0.744,0.950,1.033/L261=3.808,0.442,0.602/L262=0.165,0.401,0.940; peak=L261 margin=2.775; split fraction/run=0.535/47; outer edges=3/714; body=67.0+/-2.0/686.0+/-2.0; switch onset=L260; last complete picture=L259; band bottom=L262; row Y(mean/std) L22=1.389/0.488 L23=3.972/2.866 L24=4.250/3.002 L259=23.502/3.165 L260=23.736/5.851 L262=19.177/10.145",259,286,521,525,525,cv_inspected,"commercial tape; raw first pass-through row is picture; dark first band retained; raw three-third displacement L522=0.279,0.254,1.112/L523=3.382,1.018,1.433/L524=0.172,0.320,0.828/L525=1.004,0.633,1.002; peak=L523 margin=2.270; split fraction/run=0.028/1; outer edges=2/714; body=67.0+/-2.0/685.0+/-2.0; switch onset=L522; last complete picture=L521; band bottom=L525; row Y(mean/std) L285=1.383/0.486 L286=2.153/1.032 L287=9.484/1.407 L521=22.991/3.120 L522=23.680/5.209 L525=19.045/8.657",521,0,0
728,6770,23,259,262,262,cv_inspected,"commercial tape; raw first pass-through row is picture; dark first band retained; raw three-third displacement L259=0.245,0.284,0.700/L260=0.567,1.054,1.288/L261=3.527,0.461,0.708/L262=0.165,0.445,1.006; peak=L261 margin=2.239; split fraction/run=0.577/38; outer edges=3/714; body=67.0+/-2.0/685.0+/-2.0; switch onset=L260; last complete picture=L259; band bottom=L262; row Y(mean/std) L22=1.378/0.485 L23=3.648/2.702 L24=4.073/2.960 L259=23.317/3.343 L260=23.809/5.429 L262=17.859/9.437",259,286,521,525,525,cv_inspected,"commercial tape; raw first pass-through row is picture; dark first band retained; raw three-third displacement L522=0.230,0.231,0.767/L523=3.367,0.961,0.995/L524=0.153,0.314,0.747/L525=1.066,0.398,0.874; peak=L523 margin=2.301; split fraction/run=0.051/4; outer edges=4/681; body=67.0+/-2.0/685.0+/-2.0; switch onset=L522; last complete picture=L521; band bottom=L525; row Y(mean/std) L285=1.383/0.486 L286=2.120/0.995 L287=10.047/1.278 L521=23.125/3.148 L522=23.120/4.808 L525=19.002/8.389",521,0,0
729,6771,23,259,262,262,cv_inspected,"commercial tape; raw first pass-through row is picture; dark first band retained; raw three-third displacement L259=0.289,0.365,0.556/L260=0.422,1.050,1.079/L261=3.523,0.558,0.606/L262=0.182,0.369,0.767; peak=L261 margin=2.444; split fraction/run=0.531/42; outer edges=2/714; body=67.0+/-2.0/685.0+/-2.0; switch onset=L260; last complete picture=L259; band bottom=L262; row Y(mean/std) L22=1.378/0.485 L23=3.862/2.720 L24=4.036/3.131 L259=23.225/3.340 L260=24.353/4.863 L262=19.028/10.050",259,286,521,525,525,cv_inspected,"commercial tape; raw first pass-through row is picture; dark first band retained; raw three-third displacement L522=0.277,0.278,0.636/L523=3.506,1.006,0.985/L524=0.155,0.327,0.914/L525=1.016,0.535,0.871; peak=L523 margin=2.490; split fraction/run=0.023/1; outer edges=4/714; body=67.0+/-2.0/685.0+/-2.0; switch onset=L522; last complete picture=L521; band bottom=L525; row Y(mean/std) L285=1.386/0.487 L286=1.830/0.886 L287=9.597/1.474 L521=22.734/3.358 L522=23.136/3.546 L525=19.364/8.467",521,0,0
730,6772,23,259,262,262,cv_inspected,"commercial tape; raw first pass-through row is picture; dark first band retained; raw three-third displacement L259=0.277,0.318,0.636/L260=0.718,0.970,1.069/L261=3.781,0.587,0.585/L262=0.139,0.390,0.720; peak=L261 margin=2.712; split fraction/run=0.488/49; outer edges=3/714; body=67.0+/-2.0/685.0+/-2.0; switch onset=L260; last complete picture=L259; band bottom=L262; row Y(mean/std) L22=1.372/0.483 L23=3.870/2.780 L24=4.053/3.103 L259=23.536/3.152 L260=23.783/6.782 L262=18.284/9.611",259,286,521,525,525,cv_inspected,"commercial tape; raw first pass-through row is picture; dark first band retained; raw three-third displacement L522=0.225,0.319,1.477/L523=3.587,1.024,1.853/L524=0.166,0.371,0.651/L525=1.111,0.469,0.732; peak=L523 margin=2.111; split fraction/run=0.033/3; outer edges=3/669; body=67.0+/-2.0/685.0+/-2.0; switch onset=L522; last complete picture=L521; band bottom=L525; row Y(mean/std) L285=1.363/0.481 L286=1.852/0.883 L287=8.873/1.406 L521=23.084/3.357 L522=23.945/7.359 L525=19.680/8.710",521,0,0
731,6773,23,259,262,262,cv_inspected,"commercial tape; raw first pass-through row is picture; dark first band retained; raw three-third displacement L259=0.218,0.309,0.595/L260=0.696,0.982,0.954/L261=3.913,0.421,0.543/L262=0.162,0.317,0.693; peak=L261 margin=2.931; split fraction/run=0.545/60; outer edges=3/714; body=67.0+/-2.0/685.0+/-2.0; switch onset=L260; last complete picture=L259; band bottom=L262; row Y(mean/std) L22=1.380/0.485 L23=4.037/2.844 L24=4.020/3.007 L259=23.483/3.355 L260=23.870/5.793 L262=18.028/9.619",259,286,521,525,525,cv_inspected,"commercial tape; raw first pass-through row is picture; dark first band retained; raw three-third displacement L522=0.282,0.274,1.156/L523=3.369,0.914,1.621/L524=0.148,0.388,0.557/L525=0.888,0.512,0.824; peak=L523 margin=2.213; split fraction/run=0.028/1; outer edges=1/671; body=67.0+/-2.0/685.0+/-2.0; switch onset=L522; last complete picture=L521; band bottom=L525; row Y(mean/std) L285=1.345/0.475 L286=1.717/0.816 L287=9.045/1.424 L521=22.805/3.396 L522=23.697/6.296 L525=18.883/8.136",521,0,0
732,6774,23,259,262,262,cv_inspected,"commercial tape; raw first pass-through row is picture; dark first band retained; raw three-third displacement L259=0.277,0.286,0.499/L260=0.560,1.180,1.075/L261=3.457,0.393,0.535/L262=0.138,0.338,0.746; peak=L261 margin=2.277; split fraction/run=0.709/66; outer edges=2/714; body=67.0+/-2.0/685.0+/-3.0; switch onset=L260; last complete picture=L259; band bottom=L262; row Y(mean/std) L22=1.369/0.482 L23=3.927/2.765 L24=4.133/2.964 L259=23.431/3.278 L260=25.163/6.030 L262=17.722/9.360",259,286,521,525,525,cv_inspected,"commercial tape; raw first pass-through row is picture; dark first band retained; raw three-third displacement L522=0.291,0.267,1.980/L523=3.492,0.907,2.484/L524=0.154,0.306,0.578/L525=1.063,0.434,0.643; peak=L523 margin=1.512; split fraction/run=0.009/2; outer edges=2/676; body=67.0+/-2.0/685.0+/-2.4; switch onset=L522; last complete picture=L521; band bottom=L525; row Y(mean/std) L285=1.366/0.482 L286=1.905/0.918 L287=9.438/1.397 L521=23.105/3.214 L522=24.645/14.655 L525=19.030/8.559",521,0,0
733,6775,23,259,262,262,cv_inspected,"commercial tape; raw first pass-through row is picture; dark first band retained; raw three-third displacement L259=0.290,0.315,0.519/L260=0.386,0.996,1.083/L261=3.281,0.319,0.533/L262=0.154,0.400,0.703; peak=L261 margin=2.198; split fraction/run=0.653/22; outer edges=2/714; body=67.0+/-2.0/685.0+/-2.0; switch onset=L260; last complete picture=L259; band bottom=L262; row Y(mean/std) L22=1.375/0.484 L23=3.781/2.753 L24=4.252/3.078 L259=22.623/3.182 L260=23.881/4.012 L262=17.425/9.140",259,286,521,525,525,cv_inspected,"commercial tape; raw first pass-through row is picture; dark first band retained; raw three-third displacement L522=0.267,0.322,1.726/L523=3.490,0.927,2.141/L524=0.164,0.367,0.562/L525=0.936,0.497,0.745; peak=L523 margin=1.764; split fraction/run=0.028/1; outer edges=2/670; body=67.0+/-2.0/685.0+/-2.0; switch onset=L522; last complete picture=L521; band bottom=L525; row Y(mean/std) L285=1.380/0.485 L286=1.777/0.841 L287=8.267/1.673 L521=23.205/3.300 L522=24.845/9.637 L525=19.305/8.689",521,0,0
734,6776,23,259,262,262,cv_inspected,"commercial tape; raw first pass-through row is picture; dark first band retained; raw three-third displacement L259=0.318,0.295,0.585/L260=0.669,0.907,1.135/L261=3.652,0.365,0.671/L262=0.150,0.359,0.758; peak=L261 margin=2.517; split fraction/run=0.596/44; outer edges=2/714; body=67.0+/-2.0/685.0+/-2.0; switch onset=L260; last complete picture=L259; band bottom=L262; row Y(mean/std) L22=1.370/0.483 L23=3.848/2.764 L24=4.014/3.004 L259=23.669/3.510 L260=23.605/5.575 L262=18.172/9.572",259,286,521,525,525,cv_inspected,"commercial tape; raw first pass-through row is picture; dark first band retained; raw three-third displacement L522=0.284,0.304,1.319/L523=3.476,1.157,1.602/L524=0.155,0.310,0.683/L525=0.898,0.435,0.961; peak=L523 margin=2.157; split fraction/run=0.056/3; outer edges=2/672; body=67.0+/-2.0/685.0+/-2.0; switch onset=L522; last complete picture=L521; band bottom=L525; row Y(mean/std) L285=1.391/0.488 L286=2.158/1.058 L287=9.223/1.451 L521=22.920/3.398 L522=23.711/6.349 L525=19.913/8.634",521,0,0
735,6777,23,259,262,262,cv_inspected,"commercial tape; raw first pass-through row is picture; dark first band retained; raw three-third displacement L259=0.245,0.252,0.610/L260=1.270,1.823,1.135/L261=4.235,1.165,0.649/L262=0.138,0.315,0.706; peak=L261 margin=2.412; split fraction/run=0.634/35; outer edges=3/714; body=67.0+/-2.0/685.0+/-2.0; switch onset=L260; last complete picture=L259; band bottom=L262; row Y(mean/std) L22=1.373/0.484 L23=4.069/2.959 L24=4.116/3.119 L259=23.337/3.203 L260=27.984/19.275 L262=17.720/9.376",259,286,521,525,525,cv_inspected,"commercial tape; raw first pass-through row is picture; dark first band retained; raw three-third displacement L522=0.270,0.351,0.885/L523=3.460,0.983,1.328/L524=0.124,0.303,0.654/L525=0.957,0.520,0.820; peak=L523 margin=2.504; split fraction/run=0.079/6; outer edges=2/674; body=67.0+/-2.0/685.0+/-2.0; switch onset=L522; last complete picture=L521; band bottom=L525; row Y(mean/std) L285=1.373/0.484 L286=1.870/0.879 L287=8.844/1.619 L521=23.488/3.097 L522=24.075/3.852 L525=19.297/8.570",521,0,0
736,6778,23,259,262,262,cv_inspected,"commercial tape; raw first pass-through row is picture; dark first band retained; raw three-third displacement L259=0.275,0.305,0.746/L260=1.108,1.367,1.137/L261=4.029,0.725,0.592/L262=0.160,0.280,0.716; peak=L261 margin=2.662; split fraction/run=0.606/33; outer edges=2/714; body=67.0+/-2.0/685.0+/-2.0; switch onset=L260; last complete picture=L259; band bottom=L262; row Y(mean/std) L22=1.369/0.482 L23=3.742/2.665 L24=3.703/2.810 L259=24.289/3.079 L260=27.459/12.922 L262=17.645/9.315",259,286,521,525,525,cv_inspected,"commercial tape; raw first pass-through row is picture; dark first band retained; raw three-third displacement L522=0.248,0.302,0.770/L523=3.400,0.907,1.149/L524=0.148,0.300,0.473/L525=0.967,0.492,0.640; peak=L523 margin=2.433; split fraction/run=0.075/6; outer edges=3/674; body=67.0+/-2.0/685.0+/-2.0; switch onset=L522; last complete picture=L521; band bottom=L525; row Y(mean/std) L285=1.380/0.485 L286=1.945/0.923 L287=9.206/1.379 L521=22.631/3.381 L522=23.092/3.834 L525=18.953/8.376",521,0,0
737,6779,23,259,262,262,cv_inspected,"commercial tape; raw first pass-through row is picture; dark first band retained; raw three-third displacement L259=0.301,0.294,0.717/L260=0.369,1.109,1.285/L261=3.513,0.351,0.639/L262=0.186,0.288,0.895; peak=L261 margin=2.228; split fraction/run=0.662/49; outer edges=2/714; body=67.0+/-2.0/685.0+/-2.0; switch onset=L260; last complete picture=L259; band bottom=L262; row Y(mean/std) L22=1.373/0.484 L23=3.395/2.512 L24=3.700/2.820 L259=23.392/3.281 L260=24.817/3.980 L262=17.583/9.351",259,286,521,525,525,cv_inspected,"commercial tape; raw first pass-through row is picture; dark first band retained; raw three-third displacement L522=0.236,0.280,0.659/L523=3.397,0.879,1.165/L524=0.140,0.310,0.610/L525=0.910,0.680,0.671; peak=L523 margin=2.488; split fraction/run=0.042/4; outer edges=5/680; body=67.0+/-2.0/685.0+/-2.0; switch onset=L522; last complete picture=L521; band bottom=L525; row Y(mean/std) L285=1.366/0.482 L286=1.792/0.817 L287=9.291/1.434 L521=23.422/2.991 L522=23.966/4.164 L525=18.516/8.051",521,0,0
738,6780,23,259,262,262,cv_inspected,"commercial tape; raw first pass-through row is picture; dark first band retained; raw three-third displacement L259=0.306,0.328,0.706/L260=0.366,0.991,1.175/L261=3.425,0.489,0.559/L262=0.154,0.371,0.745; peak=L261 margin=2.251; split fraction/run=0.531/25; outer edges=2/714; body=67.0+/-2.0/685.0+/-2.0; switch onset=L260; last complete picture=L259; band bottom=L262; row Y(mean/std) L22=1.384/0.486 L23=3.658/2.723 L24=3.947/2.969 L259=23.119/3.535 L260=23.427/4.142 L262=17.697/9.603",259,286,521,525,525,cv_inspected,"commercial tape; raw first pass-through row is picture; dark first band retained; raw three-third displacement L522=0.287,0.335,0.615/L523=3.524,0.787,0.949/L524=0.172,0.323,0.661/L525=0.899,0.483,0.604; peak=L523 margin=2.625; split fraction/run=0.061/2; outer edges=4/683; body=67.0+/-2.0/685.0+/-2.0; switch onset=L522; last complete picture=L521; band bottom=L525; raw per-unit candidate L522 disagrees; pooled raw-row displacement of the continuous stable lock resolves L521; row Y(mean/std) L285=1.358/0.479 L286=1.617/0.724 L287=8.975/1.377 L521=23.062/2.990 L522=23.917/3.221 L525=18.816/8.372",522,0,0
739,6781,23,259,262,262,cv_inspected,"commercial tape; raw first pass-through row is picture; dark first band retained; raw three-third displacement L259=0.311,0.328,0.710/L260=0.577,1.062,1.080/L261=3.769,0.646,0.500/L262=0.166,0.365,0.696; peak=L261 margin=2.689; split fraction/run=0.502/39; outer edges=3/714; body=67.0+/-2.0/685.0+/-2.0; switch onset=L260; last complete picture=L259; band bottom=L262; row Y(mean/std) L22=1.361/0.480 L23=3.395/2.487 L24=3.881/2.942 L259=23.348/3.294 L260=23.441/5.719 L262=17.866/9.459",259,286,521,525,525,cv_inspected,"commercial tape; raw first pass-through row is picture; dark first band retained; raw three-third displacement L522=0.284,0.327,2.065/L523=3.578,0.747,2.451/L524=0.132,0.254,0.594/L525=0.953,0.556,0.688; peak=L523 margin=1.513; split fraction/run=0.038/5; outer edges=3/672; body=67.0+/-2.0/685.0+/-2.0; switch onset=L522; last complete picture=L521; band bottom=L525; row Y(mean/std) L285=1.359/0.480 L286=2.030/1.005 L287=9.058/1.294 L521=22.950/2.920 L522=25.392/15.138 L525=18.269/7.856",521,0,0
740,6782,23,259,262,262,cv_inspected,"commercial tape; raw first pass-through row is picture; dark first band retained; raw three-third displacement L259=0.225,0.295,0.723/L260=0.663,0.933,1.321/L261=3.727,0.603,0.692/L262=0.143,0.448,0.871; peak=L261 margin=2.406; split fraction/run=0.469/40; outer edges=3/714; body=67.0+/-2.0/685.0+/-2.0; switch onset=L260; last complete picture=L259; band bottom=L262; row Y(mean/std) L22=1.383/0.486 L23=4.327/3.077 L24=4.253/3.339 L259=23.277/3.200 L260=23.052/6.839 L262=16.741/8.941",259,286,521,525,525,cv_inspected,"commercial tape; raw first pass-through row is picture; dark first band retained; raw three-third displacement L522=0.260,0.260,1.014/L523=3.496,0.858,1.370/L524=0.155,0.325,0.602/L525=0.974,0.555,0.578; peak=L523 margin=2.482; split fraction/run=0.042/3; outer edges=4/681; body=67.0+/-2.0/685.0+/-2.0; switch onset=L522; last complete picture=L521; band bottom=L525; row Y(mean/std) L285=1.380/0.485 L286=1.691/0.828 L287=7.778/1.367 L521=23.366/2.982 L522=24.136/9.863 L525=19.442/8.483",521,0,0
741,6783,23,259,262,262,cv_inspected,"commercial tape; raw first pass-through row is picture; dark first band retained; raw three-third displacement L259=0.301,0.361,0.589/L260=0.357,1.066,1.077/L261=3.144,0.247,0.585/L262=0.132,0.345,0.718; peak=L261 margin=2.068; split fraction/run=0.723/66; outer edges=0/714; body=67.0+/-2.0/685.0+/-2.0; switch onset=L260; last complete picture=L259; band bottom=L262; row Y(mean/std) L22=1.370/0.483 L23=3.597/2.689 L24=4.148/3.220 L259=22.258/3.320 L260=24.120/3.400 L262=18.183/9.720",259,286,521,525,525,cv_inspected,"commercial tape; raw first pass-through row is picture; dark first band retained; raw three-third displacement L522=0.255,0.290,1.241/L523=3.361,0.916,1.263/L524=0.165,0.333,0.494/L525=0.907,0.575,0.622; peak=L523 margin=2.120; split fraction/run=0.136/17; outer edges=3/661; body=67.0+/-2.0/685.0+/-2.4; switch onset=L522; last complete picture=L521; band bottom=L525; row Y(mean/std) L285=1.352/0.477 L286=1.663/0.713 L287=9.075/1.265 L521=23.327/3.224 L522=22.784/4.678 L525=18.812/8.229",521,0,0
742,6784,23,259,262,262,cv_inspected,"commercial tape; raw first pass-through row is picture; dark first band retained; raw three-third displacement L259=0.259,0.382,0.686/L260=0.849,0.860,0.949/L261=3.666,0.356,0.589/L262=0.103,0.319,0.802; peak=L261 margin=2.717; split fraction/run=0.577/36; outer edges=2/714; body=67.0+/-2.0/685.0+/-2.0; switch onset=L260; last complete picture=L259; band bottom=L262; row Y(mean/std) L22=1.384/0.486 L23=3.369/2.336 L24=4.125/3.149 L259=23.636/3.297 L260=23.092/6.445 L262=17.600/9.413",259,286,521,525,525,cv_inspected,"commercial tape; raw first pass-through row is picture; dark first band retained; raw three-third displacement L522=0.281,0.309,4.314/L523=3.376,0.885,4.784/L524=0.165,0.297,0.503/L525=1.024,0.512,0.590; peak=L523 margin=0.470; split fraction/run=0.037/3; outer edges=3/643; body=67.0+/-2.0/685.0+/-2.0; switch onset=L522; last complete picture=L521; band bottom=L525; row Y(mean/std) L285=1.384/0.486 L286=1.834/0.835 L287=9.359/1.493 L521=23.020/2.989 L522=26.234/20.071 L525=18.841/8.149",521,0,0
743,6785,23,259,262,262,cv_inspected,"commercial tape; raw first pass-through row is picture; dark first band retained; raw three-third displacement L259=0.304,0.320,0.502/L260=1.810,0.866,1.033/L261=4.832,0.275,0.530/L262=0.158,0.289,0.600; peak=L261 margin=3.021; split fraction/run=0.695/34; outer edges=2/714; body=67.0+/-2.0/686.0+/-2.0; switch onset=L260; last complete picture=L259; band bottom=L262; row Y(mean/std) L22=1.367/0.482 L23=3.603/2.718 L24=4.036/3.045 L259=24.183/3.075 L260=28.191/17.062 L262=18.353/9.741",259,286,521,525,525,cv_inspected,"commercial tape; raw first pass-through row is picture; dark first band retained; raw three-third displacement L522=0.239,0.273,2.037/L523=3.400,0.867,1.792/L524=0.139,0.283,0.514/L525=0.913,0.527,0.734; peak=L523 margin=1.363; split fraction/run=0.206/35; outer edges=4/636; body=67.0+/-2.0/686.0+/-2.4; switch onset=L522; last complete picture=L521; band bottom=L525; row Y(mean/std) L285=1.377/0.485 L286=1.723/0.937 L287=8.380/1.453 L521=23.650/3.025 L522=22.681/6.477 L525=19.005/8.506",521,0,0
744,6786,23,259,262,262,cv_inspected,"commercial tape; raw first pass-through row is picture; dark first band retained; raw three-third displacement L259=0.273,0.321,0.677/L260=0.398,0.956,1.185/L261=3.321,0.326,0.754/L262=0.187,0.328,0.788; peak=L261 margin=2.136; split fraction/run=0.643/33; outer edges=4/714; body=67.0+/-2.0/685.0+/-2.0; switch onset=L260; last complete picture=L259; band bottom=L262; row Y(mean/std) L22=1.387/0.487 L23=3.609/2.727 L24=3.797/2.997 L259=23.070/3.366 L260=23.872/3.651 L262=16.822/9.119",259,286,521,525,525,cv_inspected,"commercial tape; raw first pass-through row is picture; dark first band retained; raw three-third displacement L522=0.282,0.304,1.678/L523=3.429,1.032,2.126/L524=0.201,0.303,0.667/L525=1.070,0.470,0.711; peak=L523 margin=1.750; split fraction/run=0.056/6; outer edges=5/629; body=67.0+/-2.0/685.0+/-2.0; switch onset=L522; last complete picture=L521; band bottom=L525; row Y(mean/std) L285=1.364/0.481 L286=1.680/0.756 L287=8.741/1.373 L521=23.955/3.196 L522=24.861/7.483 L525=20.442/8.920",521,0,0
745,6787,23,259,262,262,cv_inspected,"commercial tape; raw first pass-through row is picture; dark first band retained; raw three-third displacement L259=0.225,0.300,0.545/L260=1.207,0.830,0.964/L261=3.991,0.323,0.656/L262=0.168,0.320,0.769; peak=L261 margin=2.784; split fraction/run=0.606/22; outer edges=1/714; body=67.0+/-2.0/685.0+/-2.0; switch onset=L260; last complete picture=L259; band bottom=L262; row Y(mean/std) L22=1.366/0.482 L23=3.881/2.786 L24=4.177/3.253 L259=22.842/3.010 L260=25.627/10.073 L262=17.439/9.253",259,286,521,525,525,cv_inspected,"commercial tape; raw first pass-through row is picture; dark first band retained; raw three-third displacement L522=0.255,0.312,1.100/L523=3.399,1.021,1.436/L524=0.154,0.292,0.589/L525=0.981,0.694,0.820; peak=L523 margin=2.300; split fraction/run=0.042/2; outer edges=3/714; body=67.0+/-2.0/685.0+/-2.0; switch onset=L522; last complete picture=L521; band bottom=L525; row Y(mean/std) L285=1.361/0.480 L286=1.517/0.586 L287=8.130/1.355 L521=23.613/3.244 L522=24.442/5.235 L525=18.269/8.134",521,0,0
746,6788,23,259,262,262,cv_inspected,"commercial tape; raw first pass-through row is picture; dark first band retained; raw three-third displacement L259=0.281,0.269,0.717/L260=0.323,0.903,1.419/L261=3.119,0.281,0.583/L262=0.163,0.331,0.838; peak=L261 margin=1.700; split fraction/run=0.690/53; outer edges=1/714; body=67.0+/-2.0/685.0+/-2.0; switch onset=L260; last complete picture=L259; band bottom=L262; row Y(mean/std) L22=1.383/0.486 L23=3.427/2.496 L24=4.013/3.110 L259=23.184/3.343 L260=23.923/3.846 L262=16.769/8.930",259,286,521,525,525,cv_inspected,"commercial tape; raw first pass-through row is picture; dark first band retained; raw three-third displacement L522=0.290,0.352,1.164/L523=3.473,0.971,0.977/L524=0.169,0.285,0.574/L525=1.041,0.451,0.687; peak=L523 margin=2.309; split fraction/run=0.206/40; outer edges=3/637; body=67.0+/-2.0/686.0+/-2.0; switch onset=L522; last complete picture=L521; band bottom=L525; row Y(mean/std) L285=1.366/0.482 L286=1.661/0.784 L287=8.381/1.403 L521=24.086/3.070 L522=23.136/4.196 L525=19.914/8.851",521,0,0
747,6789,23,259,262,262,cv_inspected,"commercial tape; raw first pass-through row is picture; dark first band retained; raw three-third displacement L259=0.314,0.250,0.673/L260=0.632,0.823,1.112/L261=3.506,0.303,0.590/L262=0.174,0.271,0.660; peak=L261 margin=2.394; split fraction/run=0.615/25; outer edges=3/714; body=67.0+/-2.0/686.0+/-2.0; switch onset=L260; last complete picture=L259; band bottom=L262; row Y(mean/std) L22=1.375/0.484 L23=3.741/2.808 L24=4.005/3.040 L259=23.414/3.410 L260=23.302/5.055 L262=17.711/9.318",259,286,521,525,525,cv_inspected,"commercial tape; raw first pass-through row is picture; dark first band retained; raw three-third displacement L522=0.274,0.417,2.226/L523=3.350,1.050,2.683/L524=0.182,0.346,0.630/L525=0.845,0.637,0.798; peak=L523 margin=1.124; split fraction/run=0.023/3; outer edges=1/661; body=67.0+/-2.0/685.0+/-2.0; switch onset=L522; last complete picture=L521; band bottom=L525; row Y(mean/std) L285=1.373/0.484 L286=1.645/0.801 L287=8.911/1.454 L521=22.602/3.042 L522=24.536/11.093 L525=17.781/7.724",521,0,0
748,6790,23,259,262,262,cv_inspected,"commercial tape; raw first pass-through row is picture; dark first band retained; raw three-third displacement L259=0.258,0.376,0.725/L260=1.706,1.439,1.098/L261=4.475,0.808,0.608/L262=0.131,0.352,0.617; peak=L261 margin=2.768; split fraction/run=0.606/28; outer edges=2/714; body=67.0+/-2.0/685.0+/-2.0; switch onset=L260; last complete picture=L259; band bottom=L262; row Y(mean/std) L22=1.384/0.486 L23=3.377/2.471 L24=3.773/2.938 L259=23.462/3.101 L260=27.970/19.674 L262=17.413/9.063",259,286,521,525,525,cv_inspected,"commercial tape; raw first pass-through row is picture; dark first band retained; raw three-third displacement L522=0.242,0.283,3.785/L523=3.260,0.872,4.406/L524=0.144,0.250,0.710/L525=1.068,0.473,0.779; peak=L523 margin=0.621; split fraction/run=0.033/4; outer edges=4/662; body=67.0+/-2.0/685.0+/-2.0; switch onset=L522; last complete picture=L521; band bottom=L525; row Y(mean/std) L285=1.384/0.486 L286=1.655/0.789 L287=9.153/1.699 L521=23.130/2.895 L522=25.750/19.138 L525=19.611/8.481",521,0,0
749,6791,23,259,262,262,cv_inspected,"commercial tape; raw first pass-through row is picture; dark first band retained; raw three-third displacement L259=0.270,0.323,0.692/L260=0.645,0.828,0.954/L261=3.464,0.386,0.594/L262=0.127,0.318,0.687; peak=L261 margin=2.509; split fraction/run=0.512/17; outer edges=3/714; body=67.0+/-2.0/685.0+/-2.0; switch onset=L260; last complete picture=L259; band bottom=L262; row Y(mean/std) L22=1.378/0.485 L23=3.370/2.463 L24=4.020/3.072 L259=22.733/3.212 L260=22.727/5.552 L262=17.498/9.263",259,286,521,525,525,cv_inspected,"commercial tape; raw first pass-through row is picture; dark first band retained; raw three-third displacement L522=0.264,0.374,4.026/L523=3.249,0.826,4.602/L524=0.139,0.310,0.599/L525=0.912,0.571,0.705; peak=L523 margin=0.576; split fraction/run=0.056/4; outer edges=3/651; body=67.0+/-2.0/685.0+/-2.0; switch onset=L522; last complete picture=L521; band bottom=L525; row Y(mean/std) L285=1.381/0.486 L286=1.878/0.936 L287=9.241/1.390 L521=21.917/3.146 L522=25.916/19.536 L525=18.002/7.727",521,0,0
750,6792,23,259,262,262,cv_inspected,"commercial tape; raw first pass-through row is picture; dark first band retained; raw three-third displacement L259=0.275,0.279,0.747/L260=0.387,0.799,1.161/L261=3.157,0.337,0.787/L262=0.152,0.375,0.679; peak=L261 margin=1.996; split fraction/run=0.535/23; outer edges=2/714; body=67.0+/-2.0/685.0+/-2.0; switch onset=L260; last complete picture=L259; band bottom=L262; row Y(mean/std) L22=1.377/0.485 L23=3.725/2.662 L24=3.913/2.955 L259=22.842/3.145 L260=23.281/3.706 L262=17.800/9.397",259,286,521,525,525,cv_inspected,"commercial tape; raw first pass-through row is picture; dark first band retained; raw three-third displacement L522=0.310,0.317,1.328/L523=3.286,0.968,1.223/L524=0.143,0.272,0.558/L525=0.947,0.444,0.528; peak=L523 margin=1.958; split fraction/run=0.168/18; outer edges=3/648; body=67.0+/-2.0/685.0+/-2.0; switch onset=L522; last complete picture=L521; band bottom=L525; row Y(mean/std) L285=1.373/0.484 L286=1.792/0.915 L287=9.125/1.378 L521=23.622/3.478 L522=22.627/4.651 L525=19.683/8.726",521,0,0
751,6793,23,259,262,262,cv_inspected,"commercial tape; raw first pass-through row is picture; dark first band retained; raw three-third displacement L259=0.224,0.274,0.674/L260=0.338,0.882,1.178/L261=3.112,0.342,0.632/L262=0.171,0.355,0.607; peak=L261 margin=1.934; split fraction/run=0.521/25; outer edges=3/714; body=67.0+/-2.0/685.0+/-2.0; switch onset=L260; last complete picture=L259; band bottom=L262; row Y(mean/std) L22=1.391/0.488 L23=3.784/2.767 L24=4.080/3.104 L259=22.769/3.236 L260=23.717/3.766 L262=17.220/9.089",259,286,521,525,525,cv_inspected,"commercial tape; raw first pass-through row is picture; dark first band retained; raw three-third displacement L522=0.226,0.333,3.900/L523=3.345,0.785,4.333/L524=0.142,0.291,0.570/L525=0.816,0.709,0.867; peak=L523 margin=0.433; split fraction/run=0.033/4; outer edges=3/651; body=67.0+/-2.0/686.0+/-2.4; switch onset=L522; last complete picture=L521; band bottom=L525; row Y(mean/std) L285=1.353/0.478 L286=1.706/0.777 L287=8.980/1.485 L521=23.278/3.215 L522=26.884/19.736 L525=17.488/7.657",521,0,0
752,6794,23,259,262,262,cv_inspected,"commercial tape; raw first pass-through row is picture; dark first band retained; raw three-third displacement L259=0.314,0.303,0.567/L260=0.654,0.809,0.974/L261=3.485,0.291,0.612/L262=0.176,0.373,0.738; peak=L261 margin=2.510; split fraction/run=0.563/25; outer edges=2/714; body=67.0+/-2.0/685.0+/-2.0; switch onset=L260; last complete picture=L259; band bottom=L262; row Y(mean/std) L22=1.383/0.486 L23=3.520/2.556 L24=3.612/2.733 L259=22.769/3.389 L260=24.350/5.012 L262=17.105/9.007",259,286,521,525,525,cv_inspected,"commercial tape; raw first pass-through row is picture; dark first band retained; raw three-third displacement L522=0.262,0.314,2.073/L523=3.312,0.913,2.426/L524=0.173,0.317,0.540/L525=0.944,0.459,0.755; peak=L523 margin=1.239; split fraction/run=0.042/4; outer edges=2/642; body=67.0+/-2.0/685.0+/-2.0; switch onset=L522; last complete picture=L521; band bottom=L525; row Y(mean/std) L285=1.381/0.486 L286=1.783/0.824 L287=9.475/1.405 L521=23.062/3.383 L522=24.345/9.064 L525=18.908/8.278",521,0,0
753,6795,23,259,262,262,cv_inspected,"commercial tape; raw first pass-through row is picture; dark first band retained; raw three-third displacement L259=0.308,0.324,0.625/L260=0.917,0.842,1.117/L261=3.806,0.288,0.700/L262=0.150,0.331,0.802; peak=L261 margin=2.689; split fraction/run=0.573/34; outer edges=4/714; body=67.0+/-2.0/685.0+/-2.0; switch onset=L260; last complete picture=L259; band bottom=L262; row Y(mean/std) L22=1.378/0.485 L23=3.577/2.688 L24=3.712/2.829 L259=23.217/2.962 L260=23.334/6.938 L262=18.528/9.689",259,286,521,525,525,cv_inspected,"commercial tape; raw first pass-through row is picture; dark first band retained; raw three-third displacement L522=0.240,0.270,2.963/L523=3.221,0.808,3.423/L524=0.164,0.310,0.638/L525=0.828,0.546,0.932; peak=L523 margin=0.460; split fraction/run=0.037/2; outer edges=3/648; body=67.0+/-2.0/685.0+/-2.0; switch onset=L522; last complete picture=L521; band bottom=L525; row Y(mean/std) L285=1.384/0.486 L286=2.128/1.021 L287=9.692/1.418 L521=22.820/3.359 L522=24.978/13.283 L525=17.598/7.721",521,0,0
754,6796,23,259,262,262,cv_inspected,"commercial tape; raw first pass-through row is picture; dark first band retained; raw three-third displacement L259=0.234,0.361,0.543/L260=1.865,0.921,0.903/L261=4.609,0.311,0.590/L262=0.201,0.356,0.651; peak=L261 margin=2.744; split fraction/run=0.582/32; outer edges=2/714; body=67.0+/-2.0/685.0+/-2.5; switch onset=L260; last complete picture=L259; band bottom=L262; row Y(mean/std) L22=1.387/0.487 L23=3.620/2.655 L24=4.020/2.944 L259=22.906/2.992 L260=27.383/17.001 L262=17.405/9.018",259,286,521,525,525,cv_inspected,"commercial tape; raw first pass-through row is picture; dark first band retained; raw three-third displacement L522=0.313,0.281,3.012/L523=3.214,0.818,3.413/L524=0.162,0.291,0.670/L525=0.900,0.535,0.628; peak=L523 margin=0.402; split fraction/run=0.061/6; outer edges=3/646; body=67.0+/-2.0/685.0+/-3.0; switch onset=L522; last complete picture=L521; band bottom=L525; row Y(mean/std) L285=1.387/0.487 L286=1.897/0.935 L287=9.622/1.371 L521=22.352/3.396 L522=24.803/13.712 L525=18.378/7.966",521,0,0
755,6797,23,259,262,262,cv_inspected,"commercial tape; raw first pass-through row is picture; dark first band retained; raw three-third displacement L259=0.277,0.312,0.557/L260=0.967,0.837,0.889/L261=3.931,0.341,0.555/L262=0.187,0.319,0.675; peak=L261 margin=2.964; split fraction/run=0.488/21; outer edges=2/714; body=67.0+/-2.0/685.0+/-2.0; switch onset=L260; last complete picture=L259; band bottom=L262; row Y(mean/std) L22=1.377/0.485 L23=3.531/2.565 L24=3.716/2.871 L259=22.736/2.916 L260=23.047/7.308 L262=18.144/9.336",259,286,521,525,525,cv_inspected,"commercial tape; raw first pass-through row is picture; dark first band retained; raw three-third displacement L522=0.265,0.334,2.747/L523=3.254,0.806,3.017/L524=0.173,0.308,0.567/L525=0.917,0.537,0.732; peak=L523 margin=0.507; split fraction/run=0.070/7; outer edges=4/662; body=67.0+/-2.0/685.0+/-2.0; switch onset=L522; last complete picture=L521; band bottom=L525; row Y(mean/std) L285=1.356/0.479 L286=1.853/0.808 L287=9.302/1.259 L521=23.067/3.281 L522=25.203/15.029 L525=18.372/8.032",521,0,0
756,6798,23,259,262,262,cv_inspected,"commercial tape; raw first pass-through row is picture; dark first band retained; raw three-third displacement L259=0.244,0.336,0.685/L260=0.643,0.795,1.066/L261=3.555,0.531,0.570/L262=0.153,0.380,0.795; peak=L261 margin=2.489; split fraction/run=0.390/20; outer edges=2/714; body=67.0+/-2.0/685.0+/-3.0; switch onset=L260; last complete picture=L259; band bottom=L262; row Y(mean/std) L22=1.367/0.482 L23=4.186/3.028 L24=4.513/3.371 L259=23.680/3.161 L260=23.105/5.380 L262=17.639/9.087",259,286,521,525,525,cv_inspected,"commercial tape; raw first pass-through row is picture; dark first band retained; raw three-third displacement L522=0.230,0.306,3.433/L523=3.210,0.777,3.806/L524=0.160,0.238,0.541/L525=1.008,0.330,0.698; peak=L523 margin=0.373; split fraction/run=0.042/6; outer edges=3/657; body=67.0+/-2.0/685.0+/-2.0; switch onset=L522; last complete picture=L521; band bottom=L525; row Y(mean/std) L285=1.377/0.485 L286=1.631/0.763 L287=9.628/1.397 L521=22.522/3.143 L522=25.484/18.657 L525=19.770/8.425",521,0,0
757,6799,23,259,262,262,cv_inspected,"commercial tape; raw first pass-through row is picture; dark first band retained; raw three-third displacement L259=0.273,0.322,0.674/L260=0.564,0.879,1.106/L261=3.445,0.374,0.832/L262=0.197,0.355,0.773; peak=L261 margin=2.339; split fraction/run=0.507/15; outer edges=3/714; body=67.0+/-2.0/686.0+/-2.0; switch onset=L260; last complete picture=L259; band bottom=L262; row Y(mean/std) L22=1.394/0.489 L23=4.119/3.059 L24=4.061/3.204 L259=22.431/3.275 L260=22.609/4.690 L262=17.755/9.300",259,286,521,525,525,cv_inspected,"commercial tape; raw first pass-through row is picture; dark first band retained; raw three-third displacement L522=0.265,0.293,4.138/L523=3.126,0.823,4.632/L524=0.169,0.350,0.550/L525=0.859,0.715,0.637; peak=L523 margin=0.493; split fraction/run=0.037/4; outer edges=3/659; body=67.0+/-2.0/686.0+/-3.0; switch onset=L522; last complete picture=L521; band bottom=L525; row Y(mean/std) L285=1.378/0.485 L286=1.622/0.738 L287=9.506/1.502 L521=22.897/2.912 L522=25.855/21.073 L525=18.398/7.640",521,0,0
758,6800,23,259,262,262,cv_inspected,"commercial tape; raw first pass-through row is picture; dark first band retained; raw three-third displacement L259=0.284,0.382,0.515/L260=1.336,1.145,1.037/L261=4.007,0.566,0.657/L262=0.180,0.423,0.959; peak=L261 margin=2.671; split fraction/run=0.516/23; outer edges=3/714; body=67.0+/-2.0/685.0+/-3.0; switch onset=L260; last complete picture=L259; band bottom=L262; row Y(mean/std) L22=1.402/0.490 L23=3.964/2.982 L24=4.239/3.360 L259=22.484/2.674 L260=25.567/12.239 L262=16.980/8.782",259,286,521,525,525,cv_inspected,"commercial tape; raw first pass-through row is picture; dark first band retained; raw three-third displacement L522=0.284,0.315,1.275/L523=3.445,0.936,1.494/L524=0.165,0.391,0.553/L525=1.038,0.555,0.681; peak=L523 margin=2.170; split fraction/run=0.098/7; outer edges=3/661; body=67.0+/-2.0/685.0+/-2.4; switch onset=L522; last complete picture=L521; band bottom=L525; row Y(mean/std) L285=1.350/0.477 L286=1.723/0.798 L287=10.156/1.473 L521=23.625/2.673 L522=22.466/4.523 L525=19.555/8.064",521,0,0
759,6801,23,259,262,262,cv_inspected,"commercial tape; raw first pass-through row is picture; dark first band retained; raw three-third displacement L259=0.273,0.298,0.607/L260=0.832,0.919,0.921/L261=3.898,0.362,0.644/L262=0.236,0.424,0.752; peak=L261 margin=2.977; split fraction/run=0.474/21; outer edges=3/714; body=67.0+/-2.0/685.0+/-3.0; switch onset=L260; last complete picture=L259; band bottom=L262; row Y(mean/std) L22=1.384/0.486 L23=3.820/2.836 L24=3.987/3.162 L259=22.569/2.708 L260=24.283/5.457 L262=17.602/8.958",259,286,521,525,525,cv_inspected,"commercial tape; raw first pass-through row is picture; dark first band retained; raw three-third displacement L522=0.332,0.306,3.256/L523=3.464,0.892,3.625/L524=0.156,0.353,0.645/L525=0.948,0.623,0.696; peak=L523 margin=0.369; split fraction/run=0.052/6; outer edges=2/652; body=67.0+/-2.0/685.0+/-4.0; switch onset=L522; last complete picture=L521; band bottom=L525; row Y(mean/std) L285=1.402/0.490 L286=1.570/0.669 L287=10.175/1.443 L521=23.309/2.799 L522=25.183/12.291 L525=18.928/7.980",521,0,0
760,6802,23,259,262,262,cv_inspected,"commercial tape; raw first pass-through row is picture; dark first band retained; raw three-third displacement L259=0.319,0.338,0.659/L260=0.771,0.938,0.932/L261=4.027,0.331,0.638/L262=0.234,0.593,1.193; peak=L261 margin=2.834; split fraction/run=0.498/22; outer edges=2/714; body=67.0+/-2.0/686.0+/-3.0; switch onset=L260; last complete picture=L259; band bottom=L262; row Y(mean/std) L22=1.363/0.481 L23=3.708/2.721 L24=4.316/3.520 L259=23.137/2.774 L260=23.198/4.481 L262=16.805/8.588",259,286,521,525,525,cv_inspected,"commercial tape; raw first pass-through row is picture; dark first band retained; raw three-third displacement L522=0.365,0.334,4.851/L523=3.638,0.764,5.289/L524=0.166,0.363,0.663/L525=0.985,0.535,0.628; peak=L523 margin=0.438; split fraction/run=0.080/8; outer edges=3/650; body=67.0+/-2.0/686.0+/-3.0; switch onset=L522; last complete picture=L521; band bottom=L525; row Y(mean/std) L285=1.370/0.483 L286=1.547/0.669 L287=11.425/1.781 L521=22.788/2.276 L522=26.736/19.918 L525=18.470/7.604",521,0,0
761,6803,23,259,262,262,cv_inspected,"commercial tape; raw first pass-through row is picture; dark first band retained; raw three-third displacement L259=0.351,0.401,0.701/L260=0.875,0.865,0.968/L261=4.389,0.345,0.684/L262=0.283,0.455,0.961; peak=L261 margin=3.422; split fraction/run=0.404/16; outer edges=3/714; body=67.0+/-2.0/686.0+/-4.8; switch onset=L260; last complete picture=L259; band bottom=L262; row Y(mean/std) L22=1.377/0.485 L23=3.548/2.610 L24=5.150/4.456 L259=23.033/2.423 L260=24.772/5.180 L262=16.938/8.585",259,286,521,525,525,cv_inspected,"commercial tape; raw first pass-through row is picture; dark first band retained; raw three-third displacement L522=0.333,0.372,3.052/L523=4.304,0.756,3.467/L524=0.197,0.337,0.613/L525=1.231,0.632,0.724; peak=L523 margin=1.252; split fraction/run=0.038/1; outer edges=3/657; body=67.0+/-2.0/686.0+/-6.8; switch onset=L522; last complete picture=L521; band bottom=L525; row Y(mean/std) L285=1.378/0.485 L286=1.522/0.705 L287=13.194/1.767 L521=22.767/2.479 L522=24.925/10.090 L525=18.352/7.645",521,0,0
762,6804,23,259,262,262,cv_inspected,"commercial tape; raw first pass-through row is picture; dark first band retained; raw three-third displacement L259=0.343,0.510,0.737/L260=1.049,0.830,1.056/L261=4.642,0.475,0.709/L262=0.281,0.563,0.833; peak=L261 margin=3.586; split fraction/run=0.263/8; outer edges=3/714; body=67.0+/-2.0/686.0+/-6.0; switch onset=L260; last complete picture=L259; band bottom=L262; row Y(mean/std) L22=1.372/0.483 L23=3.428/2.544 L24=5.436/4.835 L259=23.061/2.337 L260=22.611/5.684 L262=16.920/8.601",259,286,521,525,525,cv_inspected,"commercial tape; raw first pass-through row is picture; dark first band retained; raw three-third displacement L522=0.337,0.405,3.888/L523=4.243,0.869,4.252/L524=0.219,0.534,0.690/L525=1.184,0.527,0.802; peak=L523 margin=0.364; split fraction/run=0.089/3; outer edges=3/651; body=67.0+/-2.0/685.0+/-8.0; switch onset=L522; last complete picture=L521; band bottom=L525; row Y(mean/std) L285=1.375/0.484 L286=1.561/0.702 L287=14.006/1.769 L521=23.214/2.402 L522=25.330/12.181 L525=18.784/7.621",521,0,0
763,6805,23,259,262,262,cv_inspected,"commercial tape; raw first pass-through row is picture; dark first band retained; raw three-third displacement L259=0.407,0.437,0.706/L260=1.125,0.902,0.981/L261=4.776,0.598,0.660/L262=0.235,0.520,0.770; peak=L261 margin=3.652; split fraction/run=0.207/9; outer edges=3/714; body=67.0+/-2.0/688.0+/-6.0; switch onset=L260; last complete picture=L259; band bottom=L262; row Y(mean/std) L22=1.383/0.486 L23=3.306/2.353 L24=6.227/5.513 L259=22.144/2.188 L260=23.650/5.983 L262=16.766/8.449",259,286,521,525,525,cv_inspected,"commercial tape; raw first pass-through row is picture; dark first band retained; raw three-third displacement L522=0.343,0.465,2.279/L523=4.536,0.684,2.561/L524=0.244,0.492,0.857/L525=1.238,0.564,0.910; peak=L523 margin=2.257; split fraction/run=0.042/4; outer edges=2/672; body=67.0+/-2.0/686.0+/-8.0; switch onset=L522; last complete picture=L521; band bottom=L525; row Y(mean/std) L285=1.372/0.483 L286=1.556/0.698 L287=13.059/1.538 L521=22.594/2.117 L522=23.559/8.697 L525=18.014/7.488",521,0,0
764,6806,23,259,262,262,cv_inspected,"commercial tape; raw first pass-through row is picture; dark first band retained; raw three-third displacement L259=0.340,0.422,0.841/L260=1.057,1.093,1.026/L261=4.864,0.557,0.833/L262=0.290,0.567,0.977; peak=L261 margin=3.771; split fraction/run=0.338/24; outer edges=3/714; body=67.0+/-2.0/686.0+/-8.0; switch onset=L260; last complete picture=L259; band bottom=L262; row Y(mean/std) L22=1.369/0.482 L23=3.848/2.941 L24=6.355/5.919 L259=21.680/2.127 L260=22.913/4.916 L262=16.241/8.236",259,286,521,525,525,cv_inspected,"commercial tape; raw first pass-through row is picture; dark first band retained; raw three-third displacement L522=0.373,0.509,2.759/L523=4.323,0.682,3.054/L524=0.187,0.467,0.718/L525=1.277,0.564,1.000; peak=L523 margin=1.564; split fraction/run=0.108/5; outer edges=65/676; body=67.0+/-2.1/693.0+/-7.0; switch onset=L522; last complete picture=L521; band bottom=L525; row Y(mean/std) L285=1.375/0.484 L286=1.469/0.585 L287=14.642/1.589 L521=22.334/1.953 L522=24.181/14.146 L525=19.133/7.970",521,0,0
765,6807,23,259,262,262,cv_inspected,"commercial tape; raw first pass-through row is picture; dark first band retained; raw three-third displacement L259=0.355,0.569,0.721/L260=2.555,1.378,0.756/L261=6.693,1.044,0.638/L262=0.327,0.534,0.796; peak=L261 margin=4.138; split fraction/run=0.164/7; outer edges=1/714; body=67.0+/-2.0/693.0+/-7.0; switch onset=L260; last complete picture=L259; band bottom=L262; row Y(mean/std) L22=1.373/0.484 L23=3.938/2.927 L24=6.861/6.307 L259=21.859/1.972 L260=24.686/14.059 L262=16.795/8.437",259,286,521,525,525,cv_inspected,"commercial tape; raw first pass-through row is picture; dark first band retained; raw three-third displacement L522=0.468,0.654,3.038/L523=4.730,0.751,3.255/L524=0.235,0.680,0.798/L525=1.314,0.905,0.921; peak=L523 margin=1.692; split fraction/run=0.056/4; outer edges=72/671; body=67.0+/-2.2/693.0+/-7.0; switch onset=L522; last complete picture=L521; band bottom=L525; row Y(mean/std) L285=1.373/0.484 L286=1.492/0.622 L287=15.613/1.644 L521=21.700/1.930 L522=23.295/11.256 L525=17.805/7.464",521,0,0
766,6808,23,259,262,262,cv_inspected,"commercial tape; raw first pass-through row is picture; dark first band retained; raw three-third displacement L259=0.547,0.610,0.776/L260=2.306,1.622,0.732/L261=6.885,1.163,0.714/L262=0.331,0.736,1.314; peak=L261 margin=4.579; split fraction/run=0.216/6; outer edges=0/714; body=67.0+/-2.0/693.0+/-6.0; switch onset=L260; last complete picture=L259; band bottom=L262; row Y(mean/std) L22=1.372/0.483 L23=3.472/2.496 L24=6.783/6.489 L259=21.442/1.747 L260=24.556/12.536 L262=15.959/8.023",259,286,521,525,525,cv_inspected,"commercial tape; raw first pass-through row is picture; dark first band retained; raw three-third displacement L522=0.542,0.427,5.267/L523=5.502,0.555,5.628/L524=0.246,0.617,1.008/L525=1.537,0.810,0.882; peak=L523 margin=0.361; split fraction/run=0.023/2; outer edges=2/669; body=4.0+/-2.0/694.0+/-7.0; switch onset=L522; last complete picture=L521; band bottom=L525; row Y(mean/std) L285=1.375/0.484 L286=1.489/0.605 L287=16.587/1.536 L521=22.358/1.749 L522=25.022/18.784 L525=18.227/7.480",521,0,0
767,6809,23,259,262,262,cv_inspected,"commercial tape; raw first pass-through row is picture; dark first band retained; raw three-third displacement L259=0.607,0.602,0.778/L260=4.478,1.914,0.837/L261=9.869,1.688,0.789/L262=0.328,0.785,0.881; peak=L261 margin=5.391; split fraction/run=0.113/8; outer edges=2/714; body=4.0+/-2.0/694.0+/-5.0; switch onset=L260; last complete picture=L259; band bottom=L262; row Y(mean/std) L22=1.381/0.486 L23=3.152/2.248 L24=7.233/7.122 L259=22.478/1.743 L260=27.188/20.725 L262=17.308/8.652",259,286,521,525,525,cv_inspected,"commercial tape; raw first pass-through row is picture; dark first band retained; raw three-third displacement L522=0.659,0.595,1.742/L523=6.563,0.866,1.618/L524=0.356,0.759,1.037/L525=1.806,0.878,0.864; peak=L523 margin=4.757; split fraction/run=0.070/4; outer edges=3/670; body=4.0+/-2.0/693.0+/-5.0; switch onset=L522; last complete picture=L521; band bottom=L525; row Y(mean/std) L285=1.369/0.482 L286=1.567/0.690 L287=17.528/1.759 L521=22.145/1.661 L522=22.833/3.657 L525=18.434/7.399",521,0,0
768,6810,23,259,262,262,cv_inspected,"commercial tape; raw first pass-through row is picture; dark first band retained; raw three-third displacement L259=0.590,0.598,0.763/L260=1.157,1.936,0.769/L261=6.518,1.933,0.837/L262=0.407,0.872,1.006; peak=L261 margin=4.582; split fraction/run=0.066/6; outer edges=2/714; body=4.0+/-2.0/694.0+/-4.0; switch onset=L260; last complete picture=L259; band bottom=L262; row Y(mean/std) L22=1.366/0.482 L23=3.455/2.431 L24=8.219/8.067 L259=22.248/1.604 L260=21.111/5.270 L262=16.453/8.162",259,286,521,525,525,cv_inspected,"commercial tape; raw first pass-through row is picture; dark first band retained; raw three-third displacement L522=0.685,0.795,0.865/L523=7.307,1.039,0.795/L524=0.356,0.917,1.133/L525=2.112,0.922,1.262; peak=L523 margin=5.194; split fraction/run=0.047/3; outer edges=4/683; body=4.0+/-2.0/694.0+/-4.2; switch onset=L522; last complete picture=L521; band bottom=L525; row Y(mean/std) L285=1.377/0.485 L286=1.587/0.715 L287=19.375/1.624 L521=21.962/1.540 L522=22.486/1.292 L525=19.134/7.906",521,0,0
769,6811,23,259,262,262,cv_inspected,"commercial tape; raw first pass-through row is picture; dark first band retained; raw three-third displacement L259=0.798,0.735,0.864/L260=0.966,1.289,1.062/L261=7.821,1.459,1.272/L262=0.537,0.995,0.975; peak=L261 margin=6.532; split fraction/run=0.028/1; outer edges=2/714; body=3.0+/-3.0/694.0+/-3.0; switch onset=L260; last complete picture=L259; band bottom=L262; row Y(mean/std) L22=1.392/0.488 L23=3.061/2.203 L24=8.403/8.491 L259=22.422/1.518 L260=23.144/2.843 L262=16.675/8.249",259,286,521,525,525,cv_inspected,"commercial tape; raw first pass-through row is picture; dark first band retained; raw three-third displacement L522=0.749,0.903,0.984/L523=8.099,0.976,0.928/L524=0.476,0.976,1.198/L525=2.359,1.141,1.072; peak=L523 margin=5.739; split fraction/run=0.085/5; outer edges=3/687; body=4.0+/-2.0/694.0+/-2.0; switch onset=L522; last complete picture=L521; band bottom=L525; row Y(mean/std) L285=1.361/0.480 L286=1.503/0.599 L287=19.691/1.496 L521=22.294/1.665 L522=22.456/1.351 L525=18.606/7.554",521,0,0
770,6812,23,259,262,262,direct,"commercial tape; raw first pass-through row is picture; dark first band retained; raw three-third displacement L259=0.889,0.962,0.828/L260=2.872,2.691,0.850/L261=10.733,2.668,0.994/L262=0.636,1.035,1.055; peak=L261 margin=7.861; split fraction/run=0.056/7; outer edges=3/714; body=3.0+/-3.0/693.0+/-2.0; switch onset=L260; last complete picture=L259; band bottom=L262",259,286,521,525,525,cv_inspected,"commercial tape; raw first pass-through row is picture; dark first band retained; raw three-third displacement L522=1.077,1.077,2.247/L523=9.948,1.212,1.981/L524=0.548,1.046,0.997/L525=2.880,1.249,1.173; peak=L523 margin=7.068; split fraction/run=0.084/6; outer edges=3/677; body=4.0+/-2.0/694.0+/-2.0; switch onset=L522; last complete picture=L521; band bottom=L525; row Y(mean/std) L285=1.364/0.481 L286=1.577/0.816 L287=21.252/1.642 L521=21.848/1.665 L522=22.941/5.325 L525=19.094/7.850",521,0,0
771,6813,23,259,262,262,direct,"commercial tape; raw first pass-through row is picture; dark first band retained; raw three-third displacement L259=0.835,1.077,1.089/L260=2.047,1.034,1.061/L261=11.181,1.012,0.984/L262=0.872,1.022,0.987; peak=L261 margin=9.134; split fraction/run=0.075/6; outer edges=2/714; body=4.0+/-2.0/694.0+/-2.0; switch onset=L260; last complete picture=L259; band bottom=L262",259,286,521,525,525,cv_inspected,"commercial tape; raw first pass-through row is picture; dark first band retained; raw three-third displacement L522=1.036,0.886,3.325/L523=10.675,1.072,3.159/L524=0.589,1.098,1.308/L525=2.990,1.464,1.202; peak=L523 margin=7.351; split fraction/run=0.056/5; outer edges=3/664; body=4.0+/-2.0/694.0+/-2.0; switch onset=L522; last complete picture=L521; band bottom=L525; row Y(mean/std) L285=1.358/0.479 L286=1.409/0.531 L287=22.239/1.375 L521=22.505/1.641 L522=23.639/6.718 L525=18.516/7.589",521,0,0
772,6814,23,259,262,262,direct,"commercial tape; raw first pass-through row is picture; dark first band retained; raw three-third displacement L259=0.994,0.911,0.984/L260=2.340,1.711,1.013/L261=12.000,1.655,1.058/L262=0.609,1.168,1.450; peak=L261 margin=9.660; split fraction/run=0.052/4; outer edges=3/714; body=3.0+/-3.0/694.0+/-2.0; switch onset=L260; last complete picture=L259; band bottom=L262",259,286,521,525,525,cv_inspected,"commercial tape; raw first pass-through row is picture; dark first band retained; raw three-third displacement L522=0.785,0.976,2.688/L523=10.346,1.229,2.722/L524=0.658,1.185,1.166/L525=3.168,1.441,1.495; peak=L523 margin=7.178; split fraction/run=0.051/3; outer edges=3/661; body=4.0+/-2.0/694.0+/-2.0; switch onset=L522; last complete picture=L521; band bottom=L525; row Y(mean/std) L285=1.375/0.484 L286=1.647/0.769 L287=22.994/1.413 L521=22.137/1.357 L522=21.536/5.272 L525=19.058/7.689",521,0,0
773,6815,23,259,262,262,cv_inspected,"commercial tape; raw first pass-through row is picture; dark first band retained; raw three-third displacement L259=1.000,1.120,0.754/L260=7.329,1.770,1.191/L261=16.772,1.366,1.064/L262=0.560,1.363,1.176; peak=L261 margin=9.443; split fraction/run=0.085/4; outer edges=3/714; body=4.0+/-2.0/694.0+/-2.0; switch onset=L260; last complete picture=L259; band bottom=L262; row Y(mean/std) L22=1.359/0.480 L23=3.163/2.248 L24=9.425/9.828 L259=22.423/1.460 L260=25.669/18.033 L262=17.230/8.501",259,286,521,525,525,cv_inspected,"commercial tape; raw first pass-through row is picture; dark first band retained; raw three-third displacement L522=1.141,0.997,7.399/L523=10.495,1.199,7.248/L524=0.633,0.902,1.170/L525=2.948,1.339,1.261; peak=L523 margin=3.096; split fraction/run=0.075/2; outer edges=3/657; body=4.0+/-2.0/694.0+/-2.0; switch onset=L522; last complete picture=L521; band bottom=L525; row Y(mean/std) L285=1.378/0.485 L286=1.581/0.687 L287=22.492/1.606 L521=22.256/1.662 L522=25.702/18.733 L525=18.250/7.391",521,0,0
774,6816,23,259,262,262,cv_inspected,"commercial tape; raw first pass-through row is picture; dark first band retained; raw three-third displacement L259=0.909,1.006,0.898/L260=1.573,1.000,1.453/L261=9.879,0.848,1.123/L262=0.727,1.491,1.213; peak=L261 margin=8.306; split fraction/run=0.136/6; outer edges=3/714; body=4.0+/-2.0/694.0+/-2.0; switch onset=L260; last complete picture=L259; band bottom=L262; row Y(mean/std) L22=1.378/0.485 L23=3.339/2.431 L24=9.733/10.107 L259=21.755/1.525 L260=21.741/2.630 L262=16.059/7.818",259,286,521,525,525,cv_inspected,"commercial tape; raw first pass-through row is picture; dark first band retained; raw three-third displacement L522=1.031,1.000,1.584/L523=10.213,0.950,1.707/L524=0.693,0.809,1.129/L525=3.279,1.103,1.167; peak=L523 margin=6.934; split fraction/run=0.085/7; outer edges=5/670; body=4.0+/-2.0/694.0+/-2.0; switch onset=L522; last complete picture=L521; band bottom=L525; row Y(mean/std) L285=1.375/0.484 L286=1.600/0.731 L287=22.350/1.614 L521=22.700/1.407 L522=22.812/2.747 L525=19.377/7.896",521,0,0
775,6817,23,259,262,262,cv_inspected,"commercial tape; raw first pass-through row is picture; dark first band retained; raw three-third displacement L259=0.997,0.997,0.948/L260=1.113,1.090,1.080/L261=9.110,1.111,0.910/L262=0.813,1.287,1.327; peak=L261 margin=7.783; split fraction/run=0.103/4; outer edges=4/714; body=4.0+/-2.0/694.0+/-2.0; switch onset=L260; last complete picture=L259; band bottom=L262; row Y(mean/std) L22=1.364/0.481 L23=3.367/2.518 L24=10.005/10.263 L259=22.108/1.656 L260=21.502/1.506 L262=17.464/8.578",259,286,521,525,525,cv_inspected,"commercial tape; raw first pass-through row is picture; dark first band retained; raw three-third displacement L522=0.790,1.017,2.010/L523=10.532,0.944,2.056/L524=0.694,1.191,1.020/L525=3.100,1.472,1.387; peak=L523 margin=7.432; split fraction/run=0.052/5; outer edges=4/670; body=4.0+/-2.0/694.0+/-2.0; switch onset=L522; last complete picture=L521; band bottom=L525; row Y(mean/std) L285=1.366/0.482 L286=1.609/0.738 L287=22.059/1.515 L521=22.828/1.295 L522=22.878/5.247 L525=18.245/7.400",521,0,0
776,6818,23,259,262,262,cv_inspected,"commercial tape; raw first pass-through row is picture; dark first band retained; raw three-third displacement L259=0.929,0.956,0.892/L260=2.991,1.187,1.003/L261=11.466,0.915,1.062/L262=0.744,1.123,1.190; peak=L261 margin=8.475; split fraction/run=0.094/4; outer edges=1/714; body=3.0+/-2.0/694.0+/-2.0; switch onset=L260; last complete picture=L259; band bottom=L262; row Y(mean/std) L22=1.373/0.484 L23=3.189/2.295 L24=9.734/10.027 L259=22.109/1.303 L260=22.930/5.792 L262=17.275/8.457",259,286,521,525,525,cv_inspected,"commercial tape; raw first pass-through row is picture; dark first band retained; raw three-third displacement L522=0.871,0.934,1.714/L523=10.557,0.907,1.765/L524=0.518,1.034,1.313/L525=2.994,1.207,1.180; peak=L523 margin=7.563; split fraction/run=0.056/3; outer edges=4/670; body=4.0+/-2.0/694.0+/-2.0; switch onset=L522; last complete picture=L521; band bottom=L525; row Y(mean/std) L285=1.364/0.481 L286=1.723/0.855 L287=22.830/1.477 L521=22.680/1.553 L522=22.805/3.017 L525=18.558/7.511",521,0,0
777,6819,23,259,262,262,direct,"commercial tape; raw first pass-through row is picture; dark first band retained; raw three-third displacement L259=1.108,1.049,0.879/L260=2.552,1.182,0.886/L261=11.356,1.140,0.869/L262=0.743,1.150,1.206; peak=L261 margin=8.803; split fraction/run=0.052/2; outer edges=2/714; body=4.0+/-2.0/694.0+/-2.0; switch onset=L260; last complete picture=L259; band bottom=L262",259,286,521,525,525,cv_inspected,"commercial tape; raw first pass-through row is picture; dark first band retained; raw three-third displacement L522=0.997,1.069,6.071/L523=10.067,1.372,5.963/L524=0.631,1.152,1.203/L525=3.319,1.190,1.285; peak=L523 margin=3.996; split fraction/run=0.051/1; outer edges=3/672; body=3.0+/-3.0/694.0+/-2.0; switch onset=L522; last complete picture=L521; band bottom=L525; row Y(mean/std) L285=1.377/0.485 L286=1.655/0.781 L287=22.634/1.444 L521=22.231/1.271 L522=24.094/18.746 L525=18.961/7.557",521,0,0
778,6820,23,259,262,262,direct,"commercial tape; raw first pass-through row is picture; dark first band retained; raw three-third displacement L259=0.883,1.041,1.050/L260=1.684,1.867,1.009/L261=10.231,1.573,1.028/L262=0.693,1.373,1.599; peak=L261 margin=8.364; split fraction/run=0.085/5; outer edges=1/714; body=4.0+/-2.0/694.0+/-2.0; switch onset=L260; last complete picture=L259; band bottom=L262",259,286,521,525,525,cv_inspected,"commercial tape; raw first pass-through row is picture; dark first band retained; raw three-third displacement L522=0.926,0.799,1.117/L523=10.545,1.272,0.841/L524=0.687,1.065,0.903/L525=3.286,1.252,1.362; peak=L523 margin=7.259; split fraction/run=0.084/5; outer edges=2/693; body=3.0+/-2.0/694.0+/-2.0; switch onset=L522; last complete picture=L521; band bottom=L525; raw per-unit candidate L522 disagrees; pooled raw-row displacement of the continuous stable lock resolves L521; row Y(mean/std) L285=1.364/0.481 L286=1.559/0.654 L287=22.672/1.388 L521=22.137/1.382 L522=21.953/1.252 L525=19.103/7.800",522,0,0
779,6821,23,259,262,262,cv_inspected,"commercial tape; raw first pass-through row is picture; dark first band retained; raw three-third displacement L259=0.887,0.809,0.864/L260=1.226,1.580,1.148/L261=7.238,1.701,1.340/L262=0.713,1.355,1.503; peak=L261 margin=5.658; split fraction/run=0.047/4; outer edges=5/714; body=5.0+/-2.0/712.0+/-2.0; switch onset=L260; last complete picture=L259; band bottom=L262; raw per-unit candidate L260 disagrees; pooled raw-row displacement of the continuous stable lock resolves L259; row Y(mean/std) L22=1.381/0.486 L23=19.050/1.433 L24=19.661/1.521 L259=16.833/1.458 L260=16.330/2.479 L262=12.784/6.303",260,286,521,525,525,direct,"commercial tape; raw first pass-through row is picture; dark first band retained; raw three-third displacement L522=1.110,1.046,1.046/L523=8.167,1.211,0.954/L524=0.699,1.264,1.315/L525=2.692,1.409,1.489; peak=L523 margin=5.475; split fraction/run=0.047/4; outer edges=3/698; body=5.0+/-2.0/712.0+/-2.0; switch onset=L522; last complete picture=L521; band bottom=L525",521,0,0
780,6822,23,259,262,262,cv_inspected,"commercial tape; raw first pass-through row is picture; dark first band retained; raw three-third displacement L259=0.748,0.914,1.036/L260=0.965,1.356,0.885/L261=7.182,1.403,0.964/L262=0.631,1.086,1.285; peak=L261 margin=5.825; split fraction/run=0.042/2; outer edges=5/714; body=5.0+/-2.0/713.0+/-2.0; switch onset=L260; last complete picture=L259; band bottom=L262; raw per-unit candidate L260 disagrees; pooled raw-row displacement of the continuous stable lock resolves L259; row Y(mean/std) L22=1.378/0.485 L23=18.634/1.378 L24=19.059/1.281 L259=16.137/1.333 L260=16.606/1.917 L262=12.842/6.207",260,286,521,525,525,cv_inspected,"commercial tape; raw first pass-through row is picture; dark first band retained; raw three-third displacement L522=1.128,0.982,1.259/L523=8.616,1.151,0.982/L524=0.690,1.151,1.454/L525=2.804,1.261,1.674; peak=L523 margin=5.811; split fraction/run=0.042/4; outer edges=5/714; body=5.0+/-2.0/712.0+/-2.0; switch onset=L522; last complete picture=L521; band bottom=L525; raw per-unit candidate L522 disagrees; pooled raw-row displacement of the continuous stable lock resolves L521; row Y(mean/std) L285=1.398/0.490 L286=19.298/1.516 L287=20.494/1.530 L521=16.827/1.374 L522=16.766/1.431 L525=13.641/5.445",522,0,0
781,6823,23,259,262,262,cv_inspected,"commercial tape; raw first pass-through row is picture; dark first band retained; raw three-third displacement L259=1.034,0.852,0.913/L260=1.038,10.138,0.865/L261=8.007,10.404,1.045/L262=0.620,0.966,1.059; peak=L261 margin=0.266; split fraction/run=0.023/1; outer edges=5/714; body=5.0+/-2.0/712.0+/-2.0; switch onset=L260; last complete picture=L259; band bottom=L262; raw per-unit candidate L260 disagrees; pooled raw-row displacement of the continuous stable lock resolves L259; row Y(mean/std) L22=1.373/0.484 L23=19.336/1.374 L24=19.691/1.528 L259=16.881/1.314 L260=21.102/21.608 L262=12.723/6.156",260,286,521,525,525,cv_inspected,"commercial tape; raw first pass-through row is picture; dark first band retained; raw three-third displacement L522=0.908,1.072,1.106/L523=8.156,1.123,0.734/L524=0.621,0.989,1.142/L525=3.092,1.318,1.461; peak=L523 margin=5.064; split fraction/run=0.070/5; outer edges=5/709; body=5.0+/-2.0/713.0+/-2.0; switch onset=L522; last complete picture=L521; band bottom=L525; row Y(mean/std) L285=1.383/0.486 L286=19.261/1.376 L287=20.205/1.363 L521=16.270/1.546 L522=16.647/1.231 L525=13.828/5.498",521,0,0
782,6824,23,259,262,262,cv_inspected,"commercial tape; raw first pass-through row is picture; dark first band retained; raw three-third displacement L259=1.020,0.888,1.085/L260=0.986,2.935,0.925/L261=7.919,3.231,1.051/L262=0.895,1.619,1.544; peak=L261 margin=4.983; split fraction/run=0.052/4; outer edges=5/714; body=5.0+/-2.0/712.0+/-2.0; switch onset=L260; last complete picture=L259; band bottom=L262; raw per-unit candidate L260 disagrees; pooled raw-row displacement of the continuous stable lock resolves L259; row Y(mean/std) L22=1.387/0.487 L23=19.341/1.373 L24=19.572/1.452 L259=16.845/1.451 L260=15.767/3.658 L262=12.334/5.917",260,286,521,525,525,cv_inspected,"commercial tape; raw first pass-through row is picture; dark first band retained; raw three-third displacement L522=1.067,0.985,1.033/L523=8.288,1.056,1.022/L524=0.691,1.124,1.219/L525=2.877,1.311,1.431; peak=L523 margin=5.411; split fraction/run=0.033/2; outer edges=4/710; body=5.0+/-2.0/712.0+/-2.0; switch onset=L522; last complete picture=L521; band bottom=L525; raw per-unit candidate L522 disagrees; pooled raw-row displacement of the continuous stable lock resolves L521; row Y(mean/std) L285=1.377/0.485 L286=19.614/1.464 L287=21.092/1.433 L521=16.564/1.327 L522=16.747/1.275 L525=14.261/5.593",522,0,0
783,6825,23,259,262,262,cv_inspected,"commercial tape; raw first pass-through row is picture; dark first band retained; raw three-third displacement L259=1.081,0.838,1.047/L260=1.193,7.898,0.970/L261=7.601,7.884,0.950/L262=0.605,1.053,1.227; peak=L260 margin=0.013; split fraction/run=0.056/4; outer edges=5/712; body=5.0+/-2.0/712.0+/-2.0; switch onset=L260; last complete picture=L259; band bottom=L262; row Y(mean/std) L22=1.372/0.483 L23=19.006/1.365 L24=19.711/1.469 L259=16.709/1.606 L260=19.598/17.662 L262=12.577/6.005",259,286,521,525,525,cv_inspected,"commercial tape; raw first pass-through row is picture; dark first band retained; raw three-third displacement L522=0.866,1.129,1.069/L523=8.275,1.272,1.262/L524=0.612,1.179,1.433/L525=2.880,1.297,1.673; peak=L523 margin=5.395; split fraction/run=0.042/5; outer edges=3/714; body=5.0+/-2.0/712.0+/-2.0; switch onset=L522; last complete picture=L521; band bottom=L525; raw per-unit candidate L522 disagrees; pooled raw-row displacement of the continuous stable lock resolves L521; row Y(mean/std) L285=1.364/0.481 L286=20.025/1.378 L287=20.708/1.291 L521=17.130/1.409 L522=16.788/1.353 L525=14.527/5.731",522,0,0
784,6826,23,259,262,262,cv_inspected,"commercial tape; raw first pass-through row is picture; dark first band retained; raw three-third displacement L259=0.898,0.854,0.917/L260=0.810,4.742,0.927/L261=7.702,4.775,1.096/L262=0.637,1.103,1.446; peak=L261 margin=2.960; split fraction/run=0.080/8; outer edges=4/714; body=5.0+/-2.0/712.0+/-2.0; switch onset=L260; last complete picture=L259; band bottom=L262; raw per-unit candidate L260 disagrees; pooled raw-row displacement of the continuous stable lock resolves L259; row Y(mean/std) L22=1.369/0.482 L23=18.872/1.310 L24=19.952/1.632 L259=16.614/1.271 L260=18.283/9.019 L262=12.869/6.167",260,286,521,525,525,cv_inspected,"commercial tape; raw first pass-through row is picture; dark first band retained; raw three-third displacement L522=1.213,1.239,0.957/L523=8.556,1.271,1.136/L524=0.633,1.243,1.348/L525=3.157,1.561,1.573; peak=L523 margin=5.399; split fraction/run=0.052/3; outer edges=4/714; body=5.0+/-2.0/712.0+/-2.0; switch onset=L522; last complete picture=L521; band bottom=L525; raw per-unit candidate L522 disagrees; pooled raw-row displacement of the continuous stable lock resolves L521; row Y(mean/std) L285=1.373/0.484 L286=19.908/1.355 L287=21.188/1.501 L521=16.939/1.611 L522=16.928/1.430 L525=14.819/5.942",522,0,0
785,6827,23,259,262,262,cv_inspected,"commercial tape; raw first pass-through row is picture; dark first band retained; raw three-third displacement L259=1.115,0.918,1.024/L260=1.182,8.310,1.031/L261=7.922,8.316,1.217/L262=0.777,1.051,1.597; peak=L261 margin=0.007; split fraction/run=0.038/4; outer edges=5/714; body=5.0+/-2.0/712.0+/-2.0; switch onset=L260; last complete picture=L259; band bottom=L262; raw per-unit candidate L260 disagrees; pooled raw-row displacement of the continuous stable lock resolves L259; row Y(mean/std) L22=1.397/0.489 L23=19.011/1.365 L24=20.045/1.450 L259=16.453/1.281 L260=19.845/17.802 L262=12.397/5.942",260,286,521,525,525,direct,"commercial tape; raw first pass-through row is picture; dark first band retained; raw three-third displacement L522=1.196,1.072,0.905/L523=8.462,1.069,1.130/L524=0.755,1.486,1.221/L525=3.003,1.714,1.544; peak=L523 margin=5.458; split fraction/run=0.038/2; outer edges=5/702; body=5.0+/-2.0/712.0+/-2.0; switch onset=L522; last complete picture=L521; band bottom=L525",521,0,0
786,6828,23,259,262,262,cv_inspected,"commercial tape; raw first pass-through row is picture; dark first band retained; raw three-third displacement L259=1.181,1.017,0.976/L260=1.667,3.357,1.034/L261=9.038,3.364,1.305/L262=0.733,1.320,1.664; peak=L261 margin=5.681; split fraction/run=0.052/6; outer edges=5/714; body=5.0+/-2.0/712.0+/-2.0; switch onset=L260; last complete picture=L259; band bottom=L262; raw per-unit candidate L260 disagrees; pooled raw-row displacement of the continuous stable lock resolves L259; row Y(mean/std) L22=1.375/0.484 L23=19.486/1.590 L24=20.250/1.462 L259=16.947/1.404 L260=18.616/6.882 L262=13.227/6.453",260,286,521,525,525,cv_inspected,"commercial tape; raw first pass-through row is picture; dark first band retained; raw three-third displacement L522=1.126,1.014,1.208/L523=8.465,1.287,1.208/L524=0.608,1.323,1.194/L525=2.916,1.546,1.479; peak=L523 margin=5.549; split fraction/run=0.047/4; outer edges=4/714; body=5.0+/-2.0/713.0+/-2.0; switch onset=L522; last complete picture=L521; band bottom=L525; raw per-unit candidate L522 disagrees; pooled raw-row displacement of the continuous stable lock resolves L521; row Y(mean/std) L285=1.377/0.485 L286=20.028/1.337 L287=20.144/1.388 L521=17.298/1.472 L522=17.195/1.380 L525=14.272/5.756",522,0,0
787,6829,23,259,262,262,cv_inspected,"commercial tape; raw first pass-through row is picture; dark first band retained; raw three-third displacement L259=1.010,1.187,1.061/L260=8.359,1.797,0.861/L261=15.309,1.867,0.912/L262=0.681,0.963,1.118; peak=L261 margin=6.950; split fraction/run=0.080/12; outer edges=6/714; body=5.0+/-2.0/712.0+/-2.0; switch onset=L260; last complete picture=L259; band bottom=L262; raw per-unit candidate L260 disagrees; pooled raw-row displacement of the continuous stable lock resolves L259; row Y(mean/std) L22=1.383/0.486 L23=19.259/1.460 L24=20.167/1.519 L259=17.603/1.469 L260=21.181/19.620 L262=12.977/6.248",260,286,521,525,525,direct,"commercial tape; raw first pass-through row is picture; dark first band retained; raw three-third displacement L522=1.011,0.986,2.324/L523=8.645,1.125,2.349/L524=0.598,1.244,1.183/L525=2.877,1.491,1.568; peak=L523 margin=5.768; split fraction/run=0.051/3; outer edges=3/653; body=5.0+/-2.0/713.0+/-2.0; switch onset=L522; last complete picture=L521; band bottom=L525",521,0,0
788,6830,23,259,262,262,cv_inspected,"commercial tape; raw first pass-through row is picture; dark first band retained; raw three-third displacement L259=1.145,0.983,0.970/L260=8.947,1.321,0.954/L261=15.632,1.204,0.884/L262=0.691,1.435,1.477; peak=L261 margin=6.684; split fraction/run=0.080/5; outer edges=4/714; body=5.0+/-2.0/712.0+/-2.0; switch onset=L260; last complete picture=L259; band bottom=L262; raw per-unit candidate L260 disagrees; pooled raw-row displacement of the continuous stable lock resolves L259; row Y(mean/std) L22=1.370/0.483 L23=19.611/1.590 L24=20.270/1.432 L259=17.141/1.522 L260=21.473/19.364 L262=12.711/6.130",260,286,521,525,525,direct,"commercial tape; raw first pass-through row is picture; dark first band retained; raw three-third displacement L522=1.043,0.960,6.940/L523=8.125,1.164,6.989/L524=0.756,1.449,1.177/L525=2.935,2.040,1.993; peak=L523 margin=1.186; split fraction/run=0.033/2; outer edges=4/646; body=5.0+/-2.0/712.0+/-2.0; switch onset=L522; last complete picture=L521; band bottom=L525",521,0,0
789,6831,23,259,262,262,cv_inspected,"commercial tape; raw first pass-through row is picture; dark first band retained; raw three-third displacement L259=0.993,1.182,0.980/L260=3.280,1.331,0.970/L261=10.628,1.136,1.072/L262=0.901,1.338,1.420; peak=L261 margin=7.349; split fraction/run=0.066/5; outer edges=3/714; body=5.0+/-2.0/712.0+/-2.0; switch onset=L260; last complete picture=L259; band bottom=L262; raw per-unit candidate L260 disagrees; pooled raw-row displacement of the continuous stable lock resolves L259; row Y(mean/std) L22=1.372/0.483 L23=18.880/1.561 L24=19.756/1.434 L259=18.106/1.435 L260=16.820/5.290 L262=13.020/6.293",260,286,521,525,525,direct,"commercial tape; raw first pass-through row is picture; dark first band retained; raw three-third displacement L522=1.247,1.251,6.022/L523=8.565,1.284,6.011/L524=0.601,1.305,1.278/L525=2.947,1.615,1.465; peak=L523 margin=2.543; split fraction/run=0.042/7; outer edges=4/642; body=5.0+/-2.0/713.0+/-2.0; switch onset=L522; last complete picture=L521; band bottom=L525",521,0,0
790,6832,23,259,262,262,cv_inspected,"commercial tape; raw first pass-through row is picture; dark first band retained; raw three-third displacement L259=1.137,1.165,1.117/L260=5.801,1.216,1.169/L261=12.536,1.206,1.128/L262=0.873,1.254,1.359; peak=L261 margin=6.735; split fraction/run=0.037/3; outer edges=3/714; body=5.0+/-2.0/712.0+/-2.0; switch onset=L260; last complete picture=L259; band bottom=L262; raw per-unit candidate L260 disagrees; pooled raw-row displacement of the continuous stable lock resolves L259; row Y(mean/std) L22=1.380/0.485 L23=19.691/1.480 L24=20.522/1.598 L259=17.575/1.475 L260=19.566/12.173 L262=12.944/6.171",260,286,521,525,525,direct,"commercial tape; raw first pass-through row is picture; dark first band retained; raw three-third displacement L522=1.039,1.068,6.525/L523=8.169,1.279,6.667/L524=0.658,1.221,1.188/L525=3.116,1.582,1.627; peak=L523 margin=1.644; split fraction/run=0.037/2; outer edges=5/661; body=5.0+/-2.0/712.0+/-2.0; switch onset=L522; last complete picture=L521; band bottom=L525",521,0,0
791,6833,23,259,262,262,cv_inspected,"commercial tape; raw first pass-through row is picture; dark first band retained; raw three-third displacement L259=1.253,1.065,0.974/L260=6.591,2.435,1.156/L261=13.117,2.595,1.109/L262=0.562,1.160,1.063; peak=L261 margin=6.526; split fraction/run=0.037/3; outer edges=3/714; body=5.0+/-2.0/712.0+/-2.0; switch onset=L260; last complete picture=L259; band bottom=L262; raw per-unit candidate L260 disagrees; pooled raw-row displacement of the continuous stable lock resolves L259; row Y(mean/std) L22=1.367/0.482 L23=19.534/1.481 L24=20.392/1.364 L259=17.050/1.403 L260=20.122/18.268 L262=12.991/6.238",260,286,521,525,525,direct,"commercial tape; raw first pass-through row is picture; dark first band retained; raw three-third displacement L522=1.312,1.370,3.671/L523=8.607,1.403,3.721/L524=0.656,1.300,1.193/L525=3.109,1.648,1.518; peak=L523 margin=4.936; split fraction/run=0.061/3; outer edges=4/676; body=5.0+/-2.0/712.0+/-2.0; switch onset=L522; last complete picture=L521; band bottom=L525",521,0,0
792,6834,23,259,262,262,direct,"commercial tape; raw first pass-through row is picture; dark first band retained; raw three-third displacement L259=0.946,1.072,0.972/L260=5.581,2.959,0.951/L261=12.570,2.859,1.183/L262=0.480,1.082,1.049; peak=L261 margin=6.990; split fraction/run=0.089/8; outer edges=4/714; body=5.0+/-2.0/712.0+/-2.0; switch onset=L260; last complete picture=L259; band bottom=L262",259,286,521,525,525,direct,"commercial tape; raw first pass-through row is picture; dark first band retained; raw three-third displacement L522=1.319,0.982,5.408/L523=8.389,1.283,5.217/L524=0.587,1.431,1.170/L525=2.674,1.442,1.588; peak=L523 margin=2.981; split fraction/run=0.033/1; outer edges=4/669; body=5.0+/-2.0/712.0+/-2.0; switch onset=L522; last complete picture=L521; band bottom=L525",521,0,0
793,6835,23,259,262,262,cv_inspected,"commercial tape; raw first pass-through row is picture; dark first band retained; raw three-third displacement L259=1.056,0.921,0.886/L260=5.069,2.484,1.023/L261=11.717,2.602,1.247/L262=0.664,1.359,1.518; peak=L261 margin=6.648; split fraction/run=0.056/4; outer edges=4/714; body=5.0+/-2.0/712.0+/-2.0; switch onset=L260; last complete picture=L259; band bottom=L262; raw per-unit candidate L260 disagrees; pooled raw-row displacement of the continuous stable lock resolves L259; row Y(mean/std) L22=1.364/0.481 L23=19.200/1.510 L24=20.544/1.471 L259=16.942/1.381 L260=19.508/14.004 L262=12.969/6.175",260,286,521,525,525,direct,"commercial tape; raw first pass-through row is picture; dark first band retained; raw three-third displacement L522=1.010,1.007,2.142/L523=8.119,1.099,2.150/L524=0.646,1.124,1.164/L525=2.653,1.445,1.274; peak=L523 margin=5.466; split fraction/run=0.070/3; outer edges=3/679; body=5.0+/-2.0/713.0+/-2.0; switch onset=L522; last complete picture=L521; band bottom=L525",521,0,0
794,6836,23,259,262,262,direct,"commercial tape; raw first pass-through row is picture; dark first band retained; raw three-third displacement L259=1.013,1.079,0.872/L260=4.117,4.148,0.966/L261=10.967,4.062,1.084/L262=0.590,1.148,1.490; peak=L261 margin=6.819; split fraction/run=0.099/8; outer edges=5/714; body=5.0+/-2.0/712.0+/-2.0; switch onset=L260; last complete picture=L259; band bottom=L262",259,286,521,525,525,direct,"commercial tape; raw first pass-through row is picture; dark first band retained; raw three-third displacement L522=1.044,0.997,0.930/L523=7.845,1.168,0.947/L524=0.676,1.210,1.060/L525=3.007,1.588,1.518; peak=L523 margin=4.838; split fraction/run=0.047/2; outer edges=4/689; body=5.0+/-2.0/712.0+/-2.0; switch onset=L522; last complete picture=L521; band bottom=L525",521,0,0
795,6837,23,259,262,262,cv_inspected,"commercial tape; raw first pass-through row is picture; dark first band retained; raw three-third displacement L259=1.035,0.983,1.020/L260=1.268,6.261,0.857/L261=7.875,6.116,1.160/L262=0.591,1.307,1.403; peak=L261 margin=1.615; split fraction/run=0.108/13; outer edges=3/714; body=5.0+/-2.0/712.0+/-2.0; switch onset=L260; last complete picture=L259; band bottom=L262; raw per-unit candidate L260 disagrees; pooled raw-row displacement of the continuous stable lock resolves L259; row Y(mean/std) L22=1.383/0.486 L23=19.744/1.549 L24=20.781/1.342 L259=16.722/1.374 L260=19.605/13.633 L262=12.917/6.164",260,286,521,525,525,direct,"commercial tape; raw first pass-through row is picture; dark first band retained; raw three-third displacement L522=1.089,1.088,1.172/L523=8.216,1.209,1.310/L524=0.685,1.404,1.380/L525=2.890,1.741,1.182; peak=L523 margin=5.325; split fraction/run=0.061/3; outer edges=5/694; body=5.0+/-2.0/712.0+/-2.0; switch onset=L522; last complete picture=L521; band bottom=L525",521,0,0
796,6838,23,259,262,262,cv_inspected,"commercial tape; raw first pass-through row is picture; dark first band retained; raw three-third displacement L259=1.331,1.115,1.103/L260=1.123,2.994,1.007/L261=8.000,3.029,0.973/L262=0.795,1.696,1.343; peak=L261 margin=5.006; split fraction/run=0.108/5; outer edges=3/714; body=5.0+/-2.0/712.0+/-2.0; switch onset=L260; last complete picture=L259; band bottom=L262; raw per-unit candidate L260 disagrees; pooled raw-row displacement of the continuous stable lock resolves L259; row Y(mean/std) L22=1.364/0.481 L23=19.583/1.580 L24=20.772/1.463 L259=17.658/1.485 L260=16.342/3.783 L262=12.886/6.159",260,286,521,525,525,direct,"commercial tape; raw first pass-through row is picture; dark first band retained; raw three-third displacement L522=1.000,0.924,1.107/L523=8.527,0.965,0.968/L524=0.680,1.333,1.512/L525=2.905,1.316,1.573; peak=L523 margin=5.622; split fraction/run=0.089/3; outer edges=5/699; body=5.0+/-2.0/712.0+/-2.0; switch onset=L522; last complete picture=L521; band bottom=L525",521,0,0
797,6839,23,259,262,262,cv_inspected,"commercial tape; raw first pass-through row is picture; dark first band retained; raw three-third displacement L259=1.044,0.945,1.051/L260=1.051,6.074,1.064/L261=7.683,5.916,1.109/L262=0.705,1.078,1.164; peak=L261 margin=1.608; split fraction/run=0.099/4; outer edges=5/714; body=5.0+/-2.0/712.0+/-2.0; switch onset=L260; last complete picture=L259; band bottom=L262; raw per-unit candidate L260 disagrees; pooled raw-row displacement of the continuous stable lock resolves L259; row Y(mean/std) L22=1.372/0.483 L23=19.698/1.616 L24=20.887/1.366 L259=17.505/1.446 L260=19.562/12.659 L262=12.881/6.185",260,286,521,525,525,direct,"commercial tape; raw first pass-through row is picture; dark first band retained; raw three-third displacement L522=1.062,1.170,1.125/L523=8.452,1.014,1.206/L524=0.699,1.174,1.601/L525=2.483,1.417,1.548; peak=L523 margin=5.969; split fraction/run=0.047/2; outer edges=6/702; body=5.0+/-2.0/712.0+/-2.0; switch onset=L522; last complete picture=L521; band bottom=L525",521,0,0
798,6840,23,259,262,262,cv_inspected,"commercial tape; raw first pass-through row is picture; dark first band retained; raw three-third displacement L259=0.984,1.144,0.943/L260=1.119,7.356,0.971/L261=7.605,7.410,1.134/L262=0.627,1.503,1.334; peak=L261 margin=0.249; split fraction/run=0.066/3; outer edges=3/714; body=5.0+/-2.0/712.0+/-2.0; switch onset=L260; last complete picture=L259; band bottom=L262; raw per-unit candidate L260 disagrees; pooled raw-row displacement of the continuous stable lock resolves L259; row Y(mean/std) L22=1.377/0.485 L23=18.887/1.498 L24=20.419/1.373 L259=17.222/1.496 L260=20.056/17.024 L262=12.909/6.189",260,286,521,525,525,direct,"commercial tape; raw first pass-through row is picture; dark first band retained; raw three-third displacement L522=0.987,1.256,0.938/L523=7.850,0.972,1.170/L524=0.601,0.860,1.361/L525=2.545,1.035,1.295; peak=L523 margin=5.306; split fraction/run=0.075/3; outer edges=5/685; body=5.0+/-2.0/713.0+/-2.0; switch onset=L522; last complete picture=L521; band bottom=L525",521,0,0
799,6841,23,259,262,262,cv_inspected,"commercial tape; raw first pass-through row is picture; dark first band retained; raw three-third displacement L259=0.949,0.871,0.893/L260=1.316,0.971,1.029/L261=7.741,1.412,1.091/L262=0.527,1.392,1.337; peak=L261 margin=6.349; split fraction/run=0.066/5; outer edges=5/714; body=5.0+/-2.0/713.0+/-2.0; switch onset=L260; last complete picture=L259; band bottom=L262; raw per-unit candidate L260 disagrees; pooled raw-row displacement of the continuous stable lock resolves L259; row Y(mean/std) L22=1.375/0.484 L23=19.434/1.727 L24=20.730/1.368 L259=16.800/1.349 L260=17.000/1.609 L262=13.319/6.528",260,286,521,525,525,direct,"commercial tape; raw first pass-through row is picture; dark first band retained; raw three-third displacement L522=1.187,0.993,1.776/L523=8.425,1.156,1.979/L524=0.690,1.121,1.294/L525=2.741,1.426,1.811; peak=L523 margin=5.684; split fraction/run=0.042/3; outer edges=5/674; body=5.0+/-2.0/712.0+/-2.0; switch onset=L522; last complete picture=L521; band bottom=L525",521,0,0
800,6842,23,259,262,262,direct,"commercial tape; raw first pass-through row is picture; dark first band retained; raw three-third displacement L259=1.175,1.119,0.984/L260=4.296,6.298,1.098/L261=11.404,6.218,1.141/L262=0.570,1.321,1.683; peak=L261 margin=5.106; split fraction/run=0.075/4; outer edges=5/714; body=5.0+/-2.0/713.0+/-2.0; switch onset=L260; last complete picture=L259; band bottom=L262",259,286,521,525,525,direct,"commercial tape; raw first pass-through row is picture; dark first band retained; raw three-third displacement L522=1.034,1.163,1.997/L523=8.847,1.224,2.199/L524=0.739,1.316,1.341/L525=2.959,1.762,1.865; peak=L523 margin=5.888; split fraction/run=0.061/3; outer edges=5/661; body=5.0+/-2.0/712.0+/-2.0; switch onset=L522; last complete picture=L521; band bottom=L525",521,0,0
801,6843,23,259,262,262,cv_inspected,"commercial tape; raw first pass-through row is picture; dark first band retained; raw three-third displacement L259=0.954,0.898,1.023/L260=2.088,1.495,1.016/L261=9.029,1.870,1.280/L262=0.629,1.429,1.427; peak=L261 margin=6.941; split fraction/run=0.028/2; outer edges=5/714; body=5.0+/-2.0/712.0+/-2.0; switch onset=L260; last complete picture=L259; band bottom=L262; raw per-unit candidate L260 disagrees; pooled raw-row displacement of the continuous stable lock resolves L259; row Y(mean/std) L22=1.403/0.491 L23=19.863/1.474 L24=21.236/1.469 L259=17.509/1.469 L260=16.169/3.092 L262=13.120/6.412",260,286,521,525,525,direct,"commercial tape; raw first pass-through row is picture; dark first band retained; raw three-third displacement L522=1.146,1.021,3.517/L523=8.864,1.094,3.514/L524=0.854,1.240,1.420/L525=2.979,1.481,1.587; peak=L523 margin=5.347; split fraction/run=0.061/2; outer edges=4/671; body=5.0+/-2.0/712.0+/-2.0; switch onset=L522; last complete picture=L521; band bottom=L525",521,0,0
802,6844,23,259,262,262,cv_inspected,"commercial tape; raw first pass-through row is picture; dark first band retained; raw three-third displacement L259=1.066,1.003,1.029/L260=2.135,1.605,1.061/L261=9.115,1.948,1.071/L262=0.684,1.539,1.334; peak=L261 margin=6.980; split fraction/run=0.047/3; outer edges=4/714; body=5.0+/-2.0/712.0+/-2.0; switch onset=L260; last complete picture=L259; band bottom=L262; raw per-unit candidate L260 disagrees; pooled raw-row displacement of the continuous stable lock resolves L259; row Y(mean/std) L22=1.384/0.486 L23=19.863/1.558 L24=20.809/1.371 L259=17.453/1.475 L260=16.450/3.397 L262=13.178/6.311",260,286,521,525,525,direct,"commercial tape; raw first pass-through row is picture; dark first band retained; raw three-third displacement L522=0.947,1.014,5.803/L523=8.025,1.127,5.737/L524=0.818,1.106,1.110/L525=2.561,1.603,1.367; peak=L523 margin=2.221; split fraction/run=0.033/2; outer edges=4/670; body=5.0+/-2.0/712.0+/-2.0; switch onset=L522; last complete picture=L521; band bottom=L525",521,0,0
803,6845,23,259,262,262,cv_inspected,"commercial tape; raw first pass-through row is picture; dark first band retained; raw three-third displacement L259=1.166,1.184,0.974/L260=2.773,1.511,0.984/L261=9.864,1.581,1.090/L262=0.571,1.508,1.761; peak=L261 margin=7.091; split fraction/run=0.066/6; outer edges=4/714; body=5.0+/-2.0/712.0+/-2.0; switch onset=L260; last complete picture=L259; band bottom=L262; raw per-unit candidate L260 disagrees; pooled raw-row displacement of the continuous stable lock resolves L259; row Y(mean/std) L22=1.373/0.484 L23=19.387/1.552 L24=20.692/1.393 L259=17.645/1.598 L260=16.753/3.936 L262=12.908/6.331",260,286,521,525,525,direct,"commercial tape; raw first pass-through row is picture; dark first band retained; raw three-third displacement L522=0.933,0.892,5.182/L523=8.168,0.948,5.284/L524=0.775,1.059,1.656/L525=3.021,1.540,1.309; peak=L523 margin=2.986; split fraction/run=0.070/4; outer edges=4/663; body=5.0+/-2.0/712.0+/-2.0; switch onset=L522; last complete picture=L521; band bottom=L525",521,0,0
804,6846,23,259,262,262,cv_inspected,"commercial tape; raw first pass-through row is picture; dark first band retained; raw three-third displacement L259=1.129,1.041,1.050/L260=3.387,1.457,0.970/L261=11.209,1.843,1.003/L262=0.721,1.611,1.439; peak=L261 margin=7.822; split fraction/run=0.037/2; outer edges=3/714; body=5.0+/-2.0/712.0+/-2.0; switch onset=L260; last complete picture=L259; band bottom=L262; raw per-unit candidate L260 disagrees; pooled raw-row displacement of the continuous stable lock resolves L259; row Y(mean/std) L22=1.375/0.484 L23=19.361/1.398 L24=20.517/1.407 L259=17.806/1.447 L260=16.958/5.769 L262=13.045/6.368",260,286,521,525,525,direct,"commercial tape; raw first pass-through row is picture; dark first band retained; raw three-third displacement L522=1.096,1.301,6.514/L523=8.500,1.240,6.647/L524=0.816,1.168,1.482/L525=3.154,1.659,1.439; peak=L523 margin=1.986; split fraction/run=0.056/3; outer edges=4/648; body=5.0+/-2.0/713.0+/-2.0; switch onset=L522; last complete picture=L521; band bottom=L525",521,0,0
805,6847,23,259,262,262,cv_inspected,"commercial tape; raw first pass-through row is picture; dark first band retained; raw three-third displacement L259=1.032,0.950,1.209/L260=7.007,1.179,1.091/L261=14.000,1.301,1.424/L262=0.754,1.546,1.458; peak=L261 margin=6.993; split fraction/run=0.061/5; outer edges=3/714; body=5.0+/-2.0/712.0+/-2.0; switch onset=L260; last complete picture=L259; band bottom=L262; raw per-unit candidate L260 disagrees; pooled raw-row displacement of the continuous stable lock resolves L259; row Y(mean/std) L22=1.369/0.482 L23=19.605/1.420 L24=20.308/1.404 L259=17.356/1.499 L260=19.350/13.355 L262=12.691/6.168",260,286,521,525,525,direct,"commercial tape; raw first pass-through row is picture; dark first band retained; raw three-third displacement L522=1.180,1.105,3.796/L523=9.085,1.257,3.596/L524=0.555,1.246,1.428/L525=3.044,1.315,1.453; peak=L523 margin=5.288; split fraction/run=0.061/2; outer edges=4/639; body=5.0+/-2.0/712.0+/-2.0; switch onset=L522; last complete picture=L521; band bottom=L525",521,0,0
806,6848,23,259,262,262,cv_inspected,"commercial tape; raw first pass-through row is picture; dark first band retained; raw three-third displacement L259=1.212,1.027,1.021/L260=8.155,1.125,1.069/L261=15.329,0.976,1.355/L262=0.866,1.447,1.666; peak=L261 margin=7.173; split fraction/run=0.052/2; outer edges=3/714; body=5.0+/-2.0/712.0+/-2.0; switch onset=L260; last complete picture=L259; band bottom=L262; raw per-unit candidate L260 disagrees; pooled raw-row displacement of the continuous stable lock resolves L259; row Y(mean/std) L22=1.366/0.482 L23=20.370/1.467 L24=20.817/1.313 L259=17.111/1.597 L260=20.098/17.042 L262=12.439/6.074",260,286,521,525,525,cv_inspected,"commercial tape; raw first pass-through row is picture; dark first band retained; raw three-third displacement L522=1.315,1.199,9.615/L523=9.193,1.325,9.327/L524=0.600,1.277,1.469/L525=3.141,1.690,1.625; peak=L522 margin=0.287; split fraction/run=0.056/3; outer edges=4/712; body=5.0+/-2.0/712.0+/-2.0; switch onset=L522; last complete picture=L521; band bottom=L525; row Y(mean/std) L285=1.372/0.483 L286=20.328/1.297 L287=20.791/1.420 L521=17.308/1.580 L522=21.145/19.230 L525=14.153/5.705",521,0,0
807,6849,23,259,262,262,cv_inspected,"commercial tape; raw first pass-through row is picture; dark first band retained; raw three-third displacement L259=1.315,1.139,1.105/L260=2.493,1.226,1.112/L261=10.091,1.035,1.144/L262=0.696,1.281,1.856; peak=L261 margin=7.598; split fraction/run=0.052/3; outer edges=5/714; body=5.0+/-2.0/712.0+/-2.0; switch onset=L260; last complete picture=L259; band bottom=L262; raw per-unit candidate L260 disagrees; pooled raw-row displacement of the continuous stable lock resolves L259; row Y(mean/std) L22=1.364/0.481 L23=19.831/1.457 L24=20.906/1.540 L259=17.472/1.415 L260=16.517/3.072 L262=12.478/6.095",260,286,521,525,525,direct,"commercial tape; raw first pass-through row is picture; dark first band retained; raw three-third displacement L522=1.379,1.536,3.744/L523=9.655,1.217,3.511/L524=0.678,1.172,1.148/L525=3.307,1.521,1.678; peak=L523 margin=5.911; split fraction/run=0.108/7; outer edges=3/670; body=5.0+/-2.0/712.0+/-2.0; switch onset=L522; last complete picture=L521; band bottom=L525",521,0,0
808,6850,23,259,262,262,direct,"commercial tape; raw first pass-through row is picture; dark first band retained; raw three-third displacement L259=1.038,0.976,1.123/L260=6.854,3.122,1.291/L261=14.066,2.857,1.316/L262=0.708,1.577,2.077; peak=L261 margin=7.212; split fraction/run=0.075/6; outer edges=3/714; body=5.0+/-2.0/712.0+/-2.0; switch onset=L260; last complete picture=L259; band bottom=L262",259,286,521,525,525,cv_inspected,"commercial tape; raw first pass-through row is picture; dark first band retained; raw three-third displacement L522=1.230,1.280,1.659/L523=8.929,1.360,1.548/L524=0.729,1.196,1.154/L525=3.219,1.651,1.430; peak=L523 margin=5.710; split fraction/run=0.079/9; outer edges=3/714; body=5.0+/-2.0/712.0+/-2.0; switch onset=L522; last complete picture=L521; band bottom=L525; raw per-unit candidate L522 disagrees; pooled raw-row displacement of the continuous stable lock resolves L521; row Y(mean/std) L285=1.369/0.482 L286=20.280/1.268 L287=21.339/1.445 L521=16.906/1.468 L522=17.319/2.198 L525=14.787/5.842",522,0,0
809,6851,23,259,262,262,cv_inspected,"commercial tape; raw first pass-through row is picture; dark first band retained; raw three-third displacement L259=1.278,1.137,1.027/L260=1.212,1.344,1.201/L261=8.812,1.306,1.225/L262=0.778,1.643,1.601; peak=L261 margin=7.170; split fraction/run=0.075/6; outer edges=4/714; body=5.0+/-2.0/712.0+/-2.0; switch onset=L260; last complete picture=L259; band bottom=L262; raw per-unit candidate L260 disagrees; pooled raw-row displacement of the continuous stable lock resolves L259; row Y(mean/std) L22=1.370/0.483 L23=19.550/1.410 L24=20.587/1.444 L259=17.086/1.460 L260=17.508/1.659 L262=12.914/6.198",260,286,521,525,525,direct,"commercial tape; raw first pass-through row is picture; dark first band retained; raw three-third displacement L522=1.144,1.140,1.032/L523=8.930,1.158,0.982/L524=0.548,1.191,1.448/L525=2.870,2.077,1.856; peak=L523 margin=6.059; split fraction/run=0.042/3; outer edges=4/693; body=5.0+/-2.0/712.0+/-2.0; switch onset=L522; last complete picture=L521; band bottom=L525",521,0,0
810,6852,23,259,262,262,cv_inspected,"commercial tape; raw first pass-through row is picture; dark first band retained; raw three-third displacement L259=1.221,1.129,1.099/L260=1.295,1.424,0.950/L261=8.747,1.482,1.170/L262=0.653,1.561,1.681; peak=L261 margin=7.067; split fraction/run=0.033/2; outer edges=4/714; body=5.0+/-2.0/712.0+/-2.0; switch onset=L260; last complete picture=L259; band bottom=L262; raw per-unit candidate L260 disagrees; pooled raw-row displacement of the continuous stable lock resolves L259; row Y(mean/std) L22=1.378/0.485 L23=19.195/1.389 L24=20.042/1.459 L259=17.850/1.525 L260=17.223/1.798 L262=13.147/6.436",260,286,521,525,525,direct,"commercial tape; raw first pass-through row is picture; dark first band retained; raw three-third displacement L522=1.049,1.185,1.262/L523=9.067,1.306,1.554/L524=0.746,1.238,1.307/L525=3.146,1.747,1.742; peak=L523 margin=5.922; split fraction/run=0.042/4; outer edges=5/681; body=5.0+/-2.0/712.0+/-2.0; switch onset=L522; last complete picture=L521; band bottom=L525",521,0,0
811,6853,23,259,262,262,cv_inspected,"commercial tape; raw first pass-through row is picture; dark first band retained; raw three-third displacement L259=1.451,1.266,0.957/L260=2.949,1.986,0.942/L261=10.109,1.752,1.079/L262=0.665,1.677,1.730; peak=L261 margin=7.160; split fraction/run=0.136/6; outer edges=5/714; body=5.0+/-2.0/712.0+/-2.0; switch onset=L260; last complete picture=L259; band bottom=L262; raw per-unit candidate L260 disagrees; pooled raw-row displacement of the continuous stable lock resolves L259; row Y(mean/std) L22=1.378/0.485 L23=19.850/1.459 L24=20.606/1.476 L259=16.502/1.602 L260=17.788/5.529 L262=12.398/6.023",260,286,521,525,525,direct,"commercial tape; raw first pass-through row is picture; dark first band retained; raw three-third displacement L522=1.052,1.126,3.130/L523=9.228,1.095,3.244/L524=0.772,1.344,1.332/L525=3.004,1.817,1.576; peak=L523 margin=6.099; split fraction/run=0.052/3; outer edges=5/677; body=5.0+/-2.0/712.0+/-2.0; switch onset=L522; last complete picture=L521; band bottom=L525",521,0,0
812,6854,23,259,262,262,cv_inspected,"commercial tape; raw first pass-through row is picture; dark first band retained; raw three-third displacement L259=1.065,1.171,1.157/L260=1.982,1.498,1.121/L261=9.392,1.149,1.264/L262=0.770,1.284,1.611; peak=L261 margin=7.410; split fraction/run=0.075/7; outer edges=4/714; body=5.0+/-2.0/712.0+/-2.0; switch onset=L260; last complete picture=L259; band bottom=L262; raw per-unit candidate L260 disagrees; pooled raw-row displacement of the continuous stable lock resolves L259; row Y(mean/std) L22=1.377/0.485 L23=19.561/1.331 L24=20.559/1.470 L259=17.352/1.651 L260=17.700/2.481 L262=13.095/6.342",260,286,521,525,525,direct,"commercial tape; raw first pass-through row is picture; dark first band retained; raw three-third displacement L522=1.063,1.146,6.286/L523=9.186,1.299,6.184/L524=0.628,1.330,1.380/L525=2.900,1.655,1.838; peak=L523 margin=2.900; split fraction/run=0.028/2; outer edges=4/667; body=5.0+/-2.0/712.0+/-2.0; switch onset=L522; last complete picture=L521; band bottom=L525",521,0,0
813,6855,23,259,262,262,cv_inspected,"commercial tape; raw first pass-through row is picture; dark first band retained; raw three-third displacement L259=1.190,1.096,1.117/L260=5.337,2.206,1.234/L261=12.595,2.004,1.135/L262=0.681,1.349,1.365; peak=L261 margin=7.258; split fraction/run=0.099/6; outer edges=3/714; body=5.0+/-2.0/713.0+/-2.0; switch onset=L260; last complete picture=L259; band bottom=L262; raw per-unit candidate L260 disagrees; pooled raw-row displacement of the continuous stable lock resolves L259; row Y(mean/std) L22=1.373/0.484 L23=19.886/1.307 L24=20.925/1.312 L259=18.070/1.513 L260=19.738/12.013 L262=13.530/6.491",260,286,521,525,525,direct,"commercial tape; raw first pass-through row is picture; dark first band retained; raw three-third displacement L522=1.179,1.127,7.774/L523=9.032,1.127,7.528/L524=0.609,1.056,1.260/L525=2.968,1.730,1.596; peak=L523 margin=1.259; split fraction/run=0.098/10; outer edges=4/651; body=5.0+/-2.0/712.0+/-2.0; switch onset=L522; last complete picture=L521; band bottom=L525",521,0,0
814,6856,23,259,262,262,cv_inspected,"commercial tape; raw first pass-through row is picture; dark first band retained; raw three-third displacement L259=1.065,1.073,1.142/L260=3.313,1.245,1.135/L261=10.619,1.281,1.095/L262=0.820,1.109,1.593; peak=L261 margin=7.306; split fraction/run=0.042/3; outer edges=5/714; body=5.0+/-2.0/712.0+/-2.0; switch onset=L260; last complete picture=L259; band bottom=L262; raw per-unit candidate L260 disagrees; pooled raw-row displacement of the continuous stable lock resolves L259; row Y(mean/std) L22=1.373/0.484 L23=19.867/1.487 L24=21.236/1.378 L259=17.180/1.469 L260=18.023/5.285 L262=13.123/6.382",260,286,521,525,525,direct,"commercial tape; raw first pass-through row is picture; dark first band retained; raw three-third displacement L522=1.112,1.098,5.920/L523=9.310,1.457,5.860/L524=0.713,1.348,1.470/L525=3.279,1.355,1.409; peak=L523 margin=3.390; split fraction/run=0.061/5; outer edges=4/662; body=5.0+/-2.0/712.0+/-2.0; switch onset=L522; last complete picture=L521; band bottom=L525",521,0,0
815,6857,23,259,262,262,cv_inspected,"commercial tape; raw first pass-through row is picture; dark first band retained; raw three-third displacement L259=1.365,0.968,1.119/L260=2.915,1.505,1.140/L261=11.025,1.644,1.112/L262=0.798,1.345,1.367; peak=L261 margin=8.110; split fraction/run=0.047/2; outer edges=4/714; body=5.0+/-2.0/712.0+/-2.0; switch onset=L260; last complete picture=L259; band bottom=L262; raw per-unit candidate L260 disagrees; pooled raw-row displacement of the continuous stable lock resolves L259; row Y(mean/std) L22=1.381/0.486 L23=20.077/1.503 L24=21.119/1.304 L259=17.631/1.472 L260=17.133/4.179 L262=13.438/6.488",260,286,521,525,525,direct,"commercial tape; raw first pass-through row is picture; dark first band retained; raw three-third displacement L522=1.204,1.164,3.506/L523=9.179,1.101,3.243/L524=0.595,1.187,1.258/L525=3.285,1.108,1.453; peak=L523 margin=5.673; split fraction/run=0.079/4; outer edges=4/668; body=5.0+/-2.0/712.0+/-2.0; switch onset=L522; last complete picture=L521; band bottom=L525",521,0,0
816,6858,23,259,262,262,cv_inspected,"commercial tape; raw first pass-through row is picture; dark first band retained; raw three-third displacement L259=1.117,1.086,1.050/L260=2.618,1.586,1.099/L261=10.597,1.759,1.241/L262=0.664,1.151,1.326; peak=L261 margin=7.979; split fraction/run=0.051/4; outer edges=4/714; body=5.0+/-2.0/712.0+/-2.0; switch onset=L260; last complete picture=L259; band bottom=L262; raw per-unit candidate L260 disagrees; pooled raw-row displacement of the continuous stable lock resolves L259; row Y(mean/std) L22=1.373/0.484 L23=19.531/1.437 L24=20.908/1.233 L259=17.975/1.582 L260=17.122/3.682 L262=13.797/6.752",260,286,521,525,525,direct,"commercial tape; raw first pass-through row is picture; dark first band retained; raw three-third displacement L522=1.234,1.221,1.992/L523=10.030,1.118,1.926/L524=0.662,1.327,1.184/L525=3.290,1.449,1.543; peak=L523 margin=6.740; split fraction/run=0.056/2; outer edges=3/666; body=5.0+/-2.0/712.0+/-2.0; switch onset=L522; last complete picture=L521; band bottom=L525",521,0,0
817,6859,23,259,262,262,direct,"commercial tape; raw first pass-through row is picture; dark first band retained; raw three-third displacement L259=1.367,0.938,1.236/L260=6.341,2.656,1.156/L261=14.267,2.543,1.087/L262=0.570,1.333,1.511; peak=L261 margin=7.926; split fraction/run=0.099/6; outer edges=4/714; body=5.0+/-2.0/712.0+/-2.0; switch onset=L260; last complete picture=L259; band bottom=L262",259,286,521,525,525,direct,"commercial tape; raw first pass-through row is picture; dark first band retained; raw three-third displacement L522=1.050,1.081,5.529/L523=9.820,1.279,5.636/L524=0.586,2.155,1.617/L525=3.464,3.415,1.812; peak=L523 margin=4.291; split fraction/run=0.042/4; outer edges=4/674; body=5.0+/-2.0/712.0+/-2.0; switch onset=L522; last complete picture=L521; band bottom=L525",521,0,0
818,6860,23,259,262,262,direct,"commercial tape; raw first pass-through row is picture; dark first band retained; raw three-third displacement L259=1.121,0.840,0.919/L260=3.381,3.124,1.081/L261=11.744,3.065,1.018/L262=0.791,1.320,1.269; peak=L261 margin=8.363; split fraction/run=0.094/8; outer edges=4/714; body=5.0+/-2.0/712.0+/-2.0; switch onset=L260; last complete picture=L259; band bottom=L262",259,286,521,525,525,direct,"commercial tape; raw first pass-through row is picture; dark first band retained; raw three-third displacement L522=1.157,1.298,1.638/L523=8.974,1.133,1.631/L524=0.739,1.400,1.285/L525=3.172,1.953,1.777; peak=L523 margin=5.802; split fraction/run=0.061/6; outer edges=5/679; body=5.0+/-2.0/712.0+/-2.0; switch onset=L522; last complete picture=L521; band bottom=L525",521,0,0
819,6861,23,259,262,262,cv_inspected,"commercial tape; raw first pass-through row is picture; dark first band retained; raw three-third displacement L259=1.193,0.993,0.989/L260=2.729,1.509,1.043/L261=10.675,1.459,1.140/L262=0.821,1.128,1.434; peak=L261 margin=7.946; split fraction/run=0.051/4; outer edges=4/714; body=5.0+/-2.0/712.0+/-2.0; switch onset=L260; last complete picture=L259; band bottom=L262; raw per-unit candidate L260 disagrees; pooled raw-row displacement of the continuous stable lock resolves L259; row Y(mean/std) L22=1.400/0.490 L23=18.878/1.367 L24=19.898/1.266 L259=17.762/1.540 L260=18.714/5.010 L262=13.302/6.487",260,286,521,525,525,cv_inspected,"commercial tape; raw first pass-through row is picture; dark first band retained; raw three-third displacement L522=1.305,1.212,1.224/L523=9.074,1.158,1.303/L524=0.629,1.209,1.491/L525=3.357,1.396,1.664; peak=L523 margin=5.717; split fraction/run=0.093/5; outer edges=3/714; body=5.0+/-2.0/712.0+/-2.0; switch onset=L522; last complete picture=L521; band bottom=L525; raw per-unit candidate L522 disagrees; pooled raw-row displacement of the continuous stable lock resolves L521; row Y(mean/std) L285=1.363/0.481 L286=20.445/1.351 L287=21.238/1.249 L521=17.278/1.613 L522=17.436/1.580 L525=14.422/5.791",522,0,0
820,6862,23,259,262,262,cv_inspected,"commercial tape; raw first pass-through row is picture; dark first band retained; raw three-third displacement L259=1.243,1.170,1.079/L260=2.192,2.486,1.185/L261=10.048,2.378,1.513/L262=0.938,1.211,1.652; peak=L261 margin=7.562; split fraction/run=0.070/6; outer edges=4/714; body=5.0+/-2.0/712.0+/-2.0; switch onset=L260; last complete picture=L259; band bottom=L262; raw per-unit candidate L260 disagrees; pooled raw-row displacement of the continuous stable lock resolves L259; row Y(mean/std) L22=1.370/0.483 L23=19.294/1.546 L24=20.650/1.468 L259=17.236/1.468 L260=18.766/6.141 L262=13.323/6.626",260,286,521,525,525,direct,"commercial tape; raw first pass-through row is picture; dark first band retained; raw three-third displacement L522=1.116,1.107,0.997/L523=8.347,1.302,1.370/L524=1.592,1.990,1.589/L525=3.568,1.625,1.449; peak=L523 margin=4.779; split fraction/run=0.042/5; outer edges=6/689; body=5.0+/-2.0/713.0+/-2.0; switch onset=L522; last complete picture=L521; band bottom=L525",521,0,0
821,6863,23,259,262,262,cv_inspected,"commercial tape; raw first pass-through row is picture; dark first band retained; raw three-third displacement L259=0.847,1.088,1.077/L260=0.977,4.919,1.126/L261=7.399,5.354,1.301/L262=0.591,1.439,3.493; peak=L261 margin=2.479; split fraction/run=0.047/2; outer edges=11/714; body=13.0+/-2.0/712.0+/-2.0; switch onset=L260; last complete picture=L259; band bottom=L262; raw per-unit candidate L260 disagrees; pooled raw-row displacement of the continuous stable lock resolves L259; row Y(mean/std) L22=1.372/0.483 L23=18.411/1.685 L24=19.219/1.515 L259=15.697/1.428 L260=17.191/9.194 L262=11.116/6.112",260,286,521,525,525,cv_inspected,"commercial tape; raw first pass-through row is picture; dark first band retained; raw three-third displacement L522=1.131,1.305,1.187/L523=8.380,1.308,1.328/L524=0.668,1.172,1.317/L525=2.883,1.419,1.549; peak=L523 margin=5.496; split fraction/run=0.070/4; outer edges=10/714; body=10.0+/-7.5/712.0+/-2.0; switch onset=L522; last complete picture=L521; band bottom=L525; raw per-unit candidate L522 disagrees; pooled raw-row displacement of the continuous stable lock resolves L521; row Y(mean/std) L285=1.380/0.485 L286=18.750/1.468 L287=20.175/1.362 L521=16.194/1.543 L522=16.500/1.596 L525=13.045/5.188",522,0,0
822,6864,23,259,262,262,direct,"commercial tape; raw first pass-through row is picture; dark first band retained; raw three-third displacement L259=0.928,1.052,0.924/L260=2.734,4.951,1.087/L261=9.128,5.129,1.229/L262=0.555,1.262,1.510; peak=L261 margin=4.177; split fraction/run=0.052/3; outer edges=10/714; body=11.0+/-2.0/712.0+/-2.0; switch onset=L260; last complete picture=L259; band bottom=L262",259,286,521,525,525,direct,"commercial tape; raw first pass-through row is picture; dark first band retained; raw three-third displacement L522=1.128,1.287,1.410/L523=8.462,1.074,1.470/L524=0.725,1.158,1.295/L525=2.740,1.614,1.731; peak=L523 margin=5.722; split fraction/run=0.089/8; outer edges=10/676; body=11.0+/-2.0/712.0+/-2.0; switch onset=L522; last complete picture=L521; band bottom=L525",521,0,0
823,6865,23,259,262,262,direct,"commercial tape; raw first pass-through row is picture; dark first band retained; raw three-third displacement L259=1.174,1.021,1.107/L260=4.064,3.489,1.320/L261=10.546,3.741,1.306/L262=0.709,1.504,1.452; peak=L261 margin=6.482; split fraction/run=0.056/2; outer edges=11/714; body=11.0+/-2.0/712.0+/-2.0; switch onset=L260; last complete picture=L259; band bottom=L262",259,286,521,525,525,direct,"commercial tape; raw first pass-through row is picture; dark first band retained; raw three-third displacement L522=1.244,1.181,1.595/L523=8.384,1.386,1.363/L524=0.985,1.278,1.290/L525=2.845,1.865,1.920; peak=L523 margin=5.539; split fraction/run=0.047/3; outer edges=10/668; body=10.0+/-3.0/712.0+/-2.0; switch onset=L522; last complete picture=L521; band bottom=L525",521,0,0
824,6866,23,259,262,262,cv_inspected,"commercial tape; raw first pass-through row is picture; dark first band retained; raw three-third displacement L259=1.060,1.171,1.164/L260=2.741,1.246,1.167/L261=9.053,1.482,1.217/L262=0.670,1.654,1.359; peak=L261 margin=6.312; split fraction/run=0.052/9; outer edges=13/714; body=11.0+/-2.0/712.0+/-2.0; switch onset=L260; last complete picture=L259; band bottom=L262; raw per-unit candidate L260 disagrees; pooled raw-row displacement of the continuous stable lock resolves L259; row Y(mean/std) L22=1.389/0.488 L23=17.414/1.438 L24=19.273/1.271 L259=15.047/1.418 L260=15.944/4.138 L262=11.519/5.588",260,286,521,525,525,direct,"commercial tape; raw first pass-through row is picture; dark first band retained; raw three-third displacement L522=1.148,0.978,2.785/L523=8.598,1.175,2.607/L524=0.803,1.167,1.059/L525=2.769,1.695,1.596; peak=L523 margin=5.813; split fraction/run=0.033/1; outer edges=10/650; body=10.0+/-2.0/713.0+/-2.0; switch onset=L522; last complete picture=L521; band bottom=L525",521,0,0
825,6867,23,259,262,262,cv_inspected,"commercial tape; raw first pass-through row is picture; dark first band retained; raw three-third displacement L259=1.054,1.078,0.967/L260=4.538,1.108,1.018/L261=11.111,1.175,1.175/L262=0.746,1.476,1.913; peak=L261 margin=6.573; split fraction/run=0.047/4; outer edges=9/714; body=11.0+/-2.0/713.0+/-2.0; switch onset=L260; last complete picture=L259; band bottom=L262; raw per-unit candidate L260 disagrees; pooled raw-row displacement of the continuous stable lock resolves L259; row Y(mean/std) L22=1.387/0.487 L23=18.150/1.506 L24=19.183/1.417 L259=15.381/1.238 L260=16.750/8.317 L262=10.938/5.323",260,286,521,525,525,direct,"commercial tape; raw first pass-through row is picture; dark first band retained; raw three-third displacement L522=1.327,1.386,2.240/L523=8.632,1.124,2.274/L524=0.812,1.097,1.152/L525=2.812,1.757,1.548; peak=L523 margin=5.820; split fraction/run=0.103/6; outer edges=9/642; body=10.0+/-2.0/713.0+/-2.0; switch onset=L522; last complete picture=L521; band bottom=L525",521,0,0
826,6868,23,259,262,262,cv_inspected,"commercial tape; raw first pass-through row is picture; dark first band retained; raw three-third displacement L259=0.863,1.056,0.889/L260=6.277,1.357,1.137/L261=13.063,1.252,1.152/L262=0.572,1.158,1.300; peak=L261 margin=6.786; split fraction/run=0.047/5; outer edges=10/714; body=11.0+/-2.0/713.0+/-2.0; switch onset=L260; last complete picture=L259; band bottom=L262; raw per-unit candidate L260 disagrees; pooled raw-row displacement of the continuous stable lock resolves L259; row Y(mean/std) L22=1.387/0.487 L23=18.078/1.587 L24=19.027/1.499 L259=15.248/1.271 L260=16.953/11.954 L262=11.472/5.580",260,286,521,525,525,direct,"commercial tape; raw first pass-through row is picture; dark first band retained; raw three-third displacement L522=1.062,1.124,2.697/L523=8.564,1.295,2.783/L524=0.683,1.406,1.102/L525=2.768,1.753,1.252; peak=L523 margin=5.795; split fraction/run=0.028/2; outer edges=10/647; body=11.0+/-2.0/713.0+/-2.0; switch onset=L522; last complete picture=L521; band bottom=L525",521,0,0
827,6869,23,259,262,262,cv_inspected,"commercial tape; raw first pass-through row is picture; dark first band retained; raw three-third displacement L259=1.109,1.300,1.195/L260=1.581,1.172,0.985/L261=8.400,1.438,1.147/L262=0.577,1.221,1.636; peak=L261 margin=6.764; split fraction/run=0.042/2; outer edges=11/714; body=11.0+/-2.0/712.0+/-2.0; switch onset=L260; last complete picture=L259; band bottom=L262; raw per-unit candidate L260 disagrees; pooled raw-row displacement of the continuous stable lock resolves L259; row Y(mean/std) L22=1.355/0.478 L23=18.573/1.653 L24=19.780/1.465 L259=15.230/1.438 L260=15.139/1.870 L262=11.242/5.539",260,286,521,525,525,direct,"commercial tape; raw first pass-through row is picture; dark first band retained; raw three-third displacement L522=1.011,1.193,2.477/L523=8.751,1.154,2.401/L524=0.804,0.969,1.187/L525=2.834,1.367,1.382; peak=L523 margin=5.917; split fraction/run=0.075/4; outer edges=11/652; body=11.0+/-2.0/713.0+/-2.0; switch onset=L522; last complete picture=L521; band bottom=L525",521,0,0
828,6870,23,259,262,262,direct,"commercial tape; raw first pass-through row is picture; dark first band retained; raw three-third displacement L259=0.963,0.964,0.835/L260=7.493,3.188,1.277/L261=14.279,3.069,1.251/L262=0.588,1.370,1.929; peak=L261 margin=6.787; split fraction/run=0.066/4; outer edges=12/714; body=11.0+/-2.0/713.0+/-2.0; switch onset=L260; last complete picture=L259; band bottom=L262",259,286,521,525,525,cv_inspected,"commercial tape; raw first pass-through row is picture; dark first band retained; raw three-third displacement L522=1.189,0.940,1.223/L523=8.884,1.190,1.048/L524=0.735,1.460,1.191/L525=3.129,1.589,1.283; peak=L523 margin=5.755; split fraction/run=0.047/3; outer edges=9/714; body=11.0+/-2.0/712.0+/-2.0; switch onset=L522; last complete picture=L521; band bottom=L525; raw per-unit candidate L522 disagrees; pooled raw-row displacement of the continuous stable lock resolves L521; row Y(mean/std) L285=1.370/0.483 L286=19.141/1.324 L287=20.052/1.440 L521=15.591/1.387 L522=15.684/1.281 L525=13.011/5.276",522,0,0
829,6871,23,259,262,262,cv_inspected,"commercial tape; raw first pass-through row is picture; dark first band retained; raw three-third displacement L259=1.179,1.065,1.162/L260=3.927,2.007,1.188/L261=10.538,2.181,1.290/L262=0.612,1.087,1.415; peak=L261 margin=6.612; split fraction/run=0.066/6; outer edges=11/714; body=11.0+/-2.0/713.0+/-2.0; switch onset=L260; last complete picture=L259; band bottom=L262; raw per-unit candidate L260 disagrees; pooled raw-row displacement of the continuous stable lock resolves L259; row Y(mean/std) L22=1.392/0.488 L23=18.464/1.503 L24=19.587/1.484 L259=15.605/1.498 L260=16.663/8.224 L262=12.016/5.992",260,286,521,525,525,direct,"commercial tape; raw first pass-through row is picture; dark first band retained; raw three-third displacement L522=1.000,0.957,1.365/L523=8.243,1.082,1.373/L524=0.704,1.246,1.023/L525=2.948,1.883,1.319; peak=L523 margin=5.296; split fraction/run=0.023/2; outer edges=9/677; body=11.0+/-2.0/712.0+/-2.0; switch onset=L522; last complete picture=L521; band bottom=L525",521,0,0
830,6872,23,259,262,262,cv_inspected,"commercial tape; raw first pass-through row is picture; dark first band retained; raw three-third displacement L259=1.067,0.996,1.157/L260=3.918,2.299,1.206/L261=10.790,2.689,1.180/L262=0.861,1.072,1.127; peak=L261 margin=6.873; split fraction/run=0.038/2; outer edges=10/714; body=11.0+/-2.0/713.0+/-2.0; switch onset=L260; last complete picture=L259; band bottom=L262; raw per-unit candidate L260 disagrees; pooled raw-row displacement of the continuous stable lock resolves L259; row Y(mean/std) L22=1.369/0.482 L23=17.791/1.451 L24=19.183/1.426 L259=15.238/1.309 L260=16.933/9.568 L262=12.280/6.070",260,286,521,525,525,direct,"commercial tape; raw first pass-through row is picture; dark first band retained; raw three-third displacement L522=1.050,1.303,1.418/L523=8.954,1.197,1.590/L524=0.807,1.386,1.258/L525=3.042,1.756,1.336; peak=L523 margin=5.911; split fraction/run=0.085/3; outer edges=11/668; body=11.0+/-2.0/713.0+/-2.0; switch onset=L522; last complete picture=L521; band bottom=L525",521,0,0
831,6873,23,259,262,262,direct,"commercial tape; raw first pass-through row is picture; dark first band retained; raw three-third displacement L259=1.107,1.206,0.978/L260=7.812,4.041,1.007/L261=14.173,4.292,1.283/L262=0.886,1.569,1.677; peak=L261 margin=6.362; split fraction/run=0.042/5; outer edges=11/714; body=10.0+/-8.0/713.0+/-2.0; switch onset=L260; last complete picture=L259; band bottom=L262",259,286,521,525,525,direct,"commercial tape; raw first pass-through row is picture; dark first band retained; raw three-third displacement L522=1.195,1.379,2.143/L523=8.195,1.180,2.190/L524=0.851,1.070,1.345/L525=3.019,1.305,1.275; peak=L523 margin=5.176; split fraction/run=0.061/4; outer edges=11/675; body=11.0+/-2.0/713.0+/-2.0; switch onset=L522; last complete picture=L521; band bottom=L525",521,0,0
832,6874,23,259,262,262,cv_inspected,"commercial tape; raw first pass-through row is picture; dark first band retained; raw three-third displacement L259=1.033,1.083,0.993/L260=2.371,2.065,1.154/L261=9.095,2.101,1.364/L262=0.673,1.000,1.264; peak=L261 margin=6.724; split fraction/run=0.038/5; outer edges=3/714; body=11.0+/-2.0/713.0+/-2.0; switch onset=L260; last complete picture=L259; band bottom=L262; raw per-unit candidate L260 disagrees; pooled raw-row displacement of the continuous stable lock resolves L259; row Y(mean/std) L22=1.384/0.486 L23=18.244/1.677 L24=19.347/1.296 L259=15.450/1.387 L260=14.011/4.176 L262=11.762/5.717",260,286,521,525,525,cv_inspected,"commercial tape; raw first pass-through row is picture; dark first band retained; raw three-third displacement L522=1.097,1.097,7.752/L523=8.483,1.240,7.929/L524=0.772,1.240,1.461/L525=2.722,1.736,2.004; peak=L523 margin=0.731; split fraction/run=0.019/1; outer edges=12/668; body=10.0+/-2.0/712.0+/-2.0; switch onset=L522; last complete picture=L521; band bottom=L525; row Y(mean/std) L285=1.369/0.482 L286=18.570/1.357 L287=19.663/1.342 L521=15.328/1.242 L522=17.753/19.054 L525=11.603/4.691",521,0,0
833,6875,23,259,262,262,cv_inspected,"commercial tape; raw first pass-through row is picture; dark first band retained; raw three-third displacement L259=1.279,1.187,0.979/L260=1.862,1.418,1.311/L261=7.975,1.422,1.629/L262=0.822,1.041,1.621; peak=L261 margin=6.112; split fraction/run=0.042/3; outer edges=10/714; body=11.0+/-2.0/712.0+/-2.0; switch onset=L260; last complete picture=L259; band bottom=L262; raw per-unit candidate L260 disagrees; pooled raw-row displacement of the continuous stable lock resolves L259; row Y(mean/std) L22=1.403/0.491 L23=18.820/1.418 L24=19.359/1.339 L259=14.794/1.319 L260=14.430/2.594 L262=11.392/5.552",260,286,521,525,525,cv_inspected,"commercial tape; raw first pass-through row is picture; dark first band retained; raw three-third displacement L522=1.011,0.915,8.598/L523=7.744,1.030,8.447/L524=0.863,1.530,1.670/L525=2.737,1.504,1.178; peak=L522 margin=0.152; split fraction/run=0.042/4; outer edges=10/712; body=11.0+/-2.0/713.0+/-2.0; switch onset=L522; last complete picture=L521; band bottom=L525; row Y(mean/std) L285=1.375/0.484 L286=19.869/1.446 L287=18.952/1.374 L521=15.030/1.352 L522=17.767/18.711 L525=12.998/5.242",521,0,0
834,6876,23,259,262,262,cv_inspected,"commercial tape; raw first pass-through row is picture; dark first band retained; raw three-third displacement L259=1.149,0.951,0.925/L260=2.287,1.174,0.883/L261=8.186,1.200,1.149/L262=0.544,1.233,1.198; peak=L261 margin=5.899; split fraction/run=0.089/13; outer edges=10/714; body=10.0+/-2.8/712.0+/-2.0; switch onset=L260; last complete picture=L259; band bottom=L262; raw per-unit candidate L260 disagrees; pooled raw-row displacement of the continuous stable lock resolves L259; row Y(mean/std) L22=1.347/0.476 L23=22.645/1.623 L24=21.694/1.561 L259=14.547/1.395 L260=15.277/3.040 L262=12.806/6.312",260,286,521,525,525,cv_inspected,"commercial tape; raw first pass-through row is picture; dark first band retained; raw three-third displacement L522=1.118,1.337,2.722/L523=8.331,1.542,2.569/L524=1.038,1.067,1.098/L525=2.506,0.933,1.049; peak=L523 margin=5.609; split fraction/run=0.112/12; outer edges=11/714; body=10.0+/-2.0/712.0+/-2.0; switch onset=L522; last complete picture=L521; band bottom=L525; raw per-unit candidate L522 disagrees; pooled raw-row displacement of the continuous stable lock resolves L521; row Y(mean/std) L285=1.383/0.486 L286=24.008/1.702 L287=22.536/1.628 L521=16.839/1.884 L522=17.637/4.549 L525=14.312/5.845",522,0,0
835,6877,23,259,262,262,cv_inspected,"commercial tape; raw first pass-through row is picture; dark first band retained; raw three-third displacement L259=1.144,1.099,0.894/L260=2.525,1.280,1.049/L261=8.663,1.102,0.939/L262=0.666,0.855,1.058; peak=L261 margin=6.138; split fraction/run=0.094/8; outer edges=11/714; body=10.0+/-2.0/712.0+/-2.0; switch onset=L260; last complete picture=L259; band bottom=L262; raw per-unit candidate L260 disagrees; pooled raw-row displacement of the continuous stable lock resolves L259; row Y(mean/std) L22=1.363/0.481 L23=24.653/1.709 L24=22.967/1.628 L259=16.578/1.587 L260=15.120/3.917 L262=12.652/6.256",260,286,521,525,525,direct,"commercial tape; raw first pass-through row is picture; dark first band retained; raw three-third displacement L522=0.906,0.974,4.082/L523=9.323,1.505,3.835/L524=1.358,1.149,1.278/L525=2.743,1.452,1.241; peak=L523 margin=5.240; split fraction/run=0.168/11; outer edges=9/660; body=10.0+/-2.0/712.0+/-2.0; switch onset=L522; last complete picture=L521; band bottom=L525",521,0,0
836,6878,23,259,262,262,cv_inspected,"commercial tape; raw first pass-through row is picture; dark first band retained; raw three-third displacement L259=0.905,1.036,1.261/L260=2.514,1.578,1.318/L261=10.347,1.146,0.988/L262=0.593,1.489,1.291; peak=L261 margin=7.833; split fraction/run=0.183/9; outer edges=9/714; body=10.0+/-2.0/712.0+/-2.0; switch onset=L260; last complete picture=L259; band bottom=L262; raw per-unit candidate L260 disagrees; pooled raw-row displacement of the continuous stable lock resolves L259; row Y(mean/std) L22=1.391/0.488 L23=29.759/2.081 L24=28.948/2.269 L259=18.431/1.711 L260=18.933/5.051 L262=14.345/7.378",260,286,521,525,525,cv_inspected,"commercial tape; raw first pass-through row is picture; dark first band retained; raw three-third displacement L522=1.016,1.227,2.615/L523=8.885,1.472,2.823/L524=1.277,1.494,1.180/L525=2.659,1.351,1.472; peak=L523 margin=6.226; split fraction/run=0.066/3; outer edges=7/714; body=10.0+/-2.0/712.0+/-2.0; switch onset=L522; last complete picture=L521; band bottom=L525; raw per-unit candidate L522 disagrees; pooled raw-row displacement of the continuous stable lock resolves L521; row Y(mean/std) L285=1.378/0.485 L286=31.425/1.842 L287=29.305/2.183 L521=20.572/2.003 L522=21.663/5.280 L525=16.805/7.102",522,0,0
837,6879,23,259,262,262,cv_inspected,"commercial tape; raw first pass-through row is picture; dark first band retained; raw three-third displacement L259=1.006,0.918,1.143/L260=7.387,2.409,1.310/L261=16.145,2.661,1.301/L262=0.580,1.273,1.149; peak=L261 margin=8.758; split fraction/run=0.150/7; outer edges=9/714; body=10.0+/-2.0/712.0+/-2.0; switch onset=L260; last complete picture=L259; band bottom=L262; raw per-unit candidate L260 disagrees; pooled raw-row displacement of the continuous stable lock resolves L259; row Y(mean/std) L22=1.398/0.490 L23=32.700/2.384 L24=30.906/2.662 L259=21.238/1.890 L260=25.016/20.138 L262=15.569/8.102",260,286,521,525,525,direct,"commercial tape; raw first pass-through row is picture; dark first band retained; raw three-third displacement L522=1.080,1.143,1.505/L523=10.115,1.552,1.820/L524=1.580,1.442,1.560/L525=2.726,1.698,1.464; peak=L523 margin=7.389; split fraction/run=0.084/4; outer edges=8/672; body=10.0+/-2.0/712.0+/-2.0; switch onset=L522; last complete picture=L521; band bottom=L525",521,0,0
838,6880,23,259,262,262,cv_inspected,"commercial tape; raw first pass-through row is picture; dark first band retained; raw three-third displacement L259=1.093,1.256,1.157/L260=2.066,1.698,1.627/L261=12.167,1.003,1.307/L262=0.812,1.220,1.313; peak=L261 margin=10.101; split fraction/run=0.268/16; outer edges=10/714; body=10.0+/-2.0/712.0+/-2.0; switch onset=L260; last complete picture=L259; band bottom=L262; raw per-unit candidate L260 disagrees; pooled raw-row displacement of the continuous stable lock resolves L259; row Y(mean/std) L22=1.370/0.483 L23=38.020/3.036 L24=37.156/3.316 L259=24.417/2.221 L260=23.863/2.972 L262=17.414/9.361",260,286,521,525,525,cv_inspected,"commercial tape; raw first pass-through row is picture; dark first band retained; raw three-third displacement L522=1.276,1.260,2.268/L523=10.661,2.593,2.799/L524=2.085,2.577,1.339/L525=2.643,1.631,1.348; peak=L523 margin=8.019; split fraction/run=0.126/5; outer edges=9/714; body=10.0+/-2.0/712.0+/-2.0; switch onset=L522; last complete picture=L521; band bottom=L525; raw per-unit candidate L522 disagrees; pooled raw-row displacement of the continuous stable lock resolves L521; row Y(mean/std) L285=1.372/0.483 L286=40.527/3.434 L287=39.987/3.424 L521=26.100/2.813 L522=26.262/5.080 L525=18.797/8.614",522,0,0
839,6881,23,259,262,262,cv_inspected,"commercial tape; raw first pass-through row is picture; dark first band retained; raw three-third displacement L259=1.110,1.355,1.017/L260=1.166,2.981,1.918/L261=13.561,3.449,1.356/L262=0.684,1.296,1.309; peak=L261 margin=10.580; split fraction/run=0.262/11; outer edges=9/714; body=10.0+/-2.0/712.0+/-2.0; switch onset=L260; last complete picture=L259; band bottom=L262; raw per-unit candidate L260 disagrees; pooled raw-row displacement of the continuous stable lock resolves L259; row Y(mean/std) L22=1.377/0.485 L23=42.341/4.090 L24=40.623/3.981 L259=27.609/2.457 L260=27.420/5.485 L262=18.153/9.997",260,286,521,525,525,direct,"commercial tape; raw first pass-through row is picture; dark first band retained; raw three-third displacement L522=1.157,1.104,1.333/L523=11.948,2.023,1.359/L524=2.575,1.909,1.528/L525=2.745,1.769,1.964; peak=L523 margin=9.203; split fraction/run=0.136/7; outer edges=9/688; body=10.0+/-2.0/712.0+/-2.0; switch onset=L522; last complete picture=L521; band bottom=L525",521,0,0
840,6882,23,259,262,262,cv_inspected,"commercial tape; raw first pass-through row is picture; dark first band retained; raw three-third displacement L259=1.191,1.018,1.293/L260=1.641,5.348,2.162/L261=15.881,6.043,1.626/L262=0.856,1.210,1.470; peak=L261 margin=10.534; split fraction/run=0.308/14; outer edges=8/714; body=10.0+/-2.0/712.0+/-2.0; switch onset=L260; last complete picture=L259; band bottom=L262; raw per-unit candidate L260 disagrees; pooled raw-row displacement of the continuous stable lock resolves L259; row Y(mean/std) L22=1.380/0.485 L23=47.075/4.353 L24=45.592/4.361 L259=30.284/2.490 L260=31.973/11.153 L262=19.716/10.860",260,286,521,525,525,direct,"commercial tape; raw first pass-through row is picture; dark first band retained; raw three-third displacement L522=1.460,1.487,1.131/L523=14.463,3.503,2.240/L524=3.003,3.599,1.698/L525=3.287,1.753,1.408; peak=L523 margin=10.864; split fraction/run=0.103/8; outer edges=8/696; body=10.0+/-2.0/713.0+/-2.0; switch onset=L522; last complete picture=L521; band bottom=L525",521,0,0
841,6883,23,259,262,262,cv_inspected,"commercial tape; raw first pass-through row is picture; dark first band retained; raw three-third displacement L259=1.179,1.104,0.978/L260=1.227,7.918,1.862/L261=16.946,8.443,1.591/L262=0.722,1.190,1.708; peak=L261 margin=9.028; split fraction/run=0.271/19; outer edges=8/714; body=10.0+/-2.0/712.0+/-2.0; switch onset=L260; last complete picture=L259; band bottom=L262; raw per-unit candidate L260 disagrees; pooled raw-row displacement of the continuous stable lock resolves L259; row Y(mean/std) L22=1.363/0.481 L23=52.002/4.392 L24=50.380/4.290 L259=31.605/2.307 L260=34.703/17.450 L262=21.134/11.832",260,286,521,525,525,cv_inspected,"commercial tape; raw first pass-through row is picture; dark first band retained; raw three-third displacement L522=1.206,1.319,1.480/L523=15.181,2.033,1.693/L524=3.461,2.029,1.928/L525=3.284,2.290,2.110; peak=L523 margin=11.719; split fraction/run=0.103/5; outer edges=9/714; body=10.0+/-2.0/713.0+/-2.0; switch onset=L522; last complete picture=L521; band bottom=L525; raw per-unit candidate L522 disagrees; pooled raw-row displacement of the continuous stable lock resolves L521; row Y(mean/std) L285=1.373/0.484 L286=55.397/4.618 L287=53.422/4.787 L521=33.572/2.848 L522=33.242/3.050 L525=22.616/10.948",522,0,0
842,6884,23,259,262,262,direct,"commercial tape; raw first pass-through row is picture; dark first band retained; raw three-third displacement L259=1.552,1.064,1.376/L260=1.497,7.153,2.545/L261=19.794,9.722,2.624/L262=0.794,1.316,1.506; peak=L261 margin=12.641; split fraction/run=0.304/24; outer edges=9/714; body=10.0+/-2.0/713.0+/-2.0; switch onset=L260; last complete picture=L259; band bottom=L262",259,286,521,525,525,cv_inspected,"commercial tape; raw first pass-through row is picture; dark first band retained; raw three-third displacement L522=1.307,1.244,1.200/L523=16.693,1.523,2.077/L524=4.070,2.481,1.984/L525=4.054,2.006,2.348; peak=L523 margin=12.623; split fraction/run=0.107/9; outer edges=9/714; body=9.0+/-2.0/713.0+/-2.0; switch onset=L522; last complete picture=L521; band bottom=L525; raw per-unit candidate L522 disagrees; pooled raw-row displacement of the continuous stable lock resolves L521; row Y(mean/std) L285=1.398/0.490 L286=57.938/5.493 L287=56.722/5.589 L521=36.908/3.212 L522=36.495/2.747 L525=25.252/12.168",522,0,0
843,6885,23,259,262,262,direct,"commercial tape; raw first pass-through row is picture; dark first band retained; raw three-third displacement L259=1.189,1.183,1.128/L260=1.285,9.199,2.075/L261=21.542,10.425,2.638/L262=0.607,1.329,1.731; peak=L261 margin=12.343; split fraction/run=0.234/8; outer edges=9/683; body=9.0+/-2.0/713.0+/-2.0; switch onset=L260; last complete picture=L259; band bottom=L262",259,286,521,525,525,cv_inspected,"commercial tape; raw first pass-through row is picture; dark first band retained; raw three-third displacement L522=1.683,1.125,1.196/L523=18.000,3.898,2.215/L524=4.006,2.549,1.824/L525=4.096,2.230,3.397; peak=L523 margin=13.904; split fraction/run=0.079/4; outer edges=9/714; body=9.0+/-2.0/713.0+/-2.0; switch onset=L522; last complete picture=L521; band bottom=L525; raw per-unit candidate L522 disagrees; pooled raw-row displacement of the continuous stable lock resolves L521; row Y(mean/std) L285=1.380/0.485 L286=60.605/6.156 L287=58.967/6.546 L521=37.775/2.754 L522=38.062/2.726 L525=25.247/12.474",522,0,0
844,6886,23,259,262,262,direct,"commercial tape; raw first pass-through row is picture; dark first band retained; raw three-third displacement L259=1.378,1.168,1.076/L260=3.200,3.040,2.520/L261=23.463,2.537,3.125/L262=0.656,1.342,3.003; peak=L261 margin=20.263; split fraction/run=0.252/41; outer edges=9/714; body=9.0+/-2.0/713.0+/-2.0; switch onset=L260; last complete picture=L259; band bottom=L262",259,286,521,525,525,direct,"commercial tape; raw first pass-through row is picture; dark first band retained; raw three-third displacement L522=1.428,1.071,5.746/L523=19.154,3.029,7.664/L524=4.402,2.551,1.837/L525=4.913,2.314,3.007; peak=L523 margin=13.408; split fraction/run=0.070/5; outer edges=9/668; body=9.0+/-2.0/713.0+/-2.0; switch onset=L522; last complete picture=L521; band bottom=L525",521,0,0
845,6887,23,259,262,262,direct,"commercial tape; raw first pass-through row is picture; dark first band retained; raw three-third displacement L259=1.068,1.201,1.630/L260=3.058,4.313,3.379/L261=25.666,3.379,2.614/L262=0.685,1.439,2.436; peak=L261 margin=21.352; split fraction/run=0.397/35; outer edges=9/714; body=9.0+/-2.0/713.0+/-2.0; switch onset=L260; last complete picture=L259; band bottom=L262",259,286,521,525,525,direct,"commercial tape; raw first pass-through row is picture; dark first band retained; raw three-third displacement L522=1.849,1.500,5.317/L523=21.226,6.869,8.459/L524=5.505,6.537,1.792/L525=4.921,3.252,3.033; peak=L523 margin=14.689; split fraction/run=0.061/3; outer edges=9/672; body=9.0+/-2.0/713.0+/-2.0; switch onset=L522; last complete picture=L521; band bottom=L525",521,0,0
846,6888,23,259,262,262,direct,"commercial tape; raw first pass-through row is picture; dark first band retained; raw three-third displacement L259=1.519,1.404,1.852/L260=3.182,3.069,4.506/L261=26.924,2.233,2.948/L262=0.892,2.325,2.565; peak=L261 margin=22.417; split fraction/run=0.449/30; outer edges=9/714; body=9.0+/-2.0/713.0+/-2.0; switch onset=L260; last complete picture=L259; band bottom=L262",259,286,521,525,525,direct,"commercial tape; raw first pass-through row is picture; dark first band retained; raw three-third displacement L522=1.603,1.669,4.535/L523=22.986,4.693,8.264/L524=5.915,4.672,1.597/L525=5.173,3.446,3.320; peak=L523 margin=17.071; split fraction/run=0.085/6; outer edges=9/674; body=9.0+/-2.0/713.0+/-2.0; switch onset=L522; last complete picture=L521; band bottom=L525",521,0,0
847,6889,23,259,262,262,direct,"commercial tape; raw first pass-through row is picture; dark first band retained; raw three-third displacement L259=1.089,1.646,1.680/L260=2.291,2.524,5.339/L261=25.429,2.066,2.595/L262=0.837,2.401,1.978; peak=L261 margin=20.091; split fraction/run=0.589/33; outer edges=8/714; body=9.0+/-2.0/713.0+/-2.0; switch onset=L260; last complete picture=L259; band bottom=L262",259,286,521,525,525,direct,"commercial tape; raw first pass-through row is picture; dark first band retained; raw three-third displacement L522=1.439,1.693,1.309/L523=23.446,4.553,4.476/L524=6.263,4.230,1.814/L525=5.471,3.524,4.633; peak=L523 margin=17.183; split fraction/run=0.141/10; outer edges=9/684; body=9.0+/-2.0/713.0+/-2.0; switch onset=L522; last complete picture=L521; band bottom=L525",521,0,0
848,6890,23,259,262,262,direct,"commercial tape; raw first pass-through row is picture; dark first band retained; raw three-third displacement L259=1.245,1.526,1.514/L260=2.612,2.978,3.711/L261=29.075,3.019,2.843/L262=0.693,2.313,3.622; peak=L261 margin=25.364; split fraction/run=0.453/17; outer edges=8/714; body=9.0+/-2.0/713.0+/-2.0; switch onset=L260; last complete picture=L259; band bottom=L262",259,286,521,525,525,direct,"commercial tape; raw first pass-through row is picture; dark first band retained; raw three-third displacement L522=1.433,1.137,4.082/L523=24.561,2.641,8.170/L524=5.859,1.735,2.114/L525=5.908,3.948,5.121; peak=L523 margin=18.652; split fraction/run=0.061/6; outer edges=7/678; body=9.0+/-2.0/713.0+/-2.0; switch onset=L522; last complete picture=L521; band bottom=L525",521,0,0
849,6891,23,259,262,262,direct,"commercial tape; raw first pass-through row is picture; dark first band retained; raw three-third displacement L259=1.295,1.522,1.675/L260=3.251,2.552,5.594/L261=29.687,2.018,3.050/L262=0.749,1.288,3.077; peak=L261 margin=24.092; split fraction/run=0.593/27; outer edges=9/714; body=9.0+/-2.0/713.0+/-2.0; switch onset=L260; last complete picture=L259; band bottom=L262",259,286,521,525,525,direct,"commercial tape; raw first pass-through row is picture; dark first band retained; raw three-third displacement L522=1.666,1.713,5.277/L523=26.410,5.070,8.716/L524=5.885,3.879,2.765/L525=6.423,4.150,5.526; peak=L523 margin=19.987; split fraction/run=0.117/6; outer edges=8/663; body=9.0+/-2.0/713.0+/-2.0; switch onset=L522; last complete picture=L521; band bottom=L525",521,0,0
850,6892,23,259,262,262,direct,"commercial tape; raw first pass-through row is picture; dark first band retained; raw three-third displacement L259=1.326,1.281,1.657/L260=2.655,2.332,4.143/L261=30.157,2.416,2.416/L262=0.809,2.042,4.210; peak=L261 margin=25.947; split fraction/run=0.514/19; outer edges=8/714; body=9.0+/-2.0/713.0+/-2.0; switch onset=L260; last complete picture=L259; band bottom=L262",259,286,521,525,525,direct,"commercial tape; raw first pass-through row is picture; dark first band retained; raw three-third displacement L522=1.967,1.266,6.562/L523=28.203,2.908,10.084/L524=6.328,3.427,3.065/L525=6.843,3.402,5.224; peak=L523 margin=21.361; split fraction/run=0.056/5; outer edges=8/669; body=9.0+/-2.0/713.0+/-2.0; switch onset=L522; last complete picture=L521; band bottom=L525",521,0,0
851,6893,23,259,262,262,direct,"commercial tape; raw first pass-through row is picture; dark first band retained; raw three-third displacement L259=1.489,1.765,1.859/L260=6.433,4.052,3.955/L261=33.944,4.254,2.772/L262=0.966,2.202,3.368; peak=L261 margin=27.511; split fraction/run=0.533/30; outer edges=7/714; body=9.0+/-2.0/713.0+/-2.0; switch onset=L260; last complete picture=L259; band bottom=L262",259,286,521,525,525,direct,"commercial tape; raw first pass-through row is picture; dark first band retained; raw three-third displacement L522=2.613,1.974,6.078/L523=32.193,5.792,9.833/L524=8.528,3.859,2.650/L525=7.357,3.901,6.399; peak=L523 margin=23.666; split fraction/run=0.080/6; outer edges=7/669; body=9.0+/-2.0/713.0+/-2.0; switch onset=L522; last complete picture=L521; band bottom=L525",521,0,0
852,6894,23,259,262,262,direct,"commercial tape; raw first pass-through row is picture; dark first band retained; raw three-third displacement L259=2.083,1.583,1.804/L260=7.303,3.994,4.410/L261=37.505,4.538,3.024/L262=0.982,2.112,4.105; peak=L261 margin=30.202; split fraction/run=0.481/44; outer edges=8/714; body=9.0+/-2.0/713.0+/-2.0; switch onset=L260; last complete picture=L259; band bottom=L262",259,286,521,525,525,direct,"commercial tape; raw first pass-through row is picture; dark first band retained; raw three-third displacement L522=1.983,2.220,3.954/L523=31.450,4.430,7.248/L524=7.232,2.573,1.775/L525=8.128,4.472,5.144; peak=L523 margin=23.322; split fraction/run=0.108/11; outer edges=9/659; body=9.0+/-2.0/713.0+/-2.0; switch onset=L522; last complete picture=L521; band bottom=L525",521,0,0
853,6895,23,259,262,262,direct,"commercial tape; raw first pass-through row is picture; dark first band retained; raw three-third displacement L259=1.527,1.525,2.514/L260=6.186,5.140,12.178/L261=38.305,6.638,7.351/L262=0.930,1.997,3.951; peak=L261 margin=26.126; split fraction/run=0.565/44; outer edges=8/653; body=9.0+/-2.0/713.0+/-2.0; switch onset=L260; last complete picture=L259; band bottom=L262",259,286,521,525,525,direct,"commercial tape; raw first pass-through row is picture; dark first band retained; raw three-third displacement L522=1.436,2.160,2.879/L523=31.234,4.777,7.922/L524=5.917,2.013,2.255/L525=7.516,5.123,4.758; peak=L523 margin=23.718; split fraction/run=0.061/4; outer edges=7/676; body=9.0+/-2.0/713.0+/-2.0; switch onset=L522; last complete picture=L521; band bottom=L525",521,0,0
854,6896,23,259,262,262,direct,"commercial tape; raw first pass-through row is picture; dark first band retained; raw three-third displacement L259=1.642,1.988,2.845/L260=2.345,11.656,12.714/L261=37.674,12.112,7.242/L262=1.073,2.474,3.242; peak=L261 margin=24.960; split fraction/run=0.654/47; outer edges=8/633; body=9.0+/-2.0/713.0+/-2.0; switch onset=L260; last complete picture=L259; band bottom=L262",259,286,521,525,525,direct,"commercial tape; raw first pass-through row is picture; dark first band retained; raw three-third displacement L522=1.948,2.515,2.994/L523=36.757,4.814,8.321/L524=10.226,1.893,1.877/L525=8.036,5.921,5.864; peak=L523 margin=26.531; split fraction/run=0.093/9; outer edges=9/681; body=9.0+/-2.0/713.0+/-2.0; switch onset=L522; last complete picture=L521; band bottom=L525",521,0,0
855,6897,23,259,262,262,direct,"commercial tape; raw first pass-through row is picture; dark first band retained; raw three-third displacement L259=1.367,1.910,2.663/L260=2.678,6.539,11.994/L261=36.524,6.274,5.129/L262=0.843,2.190,3.073; peak=L261 margin=24.530; split fraction/run=0.715/49; outer edges=8/665; body=9.0+/-2.0/713.0+/-2.0; switch onset=L260; last complete picture=L259; band bottom=L262",259,286,521,525,525,cv_inspected,"commercial tape; raw first pass-through row is picture; dark first band retained; raw three-third displacement L522=2.436,2.517,2.299/L523=34.260,8.960,7.643/L524=9.022,6.092,2.140/L525=8.308,6.400,5.268; peak=L523 margin=25.237; split fraction/run=0.103/10; outer edges=8/714; body=9.0+/-2.0/713.0+/-2.0; switch onset=L522; last complete picture=L521; band bottom=L525; raw per-unit candidate L522 disagrees; pooled raw-row displacement of the continuous stable lock resolves L521; row Y(mean/std) L285=1.384/0.486 L286=121.733/14.894 L287=120.141/14.559 L521=66.091/7.346 L522=65.606/8.750 L525=43.741/23.635",522,0,0
856,6898,23,259,262,262,direct,"commercial tape; raw first pass-through row is picture; dark first band retained; raw three-third displacement L259=1.833,2.355,2.109/L260=1.854,6.919,7.658/L261=37.086,6.045,4.609/L262=0.827,3.107,4.288; peak=L261 margin=29.429; split fraction/run=0.533/38; outer edges=8/714; body=9.0+/-2.0/713.0+/-2.0; switch onset=L260; last complete picture=L259; band bottom=L262",259,286,521,525,525,direct,"commercial tape; raw first pass-through row is picture; dark first band retained; raw three-third displacement L522=2.542,3.000,2.448/L523=35.266,7.682,8.403/L524=10.276,5.040,2.708/L525=8.068,5.780,6.375; peak=L523 margin=24.990; split fraction/run=0.131/14; outer edges=8/704; body=9.0+/-2.0/713.0+/-2.0; switch onset=L522; last complete picture=L521; band bottom=L525",521,0,0
857,6899,23,259,262,262,direct,"commercial tape; raw first pass-through row is picture; dark first band retained; raw three-third displacement L259=1.801,1.895,2.207/L260=3.915,11.365,7.540/L261=39.810,10.012,6.012/L262=0.891,2.734,3.628; peak=L261 margin=28.444; split fraction/run=0.477/39; outer edges=8/714; body=9.0+/-2.0/713.0+/-2.0; switch onset=L260; last complete picture=L259; band bottom=L262",259,286,521,525,525,direct,"commercial tape; raw first pass-through row is picture; dark first band retained; raw three-third displacement L522=3.310,2.262,3.138/L523=34.588,11.924,7.511/L524=10.563,6.833,4.010/L525=9.322,6.457,7.377; peak=L523 margin=24.025; split fraction/run=0.126/6; outer edges=7/696; body=9.0+/-2.0/713.0+/-2.0; switch onset=L522; last complete picture=L521; band bottom=L525",521,0,0
858,6900,23,259,262,262,direct,"commercial tape; raw first pass-through row is picture; dark first band retained; raw three-third displacement L259=2.113,1.677,3.015/L260=2.866,6.889,9.466/L261=42.304,5.003,7.267/L262=1.024,4.102,4.199; peak=L261 margin=32.838; split fraction/run=0.547/48; outer edges=9/714; body=9.0+/-2.0/713.0+/-2.0; switch onset=L260; last complete picture=L259; band bottom=L262",259,286,521,525,525,direct,"commercial tape; raw first pass-through row is picture; dark first band retained; raw three-third displacement L522=2.686,3.310,4.403/L523=38.210,11.257,7.438/L524=11.793,8.956,5.326/L525=10.152,6.859,6.498; peak=L523 margin=26.417; split fraction/run=0.234/14; outer edges=7/714; body=8.0+/-2.0/713.0+/-2.0; switch onset=L522; last complete picture=L521; band bottom=L525",521,0,0
859,6901,23,259,262,262,direct,"commercial tape; raw first pass-through row is picture; dark first band retained; raw three-third displacement L259=2.477,1.639,2.445/L260=3.018,14.199,10.003/L261=41.582,18.379,12.072/L262=1.251,2.775,3.299; peak=L261 margin=27.382; split fraction/run=0.402/21; outer edges=8/714; body=9.0+/-2.0/713.0+/-2.0; switch onset=L260; last complete picture=L259; band bottom=L262",259,286,521,525,525,direct,"commercial tape; raw first pass-through row is picture; dark first band retained; raw three-third displacement L522=2.304,2.399,3.971/L523=39.087,9.323,7.650/L524=12.680,6.968,4.455/L525=9.686,7.566,8.439; peak=L523 margin=26.407; split fraction/run=0.234/15; outer edges=8/685; body=9.0+/-2.0/713.0+/-2.0; switch onset=L522; last complete picture=L521; band bottom=L525",521,0,0
860,6902,23,259,262,262,direct,"commercial tape; raw first pass-through row is picture; dark first band retained; raw three-third displacement L259=2.035,1.614,2.639/L260=3.342,6.306,8.364/L261=43.209,4.643,5.164/L262=0.867,3.626,4.863; peak=L261 margin=34.845; split fraction/run=0.598/49; outer edges=8/714; body=9.0+/-2.0/713.0+/-2.0; switch onset=L260; last complete picture=L259; band bottom=L262",259,286,521,525,525,direct,"commercial tape; raw first pass-through row is picture; dark first band retained; raw three-third displacement L522=2.486,2.552,3.778/L523=38.700,8.377,8.905/L524=13.211,6.793,3.124/L525=10.022,6.843,7.170; peak=L523 margin=25.489; split fraction/run=0.140/10; outer edges=7/714; body=8.0+/-2.0/713.0+/-2.0; switch onset=L522; last complete picture=L521; band bottom=L525",521,0,0
861,6903,23,259,262,262,cv_inspected,"commercial tape; raw first pass-through row is picture; dark first band retained; raw three-third displacement L259=2.325,2.749,3.768/L260=3.899,7.373,8.235/L261=45.904,4.364,5.027/L262=0.991,2.398,3.250; peak=L261 margin=37.670; split fraction/run=0.593/42; outer edges=7/714; body=9.0+/-2.0/713.0+/-2.0; switch onset=L260; last complete picture=L259; band bottom=L262; raw per-unit candidate L258 disagrees; pooled raw-row displacement of the continuous stable lock resolves L259; row Y(mean/std) L22=1.383/0.486 L23=153.864/18.118 L24=150.698/18.211 L259=76.316/10.031 L260=74.350/12.887 L262=47.994/30.208",258,286,521,525,525,direct,"commercial tape; raw first pass-through row is picture; dark first band retained; raw three-third displacement L522=2.781,2.556,2.831/L523=38.707,8.353,9.763/L524=13.769,5.826,3.909/L525=9.429,9.312,8.688; peak=L523 margin=24.938; split fraction/run=0.061/8; outer edges=8/684; body=8.0+/-2.0/713.0+/-2.0; switch onset=L522; last complete picture=L521; band bottom=L525",521,0,0
862,6904,23,259,262,262,cv_inspected,"commercial tape; raw first pass-through row is picture; dark first band retained; raw three-third displacement L259=2.785,2.834,4.066/L260=5.732,13.451,8.740/L261=52.762,19.523,17.470/L262=1.300,2.789,2.344; peak=L261 margin=39.310; split fraction/run=0.160/12; outer edges=8/714; body=9.0+/-2.0/713.0+/-2.0; switch onset=L260; last complete picture=L259; band bottom=L262; raw per-unit candidate L258 disagrees; pooled raw-row displacement of the continuous stable lock resolves L259; row Y(mean/std) L22=1.380/0.485 L23=160.108/18.600 L24=155.809/20.422 L259=80.634/10.292 L260=85.803/21.820 L262=36.806/24.677",258,286,521,525,525,direct,"commercial tape; raw first pass-through row is picture; dark first band retained; raw three-third displacement L522=4.251,3.684,5.344/L523=39.915,10.000,10.338/L524=14.824,7.884,4.466/L525=9.774,7.582,7.769; peak=L523 margin=25.091; split fraction/run=0.196/10; outer edges=7/714; body=8.0+/-2.0/713.0+/-2.0; switch onset=L522; last complete picture=L521; band bottom=L525",521,0,0
863,6905,23,259,262,262,cv_inspected,"commercial tape; raw first pass-through row is picture; dark first band retained; raw three-third displacement L259=3.897,3.025,3.924/L260=5.560,6.625,8.542/L261=45.833,6.341,5.475/L262=1.282,2.938,4.975; peak=L261 margin=37.291; split fraction/run=0.556/41; outer edges=7/714; body=9.0+/-2.0/713.0+/-2.0; switch onset=L260; last complete picture=L259; band bottom=L262; raw per-unit candidate L258 disagrees; pooled raw-row displacement of the continuous stable lock resolves L259; row Y(mean/std) L22=1.392/0.488 L23=166.478/18.992 L24=164.225/19.297 L259=80.475/11.215 L260=77.441/12.649 L262=47.278/30.722",258,286,521,525,525,direct,"commercial tape; raw first pass-through row is picture; dark first band retained; raw three-third displacement L522=4.822,4.064,4.713/L523=40.947,9.561,15.656/L524=14.938,6.288,10.697/L525=10.422,8.812,9.186; peak=L523 margin=26.009; split fraction/run=0.146/16; outer edges=8/714; body=8.0+/-2.0/713.0+/-2.0; switch onset=L522; last complete picture=L521; band bottom=L525",521,0,0
864,6906,23,259,262,262,cv_inspected,"commercial tape; raw first pass-through row is picture; dark first band retained; raw three-third displacement L259=4.745,2.789,3.633/L260=3.401,7.128,9.245/L261=54.668,7.795,8.948/L262=1.140,3.983,5.997; peak=L261 margin=45.422; split fraction/run=0.399/24; outer edges=8/714; body=9.0+/-2.0/713.0+/-2.0; switch onset=L260; last complete picture=L259; band bottom=L262; raw per-unit candidate L258 disagrees; pooled raw-row displacement of the continuous stable lock resolves L259; row Y(mean/std) L22=1.363/0.481 L23=166.895/20.839 L24=164.944/20.835 L259=85.036/10.954 L260=84.155/13.639 L262=60.820/39.212",258,286,521,525,525,direct,"commercial tape; raw first pass-through row is picture; dark first band retained; raw three-third displacement L522=3.108,4.311,3.827/L523=41.617,9.637,12.408/L524=16.111,6.433,7.408/L525=10.926,8.791,7.682; peak=L523 margin=25.506; split fraction/run=0.131/8; outer edges=7/714; body=8.0+/-2.0/713.0+/-2.0; switch onset=L522; last complete picture=L521; band bottom=L525",521,0,0
865,6907,23,259,262,262,cv_inspected,"commercial tape; raw first pass-through row is picture; dark first band retained; raw three-third displacement L259=2.377,3.268,3.515/L260=3.870,8.683,8.760/L261=52.707,6.478,6.633/L262=1.110,3.604,4.293; peak=L261 margin=43.947; split fraction/run=0.535/37; outer edges=7/714; body=9.0+/-2.0/713.0+/-2.0; switch onset=L260; last complete picture=L259; band bottom=L262; raw per-unit candidate L258 disagrees; pooled raw-row displacement of the continuous stable lock resolves L259; row Y(mean/std) L22=1.366/0.482 L23=174.347/20.608 L24=172.088/20.467 L259=83.433/12.213 L260=84.861/13.956 L262=59.689/38.559",258,286,521,525,525,direct,"commercial tape; raw first pass-through row is picture; dark first band retained; raw three-third displacement L522=3.081,3.994,4.440/L523=44.266,11.006,23.972/L524=19.056,7.253,13.575/L525=10.778,7.491,9.223; peak=L523 margin=25.209; split fraction/run=0.127/15; outer edges=8/689; body=8.0+/-2.0/713.0+/-2.0; switch onset=L522; last complete picture=L521; band bottom=L525",521,0,0
866,6908,23,259,262,262,cv_inspected,"commercial tape; raw first pass-through row is picture; dark first band retained; raw three-third displacement L259=3.101,2.942,3.299/L260=4.684,8.856,10.457/L261=55.275,7.066,7.080/L262=1.501,4.552,5.769; peak=L261 margin=44.818; split fraction/run=0.650/42; outer edges=8/714; body=9.0+/-2.0/713.0+/-2.0; switch onset=L260; last complete picture=L259; band bottom=L262; raw per-unit candidate L258 disagrees; pooled raw-row displacement of the continuous stable lock resolves L259; row Y(mean/std) L22=1.369/0.482 L23=179.355/20.541 L24=174.152/21.744 L259=86.219/12.956 L260=85.773/15.883 L262=59.103/37.721",258,286,521,525,525,direct,"commercial tape; raw first pass-through row is picture; dark first band retained; raw three-third displacement L522=3.105,4.451,6.065/L523=45.930,12.974,22.265/L524=18.330,9.561,11.667/L525=10.038,7.506,9.654; peak=L523 margin=27.600; split fraction/run=0.080/6; outer edges=8/714; body=8.0+/-2.0/713.0+/-2.0; switch onset=L522; last complete picture=L521; band bottom=L525",521,0,0
867,6909,23,259,262,262,cv_inspected,"commercial tape; raw first pass-through row is picture; dark first band retained; raw three-third displacement L259=4.279,2.673,4.774/L260=4.315,10.221,10.573/L261=54.633,6.992,8.101/L262=2.585,6.003,7.926; peak=L261 margin=44.061; split fraction/run=0.643/34; outer edges=8/714; body=9.0+/-2.0/713.0+/-2.0; switch onset=L260; last complete picture=L259; band bottom=L262; raw per-unit candidate L258 disagrees; pooled raw-row displacement of the continuous stable lock resolves L259; row Y(mean/std) L22=1.372/0.483 L23=178.938/21.737 L24=176.055/21.607 L259=85.473/14.263 L260=87.508/16.124 L262=54.039/34.677",258,286,521,525,525,direct,"commercial tape; raw first pass-through row is picture; dark first band retained; raw three-third displacement L522=4.258,5.023,4.483/L523=49.791,11.387,11.820/L524=17.517,6.350,9.252/L525=12.533,11.046,11.479; peak=L523 margin=32.275; split fraction/run=0.146/11; outer edges=7/714; body=9.0+/-2.0/713.0+/-2.0; switch onset=L522; last complete picture=L521; band bottom=L525",521,0,0
868,6910,23,259,262,262,cv_inspected,"commercial tape; raw first pass-through row is picture; dark first band retained; raw three-third displacement L259=4.602,2.930,4.798/L260=4.501,10.136,11.905/L261=53.673,9.487,11.591/L262=1.676,3.535,7.504; peak=L261 margin=41.768; split fraction/run=0.514/37; outer edges=7/714; body=9.0+/-2.0/713.0+/-2.0; switch onset=L260; last complete picture=L259; band bottom=L262; raw per-unit candidate L258 disagrees; pooled raw-row displacement of the continuous stable lock resolves L259; row Y(mean/std) L22=1.387/0.487 L23=182.434/21.446 L24=176.797/22.238 L259=88.431/14.864 L260=88.634/17.045 L262=65.464/41.051",258,286,521,525,525,direct,"commercial tape; raw first pass-through row is picture; dark first band retained; raw three-third displacement L522=4.281,4.268,4.612/L523=47.082,14.912,8.826/L524=15.468,9.362,7.474/L525=10.931,9.390,10.477; peak=L523 margin=31.613; split fraction/run=0.206/13; outer edges=7/714; body=8.0+/-2.0/713.0+/-2.0; switch onset=L522; last complete picture=L521; band bottom=L525",521,0,0
869,6911,23,259,262,262,cv_inspected,"commercial tape; raw first pass-through row is picture; dark first band retained; raw three-third displacement L259=4.687,3.301,4.780/L260=7.238,9.833,13.181/L261=57.867,6.630,11.166/L262=1.322,4.521,4.777; peak=L261 margin=44.686; split fraction/run=0.620/34; outer edges=9/714; body=9.0+/-2.0/713.0+/-2.0; switch onset=L260; last complete picture=L259; band bottom=L262; raw per-unit candidate L258 disagrees; pooled raw-row displacement of the continuous stable lock resolves L259; row Y(mean/std) L22=1.373/0.484 L23=187.491/21.611 L24=184.870/21.535 L259=92.373/16.066 L260=87.928/17.972 L262=49.117/31.702",258,286,521,525,525,direct,"commercial tape; raw first pass-through row is picture; dark first band retained; raw three-third displacement L522=4.951,5.594,6.141/L523=47.963,14.020,9.383/L524=15.518,7.179,4.575/L525=10.801,10.337,11.166; peak=L523 margin=32.445; split fraction/run=0.206/24; outer edges=8/666; body=8.0+/-2.0/713.0+/-2.0; switch onset=L522; last complete picture=L521; band bottom=L525",521,0,0
870,6912,23,259,262,262,cv_inspected,"commercial tape; raw first pass-through row is picture; dark first band retained; raw three-third displacement L259=3.760,5.422,3.685/L260=6.737,9.109,16.951/L261=52.910,8.553,16.670/L262=1.314,3.539,4.055; peak=L261 margin=35.959; split fraction/run=0.495/48; outer edges=7/637; body=9.0+/-2.0/713.0+/-2.0; switch onset=L260; last complete picture=L259; band bottom=L262; raw per-unit candidate L258 disagrees; pooled raw-row displacement of the continuous stable lock resolves L259; row Y(mean/std) L22=1.373/0.484 L23=190.677/21.754 L24=184.495/21.717 L259=90.478/15.593 L260=83.263/22.828 L262=47.995/30.448",258,286,521,525,525,direct,"commercial tape; raw first pass-through row is picture; dark first band retained; raw three-third displacement L522=6.158,5.637,4.894/L523=55.655,15.505,7.472/L524=1.706,5.363,4.950/L525=10.731,10.792,11.241; peak=L523 margin=44.414; split fraction/run=0.271/13; outer edges=7/678; body=9.0+/-2.0/713.0+/-2.0; switch onset=L522; last complete picture=L521; band bottom=L525",521,0,0
871,6913,23,259,262,262,cv_inspected,"commercial tape; raw first pass-through row is picture; dark first band retained; raw three-third displacement L259=4.934,4.715,4.166/L260=5.525,16.901,12.462/L261=52.094,12.401,11.003/L262=1.283,4.814,6.592; peak=L261 margin=35.193; split fraction/run=0.606/44; outer edges=8/714; body=9.0+/-2.0/713.0+/-2.0; switch onset=L260; last complete picture=L259; band bottom=L262; raw per-unit candidate L258 disagrees; pooled raw-row displacement of the continuous stable lock resolves L259; row Y(mean/std) L22=1.378/0.485 L23=190.044/21.038 L24=186.677/21.132 L259=85.198/14.329 L260=86.234/25.612 L262=52.858/33.061",258,286,521,525,525,direct,"commercial tape; raw first pass-through row is picture; dark first band retained; raw three-third displacement L522=5.019,4.434,4.737/L523=54.697,18.540,12.094/L524=2.013,5.142,6.353/L525=14.174,10.519,13.706; peak=L523 margin=40.524; split fraction/run=0.164/11; outer edges=8/714; body=9.0+/-2.0/713.0+/-2.0; switch onset=L522; last complete picture=L521; band bottom=L525",521,0,0
872,6914,23,259,262,262,cv_inspected,"commercial tape; raw first pass-through row is picture; dark first band retained; raw three-third displacement L259=4.811,3.558,4.751/L260=5.149,15.160,11.312/L261=49.325,13.047,9.435/L262=1.824,6.873,7.742; peak=L261 margin=34.165; split fraction/run=0.554/33; outer edges=8/714; body=9.0+/-2.0/713.0+/-2.0; switch onset=L260; last complete picture=L259; band bottom=L262; raw per-unit candidate L258 disagrees; pooled raw-row displacement of the continuous stable lock resolves L259; row Y(mean/std) L22=1.391/0.488 L23=179.308/21.775 L24=174.180/21.657 L259=87.123/14.330 L260=88.798/22.282 L262=53.870/33.716",258,286,521,525,525,direct,"commercial tape; raw first pass-through row is picture; dark first band retained; raw three-third displacement L522=6.855,5.554,4.837/L523=54.548,16.681,10.642/L524=3.007,9.307,7.840/L525=12.439,13.479,14.489; peak=L523 margin=40.059; split fraction/run=0.164/8; outer edges=7/714; body=9.0+/-2.0/713.0+/-2.0; switch onset=L522; last complete picture=L521; band bottom=L525",521,0,0
873,6915,23,259,262,262,cv_inspected,"commercial tape; raw first pass-through row is picture; dark first band retained; raw three-third displacement L259=5.792,4.299,5.015/L260=6.734,10.500,11.749/L261=47.776,8.217,8.772/L262=1.341,6.728,5.997; peak=L261 margin=36.028; split fraction/run=0.579/27; outer edges=8/714; body=9.0+/-2.0/713.0+/-2.0; switch onset=L260; last complete picture=L259; band bottom=L262; raw per-unit candidate L258 disagrees; pooled raw-row displacement of the continuous stable lock resolves L259; row Y(mean/std) L22=1.373/0.484 L23=186.287/20.746 L24=183.358/20.431 L259=89.044/16.096 L260=80.934/16.601 L262=53.950/32.519",258,286,521,525,525,direct,"commercial tape; raw first pass-through row is picture; dark first band retained; raw three-third displacement L522=6.337,7.077,5.495/L523=52.450,12.123,11.566/L524=1.711,5.934,5.810/L525=10.532,11.371,12.920; peak=L523 margin=39.529; split fraction/run=0.291/16; outer edges=8/714; body=9.0+/-2.0/713.0+/-2.0; switch onset=L522; last complete picture=L521; band bottom=L525",521,0,0
874,6916,23,259,262,262,cv_inspected,"commercial tape; raw first pass-through row is picture; dark first band retained; raw three-third displacement L259=5.828,4.966,6.108/L260=8.150,12.086,16.095/L261=48.810,9.523,15.311/L262=1.819,6.647,7.855; peak=L261 margin=32.714; split fraction/run=0.568/22; outer edges=7/714; body=9.0+/-2.0/713.0+/-2.0; switch onset=L260; last complete picture=L259; band bottom=L262; raw per-unit candidate L258 disagrees; pooled raw-row displacement of the continuous stable lock resolves L259; row Y(mean/std) L22=1.373/0.484 L23=192.223/20.233 L24=184.964/20.959 L259=88.267/16.516 L260=87.830/22.995 L262=51.888/30.929",258,286,521,525,525,direct,"commercial tape; raw first pass-through row is picture; dark first band retained; raw three-third displacement L522=6.880,7.123,4.019/L523=48.451,14.003,11.977/L524=7.609,6.170,6.394/L525=8.713,10.295,12.084; peak=L523 margin=36.367; split fraction/run=0.211/12; outer edges=7/714; body=9.0+/-2.0/713.0+/-2.0; switch onset=L522; last complete picture=L521; band bottom=L525",521,0,0
875,6917,23,259,262,262,cv_inspected,"commercial tape; raw first pass-through row is picture; dark first band retained; raw three-third displacement L259=7.186,5.591,4.960/L260=9.003,11.551,17.525/L261=49.890,11.840,16.340/L262=1.418,3.131,4.407; peak=L261 margin=32.365; split fraction/run=0.432/33; outer edges=7/611; body=9.0+/-2.0/713.0+/-2.0; switch onset=L260; last complete picture=L259; band bottom=L262; raw per-unit candidate L258 disagrees; pooled raw-row displacement of the continuous stable lock resolves L259; row Y(mean/std) L22=1.392/0.488 L23=180.658/21.386 L24=179.412/20.633 L259=88.234/14.705 L260=80.006/22.145 L262=47.744/28.936",258,286,521,525,525,direct,"commercial tape; raw first pass-through row is picture; dark first band retained; raw three-third displacement L522=9.065,5.532,5.566/L523=50.045,11.374,12.858/L524=7.865,6.515,8.242/L525=9.687,9.892,12.719; peak=L523 margin=37.327; split fraction/run=0.254/13; outer edges=7/714; body=9.0+/-2.0/713.0+/-2.0; switch onset=L522; last complete picture=L521; band bottom=L525",521,0,0
876,6918,23,259,262,262,cv_inspected,"commercial tape; raw first pass-through row is picture; dark first band retained; raw three-third displacement L259=7.846,4.638,3.915/L260=7.707,9.624,16.799/L261=51.611,6.811,13.658/L262=1.235,3.743,6.182; peak=L261 margin=34.812; split fraction/run=0.512/38; outer edges=8/714; body=9.0+/-2.0/713.0+/-2.0; switch onset=L260; last complete picture=L259; band bottom=L262; raw per-unit candidate L258 disagrees; pooled raw-row displacement of the continuous stable lock resolves L259; row Y(mean/std) L22=1.387/0.487 L23=187.403/19.737 L24=181.308/21.023 L259=88.053/14.499 L260=79.345/22.450 L262=52.702/31.528",258,286,521,525,525,direct,"commercial tape; raw first pass-through row is picture; dark first band retained; raw three-third displacement L522=8.442,5.950,7.301/L523=50.139,11.212,14.426/L524=10.037,4.818,6.084/L525=9.602,9.109,11.639; peak=L523 margin=38.501; split fraction/run=0.272/8; outer edges=7/671; body=9.0+/-2.0/713.0+/-2.0; switch onset=L522; last complete picture=L521; band bottom=L525",521,0,0
877,6919,23,259,262,262,cv_inspected,"commercial tape; raw first pass-through row is picture; dark first band retained; raw three-third displacement L259=9.478,4.242,5.363/L260=9.166,9.867,13.615/L261=49.854,8.970,9.584/L262=1.803,3.103,5.877; peak=L261 margin=36.238; split fraction/run=0.523/47; outer edges=8/714; body=9.0+/-2.0/713.0+/-2.0; switch onset=L260; last complete picture=L259; band bottom=L262; raw per-unit candidate L258 disagrees; pooled raw-row displacement of the continuous stable lock resolves L259; row Y(mean/std) L22=1.383/0.486 L23=190.137/19.544 L24=186.984/19.821 L259=88.427/14.888 L260=79.763/19.119 L262=51.250/31.460",258,286,521,525,525,direct,"commercial tape; raw first pass-through row is picture; dark first band retained; raw three-third displacement L522=7.416,6.310,6.875/L523=45.568,11.274,14.547/L524=12.561,5.277,6.730/L525=8.653,9.464,12.348; peak=L523 margin=33.007; split fraction/run=0.272/8; outer edges=7/714; body=9.0+/-2.0/713.0+/-2.0; switch onset=L522; last complete picture=L521; band bottom=L525",521,0,0
878,6920,23,259,262,262,cv_inspected,"commercial tape; raw first pass-through row is picture; dark first band retained; raw three-third displacement L259=8.693,4.868,4.994/L260=7.636,13.379,13.046/L261=50.045,13.132,10.031/L262=1.904,4.601,7.120; peak=L261 margin=36.666; split fraction/run=0.505/32; outer edges=8/714; body=9.0+/-2.0/713.0+/-2.0; switch onset=L260; last complete picture=L259; band bottom=L262; raw per-unit candidate L258 disagrees; pooled raw-row displacement of the continuous stable lock resolves L259; row Y(mean/std) L22=1.381/0.486 L23=191.025/19.738 L24=186.419/20.040 L259=87.348/14.814 L260=85.358/23.843 L262=53.398/32.838",258,286,521,525,525,direct,"commercial tape; raw first pass-through row is picture; dark first band retained; raw three-third displacement L522=8.369,5.656,9.183/L523=50.433,12.737,17.461/L524=14.539,7.136,7.386/L525=9.355,9.828,11.471; peak=L523 margin=35.894; split fraction/run=0.207/9; outer edges=8/714; body=9.0+/-2.0/713.0+/-2.0; switch onset=L522; last complete picture=L521; band bottom=L525",521,0,0
879,6921,23,259,262,262,cv_inspected,"commercial tape; raw first pass-through row is picture; dark first band retained; raw three-third displacement L259=9.344,4.606,6.371/L260=11.184,13.492,15.684/L261=49.620,16.774,12.248/L262=2.059,4.372,5.629; peak=L261 margin=33.936; split fraction/run=0.537/79; outer edges=7/684; body=9.0+/-2.0/713.0+/-2.0; switch onset=L260; last complete picture=L259; band bottom=L262; raw per-unit candidate L258 disagrees; pooled raw-row displacement of the continuous stable lock resolves L259; row Y(mean/std) L22=1.359/0.480 L23=182.661/20.173 L24=181.973/19.978 L259=88.453/16.817 L260=82.442/24.254 L262=48.458/30.391",258,286,521,525,525,direct,"commercial tape; raw first pass-through row is picture; dark first band retained; raw three-third displacement L522=7.361,6.618,9.697/L523=48.330,17.652,15.003/L524=13.639,12.200,5.862/L525=8.955,9.497,10.533; peak=L523 margin=34.691; split fraction/run=0.280/12; outer edges=8/696; body=9.0+/-2.0/713.0+/-2.0; switch onset=L522; last complete picture=L521; band bottom=L525",521,0,0
880,6922,23,259,262,262,cv_inspected,"commercial tape; raw first pass-through row is picture; dark first band retained; raw three-third displacement L259=8.387,4.664,5.748/L260=7.579,13.742,12.292/L261=50.220,15.989,11.243/L262=1.368,3.881,5.702; peak=L261 margin=36.478; split fraction/run=0.467/32; outer edges=8/714; body=9.0+/-2.0/713.0+/-2.0; switch onset=L260; last complete picture=L259; band bottom=L262; raw per-unit candidate L258 disagrees; pooled raw-row displacement of the continuous stable lock resolves L259; row Y(mean/std) L22=1.372/0.483 L23=187.605/19.836 L24=181.819/20.297 L259=89.358/16.090 L260=88.217/23.134 L262=50.100/30.936",258,286,521,525,525,direct,"commercial tape; raw first pass-through row is picture; dark first band retained; raw three-third displacement L522=8.574,6.743,8.248/L523=50.691,17.210,17.471/L524=15.587,9.115,5.304/L525=9.540,8.598,9.572; peak=L523 margin=35.104; split fraction/run=0.229/12; outer edges=7/712; body=8.0+/-2.0/713.0+/-2.0; switch onset=L522; last complete picture=L521; band bottom=L525",521,0,0
881,6923,23,259,262,262,cv_inspected,"commercial tape; raw first pass-through row is picture; dark first band retained; raw three-third displacement L259=7.531,4.745,6.287/L260=7.808,13.071,18.890/L261=50.226,11.992,14.114/L262=1.289,4.340,6.218; peak=L261 margin=31.337; split fraction/run=0.542/31; outer edges=8/647; body=9.0+/-2.0/713.0+/-2.0; switch onset=L260; last complete picture=L259; band bottom=L262; raw per-unit candidate L258 disagrees; pooled raw-row displacement of the continuous stable lock resolves L259; row Y(mean/std) L22=1.383/0.486 L23=186.061/20.763 L24=183.803/20.439 L259=90.347/14.560 L260=77.439/24.490 L262=53.436/32.644",258,286,521,525,525,cv_inspected,"commercial tape; raw first pass-through row is picture; dark first band retained; raw three-third displacement L522=9.830,7.038,8.433/L523=50.957,10.385,15.700/L524=8.993,6.157,6.472/L525=8.626,10.181,11.743; peak=L523 margin=39.215; split fraction/run=0.333/12; outer edges=7/708; body=8.0+/-2.0/713.0+/-2.0; switch onset=L522; last complete picture=L521; band bottom=L525; row Y(mean/std) L285=1.392/0.488 L286=195.512/19.965 L287=189.250/19.842 L521=85.342/15.961 L522=89.672/20.143 L525=55.403/29.935",521,0,0
882,6924,23,259,262,262,cv_inspected,"commercial tape; raw first pass-through row is picture; dark first band retained; raw three-third displacement L259=7.964,4.762,8.466/L260=8.691,15.153,20.322/L261=51.883,19.159,15.392/L262=2.114,3.742,6.106; peak=L261 margin=31.561; split fraction/run=0.505/79; outer edges=8/617; body=9.0+/-2.0/713.0+/-2.0; switch onset=L260; last complete picture=L259; band bottom=L262; raw per-unit candidate L258 disagrees; pooled raw-row displacement of the continuous stable lock resolves L259; row Y(mean/std) L22=1.391/0.488 L23=194.562/19.812 L24=185.988/20.322 L259=90.680/16.951 L260=85.175/28.609 L262=50.014/31.453",258,286,521,525,525,direct,"commercial tape; raw first pass-through row is picture; dark first band retained; raw three-third displacement L522=7.908,5.446,5.473/L523=47.776,10.111,16.683/L524=7.439,8.921,10.677/L525=7.353,9.493,14.240; peak=L523 margin=33.536; split fraction/run=0.197/19; outer edges=7/703; body=8.0+/-2.0/713.0+/-2.0; switch onset=L522; last complete picture=L521; band bottom=L525",521,0,0
883,6925,23,259,262,262,cv_inspected,"commercial tape; raw first pass-through row is picture; dark first band retained; raw three-third displacement L259=8.437,5.300,6.425/L260=5.695,12.179,20.356/L261=42.939,18.045,14.963/L262=8.788,6.877,7.316; peak=L261 margin=22.583; split fraction/run=0.463/38; outer edges=7/644; body=9.0+/-2.0/713.0+/-2.0; switch onset=L260; last complete picture=L259; band bottom=L262; raw per-unit candidate L258 disagrees; pooled raw-row displacement of the continuous stable lock resolves L259; row Y(mean/std) L22=1.367/0.482 L23=186.838/19.611 L24=185.417/19.596 L259=87.838/16.554 L260=83.677/25.959 L262=43.441/27.690",258,286,521,525,525,direct,"commercial tape; raw first pass-through row is picture; dark first band retained; raw three-third displacement L522=6.289,7.182,5.419/L523=47.708,10.382,16.130/L524=19.185,10.341,8.734/L525=7.450,8.815,12.422; peak=L523 margin=28.523; split fraction/run=0.258/12; outer edges=8/714; body=8.0+/-2.0/713.0+/-2.0; switch onset=L522; last complete picture=L521; band bottom=L525",521,0,0
884,6926,23,259,262,262,cv_inspected,"commercial tape; raw first pass-through row is picture; dark first band retained; raw three-third displacement L259=4.461,5.636,5.232/L260=5.724,11.685,17.822/L261=50.121,14.267,11.975/L262=1.529,5.690,8.885; peak=L261 margin=32.299; split fraction/run=0.579/73; outer edges=7/714; body=9.0+/-2.0/713.0+/-2.0; switch onset=L260; last complete picture=L259; band bottom=L262; raw per-unit candidate L258 disagrees; pooled raw-row displacement of the continuous stable lock resolves L259; row Y(mean/std) L22=1.377/0.485 L23=192.064/19.542 L24=185.463/19.391 L259=87.598/17.132 L260=85.473/22.418 L262=46.355/29.181",258,286,521,525,525,direct,"commercial tape; raw first pass-through row is picture; dark first band retained; raw three-third displacement L522=6.752,6.424,5.351/L523=41.213,12.044,16.239/L524=13.273,6.355,9.180/L525=7.893,8.369,11.292; peak=L523 margin=27.940; split fraction/run=0.221/9; outer edges=7/714; body=8.0+/-2.0/713.0+/-2.0; switch onset=L522; last complete picture=L521; band bottom=L525",521,0,0
885,6927,23,259,262,262,cv_inspected,"commercial tape; raw first pass-through row is picture; dark first band retained; raw three-third displacement L259=5.581,6.118,5.391/L260=11.529,9.743,21.419/L261=59.661,16.532,18.724/L262=1.239,4.714,6.025; peak=L261 margin=38.242; split fraction/run=0.430/60; outer edges=8/657; body=9.0+/-2.0/713.0+/-2.0; switch onset=L260; last complete picture=L259; band bottom=L262; raw per-unit candidate L258 disagrees; pooled raw-row displacement of the continuous stable lock resolves L259; row Y(mean/std) L22=1.369/0.482 L23=189.641/19.567 L24=186.584/19.224 L259=89.803/16.587 L260=86.844/26.642 L262=43.445/27.359",258,286,521,525,525,direct,"commercial tape; raw first pass-through row is picture; dark first band retained; raw three-third displacement L522=7.671,6.525,4.802/L523=46.131,11.614,18.950/L524=9.735,6.501,8.446/L525=7.399,9.685,11.661; peak=L523 margin=34.470; split fraction/run=0.221/10; outer edges=6/714; body=8.0+/-2.0/713.0+/-2.0; switch onset=L522; last complete picture=L521; band bottom=L525",521,0,0
886,6928,23,259,262,262,cv_inspected,"commercial tape; raw first pass-through row is picture; dark first band retained; raw three-third displacement L259=6.757,4.918,5.248/L260=10.843,9.536,18.304/L261=54.148,13.968,13.531/L262=1.917,5.834,8.525; peak=L261 margin=35.843; split fraction/run=0.505/54; outer edges=7/686; body=9.0+/-2.0/713.0+/-2.0; switch onset=L260; last complete picture=L259; band bottom=L262; raw per-unit candidate L258 disagrees; pooled raw-row displacement of the continuous stable lock resolves L259; row Y(mean/std) L22=1.378/0.485 L23=190.239/19.479 L24=186.083/19.822 L259=88.728/17.021 L260=88.533/25.173 L262=46.269/28.816",258,286,521,525,525,direct,"commercial tape; raw first pass-through row is picture; dark first band retained; raw three-third displacement L522=7.204,5.853,8.709/L523=43.809,12.237,16.412/L524=13.460,6.847,8.747/L525=7.557,11.033,12.747; peak=L523 margin=30.350; split fraction/run=0.248/10; outer edges=7/714; body=8.0+/-2.0/713.0+/-2.0; switch onset=L522; last complete picture=L521; band bottom=L525",521,0,0
887,6929,23,259,262,262,cv_inspected,"commercial tape; raw first pass-through row is picture; dark first band retained; raw three-third displacement L259=7.189,4.603,4.129/L260=8.267,11.064,14.660/L261=50.610,9.854,11.748/L262=1.805,4.837,7.735; peak=L261 margin=35.950; split fraction/run=0.500/76; outer edges=8/682; body=9.0+/-2.0/713.0+/-2.0; switch onset=L260; last complete picture=L259; band bottom=L262; raw per-unit candidate L258 disagrees; pooled raw-row displacement of the continuous stable lock resolves L259; row Y(mean/std) L22=1.372/0.483 L23=189.664/20.032 L24=186.780/19.944 L259=90.044/15.198 L260=83.353/17.081 L262=47.277/29.333",258,286,521,525,525,direct,"commercial tape; raw first pass-through row is picture; dark first band retained; raw three-third displacement L522=6.634,6.479,7.444/L523=50.431,12.392,14.031/L524=16.729,6.542,8.892/L525=8.464,11.108,13.800; peak=L523 margin=33.703; split fraction/run=0.239/11; outer edges=7/676; body=8.0+/-2.0/713.0+/-2.0; switch onset=L522; last complete picture=L521; band bottom=L525",521,0,0
888,6930,23,259,262,262,cv_inspected,"commercial tape; raw first pass-through row is picture; dark first band retained; raw three-third displacement L259=4.329,2.174,3.164/L260=5.522,11.003,13.601/L261=53.547,12.573,10.322/L262=1.646,6.860,8.031; peak=L261 margin=39.947; split fraction/run=0.495/40; outer edges=8/714; body=9.0+/-2.0/713.0+/-2.0; switch onset=L260; last complete picture=L259; band bottom=L262; raw per-unit candidate L258 disagrees; pooled raw-row displacement of the continuous stable lock resolves L259; row Y(mean/std) L22=1.380/0.485 L23=196.569/19.898 L24=188.527/20.779 L259=89.527/12.697 L260=81.675/19.506 L262=46.664/29.291",258,286,521,525,525,direct,"commercial tape; raw first pass-through row is picture; dark first band retained; raw three-third displacement L522=5.614,3.785,6.261/L523=48.203,8.465,12.157/L524=16.176,6.323,7.629/L525=9.657,9.666,12.017; peak=L523 margin=32.026; split fraction/run=0.224/12; outer edges=7/714; body=8.0+/-2.0/713.0+/-2.0; switch onset=L522; last complete picture=L521; band bottom=L525",521,0,0
889,6931,23,259,262,262,cv_inspected,"commercial tape; raw first pass-through row is picture; dark first band retained; raw three-third displacement L259=3.257,2.825,3.972/L260=6.944,11.216,18.929/L261=52.257,11.752,11.975/L262=1.210,4.946,5.203; peak=L261 margin=33.328; split fraction/run=0.542/79; outer edges=8/622; body=9.0+/-2.0/713.0+/-2.0; switch onset=L260; last complete picture=L259; band bottom=L262; raw per-unit candidate L258 disagrees; pooled raw-row displacement of the continuous stable lock resolves L259; row Y(mean/std) L22=1.372/0.483 L23=189.380/20.976 L24=188.500/21.024 L259=93.469/14.524 L260=85.525/22.088 L262=48.263/30.476",258,286,521,525,525,direct,"commercial tape; raw first pass-through row is picture; dark first band retained; raw three-third displacement L522=6.366,4.928,5.458/L523=56.597,10.035,18.536/L524=4.805,6.522,7.271/L525=10.614,11.113,11.546; peak=L523 margin=45.052; split fraction/run=0.183/11; outer edges=7/682; body=8.0+/-2.0/713.0+/-2.0; switch onset=L522; last complete picture=L521; band bottom=L525",521,0,0
890,6932,23,259,262,262,cv_inspected,"commercial tape; raw first pass-through row is picture; dark first band retained; raw three-third displacement L259=3.772,3.819,5.846/L260=7.373,9.454,9.740/L261=50.759,10.862,17.849/L262=1.744,6.330,8.234; peak=L261 margin=41.019; split fraction/run=0.305/11; outer edges=8/714; body=9.0+/-2.0/713.0+/-2.0; switch onset=L260; last complete picture=L259; band bottom=L262; raw per-unit candidate L258 disagrees; pooled raw-row displacement of the continuous stable lock resolves L259; row Y(mean/std) L22=1.384/0.486 L23=193.727/21.329 L24=188.295/22.123 L259=91.503/14.746 L260=88.175/21.755 L262=48.628/30.709",258,286,521,525,525,direct,"commercial tape; raw first pass-through row is picture; dark first band retained; raw three-third displacement L522=5.142,4.475,5.834/L523=57.482,10.956,11.213/L524=1.851,9.686,10.493/L525=12.139,12.150,11.770; peak=L523 margin=45.332; split fraction/run=0.211/17; outer edges=8/714; body=8.0+/-2.0/713.0+/-2.0; switch onset=L522; last complete picture=L521; band bottom=L525",521,0,0
891,6933,23,259,262,262,cv_inspected,"commercial tape; raw first pass-through row is picture; dark first band retained; raw three-third displacement L259=4.281,3.378,5.654/L260=5.848,9.717,12.159/L261=52.981,8.106,12.239/L262=1.352,5.432,7.476; peak=L261 margin=40.822; split fraction/run=0.469/30; outer edges=7/714; body=9.0+/-2.0/713.0+/-2.0; switch onset=L260; last complete picture=L259; band bottom=L262; raw per-unit candidate L258 disagrees; pooled raw-row displacement of the continuous stable lock resolves L259; row Y(mean/std) L22=1.370/0.483 L23=195.122/21.630 L24=192.964/21.460 L259=91.188/15.464 L260=86.912/14.930 L262=48.698/30.191",258,286,521,525,525,direct,"commercial tape; raw first pass-through row is picture; dark first band retained; raw three-third displacement L522=7.545,5.151,8.753/L523=56.883,22.439,19.534/L524=1.675,5.747,9.020/L525=14.818,11.294,13.267; peak=L523 margin=42.065; split fraction/run=0.173/10; outer edges=6/714; body=8.0+/-2.0/713.0+/-2.0; switch onset=L522; last complete picture=L521; band bottom=L525",521,0,0
892,6934,23,259,262,262,cv_inspected,"commercial tape; raw first pass-through row is picture; dark first band retained; raw three-third displacement L259=4.351,4.692,5.465/L260=8.185,10.621,26.950/L261=55.240,9.621,12.409/L262=1.415,5.415,7.083; peak=L261 margin=28.289; split fraction/run=0.874/187; outer edges=8/714; body=9.0+/-2.0/713.0+/-2.0; switch onset=L260; last complete picture=L259; band bottom=L262; raw per-unit candidate L258 disagrees; pooled raw-row displacement of the continuous stable lock resolves L259; row Y(mean/std) L22=1.367/0.482 L23=195.972/21.656 L24=190.394/22.851 L259=92.350/14.813 L260=77.650/24.162 L262=46.106/29.033",258,286,521,525,525,direct,"commercial tape; raw first pass-through row is picture; dark first band retained; raw three-third displacement L522=8.153,5.631,8.840/L523=55.770,15.818,28.689/L524=2.400,6.488,7.850/L525=8.703,10.440,10.549; peak=L523 margin=45.221; split fraction/run=0.178/9; outer edges=7/673; body=8.0+/-2.0/713.0+/-2.0; switch onset=L522; last complete picture=L521; band bottom=L525",521,0,0
893,6935,23,259,262,262,cv_inspected,"commercial tape; raw first pass-through row is picture; dark first band retained; raw three-third displacement L259=5.671,4.936,5.688/L260=10.665,13.547,26.384/L261=55.445,14.506,7.577/L262=1.248,5.450,5.754; peak=L261 margin=29.061; split fraction/run=0.953/104; outer edges=7/714; body=8.0+/-2.0/713.0+/-2.0; switch onset=L260; last complete picture=L259; band bottom=L262; raw per-unit candidate L258 disagrees; pooled raw-row displacement of the continuous stable lock resolves L259; row Y(mean/std) L22=1.377/0.485 L23=203.256/18.094 L24=198.936/19.354 L259=94.736/15.790 L260=81.223/30.284 L262=44.886/28.431",258,286,521,525,525,direct,"commercial tape; raw first pass-through row is picture; dark first band retained; raw three-third displacement L522=6.028,4.375,5.748/L523=55.690,22.748,19.742/L524=1.690,7.348,9.348/L525=13.111,13.153,16.190; peak=L523 margin=39.500; split fraction/run=0.121/11; outer edges=7/714; body=8.0+/-2.0/713.0+/-2.0; switch onset=L522; last complete picture=L521; band bottom=L525",521,0,0
894,6936,23,259,262,262,cv_inspected,"commercial tape; raw first pass-through row is picture; dark first band retained; raw three-third displacement L259=5.262,4.024,5.806/L260=13.006,11.092,16.812/L261=53.756,11.530,18.254/L262=2.390,6.727,8.251; peak=L261 margin=36.944; split fraction/run=0.439/21; outer edges=7/714; body=8.0+/-2.0/713.0+/-2.0; switch onset=L260; last complete picture=L259; band bottom=L262; raw per-unit candidate L258 disagrees; pooled raw-row displacement of the continuous stable lock resolves L259; row Y(mean/std) L22=1.361/0.480 L23=198.564/21.113 L24=192.613/22.193 L259=92.338/15.399 L260=94.405/28.558 L262=49.217/30.950",258,286,521,525,525,direct,"commercial tape; raw first pass-through row is picture; dark first band retained; raw three-third displacement L522=6.765,4.735,6.532/L523=46.483,12.424,21.587/L524=9.147,7.236,7.372/L525=10.141,11.000,12.269; peak=L523 margin=34.214; split fraction/run=0.160/12; outer edges=7/714; body=8.0+/-2.0/713.0+/-2.0; switch onset=L522; last complete picture=L521; band bottom=L525",521,0,0
895,6937,23,259,262,262,cv_inspected,"commercial tape; raw first pass-through row is picture; dark first band retained; raw three-third displacement L259=5.105,4.862,6.697/L260=12.096,11.089,13.825/L261=50.272,10.721,14.034/L262=2.494,5.448,7.422; peak=L261 margin=36.447; split fraction/run=0.469/30; outer edges=6/714; body=9.0+/-2.0/713.0+/-2.0; switch onset=L260; last complete picture=L259; band bottom=L262; raw per-unit candidate L258 disagrees; pooled raw-row displacement of the continuous stable lock resolves L259; row Y(mean/std) L22=1.386/0.487 L23=197.378/20.978 L24=193.422/21.631 L259=90.639/15.268 L260=86.916/21.506 L262=47.392/29.167",258,286,521,525,525,direct,"commercial tape; raw first pass-through row is picture; dark first band retained; raw three-third displacement L522=6.517,5.226,10.276/L523=45.517,10.643,15.602/L524=15.394,8.326,9.776/L525=10.738,12.126,15.398; peak=L523 margin=30.119; split fraction/run=0.201/20; outer edges=8/649; body=8.0+/-2.0/713.0+/-2.0; switch onset=L522; last complete picture=L521; band bottom=L525",521,0,0
896,6938,23,259,262,262,cv_inspected,"commercial tape; raw first pass-through row is picture; dark first band retained; raw three-third displacement L259=6.635,4.663,6.194/L260=11.561,10.711,16.218/L261=52.844,12.314,12.452/L262=1.202,7.465,7.243; peak=L261 margin=36.625; split fraction/run=0.565/51; outer edges=8/673; body=8.0+/-2.0/713.0+/-2.0; switch onset=L260; last complete picture=L259; band bottom=L262; raw per-unit candidate L258 disagrees; pooled raw-row displacement of the continuous stable lock resolves L259; row Y(mean/std) L22=1.352/0.477 L23=197.380/20.770 L24=192.359/21.318 L259=91.180/16.097 L260=86.259/20.429 L262=43.841/27.988",258,286,521,525,525,direct,"commercial tape; raw first pass-through row is picture; dark first band retained; raw three-third displacement L522=6.713,4.647,6.563/L523=45.136,16.568,17.380/L524=15.726,15.780,9.397/L525=11.369,10.780,13.270; peak=L523 margin=29.356; split fraction/run=0.117/9; outer edges=7/714; body=8.0+/-2.0/713.0+/-2.0; switch onset=L522; last complete picture=L521; band bottom=L525",521,0,0
897,6939,23,259,262,262,cv_inspected,"commercial tape; raw first pass-through row is picture; dark first band retained; raw three-third displacement L259=5.536,4.190,7.662/L260=10.906,10.209,15.596/L261=52.295,10.854,11.169/L262=2.022,4.577,7.551; peak=L261 margin=36.699; split fraction/run=0.509/52; outer edges=7/714; body=8.0+/-2.0/713.0+/-2.0; switch onset=L260; last complete picture=L259; band bottom=L262; raw per-unit candidate L258 disagrees; pooled raw-row displacement of the continuous stable lock resolves L259; row Y(mean/std) L22=1.387/0.487 L23=195.928/21.634 L24=193.061/21.231 L259=90.025/15.250 L260=85.242/20.236 L262=47.272/29.476",258,286,521,525,525,direct,"commercial tape; raw first pass-through row is picture; dark first band retained; raw three-third displacement L522=6.916,5.133,7.569/L523=45.505,10.053,15.659/L524=15.727,10.391,8.986/L525=9.926,11.278,14.959; peak=L523 margin=29.778; split fraction/run=0.188/8; outer edges=7/687; body=8.0+/-2.0/713.0+/-2.0; switch onset=L522; last complete picture=L521; band bottom=L525",521,0,0
898,6940,23,259,262,262,cv_inspected,"commercial tape; raw first pass-through row is picture; dark first band retained; raw three-third displacement L259=5.397,2.403,6.268/L260=6.997,15.602,16.593/L261=50.331,19.141,14.732/L262=2.056,5.508,7.180; peak=L261 margin=33.738; split fraction/run=0.439/51; outer edges=7/714; body=8.0+/-2.0/713.0+/-2.0; switch onset=L260; last complete picture=L259; band bottom=L262; raw per-unit candidate L258 disagrees; pooled raw-row displacement of the continuous stable lock resolves L259; row Y(mean/std) L22=1.358/0.479 L23=198.472/21.136 L24=192.952/21.380 L259=90.919/15.676 L260=88.189/24.909 L262=42.131/26.855",258,286,521,525,525,direct,"commercial tape; raw first pass-through row is picture; dark first band retained; raw three-third displacement L522=7.669,5.836,7.643/L523=43.815,21.130,24.299/L524=17.070,14.282,6.627/L525=8.755,10.069,11.851; peak=L523 margin=26.745; split fraction/run=0.211/16; outer edges=7/682; body=8.0+/-2.0/713.0+/-2.0; switch onset=L522; last complete picture=L521; band bottom=L525",521,0,0
899,6941,23,259,262,262,cv_inspected,"commercial tape; raw first pass-through row is picture; dark first band retained; raw three-third displacement L259=4.371,3.567,5.100/L260=6.981,11.779,14.853/L261=50.934,12.497,11.344/L262=2.082,6.466,7.037; peak=L261 margin=36.081; split fraction/run=0.556/75; outer edges=7/714; body=8.0+/-2.0/713.0+/-2.0; switch onset=L260; last complete picture=L259; band bottom=L262; raw per-unit candidate L258 disagrees; pooled raw-row displacement of the continuous stable lock resolves L259; row Y(mean/std) L22=1.378/0.485 L23=195.217/21.987 L24=192.472/21.403 L259=91.978/14.364 L260=81.425/18.190 L262=49.406/31.103",258,286,521,525,525,direct,"commercial tape; raw first pass-through row is picture; dark first band retained; raw three-third displacement L522=5.825,3.381,5.518/L523=43.296,14.680,14.647/L524=15.178,11.026,8.595/L525=10.124,11.201,12.926; peak=L523 margin=28.118; split fraction/run=0.168/14; outer edges=7/714; body=8.0+/-2.0/713.0+/-2.0; switch onset=L522; last complete picture=L521; band bottom=L525",521,0,0
900,6942,23,259,262,262,cv_inspected,"commercial tape; raw first pass-through row is picture; dark first band retained; raw three-third displacement L259=4.328,3.518,4.960/L260=5.759,9.748,15.136/L261=48.768,11.427,11.540/L262=2.189,6.901,7.654; peak=L261 margin=33.632; split fraction/run=0.523/55; outer edges=8/714; body=8.0+/-2.0/713.0+/-2.0; switch onset=L260; last complete picture=L259; band bottom=L262; raw per-unit candidate L258 disagrees; pooled raw-row displacement of the continuous stable lock resolves L259; row Y(mean/std) L22=1.403/0.491 L23=193.311/21.941 L24=188.178/22.997 L259=91.114/15.170 L260=81.636/16.305 L262=45.558/28.159",258,286,521,525,525,direct,"commercial tape; raw first pass-through row is picture; dark first band retained; raw three-third displacement L522=5.010,4.108,6.507/L523=46.383,12.088,17.046/L524=15.182,10.444,8.288/L525=10.858,10.239,12.894; peak=L523 margin=31.201; split fraction/run=0.131/6; outer edges=8/691; body=8.0+/-2.0/713.0+/-2.0; switch onset=L522; last complete picture=L521; band bottom=L525",521,0,0
901,6943,23,259,262,262,cv_inspected,"commercial tape; raw first pass-through row is picture; dark first band retained; raw three-third displacement L259=4.326,3.172,4.517/L260=5.481,11.668,11.714/L261=55.741,15.601,17.244/L262=2.057,5.116,7.184; peak=L261 margin=44.026; split fraction/run=0.257/28; outer edges=8/714; body=8.0+/-2.0/713.0+/-2.0; switch onset=L260; last complete picture=L259; band bottom=L262; raw per-unit candidate L258 disagrees; pooled raw-row displacement of the continuous stable lock resolves L259; row Y(mean/std) L22=1.369/0.482 L23=192.219/22.374 L24=189.425/22.638 L259=90.216/14.524 L260=89.216/18.435 L262=42.369/26.494",258,286,521,525,525,direct,"commercial tape; raw first pass-through row is picture; dark first band retained; raw three-third displacement L522=5.147,5.053,8.170/L523=50.505,20.707,27.407/L524=17.553,14.109,6.213/L525=9.648,9.349,11.553; peak=L523 margin=32.952; split fraction/run=0.150/7; outer edges=8/714; body=8.0+/-2.0/713.0+/-2.0; switch onset=L522; last complete picture=L521; band bottom=L525",521,0,0
902,6944,23,259,262,262,cv_inspected,"commercial tape; raw first pass-through row is picture; dark first band retained; raw three-third displacement L259=4.400,3.930,4.545/L260=7.073,13.703,13.136/L261=47.345,19.608,17.567/L262=2.336,5.210,7.814; peak=L261 margin=33.642; split fraction/run=0.332/42; outer edges=8/714; body=8.0+/-2.0/713.0+/-2.0; switch onset=L260; last complete picture=L259; band bottom=L262; raw per-unit candidate L258 disagrees; pooled raw-row displacement of the continuous stable lock resolves L259; row Y(mean/std) L22=1.394/0.489 L23=195.884/22.555 L24=189.745/22.636 L259=91.800/15.316 L260=85.702/20.561 L262=36.647/23.733",258,286,521,525,525,direct,"commercial tape; raw first pass-through row is picture; dark first band retained; raw three-third displacement L522=6.846,4.322,9.057/L523=47.161,11.856,14.590/L524=14.730,15.431,11.217/L525=9.486,9.414,11.290; peak=L523 margin=31.730; split fraction/run=0.243/20; outer edges=7/714; body=8.0+/-2.0/713.0+/-2.0; switch onset=L522; last complete picture=L521; band bottom=L525",521,0,0
903,6945,23,259,262,262,cv_inspected,"commercial tape; raw first pass-through row is picture; dark first band retained; raw three-third displacement L259=4.171,4.711,5.785/L260=9.380,14.208,15.139/L261=47.497,14.025,11.256/L262=2.446,4.650,6.476; peak=L261 margin=32.358; split fraction/run=0.509/50; outer edges=8/714; body=8.0+/-2.0/713.0+/-2.0; switch onset=L260; last complete picture=L259; band bottom=L262; raw per-unit candidate L258 disagrees; pooled raw-row displacement of the continuous stable lock resolves L259; row Y(mean/std) L22=1.372/0.483 L23=197.078/21.820 L24=193.798/21.703 L259=91.420/16.248 L260=81.086/20.962 L262=44.808/27.959",258,286,521,525,525,direct,"commercial tape; raw first pass-through row is picture; dark first band retained; raw three-third displacement L522=5.554,6.210,9.362/L523=44.237,19.065,19.816/L524=14.731,14.041,6.635/L525=11.019,9.825,12.836; peak=L523 margin=29.506; split fraction/run=0.254/17; outer edges=7/714; body=8.0+/-2.0/713.0+/-2.0; switch onset=L522; last complete picture=L521; band bottom=L525",521,0,0
904,6946,23,259,262,262,cv_inspected,"commercial tape; raw first pass-through row is picture; dark first band retained; raw three-third displacement L259=3.557,4.189,6.646/L260=7.622,12.367,16.461/L261=47.102,13.222,10.502/L262=1.828,6.060,7.875; peak=L261 margin=30.641; split fraction/run=0.537/68; outer edges=8/714; body=8.0+/-2.0/713.0+/-2.0; switch onset=L260; last complete picture=L259; band bottom=L262; raw per-unit candidate L258 disagrees; pooled raw-row displacement of the continuous stable lock resolves L259; row Y(mean/std) L22=1.352/0.477 L23=197.089/22.195 L24=191.298/23.197 L259=92.703/16.431 L260=78.259/18.200 L262=45.809/28.354",258,286,521,525,525,direct,"commercial tape; raw first pass-through row is picture; dark first band retained; raw three-third displacement L522=5.965,5.267,6.180/L523=43.898,9.465,13.649/L524=12.927,7.883,8.984/L525=10.194,10.852,13.003; peak=L523 margin=30.895; split fraction/run=0.235/12; outer edges=6/714; body=8.0+/-2.0/713.0+/-2.0; switch onset=L522; last complete picture=L521; band bottom=L525",521,0,0
905,6947,23,259,262,262,cv_inspected,"commercial tape; raw first pass-through row is picture; dark first band retained; raw three-third displacement L259=4.887,3.430,5.282/L260=6.621,11.716,16.003/L261=44.119,12.314,10.484/L262=2.370,5.897,6.766; peak=L261 margin=28.116; split fraction/run=0.626/78; outer edges=7/714; body=8.0+/-2.0/713.0+/-2.0; switch onset=L260; last complete picture=L259; band bottom=L262; raw per-unit candidate L258 disagrees; pooled raw-row displacement of the continuous stable lock resolves L259; row Y(mean/std) L22=1.373/0.484 L23=195.195/22.140 L24=192.019/21.940 L259=92.164/15.167 L260=77.541/17.665 L262=45.845/28.193",258,286,521,525,525,direct,"commercial tape; raw first pass-through row is picture; dark first band retained; raw three-third displacement L522=4.653,3.778,5.951/L523=43.397,13.528,12.754/L524=13.622,9.977,7.476/L525=9.219,10.977,13.275; peak=L523 margin=29.775; split fraction/run=0.215/15; outer edges=8/714; body=8.0+/-2.0/713.0+/-2.0; switch onset=L522; last complete picture=L521; band bottom=L525",521,0,0
906,6948,23,259,262,262,cv_inspected,"commercial tape; raw first pass-through row is picture; dark first band retained; raw three-third displacement L259=4.669,3.768,4.755/L260=8.319,13.340,15.823/L261=45.603,13.423,9.991/L262=3.106,5.909,7.773; peak=L261 margin=29.780; split fraction/run=0.631/77; outer edges=7/714; body=8.0+/-2.0/713.0+/-2.0; switch onset=L260; last complete picture=L259; band bottom=L262; raw per-unit candidate L258 disagrees; pooled raw-row displacement of the continuous stable lock resolves L259; row Y(mean/std) L22=1.383/0.486 L23=195.923/22.230 L24=190.758/22.177 L259=90.391/14.222 L260=77.197/18.382 L262=45.286/27.777",258,286,521,525,525,direct,"commercial tape; raw first pass-through row is picture; dark first band retained; raw three-third displacement L522=5.122,4.739,7.811/L523=43.971,10.699,15.774/L524=13.487,9.694,8.548/L525=9.276,11.966,14.000; peak=L523 margin=29.971; split fraction/run=0.168/13; outer edges=7/693; body=8.0+/-2.0/713.0+/-2.0; switch onset=L522; last complete picture=L521; band bottom=L525",521,0,0
907,6949,23,259,262,262,cv_inspected,"commercial tape; raw first pass-through row is picture; dark first band retained; raw three-third displacement L259=5.963,3.803,6.488/L260=9.171,10.542,16.209/L261=47.609,12.753,16.103/L262=1.817,3.781,5.667; peak=L261 margin=31.400; split fraction/run=0.437/68; outer edges=9/714; body=8.0+/-2.0/713.0+/-2.0; switch onset=L260; last complete picture=L259; band bottom=L262; raw per-unit candidate L258 disagrees; pooled raw-row displacement of the continuous stable lock resolves L259; row Y(mean/std) L22=1.380/0.485 L23=194.867/21.941 L24=192.330/21.662 L259=90.191/15.747 L260=78.709/16.771 L262=39.916/25.199",258,286,521,525,525,direct,"commercial tape; raw first pass-through row is picture; dark first band retained; raw three-third displacement L522=7.480,4.839,7.613/L523=45.907,13.836,12.494/L524=16.140,10.092,8.697/L525=10.480,12.204,13.894; peak=L523 margin=29.767; split fraction/run=0.215/9; outer edges=8/693; body=8.0+/-2.0/713.0+/-2.0; switch onset=L522; last complete picture=L521; band bottom=L525",521,0,0
908,6950,23,259,262,262,cv_inspected,"commercial tape; raw first pass-through row is picture; dark first band retained; raw three-third displacement L259=6.401,4.280,7.502/L260=7.835,9.736,15.125/L261=50.745,11.470,12.122/L262=3.075,7.750,8.214; peak=L261 margin=35.620; split fraction/run=0.481/46; outer edges=7/709; body=8.0+/-2.0/713.0+/-2.0; switch onset=L260; last complete picture=L259; band bottom=L262; raw per-unit candidate L258 disagrees; pooled raw-row displacement of the continuous stable lock resolves L259; row Y(mean/std) L22=1.363/0.481 L23=195.088/21.894 L24=188.797/21.914 L259=91.564/15.782 L260=82.267/18.637 L262=42.581/26.161",258,286,521,525,525,direct,"commercial tape; raw first pass-through row is picture; dark first band retained; raw three-third displacement L522=7.997,5.580,6.332/L523=43.166,12.510,14.500/L524=15.185,9.364,10.641/L525=9.351,10.443,13.786; peak=L523 margin=27.981; split fraction/run=0.225/17; outer edges=7/714; body=8.0+/-2.0/713.0+/-2.0; switch onset=L522; last complete picture=L521; band bottom=L525",521,0,0
909,6951,23,259,262,262,cv_inspected,"commercial tape; raw first pass-through row is picture; dark first band retained; raw three-third displacement L259=7.457,4.079,7.321/L260=7.842,11.169,14.580/L261=50.035,12.311,11.623/L262=2.085,6.798,7.608; peak=L261 margin=35.454; split fraction/run=0.449/47; outer edges=8/714; body=8.0+/-2.0/713.0+/-2.0; switch onset=L260; last complete picture=L259; band bottom=L262; raw per-unit candidate L258 disagrees; pooled raw-row displacement of the continuous stable lock resolves L259; row Y(mean/std) L22=1.384/0.486 L23=192.769/21.318 L24=190.217/21.507 L259=88.675/16.086 L260=81.391/19.840 L262=45.152/27.800",258,286,521,525,525,direct,"commercial tape; raw first pass-through row is picture; dark first band retained; raw three-third displacement L522=8.150,6.250,6.207/L523=44.397,27.307,26.227/L524=14.482,29.116,32.113/L525=12.560,9.750,10.793; peak=L523 margin=12.284; split fraction/run=0.183/15; outer edges=7/686; body=8.0+/-2.0/713.0+/-2.0; switch onset=L522; last complete picture=L521; band bottom=L525",521,0,0
910,6952,23,259,262,262,cv_inspected,"commercial tape; raw first pass-through row is picture; dark first band retained; raw three-third displacement L259=7.043,4.481,7.460/L260=9.375,15.457,12.866/L261=51.978,16.540,11.624/L262=3.455,6.304,7.860; peak=L261 margin=36.521; split fraction/run=0.481/42; outer edges=8/714; body=9.0+/-2.0/713.0+/-2.0; switch onset=L260; last complete picture=L259; band bottom=L262; raw per-unit candidate L258 disagrees; pooled raw-row displacement of the continuous stable lock resolves L259; row Y(mean/std) L22=1.359/0.480 L23=196.952/21.254 L24=190.589/21.531 L259=88.519/15.366 L260=87.902/26.082 L262=45.650/28.096",258,286,521,525,525,direct,"commercial tape; raw first pass-through row is picture; dark first band retained; raw three-third displacement L522=6.837,5.056,5.625/L523=43.065,20.635,19.395/L524=14.980,15.862,8.893/L525=9.052,10.429,12.411; peak=L523 margin=27.203; split fraction/run=0.136/12; outer edges=8/714; body=8.0+/-2.0/713.0+/-2.0; switch onset=L522; last complete picture=L521; band bottom=L525",521,0,0
911,6953,23,259,262,262,cv_inspected,"commercial tape; raw first pass-through row is picture; dark first band retained; raw three-third displacement L259=5.673,3.000,5.360/L260=6.660,9.857,12.944/L261=50.800,10.118,10.640/L262=2.721,6.140,7.298; peak=L261 margin=37.856; split fraction/run=0.481/43; outer edges=8/714; body=8.0+/-2.0/713.0+/-2.0; switch onset=L260; last complete picture=L259; band bottom=L262; raw per-unit candidate L258 disagrees; pooled raw-row displacement of the continuous stable lock resolves L259; row Y(mean/std) L22=1.394/0.489 L23=181.052/22.209 L24=181.434/21.841 L259=88.627/14.201 L260=82.725/16.023 L262=48.248/29.319",258,286,521,525,525,direct,"commercial tape; raw first pass-through row is picture; dark first band retained; raw three-third displacement L522=5.771,6.000,6.719/L523=45.355,19.607,24.559/L524=17.518,14.891,5.438/L525=10.319,12.018,12.893; peak=L523 margin=27.837; split fraction/run=0.225/7; outer edges=8/678; body=8.0+/-2.0/713.0+/-2.0; switch onset=L522; last complete picture=L521; band bottom=L525",521,0,0
912,6954,23,259,262,262,cv_inspected,"commercial tape; raw first pass-through row is picture; dark first band retained; raw three-third displacement L259=4.836,2.902,3.563/L260=8.609,9.997,14.747/L261=52.426,11.249,9.783/L262=1.965,6.705,7.524; peak=L261 margin=37.679; split fraction/run=0.547/77; outer edges=8/714; body=8.0+/-2.0/713.0+/-2.0; switch onset=L260; last complete picture=L259; band bottom=L262; raw per-unit candidate L258 disagrees; pooled raw-row displacement of the continuous stable lock resolves L259; row Y(mean/std) L22=1.364/0.481 L23=197.503/21.562 L24=189.514/22.243 L259=89.697/14.465 L260=81.103/19.075 L262=46.345/28.790",258,286,521,525,525,direct,"commercial tape; raw first pass-through row is picture; dark first band retained; raw three-third displacement L522=5.430,4.579,6.803/L523=45.584,14.725,16.517/L524=17.446,9.884,8.621/L525=9.393,10.675,11.807; peak=L523 margin=28.138; split fraction/run=0.136/15; outer edges=8/677; body=8.0+/-2.0/713.0+/-2.0; switch onset=L522; last complete picture=L521; band bottom=L525",521,0,0
913,6955,23,259,262,262,cv_inspected,"commercial tape; raw first pass-through row is picture; dark first band retained; raw three-third displacement L259=4.686,3.669,5.519/L260=6.075,10.289,17.393/L261=51.500,10.218,11.403/L262=1.708,5.023,5.435; peak=L261 margin=34.107; split fraction/run=0.579/81; outer edges=9/714; body=9.0+/-2.0/713.0+/-2.0; switch onset=L260; last complete picture=L259; band bottom=L262; raw per-unit candidate L258 disagrees; pooled raw-row displacement of the continuous stable lock resolves L259; row Y(mean/std) L22=1.361/0.480 L23=193.641/21.920 L24=190.356/21.990 L259=91.708/15.705 L260=84.947/15.522 L262=50.250/30.822",258,286,521,525,525,direct,"commercial tape; raw first pass-through row is picture; dark first band retained; raw three-third displacement L522=8.036,5.358,5.976/L523=46.789,11.965,14.397/L524=17.319,10.563,9.007/L525=10.539,12.469,13.781; peak=L523 margin=29.470; split fraction/run=0.168/11; outer edges=7/714; body=8.0+/-2.0/713.0+/-2.0; switch onset=L522; last complete picture=L521; band bottom=L525",521,0,0
914,6956,23,259,262,262,cv_inspected,"commercial tape; raw first pass-through row is picture; dark first band retained; raw three-third displacement L259=5.555,4.463,4.822/L260=7.925,10.438,15.497/L261=50.614,11.399,11.166/L262=1.975,5.620,7.225; peak=L261 margin=35.117; split fraction/run=0.575/77; outer edges=8/714; body=8.0+/-2.0/713.0+/-2.0; switch onset=L260; last complete picture=L259; band bottom=L262; raw per-unit candidate L258 disagrees; pooled raw-row displacement of the continuous stable lock resolves L259; row Y(mean/std) L22=1.358/0.479 L23=193.673/22.600 L24=189.172/23.167 L259=91.952/15.665 L260=85.094/14.970 L262=47.541/29.875",258,286,521,525,525,direct,"commercial tape; raw first pass-through row is picture; dark first band retained; raw three-third displacement L522=6.110,4.608,7.345/L523=44.747,16.102,13.284/L524=17.990,12.919,9.613/L525=11.937,12.138,13.326; peak=L523 margin=26.757; split fraction/run=0.206/14; outer edges=6/714; body=8.0+/-2.0/713.0+/-2.0; switch onset=L522; last complete picture=L521; band bottom=L525",521,0,0
915,6957,23,259,262,262,cv_inspected,"commercial tape; raw first pass-through row is picture; dark first band retained; raw three-third displacement L259=7.238,4.489,6.394/L260=11.068,11.577,14.929/L261=59.420,19.423,22.952/L262=3.007,6.066,8.641; peak=L261 margin=44.491; split fraction/run=0.332/22; outer edges=7/714; body=8.0+/-2.0/713.0+/-2.0; switch onset=L260; last complete picture=L259; band bottom=L262; raw per-unit candidate L258 disagrees; pooled raw-row displacement of the continuous stable lock resolves L259; row Y(mean/std) L22=1.369/0.482 L23=190.489/21.835 L24=188.047/22.240 L259=88.934/15.065 L260=83.528/21.196 L262=78.658/46.603",258,286,521,525,525,direct,"commercial tape; raw first pass-through row is picture; dark first band retained; raw three-third displacement L522=9.610,4.906,6.210/L523=47.393,12.423,25.758/L524=18.482,15.497,16.029/L525=11.531,11.273,12.580; peak=L523 margin=28.911; split fraction/run=0.164/11; outer edges=7/714; body=8.0+/-2.0/713.0+/-2.0; switch onset=L522; last complete picture=L521; band bottom=L525",521,0,0
916,6958,23,259,262,262,cv_inspected,"commercial tape; raw first pass-through row is picture; dark first band retained; raw three-third displacement L259=9.470,3.864,6.450/L260=10.692,9.775,12.717/L261=60.983,12.494,10.797/L262=2.411,6.124,7.749; peak=L261 margin=48.266; split fraction/run=0.556/41; outer edges=7/714; body=8.0+/-2.0/713.0+/-2.0; switch onset=L260; last complete picture=L259; band bottom=L262; raw per-unit candidate L258 disagrees; pooled raw-row displacement of the continuous stable lock resolves L259; row Y(mean/std) L22=1.370/0.483 L23=194.372/21.335 L24=188.556/22.608 L259=88.763/14.989 L260=84.316/21.420 L262=61.761/37.652",258,286,521,525,525,direct,"commercial tape; raw first pass-through row is picture; dark first band retained; raw three-third displacement L522=5.997,7.063,3.739/L523=44.185,11.405,27.311/L524=20.924,16.844,14.532/L525=8.333,10.249,12.288; peak=L523 margin=23.261; split fraction/run=0.268/10; outer edges=7/714; body=8.0+/-2.0/713.0+/-2.0; switch onset=L522; last complete picture=L521; band bottom=L525",521,0,0
917,6959,23,259,262,262,cv_inspected,"commercial tape; raw first pass-through row is picture; dark first band retained; raw three-third displacement L259=6.869,4.137,3.907/L260=10.394,8.117,13.935/L261=55.621,10.817,11.439/L262=2.425,7.716,9.436; peak=L261 margin=41.686; split fraction/run=0.593/35; outer edges=8/714; body=8.0+/-2.0/713.0+/-2.0; switch onset=L260; last complete picture=L259; band bottom=L262; raw per-unit candidate L258 disagrees; pooled raw-row displacement of the continuous stable lock resolves L259; row Y(mean/std) L22=1.378/0.485 L23=191.488/22.006 L24=188.222/21.882 L259=86.919/14.496 L260=85.983/21.963 L262=54.606/33.026",258,286,521,525,525,direct,"commercial tape; raw first pass-through row is picture; dark first band retained; raw three-third displacement L522=9.328,5.481,7.578/L523=44.351,11.536,25.074/L524=19.420,14.954,16.287/L525=8.302,9.513,12.182; peak=L523 margin=24.931; split fraction/run=0.178/11; outer edges=7/676; body=8.0+/-2.0/713.0+/-2.0; switch onset=L522; last complete picture=L521; band bottom=L525",521,0,0
918,6960,23,259,262,262,cv_inspected,"commercial tape; raw first pass-through row is picture; dark first band retained; raw three-third displacement L259=8.318,4.410,5.096/L260=11.443,11.636,13.423/L261=44.314,12.068,10.269/L262=14.066,6.472,7.333; peak=L261 margin=30.248; split fraction/run=0.598/32; outer edges=8/714; body=8.0+/-2.0/713.0+/-2.0; switch onset=L260; last complete picture=L259; band bottom=L262; raw per-unit candidate L258 disagrees; pooled raw-row displacement of the continuous stable lock resolves L259; row Y(mean/std) L22=1.372/0.483 L23=191.842/20.915 L24=186.467/21.575 L259=88.566/16.311 L260=87.923/24.698 L262=57.028/35.084",258,286,521,525,525,direct,"commercial tape; raw first pass-through row is picture; dark first band retained; raw three-third displacement L522=8.261,6.213,9.389/L523=40.755,9.184,17.299/L524=16.806,12.316,11.942/L525=7.841,9.684,12.122; peak=L523 margin=23.949; split fraction/run=0.296/9; outer edges=6/670; body=8.0+/-2.0/713.0+/-2.0; switch onset=L522; last complete picture=L521; band bottom=L525",521,0,0
919,6961,23,259,262,262,cv_inspected,"commercial tape; raw first pass-through row is picture; dark first band retained; raw three-third displacement L259=9.593,4.242,4.726/L260=9.869,9.365,13.723/L261=42.208,10.806,9.421/L262=14.369,6.567,7.075; peak=L261 margin=27.840; split fraction/run=0.640/43; outer edges=7/714; body=8.0+/-2.0/713.0+/-2.0; switch onset=L260; last complete picture=L259; band bottom=L262; raw per-unit candidate L258 disagrees; pooled raw-row displacement of the continuous stable lock resolves L259; row Y(mean/std) L22=1.380/0.485 L23=187.697/21.756 L24=186.944/21.211 L259=87.578/15.948 L260=82.572/19.319 L262=57.291/35.136",258,286,521,525,525,direct,"commercial tape; raw first pass-through row is picture; dark first band retained; raw three-third displacement L522=8.201,5.062,8.043/L523=42.895,10.126,17.236/L524=17.042,14.109,14.455/L525=8.425,10.581,11.987; peak=L523 margin=25.853; split fraction/run=0.183/12; outer edges=8/671; body=8.0+/-2.0/713.0+/-2.0; switch onset=L522; last complete picture=L521; band bottom=L525",521,0,0
920,6962,23,259,262,262,cv_inspected,"commercial tape; raw first pass-through row is picture; dark first band retained; raw three-third displacement L259=8.219,3.799,3.818/L260=8.282,10.652,11.994/L261=47.144,13.317,7.987/L262=16.288,5.714,6.610; peak=L261 margin=30.856; split fraction/run=0.565/48; outer edges=8/714; body=9.0+/-2.0/713.0+/-2.0; switch onset=L260; last complete picture=L259; band bottom=L262; raw per-unit candidate L258 disagrees; pooled raw-row displacement of the continuous stable lock resolves L259; row Y(mean/std) L22=1.380/0.485 L23=190.666/21.260 L24=187.070/21.310 L259=86.723/13.804 L260=88.580/21.564 L262=56.764/34.392",258,286,521,525,525,direct,"commercial tape; raw first pass-through row is picture; dark first band retained; raw three-third displacement L522=8.026,5.783,7.101/L523=43.328,11.887,16.967/L524=16.311,11.652,21.257/L525=9.119,11.035,13.453; peak=L523 margin=22.070; split fraction/run=0.207/9; outer edges=8/685; body=8.0+/-2.0/713.0+/-2.0; switch onset=L522; last complete picture=L521; band bottom=L525",521,0,0
921,6963,23,259,262,262,cv_inspected,"commercial tape; raw first pass-through row is picture; dark first band retained; raw three-third displacement L259=6.558,4.286,4.821/L260=8.019,12.402,14.567/L261=54.776,23.782,21.456/L262=3.552,3.952,5.401; peak=L261 margin=40.209; split fraction/run=0.262/17; outer edges=8/714; body=8.0+/-2.0/713.0+/-2.0; switch onset=L260; last complete picture=L259; band bottom=L262; raw per-unit candidate L258 disagrees; pooled raw-row displacement of the continuous stable lock resolves L259; row Y(mean/std) L22=1.381/0.486 L23=195.111/20.801 L24=191.578/20.104 L259=87.884/13.826 L260=80.706/21.320 L262=79.025/46.171",258,286,521,525,525,direct,"commercial tape; raw first pass-through row is picture; dark first band retained; raw three-third displacement L522=7.874,5.721,6.867/L523=41.734,10.712,26.997/L524=17.296,11.801,12.614/L525=8.050,8.068,9.789; peak=L523 margin=24.439; split fraction/run=0.254/7; outer edges=7/714; body=8.0+/-2.0/713.0+/-2.0; switch onset=L522; last complete picture=L521; band bottom=L525",521,0,0
922,6964,23,259,262,262,cv_inspected,"commercial tape; raw first pass-through row is picture; dark first band retained; raw three-third displacement L259=5.220,3.602,4.262/L260=7.175,8.383,12.521/L261=45.898,13.040,15.329/L262=1.644,5.473,5.300; peak=L261 margin=33.378; split fraction/run=0.350/28; outer edges=8/714; body=8.0+/-2.0/713.0+/-2.0; switch onset=L260; last complete picture=L259; band bottom=L262; raw per-unit candidate L258 disagrees; pooled raw-row displacement of the continuous stable lock resolves L259; row Y(mean/std) L22=1.384/0.486 L23=193.728/19.970 L24=189.219/20.911 L259=88.805/14.415 L260=85.959/17.167 L262=42.209/26.359",258,286,521,525,525,direct,"commercial tape; raw first pass-through row is picture; dark first band retained; raw three-third displacement L522=5.785,4.794,5.957/L523=30.458,12.485,14.238/L524=11.551,12.249,5.679/L525=6.799,7.191,10.136; peak=L523 margin=18.209; split fraction/run=0.169/12; outer edges=8/714; body=8.0+/-2.0/713.0+/-2.0; switch onset=L522; last complete picture=L521; band bottom=L525",521,0,0
923,6965,23,259,262,262,cv_inspected,"commercial tape; raw first pass-through row is picture; dark first band retained; raw three-third displacement L259=4.123,3.413,5.645/L260=4.103,7.484,14.732/L261=28.998,9.877,9.231/L262=0.844,2.944,3.779; peak=L261 margin=14.266; split fraction/run=0.584/64; outer edges=7/714; body=8.0+/-2.0/713.0+/-2.0; switch onset=L260; last complete picture=L259; band bottom=L262; raw per-unit candidate L258 disagrees; pooled raw-row displacement of the continuous stable lock resolves L259; row Y(mean/std) L22=1.370/0.483 L23=190.562/20.449 L24=187.864/20.600 L259=90.008/15.703 L260=83.880/19.371 L262=48.273/30.038",258,286,521,525,525,direct,"commercial tape; raw first pass-through row is picture; dark first band retained; raw three-third displacement L522=3.462,3.077,4.444/L523=19.370,6.615,13.516/L524=6.268,3.831,3.621/L525=4.336,4.841,7.739; peak=L523 margin=11.631; split fraction/run=0.197/13; outer edges=7/714; body=8.0+/-2.0/713.0+/-2.0; switch onset=L522; last complete picture=L521; band bottom=L525",521,0,0
924,6966,23,259,262,262,cv_inspected,"commercial tape; raw first pass-through row is picture; dark first band retained; raw three-third displacement L259=2.707,2.261,4.506/L260=3.200,4.027,11.540/L261=18.796,3.747,6.163/L262=0.675,2.311,3.445; peak=L261 margin=7.256; split fraction/run=0.621/64; outer edges=8/714; body=9.0+/-2.0/713.0+/-2.0; switch onset=L260; last complete picture=L259; band bottom=L262; raw per-unit candidate L258 disagrees; pooled raw-row displacement of the continuous stable lock resolves L259; row Y(mean/std) L22=1.367/0.482 L23=192.245/19.535 L24=187.561/20.518 L259=90.461/17.432 L260=81.588/16.042 L262=50.592/31.037",258,286,521,525,525,cv_inspected,"commercial tape; raw first pass-through row is picture; dark first band retained; raw three-third displacement L522=2.305,1.599,3.155/L523=15.540,5.942,10.910/L524=5.113,3.506,2.774/L525=2.808,3.224,5.503; peak=L523 margin=10.037; split fraction/run=0.197/8; outer edges=8/714; body=8.0+/-2.0/713.0+/-2.0; switch onset=L522; last complete picture=L521; band bottom=L525; raw per-unit candidate L522 disagrees; pooled raw-row displacement of the continuous stable lock resolves L521; row Y(mean/std) L285=1.378/0.485 L286=183.880/21.058 L287=185.353/20.187 L521=90.120/15.741 L522=91.336/18.015 L525=48.891/25.577",522,0,0
925,6967,23,259,262,262,direct,"commercial tape; raw first pass-through row is picture; dark first band retained; raw three-third displacement L259=2.612,1.380,2.911/L260=3.185,3.100,11.329/L261=14.849,3.473,6.320/L262=0.455,1.449,2.405; peak=L261 margin=3.521; split fraction/run=0.668/67; outer edges=6/648; body=8.0+/-2.0/713.0+/-2.0; switch onset=L260; last complete picture=L259; band bottom=L262",259,286,521,525,525,cv_inspected,"commercial tape; raw first pass-through row is picture; dark first band retained; raw three-third displacement L522=2.243,1.332,2.627/L523=11.092,3.208,6.452/L524=4.818,1.894,2.382/L525=2.160,2.981,4.799; peak=L523 margin=6.273; split fraction/run=0.192/20; outer edges=8/714; body=8.0+/-2.0/713.0+/-2.0; switch onset=L522; last complete picture=L521; band bottom=L525; raw per-unit candidate L522 disagrees; pooled raw-row displacement of the continuous stable lock resolves L521; row Y(mean/std) L285=1.383/0.486 L286=192.137/20.247 L287=187.781/20.099 L521=88.109/16.302 L522=86.872/19.438 L525=47.628/25.207",522,0,0
926,6968,23,259,262,262,direct,"commercial tape; raw first pass-through row is picture; dark first band retained; raw three-third displacement L259=1.767,1.115,2.840/L260=2.715,2.399,8.488/L261=12.037,3.094,4.490/L262=0.358,0.980,2.323; peak=L261 margin=3.549; split fraction/run=0.598/67; outer edges=7/691; body=8.0+/-2.0/713.0+/-2.0; switch onset=L260; last complete picture=L259; band bottom=L262",259,286,521,525,525,cv_inspected,"commercial tape; raw first pass-through row is picture; dark first band retained; raw three-third displacement L522=1.361,1.068,3.070/L523=8.225,4.243,8.593/L524=3.272,2.342,1.575/L525=1.695,2.227,3.502; peak=L523 margin=5.091; split fraction/run=0.146/10; outer edges=7/714; body=8.0+/-2.0/713.0+/-2.0; switch onset=L522; last complete picture=L521; band bottom=L525; raw per-unit candidate L522 disagrees; pooled raw-row displacement of the continuous stable lock resolves L521; row Y(mean/std) L285=1.373/0.484 L286=191.792/19.692 L287=189.495/19.221 L521=90.028/14.888 L522=91.884/22.114 L525=47.495/24.540",522,0,0
927,6969,23,259,262,262,cv_inspected,"commercial tape; raw first pass-through row is picture; dark first band retained; raw three-third displacement L259=1.027,0.869,1.240/L260=1.715,1.831,5.067/L261=10.002,1.838,2.949/L262=0.435,0.936,1.511; peak=L261 margin=4.935; split fraction/run=0.668/68; outer edges=7/714; body=9.0+/-2.0/713.0+/-2.0; switch onset=L260; last complete picture=L259; band bottom=L262; row Y(mean/std) L22=1.405/0.491 L23=189.936/19.084 L24=186.445/18.976 L259=88.062/15.343 L260=78.469/17.863 L262=50.967/30.398",259,286,521,525,525,cv_inspected,"commercial tape; raw first pass-through row is picture; dark first band retained; raw three-third displacement L522=1.041,0.823,1.891/L523=7.849,3.095,3.859/L524=2.663,1.898,1.788/L525=1.581,1.967,3.070; peak=L523 margin=4.779; split fraction/run=0.224/21; outer edges=8/714; body=8.0+/-2.0/713.0+/-2.0; switch onset=L522; last complete picture=L521; band bottom=L525; raw per-unit candidate L522 disagrees; pooled raw-row displacement of the continuous stable lock resolves L521; row Y(mean/std) L285=1.364/0.481 L286=192.248/19.282 L287=188.873/19.248 L521=85.969/13.481 L522=90.755/16.817 L525=51.306/26.629",522,0,0
928,6970,23,259,262,262,cv_inspected,"commercial tape; raw first pass-through row is picture; dark first band retained; raw three-third displacement L259=1.131,0.606,1.215/L260=1.084,1.437,4.936/L261=8.216,2.128,4.002/L262=0.408,1.027,2.094; peak=L261 margin=3.280; split fraction/run=0.528/72; outer edges=8/714; body=8.0+/-2.0/713.0+/-2.0; switch onset=L260; last complete picture=L259; band bottom=L262; row Y(mean/std) L22=1.372/0.483 L23=185.264/19.157 L24=180.673/20.633 L259=88.017/14.139 L260=81.814/17.103 L262=42.792/26.409",259,286,521,525,525,cv_inspected,"commercial tape; raw first pass-through row is picture; dark first band retained; raw three-third displacement L522=1.051,0.676,1.157/L523=6.488,3.128,4.839/L524=2.299,1.720,1.565/L525=1.514,1.644,2.671; peak=L523 margin=3.817; split fraction/run=0.117/10; outer edges=8/714; body=8.0+/-2.0/713.0+/-2.0; switch onset=L522; last complete picture=L521; band bottom=L525; raw per-unit candidate L522 disagrees; pooled raw-row displacement of the continuous stable lock resolves L521; row Y(mean/std) L285=1.370/0.483 L286=176.005/19.081 L287=176.631/19.156 L521=89.125/13.311 L522=91.544/15.087 L525=46.792/25.167",522,0,0
929,6971,23,259,262,262,cv_inspected,"commercial tape; raw first pass-through row is picture; dark first band retained; raw three-third displacement L259=0.803,0.684,1.451/L260=1.187,1.431,3.635/L261=7.239,1.452,2.785/L262=0.222,0.689,1.559; peak=L261 margin=3.603; split fraction/run=0.533/52; outer edges=7/714; body=8.0+/-2.0/713.0+/-2.0; switch onset=L260; last complete picture=L259; band bottom=L262; raw per-unit candidate L260 disagrees; pooled raw-row displacement of the continuous stable lock resolves L259; row Y(mean/std) L22=1.373/0.484 L23=185.394/19.794 L24=182.355/19.578 L259=88.136/14.706 L260=80.859/16.692 L262=50.667/30.283",260,286,521,525,525,cv_inspected,"commercial tape; raw first pass-through row is picture; dark first band retained; raw three-third displacement L522=0.894,0.625,1.144/L523=6.510,2.043,4.055/L524=2.559,0.873,1.040/L525=1.292,1.548,2.557; peak=L523 margin=3.951; split fraction/run=0.113/7; outer edges=7/714; body=8.0+/-2.0/713.0+/-2.0; switch onset=L522; last complete picture=L521; band bottom=L525; raw per-unit candidate L522 disagrees; pooled raw-row displacement of the continuous stable lock resolves L521; row Y(mean/std) L285=1.364/0.481 L286=192.294/19.285 L287=188.620/19.088 L521=89.195/14.469 L522=92.795/15.740 L525=49.558/25.622",522,0,0
930,6972,23,259,262,262,cv_inspected,"commercial tape; raw first pass-through row is picture; dark first band retained; raw three-third displacement L259=0.765,0.623,1.649/L260=1.262,1.526,3.998/L261=6.445,1.276,2.404/L262=0.297,0.838,1.996; peak=L261 margin=2.447; split fraction/run=0.542/78; outer edges=8/714; body=9.0+/-2.0/713.0+/-2.0; switch onset=L260; last complete picture=L259; band bottom=L262; row Y(mean/std) L22=1.377/0.485 L23=187.113/19.636 L24=183.123/19.696 L259=91.286/15.772 L260=81.455/18.772 L262=49.475/30.026",259,286,521,525,525,cv_inspected,"commercial tape; raw first pass-through row is picture; dark first band retained; raw three-third displacement L522=0.700,0.535,1.181/L523=6.056,1.938,4.077/L524=2.153,0.788,1.149/L525=1.035,1.299,2.310; peak=L523 margin=3.745; split fraction/run=0.122/7; outer edges=8/714; body=8.0+/-2.0/713.0+/-2.0; switch onset=L522; last complete picture=L521; band bottom=L525; raw per-unit candidate L522 disagrees; pooled raw-row displacement of the continuous stable lock resolves L521; row Y(mean/std) L285=1.363/0.481 L286=178.872/20.409 L287=180.522/19.884 L521=91.092/14.505 L522=92.909/15.810 L525=42.694/23.219",522,0,0
931,6973,23,259,262,262,cv_inspected,"commercial tape; raw first pass-through row is picture; dark first band retained; raw three-third displacement L259=0.688,0.569,1.497/L260=1.492,1.265,3.146/L261=5.950,1.170,3.326/L262=0.208,0.682,1.543; peak=L261 margin=2.804; split fraction/run=0.502/52; outer edges=7/714; body=8.0+/-2.0/713.0+/-2.0; switch onset=L260; last complete picture=L259; band bottom=L262; raw per-unit candidate L260 disagrees; pooled raw-row displacement of the continuous stable lock resolves L259; row Y(mean/std) L22=1.359/0.480 L23=187.348/19.522 L24=184.014/19.727 L259=89.812/15.614 L260=80.961/21.851 L262=50.230/30.474",260,286,521,525,525,direct,"commercial tape; raw first pass-through row is picture; dark first band retained; raw three-third displacement L522=0.837,0.481,1.468/L523=4.733,1.440,2.824/L524=1.453,0.652,0.966/L525=1.271,1.428,2.354; peak=L523 margin=2.379; split fraction/run=0.252/11; outer edges=8/668; body=8.0+/-2.0/713.0+/-2.0; switch onset=L522; last complete picture=L521; band bottom=L525",521,0,0
932,6974,23,259,262,262,direct,"commercial tape; raw first pass-through row is picture; dark first band retained; raw three-third displacement L259=0.803,0.514,1.305/L260=1.613,1.301,3.082/L261=5.648,1.140,2.202/L262=0.263,0.919,1.795; peak=L261 margin=2.566; split fraction/run=0.542/66; outer edges=7/701; body=8.0+/-2.0/713.0+/-2.0; switch onset=L260; last complete picture=L259; band bottom=L262",259,286,521,525,525,direct,"commercial tape; raw first pass-through row is picture; dark first band retained; raw three-third displacement L522=0.882,0.497,1.465/L523=4.371,1.793,2.944/L524=1.352,1.432,1.559/L525=1.337,1.261,1.978; peak=L523 margin=2.392; split fraction/run=0.187/12; outer edges=7/673; body=8.0+/-2.0/713.0+/-2.0; switch onset=L522; last complete picture=L521; band bottom=L525",521,0,0
933,6975,23,259,262,262,cv_inspected,"commercial tape; raw first pass-through row is picture; dark first band retained; raw three-third displacement L259=0.757,0.523,1.248/L260=1.469,1.228,3.150/L261=5.601,1.225,2.312/L262=0.164,0.621,1.185; peak=L261 margin=2.451; split fraction/run=0.523/79; outer edges=7/714; body=9.0+/-2.0/713.0+/-2.0; switch onset=L260; last complete picture=L259; band bottom=L262; row Y(mean/std) L22=1.378/0.485 L23=188.908/18.345 L24=186.778/18.377 L259=90.794/16.273 L260=84.069/22.333 L262=49.161/29.242",259,286,521,525,525,direct,"commercial tape; raw first pass-through row is picture; dark first band retained; raw three-third displacement L522=0.561,0.454,1.351/L523=4.367,1.354,2.811/L524=1.437,0.620,0.962/L525=1.149,1.262,2.105; peak=L523 margin=2.263; split fraction/run=0.257/21; outer edges=7/679; body=8.0+/-2.0/713.0+/-2.0; switch onset=L522; last complete picture=L521; band bottom=L525",521,0,0
934,6976,23,259,262,262,cv_inspected,"commercial tape; raw first pass-through row is picture; dark first band retained; raw three-third displacement L259=0.612,0.448,1.163/L260=1.001,1.321,3.428/L261=5.464,1.207,2.146/L262=0.189,0.638,1.464; peak=L261 margin=2.036; split fraction/run=0.575/82; outer edges=8/714; body=8.0+/-2.0/713.0+/-2.0; switch onset=L260; last complete picture=L259; band bottom=L262; row Y(mean/std) L22=1.386/0.487 L23=189.425/18.347 L24=183.536/18.554 L259=90.302/15.294 L260=81.770/18.237 L262=50.934/31.092",259,286,521,525,525,cv_inspected,"commercial tape; raw first pass-through row is picture; dark first band retained; raw three-third displacement L522=0.736,0.444,0.941/L523=4.307,1.790,2.602/L524=1.487,1.034,1.334/L525=0.981,1.104,2.143; peak=L523 margin=2.164; split fraction/run=0.210/10; outer edges=8/714; body=8.0+/-2.0/713.0+/-2.0; switch onset=L522; last complete picture=L521; band bottom=L525; raw per-unit candidate L522 disagrees; pooled raw-row displacement of the continuous stable lock resolves L521; row Y(mean/std) L285=1.363/0.481 L286=187.839/17.466 L287=186.123/17.378 L521=90.570/14.456 L522=91.755/15.004 L525=50.411/25.930",522,0,0
935,6977,23,259,262,262,cv_inspected,"commercial tape; raw first pass-through row is picture; dark first band retained; raw three-third displacement L259=0.477,0.461,1.152/L260=0.810,1.059,3.497/L261=5.769,2.424,5.042/L262=0.173,0.618,0.852; peak=L261 margin=2.273; split fraction/run=0.322/26; outer edges=8/714; body=9.0+/-2.0/713.0+/-2.0; switch onset=L260; last complete picture=L259; band bottom=L262; raw per-unit candidate L260 disagrees; pooled raw-row displacement of the continuous stable lock resolves L259; row Y(mean/std) L22=1.400/0.490 L23=185.503/17.719 L24=183.706/18.045 L259=92.008/15.594 L260=84.566/15.067 L262=36.980/23.634",260,286,521,525,525,cv_inspected,"commercial tape; raw first pass-through row is picture; dark first band retained; raw three-third displacement L522=0.494,0.426,0.926/L523=4.465,1.320,2.552/L524=1.440,1.408,1.115/L525=1.069,1.153,1.912; peak=L523 margin=2.554; split fraction/run=0.169/10; outer edges=7/714; body=8.0+/-2.0/713.0+/-2.0; switch onset=L522; last complete picture=L521; band bottom=L525; raw per-unit candidate L522 disagrees; pooled raw-row displacement of the continuous stable lock resolves L521; row Y(mean/std) L285=1.363/0.481 L286=195.469/15.970 L287=190.753/15.914 L521=91.520/12.884 L522=92.872/14.916 L525=52.955/27.142",522,0,0
936,6978,23,259,262,262,cv_inspected,"commercial tape; raw first pass-through row is picture; dark first band retained; raw three-third displacement L259=0.426,0.537,1.234/L260=0.648,1.073,2.863/L261=5.650,1.326,2.677/L262=0.156,0.592,0.906; peak=L261 margin=2.786; split fraction/run=0.425/52; outer edges=8/714; body=9.0+/-2.0/713.0+/-2.0; switch onset=L260; last complete picture=L259; band bottom=L262; raw per-unit candidate L260 disagrees; pooled raw-row displacement of the continuous stable lock resolves L259; row Y(mean/std) L22=1.378/0.485 L23=190.595/16.790 L24=184.762/17.719 L259=90.833/15.179 L260=85.523/14.126 L262=49.641/30.218",260,286,521,525,525,cv_inspected,"commercial tape; raw first pass-through row is picture; dark first band retained; raw three-third displacement L522=0.521,0.532,0.955/L523=4.469,2.273,3.391/L524=1.885,1.408,0.989/L525=0.987,1.067,1.695; peak=L523 margin=2.584; split fraction/run=0.136/8; outer edges=7/714; body=8.0+/-2.0/713.0+/-2.0; switch onset=L522; last complete picture=L521; band bottom=L525; raw per-unit candidate L522 disagrees; pooled raw-row displacement of the continuous stable lock resolves L521; row Y(mean/std) L285=1.367/0.482 L286=175.227/17.492 L287=175.764/17.195 L521=90.550/13.612 L522=93.064/14.930 L525=47.891/25.888",522,0,0
937,6979,23,259,262,262,cv_inspected,"commercial tape; raw first pass-through row is picture; dark first band retained; raw three-third displacement L259=0.408,0.526,1.221/L260=0.565,1.005,2.869/L261=5.614,1.159,2.415/L262=0.188,0.734,1.259; peak=L261 margin=2.745; split fraction/run=0.435/58; outer edges=8/714; body=9.0+/-2.0/713.0+/-2.0; switch onset=L260; last complete picture=L259; band bottom=L262; raw per-unit candidate L260 disagrees; pooled raw-row displacement of the continuous stable lock resolves L259; row Y(mean/std) L22=1.395/0.489 L23=186.083/17.370 L24=183.408/17.391 L259=88.194/14.083 L260=82.744/14.974 L262=47.698/29.590",260,286,521,525,525,cv_inspected,"commercial tape; raw first pass-through row is picture; dark first band retained; raw three-third displacement L522=0.510,0.531,1.356/L523=4.454,1.082,2.698/L524=1.677,0.856,1.066/L525=1.111,1.082,1.919; peak=L523 margin=2.535; split fraction/run=0.215/14; outer edges=7/714; body=8.0+/-2.0/713.0+/-2.0; switch onset=L522; last complete picture=L521; band bottom=L525; raw per-unit candidate L522 disagrees; pooled raw-row displacement of the continuous stable lock resolves L521; row Y(mean/std) L285=1.375/0.484 L286=179.753/16.480 L287=175.944/16.620 L521=88.581/13.235 L522=92.373/14.670 L525=53.220/27.616",522,0,0
938,6980,23,259,262,262,cv_inspected,"commercial tape; raw first pass-through row is picture; dark first band retained; raw three-third displacement L259=0.410,0.533,1.281/L260=0.695,0.907,3.163/L261=5.725,1.129,2.123/L262=0.274,0.930,1.989; peak=L261 margin=2.562; split fraction/run=0.533/85; outer edges=8/714; body=9.0+/-2.0/713.0+/-2.0; switch onset=L260; last complete picture=L259; band bottom=L262; row Y(mean/std) L22=1.389/0.488 L23=187.848/16.707 L24=182.133/17.072 L259=89.189/13.637 L260=80.953/15.446 L262=49.600/30.500",259,286,521,525,525,direct,"commercial tape; raw first pass-through row is picture; dark first band retained; raw three-third displacement L522=0.386,0.423,1.100/L523=4.447,1.897,2.710/L524=1.716,1.215,1.033/L525=0.947,1.127,1.638; peak=L523 margin=2.731; split fraction/run=0.168/10; outer edges=8/702; body=8.0+/-2.0/713.0+/-2.0; switch onset=L522; last complete picture=L521; band bottom=L525",521,0,0
939,6981,23,259,262,262,cv_inspected,"commercial tape; raw first pass-through row is picture; dark first band retained; raw three-third displacement L259=0.450,0.419,1.166/L260=0.845,1.189,3.365/L261=5.674,1.619,2.153/L262=0.176,0.700,1.322; peak=L261 margin=2.309; split fraction/run=0.523/85; outer edges=8/714; body=9.0+/-2.0/713.0+/-2.0; switch onset=L260; last complete picture=L259; band bottom=L262; row Y(mean/std) L22=1.373/0.484 L23=184.561/17.006 L24=182.238/16.920 L259=89.097/14.634 L260=80.638/18.699 L262=51.745/31.960",259,286,521,525,525,cv_inspected,"commercial tape; raw first pass-through row is picture; dark first band retained; raw three-third displacement L522=0.707,0.392,0.754/L523=4.513,1.838,2.556/L524=1.697,1.259,1.186/L525=0.954,1.182,2.292; peak=L523 margin=2.221; split fraction/run=0.117/8; outer edges=7/714; body=9.0+/-2.0/713.0+/-2.0; switch onset=L522; last complete picture=L521; band bottom=L525; raw per-unit candidate L522 disagrees; pooled raw-row displacement of the continuous stable lock resolves L521; row Y(mean/std) L285=1.383/0.486 L286=186.061/16.380 L287=180.363/16.359 L521=88.209/14.172 L522=89.539/15.589 L525=49.377/26.482",522,0,0
940,6982,23,259,262,262,cv_inspected,"commercial tape; raw first pass-through row is picture; dark first band retained; raw three-third displacement L259=0.727,0.336,1.003/L260=1.093,1.205,3.488/L261=5.784,1.130,1.907/L262=0.234,0.763,2.139; peak=L261 margin=2.296; split fraction/run=0.537/83; outer edges=9/714; body=9.0+/-2.0/713.0+/-2.0; switch onset=L260; last complete picture=L259; band bottom=L262; row Y(mean/std) L22=1.363/0.481 L23=182.636/16.453 L24=178.848/17.050 L259=90.609/16.446 L260=85.734/17.100 L262=50.150/30.819",259,286,521,525,525,cv_inspected,"commercial tape; raw first pass-through row is picture; dark first band retained; raw three-third displacement L522=0.723,0.464,1.321/L523=4.496,1.541,2.572/L524=1.692,1.354,1.751/L525=1.305,1.017,2.138; peak=L523 margin=2.358; split fraction/run=0.201/14; outer edges=6/714; body=8.0+/-2.0/713.0+/-2.0; switch onset=L522; last complete picture=L521; band bottom=L525; raw per-unit candidate L522 disagrees; pooled raw-row displacement of the continuous stable lock resolves L521; row Y(mean/std) L285=1.355/0.478 L286=174.688/16.399 L287=176.822/15.986 L521=89.289/15.376 L522=89.759/15.716 L525=51.466/27.854",522,0,0
941,6983,23,259,262,262,cv_inspected,"commercial tape; raw first pass-through row is picture; dark first band retained; raw three-third displacement L259=0.711,0.536,1.387/L260=1.138,1.031,2.738/L261=6.227,2.202,4.020/L262=0.185,0.481,1.264; peak=L261 margin=3.489; split fraction/run=0.252/21; outer edges=7/714; body=9.0+/-2.0/713.0+/-2.0; switch onset=L260; last complete picture=L259; band bottom=L262; raw per-unit candidate L260 disagrees; pooled raw-row displacement of the continuous stable lock resolves L259; row Y(mean/std) L22=1.372/0.483 L23=180.814/16.048 L24=178.236/16.423 L259=86.636/15.276 L260=84.811/21.217 L262=37.731/24.767",260,286,521,525,525,cv_inspected,"commercial tape; raw first pass-through row is picture; dark first band retained; raw three-third displacement L522=0.764,0.784,1.011/L523=4.840,1.368,1.862/L524=1.683,0.973,1.331/L525=0.924,1.108,2.109; peak=L523 margin=2.731; split fraction/run=0.244/12; outer edges=7/714; body=9.0+/-2.0/713.0+/-2.0; switch onset=L522; last complete picture=L521; band bottom=L525; raw per-unit candidate L522 disagrees; pooled raw-row displacement of the continuous stable lock resolves L521; row Y(mean/std) L285=1.406/0.491 L286=193.403/14.696 L287=188.808/14.932 L521=88.744/15.749 L522=92.678/16.420 L525=51.333/26.533",522,0,0
942,6984,23,259,262,262,cv_inspected,"commercial tape; raw first pass-through row is picture; dark first band retained; raw three-third displacement L259=0.737,0.628,0.965/L260=0.930,0.995,2.455/L261=5.606,1.134,2.051/L262=0.457,0.652,1.732; peak=L261 margin=3.151; split fraction/run=0.449/39; outer edges=7/714; body=9.0+/-2.0/713.0+/-2.0; switch onset=L260; last complete picture=L259; band bottom=L262; raw per-unit candidate L260 disagrees; pooled raw-row displacement of the continuous stable lock resolves L259; row Y(mean/std) L22=1.387/0.487 L23=188.583/15.481 L24=181.086/15.495 L259=88.248/16.749 L260=87.105/15.018 L262=49.948/29.921",260,286,521,525,525,cv_inspected,"commercial tape; raw first pass-through row is picture; dark first band retained; raw three-third displacement L522=0.619,0.749,1.023/L523=4.107,1.164,2.588/L524=1.638,1.220,1.539/L525=0.832,1.215,2.156; peak=L523 margin=1.951; split fraction/run=0.277/17; outer edges=8/714; body=8.0+/-2.0/713.0+/-2.0; switch onset=L522; last complete picture=L521; band bottom=L525; raw per-unit candidate L522 disagrees; pooled raw-row displacement of the continuous stable lock resolves L521; row Y(mean/std) L285=1.361/0.480 L286=183.966/14.474 L287=183.789/14.638 L521=88.648/15.297 L522=88.297/18.310 L525=49.073/25.459",522,0,0
943,6985,23,259,262,262,cv_inspected,"commercial tape; raw first pass-through row is picture; dark first band retained; raw three-third displacement L259=0.667,0.616,0.815/L260=0.919,0.915,2.485/L261=5.358,1.036,1.860/L262=0.372,0.613,1.587; peak=L261 margin=2.873; split fraction/run=0.477/46; outer edges=7/714; body=9.0+/-2.0/713.0+/-2.0; switch onset=L260; last complete picture=L259; band bottom=L262; raw per-unit candidate L260 disagrees; pooled raw-row displacement of the continuous stable lock resolves L259; row Y(mean/std) L22=1.375/0.484 L23=186.123/15.073 L24=182.820/15.302 L259=89.052/16.222 L260=84.869/14.163 L262=50.405/30.114",260,286,521,525,525,direct,"commercial tape; raw first pass-through row is picture; dark first band retained; raw three-third displacement L522=0.633,0.609,1.012/L523=4.509,1.692,2.548/L524=1.726,1.265,1.340/L525=0.885,1.137,2.330; peak=L523 margin=2.179; split fraction/run=0.131/9; outer edges=8/674; body=9.0+/-2.0/713.0+/-2.0; switch onset=L522; last complete picture=L521; band bottom=L525",521,0,0
944,6986,23,259,262,262,cv_inspected,"commercial tape; raw first pass-through row is picture; dark first band retained; raw three-third displacement L259=0.782,0.642,0.943/L260=1.269,0.937,2.733/L261=6.080,2.540,4.498/L262=0.368,0.526,1.099; peak=L261 margin=3.347; split fraction/run=0.252/28; outer edges=10/714; body=8.0+/-2.0/713.0+/-2.0; switch onset=L260; last complete picture=L259; band bottom=L262; raw per-unit candidate L260 disagrees; pooled raw-row displacement of the continuous stable lock resolves L259; row Y(mean/std) L22=1.375/0.484 L23=188.261/15.318 L24=183.131/15.210 L259=90.614/17.599 L260=87.839/16.263 L262=35.141/22.026",260,286,521,525,525,direct,"commercial tape; raw first pass-through row is picture; dark first band retained; raw three-third displacement L522=0.658,0.657,1.684/L523=4.092,1.391,1.910/L524=1.906,0.918,1.319/L525=0.824,1.142,1.842; peak=L523 margin=2.186; split fraction/run=0.224/27; outer edges=8/651; body=8.0+/-2.0/713.0+/-2.0; switch onset=L522; last complete picture=L521; band bottom=L525",521,0,0
945,6987,23,259,262,262,cv_inspected,"commercial tape; raw first pass-through row is picture; dark first band retained; raw three-third displacement L259=0.760,0.601,0.869/L260=1.570,1.028,2.764/L261=6.416,1.180,2.411/L262=0.130,0.569,1.184; peak=L261 margin=3.652; split fraction/run=0.472/36; outer edges=8/714; body=9.0+/-2.0/713.0+/-2.0; switch onset=L260; last complete picture=L259; band bottom=L262; raw per-unit candidate L260 disagrees; pooled raw-row displacement of the continuous stable lock resolves L259; row Y(mean/std) L22=1.383/0.486 L23=184.189/15.576 L24=182.209/15.306 L259=87.803/14.010 L260=84.633/24.534 L262=49.764/30.559",260,286,521,525,525,cv_inspected,"commercial tape; raw first pass-through row is picture; dark first band retained; raw three-third displacement L522=0.863,0.501,1.050/L523=4.197,1.071,2.424/L524=1.639,0.708,1.391/L525=0.988,1.039,1.961; peak=L523 margin=2.236; split fraction/run=0.160/8; outer edges=7/714; body=8.0+/-2.0/713.0+/-2.0; switch onset=L522; last complete picture=L521; band bottom=L525; raw per-unit candidate L522 disagrees; pooled raw-row displacement of the continuous stable lock resolves L521; row Y(mean/std) L285=1.405/0.491 L286=189.597/14.891 L287=186.647/14.336 L521=87.103/14.726 L522=87.744/19.263 L525=53.070/28.337",522,0,0
946,6988,23,259,262,262,direct,"commercial tape; raw first pass-through row is picture; dark first band retained; raw three-third displacement L259=0.764,0.468,1.201/L260=1.090,0.990,3.347/L261=5.648,1.328,2.962/L262=0.153,0.586,1.266; peak=L261 margin=2.300; split fraction/run=0.528/47; outer edges=8/670; body=8.0+/-2.0/713.0+/-2.0; switch onset=L260; last complete picture=L259; band bottom=L262",259,286,521,525,525,cv_inspected,"commercial tape; raw first pass-through row is picture; dark first band retained; raw three-third displacement L522=0.597,0.635,1.719/L523=4.811,1.386,3.334/L524=2.132,0.694,1.115/L525=0.897,0.975,2.028; peak=L523 margin=2.679; split fraction/run=0.174/22; outer edges=7/714; body=8.0+/-2.0/713.0+/-2.0; switch onset=L522; last complete picture=L521; band bottom=L525; raw per-unit candidate L522 disagrees; pooled raw-row displacement of the continuous stable lock resolves L521; row Y(mean/std) L285=1.381/0.486 L286=170.619/14.863 L287=171.895/14.496 L521=87.091/15.829 L522=88.862/19.322 L525=49.947/26.776",522,0,0
947,6989,23,259,262,262,direct,"commercial tape; raw first pass-through row is picture; dark first band retained; raw three-third displacement L259=0.508,0.744,1.323/L260=0.799,1.236,4.884/L261=5.812,1.464,3.212/L262=0.153,0.406,1.463; peak=L261 margin=0.928; split fraction/run=0.542/68; outer edges=7/663; body=9.0+/-2.0/713.0+/-2.0; switch onset=L260; last complete picture=L259; band bottom=L262",259,286,521,525,525,cv_inspected,"commercial tape; raw first pass-through row is picture; dark first band retained; raw three-third displacement L522=0.503,0.621,0.917/L523=4.187,1.649,3.189/L524=1.776,0.789,1.504/L525=0.872,1.073,1.773; peak=L523 margin=2.412; split fraction/run=0.160/15; outer edges=7/714; body=8.0+/-2.0/713.0+/-2.0; switch onset=L522; last complete picture=L521; band bottom=L525; raw per-unit candidate L522 disagrees; pooled raw-row displacement of the continuous stable lock resolves L521; row Y(mean/std) L285=1.367/0.482 L286=185.998/14.257 L287=181.198/13.128 L521=85.925/15.552 L522=89.795/18.123 L525=49.273/25.387",522,0,0
948,6990,23,259,262,262,cv_inspected,"commercial tape; raw first pass-through row is picture; dark first band retained; raw three-third displacement L259=0.532,0.704,0.805/L260=1.103,1.603,3.662/L261=5.588,1.333,2.457/L262=0.227,0.515,1.269; peak=L261 margin=1.926; split fraction/run=0.533/57; outer edges=7/714; body=9.0+/-2.0/713.0+/-2.0; switch onset=L260; last complete picture=L259; band bottom=L262; raw per-unit candidate L260 disagrees; pooled raw-row displacement of the continuous stable lock resolves L259; row Y(mean/std) L22=1.369/0.482 L23=179.916/14.155 L24=176.186/14.477 L259=89.403/15.930 L260=77.864/21.279 L262=49.181/29.855",260,286,521,525,525,direct,"commercial tape; raw first pass-through row is picture; dark first band retained; raw three-third displacement L522=0.635,0.680,1.439/L523=4.138,1.578,2.903/L524=1.731,1.167,1.481/L525=0.866,0.998,1.661; peak=L523 margin=2.407; split fraction/run=0.216/15; outer edges=7/674; body=8.0+/-2.0/713.0+/-2.0; switch onset=L522; last complete picture=L521; band bottom=L525",521,0,0
949,6991,23,259,262,262,direct,"commercial tape; raw first pass-through row is picture; dark first band retained; raw three-third displacement L259=0.622,0.577,0.748/L260=0.969,1.384,3.485/L261=5.304,1.320,2.555/L262=0.176,0.401,1.125; peak=L261 margin=1.819; split fraction/run=0.528/55; outer edges=7/684; body=8.0+/-2.0/713.0+/-2.0; switch onset=L260; last complete picture=L259; band bottom=L262",259,286,521,525,525,cv_inspected,"commercial tape; raw first pass-through row is picture; dark first band retained; raw three-third displacement L522=0.575,0.700,0.727/L523=4.109,1.431,2.771/L524=1.669,0.549,1.370/L525=0.892,1.078,1.693; peak=L523 margin=2.416; split fraction/run=0.183/9; outer edges=7/714; body=8.0+/-2.0/713.0+/-2.0; switch onset=L522; last complete picture=L521; band bottom=L525; raw per-unit candidate L522 disagrees; pooled raw-row displacement of the continuous stable lock resolves L521; row Y(mean/std) L285=1.370/0.483 L286=186.070/13.816 L287=181.111/13.202 L521=88.105/16.094 L522=88.431/17.753 L525=51.883/26.199",522,0,0
950,6992,23,259,262,262,cv_inspected,"commercial tape; raw first pass-through row is picture; dark first band retained; raw three-third displacement L259=0.518,0.701,1.038/L260=0.781,1.307,4.886/L261=5.558,1.110,3.050/L262=0.284,0.615,1.542; peak=L261 margin=0.672; split fraction/run=0.589/58; outer edges=8/659; body=9.0+/-2.0/713.0+/-2.0; switch onset=L260; last complete picture=L259; band bottom=L262; row Y(mean/std) L22=1.361/0.480 L23=180.806/14.021 L24=177.720/14.414 L259=89.342/16.076 L260=80.672/21.660 L262=43.750/26.941",259,286,521,525,525,direct,"commercial tape; raw first pass-through row is picture; dark first band retained; raw three-third displacement L522=0.640,0.741,0.876/L523=4.444,1.490,3.088/L524=2.303,0.906,1.585/L525=0.945,1.030,1.671; peak=L523 margin=2.141; split fraction/run=0.202/16; outer edges=7/702; body=8.0+/-2.0/713.0+/-2.0; switch onset=L522; last complete picture=L521; band bottom=L525",521,0,0
951,6993,23,259,262,262,cv_inspected,"commercial tape; raw first pass-through row is picture; dark first band retained; raw three-third displacement L259=0.518,0.635,0.947/L260=0.749,1.266,3.820/L261=5.649,1.083,2.253/L262=0.169,0.516,1.442; peak=L261 margin=1.828; split fraction/run=0.621/74; outer edges=8/714; body=8.0+/-2.0/713.0+/-2.0; switch onset=L260; last complete picture=L259; band bottom=L262; row Y(mean/std) L22=1.389/0.488 L23=181.902/14.662 L24=178.928/14.398 L259=90.311/16.886 L260=83.478/16.483 L262=50.664/30.637",259,286,521,525,525,direct,"commercial tape; raw first pass-through row is picture; dark first band retained; raw three-third displacement L522=0.543,0.489,1.051/L523=4.070,1.403,2.843/L524=1.669,0.736,0.946/L525=0.917,1.136,2.196; peak=L523 margin=1.874; split fraction/run=0.131/7; outer edges=7/701; body=8.0+/-2.0/713.0+/-2.0; switch onset=L522; last complete picture=L521; band bottom=L525",521,0,0
952,6994,23,259,262,262,cv_inspected,"commercial tape; raw first pass-through row is picture; dark first band retained; raw three-third displacement L259=0.650,0.450,0.675/L260=0.685,1.089,2.833/L261=5.595,1.298,1.766/L262=0.132,0.520,1.371; peak=L261 margin=2.762; split fraction/run=0.673/95; outer edges=7/714; body=8.0+/-2.0/713.0+/-2.0; switch onset=L260; last complete picture=L259; band bottom=L262; row Y(mean/std) L22=1.372/0.483 L23=188.803/14.547 L24=181.589/14.852 L259=88.769/13.231 L260=85.847/16.838 L262=51.133/30.530",259,286,521,525,525,cv_inspected,"commercial tape; raw first pass-through row is picture; dark first band retained; raw three-third displacement L522=0.572,0.423,0.721/L523=3.944,1.473,2.206/L524=1.645,0.997,1.028/L525=0.962,1.069,2.021; peak=L523 margin=1.923; split fraction/run=0.155/6; outer edges=7/714; body=8.0+/-2.0/713.0+/-2.0; switch onset=L522; last complete picture=L521; band bottom=L525; raw per-unit candidate L522 disagrees; pooled raw-row displacement of the continuous stable lock resolves L521; row Y(mean/std) L285=1.383/0.486 L286=183.817/14.620 L287=184.153/14.155 L521=89.798/13.678 L522=89.331/13.116 L525=54.189/27.353",522,0,0
953,6995,23,259,262,262,direct,"commercial tape; raw first pass-through row is picture; dark first band retained; raw three-third displacement L259=0.642,0.520,0.952/L260=0.954,1.109,3.371/L261=5.206,1.070,1.976/L262=0.199,0.605,1.346; peak=L261 margin=1.835; split fraction/run=0.626/50; outer edges=9/700; body=9.0+/-2.0/713.0+/-2.0; switch onset=L260; last complete picture=L259; band bottom=L262",259,286,521,525,525,cv_inspected,"commercial tape; raw first pass-through row is picture; dark first band retained; raw three-third displacement L522=0.611,0.599,0.894/L523=4.884,1.848,3.095/L524=2.207,1.003,1.034/L525=0.858,1.043,2.153; peak=L523 margin=2.677; split fraction/run=0.146/11; outer edges=7/714; body=8.0+/-2.0/713.0+/-2.0; switch onset=L522; last complete picture=L521; band bottom=L525; raw per-unit candidate L522 disagrees; pooled raw-row displacement of the continuous stable lock resolves L521; row Y(mean/std) L285=1.386/0.487 L286=188.911/14.957 L287=184.125/14.831 L521=91.611/14.982 L522=95.013/16.739 L525=51.977/26.387",522,0,0
954,6996,23,259,262,262,direct,"commercial tape; raw first pass-through row is picture; dark first band retained; raw three-third displacement L259=0.797,0.350,1.108/L260=0.838,0.972,2.985/L261=5.848,1.593,2.415/L262=0.452,0.718,1.449; peak=L261 margin=2.862; split fraction/run=0.495/75; outer edges=8/704; body=8.0+/-2.0/713.0+/-2.0; switch onset=L260; last complete picture=L259; band bottom=L262",259,286,521,525,525,cv_inspected,"commercial tape; raw first pass-through row is picture; dark first band retained; raw three-third displacement L522=0.787,0.522,1.429/L523=4.529,2.446,2.799/L524=2.051,1.620,1.193/L525=0.780,1.172,2.079; peak=L523 margin=2.450; split fraction/run=0.238/24; outer edges=8/714; body=8.0+/-2.0/713.0+/-2.0; switch onset=L522; last complete picture=L521; band bottom=L525; raw per-unit candidate L522 disagrees; pooled raw-row displacement of the continuous stable lock resolves L521; row Y(mean/std) L285=1.387/0.487 L286=176.586/16.362 L287=177.845/15.749 L521=93.489/16.704 L522=93.011/18.333 L525=51.536/26.964",522,0,0
955,6997,23,259,262,262,cv_inspected,"commercial tape; raw first pass-through row is picture; dark first band retained; raw three-third displacement L259=0.828,0.459,1.149/L260=1.288,0.994,3.159/L261=5.687,1.429,2.374/L262=0.341,0.475,0.958; peak=L261 margin=2.527; split fraction/run=0.491/72; outer edges=7/714; body=8.0+/-2.0/713.0+/-2.0; switch onset=L260; last complete picture=L259; band bottom=L262; row Y(mean/std) L22=1.381/0.486 L23=192.230/15.185 L24=188.980/14.886 L259=92.953/16.418 L260=85.078/19.423 L262=50.620/29.797",259,286,521,525,525,direct,"commercial tape; raw first pass-through row is picture; dark first band retained; raw three-third displacement L522=0.775,0.668,1.853/L523=4.220,2.415,3.974/L524=1.814,1.460,1.053/L525=0.857,0.898,1.794; peak=L523 margin=2.367; split fraction/run=0.234/12; outer edges=8/664; body=8.0+/-2.0/713.0+/-2.0; switch onset=L522; last complete picture=L521; band bottom=L525",521,0,0
956,6998,23,259,262,262,cv_inspected,"commercial tape; raw first pass-through row is picture; dark first band retained; raw three-third displacement L259=0.930,0.556,0.941/L260=1.173,1.315,3.305/L261=5.952,1.658,2.339/L262=0.496,0.652,1.088; peak=L261 margin=2.647; split fraction/run=0.453/73; outer edges=9/714; body=8.0+/-2.0/713.0+/-2.0; switch onset=L260; last complete picture=L259; band bottom=L262; row Y(mean/std) L22=1.402/0.490 L23=189.083/15.476 L24=184.491/16.022 L259=91.359/16.555 L260=86.531/22.985 L262=43.828/25.392",259,286,521,525,525,cv_inspected,"commercial tape; raw first pass-through row is picture; dark first band retained; raw three-third displacement L522=0.807,0.460,0.831/L523=4.229,1.488,2.322/L524=1.609,0.842,1.029/L525=1.176,1.119,1.962; peak=L523 margin=2.268; split fraction/run=0.178/18; outer edges=7/714; body=8.0+/-2.0/713.0+/-2.0; switch onset=L522; last complete picture=L521; band bottom=L525; raw per-unit candidate L522 disagrees; pooled raw-row displacement of the continuous stable lock resolves L521; row Y(mean/std) L285=1.373/0.484 L286=187.675/15.634 L287=187.753/15.315 L521=93.033/15.753 L522=90.647/16.458 L525=54.417/26.507",522,0,0
957,6999,23,259,262,262,cv_inspected,"commercial tape; raw first pass-through row is picture; dark first band retained; raw three-third displacement L259=0.620,0.371,0.961/L260=1.151,1.089,3.243/L261=5.776,1.018,2.111/L262=0.449,0.684,1.150; peak=L261 margin=2.533; split fraction/run=0.540/80; outer edges=8/714; body=9.0+/-2.0/713.0+/-2.0; switch onset=L260; last complete picture=L259; band bottom=L262; row Y(mean/std) L22=1.378/0.485 L23=187.405/15.649 L24=184.739/16.134 L259=94.347/14.671 L260=83.273/18.711 L262=53.398/31.398",259,286,521,525,525,cv_inspected,"commercial tape; raw first pass-through row is picture; dark first band retained; raw three-third displacement L522=0.645,0.492,1.056/L523=4.349,1.229,3.065/L524=1.386,0.680,1.069/L525=1.291,1.149,1.765; peak=L523 margin=2.584; split fraction/run=0.146/10; outer edges=8/714; body=8.0+/-2.0/713.0+/-2.0; switch onset=L522; last complete picture=L521; band bottom=L525; raw per-unit candidate L522 disagrees; pooled raw-row displacement of the continuous stable lock resolves L521; row Y(mean/std) L285=1.370/0.483 L286=188.653/16.176 L287=187.150/15.700 L521=93.073/12.499 L522=96.147/16.384 L525=57.630/28.948",522,0,0
958,7000,23,259,262,262,cv_inspected,"commercial tape; raw first pass-through row is picture; dark first band retained; raw three-third displacement L259=0.568,0.498,1.189/L260=1.017,1.075,2.594/L261=5.474,1.085,1.714/L262=0.242,0.752,1.416; peak=L261 margin=2.879; split fraction/run=0.575/70; outer edges=8/714; body=8.0+/-2.0/713.0+/-2.0; switch onset=L260; last complete picture=L259; band bottom=L262; row Y(mean/std) L22=1.386/0.487 L23=182.342/16.668 L24=178.305/17.087 L259=92.944/12.785 L260=81.453/17.314 L262=54.158/31.536",259,286,521,525,525,cv_inspected,"commercial tape; raw first pass-through row is picture; dark first band retained; raw three-third displacement L522=0.717,0.441,1.135/L523=5.043,1.280,2.382/L524=1.549,0.796,1.353/L525=0.979,1.049,1.585; peak=L523 margin=3.459; split fraction/run=0.173/11; outer edges=7/714; body=8.0+/-2.0/713.0+/-2.0; switch onset=L522; last complete picture=L521; band bottom=L525; raw per-unit candidate L522 disagrees; pooled raw-row displacement of the continuous stable lock resolves L521; row Y(mean/std) L285=1.364/0.481 L286=187.630/15.983 L287=186.355/15.972 L521=91.125/13.331 L522=92.911/14.178 L525=53.983/26.794",522,0,0
959,7001,23,259,262,262,cv_inspected,"commercial tape; raw first pass-through row is picture; dark first band retained; raw three-third displacement L259=0.691,0.513,1.187/L260=0.894,1.141,2.458/L261=5.108,0.798,2.649/L262=0.306,0.768,1.321; peak=L261 margin=2.650; split fraction/run=0.549/27; outer edges=7/714; body=8.0+/-2.0/713.0+/-2.0; switch onset=L260; last complete picture=L259; band bottom=L262; raw per-unit candidate L260 disagrees; pooled raw-row displacement of the continuous stable lock resolves L259; row Y(mean/std) L22=1.363/0.481 L23=187.273/16.748 L24=184.256/15.694 L259=91.650/13.093 L260=85.103/17.303 L262=51.772/30.511",260,286,521,525,525,cv_inspected,"commercial tape; raw first pass-through row is picture; dark first band retained; raw three-third displacement L522=0.743,0.429,0.982/L523=5.279,1.568,2.238/L524=0.270,0.651,0.871/L525=1.432,1.547,2.578; peak=L523 margin=2.701; split fraction/run=0.159/9; outer edges=8/714; body=8.0+/-2.0/713.0+/-2.0; switch onset=L522; last complete picture=L521; band bottom=L525; raw per-unit candidate L522 disagrees; pooled raw-row displacement of the continuous stable lock resolves L521; row Y(mean/std) L285=1.370/0.483 L286=176.703/16.436 L287=174.730/15.979 L521=91.864/12.744 L522=93.192/16.272 L525=68.495/32.880",522,0,0
960,7002,23,259,262,262,cv_inspected,"commercial tape; raw first pass-through row is picture; dark first band retained; raw three-third displacement L259=0.749,0.467,0.981/L260=0.938,1.517,4.320/L261=5.762,1.172,2.459/L262=0.352,0.795,1.781; peak=L261 margin=1.442; split fraction/run=0.794/75; outer edges=7/714; body=8.0+/-2.0/713.0+/-2.0; switch onset=L260; last complete picture=L259; band bottom=L262; row Y(mean/std) L22=1.377/0.485 L23=182.591/16.135 L24=179.627/16.759 L259=92.323/16.599 L260=80.733/23.287 L262=50.766/28.920",259,286,521,525,525,cv_inspected,"commercial tape; raw first pass-through row is picture; dark first band retained; raw three-third displacement L522=0.814,0.635,1.104/L523=5.560,1.424,2.033/L524=0.490,0.764,1.100/L525=1.048,1.223,2.127; peak=L523 margin=3.433; split fraction/run=0.207/21; outer edges=7/714; body=8.0+/-2.0/713.0+/-2.0; switch onset=L522; last complete picture=L521; band bottom=L525; raw per-unit candidate L522 disagrees; pooled raw-row displacement of the continuous stable lock resolves L521; row Y(mean/std) L285=1.373/0.484 L286=173.361/16.246 L287=174.825/15.500 L521=89.703/15.503 L522=88.586/16.466 L525=57.398/26.955",522,0,0
961,7003,23,259,262,262,direct,"commercial tape; raw first pass-through row is picture; dark first band retained; raw three-third displacement L259=0.897,0.598,1.317/L260=1.115,1.044,2.251/L261=5.186,0.991,1.939/L262=0.168,0.592,1.261; peak=L261 margin=2.935; split fraction/run=0.463/16; outer edges=7/606; body=8.0+/-2.0/713.0+/-2.0; switch onset=L260; last complete picture=L259; band bottom=L262",259,286,521,525,525,cv_inspected,"commercial tape; raw first pass-through row is picture; dark first band retained; raw three-third displacement L522=0.741,0.630,0.644/L523=4.852,1.127,1.938/L524=1.576,0.609,0.963/L525=0.798,1.029,2.327; peak=L523 margin=2.524; split fraction/run=0.188/8; outer edges=7/709; body=8.0+/-2.0/713.0+/-2.0; switch onset=L522; last complete picture=L521; band bottom=L525; row Y(mean/std) L285=1.386/0.487 L286=184.817/15.134 L287=181.438/14.662 L521=86.775/16.738 L522=87.845/15.229 L525=52.559/26.189",521,0,0
962,7004,23,259,262,262,direct,"commercial tape; raw first pass-through row is picture; dark first band retained; raw three-third displacement L259=0.678,0.595,0.946/L260=1.240,1.831,3.324/L261=4.841,1.758,2.471/L262=0.268,0.607,1.282; peak=L261 margin=1.518; split fraction/run=0.495/45; outer edges=7/662; body=8.0+/-2.0/713.0+/-2.0; switch onset=L260; last complete picture=L259; band bottom=L262",259,286,521,525,525,cv_inspected,"commercial tape; raw first pass-through row is picture; dark first band retained; raw three-third displacement L522=0.926,0.648,0.693/L523=3.706,1.055,1.920/L524=1.205,0.716,1.398/L525=0.833,1.032,2.260; peak=L523 margin=1.446; split fraction/run=0.282/13; outer edges=7/714; body=8.0+/-2.0/713.0+/-2.0; switch onset=L522; last complete picture=L521; band bottom=L525; raw per-unit candidate L522 disagrees; pooled raw-row displacement of the continuous stable lock resolves L521; row Y(mean/std) L285=1.377/0.485 L286=184.030/14.423 L287=181.561/14.383 L521=86.830/16.259 L522=84.402/13.737 L525=50.219/25.239",522,0,0
963,7005,23,259,262,262,direct,"commercial tape; raw first pass-through row is picture; dark first band retained; raw three-third displacement L259=1.093,0.518,0.710/L260=0.770,1.448,2.643/L261=4.565,1.414,2.021/L262=0.285,0.610,1.381; peak=L261 margin=1.923; split fraction/run=0.491/29; outer edges=8/638; body=9.0+/-2.0/713.0+/-2.0; switch onset=L260; last complete picture=L259; band bottom=L262",259,286,521,525,525,cv_inspected,"commercial tape; raw first pass-through row is picture; dark first band retained; raw three-third displacement L522=0.678,0.765,1.247/L523=4.101,2.442,3.251/L524=1.455,1.270,1.055/L525=0.816,0.912,1.869; peak=L523 margin=2.232; split fraction/run=0.103/7; outer edges=7/714; body=8.0+/-2.0/713.0+/-2.0; switch onset=L522; last complete picture=L521; band bottom=L525; raw per-unit candidate L522 disagrees; pooled raw-row displacement of the continuous stable lock resolves L521; row Y(mean/std) L285=1.373/0.484 L286=187.755/14.493 L287=183.398/14.359 L521=83.091/13.263 L522=88.225/16.132 L525=44.859/23.261",522,0,0
964,7006,23,259,262,262,direct,"commercial tape; raw first pass-through row is picture; dark first band retained; raw three-third displacement L259=0.586,0.628,0.864/L260=0.819,1.581,2.675/L261=4.842,1.491,1.935/L262=0.275,0.843,1.512; peak=L261 margin=2.167; split fraction/run=0.565/66; outer edges=7/634; body=8.0+/-2.0/713.0+/-2.0; switch onset=L260; last complete picture=L259; band bottom=L262",259,286,521,525,525,cv_inspected,"commercial tape; raw first pass-through row is picture; dark first band retained; raw three-third displacement L522=0.519,0.606,1.036/L523=3.782,1.411,2.305/L524=1.362,0.998,1.129/L525=0.808,0.896,1.752; peak=L523 margin=2.030; split fraction/run=0.192/19; outer edges=8/714; body=8.0+/-2.0/713.0+/-2.0; switch onset=L522; last complete picture=L521; band bottom=L525; raw per-unit candidate L522 disagrees; pooled raw-row displacement of the continuous stable lock resolves L521; row Y(mean/std) L285=1.364/0.481 L286=181.553/13.880 L287=181.678/14.171 L521=83.989/14.201 L522=86.364/15.612 L525=50.561/24.924",522,0,0
965,7007,23,259,262,262,cv_inspected,"commercial tape; raw first pass-through row is picture; dark first band retained; raw three-third displacement L259=0.429,0.623,0.862/L260=0.565,1.222,3.077/L261=5.404,0.897,2.209/L262=0.245,0.581,1.311; peak=L261 margin=2.328; split fraction/run=0.573/76; outer edges=7/714; body=9.0+/-2.0/713.0+/-2.0; switch onset=L260; last complete picture=L259; band bottom=L262; row Y(mean/std) L22=1.375/0.484 L23=179.094/14.554 L24=177.098/14.392 L259=87.945/13.690 L260=82.495/14.094 L262=51.591/29.735",259,286,521,525,525,cv_inspected,"commercial tape; raw first pass-through row is picture; dark first band retained; raw three-third displacement L522=0.586,0.576,1.146/L523=3.906,1.653,3.070/L524=1.397,1.401,1.144/L525=0.748,0.945,1.921; peak=L523 margin=1.985; split fraction/run=0.146/11; outer edges=7/714; body=8.0+/-2.0/713.0+/-2.0; switch onset=L522; last complete picture=L521; band bottom=L525; raw per-unit candidate L522 disagrees; pooled raw-row displacement of the continuous stable lock resolves L521; row Y(mean/std) L285=1.403/0.491 L286=188.428/14.223 L287=183.636/13.711 L521=86.550/14.520 L522=89.255/16.791 L525=50.248/25.073",522,0,0
966,7008,23,259,262,262,cv_inspected,"commercial tape; raw first pass-through row is picture; dark first band retained; raw three-third displacement L259=0.596,0.709,0.982/L260=0.684,1.447,3.412/L261=5.114,1.156,2.286/L262=0.366,0.734,1.596; peak=L261 margin=1.702; split fraction/run=0.631/79; outer edges=8/714; body=9.0+/-2.0/713.0+/-2.0; switch onset=L260; last complete picture=L259; band bottom=L262; row Y(mean/std) L22=1.381/0.486 L23=187.423/14.013 L24=180.798/14.613 L259=89.225/16.125 L260=84.209/17.605 L262=50.291/29.040",259,286,521,525,525,cv_inspected,"commercial tape; raw first pass-through row is picture; dark first band retained; raw three-third displacement L522=0.538,0.678,1.173/L523=3.750,1.222,2.956/L524=1.607,1.223,1.258/L525=0.810,0.972,1.751; peak=L523 margin=1.999; split fraction/run=0.221/10; outer edges=8/709; body=8.0+/-2.0/713.0+/-2.0; switch onset=L522; last complete picture=L521; band bottom=L525; row Y(mean/std) L285=1.387/0.487 L286=187.080/13.608 L287=184.744/13.688 L521=85.786/14.778 L522=89.041/16.333 L525=51.977/26.224",521,0,0
967,7009,23,259,262,262,cv_inspected,"commercial tape; raw first pass-through row is picture; dark first band retained; raw three-third displacement L259=0.681,0.435,1.319/L260=0.524,1.519,3.024/L261=5.362,1.480,2.888/L262=0.198,0.553,0.907; peak=L261 margin=2.337; split fraction/run=0.463/37; outer edges=9/714; body=8.0+/-2.0/713.0+/-2.0; switch onset=L260; last complete picture=L259; band bottom=L262; raw per-unit candidate L260 disagrees; pooled raw-row displacement of the continuous stable lock resolves L259; row Y(mean/std) L22=1.375/0.484 L23=185.166/14.486 L24=181.711/14.531 L259=88.341/13.695 L260=82.689/20.498 L262=47.284/27.982",260,286,521,525,525,cv_inspected,"commercial tape; raw first pass-through row is picture; dark first band retained; raw three-third displacement L522=0.839,0.540,1.222/L523=4.118,1.014,2.513/L524=1.530,0.839,1.490/L525=0.802,1.172,2.277; peak=L523 margin=1.841; split fraction/run=0.207/12; outer edges=7/714; body=8.0+/-2.0/713.0+/-2.0; switch onset=L522; last complete picture=L521; band bottom=L525; raw per-unit candidate L522 disagrees; pooled raw-row displacement of the continuous stable lock resolves L521; row Y(mean/std) L285=1.361/0.480 L286=181.617/14.278 L287=179.500/14.456 L521=87.117/15.153 L522=90.125/15.863 L525=49.208/25.320",522,0,0
968,7010,23,259,262,262,cv_inspected,"commercial tape; raw first pass-through row is picture; dark first band retained; raw three-third displacement L259=0.635,0.457,0.650/L260=0.766,0.960,2.601/L261=5.311,1.107,2.000/L262=0.239,0.696,1.541; peak=L261 margin=2.709; split fraction/run=0.463/29; outer edges=8/714; body=8.0+/-2.0/713.0+/-2.0; switch onset=L260; last complete picture=L259; band bottom=L262; raw per-unit candidate L260 disagrees; pooled raw-row displacement of the continuous stable lock resolves L259; row Y(mean/std) L22=1.378/0.485 L23=183.722/14.499 L24=179.856/15.081 L259=88.708/15.167 L260=85.009/15.384 L262=52.661/30.852",260,286,521,525,525,cv_inspected,"commercial tape; raw first pass-through row is picture; dark first band retained; raw three-third displacement L522=0.834,0.435,0.874/L523=4.111,1.451,2.092/L524=1.601,1.109,1.176/L525=0.931,1.061,2.175; peak=L523 margin=1.937; split fraction/run=0.117/6; outer edges=7/714; body=8.0+/-2.0/713.0+/-2.0; switch onset=L522; last complete picture=L521; band bottom=L525; raw per-unit candidate L522 disagrees; pooled raw-row displacement of the continuous stable lock resolves L521; row Y(mean/std) L285=1.359/0.480 L286=185.098/14.461 L287=183.869/14.092 L521=89.523/13.757 L522=88.870/17.093 L525=54.503/28.243",522,0,0
969,7011,23,259,262,262,cv_inspected,"commercial tape; raw first pass-through row is picture; dark first band retained; raw three-third displacement L259=0.642,0.499,0.624/L260=0.985,1.203,2.301/L261=6.150,1.674,4.374/L262=0.371,0.432,0.932; peak=L261 margin=3.849; split fraction/run=0.300/25; outer edges=8/714; body=8.0+/-2.0/713.0+/-2.0; switch onset=L260; last complete picture=L259; band bottom=L262; raw per-unit candidate L260 disagrees; pooled raw-row displacement of the continuous stable lock resolves L259; row Y(mean/std) L22=1.370/0.483 L23=188.781/14.676 L24=186.172/14.203 L259=88.487/14.213 L260=88.811/21.669 L262=83.347/45.792",260,286,521,525,525,cv_inspected,"commercial tape; raw first pass-through row is picture; dark first band retained; raw three-third displacement L522=0.563,0.491,0.771/L523=4.088,0.978,2.570/L524=1.804,0.993,1.338/L525=0.889,1.018,1.872; peak=L523 margin=2.216; split fraction/run=0.117/13; outer edges=7/714; body=8.0+/-2.0/713.0+/-2.0; switch onset=L522; last complete picture=L521; band bottom=L525; raw per-unit candidate L522 disagrees; pooled raw-row displacement of the continuous stable lock resolves L521; row Y(mean/std) L285=1.377/0.485 L286=194.555/15.152 L287=187.558/14.567 L521=88.031/14.654 L522=90.025/15.000 L525=53.766/27.161",522,0,0
970,7012,23,259,262,262,cv_inspected,"commercial tape; raw first pass-through row is picture; dark first band retained; raw three-third displacement L259=0.710,0.507,1.150/L260=0.777,1.133,2.683/L261=5.134,1.177,1.820/L262=1.420,0.853,1.315; peak=L261 margin=2.451; split fraction/run=0.435/42; outer edges=7/714; body=8.0+/-2.0/713.0+/-2.0; switch onset=L260; last complete picture=L259; band bottom=L262; raw per-unit candidate L260 disagrees; pooled raw-row displacement of the continuous stable lock resolves L259; row Y(mean/std) L22=1.378/0.485 L23=188.448/15.070 L24=183.586/14.699 L259=88.002/15.263 L260=87.478/18.272 L262=56.377/32.791",260,286,521,525,525,direct,"commercial tape; raw first pass-through row is picture; dark first band retained; raw three-third displacement L522=0.762,0.387,1.374/L523=4.204,0.996,2.517/L524=1.746,1.234,1.946/L525=1.268,0.990,1.861; peak=L523 margin=2.258; split fraction/run=0.224/23; outer edges=7/678; body=8.0+/-2.0/713.0+/-2.0; switch onset=L522; last complete picture=L521; band bottom=L525",521,0,0
971,7013,23,259,262,262,cv_inspected,"commercial tape; raw first pass-through row is picture; dark first band retained; raw three-third displacement L259=0.873,0.444,1.146/L260=0.826,1.085,3.090/L261=5.418,1.217,2.005/L262=0.823,0.549,1.145; peak=L261 margin=2.328; split fraction/run=0.607/47; outer edges=7/714; body=9.0+/-2.0/713.0+/-2.0; switch onset=L260; last complete picture=L259; band bottom=L262; raw per-unit candidate L260 disagrees; pooled raw-row displacement of the continuous stable lock resolves L259; row Y(mean/std) L22=1.384/0.486 L23=188.766/16.223 L24=185.992/15.297 L259=89.764/15.555 L260=90.070/16.548 L262=67.023/38.138",260,286,521,525,525,cv_inspected,"commercial tape; raw first pass-through row is picture; dark first band retained; raw three-third displacement L522=0.674,0.412,1.635/L523=4.189,1.109,3.489/L524=1.864,1.033,1.653/L525=1.218,1.197,2.224; peak=L523 margin=1.964; split fraction/run=0.188/12; outer edges=8/714; body=8.0+/-2.0/713.0+/-2.0; switch onset=L522; last complete picture=L521; band bottom=L525; raw per-unit candidate L522 disagrees; pooled raw-row displacement of the continuous stable lock resolves L521; row Y(mean/std) L285=1.364/0.481 L286=192.786/15.374 L287=188.409/15.535 L521=92.495/15.169 L522=93.787/21.217 L525=55.078/29.515",522,0,0
972,7014,23,259,262,262,cv_inspected,"commercial tape; raw first pass-through row is picture; dark first band retained; raw three-third displacement L259=0.806,0.392,0.907/L260=1.013,1.134,2.724/L261=6.290,1.006,2.404/L262=0.255,0.552,1.316; peak=L261 margin=3.566; split fraction/run=0.432/39; outer edges=7/714; body=9.0+/-2.0/713.0+/-2.0; switch onset=L260; last complete picture=L259; band bottom=L262; raw per-unit candidate L260 disagrees; pooled raw-row displacement of the continuous stable lock resolves L259; row Y(mean/std) L22=1.369/0.482 L23=186.306/15.956 L24=181.481/15.999 L259=90.089/14.443 L260=91.492/19.335 L262=64.933/37.182",260,286,521,525,525,cv_inspected,"commercial tape; raw first pass-through row is picture; dark first band retained; raw three-third displacement L522=0.746,0.552,1.190/L523=4.107,1.133,1.655/L524=1.879,1.070,1.722/L525=1.070,0.861,2.138; peak=L523 margin=1.968; split fraction/run=0.285/29; outer edges=7/714; body=8.0+/-2.0/713.0+/-2.0; switch onset=L522; last complete picture=L521; band bottom=L525; raw per-unit candidate L522 disagrees; pooled raw-row displacement of the continuous stable lock resolves L521; row Y(mean/std) L285=1.364/0.481 L286=193.678/15.630 L287=191.569/15.686 L521=90.781/15.758 L522=88.652/14.640 L525=56.309/30.464",522,0,0
973,7015,23,259,262,262,cv_inspected,"commercial tape; raw first pass-through row is picture; dark first band retained; raw three-third displacement L259=0.696,0.549,1.154/L260=0.931,1.260,2.435/L261=6.152,1.193,2.448/L262=0.319,0.724,1.098; peak=L261 margin=3.717; split fraction/run=0.446/23; outer edges=8/714; body=8.0+/-2.0/713.0+/-2.0; switch onset=L260; last complete picture=L259; band bottom=L262; raw per-unit candidate L260 disagrees; pooled raw-row displacement of the continuous stable lock resolves L259; row Y(mean/std) L22=1.372/0.483 L23=183.875/16.292 L24=181.658/15.738 L259=89.181/14.608 L260=90.270/17.682 L262=69.797/40.314",260,286,521,525,525,cv_inspected,"commercial tape; raw first pass-through row is picture; dark first band retained; raw three-third displacement L522=0.710,0.650,1.045/L523=4.462,1.111,2.407/L524=1.920,1.128,1.730/L525=1.185,1.308,2.144; peak=L523 margin=2.317; split fraction/run=0.225/13; outer edges=7/714; body=8.0+/-2.0/713.0+/-2.0; switch onset=L522; last complete picture=L521; band bottom=L525; raw per-unit candidate L522 disagrees; pooled raw-row displacement of the continuous stable lock resolves L521; row Y(mean/std) L285=1.364/0.481 L286=182.797/15.453 L287=182.081/14.971 L521=89.766/14.077 L522=90.461/16.524 L525=53.428/27.334",522,0,0
974,7016,23,259,262,262,cv_inspected,"commercial tape; raw first pass-through row is picture; dark first band retained; raw three-third displacement L259=0.690,0.583,0.780/L260=1.750,0.976,2.109/L261=6.441,1.076,2.130/L262=0.405,0.595,1.402; peak=L261 margin=4.332; split fraction/run=0.366/26; outer edges=8/714; body=9.0+/-2.0/713.0+/-2.0; switch onset=L260; last complete picture=L259; band bottom=L262; raw per-unit candidate L260 disagrees; pooled raw-row displacement of the continuous stable lock resolves L259; row Y(mean/std) L22=1.375/0.484 L23=184.097/15.688 L24=180.200/15.441 L259=88.925/15.372 L260=93.175/20.631 L262=62.486/35.390",260,286,521,525,525,cv_inspected,"commercial tape; raw first pass-through row is picture; dark first band retained; raw three-third displacement L522=0.936,0.695,1.230/L523=4.376,1.129,4.599/L524=2.062,1.473,2.527/L525=0.854,0.963,2.117; peak=L523 margin=2.073; split fraction/run=0.230/16; outer edges=8/714; body=8.0+/-2.0/713.0+/-2.0; switch onset=L522; last complete picture=L521; band bottom=L525; raw per-unit candidate L522 disagrees; pooled raw-row displacement of the continuous stable lock resolves L521; row Y(mean/std) L285=1.356/0.479 L286=191.934/14.438 L287=190.653/14.039 L521=87.869/15.835 L522=92.622/19.913 L525=50.155/26.674",522,0,0
975,7017,23,259,262,262,cv_inspected,"commercial tape; raw first pass-through row is picture; dark first band retained; raw three-third displacement L259=0.932,0.547,0.595/L260=1.345,0.881,2.308/L261=5.704,1.091,2.546/L262=0.210,0.560,1.422; peak=L261 margin=3.396; split fraction/run=0.355/26; outer edges=8/714; body=9.0+/-2.0/713.0+/-2.0; switch onset=L260; last complete picture=L259; band bottom=L262; raw per-unit candidate L260 disagrees; pooled raw-row displacement of the continuous stable lock resolves L259; row Y(mean/std) L22=1.392/0.488 L23=186.383/14.597 L24=182.645/14.497 L259=86.491/15.257 L260=87.438/20.510 L262=64.775/37.379",260,286,521,525,525,cv_inspected,"commercial tape; raw first pass-through row is picture; dark first band retained; raw three-third displacement L522=1.014,0.666,0.788/L523=4.489,1.079,3.083/L524=1.737,1.160,2.604/L525=0.894,0.966,2.112; peak=L523 margin=1.885; split fraction/run=0.225/10; outer edges=8/714; body=8.0+/-2.0/713.0+/-2.0; switch onset=L522; last complete picture=L521; band bottom=L525; raw per-unit candidate L522 disagrees; pooled raw-row displacement of the continuous stable lock resolves L521; row Y(mean/std) L285=1.389/0.488 L286=191.739/14.294 L287=188.406/14.332 L521=87.402/15.283 L522=87.878/18.771 L525=57.500/29.891",522,0,0
976,7018,23,259,262,262,cv_inspected,"commercial tape; raw first pass-through row is picture; dark first band retained; raw three-third displacement L259=0.679,0.553,0.801/L260=1.625,1.027,2.715/L261=6.548,1.606,4.173/L262=0.413,0.515,1.397; peak=L261 margin=3.833; split fraction/run=0.291/31; outer edges=8/714; body=9.0+/-2.0/713.0+/-2.0; switch onset=L260; last complete picture=L259; band bottom=L262; raw per-unit candidate L260 disagrees; pooled raw-row displacement of the continuous stable lock resolves L259; row Y(mean/std) L22=1.363/0.481 L23=190.611/14.810 L24=183.528/14.531 L259=86.541/15.020 L260=89.491/22.955 L262=75.633/43.682",260,286,521,525,525,direct,"commercial tape; raw first pass-through row is picture; dark first band retained; raw three-third displacement L522=0.912,0.599,1.488/L523=4.260,1.160,2.104/L524=1.725,1.178,1.483/L525=0.926,1.034,1.763; peak=L523 margin=2.497; split fraction/run=0.220/22; outer edges=7/656; body=8.0+/-2.0/713.0+/-2.0; switch onset=L522; last complete picture=L521; band bottom=L525",521,0,0
977,7019,23,259,262,262,cv_inspected,"commercial tape; raw first pass-through row is picture; dark first band retained; raw three-third displacement L259=0.588,0.582,0.734/L260=1.343,0.975,2.437/L261=5.366,1.017,2.096/L262=0.247,0.714,1.668; peak=L261 margin=2.929; split fraction/run=0.460/32; outer edges=8/714; body=8.0+/-2.0/713.0+/-2.0; switch onset=L260; last complete picture=L259; band bottom=L262; raw per-unit candidate L260 disagrees; pooled raw-row displacement of the continuous stable lock resolves L259; row Y(mean/std) L22=1.383/0.486 L23=180.655/15.241 L24=180.233/14.521 L259=86.030/15.111 L260=83.781/18.746 L262=51.473/29.334",260,286,521,525,525,direct,"commercial tape; raw first pass-through row is picture; dark first band retained; raw three-third displacement L522=0.895,0.551,1.434/L523=4.543,1.517,2.209/L524=1.729,1.030,1.491/L525=0.960,1.055,2.004; peak=L523 margin=2.539; split fraction/run=0.159/18; outer edges=8/660; body=8.0+/-2.0/713.0+/-2.0; switch onset=L522; last complete picture=L521; band bottom=L525",521,0,0
978,7020,23,259,262,262,cv_inspected,"commercial tape; raw first pass-through row is picture; dark first band retained; raw three-third displacement L259=0.685,0.574,0.653/L260=1.369,1.076,2.300/L261=5.385,1.063,1.824/L262=0.271,0.480,1.356; peak=L261 margin=3.085; split fraction/run=0.495/23; outer edges=8/714; body=9.0+/-2.0/713.0+/-2.0; switch onset=L260; last complete picture=L259; band bottom=L262; raw per-unit candidate L260 disagrees; pooled raw-row displacement of the continuous stable lock resolves L259; row Y(mean/std) L22=1.386/0.487 L23=179.423/15.171 L24=177.375/14.831 L259=87.509/15.646 L260=84.119/19.228 L262=52.959/29.612",260,286,521,525,525,direct,"commercial tape; raw first pass-through row is picture; dark first band retained; raw three-third displacement L522=0.601,0.594,1.576/L523=4.211,1.311,2.076/L524=1.779,0.732,1.223/L525=0.797,1.048,1.876; peak=L523 margin=2.334; split fraction/run=0.229/28; outer edges=7/651; body=8.0+/-2.0/713.0+/-2.0; switch onset=L522; last complete picture=L521; band bottom=L525",521,0,0
979,7021,23,259,262,262,cv_inspected,"commercial tape; raw first pass-through row is picture; dark first band retained; raw three-third displacement L259=0.825,0.597,0.639/L260=1.089,1.233,2.734/L261=5.597,1.207,2.258/L262=0.426,0.454,0.896; peak=L261 margin=2.863; split fraction/run=0.495/43; outer edges=9/714; body=9.0+/-2.0/713.0+/-2.0; switch onset=L260; last complete picture=L259; band bottom=L262; raw per-unit candidate L260 disagrees; pooled raw-row displacement of the continuous stable lock resolves L259; row Y(mean/std) L22=1.381/0.486 L23=186.700/15.127 L24=184.253/14.501 L259=89.770/15.762 L260=84.942/17.461 L262=54.119/30.350",260,286,521,525,525,cv_inspected,"commercial tape; raw first pass-through row is picture; dark first band retained; raw three-third displacement L522=0.720,0.547,1.131/L523=4.543,1.179,1.549/L524=2.059,0.692,1.071/L525=1.135,0.984,1.609; peak=L523 margin=2.484; split fraction/run=0.202/14; outer edges=8/714; body=8.0+/-2.0/713.0+/-2.0; switch onset=L522; last complete picture=L521; band bottom=L525; raw per-unit candidate L522 disagrees; pooled raw-row displacement of the continuous stable lock resolves L521; row Y(mean/std) L285=1.372/0.483 L286=189.980/15.110 L287=184.642/14.713 L521=89.225/14.422 L522=88.784/16.047 L525=58.539/29.164",522,0,0
980,7022,23,259,262,262,cv_inspected,"commercial tape; raw first pass-through row is picture; dark first band retained; raw three-third displacement L259=0.812,0.559,0.886/L260=1.001,1.178,2.404/L261=5.674,1.210,1.696/L262=0.426,0.470,0.897; peak=L261 margin=3.269; split fraction/run=0.486/41; outer edges=8/714; body=9.0+/-2.0/713.0+/-2.0; switch onset=L260; last complete picture=L259; band bottom=L262; raw per-unit candidate L260 disagrees; pooled raw-row displacement of the continuous stable lock resolves L259; row Y(mean/std) L22=1.406/0.491 L23=189.328/15.618 L24=183.564/14.992 L259=89.397/14.666 L260=86.666/18.704 L262=58.275/32.573",260,286,521,525,525,direct,"commercial tape; raw first pass-through row is picture; dark first band retained; raw three-third displacement L522=0.880,0.506,1.289/L523=4.324,1.231,1.741/L524=1.845,0.811,1.009/L525=1.144,1.069,1.708; peak=L523 margin=2.479; split fraction/run=0.206/18; outer edges=8/658; body=8.0+/-2.0/713.0+/-2.0; switch onset=L522; last complete picture=L521; band bottom=L525",521,0,0
981,7023,23,259,262,262,direct,"commercial tape; raw first pass-through row is picture; dark first band retained; raw three-third displacement L259=0.778,0.657,1.219/L260=0.961,1.324,4.012/L261=5.919,1.501,2.994/L262=0.234,0.515,0.961; peak=L261 margin=1.907; split fraction/run=0.505/50; outer edges=8/639; body=9.0+/-2.0/713.0+/-2.0; switch onset=L260; last complete picture=L259; band bottom=L262",259,286,521,525,525,cv_inspected,"commercial tape; raw first pass-through row is picture; dark first band retained; raw three-third displacement L522=0.788,0.619,1.302/L523=4.183,1.315,1.886/L524=1.854,0.760,1.099/L525=1.351,0.966,2.112; peak=L523 margin=2.070; split fraction/run=0.329/21; outer edges=8/714; body=8.0+/-2.0/713.0+/-2.0; switch onset=L522; last complete picture=L521; band bottom=L525; raw per-unit candidate L522 disagrees; pooled raw-row displacement of the continuous stable lock resolves L521; row Y(mean/std) L285=1.350/0.477 L286=189.175/15.594 L287=185.902/14.964 L521=89.425/14.732 L522=86.866/16.204 L525=59.483/29.541",522,0,0
982,7024,23,259,262,262,direct,"commercial tape; raw first pass-through row is picture; dark first band retained; raw three-third displacement L259=0.782,0.498,1.065/L260=1.258,1.238,3.881/L261=5.662,1.342,2.827/L262=0.269,0.423,0.994; peak=L261 margin=1.781; split fraction/run=0.491/80; outer edges=8/648; body=9.0+/-2.0/713.0+/-2.0; switch onset=L260; last complete picture=L259; band bottom=L262",259,286,521,525,525,cv_inspected,"commercial tape; raw first pass-through row is picture; dark first band retained; raw three-third displacement L522=0.534,0.427,1.542/L523=4.354,1.318,2.614/L524=1.764,0.529,1.170/L525=1.282,0.960,2.007; peak=L523 margin=2.346; split fraction/run=0.188/26; outer edges=7/714; body=8.0+/-2.0/713.0+/-2.0; switch onset=L522; last complete picture=L521; band bottom=L525; raw per-unit candidate L522 disagrees; pooled raw-row displacement of the continuous stable lock resolves L521; row Y(mean/std) L285=1.391/0.488 L286=185.330/15.457 L287=185.194/14.987 L521=94.269/13.619 L522=94.159/19.250 L525=55.969/26.738",522,0,0
983,7025,23,259,262,262,direct,"commercial tape; raw first pass-through row is picture; dark first band retained; raw three-third displacement L259=0.603,0.389,1.123/L260=0.991,1.159,3.256/L261=5.181,1.077,1.812/L262=0.460,0.540,1.125; peak=L261 margin=1.926; split fraction/run=0.547/87; outer edges=8/675; body=9.0+/-2.0/713.0+/-2.0; switch onset=L260; last complete picture=L259; band bottom=L262",259,286,521,525,525,cv_inspected,"commercial tape; raw first pass-through row is picture; dark first band retained; raw three-third displacement L522=0.827,0.505,0.865/L523=4.413,1.884,3.335/L524=1.693,0.661,0.758/L525=1.196,0.997,1.755; peak=L523 margin=2.658; split fraction/run=0.202/10; outer edges=7/714; body=9.0+/-2.0/713.0+/-2.0; switch onset=L522; last complete picture=L521; band bottom=L525; raw per-unit candidate L522 disagrees; pooled raw-row displacement of the continuous stable lock resolves L521; row Y(mean/std) L285=1.364/0.481 L286=183.019/15.568 L287=181.523/15.725 L521=90.736/14.418 L522=92.062/14.537 L525=49.703/25.211",522,0,0
984,7026,23,259,262,262,cv_inspected,"commercial tape; raw first pass-through row is picture; dark first band retained; raw three-third displacement L259=0.578,0.431,0.981/L260=0.907,1.203,4.268/L261=4.857,0.855,1.938/L262=0.238,0.498,1.047; peak=L261 margin=0.589; split fraction/run=0.659/55; outer edges=8/651; body=9.0+/-2.0/713.0+/-2.0; switch onset=L260; last complete picture=L259; band bottom=L262; row Y(mean/std) L22=1.363/0.481 L23=185.339/16.107 L24=181.919/16.286 L259=93.036/14.437 L260=79.828/18.118 L262=52.719/29.349",259,286,521,525,525,cv_inspected,"commercial tape; raw first pass-through row is picture; dark first band retained; raw three-third displacement L522=0.532,0.405,0.910/L523=4.714,1.358,3.667/L524=1.825,0.569,0.839/L525=0.911,1.060,1.822; peak=L523 margin=2.889; split fraction/run=0.117/7; outer edges=7/714; body=9.0+/-2.0/713.0+/-2.0; switch onset=L522; last complete picture=L521; band bottom=L525; raw per-unit candidate L522 disagrees; pooled raw-row displacement of the continuous stable lock resolves L521; row Y(mean/std) L285=1.359/0.480 L286=183.355/15.909 L287=182.145/15.953 L521=92.472/14.458 L522=93.750/15.135 L525=52.059/25.781",522,0,0
985,7027,23,259,262,262,direct,"commercial tape; raw first pass-through row is picture; dark first band retained; raw three-third displacement L259=0.504,0.400,0.791/L260=1.107,1.124,3.837/L261=4.951,1.009,2.053/L262=0.266,0.594,0.845; peak=L261 margin=1.114; split fraction/run=0.621/89; outer edges=7/662; body=8.0+/-2.0/713.0+/-2.0; switch onset=L260; last complete picture=L259; band bottom=L262",259,286,521,525,525,cv_inspected,"commercial tape; raw first pass-through row is picture; dark first band retained; raw three-third displacement L522=0.626,0.571,0.854/L523=4.114,1.448,2.284/L524=1.420,1.010,0.975/L525=0.900,1.080,1.534; peak=L523 margin=2.580; split fraction/run=0.169/7; outer edges=7/714; body=8.0+/-2.0/713.0+/-2.0; switch onset=L522; last complete picture=L521; band bottom=L525; raw per-unit candidate L522 disagrees; pooled raw-row displacement of the continuous stable lock resolves L521; row Y(mean/std) L285=1.363/0.481 L286=184.869/16.857 L287=182.591/16.265 L521=89.598/12.294 L522=93.817/15.389 L525=58.553/28.288",522,0,0
986,7028,23,259,262,262,direct,"commercial tape; raw first pass-through row is picture; dark first band retained; raw three-third displacement L259=0.528,0.387,1.098/L260=0.655,1.007,2.693/L261=5.135,1.046,1.779/L262=0.265,0.616,1.092; peak=L261 margin=2.442; split fraction/run=0.523/53; outer edges=8/700; body=8.0+/-2.0/713.0+/-2.0; switch onset=L260; last complete picture=L259; band bottom=L262",259,286,521,525,525,cv_inspected,"commercial tape; raw first pass-through row is picture; dark first band retained; raw three-third displacement L522=0.582,0.382,1.428/L523=4.248,1.759,2.751/L524=1.540,1.435,1.183/L525=0.947,0.975,1.633; peak=L523 margin=2.615; split fraction/run=0.150/9; outer edges=8/714; body=8.0+/-2.0/713.0+/-2.0; switch onset=L522; last complete picture=L521; band bottom=L525; raw per-unit candidate L522 disagrees; pooled raw-row displacement of the continuous stable lock resolves L521; row Y(mean/std) L285=1.367/0.482 L286=181.344/17.395 L287=182.617/16.663 L521=91.227/12.915 L522=91.689/19.408 L525=51.788/25.403",522,0,0
987,7029,23,259,262,262,cv_inspected,"commercial tape; raw first pass-through row is picture; dark first band retained; raw three-third displacement L259=0.503,0.339,1.061/L260=0.741,0.950,2.225/L261=5.229,1.039,1.492/L262=0.330,0.559,1.128; peak=L261 margin=3.004; split fraction/run=0.514/67; outer edges=7/714; body=8.0+/-2.0/713.0+/-2.0; switch onset=L260; last complete picture=L259; band bottom=L262; row Y(mean/std) L22=1.369/0.482 L23=190.641/16.997 L24=187.694/16.511 L259=89.800/13.194 L260=83.030/15.435 L262=51.705/29.279",259,286,521,525,525,cv_inspected,"commercial tape; raw first pass-through row is picture; dark first band retained; raw three-third displacement L522=0.695,0.465,1.637/L523=4.446,1.278,2.813/L524=1.695,0.738,1.155/L525=1.015,1.021,1.582; peak=L523 margin=2.750; split fraction/run=0.169/10; outer edges=8/714; body=8.0+/-2.0/713.0+/-2.0; switch onset=L522; last complete picture=L521; band bottom=L525; raw per-unit candidate L522 disagrees; pooled raw-row displacement of the continuous stable lock resolves L521; row Y(mean/std) L285=1.387/0.487 L286=183.303/17.335 L287=181.608/16.948 L521=88.694/13.023 L522=94.573/17.923 L525=53.883/26.715",522,0,0
988,7030,23,259,262,262,cv_inspected,"commercial tape; raw first pass-through row is picture; dark first band retained; raw three-third displacement L259=0.575,0.393,1.466/L260=0.710,1.078,2.630/L261=4.892,1.105,1.416/L262=0.349,0.757,1.425; peak=L261 margin=2.262; split fraction/run=0.589/73; outer edges=7/714; body=9.0+/-2.0/713.0+/-2.0; switch onset=L260; last complete picture=L259; band bottom=L262; row Y(mean/std) L22=1.380/0.485 L23=193.275/16.720 L24=187.412/16.972 L259=92.095/14.549 L260=84.122/14.469 L262=52.102/29.238",259,286,521,525,525,direct,"commercial tape; raw first pass-through row is picture; dark first band retained; raw three-third displacement L522=0.597,0.530,1.843/L523=4.002,1.502,2.981/L524=1.542,0.872,1.242/L525=1.035,0.926,1.894; peak=L523 margin=2.107; split fraction/run=0.201/15; outer edges=7/663; body=8.0+/-2.0/713.0+/-2.0; switch onset=L522; last complete picture=L521; band bottom=L525",521,0,0
989,7031,23,259,262,262,cv_inspected,"commercial tape; raw first pass-through row is picture; dark first band retained; raw three-third displacement L259=0.585,0.415,1.276/L260=1.069,1.155,2.513/L261=5.301,1.144,1.705/L262=0.256,0.669,1.202; peak=L261 margin=2.789; split fraction/run=0.547/55; outer edges=7/714; body=9.0+/-2.0/713.0+/-2.0; switch onset=L260; last complete picture=L259; band bottom=L262; raw per-unit candidate L260 disagrees; pooled raw-row displacement of the continuous stable lock resolves L259; row Y(mean/std) L22=1.373/0.484 L23=187.247/17.464 L24=186.050/17.076 L259=90.298/13.942 L260=84.109/18.334 L262=52.128/29.662",260,286,521,525,525,cv_inspected,"commercial tape; raw first pass-through row is picture; dark first band retained; raw three-third displacement L522=0.599,0.413,1.725/L523=4.245,1.595,2.928/L524=1.687,1.026,1.342/L525=0.978,0.964,1.835; peak=L523 margin=2.410; split fraction/run=0.127/8; outer edges=7/714; body=8.0+/-2.0/713.0+/-2.0; switch onset=L522; last complete picture=L521; band bottom=L525; raw per-unit candidate L522 disagrees; pooled raw-row displacement of the continuous stable lock resolves L521; row Y(mean/std) L285=1.403/0.491 L286=191.658/17.239 L287=187.125/16.634 L521=88.025/13.775 L522=93.367/17.148 L525=51.897/26.159",522,0,0
990,7032,23,259,262,262,cv_inspected,"commercial tape; raw first pass-through row is picture; dark first band retained; raw three-third displacement L259=0.501,0.474,1.176/L260=0.814,0.995,2.208/L261=5.286,1.002,1.340/L262=0.350,0.680,1.296; peak=L261 margin=3.077; split fraction/run=0.593/58; outer edges=7/714; body=9.0+/-2.0/713.0+/-2.0; switch onset=L260; last complete picture=L259; band bottom=L262; raw per-unit candidate L260 disagrees; pooled raw-row displacement of the continuous stable lock resolves L259; row Y(mean/std) L22=1.392/0.488 L23=192.795/16.672 L24=186.230/17.119 L259=91.883/14.050 L260=83.591/14.570 L262=55.373/31.369",260,286,521,525,525,direct,"commercial tape; raw first pass-through row is picture; dark first band retained; raw three-third displacement L522=0.634,0.518,1.248/L523=4.166,2.159,3.335/L524=1.900,1.254,0.892/L525=0.843,0.883,1.595; peak=L523 margin=2.266; split fraction/run=0.113/7; outer edges=6/675; body=8.0+/-2.0/713.0+/-2.0; switch onset=L522; last complete picture=L521; band bottom=L525",521,0,0
991,7033,23,259,262,262,cv_inspected,"commercial tape; raw first pass-through row is picture; dark first band retained; raw three-third displacement L259=0.557,0.570,0.956/L260=1.069,1.124,2.257/L261=5.141,1.037,1.598/L262=0.190,0.599,1.108; peak=L261 margin=2.884; split fraction/run=0.537/44; outer edges=7/714; body=9.0+/-2.0/713.0+/-2.0; switch onset=L260; last complete picture=L259; band bottom=L262; raw per-unit candidate L260 disagrees; pooled raw-row displacement of the continuous stable lock resolves L259; row Y(mean/std) L22=1.367/0.482 L23=193.692/17.181 L24=190.844/16.377 L259=90.170/14.829 L260=83.167/17.046 L262=55.220/31.153",260,286,521,525,525,direct,"commercial tape; raw first pass-through row is picture; dark first band retained; raw three-third displacement L522=0.648,0.567,1.317/L523=4.363,2.084,3.495/L524=1.979,1.237,0.793/L525=0.902,0.922,1.720; peak=L523 margin=2.383; split fraction/run=0.136/15; outer edges=7/683; body=8.0+/-2.0/713.0+/-2.0; switch onset=L522; last complete picture=L521; band bottom=L525",521,0,0
992,7034,23,259,262,262,cv_inspected,"commercial tape; raw first pass-through row is picture; dark first band retained; raw three-third displacement L259=0.565,0.602,1.223/L260=0.846,1.197,2.350/L261=5.155,1.153,1.707/L262=0.228,0.788,1.845; peak=L261 margin=2.805; split fraction/run=0.561/41; outer edges=7/714; body=8.0+/-2.0/713.0+/-2.0; switch onset=L260; last complete picture=L259; band bottom=L262; raw per-unit candidate L260 disagrees; pooled raw-row displacement of the continuous stable lock resolves L259; row Y(mean/std) L22=1.377/0.485 L23=191.709/17.038 L24=187.742/17.720 L259=90.175/16.171 L260=83.858/15.806 L262=53.516/31.024",260,286,521,525,525,direct,"commercial tape; raw first pass-through row is picture; dark first band retained; raw three-third displacement L522=0.565,0.465,1.125/L523=4.219,1.622,2.299/L524=1.897,1.131,1.211/L525=0.904,1.006,1.572; peak=L523 margin=2.322; split fraction/run=0.155/12; outer edges=7/675; body=8.0+/-2.0/713.0+/-2.0; switch onset=L522; last complete picture=L521; band bottom=L525",521,0,0
993,7035,23,259,262,262,cv_inspected,"commercial tape; raw first pass-through row is picture; dark first band retained; raw three-third displacement L259=0.424,0.511,1.107/L260=0.767,1.100,2.326/L261=5.604,1.119,1.537/L262=0.220,0.671,0.907; peak=L261 margin=3.278; split fraction/run=0.584/59; outer edges=7/714; body=9.0+/-2.0/713.0+/-2.0; switch onset=L260; last complete picture=L259; band bottom=L262; raw per-unit candidate L260 disagrees; pooled raw-row displacement of the continuous stable lock resolves L259; row Y(mean/std) L22=1.387/0.487 L23=189.553/16.996 L24=186.759/17.266 L259=92.656/14.435 L260=86.439/16.214 L262=57.372/33.008",260,286,521,525,525,cv_inspected,"commercial tape; raw first pass-through row is picture; dark first band retained; raw three-third displacement L522=0.592,0.511,1.430/L523=4.364,2.002,3.046/L524=1.986,1.508,0.715/L525=1.013,1.094,1.581; peak=L523 margin=2.378; split fraction/run=0.113/13; outer edges=8/714; body=8.0+/-2.0/713.0+/-2.0; switch onset=L522; last complete picture=L521; band bottom=L525; raw per-unit candidate L522 disagrees; pooled raw-row displacement of the continuous stable lock resolves L521; row Y(mean/std) L285=1.352/0.477 L286=184.841/16.638 L287=182.787/16.642 L521=88.611/13.908 L522=93.872/20.304 L525=52.427/27.373",522,0,0
994,7036,23,259,262,262,cv_inspected,"commercial tape; raw first pass-through row is picture; dark first band retained; raw three-third displacement L259=0.618,0.383,0.711/L260=0.983,0.857,1.906/L261=5.992,1.071,1.797/L262=0.272,0.589,0.991; peak=L261 margin=4.086; split fraction/run=0.421/54; outer edges=9/714; body=8.0+/-2.0/713.0+/-2.0; switch onset=L260; last complete picture=L259; band bottom=L262; raw per-unit candidate L260 disagrees; pooled raw-row displacement of the continuous stable lock resolves L259; row Y(mean/std) L22=1.380/0.485 L23=191.645/16.355 L24=186.441/17.539 L259=90.286/13.548 L260=84.291/18.714 L262=57.709/33.693",260,286,521,525,525,cv_inspected,"commercial tape; raw first pass-through row is picture; dark first band retained; raw three-third displacement L522=0.481,0.581,1.916/L523=4.108,1.463,3.254/L524=1.874,0.990,1.210/L525=0.960,1.030,1.463; peak=L523 margin=2.192; split fraction/run=0.150/8; outer edges=6/714; body=8.0+/-2.0/713.0+/-2.0; switch onset=L522; last complete picture=L521; band bottom=L525; raw per-unit candidate L522 disagrees; pooled raw-row displacement of the continuous stable lock resolves L521; row Y(mean/std) L285=1.364/0.481 L286=190.578/16.464 L287=188.100/16.051 L521=89.020/13.614 L522=93.706/22.666 L525=55.808/28.564",522,0,0
995,7037,23,259,262,262,cv_inspected,"commercial tape; raw first pass-through row is picture; dark first band retained; raw three-third displacement L259=0.471,0.378,0.909/L260=1.135,1.052,2.242/L261=5.632,1.099,1.994/L262=0.198,0.576,1.177; peak=L261 margin=3.390; split fraction/run=0.444/59; outer edges=8/714; body=9.0+/-2.0/713.0+/-2.0; switch onset=L260; last complete picture=L259; band bottom=L262; raw per-unit candidate L260 disagrees; pooled raw-row displacement of the continuous stable lock resolves L259; row Y(mean/std) L22=1.381/0.486 L23=185.666/16.564 L24=184.561/16.023 L259=89.980/12.392 L260=82.348/16.920 L262=56.336/32.602",260,286,521,525,525,cv_inspected,"commercial tape; raw first pass-through row is picture; dark first band retained; raw three-third displacement L522=0.729,0.546,1.418/L523=3.948,1.968,3.735/L524=1.725,1.369,0.626/L525=0.862,0.988,1.796; peak=L523 margin=2.152; split fraction/run=0.207/25; outer edges=7/714; body=8.0+/-2.0/713.0+/-2.0; switch onset=L522; last complete picture=L521; band bottom=L525; raw per-unit candidate L522 disagrees; pooled raw-row displacement of the continuous stable lock resolves L521; row Y(mean/std) L285=1.369/0.482 L286=178.497/16.413 L287=176.967/16.070 L521=88.205/12.961 L522=93.689/17.827 L525=49.933/26.012",522,0,0
996,7038,23,259,262,262,cv_inspected,"commercial tape; raw first pass-through row is picture; dark first band retained; raw three-third displacement L259=0.431,0.427,1.187/L260=0.951,1.163,3.116/L261=5.547,1.177,2.474/L262=0.272,0.514,1.058; peak=L261 margin=2.430; split fraction/run=0.463/58; outer edges=8/714; body=9.0+/-2.0/713.0+/-2.0; switch onset=L260; last complete picture=L259; band bottom=L262; raw per-unit candidate L260 disagrees; pooled raw-row displacement of the continuous stable lock resolves L259; row Y(mean/std) L22=1.383/0.486 L23=186.814/16.100 L24=182.827/16.079 L259=93.027/15.944 L260=84.459/17.241 L262=50.419/29.595",260,286,521,525,525,direct,"commercial tape; raw first pass-through row is picture; dark first band retained; raw three-third displacement L522=0.693,0.658,0.925/L523=3.861,1.996,2.864/L524=1.843,1.338,0.822/L525=0.835,1.068,1.711; peak=L523 margin=2.018; split fraction/run=0.235/23; outer edges=8/673; body=8.0+/-2.0/713.0+/-2.0; switch onset=L522; last complete picture=L521; band bottom=L525",521,0,0
997,7039,23,259,262,262,cv_inspected,"commercial tape; raw first pass-through row is picture; dark first band retained; raw three-third displacement L259=0.806,0.619,0.837/L260=1.388,1.282,2.768/L261=5.985,1.538,2.585/L262=0.287,0.530,0.845; peak=L261 margin=3.217; split fraction/run=0.421/53; outer edges=7/714; body=8.0+/-2.0/713.0+/-2.0; switch onset=L260; last complete picture=L259; band bottom=L262; raw per-unit candidate L260 disagrees; pooled raw-row displacement of the continuous stable lock resolves L259; row Y(mean/std) L22=1.377/0.485 L23=187.137/15.707 L24=184.283/15.457 L259=89.463/14.836 L260=89.789/22.212 L262=49.964/28.025",260,286,521,525,525,direct,"commercial tape; raw first pass-through row is picture; dark first band retained; raw three-third displacement L522=0.887,0.595,1.336/L523=4.328,1.154,2.311/L524=1.587,0.733,1.082/L525=0.886,1.175,1.955; peak=L523 margin=2.373; split fraction/run=0.225/16; outer edges=8/671; body=8.0+/-2.0/713.0+/-2.0; switch onset=L522; last complete picture=L521; band bottom=L525",521,0,0
998,7040,23,259,262,262,cv_inspected,"commercial tape; raw first pass-through row is picture; dark first band retained; raw three-third displacement L259=0.946,0.525,1.253/L260=1.040,0.978,2.268/L261=5.222,1.428,2.650/L262=0.235,0.459,1.169; peak=L261 margin=2.955; split fraction/run=0.318/34; outer edges=8/714; body=8.0+/-2.0/713.0+/-2.0; switch onset=L260; last complete picture=L259; band bottom=L262; raw per-unit candidate L260 disagrees; pooled raw-row displacement of the continuous stable lock resolves L259; row Y(mean/std) L22=1.381/0.486 L23=186.906/15.055 L24=183.056/15.471 L259=88.428/15.935 L260=82.492/14.831 L262=45.481/26.081",260,286,521,525,525,cv_inspected,"commercial tape; raw first pass-through row is picture; dark first band retained; raw three-third displacement L522=0.817,0.640,0.780/L523=4.280,1.210,2.113/L524=1.635,0.629,1.013/L525=1.004,1.087,1.780; peak=L523 margin=2.501; split fraction/run=0.197/15; outer edges=7/714; body=8.0+/-2.0/713.0+/-2.0; switch onset=L522; last complete picture=L521; band bottom=L525; raw per-unit candidate L522 disagrees; pooled raw-row displacement of the continuous stable lock resolves L521; row Y(mean/std) L285=1.347/0.476 L286=183.316/14.537 L287=180.613/14.706 L521=87.198/15.887 L522=87.302/15.540 L525=59.489/29.560",522,0,0
999,7041,23,259,262,262,direct,"commercial tape; raw first pass-through row is picture; dark first band retained; raw three-third displacement L259=1.004,0.421,1.193/L260=1.557,1.031,2.938/L261=5.671,1.503,2.707/L262=0.241,0.557,1.283; peak=L261 margin=2.733; split fraction/run=0.523/39; outer edges=7/677; body=8.0+/-2.0/713.0+/-2.0; switch onset=L260; last complete picture=L259; band bottom=L262",259,286,521,525,525,direct,"commercial tape; raw first pass-through row is picture; dark first band retained; raw three-third displacement L522=0.732,0.597,0.737/L523=4.456,1.529,2.240/L524=1.843,0.944,1.145/L525=0.958,0.965,1.959; peak=L523 margin=2.497; split fraction/run=0.174/8; outer edges=7/679; body=8.0+/-2.0/713.0+/-2.0; switch onset=L522; last complete picture=L521; band bottom=L525",521,0,0
1000,7042,23,259,262,262,direct,"commercial tape; raw first pass-through row is picture; dark first band retained; raw three-third displacement L259=0.649,0.609,0.905/L260=1.041,1.113,3.738/L261=5.028,1.177,3.057/L262=0.202,0.429,1.093; peak=L261 margin=1.290; split fraction/run=0.528/25; outer edges=7/640; body=9.0+/-2.0/713.0+/-2.0; switch onset=L260; last complete picture=L259; band bottom=L262",259,286,521,525,525,direct,"commercial tape; raw first pass-through row is picture; dark first band retained; raw three-third displacement L522=0.932,0.572,0.946/L523=4.323,0.964,1.849/L524=1.504,0.457,1.277/L525=1.049,0.885,2.058; peak=L523 margin=2.265; split fraction/run=0.268/16; outer edges=8/682; body=8.0+/-2.0/713.0+/-2.0; switch onset=L522; last complete picture=L521; band bottom=L525",521,0,0
1001,7043,23,259,262,262,direct,"commercial tape; raw first pass-through row is picture; dark first band retained; raw three-third displacement L259=0.839,0.533,0.575/L260=0.808,1.624,3.337/L261=5.264,2.028,2.705/L262=0.278,0.449,0.901; peak=L261 margin=1.927; split fraction/run=0.444/68; outer edges=8/626; body=9.0+/-2.0/713.0+/-2.0; switch onset=L260; last complete picture=L259; band bottom=L262",259,286,521,525,525,cv_inspected,"commercial tape; raw first pass-through row is picture; dark first band retained; raw three-third displacement L522=0.661,0.619,1.150/L523=4.410,1.221,2.206/L524=1.129,0.398,1.048/L525=0.974,0.777,1.699; peak=L523 margin=2.711; split fraction/run=0.206/13; outer edges=8/707; body=8.0+/-2.0/713.0+/-2.0; switch onset=L522; last complete picture=L521; band bottom=L525; row Y(mean/std) L285=1.378/0.485 L286=184.773/14.543 L287=181.431/14.132 L521=81.752/12.784 L522=86.030/14.959 L525=52.436/26.803",521,0,0
1002,7044,23,259,262,262,direct,"commercial tape; raw first pass-through row is picture; dark first band retained; raw three-third displacement L259=0.533,0.576,1.455/L260=0.682,1.494,3.622/L261=5.156,1.427,2.445/L262=0.327,0.521,1.261; peak=L261 margin=1.534; split fraction/run=0.584/42; outer edges=7/600; body=9.0+/-2.0/713.0+/-2.0; switch onset=L260; last complete picture=L259; band bottom=L262",259,286,521,525,525,cv_inspected,"commercial tape; raw first pass-through row is picture; dark first band retained; raw three-third displacement L522=0.618,0.500,1.063/L523=4.250,1.205,2.808/L524=1.352,0.568,1.284/L525=0.938,0.749,1.628; peak=L523 margin=2.621; split fraction/run=0.178/5; outer edges=7/714; body=8.0+/-2.0/713.0+/-2.0; switch onset=L522; last complete picture=L521; band bottom=L525; raw per-unit candidate L522 disagrees; pooled raw-row displacement of the continuous stable lock resolves L521; row Y(mean/std) L285=1.375/0.484 L286=170.541/14.693 L287=171.864/13.891 L521=84.875/15.773 L522=87.108/17.547 L525=56.038/28.200",522,0,0
1003,7045,23,259,262,262,direct,"commercial tape; raw first pass-through row is picture; dark first band retained; raw three-third displacement L259=0.639,0.584,1.163/L260=0.775,1.235,4.190/L261=5.078,1.172,2.452/L262=0.212,0.521,1.150; peak=L261 margin=0.888; split fraction/run=0.659/56; outer edges=8/641; body=8.0+/-2.0/713.0+/-2.0; switch onset=L260; last complete picture=L259; band bottom=L262",259,286,521,525,525,direct,"commercial tape; raw first pass-through row is picture; dark first band retained; raw three-third displacement L522=0.545,0.648,0.919/L523=4.099,1.635,3.016/L524=1.662,0.687,1.076/L525=0.843,0.798,1.529; peak=L523 margin=2.437; split fraction/run=0.099/11; outer edges=7/679; body=8.0+/-2.0/713.0+/-2.0; switch onset=L522; last complete picture=L521; band bottom=L525",521,0,0
1004,7046,23,259,262,262,cv_inspected,"commercial tape; raw first pass-through row is picture; dark first band retained; raw three-third displacement L259=0.528,0.611,0.746/L260=0.948,1.414,3.516/L261=5.038,1.399,2.339/L262=0.282,0.542,1.234; peak=L261 margin=1.522; split fraction/run=0.528/57; outer edges=8/714; body=9.0+/-2.0/713.0+/-2.0; switch onset=L260; last complete picture=L259; band bottom=L262; raw per-unit candidate L260 disagrees; pooled raw-row displacement of the continuous stable lock resolves L259; row Y(mean/std) L22=1.377/0.485 L23=182.459/13.526 L24=178.230/13.927 L259=85.252/16.632 L260=76.202/18.849 L262=51.083/29.023",260,286,521,525,525,cv_inspected,"commercial tape; raw first pass-through row is picture; dark first band retained; raw three-third displacement L522=0.536,0.694,0.864/L523=3.816,1.541,2.360/L524=1.562,0.671,1.216/L525=0.752,0.809,1.619; peak=L523 margin=2.197; split fraction/run=0.154/11; outer edges=8/714; body=8.0+/-2.0/713.0+/-2.0; switch onset=L522; last complete picture=L521; band bottom=L525; raw per-unit candidate L522 disagrees; pooled raw-row displacement of the continuous stable lock resolves L521; row Y(mean/std) L285=1.373/0.484 L286=177.564/13.925 L287=175.817/12.801 L521=84.200/17.368 L522=84.330/17.614 L525=51.023/25.639",522,0,0
1005,7047,23,259,262,262,cv_inspected,"commercial tape; raw first pass-through row is picture; dark first band retained; raw three-third displacement L259=0.557,0.451,0.707/L260=1.342,1.312,3.663/L261=5.455,1.270,2.333/L262=0.279,0.535,0.985; peak=L261 margin=1.793; split fraction/run=0.551/59; outer edges=6/714; body=9.0+/-2.0/713.0+/-2.0; switch onset=L260; last complete picture=L259; band bottom=L262; raw per-unit candidate L260 disagrees; pooled raw-row displacement of the continuous stable lock resolves L259; row Y(mean/std) L22=1.355/0.478 L23=179.027/14.295 L24=177.427/13.171 L259=85.564/16.282 L260=80.859/23.119 L262=48.998/28.064",260,286,521,525,525,cv_inspected,"commercial tape; raw first pass-through row is picture; dark first band retained; raw three-third displacement L522=0.587,0.482,0.674/L523=3.914,1.745,2.509/L524=1.678,0.931,1.480/L525=0.910,0.684,1.511; peak=L523 margin=2.236; split fraction/run=0.098/6; outer edges=8/714; body=8.0+/-2.0/713.0+/-2.0; switch onset=L522; last complete picture=L521; band bottom=L525; raw per-unit candidate L522 disagrees; pooled raw-row displacement of the continuous stable lock resolves L521; row Y(mean/std) L285=1.394/0.489 L286=177.637/13.649 L287=175.725/12.852 L521=84.714/15.968 L522=85.492/17.631 L525=53.562/27.026",522,0,0
1006,7048,23,259,262,262,direct,"commercial tape; raw first pass-through row is picture; dark first band retained; raw three-third displacement L259=0.438,0.490,1.220/L260=0.714,1.580,4.250/L261=5.391,1.258,2.443/L262=0.255,0.455,1.186; peak=L261 margin=1.142; split fraction/run=0.598/61; outer edges=8/667; body=8.0+/-2.0/713.0+/-2.0; switch onset=L260; last complete picture=L259; band bottom=L262",259,286,521,525,525,cv_inspected,"commercial tape; raw first pass-through row is picture; dark first band retained; raw three-third displacement L522=0.718,0.484,1.089/L523=4.040,1.102,2.370/L524=2.175,0.507,1.051/L525=0.953,0.893,1.420; peak=L523 margin=1.864; split fraction/run=0.174/10; outer edges=7/714; body=8.0+/-2.0/713.0+/-2.0; switch onset=L522; last complete picture=L521; band bottom=L525; raw per-unit candidate L522 disagrees; pooled raw-row displacement of the continuous stable lock resolves L521; row Y(mean/std) L285=1.375/0.484 L286=183.952/14.024 L287=182.609/13.318 L521=83.942/13.873 L522=84.741/17.135 L525=55.195/27.222",522,0,0
1007,7049,23,259,262,262,direct,"commercial tape; raw first pass-through row is picture; dark first band retained; raw three-third displacement L259=0.657,0.466,0.890/L260=1.157,1.194,3.627/L261=5.101,1.219,2.311/L262=0.134,0.466,1.015; peak=L261 margin=1.474; split fraction/run=0.654/79; outer edges=7/658; body=8.0+/-2.0/713.0+/-2.0; switch onset=L260; last complete picture=L259; band bottom=L262",259,286,521,525,525,cv_inspected,"commercial tape; raw first pass-through row is picture; dark first band retained; raw three-third displacement L522=0.634,0.545,0.823/L523=4.230,0.997,1.652/L524=1.615,0.485,1.256/L525=0.849,0.835,1.709; peak=L523 margin=2.522; split fraction/run=0.216/10; outer edges=7/714; body=8.0+/-2.0/713.0+/-2.0; switch onset=L522; last complete picture=L521; band bottom=L525; raw per-unit candidate L522 disagrees; pooled raw-row displacement of the continuous stable lock resolves L521; row Y(mean/std) L285=1.380/0.485 L286=186.666/14.102 L287=182.520/13.892 L521=87.266/13.893 L522=87.508/15.560 L525=56.595/27.708",522,0,0
1008,7050,23,259,262,262,direct,"commercial tape; raw first pass-through row is picture; dark first band retained; raw three-third displacement L259=0.578,0.544,0.808/L260=1.443,1.000,2.282/L261=5.689,1.021,2.275/L262=0.272,0.516,1.332; peak=L261 margin=3.407; split fraction/run=0.432/25; outer edges=8/641; body=8.0+/-2.0/713.0+/-2.0; switch onset=L260; last complete picture=L259; band bottom=L262",259,286,521,525,525,cv_inspected,"commercial tape; raw first pass-through row is picture; dark first band retained; raw three-third displacement L522=0.651,0.609,0.919/L523=5.028,1.446,1.926/L524=1.746,0.537,0.713/L525=0.827,0.980,1.769; peak=L523 margin=3.259; split fraction/run=0.188/11; outer edges=7/714; body=8.0+/-2.0/713.0+/-2.0; switch onset=L522; last complete picture=L521; band bottom=L525; raw per-unit candidate L522 disagrees; pooled raw-row displacement of the continuous stable lock resolves L521; row Y(mean/std) L285=1.370/0.483 L286=185.770/14.349 L287=182.889/14.254 L521=85.806/15.021 L522=87.053/14.804 L525=54.280/26.321",522,0,0
1009,7051,23,259,262,262,cv_inspected,"commercial tape; raw first pass-through row is picture; dark first band retained; raw three-third displacement L259=0.869,0.592,0.940/L260=1.579,0.989,2.348/L261=5.359,1.084,2.118/L262=0.345,0.468,1.220; peak=L261 margin=3.012; split fraction/run=0.425/20; outer edges=8/714; body=8.0+/-2.0/713.0+/-2.0; switch onset=L260; last complete picture=L259; band bottom=L262; raw per-unit candidate L260 disagrees; pooled raw-row displacement of the continuous stable lock resolves L259; row Y(mean/std) L22=1.378/0.485 L23=184.848/15.451 L24=181.633/15.122 L259=88.661/16.659 L260=86.250/18.963 L262=51.792/29.101",260,286,521,525,525,cv_inspected,"commercial tape; raw first pass-through row is picture; dark first band retained; raw three-third displacement L522=0.840,0.501,0.777/L523=5.311,1.151,1.991/L524=0.503,0.680,1.070/L525=0.931,1.162,2.094; peak=L523 margin=3.216; split fraction/run=0.221/7; outer edges=8/714; body=8.0+/-2.0/713.0+/-2.0; switch onset=L522; last complete picture=L521; band bottom=L525; raw per-unit candidate L522 disagrees; pooled raw-row displacement of the continuous stable lock resolves L521; row Y(mean/std) L285=1.372/0.483 L286=178.331/15.773 L287=176.891/15.641 L521=87.006/15.127 L522=85.592/15.134 L525=59.680/28.860",522,0,0
1010,7052,23,259,262,262,cv_inspected,"commercial tape; raw first pass-through row is picture; dark first band retained; raw three-third displacement L259=0.776,0.624,0.957/L260=1.205,1.263,2.429/L261=5.094,1.346,1.843/L262=0.185,0.436,1.102; peak=L261 margin=2.665; split fraction/run=0.542/21; outer edges=8/714; body=8.0+/-2.0/713.0+/-2.0; switch onset=L260; last complete picture=L259; band bottom=L262; raw per-unit candidate L260 disagrees; pooled raw-row displacement of the continuous stable lock resolves L259; row Y(mean/std) L22=1.397/0.489 L23=184.188/15.347 L24=180.503/16.035 L259=87.042/16.137 L260=78.120/20.036 L262=53.566/29.729",260,286,521,525,525,direct,"commercial tape; raw first pass-through row is picture; dark first band retained; raw three-third displacement L522=0.839,0.628,0.944/L523=5.160,1.604,3.167/L524=0.371,0.659,1.269/L525=1.090,1.317,2.821; peak=L523 margin=2.339; split fraction/run=0.169/9; outer edges=7/687; body=8.0+/-2.0/713.0+/-2.0; switch onset=L522; last complete picture=L521; band bottom=L525",521,0,0
1011,7053,23,259,262,262,cv_inspected,"commercial tape; raw first pass-through row is picture; dark first band retained; raw three-third displacement L259=0.737,0.544,1.015/L260=1.137,1.161,2.456/L261=5.241,1.163,1.994/L262=0.222,0.585,1.323; peak=L261 margin=2.785; split fraction/run=0.453/20; outer edges=8/714; body=8.0+/-2.0/713.0+/-2.0; switch onset=L260; last complete picture=L259; band bottom=L262; raw per-unit candidate L260 disagrees; pooled raw-row displacement of the continuous stable lock resolves L259; row Y(mean/std) L22=1.363/0.481 L23=191.064/15.028 L24=187.400/14.684 L259=88.903/15.603 L260=81.314/17.671 L262=52.800/29.522",260,286,521,525,525,cv_inspected,"commercial tape; raw first pass-through row is picture; dark first band retained; raw three-third displacement L522=0.792,0.606,0.650/L523=5.108,1.019,1.848/L524=0.198,0.635,1.291/L525=0.946,1.141,2.472; peak=L523 margin=2.636; split fraction/run=0.221/8; outer edges=7/714; body=8.0+/-2.0/713.0+/-2.0; switch onset=L522; last complete picture=L521; band bottom=L525; raw per-unit candidate L522 disagrees; pooled raw-row displacement of the continuous stable lock resolves L521; row Y(mean/std) L285=1.380/0.485 L286=187.958/14.534 L287=184.730/14.798 L521=87.408/15.286 L522=86.795/15.492 L525=57.381/27.944",522,0,0
1012,7054,23,259,262,262,direct,"commercial tape; raw first pass-through row is picture; dark first band retained; raw three-third displacement L259=0.909,0.729,0.767/L260=1.258,1.389,4.167/L261=4.926,1.323,2.287/L262=0.262,0.615,0.975; peak=L261 margin=0.759; split fraction/run=0.706/54; outer edges=7/635; body=8.0+/-2.0/713.0+/-2.0; switch onset=L260; last complete picture=L259; band bottom=L262",259,286,521,525,525,cv_inspected,"commercial tape; raw first pass-through row is picture; dark first band retained; raw three-third displacement L522=0.709,0.558,1.028/L523=4.968,0.844,1.888/L524=0.237,0.807,1.462/L525=0.860,1.109,2.129; peak=L523 margin=2.839; split fraction/run=0.230/11; outer edges=8/714; body=8.0+/-2.0/713.0+/-2.0; switch onset=L522; last complete picture=L521; band bottom=L525; raw per-unit candidate L522 disagrees; pooled raw-row displacement of the continuous stable lock resolves L521; row Y(mean/std) L285=1.392/0.488 L286=185.383/14.478 L287=184.278/14.856 L521=86.764/15.955 L522=87.567/14.437 L525=55.141/27.394",522,0,0
1013,7055,23,259,262,262,cv_inspected,"commercial tape; raw first pass-through row is picture; dark first band retained; raw three-third displacement L259=0.618,0.572,1.190/L260=1.114,1.238,5.063/L261=4.909,1.421,3.263/L262=0.144,0.529,1.111; peak=L260 margin=0.153; split fraction/run=0.221/13; outer edges=8/713; body=8.0+/-2.0/713.0+/-2.0; switch onset=L260; last complete picture=L259; band bottom=L262; row Y(mean/std) L22=1.389/0.488 L23=179.875/15.636 L24=180.697/15.157 L259=89.511/12.758 L260=73.642/23.659 L262=45.695/25.748",259,286,521,525,525,cv_inspected,"commercial tape; raw first pass-through row is picture; dark first band retained; raw three-third displacement L522=0.824,0.740,1.606/L523=5.217,1.693,3.253/L524=1.763,0.632,0.985/L525=0.860,1.102,1.653; peak=L523 margin=3.454; split fraction/run=0.174/10; outer edges=7/714; body=8.0+/-2.0/713.0+/-2.0; switch onset=L522; last complete picture=L521; band bottom=L525; raw per-unit candidate L522 disagrees; pooled raw-row displacement of the continuous stable lock resolves L521; row Y(mean/std) L285=1.361/0.480 L286=190.858/13.804 L287=185.600/14.089 L521=84.948/14.947 L522=91.233/17.716 L525=48.356/24.328",522,0,0
1014,7056,23,259,262,262,cv_inspected,"commercial tape; raw first pass-through row is picture; dark first band retained; raw three-third displacement L259=0.891,0.546,1.246/L260=1.269,1.430,3.145/L261=4.707,1.331,2.623/L262=0.296,0.685,1.296; peak=L261 margin=1.562; split fraction/run=0.460/38; outer edges=8/714; body=8.0+/-2.0/713.0+/-2.0; switch onset=L260; last complete picture=L259; band bottom=L262; raw per-unit candidate L260 disagrees; pooled raw-row displacement of the continuous stable lock resolves L259; row Y(mean/std) L22=1.389/0.488 L23=192.159/14.392 L24=183.444/14.126 L259=85.125/15.292 L260=74.923/18.607 L262=47.630/26.907",260,286,521,525,525,direct,"commercial tape; raw first pass-through row is picture; dark first band retained; raw three-third displacement L522=0.681,0.605,1.528/L523=4.721,1.449,3.487/L524=1.408,0.608,1.155/L525=0.891,0.899,1.598; peak=L523 margin=3.123; split fraction/run=0.117/12; outer edges=8/676; body=8.0+/-2.0/713.0+/-2.0; switch onset=L522; last complete picture=L521; band bottom=L525",521,0,0
1015,7057,23,259,262,262,cv_inspected,"commercial tape; raw first pass-through row is picture; dark first band retained; raw three-third displacement L259=0.803,0.642,1.467/L260=1.188,1.480,4.246/L261=4.613,1.216,2.487/L262=0.339,0.647,1.196; peak=L261 margin=0.367; split fraction/run=0.621/84; outer edges=7/714; body=8.0+/-2.0/713.0+/-2.0; switch onset=L260; last complete picture=L259; band bottom=L262; row Y(mean/std) L22=1.391/0.488 L23=186.494/14.648 L24=183.897/14.094 L259=87.023/15.902 L260=77.281/20.478 L262=49.087/27.378",259,286,521,525,525,cv_inspected,"commercial tape; raw first pass-through row is picture; dark first band retained; raw three-third displacement L522=0.752,0.592,1.656/L523=4.134,1.026,2.788/L524=1.273,0.721,1.100/L525=0.966,1.095,2.022; peak=L523 margin=2.112; split fraction/run=0.220/11; outer edges=7/714; body=8.0+/-2.0/713.0+/-2.0; switch onset=L522; last complete picture=L521; band bottom=L525; raw per-unit candidate L522 disagrees; pooled raw-row displacement of the continuous stable lock resolves L521; row Y(mean/std) L285=1.372/0.483 L286=187.741/14.114 L287=184.630/13.695 L521=83.795/14.723 L522=87.473/20.035 L525=52.170/24.938",522,0,0
1016,7058,23,259,262,262,cv_inspected,"commercial tape; raw first pass-through row is picture; dark first band retained; raw three-third displacement L259=0.702,0.659,1.706/L260=1.474,1.452,4.906/L261=4.997,1.191,2.997/L262=0.282,0.730,1.440; peak=L261 margin=0.091; split fraction/run=0.533/86; outer edges=7/714; body=8.0+/-2.0/713.0+/-2.0; switch onset=L260; last complete picture=L259; band bottom=L262; row Y(mean/std) L22=1.392/0.488 L23=188.128/14.411 L24=182.908/14.245 L259=89.589/15.764 L260=79.611/26.746 L262=48.480/26.835",259,286,521,525,525,cv_inspected,"commercial tape; raw first pass-through row is picture; dark first band retained; raw three-third displacement L522=0.732,0.734,1.489/L523=3.881,1.028,3.135/L524=1.851,0.838,1.146/L525=0.861,1.090,1.982; peak=L523 margin=1.899; split fraction/run=0.263/11; outer edges=7/714; body=8.0+/-2.0/713.0+/-2.0; switch onset=L522; last complete picture=L521; band bottom=L525; raw per-unit candidate L522 disagrees; pooled raw-row displacement of the continuous stable lock resolves L521; row Y(mean/std) L285=1.372/0.483 L286=186.331/14.036 L287=185.808/13.820 L521=85.189/15.035 L522=88.253/19.406 L525=51.638/25.065",522,0,0
1017,7059,23,259,262,262,cv_inspected,"commercial tape; raw first pass-through row is picture; dark first band retained; raw three-third displacement L259=0.635,0.638,1.420/L260=1.508,1.413,5.777/L261=5.548,1.593,3.740/L262=0.216,0.522,1.382; peak=L260 margin=0.229; split fraction/run=0.230/11; outer edges=8/713; body=8.0+/-2.0/713.0+/-2.0; switch onset=L260; last complete picture=L259; band bottom=L262; row Y(mean/std) L22=1.370/0.483 L23=176.528/14.741 L24=177.148/15.243 L259=88.555/16.749 L260=78.164/27.820 L262=44.358/25.496",259,286,521,525,525,cv_inspected,"commercial tape; raw first pass-through row is picture; dark first band retained; raw three-third displacement L522=0.717,0.599,0.884/L523=4.518,1.954,3.630/L524=2.021,0.712,1.351/L525=0.783,0.993,1.632; peak=L523 margin=2.498; split fraction/run=0.108/6; outer edges=7/714; body=8.0+/-2.0/713.0+/-2.0; switch onset=L522; last complete picture=L521; band bottom=L525; raw per-unit candidate L522 disagrees; pooled raw-row displacement of the continuous stable lock resolves L521; row Y(mean/std) L285=1.378/0.485 L286=188.673/14.226 L287=184.964/13.664 L521=86.434/15.366 L522=90.342/18.388 L525=48.280/23.461",522,0,0
1018,7060,23,259,262,262,cv_inspected,"commercial tape; raw first pass-through row is picture; dark first band retained; raw three-third displacement L259=0.583,0.653,0.804/L260=0.783,1.271,5.392/L261=5.063,1.167,2.921/L262=0.333,0.533,1.007; peak=L260 margin=0.329; split fraction/run=0.305/10; outer edges=8/713; body=8.0+/-2.0/713.0+/-2.0; switch onset=L260; last complete picture=L259; band bottom=L262; row Y(mean/std) L22=1.398/0.490 L23=188.980/14.093 L24=182.963/14.167 L259=89.975/15.669 L260=75.509/22.597 L262=44.941/25.675",259,286,521,525,525,direct,"commercial tape; raw first pass-through row is picture; dark first band retained; raw three-third displacement L522=0.635,0.738,1.240/L523=4.776,1.603,3.384/L524=1.165,0.467,0.826/L525=0.884,0.900,1.506; peak=L523 margin=3.270; split fraction/run=0.146/9; outer edges=7/672; body=8.0+/-2.0/713.0+/-2.0; switch onset=L522; last complete picture=L521; band bottom=L525",521,0,0
1019,7061,23,259,262,262,cv_inspected,"commercial tape; raw first pass-through row is picture; dark first band retained; raw three-third displacement L259=0.662,0.690,0.971/L260=1.004,1.436,4.993/L261=5.276,1.493,3.121/L262=0.185,0.579,1.073; peak=L261 margin=0.283; split fraction/run=0.523/35; outer edges=7/643; body=8.0+/-2.0/713.0+/-2.0; switch onset=L260; last complete picture=L259; band bottom=L262; row Y(mean/std) L22=1.352/0.477 L23=181.334/14.235 L24=181.420/14.117 L259=89.948/16.721 L260=77.003/24.933 L262=46.908/26.031",259,286,521,525,525,cv_inspected,"commercial tape; raw first pass-through row is picture; dark first band retained; raw three-third displacement L522=0.545,0.708,0.989/L523=4.606,1.627,2.923/L524=1.850,0.636,0.918/L525=0.873,0.829,1.648; peak=L523 margin=2.756; split fraction/run=0.201/14; outer edges=7/714; body=8.0+/-2.0/713.0+/-2.0; switch onset=L522; last complete picture=L521; band bottom=L525; raw per-unit candidate L522 disagrees; pooled raw-row displacement of the continuous stable lock resolves L521; row Y(mean/std) L285=1.377/0.485 L286=189.092/13.767 L287=184.372/13.735 L521=86.938/16.155 L522=89.102/17.048 L525=54.587/25.654",522,0,0
1020,7062,23,259,262,262,cv_inspected,"commercial tape; raw first pass-through row is picture; dark first band retained; raw three-third displacement L259=0.669,0.719,0.736/L260=1.001,1.707,3.186/L261=5.114,1.558,2.696/L262=0.263,0.639,1.629; peak=L261 margin=1.929; split fraction/run=0.491/49; outer edges=7/714; body=8.0+/-2.0/713.0+/-2.0; switch onset=L260; last complete picture=L259; band bottom=L262; raw per-unit candidate L260 disagrees; pooled raw-row displacement of the continuous stable lock resolves L259; row Y(mean/std) L22=1.369/0.482 L23=184.397/13.780 L24=179.850/13.976 L259=90.017/18.163 L260=82.533/22.414 L262=49.747/27.719",260,286,521,525,525,cv_inspected,"commercial tape; raw first pass-through row is picture; dark first band retained; raw three-third displacement L522=0.506,0.651,0.865/L523=3.808,1.340,2.328/L524=1.522,0.543,1.176/L525=0.739,0.832,1.376; peak=L523 margin=2.285; split fraction/run=0.211/13; outer edges=7/714; body=8.0+/-2.0/713.0+/-2.0; switch onset=L522; last complete picture=L521; band bottom=L525; raw per-unit candidate L522 disagrees; pooled raw-row displacement of the continuous stable lock resolves L521; row Y(mean/std) L285=1.383/0.486 L286=189.358/13.411 L287=186.434/13.633 L521=85.688/16.786 L522=85.045/17.492 L525=53.895/26.017",522,0,0
1021,7063,23,259,262,262,cv_inspected,"commercial tape; raw first pass-through row is picture; dark first band retained; raw three-third displacement L259=0.640,0.760,0.857/L260=0.995,1.845,3.340/L261=5.477,1.784,2.095/L262=0.240,0.547,1.520; peak=L261 margin=2.137; split fraction/run=0.579/69; outer edges=7/714; body=8.0+/-2.0/713.0+/-2.0; switch onset=L260; last complete picture=L259; band bottom=L262; row Y(mean/std) L22=1.380/0.485 L23=180.223/13.715 L24=179.889/13.648 L259=88.763/17.298 L260=83.681/24.063 L262=52.520/29.644",259,286,521,525,525,direct,"commercial tape; raw first pass-through row is picture; dark first band retained; raw three-third displacement L522=0.497,0.659,1.152/L523=3.873,2.137,2.994/L524=1.595,1.385,0.982/L525=0.707,0.948,1.754; peak=L523 margin=2.119; split fraction/run=0.159/11; outer edges=7/706; body=8.0+/-2.0/713.0+/-2.0; switch onset=L522; last complete picture=L521; band bottom=L525",521,0,0
1022,7064,23,259,262,262,cv_inspected,"commercial tape; raw first pass-through row is picture; dark first band retained; raw three-third displacement L259=0.458,0.533,0.613/L260=0.564,1.253,3.616/L261=5.792,1.508,3.214/L262=0.262,0.627,1.506; peak=L261 margin=2.176; split fraction/run=0.435/54; outer edges=8/714; body=8.0+/-2.0/713.0+/-2.0; switch onset=L260; last complete picture=L259; band bottom=L262; raw per-unit candidate L260 disagrees; pooled raw-row displacement of the continuous stable lock resolves L259; row Y(mean/std) L22=1.383/0.486 L23=190.327/13.163 L24=182.786/14.244 L259=90.097/16.417 L260=84.056/16.882 L262=40.555/23.906",260,286,521,525,525,cv_inspected,"commercial tape; raw first pass-through row is picture; dark first band retained; raw three-third displacement L522=0.368,0.594,0.904/L523=3.639,1.632,3.902/L524=1.874,1.465,1.300/L525=0.749,0.834,1.391; peak=L523 margin=2.028; split fraction/run=0.146/14; outer edges=7/714; body=8.0+/-2.0/713.0+/-2.0; switch onset=L522; last complete picture=L521; band bottom=L525; raw per-unit candidate L522 disagrees; pooled raw-row displacement of the continuous stable lock resolves L521; row Y(mean/std) L285=1.370/0.483 L286=185.734/14.327 L287=181.347/13.510 L521=88.416/14.042 L522=90.833/16.999 L525=50.267/25.101",522,0,0
1023,7065,23,259,262,262,cv_inspected,"commercial tape; raw first pass-through row is picture; dark first band retained; raw three-third displacement L259=0.455,0.383,0.607/L260=0.659,1.344,2.922/L261=5.588,1.353,3.390/L262=0.148,0.435,1.373; peak=L261 margin=2.666; split fraction/run=0.437/43; outer edges=7/714; body=8.0+/-2.0/713.0+/-2.0; switch onset=L260; last complete picture=L259; band bottom=L262; raw per-unit candidate L260 disagrees; pooled raw-row displacement of the continuous stable lock resolves L259; row Y(mean/std) L22=1.372/0.483 L23=187.142/14.267 L24=183.914/14.161 L259=89.969/14.220 L260=89.064/19.820 L262=74.216/41.046",260,286,521,525,525,cv_inspected,"commercial tape; raw first pass-through row is picture; dark first band retained; raw three-third displacement L522=0.513,0.396,0.669/L523=4.177,0.887,1.956/L524=1.963,0.912,1.067/L525=0.991,1.144,1.980; peak=L523 margin=2.196; split fraction/run=0.113/8; outer edges=8/714; body=8.0+/-2.0/713.0+/-2.0; switch onset=L522; last complete picture=L521; band bottom=L525; raw per-unit candidate L522 disagrees; pooled raw-row displacement of the continuous stable lock resolves L521; row Y(mean/std) L285=1.381/0.486 L286=193.414/14.078 L287=190.231/13.487 L521=90.086/13.422 L522=89.312/14.123 L525=51.938/26.310",522,0,0
1024,7066,23,259,262,262,cv_inspected,"commercial tape; raw first pass-through row is picture; dark first band retained; raw three-third displacement L259=0.464,0.302,0.912/L260=0.597,1.045,2.307/L261=6.046,1.012,1.837/L262=0.248,0.801,1.559; peak=L261 margin=3.739; split fraction/run=0.463/38; outer edges=6/714; body=8.0+/-2.0/713.0+/-2.0; switch onset=L260; last complete picture=L259; band bottom=L262; raw per-unit candidate L260 disagrees; pooled raw-row displacement of the continuous stable lock resolves L259; row Y(mean/std) L22=1.378/0.485 L23=192.711/14.473 L24=186.736/15.651 L259=90.948/13.699 L260=90.336/15.200 L262=59.288/33.368",260,286,521,525,525,cv_inspected,"commercial tape; raw first pass-through row is picture; dark first band retained; raw three-third displacement L522=0.514,0.385,0.741/L523=4.202,1.013,3.073/L524=2.011,0.801,2.237/L525=1.065,0.995,2.108; peak=L523 margin=1.965; split fraction/run=0.160/12; outer edges=8/714; body=8.0+/-2.0/713.0+/-2.0; switch onset=L522; last complete picture=L521; band bottom=L525; raw per-unit candidate L522 disagrees; pooled raw-row displacement of the continuous stable lock resolves L521; row Y(mean/std) L285=1.378/0.485 L286=182.670/16.200 L287=183.528/15.751 L521=92.588/13.964 L522=93.773/14.887 L525=55.445/28.510",522,0,0
1025,7067,23,259,262,262,cv_inspected,"commercial tape; raw first pass-through row is picture; dark first band retained; raw three-third displacement L259=0.451,0.367,0.828/L260=0.592,0.998,2.925/L261=5.987,1.626,3.190/L262=0.174,0.517,1.094; peak=L261 margin=3.063; split fraction/run=0.379/30; outer edges=7/714; body=8.0+/-2.0/713.0+/-2.0; switch onset=L260; last complete picture=L259; band bottom=L262; raw per-unit candidate L260 disagrees; pooled raw-row displacement of the continuous stable lock resolves L259; row Y(mean/std) L22=1.389/0.488 L23=193.192/16.127 L24=190.613/16.291 L259=93.081/15.027 L260=89.672/15.930 L262=78.558/44.596",260,286,521,525,525,cv_inspected,"commercial tape; raw first pass-through row is picture; dark first band retained; raw three-third displacement L522=0.546,0.438,0.744/L523=4.338,1.231,2.612/L524=1.989,1.164,1.611/L525=1.068,0.960,1.510; peak=L523 margin=2.349; split fraction/run=0.127/12; outer edges=7/714; body=8.0+/-2.0/713.0+/-2.0; switch onset=L522; last complete picture=L521; band bottom=L525; raw per-unit candidate L522 disagrees; pooled raw-row displacement of the continuous stable lock resolves L521; row Y(mean/std) L285=1.367/0.482 L286=198.539/15.534 L287=193.745/15.618 L521=93.878/14.630 L522=94.430/16.214 L525=61.417/31.131",522,0,0
1026,7068,23,259,262,262,cv_inspected,"commercial tape; raw first pass-through row is picture; dark first band retained; raw three-third displacement L259=0.556,0.456,1.021/L260=0.923,1.301,2.916/L261=5.937,1.922,4.043/L262=0.207,0.785,1.440; peak=L261 margin=3.021; split fraction/run=0.360/44; outer edges=7/714; body=8.0+/-2.0/713.0+/-2.0; switch onset=L260; last complete picture=L259; band bottom=L262; raw per-unit candidate L260 disagrees; pooled raw-row displacement of the continuous stable lock resolves L259; row Y(mean/std) L22=1.369/0.482 L23=192.220/16.142 L24=188.725/16.962 L259=92.783/15.485 L260=90.503/23.332 L262=81.194/44.834",260,286,521,525,525,cv_inspected,"commercial tape; raw first pass-through row is picture; dark first band retained; raw three-third displacement L522=0.396,0.567,0.786/L523=4.452,1.113,5.110/L524=2.223,1.146,2.367/L525=0.981,0.917,1.360; peak=L523 margin=2.742; split fraction/run=0.169/9; outer edges=7/714; body=8.0+/-2.0/713.0+/-2.0; switch onset=L522; last complete picture=L521; band bottom=L525; raw per-unit candidate L522 disagrees; pooled raw-row displacement of the continuous stable lock resolves L521; row Y(mean/std) L285=1.394/0.489 L286=195.797/16.179 L287=194.011/15.655 L521=91.847/15.829 L522=94.263/15.872 L525=52.916/27.371",522,0,0
1027,7069,23,259,262,262,cv_inspected,"commercial tape; raw first pass-through row is picture; dark first band retained; raw three-third displacement L259=0.594,0.435,0.870/L260=0.899,1.023,2.746/L261=5.779,0.979,1.814/L262=0.287,0.744,1.150; peak=L261 margin=3.034; split fraction/run=0.486/70; outer edges=7/714; body=8.0+/-2.0/713.0+/-2.0; switch onset=L260; last complete picture=L259; band bottom=L262; row Y(mean/std) L22=1.366/0.482 L23=192.842/16.307 L24=189.708/16.218 L259=90.884/15.391 L260=91.688/20.184 L262=63.975/36.190",259,286,521,525,525,cv_inspected,"commercial tape; raw first pass-through row is picture; dark first band retained; raw three-third displacement L522=0.615,0.416,1.331/L523=4.475,0.980,3.107/L524=1.918,1.060,1.404/L525=1.041,1.039,1.764; peak=L523 margin=2.557; split fraction/run=0.150/7; outer edges=8/714; body=8.0+/-2.0/713.0+/-2.0; switch onset=L522; last complete picture=L521; band bottom=L525; raw per-unit candidate L522 disagrees; pooled raw-row displacement of the continuous stable lock resolves L521; row Y(mean/std) L285=1.377/0.485 L286=200.722/15.260 L287=195.109/15.802 L521=91.497/15.680 L522=94.219/19.505 L525=58.419/29.615",522,0,0
1028,7070,23,259,262,262,cv_inspected,"commercial tape; raw first pass-through row is picture; dark first band retained; raw three-third displacement L259=0.532,0.440,0.979/L260=1.118,1.291,3.217/L261=6.696,1.358,2.849/L262=0.592,0.999,2.089; peak=L261 margin=3.479; split fraction/run=0.565/42; outer edges=7/714; body=8.0+/-2.0/713.0+/-2.0; switch onset=L260; last complete picture=L259; band bottom=L262; raw per-unit candidate L260 disagrees; pooled raw-row displacement of the continuous stable lock resolves L259; row Y(mean/std) L22=1.386/0.487 L23=192.109/16.241 L24=186.881/16.831 L259=91.645/15.961 L260=92.411/23.504 L262=67.914/39.043",260,286,521,525,525,direct,"commercial tape; raw first pass-through row is picture; dark first band retained; raw three-third displacement L522=0.611,0.482,1.074/L523=4.320,1.378,2.443/L524=1.877,1.153,1.057/L525=0.864,1.059,1.771; peak=L523 margin=2.443; split fraction/run=0.178/17; outer edges=7/691; body=8.0+/-2.0/713.0+/-2.0; switch onset=L522; last complete picture=L521; band bottom=L525",521,0,0
1029,7071,23,259,262,262,cv_inspected,"commercial tape; raw first pass-through row is picture; dark first band retained; raw three-third displacement L259=0.517,0.462,1.022/L260=0.808,1.391,3.164/L261=5.763,1.890,2.001/L262=0.226,0.752,1.385; peak=L261 margin=2.599; split fraction/run=0.668/84; outer edges=8/714; body=8.0+/-2.0/713.0+/-2.0; switch onset=L260; last complete picture=L259; band bottom=L262; row Y(mean/std) L22=1.369/0.482 L23=190.872/16.556 L24=188.261/16.485 L259=93.698/15.175 L260=85.541/22.668 L262=56.803/33.003",259,286,521,525,525,cv_inspected,"commercial tape; raw first pass-through row is picture; dark first band retained; raw three-third displacement L522=0.637,0.450,0.997/L523=4.285,1.264,2.398/L524=1.926,0.882,1.001/L525=1.021,1.067,2.437; peak=L523 margin=1.848; split fraction/run=0.182/9; outer edges=8/714; body=8.0+/-2.0/713.0+/-2.0; switch onset=L522; last complete picture=L521; band bottom=L525; raw per-unit candidate L522 disagrees; pooled raw-row displacement of the continuous stable lock resolves L521; row Y(mean/std) L285=1.358/0.479 L286=197.875/15.926 L287=193.480/15.579 L521=91.477/15.812 L522=92.756/16.895 L525=55.888/30.977",522,0,0
1030,7072,23,259,262,262,cv_inspected,"commercial tape; raw first pass-through row is picture; dark first band retained; raw three-third displacement L259=0.589,0.516,1.104/L260=1.015,1.122,3.485/L261=5.264,1.299,1.886/L262=0.293,0.697,1.128; peak=L261 margin=1.778; split fraction/run=0.612/83; outer edges=9/714; body=8.0+/-2.0/713.0+/-2.0; switch onset=L260; last complete picture=L259; band bottom=L262; row Y(mean/std) L22=1.370/0.483 L23=195.711/15.616 L24=188.994/17.009 L259=94.402/17.306 L260=84.252/17.048 L262=55.370/31.819",259,286,521,525,525,direct,"commercial tape; raw first pass-through row is picture; dark first band retained; raw three-third displacement L522=0.636,0.460,0.974/L523=4.327,1.170,2.452/L524=1.885,0.762,0.955/L525=1.049,1.069,1.481; peak=L523 margin=2.442; split fraction/run=0.164/13; outer edges=8/695; body=8.0+/-2.0/713.0+/-2.0; switch onset=L522; last complete picture=L521; band bottom=L525",521,0,0
1031,7073,23,259,262,262,cv_inspected,"commercial tape; raw first pass-through row is picture; dark first band retained; raw three-third displacement L259=0.518,0.394,1.184/L260=0.711,1.018,3.609/L261=5.294,1.413,2.474/L262=0.196,0.534,0.749; peak=L261 margin=1.685; split fraction/run=0.519/76; outer edges=9/714; body=8.0+/-2.0/713.0+/-2.0; switch onset=L260; last complete picture=L259; band bottom=L262; row Y(mean/std) L22=1.363/0.481 L23=194.592/15.772 L24=190.816/16.027 L259=92.697/16.257 L260=82.705/17.382 L262=49.792/28.776",259,286,521,525,525,cv_inspected,"commercial tape; raw first pass-through row is picture; dark first band retained; raw three-third displacement L522=0.650,0.541,0.970/L523=4.305,2.231,3.661/L524=1.835,1.365,0.726/L525=1.026,1.005,1.615; peak=L523 margin=2.470; split fraction/run=0.099/6; outer edges=7/714; body=8.0+/-2.0/713.0+/-2.0; switch onset=L522; last complete picture=L521; band bottom=L525; raw per-unit candidate L522 disagrees; pooled raw-row displacement of the continuous stable lock resolves L521; row Y(mean/std) L285=1.364/0.481 L286=194.959/16.429 L287=189.988/16.215 L521=89.692/15.551 L522=92.411/16.294 L525=55.064/27.920",522,0,0
1032,7074,23,259,262,262,cv_inspected,"commercial tape; raw first pass-through row is picture; dark first band retained; raw three-third displacement L259=0.631,0.321,1.088/L260=0.703,1.053,2.838/L261=5.157,1.528,1.906/L262=0.254,0.759,1.413; peak=L261 margin=2.319; split fraction/run=0.491/65; outer edges=7/714; body=8.0+/-2.0/713.0+/-2.0; switch onset=L260; last complete picture=L259; band bottom=L262; row Y(mean/std) L22=1.394/0.489 L23=193.183/16.175 L24=188.516/17.072 L259=90.959/15.944 L260=81.684/20.629 L262=54.823/31.126",259,286,521,525,525,cv_inspected,"commercial tape; raw first pass-through row is picture; dark first band retained; raw three-third displacement L522=0.711,0.424,1.072/L523=4.845,1.275,3.277/L524=2.014,0.461,0.770/L525=0.974,0.873,1.697; peak=L523 margin=2.830; split fraction/run=0.146/9; outer edges=7/714; body=8.0+/-2.0/713.0+/-2.0; switch onset=L522; last complete picture=L521; band bottom=L525; raw per-unit candidate L522 disagrees; pooled raw-row displacement of the continuous stable lock resolves L521; row Y(mean/std) L285=1.402/0.490 L286=191.695/16.435 L287=190.659/16.281 L521=91.855/14.361 L522=93.677/16.419 L525=55.305/28.125",522,0,0
1033,7075,23,259,262,262,cv_inspected,"commercial tape; raw first pass-through row is picture; dark first band retained; raw three-third displacement L259=0.691,0.392,1.230/L260=1.032,1.028,2.391/L261=5.206,1.294,1.634/L262=0.199,0.575,1.280; peak=L261 margin=2.815; split fraction/run=0.528/40; outer edges=7/714; body=8.0+/-2.0/713.0+/-2.0; switch onset=L260; last complete picture=L259; band bottom=L262; raw per-unit candidate L260 disagrees; pooled raw-row displacement of the continuous stable lock resolves L259; row Y(mean/std) L22=1.359/0.480 L23=192.197/16.258 L24=188.431/16.551 L259=93.206/15.994 L260=81.244/17.969 L262=55.445/31.646",260,286,521,525,525,cv_inspected,"commercial tape; raw first pass-through row is picture; dark first band retained; raw three-third displacement L522=0.618,0.353,1.117/L523=5.256,1.176,2.785/L524=0.535,0.499,0.934/L525=0.973,0.962,1.883; peak=L523 margin=3.373; split fraction/run=0.150/12; outer edges=8/714; body=8.0+/-2.0/713.0+/-2.0; switch onset=L522; last complete picture=L521; band bottom=L525; raw per-unit candidate L522 disagrees; pooled raw-row displacement of the continuous stable lock resolves L521; row Y(mean/std) L285=1.372/0.483 L286=195.194/16.237 L287=190.602/16.179 L521=92.361/14.256 L522=94.700/17.239 L525=61.513/33.877",522,0,0
1034,7076,23,259,262,262,cv_inspected,"commercial tape; raw first pass-through row is picture; dark first band retained; raw three-third displacement L259=0.701,0.410,1.164/L260=0.890,1.339,5.098/L261=5.326,1.708,3.059/L262=0.186,0.648,1.102; peak=L261 margin=0.228; split fraction/run=0.542/80; outer edges=7/608; body=8.0+/-2.0/713.0+/-2.0; switch onset=L260; last complete picture=L259; band bottom=L262; row Y(mean/std) L22=1.373/0.484 L23=196.100/16.542 L24=189.848/16.902 L259=94.184/16.844 L260=76.073/27.848 L262=53.402/30.856",259,286,521,525,525,cv_inspected,"commercial tape; raw first pass-through row is picture; dark first band retained; raw three-third displacement L522=0.610,0.640,1.398/L523=4.674,1.411,2.692/L524=1.858,0.635,0.877/L525=1.046,1.098,1.532; peak=L523 margin=2.816; split fraction/run=0.211/11; outer edges=8/710; body=8.0+/-2.0/713.0+/-2.0; switch onset=L522; last complete picture=L521; band bottom=L525; row Y(mean/std) L285=1.372/0.483 L286=194.894/16.769 L287=192.070/16.429 L521=92.072/16.008 L522=95.408/17.373 L525=60.212/30.570",521,0,0
1035,7077,23,259,262,262,cv_inspected,"commercial tape; raw first pass-through row is picture; dark first band retained; raw three-third displacement L259=0.575,0.454,1.236/L260=0.644,1.238,5.272/L261=5.154,1.362,2.663/L262=0.153,0.582,0.905; peak=L260 margin=0.119; split fraction/run=0.296/14; outer edges=8/713; body=8.0+/-2.0/713.0+/-2.0; switch onset=L260; last complete picture=L259; band bottom=L262; row Y(mean/std) L22=1.366/0.482 L23=195.206/16.650 L24=192.470/16.720 L259=93.541/15.922 L260=80.266/27.472 L262=54.886/31.181",259,286,521,525,525,cv_inspected,"commercial tape; raw first pass-through row is picture; dark first band retained; raw three-third displacement L522=0.650,0.460,1.108/L523=4.698,1.260,2.354/L524=2.208,0.821,0.978/L525=0.974,1.162,1.874; peak=L523 margin=2.490; split fraction/run=0.164/17; outer edges=7/714; body=8.0+/-2.0/713.0+/-2.0; switch onset=L522; last complete picture=L521; band bottom=L525; raw per-unit candidate L522 disagrees; pooled raw-row displacement of the continuous stable lock resolves L521; row Y(mean/std) L285=1.377/0.485 L286=196.139/16.542 L287=192.439/16.130 L521=92.469/16.150 L522=91.514/16.166 L525=57.014/28.418",522,0,0
1036,7078,23,259,262,262,direct,"commercial tape; raw first pass-through row is picture; dark first band retained; raw three-third displacement L259=0.635,0.370,1.256/L260=1.095,1.277,3.313/L261=5.454,1.313,1.762/L262=0.318,0.643,1.407; peak=L261 margin=2.142; split fraction/run=0.598/92; outer edges=8/673; body=8.0+/-2.0/713.0+/-2.0; switch onset=L260; last complete picture=L259; band bottom=L262",259,286,521,525,525,cv_inspected,"commercial tape; raw first pass-through row is picture; dark first band retained; raw three-third displacement L522=0.648,0.466,1.304/L523=4.179,1.615,2.431/L524=1.796,1.221,1.234/L525=1.011,1.173,2.184; peak=L523 margin=1.994; split fraction/run=0.243/16; outer edges=7/714; body=8.0+/-2.0/713.0+/-2.0; switch onset=L522; last complete picture=L521; band bottom=L525; raw per-unit candidate L522 disagrees; pooled raw-row displacement of the continuous stable lock resolves L521; row Y(mean/std) L285=1.373/0.484 L286=176.941/17.293 L287=178.181/16.863 L521=90.967/15.639 L522=90.586/15.936 L525=55.127/28.045",522,0,0
1037,7079,23,259,262,262,cv_inspected,"commercial tape; raw first pass-through row is picture; dark first band retained; raw three-third displacement L259=0.530,0.497,1.715/L260=0.905,0.885,3.065/L261=5.029,1.091,1.738/L262=0.259,0.621,1.593; peak=L261 margin=1.963; split fraction/run=0.598/84; outer edges=7/714; body=8.0+/-2.0/713.0+/-2.0; switch onset=L260; last complete picture=L259; band bottom=L262; row Y(mean/std) L22=1.370/0.483 L23=189.162/16.655 L24=188.209/16.801 L259=89.505/14.924 L260=80.225/16.744 L262=51.862/30.132",259,286,521,525,525,cv_inspected,"commercial tape; raw first pass-through row is picture; dark first band retained; raw three-third displacement L522=0.756,0.541,0.952/L523=4.028,1.944,2.349/L524=1.561,1.371,1.055/L525=0.961,1.187,2.291; peak=L523 margin=1.737; split fraction/run=0.174/21; outer edges=8/714; body=8.0+/-2.0/713.0+/-2.0; switch onset=L522; last complete picture=L521; band bottom=L525; raw per-unit candidate L522 disagrees; pooled raw-row displacement of the continuous stable lock resolves L521; row Y(mean/std) L285=1.375/0.484 L286=190.066/16.178 L287=186.022/15.899 L521=88.217/14.638 L522=89.741/14.947 L525=55.167/27.668",522,0,0
1038,7080,23,259,262,262,direct,"commercial tape; raw first pass-through row is picture; dark first band retained; raw three-third displacement L259=0.723,0.367,1.301/L260=1.013,0.901,3.081/L261=5.154,1.159,2.657/L262=0.239,0.713,1.637; peak=L261 margin=2.073; split fraction/run=0.528/35; outer edges=8/685; body=8.0+/-2.0/713.0+/-2.0; switch onset=L260; last complete picture=L259; band bottom=L262",259,286,521,525,525,cv_inspected,"commercial tape; raw first pass-through row is picture; dark first band retained; raw three-third displacement L522=0.814,0.494,1.026/L523=4.584,1.604,3.045/L524=1.973,0.789,0.867/L525=0.900,1.111,1.705; peak=L523 margin=2.611; split fraction/run=0.099/8; outer edges=7/714; body=8.0+/-2.0/713.0+/-2.0; switch onset=L522; last complete picture=L521; band bottom=L525; raw per-unit candidate L522 disagrees; pooled raw-row displacement of the continuous stable lock resolves L521; row Y(mean/std) L285=1.372/0.483 L286=194.123/15.551 L287=191.614/15.518 L521=91.025/14.686 L522=92.572/18.421 L525=51.156/25.439",522,0,0
1039,7081,23,259,262,262,direct,"commercial tape; raw first pass-through row is picture; dark first band retained; raw three-third displacement L259=0.834,0.487,1.240/L260=1.011,1.123,3.176/L261=5.065,1.436,3.688/L262=0.247,0.836,1.979; peak=L261 margin=1.889; split fraction/run=0.362/27; outer edges=8/664; body=8.0+/-2.0/713.0+/-2.0; switch onset=L260; last complete picture=L259; band bottom=L262",259,286,521,525,525,cv_inspected,"commercial tape; raw first pass-through row is picture; dark first band retained; raw three-third displacement L522=0.838,0.654,0.640/L523=4.494,1.723,2.306/L524=1.699,1.058,1.044/L525=1.293,1.104,2.066; peak=L523 margin=2.428; split fraction/run=0.183/9; outer edges=7/714; body=8.0+/-2.0/713.0+/-2.0; switch onset=L522; last complete picture=L521; band bottom=L525; raw per-unit candidate L522 disagrees; pooled raw-row displacement of the continuous stable lock resolves L521; row Y(mean/std) L285=1.384/0.486 L286=190.762/15.689 L287=187.273/15.994 L521=89.953/14.166 L522=91.520/15.044 L525=53.700/26.581",522,0,0
1040,7082,23,259,262,262,cv_inspected,"commercial tape; raw first pass-through row is picture; dark first band retained; raw three-third displacement L259=0.854,0.463,0.722/L260=1.188,1.707,2.850/L261=5.311,1.527,2.144/L262=0.322,0.823,1.204; peak=L261 margin=2.461; split fraction/run=0.481/67; outer edges=8/714; body=8.0+/-2.0/713.0+/-2.0; switch onset=L260; last complete picture=L259; band bottom=L262; row Y(mean/std) L22=1.361/0.480 L23=192.955/15.440 L24=187.866/16.092 L259=88.370/14.762 L260=81.202/24.463 L262=50.419/28.591",259,286,521,525,525,cv_inspected,"commercial tape; raw first pass-through row is picture; dark first band retained; raw three-third displacement L522=0.684,0.551,0.761/L523=3.842,1.605,2.063/L524=1.406,0.838,1.026/L525=1.116,1.239,2.116; peak=L523 margin=1.726; split fraction/run=0.188/16; outer edges=8/714; body=8.0+/-2.0/713.0+/-2.0; switch onset=L522; last complete picture=L521; band bottom=L525; raw per-unit candidate L522 disagrees; pooled raw-row displacement of the continuous stable lock resolves L521; row Y(mean/std) L285=1.380/0.485 L286=177.094/16.791 L287=178.078/16.269 L521=88.880/13.406 L522=88.736/13.460 L525=51.659/25.483",522,0,0
1041,7083,23,259,262,262,cv_inspected,"commercial tape; raw first pass-through row is picture; dark first band retained; raw three-third displacement L259=0.697,0.431,0.868/L260=0.969,1.523,3.152/L261=4.966,1.517,2.166/L262=0.231,0.558,1.132; peak=L261 margin=1.814; split fraction/run=0.579/68; outer edges=8/714; body=8.0+/-2.0/713.0+/-2.0; switch onset=L260; last complete picture=L259; band bottom=L262; row Y(mean/std) L22=1.381/0.486 L23=186.808/15.880 L24=186.653/15.560 L259=88.902/14.733 L260=81.395/21.740 L262=51.920/29.579",259,286,521,525,525,cv_inspected,"commercial tape; raw first pass-through row is picture; dark first band retained; raw three-third displacement L522=0.791,0.481,0.729/L523=4.371,2.610,3.079/L524=1.642,1.536,0.949/L525=0.940,1.090,2.286; peak=L523 margin=2.085; split fraction/run=0.164/11; outer edges=8/714; body=8.0+/-2.0/713.0+/-2.0; switch onset=L522; last complete picture=L521; band bottom=L525; raw per-unit candidate L522 disagrees; pooled raw-row displacement of the continuous stable lock resolves L521; row Y(mean/std) L285=1.367/0.482 L286=190.439/15.810 L287=186.702/15.645 L521=87.902/14.580 L522=91.523/16.156 L525=49.211/25.024",522,0,0
1042,7084,23,259,262,262,direct,"commercial tape; raw first pass-through row is picture; dark first band retained; raw three-third displacement L259=0.693,0.414,1.078/L260=1.055,1.384,3.436/L261=5.185,1.846,2.641/L262=0.280,0.574,1.518; peak=L261 margin=1.749; split fraction/run=0.528/57; outer edges=8/662; body=9.0+/-2.0/713.0+/-2.0; switch onset=L260; last complete picture=L259; band bottom=L262",259,286,521,525,525,cv_inspected,"commercial tape; raw first pass-through row is picture; dark first band retained; raw three-third displacement L522=0.610,0.451,0.853/L523=4.487,1.093,2.193/L524=1.681,0.586,1.043/L525=0.917,1.051,2.263; peak=L523 margin=2.224; split fraction/run=0.155/11; outer edges=7/714; body=8.0+/-2.0/713.0+/-2.0; switch onset=L522; last complete picture=L521; band bottom=L525; raw per-unit candidate L522 disagrees; pooled raw-row displacement of the continuous stable lock resolves L521; row Y(mean/std) L285=1.370/0.483 L286=190.716/15.722 L287=188.234/15.392 L521=88.825/14.658 L522=90.453/15.461 L525=56.520/28.272",522,0,0
1043,7085,23,259,262,262,cv_inspected,"commercial tape; raw first pass-through row is picture; dark first band retained; raw three-third displacement L259=0.601,0.320,0.657/L260=0.831,1.494,2.466/L261=4.932,1.602,3.223/L262=0.236,0.533,1.672; peak=L261 margin=2.466; split fraction/run=0.413/35; outer edges=7/714; body=8.0+/-2.0/713.0+/-2.0; switch onset=L260; last complete picture=L259; band bottom=L262; raw per-unit candidate L260 disagrees; pooled raw-row displacement of the continuous stable lock resolves L259; row Y(mean/std) L22=1.369/0.482 L23=187.156/17.029 L24=185.672/16.039 L259=89.567/14.397 L260=82.289/23.182 L262=52.770/30.149",260,286,521,525,525,direct,"commercial tape; raw first pass-through row is picture; dark first band retained; raw three-third displacement L522=0.635,0.525,0.624/L523=4.134,1.248,1.930/L524=1.611,0.526,0.992/L525=0.907,1.128,1.973; peak=L523 margin=2.161; split fraction/run=0.136/8; outer edges=7/689; body=8.0+/-2.0/713.0+/-2.0; switch onset=L522; last complete picture=L521; band bottom=L525",521,0,0
1044,7086,23,259,262,262,direct,"commercial tape; raw first pass-through row is picture; dark first band retained; raw three-third displacement L259=0.703,0.510,0.961/L260=0.616,1.230,4.117/L261=5.169,1.373,2.813/L262=0.319,0.686,1.248; peak=L261 margin=1.052; split fraction/run=0.519/63; outer edges=8/648; body=8.0+/-2.0/713.0+/-2.0; switch onset=L260; last complete picture=L259; band bottom=L262",259,286,521,525,525,direct,"commercial tape; raw first pass-through row is picture; dark first band retained; raw three-third displacement L522=0.571,0.597,1.172/L523=4.580,1.399,2.927/L524=2.417,0.549,0.906/L525=0.947,1.065,2.172; peak=L523 margin=2.163; split fraction/run=0.183/11; outer edges=7/680; body=8.0+/-2.0/713.0+/-2.0; switch onset=L522; last complete picture=L521; band bottom=L525",521,0,0
1045,7087,23,259,262,262,direct,"commercial tape; raw first pass-through row is picture; dark first band retained; raw three-third displacement L259=0.729,0.503,1.031/L260=0.838,1.322,3.958/L261=5.064,1.329,1.971/L262=0.241,0.420,1.056; peak=L261 margin=1.106; split fraction/run=0.603/78; outer edges=6/686; body=8.0+/-2.0/713.0+/-2.0; switch onset=L260; last complete picture=L259; band bottom=L262",259,286,521,525,525,direct,"commercial tape; raw first pass-through row is picture; dark first band retained; raw three-third displacement L522=0.730,0.822,0.773/L523=3.873,1.518,2.726/L524=1.245,1.195,1.060/L525=0.819,0.940,1.806; peak=L523 margin=2.067; split fraction/run=0.235/10; outer edges=7/675; body=8.0+/-2.0/713.0+/-2.0; switch onset=L522; last complete picture=L521; band bottom=L525",521,0,0
1046,7088,23,259,262,262,cv_inspected,"commercial tape; raw first pass-through row is picture; dark first band retained; raw three-third displacement L259=0.599,0.627,0.702/L260=1.308,1.378,3.919/L261=4.667,1.691,2.643/L262=0.231,0.473,1.320; peak=L261 margin=0.748; split fraction/run=0.575/79; outer edges=7/714; body=8.0+/-2.0/713.0+/-2.0; switch onset=L260; last complete picture=L259; band bottom=L262; row Y(mean/std) L22=1.373/0.484 L23=179.728/14.470 L24=174.742/14.402 L259=87.483/17.395 L260=79.841/21.904 L262=45.711/25.544",259,286,521,525,525,cv_inspected,"commercial tape; raw first pass-through row is picture; dark first band retained; raw three-third displacement L522=0.826,0.637,0.721/L523=3.906,1.212,2.507/L524=1.264,0.812,1.067/L525=0.784,0.912,2.006; peak=L523 margin=1.900; split fraction/run=0.155/9; outer edges=8/714; body=8.0+/-2.0/713.0+/-2.0; switch onset=L522; last complete picture=L521; band bottom=L525; raw per-unit candidate L522 disagrees; pooled raw-row displacement of the continuous stable lock resolves L521; row Y(mean/std) L285=1.400/0.490 L286=183.966/14.175 L287=184.011/13.669 L521=86.495/18.179 L522=86.664/17.881 L525=52.159/25.416",522,0,0
1047,7089,23,259,262,262,cv_inspected,"commercial tape; raw first pass-through row is picture; dark first band retained; raw three-third displacement L259=0.777,0.478,1.098/L260=1.247,1.050,3.817/L261=5.297,1.204,2.572/L262=0.206,0.547,1.229; peak=L261 margin=1.480; split fraction/run=0.565/68; outer edges=7/714; body=8.0+/-2.0/713.0+/-2.0; switch onset=L260; last complete picture=L259; band bottom=L262; row Y(mean/std) L22=1.370/0.483 L23=184.422/14.508 L24=182.069/13.988 L259=88.150/14.915 L260=84.995/21.541 L262=50.309/27.925",259,286,521,525,525,cv_inspected,"commercial tape; raw first pass-through row is picture; dark first band retained; raw three-third displacement L522=0.775,0.682,0.962/L523=3.933,1.398,2.101/L524=1.519,0.927,0.746/L525=0.898,1.019,2.062; peak=L523 margin=1.872; split fraction/run=0.235/9; outer edges=7/714; body=8.0+/-2.0/713.0+/-2.0; switch onset=L522; last complete picture=L521; band bottom=L525; raw per-unit candidate L522 disagrees; pooled raw-row displacement of the continuous stable lock resolves L521; row Y(mean/std) L285=1.397/0.489 L286=186.122/14.607 L287=182.184/13.672 L521=88.144/15.104 L522=89.497/15.979 L525=55.614/26.491",522,0,0
1048,7090,23,259,262,262,cv_inspected,"commercial tape; raw first pass-through row is picture; dark first band retained; raw three-third displacement L259=0.698,0.456,0.656/L260=1.471,1.246,2.395/L261=5.275,1.175,1.986/L262=0.471,0.747,1.508; peak=L261 margin=2.880; split fraction/run=0.458/30; outer edges=8/714; body=9.0+/-2.0/713.0+/-2.0; switch onset=L260; last complete picture=L259; band bottom=L262; raw per-unit candidate L260 disagrees; pooled raw-row displacement of the continuous stable lock resolves L259; row Y(mean/std) L22=1.350/0.477 L23=188.598/14.897 L24=182.041/14.490 L259=87.303/14.635 L260=79.659/21.294 L262=50.972/27.504",260,286,521,525,525,cv_inspected,"commercial tape; raw first pass-through row is picture; dark first band retained; raw three-third displacement L522=0.689,0.684,1.237/L523=4.091,2.184,3.360/L524=2.031,1.570,1.133/L525=0.938,1.029,1.969; peak=L523 margin=2.060; split fraction/run=0.174/10; outer edges=6/714; body=8.0+/-2.0/713.0+/-2.0; switch onset=L522; last complete picture=L521; band bottom=L525; raw per-unit candidate L522 disagrees; pooled raw-row displacement of the continuous stable lock resolves L521; row Y(mean/std) L285=1.395/0.489 L286=182.975/14.424 L287=182.541/13.718 L521=86.223/16.039 L522=89.675/14.986 L525=46.834/22.814",522,0,0
1049,7091,23,259,262,262,cv_inspected,"commercial tape; raw first pass-through row is picture; dark first band retained; raw three-third displacement L259=0.698,0.557,0.746/L260=1.440,1.249,2.717/L261=5.078,1.169,2.020/L262=0.479,0.612,1.681; peak=L261 margin=2.362; split fraction/run=0.509/36; outer edges=7/714; body=8.0+/-2.0/713.0+/-2.0; switch onset=L260; last complete picture=L259; band bottom=L262; raw per-unit candidate L260 disagrees; pooled raw-row displacement of the continuous stable lock resolves L259; row Y(mean/std) L22=1.369/0.482 L23=182.748/14.604 L24=181.673/14.161 L259=86.553/14.564 L260=77.548/19.842 L262=49.678/27.013",260,286,521,525,525,cv_inspected,"commercial tape; raw first pass-through row is picture; dark first band retained; raw three-third displacement L522=0.803,0.577,0.827/L523=4.197,1.424,2.120/L524=1.600,1.126,1.392/L525=1.110,1.290,2.329; peak=L523 margin=1.868; split fraction/run=0.141/12; outer edges=8/714; body=8.0+/-2.0/713.0+/-2.0; switch onset=L522; last complete picture=L521; band bottom=L525; raw per-unit candidate L522 disagrees; pooled raw-row displacement of the continuous stable lock resolves L521; row Y(mean/std) L285=1.387/0.487 L286=186.084/14.457 L287=182.014/13.418 L521=86.219/15.866 L522=87.203/14.702 L525=51.436/24.873",522,0,0
1050,7092,23,259,262,262,cv_inspected,"commercial tape; raw first pass-through row is picture; dark first band retained; raw three-third displacement L259=0.702,0.581,0.687/L260=1.349,1.193,2.443/L261=5.413,1.337,2.156/L262=0.392,0.586,1.560; peak=L261 margin=2.970; split fraction/run=0.444/41; outer edges=8/714; body=8.0+/-2.0/713.0+/-2.0; switch onset=L260; last complete picture=L259; band bottom=L262; raw per-unit candidate L260 disagrees; pooled raw-row displacement of the continuous stable lock resolves L259; row Y(mean/std) L22=1.369/0.482 L23=180.195/14.892 L24=175.253/15.166 L259=88.550/15.105 L260=84.041/18.507 L262=48.913/26.683",260,286,521,525,525,cv_inspected,"commercial tape; raw first pass-through row is picture; dark first band retained; raw three-third displacement L522=0.548,0.428,0.611/L523=4.048,0.979,1.863/L524=1.719,0.646,1.023/L525=0.981,1.084,1.982; peak=L523 margin=2.066; split fraction/run=0.221/8; outer edges=8/714; body=8.0+/-2.0/713.0+/-2.0; switch onset=L522; last complete picture=L521; band bottom=L525; raw per-unit candidate L522 disagrees; pooled raw-row displacement of the continuous stable lock resolves L521; row Y(mean/std) L285=1.373/0.484 L286=171.089/15.030 L287=171.934/14.520 L521=86.842/14.719 L522=87.927/14.117 L525=53.325/25.948",522,0,0
1051,7093,23,259,262,262,direct,"commercial tape; raw first pass-through row is picture; dark first band retained; raw three-third displacement L259=0.588,0.578,0.767/L260=0.742,1.234,2.744/L261=5.012,1.268,2.074/L262=0.451,0.500,1.299; peak=L261 margin=2.268; split fraction/run=0.453/44; outer edges=7/697; body=9.0+/-2.0/713.0+/-2.0; switch onset=L260; last complete picture=L259; band bottom=L262",259,286,521,525,525,cv_inspected,"commercial tape; raw first pass-through row is picture; dark first band retained; raw three-third displacement L522=0.722,0.605,0.763/L523=4.036,1.718,1.805/L524=1.907,1.206,1.056/L525=1.211,0.989,2.002; peak=L523 margin=2.034; split fraction/run=0.192/21; outer edges=7/714; body=8.0+/-2.0/713.0+/-2.0; switch onset=L522; last complete picture=L521; band bottom=L525; raw per-unit candidate L522 disagrees; pooled raw-row displacement of the continuous stable lock resolves L521; row Y(mean/std) L285=1.377/0.485 L286=186.366/14.262 L287=182.295/13.935 L521=84.039/12.704 L522=85.711/14.349 L525=52.798/25.221",522,0,0
1052,7094,23,259,262,262,direct,"commercial tape; raw first pass-through row is picture; dark first band retained; raw three-third displacement L259=0.657,0.513,1.392/L260=0.806,1.683,3.213/L261=5.117,1.510,2.433/L262=0.331,0.645,1.442; peak=L261 margin=1.904; split fraction/run=0.512/47; outer edges=8/663; body=8.0+/-2.0/713.0+/-2.0; switch onset=L260; last complete picture=L259; band bottom=L262",259,286,521,525,525,cv_inspected,"commercial tape; raw first pass-through row is picture; dark first band retained; raw three-third displacement L522=0.671,0.400,0.966/L523=4.001,1.170,1.818/L524=1.912,0.589,0.906/L525=1.214,1.002,1.926; peak=L523 margin=2.075; split fraction/run=0.210/16; outer edges=8/714; body=8.0+/-2.0/713.0+/-2.0; switch onset=L522; last complete picture=L521; band bottom=L525; raw per-unit candidate L522 disagrees; pooled raw-row displacement of the continuous stable lock resolves L521; row Y(mean/std) L285=1.367/0.482 L286=185.927/13.819 L287=183.342/13.618 L521=87.656/14.145 L522=87.391/12.975 L525=56.970/27.776",522,0,0
1053,7095,23,259,262,262,cv_inspected,"commercial tape; raw first pass-through row is picture; dark first band retained; raw three-third displacement L259=0.684,0.373,0.935/L260=0.781,1.277,4.603/L261=4.862,1.306,3.534/L262=0.276,0.444,0.996; peak=L261 margin=0.258; split fraction/run=0.486/76; outer edges=8/623; body=9.0+/-2.0/713.0+/-2.0; switch onset=L260; last complete picture=L259; band bottom=L262; row Y(mean/std) L22=1.392/0.488 L23=182.231/14.043 L24=180.106/13.769 L259=89.128/13.598 L260=76.639/24.111 L262=48.403/26.798",259,286,521,525,525,direct,"commercial tape; raw first pass-through row is picture; dark first band retained; raw three-third displacement L522=0.714,0.492,1.161/L523=4.709,1.158,2.259/L524=1.520,0.508,1.077/L525=1.215,1.263,2.535; peak=L523 margin=2.174; split fraction/run=0.178/10; outer edges=7/689; body=8.0+/-2.0/713.0+/-2.0; switch onset=L522; last complete picture=L521; band bottom=L525",521,0,0
1054,7096,23,259,262,262,direct,"commercial tape; raw first pass-through row is picture; dark first band retained; raw three-third displacement L259=0.669,0.430,0.863/L260=0.944,1.366,2.969/L261=4.826,1.270,2.291/L262=0.468,0.699,1.397; peak=L261 margin=1.857; split fraction/run=0.521/43; outer edges=7/609; body=9.0+/-2.0/713.0+/-2.0; switch onset=L260; last complete picture=L259; band bottom=L262",259,286,521,525,525,cv_inspected,"commercial tape; raw first pass-through row is picture; dark first band retained; raw three-third displacement L522=0.719,0.499,1.084/L523=4.203,0.537,2.047/L524=1.612,0.897,1.226/L525=1.249,1.173,2.268; peak=L523 margin=1.934; split fraction/run=0.404/13; outer edges=7/714; body=8.0+/-2.0/713.0+/-2.0; switch onset=L522; last complete picture=L521; band bottom=L525; raw per-unit candidate L522 disagrees; pooled raw-row displacement of the continuous stable lock resolves L521; row Y(mean/std) L285=1.377/0.485 L286=179.041/12.566 L287=179.098/12.081 L521=85.859/14.375 L522=87.434/15.288 L525=50.861/25.402",522,0,0
1055,7097,23,259,262,262,direct,"commercial tape; raw first pass-through row is picture; dark first band retained; raw three-third displacement L259=0.886,0.554,1.285/L260=0.984,1.441,4.141/L261=4.987,1.554,3.490/L262=0.405,0.665,1.140; peak=L261 margin=0.846; split fraction/run=0.453/44; outer edges=7/629; body=9.0+/-2.0/713.0+/-2.0; switch onset=L260; last complete picture=L259; band bottom=L262",259,286,521,525,525,cv_inspected,"commercial tape; raw first pass-through row is picture; dark first band retained; raw three-third displacement L522=0.855,0.589,1.079/L523=4.059,1.426,2.214/L524=1.765,0.646,0.951/L525=1.117,1.212,2.345; peak=L523 margin=1.713; split fraction/run=0.169/13; outer edges=7/714; body=8.0+/-2.0/713.0+/-2.0; switch onset=L522; last complete picture=L521; band bottom=L525; raw per-unit candidate L522 disagrees; pooled raw-row displacement of the continuous stable lock resolves L521; row Y(mean/std) L285=1.358/0.479 L286=181.369/11.769 L287=178.228/11.306 L521=86.147/14.254 L522=89.877/17.662 L525=52.527/25.536",522,0,0
1056,7098,23,259,262,262,cv_inspected,"commercial tape; raw first pass-through row is picture; dark first band retained; raw three-third displacement L259=0.766,0.406,1.160/L260=1.257,1.674,2.703/L261=5.591,1.450,2.287/L262=0.278,0.756,1.465; peak=L261 margin=2.888; split fraction/run=0.540/38; outer edges=7/714; body=9.0+/-2.0/713.0+/-2.0; switch onset=L260; last complete picture=L259; band bottom=L262; raw per-unit candidate L260 disagrees; pooled raw-row displacement of the continuous stable lock resolves L259; row Y(mean/std) L22=1.378/0.485 L23=183.648/11.241 L24=177.792/11.933 L259=88.633/14.077 L260=87.281/25.378 L262=53.708/30.109",260,286,521,525,525,direct,"commercial tape; raw first pass-through row is picture; dark first band retained; raw three-third displacement L522=0.673,0.433,1.458/L523=4.077,2.312,2.512/L524=1.845,1.269,0.830/L525=1.086,0.880,2.144; peak=L523 margin=1.933; split fraction/run=0.210/17; outer edges=8/667; body=8.0+/-2.0/713.0+/-2.0; switch onset=L522; last complete picture=L521; band bottom=L525",521,0,0
1057,7099,23,259,262,262,cv_inspected,"commercial tape; raw first pass-through row is picture; dark first band retained; raw three-third displacement L259=0.527,0.306,0.694/L260=0.702,1.088,2.670/L261=4.894,0.936,1.743/L262=0.183,0.560,1.071; peak=L261 margin=2.223; split fraction/run=0.502/48; outer edges=8/714; body=9.0+/-2.0/713.0+/-2.0; switch onset=L260; last complete picture=L259; band bottom=L262; raw per-unit candidate L260 disagrees; pooled raw-row displacement of the continuous stable lock resolves L259; row Y(mean/std) L22=1.384/0.486 L23=181.711/11.043 L24=178.786/11.097 L259=88.722/15.101 L260=82.314/14.457 L262=56.061/31.032",260,286,521,525,525,cv_inspected,"commercial tape; raw first pass-through row is picture; dark first band retained; raw three-third displacement L522=0.711,0.409,0.597/L523=4.239,1.251,2.227/L524=1.798,0.759,1.166/L525=1.025,1.340,2.125; peak=L523 margin=2.114; split fraction/run=0.155/16; outer edges=8/714; body=8.0+/-2.0/713.0+/-2.0; switch onset=L522; last complete picture=L521; band bottom=L525; raw per-unit candidate L522 disagrees; pooled raw-row displacement of the continuous stable lock resolves L521; row Y(mean/std) L285=1.405/0.491 L286=172.427/11.129 L287=172.059/10.952 L521=89.934/14.886 L522=93.578/16.822 L525=58.103/29.046",522,0,0
1058,7100,23,259,262,262,direct,"commercial tape; raw first pass-through row is picture; dark first band retained; raw three-third displacement L259=0.464,0.527,0.838/L260=0.751,1.121,2.572/L261=5.042,0.942,1.540/L262=0.328,0.578,1.025; peak=L261 margin=2.469; split fraction/run=0.526/44; outer edges=8/699; body=9.0+/-2.0/713.0+/-2.0; switch onset=L260; last complete picture=L259; band bottom=L262",259,286,521,525,525,cv_inspected,"commercial tape; raw first pass-through row is picture; dark first band retained; raw three-third displacement L522=0.419,0.417,0.942/L523=4.085,1.040,2.172/L524=1.777,0.510,0.722/L525=1.095,0.901,1.839; peak=L523 margin=2.246; split fraction/run=0.136/8; outer edges=7/714; body=8.0+/-2.0/713.0+/-2.0; switch onset=L522; last complete picture=L521; band bottom=L525; raw per-unit candidate L522 disagrees; pooled raw-row displacement of the continuous stable lock resolves L521; row Y(mean/std) L285=1.383/0.486 L286=182.003/10.628 L287=180.117/10.153 L521=88.556/13.275 L522=88.695/13.947 L525=56.794/27.780",522,0,0
1059,7101,23,259,262,262,cv_inspected,"commercial tape; raw first pass-through row is picture; dark first band retained; raw three-third displacement L259=0.377,0.309,0.677/L260=0.679,0.797,2.113/L261=5.009,1.042,1.787/L262=0.210,0.372,0.955; peak=L261 margin=2.897; split fraction/run=0.491/33; outer edges=8/714; body=9.0+/-2.0/713.0+/-2.0; switch onset=L260; last complete picture=L259; band bottom=L262; raw per-unit candidate L260 disagrees; pooled raw-row displacement of the continuous stable lock resolves L259; row Y(mean/std) L22=1.361/0.480 L23=179.947/10.773 L24=177.827/10.976 L259=91.391/12.562 L260=81.252/14.146 L262=54.131/29.509",260,286,521,525,525,cv_inspected,"commercial tape; raw first pass-through row is picture; dark first band retained; raw three-third displacement L522=0.348,0.460,0.441/L523=4.306,1.280,1.870/L524=2.002,0.792,0.743/L525=1.205,1.172,1.970; peak=L523 margin=2.304; split fraction/run=0.164/11; outer edges=7/714; body=8.0+/-2.0/713.0+/-2.0; switch onset=L522; last complete picture=L521; band bottom=L525; raw per-unit candidate L522 disagrees; pooled raw-row displacement of the continuous stable lock resolves L521; row Y(mean/std) L285=1.389/0.488 L286=176.938/10.404 L287=174.934/10.634 L521=91.439/13.896 L522=92.287/14.409 L525=56.239/28.335",522,0,0
1060,7102,23,259,262,262,cv_inspected,"commercial tape; raw first pass-through row is picture; dark first band retained; raw three-third displacement L259=0.334,0.316,0.658/L260=0.678,0.719,2.631/L261=5.370,1.041,2.344/L262=0.182,0.314,0.743; peak=L261 margin=2.740; split fraction/run=0.589/40; outer edges=8/707; body=9.0+/-2.0/713.0+/-2.0; switch onset=L260; last complete picture=L259; band bottom=L262; row Y(mean/std) L22=1.392/0.488 L23=182.363/11.106 L24=178.402/11.345 L259=93.998/14.942 L260=87.014/16.107 L262=52.586/29.529",259,286,521,525,525,direct,"commercial tape; raw first pass-through row is picture; dark first band retained; raw three-third displacement L522=0.317,0.351,0.780/L523=4.453,0.850,2.465/L524=2.064,0.422,0.850/L525=1.173,0.989,1.702; peak=L523 margin=2.388; split fraction/run=0.178/8; outer edges=7/672; body=8.0+/-2.0/713.0+/-2.0; switch onset=L522; last complete picture=L521; band bottom=L525",521,0,0
1061,7103,23,259,262,262,cv_inspected,"commercial tape; raw first pass-through row is picture; dark first band retained; raw three-third displacement L259=0.367,0.306,0.633/L260=0.723,0.871,2.802/L261=5.364,0.822,1.618/L262=0.194,0.398,0.723; peak=L261 margin=2.562; split fraction/run=0.598/40; outer edges=8/714; body=9.0+/-2.0/713.0+/-2.0; switch onset=L260; last complete picture=L259; band bottom=L262; raw per-unit candidate L260 disagrees; pooled raw-row displacement of the continuous stable lock resolves L259; row Y(mean/std) L22=1.361/0.480 L23=178.870/10.693 L24=178.295/11.107 L259=98.164/13.918 L260=87.180/15.208 L262=58.064/32.518",260,286,521,525,525,cv_inspected,"commercial tape; raw first pass-through row is picture; dark first band retained; raw three-third displacement L522=0.440,0.406,0.798/L523=5.155,1.486,4.470/L524=2.323,0.680,0.582/L525=1.028,0.990,1.936; peak=L523 margin=2.832; split fraction/run=0.108/10; outer edges=8/714; body=8.0+/-2.0/713.0+/-2.0; switch onset=L522; last complete picture=L521; band bottom=L525; raw per-unit candidate L522 disagrees; pooled raw-row displacement of the continuous stable lock resolves L521; row Y(mean/std) L285=1.381/0.486 L286=186.409/10.424 L287=182.581/10.300 L521=99.522/12.391 L522=101.272/14.101 L525=51.684/26.135",522,0,0
1062,7104,23,259,262,262,cv_inspected,"commercial tape; raw first pass-through row is picture; dark first band retained; raw three-third displacement L259=0.307,0.443,0.892/L260=0.775,1.063,5.422/L261=5.477,1.444,2.793/L262=0.154,0.551,1.222; peak=L261 margin=0.055; split fraction/run=0.734/61; outer edges=7/714; body=9.0+/-2.0/713.0+/-2.0; switch onset=L260; last complete picture=L259; band bottom=L262; raw per-unit candidate L260 disagrees; pooled raw-row displacement of the continuous stable lock resolves L259; row Y(mean/std) L22=1.380/0.485 L23=182.439/10.936 L24=178.287/11.313 L259=103.912/11.277 L260=90.955/29.232 L262=53.066/29.393",260,286,521,525,525,cv_inspected,"commercial tape; raw first pass-through row is picture; dark first band retained; raw three-third displacement L522=0.351,0.395,1.365/L523=4.437,0.703,2.743/L524=1.501,0.544,1.218/L525=1.067,1.134,2.120; peak=L523 margin=2.317; split fraction/run=0.197/17; outer edges=8/714; body=8.0+/-2.0/713.0+/-2.0; switch onset=L522; last complete picture=L521; band bottom=L525; raw per-unit candidate L522 disagrees; pooled raw-row displacement of the continuous stable lock resolves L521; row Y(mean/std) L285=1.364/0.481 L286=184.336/10.055 L287=182.530/10.142 L521=105.617/9.899 L522=105.030/15.994 L525=58.780/28.549",522,0,0
1063,7105,23,259,262,262,cv_inspected,"commercial tape; raw first pass-through row is picture; dark first band retained; raw three-third displacement L259=0.471,0.483,0.845/L260=0.740,1.151,2.738/L261=5.532,1.098,3.106/L262=0.317,0.620,1.666; peak=L261 margin=2.794; split fraction/run=0.416/32; outer edges=8/714; body=9.0+/-2.0/713.0+/-2.0; switch onset=L260; last complete picture=L259; band bottom=L262; raw per-unit candidate L260 disagrees; pooled raw-row displacement of the continuous stable lock resolves L259; row Y(mean/std) L22=1.372/0.483 L23=176.812/11.244 L24=176.697/10.727 L259=104.503/9.823 L260=96.175/20.131 L262=58.736/31.491",260,286,521,525,525,cv_inspected,"commercial tape; raw first pass-through row is picture; dark first band retained; raw three-third displacement L522=0.431,0.560,1.252/L523=4.639,0.888,2.631/L524=1.563,0.473,1.135/L525=1.145,1.082,2.159; peak=L523 margin=2.480; split fraction/run=0.315/23; outer edges=7/714; body=8.0+/-2.0/713.0+/-2.0; switch onset=L522; last complete picture=L521; band bottom=L525; raw per-unit candidate L522 disagrees; pooled raw-row displacement of the continuous stable lock resolves L521; row Y(mean/std) L285=1.389/0.488 L286=180.569/10.639 L287=176.558/10.265 L521=106.605/9.237 L522=106.477/15.789 L525=59.798/28.557",522,0,0
1064,7106,23,259,262,262,cv_inspected,"commercial tape; raw first pass-through row is picture; dark first band retained; raw three-third displacement L259=0.427,0.413,0.902/L260=0.784,1.187,4.163/L261=5.483,1.265,2.221/L262=0.360,0.721,1.721; peak=L261 margin=1.320; split fraction/run=0.664/45; outer edges=8/714; body=9.0+/-2.0/713.0+/-2.0; switch onset=L260; last complete picture=L259; band bottom=L262; raw per-unit candidate L260 disagrees; pooled raw-row displacement of the continuous stable lock resolves L259; row Y(mean/std) L22=1.383/0.486 L23=180.269/10.110 L24=176.637/10.849 L259=106.464/9.122 L260=95.206/27.101 L262=57.663/31.426",260,286,521,525,525,direct,"commercial tape; raw first pass-through row is picture; dark first band retained; raw three-third displacement L522=0.552,0.677,1.101/L523=4.288,0.960,2.418/L524=1.790,0.531,1.227/L525=1.134,0.993,2.235; peak=L523 margin=2.053; split fraction/run=0.338/14; outer edges=7/679; body=8.0+/-2.0/713.0+/-2.0; switch onset=L522; last complete picture=L521; band bottom=L525",521,0,0
1065,7107,23,259,262,262,direct,"commercial tape; raw first pass-through row is picture; dark first band retained; raw three-third displacement L259=0.527,0.525,0.779/L260=0.643,0.875,3.813/L261=5.582,1.266,3.000/L262=0.184,0.390,1.280; peak=L261 margin=1.769; split fraction/run=0.519/25; outer edges=8/664; body=9.0+/-2.0/713.0+/-2.0; switch onset=L260; last complete picture=L259; band bottom=L262",259,286,521,525,525,cv_inspected,"commercial tape; raw first pass-through row is picture; dark first band retained; raw three-third displacement L522=0.555,0.475,0.829/L523=4.514,1.258,2.592/L524=1.955,0.779,1.171/L525=1.004,0.951,2.021; peak=L523 margin=2.493; split fraction/run=0.178/10; outer edges=8/714; body=8.0+/-2.0/713.0+/-2.0; switch onset=L522; last complete picture=L521; band bottom=L525; raw per-unit candidate L522 disagrees; pooled raw-row displacement of the continuous stable lock resolves L521; row Y(mean/std) L285=1.370/0.483 L286=179.952/10.439 L287=176.661/9.854 L521=108.291/8.738 L522=108.075/12.220 L525=59.956/28.848",522,0,0
1066,7108,23,259,262,262,cv_inspected,"commercial tape; raw first pass-through row is picture; dark first band retained; raw three-third displacement L259=0.591,0.473,0.981/L260=0.795,0.824,2.411/L261=5.370,0.831,1.821/L262=0.307,0.635,2.032; peak=L261 margin=2.959; split fraction/run=0.523/53; outer edges=8/714; body=9.0+/-2.0/713.0+/-2.0; switch onset=L260; last complete picture=L259; band bottom=L262; raw per-unit candidate L260 disagrees; pooled raw-row displacement of the continuous stable lock resolves L259; row Y(mean/std) L22=1.381/0.486 L23=179.806/10.402 L24=174.534/10.314 L259=109.062/9.086 L260=98.412/11.979 L262=60.105/32.361",260,286,521,525,525,cv_inspected,"commercial tape; raw first pass-through row is picture; dark first band retained; raw three-third displacement L522=0.228,0.128,0.312/L523=4.325,0.892,2.253/L524=1.900,0.420,1.252/L525=0.334,0.571,1.396; peak=L523 margin=2.425; split fraction/run=0.037/4; outer edges=8/714; body=8.0+/-2.0/713.0+/-2.0; switch onset=L522; last complete picture=L521; band bottom=L525; raw per-unit candidate L522 disagrees; pooled raw-row displacement of the continuous stable lock resolves L521; row Y(mean/std) L285=1.361/0.480 L286=179.027/9.912 L287=177.002/10.015 L521=108.241/9.369 L522=107.911/8.201 L525=61.581/33.377",522,0,0
1067,7109,23,259,262,262,cv_inspected,"commercial tape; raw first pass-through row is picture; dark first band retained; raw three-third displacement L259=0.427,0.356,0.686/L260=0.854,0.962,2.364/L261=5.160,0.672,1.662/L262=0.226,0.493,1.683; peak=L261 margin=2.796; split fraction/run=0.596/50; outer edges=7/714; body=9.0+/-2.0/713.0+/-2.0; switch onset=L260; last complete picture=L259; band bottom=L262; raw per-unit candidate L260 disagrees; pooled raw-row displacement of the continuous stable lock resolves L259; row Y(mean/std) L22=1.378/0.485 L23=177.034/11.416 L24=174.459/10.694 L259=109.873/9.054 L260=98.514/9.746 L262=64.078/33.366",260,286,521,525,525,cv_inspected,"commercial tape; raw first pass-through row is picture; dark first band retained; raw three-third displacement L522=0.521,0.501,0.717/L523=4.228,1.264,2.247/L524=1.673,0.918,1.481/L525=1.234,1.253,2.308; peak=L523 margin=1.920; split fraction/run=0.211/8; outer edges=7/714; body=8.0+/-2.0/713.0+/-2.0; switch onset=L522; last complete picture=L521; band bottom=L525; raw per-unit candidate L522 disagrees; pooled raw-row displacement of the continuous stable lock resolves L521; row Y(mean/std) L285=1.369/0.482 L286=167.739/10.482 L287=167.861/11.851 L521=106.400/9.855 L522=108.097/9.811 L525=59.784/27.436",522,0,0
1068,7110,23,259,262,262,direct,"commercial tape; raw first pass-through row is picture; dark first band retained; raw three-third displacement L259=0.491,0.398,0.804/L260=0.693,1.275,2.492/L261=5.507,1.170,2.887/L262=0.188,0.499,1.585; peak=L261 margin=3.015; split fraction/run=0.441/30; outer edges=8/684; body=9.0+/-2.0/713.0+/-2.0; switch onset=L260; last complete picture=L259; band bottom=L262",259,286,521,525,525,cv_inspected,"commercial tape; raw first pass-through row is picture; dark first band retained; raw three-third displacement L522=0.571,0.575,0.753/L523=4.613,1.828,2.685/L524=1.766,1.108,1.360/L525=1.103,0.781,1.938; peak=L523 margin=2.674; split fraction/run=0.183/8; outer edges=7/714; body=8.0+/-2.0/713.0+/-2.0; switch onset=L522; last complete picture=L521; band bottom=L525; raw per-unit candidate L522 disagrees; pooled raw-row displacement of the continuous stable lock resolves L521; row Y(mean/std) L285=1.369/0.482 L286=169.627/10.904 L287=169.191/11.382 L521=109.573/10.172 L522=109.355/11.799 L525=58.853/26.643",522,0,0
1069,7111,23,259,262,262,cv_inspected,"commercial tape; raw first pass-through row is picture; dark first band retained; raw three-third displacement L259=0.390,0.512,0.857/L260=0.665,0.926,2.674/L261=5.320,1.005,1.966/L262=0.161,0.489,1.397; peak=L261 margin=2.646; split fraction/run=0.537/35; outer edges=7/714; body=9.0+/-2.0/713.0+/-2.0; switch onset=L260; last complete picture=L259; band bottom=L262; raw per-unit candidate L260 disagrees; pooled raw-row displacement of the continuous stable lock resolves L259; row Y(mean/std) L22=1.369/0.482 L23=176.477/10.411 L24=175.123/10.601 L259=111.291/10.309 L260=100.158/11.771 L262=63.794/32.615",260,286,521,525,525,direct,"commercial tape; raw first pass-through row is picture; dark first band retained; raw three-third displacement L522=0.645,0.646,0.750/L523=4.331,1.715,2.173/L524=1.519,1.580,1.744/L525=1.230,1.075,2.232; peak=L523 margin=2.099; split fraction/run=0.197/16; outer edges=7/697; body=8.0+/-2.0/713.0+/-2.0; switch onset=L522; last complete picture=L521; band bottom=L525",521,0,0
1070,7112,23,259,262,262,direct,"commercial tape; raw first pass-through row is picture; dark first band retained; raw three-third displacement L259=0.451,0.376,0.953/L260=0.743,1.025,2.630/L261=5.396,0.893,1.896/L262=0.239,0.717,1.836; peak=L261 margin=2.766; split fraction/run=0.570/41; outer edges=7/703; body=8.0+/-2.0/713.0+/-2.0; switch onset=L260; last complete picture=L259; band bottom=L262",259,286,521,525,525,direct,"commercial tape; raw first pass-through row is picture; dark first band retained; raw three-third displacement L522=0.517,0.504,1.151/L523=4.398,1.687,2.402/L524=1.464,1.167,1.128/L525=1.041,0.792,1.995; peak=L523 margin=2.404; split fraction/run=0.248/11; outer edges=7/681; body=8.0+/-2.0/713.0+/-2.0; switch onset=L522; last complete picture=L521; band bottom=L525",521,0,0
1071,7113,23,259,262,262,cv_inspected,"commercial tape; raw first pass-through row is picture; dark first band retained; raw three-third displacement L259=0.562,0.433,0.821/L260=0.852,1.218,2.792/L261=5.076,1.189,2.081/L262=0.404,1.156,2.514; peak=L261 margin=2.284; split fraction/run=0.579/40; outer edges=7/714; body=9.0+/-2.0/713.0+/-2.0; switch onset=L260; last complete picture=L259; band bottom=L262; raw per-unit candidate L260 disagrees; pooled raw-row displacement of the continuous stable lock resolves L259; row Y(mean/std) L22=1.386/0.487 L23=171.634/11.682 L24=171.958/11.559 L259=112.889/10.681 L260=102.567/15.618 L262=58.684/30.138",260,286,521,525,525,direct,"commercial tape; raw first pass-through row is picture; dark first band retained; raw three-third displacement L522=0.484,0.484,0.907/L523=4.154,1.100,2.514/L524=1.558,0.662,1.027/L525=1.012,1.094,2.191; peak=L523 margin=1.963; split fraction/run=0.169/7; outer edges=8/694; body=8.0+/-2.0/713.0+/-2.0; switch onset=L522; last complete picture=L521; band bottom=L525",521,0,0
1072,7114,23,259,262,262,cv_inspected,"commercial tape; raw first pass-through row is picture; dark first band retained; raw three-third displacement L259=0.526,0.410,0.959/L260=0.828,1.390,2.713/L261=5.093,1.222,2.396/L262=0.320,0.708,1.734; peak=L261 margin=2.380; split fraction/run=0.498/38; outer edges=7/714; body=9.0+/-2.0/713.0+/-2.0; switch onset=L260; last complete picture=L259; band bottom=L262; raw per-unit candidate L260 disagrees; pooled raw-row displacement of the continuous stable lock resolves L259; row Y(mean/std) L22=1.372/0.483 L23=175.552/11.944 L24=171.875/11.424 L259=113.933/10.428 L260=99.670/17.520 L262=64.864/33.151",260,286,521,525,525,cv_inspected,"commercial tape; raw first pass-through row is picture; dark first band retained; raw three-third displacement L522=0.440,0.604,0.916/L523=4.092,1.199,2.220/L524=1.501,0.754,1.116/L525=1.093,1.074,2.214; peak=L523 margin=1.879; split fraction/run=0.230/11; outer edges=7/714; body=8.0+/-2.0/713.0+/-2.0; switch onset=L522; last complete picture=L521; band bottom=L525; raw per-unit candidate L522 disagrees; pooled raw-row displacement of the continuous stable lock resolves L521; row Y(mean/std) L285=1.358/0.479 L286=162.694/12.268 L287=164.869/12.220 L521=111.789/12.948 L522=111.305/12.145 L525=65.519/29.158",522,0,0
1073,7115,23,259,262,262,cv_inspected,"commercial tape; raw first pass-through row is picture; dark first band retained; raw three-third displacement L259=0.606,0.349,1.087/L260=0.783,0.803,2.492/L261=5.593,1.570,3.622/L262=0.164,0.495,1.144; peak=L261 margin=3.100; split fraction/run=0.341/38; outer edges=7/714; body=8.0+/-2.0/713.0+/-2.0; switch onset=L260; last complete picture=L259; band bottom=L262; raw per-unit candidate L260 disagrees; pooled raw-row displacement of the continuous stable lock resolves L259; row Y(mean/std) L22=1.363/0.481 L23=172.408/11.573 L24=170.963/11.622 L259=113.698/10.686 L260=103.645/11.320 L262=59.092/30.641",260,286,521,525,525,cv_inspected,"commercial tape; raw first pass-through row is picture; dark first band retained; raw three-third displacement L522=0.464,0.380,0.679/L523=4.263,1.658,2.527/L524=1.354,1.107,1.120/L525=1.259,1.065,2.129; peak=L523 margin=2.134; split fraction/run=0.117/9; outer edges=7/714; body=8.0+/-2.0/713.0+/-2.0; switch onset=L522; last complete picture=L521; band bottom=L525; raw per-unit candidate L522 disagrees; pooled raw-row displacement of the continuous stable lock resolves L521; row Y(mean/std) L285=1.359/0.480 L286=174.534/12.118 L287=170.850/12.452 L521=110.467/12.016 L522=110.811/11.368 L525=62.592/28.102",522,0,0
1074,7116,23,259,262,262,cv_inspected,"commercial tape; raw first pass-through row is picture; dark first band retained; raw three-third displacement L259=0.618,0.370,0.835/L260=0.819,1.202,2.748/L261=5.439,1.106,1.960/L262=0.328,0.795,1.830; peak=L261 margin=2.690; split fraction/run=0.598/42; outer edges=8/714; body=8.0+/-2.0/713.0+/-2.0; switch onset=L260; last complete picture=L259; band bottom=L262; raw per-unit candidate L260 disagrees; pooled raw-row displacement of the continuous stable lock resolves L259; row Y(mean/std) L22=1.387/0.487 L23=172.811/13.289 L24=168.866/12.569 L259=111.312/10.218 L260=101.156/15.258 L262=62.656/32.618",260,286,521,525,525,cv_inspected,"commercial tape; raw first pass-through row is picture; dark first band retained; raw three-third displacement L522=0.550,0.565,0.936/L523=4.137,1.300,2.215/L524=1.741,1.375,1.173/L525=1.198,0.782,2.077; peak=L523 margin=2.060; split fraction/run=0.207/12; outer edges=7/714; body=8.0+/-2.0/713.0+/-2.0; switch onset=L522; last complete picture=L521; band bottom=L525; raw per-unit candidate L522 disagrees; pooled raw-row displacement of the continuous stable lock resolves L521; row Y(mean/std) L285=1.353/0.478 L286=170.156/13.113 L287=169.155/13.867 L521=112.131/11.302 L522=109.695/10.622 L525=67.098/31.097",522,0,0
1075,7117,23,259,262,262,cv_inspected,"commercial tape; raw first pass-through row is picture; dark first band retained; raw three-third displacement L259=0.375,0.355,0.870/L260=0.733,0.979,2.169/L261=5.333,0.830,1.806/L262=0.206,0.596,1.806; peak=L261 margin=3.164; split fraction/run=0.551/47; outer edges=7/714; body=9.0+/-2.0/713.0+/-2.0; switch onset=L260; last complete picture=L259; band bottom=L262; raw per-unit candidate L260 disagrees; pooled raw-row displacement of the continuous stable lock resolves L259; row Y(mean/std) L22=1.381/0.486 L23=167.573/14.591 L24=167.181/14.321 L259=110.836/9.643 L260=101.059/12.274 L262=67.386/34.910",260,286,521,525,525,cv_inspected,"commercial tape; raw first pass-through row is picture; dark first band retained; raw three-third displacement L522=0.608,0.586,0.816/L523=4.330,1.331,2.076/L524=1.686,0.968,1.407/L525=1.379,0.975,2.124; peak=L523 margin=2.206; split fraction/run=0.235/11; outer edges=8/714; body=8.0+/-2.0/713.0+/-2.0; switch onset=L522; last complete picture=L521; band bottom=L525; raw per-unit candidate L522 disagrees; pooled raw-row displacement of the continuous stable lock resolves L521; row Y(mean/std) L285=1.373/0.484 L286=159.512/14.910 L287=156.797/15.028 L521=110.719/11.567 L522=110.284/10.175 L525=62.856/29.933",522,0,0
1076,7118,23,259,262,262,cv_inspected,"commercial tape; raw first pass-through row is picture; dark first band retained; raw three-third displacement L259=0.432,0.362,0.743/L260=0.668,1.078,1.953/L261=5.994,1.350,3.013/L262=0.219,0.498,1.246; peak=L261 margin=4.041; split fraction/run=0.282/19; outer edges=8/714; body=8.0+/-2.0/713.0+/-2.0; switch onset=L260; last complete picture=L259; band bottom=L262; raw per-unit candidate L260 disagrees; pooled raw-row displacement of the continuous stable lock resolves L259; row Y(mean/std) L22=1.383/0.486 L23=171.823/15.174 L24=166.942/14.895 L259=110.453/8.717 L260=108.167/17.816 L262=91.728/48.877",260,286,521,525,525,cv_inspected,"commercial tape; raw first pass-through row is picture; dark first band retained; raw three-third displacement L522=0.544,0.488,0.875/L523=4.323,0.844,1.878/L524=1.912,0.785,1.189/L525=1.340,1.040,2.157; peak=L523 margin=2.166; split fraction/run=0.239/13; outer edges=8/714; body=8.0+/-2.0/713.0+/-2.0; switch onset=L522; last complete picture=L521; band bottom=L525; raw per-unit candidate L522 disagrees; pooled raw-row displacement of the continuous stable lock resolves L521; row Y(mean/std) L285=1.367/0.482 L286=173.925/14.739 L287=172.453/15.551 L521=113.167/11.303 L522=110.281/10.328 L525=68.006/32.158",522,0,0
1077,7119,23,259,262,262,cv_inspected,"commercial tape; raw first pass-through row is picture; dark first band retained; raw three-third displacement L259=0.512,0.335,0.816/L260=0.806,0.897,1.988/L261=6.177,1.497,3.284/L262=0.182,0.483,1.358; peak=L261 margin=4.188; split fraction/run=0.239/16; outer edges=8/714; body=9.0+/-2.0/713.0+/-2.0; switch onset=L260; last complete picture=L259; band bottom=L262; raw per-unit candidate L260 disagrees; pooled raw-row displacement of the continuous stable lock resolves L259; row Y(mean/std) L22=1.389/0.488 L23=172.105/15.781 L24=169.667/15.830 L259=111.714/10.442 L260=109.491/12.600 L262=95.516/50.554",260,286,521,525,525,cv_inspected,"commercial tape; raw first pass-through row is picture; dark first band retained; raw three-third displacement L522=0.554,0.390,0.928/L523=4.365,0.872,1.852/L524=1.926,0.854,1.598/L525=1.185,1.061,1.788; peak=L523 margin=2.439; split fraction/run=0.188/9; outer edges=8/714; body=8.0+/-2.0/713.0+/-2.0; switch onset=L522; last complete picture=L521; band bottom=L525; raw per-unit candidate L522 disagrees; pooled raw-row displacement of the continuous stable lock resolves L521; row Y(mean/std) L285=1.381/0.486 L286=174.186/15.575 L287=171.441/15.946 L521=114.547/12.040 L522=112.537/11.618 L525=67.639/31.534",522,0,0
1078,7120,23,259,262,262,cv_inspected,"commercial tape; raw first pass-through row is picture; dark first band retained; raw three-third displacement L259=0.707,0.280,0.545/L260=0.620,1.335,1.412/L261=6.086,1.345,1.559/L262=0.216,0.805,1.827; peak=L261 margin=4.258; split fraction/run=0.385/26; outer edges=7/714; body=8.0+/-2.0/713.0+/-2.0; switch onset=L260; last complete picture=L259; band bottom=L262; raw per-unit candidate L260 disagrees; pooled raw-row displacement of the continuous stable lock resolves L259; row Y(mean/std) L22=1.370/0.483 L23=168.448/16.528 L24=165.420/16.386 L259=112.419/10.750 L260=114.897/17.088 L262=72.372/39.244",260,286,521,525,525,direct,"commercial tape; raw first pass-through row is picture; dark first band retained; raw three-third displacement L522=0.603,0.461,0.705/L523=4.189,0.794,3.307/L524=1.849,0.896,1.877/L525=1.083,0.879,1.917; peak=L523 margin=2.272; split fraction/run=0.230/11; outer edges=7/677; body=8.0+/-2.0/713.0+/-2.0; switch onset=L522; last complete picture=L521; band bottom=L525",521,0,0
1079,7121,23,259,262,262,cv_inspected,"commercial tape; raw first pass-through row is picture; dark first band retained; raw three-third displacement L259=0.645,0.550,0.845/L260=1.199,1.276,1.473/L261=6.652,1.436,2.481/L262=0.298,1.045,1.673; peak=L261 margin=4.979; split fraction/run=0.277/23; outer edges=7/714; body=9.0+/-2.0/713.0+/-2.0; switch onset=L260; last complete picture=L259; band bottom=L262; raw per-unit candidate L260 disagrees; pooled raw-row displacement of the continuous stable lock resolves L259; row Y(mean/std) L22=1.384/0.486 L23=166.028/16.911 L24=165.172/16.556 L259=110.941/15.001 L260=116.414/20.909 L262=66.770/36.181",260,286,521,525,525,cv_inspected,"commercial tape; raw first pass-through row is picture; dark first band retained; raw three-third displacement L522=0.749,0.541,0.891/L523=4.510,1.218,5.494/L524=1.797,1.051,2.480/L525=1.182,1.031,1.743; peak=L523 margin=3.014; split fraction/run=0.202/9; outer edges=8/714; body=8.0+/-2.0/713.0+/-2.0; switch onset=L522; last complete picture=L521; band bottom=L525; raw per-unit candidate L522 disagrees; pooled raw-row displacement of the continuous stable lock resolves L521; row Y(mean/std) L285=1.369/0.482 L286=173.148/16.322 L287=170.623/16.488 L521=112.581/16.485 L522=116.198/18.013 L525=68.044/32.435",522,0,0
1080,7122,23,259,262,262,cv_inspected,"commercial tape; raw first pass-through row is picture; dark first band retained; raw three-third displacement L259=0.666,0.512,0.866/L260=0.780,1.364,1.992/L261=5.629,1.279,1.354/L262=0.287,0.835,2.030; peak=L261 margin=3.600; split fraction/run=0.547/24; outer edges=8/714; body=9.0+/-2.0/713.0+/-2.0; switch onset=L260; last complete picture=L259; band bottom=L262; raw per-unit candidate L260 disagrees; pooled raw-row displacement of the continuous stable lock resolves L259; row Y(mean/std) L22=1.369/0.482 L23=174.472/17.043 L24=168.061/16.501 L259=112.952/15.225 L260=112.125/19.965 L262=75.469/40.837",260,286,521,525,525,cv_inspected,"commercial tape; raw first pass-through row is picture; dark first band retained; raw three-third displacement L522=0.698,0.554,1.011/L523=4.526,1.401,2.665/L524=1.763,1.171,1.498/L525=1.287,1.153,1.893; peak=L523 margin=2.633; split fraction/run=0.150/8; outer edges=8/714; body=8.0+/-2.0/713.0+/-2.0; switch onset=L522; last complete picture=L521; band bottom=L525; raw per-unit candidate L522 disagrees; pooled raw-row displacement of the continuous stable lock resolves L521; row Y(mean/std) L285=1.370/0.483 L286=162.978/16.838 L287=163.591/17.163 L521=113.908/18.013 L522=112.789/18.000 L525=70.398/33.852",522,0,0
1081,7123,23,259,262,262,cv_inspected,"commercial tape; raw first pass-through row is picture; dark first band retained; raw three-third displacement L259=0.635,0.761,0.981/L260=0.868,1.327,2.104/L261=6.204,1.795,2.925/L262=0.240,0.770,1.585; peak=L261 margin=4.100; split fraction/run=0.355/36; outer edges=8/714; body=9.0+/-2.0/713.0+/-2.0; switch onset=L260; last complete picture=L259; band bottom=L262; raw per-unit candidate L260 disagrees; pooled raw-row displacement of the continuous stable lock resolves L259; row Y(mean/std) L22=1.367/0.482 L23=169.833/17.223 L24=168.025/16.957 L259=109.191/16.497 L260=108.592/20.890 L262=64.722/35.403",260,286,521,525,525,cv_inspected,"commercial tape; raw first pass-through row is picture; dark first band retained; raw three-third displacement L522=0.707,0.513,0.840/L523=4.777,1.409,2.707/L524=1.771,0.925,1.141/L525=1.278,1.226,2.066; peak=L523 margin=2.711; split fraction/run=0.131/8; outer edges=7/714; body=8.0+/-2.0/713.0+/-2.0; switch onset=L522; last complete picture=L521; band bottom=L525; raw per-unit candidate L522 disagrees; pooled raw-row displacement of the continuous stable lock resolves L521; row Y(mean/std) L285=1.366/0.482 L286=164.977/16.831 L287=163.566/16.848 L521=113.572/16.849 L522=114.434/18.176 L525=69.589/32.436",522,0,0
1082,7124,23,259,262,262,cv_inspected,"commercial tape; raw first pass-through row is picture; dark first band retained; raw three-third displacement L259=0.859,0.697,1.020/L260=0.874,1.621,2.396/L261=5.290,1.550,1.892/L262=0.218,0.916,2.095; peak=L261 margin=2.894; split fraction/run=0.505/48; outer edges=7/714; body=9.0+/-2.0/713.0+/-2.0; switch onset=L260; last complete picture=L259; band bottom=L262; raw per-unit candidate L260 disagrees; pooled raw-row displacement of the continuous stable lock resolves L259; row Y(mean/std) L22=1.369/0.482 L23=172.394/17.244 L24=167.241/16.754 L259=111.966/17.056 L260=105.266/22.142 L262=67.375/35.526",260,286,521,525,525,cv_inspected,"commercial tape; raw first pass-through row is picture; dark first band retained; raw three-third displacement L522=0.789,0.550,0.918/L523=4.568,1.574,3.060/L524=1.345,1.071,1.160/L525=1.059,1.100,1.757; peak=L523 margin=2.812; split fraction/run=0.155/7; outer edges=7/711; body=8.0+/-2.0/713.0+/-2.0; switch onset=L522; last complete picture=L521; band bottom=L525; raw per-unit candidate L522 disagrees; pooled raw-row displacement of the continuous stable lock resolves L521; row Y(mean/std) L285=1.384/0.486 L286=155.073/17.878 L287=156.222/17.892 L521=110.198/18.282 L522=111.398/17.521 L525=67.594/30.666",522,0,0
1083,7125,23,259,262,262,cv_inspected,"commercial tape; raw first pass-through row is picture; dark first band retained; raw three-third displacement L259=0.554,0.686,1.009/L260=0.745,1.620,2.623/L261=6.004,2.340,3.629/L262=0.260,0.496,1.028; peak=L261 margin=3.380; split fraction/run=0.379/46; outer edges=7/707; body=9.0+/-2.0/713.0+/-2.0; switch onset=L260; last complete picture=L259; band bottom=L262; row Y(mean/std) L22=1.386/0.487 L23=166.311/17.870 L24=165.838/17.233 L259=112.786/18.708 L260=107.930/23.007 L262=58.914/31.740",259,286,521,525,525,cv_inspected,"commercial tape; raw first pass-through row is picture; dark first band retained; raw three-third displacement L522=0.639,0.706,0.967/L523=4.210,1.109,3.048/L524=1.622,0.618,1.104/L525=1.110,1.281,1.806; peak=L523 margin=2.404; split fraction/run=0.225/9; outer edges=7/707; body=8.0+/-2.0/713.0+/-2.0; switch onset=L522; last complete picture=L521; band bottom=L525; row Y(mean/std) L285=1.383/0.486 L286=171.088/17.525 L287=167.525/17.612 L521=112.931/18.569 L522=111.334/19.197 L525=73.014/33.949",521,0,0
1084,7126,23,259,262,262,direct,"commercial tape; raw first pass-through row is picture; dark first band retained; raw three-third displacement L259=0.623,0.752,0.824/L260=0.768,1.461,3.656/L261=5.344,1.068,2.131/L262=0.279,0.913,1.778; peak=L261 margin=1.688; split fraction/run=0.664/54; outer edges=7/621; body=9.0+/-2.0/713.0+/-2.0; switch onset=L260; last complete picture=L259; band bottom=L262",259,286,521,525,525,direct,"commercial tape; raw first pass-through row is picture; dark first band retained; raw three-third displacement L522=0.772,0.710,0.779/L523=4.191,1.250,2.875/L524=1.936,0.692,1.019/L525=1.137,1.250,2.520; peak=L523 margin=1.671; split fraction/run=0.207/8; outer edges=6/703; body=8.0+/-2.0/713.0+/-2.0; switch onset=L522; last complete picture=L521; band bottom=L525",521,0,0
1085,7127,23,259,262,262,cv_inspected,"commercial tape; raw first pass-through row is picture; dark first band retained; raw three-third displacement L259=0.630,0.560,1.099/L260=0.810,1.796,2.312/L261=6.084,1.884,1.992/L262=0.262,0.817,1.954; peak=L261 margin=3.771; split fraction/run=0.437/53; outer edges=7/714; body=8.0+/-2.0/713.0+/-2.0; switch onset=L260; last complete picture=L259; band bottom=L262; raw per-unit candidate L260 disagrees; pooled raw-row displacement of the continuous stable lock resolves L259; row Y(mean/std) L22=1.380/0.485 L23=170.253/18.945 L24=168.147/18.517 L259=112.422/18.845 L260=110.111/23.099 L262=65.472/36.368",260,286,521,525,525,cv_inspected,"commercial tape; raw first pass-through row is picture; dark first band retained; raw three-third displacement L522=0.955,0.689,0.718/L523=5.694,1.488,3.554/L524=2.226,0.699,0.799/L525=1.171,1.229,1.954; peak=L523 margin=3.467; split fraction/run=0.235/9; outer edges=7/712; body=8.0+/-2.0/713.0+/-2.0; switch onset=L522; last complete picture=L521; band bottom=L525; raw per-unit candidate L522 disagrees; pooled raw-row displacement of the continuous stable lock resolves L521; row Y(mean/std) L285=1.363/0.481 L286=166.539/19.606 L287=164.211/19.561 L521=111.416/19.455 L522=114.758/17.039 L525=67.636/31.626",522,0,0
1086,7128,23,259,262,262,cv_inspected,"commercial tape; raw first pass-through row is picture; dark first band retained; raw three-third displacement L259=0.846,0.521,0.692/L260=0.865,1.348,2.570/L261=6.127,1.226,1.375/L262=0.259,0.628,1.540; peak=L261 margin=3.556; split fraction/run=0.636/52; outer edges=8/712; body=9.0+/-2.0/713.0+/-2.0; switch onset=L260; last complete picture=L259; band bottom=L262; raw per-unit candidate L260 disagrees; pooled raw-row displacement of the continuous stable lock resolves L259; row Y(mean/std) L22=1.359/0.480 L23=169.423/19.758 L24=165.141/19.367 L259=112.144/16.846 L260=102.205/18.162 L262=68.458/37.873",260,286,521,525,525,cv_inspected,"commercial tape; raw first pass-through row is picture; dark first band retained; raw three-third displacement L522=0.801,0.482,0.665/L523=4.310,1.668,2.534/L524=1.659,1.029,0.960/L525=1.134,1.126,1.941; peak=L523 margin=2.369; split fraction/run=0.136/7; outer edges=7/714; body=8.0+/-2.0/713.0+/-2.0; switch onset=L522; last complete picture=L521; band bottom=L525; raw per-unit candidate L522 disagrees; pooled raw-row displacement of the continuous stable lock resolves L521; row Y(mean/std) L285=1.372/0.483 L286=167.095/19.435 L287=165.281/19.258 L521=110.050/17.393 L522=112.173/14.884 L525=67.737/32.506",522,0,0
1087,7129,23,259,262,262,cv_inspected,"commercial tape; raw first pass-through row is picture; dark first band retained; raw three-third displacement L259=0.753,0.514,0.728/L260=0.976,1.130,2.377/L261=6.225,1.021,1.351/L262=0.293,0.572,1.417; peak=L261 margin=3.848; split fraction/run=0.636/30; outer edges=7/714; body=8.0+/-2.0/713.0+/-2.0; switch onset=L260; last complete picture=L259; band bottom=L262; raw per-unit candidate L260 disagrees; pooled raw-row displacement of the continuous stable lock resolves L259; row Y(mean/std) L22=1.383/0.486 L23=163.352/20.008 L24=162.395/19.860 L259=112.808/14.955 L260=102.986/15.074 L262=71.036/38.406",260,286,521,525,525,cv_inspected,"commercial tape; raw first pass-through row is picture; dark first band retained; raw three-third displacement L522=0.968,0.414,0.592/L523=4.351,1.600,2.446/L524=1.566,1.275,1.099/L525=1.250,1.168,2.130; peak=L523 margin=2.221; split fraction/run=0.117/6; outer edges=7/714; body=8.0+/-2.0/713.0+/-2.0; switch onset=L522; last complete picture=L521; band bottom=L525; raw per-unit candidate L522 disagrees; pooled raw-row displacement of the continuous stable lock resolves L521; row Y(mean/std) L285=1.392/0.488 L286=169.287/19.916 L287=165.812/19.767 L521=111.531/17.905 L522=114.241/14.315 L525=67.692/32.192",522,0,0
1088,7130,23,259,262,262,cv_inspected,"commercial tape; raw first pass-through row is picture; dark first band retained; raw three-third displacement L259=0.636,0.481,0.739/L260=0.968,1.065,2.324/L261=6.168,1.054,1.148/L262=0.279,0.769,1.344; peak=L261 margin=3.843; split fraction/run=0.645/30; outer edges=8/714; body=8.0+/-2.0/713.0+/-2.0; switch onset=L260; last complete picture=L259; band bottom=L262; raw per-unit candidate L260 disagrees; pooled raw-row displacement of the continuous stable lock resolves L259; row Y(mean/std) L22=1.367/0.482 L23=163.725/21.108 L24=160.650/20.021 L259=112.320/16.669 L260=107.677/13.375 L262=69.544/38.290",260,286,521,525,525,cv_inspected,"commercial tape; raw first pass-through row is picture; dark first band retained; raw three-third displacement L522=0.651,0.384,0.770/L523=4.512,2.006,4.204/L524=1.654,1.551,0.819/L525=1.031,0.801,1.644; peak=L523 margin=2.858; split fraction/run=0.108/8; outer edges=8/714; body=8.0+/-2.0/713.0+/-2.0; switch onset=L522; last complete picture=L521; band bottom=L525; raw per-unit candidate L522 disagrees; pooled raw-row displacement of the continuous stable lock resolves L521; row Y(mean/std) L285=1.356/0.479 L286=168.073/20.403 L287=165.738/20.170 L521=114.033/18.145 L522=115.058/16.090 L525=65.450/31.564",522,0,0
1089,7131,23,259,262,262,cv_inspected,"commercial tape; raw first pass-through row is picture; dark first band retained; raw three-third displacement L259=0.804,0.527,0.878/L260=0.783,1.558,2.564/L261=6.175,1.650,1.489/L262=0.199,0.566,1.083; peak=L261 margin=3.611; split fraction/run=0.612/55; outer edges=8/714; body=8.0+/-2.0/713.0+/-2.0; switch onset=L260; last complete picture=L259; band bottom=L262; raw per-unit candidate L260 disagrees; pooled raw-row displacement of the continuous stable lock resolves L259; row Y(mean/std) L22=1.380/0.485 L23=164.067/20.416 L24=161.739/20.756 L259=113.758/15.705 L260=108.805/21.449 L262=70.609/38.820",260,286,521,525,525,cv_inspected,"commercial tape; raw first pass-through row is picture; dark first band retained; raw three-third displacement L522=0.615,0.428,0.865/L523=4.616,1.175,2.809/L524=1.802,1.034,1.133/L525=1.390,1.128,1.877; peak=L523 margin=2.739; split fraction/run=0.169/10; outer edges=7/714; body=8.0+/-2.0/713.0+/-2.0; switch onset=L522; last complete picture=L521; band bottom=L525; raw per-unit candidate L522 disagrees; pooled raw-row displacement of the continuous stable lock resolves L521; row Y(mean/std) L285=1.380/0.485 L286=169.925/20.839 L287=166.278/20.325 L521=112.862/18.110 L522=116.872/16.907 L525=71.503/34.450",522,0,0
1090,7132,23,259,262,262,cv_inspected,"commercial tape; raw first pass-through row is picture; dark first band retained; raw three-third displacement L259=0.567,0.431,0.817/L260=0.657,1.532,2.612/L261=6.063,1.473,2.034/L262=0.341,0.694,1.383; peak=L261 margin=3.451; split fraction/run=0.519/49; outer edges=9/714; body=8.0+/-2.0/713.0+/-2.0; switch onset=L260; last complete picture=L259; band bottom=L262; raw per-unit candidate L260 disagrees; pooled raw-row displacement of the continuous stable lock resolves L259; row Y(mean/std) L22=1.359/0.480 L23=152.647/21.828 L24=150.283/20.810 L259=113.794/19.805 L260=109.217/21.450 L262=69.292/39.919",260,286,521,525,525,cv_inspected,"commercial tape; raw first pass-through row is picture; dark first band retained; raw three-third displacement L522=0.759,0.396,0.772/L523=4.664,2.762,4.896/L524=1.605,2.046,1.044/L525=1.014,0.921,1.627; peak=L523 margin=2.851; split fraction/run=0.056/5; outer edges=8/714; body=8.0+/-2.0/713.0+/-2.0; switch onset=L522; last complete picture=L521; band bottom=L525; raw per-unit candidate L522 disagrees; pooled raw-row displacement of the continuous stable lock resolves L521; row Y(mean/std) L285=1.384/0.486 L286=162.111/20.482 L287=163.077/20.928 L521=116.106/19.769 L522=117.758/19.435 L525=65.936/33.134",522,0,0
1091,7133,23,259,262,262,cv_inspected,"commercial tape; raw first pass-through row is picture; dark first band retained; raw three-third displacement L259=0.608,0.295,1.099/L260=0.735,1.600,2.734/L261=5.877,2.400,2.914/L262=0.170,0.455,1.032; peak=L261 margin=3.143; split fraction/run=0.439/23; outer edges=7/714; body=8.0+/-2.0/713.0+/-2.0; switch onset=L260; last complete picture=L259; band bottom=L262; raw per-unit candidate L260 disagrees; pooled raw-row displacement of the continuous stable lock resolves L259; row Y(mean/std) L22=1.378/0.485 L23=167.089/20.984 L24=165.025/21.015 L259=115.081/21.171 L260=109.211/22.537 L262=64.152/36.557",260,286,521,525,525,cv_inspected,"commercial tape; raw first pass-through row is picture; dark first band retained; raw three-third displacement L522=0.726,0.493,0.973/L523=4.474,2.017,2.774/L524=1.505,0.857,0.833/L525=1.066,1.113,2.163; peak=L523 margin=2.312; split fraction/run=0.136/8; outer edges=7/711; body=8.0+/-2.0/713.0+/-2.0; switch onset=L522; last complete picture=L521; band bottom=L525; raw per-unit candidate L522 disagrees; pooled raw-row displacement of the continuous stable lock resolves L521; row Y(mean/std) L285=1.372/0.483 L286=168.817/21.204 L287=164.619/21.055 L521=113.023/24.545 L522=115.559/22.089 L525=69.000/33.781",522,0,0
1092,7134,23,259,262,262,direct,"commercial tape; raw first pass-through row is picture; dark first band retained; raw three-third displacement L259=0.431,0.438,1.446/L260=0.606,1.568,3.884/L261=5.730,1.355,2.326/L262=0.277,0.629,1.252; peak=L261 margin=1.846; split fraction/run=0.659/59; outer edges=8/665; body=9.0+/-2.0/713.0+/-2.0; switch onset=L260; last complete picture=L259; band bottom=L262",259,286,521,525,525,cv_inspected,"commercial tape; raw first pass-through row is picture; dark first band retained; raw three-third displacement L522=0.546,0.458,1.247/L523=4.108,1.128,2.637/L524=1.294,0.773,1.170/L525=1.016,0.915,1.578; peak=L523 margin=2.530; split fraction/run=0.300/14; outer edges=8/714; body=8.0+/-2.0/713.0+/-2.0; switch onset=L522; last complete picture=L521; band bottom=L525; raw per-unit candidate L522 disagrees; pooled raw-row displacement of the continuous stable lock resolves L521; row Y(mean/std) L285=1.363/0.481 L286=164.270/21.716 L287=164.342/21.490 L521=110.222/22.512 L522=111.036/24.096 L525=68.031/33.813",522,0,0
1093,7135,23,259,262,262,cv_inspected,"commercial tape; raw first pass-through row is picture; dark first band retained; raw three-third displacement L259=0.550,0.448,1.118/L260=0.647,1.243,2.816/L261=5.451,1.116,2.167/L262=0.273,0.603,1.208; peak=L261 margin=2.635; split fraction/run=0.540/46; outer edges=8/714; body=8.0+/-2.0/713.0+/-2.0; switch onset=L260; last complete picture=L259; band bottom=L262; raw per-unit candidate L260 disagrees; pooled raw-row displacement of the continuous stable lock resolves L259; row Y(mean/std) L22=1.372/0.483 L23=162.130/21.625 L24=160.873/21.320 L259=112.670/21.832 L260=102.727/19.647 L262=67.188/39.215",260,286,521,525,525,cv_inspected,"commercial tape; raw first pass-through row is picture; dark first band retained; raw three-third displacement L522=0.609,0.347,1.166/L523=4.386,2.280,2.468/L524=1.421,1.452,0.923/L525=1.006,0.920,1.714; peak=L523 margin=2.672; split fraction/run=0.201/7; outer edges=8/714; body=8.0+/-2.0/713.0+/-2.0; switch onset=L522; last complete picture=L521; band bottom=L525; raw per-unit candidate L522 disagrees; pooled raw-row displacement of the continuous stable lock resolves L521; row Y(mean/std) L285=1.359/0.480 L286=155.248/21.891 L287=153.464/22.083 L521=111.869/24.453 L522=115.180/24.678 L525=68.530/33.934",522,0,0
1094,7136,23,259,262,262,cv_inspected,"commercial tape; raw first pass-through row is picture; dark first band retained; raw three-third displacement L259=0.494,0.378,0.940/L260=0.583,1.429,2.458/L261=5.151,1.487,2.244/L262=0.252,0.621,1.582; peak=L261 margin=2.694; split fraction/run=0.507/34; outer edges=7/714; body=9.0+/-2.0/713.0+/-2.0; switch onset=L260; last complete picture=L259; band bottom=L262; raw per-unit candidate L260 disagrees; pooled raw-row displacement of the continuous stable lock resolves L259; row Y(mean/std) L22=1.370/0.483 L23=168.194/22.324 L24=162.072/21.494 L259=114.144/24.572 L260=106.197/22.642 L262=66.286/38.608",260,286,521,525,525,direct,"commercial tape; raw first pass-through row is picture; dark first band retained; raw three-third displacement L522=0.505,0.364,1.097/L523=4.017,1.571,2.384/L524=1.210,1.399,0.849/L525=0.844,1.093,2.394; peak=L523 margin=1.624; split fraction/run=0.168/9; outer edges=6/686; body=8.0+/-2.0/713.0+/-2.0; switch onset=L522; last complete picture=L521; band bottom=L525",521,0,0
1095,7137,23,259,262,262,cv_inspected,"commercial tape; raw first pass-through row is picture; dark first band retained; raw three-third displacement L259=0.518,0.292,0.624/L260=0.722,1.770,1.572/L261=4.983,1.762,1.526/L262=0.204,0.476,0.832; peak=L261 margin=3.213; split fraction/run=0.573/43; outer edges=8/714; body=8.0+/-2.0/713.0+/-2.0; switch onset=L260; last complete picture=L259; band bottom=L262; raw per-unit candidate L260 disagrees; pooled raw-row displacement of the continuous stable lock resolves L259; row Y(mean/std) L22=1.381/0.486 L23=165.530/22.226 L24=162.439/21.794 L259=109.491/22.080 L260=100.127/24.669 L262=67.402/41.486",260,286,521,525,525,cv_inspected,"commercial tape; raw first pass-through row is picture; dark first band retained; raw three-third displacement L522=0.610,0.558,0.703/L523=4.735,3.487,3.240/L524=1.453,2.327,0.749/L525=0.874,0.909,1.861; peak=L523 margin=2.408; split fraction/run=0.080/7; outer edges=8/714; body=8.0+/-2.0/713.0+/-2.0; switch onset=L522; last complete picture=L521; band bottom=L525; raw per-unit candidate L522 disagrees; pooled raw-row displacement of the continuous stable lock resolves L521; row Y(mean/std) L285=1.361/0.480 L286=166.858/22.182 L287=163.123/22.144 L521=109.819/21.626 L522=113.309/22.601 L525=63.564/35.724",522,0,0
1096,7138,23,259,262,262,cv_inspected,"commercial tape; raw first pass-through row is picture; dark first band retained; raw three-third displacement L259=0.547,0.328,0.739/L260=0.609,1.539,2.016/L261=5.346,1.623,1.345/L262=0.261,0.759,1.397; peak=L261 margin=3.329; split fraction/run=0.561/48; outer edges=8/714; body=9.0+/-2.0/713.0+/-2.0; switch onset=L260; last complete picture=L259; band bottom=L262; raw per-unit candidate L260 disagrees; pooled raw-row displacement of the continuous stable lock resolves L259; row Y(mean/std) L22=1.383/0.486 L23=167.755/22.469 L24=161.867/21.953 L259=109.670/22.303 L260=102.245/24.279 L262=63.877/39.745",260,286,521,525,525,cv_inspected,"commercial tape; raw first pass-through row is picture; dark first band retained; raw three-third displacement L522=0.515,0.585,1.326/L523=4.684,2.541,2.543/L524=1.494,2.063,0.540/L525=0.875,1.270,1.674; peak=L523 margin=2.621; split fraction/run=0.159/10; outer edges=7/714; body=8.0+/-2.0/713.0+/-2.0; switch onset=L522; last complete picture=L521; band bottom=L525; raw per-unit candidate L522 disagrees; pooled raw-row displacement of the continuous stable lock resolves L521; row Y(mean/std) L285=1.363/0.481 L286=163.975/22.077 L287=163.002/22.117 L521=114.836/25.157 L522=110.739/23.496 L525=65.605/35.300",522,0,0
1097,7139,23,259,262,262,cv_inspected,"commercial tape; raw first pass-through row is picture; dark first band retained; raw three-third displacement L259=0.686,0.884,0.842/L260=0.768,1.771,3.143/L261=5.283,1.771,1.825/L262=0.214,0.680,0.881; peak=L261 margin=2.140; split fraction/run=0.631/46; outer edges=7/714; body=9.0+/-2.0/713.0+/-2.0; switch onset=L260; last complete picture=L259; band bottom=L262; raw per-unit candidate L260 disagrees; pooled raw-row displacement of the continuous stable lock resolves L259; row Y(mean/std) L22=1.373/0.484 L23=162.553/22.140 L24=162.491/22.108 L259=115.002/24.834 L260=99.127/23.974 L262=62.195/37.976",260,286,521,525,525,cv_inspected,"commercial tape; raw first pass-through row is picture; dark first band retained; raw three-third displacement L522=0.815,0.709,0.719/L523=4.870,3.473,3.451/L524=1.583,2.281,1.281/L525=1.073,1.705,2.089; peak=L523 margin=2.588; split fraction/run=0.113/10; outer edges=7/712; body=8.0+/-2.0/713.0+/-2.0; switch onset=L522; last complete picture=L521; band bottom=L525; raw per-unit candidate L522 disagrees; pooled raw-row displacement of the continuous stable lock resolves L521; row Y(mean/std) L285=1.378/0.485 L286=165.141/22.415 L287=162.570/22.215 L521=121.958/25.897 L522=120.983/25.036 L525=64.030/34.272",522,0,0
1098,7140,23,259,262,262,cv_inspected,"commercial tape; raw first pass-through row is picture; dark first band retained; raw three-third displacement L259=0.875,0.921,0.863/L260=0.947,1.856,2.584/L261=5.714,2.057,1.965/L262=0.327,0.660,2.081; peak=L261 margin=3.130; split fraction/run=0.500/33; outer edges=8/714; body=8.0+/-2.0/713.0+/-2.0; switch onset=L260; last complete picture=L259; band bottom=L262; raw per-unit candidate L260 disagrees; pooled raw-row displacement of the continuous stable lock resolves L259; row Y(mean/std) L22=1.391/0.488 L23=164.819/23.247 L24=160.412/22.147 L259=122.973/25.519 L260=108.408/23.756 L262=62.059/38.038",260,286,521,525,525,cv_inspected,"commercial tape; raw first pass-through row is picture; dark first band retained; raw three-third displacement L522=0.835,0.858,0.964/L523=5.010,2.890,3.435/L524=1.640,1.806,1.701/L525=1.051,1.668,2.011; peak=L523 margin=2.999; split fraction/run=0.169/17; outer edges=8/712; body=8.0+/-2.0/713.0+/-2.0; switch onset=L522; last complete picture=L521; band bottom=L525; raw per-unit candidate L522 disagrees; pooled raw-row displacement of the continuous stable lock resolves L521; row Y(mean/std) L285=1.377/0.485 L286=162.950/22.691 L287=162.162/22.392 L521=122.242/25.686 L522=120.897/24.877 L525=61.877/32.984",522,0,0
1099,7141,23,259,262,262,cv_inspected,"commercial tape; raw first pass-through row is picture; dark first band retained; raw three-third displacement L259=0.828,0.921,0.852/L260=1.136,1.690,3.242/L261=5.470,1.922,1.996/L262=0.225,0.626,1.221; peak=L261 margin=2.229; split fraction/run=0.645/32; outer edges=7/714; body=9.0+/-2.0/713.0+/-2.0; switch onset=L260; last complete picture=L259; band bottom=L262; raw per-unit candidate L260 disagrees; pooled raw-row displacement of the continuous stable lock resolves L259; row Y(mean/std) L22=1.367/0.482 L23=160.992/22.896 L24=159.753/22.407 L259=120.697/24.061 L260=103.333/21.332 L262=64.848/39.018",260,286,521,525,525,cv_inspected,"commercial tape; raw first pass-through row is picture; dark first band retained; raw three-third displacement L522=0.746,0.588,0.907/L523=4.529,2.361,3.962/L524=1.340,1.961,0.715/L525=0.903,1.402,1.415; peak=L523 margin=2.568; split fraction/run=0.160/11; outer edges=7/712; body=8.0+/-2.0/713.0+/-2.0; switch onset=L522; last complete picture=L521; band bottom=L525; raw per-unit candidate L522 disagrees; pooled raw-row displacement of the continuous stable lock resolves L521; row Y(mean/std) L285=1.373/0.484 L286=161.386/23.751 L287=159.550/23.111 L521=117.917/23.320 L522=114.331/23.863 L525=66.162/35.300",522,0,0
1100,7142,23,259,262,262,cv_inspected,"commercial tape; raw first pass-through row is picture; dark first band retained; raw three-third displacement L259=0.749,0.594,1.069/L260=0.608,1.374,3.372/L261=5.540,1.525,1.182/L262=0.263,0.794,1.233; peak=L261 margin=2.168; split fraction/run=0.822/76; outer edges=8/714; body=9.0+/-2.0/713.0+/-2.0; switch onset=L260; last complete picture=L259; band bottom=L262; row Y(mean/std) L22=1.377/0.485 L23=160.948/24.205 L24=157.517/23.317 L259=111.533/22.080 L260=97.275/21.651 L262=63.705/38.346",259,286,521,525,525,cv_inspected,"commercial tape; raw first pass-through row is picture; dark first band retained; raw three-third displacement L522=0.653,0.540,0.904/L523=4.505,2.491,1.919/L524=1.268,1.812,0.745/L525=0.730,1.118,1.546; peak=L523 margin=2.693; split fraction/run=0.243/13; outer edges=7/712; body=8.0+/-2.0/713.0+/-2.0; switch onset=L522; last complete picture=L521; band bottom=L525; raw per-unit candidate L522 disagrees; pooled raw-row displacement of the continuous stable lock resolves L521; row Y(mean/std) L285=1.389/0.488 L286=160.283/24.875 L287=159.658/24.101 L521=109.995/21.661 L522=108.120/19.707 L525=67.286/36.730",522,0,0
1101,7143,23,259,262,262,cv_inspected,"commercial tape; raw first pass-through row is picture; dark first band retained; raw three-third displacement L259=0.761,0.433,0.735/L260=0.871,1.194,1.694/L261=5.460,1.357,1.341/L262=0.194,0.575,0.778; peak=L261 margin=3.766; split fraction/run=0.537/23; outer edges=7/714; body=8.0+/-2.0/713.0+/-2.0; switch onset=L260; last complete picture=L259; band bottom=L262; raw per-unit candidate L260 disagrees; pooled raw-row displacement of the continuous stable lock resolves L259; row Y(mean/std) L22=1.377/0.485 L23=157.273/24.654 L24=156.056/24.236 L259=108.653/18.817 L260=99.183/20.147 L262=66.905/40.177",260,286,521,525,525,cv_inspected,"commercial tape; raw first pass-through row is picture; dark first band retained; raw three-third displacement L522=0.745,0.787,1.119/L523=4.596,3.551,3.513/L524=1.490,2.153,0.994/L525=0.578,1.294,1.522; peak=L523 margin=2.443; split fraction/run=0.070/7; outer edges=7/713; body=8.0+/-2.0/713.0+/-2.0; switch onset=L522; last complete picture=L521; band bottom=L525; raw per-unit candidate L522 disagrees; pooled raw-row displacement of the continuous stable lock resolves L521; row Y(mean/std) L285=1.370/0.483 L286=158.220/25.703 L287=156.536/24.807 L521=108.287/20.921 L522=112.105/19.611 L525=63.903/35.390",522,0,0
1102,7144,23,259,262,262,cv_inspected,"commercial tape; raw first pass-through row is picture; dark first band retained; raw three-third displacement L259=0.679,0.587,1.144/L260=0.973,1.518,1.973/L261=5.988,2.694,2.699/L262=0.219,0.624,0.963; peak=L261 margin=4.014; split fraction/run=0.271/22; outer edges=7/714; body=9.0+/-2.0/713.0+/-2.0; switch onset=L260; last complete picture=L259; band bottom=L262; raw per-unit candidate L260 disagrees; pooled raw-row displacement of the continuous stable lock resolves L259; row Y(mean/std) L22=1.386/0.487 L23=147.970/26.048 L24=145.406/25.628 L259=109.658/19.331 L260=108.642/26.692 L262=59.562/37.001",260,286,521,525,525,cv_inspected,"commercial tape; raw first pass-through row is picture; dark first band retained; raw three-third displacement L522=0.673,0.597,0.783/L523=4.535,4.016,2.750/L524=1.630,1.612,0.652/L525=0.570,1.118,1.492; peak=L523 margin=2.905; split fraction/run=0.047/6; outer edges=9/711; body=8.0+/-2.0/713.0+/-2.0; switch onset=L522; last complete picture=L521; band bottom=L525; raw per-unit candidate L522 disagrees; pooled raw-row displacement of the continuous stable lock resolves L521; row Y(mean/std) L285=1.377/0.485 L286=159.269/25.761 L287=157.492/25.657 L521=107.973/18.844 L522=111.534/19.460 L525=61.494/35.118",522,0,0
1103,7145,23,259,262,262,cv_inspected,"commercial tape; raw first pass-through row is picture; dark first band retained; raw three-third displacement L259=0.731,0.299,0.644/L260=0.726,1.551,1.604/L261=5.573,1.812,1.590/L262=0.193,0.397,0.847; peak=L261 margin=3.969; split fraction/run=0.474/33; outer edges=8/714; body=9.0+/-2.0/713.0+/-2.0; switch onset=L260; last complete picture=L259; band bottom=L262; raw per-unit candidate L260 disagrees; pooled raw-row displacement of the continuous stable lock resolves L259; row Y(mean/std) L22=1.370/0.483 L23=160.627/26.436 L24=157.217/25.984 L259=108.963/19.468 L260=105.009/24.108 L262=67.483/41.690",260,286,521,525,525,cv_inspected,"commercial tape; raw first pass-through row is picture; dark first band retained; raw three-third displacement L522=0.661,0.432,0.611/L523=4.519,2.095,1.771/L524=0.983,0.886,0.474/L525=0.679,1.176,2.252; peak=L523 margin=2.266; split fraction/run=0.084/9; outer edges=7/714; body=8.0+/-2.0/713.0+/-2.0; switch onset=L522; last complete picture=L521; band bottom=L525; raw per-unit candidate L522 disagrees; pooled raw-row displacement of the continuous stable lock resolves L521; row Y(mean/std) L285=1.377/0.485 L286=159.423/26.668 L287=156.520/26.031 L521=109.553/19.284 L522=111.995/21.384 L525=67.698/36.044",522,0,0
1104,7146,23,259,262,262,cv_inspected,"commercial tape; raw first pass-through row is picture; dark first band retained; raw three-third displacement L259=0.414,0.355,0.770/L260=0.568,1.457,1.716/L261=5.634,2.278,2.105/L262=0.233,0.440,1.557; peak=L261 margin=3.919; split fraction/run=0.411/32; outer edges=7/714; body=9.0+/-2.0/713.0+/-2.0; switch onset=L260; last complete picture=L259; band bottom=L262; raw per-unit candidate L260 disagrees; pooled raw-row displacement of the continuous stable lock resolves L259; row Y(mean/std) L22=1.369/0.482 L23=159.622/27.190 L24=155.823/26.367 L259=112.561/21.931 L260=110.077/22.998 L262=65.958/39.291",260,286,521,525,525,cv_inspected,"commercial tape; raw first pass-through row is picture; dark first band retained; raw three-third displacement L522=0.459,0.319,0.833/L523=4.224,1.952,2.033/L524=1.398,1.099,1.156/L525=0.899,1.204,1.977; peak=L523 margin=2.247; split fraction/run=0.187/12; outer edges=7/714; body=8.0+/-2.0/713.0+/-2.0; switch onset=L522; last complete picture=L521; band bottom=L525; raw per-unit candidate L522 disagrees; pooled raw-row displacement of the continuous stable lock resolves L521; row Y(mean/std) L285=1.375/0.484 L286=156.303/27.387 L287=155.978/26.447 L521=113.153/21.976 L522=112.475/20.924 L525=67.612/35.101",522,0,0
1105,7147,23,259,262,262,cv_inspected,"commercial tape; raw first pass-through row is picture; dark first band retained; raw three-third displacement L259=0.460,0.413,0.868/L260=0.532,1.662,2.628/L261=5.897,1.442,2.253/L262=0.265,0.586,1.379; peak=L261 margin=3.269; split fraction/run=0.547/46; outer edges=7/714; body=9.0+/-2.0/713.0+/-2.0; switch onset=L260; last complete picture=L259; band bottom=L262; raw per-unit candidate L260 disagrees; pooled raw-row displacement of the continuous stable lock resolves L259; row Y(mean/std) L22=1.355/0.478 L23=150.706/27.384 L24=150.292/27.011 L259=112.078/20.020 L260=106.630/21.319 L262=68.200/39.984",260,286,521,525,525,cv_inspected,"commercial tape; raw first pass-through row is picture; dark first band retained; raw three-third displacement L522=0.606,0.516,0.999/L523=4.409,2.082,2.750/L524=1.322,1.370,0.807/L525=0.945,0.911,1.777; peak=L523 margin=2.632; split fraction/run=0.210/16; outer edges=6/714; body=8.0+/-2.0/713.0+/-2.0; switch onset=L522; last complete picture=L521; band bottom=L525; raw per-unit candidate L522 disagrees; pooled raw-row displacement of the continuous stable lock resolves L521; row Y(mean/std) L285=1.363/0.481 L286=157.469/27.474 L287=154.670/26.512 L521=110.539/19.704 L522=111.569/20.881 L525=71.077/35.388",522,0,0
1106,7148,23,259,262,262,cv_inspected,"commercial tape; raw first pass-through row is picture; dark first band retained; raw three-third displacement L259=0.509,0.489,1.112/L260=0.673,1.654,3.168/L261=6.150,1.846,2.542/L262=0.218,0.598,1.323; peak=L261 margin=2.982; split fraction/run=0.561/43; outer edges=7/714; body=9.0+/-2.0/713.0+/-2.0; switch onset=L260; last complete picture=L259; band bottom=L262; raw per-unit candidate L260 disagrees; pooled raw-row displacement of the continuous stable lock resolves L259; row Y(mean/std) L22=1.377/0.485 L23=155.727/27.751 L24=151.569/26.913 L259=111.925/20.549 L260=105.941/21.346 L262=63.600/36.428",260,286,521,525,525,cv_inspected,"commercial tape; raw first pass-through row is picture; dark first band retained; raw three-third displacement L522=0.504,0.602,0.967/L523=4.335,2.039,3.137/L524=1.296,1.166,0.984/L525=0.932,0.995,2.118; peak=L523 margin=2.217; split fraction/run=0.117/7; outer edges=8/714; body=8.0+/-2.0/713.0+/-2.0; switch onset=L522; last complete picture=L521; band bottom=L525; raw per-unit candidate L522 disagrees; pooled raw-row displacement of the continuous stable lock resolves L521; row Y(mean/std) L285=1.386/0.487 L286=152.689/27.543 L287=152.759/27.149 L521=112.350/20.087 L522=111.567/20.859 L525=70.650/35.630",522,0,0
1107,7149,23,259,262,262,direct,"commercial tape; raw first pass-through row is picture; dark first band retained; raw three-third displacement L259=0.467,0.304,0.956/L260=0.610,1.786,2.344/L261=5.568,1.326,2.235/L262=0.135,0.591,1.211; peak=L261 margin=3.224; split fraction/run=0.643/44; outer edges=7/702; body=9.0+/-2.0/713.0+/-2.0; switch onset=L260; last complete picture=L259; band bottom=L262",259,286,521,525,525,cv_inspected,"commercial tape; raw first pass-through row is picture; dark first band retained; raw three-third displacement L522=0.533,0.328,0.804/L523=4.434,1.722,2.508/L524=1.260,0.599,1.031/L525=0.829,1.224,2.125; peak=L523 margin=2.309; split fraction/run=0.065/9; outer edges=8/714; body=8.0+/-2.0/713.0+/-2.0; switch onset=L522; last complete picture=L521; band bottom=L525; raw per-unit candidate L522 disagrees; pooled raw-row displacement of the continuous stable lock resolves L521; row Y(mean/std) L285=1.369/0.482 L286=155.208/27.996 L287=153.767/27.627 L521=111.862/20.610 L522=113.970/20.695 L525=69.503/35.364",522,0,0
1108,7150,23,259,262,262,direct,"commercial tape; raw first pass-through row is picture; dark first band retained; raw three-third displacement L259=0.442,0.369,0.935/L260=0.664,1.446,2.043/L261=5.579,1.661,1.639/L262=0.186,0.577,2.054; peak=L261 margin=3.526; split fraction/run=0.458/44; outer edges=7/686; body=8.0+/-2.0/713.0+/-2.0; switch onset=L260; last complete picture=L259; band bottom=L262",259,286,521,525,525,cv_inspected,"commercial tape; raw first pass-through row is picture; dark first band retained; raw three-third displacement L522=0.658,0.371,0.717/L523=4.495,3.188,2.243/L524=1.285,1.526,0.840/L525=0.626,0.996,2.164; peak=L523 margin=2.331; split fraction/run=0.140/9; outer edges=7/714; body=8.0+/-2.0/713.0+/-2.0; switch onset=L522; last complete picture=L521; band bottom=L525; raw per-unit candidate L522 disagrees; pooled raw-row displacement of the continuous stable lock resolves L521; row Y(mean/std) L285=1.381/0.486 L286=153.741/28.127 L287=153.789/27.668 L521=112.494/18.177 L522=114.759/20.966 L525=68.711/36.226",522,0,0
1109,7151,23,259,262,262,cv_inspected,"commercial tape; raw first pass-through row is picture; dark first band retained; raw three-third displacement L259=0.576,0.219,0.917/L260=0.730,1.517,1.597/L261=6.051,2.002,1.675/L262=0.187,0.480,1.305; peak=L261 margin=4.453; split fraction/run=0.385/37; outer edges=8/714; body=9.0+/-2.0/713.0+/-2.0; switch onset=L260; last complete picture=L259; band bottom=L262; raw per-unit candidate L260 disagrees; pooled raw-row displacement of the continuous stable lock resolves L259; row Y(mean/std) L22=1.397/0.489 L23=147.556/27.862 L24=147.909/27.364 L259=111.634/17.947 L260=110.642/23.042 L262=69.838/41.384",260,286,521,525,525,cv_inspected,"commercial tape; raw first pass-through row is picture; dark first band retained; raw three-third displacement L522=0.654,0.562,0.927/L523=4.366,1.974,1.769/L524=1.490,1.002,0.738/L525=0.773,1.245,2.046; peak=L523 margin=2.320; split fraction/run=0.178/12; outer edges=7/714; body=8.0+/-2.0/713.0+/-2.0; switch onset=L522; last complete picture=L521; band bottom=L525; raw per-unit candidate L522 disagrees; pooled raw-row displacement of the continuous stable lock resolves L521; row Y(mean/std) L285=1.359/0.480 L286=159.320/28.068 L287=155.455/27.819 L521=110.323/16.981 L522=113.492/18.642 L525=70.939/37.272",522,0,0
1110,7152,23,259,262,262,cv_inspected,"commercial tape; raw first pass-through row is picture; dark first band retained; raw three-third displacement L259=0.636,0.490,0.730/L260=0.677,1.453,2.019/L261=6.021,1.749,1.758/L262=0.286,0.770,1.692; peak=L261 margin=4.002; split fraction/run=0.472/30; outer edges=8/714; body=9.0+/-2.0/713.0+/-2.0; switch onset=L260; last complete picture=L259; band bottom=L262; raw per-unit candidate L260 disagrees; pooled raw-row displacement of the continuous stable lock resolves L259; row Y(mean/std) L22=1.367/0.482 L23=153.959/27.842 L24=149.236/27.105 L259=111.892/17.465 L260=108.386/22.134 L262=65.334/39.520",260,286,521,525,525,cv_inspected,"commercial tape; raw first pass-through row is picture; dark first band retained; raw three-third displacement L522=0.559,0.512,0.664/L523=4.355,2.007,1.707/L524=1.551,0.964,0.860/L525=0.824,1.353,1.702; peak=L523 margin=2.653; split fraction/run=0.159/10; outer edges=7/712; body=8.0+/-2.0/713.0+/-2.0; switch onset=L522; last complete picture=L521; band bottom=L525; raw per-unit candidate L522 disagrees; pooled raw-row displacement of the continuous stable lock resolves L521; row Y(mean/std) L285=1.380/0.485 L286=155.575/27.924 L287=153.805/27.893 L521=110.659/17.366 L522=113.780/17.872 L525=68.667/36.472",522,0,0
1111,7153,23,259,262,262,cv_inspected,"commercial tape; raw first pass-through row is picture; dark first band retained; raw three-third displacement L259=0.688,0.480,0.777/L260=0.946,1.213,1.729/L261=6.095,2.359,2.453/L262=0.280,0.613,0.718; peak=L261 margin=4.366; split fraction/run=0.355/36; outer edges=7/714; body=9.0+/-2.0/713.0+/-2.0; switch onset=L260; last complete picture=L259; band bottom=L262; raw per-unit candidate L260 disagrees; pooled raw-row displacement of the continuous stable lock resolves L259; row Y(mean/std) L22=1.372/0.483 L23=154.428/27.966 L24=150.480/27.616 L259=109.944/17.518 L260=107.542/22.064 L262=62.514/37.828",260,286,521,525,525,cv_inspected,"commercial tape; raw first pass-through row is picture; dark first band retained; raw three-third displacement L522=0.676,0.617,0.774/L523=4.264,2.162,1.807/L524=1.756,0.891,0.800/L525=0.839,1.363,1.887; peak=L523 margin=2.377; split fraction/run=0.126/5; outer edges=8/712; body=8.0+/-2.0/713.0+/-2.0; switch onset=L522; last complete picture=L521; band bottom=L525; raw per-unit candidate L522 disagrees; pooled raw-row displacement of the continuous stable lock resolves L521; row Y(mean/std) L285=1.369/0.482 L286=156.033/28.875 L287=154.012/28.087 L521=109.570/18.574 L522=112.655/19.254 L525=68.766/36.728",522,0,0
1112,7154,23,259,262,262,cv_inspected,"commercial tape; raw first pass-through row is picture; dark first band retained; raw three-third displacement L259=0.688,0.321,0.703/L260=0.883,0.902,1.939/L261=6.251,1.761,2.549/L262=0.275,0.522,0.647; peak=L261 margin=4.312; split fraction/run=0.350/30; outer edges=8/714; body=9.0+/-2.0/713.0+/-2.0; switch onset=L260; last complete picture=L259; band bottom=L262; raw per-unit candidate L260 disagrees; pooled raw-row displacement of the continuous stable lock resolves L259; row Y(mean/std) L22=1.370/0.483 L23=157.022/28.784 L24=151.773/27.798 L259=112.742/17.789 L260=108.603/17.138 L262=64.438/39.205",260,286,521,525,525,cv_inspected,"commercial tape; raw first pass-through row is picture; dark first band retained; raw three-third displacement L522=0.664,0.428,0.659/L523=4.199,1.604,1.806/L524=1.765,1.075,1.046/L525=0.821,1.196,1.631; peak=L523 margin=2.434; split fraction/run=0.121/8; outer edges=7/712; body=8.0+/-2.0/713.0+/-2.0; switch onset=L522; last complete picture=L521; band bottom=L525; raw per-unit candidate L522 disagrees; pooled raw-row displacement of the continuous stable lock resolves L521; row Y(mean/std) L285=1.363/0.481 L286=157.623/28.808 L287=155.952/28.409 L521=108.952/19.078 L522=110.353/18.465 L525=66.666/35.266",522,0,0
1113,7155,23,259,262,262,cv_inspected,"commercial tape; raw first pass-through row is picture; dark first band retained; raw three-third displacement L259=0.747,0.528,1.029/L260=0.721,0.869,2.113/L261=6.021,1.268,1.518/L262=0.271,0.667,0.938; peak=L261 margin=3.908; split fraction/run=0.537/45; outer edges=8/714; body=9.0+/-2.0/713.0+/-2.0; switch onset=L260; last complete picture=L259; band bottom=L262; raw per-unit candidate L260 disagrees; pooled raw-row displacement of the continuous stable lock resolves L259; row Y(mean/std) L22=1.367/0.482 L23=154.600/28.328 L24=152.416/28.021 L259=111.669/18.589 L260=105.989/16.627 L262=67.183/39.761",260,286,521,525,525,cv_inspected,"commercial tape; raw first pass-through row is picture; dark first band retained; raw three-third displacement L522=0.814,0.429,0.660/L523=4.351,2.613,3.220/L524=1.914,1.111,0.726/L525=0.910,1.367,1.597; peak=L523 margin=2.437; split fraction/run=0.169/15; outer edges=8/712; body=8.0+/-2.0/713.0+/-2.0; switch onset=L522; last complete picture=L521; band bottom=L525; raw per-unit candidate L522 disagrees; pooled raw-row displacement of the continuous stable lock resolves L521; row Y(mean/std) L285=1.370/0.483 L286=157.233/28.688 L287=154.941/28.185 L521=109.164/20.397 L522=112.094/19.386 L525=65.158/35.274",522,0,0
1114,7156,23,259,262,262,cv_inspected,"commercial tape; raw first pass-through row is picture; dark first band retained; raw three-third displacement L259=0.661,0.473,1.035/L260=0.860,1.152,1.727/L261=5.864,1.413,1.355/L262=0.249,0.751,1.410; peak=L261 margin=4.137; split fraction/run=0.484/31; outer edges=8/709; body=8.0+/-2.0/713.0+/-2.0; switch onset=L260; last complete picture=L259; band bottom=L262; row Y(mean/std) L22=1.380/0.485 L23=160.353/28.551 L24=155.425/27.742 L259=112.142/17.430 L260=107.477/18.865 L262=68.412/40.445",259,286,521,525,525,cv_inspected,"commercial tape; raw first pass-through row is picture; dark first band retained; raw three-third displacement L522=0.576,0.597,0.816/L523=4.310,2.438,1.715/L524=1.899,1.218,0.861/L525=0.988,1.317,1.838; peak=L523 margin=2.411; split fraction/run=0.173/6; outer edges=8/714; body=8.0+/-2.0/713.0+/-2.0; switch onset=L522; last complete picture=L521; band bottom=L525; raw per-unit candidate L522 disagrees; pooled raw-row displacement of the continuous stable lock resolves L521; row Y(mean/std) L285=1.366/0.482 L286=144.392/28.747 L287=145.938/28.668 L521=108.053/16.721 L522=110.713/17.490 L525=67.289/36.062",522,0,0
1115,7157,23,259,262,262,cv_inspected,"commercial tape; raw first pass-through row is picture; dark first band retained; raw three-third displacement L259=0.725,0.422,0.513/L260=0.911,1.329,1.408/L261=5.216,1.445,1.775/L262=0.286,0.547,1.429; peak=L261 margin=3.787; split fraction/run=0.507/29; outer edges=7/714; body=8.0+/-2.0/713.0+/-2.0; switch onset=L260; last complete picture=L259; band bottom=L262; raw per-unit candidate L260 disagrees; pooled raw-row displacement of the continuous stable lock resolves L259; row Y(mean/std) L22=1.383/0.486 L23=155.641/28.707 L24=154.491/28.278 L259=110.769/16.437 L260=102.873/18.666 L262=65.695/38.960",260,286,521,525,525,cv_inspected,"commercial tape; raw first pass-through row is picture; dark first band retained; raw three-third displacement L522=0.607,0.620,0.709/L523=4.257,3.582,2.133/L524=1.586,1.294,0.719/L525=0.998,1.067,1.656; peak=L523 margin=2.600; split fraction/run=0.075/8; outer edges=8/714; body=8.0+/-2.0/713.0+/-2.0; switch onset=L522; last complete picture=L521; band bottom=L525; raw per-unit candidate L522 disagrees; pooled raw-row displacement of the continuous stable lock resolves L521; row Y(mean/std) L285=1.380/0.485 L286=156.977/29.302 L287=153.992/29.834 L521=111.338/16.177 L522=115.091/18.215 L525=70.131/36.760",522,0,0
1116,7158,23,259,262,262,cv_inspected,"commercial tape; raw first pass-through row is picture; dark first band retained; raw three-third displacement L259=0.628,0.512,0.631/L260=0.635,1.583,1.704/L261=5.309,1.422,1.927/L262=0.352,0.497,1.353; peak=L261 margin=3.605; split fraction/run=0.648/46; outer edges=8/714; body=9.0+/-2.0/713.0+/-2.0; switch onset=L260; last complete picture=L259; band bottom=L262; raw per-unit candidate L260 disagrees; pooled raw-row displacement of the continuous stable lock resolves L259; row Y(mean/std) L22=1.369/0.482 L23=157.052/29.760 L24=152.861/28.768 L259=113.513/16.646 L260=105.655/18.185 L262=68.183/40.356",260,286,521,525,525,cv_inspected,"commercial tape; raw first pass-through row is picture; dark first band retained; raw three-third displacement L522=0.518,0.386,0.743/L523=4.037,1.980,1.857/L524=1.668,0.509,0.667/L525=0.981,1.078,1.743; peak=L523 margin=2.294; split fraction/run=0.108/11; outer edges=8/714; body=8.0+/-2.0/713.0+/-2.0; switch onset=L522; last complete picture=L521; band bottom=L525; raw per-unit candidate L522 disagrees; pooled raw-row displacement of the continuous stable lock resolves L521; row Y(mean/std) L285=1.381/0.486 L286=147.225/29.389 L287=148.386/29.927 L521=112.347/15.875 L522=113.469/17.812 L525=70.734/36.098",522,0,0
1117,7159,23,259,262,262,cv_inspected,"commercial tape; raw first pass-through row is picture; dark first band retained; raw three-third displacement L259=0.694,0.324,0.962/L260=0.850,1.752,1.286/L261=5.581,1.072,1.749/L262=0.239,0.509,0.888; peak=L261 margin=3.830; split fraction/run=0.775/50; outer edges=8/714; body=9.0+/-2.0/713.0+/-2.0; switch onset=L260; last complete picture=L259; band bottom=L262; raw per-unit candidate L260 disagrees; pooled raw-row displacement of the continuous stable lock resolves L259; row Y(mean/std) L22=1.391/0.488 L23=149.484/29.576 L24=150.137/29.159 L259=113.019/16.990 L260=101.708/20.813 L262=70.058/41.702",260,286,521,525,525,cv_inspected,"commercial tape; raw first pass-through row is picture; dark first band retained; raw three-third displacement L522=0.658,0.304,1.070/L523=4.303,1.929,1.972/L524=1.356,0.508,0.771/L525=0.975,1.206,2.088; peak=L523 margin=2.216; split fraction/run=0.196/12; outer edges=8/714; body=8.0+/-2.0/713.0+/-2.0; switch onset=L522; last complete picture=L521; band bottom=L525; raw per-unit candidate L522 disagrees; pooled raw-row displacement of the continuous stable lock resolves L521; row Y(mean/std) L285=1.377/0.485 L286=155.883/29.948 L287=153.639/30.215 L521=111.666/17.747 L522=114.914/19.427 L525=70.256/36.126",522,0,0
1118,7160,23,259,262,262,direct,"commercial tape; raw first pass-through row is picture; dark first band retained; raw three-third displacement L259=0.841,0.401,0.935/L260=0.640,1.432,1.522/L261=5.422,1.243,1.664/L262=0.279,0.612,1.409; peak=L261 margin=3.900; split fraction/run=0.610/28; outer edges=8/701; body=9.0+/-2.0/713.0+/-2.0; switch onset=L260; last complete picture=L259; band bottom=L262",259,286,521,525,525,cv_inspected,"commercial tape; raw first pass-through row is picture; dark first band retained; raw three-third displacement L522=0.724,0.299,0.691/L523=4.253,2.163,2.063/L524=1.450,0.618,0.924/L525=1.026,1.354,2.337; peak=L523 margin=1.915; split fraction/run=0.103/11; outer edges=8/714; body=8.0+/-2.0/713.0+/-2.0; switch onset=L522; last complete picture=L521; band bottom=L525; raw per-unit candidate L522 disagrees; pooled raw-row displacement of the continuous stable lock resolves L521; row Y(mean/std) L285=1.372/0.483 L286=156.458/29.591 L287=155.433/29.610 L521=113.886/16.806 L522=113.809/18.919 L525=68.222/35.647",522,0,0
1119,7161,23,259,262,262,direct,"commercial tape; raw first pass-through row is picture; dark first band retained; raw three-third displacement L259=0.662,0.248,0.936/L260=0.799,1.503,1.736/L261=5.721,1.361,1.886/L262=0.212,0.555,1.150; peak=L261 margin=3.985; split fraction/run=0.587/47; outer edges=7/674; body=9.0+/-2.0/713.0+/-2.0; switch onset=L260; last complete picture=L259; band bottom=L262",259,286,521,525,525,cv_inspected,"commercial tape; raw first pass-through row is picture; dark first band retained; raw three-third displacement L522=0.539,0.439,0.901/L523=4.259,1.763,2.372/L524=1.396,0.570,0.995/L525=0.970,1.270,2.912; peak=L523 margin=1.346; split fraction/run=0.131/7; outer edges=8/712; body=8.0+/-2.0/713.0+/-2.0; switch onset=L522; last complete picture=L521; band bottom=L525; raw per-unit candidate L522 disagrees; pooled raw-row displacement of the continuous stable lock resolves L521; row Y(mean/std) L285=1.381/0.486 L286=159.152/29.881 L287=156.158/29.610 L521=113.147/19.728 L522=114.803/21.723 L525=67.358/34.612",522,0,0
1120,7162,23,259,262,262,cv_inspected,"commercial tape; raw first pass-through row is picture; dark first band retained; raw three-third displacement L259=0.527,0.310,0.959/L260=0.737,1.888,2.366/L261=5.717,1.521,2.260/L262=0.153,0.725,2.061; peak=L261 margin=3.351; split fraction/run=0.615/55; outer edges=7/714; body=9.0+/-2.0/713.0+/-2.0; switch onset=L260; last complete picture=L259; band bottom=L262; raw per-unit candidate L260 disagrees; pooled raw-row displacement of the continuous stable lock resolves L259; row Y(mean/std) L22=1.373/0.484 L23=157.037/29.964 L24=153.870/29.704 L259=112.123/21.055 L260=101.362/21.144 L262=66.552/39.115",260,286,521,525,525,cv_inspected,"commercial tape; raw first pass-through row is picture; dark first band retained; raw three-third displacement L522=0.678,0.336,1.042/L523=4.623,1.974,3.026/L524=1.477,1.041,1.029/L525=1.002,1.156,2.045; peak=L523 margin=2.577; split fraction/run=0.093/6; outer edges=7/712; body=8.0+/-2.0/713.0+/-2.0; switch onset=L522; last complete picture=L521; band bottom=L525; raw per-unit candidate L522 disagrees; pooled raw-row displacement of the continuous stable lock resolves L521; row Y(mean/std) L285=1.361/0.480 L286=144.547/29.758 L287=145.606/30.109 L521=115.095/19.444 L522=116.806/19.247 L525=71.061/35.751",522,0,0
1121,7163,23,259,262,262,cv_inspected,"commercial tape; raw first pass-through row is picture; dark first band retained; raw three-third displacement L259=0.662,0.416,1.252/L260=0.778,1.738,3.010/L261=5.870,1.018,2.454/L262=0.193,0.553,1.236; peak=L261 margin=2.860; split fraction/run=0.714/42; outer edges=7/714; body=8.0+/-2.0/713.0+/-2.0; switch onset=L260; last complete picture=L259; band bottom=L262; raw per-unit candidate L260 disagrees; pooled raw-row displacement of the continuous stable lock resolves L259; row Y(mean/std) L22=1.384/0.486 L23=157.506/30.260 L24=154.531/30.074 L259=115.403/18.843 L260=101.430/16.442 L262=68.562/38.952",260,286,521,525,525,cv_inspected,"commercial tape; raw first pass-through row is picture; dark first band retained; raw three-third displacement L522=0.776,0.526,0.974/L523=4.326,1.709,2.724/L524=1.506,0.656,1.092/L525=1.114,1.090,1.703; peak=L523 margin=2.624; split fraction/run=0.169/17; outer edges=8/712; body=8.0+/-2.0/713.0+/-2.0; switch onset=L522; last complete picture=L521; band bottom=L525; raw per-unit candidate L522 disagrees; pooled raw-row displacement of the continuous stable lock resolves L521; row Y(mean/std) L285=1.387/0.487 L286=159.575/30.366 L287=157.477/30.088 L521=113.412/18.726 L522=115.453/18.305 L525=71.948/35.540",522,0,0
1122,7164,23,259,262,262,cv_inspected,"commercial tape; raw first pass-through row is picture; dark first band retained; raw three-third displacement L259=0.691,0.372,0.898/L260=0.788,1.472,2.772/L261=6.021,1.244,2.430/L262=0.212,0.589,1.576; peak=L261 margin=3.249; split fraction/run=0.549/42; outer edges=8/714; body=9.0+/-2.0/713.0+/-2.0; switch onset=L260; last complete picture=L259; band bottom=L262; raw per-unit candidate L260 disagrees; pooled raw-row displacement of the continuous stable lock resolves L259; row Y(mean/std) L22=1.369/0.482 L23=158.152/30.634 L24=153.423/29.955 L259=113.605/18.817 L260=101.636/15.527 L262=61.072/34.653",260,286,521,525,525,cv_inspected,"commercial tape; raw first pass-through row is picture; dark first band retained; raw three-third displacement L522=0.846,0.520,1.084/L523=4.298,1.768,2.575/L524=1.541,0.877,0.866/L525=1.147,0.921,1.546; peak=L523 margin=2.752; split fraction/run=0.196/12; outer edges=6/711; body=8.0+/-2.0/713.0+/-2.0; switch onset=L522; last complete picture=L521; band bottom=L525; raw per-unit candidate L522 disagrees; pooled raw-row displacement of the continuous stable lock resolves L521; row Y(mean/std) L285=1.373/0.484 L286=157.427/30.786 L287=157.020/30.323 L521=111.417/20.134 L522=115.930/19.122 L525=73.305/35.706",522,0,0
1123,7165,23,259,262,262,cv_inspected,"commercial tape; raw first pass-through row is picture; dark first band retained; raw three-third displacement L259=0.716,0.426,0.871/L260=0.760,1.495,2.438/L261=5.531,1.328,1.709/L262=0.204,0.611,1.476; peak=L261 margin=3.093; split fraction/run=0.526/27; outer edges=7/714; body=9.0+/-2.0/713.0+/-2.0; switch onset=L260; last complete picture=L259; band bottom=L262; raw per-unit candidate L260 disagrees; pooled raw-row displacement of the continuous stable lock resolves L259; row Y(mean/std) L22=1.356/0.479 L23=157.941/30.072 L24=154.498/29.592 L259=114.419/18.575 L260=102.912/15.726 L262=69.812/39.062",260,286,521,525,525,cv_inspected,"commercial tape; raw first pass-through row is picture; dark first band retained; raw three-third displacement L522=0.686,0.491,1.129/L523=4.464,1.400,2.665/L524=1.532,0.927,0.823/L525=1.148,0.989,1.906; peak=L523 margin=2.558; split fraction/run=0.182/10; outer edges=8/710; body=8.0+/-2.0/713.0+/-2.0; switch onset=L522; last complete picture=L521; band bottom=L525; row Y(mean/std) L285=1.398/0.490 L286=160.405/30.493 L287=157.258/30.678 L521=110.931/18.810 L522=116.300/18.873 L525=72.138/34.971",521,0,0
1124,7166,23,259,262,262,cv_inspected,"commercial tape; raw first pass-through row is picture; dark first band retained; raw three-third displacement L259=0.831,0.408,0.865/L260=1.029,1.713,2.584/L261=5.413,1.216,1.830/L262=0.284,0.771,1.912; peak=L261 margin=2.829; split fraction/run=0.624/36; outer edges=7/714; body=8.0+/-2.0/713.0+/-2.0; switch onset=L260; last complete picture=L259; band bottom=L262; raw per-unit candidate L260 disagrees; pooled raw-row displacement of the continuous stable lock resolves L259; row Y(mean/std) L22=1.380/0.485 L23=157.464/30.430 L24=153.194/30.099 L259=115.377/17.041 L260=100.164/16.257 L262=67.152/37.771",260,286,521,525,525,cv_inspected,"commercial tape; raw first pass-through row is picture; dark first band retained; raw three-third displacement L522=0.677,0.624,1.232/L523=4.257,2.326,2.720/L524=1.544,1.363,1.351/L525=1.128,1.014,1.923; peak=L523 margin=2.335; split fraction/run=0.168/12; outer edges=8/708; body=8.0+/-2.0/713.0+/-2.0; switch onset=L522; last complete picture=L521; band bottom=L525; row Y(mean/std) L285=1.381/0.486 L286=157.802/30.444 L287=156.969/30.721 L521=113.875/18.129 L522=116.320/18.988 L525=69.317/34.002",521,0,0
1125,7167,23,259,262,262,cv_inspected,"commercial tape; raw first pass-through row is picture; dark first band retained; raw three-third displacement L259=0.668,0.369,0.861/L260=0.747,1.532,2.507/L261=5.849,1.148,1.858/L262=0.350,0.681,1.793; peak=L261 margin=3.342; split fraction/run=0.549/24; outer edges=8/714; body=9.0+/-2.0/713.0+/-2.0; switch onset=L260; last complete picture=L259; band bottom=L262; raw per-unit candidate L260 disagrees; pooled raw-row displacement of the continuous stable lock resolves L259; row Y(mean/std) L22=1.377/0.485 L23=158.459/29.927 L24=155.677/30.173 L259=113.764/16.749 L260=103.737/15.974 L262=68.220/38.585",260,286,521,525,525,cv_inspected,"commercial tape; raw first pass-through row is picture; dark first band retained; raw three-third displacement L522=0.638,0.502,1.142/L523=4.563,1.672,3.154/L524=1.525,0.766,0.943/L525=1.061,0.962,1.886; peak=L523 margin=2.677; split fraction/run=0.131/7; outer edges=8/714; body=8.0+/-2.0/713.0+/-2.0; switch onset=L522; last complete picture=L521; band bottom=L525; raw per-unit candidate L522 disagrees; pooled raw-row displacement of the continuous stable lock resolves L521; row Y(mean/std) L285=1.373/0.484 L286=161.128/30.206 L287=157.352/30.840 L521=114.389/19.307 L522=118.327/19.119 L525=73.931/35.938",522,0,0
1126,7168,23,259,262,262,cv_inspected,"commercial tape; raw first pass-through row is picture; dark first band retained; raw three-third displacement L259=0.411,0.502,0.778/L260=0.552,1.816,2.774/L261=6.022,2.218,4.095/L262=0.125,0.590,1.354; peak=L261 margin=3.249; split fraction/run=0.352/24; outer edges=7/714; body=9.0+/-2.0/713.0+/-2.0; switch onset=L260; last complete picture=L259; band bottom=L262; raw per-unit candidate L260 disagrees; pooled raw-row displacement of the continuous stable lock resolves L259; row Y(mean/std) L22=1.370/0.483 L23=154.108/31.231 L24=153.116/30.374 L259=113.564/17.420 L260=108.511/21.797 L262=95.334/53.036",260,286,521,525,525,cv_inspected,"commercial tape; raw first pass-through row is picture; dark first band retained; raw three-third displacement L522=0.531,0.299,0.987/L523=4.674,1.773,2.812/L524=1.460,0.863,1.035/L525=1.062,1.071,1.740; peak=L523 margin=2.934; split fraction/run=0.121/7; outer edges=9/707; body=8.0+/-2.0/713.0+/-2.0; switch onset=L522; last complete picture=L521; band bottom=L525; row Y(mean/std) L285=1.378/0.485 L286=161.319/30.223 L287=159.238/30.655 L521=115.898/19.145 L522=117.497/18.615 L525=72.247/36.497",521,0,0
1127,7169,23,259,262,262,cv_inspected,"commercial tape; raw first pass-through row is picture; dark first band retained; raw three-third displacement L259=0.457,0.297,0.854/L260=0.455,1.504,2.104/L261=6.229,2.363,3.637/L262=0.105,0.347,1.444; peak=L261 margin=4.126; split fraction/run=0.305/31; outer edges=8/714; body=9.0+/-2.0/713.0+/-2.0; switch onset=L260; last complete picture=L259; band bottom=L262; raw per-unit candidate L260 disagrees; pooled raw-row displacement of the continuous stable lock resolves L259; row Y(mean/std) L22=1.358/0.479 L23=159.344/30.186 L24=156.183/30.161 L259=114.781/20.085 L260=112.697/21.396 L262=61.406/36.770",260,286,521,525,525,cv_inspected,"commercial tape; raw first pass-through row is picture; dark first band retained; raw three-third displacement L522=0.478,0.470,0.779/L523=4.678,2.072,2.123/L524=1.467,1.429,0.618/L525=0.833,0.986,1.819; peak=L523 margin=2.858; split fraction/run=0.117/10; outer edges=9/714; body=8.0+/-2.0/713.0+/-2.0; switch onset=L522; last complete picture=L521; band bottom=L525; raw per-unit candidate L522 disagrees; pooled raw-row displacement of the continuous stable lock resolves L521; row Y(mean/std) L285=1.380/0.485 L286=167.416/28.198 L287=163.002/29.119 L521=113.455/16.275 L522=117.561/18.477 L525=74.098/38.089",522,0,0
1128,7170,23,259,262,262,cv_inspected,"commercial tape; raw first pass-through row is picture; dark first band retained; raw three-third displacement L259=0.518,0.180,0.638/L260=0.637,1.605,1.431/L261=6.576,1.571,1.995/L262=0.285,0.633,1.718; peak=L261 margin=4.858; split fraction/run=0.582/44; outer edges=8/714; body=8.0+/-2.0/713.0+/-2.0; switch onset=L260; last complete picture=L259; band bottom=L262; raw per-unit candidate L260 disagrees; pooled raw-row displacement of the continuous stable lock resolves L259; row Y(mean/std) L22=1.395/0.489 L23=157.750/29.709 L24=154.588/29.775 L259=117.420/16.035 L260=110.083/20.802 L262=70.909/42.278",260,286,521,525,525,cv_inspected,"commercial tape; raw first pass-through row is picture; dark first band retained; raw three-third displacement L522=0.681,0.372,0.825/L523=5.108,1.984,2.455/L524=1.490,1.801,0.998/L525=0.762,1.184,2.105; peak=L523 margin=3.002; split fraction/run=0.070/9; outer edges=8/714; body=8.0+/-2.0/713.0+/-2.0; switch onset=L522; last complete picture=L521; band bottom=L525; raw per-unit candidate L522 disagrees; pooled raw-row displacement of the continuous stable lock resolves L521; row Y(mean/std) L285=1.380/0.485 L286=159.869/30.022 L287=160.347/29.601 L521=113.198/16.981 L522=114.723/19.007 L525=72.050/38.571",522,0,0
1129,7171,23,259,262,262,cv_inspected,"commercial tape; raw first pass-through row is picture; dark first band retained; raw three-third displacement L259=0.830,0.348,1.124/L260=0.795,1.638,2.329/L261=7.671,1.894,2.140/L262=0.536,0.524,1.378; peak=L261 margin=5.342; split fraction/run=0.491/39; outer edges=8/714; body=9.0+/-2.0/713.0+/-2.0; switch onset=L260; last complete picture=L259; band bottom=L262; raw per-unit candidate L260 disagrees; pooled raw-row displacement of the continuous stable lock resolves L259; row Y(mean/std) L22=1.366/0.482 L23=157.309/30.203 L24=155.527/30.170 L259=112.305/18.236 L260=113.584/21.639 L262=81.814/50.653",260,286,521,525,525,cv_inspected,"commercial tape; raw first pass-through row is picture; dark first band retained; raw three-third displacement L522=0.731,0.695,0.972/L523=5.771,1.999,4.263/L524=1.650,1.673,1.549/L525=0.923,1.340,2.502; peak=L523 margin=3.268; split fraction/run=0.103/12; outer edges=8/714; body=8.0+/-2.0/713.0+/-2.0; switch onset=L522; last complete picture=L521; band bottom=L525; raw per-unit candidate L522 disagrees; pooled raw-row displacement of the continuous stable lock resolves L521; row Y(mean/std) L285=1.369/0.482 L286=167.784/28.853 L287=165.216/29.265 L521=112.742/18.800 L522=116.812/20.860 L525=72.395/38.453",522,0,0
1130,7172,23,259,262,262,cv_inspected,"commercial tape; raw first pass-through row is picture; dark first band retained; raw three-third displacement L259=0.728,0.380,0.966/L260=0.888,1.756,1.836/L261=7.206,2.547,4.738/L262=0.185,0.665,2.238; peak=L261 margin=4.968; split fraction/run=0.202/13; outer edges=7/714; body=9.0+/-2.0/713.0+/-2.0; switch onset=L260; last complete picture=L259; band bottom=L262; raw per-unit candidate L260 disagrees; pooled raw-row displacement of the continuous stable lock resolves L259; row Y(mean/std) L22=1.405/0.491 L23=155.605/30.152 L24=154.142/30.232 L259=116.308/16.131 L260=109.509/18.835 L262=94.714/54.810",260,286,521,525,525,cv_inspected,"commercial tape; raw first pass-through row is picture; dark first band retained; raw three-third displacement L522=0.915,0.473,0.990/L523=6.160,2.123,2.554/L524=2.201,1.772,1.966/L525=1.050,1.446,2.384; peak=L523 margin=3.776; split fraction/run=0.136/12; outer edges=7/714; body=8.0+/-2.0/713.0+/-2.0; switch onset=L522; last complete picture=L521; band bottom=L525; raw per-unit candidate L522 disagrees; pooled raw-row displacement of the continuous stable lock resolves L521; row Y(mean/std) L285=1.364/0.481 L286=160.428/29.923 L287=159.627/30.536 L521=114.105/17.276 L522=114.862/18.922 L525=70.961/37.239",522,0,0
1131,7173,23,259,262,262,cv_inspected,"commercial tape; raw first pass-through row is picture; dark first band retained; raw three-third displacement L259=0.958,0.430,0.882/L260=1.095,1.857,2.370/L261=9.215,1.874,2.176/L262=0.406,0.801,2.372; peak=L261 margin=6.843; split fraction/run=0.549/37; outer edges=8/714; body=9.0+/-2.0/713.0+/-2.0; switch onset=L260; last complete picture=L259; band bottom=L262; raw per-unit candidate L260 disagrees; pooled raw-row displacement of the continuous stable lock resolves L259; row Y(mean/std) L22=1.378/0.485 L23=157.545/30.224 L24=155.956/30.143 L259=112.286/15.931 L260=109.961/19.946 L262=73.403/43.632",260,286,521,525,525,cv_inspected,"commercial tape; raw first pass-through row is picture; dark first band retained; raw three-third displacement L522=1.123,0.735,1.360/L523=6.949,2.550,3.911/L524=2.628,1.873,3.528/L525=1.766,1.808,2.858; peak=L523 margin=3.421; split fraction/run=0.103/7; outer edges=7/714; body=8.0+/-2.0/713.0+/-2.0; switch onset=L522; last complete picture=L521; band bottom=L525; raw per-unit candidate L522 disagrees; pooled raw-row displacement of the continuous stable lock resolves L521; row Y(mean/std) L285=1.364/0.481 L286=161.041/30.346 L287=158.661/30.641 L521=112.784/16.662 L522=115.072/18.024 L525=70.002/36.926",522,0,0
1132,7174,23,259,262,262,cv_inspected,"commercial tape; raw first pass-through row is picture; dark first band retained; raw three-third displacement L259=1.213,0.763,1.021/L260=1.405,2.057,3.028/L261=9.775,2.499,4.540/L262=0.407,0.975,2.593; peak=L261 margin=6.747; split fraction/run=0.332/31; outer edges=8/714; body=9.0+/-2.0/713.0+/-2.0; switch onset=L260; last complete picture=L259; band bottom=L262; raw per-unit candidate L260 disagrees; pooled raw-row displacement of the continuous stable lock resolves L259; row Y(mean/std) L22=1.372/0.483 L23=153.672/30.705 L24=151.556/29.487 L259=111.205/16.205 L260=109.139/18.497 L262=88.230/50.928",260,286,521,525,525,cv_inspected,"commercial tape; raw first pass-through row is picture; dark first band retained; raw three-third displacement L522=1.216,1.172,1.538/L523=8.837,3.063,6.292/L524=3.600,2.784,3.353/L525=1.854,2.358,2.979; peak=L523 margin=5.237; split fraction/run=0.094/9; outer edges=9/714; body=8.0+/-2.0/713.0+/-2.0; switch onset=L522; last complete picture=L521; band bottom=L525; raw per-unit candidate L522 disagrees; pooled raw-row displacement of the continuous stable lock resolves L521; row Y(mean/std) L285=1.391/0.488 L286=162.314/29.975 L287=160.789/30.026 L521=110.098/18.060 L522=111.333/18.600 L525=69.997/36.886",522,0,0
